nama_provinsi,kode_provinsi,nama_kabupaten,kode_kabupaten,nama_kecamatan,kode_kecamatan,nama_desa,kode_desa
SUMATERA UTARA,12,KAB. TAPANULI TENGAH,12.01,Barus,12.01.01,Pasar Batu Gerigis,12.01.01.1001
SUMATERA UTARA,12,KAB. TAPANULI TENGAH,12.01,Barus,12.01.01,Padang Masiang,12.01.01.1002
SUMATERA UTARA,12,KAB. TAPANULI TENGAH,12.01,Barus,12.01.01,Kampung Solok,12.01.01.2003
SUMATERA UTARA,12,KAB. TAPANULI TENGAH,12.01,Barus,12.01.01,Pasar Terandam,12.01.01.2004
SUMATERA UTARA,12,KAB. TAPANULI TENGAH,12.01,Barus,12.01.01,Sigambo Gambo,12.01.01.2005
SUMATERA UTARA,12,KAB. TAPANULI TENGAH,12.01,Barus,12.01.01,Ujung Batu,12.01.01.2006
SUMATERA UTARA,12,KAB. TAPANULI TENGAH,12.01,Barus,12.01.01,Kinali,12.01.01.2007
SUMATERA UTARA,12,KAB. TAPANULI TENGAH,12.01,Barus,12.01.01,Kampung Mudik,12.01.01.2008
SUMATERA UTARA,12,KAB. TAPANULI TENGAH,12.01,Barus,12.01.01,Aek Dakka,12.01.01.2009
SUMATERA UTARA,12,KAB. TAPANULI TENGAH,12.01,Barus,12.01.01,Patupangan,12.01.01.2010
SUMATERA UTARA,12,KAB. TAPANULI TENGAH,12.01,Barus,12.01.01,Gabungan Hasang,12.01.01.2011
SUMATERA UTARA,12,KAB. TAPANULI TENGAH,12.01,Barus,12.01.01,Bungo Tanjung,12.01.01.2017
SUMATERA UTARA,12,KAB. TAPANULI TENGAH,12.01,Barus,12.01.01,Kedai Gedang,12.01.01.2018
SUMATERA UTARA,12,KAB. TAPANULI TENGAH,12.01,Sorkam,12.01.02,Sorkam,12.01.02.1001
SUMATERA UTARA,12,KAB. TAPANULI TENGAH,12.01,Sorkam,12.01.02,Pargarutan,12.01.02.1002
SUMATERA UTARA,12,KAB. TAPANULI TENGAH,12.01,Sorkam,12.01.02,Teluk Roban,12.01.02.2003
SUMATERA UTARA,12,KAB. TAPANULI TENGAH,12.01,Sorkam,12.01.02,Tarutung Bolak,12.01.02.1004
SUMATERA UTARA,12,KAB. TAPANULI TENGAH,12.01,Sorkam,12.01.02,Fajar,12.01.02.2005
SUMATERA UTARA,12,KAB. TAPANULI TENGAH,12.01,Sorkam,12.01.02,Pardamean,12.01.02.2006
SUMATERA UTARA,12,KAB. TAPANULI TENGAH,12.01,Sorkam,12.01.02,Pelita,12.01.02.2007
SUMATERA UTARA,12,KAB. TAPANULI TENGAH,12.01,Sorkam,12.01.02,Rianiate,12.01.02.2008
SUMATERA UTARA,12,KAB. TAPANULI TENGAH,12.01,Sorkam,12.01.02,Naipospos Barat,12.01.02.1009
SUMATERA UTARA,12,KAB. TAPANULI TENGAH,12.01,Sorkam,12.01.02,Gonting Mahe,12.01.02.2010
SUMATERA UTARA,12,KAB. TAPANULI TENGAH,12.01,Sorkam,12.01.02,Dolok Pantis,12.01.02.2011
SUMATERA UTARA,12,KAB. TAPANULI TENGAH,12.01,Sorkam,12.01.02,Pea Raja,12.01.02.2014
SUMATERA UTARA,12,KAB. TAPANULI TENGAH,12.01,Sorkam,12.01.02,Bottot,12.01.02.2015
SUMATERA UTARA,12,KAB. TAPANULI TENGAH,12.01,Sorkam,12.01.02,Sorkam Tengah,12.01.02.2016
SUMATERA UTARA,12,KAB. TAPANULI TENGAH,12.01,Sorkam,12.01.02,Sorkam Kiri,12.01.02.2017
SUMATERA UTARA,12,KAB. TAPANULI TENGAH,12.01,Sorkam,12.01.02,Pananggahan,12.01.02.2018
SUMATERA UTARA,12,KAB. TAPANULI TENGAH,12.01,Sorkam,12.01.02,Pagaran Julu,12.01.02.2019
SUMATERA UTARA,12,KAB. TAPANULI TENGAH,12.01,Sorkam,12.01.02,Hite Urat,12.01.02.2020
SUMATERA UTARA,12,KAB. TAPANULI TENGAH,12.01,Sorkam,12.01.02,Sihapas,12.01.02.2021
SUMATERA UTARA,12,KAB. TAPANULI TENGAH,12.01,Sorkam,12.01.02,Nauli,12.01.02.2022
SUMATERA UTARA,12,KAB. TAPANULI TENGAH,12.01,Sorkam,12.01.02,Muara Nauli,12.01.02.2023
SUMATERA UTARA,12,KAB. TAPANULI TENGAH,12.01,Pandan,12.01.03,Pandan,12.01.03.1001
SUMATERA UTARA,12,KAB. TAPANULI TENGAH,12.01,Pandan,12.01.03,Hajoran,12.01.03.1002
SUMATERA UTARA,12,KAB. TAPANULI TENGAH,12.01,Pandan,12.01.03,Aek Tolang,12.01.03.1003
SUMATERA UTARA,12,KAB. TAPANULI TENGAH,12.01,Pandan,12.01.03,Lubuk Tukko,12.01.03.1004
SUMATERA UTARA,12,KAB. TAPANULI TENGAH,12.01,Pandan,12.01.03,Sibuluan Indah,12.01.03.1005
SUMATERA UTARA,12,KAB. TAPANULI TENGAH,12.01,Pandan,12.01.03,Sibuluan Nauli,12.01.03.1006
SUMATERA UTARA,12,KAB. TAPANULI TENGAH,12.01,Pandan,12.01.03,Aek Sitio-tio,12.01.03.1011
SUMATERA UTARA,12,KAB. TAPANULI TENGAH,12.01,Pandan,12.01.03,Sibuluan Raya,12.01.03.1012
SUMATERA UTARA,12,KAB. TAPANULI TENGAH,12.01,Pandan,12.01.03,Kalangan,12.01.03.1013
SUMATERA UTARA,12,KAB. TAPANULI TENGAH,12.01,Pandan,12.01.03,Aek Garut,12.01.03.2014
SUMATERA UTARA,12,KAB. TAPANULI TENGAH,12.01,Pandan,12.01.03,Sitio-Tio Hilir,12.01.03.2015
SUMATERA UTARA,12,KAB. TAPANULI TENGAH,12.01,Pandan,12.01.03,Pandan Wangi,12.01.03.1016
SUMATERA UTARA,12,KAB. TAPANULI TENGAH,12.01,Pandan,12.01.03,Lubuk Tukko Baru,12.01.03.1017
SUMATERA UTARA,12,KAB. TAPANULI TENGAH,12.01,Pandan,12.01.03,Sibuluan Baru,12.01.03.1018
SUMATERA UTARA,12,KAB. TAPANULI TENGAH,12.01,Pandan,12.01.03,Sibuluan Terpadu,12.01.03.1019
SUMATERA UTARA,12,KAB. TAPANULI TENGAH,12.01,Pandan,12.01.03,Sihaporas Nauli,12.01.03.1020
SUMATERA UTARA,12,KAB. TAPANULI TENGAH,12.01,Pandan,12.01.03,Pasar Baru,12.01.03.1021
SUMATERA UTARA,12,KAB. TAPANULI TENGAH,12.01,Pandan,12.01.03,Budi Luhur,12.01.03.1022
SUMATERA UTARA,12,KAB. TAPANULI TENGAH,12.01,Pandan,12.01.03,Kalangan Indah,12.01.03.1023
SUMATERA UTARA,12,KAB. TAPANULI TENGAH,12.01,Pandan,12.01.03,Mangga Dua,12.01.03.1024
SUMATERA UTARA,12,KAB. TAPANULI TENGAH,12.01,Pandan,12.01.03,Muara Nibung,12.01.03.1025
SUMATERA UTARA,12,KAB. TAPANULI TENGAH,12.01,Pandan,12.01.03,Hajoran Indah,12.01.03.1026
SUMATERA UTARA,12,KAB. TAPANULI TENGAH,12.01,Pinangsori,12.01.04,Pinangsori,12.01.04.1001
SUMATERA UTARA,12,KAB. TAPANULI TENGAH,12.01,Pinangsori,12.01.04,Gunung Marijo,12.01.04.2002
SUMATERA UTARA,12,KAB. TAPANULI TENGAH,12.01,Pinangsori,12.01.04,Sihaporas,12.01.04.2003
SUMATERA UTARA,12,KAB. TAPANULI TENGAH,12.01,Pinangsori,12.01.04,Sitonong Bangun,12.01.04.1004
SUMATERA UTARA,12,KAB. TAPANULI TENGAH,12.01,Pinangsori,12.01.04,Toga Basir,12.01.04.2005
SUMATERA UTARA,12,KAB. TAPANULI TENGAH,12.01,Pinangsori,12.01.04,Parjalihotan Baru,12.01.04.2006
SUMATERA UTARA,12,KAB. TAPANULI TENGAH,12.01,Pinangsori,12.01.04,Pinangbaru,12.01.04.1007
SUMATERA UTARA,12,KAB. TAPANULI TENGAH,12.01,Pinangsori,12.01.04,Danau Pandan,12.01.04.2008
SUMATERA UTARA,12,KAB. TAPANULI TENGAH,12.01,Pinangsori,12.01.04,Albion Prancis,12.01.04.1009
SUMATERA UTARA,12,KAB. TAPANULI TENGAH,12.01,Pinangsori,12.01.04,Sori Nauli,12.01.04.1010
SUMATERA UTARA,12,KAB. TAPANULI TENGAH,12.01,Manduamas,12.01.05,P.O. Manduamas,12.01.05.1001
SUMATERA UTARA,12,KAB. TAPANULI TENGAH,12.01,Manduamas,12.01.05,Saragih,12.01.05.2002
SUMATERA UTARA,12,KAB. TAPANULI TENGAH,12.01,Manduamas,12.01.05,Binjohara,12.01.05.1003
SUMATERA UTARA,12,KAB. TAPANULI TENGAH,12.01,Manduamas,12.01.05,Pagaran Nauli,12.01.05.2004
SUMATERA UTARA,12,KAB. TAPANULI TENGAH,12.01,Manduamas,12.01.05,Sarma Nauli,12.01.05.2005
SUMATERA UTARA,12,KAB. TAPANULI TENGAH,12.01,Manduamas,12.01.05,Manduamas Lama,12.01.05.2006
SUMATERA UTARA,12,KAB. TAPANULI TENGAH,12.01,Manduamas,12.01.05,Tumba,12.01.05.2007
SUMATERA UTARA,12,KAB. TAPANULI TENGAH,12.01,Manduamas,12.01.05,Tumba Jae,12.01.05.2008
SUMATERA UTARA,12,KAB. TAPANULI TENGAH,12.01,Manduamas,12.01.05,Lae Monong,12.01.05.2009
SUMATERA UTARA,12,KAB. TAPANULI TENGAH,12.01,Manduamas,12.01.05,Saragih Barat,12.01.05.2010
SUMATERA UTARA,12,KAB. TAPANULI TENGAH,12.01,Manduamas,12.01.05,Saragih Timur,12.01.05.2011
SUMATERA UTARA,12,KAB. TAPANULI TENGAH,12.01,Manduamas,12.01.05,Binjohara Uruk,12.01.05.2012
SUMATERA UTARA,12,KAB. TAPANULI TENGAH,12.01,Manduamas,12.01.05,Binjohara Baru,12.01.05.2013
SUMATERA UTARA,12,KAB. TAPANULI TENGAH,12.01,Manduamas,12.01.05,Tumba Nauli,12.01.05.2014
SUMATERA UTARA,12,KAB. TAPANULI TENGAH,12.01,Manduamas,12.01.05,Manduamas Baru,12.01.05.2015
SUMATERA UTARA,12,KAB. TAPANULI TENGAH,12.01,Manduamas,12.01.05,Muara Tapus,12.01.05.2016
SUMATERA UTARA,12,KAB. TAPANULI TENGAH,12.01,Manduamas,12.01.05,Pagaran Baru,12.01.05.2017
SUMATERA UTARA,12,KAB. TAPANULI TENGAH,12.01,Manduamas,12.01.05,Parsihotangan,12.01.05.2018
SUMATERA UTARA,12,KAB. TAPANULI TENGAH,12.01,Manduamas,12.01.05,Tambahan Nanjur,12.01.05.2019
SUMATERA UTARA,12,KAB. TAPANULI TENGAH,12.01,Manduamas,12.01.05,Perluasan,12.01.05.1020
SUMATERA UTARA,12,KAB. TAPANULI TENGAH,12.01,Kolang,12.01.06,Unte Mungkur IV,12.01.06.2001
SUMATERA UTARA,12,KAB. TAPANULI TENGAH,12.01,Kolang,12.01.06,Unte Mungkur III,12.01.06.2002
SUMATERA UTARA,12,KAB. TAPANULI TENGAH,12.01,Kolang,12.01.06,Unte Mungkur II,12.01.06.2003
SUMATERA UTARA,12,KAB. TAPANULI TENGAH,12.01,Kolang,12.01.06,Unte Mungkur I,12.01.06.2004
SUMATERA UTARA,12,KAB. TAPANULI TENGAH,12.01,Kolang,12.01.06,Satahi Nauli,12.01.06.2005
SUMATERA UTARA,12,KAB. TAPANULI TENGAH,12.01,Kolang,12.01.06,P.O. Hurlang,12.01.06.1006
SUMATERA UTARA,12,KAB. TAPANULI TENGAH,12.01,Kolang,12.01.06,Kolang Nauli,12.01.06.1007
SUMATERA UTARA,12,KAB. TAPANULI TENGAH,12.01,Kolang,12.01.06,Hurlang Muara Nauli,12.01.06.2008
SUMATERA UTARA,12,KAB. TAPANULI TENGAH,12.01,Kolang,12.01.06,Sipakpahi Aek Lobu,12.01.06.2009
SUMATERA UTARA,12,KAB. TAPANULI TENGAH,12.01,Kolang,12.01.06,Hodopa Nauli,12.01.06.2010
SUMATERA UTARA,12,KAB. TAPANULI TENGAH,12.01,Kolang,12.01.06,Makarti Nauli,12.01.06.2011
SUMATERA UTARA,12,KAB. TAPANULI TENGAH,12.01,Kolang,12.01.06,Rawa Makmur,12.01.06.2012
SUMATERA UTARA,12,KAB. TAPANULI TENGAH,12.01,Kolang,12.01.06,Simarpinggang,12.01.06.2013
SUMATERA UTARA,12,KAB. TAPANULI TENGAH,12.01,Kolang,12.01.06,Pargaringan,12.01.06.2014
SUMATERA UTARA,12,KAB. TAPANULI TENGAH,12.01,Tapian Nauli,12.01.07,Tapian Nauli II,12.01.07.1001
SUMATERA UTARA,12,KAB. TAPANULI TENGAH,12.01,Tapian Nauli,12.01.07,Tapian Nauli I,12.01.07.2002
SUMATERA UTARA,12,KAB. TAPANULI TENGAH,12.01,Tapian Nauli,12.01.07,Tapian Nauli III,12.01.07.2003
SUMATERA UTARA,12,KAB. TAPANULI TENGAH,12.01,Tapian Nauli,12.01.07,Tapian Nauli IV,12.01.07.2004
SUMATERA UTARA,12,KAB. TAPANULI TENGAH,12.01,Tapian Nauli,12.01.07,Aloban Bair,12.01.07.2005
SUMATERA UTARA,12,KAB. TAPANULI TENGAH,12.01,Tapian Nauli,12.01.07,Mela Dolok,12.01.07.2006
SUMATERA UTARA,12,KAB. TAPANULI TENGAH,12.01,Tapian Nauli,12.01.07,Mela I,12.01.07.2007
SUMATERA UTARA,12,KAB. TAPANULI TENGAH,12.01,Tapian Nauli,12.01.07,Mela II,12.01.07.2008
SUMATERA UTARA,12,KAB. TAPANULI TENGAH,12.01,Tapian Nauli,12.01.07,Bair,12.01.07.2009
SUMATERA UTARA,12,KAB. TAPANULI TENGAH,12.01,Sibabangun,12.01.08,Sibabangun,12.01.08.1002
SUMATERA UTARA,12,KAB. TAPANULI TENGAH,12.01,Sibabangun,12.01.08,Mombang Boru,12.01.08.2005
SUMATERA UTARA,12,KAB. TAPANULI TENGAH,12.01,Sibabangun,12.01.08,Anggoli,12.01.08.2006
SUMATERA UTARA,12,KAB. TAPANULI TENGAH,12.01,Sibabangun,12.01.08,Muara Sibuntuon,12.01.08.2007
SUMATERA UTARA,12,KAB. TAPANULI TENGAH,12.01,Sibabangun,12.01.08,Sibio bio,12.01.08.2008
SUMATERA UTARA,12,KAB. TAPANULI TENGAH,12.01,Sibabangun,12.01.08,Simanosor,12.01.08.2010
SUMATERA UTARA,12,KAB. TAPANULI TENGAH,12.01,Sibabangun,12.01.08,Hutagur-gur,12.01.08.2011
SUMATERA UTARA,12,KAB. TAPANULI TENGAH,12.01,Sosorgadong,12.01.09,Sosor Gadong,12.01.09.1001
SUMATERA UTARA,12,KAB. TAPANULI TENGAH,12.01,Sosorgadong,12.01.09,Unte Boang,12.01.09.2002
SUMATERA UTARA,12,KAB. TAPANULI TENGAH,12.01,Sosorgadong,12.01.09,Sibintang,12.01.09.2003
SUMATERA UTARA,12,KAB. TAPANULI TENGAH,12.01,Sosorgadong,12.01.09,Barambang,12.01.09.2004
SUMATERA UTARA,12,KAB. TAPANULI TENGAH,12.01,Sosorgadong,12.01.09,Siantar Ca.,12.01.09.2005
SUMATERA UTARA,12,KAB. TAPANULI TENGAH,12.01,Sosorgadong,12.01.09,Muara Bolak,12.01.09.2006
SUMATERA UTARA,12,KAB. TAPANULI TENGAH,12.01,Sosorgadong,12.01.09,Huta Tombak,12.01.09.2007
SUMATERA UTARA,12,KAB. TAPANULI TENGAH,12.01,Sosorgadong,12.01.09,Siantar Dolok,12.01.09.2008
SUMATERA UTARA,12,KAB. TAPANULI TENGAH,12.01,Sosorgadong,12.01.09,Baringin,12.01.09.2009
SUMATERA UTARA,12,KAB. TAPANULI TENGAH,12.01,Sorkam Barat,12.01.10,Sorkam Kanan,12.01.10.1001
SUMATERA UTARA,12,KAB. TAPANULI TENGAH,12.01,Sorkam Barat,12.01.10,Sipea Pea,12.01.10.2002
SUMATERA UTARA,12,KAB. TAPANULI TENGAH,12.01,Sorkam Barat,12.01.10,Pahieme I,12.01.10.2003
SUMATERA UTARA,12,KAB. TAPANULI TENGAH,12.01,Sorkam Barat,12.01.10,Pasar Sorkam,12.01.10.2004
SUMATERA UTARA,12,KAB. TAPANULI TENGAH,12.01,Sorkam Barat,12.01.10,Aek Raso,12.01.10.2005
SUMATERA UTARA,12,KAB. TAPANULI TENGAH,12.01,Sorkam Barat,12.01.10,Pasaribu Tobing Jae,12.01.10.2006
SUMATERA UTARA,12,KAB. TAPANULI TENGAH,12.01,Sorkam Barat,12.01.10,Maduma,12.01.10.2014
SUMATERA UTARA,12,KAB. TAPANULI TENGAH,12.01,Sorkam Barat,12.01.10,Sidikalang,12.01.10.2016
SUMATERA UTARA,12,KAB. TAPANULI TENGAH,12.01,Sorkam Barat,12.01.10,Pahieme II,12.01.10.2017
SUMATERA UTARA,12,KAB. TAPANULI TENGAH,12.01,Sorkam Barat,12.01.10,Sorkam Kanan,12.01.10.2018
SUMATERA UTARA,12,KAB. TAPANULI TENGAH,12.01,Sorkam Barat,12.01.10,Binasi,12.01.10.1019
SUMATERA UTARA,12,KAB. TAPANULI TENGAH,12.01,Sorkam Barat,12.01.10,Madani,12.01.10.2020
SUMATERA UTARA,12,KAB. TAPANULI TENGAH,12.01,Sirandorung,12.01.11,Bajamas,12.01.11.1001
SUMATERA UTARA,12,KAB. TAPANULI TENGAH,12.01,Sirandorung,12.01.11,Sampang Maruhur,12.01.11.2002
SUMATERA UTARA,12,KAB. TAPANULI TENGAH,12.01,Sirandorung,12.01.11,Siordang,12.01.11.2003
SUMATERA UTARA,12,KAB. TAPANULI TENGAH,12.01,Sirandorung,12.01.11,Pardomuan,12.01.11.2004
SUMATERA UTARA,12,KAB. TAPANULI TENGAH,12.01,Sirandorung,12.01.11,Simpang III Lae Bingke,12.01.11.2005
SUMATERA UTARA,12,KAB. TAPANULI TENGAH,12.01,Sirandorung,12.01.11,Sigodung,12.01.11.2006
SUMATERA UTARA,12,KAB. TAPANULI TENGAH,12.01,Sirandorung,12.01.11,Masnauli,12.01.11.2007
SUMATERA UTARA,12,KAB. TAPANULI TENGAH,12.01,Sirandorung,12.01.11,Muara Ode,12.01.11.2008
SUMATERA UTARA,12,KAB. TAPANULI TENGAH,12.01,Andam Dewi,12.01.12,Sijungkang,12.01.12.2001
SUMATERA UTARA,12,KAB. TAPANULI TENGAH,12.01,Andam Dewi,12.01.12,Pangaribuan,12.01.12.2002
SUMATERA UTARA,12,KAB. TAPANULI TENGAH,12.01,Andam Dewi,12.01.12,Sogar,12.01.12.2003
SUMATERA UTARA,12,KAB. TAPANULI TENGAH,12.01,Andam Dewi,12.01.12,Sirami Ramian,12.01.12.2004
SUMATERA UTARA,12,KAB. TAPANULI TENGAH,12.01,Andam Dewi,12.01.12,Sigolang,12.01.12.2005
SUMATERA UTARA,12,KAB. TAPANULI TENGAH,12.01,Andam Dewi,12.01.12,Sosor Gonting,12.01.12.2006
SUMATERA UTARA,12,KAB. TAPANULI TENGAH,12.01,Andam Dewi,12.01.12,Rina Bolak,12.01.12.1007
SUMATERA UTARA,12,KAB. TAPANULI TENGAH,12.01,Andam Dewi,12.01.12,Bondar Sihudon I,12.01.12.2008
SUMATERA UTARA,12,KAB. TAPANULI TENGAH,12.01,Andam Dewi,12.01.12,Uratan,12.01.12.2009
SUMATERA UTARA,12,KAB. TAPANULI TENGAH,12.01,Andam Dewi,12.01.12,Ladang Tengah,12.01.12.2010
SUMATERA UTARA,12,KAB. TAPANULI TENGAH,12.01,Andam Dewi,12.01.12,Lobu Tua,12.01.12.2011
SUMATERA UTARA,12,KAB. TAPANULI TENGAH,12.01,Andam Dewi,12.01.12,Bondar Sihudon II,12.01.12.2012
SUMATERA UTARA,12,KAB. TAPANULI TENGAH,12.01,Andam Dewi,12.01.12,Sitiris-Tiris,12.01.12.2013
SUMATERA UTARA,12,KAB. TAPANULI TENGAH,12.01,Andam Dewi,12.01.12,Sawah Lamo,12.01.12.2014
SUMATERA UTARA,12,KAB. TAPANULI TENGAH,12.01,Sitahuis,12.01.13,Bonandolok,12.01.13.2001
SUMATERA UTARA,12,KAB. TAPANULI TENGAH,12.01,Sitahuis,12.01.13,Rampa,12.01.13.2002
SUMATERA UTARA,12,KAB. TAPANULI TENGAH,12.01,Sitahuis,12.01.13,Nauli,12.01.13.1003
SUMATERA UTARA,12,KAB. TAPANULI TENGAH,12.01,Sitahuis,12.01.13,Mardame,12.01.13.2004
SUMATERA UTARA,12,KAB. TAPANULI TENGAH,12.01,Sitahuis,12.01.13,Naga Timbul,12.01.13.2005
SUMATERA UTARA,12,KAB. TAPANULI TENGAH,12.01,Sitahuis,12.01.13,Simaninggir,12.01.13.2006
SUMATERA UTARA,12,KAB. TAPANULI TENGAH,12.01,Tukka,12.01.14,Tukka,12.01.14.1001
SUMATERA UTARA,12,KAB. TAPANULI TENGAH,12.01,Tukka,12.01.14,Bona Lumban,12.01.14.1002
SUMATERA UTARA,12,KAB. TAPANULI TENGAH,12.01,Tukka,12.01.14,Huta Nabolon,12.01.14.1003
SUMATERA UTARA,12,KAB. TAPANULI TENGAH,12.01,Tukka,12.01.14,Sigiring Giring,12.01.14.2004
SUMATERA UTARA,12,KAB. TAPANULI TENGAH,12.01,Tukka,12.01.14,Tapian Nauli/ Saurmanggita,12.01.14.2005
SUMATERA UTARA,12,KAB. TAPANULI TENGAH,12.01,Tukka,12.01.14,Sait Kalangan II,12.01.14.2006
SUMATERA UTARA,12,KAB. TAPANULI TENGAH,12.01,Tukka,12.01.14,Sipange,12.01.14.1007
SUMATERA UTARA,12,KAB. TAPANULI TENGAH,12.01,Tukka,12.01.14,Aek Bottar,12.01.14.2008
SUMATERA UTARA,12,KAB. TAPANULI TENGAH,12.01,Tukka,12.01.14,Aek Tolang Induk,12.01.14.1009
SUMATERA UTARA,12,KAB. TAPANULI TENGAH,12.01,Badiri,12.01.15,Hutabalang,12.01.15.1001
SUMATERA UTARA,12,KAB. TAPANULI TENGAH,12.01,Badiri,12.01.15,Lopian,12.01.15.1002
SUMATERA UTARA,12,KAB. TAPANULI TENGAH,12.01,Badiri,12.01.15,Jago Jago,12.01.15.2003
SUMATERA UTARA,12,KAB. TAPANULI TENGAH,12.01,Badiri,12.01.15,Aek Horsik,12.01.15.2004
SUMATERA UTARA,12,KAB. TAPANULI TENGAH,12.01,Badiri,12.01.15,Gunung Kelambu,12.01.15.2005
SUMATERA UTARA,12,KAB. TAPANULI TENGAH,12.01,Badiri,12.01.15,Kebun Pisang,12.01.15.2006
SUMATERA UTARA,12,KAB. TAPANULI TENGAH,12.01,Badiri,12.01.15,Lubuk Ampolu,12.01.15.2007
SUMATERA UTARA,12,KAB. TAPANULI TENGAH,12.01,Badiri,12.01.15,Pagaran Honas,12.01.15.2008
SUMATERA UTARA,12,KAB. TAPANULI TENGAH,12.01,Badiri,12.01.15,Sitardas,12.01.15.2009
SUMATERA UTARA,12,KAB. TAPANULI TENGAH,12.01,Pasaribu Tobing,12.01.16,Suga Suga Hutagodang,12.01.16.2001
SUMATERA UTARA,12,KAB. TAPANULI TENGAH,12.01,Pasaribu Tobing,12.01.16,Suka Maju,12.01.16.2002
SUMATERA UTARA,12,KAB. TAPANULI TENGAH,12.01,Pasaribu Tobing,12.01.16,Makmur,12.01.16.2003
SUMATERA UTARA,12,KAB. TAPANULI TENGAH,12.01,Pasaribu Tobing,12.01.16,Pasaribu Tobing,12.01.16.2004
SUMATERA UTARA,12,KAB. TAPANULI TENGAH,12.01,Pasaribu Tobing,12.01.16,Aek Nadua,12.01.16.2005
SUMATERA UTARA,12,KAB. TAPANULI TENGAH,12.01,Pasaribu Tobing,12.01.16,Simargarap,12.01.16.2006
SUMATERA UTARA,12,KAB. TAPANULI TENGAH,12.01,Pasaribu Tobing,12.01.16,Sidaling,12.01.16.2007
SUMATERA UTARA,12,KAB. TAPANULI TENGAH,12.01,Pasaribu Tobing,12.01.16,Sipakpahi,12.01.16.2008
SUMATERA UTARA,12,KAB. TAPANULI TENGAH,12.01,Pasaribu Tobing,12.01.16,PO Simargarap,12.01.16.2009
SUMATERA UTARA,12,KAB. TAPANULI TENGAH,12.01,Barus Utara,12.01.17,Hutaginjang,12.01.17.2001
SUMATERA UTARA,12,KAB. TAPANULI TENGAH,12.01,Barus Utara,12.01.17,Sihorbo,12.01.17.2002
SUMATERA UTARA,12,KAB. TAPANULI TENGAH,12.01,Barus Utara,12.01.17,Parik Sinomba,12.01.17.2003
SUMATERA UTARA,12,KAB. TAPANULI TENGAH,12.01,Barus Utara,12.01.17,Purba Tua,12.01.17.2004
SUMATERA UTARA,12,KAB. TAPANULI TENGAH,12.01,Barus Utara,12.01.17,Pananggahan,12.01.17.2005
SUMATERA UTARA,12,KAB. TAPANULI TENGAH,12.01,Barus Utara,12.01.17,Siharbangan,12.01.17.2006
SUMATERA UTARA,12,KAB. TAPANULI TENGAH,12.01,Suka Bangun,12.01.18,Pulo Pakkat,12.01.18.2001
SUMATERA UTARA,12,KAB. TAPANULI TENGAH,12.01,Suka Bangun,12.01.18,Tebing Tinggi,12.01.18.2002
SUMATERA UTARA,12,KAB. TAPANULI TENGAH,12.01,Suka Bangun,12.01.18,Pulo Pakkat II,12.01.18.2003
SUMATERA UTARA,12,KAB. TAPANULI TENGAH,12.01,Suka Bangun,12.01.18,Janji Maria,12.01.18.2004
SUMATERA UTARA,12,KAB. TAPANULI TENGAH,12.01,Suka Bangun,12.01.18,Sihadatuon,12.01.18.2005
SUMATERA UTARA,12,KAB. TAPANULI TENGAH,12.01,Suka Bangun,12.01.18,Sihapas,12.01.18.2006
SUMATERA UTARA,12,KAB. TAPANULI TENGAH,12.01,Lumut,12.01.19,Lumut,12.01.19.1001
SUMATERA UTARA,12,KAB. TAPANULI TENGAH,12.01,Lumut,12.01.19,Aek Gambir,12.01.19.2002
SUMATERA UTARA,12,KAB. TAPANULI TENGAH,12.01,Lumut,12.01.19,Masundung,12.01.19.2003
SUMATERA UTARA,12,KAB. TAPANULI TENGAH,12.01,Lumut,12.01.19,Lumut Nauli,12.01.19.2005
SUMATERA UTARA,12,KAB. TAPANULI TENGAH,12.01,Lumut,12.01.19,Lumut Maju,12.01.19.2006
SUMATERA UTARA,12,KAB. TAPANULI TENGAH,12.01,Lumut,12.01.19,Sialogo,12.01.19.2007
SUMATERA UTARA,12,KAB. TAPANULI TENGAH,12.01,Sarudik,12.01.20,Sibuluan Nalambok,12.01.20.1001
SUMATERA UTARA,12,KAB. TAPANULI TENGAH,12.01,Sarudik,12.01.20,Sarudik,12.01.20.1002
SUMATERA UTARA,12,KAB. TAPANULI TENGAH,12.01,Sarudik,12.01.20,Sipan,12.01.20.2003
SUMATERA UTARA,12,KAB. TAPANULI TENGAH,12.01,Sarudik,12.01.20,Pasir Bidang,12.01.20.1004
SUMATERA UTARA,12,KAB. TAPANULI TENGAH,12.01,Sarudik,12.01.20,Pondok Batu,12.01.20.1005
SUMATERA UTARA,12,KAB. TAPANULI UTARA,12.02,Tarutung,12.02.01,Partoli Toruan,12.02.01.1001
SUMATERA UTARA,12,KAB. TAPANULI UTARA,12.02,Tarutung,12.02.01,Hutatoruan V,12.02.01.1002
SUMATERA UTARA,12,KAB. TAPANULI UTARA,12.02,Tarutung,12.02.01,Hutatoruan VI,12.02.01.1003
SUMATERA UTARA,12,KAB. TAPANULI UTARA,12.02,Tarutung,12.02.01,Hutatoruan VII,12.02.01.1004
SUMATERA UTARA,12,KAB. TAPANULI UTARA,12.02,Tarutung,12.02.01,Hutatoruan IX,12.02.01.1005
SUMATERA UTARA,12,KAB. TAPANULI UTARA,12.02,Tarutung,12.02.01,Hutatoruan X,12.02.01.1006
SUMATERA UTARA,12,KAB. TAPANULI UTARA,12.02,Tarutung,12.02.01,Hutatoruan XI,12.02.01.1007
SUMATERA UTARA,12,KAB. TAPANULI UTARA,12.02,Tarutung,12.02.01,Parbubu I,12.02.01.2008
SUMATERA UTARA,12,KAB. TAPANULI UTARA,12.02,Tarutung,12.02.01,Parbubu II,12.02.01.2009
SUMATERA UTARA,12,KAB. TAPANULI UTARA,12.02,Tarutung,12.02.01,Hutapea Banuarea,12.02.01.2010
SUMATERA UTARA,12,KAB. TAPANULI UTARA,12.02,Tarutung,12.02.01,Siandor-andor,12.02.01.2011
SUMATERA UTARA,12,KAB. TAPANULI UTARA,12.02,Tarutung,12.02.01,Hutauruk,12.02.01.2012
SUMATERA UTARA,12,KAB. TAPANULI UTARA,12.02,Tarutung,12.02.01,Hapoltahan,12.02.01.2013
SUMATERA UTARA,12,KAB. TAPANULI UTARA,12.02,Tarutung,12.02.01,Parbubu Dolok,12.02.01.2014
SUMATERA UTARA,12,KAB. TAPANULI UTARA,12.02,Tarutung,12.02.01,Aek Siansimun,12.02.01.2015
SUMATERA UTARA,12,KAB. TAPANULI UTARA,12.02,Tarutung,12.02.01,Htgalung Siwaluompo,12.02.01.2016
SUMATERA UTARA,12,KAB. TAPANULI UTARA,12.02,Tarutung,12.02.01,Parbubu Pea,12.02.01.2017
SUMATERA UTARA,12,KAB. TAPANULI UTARA,12.02,Tarutung,12.02.01,Hutatoruan IV,12.02.01.2018
SUMATERA UTARA,12,KAB. TAPANULI UTARA,12.02,Tarutung,12.02.01,Sosunggulon,12.02.01.2019
SUMATERA UTARA,12,KAB. TAPANULI UTARA,12.02,Tarutung,12.02.01,Hutatoruan VIII,12.02.01.2020
SUMATERA UTARA,12,KAB. TAPANULI UTARA,12.02,Tarutung,12.02.01,Simamora,12.02.01.2021
SUMATERA UTARA,12,KAB. TAPANULI UTARA,12.02,Tarutung,12.02.01,Parbaju Toruan,12.02.01.2022
SUMATERA UTARA,12,KAB. TAPANULI UTARA,12.02,Tarutung,12.02.01,Parbaju Julu,12.02.01.2023
SUMATERA UTARA,12,KAB. TAPANULI UTARA,12.02,Tarutung,12.02.01,Parbaju Tonga,12.02.01.2024
SUMATERA UTARA,12,KAB. TAPANULI UTARA,12.02,Tarutung,12.02.01,Sitampurung,12.02.01.2025
SUMATERA UTARA,12,KAB. TAPANULI UTARA,12.02,Tarutung,12.02.01,Siraja Oloan,12.02.01.2026
SUMATERA UTARA,12,KAB. TAPANULI UTARA,12.02,Tarutung,12.02.01,Jambur Nauli,12.02.01.2027
SUMATERA UTARA,12,KAB. TAPANULI UTARA,12.02,Tarutung,12.02.01,Sihujur,12.02.01.2028
SUMATERA UTARA,12,KAB. TAPANULI UTARA,12.02,Tarutung,12.02.01,Partali Julu,12.02.01.2029
SUMATERA UTARA,12,KAB. TAPANULI UTARA,12.02,Tarutung,12.02.01,Hutatoruan I,12.02.01.2030
SUMATERA UTARA,12,KAB. TAPANULI UTARA,12.02,Tarutung,12.02.01,Hutatoruan III,12.02.01.2031
SUMATERA UTARA,12,KAB. TAPANULI UTARA,12.02,Siatas Barita,12.02.02,Siraja Hutagalung,12.02.02.2001
SUMATERA UTARA,12,KAB. TAPANULI UTARA,12.02,Siatas Barita,12.02.02,Pansur Napitu,12.02.02.2002
SUMATERA UTARA,12,KAB. TAPANULI UTARA,12.02,Siatas Barita,12.02.02,Simanampang,12.02.02.2003
SUMATERA UTARA,12,KAB. TAPANULI UTARA,12.02,Siatas Barita,12.02.02,Sidagal,12.02.02.2004
SUMATERA UTARA,12,KAB. TAPANULI UTARA,12.02,Siatas Barita,12.02.02,Simarakir Julu,12.02.02.2005
SUMATERA UTARA,12,KAB. TAPANULI UTARA,12.02,Siatas Barita,12.02.02,Enda Portibi,12.02.02.2006
SUMATERA UTARA,12,KAB. TAPANULI UTARA,12.02,Siatas Barita,12.02.02,Simorangkir Habinsaran,12.02.02.2007
SUMATERA UTARA,12,KAB. TAPANULI UTARA,12.02,Siatas Barita,12.02.02,Sangkaran,12.02.02.2008
SUMATERA UTARA,12,KAB. TAPANULI UTARA,12.02,Siatas Barita,12.02.02,Lumban Siagian Jae,12.02.02.2009
SUMATERA UTARA,12,KAB. TAPANULI UTARA,12.02,Siatas Barita,12.02.02,Lumban Siagian Julu,12.02.02.2010
SUMATERA UTARA,12,KAB. TAPANULI UTARA,12.02,Siatas Barita,12.02.02,Sitompul,12.02.02.2011
SUMATERA UTARA,12,KAB. TAPANULI UTARA,12.02,Siatas Barita,12.02.02,Lobu Hole,12.02.02.2012
SUMATERA UTARA,12,KAB. TAPANULI UTARA,12.02,Adian Koting,12.02.03,Dolok Nauli,12.02.03.2001
SUMATERA UTARA,12,KAB. TAPANULI UTARA,12.02,Adian Koting,12.02.03,Pansurbatu,12.02.03.2002
SUMATERA UTARA,12,KAB. TAPANULI UTARA,12.02,Adian Koting,12.02.03,Pardomuan Nauli,12.02.03.2003
SUMATERA UTARA,12,KAB. TAPANULI UTARA,12.02,Adian Koting,12.02.03,Siantar Naipospos,12.02.03.2004
SUMATERA UTARA,12,KAB. TAPANULI UTARA,12.02,Adian Koting,12.02.03,Sibalanga,12.02.03.2005
SUMATERA UTARA,12,KAB. TAPANULI UTARA,12.02,Adian Koting,12.02.03,Pagaran Lambung III,12.02.03.2006
SUMATERA UTARA,12,KAB. TAPANULI UTARA,12.02,Adian Koting,12.02.03,Pagaran Lambung IV,12.02.03.2007
SUMATERA UTARA,12,KAB. TAPANULI UTARA,12.02,Adian Koting,12.02.03,Adian Koting,12.02.03.2008
SUMATERA UTARA,12,KAB. TAPANULI UTARA,12.02,Adian Koting,12.02.03,Pangaran Pisang,12.02.03.2009
SUMATERA UTARA,12,KAB. TAPANULI UTARA,12.02,Adian Koting,12.02.03,Banuaji IV,12.02.03.2010
SUMATERA UTARA,12,KAB. TAPANULI UTARA,12.02,Adian Koting,12.02.03,Banuaji I,12.02.03.2011
SUMATERA UTARA,12,KAB. TAPANULI UTARA,12.02,Adian Koting,12.02.03,Banuaji II,12.02.03.2012
SUMATERA UTARA,12,KAB. TAPANULI UTARA,12.02,Adian Koting,12.02.03,Pangaran Lambung I,12.02.03.2013
SUMATERA UTARA,12,KAB. TAPANULI UTARA,12.02,Adian Koting,12.02.03,Pangaran Lambung II,12.02.03.2014
SUMATERA UTARA,12,KAB. TAPANULI UTARA,12.02,Adian Koting,12.02.03,Pansurbatu I,12.02.03.2015
SUMATERA UTARA,12,KAB. TAPANULI UTARA,12.02,Adian Koting,12.02.03,Pansurbatu II,12.02.03.2016
SUMATERA UTARA,12,KAB. TAPANULI UTARA,12.02,Sipoholon,12.02.04,Situmeang Habinsaran,12.02.04.1001
SUMATERA UTARA,12,KAB. TAPANULI UTARA,12.02,Sipoholon,12.02.04,Hutauruk,12.02.04.2002
SUMATERA UTARA,12,KAB. TAPANULI UTARA,12.02,Sipoholon,12.02.04,Simanungkalit,12.02.04.2003
SUMATERA UTARA,12,KAB. TAPANULI UTARA,12.02,Sipoholon,12.02.04,Situmeang Hasundutan,12.02.04.2004
SUMATERA UTARA,12,KAB. TAPANULI UTARA,12.02,Sipoholon,12.02.04,Sipahutar,12.02.04.2005
SUMATERA UTARA,12,KAB. TAPANULI UTARA,12.02,Sipoholon,12.02.04,Tapian Nauli,12.02.04.2007
SUMATERA UTARA,12,KAB. TAPANULI UTARA,12.02,Sipoholon,12.02.04,Huta Raja,12.02.04.2008
SUMATERA UTARA,12,KAB. TAPANULI UTARA,12.02,Sipoholon,12.02.04,Lobu Singkam,12.02.04.2009
SUMATERA UTARA,12,KAB. TAPANULI UTARA,12.02,Sipoholon,12.02.04,Rura Julu Dolok,12.02.04.2010
SUMATERA UTARA,12,KAB. TAPANULI UTARA,12.02,Sipoholon,12.02.04,Rura Julu Toruan,12.02.04.2011
SUMATERA UTARA,12,KAB. TAPANULI UTARA,12.02,Sipoholon,12.02.04,Hutaraja Hasundutan,12.02.04.2012
SUMATERA UTARA,12,KAB. TAPANULI UTARA,12.02,Sipoholon,12.02.04,Pagarbatu,12.02.04.2013
SUMATERA UTARA,12,KAB. TAPANULI UTARA,12.02,Sipoholon,12.02.04,Hutaraja Simanungkalit,12.02.04.2014
SUMATERA UTARA,12,KAB. TAPANULI UTARA,12.02,Sipoholon,12.02.04,Hutauruk Hasundutan,12.02.04.2015
SUMATERA UTARA,12,KAB. TAPANULI UTARA,12.02,Pahae Julu,12.02.05,Onan Hasang,12.02.05.1001
SUMATERA UTARA,12,KAB. TAPANULI UTARA,12.02,Pahae Julu,12.02.05,Simasom,12.02.05.2002
SUMATERA UTARA,12,KAB. TAPANULI UTARA,12.02,Pahae Julu,12.02.05,Janji Natogu,12.02.05.2003
SUMATERA UTARA,12,KAB. TAPANULI UTARA,12.02,Pahae Julu,12.02.05,Pagur Dotan,12.02.05.2004
SUMATERA UTARA,12,KAB. TAPANULI UTARA,12.02,Pahae Julu,12.02.05,Sibaganding,12.02.05.2005
SUMATERA UTARA,12,KAB. TAPANULI UTARA,12.02,Pahae Julu,12.02.05,Lumban Garaga,12.02.05.2006
SUMATERA UTARA,12,KAB. TAPANULI UTARA,12.02,Pahae Julu,12.02.05,Sitolu Ama,12.02.05.2007
SUMATERA UTARA,12,KAB. TAPANULI UTARA,12.02,Pahae Julu,12.02.05,Lumban Tonga,12.02.05.2008
SUMATERA UTARA,12,KAB. TAPANULI UTARA,12.02,Pahae Julu,12.02.05,Lumban Dolok,12.02.05.2009
SUMATERA UTARA,12,KAB. TAPANULI UTARA,12.02,Pahae Julu,12.02.05,Simataniari,12.02.05.2010
SUMATERA UTARA,12,KAB. TAPANULI UTARA,12.02,Pahae Julu,12.02.05,Lumban Jaean,12.02.05.2011
SUMATERA UTARA,12,KAB. TAPANULI UTARA,12.02,Pahae Julu,12.02.05,Huta Barat,12.02.05.2012
SUMATERA UTARA,12,KAB. TAPANULI UTARA,12.02,Pahae Julu,12.02.05,Lontung Dolok,12.02.05.2013
SUMATERA UTARA,12,KAB. TAPANULI UTARA,12.02,Pahae Julu,12.02.05,Simanampang,12.02.05.2014
SUMATERA UTARA,12,KAB. TAPANULI UTARA,12.02,Pahae Julu,12.02.05,Lobu Pining,12.02.05.2015
SUMATERA UTARA,12,KAB. TAPANULI UTARA,12.02,Pahae Julu,12.02.05,Pantis,12.02.05.2016
SUMATERA UTARA,12,KAB. TAPANULI UTARA,12.02,Pahae Julu,12.02.05,Lumban Gaol,12.02.05.2017
SUMATERA UTARA,12,KAB. TAPANULI UTARA,12.02,Pahae Julu,12.02.05,Simardangiang,12.02.05.2018
SUMATERA UTARA,12,KAB. TAPANULI UTARA,12.02,Pahae Julu,12.02.05,Simasom Toruan,12.02.05.2019
SUMATERA UTARA,12,KAB. TAPANULI UTARA,12.02,Pahae Jae,12.02.06,Sarulla,12.02.06.1001
SUMATERA UTARA,12,KAB. TAPANULI UTARA,12.02,Pahae Jae,12.02.06,Tordolok Nauli,12.02.06.2002
SUMATERA UTARA,12,KAB. TAPANULI UTARA,12.02,Pahae Jae,12.02.06,Sigurung-gurung,12.02.06.2003
SUMATERA UTARA,12,KAB. TAPANULI UTARA,12.02,Pahae Jae,12.02.06,Silangkitang,12.02.06.2004
SUMATERA UTARA,12,KAB. TAPANULI UTARA,12.02,Pahae Jae,12.02.06,Sitoluompu,12.02.06.2005
SUMATERA UTARA,12,KAB. TAPANULI UTARA,12.02,Pahae Jae,12.02.06,Siopat Bahal,12.02.06.2006
SUMATERA UTARA,12,KAB. TAPANULI UTARA,12.02,Pahae Jae,12.02.06,Pardomuan Nainggolan,12.02.06.2007
SUMATERA UTARA,12,KAB. TAPANULI UTARA,12.02,Pahae Jae,12.02.06,Nahornop Marsada,12.02.06.2008
SUMATERA UTARA,12,KAB. TAPANULI UTARA,12.02,Pahae Jae,12.02.06,Parsaoran Samosir,12.02.06.2009
SUMATERA UTARA,12,KAB. TAPANULI UTARA,12.02,Pahae Jae,12.02.06,Suka Maju,12.02.06.2010
SUMATERA UTARA,12,KAB. TAPANULI UTARA,12.02,Pahae Jae,12.02.06,Setia,12.02.06.2011
SUMATERA UTARA,12,KAB. TAPANULI UTARA,12.02,Pahae Jae,12.02.06,Parsaoran Nainggolan,12.02.06.2012
SUMATERA UTARA,12,KAB. TAPANULI UTARA,12.02,Pahae Jae,12.02.06,Pardamean Nainggolan,12.02.06.2013
SUMATERA UTARA,12,KAB. TAPANULI UTARA,12.02,Simangumban,12.02.07,Silosung,12.02.07.2001
SUMATERA UTARA,12,KAB. TAPANULI UTARA,12.02,Simangumban,12.02.07,Dolok Sanggul,12.02.07.2002
SUMATERA UTARA,12,KAB. TAPANULI UTARA,12.02,Simangumban,12.02.07,Simangumban Jae,12.02.07.2003
SUMATERA UTARA,12,KAB. TAPANULI UTARA,12.02,Simangumban,12.02.07,Aek Nabara,12.02.07.2004
SUMATERA UTARA,12,KAB. TAPANULI UTARA,12.02,Simangumban,12.02.07,Dolok Saut,12.02.07.2005
SUMATERA UTARA,12,KAB. TAPANULI UTARA,12.02,Simangumban,12.02.07,Simangumban Julu,12.02.07.2006
SUMATERA UTARA,12,KAB. TAPANULI UTARA,12.02,Simangumban,12.02.07,Lobu Sihim,12.02.07.2007
SUMATERA UTARA,12,KAB. TAPANULI UTARA,12.02,Simangumban,12.02.07,Pardomuan,12.02.07.2008
SUMATERA UTARA,12,KAB. TAPANULI UTARA,12.02,Purba Tua,12.02.08,Sidua Bahal,12.02.08.2001
SUMATERA UTARA,12,KAB. TAPANULI UTARA,12.02,Purba Tua,12.02.08,Sibulan Bulan,12.02.08.2002
SUMATERA UTARA,12,KAB. TAPANULI UTARA,12.02,Purba Tua,12.02.08,Bonani Dolok,12.02.08.2003
SUMATERA UTARA,12,KAB. TAPANULI UTARA,12.02,Purba Tua,12.02.08,Pardomuan J. Angkola,12.02.08.2004
SUMATERA UTARA,12,KAB. TAPANULI UTARA,12.02,Purba Tua,12.02.08,Hutanagodang,12.02.08.2005
SUMATERA UTARA,12,KAB. TAPANULI UTARA,12.02,Purba Tua,12.02.08,Robean,12.02.08.2006
SUMATERA UTARA,12,KAB. TAPANULI UTARA,12.02,Purba Tua,12.02.08,Janji Nauli,12.02.08.2007
SUMATERA UTARA,12,KAB. TAPANULI UTARA,12.02,Purba Tua,12.02.08,Selamat,12.02.08.2008
SUMATERA UTARA,12,KAB. TAPANULI UTARA,12.02,Purba Tua,12.02.08,Purba Tua,12.02.08.2009
SUMATERA UTARA,12,KAB. TAPANULI UTARA,12.02,Purba Tua,12.02.08,Sitolu Bahal,12.02.08.2010
SUMATERA UTARA,12,KAB. TAPANULI UTARA,12.02,Purba Tua,12.02.08,Parsaoran J. Angkola,12.02.08.2011
SUMATERA UTARA,12,KAB. TAPANULI UTARA,12.02,Siborong-Borong,12.02.09,Psr Siborong Borong,12.02.09.1001
SUMATERA UTARA,12,KAB. TAPANULI UTARA,12.02,Siborong-Borong,12.02.09,Siborong Borong I,12.02.09.2002
SUMATERA UTARA,12,KAB. TAPANULI UTARA,12.02,Siborong-Borong,12.02.09,Siborong Borong II,12.02.09.2003
SUMATERA UTARA,12,KAB. TAPANULI UTARA,12.02,Siborong-Borong,12.02.09,Sitampurung,12.02.09.2004
SUMATERA UTARA,12,KAB. TAPANULI UTARA,12.02,Siborong-Borong,12.02.09,Sitabotabo,12.02.09.2005
SUMATERA UTARA,12,KAB. TAPANULI UTARA,12.02,Siborong-Borong,12.02.09,Bahal Batu I,12.02.09.2006
SUMATERA UTARA,12,KAB. TAPANULI UTARA,12.02,Siborong-Borong,12.02.09,Bahal Batu II,12.02.09.2007
SUMATERA UTARA,12,KAB. TAPANULI UTARA,12.02,Siborong-Borong,12.02.09,Bahal Batu III,12.02.09.2008
SUMATERA UTARA,12,KAB. TAPANULI UTARA,12.02,Siborong-Borong,12.02.09,Lobu Siregar I,12.02.09.2009
SUMATERA UTARA,12,KAB. TAPANULI UTARA,12.02,Siborong-Borong,12.02.09,Lobu Siregar II,12.02.09.2010
SUMATERA UTARA,12,KAB. TAPANULI UTARA,12.02,Siborong-Borong,12.02.09,Pohan Julu,12.02.09.2011
SUMATERA UTARA,12,KAB. TAPANULI UTARA,12.02,Siborong-Borong,12.02.09,Pohan Tonga,12.02.09.2012
SUMATERA UTARA,12,KAB. TAPANULI UTARA,12.02,Siborong-Borong,12.02.09,Pohan Jae,12.02.09.2013
SUMATERA UTARA,12,KAB. TAPANULI UTARA,12.02,Siborong-Borong,12.02.09,Paniaran,12.02.09.2014
SUMATERA UTARA,12,KAB. TAPANULI UTARA,12.02,Siborong-Borong,12.02.09,Parik Sabungan,12.02.09.2015
SUMATERA UTARA,12,KAB. TAPANULI UTARA,12.02,Siborong-Borong,12.02.09,Hutabulu,12.02.09.2016
SUMATERA UTARA,12,KAB. TAPANULI UTARA,12.02,Siborong-Borong,12.02.09,Lumban Tonga Tonga,12.02.09.2017
SUMATERA UTARA,12,KAB. TAPANULI UTARA,12.02,Siborong-Borong,12.02.09,Sigumbang,12.02.09.2018
SUMATERA UTARA,12,KAB. TAPANULI UTARA,12.02,Siborong-Borong,12.02.09,Siaro,12.02.09.2019
SUMATERA UTARA,12,KAB. TAPANULI UTARA,12.02,Siborong-Borong,12.02.09,Silait-Lait,12.02.09.2020
SUMATERA UTARA,12,KAB. TAPANULI UTARA,12.02,Siborong-Borong,12.02.09,Sitabotabo Toruan,12.02.09.2021
SUMATERA UTARA,12,KAB. TAPANULI UTARA,12.02,Pagaran,12.02.10,Simamora Hasibuan,12.02.10.2001
SUMATERA UTARA,12,KAB. TAPANULI UTARA,12.02,Pagaran,12.02.10,Lumban Julu,12.02.10.2002
SUMATERA UTARA,12,KAB. TAPANULI UTARA,12.02,Pagaran,12.02.10,Pagaran,12.02.10.2003
SUMATERA UTARA,12,KAB. TAPANULI UTARA,12.02,Pagaran,12.02.10,Sibaragas,12.02.10.2004
SUMATERA UTARA,12,KAB. TAPANULI UTARA,12.02,Pagaran,12.02.10,Sipultak,12.02.10.2005
SUMATERA UTARA,12,KAB. TAPANULI UTARA,12.02,Pagaran,12.02.10,Lubis,12.02.10.2006
SUMATERA UTARA,12,KAB. TAPANULI UTARA,12.02,Pagaran,12.02.10,Banualuhu,12.02.10.2007
SUMATERA UTARA,12,KAB. TAPANULI UTARA,12.02,Pagaran,12.02.10,Parhorboan,12.02.10.2008
SUMATERA UTARA,12,KAB. TAPANULI UTARA,12.02,Pagaran,12.02.10,Lumban Motung,12.02.10.2009
SUMATERA UTARA,12,KAB. TAPANULI UTARA,12.02,Pagaran,12.02.10,Lumban Ina Ina,12.02.10.2010
SUMATERA UTARA,12,KAB. TAPANULI UTARA,12.02,Pagaran,12.02.10,Doloksaribu,12.02.10.2011
SUMATERA UTARA,12,KAB. TAPANULI UTARA,12.02,Pagaran,12.02.10,Lumban Silintong,12.02.10.2012
SUMATERA UTARA,12,KAB. TAPANULI UTARA,12.02,Pagaran,12.02.10,Sipultak Dolok,12.02.10.2013
SUMATERA UTARA,12,KAB. TAPANULI UTARA,12.02,Pagaran,12.02.10,Hasibuan,12.02.10.2014
SUMATERA UTARA,12,KAB. TAPANULI UTARA,12.02,Parmonangan,12.02.11,Manalu,12.02.11.2001
SUMATERA UTARA,12,KAB. TAPANULI UTARA,12.02,Parmonangan,12.02.11,Manalu Purba,12.02.11.2002
SUMATERA UTARA,12,KAB. TAPANULI UTARA,12.02,Parmonangan,12.02.11,Manalu Dolok,12.02.11.2003
SUMATERA UTARA,12,KAB. TAPANULI UTARA,12.02,Parmonangan,12.02.11,Hutajulu,12.02.11.2004
SUMATERA UTARA,12,KAB. TAPANULI UTARA,12.02,Parmonangan,12.02.11,Aek Raja,12.02.11.2005
SUMATERA UTARA,12,KAB. TAPANULI UTARA,12.02,Parmonangan,12.02.11,Hutatinggi,12.02.11.2006
SUMATERA UTARA,12,KAB. TAPANULI UTARA,12.02,Parmonangan,12.02.11,Lobusunut,12.02.11.2007
SUMATERA UTARA,12,KAB. TAPANULI UTARA,12.02,Parmonangan,12.02.11,Sisordak,12.02.11.2008
SUMATERA UTARA,12,KAB. TAPANULI UTARA,12.02,Parmonangan,12.02.11,Pertengahan,12.02.11.2009
SUMATERA UTARA,12,KAB. TAPANULI UTARA,12.02,Parmonangan,12.02.11,Hutatua,12.02.11.2010
SUMATERA UTARA,12,KAB. TAPANULI UTARA,12.02,Parmonangan,12.02.11,Hutajulu Parbalik,12.02.11.2011
SUMATERA UTARA,12,KAB. TAPANULI UTARA,12.02,Parmonangan,12.02.11,Horisan Ranggitgit,12.02.11.2012
SUMATERA UTARA,12,KAB. TAPANULI UTARA,12.02,Parmonangan,12.02.11,Purba Dolok,12.02.11.2013
SUMATERA UTARA,12,KAB. TAPANULI UTARA,12.02,Parmonangan,12.02.11,Batuarimo,12.02.11.2014
SUMATERA UTARA,12,KAB. TAPANULI UTARA,12.02,Sipahutar,12.02.12,Sabungannihuta IV,12.02.12.2001
SUMATERA UTARA,12,KAB. TAPANULI UTARA,12.02,Sipahutar,12.02.12,Sabungannihuta I,12.02.12.2002
SUMATERA UTARA,12,KAB. TAPANULI UTARA,12.02,Sipahutar,12.02.12,Sipahutar I,12.02.12.2003
SUMATERA UTARA,12,KAB. TAPANULI UTARA,12.02,Sipahutar,12.02.12,Sipahutar II,12.02.12.2004
SUMATERA UTARA,12,KAB. TAPANULI UTARA,12.02,Sipahutar,12.02.12,Sipahutar III,12.02.12.2005
SUMATERA UTARA,12,KAB. TAPANULI UTARA,12.02,Sipahutar,12.02.12,Onan Runggu I,12.02.12.2006
SUMATERA UTARA,12,KAB. TAPANULI UTARA,12.02,Sipahutar,12.02.12,Tapian Nauli III,12.02.12.2007
SUMATERA UTARA,12,KAB. TAPANULI UTARA,12.02,Sipahutar,12.02.12,Onan Runggu III,12.02.12.2008
SUMATERA UTARA,12,KAB. TAPANULI UTARA,12.02,Sipahutar,12.02.12,Siabal-abal III,12.02.12.2009
SUMATERA UTARA,12,KAB. TAPANULI UTARA,12.02,Sipahutar,12.02.12,Siabal-abal I,12.02.12.2010
SUMATERA UTARA,12,KAB. TAPANULI UTARA,12.02,Sipahutar,12.02.12,Aek Nauli II,12.02.12.2011
SUMATERA UTARA,12,KAB. TAPANULI UTARA,12.02,Sipahutar,12.02.12,Tapian Nauli II,12.02.12.2012
SUMATERA UTARA,12,KAB. TAPANULI UTARA,12.02,Sipahutar,12.02.12,Sabungannihuta III,12.02.12.2013
SUMATERA UTARA,12,KAB. TAPANULI UTARA,12.02,Sipahutar,12.02.12,Onan Runggu IV,12.02.12.2014
SUMATERA UTARA,12,KAB. TAPANULI UTARA,12.02,Sipahutar,12.02.12,Siabal-abal II,12.02.12.2015
SUMATERA UTARA,12,KAB. TAPANULI UTARA,12.02,Sipahutar,12.02.12,Aek Nauli I,12.02.12.2016
SUMATERA UTARA,12,KAB. TAPANULI UTARA,12.02,Sipahutar,12.02.12,Aek Nauli III,12.02.12.2017
SUMATERA UTARA,12,KAB. TAPANULI UTARA,12.02,Sipahutar,12.02.12,Onan Runggu II,12.02.12.2018
SUMATERA UTARA,12,KAB. TAPANULI UTARA,12.02,Sipahutar,12.02.12,Tapian Nauli I,12.02.12.2019
SUMATERA UTARA,12,KAB. TAPANULI UTARA,12.02,Sipahutar,12.02.12,Sabungannihuta II,12.02.12.2020
SUMATERA UTARA,12,KAB. TAPANULI UTARA,12.02,Sipahutar,12.02.12,Sabungannihuta V,12.02.12.2021
SUMATERA UTARA,12,KAB. TAPANULI UTARA,12.02,Sipahutar,12.02.12,Siabal-abal IV,12.02.12.2022
SUMATERA UTARA,12,KAB. TAPANULI UTARA,12.02,Sipahutar,12.02.12,Aek Nauli IV,12.02.12.2023
SUMATERA UTARA,12,KAB. TAPANULI UTARA,12.02,Sipahutar,12.02.12,Siabal-abal V,12.02.12.2024
SUMATERA UTARA,12,KAB. TAPANULI UTARA,12.02,Sipahutar,12.02.12,Siabal-abal VI,12.02.12.2025
SUMATERA UTARA,12,KAB. TAPANULI UTARA,12.02,Pangaribuan,12.02.13,Pakpahan,12.02.13.2001
SUMATERA UTARA,12,KAB. TAPANULI UTARA,12.02,Pangaribuan,12.02.13,Sampagul,12.02.13.2002
SUMATERA UTARA,12,KAB. TAPANULI UTARA,12.02,Pangaribuan,12.02.13,Godung Borotan,12.02.13.2003
SUMATERA UTARA,12,KAB. TAPANULI UTARA,12.02,Pangaribuan,12.02.13,Parratusan,12.02.13.2004
SUMATERA UTARA,12,KAB. TAPANULI UTARA,12.02,Pangaribuan,12.02.13,Lumban Siregar,12.02.13.2005
SUMATERA UTARA,12,KAB. TAPANULI UTARA,12.02,Pangaribuan,12.02.13,Sigotom Julu,12.02.13.2006
SUMATERA UTARA,12,KAB. TAPANULI UTARA,12.02,Pangaribuan,12.02.13,Rahut Bosi,12.02.13.2007
SUMATERA UTARA,12,KAB. TAPANULI UTARA,12.02,Pangaribuan,12.02.13,Batu Nadua,12.02.13.2008
SUMATERA UTARA,12,KAB. TAPANULI UTARA,12.02,Pangaribuan,12.02.13,Silantom Tonga,12.02.13.2009
SUMATERA UTARA,12,KAB. TAPANULI UTARA,12.02,Pangaribuan,12.02.13,Silantom Julu,12.02.13.2010
SUMATERA UTARA,12,KAB. TAPANULI UTARA,12.02,Pangaribuan,12.02.13,Pansurnatolu,12.02.13.2011
SUMATERA UTARA,12,KAB. TAPANULI UTARA,12.02,Pangaribuan,12.02.13,Parlombuan,12.02.13.2012
SUMATERA UTARA,12,KAB. TAPANULI UTARA,12.02,Pangaribuan,12.02.13,Purbatua,12.02.13.2013
SUMATERA UTARA,12,KAB. TAPANULI UTARA,12.02,Pangaribuan,12.02.13,Lumban Sinaga Simatupang,12.02.13.2014
SUMATERA UTARA,12,KAB. TAPANULI UTARA,12.02,Pangaribuan,12.02.13,Batumanumpak,12.02.13.2015
SUMATERA UTARA,12,KAB. TAPANULI UTARA,12.02,Pangaribuan,12.02.13,Sibingke,12.02.13.2016
SUMATERA UTARA,12,KAB. TAPANULI UTARA,12.02,Pangaribuan,12.02.13,Najumambe,12.02.13.2017
SUMATERA UTARA,12,KAB. TAPANULI UTARA,12.02,Pangaribuan,12.02.13,Parsibarungan,12.02.13.2018
SUMATERA UTARA,12,KAB. TAPANULI UTARA,12.02,Pangaribuan,12.02.13,Harianja,12.02.13.2019
SUMATERA UTARA,12,KAB. TAPANULI UTARA,12.02,Pangaribuan,12.02.13,Silantom Jae,12.02.13.2020
SUMATERA UTARA,12,KAB. TAPANULI UTARA,12.02,Pangaribuan,12.02.13,Padang Parsadaan,12.02.13.2021
SUMATERA UTARA,12,KAB. TAPANULI UTARA,12.02,Pangaribuan,12.02.13,Parsorminan I,12.02.13.2022
SUMATERA UTARA,12,KAB. TAPANULI UTARA,12.02,Pangaribuan,12.02.13,Hutaraja,12.02.13.2023
SUMATERA UTARA,12,KAB. TAPANULI UTARA,12.02,Pangaribuan,12.02.13,Rahut Bosi Onan,12.02.13.2024
SUMATERA UTARA,12,KAB. TAPANULI UTARA,12.02,Pangaribuan,12.02.13,Sigotom Timur,12.02.13.2025
SUMATERA UTARA,12,KAB. TAPANULI UTARA,12.02,Pangaribuan,12.02.13,Sigotom Dolok Nauli,12.02.13.2026
SUMATERA UTARA,12,KAB. TAPANULI UTARA,12.02,Garoga,12.02.14,Garoga Sibargot,12.02.14.2001
SUMATERA UTARA,12,KAB. TAPANULI UTARA,12.02,Garoga,12.02.14,Lontung Jae I,12.02.14.2002
SUMATERA UTARA,12,KAB. TAPANULI UTARA,12.02,Garoga,12.02.14,Parsosoran,12.02.14.2003
SUMATERA UTARA,12,KAB. TAPANULI UTARA,12.02,Garoga,12.02.14,Padang Siandomang,12.02.14.2004
SUMATERA UTARA,12,KAB. TAPANULI UTARA,12.02,Garoga,12.02.14,Sibaganding,12.02.14.2005
SUMATERA UTARA,12,KAB. TAPANULI UTARA,12.02,Garoga,12.02.14,Sirmpang Bolon,12.02.14.2006
SUMATERA UTARA,12,KAB. TAPANULI UTARA,12.02,Garoga,12.02.14,Gonting Garoga,12.02.14.2007
SUMATERA UTARA,12,KAB. TAPANULI UTARA,12.02,Garoga,12.02.14,Lontung Jae II,12.02.14.2008
SUMATERA UTARA,12,KAB. TAPANULI UTARA,12.02,Garoga,12.02.14,Gonting Salak,12.02.14.2009
SUMATERA UTARA,12,KAB. TAPANULI UTARA,12.02,Garoga,12.02.14,Sibalanga,12.02.14.2010
SUMATERA UTARA,12,KAB. TAPANULI UTARA,12.02,Garoga,12.02.14,Aek Tangga,12.02.14.2011
SUMATERA UTARA,12,KAB. TAPANULI UTARA,12.02,Garoga,12.02.14,Parinsoran,12.02.14.2012
SUMATERA UTARA,12,KAB. TAPANULI UTARA,12.02,Garoga,12.02.14,Parmanuhan,12.02.14.2013
SUMATERA UTARA,12,KAB. TAPANULI UTARA,12.02,Muara,12.02.15,Hutanagodang,12.02.15.2001
SUMATERA UTARA,12,KAB. TAPANULI UTARA,12.02,Muara,12.02.15,Unte Mungkur,12.02.15.2002
SUMATERA UTARA,12,KAB. TAPANULI UTARA,12.02,Muara,12.02.15,Hutalontung,12.02.15.2003
SUMATERA UTARA,12,KAB. TAPANULI UTARA,12.02,Muara,12.02.15,Hutaginjang,12.02.15.2004
SUMATERA UTARA,12,KAB. TAPANULI UTARA,12.02,Muara,12.02.15,Dolok Matumbur,12.02.15.2005
SUMATERA UTARA,12,KAB. TAPANULI UTARA,12.02,Muara,12.02.15,Mariba Ni Aek,12.02.15.2006
SUMATERA UTARA,12,KAB. TAPANULI UTARA,12.02,Muara,12.02.15,Sampuran,12.02.15.2007
SUMATERA UTARA,12,KAB. TAPANULI UTARA,12.02,Muara,12.02.15,Silando,12.02.15.2008
SUMATERA UTARA,12,KAB. TAPANULI UTARA,12.02,Muara,12.02.15,Sibandang,12.02.15.2009
SUMATERA UTARA,12,KAB. TAPANULI UTARA,12.02,Muara,12.02.15,Simatupang,12.02.15.2010
SUMATERA UTARA,12,KAB. TAPANULI UTARA,12.02,Muara,12.02.15,Silali Toruan,12.02.15.2011
SUMATERA UTARA,12,KAB. TAPANULI UTARA,12.02,Muara,12.02.15,Batubinumbun,12.02.15.2012
SUMATERA UTARA,12,KAB. TAPANULI UTARA,12.02,Muara,12.02.15,Sitanggor,12.02.15.2013
SUMATERA UTARA,12,KAB. TAPANULI UTARA,12.02,Muara,12.02.15,Papande,12.02.15.2014
SUMATERA UTARA,12,KAB. TAPANULI UTARA,12.02,Muara,12.02.15,Aritonang,12.02.15.2015
SUMATERA UTARA,12,KAB. TAPANULI SELATAN,12.03,Angkola Barat,12.03.01,Sitinjak,12.03.01.1001
SUMATERA UTARA,12,KAB. TAPANULI SELATAN,12.03,Angkola Barat,12.03.01,Panobasan,12.03.01.2002
SUMATERA UTARA,12,KAB. TAPANULI SELATAN,12.03,Angkola Barat,12.03.01,Simatorkis Sisoma,12.03.01.1003
SUMATERA UTARA,12,KAB. TAPANULI SELATAN,12.03,Angkola Barat,12.03.01,Siuhom,12.03.01.2004
SUMATERA UTARA,12,KAB. TAPANULI SELATAN,12.03,Angkola Barat,12.03.01,Sigumuru,12.03.01.2005
SUMATERA UTARA,12,KAB. TAPANULI SELATAN,12.03,Angkola Barat,12.03.01,Sibangkua,12.03.01.2006
SUMATERA UTARA,12,KAB. TAPANULI SELATAN,12.03,Angkola Barat,12.03.01,Sisundung,12.03.01.2007
SUMATERA UTARA,12,KAB. TAPANULI SELATAN,12.03,Angkola Barat,12.03.01,Aek Nabara,12.03.01.2008
SUMATERA UTARA,12,KAB. TAPANULI SELATAN,12.03,Angkola Barat,12.03.01,Parsalakan,12.03.01.2011
SUMATERA UTARA,12,KAB. TAPANULI SELATAN,12.03,Angkola Barat,12.03.01,Sitaratoit,12.03.01.2015
SUMATERA UTARA,12,KAB. TAPANULI SELATAN,12.03,Angkola Barat,12.03.01,Sialogo,12.03.01.2016
SUMATERA UTARA,12,KAB. TAPANULI SELATAN,12.03,Angkola Barat,12.03.01,Lembah Lubuk Raya,12.03.01.2024
SUMATERA UTARA,12,KAB. TAPANULI SELATAN,12.03,Angkola Barat,12.03.01,Lobu Layan Sigordang,12.03.01.2031
SUMATERA UTARA,12,KAB. TAPANULI SELATAN,12.03,Angkola Barat,12.03.01,Panobasan Lombang,12.03.01.2035
SUMATERA UTARA,12,KAB. TAPANULI SELATAN,12.03,Batang Toru,12.03.02,Wek I,12.03.02.1001
SUMATERA UTARA,12,KAB. TAPANULI SELATAN,12.03,Batang Toru,12.03.02,Wek II,12.03.02.1002
SUMATERA UTARA,12,KAB. TAPANULI SELATAN,12.03,Batang Toru,12.03.02,Garoga,12.03.02.2003
SUMATERA UTARA,12,KAB. TAPANULI SELATAN,12.03,Batang Toru,12.03.02,Huta Godang,12.03.02.2004
SUMATERA UTARA,12,KAB. TAPANULI SELATAN,12.03,Batang Toru,12.03.02,Batu Horing,12.03.02.2005
SUMATERA UTARA,12,KAB. TAPANULI SELATAN,12.03,Batang Toru,12.03.02,Batu Hula,12.03.02.2008
SUMATERA UTARA,12,KAB. TAPANULI SELATAN,12.03,Batang Toru,12.03.02,Sumuran,12.03.02.2009
SUMATERA UTARA,12,KAB. TAPANULI SELATAN,12.03,Batang Toru,12.03.02,Perkebunan Batang Toru,12.03.02.1011
SUMATERA UTARA,12,KAB. TAPANULI SELATAN,12.03,Batang Toru,12.03.02,Napa,12.03.02.2015
SUMATERA UTARA,12,KAB. TAPANULI SELATAN,12.03,Batang Toru,12.03.02,Wek IV,12.03.02.2016
SUMATERA UTARA,12,KAB. TAPANULI SELATAN,12.03,Batang Toru,12.03.02,Hapesong Baru,12.03.02.2017
SUMATERA UTARA,12,KAB. TAPANULI SELATAN,12.03,Batang Toru,12.03.02,Telo,12.03.02.2018
SUMATERA UTARA,12,KAB. TAPANULI SELATAN,12.03,Batang Toru,12.03.02,Wek III,12.03.02.2019
SUMATERA UTARA,12,KAB. TAPANULI SELATAN,12.03,Batang Toru,12.03.02,Perkebunan Sigala-Gala,12.03.02.2020
SUMATERA UTARA,12,KAB. TAPANULI SELATAN,12.03,Batang Toru,12.03.02,Perkebunan Hapesong,12.03.02.2021
SUMATERA UTARA,12,KAB. TAPANULI SELATAN,12.03,Batang Toru,12.03.02,Hapesong Lama,12.03.02.2022
SUMATERA UTARA,12,KAB. TAPANULI SELATAN,12.03,Batang Toru,12.03.02,Sipenggeng,12.03.02.2023
SUMATERA UTARA,12,KAB. TAPANULI SELATAN,12.03,Batang Toru,12.03.02,Sianggunan,12.03.02.2025
SUMATERA UTARA,12,KAB. TAPANULI SELATAN,12.03,Batang Toru,12.03.02,Huta Baru,12.03.02.2026
SUMATERA UTARA,12,KAB. TAPANULI SELATAN,12.03,Batang Toru,12.03.02,Padang Lancat,12.03.02.1030
SUMATERA UTARA,12,KAB. TAPANULI SELATAN,12.03,Batang Toru,12.03.02,Aek Pining,12.03.02.1032
SUMATERA UTARA,12,KAB. TAPANULI SELATAN,12.03,Batang Toru,12.03.02,Aek Ngadol Sitinjak,12.03.02.2036
SUMATERA UTARA,12,KAB. TAPANULI SELATAN,12.03,Batang Toru,12.03.02,Sisipa,12.03.02.2037
SUMATERA UTARA,12,KAB. TAPANULI SELATAN,12.03,Angkola Timur,12.03.03,Panompuan Jae,12.03.03.2003
SUMATERA UTARA,12,KAB. TAPANULI SELATAN,12.03,Angkola Timur,12.03.03,Pargarutan Tonga,12.03.03.2004
SUMATERA UTARA,12,KAB. TAPANULI SELATAN,12.03,Angkola Timur,12.03.03,Huraba,12.03.03.2008
SUMATERA UTARA,12,KAB. TAPANULI SELATAN,12.03,Angkola Timur,12.03.03,Marisi,12.03.03.2012
SUMATERA UTARA,12,KAB. TAPANULI SELATAN,12.03,Angkola Timur,12.03.03,Pargarutan Julu,12.03.03.2013
SUMATERA UTARA,12,KAB. TAPANULI SELATAN,12.03,Angkola Timur,12.03.03,Huta Ginjang,12.03.03.2014
SUMATERA UTARA,12,KAB. TAPANULI SELATAN,12.03,Angkola Timur,12.03.03,Lantosan Rogas,12.03.03.2069
SUMATERA UTARA,12,KAB. TAPANULI SELATAN,12.03,Angkola Timur,12.03.03,Sijungkang,12.03.03.2079
SUMATERA UTARA,12,KAB. TAPANULI SELATAN,12.03,Angkola Timur,12.03.03,Pargarutan Jae,12.03.03.2083
SUMATERA UTARA,12,KAB. TAPANULI SELATAN,12.03,Angkola Timur,12.03.03,Panompuan,12.03.03.2094
SUMATERA UTARA,12,KAB. TAPANULI SELATAN,12.03,Angkola Timur,12.03.03,Pargarutan Dolok,12.03.03.2095
SUMATERA UTARA,12,KAB. TAPANULI SELATAN,12.03,Angkola Timur,12.03.03,Sanggapati,12.03.03.2096
SUMATERA UTARA,12,KAB. TAPANULI SELATAN,12.03,Angkola Timur,12.03.03,Pall XI,12.03.03.2097
SUMATERA UTARA,12,KAB. TAPANULI SELATAN,12.03,Angkola Timur,12.03.03,Pasar Pargarutan,12.03.03.1098
SUMATERA UTARA,12,KAB. TAPANULI SELATAN,12.03,Angkola Timur,12.03.03,Batang Tura Sirumambe,12.03.03.1099
SUMATERA UTARA,12,KAB. TAPANULI SELATAN,12.03,Sipirok,12.03.04,Pasar Sipirok,12.03.04.1001
SUMATERA UTARA,12,KAB. TAPANULI SELATAN,12.03,Sipirok,12.03.04,Hutasuhut,12.03.04.1003
SUMATERA UTARA,12,KAB. TAPANULI SELATAN,12.03,Sipirok,12.03.04,Baringin,12.03.04.1004
SUMATERA UTARA,12,KAB. TAPANULI SELATAN,12.03,Sipirok,12.03.04,Bunga Bondar,12.03.04.1005
SUMATERA UTARA,12,KAB. TAPANULI SELATAN,12.03,Sipirok,12.03.04,Bagas Lombang,12.03.04.2010
SUMATERA UTARA,12,KAB. TAPANULI SELATAN,12.03,Sipirok,12.03.04,Batu Satail,12.03.04.2017
SUMATERA UTARA,12,KAB. TAPANULI SELATAN,12.03,Sipirok,12.03.04,Hasang Marsada,12.03.04.2025
SUMATERA UTARA,12,KAB. TAPANULI SELATAN,12.03,Sipirok,12.03.04,Janji Mauli,12.03.04.2034
SUMATERA UTARA,12,KAB. TAPANULI SELATAN,12.03,Sipirok,12.03.04,Paran Julu,12.03.04.2048
SUMATERA UTARA,12,KAB. TAPANULI SELATAN,12.03,Sipirok,12.03.04,Pangaribuan,12.03.04.2051
SUMATERA UTARA,12,KAB. TAPANULI SELATAN,12.03,Sipirok,12.03.04,Pargarutan,12.03.04.2052
SUMATERA UTARA,12,KAB. TAPANULI SELATAN,12.03,Sipirok,12.03.04,Panaungan,12.03.04.2054
SUMATERA UTARA,12,KAB. TAPANULI SELATAN,12.03,Sipirok,12.03.04,Padang Bujur,12.03.04.2059
SUMATERA UTARA,12,KAB. TAPANULI SELATAN,12.03,Sipirok,12.03.04,Paran Padang,12.03.04.2060
SUMATERA UTARA,12,KAB. TAPANULI SELATAN,12.03,Sipirok,12.03.04,Parau Sorat,12.03.04.1061
SUMATERA UTARA,12,KAB. TAPANULI SELATAN,12.03,Sipirok,12.03.04,Pangurabaan,12.03.04.2064
SUMATERA UTARA,12,KAB. TAPANULI SELATAN,12.03,Sipirok,12.03.04,Ramba Sihasur,12.03.04.2068
SUMATERA UTARA,12,KAB. TAPANULI SELATAN,12.03,Sipirok,12.03.04,Tolang,12.03.04.2069
SUMATERA UTARA,12,KAB. TAPANULI SELATAN,12.03,Sipirok,12.03.04,Sampean,12.03.04.2072
SUMATERA UTARA,12,KAB. TAPANULI SELATAN,12.03,Sipirok,12.03.04,Simaninggir,12.03.04.2075
SUMATERA UTARA,12,KAB. TAPANULI SELATAN,12.03,Sipirok,12.03.04,Sibadoar,12.03.04.2076
SUMATERA UTARA,12,KAB. TAPANULI SELATAN,12.03,Sipirok,12.03.04,Sialagundi,12.03.04.2085
SUMATERA UTARA,12,KAB. TAPANULI SELATAN,12.03,Sipirok,12.03.04,Bulu Mario,12.03.04.2096
SUMATERA UTARA,12,KAB. TAPANULI SELATAN,12.03,Sipirok,12.03.04,Barnang Koling,12.03.04.2097
SUMATERA UTARA,12,KAB. TAPANULI SELATAN,12.03,Sipirok,12.03.04,Dolok Sordang Julu,12.03.04.2101
SUMATERA UTARA,12,KAB. TAPANULI SELATAN,12.03,Sipirok,12.03.04,Situmba Julu,12.03.04.2102
SUMATERA UTARA,12,KAB. TAPANULI SELATAN,12.03,Sipirok,12.03.04,Situmba,12.03.04.2103
SUMATERA UTARA,12,KAB. TAPANULI SELATAN,12.03,Sipirok,12.03.04,Kilang Papan,12.03.04.2104
SUMATERA UTARA,12,KAB. TAPANULI SELATAN,12.03,Sipirok,12.03.04,Sialaman,12.03.04.2105
SUMATERA UTARA,12,KAB. TAPANULI SELATAN,12.03,Sipirok,12.03.04,Paran Dolok Mardomu,12.03.04.2106
SUMATERA UTARA,12,KAB. TAPANULI SELATAN,12.03,Sipirok,12.03.04,Batang Tura Julu,12.03.04.2107
SUMATERA UTARA,12,KAB. TAPANULI SELATAN,12.03,Sipirok,12.03.04,Batang Tura,12.03.04.2108
SUMATERA UTARA,12,KAB. TAPANULI SELATAN,12.03,Sipirok,12.03.04,Dolok Sordang,12.03.04.2109
SUMATERA UTARA,12,KAB. TAPANULI SELATAN,12.03,Sipirok,12.03.04,Pahae Aek Sagala,12.03.04.2110
SUMATERA UTARA,12,KAB. TAPANULI SELATAN,12.03,Sipirok,12.03.04,Marsada,12.03.04.2111
SUMATERA UTARA,12,KAB. TAPANULI SELATAN,12.03,Sipirok,12.03.04,Luat Lombang,12.03.04.2112
SUMATERA UTARA,12,KAB. TAPANULI SELATAN,12.03,Sipirok,12.03.04,Aek Batang Paya,12.03.04.2113
SUMATERA UTARA,12,KAB. TAPANULI SELATAN,12.03,Sipirok,12.03.04,Sipirok Godang,12.03.04.1114
SUMATERA UTARA,12,KAB. TAPANULI SELATAN,12.03,Sipirok,12.03.04,Saba Batang Miha,12.03.04.2115
SUMATERA UTARA,12,KAB. TAPANULI SELATAN,12.03,Sipirok,12.03.04,Sarogodung,12.03.04.2116
SUMATERA UTARA,12,KAB. TAPANULI SELATAN,12.03,Saipar Dolok Hole,12.03.05,Pasar Sipagimbar,12.03.05.1001
SUMATERA UTARA,12,KAB. TAPANULI SELATAN,12.03,Saipar Dolok Hole,12.03.05,Simangambat,12.03.05.2018
SUMATERA UTARA,12,KAB. TAPANULI SELATAN,12.03,Saipar Dolok Hole,12.03.05,Sidapdap Simanosor,12.03.05.2069
SUMATERA UTARA,12,KAB. TAPANULI SELATAN,12.03,Saipar Dolok Hole,12.03.05,Saut Banua Simanosor,12.03.05.2070
SUMATERA UTARA,12,KAB. TAPANULI SELATAN,12.03,Saipar Dolok Hole,12.03.05,Damparan Haunatas,12.03.05.2071
SUMATERA UTARA,12,KAB. TAPANULI SELATAN,12.03,Saipar Dolok Hole,12.03.05,Somba Debata Purba,12.03.05.2072
SUMATERA UTARA,12,KAB. TAPANULI SELATAN,12.03,Saipar Dolok Hole,12.03.05,Padang Mandailing Garugur,12.03.05.2073
SUMATERA UTARA,12,KAB. TAPANULI SELATAN,12.03,Saipar Dolok Hole,12.03.05,Ulu Mamis Situnggaling,12.03.05.2074
SUMATERA UTARA,12,KAB. TAPANULI SELATAN,12.03,Saipar Dolok Hole,12.03.05,Parau Sorat Sitabo-tabo,12.03.05.2075
SUMATERA UTARA,12,KAB. TAPANULI SELATAN,12.03,Saipar Dolok Hole,12.03.05,Pintu Padang Mandalasena,12.03.05.2076
SUMATERA UTARA,12,KAB. TAPANULI SELATAN,12.03,Saipar Dolok Hole,12.03.05,Sunge Sigiring-giring,12.03.05.2077
SUMATERA UTARA,12,KAB. TAPANULI SELATAN,12.03,Saipar Dolok Hole,12.03.05,Silangkitang Tambiski,12.03.05.2078
SUMATERA UTARA,12,KAB. TAPANULI SELATAN,12.03,Saipar Dolok Hole,12.03.05,Batang Parsuluman,12.03.05.2079
SUMATERA UTARA,12,KAB. TAPANULI SELATAN,12.03,Saipar Dolok Hole,12.03.05,Aek Simotung,12.03.05.1080
SUMATERA UTARA,12,KAB. TAPANULI SELATAN,12.03,Angkola Selatan,12.03.06,Simarpinggan,12.03.06.1001
SUMATERA UTARA,12,KAB. TAPANULI SELATAN,12.03,Angkola Selatan,12.03.06,Situmbaga,12.03.06.2004
SUMATERA UTARA,12,KAB. TAPANULI SELATAN,12.03,Angkola Selatan,12.03.06,Sinyior,12.03.06.2005
SUMATERA UTARA,12,KAB. TAPANULI SELATAN,12.03,Angkola Selatan,12.03.06,Pintu Padang,12.03.06.2006
SUMATERA UTARA,12,KAB. TAPANULI SELATAN,12.03,Angkola Selatan,12.03.06,Napa,12.03.06.1007
SUMATERA UTARA,12,KAB. TAPANULI SELATAN,12.03,Angkola Selatan,12.03.06,Sibong-bong,12.03.06.2008
SUMATERA UTARA,12,KAB. TAPANULI SELATAN,12.03,Angkola Selatan,12.03.06,Siamporik Dolok,12.03.06.2009
SUMATERA UTARA,12,KAB. TAPANULI SELATAN,12.03,Angkola Selatan,12.03.06,Siamporik Lombang,12.03.06.2010
SUMATERA UTARA,12,KAB. TAPANULI SELATAN,12.03,Angkola Selatan,12.03.06,Sihopur,12.03.06.2011
SUMATERA UTARA,12,KAB. TAPANULI SELATAN,12.03,Angkola Selatan,12.03.06,Tandihat,12.03.06.2012
SUMATERA UTARA,12,KAB. TAPANULI SELATAN,12.03,Angkola Selatan,12.03.06,Perkebunan Marpinggan,12.03.06.2013
SUMATERA UTARA,12,KAB. TAPANULI SELATAN,12.03,Angkola Selatan,12.03.06,Tapian Nauli,12.03.06.1014
SUMATERA UTARA,12,KAB. TAPANULI SELATAN,12.03,Angkola Selatan,12.03.06,Aek Natas,12.03.06.2015
SUMATERA UTARA,12,KAB. TAPANULI SELATAN,12.03,Angkola Selatan,12.03.06,Dolok Godang,12.03.06.2016
SUMATERA UTARA,12,KAB. TAPANULI SELATAN,12.03,Angkola Selatan,12.03.06,Sihuik-huik,12.03.06.2017
SUMATERA UTARA,12,KAB. TAPANULI SELATAN,12.03,Angkola Selatan,12.03.06,Gunung Baringin,12.03.06.2018
SUMATERA UTARA,12,KAB. TAPANULI SELATAN,12.03,Angkola Selatan,12.03.06,Pardomuan,12.03.06.1019
SUMATERA UTARA,12,KAB. TAPANULI SELATAN,12.03,Batang Angkola,12.03.07,Sigalangan,12.03.07.1001
SUMATERA UTARA,12,KAB. TAPANULI SELATAN,12.03,Batang Angkola,12.03.07,Aek Nauli,12.03.07.2005
SUMATERA UTARA,12,KAB. TAPANULI SELATAN,12.03,Batang Angkola,12.03.07,Sidadi I,12.03.07.2016
SUMATERA UTARA,12,KAB. TAPANULI SELATAN,12.03,Batang Angkola,12.03.07,Janji Manaon,12.03.07.2018
SUMATERA UTARA,12,KAB. TAPANULI SELATAN,12.03,Batang Angkola,12.03.07,Sitampa Simatoras,12.03.07.2020
SUMATERA UTARA,12,KAB. TAPANULI SELATAN,12.03,Batang Angkola,12.03.07,Pasar Lama,12.03.07.2021
SUMATERA UTARA,12,KAB. TAPANULI SELATAN,12.03,Batang Angkola,12.03.07,Benteng Huraba,12.03.07.2027
SUMATERA UTARA,12,KAB. TAPANULI SELATAN,12.03,Batang Angkola,12.03.07,Padang Kahombu,12.03.07.2029
SUMATERA UTARA,12,KAB. TAPANULI SELATAN,12.03,Batang Angkola,12.03.07,Sorik,12.03.07.2030
SUMATERA UTARA,12,KAB. TAPANULI SELATAN,12.03,Batang Angkola,12.03.07,Sibulele Muara,12.03.07.2045
SUMATERA UTARA,12,KAB. TAPANULI SELATAN,12.03,Batang Angkola,12.03.07,Bargot Topong,12.03.07.2047
SUMATERA UTARA,12,KAB. TAPANULI SELATAN,12.03,Batang Angkola,12.03.07,Sigulang Losung,12.03.07.2053
SUMATERA UTARA,12,KAB. TAPANULI SELATAN,12.03,Batang Angkola,12.03.07,Hurase,12.03.07.2055
SUMATERA UTARA,12,KAB. TAPANULI SELATAN,12.03,Batang Angkola,12.03.07,Sorimadingin PP,12.03.07.2057
SUMATERA UTARA,12,KAB. TAPANULI SELATAN,12.03,Batang Angkola,12.03.07,Huta Padang,12.03.07.2058
SUMATERA UTARA,12,KAB. TAPANULI SELATAN,12.03,Batang Angkola,12.03.07,Pintu Padang I,12.03.07.1060
SUMATERA UTARA,12,KAB. TAPANULI SELATAN,12.03,Batang Angkola,12.03.07,Pintu Padang II,12.03.07.1061
SUMATERA UTARA,12,KAB. TAPANULI SELATAN,12.03,Batang Angkola,12.03.07,Tahalak Ujung Gading,12.03.07.2062
SUMATERA UTARA,12,KAB. TAPANULI SELATAN,12.03,Batang Angkola,12.03.07,Sidadi II,12.03.07.2063
SUMATERA UTARA,12,KAB. TAPANULI SELATAN,12.03,Batang Angkola,12.03.07,Aek Gunung,12.03.07.2067
SUMATERA UTARA,12,KAB. TAPANULI SELATAN,12.03,Batang Angkola,12.03.07,Bangun Purba,12.03.07.1068
SUMATERA UTARA,12,KAB. TAPANULI SELATAN,12.03,Arse,12.03.14,Sipogu,12.03.14.2028
SUMATERA UTARA,12,KAB. TAPANULI SELATAN,12.03,Arse,12.03.14,Pinagar,12.03.14.2032
SUMATERA UTARA,12,KAB. TAPANULI SELATAN,12.03,Arse,12.03.14,Pardomuan,12.03.14.2033
SUMATERA UTARA,12,KAB. TAPANULI SELATAN,12.03,Arse,12.03.14,Aek Haminjon,12.03.14.2034
SUMATERA UTARA,12,KAB. TAPANULI SELATAN,12.03,Arse,12.03.14,Nanggar Jati Huta Padang,12.03.14.2035
SUMATERA UTARA,12,KAB. TAPANULI SELATAN,12.03,Arse,12.03.14,Nanggar Jati,12.03.14.2036
SUMATERA UTARA,12,KAB. TAPANULI SELATAN,12.03,Arse,12.03.14,Natambang Roncitan,12.03.14.2037
SUMATERA UTARA,12,KAB. TAPANULI SELATAN,12.03,Arse,12.03.14,Dalihan Natolu,12.03.14.2038
SUMATERA UTARA,12,KAB. TAPANULI SELATAN,12.03,Arse,12.03.14,Arse,12.03.14.1039
SUMATERA UTARA,12,KAB. TAPANULI SELATAN,12.03,Arse,12.03.14,Lancat,12.03.14.1040
SUMATERA UTARA,12,KAB. TAPANULI SELATAN,12.03,Marancar,12.03.20,Huraba,12.03.20.2002
SUMATERA UTARA,12,KAB. TAPANULI SELATAN,12.03,Marancar,12.03.20,Pasar Sempurna,12.03.20.1004
SUMATERA UTARA,12,KAB. TAPANULI SELATAN,12.03,Marancar,12.03.20,Gunung Binanga,12.03.20.2014
SUMATERA UTARA,12,KAB. TAPANULI SELATAN,12.03,Marancar,12.03.20,Marancar Godang,12.03.20.2015
SUMATERA UTARA,12,KAB. TAPANULI SELATAN,12.03,Marancar,12.03.20,Simaninggir,12.03.20.2016
SUMATERA UTARA,12,KAB. TAPANULI SELATAN,12.03,Marancar,12.03.20,Sugi,12.03.20.2023
SUMATERA UTARA,12,KAB. TAPANULI SELATAN,12.03,Marancar,12.03.20,Haunatas,12.03.20.2028
SUMATERA UTARA,12,KAB. TAPANULI SELATAN,12.03,Marancar,12.03.20,Aek Nabara,12.03.20.2032
SUMATERA UTARA,12,KAB. TAPANULI SELATAN,12.03,Marancar,12.03.20,Gapuk Tua,12.03.20.2033
SUMATERA UTARA,12,KAB. TAPANULI SELATAN,12.03,Marancar,12.03.20,Marancar Julu,12.03.20.2034
SUMATERA UTARA,12,KAB. TAPANULI SELATAN,12.03,Marancar,12.03.20,Aek Sabaon,12.03.20.2035
SUMATERA UTARA,12,KAB. TAPANULI SELATAN,12.03,Marancar,12.03.20,Tanjung Dolok,12.03.20.2036
SUMATERA UTARA,12,KAB. TAPANULI SELATAN,12.03,Sayur Matinggi,12.03.21,Janji Mauli Baringin,12.03.21.2003
SUMATERA UTARA,12,KAB. TAPANULI SELATAN,12.03,Sayur Matinggi,12.03.21,Mondang,12.03.21.2004
SUMATERA UTARA,12,KAB. TAPANULI SELATAN,12.03,Sayur Matinggi,12.03.21,Sialang,12.03.21.2005
SUMATERA UTARA,12,KAB. TAPANULI SELATAN,12.03,Sayur Matinggi,12.03.21,Sipange Julu,12.03.21.2006
SUMATERA UTARA,12,KAB. TAPANULI SELATAN,12.03,Sayur Matinggi,12.03.21,Sipange Godang,12.03.21.2007
SUMATERA UTARA,12,KAB. TAPANULI SELATAN,12.03,Sayur Matinggi,12.03.21,Tolang Julu,12.03.21.2008
SUMATERA UTARA,12,KAB. TAPANULI SELATAN,12.03,Sayur Matinggi,12.03.21,Tolang Jae,12.03.21.2009
SUMATERA UTARA,12,KAB. TAPANULI SELATAN,12.03,Sayur Matinggi,12.03.21,Bange,12.03.21.2012
SUMATERA UTARA,12,KAB. TAPANULI SELATAN,12.03,Sayur Matinggi,12.03.21,Bulu Gading,12.03.21.2013
SUMATERA UTARA,12,KAB. TAPANULI SELATAN,12.03,Sayur Matinggi,12.03.21,Aek Libung,12.03.21.2018
SUMATERA UTARA,12,KAB. TAPANULI SELATAN,12.03,Sayur Matinggi,12.03.21,Aek Badak Jae,12.03.21.2023
SUMATERA UTARA,12,KAB. TAPANULI SELATAN,12.03,Sayur Matinggi,12.03.21,Aek Badak Julu,12.03.21.2024
SUMATERA UTARA,12,KAB. TAPANULI SELATAN,12.03,Sayur Matinggi,12.03.21,Huta Pardomuan,12.03.21.2026
SUMATERA UTARA,12,KAB. TAPANULI SELATAN,12.03,Sayur Matinggi,12.03.21,Sipange Siunjam,12.03.21.2056
SUMATERA UTARA,12,KAB. TAPANULI SELATAN,12.03,Sayur Matinggi,12.03.21,Silaiya,12.03.21.2057
SUMATERA UTARA,12,KAB. TAPANULI SELATAN,12.03,Sayur Matinggi,12.03.21,Somanggal Parmonangan,12.03.21.2058
SUMATERA UTARA,12,KAB. TAPANULI SELATAN,12.03,Sayur Matinggi,12.03.21,Lumban Huayan,12.03.21.2059
SUMATERA UTARA,12,KAB. TAPANULI SELATAN,12.03,Sayur Matinggi,12.03.21,Silaiya Tanjung Leuk,12.03.21.2062
SUMATERA UTARA,12,KAB. TAPANULI SELATAN,12.03,Sayur Matinggi,12.03.21,Sayur Matinggi,12.03.21.1063
SUMATERA UTARA,12,KAB. TAPANULI SELATAN,12.03,Aek Bilah,12.03.22,Sigolang,12.03.22.2003
SUMATERA UTARA,12,KAB. TAPANULI SELATAN,12.03,Aek Bilah,12.03.22,Biru,12.03.22.2005
SUMATERA UTARA,12,KAB. TAPANULI SELATAN,12.03,Aek Bilah,12.03.22,Tapus Godang,12.03.22.2008
SUMATERA UTARA,12,KAB. TAPANULI SELATAN,12.03,Aek Bilah,12.03.22,Lobu Tayas,12.03.22.2017
SUMATERA UTARA,12,KAB. TAPANULI SELATAN,12.03,Aek Bilah,12.03.22,Silangkitang,12.03.22.2020
SUMATERA UTARA,12,KAB. TAPANULI SELATAN,12.03,Aek Bilah,12.03.22,Sihulambu,12.03.22.2033
SUMATERA UTARA,12,KAB. TAPANULI SELATAN,12.03,Aek Bilah,12.03.22,Tolang,12.03.22.2043
SUMATERA UTARA,12,KAB. TAPANULI SELATAN,12.03,Aek Bilah,12.03.22,Tapus Sipagabu,12.03.22.2044
SUMATERA UTARA,12,KAB. TAPANULI SELATAN,12.03,Aek Bilah,12.03.22,Huta baru,12.03.22.2045
SUMATERA UTARA,12,KAB. TAPANULI SELATAN,12.03,Aek Bilah,12.03.22,Aek Latong,12.03.22.2046
SUMATERA UTARA,12,KAB. TAPANULI SELATAN,12.03,Aek Bilah,12.03.22,Aek Urat,12.03.22.2047
SUMATERA UTARA,12,KAB. TAPANULI SELATAN,12.03,Aek Bilah,12.03.22,Gorahut,12.03.22.2048
SUMATERA UTARA,12,KAB. TAPANULI SELATAN,12.03,Muara Batang Toru,12.03.29,Bandar Hapinis,12.03.29.2001
SUMATERA UTARA,12,KAB. TAPANULI SELATAN,12.03,Muara Batang Toru,12.03.29,Hutaraja,12.03.29.1002
SUMATERA UTARA,12,KAB. TAPANULI SELATAN,12.03,Muara Batang Toru,12.03.29,Pardamean,12.03.29.2003
SUMATERA UTARA,12,KAB. TAPANULI SELATAN,12.03,Muara Batang Toru,12.03.29,Tarapung Raya,12.03.29.2004
SUMATERA UTARA,12,KAB. TAPANULI SELATAN,12.03,Muara Batang Toru,12.03.29,Muara Opu,12.03.29.2007
SUMATERA UTARA,12,KAB. TAPANULI SELATAN,12.03,Muara Batang Toru,12.03.29,Muara Manompas,12.03.29.1008
SUMATERA UTARA,12,KAB. TAPANULI SELATAN,12.03,Muara Batang Toru,12.03.29,Muara Ampolu,12.03.29.1009
SUMATERA UTARA,12,KAB. TAPANULI SELATAN,12.03,Muara Batang Toru,12.03.29,Simarlelan,12.03.29.2010
SUMATERA UTARA,12,KAB. TAPANULI SELATAN,12.03,Muara Batang Toru,12.03.29,Muara Huta Raja,12.03.29.2011
SUMATERA UTARA,12,KAB. TAPANULI SELATAN,12.03,Tano Tombangan Angkola,12.03.30,Panabari Hutatonga,12.03.30.1001
SUMATERA UTARA,12,KAB. TAPANULI SELATAN,12.03,Tano Tombangan Angkola,12.03.30,Aek Uncim,12.03.30.2002
SUMATERA UTARA,12,KAB. TAPANULI SELATAN,12.03,Tano Tombangan Angkola,12.03.30,Panindoan,12.03.30.2003
SUMATERA UTARA,12,KAB. TAPANULI SELATAN,12.03,Tano Tombangan Angkola,12.03.30,Aek Kahombu,12.03.30.2004
SUMATERA UTARA,12,KAB. TAPANULI SELATAN,12.03,Tano Tombangan Angkola,12.03.30,Batu Horpak,12.03.30.2005
SUMATERA UTARA,12,KAB. TAPANULI SELATAN,12.03,Tano Tombangan Angkola,12.03.30,Situmba,12.03.30.2006
SUMATERA UTARA,12,KAB. TAPANULI SELATAN,12.03,Tano Tombangan Angkola,12.03.30,Purba Tua,12.03.30.2007
SUMATERA UTARA,12,KAB. TAPANULI SELATAN,12.03,Tano Tombangan Angkola,12.03.30,Lumban Jabi-jabi,12.03.30.2008
SUMATERA UTARA,12,KAB. TAPANULI SELATAN,12.03,Tano Tombangan Angkola,12.03.30,Ingul Jae,12.03.30.2009
SUMATERA UTARA,12,KAB. TAPANULI SELATAN,12.03,Tano Tombangan Angkola,12.03.30,Sisoma,12.03.30.2010
SUMATERA UTARA,12,KAB. TAPANULI SELATAN,12.03,Tano Tombangan Angkola,12.03.30,Lumban Ratus,12.03.30.2011
SUMATERA UTARA,12,KAB. TAPANULI SELATAN,12.03,Tano Tombangan Angkola,12.03.30,Kota Tua,12.03.30.2012
SUMATERA UTARA,12,KAB. TAPANULI SELATAN,12.03,Tano Tombangan Angkola,12.03.30,Simaninggir Tano Tombangan,12.03.30.2013
SUMATERA UTARA,12,KAB. TAPANULI SELATAN,12.03,Tano Tombangan Angkola,12.03.30,Huta Raja,12.03.30.2014
SUMATERA UTARA,12,KAB. TAPANULI SELATAN,12.03,Tano Tombangan Angkola,12.03.30,Harean,12.03.30.2015
SUMATERA UTARA,12,KAB. TAPANULI SELATAN,12.03,Tano Tombangan Angkola,12.03.30,Aek Parupuk,12.03.30.2016
SUMATERA UTARA,12,KAB. TAPANULI SELATAN,12.03,Tano Tombangan Angkola,12.03.30,Tanjung Medan,12.03.30.2017
SUMATERA UTARA,12,KAB. TAPANULI SELATAN,12.03,Angkola Sangkunur,12.03.31,Sangkunur,12.03.31.1001
SUMATERA UTARA,12,KAB. TAPANULI SELATAN,12.03,Angkola Sangkunur,12.03.31,Rianiate,12.03.31.1002
SUMATERA UTARA,12,KAB. TAPANULI SELATAN,12.03,Angkola Sangkunur,12.03.31,Simatohir,12.03.31.2003
SUMATERA UTARA,12,KAB. TAPANULI SELATAN,12.03,Angkola Sangkunur,12.03.31,Perkebunan,12.03.31.2004
SUMATERA UTARA,12,KAB. TAPANULI SELATAN,12.03,Angkola Sangkunur,12.03.31,Bandar Tarutung,12.03.31.2005
SUMATERA UTARA,12,KAB. TAPANULI SELATAN,12.03,Angkola Sangkunur,12.03.31,Aek Pardomuan,12.03.31.2006
SUMATERA UTARA,12,KAB. TAPANULI SELATAN,12.03,Angkola Sangkunur,12.03.31,Tindoan Laut,12.03.31.2007
SUMATERA UTARA,12,KAB. TAPANULI SELATAN,12.03,Angkola Sangkunur,12.03.31,Simataniari,12.03.31.2008
SUMATERA UTARA,12,KAB. TAPANULI SELATAN,12.03,Angkola Sangkunur,12.03.31,Batu Godang,12.03.31.2009
SUMATERA UTARA,12,KAB. TAPANULI SELATAN,12.03,Angkola Sangkunur,12.03.31,Malombu,12.03.31.2010
SUMATERA UTARA,12,KAB. TAPANULI SELATAN,12.03,Angkola Muara Tais,12.03.32,Bintuju,12.03.32.1001
SUMATERA UTARA,12,KAB. TAPANULI SELATAN,12.03,Angkola Muara Tais,12.03.32,Huta Tonga,12.03.32.1002
SUMATERA UTARA,12,KAB. TAPANULI SELATAN,12.03,Angkola Muara Tais,12.03.32,Basilam Baru,12.03.32.2003
SUMATERA UTARA,12,KAB. TAPANULI SELATAN,12.03,Angkola Muara Tais,12.03.32,Sipangko,12.03.32.2004
SUMATERA UTARA,12,KAB. TAPANULI SELATAN,12.03,Angkola Muara Tais,12.03.32,Huta Holbung,12.03.32.2005
SUMATERA UTARA,12,KAB. TAPANULI SELATAN,12.03,Angkola Muara Tais,12.03.32,Muara Tais I,12.03.32.2006
SUMATERA UTARA,12,KAB. TAPANULI SELATAN,12.03,Angkola Muara Tais,12.03.32,Muara Tais II,12.03.32.2007
SUMATERA UTARA,12,KAB. TAPANULI SELATAN,12.03,Angkola Muara Tais,12.03.32,Muara Tais III,12.03.32.2008
SUMATERA UTARA,12,KAB. TAPANULI SELATAN,12.03,Angkola Muara Tais,12.03.32,Janji Mauli MT,12.03.32.2009
SUMATERA UTARA,12,KAB. TAPANULI SELATAN,12.03,Angkola Muara Tais,12.03.32,Pargumbangan,12.03.32.2010
SUMATERA UTARA,12,KAB. TAPANULI SELATAN,12.03,Angkola Muara Tais,12.03.32,Pangaribuan,12.03.32.2011
SUMATERA UTARA,12,KAB. TAPANULI SELATAN,12.03,Angkola Muara Tais,12.03.32,Pasir Matogu,12.03.32.2012
SUMATERA UTARA,12,KAB. TAPANULI SELATAN,12.03,Angkola Muara Tais,12.03.32,Sori Manaon,12.03.32.2013
SUMATERA UTARA,12,KAB. TAPANULI SELATAN,12.03,Angkola Muara Tais,12.03.32,Muara Purba Nauli,12.03.32.2014
SUMATERA UTARA,12,KAB. TAPANULI SELATAN,12.03,Angkola Muara Tais,12.03.32,Tatengger,12.03.32.2015
SUMATERA UTARA,12,KAB. NIAS,12.04,Hiliduho,12.04.05,Ononamolo I Bot,12.04.05.2001
SUMATERA UTARA,12,KAB. NIAS,12.04,Hiliduho,12.04.05,Dima,12.04.05.2021
SUMATERA UTARA,12,KAB. NIAS,12.04,Hiliduho,12.04.05,Sinarikhi,12.04.05.2022
SUMATERA UTARA,12,KAB. NIAS,12.04,Hiliduho,12.04.05,Ombolata Salo'o,12.04.05.2023
SUMATERA UTARA,12,KAB. NIAS,12.04,Hiliduho,12.04.05,Sisobalauru,12.04.05.2024
SUMATERA UTARA,12,KAB. NIAS,12.04,Hiliduho,12.04.05,Tuhegafoa II,12.04.05.2025
SUMATERA UTARA,12,KAB. NIAS,12.04,Hiliduho,12.04.05,Fadoro Lauru,12.04.05.2027
SUMATERA UTARA,12,KAB. NIAS,12.04,Hiliduho,12.04.05,Lasara Tanose'o,12.04.05.2028
SUMATERA UTARA,12,KAB. NIAS,12.04,Hiliduho,12.04.05,Hiliduho,12.04.05.2030
SUMATERA UTARA,12,KAB. NIAS,12.04,Hiliduho,12.04.05,Hiligodu Tanoseo,12.04.05.2031
SUMATERA UTARA,12,KAB. NIAS,12.04,Hiliduho,12.04.05,Sisobahili I Tanoseo,12.04.05.2032
SUMATERA UTARA,12,KAB. NIAS,12.04,Hiliduho,12.04.05,Onozitolidulu,12.04.05.2033
SUMATERA UTARA,12,KAB. NIAS,12.04,Hiliduho,12.04.05,Mazingo Tanose'o,12.04.05.2034
SUMATERA UTARA,12,KAB. NIAS,12.04,Hiliduho,12.04.05,Onowaembo Hiligara,12.04.05.2040
SUMATERA UTARA,12,KAB. NIAS,12.04,Hiliduho,12.04.05,Silimabanua,12.04.05.2041
SUMATERA UTARA,12,KAB. NIAS,12.04,Hiliduho,12.04.05,Ombolata Sisarahili,12.04.05.2042
SUMATERA UTARA,12,KAB. NIAS,12.04,Gido,12.04.06,Hiliotalua,12.04.06.2006
SUMATERA UTARA,12,KAB. NIAS,12.04,Gido,12.04.06,Akhelauwe,12.04.06.2008
SUMATERA UTARA,12,KAB. NIAS,12.04,Gido,12.04.06,Hilisebua,12.04.06.2016
SUMATERA UTARA,12,KAB. NIAS,12.04,Gido,12.04.06,Somi,12.04.06.2017
SUMATERA UTARA,12,KAB. NIAS,12.04,Gido,12.04.06,Sirete,12.04.06.2018
SUMATERA UTARA,12,KAB. NIAS,12.04,Gido,12.04.06,Heliweto Gido,12.04.06.2019
SUMATERA UTARA,12,KAB. NIAS,12.04,Gido,12.04.06,Loloana'a Gido,12.04.06.2020
SUMATERA UTARA,12,KAB. NIAS,12.04,Gido,12.04.06,Sisobahili,12.04.06.2022
SUMATERA UTARA,12,KAB. NIAS,12.04,Gido,12.04.06,Lahemo,12.04.06.2023
SUMATERA UTARA,12,KAB. NIAS,12.04,Gido,12.04.06,Ladea,12.04.06.2024
SUMATERA UTARA,12,KAB. NIAS,12.04,Gido,12.04.06,Umbu,12.04.06.2027
SUMATERA UTARA,12,KAB. NIAS,12.04,Gido,12.04.06,Soewe,12.04.06.2028
SUMATERA UTARA,12,KAB. NIAS,12.04,Gido,12.04.06,Lolozasai,12.04.06.2029
SUMATERA UTARA,12,KAB. NIAS,12.04,Gido,12.04.06,Lazara Idanoi,12.04.06.2030
SUMATERA UTARA,12,KAB. NIAS,12.04,Gido,12.04.06,Lasela,12.04.06.2050
SUMATERA UTARA,12,KAB. NIAS,12.04,Gido,12.04.06,Ladea Orahua,12.04.06.2051
SUMATERA UTARA,12,KAB. NIAS,12.04,Gido,12.04.06,Tulumbaho Salo'o,12.04.06.2052
SUMATERA UTARA,12,KAB. NIAS,12.04,Gido,12.04.06,Nifolo'o Lauru,12.04.06.2053
SUMATERA UTARA,12,KAB. NIAS,12.04,Gido,12.04.06,Hilizoi,12.04.06.2054
SUMATERA UTARA,12,KAB. NIAS,12.04,Gido,12.04.06,Somi Botogo'o,12.04.06.2055
SUMATERA UTARA,12,KAB. NIAS,12.04,Gido,12.04.06,Olindrawa Sisarahili,12.04.06.2056
SUMATERA UTARA,12,KAB. NIAS,12.04,Idanogawo,12.04.10,Hilimoasio,12.04.10.2005
SUMATERA UTARA,12,KAB. NIAS,12.04,Idanogawo,12.04.10,Tetegeona'ai,12.04.10.2006
SUMATERA UTARA,12,KAB. NIAS,12.04,Idanogawo,12.04.10,Laowo Hilimbaruzo,12.04.10.2007
SUMATERA UTARA,12,KAB. NIAS,12.04,Idanogawo,12.04.10,Hililawae,12.04.10.2008
SUMATERA UTARA,12,KAB. NIAS,12.04,Idanogawo,12.04.10,Tuhewaebu,12.04.10.2009
SUMATERA UTARA,12,KAB. NIAS,12.04,Idanogawo,12.04.10,Sisobahili Iraono Hura,12.04.10.2014
SUMATERA UTARA,12,KAB. NIAS,12.04,Idanogawo,12.04.10,Bozihona,12.04.10.2015
SUMATERA UTARA,12,KAB. NIAS,12.04,Idanogawo,12.04.10,Oladano,12.04.10.2016
SUMATERA UTARA,12,KAB. NIAS,12.04,Idanogawo,12.04.10,Ahedano,12.04.10.2017
SUMATERA UTARA,12,KAB. NIAS,12.04,Idanogawo,12.04.10,Hilina'a Tafuo,12.04.10.2018
SUMATERA UTARA,12,KAB. NIAS,12.04,Idanogawo,12.04.10,Hiliono Zega,12.04.10.2019
SUMATERA UTARA,12,KAB. NIAS,12.04,Idanogawo,12.04.10,Mondrali,12.04.10.2020
SUMATERA UTARA,12,KAB. NIAS,12.04,Idanogawo,12.04.10,Tetehosi,12.04.10.2022
SUMATERA UTARA,12,KAB. NIAS,12.04,Idanogawo,12.04.10,Saiwahili Hili'adulo,12.04.10.2023
SUMATERA UTARA,12,KAB. NIAS,12.04,Idanogawo,12.04.10,Maliwa'a,12.04.10.2024
SUMATERA UTARA,12,KAB. NIAS,12.04,Idanogawo,12.04.10,Biouti,12.04.10.2025
SUMATERA UTARA,12,KAB. NIAS,12.04,Idanogawo,12.04.10,Awoni Lauso,12.04.10.2026
SUMATERA UTARA,12,KAB. NIAS,12.04,Idanogawo,12.04.10,Bobozioli Loloana'a,12.04.10.2027
SUMATERA UTARA,12,KAB. NIAS,12.04,Idanogawo,12.04.10,Sandruta,12.04.10.2028
SUMATERA UTARA,12,KAB. NIAS,12.04,Idanogawo,12.04.10,Laira,12.04.10.2029
SUMATERA UTARA,12,KAB. NIAS,12.04,Idanogawo,12.04.10,Otalua,12.04.10.2030
SUMATERA UTARA,12,KAB. NIAS,12.04,Idanogawo,12.04.10,Baruzo,12.04.10.2031
SUMATERA UTARA,12,KAB. NIAS,12.04,Idanogawo,12.04.10,Orahili Zuzundrao,12.04.10.2032
SUMATERA UTARA,12,KAB. NIAS,12.04,Idanogawo,12.04.10,Tiga Serangkai Maliwa'a,12.04.10.2033
SUMATERA UTARA,12,KAB. NIAS,12.04,Idanogawo,12.04.10,Hiligogowaya Maliwa'a,12.04.10.2034
SUMATERA UTARA,12,KAB. NIAS,12.04,Idanogawo,12.04.10,Hili'adulo,12.04.10.2035
SUMATERA UTARA,12,KAB. NIAS,12.04,Idanogawo,12.04.10,Hilimoasio Dua,12.04.10.2036
SUMATERA UTARA,12,KAB. NIAS,12.04,Idanogawo,12.04.10,Biouti Timur,12.04.10.2037
SUMATERA UTARA,12,KAB. NIAS,12.04,Bawolato,12.04.11,Sisarahili Bawolato,12.04.11.2002
SUMATERA UTARA,12,KAB. NIAS,12.04,Bawolato,12.04.11,Hiliganoita,12.04.11.2003
SUMATERA UTARA,12,KAB. NIAS,12.04,Bawolato,12.04.11,Gazamanu,12.04.11.2004
SUMATERA UTARA,12,KAB. NIAS,12.04,Bawolato,12.04.11,Hilihoru,12.04.11.2005
SUMATERA UTARA,12,KAB. NIAS,12.04,Bawolato,12.04.11,Hilialawa,12.04.11.2006
SUMATERA UTARA,12,KAB. NIAS,12.04,Bawolato,12.04.11,Hilifaosi,12.04.11.2007
SUMATERA UTARA,12,KAB. NIAS,12.04,Bawolato,12.04.11,Hiliwarokha,12.04.11.2008
SUMATERA UTARA,12,KAB. NIAS,12.04,Bawolato,12.04.11,Sitolu Banua,12.04.11.2009
SUMATERA UTARA,12,KAB. NIAS,12.04,Bawolato,12.04.11,Siofaewali,12.04.11.2010
SUMATERA UTARA,12,KAB. NIAS,12.04,Bawolato,12.04.11,Sohoya,12.04.11.2011
SUMATERA UTARA,12,KAB. NIAS,12.04,Bawolato,12.04.11,Botohaenga,12.04.11.2012
SUMATERA UTARA,12,KAB. NIAS,12.04,Bawolato,12.04.11,Orahili,12.04.11.2013
SUMATERA UTARA,12,KAB. NIAS,12.04,Bawolato,12.04.11,Tagaule,12.04.11.2014
SUMATERA UTARA,12,KAB. NIAS,12.04,Bawolato,12.04.11,Siofabanua,12.04.11.2015
SUMATERA UTARA,12,KAB. NIAS,12.04,Bawolato,12.04.11,Sifaoroasi Ulu Hou,12.04.11.2016
SUMATERA UTARA,12,KAB. NIAS,12.04,Bawolato,12.04.11,Dahana,12.04.11.2017
SUMATERA UTARA,12,KAB. NIAS,12.04,Bawolato,12.04.11,Orahua,12.04.11.2018
SUMATERA UTARA,12,KAB. NIAS,12.04,Bawolato,12.04.11,Banua Sibohou Silima Ewali,12.04.11.2019
SUMATERA UTARA,12,KAB. NIAS,12.04,Bawolato,12.04.11,Si'ofaewali Selatan,12.04.11.2020
SUMATERA UTARA,12,KAB. NIAS,12.04,Bawolato,12.04.11,Lagasimahe,12.04.11.2021
SUMATERA UTARA,12,KAB. NIAS,12.04,Bawolato,12.04.11,Hilihao Cugala,12.04.11.2022
SUMATERA UTARA,12,KAB. NIAS,12.04,Bawolato,12.04.11,Orahua Faondrato,12.04.11.2023
SUMATERA UTARA,12,KAB. NIAS,12.04,Bawolato,12.04.11,Hou,12.04.11.2024
SUMATERA UTARA,12,KAB. NIAS,12.04,Bawolato,12.04.11,Sindrondro,12.04.11.2025
SUMATERA UTARA,12,KAB. NIAS,12.04,Bawolato,12.04.11,Balale Toba'a,12.04.11.2026
SUMATERA UTARA,12,KAB. NIAS,12.04,Hiliserangkai,12.04.20,Fadoro Hunogoa,12.04.20.2001
SUMATERA UTARA,12,KAB. NIAS,12.04,Hiliserangkai,12.04.20,Lolofaoso Lalai,12.04.20.2002
SUMATERA UTARA,12,KAB. NIAS,12.04,Hiliserangkai,12.04.20,Fulolo Lalai,12.04.20.2003
SUMATERA UTARA,12,KAB. NIAS,12.04,Hiliserangkai,12.04.20,Lawa-Lawa,12.04.20.2004
SUMATERA UTARA,12,KAB. NIAS,12.04,Hiliserangkai,12.04.20,Lalai I/II,12.04.20.2005
SUMATERA UTARA,12,KAB. NIAS,12.04,Hiliserangkai,12.04.20,Lolowua,12.04.20.2006
SUMATERA UTARA,12,KAB. NIAS,12.04,Hiliserangkai,12.04.20,Dahadano Botombawo,12.04.20.2007
SUMATERA UTARA,12,KAB. NIAS,12.04,Hiliserangkai,12.04.20,Fadoro Lalai,12.04.20.2008
SUMATERA UTARA,12,KAB. NIAS,12.04,Hiliserangkai,12.04.20,Lolowua Hiliwarasi,12.04.20.2009
SUMATERA UTARA,12,KAB. NIAS,12.04,Hiliserangkai,12.04.20,Hilizia Lauru,12.04.20.2010
SUMATERA UTARA,12,KAB. NIAS,12.04,Hiliserangkai,12.04.20,Ehosakhozi,12.04.20.2011
SUMATERA UTARA,12,KAB. NIAS,12.04,Hiliserangkai,12.04.20,Awela,12.04.20.2012
SUMATERA UTARA,12,KAB. NIAS,12.04,Hiliserangkai,12.04.20,Onombongi,12.04.20.2013
SUMATERA UTARA,12,KAB. NIAS,12.04,Hiliserangkai,12.04.20,Orahili Idanoi,12.04.20.2014
SUMATERA UTARA,12,KAB. NIAS,12.04,Hiliserangkai,12.04.20,Lolofaoso,12.04.20.2015
SUMATERA UTARA,12,KAB. NIAS,12.04,Botomuzoi,12.04.21,Hiligodu Botomuzoi,12.04.21.2001
SUMATERA UTARA,12,KAB. NIAS,12.04,Botomuzoi,12.04.21,Lasara Botomuzoi,12.04.21.2002
SUMATERA UTARA,12,KAB. NIAS,12.04,Botomuzoi,12.04.21,Hiliwaele I,12.04.21.2003
SUMATERA UTARA,12,KAB. NIAS,12.04,Botomuzoi,12.04.21,Hilimbowo Botomuzoi,12.04.21.2004
SUMATERA UTARA,12,KAB. NIAS,12.04,Botomuzoi,12.04.21,Simanaere Botomuzoi,12.04.21.2005
SUMATERA UTARA,12,KAB. NIAS,12.04,Botomuzoi,12.04.21,Hiliwaele II,12.04.21.2006
SUMATERA UTARA,12,KAB. NIAS,12.04,Botomuzoi,12.04.21,Tuhegafoa I,12.04.21.2007
SUMATERA UTARA,12,KAB. NIAS,12.04,Botomuzoi,12.04.21,Balohili Botomuzoi,12.04.21.2008
SUMATERA UTARA,12,KAB. NIAS,12.04,Botomuzoi,12.04.21,Hilihambawa Botomuzoi,12.04.21.2009
SUMATERA UTARA,12,KAB. NIAS,12.04,Botomuzoi,12.04.21,Fulolo Botomuzoi,12.04.21.2010
SUMATERA UTARA,12,KAB. NIAS,12.04,Botomuzoi,12.04.21,Loloana'a,12.04.21.2011
SUMATERA UTARA,12,KAB. NIAS,12.04,Botomuzoi,12.04.21,Ononamolo Talafu,12.04.21.2012
SUMATERA UTARA,12,KAB. NIAS,12.04,Botomuzoi,12.04.21,Sisobahili Dola,12.04.21.2013
SUMATERA UTARA,12,KAB. NIAS,12.04,Botomuzoi,12.04.21,Banua Sibohou Botomuzoi,12.04.21.2014
SUMATERA UTARA,12,KAB. NIAS,12.04,Botomuzoi,12.04.21,Mohili Berua Botomuzoi,12.04.21.2015
SUMATERA UTARA,12,KAB. NIAS,12.04,Botomuzoi,12.04.21,Tetehosi Botomuzoi,12.04.21.2016
SUMATERA UTARA,12,KAB. NIAS,12.04,Botomuzoi,12.04.21,Talafu,12.04.21.2017
SUMATERA UTARA,12,KAB. NIAS,12.04,Botomuzoi,12.04.21,Ola Nori,12.04.21.2018
SUMATERA UTARA,12,KAB. NIAS,12.04,Ulugawo,12.04.27,Orahili,12.04.27.2001
SUMATERA UTARA,12,KAB. NIAS,12.04,Ulugawo,12.04.27,Hiliwetogela,12.04.27.2002
SUMATERA UTARA,12,KAB. NIAS,12.04,Ulugawo,12.04.27,Lawalawa Luo,12.04.27.2003
SUMATERA UTARA,12,KAB. NIAS,12.04,Ulugawo,12.04.27,Hilimbowo,12.04.27.2004
SUMATERA UTARA,12,KAB. NIAS,12.04,Ulugawo,12.04.27,Hilibadalu,12.04.27.2005
SUMATERA UTARA,12,KAB. NIAS,12.04,Ulugawo,12.04.27,Fatodano,12.04.27.2006
SUMATERA UTARA,12,KAB. NIAS,12.04,Ulugawo,12.04.27,Fahandrona,12.04.27.2007
SUMATERA UTARA,12,KAB. NIAS,12.04,Ulugawo,12.04.27,Onodalinga,12.04.27.2008
SUMATERA UTARA,12,KAB. NIAS,12.04,Ulugawo,12.04.27,Holi,12.04.27.2009
SUMATERA UTARA,12,KAB. NIAS,12.04,Ulugawo,12.04.27,Sisobahili Ulu Gawo,12.04.27.2010
SUMATERA UTARA,12,KAB. NIAS,12.04,Ulugawo,12.04.27,Sifaro'asi Ulu Gawo,12.04.27.2011
SUMATERA UTARA,12,KAB. NIAS,12.04,Ulugawo,12.04.27,Mohili,12.04.27.2012
SUMATERA UTARA,12,KAB. NIAS,12.04,Ulugawo,12.04.27,Hiligafoa,12.04.27.2013
SUMATERA UTARA,12,KAB. NIAS,12.04,Ulugawo,12.04.27,Sisarahili Soroma'asi,12.04.27.2014
SUMATERA UTARA,12,KAB. NIAS,12.04,Ma'u,12.04.28,Balodano,12.04.28.2001
SUMATERA UTARA,12,KAB. NIAS,12.04,Ma'u,12.04.28,Lewuoguru II,12.04.28.2002
SUMATERA UTARA,12,KAB. NIAS,12.04,Ma'u,12.04.28,Sihare'o III,12.04.28.2003
SUMATERA UTARA,12,KAB. NIAS,12.04,Ma'u,12.04.28,Sisarahilima'u,12.04.28.2004
SUMATERA UTARA,12,KAB. NIAS,12.04,Ma'u,12.04.28,Lasara Siwalu Banua,12.04.28.2005
SUMATERA UTARA,12,KAB. NIAS,12.04,Ma'u,12.04.28,Tuhemberua,12.04.28.2006
SUMATERA UTARA,12,KAB. NIAS,12.04,Ma'u,12.04.28,Atualuo,12.04.28.2007
SUMATERA UTARA,12,KAB. NIAS,12.04,Ma'u,12.04.28,Lewa Lewa,12.04.28.2008
SUMATERA UTARA,12,KAB. NIAS,12.04,Ma'u,12.04.28,Dekha,12.04.28.2009
SUMATERA UTARA,12,KAB. NIAS,12.04,Ma'u,12.04.28,Sihare'o III Bawosalo'o Berua,12.04.28.2010
SUMATERA UTARA,12,KAB. NIAS,12.04,Ma'u,12.04.28,Sihare'o III Hilibadalu,12.04.28.2011
SUMATERA UTARA,12,KAB. NIAS,12.04,Somolo-molo,12.04.29,Sisobawino I,12.04.29.2001
SUMATERA UTARA,12,KAB. NIAS,12.04,Somolo-molo,12.04.29,I'odano,12.04.29.2002
SUMATERA UTARA,12,KAB. NIAS,12.04,Somolo-molo,12.04.29,Huno,12.04.29.2003
SUMATERA UTARA,12,KAB. NIAS,12.04,Somolo-molo,12.04.29,Sisaratandrawa,12.04.29.2004
SUMATERA UTARA,12,KAB. NIAS,12.04,Somolo-molo,12.04.29,Somolo Molo,12.04.29.2005
SUMATERA UTARA,12,KAB. NIAS,12.04,Somolo-molo,12.04.29,Lewuoguru I,12.04.29.2006
SUMATERA UTARA,12,KAB. NIAS,12.04,Somolo-molo,12.04.29,Sifaoro Asi,12.04.29.2007
SUMATERA UTARA,12,KAB. NIAS,12.04,Somolo-molo,12.04.29,Lewuombanua,12.04.29.2008
SUMATERA UTARA,12,KAB. NIAS,12.04,Somolo-molo,12.04.29,Hiligodu Somolo-Molo,12.04.29.2009
SUMATERA UTARA,12,KAB. NIAS,12.04,Somolo-molo,12.04.29,Hiliborodano,12.04.29.2010
SUMATERA UTARA,12,KAB. NIAS,12.04,Somolo-molo,12.04.29,So'ewali,12.04.29.2011
SUMATERA UTARA,12,KAB. NIAS,12.04,Sogae'adu,12.04.35,Tuhembuasi,12.04.35.2001
SUMATERA UTARA,12,KAB. NIAS,12.04,Sogae'adu,12.04.35,Hilibadalu,12.04.35.2002
SUMATERA UTARA,12,KAB. NIAS,12.04,Sogae'adu,12.04.35,La'uri,12.04.35.2003
SUMATERA UTARA,12,KAB. NIAS,12.04,Sogae'adu,12.04.35,Hilimbana,12.04.35.2004
SUMATERA UTARA,12,KAB. NIAS,12.04,Sogae'adu,12.04.35,Saitagaramba,12.04.35.2005
SUMATERA UTARA,12,KAB. NIAS,12.04,Sogae'adu,12.04.35,Sogae'adu,12.04.35.2006
SUMATERA UTARA,12,KAB. NIAS,12.04,Sogae'adu,12.04.35,Baruzo,12.04.35.2007
SUMATERA UTARA,12,KAB. NIAS,12.04,Sogae'adu,12.04.35,Tulumbaho,12.04.35.2008
SUMATERA UTARA,12,KAB. NIAS,12.04,Sogae'adu,12.04.35,Sisarahili Sogae'adu,12.04.35.2009
SUMATERA UTARA,12,KAB. NIAS,12.04,Sogae'adu,12.04.35,We'a-we'a,12.04.35.2010
SUMATERA UTARA,12,KAB. NIAS,12.04,Sogae'adu,12.04.35,Sihare'o Sogae'adu,12.04.35.2011
SUMATERA UTARA,12,KAB. LANGKAT,12.05,Bahorok,12.05.01,Pekan Bahorok,12.05.01.1001
SUMATERA UTARA,12,KAB. LANGKAT,12.05,Bahorok,12.05.01,Lau Damak,12.05.01.2002
SUMATERA UTARA,12,KAB. LANGKAT,12.05,Bahorok,12.05.01,Timbang Lawan,12.05.01.2003
SUMATERA UTARA,12,KAB. LANGKAT,12.05,Bahorok,12.05.01,Sampe Raya,12.05.01.2004
SUMATERA UTARA,12,KAB. LANGKAT,12.05,Bahorok,12.05.01,Tanjung Lenggang,12.05.01.2005
SUMATERA UTARA,12,KAB. LANGKAT,12.05,Bahorok,12.05.01,Suka Rakyat,12.05.01.2006
SUMATERA UTARA,12,KAB. LANGKAT,12.05,Bahorok,12.05.01,Perkebunan Turangi,12.05.01.2007
SUMATERA UTARA,12,KAB. LANGKAT,12.05,Bahorok,12.05.01,Perkebunan Bungara,12.05.01.2008
SUMATERA UTARA,12,KAB. LANGKAT,12.05,Bahorok,12.05.01,Perkebunan B. Lawang,12.05.01.2009
SUMATERA UTARA,12,KAB. LANGKAT,12.05,Bahorok,12.05.01,Empus,12.05.01.2011
SUMATERA UTARA,12,KAB. LANGKAT,12.05,Bahorok,12.05.01,Simpang Pulo Rambung,12.05.01.2012
SUMATERA UTARA,12,KAB. LANGKAT,12.05,Bahorok,12.05.01,Perkebunan Sei Musam,12.05.01.2013
SUMATERA UTARA,12,KAB. LANGKAT,12.05,Bahorok,12.05.01,Batu Jong - Jong,12.05.01.2014
SUMATERA UTARA,12,KAB. LANGKAT,12.05,Bahorok,12.05.01,Sematar,12.05.01.2015
SUMATERA UTARA,12,KAB. LANGKAT,12.05,Bahorok,12.05.01,Perkebunan Pulo Rambung,12.05.01.2016
SUMATERA UTARA,12,KAB. LANGKAT,12.05,Bahorok,12.05.01,Sei Musam Kendit,12.05.01.2017
SUMATERA UTARA,12,KAB. LANGKAT,12.05,Bahorok,12.05.01,Timbang Jaya,12.05.01.2020
SUMATERA UTARA,12,KAB. LANGKAT,12.05,Bahorok,12.05.01,Musam Pembangunan,12.05.01.2021
SUMATERA UTARA,12,KAB. LANGKAT,12.05,Bahorok,12.05.01,Ujung Bandar,12.05.01.2022
SUMATERA UTARA,12,KAB. LANGKAT,12.05,Salapian,12.05.02,Perkebunan Tanjung Keliling,12.05.02.2002
SUMATERA UTARA,12,KAB. LANGKAT,12.05,Salapian,12.05.02,Perkebunan Gelugur Langkat,12.05.02.2004
SUMATERA UTARA,12,KAB. LANGKAT,12.05,Salapian,12.05.02,Perkebunan Tambunan,12.05.02.2005
SUMATERA UTARA,12,KAB. LANGKAT,12.05,Salapian,12.05.02,Perkebunan Bandar Telu,12.05.02.2006
SUMATERA UTARA,12,KAB. LANGKAT,12.05,Salapian,12.05.02,Tanjung Langkat,12.05.02.1007
SUMATERA UTARA,12,KAB. LANGKAT,12.05,Salapian,12.05.02,Naman Jahe,12.05.02.2008
SUMATERA UTARA,12,KAB. LANGKAT,12.05,Salapian,12.05.02,Turangi,12.05.02.2009
SUMATERA UTARA,12,KAB. LANGKAT,12.05,Salapian,12.05.02,Ujung Teran,12.05.02.2010
SUMATERA UTARA,12,KAB. LANGKAT,12.05,Salapian,12.05.02,Pamah Tambunan,12.05.02.2011
SUMATERA UTARA,12,KAB. LANGKAT,12.05,Salapian,12.05.02,Minta Kasih,12.05.02.2014
SUMATERA UTARA,12,KAB. LANGKAT,12.05,Salapian,12.05.02,Ujung Bandar,12.05.02.2019
SUMATERA UTARA,12,KAB. LANGKAT,12.05,Salapian,12.05.02,Lau Tepu,12.05.02.2020
SUMATERA UTARA,12,KAB. LANGKAT,12.05,Salapian,12.05.02,Parangguam,12.05.02.2021
SUMATERA UTARA,12,KAB. LANGKAT,12.05,Salapian,12.05.02,Ponco Warno,12.05.02.2023
SUMATERA UTARA,12,KAB. LANGKAT,12.05,Salapian,12.05.02,Adin Tengah,12.05.02.2024
SUMATERA UTARA,12,KAB. LANGKAT,12.05,Salapian,12.05.02,Lau Lugur,12.05.02.2025
SUMATERA UTARA,12,KAB. LANGKAT,12.05,Salapian,12.05.02,Pancur Ido,12.05.02.2026
SUMATERA UTARA,12,KAB. LANGKAT,12.05,Kuala,12.05.03,Pekan Kuala,12.05.03.1001
SUMATERA UTARA,12,KAB. LANGKAT,12.05,Kuala,12.05.03,Dalan Naman,12.05.03.2002
SUMATERA UTARA,12,KAB. LANGKAT,12.05,Kuala,12.05.03,Balai Kasih,12.05.03.2003
SUMATERA UTARA,12,KAB. LANGKAT,12.05,Kuala,12.05.03,Bekiung,12.05.03.2004
SUMATERA UTARA,12,KAB. LANGKAT,12.05,Kuala,12.05.03,Blankahan,12.05.03.2005
SUMATERA UTARA,12,KAB. LANGKAT,12.05,Kuala,12.05.03,Besadi,12.05.03.2006
SUMATERA UTARA,12,KAB. LANGKAT,12.05,Kuala,12.05.03,Beruam,12.05.03.2007
SUMATERA UTARA,12,KAB. LANGKAT,12.05,Kuala,12.05.03,Raja Tengah,12.05.03.2009
SUMATERA UTARA,12,KAB. LANGKAT,12.05,Kuala,12.05.03,Namo Mbelin,12.05.03.2011
SUMATERA UTARA,12,KAB. LANGKAT,12.05,Kuala,12.05.03,Parit Bindu,12.05.03.2012
SUMATERA UTARA,12,KAB. LANGKAT,12.05,Kuala,12.05.03,Sei Penjara,12.05.03.2013
SUMATERA UTARA,12,KAB. LANGKAT,12.05,Kuala,12.05.03,Perkebunan Bekiun,12.05.03.2015
SUMATERA UTARA,12,KAB. LANGKAT,12.05,Kuala,12.05.03,Garunggang,12.05.03.2016
SUMATERA UTARA,12,KAB. LANGKAT,12.05,Kuala,12.05.03,Suka Damai,12.05.03.2017
SUMATERA UTARA,12,KAB. LANGKAT,12.05,Kuala,12.05.03,Sido Makmur,12.05.03.2018
SUMATERA UTARA,12,KAB. LANGKAT,12.05,Kuala,12.05.03,Bela Rakyat,12.05.03.1019
SUMATERA UTARA,12,KAB. LANGKAT,12.05,Sei Bingai,12.05.04,Telagah,12.05.04.2001
SUMATERA UTARA,12,KAB. LANGKAT,12.05,Sei Bingai,12.05.04,Rumah Galuh,12.05.04.2002
SUMATERA UTARA,12,KAB. LANGKAT,12.05,Sei Bingai,12.05.04,Simpang Kuta Buluh,12.05.04.2003
SUMATERA UTARA,12,KAB. LANGKAT,12.05,Sei Bingai,12.05.04,Gunung Ambat,12.05.04.2004
SUMATERA UTARA,12,KAB. LANGKAT,12.05,Sei Bingai,12.05.04,Namu Ukur Selatan,12.05.04.1005
SUMATERA UTARA,12,KAB. LANGKAT,12.05,Sei Bingai,12.05.04,Belinteng,12.05.04.2006
SUMATERA UTARA,12,KAB. LANGKAT,12.05,Sei Bingai,12.05.04,Namu Ukur Utara,12.05.04.2007
SUMATERA UTARA,12,KAB. LANGKAT,12.05,Sei Bingai,12.05.04,Pasar VI Kwala Mencirim,12.05.04.2008
SUMATERA UTARA,12,KAB. LANGKAT,12.05,Sei Bingai,12.05.04,Emplasmen Kwala Mencirim,12.05.04.2009
SUMATERA UTARA,12,KAB. LANGKAT,12.05,Sei Bingai,12.05.04,Purwobinangun,12.05.04.2010
SUMATERA UTARA,12,KAB. LANGKAT,12.05,Sei Bingai,12.05.04,Pasar IV.Namo Terasi,12.05.04.2011
SUMATERA UTARA,12,KAB. LANGKAT,12.05,Sei Bingai,12.05.04,Pasar VIII.Namo Terasi,12.05.04.2012
SUMATERA UTARA,12,KAB. LANGKAT,12.05,Sei Bingai,12.05.04,Durian Lingga,12.05.04.2013
SUMATERA UTARA,12,KAB. LANGKAT,12.05,Sei Bingai,12.05.04,Pekan Sawah,12.05.04.2014
SUMATERA UTARA,12,KAB. LANGKAT,12.05,Sei Bingai,12.05.04,Tanjung Gunung,12.05.04.2015
SUMATERA UTARA,12,KAB. LANGKAT,12.05,Sei Bingai,12.05.04,Mekar Jaya,12.05.04.2016
SUMATERA UTARA,12,KAB. LANGKAT,12.05,Binjai,12.05.05,Kwala Begumit,12.05.05.1001
SUMATERA UTARA,12,KAB. LANGKAT,12.05,Binjai,12.05.05,Sambi Rejo,12.05.05.2002
SUMATERA UTARA,12,KAB. LANGKAT,12.05,Binjai,12.05.05,Sendang Rejo,12.05.05.2003
SUMATERA UTARA,12,KAB. LANGKAT,12.05,Binjai,12.05.05,Tanjung Jati,12.05.05.2004
SUMATERA UTARA,12,KAB. LANGKAT,12.05,Binjai,12.05.05,Sidomulyo,12.05.05.2005
SUMATERA UTARA,12,KAB. LANGKAT,12.05,Binjai,12.05.05,Perdamaian,12.05.05.2006
SUMATERA UTARA,12,KAB. LANGKAT,12.05,Binjai,12.05.05,Suka Makmur,12.05.05.2007
SUMATERA UTARA,12,KAB. LANGKAT,12.05,Selesai,12.05.06,Pekan Selesai,12.05.06.1001
SUMATERA UTARA,12,KAB. LANGKAT,12.05,Selesai,12.05.06,Sei Limbat,12.05.06.2002
SUMATERA UTARA,12,KAB. LANGKAT,12.05,Selesai,12.05.06,Padang Brahrang,12.05.06.2003
SUMATERA UTARA,12,KAB. LANGKAT,12.05,Selesai,12.05.06,Tanjung Merahe,12.05.06.2004
SUMATERA UTARA,12,KAB. LANGKAT,12.05,Selesai,12.05.06,Nambiki,12.05.06.2005
SUMATERA UTARA,12,KAB. LANGKAT,12.05,Selesai,12.05.06,Lau Mulgap,12.05.06.2006
SUMATERA UTARA,12,KAB. LANGKAT,12.05,Selesai,12.05.06,Kuta Parit,12.05.06.2007
SUMATERA UTARA,12,KAB. LANGKAT,12.05,Selesai,12.05.06,Bekulap,12.05.06.2008
SUMATERA UTARA,12,KAB. LANGKAT,12.05,Selesai,12.05.06,Perhiasan,12.05.06.2009
SUMATERA UTARA,12,KAB. LANGKAT,12.05,Selesai,12.05.06,Selayang,12.05.06.2010
SUMATERA UTARA,12,KAB. LANGKAT,12.05,Selesai,12.05.06,Mancang,12.05.06.2011
SUMATERA UTARA,12,KAB. LANGKAT,12.05,Selesai,12.05.06,Kwala Air Hitam,12.05.06.2012
SUMATERA UTARA,12,KAB. LANGKAT,12.05,Selesai,12.05.06,Padang Cermin,12.05.06.2013
SUMATERA UTARA,12,KAB. LANGKAT,12.05,Selesai,12.05.06,Selayang Baru,12.05.06.2014
SUMATERA UTARA,12,KAB. LANGKAT,12.05,Stabat,12.05.07,Karang Rejo,12.05.07.2001
SUMATERA UTARA,12,KAB. LANGKAT,12.05,Stabat,12.05.07,Kwala Begumit,12.05.07.2002
SUMATERA UTARA,12,KAB. LANGKAT,12.05,Stabat,12.05.07,Mangga,12.05.07.2003
SUMATERA UTARA,12,KAB. LANGKAT,12.05,Stabat,12.05.07,Perdamaian,12.05.07.1004
SUMATERA UTARA,12,KAB. LANGKAT,12.05,Stabat,12.05.07,Kwala Bingai,12.05.07.1005
SUMATERA UTARA,12,KAB. LANGKAT,12.05,Stabat,12.05.07,Sidomulyo,12.05.07.1006
SUMATERA UTARA,12,KAB. LANGKAT,12.05,Stabat,12.05.07,Banyumas,12.05.07.2007
SUMATERA UTARA,12,KAB. LANGKAT,12.05,Stabat,12.05.07,Pantai Gemi,12.05.07.2008
SUMATERA UTARA,12,KAB. LANGKAT,12.05,Stabat,12.05.07,Ara Condong,12.05.07.2009
SUMATERA UTARA,12,KAB. LANGKAT,12.05,Stabat,12.05.07,Stabat Baru,12.05.07.1010
SUMATERA UTARA,12,KAB. LANGKAT,12.05,Stabat,12.05.07,Dendang,12.05.07.1011
SUMATERA UTARA,12,KAB. LANGKAT,12.05,Stabat,12.05.07,Paya Mabar,12.05.07.1012
SUMATERA UTARA,12,KAB. LANGKAT,12.05,Wampu,12.05.08,Bingai,12.05.08.1001
SUMATERA UTARA,12,KAB. LANGKAT,12.05,Wampu,12.05.08,Gohor Lama,12.05.08.2002
SUMATERA UTARA,12,KAB. LANGKAT,12.05,Wampu,12.05.08,Stabat Lama,12.05.08.2003
SUMATERA UTARA,12,KAB. LANGKAT,12.05,Wampu,12.05.08,Besilam Bukit Lembasa,12.05.08.2004
SUMATERA UTARA,12,KAB. LANGKAT,12.05,Wampu,12.05.08,Kebun Balok,12.05.08.2005
SUMATERA UTARA,12,KAB. LANGKAT,12.05,Wampu,12.05.08,Bukit Melintang,12.05.08.2006
SUMATERA UTARA,12,KAB. LANGKAT,12.05,Wampu,12.05.08,Gergas,12.05.08.2007
SUMATERA UTARA,12,KAB. LANGKAT,12.05,Wampu,12.05.08,Stabat Lama Barat,12.05.08.2008
SUMATERA UTARA,12,KAB. LANGKAT,12.05,Wampu,12.05.08,Sumber Mulyo,12.05.08.2009
SUMATERA UTARA,12,KAB. LANGKAT,12.05,Wampu,12.05.08,Pertumbukan,12.05.08.2010
SUMATERA UTARA,12,KAB. LANGKAT,12.05,Wampu,12.05.08,Paya Tusam,12.05.08.2011
SUMATERA UTARA,12,KAB. LANGKAT,12.05,Wampu,12.05.08,Mekar Jaya,12.05.08.2012
SUMATERA UTARA,12,KAB. LANGKAT,12.05,Wampu,12.05.08,Jentera Stabat,12.05.08.2013
SUMATERA UTARA,12,KAB. LANGKAT,12.05,Wampu,12.05.08,Stungkit,12.05.08.2014
SUMATERA UTARA,12,KAB. LANGKAT,12.05,Secanggang,12.05.09,Kepala Sungai,12.05.09.2001
SUMATERA UTARA,12,KAB. LANGKAT,12.05,Secanggang,12.05.09,Teluk,12.05.09.2002
SUMATERA UTARA,12,KAB. LANGKAT,12.05,Secanggang,12.05.09,Cinta Raja,12.05.09.2003
SUMATERA UTARA,12,KAB. LANGKAT,12.05,Secanggang,12.05.09,Hinai Kiri,12.05.09.1004
SUMATERA UTARA,12,KAB. LANGKAT,12.05,Secanggang,12.05.09,Kebun Kelapa,12.05.09.2005
SUMATERA UTARA,12,KAB. LANGKAT,12.05,Secanggang,12.05.09,Sungai Ular,12.05.09.2006
SUMATERA UTARA,12,KAB. LANGKAT,12.05,Secanggang,12.05.09,Tanjung Ibus,12.05.09.2007
SUMATERA UTARA,12,KAB. LANGKAT,12.05,Secanggang,12.05.09,Secanggang,12.05.09.2008
SUMATERA UTARA,12,KAB. LANGKAT,12.05,Secanggang,12.05.09,Selotong,12.05.09.2009
SUMATERA UTARA,12,KAB. LANGKAT,12.05,Secanggang,12.05.09,Karang Gading,12.05.09.2010
SUMATERA UTARA,12,KAB. LANGKAT,12.05,Secanggang,12.05.09,Jaring Halus,12.05.09.2011
SUMATERA UTARA,12,KAB. LANGKAT,12.05,Secanggang,12.05.09,Telaga Jernih,12.05.09.2012
SUMATERA UTARA,12,KAB. LANGKAT,12.05,Secanggang,12.05.09,Perkotaan,12.05.09.2013
SUMATERA UTARA,12,KAB. LANGKAT,12.05,Secanggang,12.05.09,Kwala Besar,12.05.09.2014
SUMATERA UTARA,12,KAB. LANGKAT,12.05,Secanggang,12.05.09,Karang Anyar,12.05.09.2015
SUMATERA UTARA,12,KAB. LANGKAT,12.05,Secanggang,12.05.09,Pantai Gading,12.05.09.2016
SUMATERA UTARA,12,KAB. LANGKAT,12.05,Secanggang,12.05.09,Suka Mulia,12.05.09.2017
SUMATERA UTARA,12,KAB. LANGKAT,12.05,Hinai,12.05.10,Cempa,12.05.10.2001
SUMATERA UTARA,12,KAB. LANGKAT,12.05,Hinai,12.05.10,Batu Malenggang,12.05.10.2002
SUMATERA UTARA,12,KAB. LANGKAT,12.05,Hinai,12.05.10,Tamaran,12.05.10.2003
SUMATERA UTARA,12,KAB. LANGKAT,12.05,Hinai,12.05.10,Tanjung Mulia,12.05.10.2004
SUMATERA UTARA,12,KAB. LANGKAT,12.05,Hinai,12.05.10,Muka Paya,12.05.10.2005
SUMATERA UTARA,12,KAB. LANGKAT,12.05,Hinai,12.05.10,Hinai Kanan,12.05.10.2006
SUMATERA UTARA,12,KAB. LANGKAT,12.05,Hinai,12.05.10,Suka Damai,12.05.10.2007
SUMATERA UTARA,12,KAB. LANGKAT,12.05,Hinai,12.05.10,Kebun Lada,12.05.10.1008
SUMATERA UTARA,12,KAB. LANGKAT,12.05,Hinai,12.05.10,Baru Pasar VIII,12.05.10.2009
SUMATERA UTARA,12,KAB. LANGKAT,12.05,Hinai,12.05.10,Perkebunan Tanjung Beringin,12.05.10.2010
SUMATERA UTARA,12,KAB. LANGKAT,12.05,Hinai,12.05.10,Suka Jadi,12.05.10.2011
SUMATERA UTARA,12,KAB. LANGKAT,12.05,Hinai,12.05.10,Paya Rengas,12.05.10.2012
SUMATERA UTARA,12,KAB. LANGKAT,12.05,Hinai,12.05.10,Suka Damai Timur,12.05.10.2013
SUMATERA UTARA,12,KAB. LANGKAT,12.05,Tanjung Pura,12.05.11,Serapuh Asli,12.05.11.2001
SUMATERA UTARA,12,KAB. LANGKAT,12.05,Tanjung Pura,12.05.11,Pematang Tengah,12.05.11.2002
SUMATERA UTARA,12,KAB. LANGKAT,12.05,Tanjung Pura,12.05.11,Paya Perupuk,12.05.11.2003
SUMATERA UTARA,12,KAB. LANGKAT,12.05,Tanjung Pura,12.05.11,Lalang,12.05.11.2004
SUMATERA UTARA,12,KAB. LANGKAT,12.05,Tanjung Pura,12.05.11,Pekan Tanjung Pura,12.05.11.1005
SUMATERA UTARA,12,KAB. LANGKAT,12.05,Tanjung Pura,12.05.11,Pekubuan,12.05.11.2006
SUMATERA UTARA,12,KAB. LANGKAT,12.05,Tanjung Pura,12.05.11,Teluk Bakung,12.05.11.2007
SUMATERA UTARA,12,KAB. LANGKAT,12.05,Tanjung Pura,12.05.11,Pantai Cermin,12.05.11.2008
SUMATERA UTARA,12,KAB. LANGKAT,12.05,Tanjung Pura,12.05.11,Pematang Serai,12.05.11.2009
SUMATERA UTARA,12,KAB. LANGKAT,12.05,Tanjung Pura,12.05.11,Baja Kuning,12.05.11.2010
SUMATERA UTARA,12,KAB. LANGKAT,12.05,Tanjung Pura,12.05.11,Pulau Banyak,12.05.11.2011
SUMATERA UTARA,12,KAB. LANGKAT,12.05,Tanjung Pura,12.05.11,Pematang Cengal,12.05.11.2012
SUMATERA UTARA,12,KAB. LANGKAT,12.05,Tanjung Pura,12.05.11,Kwala Serapuh,12.05.11.2013
SUMATERA UTARA,12,KAB. LANGKAT,12.05,Tanjung Pura,12.05.11,Kwala Langkat,12.05.11.2014
SUMATERA UTARA,12,KAB. LANGKAT,12.05,Tanjung Pura,12.05.11,Bubun,12.05.11.2015
SUMATERA UTARA,12,KAB. LANGKAT,12.05,Tanjung Pura,12.05.11,Tapak Kuda,12.05.11.2016
SUMATERA UTARA,12,KAB. LANGKAT,12.05,Tanjung Pura,12.05.11,Suka Maju,12.05.11.2017
SUMATERA UTARA,12,KAB. LANGKAT,12.05,Tanjung Pura,12.05.11,Karya Maju,12.05.11.2018
SUMATERA UTARA,12,KAB. LANGKAT,12.05,Tanjung Pura,12.05.11,Pematang Cengal Barat,12.05.11.2019
SUMATERA UTARA,12,KAB. LANGKAT,12.05,Padang Tualang,12.05.12,Serapuh ABC,12.05.12.2001
SUMATERA UTARA,12,KAB. LANGKAT,12.05,Padang Tualang,12.05.12,Padang Tualang,12.05.12.2002
SUMATERA UTARA,12,KAB. LANGKAT,12.05,Padang Tualang,12.05.12,Kwala Besilam,12.05.12.2003
SUMATERA UTARA,12,KAB. LANGKAT,12.05,Padang Tualang,12.05.12,Buluh Telang,12.05.12.2004
SUMATERA UTARA,12,KAB. LANGKAT,12.05,Padang Tualang,12.05.12,Besilam,12.05.12.2005
SUMATERA UTARA,12,KAB. LANGKAT,12.05,Padang Tualang,12.05.12,Tanjung Selamat,12.05.12.1006
SUMATERA UTARA,12,KAB. LANGKAT,12.05,Padang Tualang,12.05.12,Tebing Tanjung Selamat,12.05.12.2007
SUMATERA UTARA,12,KAB. LANGKAT,12.05,Padang Tualang,12.05.12,Tanjung Putus,12.05.12.2008
SUMATERA UTARA,12,KAB. LANGKAT,12.05,Padang Tualang,12.05.12,Suka Ramai,12.05.12.2009
SUMATERA UTARA,12,KAB. LANGKAT,12.05,Padang Tualang,12.05.12,Jati Sari,12.05.12.2010
SUMATERA UTARA,12,KAB. LANGKAT,12.05,Padang Tualang,12.05.12,Banjaran Raya,12.05.12.2011
SUMATERA UTARA,12,KAB. LANGKAT,12.05,Padang Tualang,12.05.12,Bukit Sari,12.05.12.2012
SUMATERA UTARA,12,KAB. LANGKAT,12.05,Gebang,12.05.13,Pekan Gebang,12.05.13.1001
SUMATERA UTARA,12,KAB. LANGKAT,12.05,Gebang,12.05.13,Paluh Manis,12.05.13.2002
SUMATERA UTARA,12,KAB. LANGKAT,12.05,Gebang,12.05.13,Pasar Rawa,12.05.13.2003
SUMATERA UTARA,12,KAB. LANGKAT,12.05,Gebang,12.05.13,Padang Langkat,12.05.13.2004
SUMATERA UTARA,12,KAB. LANGKAT,12.05,Gebang,12.05.13,Air Hitam,12.05.13.2005
SUMATERA UTARA,12,KAB. LANGKAT,12.05,Gebang,12.05.13,Paya Bengkuang,12.05.13.2006
SUMATERA UTARA,12,KAB. LANGKAT,12.05,Gebang,12.05.13,Dogang,12.05.13.2007
SUMATERA UTARA,12,KAB. LANGKAT,12.05,Gebang,12.05.13,Sangga Lima,12.05.13.2008
SUMATERA UTARA,12,KAB. LANGKAT,12.05,Gebang,12.05.13,Kwala Gebang,12.05.13.2009
SUMATERA UTARA,12,KAB. LANGKAT,12.05,Gebang,12.05.13,Bukit Mengkirai,12.05.13.2010
SUMATERA UTARA,12,KAB. LANGKAT,12.05,Gebang,12.05.13,Pasiran,12.05.13.2011
SUMATERA UTARA,12,KAB. LANGKAT,12.05,Babalan,12.05.14,Pelawi Utara,12.05.14.1001
SUMATERA UTARA,12,KAB. LANGKAT,12.05,Babalan,12.05.14,Securai Utara,12.05.14.2002
SUMATERA UTARA,12,KAB. LANGKAT,12.05,Babalan,12.05.14,Teluk Meku,12.05.14.2003
SUMATERA UTARA,12,KAB. LANGKAT,12.05,Babalan,12.05.14,Pelawi Selatan,12.05.14.2004
SUMATERA UTARA,12,KAB. LANGKAT,12.05,Babalan,12.05.14,Securai Selatan,12.05.14.2005
SUMATERA UTARA,12,KAB. LANGKAT,12.05,Babalan,12.05.14,Berandan Barat,12.05.14.1006
SUMATERA UTARA,12,KAB. LANGKAT,12.05,Babalan,12.05.14,Berandan Timur Baru,12.05.14.1007
SUMATERA UTARA,12,KAB. LANGKAT,12.05,Babalan,12.05.14,Berandan Timur,12.05.14.1008
SUMATERA UTARA,12,KAB. LANGKAT,12.05,Pangkalan Susu,12.05.15,Alur Cempedak,12.05.15.2001
SUMATERA UTARA,12,KAB. LANGKAT,12.05,Pangkalan Susu,12.05.15,Sei Siur,12.05.15.2002
SUMATERA UTARA,12,KAB. LANGKAT,12.05,Pangkalan Susu,12.05.15,Tanjung Pasir,12.05.15.2003
SUMATERA UTARA,12,KAB. LANGKAT,12.05,Pangkalan Susu,12.05.15,Paya Tampak,12.05.15.2004
SUMATERA UTARA,12,KAB. LANGKAT,12.05,Pangkalan Susu,12.05.15,Pintu Air,12.05.15.2005
SUMATERA UTARA,12,KAB. LANGKAT,12.05,Pangkalan Susu,12.05.15,Sei Meran,12.05.15.2006
SUMATERA UTARA,12,KAB. LANGKAT,12.05,Pangkalan Susu,12.05.15,Pulau Sembilan,12.05.15.2007
SUMATERA UTARA,12,KAB. LANGKAT,12.05,Pangkalan Susu,12.05.15,Pulau Kampai,12.05.15.2008
SUMATERA UTARA,12,KAB. LANGKAT,12.05,Pangkalan Susu,12.05.15,Beras Basah,12.05.15.1009
SUMATERA UTARA,12,KAB. LANGKAT,12.05,Pangkalan Susu,12.05.15,Bukit Jengkol,12.05.15.1010
SUMATERA UTARA,12,KAB. LANGKAT,12.05,Pangkalan Susu,12.05.15,Pangkalan Siata,12.05.15.2011
SUMATERA UTARA,12,KAB. LANGKAT,12.05,Besitang,12.05.16,Halaban,12.05.16.2001
SUMATERA UTARA,12,KAB. LANGKAT,12.05,Besitang,12.05.16,Bukit Mas,12.05.16.2002
SUMATERA UTARA,12,KAB. LANGKAT,12.05,Besitang,12.05.16,Pir Adb Besitang,12.05.16.2005
SUMATERA UTARA,12,KAB. LANGKAT,12.05,Besitang,12.05.16,Sekoci,12.05.16.2006
SUMATERA UTARA,12,KAB. LANGKAT,12.05,Besitang,12.05.16,Suka Jaya,12.05.16.2007
SUMATERA UTARA,12,KAB. LANGKAT,12.05,Besitang,12.05.16,Bukit Selamat,12.05.16.2008
SUMATERA UTARA,12,KAB. LANGKAT,12.05,Besitang,12.05.16,Pekan Besitang,12.05.16.1009
SUMATERA UTARA,12,KAB. LANGKAT,12.05,Besitang,12.05.16,Bukit Kubu,12.05.16.1010
SUMATERA UTARA,12,KAB. LANGKAT,12.05,Besitang,12.05.16,Kampung Lama,12.05.16.1011
SUMATERA UTARA,12,KAB. LANGKAT,12.05,Sei Lepan,12.05.17,Sei Bilah,12.05.17.1001
SUMATERA UTARA,12,KAB. LANGKAT,12.05,Sei Lepan,12.05.17,Alur Dua,12.05.17.1002
SUMATERA UTARA,12,KAB. LANGKAT,12.05,Sei Lepan,12.05.17,Puraka I,12.05.17.2003
SUMATERA UTARA,12,KAB. LANGKAT,12.05,Sei Lepan,12.05.17,Puraka II,12.05.17.2004
SUMATERA UTARA,12,KAB. LANGKAT,12.05,Sei Lepan,12.05.17,Lama,12.05.17.2005
SUMATERA UTARA,12,KAB. LANGKAT,12.05,Sei Lepan,12.05.17,Telaga Said,12.05.17.2006
SUMATERA UTARA,12,KAB. LANGKAT,12.05,Sei Lepan,12.05.17,Lama Baru,12.05.17.2007
SUMATERA UTARA,12,KAB. LANGKAT,12.05,Sei Lepan,12.05.17,Alur Dua Baru,12.05.17.1008
SUMATERA UTARA,12,KAB. LANGKAT,12.05,Sei Lepan,12.05.17,Harapan Jaya,12.05.17.1009
SUMATERA UTARA,12,KAB. LANGKAT,12.05,Sei Lepan,12.05.17,Sei Bilah Timur,12.05.17.1010
SUMATERA UTARA,12,KAB. LANGKAT,12.05,Sei Lepan,12.05.17,Mekar Makmur,12.05.17.2011
SUMATERA UTARA,12,KAB. LANGKAT,12.05,Sei Lepan,12.05.17,Harapan Baru,12.05.17.2012
SUMATERA UTARA,12,KAB. LANGKAT,12.05,Sei Lepan,12.05.17,Harapan Maju,12.05.17.2013
SUMATERA UTARA,12,KAB. LANGKAT,12.05,Sei Lepan,12.05.17,Harapan Makmur,12.05.17.2014
SUMATERA UTARA,12,KAB. LANGKAT,12.05,Berandan Barat,12.05.18,Tangkahan Durian,12.05.18.1001
SUMATERA UTARA,12,KAB. LANGKAT,12.05,Berandan Barat,12.05.18,Sei Tualang,12.05.18.2002
SUMATERA UTARA,12,KAB. LANGKAT,12.05,Berandan Barat,12.05.18,Lubuk Kasih,12.05.18.2003
SUMATERA UTARA,12,KAB. LANGKAT,12.05,Berandan Barat,12.05.18,Pangkalan Batu,12.05.18.1004
SUMATERA UTARA,12,KAB. LANGKAT,12.05,Berandan Barat,12.05.18,Lubuk Kertang,12.05.18.2005
SUMATERA UTARA,12,KAB. LANGKAT,12.05,Berandan Barat,12.05.18,Perlis,12.05.18.2006
SUMATERA UTARA,12,KAB. LANGKAT,12.05,Berandan Barat,12.05.18,Kelantan,12.05.18.2007
SUMATERA UTARA,12,KAB. LANGKAT,12.05,Batang Serangan,12.05.19,Batang Serangan,12.05.19.1001
SUMATERA UTARA,12,KAB. LANGKAT,12.05,Batang Serangan,12.05.19,Sei Bamban,12.05.19.2002
SUMATERA UTARA,12,KAB. LANGKAT,12.05,Batang Serangan,12.05.19,Sei Musam,12.05.19.2003
SUMATERA UTARA,12,KAB. LANGKAT,12.05,Batang Serangan,12.05.19,Sei Serdang,12.05.19.2004
SUMATERA UTARA,12,KAB. LANGKAT,12.05,Batang Serangan,12.05.19,Namo Sialang,12.05.19.2005
SUMATERA UTARA,12,KAB. LANGKAT,12.05,Batang Serangan,12.05.19,Kwala Musam,12.05.19.2006
SUMATERA UTARA,12,KAB. LANGKAT,12.05,Batang Serangan,12.05.19,Karya Jadi,12.05.19.2007
SUMATERA UTARA,12,KAB. LANGKAT,12.05,Batang Serangan,12.05.19,Paluh Pakeh Babussalam,12.05.19.2008
SUMATERA UTARA,12,KAB. LANGKAT,12.05,Sawit Seberang,12.05.20,Sawit Seberang,12.05.20.1001
SUMATERA UTARA,12,KAB. LANGKAT,12.05,Sawit Seberang,12.05.20,Alur Gadung,12.05.20.2002
SUMATERA UTARA,12,KAB. LANGKAT,12.05,Sawit Seberang,12.05.20,Simpang Tiga,12.05.20.2003
SUMATERA UTARA,12,KAB. LANGKAT,12.05,Sawit Seberang,12.05.20,Sei Litur Tasik,12.05.20.2004
SUMATERA UTARA,12,KAB. LANGKAT,12.05,Sawit Seberang,12.05.20,Sawit Hulu,12.05.20.2005
SUMATERA UTARA,12,KAB. LANGKAT,12.05,Sawit Seberang,12.05.20,Mekar Sawit,12.05.20.2006
SUMATERA UTARA,12,KAB. LANGKAT,12.05,Sawit Seberang,12.05.20,Alur Melati,12.05.20.2007
SUMATERA UTARA,12,KAB. LANGKAT,12.05,Sirapit,12.05.21,Serapit,12.05.21.2001
SUMATERA UTARA,12,KAB. LANGKAT,12.05,Sirapit,12.05.21,Gunung Tinggi,12.05.21.2002
SUMATERA UTARA,12,KAB. LANGKAT,12.05,Sirapit,12.05.21,Sidorejo,12.05.21.2003
SUMATERA UTARA,12,KAB. LANGKAT,12.05,Sirapit,12.05.21,Suka Pulung,12.05.21.2004
SUMATERA UTARA,12,KAB. LANGKAT,12.05,Sirapit,12.05.21,Aman Damai,12.05.21.2005
SUMATERA UTARA,12,KAB. LANGKAT,12.05,Sirapit,12.05.21,Tanjung Kariahan,12.05.21.2006
SUMATERA UTARA,12,KAB. LANGKAT,12.05,Sirapit,12.05.21,Sebertung,12.05.21.2007
SUMATERA UTARA,12,KAB. LANGKAT,12.05,Sirapit,12.05.21,Pulau Semikat,12.05.21.2008
SUMATERA UTARA,12,KAB. LANGKAT,12.05,Sirapit,12.05.21,Sumber Jaya,12.05.21.2009
SUMATERA UTARA,12,KAB. LANGKAT,12.05,Sirapit,12.05.21,Perkebunan Amal Tani,12.05.21.2010
SUMATERA UTARA,12,KAB. LANGKAT,12.05,Kutambaru,12.05.22,Namotogan,12.05.22.2001
SUMATERA UTARA,12,KAB. LANGKAT,12.05,Kutambaru,12.05.22,Kuta Gajah,12.05.22.2002
SUMATERA UTARA,12,KAB. LANGKAT,12.05,Kutambaru,12.05.22,Perkebunan Marike,12.05.22.2003
SUMATERA UTARA,12,KAB. LANGKAT,12.05,Kutambaru,12.05.22,Kaperas,12.05.22.2004
SUMATERA UTARA,12,KAB. LANGKAT,12.05,Kutambaru,12.05.22,Namoteras,12.05.22.2005
SUMATERA UTARA,12,KAB. LANGKAT,12.05,Kutambaru,12.05.22,Rampah,12.05.22.2006
SUMATERA UTARA,12,KAB. LANGKAT,12.05,Kutambaru,12.05.22,Sulkam,12.05.22.2007
SUMATERA UTARA,12,KAB. LANGKAT,12.05,Kutambaru,12.05.22,Kutambaru,12.05.22.2008
SUMATERA UTARA,12,KAB. LANGKAT,12.05,Pematang Jaya,12.05.23,Pematang Tengah,12.05.23.2001
SUMATERA UTARA,12,KAB. LANGKAT,12.05,Pematang Jaya,12.05.23,Damar Condong,12.05.23.2002
SUMATERA UTARA,12,KAB. LANGKAT,12.05,Pematang Jaya,12.05.23,Perkebunan Damar Condong,12.05.23.2003
SUMATERA UTARA,12,KAB. LANGKAT,12.05,Pematang Jaya,12.05.23,Perkebunan Perapen,12.05.23.2004
SUMATERA UTARA,12,KAB. LANGKAT,12.05,Pematang Jaya,12.05.23,Limau Mungkur,12.05.23.2005
SUMATERA UTARA,12,KAB. LANGKAT,12.05,Pematang Jaya,12.05.23,Serang Jaya Hilir,12.05.23.2006
SUMATERA UTARA,12,KAB. LANGKAT,12.05,Pematang Jaya,12.05.23,Serang Jaya,12.05.23.2007
SUMATERA UTARA,12,KAB. LANGKAT,12.05,Pematang Jaya,12.05.23,Sala Haji,12.05.23.2008
SUMATERA UTARA,12,KAB. KARO,12.06,Kabanjahe,12.06.01,Rumah Kabanjahe,12.06.01.2001
SUMATERA UTARA,12,KAB. KARO,12.06,Kabanjahe,12.06.01,Kaban,12.06.01.2002
SUMATERA UTARA,12,KAB. KARO,12.06,Kabanjahe,12.06.01,Ketaren,12.06.01.2003
SUMATERA UTARA,12,KAB. KARO,12.06,Kabanjahe,12.06.01,Samura,12.06.01.2004
SUMATERA UTARA,12,KAB. KARO,12.06,Kabanjahe,12.06.01,Lau Simomo,12.06.01.2005
SUMATERA UTARA,12,KAB. KARO,12.06,Kabanjahe,12.06.01,Sumber Mufakat,12.06.01.2006
SUMATERA UTARA,12,KAB. KARO,12.06,Kabanjahe,12.06.01,Kandibata,12.06.01.2007
SUMATERA UTARA,12,KAB. KARO,12.06,Kabanjahe,12.06.01,Kacaribu,12.06.01.2008
SUMATERA UTARA,12,KAB. KARO,12.06,Kabanjahe,12.06.01,Padang Mas,12.06.01.1009
SUMATERA UTARA,12,KAB. KARO,12.06,Kabanjahe,12.06.01,Lau Cimba,12.06.01.1010
SUMATERA UTARA,12,KAB. KARO,12.06,Kabanjahe,12.06.01,Gung Leto,12.06.01.1011
SUMATERA UTARA,12,KAB. KARO,12.06,Kabanjahe,12.06.01,Gung Negeri,12.06.01.1012
SUMATERA UTARA,12,KAB. KARO,12.06,Kabanjahe,12.06.01,Kampung Dalam,12.06.01.1013
SUMATERA UTARA,12,KAB. KARO,12.06,Berastagi,12.06.02,Daulu,12.06.02.2001
SUMATERA UTARA,12,KAB. KARO,12.06,Berastagi,12.06.02,Gurusinga,12.06.02.2002
SUMATERA UTARA,12,KAB. KARO,12.06,Berastagi,12.06.02,Raya,12.06.02.2003
SUMATERA UTARA,12,KAB. KARO,12.06,Berastagi,12.06.02,Rumah Berastagi,12.06.02.2004
SUMATERA UTARA,12,KAB. KARO,12.06,Berastagi,12.06.02,Sempajaya,12.06.02.2005
SUMATERA UTARA,12,KAB. KARO,12.06,Berastagi,12.06.02,Tambak Lau Mulgab I,12.06.02.1006
SUMATERA UTARA,12,KAB. KARO,12.06,Berastagi,12.06.02,Tambak Lau Mulgab II,12.06.02.1007
SUMATERA UTARA,12,KAB. KARO,12.06,Berastagi,12.06.02,Gundaling I,12.06.02.1008
SUMATERA UTARA,12,KAB. KARO,12.06,Berastagi,12.06.02,Gundaling II,12.06.02.1009
SUMATERA UTARA,12,KAB. KARO,12.06,Berastagi,12.06.02,Lau Gumba,12.06.02.2010
SUMATERA UTARA,12,KAB. KARO,12.06,Barusjahe,12.06.03,Paribun,12.06.03.2001
SUMATERA UTARA,12,KAB. KARO,12.06,Barusjahe,12.06.03,Rumamis,12.06.03.2002
SUMATERA UTARA,12,KAB. KARO,12.06,Barusjahe,12.06.03,Sinaman,12.06.03.2003
SUMATERA UTARA,12,KAB. KARO,12.06,Barusjahe,12.06.03,Sukanalu,12.06.03.2004
SUMATERA UTARA,12,KAB. KARO,12.06,Barusjahe,12.06.03,Barusjulu,12.06.03.2005
SUMATERA UTARA,12,KAB. KARO,12.06,Barusjahe,12.06.03,Tangkidik,12.06.03.2006
SUMATERA UTARA,12,KAB. KARO,12.06,Barusjahe,12.06.03,Sukajulu,12.06.03.2007
SUMATERA UTARA,12,KAB. KARO,12.06,Barusjahe,12.06.03,Barusjahe,12.06.03.2008
SUMATERA UTARA,12,KAB. KARO,12.06,Barusjahe,12.06.03,Bulanjahe,12.06.03.2009
SUMATERA UTARA,12,KAB. KARO,12.06,Barusjahe,12.06.03,Pertumbuken,12.06.03.2010
SUMATERA UTARA,12,KAB. KARO,12.06,Barusjahe,12.06.03,Talimbaru,12.06.03.2011
SUMATERA UTARA,12,KAB. KARO,12.06,Barusjahe,12.06.03,Sikab,12.06.03.2012
SUMATERA UTARA,12,KAB. KARO,12.06,Barusjahe,12.06.03,Persadanta,12.06.03.2013
SUMATERA UTARA,12,KAB. KARO,12.06,Barusjahe,12.06.03,Bulanjulu,12.06.03.2014
SUMATERA UTARA,12,KAB. KARO,12.06,Barusjahe,12.06.03,Semangat,12.06.03.2015
SUMATERA UTARA,12,KAB. KARO,12.06,Barusjahe,12.06.03,Serdang,12.06.03.2016
SUMATERA UTARA,12,KAB. KARO,12.06,Barusjahe,12.06.03,Tanjung Barus,12.06.03.2017
SUMATERA UTARA,12,KAB. KARO,12.06,Barusjahe,12.06.03,Sarimanis,12.06.03.2018
SUMATERA UTARA,12,KAB. KARO,12.06,Barusjahe,12.06.03,Penampen,12.06.03.2019
SUMATERA UTARA,12,KAB. KARO,12.06,Tigapanah,12.06.04,Kutakepar,12.06.04.2001
SUMATERA UTARA,12,KAB. KARO,12.06,Tigapanah,12.06.04,Ajijulu,12.06.04.2002
SUMATERA UTARA,12,KAB. KARO,12.06,Tigapanah,12.06.04,Singa,12.06.04.2004
SUMATERA UTARA,12,KAB. KARO,12.06,Tigapanah,12.06.04,Ajijahe,12.06.04.2007
SUMATERA UTARA,12,KAB. KARO,12.06,Tigapanah,12.06.04,Bunuraya,12.06.04.2008
SUMATERA UTARA,12,KAB. KARO,12.06,Tigapanah,12.06.04,Kubusimbelang,12.06.04.2010
SUMATERA UTARA,12,KAB. KARO,12.06,Tigapanah,12.06.04,Tigapanah,12.06.04.2011
SUMATERA UTARA,12,KAB. KARO,12.06,Tigapanah,12.06.04,Suka,12.06.04.2012
SUMATERA UTARA,12,KAB. KARO,12.06,Tigapanah,12.06.04,Kacinambun,12.06.04.2014
SUMATERA UTARA,12,KAB. KARO,12.06,Tigapanah,12.06.04,Kutajulu,12.06.04.2015
SUMATERA UTARA,12,KAB. KARO,12.06,Tigapanah,12.06.04,Bertah,12.06.04.2016
SUMATERA UTARA,12,KAB. KARO,12.06,Tigapanah,12.06.04,Manukmulia,12.06.04.2017
SUMATERA UTARA,12,KAB. KARO,12.06,Tigapanah,12.06.04,Lauriman,12.06.04.2018
SUMATERA UTARA,12,KAB. KARO,12.06,Tigapanah,12.06.04,Sukadame,12.06.04.2019
SUMATERA UTARA,12,KAB. KARO,12.06,Tigapanah,12.06.04,Mulawari,12.06.04.2020
SUMATERA UTARA,12,KAB. KARO,12.06,Tigapanah,12.06.04,Sukamaju,12.06.04.2023
SUMATERA UTARA,12,KAB. KARO,12.06,Tigapanah,12.06.04,Kutambelin,12.06.04.2024
SUMATERA UTARA,12,KAB. KARO,12.06,Tigapanah,12.06.04,Kutabale,12.06.04.2025
SUMATERA UTARA,12,KAB. KARO,12.06,Tigapanah,12.06.04,Leparsamura,12.06.04.2026
SUMATERA UTARA,12,KAB. KARO,12.06,Tigapanah,12.06.04,Seberaya,12.06.04.2027
SUMATERA UTARA,12,KAB. KARO,12.06,Tigapanah,12.06.04,Ajimbelang,12.06.04.2028
SUMATERA UTARA,12,KAB. KARO,12.06,Tigapanah,12.06.04,Ajibuhara,12.06.04.2029
SUMATERA UTARA,12,KAB. KARO,12.06,Tigapanah,12.06.04,Lambar,12.06.04.2030
SUMATERA UTARA,12,KAB. KARO,12.06,Tigapanah,12.06.04,Salit,12.06.04.2031
SUMATERA UTARA,12,KAB. KARO,12.06,Tigapanah,12.06.04,Suka Mbayak,12.06.04.2032
SUMATERA UTARA,12,KAB. KARO,12.06,Tigapanah,12.06.04,Suka Sipilihen,12.06.04.2033
SUMATERA UTARA,12,KAB. KARO,12.06,Merek,12.06.05,Partibi Tembe,12.06.05.2001
SUMATERA UTARA,12,KAB. KARO,12.06,Merek,12.06.05,Negeri Tongging,12.06.05.2002
SUMATERA UTARA,12,KAB. KARO,12.06,Merek,12.06.05,Kodon-Kodon,12.06.05.2003
SUMATERA UTARA,12,KAB. KARO,12.06,Merek,12.06.05,Dokan,12.06.05.2004
SUMATERA UTARA,12,KAB. KARO,12.06,Merek,12.06.05,Nagara,12.06.05.2005
SUMATERA UTARA,12,KAB. KARO,12.06,Merek,12.06.05,Sibolangit,12.06.05.2006
SUMATERA UTARA,12,KAB. KARO,12.06,Merek,12.06.05,Sukamandi,12.06.05.2007
SUMATERA UTARA,12,KAB. KARO,12.06,Merek,12.06.05,Nagalingga,12.06.05.2008
SUMATERA UTARA,12,KAB. KARO,12.06,Merek,12.06.05,Pangambatan,12.06.05.2009
SUMATERA UTARA,12,KAB. KARO,12.06,Merek,12.06.05,Tongging,12.06.05.2010
SUMATERA UTARA,12,KAB. KARO,12.06,Merek,12.06.05,Partibi Lama,12.06.05.2011
SUMATERA UTARA,12,KAB. KARO,12.06,Merek,12.06.05,Regaji,12.06.05.2012
SUMATERA UTARA,12,KAB. KARO,12.06,Merek,12.06.05,Ajinembah,12.06.05.2013
SUMATERA UTARA,12,KAB. KARO,12.06,Merek,12.06.05,Situnggaling,12.06.05.2014
SUMATERA UTARA,12,KAB. KARO,12.06,Merek,12.06.05,Garingging,12.06.05.2015
SUMATERA UTARA,12,KAB. KARO,12.06,Merek,12.06.05,Mulia Rayat,12.06.05.2016
SUMATERA UTARA,12,KAB. KARO,12.06,Merek,12.06.05,Bandar Tongging,12.06.05.2017
SUMATERA UTARA,12,KAB. KARO,12.06,Merek,12.06.05,Pancur Batu,12.06.05.2018
SUMATERA UTARA,12,KAB. KARO,12.06,Merek,12.06.05,Merek,12.06.05.2019
SUMATERA UTARA,12,KAB. KARO,12.06,Munte,12.06.06,Nageri,12.06.06.2001
SUMATERA UTARA,12,KAB. KARO,12.06,Munte,12.06.06,Munte,12.06.06.2002
SUMATERA UTARA,12,KAB. KARO,12.06,Munte,12.06.06,Kineppen,12.06.06.2003
SUMATERA UTARA,12,KAB. KARO,12.06,Munte,12.06.06,Bandar Meriah,12.06.06.2004
SUMATERA UTARA,12,KAB. KARO,12.06,Munte,12.06.06,Barung Kersap,12.06.06.2005
SUMATERA UTARA,12,KAB. KARO,12.06,Munte,12.06.06,Kutambaru,12.06.06.2006
SUMATERA UTARA,12,KAB. KARO,12.06,Munte,12.06.06,Buluhnaman,12.06.06.2007
SUMATERA UTARA,12,KAB. KARO,12.06,Munte,12.06.06,Singgamanik,12.06.06.2008
SUMATERA UTARA,12,KAB. KARO,12.06,Munte,12.06.06,Kuta Gerat,12.06.06.2009
SUMATERA UTARA,12,KAB. KARO,12.06,Munte,12.06.06,Pertumbungen,12.06.06.2010
SUMATERA UTARA,12,KAB. KARO,12.06,Munte,12.06.06,Sarimunte,12.06.06.2011
SUMATERA UTARA,12,KAB. KARO,12.06,Munte,12.06.06,Kaban Tua,12.06.06.2012
SUMATERA UTARA,12,KAB. KARO,12.06,Munte,12.06.06,Gunung Manumpak,12.06.06.2013
SUMATERA UTARA,12,KAB. KARO,12.06,Munte,12.06.06,Tanjung Beringin,12.06.06.2014
SUMATERA UTARA,12,KAB. KARO,12.06,Munte,12.06.06,Kuta Suah,12.06.06.2015
SUMATERA UTARA,12,KAB. KARO,12.06,Munte,12.06.06,Sarinembah,12.06.06.2016
SUMATERA UTARA,12,KAB. KARO,12.06,Munte,12.06.06,Selakkar,12.06.06.2017
SUMATERA UTARA,12,KAB. KARO,12.06,Munte,12.06.06,Parimbalang,12.06.06.2018
SUMATERA UTARA,12,KAB. KARO,12.06,Munte,12.06.06,Gunung Saribu,12.06.06.2019
SUMATERA UTARA,12,KAB. KARO,12.06,Munte,12.06.06,Sukarame,12.06.06.2020
SUMATERA UTARA,12,KAB. KARO,12.06,Munte,12.06.06,Gurubenua,12.06.06.2021
SUMATERA UTARA,12,KAB. KARO,12.06,Munte,12.06.06,Biaknampe,12.06.06.2022
SUMATERA UTARA,12,KAB. KARO,12.06,Juhar,12.06.07,Juhar Perangin-angin,12.06.07.2001
SUMATERA UTARA,12,KAB. KARO,12.06,Juhar,12.06.07,Lau Lingga,12.06.07.2002
SUMATERA UTARA,12,KAB. KARO,12.06,Juhar,12.06.07,Kidupen,12.06.07.2003
SUMATERA UTARA,12,KAB. KARO,12.06,Juhar,12.06.07,Namosuro,12.06.07.2004
SUMATERA UTARA,12,KAB. KARO,12.06,Juhar,12.06.07,Bekilang,12.06.07.2005
SUMATERA UTARA,12,KAB. KARO,12.06,Juhar,12.06.07,Sugihen,12.06.07.2006
SUMATERA UTARA,12,KAB. KARO,12.06,Juhar,12.06.07,Pernantin,12.06.07.2007
SUMATERA UTARA,12,KAB. KARO,12.06,Juhar,12.06.07,Nageri,12.06.07.2008
SUMATERA UTARA,12,KAB. KARO,12.06,Juhar,12.06.07,Juhar Ginting,12.06.07.2009
SUMATERA UTARA,12,KAB. KARO,12.06,Juhar,12.06.07,Juhar Tarigan,12.06.07.2010
SUMATERA UTARA,12,KAB. KARO,12.06,Juhar,12.06.07,Pasar Baru,12.06.07.2011
SUMATERA UTARA,12,KAB. KARO,12.06,Juhar,12.06.07,Batu Mamak,12.06.07.2012
SUMATERA UTARA,12,KAB. KARO,12.06,Juhar,12.06.07,Naga,12.06.07.2013
SUMATERA UTARA,12,KAB. KARO,12.06,Juhar,12.06.07,Kutambelin,12.06.07.2014
SUMATERA UTARA,12,KAB. KARO,12.06,Juhar,12.06.07,Mbetong,12.06.07.2015
SUMATERA UTARA,12,KAB. KARO,12.06,Juhar,12.06.07,Keriahen,12.06.07.2016
SUMATERA UTARA,12,KAB. KARO,12.06,Juhar,12.06.07,Gunung Juhar,12.06.07.2017
SUMATERA UTARA,12,KAB. KARO,12.06,Juhar,12.06.07,Ketawaren,12.06.07.2018
SUMATERA UTARA,12,KAB. KARO,12.06,Juhar,12.06.07,Jandi,12.06.07.2019
SUMATERA UTARA,12,KAB. KARO,12.06,Juhar,12.06.07,Buluh Pancur,12.06.07.2020
SUMATERA UTARA,12,KAB. KARO,12.06,Juhar,12.06.07,Kutagugung,12.06.07.2021
SUMATERA UTARA,12,KAB. KARO,12.06,Juhar,12.06.07,Sukababo,12.06.07.2022
SUMATERA UTARA,12,KAB. KARO,12.06,Juhar,12.06.07,Lau Kidupen,12.06.07.2023
SUMATERA UTARA,12,KAB. KARO,12.06,Juhar,12.06.07,Sigenderang,12.06.07.2024
SUMATERA UTARA,12,KAB. KARO,12.06,Juhar,12.06.07,Juhar Ginting Sadanioga,12.06.07.2025
SUMATERA UTARA,12,KAB. KARO,12.06,Tigabinanga,12.06.08,Gunung,12.06.08.2001
SUMATERA UTARA,12,KAB. KARO,12.06,Tigabinanga,12.06.08,Kem Kem,12.06.08.2002
SUMATERA UTARA,12,KAB. KARO,12.06,Tigabinanga,12.06.08,Pertumbuken,12.06.08.2003
SUMATERA UTARA,12,KAB. KARO,12.06,Tigabinanga,12.06.08,Kuala,12.06.08.2004
SUMATERA UTARA,12,KAB. KARO,12.06,Tigabinanga,12.06.08,Limang,12.06.08.2005
SUMATERA UTARA,12,KAB. KARO,12.06,Tigabinanga,12.06.08,Perbesi,12.06.08.2006
SUMATERA UTARA,12,KAB. KARO,12.06,Tigabinanga,12.06.08,Lau Kapur,12.06.08.2007
SUMATERA UTARA,12,KAB. KARO,12.06,Tigabinanga,12.06.08,Kuta Bangun,12.06.08.2008
SUMATERA UTARA,12,KAB. KARO,12.06,Tigabinanga,12.06.08,Kuta Raya,12.06.08.2009
SUMATERA UTARA,12,KAB. KARO,12.06,Tigabinanga,12.06.08,Pergendangen,12.06.08.2010
SUMATERA UTARA,12,KAB. KARO,12.06,Tigabinanga,12.06.08,Simolap,12.06.08.2011
SUMATERA UTARA,12,KAB. KARO,12.06,Tigabinanga,12.06.08,Simpang Pergendangen,12.06.08.2012
SUMATERA UTARA,12,KAB. KARO,12.06,Tigabinanga,12.06.08,Kuta Gerat,12.06.08.2013
SUMATERA UTARA,12,KAB. KARO,12.06,Tigabinanga,12.06.08,Suka Julu,12.06.08.2014
SUMATERA UTARA,12,KAB. KARO,12.06,Tigabinanga,12.06.08,Kuta Galoh,12.06.08.2015
SUMATERA UTARA,12,KAB. KARO,12.06,Tigabinanga,12.06.08,Bunga Baru,12.06.08.2016
SUMATERA UTARA,12,KAB. KARO,12.06,Tigabinanga,12.06.08,Kutambaru Punti,12.06.08.2017
SUMATERA UTARA,12,KAB. KARO,12.06,Tigabinanga,12.06.08,Kuta Buara,12.06.08.2018
SUMATERA UTARA,12,KAB. KARO,12.06,Tigabinanga,12.06.08,Tiga Binanga,12.06.08.1019
SUMATERA UTARA,12,KAB. KARO,12.06,Tigabinanga,12.06.08,Batumamak,12.06.08.2020
SUMATERA UTARA,12,KAB. KARO,12.06,Laubaleng,12.06.09,Martelu,12.06.09.2001
SUMATERA UTARA,12,KAB. KARO,12.06,Laubaleng,12.06.09,Mbal-Mbal Petarum,12.06.09.2002
SUMATERA UTARA,12,KAB. KARO,12.06,Laubaleng,12.06.09,Lau Peranggunen,12.06.09.2003
SUMATERA UTARA,12,KAB. KARO,12.06,Laubaleng,12.06.09,Tanjung Gunung,12.06.09.2004
SUMATERA UTARA,12,KAB. KARO,12.06,Laubaleng,12.06.09,Lau Baleng,12.06.09.2005
SUMATERA UTARA,12,KAB. KARO,12.06,Laubaleng,12.06.09,Durin Rugun,12.06.09.2006
SUMATERA UTARA,12,KAB. KARO,12.06,Laubaleng,12.06.09,Perbulan,12.06.09.2007
SUMATERA UTARA,12,KAB. KARO,12.06,Laubaleng,12.06.09,Kutambelin,12.06.09.2008
SUMATERA UTARA,12,KAB. KARO,12.06,Laubaleng,12.06.09,Lingga Muda,12.06.09.2009
SUMATERA UTARA,12,KAB. KARO,12.06,Laubaleng,12.06.09,Kinangkong,12.06.09.2010
SUMATERA UTARA,12,KAB. KARO,12.06,Laubaleng,12.06.09,Rambah Tampu,12.06.09.2011
SUMATERA UTARA,12,KAB. KARO,12.06,Laubaleng,12.06.09,Lau Peradep,12.06.09.2012
SUMATERA UTARA,12,KAB. KARO,12.06,Laubaleng,12.06.09,Buluh Pancur,12.06.09.2013
SUMATERA UTARA,12,KAB. KARO,12.06,Laubaleng,12.06.09,Batu Rongkam,12.06.09.2014
SUMATERA UTARA,12,KAB. KARO,12.06,Laubaleng,12.06.09,Pintu Angin,12.06.09.2015
SUMATERA UTARA,12,KAB. KARO,12.06,Mardingding,12.06.10,Lau Pengulu,12.06.10.2001
SUMATERA UTARA,12,KAB. KARO,12.06,Mardingding,12.06.10,Lau Mulgap,12.06.10.2002
SUMATERA UTARA,12,KAB. KARO,12.06,Mardingding,12.06.10,Lau Kesumpat,12.06.10.2003
SUMATERA UTARA,12,KAB. KARO,12.06,Mardingding,12.06.10,Rimo Bunga,12.06.10.2004
SUMATERA UTARA,12,KAB. KARO,12.06,Mardingding,12.06.10,Tanjung Pamah,12.06.10.2005
SUMATERA UTARA,12,KAB. KARO,12.06,Mardingding,12.06.10,Kuta Pengkih,12.06.10.2006
SUMATERA UTARA,12,KAB. KARO,12.06,Mardingding,12.06.10,Bandar Purba,12.06.10.2007
SUMATERA UTARA,12,KAB. KARO,12.06,Mardingding,12.06.10,Mardingding,12.06.10.2008
SUMATERA UTARA,12,KAB. KARO,12.06,Mardingding,12.06.10,Lau Pakam,12.06.10.2009
SUMATERA UTARA,12,KAB. KARO,12.06,Mardingding,12.06.10,Lau Solu,12.06.10.2010
SUMATERA UTARA,12,KAB. KARO,12.06,Mardingding,12.06.10,Lau Garut,12.06.10.2011
SUMATERA UTARA,12,KAB. KARO,12.06,Mardingding,12.06.10,Bukit Makmur,12.06.10.2012
SUMATERA UTARA,12,KAB. KARO,12.06,Payung,12.06.11,Payung,12.06.11.2001
SUMATERA UTARA,12,KAB. KARO,12.06,Payung,12.06.11,Rimo Kayu,12.06.11.2004
SUMATERA UTARA,12,KAB. KARO,12.06,Payung,12.06.11,Sukameriah,12.06.11.2005
SUMATERA UTARA,12,KAB. KARO,12.06,Payung,12.06.11,Selandi,12.06.11.2007
SUMATERA UTARA,12,KAB. KARO,12.06,Payung,12.06.11,Batukarang,12.06.11.2012
SUMATERA UTARA,12,KAB. KARO,12.06,Payung,12.06.11,Gurukinayan,12.06.11.2015
SUMATERA UTARA,12,KAB. KARO,12.06,Payung,12.06.11,Cimbang,12.06.11.2017
SUMATERA UTARA,12,KAB. KARO,12.06,Payung,12.06.11,Ujung Payung,12.06.11.2025
SUMATERA UTARA,12,KAB. KARO,12.06,Simpang Empat,12.06.12,Kutatengah,12.06.12.2005
SUMATERA UTARA,12,KAB. KARO,12.06,Simpang Empat,12.06.12,Tigapancur,12.06.12.2006
SUMATERA UTARA,12,KAB. KARO,12.06,Simpang Empat,12.06.12,Pintu Besi,12.06.12.2007
SUMATERA UTARA,12,KAB. KARO,12.06,Simpang Empat,12.06.12,Gamber,12.06.12.2009
SUMATERA UTARA,12,KAB. KARO,12.06,Simpang Empat,12.06.12,Sirumbia,12.06.12.2012
SUMATERA UTARA,12,KAB. KARO,12.06,Simpang Empat,12.06.12,Ndokumsiroga,12.06.12.2014
SUMATERA UTARA,12,KAB. KARO,12.06,Simpang Empat,12.06.12,Linggajulu,12.06.12.2016
SUMATERA UTARA,12,KAB. KARO,12.06,Simpang Empat,12.06.12,Gajah,12.06.12.2017
SUMATERA UTARA,12,KAB. KARO,12.06,Simpang Empat,12.06.12,Lingga,12.06.12.2018
SUMATERA UTARA,12,KAB. KARO,12.06,Simpang Empat,12.06.12,Nangbelawan,12.06.12.2019
SUMATERA UTARA,12,KAB. KARO,12.06,Simpang Empat,12.06.12,Beganding,12.06.12.2022
SUMATERA UTARA,12,KAB. KARO,12.06,Simpang Empat,12.06.12,Torong,12.06.12.2024
SUMATERA UTARA,12,KAB. KARO,12.06,Simpang Empat,12.06.12,Berastepu,12.06.12.2025
SUMATERA UTARA,12,KAB. KARO,12.06,Simpang Empat,12.06.12,Surbakti,12.06.12.2026
SUMATERA UTARA,12,KAB. KARO,12.06,Simpang Empat,12.06.12,Jeraya,12.06.12.2028
SUMATERA UTARA,12,KAB. KARO,12.06,Simpang Empat,12.06.12,Perteguhen,12.06.12.2030
SUMATERA UTARA,12,KAB. KARO,12.06,Simpang Empat,12.06.12,Bulanbaru,12.06.12.2035
SUMATERA UTARA,12,KAB. KARO,12.06,Kutabuluh,12.06.13,Negeri Jahe,12.06.13.2001
SUMATERA UTARA,12,KAB. KARO,12.06,Kutabuluh,12.06.13,Kutabuluh Gugung,12.06.13.2002
SUMATERA UTARA,12,KAB. KARO,12.06,Kutabuluh,12.06.13,Siabang-abang,12.06.13.2003
SUMATERA UTARA,12,KAB. KARO,12.06,Kutabuluh,12.06.13,Lau Buluh,12.06.13.2004
SUMATERA UTARA,12,KAB. KARO,12.06,Kutabuluh,12.06.13,Bintang Meriah,12.06.13.2005
SUMATERA UTARA,12,KAB. KARO,12.06,Kutabuluh,12.06.13,Jinabun,12.06.13.2006
SUMATERA UTARA,12,KAB. KARO,12.06,Kutabuluh,12.06.13,Kuta Male,12.06.13.2007
SUMATERA UTARA,12,KAB. KARO,12.06,Kutabuluh,12.06.13,Ujung Deleng,12.06.13.2008
SUMATERA UTARA,12,KAB. KARO,12.06,Kutabuluh,12.06.13,Gunung Meriah,12.06.13.2009
SUMATERA UTARA,12,KAB. KARO,12.06,Kutabuluh,12.06.13,Buah Raya,12.06.13.2010
SUMATERA UTARA,12,KAB. KARO,12.06,Kutabuluh,12.06.13,Tanjung Merahe,12.06.13.2011
SUMATERA UTARA,12,KAB. KARO,12.06,Kutabuluh,12.06.13,Rih Tengah,12.06.13.2012
SUMATERA UTARA,12,KAB. KARO,12.06,Kutabuluh,12.06.13,Kutabuluh,12.06.13.2013
SUMATERA UTARA,12,KAB. KARO,12.06,Kutabuluh,12.06.13,Liang Merdeka,12.06.13.2014
SUMATERA UTARA,12,KAB. KARO,12.06,Kutabuluh,12.06.13,Pola Tebu,12.06.13.2015
SUMATERA UTARA,12,KAB. KARO,12.06,Kutabuluh,12.06.13,Mburidi,12.06.13.2016
SUMATERA UTARA,12,KAB. KARO,12.06,Dolat Rayat,12.06.14,Kubu Colia,12.06.14.2001
SUMATERA UTARA,12,KAB. KARO,12.06,Dolat Rayat,12.06.14,Ujung Sampun,12.06.14.2002
SUMATERA UTARA,12,KAB. KARO,12.06,Dolat Rayat,12.06.14,Bukit,12.06.14.2003
SUMATERA UTARA,12,KAB. KARO,12.06,Dolat Rayat,12.06.14,Melas,12.06.14.2004
SUMATERA UTARA,12,KAB. KARO,12.06,Dolat Rayat,12.06.14,Sampun,12.06.14.2005
SUMATERA UTARA,12,KAB. KARO,12.06,Dolat Rayat,12.06.14,Sugihen,12.06.14.2006
SUMATERA UTARA,12,KAB. KARO,12.06,Dolat Rayat,12.06.14,Dolat Rayat,12.06.14.2007
SUMATERA UTARA,12,KAB. KARO,12.06,Merdeka,12.06.15,Cinta Rakyat,12.06.15.2001
SUMATERA UTARA,12,KAB. KARO,12.06,Merdeka,12.06.15,Semangat,12.06.15.2002
SUMATERA UTARA,12,KAB. KARO,12.06,Merdeka,12.06.15,Ujung Teran,12.06.15.2003
SUMATERA UTARA,12,KAB. KARO,12.06,Merdeka,12.06.15,Gongsol,12.06.15.2004
SUMATERA UTARA,12,KAB. KARO,12.06,Merdeka,12.06.15,Jaranguda,12.06.15.2005
SUMATERA UTARA,12,KAB. KARO,12.06,Merdeka,12.06.15,Semangat Gunung,12.06.15.2006
SUMATERA UTARA,12,KAB. KARO,12.06,Merdeka,12.06.15,Deram,12.06.15.2007
SUMATERA UTARA,12,KAB. KARO,12.06,Merdeka,12.06.15,Merdeka,12.06.15.2008
SUMATERA UTARA,12,KAB. KARO,12.06,Merdeka,12.06.15,Sada Perarih,12.06.15.2009
SUMATERA UTARA,12,KAB. KARO,12.06,Naman Teran,12.06.16,Simacem,12.06.16.2001
SUMATERA UTARA,12,KAB. KARO,12.06,Naman Teran,12.06.16,Kutagugung,12.06.16.2002
SUMATERA UTARA,12,KAB. KARO,12.06,Naman Teran,12.06.16,Kuta Tonggal,12.06.16.2003
SUMATERA UTARA,12,KAB. KARO,12.06,Naman Teran,12.06.16,Naman,12.06.16.2004
SUMATERA UTARA,12,KAB. KARO,12.06,Naman Teran,12.06.16,Sukanalu,12.06.16.2005
SUMATERA UTARA,12,KAB. KARO,12.06,Naman Teran,12.06.16,Kebayaken,12.06.16.2006
SUMATERA UTARA,12,KAB. KARO,12.06,Naman Teran,12.06.16,Kutarayat,12.06.16.2007
SUMATERA UTARA,12,KAB. KARO,12.06,Naman Teran,12.06.16,Bekerah,12.06.16.2008
SUMATERA UTARA,12,KAB. KARO,12.06,Naman Teran,12.06.16,Sukandebi,12.06.16.2009
SUMATERA UTARA,12,KAB. KARO,12.06,Naman Teran,12.06.16,Gung Pinto,12.06.16.2010
SUMATERA UTARA,12,KAB. KARO,12.06,Naman Teran,12.06.16,Kutambelin,12.06.16.2011
SUMATERA UTARA,12,KAB. KARO,12.06,Naman Teran,12.06.16,Ndeskati,12.06.16.2012
SUMATERA UTARA,12,KAB. KARO,12.06,Naman Teran,12.06.16,Sukatepu,12.06.16.2013
SUMATERA UTARA,12,KAB. KARO,12.06,Naman Teran,12.06.16,Sigarang-garang,12.06.16.2014
SUMATERA UTARA,12,KAB. KARO,12.06,Tiganderket,12.06.17,Sukatendel,12.06.17.2001
SUMATERA UTARA,12,KAB. KARO,12.06,Tiganderket,12.06.17,Mardingding,12.06.17.2002
SUMATERA UTARA,12,KAB. KARO,12.06,Tiganderket,12.06.17,Kutagaluh,12.06.17.2003
SUMATERA UTARA,12,KAB. KARO,12.06,Tiganderket,12.06.17,Kutambaru,12.06.17.2004
SUMATERA UTARA,12,KAB. KARO,12.06,Tiganderket,12.06.17,Jandimeriah,12.06.17.2005
SUMATERA UTARA,12,KAB. KARO,12.06,Tiganderket,12.06.17,Tiganderket,12.06.17.2006
SUMATERA UTARA,12,KAB. KARO,12.06,Tiganderket,12.06.17,Tanjung Pulo,12.06.17.2007
SUMATERA UTARA,12,KAB. KARO,12.06,Tiganderket,12.06.17,Tanjung Merawa,12.06.17.2008
SUMATERA UTARA,12,KAB. KARO,12.06,Tiganderket,12.06.17,Perbaji,12.06.17.2009
SUMATERA UTARA,12,KAB. KARO,12.06,Tiganderket,12.06.17,Temburun,12.06.17.2010
SUMATERA UTARA,12,KAB. KARO,12.06,Tiganderket,12.06.17,Kutakepar,12.06.17.2011
SUMATERA UTARA,12,KAB. KARO,12.06,Tiganderket,12.06.17,Penampen,12.06.17.2012
SUMATERA UTARA,12,KAB. KARO,12.06,Tiganderket,12.06.17,Tanjung Mbelang,12.06.17.2013
SUMATERA UTARA,12,KAB. KARO,12.06,Tiganderket,12.06.17,Narigunung I,12.06.17.2014
SUMATERA UTARA,12,KAB. KARO,12.06,Tiganderket,12.06.17,Narigunung II,12.06.17.2015
SUMATERA UTARA,12,KAB. KARO,12.06,Tiganderket,12.06.17,Gunung Merlawan,12.06.17.2016
SUMATERA UTARA,12,KAB. KARO,12.06,Tiganderket,12.06.17,Susuk,12.06.17.2017
SUMATERA UTARA,12,KAB. DELI SERDANG,12.07,Gunung Meriah,12.07.01,Kuta Bayu,12.07.01.2001
SUMATERA UTARA,12,KAB. DELI SERDANG,12.07,Gunung Meriah,12.07.01,Gunung Paribuan,12.07.01.2002
SUMATERA UTARA,12,KAB. DELI SERDANG,12.07,Gunung Meriah,12.07.01,Simempar,12.07.01.2003
SUMATERA UTARA,12,KAB. DELI SERDANG,12.07,Gunung Meriah,12.07.01,Gunung Seribu,12.07.01.2004
SUMATERA UTARA,12,KAB. DELI SERDANG,12.07,Gunung Meriah,12.07.01,Gunung Sinembah,12.07.01.2005
SUMATERA UTARA,12,KAB. DELI SERDANG,12.07,Gunung Meriah,12.07.01,Bintang Meriah,12.07.01.2006
SUMATERA UTARA,12,KAB. DELI SERDANG,12.07,Gunung Meriah,12.07.01,Kuta Tengah,12.07.01.2007
SUMATERA UTARA,12,KAB. DELI SERDANG,12.07,Gunung Meriah,12.07.01,Pekan Gunung Mariah,12.07.01.2008
SUMATERA UTARA,12,KAB. DELI SERDANG,12.07,Gunung Meriah,12.07.01,Gunung Meriah,12.07.01.2009
SUMATERA UTARA,12,KAB. DELI SERDANG,12.07,Gunung Meriah,12.07.01,Ujung Meriah,12.07.01.2010
SUMATERA UTARA,12,KAB. DELI SERDANG,12.07,Gunung Meriah,12.07.01,Marjandi Pematang,12.07.01.2011
SUMATERA UTARA,12,KAB. DELI SERDANG,12.07,Gunung Meriah,12.07.01,Marjandi Tongah,12.07.01.2012
SUMATERA UTARA,12,KAB. DELI SERDANG,12.07,Tanjung Morawa,12.07.02,Medan Sinembah,12.07.02.2001
SUMATERA UTARA,12,KAB. DELI SERDANG,12.07,Tanjung Morawa,12.07.02,Ujung Serdang,12.07.02.2002
SUMATERA UTARA,12,KAB. DELI SERDANG,12.07,Tanjung Morawa,12.07.02,Limau Manis,12.07.02.2003
SUMATERA UTARA,12,KAB. DELI SERDANG,12.07,Tanjung Morawa,12.07.02,Bandar Labuhan,12.07.02.2004
SUMATERA UTARA,12,KAB. DELI SERDANG,12.07,Tanjung Morawa,12.07.02,Bangun Rejo,12.07.02.2005
SUMATERA UTARA,12,KAB. DELI SERDANG,12.07,Tanjung Morawa,12.07.02,Aek Pancur,12.07.02.2006
SUMATERA UTARA,12,KAB. DELI SERDANG,12.07,Tanjung Morawa,12.07.02,Sei Merah,12.07.02.2007
SUMATERA UTARA,12,KAB. DELI SERDANG,12.07,Tanjung Morawa,12.07.02,Naga Timbul,12.07.02.2008
SUMATERA UTARA,12,KAB. DELI SERDANG,12.07,Tanjung Morawa,12.07.02,Langau Seprang,12.07.02.2009
SUMATERA UTARA,12,KAB. DELI SERDANG,12.07,Tanjung Morawa,12.07.02,Tanjung Mulia,12.07.02.2010
SUMATERA UTARA,12,KAB. DELI SERDANG,12.07,Tanjung Morawa,12.07.02,Punden Rejo,12.07.02.2011
SUMATERA UTARA,12,KAB. DELI SERDANG,12.07,Tanjung Morawa,12.07.02,Tanjung Morawa B,12.07.02.2012
SUMATERA UTARA,12,KAB. DELI SERDANG,12.07,Tanjung Morawa,12.07.02,Dagang Kerawan,12.07.02.2013
SUMATERA UTARA,12,KAB. DELI SERDANG,12.07,Tanjung Morawa,12.07.02,Tanjung Morawa A,12.07.02.2014
SUMATERA UTARA,12,KAB. DELI SERDANG,12.07,Tanjung Morawa,12.07.02,Buntu Badimbar,12.07.02.2015
SUMATERA UTARA,12,KAB. DELI SERDANG,12.07,Tanjung Morawa,12.07.02,Bangun Sari,12.07.02.2016
SUMATERA UTARA,12,KAB. DELI SERDANG,12.07,Tanjung Morawa,12.07.02,Dagang Kelambir,12.07.02.2017
SUMATERA UTARA,12,KAB. DELI SERDANG,12.07,Tanjung Morawa,12.07.02,Dalu Sepuluh-A,12.07.02.2018
SUMATERA UTARA,12,KAB. DELI SERDANG,12.07,Tanjung Morawa,12.07.02,Dalu Sepuluh-B,12.07.02.2019
SUMATERA UTARA,12,KAB. DELI SERDANG,12.07,Tanjung Morawa,12.07.02,Wonosari,12.07.02.2020
SUMATERA UTARA,12,KAB. DELI SERDANG,12.07,Tanjung Morawa,12.07.02,Perdamean,12.07.02.2021
SUMATERA UTARA,12,KAB. DELI SERDANG,12.07,Tanjung Morawa,12.07.02,Penara Kebun,12.07.02.2022
SUMATERA UTARA,12,KAB. DELI SERDANG,12.07,Tanjung Morawa,12.07.02,Bangun Sari Baru,12.07.02.2023
SUMATERA UTARA,12,KAB. DELI SERDANG,12.07,Tanjung Morawa,12.07.02,Telaga Sari,12.07.02.2024
SUMATERA UTARA,12,KAB. DELI SERDANG,12.07,Tanjung Morawa,12.07.02,Tanjung Baru,12.07.02.2025
SUMATERA UTARA,12,KAB. DELI SERDANG,12.07,Tanjung Morawa,12.07.02,Pekan Tg Morawa,12.07.02.1026
SUMATERA UTARA,12,KAB. DELI SERDANG,12.07,Sibolangit,12.07.03,Bandar Baru,12.07.03.2001
SUMATERA UTARA,12,KAB. DELI SERDANG,12.07,Sibolangit,12.07.03,Batu Layang,12.07.03.2002
SUMATERA UTARA,12,KAB. DELI SERDANG,12.07,Sibolangit,12.07.03,Batu Mbelin,12.07.03.2003
SUMATERA UTARA,12,KAB. DELI SERDANG,12.07,Sibolangit,12.07.03,Betimus Mbaru,12.07.03.2004
SUMATERA UTARA,12,KAB. DELI SERDANG,12.07,Sibolangit,12.07.03,Bengkurung,12.07.03.2005
SUMATERA UTARA,12,KAB. DELI SERDANG,12.07,Sibolangit,12.07.03,Bingkawan,12.07.03.2006
SUMATERA UTARA,12,KAB. DELI SERDANG,12.07,Sibolangit,12.07.03,Buah Nabar,12.07.03.2007
SUMATERA UTARA,12,KAB. DELI SERDANG,12.07,Sibolangit,12.07.03,Bukum,12.07.03.2008
SUMATERA UTARA,12,KAB. DELI SERDANG,12.07,Sibolangit,12.07.03,Buluh Awar,12.07.03.2009
SUMATERA UTARA,12,KAB. DELI SERDANG,12.07,Sibolangit,12.07.03,Cinta Rakyat,12.07.03.2010
SUMATERA UTARA,12,KAB. DELI SERDANG,12.07,Sibolangit,12.07.03,Durin Serugun,12.07.03.2011
SUMATERA UTARA,12,KAB. DELI SERDANG,12.07,Sibolangit,12.07.03,Ketangkuhen,12.07.03.2012
SUMATERA UTARA,12,KAB. DELI SERDANG,12.07,Sibolangit,12.07.03,Kuala,12.07.03.2013
SUMATERA UTARA,12,KAB. DELI SERDANG,12.07,Sibolangit,12.07.03,Martelu,12.07.03.2014
SUMATERA UTARA,12,KAB. DELI SERDANG,12.07,Sibolangit,12.07.03,Negeri Gugung,12.07.03.2015
SUMATERA UTARA,12,KAB. DELI SERDANG,12.07,Sibolangit,12.07.03,Puangaja,12.07.03.2016
SUMATERA UTARA,12,KAB. DELI SERDANG,12.07,Sibolangit,12.07.03,Rumah Kinangkung SP,12.07.03.2017
SUMATERA UTARA,12,KAB. DELI SERDANG,12.07,Sibolangit,12.07.03,Rambung Baru,12.07.03.2018
SUMATERA UTARA,12,KAB. DELI SERDANG,12.07,Sibolangit,12.07.03,Rumah Pil Pil,12.07.03.2019
SUMATERA UTARA,12,KAB. DELI SERDANG,12.07,Sibolangit,12.07.03,Rumah Sumbul,12.07.03.2020
SUMATERA UTARA,12,KAB. DELI SERDANG,12.07,Sibolangit,12.07.03,Sala Bulan,12.07.03.2021
SUMATERA UTARA,12,KAB. DELI SERDANG,12.07,Sibolangit,12.07.03,Sayum Sabah,12.07.03.2022
SUMATERA UTARA,12,KAB. DELI SERDANG,12.07,Sibolangit,12.07.03,Sembahe,12.07.03.2023
SUMATERA UTARA,12,KAB. DELI SERDANG,12.07,Sibolangit,12.07.03,Sibolangit,12.07.03.2024
SUMATERA UTARA,12,KAB. DELI SERDANG,12.07,Sibolangit,12.07.03,Sikeben,12.07.03.2025
SUMATERA UTARA,12,KAB. DELI SERDANG,12.07,Sibolangit,12.07.03,Suka Maju,12.07.03.2026
SUMATERA UTARA,12,KAB. DELI SERDANG,12.07,Sibolangit,12.07.03,Suka Makmur,12.07.03.2027
SUMATERA UTARA,12,KAB. DELI SERDANG,12.07,Sibolangit,12.07.03,Tambunen,12.07.03.2028
SUMATERA UTARA,12,KAB. DELI SERDANG,12.07,Sibolangit,12.07.03,Tanjung Beringin,12.07.03.2029
SUMATERA UTARA,12,KAB. DELI SERDANG,12.07,Sibolangit,12.07.03,Ujung Deleng,12.07.03.2030
SUMATERA UTARA,12,KAB. DELI SERDANG,12.07,Kutalimbaru,12.07.04,Suka Makmur,12.07.04.2001
SUMATERA UTARA,12,KAB. DELI SERDANG,12.07,Kutalimbaru,12.07.04,Namo Mirik,12.07.04.2002
SUMATERA UTARA,12,KAB. DELI SERDANG,12.07,Kutalimbaru,12.07.04,Suka Dame,12.07.04.2003
SUMATERA UTARA,12,KAB. DELI SERDANG,12.07,Kutalimbaru,12.07.04,Pasar X,12.07.04.2004
SUMATERA UTARA,12,KAB. DELI SERDANG,12.07,Kutalimbaru,12.07.04,Perpanden,12.07.04.2005
SUMATERA UTARA,12,KAB. DELI SERDANG,12.07,Kutalimbaru,12.07.04,Kutalimbaru,12.07.04.2006
SUMATERA UTARA,12,KAB. DELI SERDANG,12.07,Kutalimbaru,12.07.04,Sampe Cita,12.07.04.2007
SUMATERA UTARA,12,KAB. DELI SERDANG,12.07,Kutalimbaru,12.07.04,Suka Rende,12.07.04.2008
SUMATERA UTARA,12,KAB. DELI SERDANG,12.07,Kutalimbaru,12.07.04,Kwala Lau Bicik,12.07.04.2009
SUMATERA UTARA,12,KAB. DELI SERDANG,12.07,Kutalimbaru,12.07.04,Lau Bakeni,12.07.04.2010
SUMATERA UTARA,12,KAB. DELI SERDANG,12.07,Kutalimbaru,12.07.04,Silebo Lebo,12.07.04.2011
SUMATERA UTARA,12,KAB. DELI SERDANG,12.07,Kutalimbaru,12.07.04,Sawit Rejo,12.07.04.2012
SUMATERA UTARA,12,KAB. DELI SERDANG,12.07,Kutalimbaru,12.07.04,Namo Rube Julu,12.07.04.2013
SUMATERA UTARA,12,KAB. DELI SERDANG,12.07,Kutalimbaru,12.07.04,Sei Mencirim,12.07.04.2014
SUMATERA UTARA,12,KAB. DELI SERDANG,12.07,Pancur Batu,12.07.05,Bintang Meriah,12.07.05.2001
SUMATERA UTARA,12,KAB. DELI SERDANG,12.07,Pancur Batu,12.07.05,Sugau,12.07.05.2002
SUMATERA UTARA,12,KAB. DELI SERDANG,12.07,Pancur Batu,12.07.05,Tiang Layar,12.07.05.2003
SUMATERA UTARA,12,KAB. DELI SERDANG,12.07,Pancur Batu,12.07.05,Durin Simbelang,12.07.05.2004
SUMATERA UTARA,12,KAB. DELI SERDANG,12.07,Pancur Batu,12.07.05,Namo Riam,12.07.05.2005
SUMATERA UTARA,12,KAB. DELI SERDANG,12.07,Pancur Batu,12.07.05,Durin Tonggal,12.07.05.2006
SUMATERA UTARA,12,KAB. DELI SERDANG,12.07,Pancur Batu,12.07.05,Hulu,12.07.05.2007
SUMATERA UTARA,12,KAB. DELI SERDANG,12.07,Pancur Batu,12.07.05,Pertampilen,12.07.05.2008
SUMATERA UTARA,12,KAB. DELI SERDANG,12.07,Pancur Batu,12.07.05,Salam Tani,12.07.05.2009
SUMATERA UTARA,12,KAB. DELI SERDANG,12.07,Pancur Batu,12.07.05,Tengah,12.07.05.2010
SUMATERA UTARA,12,KAB. DELI SERDANG,12.07,Pancur Batu,12.07.05,Namo Simpur,12.07.05.2011
SUMATERA UTARA,12,KAB. DELI SERDANG,12.07,Pancur Batu,12.07.05,Simalingkar A,12.07.05.2012
SUMATERA UTARA,12,KAB. DELI SERDANG,12.07,Pancur Batu,12.07.05,Namo Bintang,12.07.05.2013
SUMATERA UTARA,12,KAB. DELI SERDANG,12.07,Pancur Batu,12.07.05,Lama,12.07.05.2014
SUMATERA UTARA,12,KAB. DELI SERDANG,12.07,Pancur Batu,12.07.05,Namorih,12.07.05.2015
SUMATERA UTARA,12,KAB. DELI SERDANG,12.07,Pancur Batu,12.07.05,Tuntungan I,12.07.05.2016
SUMATERA UTARA,12,KAB. DELI SERDANG,12.07,Pancur Batu,12.07.05,Gunung Tinggi,12.07.05.2017
SUMATERA UTARA,12,KAB. DELI SERDANG,12.07,Pancur Batu,12.07.05,Tuntungan II,12.07.05.2018
SUMATERA UTARA,12,KAB. DELI SERDANG,12.07,Pancur Batu,12.07.05,Durin Jangak,12.07.05.2019
SUMATERA UTARA,12,KAB. DELI SERDANG,12.07,Pancur Batu,12.07.05,Sembahe Baru,12.07.05.2020
SUMATERA UTARA,12,KAB. DELI SERDANG,12.07,Pancur Batu,12.07.05,Tanjung Anom,12.07.05.2021
SUMATERA UTARA,12,KAB. DELI SERDANG,12.07,Pancur Batu,12.07.05,Sei Glugur,12.07.05.2022
SUMATERA UTARA,12,KAB. DELI SERDANG,12.07,Pancur Batu,12.07.05,Suka Raya,12.07.05.2023
SUMATERA UTARA,12,KAB. DELI SERDANG,12.07,Pancur Batu,12.07.05,Baru,12.07.05.2024
SUMATERA UTARA,12,KAB. DELI SERDANG,12.07,Pancur Batu,12.07.05,Perumnas Simalingkar,12.07.05.2025
SUMATERA UTARA,12,KAB. DELI SERDANG,12.07,Namorambe,12.07.06,Deli Tua,12.07.06.2001
SUMATERA UTARA,12,KAB. DELI SERDANG,12.07,Namorambe,12.07.06,Jati Kesuma,12.07.06.2002
SUMATERA UTARA,12,KAB. DELI SERDANG,12.07,Namorambe,12.07.06,Namo Rambe,12.07.06.2003
SUMATERA UTARA,12,KAB. DELI SERDANG,12.07,Namorambe,12.07.06,Gunung Kelawas,12.07.06.2004
SUMATERA UTARA,12,KAB. DELI SERDANG,12.07,Namorambe,12.07.06,Ujung Labuhan,12.07.06.2005
SUMATERA UTARA,12,KAB. DELI SERDANG,12.07,Namorambe,12.07.06,Lubang Ido,12.07.06.2006
SUMATERA UTARA,12,KAB. DELI SERDANG,12.07,Namorambe,12.07.06,Siluelue,12.07.06.2007
SUMATERA UTARA,12,KAB. DELI SERDANG,12.07,Namorambe,12.07.06,Timbang Lawan,12.07.06.2008
SUMATERA UTARA,12,KAB. DELI SERDANG,12.07,Namorambe,12.07.06,Batu Mbelin,12.07.06.2009
SUMATERA UTARA,12,KAB. DELI SERDANG,12.07,Namorambe,12.07.06,Namo Batang,12.07.06.2010
SUMATERA UTARA,12,KAB. DELI SERDANG,12.07,Namorambe,12.07.06,Tanjung Selamat,12.07.06.2011
SUMATERA UTARA,12,KAB. DELI SERDANG,12.07,Namorambe,12.07.06,Bekukul,12.07.06.2012
SUMATERA UTARA,12,KAB. DELI SERDANG,12.07,Namorambe,12.07.06,Namo Pakam,12.07.06.2013
SUMATERA UTARA,12,KAB. DELI SERDANG,12.07,Namorambe,12.07.06,Sukamulia Hilir,12.07.06.2014
SUMATERA UTARA,12,KAB. DELI SERDANG,12.07,Namorambe,12.07.06,Sukamulia Hulu,12.07.06.2015
SUMATERA UTARA,12,KAB. DELI SERDANG,12.07,Namorambe,12.07.06,Rumah Mbacang,12.07.06.2016
SUMATERA UTARA,12,KAB. DELI SERDANG,12.07,Namorambe,12.07.06,Cinta Rakyat,12.07.06.2017
SUMATERA UTARA,12,KAB. DELI SERDANG,12.07,Namorambe,12.07.06,Batu Penjemuran,12.07.06.2018
SUMATERA UTARA,12,KAB. DELI SERDANG,12.07,Namorambe,12.07.06,Kuta Tengah,12.07.06.2019
SUMATERA UTARA,12,KAB. DELI SERDANG,12.07,Namorambe,12.07.06,Namo Landur,12.07.06.2020
SUMATERA UTARA,12,KAB. DELI SERDANG,12.07,Namorambe,12.07.06,Gunung Berita,12.07.06.2021
SUMATERA UTARA,12,KAB. DELI SERDANG,12.07,Namorambe,12.07.06,Tangkahan,12.07.06.2022
SUMATERA UTARA,12,KAB. DELI SERDANG,12.07,Namorambe,12.07.06,Uruk Gedang,12.07.06.2023
SUMATERA UTARA,12,KAB. DELI SERDANG,12.07,Namorambe,12.07.06,Rumah Keben,12.07.06.2024
SUMATERA UTARA,12,KAB. DELI SERDANG,12.07,Namorambe,12.07.06,Namo Pinang,12.07.06.2025
SUMATERA UTARA,12,KAB. DELI SERDANG,12.07,Namorambe,12.07.06,Sudirejo,12.07.06.2026
SUMATERA UTARA,12,KAB. DELI SERDANG,12.07,Namorambe,12.07.06,Jaba,12.07.06.2027
SUMATERA UTARA,12,KAB. DELI SERDANG,12.07,Namorambe,12.07.06,Kuta Tualah,12.07.06.2028
SUMATERA UTARA,12,KAB. DELI SERDANG,12.07,Namorambe,12.07.06,Kwala Simeme,12.07.06.2029
SUMATERA UTARA,12,KAB. DELI SERDANG,12.07,Namorambe,12.07.06,Batu Gemuk,12.07.06.2030
SUMATERA UTARA,12,KAB. DELI SERDANG,12.07,Namorambe,12.07.06,Lau Mulgab,12.07.06.2031
SUMATERA UTARA,12,KAB. DELI SERDANG,12.07,Namorambe,12.07.06,Batu Rejo,12.07.06.2032
SUMATERA UTARA,12,KAB. DELI SERDANG,12.07,Namorambe,12.07.06,Salang Tungir,12.07.06.2033
SUMATERA UTARA,12,KAB. DELI SERDANG,12.07,Namorambe,12.07.06,Namo Mbaru,12.07.06.2034
SUMATERA UTARA,12,KAB. DELI SERDANG,12.07,Namorambe,12.07.06,Rimo Mungkur,12.07.06.2035
SUMATERA UTARA,12,KAB. DELI SERDANG,12.07,Namorambe,12.07.06,Namo Mbelin,12.07.06.2036
SUMATERA UTARA,12,KAB. DELI SERDANG,12.07,Sibiru-biru,12.07.07,Aji Baho,12.07.07.2001
SUMATERA UTARA,12,KAB. DELI SERDANG,12.07,Sibiru-biru,12.07.07,Biru-biru,12.07.07.2002
SUMATERA UTARA,12,KAB. DELI SERDANG,12.07,Sibiru-biru,12.07.07,Candi Rejo,12.07.07.2003
SUMATERA UTARA,12,KAB. DELI SERDANG,12.07,Sibiru-biru,12.07.07,Kuta Mulyo,12.07.07.2004
SUMATERA UTARA,12,KAB. DELI SERDANG,12.07,Sibiru-biru,12.07.07,Kuala Dekah,12.07.07.2005
SUMATERA UTARA,12,KAB. DELI SERDANG,12.07,Sibiru-biru,12.07.07,Mbaruai,12.07.07.2006
SUMATERA UTARA,12,KAB. DELI SERDANG,12.07,Sibiru-biru,12.07.07,Mardinding Julu,12.07.07.2007
SUMATERA UTARA,12,KAB. DELI SERDANG,12.07,Sibiru-biru,12.07.07,Namo Suro Baru,12.07.07.2008
SUMATERA UTARA,12,KAB. DELI SERDANG,12.07,Sibiru-biru,12.07.07,Peria-ria,12.07.07.2009
SUMATERA UTARA,12,KAB. DELI SERDANG,12.07,Sibiru-biru,12.07.07,Penen,12.07.07.2010
SUMATERA UTARA,12,KAB. DELI SERDANG,12.07,Sibiru-biru,12.07.07,Rumah Gerat,12.07.07.2011
SUMATERA UTARA,12,KAB. DELI SERDANG,12.07,Sibiru-biru,12.07.07,Sidodadi,12.07.07.2012
SUMATERA UTARA,12,KAB. DELI SERDANG,12.07,Sibiru-biru,12.07.07,Sidomulyo,12.07.07.2013
SUMATERA UTARA,12,KAB. DELI SERDANG,12.07,Sibiru-biru,12.07.07,Selamat,12.07.07.2014
SUMATERA UTARA,12,KAB. DELI SERDANG,12.07,Sibiru-biru,12.07.07,Sarilaba Jahe,12.07.07.2015
SUMATERA UTARA,12,KAB. DELI SERDANG,12.07,Sibiru-biru,12.07.07,Tanjung Sena,12.07.07.2016
SUMATERA UTARA,12,KAB. DELI SERDANG,12.07,Sibiru-biru,12.07.07,Namo Tualang,12.07.07.2017
SUMATERA UTARA,12,KAB. DELI SERDANG,12.07,STM Hilir,12.07.08,Talun Kenas,12.07.08.2001
SUMATERA UTARA,12,KAB. DELI SERDANG,12.07,STM Hilir,12.07.08,Gunung Rintih,12.07.08.2002
SUMATERA UTARA,12,KAB. DELI SERDANG,12.07,STM Hilir,12.07.08,Sumbul,12.07.08.2003
SUMATERA UTARA,12,KAB. DELI SERDANG,12.07,STM Hilir,12.07.08,Tandukan Raga,12.07.08.2004
SUMATERA UTARA,12,KAB. DELI SERDANG,12.07,STM Hilir,12.07.08,Limau Mungkur,12.07.08.2005
SUMATERA UTARA,12,KAB. DELI SERDANG,12.07,STM Hilir,12.07.08,Negara Beringin,12.07.08.2006
SUMATERA UTARA,12,KAB. DELI SERDANG,12.07,STM Hilir,12.07.08,Lau Barus Baru,12.07.08.2007
SUMATERA UTARA,12,KAB. DELI SERDANG,12.07,STM Hilir,12.07.08,Juma Tombak,12.07.08.2008
SUMATERA UTARA,12,KAB. DELI SERDANG,12.07,STM Hilir,12.07.08,Siguci,12.07.08.2009
SUMATERA UTARA,12,KAB. DELI SERDANG,12.07,STM Hilir,12.07.08,Kuta Jurung,12.07.08.2010
SUMATERA UTARA,12,KAB. DELI SERDANG,12.07,STM Hilir,12.07.08,Tala Peta,12.07.08.2011
SUMATERA UTARA,12,KAB. DELI SERDANG,12.07,STM Hilir,12.07.08,Lau Rakit,12.07.08.2012
SUMATERA UTARA,12,KAB. DELI SERDANG,12.07,STM Hilir,12.07.08,Penungkiren,12.07.08.2013
SUMATERA UTARA,12,KAB. DELI SERDANG,12.07,STM Hilir,12.07.08,Rambai,12.07.08.2014
SUMATERA UTARA,12,KAB. DELI SERDANG,12.07,STM Hilir,12.07.08,Lau Rempak,12.07.08.2015
SUMATERA UTARA,12,KAB. DELI SERDANG,12.07,Bangun Purba,12.07.09,Bah Perak,12.07.09.2001
SUMATERA UTARA,12,KAB. DELI SERDANG,12.07,Bangun Purba,12.07.09,Bandar Kuala,12.07.09.2002
SUMATERA UTARA,12,KAB. DELI SERDANG,12.07,Bangun Purba,12.07.09,Bah Balua,12.07.09.2003
SUMATERA UTARA,12,KAB. DELI SERDANG,12.07,Bangun Purba,12.07.09,Bandar Gugung,12.07.09.2005
SUMATERA UTARA,12,KAB. DELI SERDANG,12.07,Bangun Purba,12.07.09,Bandar Meriah,12.07.09.2006
SUMATERA UTARA,12,KAB. DELI SERDANG,12.07,Bangun Purba,12.07.09,Batu Gingging,12.07.09.2007
SUMATERA UTARA,12,KAB. DELI SERDANG,12.07,Bangun Purba,12.07.09,Bangun Purba,12.07.09.2008
SUMATERA UTARA,12,KAB. DELI SERDANG,12.07,Bangun Purba,12.07.09,Bangun Purba Tengah,12.07.09.2009
SUMATERA UTARA,12,KAB. DELI SERDANG,12.07,Bangun Purba,12.07.09,Begerpang,12.07.09.2010
SUMATERA UTARA,12,KAB. DELI SERDANG,12.07,Bangun Purba,12.07.09,Batu Rata,12.07.09.2011
SUMATERA UTARA,12,KAB. DELI SERDANG,12.07,Bangun Purba,12.07.09,Cimahi,12.07.09.2012
SUMATERA UTARA,12,KAB. DELI SERDANG,12.07,Bangun Purba,12.07.09,Damak Maliho,12.07.09.2014
SUMATERA UTARA,12,KAB. DELI SERDANG,12.07,Bangun Purba,12.07.09,Greahan,12.07.09.2015
SUMATERA UTARA,12,KAB. DELI SERDANG,12.07,Bangun Purba,12.07.09,Marombun Ujung Jawi,12.07.09.2017
SUMATERA UTARA,12,KAB. DELI SERDANG,12.07,Bangun Purba,12.07.09,Marombun Barat,12.07.09.2018
SUMATERA UTARA,12,KAB. DELI SERDANG,12.07,Bangun Purba,12.07.09,Mabar,12.07.09.2019
SUMATERA UTARA,12,KAB. DELI SERDANG,12.07,Bangun Purba,12.07.09,Perguroan,12.07.09.2020
SUMATERA UTARA,12,KAB. DELI SERDANG,12.07,Bangun Purba,12.07.09,Rumah Deleng,12.07.09.2023
SUMATERA UTARA,12,KAB. DELI SERDANG,12.07,Bangun Purba,12.07.09,Sibaganding,12.07.09.2024
SUMATERA UTARA,12,KAB. DELI SERDANG,12.07,Bangun Purba,12.07.09,Sialang,12.07.09.2025
SUMATERA UTARA,12,KAB. DELI SERDANG,12.07,Bangun Purba,12.07.09,Sukaluwei,12.07.09.2027
SUMATERA UTARA,12,KAB. DELI SERDANG,12.07,Bangun Purba,12.07.09,Tanjung Purba,12.07.09.2030
SUMATERA UTARA,12,KAB. DELI SERDANG,12.07,Bangun Purba,12.07.09,Urung Ganjang,12.07.09.2032
SUMATERA UTARA,12,KAB. DELI SERDANG,12.07,Bangun Purba,12.07.09,Ujung Rambe,12.07.09.2033
SUMATERA UTARA,12,KAB. DELI SERDANG,12.07,Galang,12.07.19,Tanjung Gusti,12.07.19.2001
SUMATERA UTARA,12,KAB. DELI SERDANG,12.07,Galang,12.07.19,Baru Titi Besi,12.07.19.2002
SUMATERA UTARA,12,KAB. DELI SERDANG,12.07,Galang,12.07.19,Bandar Kuala,12.07.19.2003
SUMATERA UTARA,12,KAB. DELI SERDANG,12.07,Galang,12.07.19,Batu Lokong,12.07.19.2004
SUMATERA UTARA,12,KAB. DELI SERDANG,12.07,Galang,12.07.19,Galang Suka,12.07.19.2005
SUMATERA UTARA,12,KAB. DELI SERDANG,12.07,Galang,12.07.19,Galang Barat,12.07.19.2006
SUMATERA UTARA,12,KAB. DELI SERDANG,12.07,Galang,12.07.19,Jaharum A,12.07.19.2007
SUMATERA UTARA,12,KAB. DELI SERDANG,12.07,Galang,12.07.19,Jaharum B,12.07.19.2008
SUMATERA UTARA,12,KAB. DELI SERDANG,12.07,Galang,12.07.19,Juhar Baru,12.07.19.2009
SUMATERA UTARA,12,KAB. DELI SERDANG,12.07,Galang,12.07.19,Keramat Gajah,12.07.19.2012
SUMATERA UTARA,12,KAB. DELI SERDANG,12.07,Galang,12.07.19,Kotasan,12.07.19.2013
SUMATERA UTARA,12,KAB. DELI SERDANG,12.07,Galang,12.07.19,Kotangan,12.07.19.2015
SUMATERA UTARA,12,KAB. DELI SERDANG,12.07,Galang,12.07.19,Kelapa Satu,12.07.19.2016
SUMATERA UTARA,12,KAB. DELI SERDANG,12.07,Galang,12.07.19,Nogorejo,12.07.19.2019
SUMATERA UTARA,12,KAB. DELI SERDANG,12.07,Galang,12.07.19,Paku,12.07.19.2022
SUMATERA UTARA,12,KAB. DELI SERDANG,12.07,Galang,12.07.19,Petumbukan,12.07.19.2023
SUMATERA UTARA,12,KAB. DELI SERDANG,12.07,Galang,12.07.19,Petangguhan,12.07.19.2024
SUMATERA UTARA,12,KAB. DELI SERDANG,12.07,Galang,12.07.19,Pisang Pala,12.07.19.2025
SUMATERA UTARA,12,KAB. DELI SERDANG,12.07,Galang,12.07.19,Paya Itik,12.07.19.2026
SUMATERA UTARA,12,KAB. DELI SERDANG,12.07,Galang,12.07.19,Pulau Tagor Batu,12.07.19.2027
SUMATERA UTARA,12,KAB. DELI SERDANG,12.07,Galang,12.07.19,Paya Kuda,12.07.19.2028
SUMATERA UTARA,12,KAB. DELI SERDANG,12.07,Galang,12.07.19,Paya Sampir,12.07.19.2029
SUMATERA UTARA,12,KAB. DELI SERDANG,12.07,Galang,12.07.19,Sei Putih,12.07.19.2030
SUMATERA UTARA,12,KAB. DELI SERDANG,12.07,Galang,12.07.19,Sei Karang,12.07.19.2031
SUMATERA UTARA,12,KAB. DELI SERDANG,12.07,Galang,12.07.19,Tanah Abang,12.07.19.2034
SUMATERA UTARA,12,KAB. DELI SERDANG,12.07,Galang,12.07.19,Timbang Deli,12.07.19.2035
SUMATERA UTARA,12,KAB. DELI SERDANG,12.07,Galang,12.07.19,Tanah Merah,12.07.19.2036
SUMATERA UTARA,12,KAB. DELI SERDANG,12.07,Galang,12.07.19,Tanjung Siporkis,12.07.19.2037
SUMATERA UTARA,12,KAB. DELI SERDANG,12.07,Galang,12.07.19,Galang Kota,12.07.19.1038
SUMATERA UTARA,12,KAB. DELI SERDANG,12.07,STM Hulu,12.07.20,Tiga Juhar,12.07.20.2001
SUMATERA UTARA,12,KAB. DELI SERDANG,12.07,STM Hulu,12.07.20,Tanjung Bampu,12.07.20.2002
SUMATERA UTARA,12,KAB. DELI SERDANG,12.07,STM Hulu,12.07.20,Rumah Rih,12.07.20.2003
SUMATERA UTARA,12,KAB. DELI SERDANG,12.07,STM Hulu,12.07.20,Liang Muda,12.07.20.2004
SUMATERA UTARA,12,KAB. DELI SERDANG,12.07,STM Hulu,12.07.20,Durian IV Mbelang,12.07.20.2005
SUMATERA UTARA,12,KAB. DELI SERDANG,12.07,STM Hulu,12.07.20,Tanah Gara Hulu,12.07.20.2006
SUMATERA UTARA,12,KAB. DELI SERDANG,12.07,STM Hulu,12.07.20,Gunung Manupak A,12.07.20.2007
SUMATERA UTARA,12,KAB. DELI SERDANG,12.07,STM Hulu,12.07.20,Bah Bah Buntu,12.07.20.2008
SUMATERA UTARA,12,KAB. DELI SERDANG,12.07,STM Hulu,12.07.20,Tanjung Muda,12.07.20.2009
SUMATERA UTARA,12,KAB. DELI SERDANG,12.07,STM Hulu,12.07.20,Tanjung Raja,12.07.20.2010
SUMATERA UTARA,12,KAB. DELI SERDANG,12.07,STM Hulu,12.07.20,Kuta Mbelin,12.07.20.2011
SUMATERA UTARA,12,KAB. DELI SERDANG,12.07,STM Hulu,12.07.20,Rumah Sumbul,12.07.20.2012
SUMATERA UTARA,12,KAB. DELI SERDANG,12.07,STM Hulu,12.07.20,Ranggit-git,12.07.20.2013
SUMATERA UTARA,12,KAB. DELI SERDANG,12.07,STM Hulu,12.07.20,Liang Pematang,12.07.20.2014
SUMATERA UTARA,12,KAB. DELI SERDANG,12.07,STM Hulu,12.07.20,Gunung Manupak B,12.07.20.2015
SUMATERA UTARA,12,KAB. DELI SERDANG,12.07,STM Hulu,12.07.20,Rumah Lengo,12.07.20.2016
SUMATERA UTARA,12,KAB. DELI SERDANG,12.07,STM Hulu,12.07.20,Sipinggan,12.07.20.2017
SUMATERA UTARA,12,KAB. DELI SERDANG,12.07,STM Hulu,12.07.20,Tanjung Timur,12.07.20.2018
SUMATERA UTARA,12,KAB. DELI SERDANG,12.07,STM Hulu,12.07.20,Durian Tinggung,12.07.20.2019
SUMATERA UTARA,12,KAB. DELI SERDANG,12.07,STM Hulu,12.07.20,Sibunga Bunga Hilir,12.07.20.2020
SUMATERA UTARA,12,KAB. DELI SERDANG,12.07,Patumbak,12.07.21,Lantasan Baru,12.07.21.2001
SUMATERA UTARA,12,KAB. DELI SERDANG,12.07,Patumbak,12.07.21,Patumbak I,12.07.21.2002
SUMATERA UTARA,12,KAB. DELI SERDANG,12.07,Patumbak,12.07.21,Patumbak II,12.07.21.2003
SUMATERA UTARA,12,KAB. DELI SERDANG,12.07,Patumbak,12.07.21,Lantasan Lama,12.07.21.2004
SUMATERA UTARA,12,KAB. DELI SERDANG,12.07,Patumbak,12.07.21,Sigara-gara,12.07.21.2005
SUMATERA UTARA,12,KAB. DELI SERDANG,12.07,Patumbak,12.07.21,Marendal I,12.07.21.2006
SUMATERA UTARA,12,KAB. DELI SERDANG,12.07,Patumbak,12.07.21,Marindal II,12.07.21.2007
SUMATERA UTARA,12,KAB. DELI SERDANG,12.07,Patumbak,12.07.21,Patumbak Kampung,12.07.21.2008
SUMATERA UTARA,12,KAB. DELI SERDANG,12.07,Deli Tua,12.07.22,Kedai Durian,12.07.22.2001
SUMATERA UTARA,12,KAB. DELI SERDANG,12.07,Deli Tua,12.07.22,Suka Makmur,12.07.22.2002
SUMATERA UTARA,12,KAB. DELI SERDANG,12.07,Deli Tua,12.07.22,Mekar Sari,12.07.22.2003
SUMATERA UTARA,12,KAB. DELI SERDANG,12.07,Deli Tua,12.07.22,Deli Tua,12.07.22.1004
SUMATERA UTARA,12,KAB. DELI SERDANG,12.07,Deli Tua,12.07.22,Deli Tua Timur,12.07.22.1005
SUMATERA UTARA,12,KAB. DELI SERDANG,12.07,Deli Tua,12.07.22,Deli Tua Barat,12.07.22.1006
SUMATERA UTARA,12,KAB. DELI SERDANG,12.07,Sunggal,12.07.23,Sei Semayang,12.07.23.2001
SUMATERA UTARA,12,KAB. DELI SERDANG,12.07,Sunggal,12.07.23,Lalang,12.07.23.2002
SUMATERA UTARA,12,KAB. DELI SERDANG,12.07,Sunggal,12.07.23,Puji Mulyo,12.07.23.2003
SUMATERA UTARA,12,KAB. DELI SERDANG,12.07,Sunggal,12.07.23,Paya Geli,12.07.23.2004
SUMATERA UTARA,12,KAB. DELI SERDANG,12.07,Sunggal,12.07.23,Mulio Rejo,12.07.23.2005
SUMATERA UTARA,12,KAB. DELI SERDANG,12.07,Sunggal,12.07.23,Purwodadi,12.07.23.2006
SUMATERA UTARA,12,KAB. DELI SERDANG,12.07,Sunggal,12.07.23,Sumber Melati Diski,12.07.23.2007
SUMATERA UTARA,12,KAB. DELI SERDANG,12.07,Sunggal,12.07.23,Tanjung Gusta,12.07.23.2008
SUMATERA UTARA,12,KAB. DELI SERDANG,12.07,Sunggal,12.07.23,Helvetia,12.07.23.2009
SUMATERA UTARA,12,KAB. DELI SERDANG,12.07,Sunggal,12.07.23,Medan Krio,12.07.23.2010
SUMATERA UTARA,12,KAB. DELI SERDANG,12.07,Sunggal,12.07.23,Sei Mencirim,12.07.23.2011
SUMATERA UTARA,12,KAB. DELI SERDANG,12.07,Sunggal,12.07.23,Sukamaju,12.07.23.2012
SUMATERA UTARA,12,KAB. DELI SERDANG,12.07,Sunggal,12.07.23,Sunggal Kanan,12.07.23.2013
SUMATERA UTARA,12,KAB. DELI SERDANG,12.07,Sunggal,12.07.23,Serbajadi,12.07.23.2014
SUMATERA UTARA,12,KAB. DELI SERDANG,12.07,Sunggal,12.07.23,Telaga Sari,12.07.23.2015
SUMATERA UTARA,12,KAB. DELI SERDANG,12.07,Sunggal,12.07.23,Tanjung Selamat,12.07.23.2016
SUMATERA UTARA,12,KAB. DELI SERDANG,12.07,Sunggal,12.07.23,Sei Beras Sekata,12.07.23.2017
SUMATERA UTARA,12,KAB. DELI SERDANG,12.07,Hamparan Perak,12.07.24,Hamparan Perak,12.07.24.2001
SUMATERA UTARA,12,KAB. DELI SERDANG,12.07,Hamparan Perak,12.07.24,Sei Baharu,12.07.24.2002
SUMATERA UTARA,12,KAB. DELI SERDANG,12.07,Hamparan Perak,12.07.24,Klumpang Kebun,12.07.24.2003
SUMATERA UTARA,12,KAB. DELI SERDANG,12.07,Hamparan Perak,12.07.24,Klumpang Kampung,12.07.24.2004
SUMATERA UTARA,12,KAB. DELI SERDANG,12.07,Hamparan Perak,12.07.24,Klambir Lima Kampung,12.07.24.2005
SUMATERA UTARA,12,KAB. DELI SERDANG,12.07,Hamparan Perak,12.07.24,Tandem Hulu II,12.07.24.2006
SUMATERA UTARA,12,KAB. DELI SERDANG,12.07,Hamparan Perak,12.07.24,Klambir,12.07.24.2007
SUMATERA UTARA,12,KAB. DELI SERDANG,12.07,Hamparan Perak,12.07.24,Selemak,12.07.24.2008
SUMATERA UTARA,12,KAB. DELI SERDANG,12.07,Hamparan Perak,12.07.24,Kelambir Lima Kebun,12.07.24.2009
SUMATERA UTARA,12,KAB. DELI SERDANG,12.07,Hamparan Perak,12.07.24,Sialang Muda,12.07.24.2010
SUMATERA UTARA,12,KAB. DELI SERDANG,12.07,Hamparan Perak,12.07.24,Paya Bakung,12.07.24.2011
SUMATERA UTARA,12,KAB. DELI SERDANG,12.07,Hamparan Perak,12.07.24,Tandem Hulu I,12.07.24.2012
SUMATERA UTARA,12,KAB. DELI SERDANG,12.07,Hamparan Perak,12.07.24,Tandem Hilir I,12.07.24.2013
SUMATERA UTARA,12,KAB. DELI SERDANG,12.07,Hamparan Perak,12.07.24,Tandem Hilir II,12.07.24.2014
SUMATERA UTARA,12,KAB. DELI SERDANG,12.07,Hamparan Perak,12.07.24,Kota Datar,12.07.24.2015
SUMATERA UTARA,12,KAB. DELI SERDANG,12.07,Hamparan Perak,12.07.24,Bulu Cina,12.07.24.2016
SUMATERA UTARA,12,KAB. DELI SERDANG,12.07,Hamparan Perak,12.07.24,Kota Rantang,12.07.24.2017
SUMATERA UTARA,12,KAB. DELI SERDANG,12.07,Hamparan Perak,12.07.24,Paluh Manan,12.07.24.2018
SUMATERA UTARA,12,KAB. DELI SERDANG,12.07,Hamparan Perak,12.07.24,Lama,12.07.24.2019
SUMATERA UTARA,12,KAB. DELI SERDANG,12.07,Hamparan Perak,12.07.24,Paluh Kurau,12.07.24.2020
SUMATERA UTARA,12,KAB. DELI SERDANG,12.07,Labuhan Deli,12.07.25,Helvetia,12.07.25.2001
SUMATERA UTARA,12,KAB. DELI SERDANG,12.07,Labuhan Deli,12.07.25,Manunggal,12.07.25.2002
SUMATERA UTARA,12,KAB. DELI SERDANG,12.07,Labuhan Deli,12.07.25,Pematang Johar,12.07.25.2003
SUMATERA UTARA,12,KAB. DELI SERDANG,12.07,Labuhan Deli,12.07.25,Karang Gading,12.07.25.2004
SUMATERA UTARA,12,KAB. DELI SERDANG,12.07,Labuhan Deli,12.07.25,Telaga Tujuh,12.07.25.2005
SUMATERA UTARA,12,KAB. DELI SERDANG,12.07,Percut Sei Tuan,12.07.26,Pematang Lalang,12.07.26.2001
SUMATERA UTARA,12,KAB. DELI SERDANG,12.07,Percut Sei Tuan,12.07.26,Sambirejo Timur,12.07.26.2002
SUMATERA UTARA,12,KAB. DELI SERDANG,12.07,Percut Sei Tuan,12.07.26,Kolam,12.07.26.2003
SUMATERA UTARA,12,KAB. DELI SERDANG,12.07,Percut Sei Tuan,12.07.26,Percut,12.07.26.2004
SUMATERA UTARA,12,KAB. DELI SERDANG,12.07,Percut Sei Tuan,12.07.26,Laut Dendang,12.07.26.2005
SUMATERA UTARA,12,KAB. DELI SERDANG,12.07,Percut Sei Tuan,12.07.26,Tembung,12.07.26.2006
SUMATERA UTARA,12,KAB. DELI SERDANG,12.07,Percut Sei Tuan,12.07.26,Cinta Rakyat,12.07.26.2007
SUMATERA UTARA,12,KAB. DELI SERDANG,12.07,Percut Sei Tuan,12.07.26,Amplas,12.07.26.2008
SUMATERA UTARA,12,KAB. DELI SERDANG,12.07,Percut Sei Tuan,12.07.26,Saentis,12.07.26.2009
SUMATERA UTARA,12,KAB. DELI SERDANG,12.07,Percut Sei Tuan,12.07.26,Sampali,12.07.26.2010
SUMATERA UTARA,12,KAB. DELI SERDANG,12.07,Percut Sei Tuan,12.07.26,Bandar Khalipah,12.07.26.2011
SUMATERA UTARA,12,KAB. DELI SERDANG,12.07,Percut Sei Tuan,12.07.26,Bandar Klippa,12.07.26.2012
SUMATERA UTARA,12,KAB. DELI SERDANG,12.07,Percut Sei Tuan,12.07.26,Tanjung Selamat,12.07.26.2013
SUMATERA UTARA,12,KAB. DELI SERDANG,12.07,Percut Sei Tuan,12.07.26,Tanjung Rejo,12.07.26.2014
SUMATERA UTARA,12,KAB. DELI SERDANG,12.07,Percut Sei Tuan,12.07.26,Medan Estate,12.07.26.2015
SUMATERA UTARA,12,KAB. DELI SERDANG,12.07,Percut Sei Tuan,12.07.26,Cinta Damai,12.07.26.2016
SUMATERA UTARA,12,KAB. DELI SERDANG,12.07,Percut Sei Tuan,12.07.26,Bandar Setia,12.07.26.2017
SUMATERA UTARA,12,KAB. DELI SERDANG,12.07,Percut Sei Tuan,12.07.26,Sei Rotan,12.07.26.2018
SUMATERA UTARA,12,KAB. DELI SERDANG,12.07,Percut Sei Tuan,12.07.26,Kenangan,12.07.26.1019
SUMATERA UTARA,12,KAB. DELI SERDANG,12.07,Percut Sei Tuan,12.07.26,Kenangan Baru,12.07.26.1020
SUMATERA UTARA,12,KAB. DELI SERDANG,12.07,Batang Kuis,12.07.27,Sena,12.07.27.2001
SUMATERA UTARA,12,KAB. DELI SERDANG,12.07,Batang Kuis,12.07.27,Tumpatan Nibung,12.07.27.2002
SUMATERA UTARA,12,KAB. DELI SERDANG,12.07,Batang Kuis,12.07.27,Tanjung Sari,12.07.27.2003
SUMATERA UTARA,12,KAB. DELI SERDANG,12.07,Batang Kuis,12.07.27,Baru,12.07.27.2004
SUMATERA UTARA,12,KAB. DELI SERDANG,12.07,Batang Kuis,12.07.27,Batangkuis Pekan,12.07.27.2005
SUMATERA UTARA,12,KAB. DELI SERDANG,12.07,Batang Kuis,12.07.27,Sidodadi,12.07.27.2006
SUMATERA UTARA,12,KAB. DELI SERDANG,12.07,Batang Kuis,12.07.27,Bintang Meriah,12.07.27.2007
SUMATERA UTARA,12,KAB. DELI SERDANG,12.07,Batang Kuis,12.07.27,Bakaran Batu,12.07.27.2008
SUMATERA UTARA,12,KAB. DELI SERDANG,12.07,Batang Kuis,12.07.27,Paya Gambar,12.07.27.2009
SUMATERA UTARA,12,KAB. DELI SERDANG,12.07,Batang Kuis,12.07.27,Mesjid,12.07.27.2010
SUMATERA UTARA,12,KAB. DELI SERDANG,12.07,Batang Kuis,12.07.27,Sugiharjo,12.07.27.2011
SUMATERA UTARA,12,KAB. DELI SERDANG,12.07,Lubuk Pakam,12.07.28,Sekip,12.07.28.2001
SUMATERA UTARA,12,KAB. DELI SERDANG,12.07,Lubuk Pakam,12.07.28,Pagar Jati,12.07.28.2002
SUMATERA UTARA,12,KAB. DELI SERDANG,12.07,Lubuk Pakam,12.07.28,Tanjung Garbus I,12.07.28.2003
SUMATERA UTARA,12,KAB. DELI SERDANG,12.07,Lubuk Pakam,12.07.28,Pasar Melintang,12.07.28.2004
SUMATERA UTARA,12,KAB. DELI SERDANG,12.07,Lubuk Pakam,12.07.28,Pagar Merbau III,12.07.28.2005
SUMATERA UTARA,12,KAB. DELI SERDANG,12.07,Lubuk Pakam,12.07.28,Bakaran Batu,12.07.28.2006
"SUMATERA UTARA,12,KAB. DELI SERDANG,12.07,Lubuk Pakam,12.07.28,""Lubuk Pakam I,II"",12.07.28.1007"
SUMATERA UTARA,12,KAB. DELI SERDANG,12.07,Lubuk Pakam,12.07.28,Lubuk Pakam III,12.07.28.1008
SUMATERA UTARA,12,KAB. DELI SERDANG,12.07,Lubuk Pakam,12.07.28,Paluh Kemiri,12.07.28.1009
SUMATERA UTARA,12,KAB. DELI SERDANG,12.07,Lubuk Pakam,12.07.28,Cemara,12.07.28.1010
SUMATERA UTARA,12,KAB. DELI SERDANG,12.07,Lubuk Pakam,12.07.28,Syahmad,12.07.28.1011
SUMATERA UTARA,12,KAB. DELI SERDANG,12.07,Lubuk Pakam,12.07.28,Petapahan,12.07.28.1012
SUMATERA UTARA,12,KAB. DELI SERDANG,12.07,Lubuk Pakam,12.07.28,Lubuk Pakam Pekan,12.07.28.1013
SUMATERA UTARA,12,KAB. DELI SERDANG,12.07,Pagar Merbau,12.07.31,Tanjung Mulia,12.07.31.2001
SUMATERA UTARA,12,KAB. DELI SERDANG,12.07,Pagar Merbau,12.07.31,Purwodadi,12.07.31.2002
SUMATERA UTARA,12,KAB. DELI SERDANG,12.07,Pagar Merbau,12.07.31,Sidodadi Batu B,12.07.31.2003
SUMATERA UTARA,12,KAB. DELI SERDANG,12.07,Pagar Merbau,12.07.31,Suka Mulia,12.07.31.2004
SUMATERA UTARA,12,KAB. DELI SERDANG,12.07,Pagar Merbau,12.07.31,Jati Rejo,12.07.31.2005
SUMATERA UTARA,12,KAB. DELI SERDANG,12.07,Pagar Merbau,12.07.31,Pagar Merbau I,12.07.31.2006
SUMATERA UTARA,12,KAB. DELI SERDANG,12.07,Pagar Merbau,12.07.31,Pagar Merbau II,12.07.31.2007
SUMATERA UTARA,12,KAB. DELI SERDANG,12.07,Pagar Merbau,12.07.31,Sidoharjo-I Pasar Miring,12.07.31.2008
SUMATERA UTARA,12,KAB. DELI SERDANG,12.07,Pagar Merbau,12.07.31,Jati Baru,12.07.31.2009
SUMATERA UTARA,12,KAB. DELI SERDANG,12.07,Pagar Merbau,12.07.31,Bandar Dolok,12.07.31.2010
SUMATERA UTARA,12,KAB. DELI SERDANG,12.07,Pagar Merbau,12.07.31,Tanjung Garbus II,12.07.31.2011
SUMATERA UTARA,12,KAB. DELI SERDANG,12.07,Pagar Merbau,12.07.31,Tanjung Garbus Kampung,12.07.31.2012
SUMATERA UTARA,12,KAB. DELI SERDANG,12.07,Pagar Merbau,12.07.31,Perbarakan,12.07.31.2013
SUMATERA UTARA,12,KAB. DELI SERDANG,12.07,Pagar Merbau,12.07.31,Sukamandi Hilir,12.07.31.2014
SUMATERA UTARA,12,KAB. DELI SERDANG,12.07,Pagar Merbau,12.07.31,Sukamandi Hulu,12.07.31.2015
SUMATERA UTARA,12,KAB. DELI SERDANG,12.07,Pagar Merbau,12.07.31,Sumberejo,12.07.31.2016
SUMATERA UTARA,12,KAB. DELI SERDANG,12.07,Pantai Labu,12.07.32,Sei Tuan,12.07.32.2001
SUMATERA UTARA,12,KAB. DELI SERDANG,12.07,Pantai Labu,12.07.32,Tengah,12.07.32.2002
SUMATERA UTARA,12,KAB. DELI SERDANG,12.07,Pantai Labu,12.07.32,Bagan Serdang,12.07.32.2003
SUMATERA UTARA,12,KAB. DELI SERDANG,12.07,Pantai Labu,12.07.32,Rantau Panjang,12.07.32.2004
SUMATERA UTARA,12,KAB. DELI SERDANG,12.07,Pantai Labu,12.07.32,Regemuk,12.07.32.2005
SUMATERA UTARA,12,KAB. DELI SERDANG,12.07,Pantai Labu,12.07.32,Kubah Sentang,12.07.32.2006
SUMATERA UTARA,12,KAB. DELI SERDANG,12.07,Pantai Labu,12.07.32,Pantai Labu Pekan,12.07.32.2007
SUMATERA UTARA,12,KAB. DELI SERDANG,12.07,Pantai Labu,12.07.32,Pantai Labu Baru,12.07.32.2008
SUMATERA UTARA,12,KAB. DELI SERDANG,12.07,Pantai Labu,12.07.32,Ramunia 1,12.07.32.2009
SUMATERA UTARA,12,KAB. DELI SERDANG,12.07,Pantai Labu,12.07.32,Ramunia 2,12.07.32.2010
SUMATERA UTARA,12,KAB. DELI SERDANG,12.07,Pantai Labu,12.07.32,Perkebunan Ramunia,12.07.32.2011
SUMATERA UTARA,12,KAB. DELI SERDANG,12.07,Pantai Labu,12.07.32,Denai Lama,12.07.32.2012
SUMATERA UTARA,12,KAB. DELI SERDANG,12.07,Pantai Labu,12.07.32,Denai Kuala,12.07.32.2013
SUMATERA UTARA,12,KAB. DELI SERDANG,12.07,Pantai Labu,12.07.32,Denai Sarang Burung,12.07.32.2014
SUMATERA UTARA,12,KAB. DELI SERDANG,12.07,Pantai Labu,12.07.32,Binjai Bakung,12.07.32.2015
SUMATERA UTARA,12,KAB. DELI SERDANG,12.07,Pantai Labu,12.07.32,Paluh Sibaji,12.07.32.2016
SUMATERA UTARA,12,KAB. DELI SERDANG,12.07,Pantai Labu,12.07.32,Kelambir,12.07.32.2017
SUMATERA UTARA,12,KAB. DELI SERDANG,12.07,Pantai Labu,12.07.32,Durian,12.07.32.2018
SUMATERA UTARA,12,KAB. DELI SERDANG,12.07,Pantai Labu,12.07.32,Pematang Biara,12.07.32.2019
SUMATERA UTARA,12,KAB. DELI SERDANG,12.07,Beringin,12.07.33,Serdang,12.07.33.2001
SUMATERA UTARA,12,KAB. DELI SERDANG,12.07,Beringin,12.07.33,Sidourip,12.07.33.2002
SUMATERA UTARA,12,KAB. DELI SERDANG,12.07,Beringin,12.07.33,Aras Kabu,12.07.33.2003
SUMATERA UTARA,12,KAB. DELI SERDANG,12.07,Beringin,12.07.33,Pasar VI Kuala Namu,12.07.33.2004
SUMATERA UTARA,12,KAB. DELI SERDANG,12.07,Beringin,12.07.33,Eplasmen Kuala Namu,12.07.33.2005
SUMATERA UTARA,12,KAB. DELI SERDANG,12.07,Beringin,12.07.33,Pasar V Kebun Kelapa,12.07.33.2006
SUMATERA UTARA,12,KAB. DELI SERDANG,12.07,Beringin,12.07.33,Beringin,12.07.33.2007
SUMATERA UTARA,12,KAB. DELI SERDANG,12.07,Beringin,12.07.33,Sidoarjo II Ramunia,12.07.33.2008
SUMATERA UTARA,12,KAB. DELI SERDANG,12.07,Beringin,12.07.33,Karang Anyar,12.07.33.2009
SUMATERA UTARA,12,KAB. DELI SERDANG,12.07,Beringin,12.07.33,Sidodadi Ramunia,12.07.33.2010
SUMATERA UTARA,12,KAB. DELI SERDANG,12.07,Beringin,12.07.33,Tumpatan,12.07.33.2011
SUMATERA UTARA,12,KAB. SIMALUNGUN,12.08,Siantar,12.08.01,Silampuyang,12.08.01.2001
SUMATERA UTARA,12,KAB. SIMALUNGUN,12.08,Siantar,12.08.01,Marihat Baris,12.08.01.2002
SUMATERA UTARA,12,KAB. SIMALUNGUN,12.08,Siantar,12.08.01,Dolok Marlawan,12.08.01.2003
SUMATERA UTARA,12,KAB. SIMALUNGUN,12.08,Siantar,12.08.01,Rambung Merah,12.08.01.2004
SUMATERA UTARA,12,KAB. SIMALUNGUN,12.08,Siantar,12.08.01,Silou Manik,12.08.01.2005
SUMATERA UTARA,12,KAB. SIMALUNGUN,12.08,Siantar,12.08.01,Sejahtera,12.08.01.2006
SUMATERA UTARA,12,KAB. SIMALUNGUN,12.08,Siantar,12.08.01,Siantar Estate,12.08.01.2007
SUMATERA UTARA,12,KAB. SIMALUNGUN,12.08,Siantar,12.08.01,Karang Bangun,12.08.01.2008
SUMATERA UTARA,12,KAB. SIMALUNGUN,12.08,Siantar,12.08.01,Nusa Harapan,12.08.01.2009
SUMATERA UTARA,12,KAB. SIMALUNGUN,12.08,Siantar,12.08.01,Sitalasari,12.08.01.2010
SUMATERA UTARA,12,KAB. SIMALUNGUN,12.08,Siantar,12.08.01,Lestari Indah,12.08.01.2011
SUMATERA UTARA,12,KAB. SIMALUNGUN,12.08,Siantar,12.08.01,Laras Dua,12.08.01.2012
SUMATERA UTARA,12,KAB. SIMALUNGUN,12.08,Siantar,12.08.01,Dolok Hataran,12.08.01.2013
SUMATERA UTARA,12,KAB. SIMALUNGUN,12.08,Siantar,12.08.01,Pantoan Maju,12.08.01.2014
SUMATERA UTARA,12,KAB. SIMALUNGUN,12.08,Siantar,12.08.01,Pematang Simalungun,12.08.01.2015
SUMATERA UTARA,12,KAB. SIMALUNGUN,12.08,Siantar,12.08.01,Silau Malaha,12.08.01.2016
SUMATERA UTARA,12,KAB. SIMALUNGUN,12.08,Siantar,12.08.01,Pematang Silampuyang,12.08.01.2017
SUMATERA UTARA,12,KAB. SIMALUNGUN,12.08,Gunung Malela,12.08.02,Dolok Malela,12.08.02.2001
SUMATERA UTARA,12,KAB. SIMALUNGUN,12.08,Gunung Malela,12.08.02,Senio,12.08.02.2002
SUMATERA UTARA,12,KAB. SIMALUNGUN,12.08,Gunung Malela,12.08.02,Pematang Asilum,12.08.02.2003
SUMATERA UTARA,12,KAB. SIMALUNGUN,12.08,Gunung Malela,12.08.02,Serapuh,12.08.02.2004
SUMATERA UTARA,12,KAB. SIMALUNGUN,12.08,Gunung Malela,12.08.02,Margo Mulyo,12.08.02.2005
SUMATERA UTARA,12,KAB. SIMALUNGUN,12.08,Gunung Malela,12.08.02,Silulu,12.08.02.2006
SUMATERA UTARA,12,KAB. SIMALUNGUN,12.08,Gunung Malela,12.08.02,Silau Malela,12.08.02.2007
SUMATERA UTARA,12,KAB. SIMALUNGUN,12.08,Gunung Malela,12.08.02,Bandar Siantar,12.08.02.2008
SUMATERA UTARA,12,KAB. SIMALUNGUN,12.08,Gunung Malela,12.08.02,Pamatang Gajing,12.08.02.2009
SUMATERA UTARA,12,KAB. SIMALUNGUN,12.08,Gunung Malela,12.08.02,Bangun,12.08.02.2010
SUMATERA UTARA,12,KAB. SIMALUNGUN,12.08,Gunung Malela,12.08.02,Nagori Malela,12.08.02.2011
SUMATERA UTARA,12,KAB. SIMALUNGUN,12.08,Gunung Malela,12.08.02,Bukit Maraja,12.08.02.2012
SUMATERA UTARA,12,KAB. SIMALUNGUN,12.08,Gunung Malela,12.08.02,Pamatang Syahkuda,12.08.02.2013
SUMATERA UTARA,12,KAB. SIMALUNGUN,12.08,Gunung Malela,12.08.02,Marihat Bukit,12.08.02.2014
SUMATERA UTARA,12,KAB. SIMALUNGUN,12.08,Gunung Malela,12.08.02,Syahkuda Bayu,12.08.02.2015
SUMATERA UTARA,12,KAB. SIMALUNGUN,12.08,Gunung Malela,12.08.02,Lingga,12.08.02.2016
SUMATERA UTARA,12,KAB. SIMALUNGUN,12.08,Gunung Maligas,12.08.03,Silau Bayu,12.08.03.2001
SUMATERA UTARA,12,KAB. SIMALUNGUN,12.08,Gunung Maligas,12.08.03,Karang Anyer,12.08.03.2002
SUMATERA UTARA,12,KAB. SIMALUNGUN,12.08,Gunung Maligas,12.08.03,Karang Rejo,12.08.03.2003
SUMATERA UTARA,12,KAB. SIMALUNGUN,12.08,Gunung Maligas,12.08.03,Karang Sari,12.08.03.2004
SUMATERA UTARA,12,KAB. SIMALUNGUN,12.08,Gunung Maligas,12.08.03,Tumorang,12.08.03.2005
SUMATERA UTARA,12,KAB. SIMALUNGUN,12.08,Gunung Maligas,12.08.03,Rabuhit,12.08.03.2006
SUMATERA UTARA,12,KAB. SIMALUNGUN,12.08,Gunung Maligas,12.08.03,Hutadipar,12.08.03.2007
SUMATERA UTARA,12,KAB. SIMALUNGUN,12.08,Gunung Maligas,12.08.03,Ganjing,12.08.03.2008
SUMATERA UTARA,12,KAB. SIMALUNGUN,12.08,Gunung Maligas,12.08.03,Bandar Malela,12.08.03.2009
SUMATERA UTARA,12,KAB. SIMALUNGUN,12.08,Panei,12.08.04,Janggir Leto,12.08.04.2001
SUMATERA UTARA,12,KAB. SIMALUNGUN,12.08,Panei,12.08.04,Simpang Pane Raya,12.08.04.2002
SUMATERA UTARA,12,KAB. SIMALUNGUN,12.08,Panei,12.08.04,Siborna,12.08.04.2003
SUMATERA UTARA,12,KAB. SIMALUNGUN,12.08,Panei,12.08.04,Sipoldas,12.08.04.2004
SUMATERA UTARA,12,KAB. SIMALUNGUN,12.08,Panei,12.08.04,Bangun Rakyat,12.08.04.2005
SUMATERA UTARA,12,KAB. SIMALUNGUN,12.08,Panei,12.08.04,Sigodang,12.08.04.2006
SUMATERA UTARA,12,KAB. SIMALUNGUN,12.08,Panei,12.08.04,Sigodang Barat,12.08.04.2007
SUMATERA UTARA,12,KAB. SIMALUNGUN,12.08,Panei,12.08.04,Bah Bolon Tonga,12.08.04.2008
SUMATERA UTARA,12,KAB. SIMALUNGUN,12.08,Panei,12.08.04,Mekar Sari Raya,12.08.04.2009
SUMATERA UTARA,12,KAB. SIMALUNGUN,12.08,Panei,12.08.04,Simantin Pane Dame,12.08.04.2010
SUMATERA UTARA,12,KAB. SIMALUNGUN,12.08,Panei,12.08.04,Panei Tongah,12.08.04.1011
SUMATERA UTARA,12,KAB. SIMALUNGUN,12.08,Panei,12.08.04,Simpang Raya Dasma,12.08.04.2012
SUMATERA UTARA,12,KAB. SIMALUNGUN,12.08,Panei,12.08.04,Bangun Das Mariah,12.08.04.2013
SUMATERA UTARA,12,KAB. SIMALUNGUN,12.08,Panei,12.08.04,Bangun Sitolu Bah,12.08.04.2014
SUMATERA UTARA,12,KAB. SIMALUNGUN,12.08,Panei,12.08.04,Bah Liran Siborna,12.08.04.2015
SUMATERA UTARA,12,KAB. SIMALUNGUN,12.08,Panei,12.08.04,Nauli Baru,12.08.04.2016
SUMATERA UTARA,12,KAB. SIMALUNGUN,12.08,Panei,12.08.04,Rawang Pardomuan Nauli,12.08.04.2017
SUMATERA UTARA,12,KAB. SIMALUNGUN,12.08,Panombeian Pane,12.08.05,Panombeian,12.08.05.2001
SUMATERA UTARA,12,KAB. SIMALUNGUN,12.08,Panombeian Pane,12.08.05,Pematang Panombean,12.08.05.2002
SUMATERA UTARA,12,KAB. SIMALUNGUN,12.08,Panombeian Pane,12.08.05,Nagori Bosar,12.08.05.2003
SUMATERA UTARA,12,KAB. SIMALUNGUN,12.08,Panombeian Pane,12.08.05,Marjandi,12.08.05.2004
SUMATERA UTARA,12,KAB. SIMALUNGUN,12.08,Panombeian Pane,12.08.05,Simpang Panei,12.08.05.2005
SUMATERA UTARA,12,KAB. SIMALUNGUN,12.08,Panombeian Pane,12.08.05,Talun Kondot,12.08.05.2006
SUMATERA UTARA,12,KAB. SIMALUNGUN,12.08,Panombeian Pane,12.08.05,Simbolon Tengkoh,12.08.05.2007
SUMATERA UTARA,12,KAB. SIMALUNGUN,12.08,Panombeian Pane,12.08.05,Pematang Pane,12.08.05.2008
SUMATERA UTARA,12,KAB. SIMALUNGUN,12.08,Panombeian Pane,12.08.05,Marjandi Pisang,12.08.05.2009
SUMATERA UTARA,12,KAB. SIMALUNGUN,12.08,Panombeian Pane,12.08.05,Banuh Raya,12.08.05.2010
SUMATERA UTARA,12,KAB. SIMALUNGUN,12.08,Panombeian Pane,12.08.05,Rukun Mulyo,12.08.05.2011
SUMATERA UTARA,12,KAB. SIMALUNGUN,12.08,Jorlang Hataran,12.08.06,Kasindir,12.08.06.2001
SUMATERA UTARA,12,KAB. SIMALUNGUN,12.08,Jorlang Hataran,12.08.06,Sibunga Bunga,12.08.06.2002
SUMATERA UTARA,12,KAB. SIMALUNGUN,12.08,Jorlang Hataran,12.08.06,Jorlang Hataran,12.08.06.2003
SUMATERA UTARA,12,KAB. SIMALUNGUN,12.08,Jorlang Hataran,12.08.06,Bah Sampuran,12.08.06.2004
SUMATERA UTARA,12,KAB. SIMALUNGUN,12.08,Jorlang Hataran,12.08.06,Bah Birong Ulu,12.08.06.2005
SUMATERA UTARA,12,KAB. SIMALUNGUN,12.08,Jorlang Hataran,12.08.06,Pinang Ratus,12.08.06.2006
SUMATERA UTARA,12,KAB. SIMALUNGUN,12.08,Jorlang Hataran,12.08.06,Dolok Marlawan,12.08.06.2007
SUMATERA UTARA,12,KAB. SIMALUNGUN,12.08,Jorlang Hataran,12.08.06,Tiga Balata,12.08.06.1008
SUMATERA UTARA,12,KAB. SIMALUNGUN,12.08,Jorlang Hataran,12.08.06,Panombean Hutaurung,12.08.06.2009
SUMATERA UTARA,12,KAB. SIMALUNGUN,12.08,Jorlang Hataran,12.08.06,Dipar Hataran,12.08.06.2010
SUMATERA UTARA,12,KAB. SIMALUNGUN,12.08,Jorlang Hataran,12.08.06,Pagar Pinang,12.08.06.2011
SUMATERA UTARA,12,KAB. SIMALUNGUN,12.08,Jorlang Hataran,12.08.06,Dolok Parriasan,12.08.06.2012
SUMATERA UTARA,12,KAB. SIMALUNGUN,12.08,Jorlang Hataran,12.08.06,Parmonangan,12.08.06.2013
SUMATERA UTARA,12,KAB. SIMALUNGUN,12.08,Raya Kahean,12.08.07,Sambosar Raya,12.08.07.2001
SUMATERA UTARA,12,KAB. SIMALUNGUN,12.08,Raya Kahean,12.08.07,Panduman,12.08.07.2002
SUMATERA UTARA,12,KAB. SIMALUNGUN,12.08,Raya Kahean,12.08.07,Ambarokan Pane Raya,12.08.07.2003
SUMATERA UTARA,12,KAB. SIMALUNGUN,12.08,Raya Kahean,12.08.07,Bah Tonang,12.08.07.2004
SUMATERA UTARA,12,KAB. SIMALUNGUN,12.08,Raya Kahean,12.08.07,Bah Bulian,12.08.07.2005
SUMATERA UTARA,12,KAB. SIMALUNGUN,12.08,Raya Kahean,12.08.07,Bangun Raya,12.08.07.2006
SUMATERA UTARA,12,KAB. SIMALUNGUN,12.08,Raya Kahean,12.08.07,Durian Banggal,12.08.07.2007
SUMATERA UTARA,12,KAB. SIMALUNGUN,12.08,Raya Kahean,12.08.07,Sindar Raya,12.08.07.1008
SUMATERA UTARA,12,KAB. SIMALUNGUN,12.08,Raya Kahean,12.08.07,Sorba Dolog,12.08.07.2008
SUMATERA UTARA,12,KAB. SIMALUNGUN,12.08,Raya Kahean,12.08.07,Gunung Datas,12.08.07.2009
SUMATERA UTARA,12,KAB. SIMALUNGUN,12.08,Raya Kahean,12.08.07,Puli Buah,12.08.07.2010
SUMATERA UTARA,12,KAB. SIMALUNGUN,12.08,Raya Kahean,12.08.07,Banu Raya,12.08.07.2011
SUMATERA UTARA,12,KAB. SIMALUNGUN,12.08,Raya Kahean,12.08.07,Marubun Siboras,12.08.07.2012
SUMATERA UTARA,12,KAB. SIMALUNGUN,12.08,Raya Kahean,12.08.07,Banjaran,12.08.07.2013
SUMATERA UTARA,12,KAB. SIMALUNGUN,12.08,Bosar Maligas,12.08.08,Parbutaran,12.08.08.2001
SUMATERA UTARA,12,KAB. SIMALUNGUN,12.08,Bosar Maligas,12.08.08,Mayang,12.08.08.2002
SUMATERA UTARA,12,KAB. SIMALUNGUN,12.08,Bosar Maligas,12.08.08,Boluk,12.08.08.2003
SUMATERA UTARA,12,KAB. SIMALUNGUN,12.08,Bosar Maligas,12.08.08,Sei Mangkei,12.08.08.2004
SUMATERA UTARA,12,KAB. SIMALUNGUN,12.08,Bosar Maligas,12.08.08,Gunung Bayu,12.08.08.2005
SUMATERA UTARA,12,KAB. SIMALUNGUN,12.08,Bosar Maligas,12.08.08,Talun Saragih,12.08.08.2006
SUMATERA UTARA,12,KAB. SIMALUNGUN,12.08,Bosar Maligas,12.08.08,Dusun Pengkolan,12.08.08.2007
SUMATERA UTARA,12,KAB. SIMALUNGUN,12.08,Bosar Maligas,12.08.08,Sei Torop,12.08.08.2008
SUMATERA UTARA,12,KAB. SIMALUNGUN,12.08,Bosar Maligas,12.08.08,Marihat Tanjung,12.08.08.2009
SUMATERA UTARA,12,KAB. SIMALUNGUN,12.08,Bosar Maligas,12.08.08,Marihat Butar,12.08.08.2010
SUMATERA UTARA,12,KAB. SIMALUNGUN,12.08,Bosar Maligas,12.08.08,Teladan,12.08.08.2011
SUMATERA UTARA,12,KAB. SIMALUNGUN,12.08,Bosar Maligas,12.08.08,Adil Makmur,12.08.08.2012
SUMATERA UTARA,12,KAB. SIMALUNGUN,12.08,Bosar Maligas,12.08.08,Bosar Maligas,12.08.08.1013
SUMATERA UTARA,12,KAB. SIMALUNGUN,12.08,Bosar Maligas,12.08.08,Tempel Jaya,12.08.08.2014
SUMATERA UTARA,12,KAB. SIMALUNGUN,12.08,Bosar Maligas,12.08.08,Sidomulyo,12.08.08.2015
SUMATERA UTARA,12,KAB. SIMALUNGUN,12.08,Bosar Maligas,12.08.08,Mekar Rejo,12.08.08.2016
SUMATERA UTARA,12,KAB. SIMALUNGUN,12.08,Bosar Maligas,12.08.08,Nanggar Bayu,12.08.08.2017
SUMATERA UTARA,12,KAB. SIMALUNGUN,12.08,Sidamanik,12.08.09,Bah Butong I,12.08.09.2001
SUMATERA UTARA,12,KAB. SIMALUNGUN,12.08,Sidamanik,12.08.09,Sidamanik,12.08.09.2002
SUMATERA UTARA,12,KAB. SIMALUNGUN,12.08,Sidamanik,12.08.09,Ambarisan,12.08.09.2003
SUMATERA UTARA,12,KAB. SIMALUNGUN,12.08,Sidamanik,12.08.09,Tiga Bolon,12.08.09.2004
SUMATERA UTARA,12,KAB. SIMALUNGUN,12.08,Sidamanik,12.08.09,Bah Butong II,12.08.09.2005
SUMATERA UTARA,12,KAB. SIMALUNGUN,12.08,Sidamanik,12.08.09,Bahal Gajah,12.08.09.2006
SUMATERA UTARA,12,KAB. SIMALUNGUN,12.08,Sidamanik,12.08.09,Manik Hataran,12.08.09.2007
SUMATERA UTARA,12,KAB. SIMALUNGUN,12.08,Sidamanik,12.08.09,Mekar Sidamanik,12.08.09.2008
SUMATERA UTARA,12,KAB. SIMALUNGUN,12.08,Sidamanik,12.08.09,Manik Maraja,12.08.09.2009
SUMATERA UTARA,12,KAB. SIMALUNGUN,12.08,Sidamanik,12.08.09,Bah Biak,12.08.09.2010
SUMATERA UTARA,12,KAB. SIMALUNGUN,12.08,Sidamanik,12.08.09,Birong Ulu Manriah,12.08.09.2011
SUMATERA UTARA,12,KAB. SIMALUNGUN,12.08,Sidamanik,12.08.09,Kebun Sayur Bah Butong,12.08.09.2012
SUMATERA UTARA,12,KAB. SIMALUNGUN,12.08,Sidamanik,12.08.09,Sarimatondang,12.08.09.1013
SUMATERA UTARA,12,KAB. SIMALUNGUN,12.08,Sidamanik,12.08.09,Manik Rambung,12.08.09.2014
SUMATERA UTARA,12,KAB. SIMALUNGUN,12.08,Sidamanik,12.08.09,Bukit Rejo,12.08.09.2015
SUMATERA UTARA,12,KAB. SIMALUNGUN,12.08,Pematang Sidamanik,12.08.10,Sait Buttu Saribu,12.08.10.2001
SUMATERA UTARA,12,KAB. SIMALUNGUN,12.08,Pematang Sidamanik,12.08.10,Pematang Sidamanik,12.08.10.2002
SUMATERA UTARA,12,KAB. SIMALUNGUN,12.08,Pematang Sidamanik,12.08.10,Sarimattin,12.08.10.2003
SUMATERA UTARA,12,KAB. SIMALUNGUN,12.08,Pematang Sidamanik,12.08.10,Bandar Manik,12.08.10.2004
SUMATERA UTARA,12,KAB. SIMALUNGUN,12.08,Pematang Sidamanik,12.08.10,Jorlang Huluan,12.08.10.2005
SUMATERA UTARA,12,KAB. SIMALUNGUN,12.08,Pematang Sidamanik,12.08.10,Sihaporas,12.08.10.2006
SUMATERA UTARA,12,KAB. SIMALUNGUN,12.08,Pematang Sidamanik,12.08.10,Pematang Tambun Raya,12.08.10.2007
SUMATERA UTARA,12,KAB. SIMALUNGUN,12.08,Pematang Sidamanik,12.08.10,Simantin,12.08.10.2008
SUMATERA UTARA,12,KAB. SIMALUNGUN,12.08,Pematang Sidamanik,12.08.10,Sipolha Horison,12.08.10.1009
SUMATERA UTARA,12,KAB. SIMALUNGUN,12.08,Pematang Sidamanik,12.08.10,Gorak,12.08.10.2010
SUMATERA UTARA,12,KAB. SIMALUNGUN,12.08,Tanah Jawa,12.08.11,Tanjung Pasir,12.08.11.2001
SUMATERA UTARA,12,KAB. SIMALUNGUN,12.08,Tanah Jawa,12.08.11,Totap Majawa,12.08.11.2002
SUMATERA UTARA,12,KAB. SIMALUNGUN,12.08,Tanah Jawa,12.08.11,Balimbingan,12.08.11.2003
SUMATERA UTARA,12,KAB. SIMALUNGUN,12.08,Tanah Jawa,12.08.11,Baja Dolok,12.08.11.2004
SUMATERA UTARA,12,KAB. SIMALUNGUN,12.08,Tanah Jawa,12.08.11,Bosar Galugur,12.08.11.2005
SUMATERA UTARA,12,KAB. SIMALUNGUN,12.08,Tanah Jawa,12.08.11,Bah Jambi II,12.08.11.2006
SUMATERA UTARA,12,KAB. SIMALUNGUN,12.08,Tanah Jawa,12.08.11,Bah Kisat,12.08.11.2007
SUMATERA UTARA,12,KAB. SIMALUNGUN,12.08,Tanah Jawa,12.08.11,Panembean Marjanji,12.08.11.2008
SUMATERA UTARA,12,KAB. SIMALUNGUN,12.08,Tanah Jawa,12.08.11,Muara Mulia,12.08.11.2009
SUMATERA UTARA,12,KAB. SIMALUNGUN,12.08,Tanah Jawa,12.08.11,Pardamean Asih,12.08.11.2010
SUMATERA UTARA,12,KAB. SIMALUNGUN,12.08,Tanah Jawa,12.08.11,Mekar Mulia,12.08.11.2011
SUMATERA UTARA,12,KAB. SIMALUNGUN,12.08,Tanah Jawa,12.08.11,Maligas Tonga,12.08.11.2012
SUMATERA UTARA,12,KAB. SIMALUNGUN,12.08,Tanah Jawa,12.08.11,Marubun Jaya,12.08.11.2013
SUMATERA UTARA,12,KAB. SIMALUNGUN,12.08,Tanah Jawa,12.08.11,Pagar Jambi,12.08.11.2014
SUMATERA UTARA,12,KAB. SIMALUNGUN,12.08,Tanah Jawa,12.08.11,Baliju,12.08.11.2015
SUMATERA UTARA,12,KAB. SIMALUNGUN,12.08,Tanah Jawa,12.08.11,Bayu Bagasan,12.08.11.2016
SUMATERA UTARA,12,KAB. SIMALUNGUN,12.08,Tanah Jawa,12.08.11,Bah Jambi III,12.08.11.2017
SUMATERA UTARA,12,KAB. SIMALUNGUN,12.08,Tanah Jawa,12.08.11,Pematang Tanah Jawa,12.08.11.1018
SUMATERA UTARA,12,KAB. SIMALUNGUN,12.08,Tanah Jawa,12.08.11,Parbalogan,12.08.11.2019
SUMATERA UTARA,12,KAB. SIMALUNGUN,12.08,Tanah Jawa,12.08.11,Marubun Bayu,12.08.11.2020
SUMATERA UTARA,12,KAB. SIMALUNGUN,12.08,Hatonduhan,12.08.12,Buttu Bayu,12.08.12.2001
SUMATERA UTARA,12,KAB. SIMALUNGUN,12.08,Hatonduhan,12.08.12,Bosar Nauli,12.08.12.2002
SUMATERA UTARA,12,KAB. SIMALUNGUN,12.08,Hatonduhan,12.08.12,Tangga Batu,12.08.12.2003
SUMATERA UTARA,12,KAB. SIMALUNGUN,12.08,Hatonduhan,12.08.12,Buntu Turunan,12.08.12.2004
SUMATERA UTARA,12,KAB. SIMALUNGUN,12.08,Hatonduhan,12.08.12,Saribu Asih,12.08.12.2005
SUMATERA UTARA,12,KAB. SIMALUNGUN,12.08,Hatonduhan,12.08.12,Jawa Tonga,12.08.12.2006
SUMATERA UTARA,12,KAB. SIMALUNGUN,12.08,Hatonduhan,12.08.12,Tonduhan,12.08.12.2007
SUMATERA UTARA,12,KAB. SIMALUNGUN,12.08,Hatonduhan,12.08.12,Parhundalian Jw.Dipar,12.08.12.2008
SUMATERA UTARA,12,KAB. SIMALUNGUN,12.08,Hatonduhan,12.08.12,Jawa Tongah II,12.08.12.2009
SUMATERA UTARA,12,KAB. SIMALUNGUN,12.08,Dolok Panribuan,12.08.13,Negeri Dolok,12.08.13.2001
SUMATERA UTARA,12,KAB. SIMALUNGUN,12.08,Dolok Panribuan,12.08.13,Dolok Parmonangan,12.08.13.2002
SUMATERA UTARA,12,KAB. SIMALUNGUN,12.08,Dolok Panribuan,12.08.13,Dolok Tomuan,12.08.13.2003
SUMATERA UTARA,12,KAB. SIMALUNGUN,12.08,Dolok Panribuan,12.08.13,Marihat Dolok,12.08.13.2004
SUMATERA UTARA,12,KAB. SIMALUNGUN,12.08,Dolok Panribuan,12.08.13,Tiga Dolok,12.08.13.2005
SUMATERA UTARA,12,KAB. SIMALUNGUN,12.08,Dolok Panribuan,12.08.13,Ujung Bondar,12.08.13.2006
SUMATERA UTARA,12,KAB. SIMALUNGUN,12.08,Dolok Panribuan,12.08.13,Marihat Raja,12.08.13.2007
SUMATERA UTARA,12,KAB. SIMALUNGUN,12.08,Dolok Panribuan,12.08.13,Bandar Dolok,12.08.13.2008
SUMATERA UTARA,12,KAB. SIMALUNGUN,12.08,Dolok Panribuan,12.08.13,Gunung Mariah,12.08.13.2009
SUMATERA UTARA,12,KAB. SIMALUNGUN,12.08,Dolok Panribuan,12.08.13,Siatasan,12.08.13.2010
SUMATERA UTARA,12,KAB. SIMALUNGUN,12.08,Dolok Panribuan,12.08.13,Marihat Marsada,12.08.13.2011
SUMATERA UTARA,12,KAB. SIMALUNGUN,12.08,Dolok Panribuan,12.08.13,Pondok Buluh,12.08.13.2012
SUMATERA UTARA,12,KAB. SIMALUNGUN,12.08,Dolok Panribuan,12.08.13,Marihat Pondok,12.08.13.2013
SUMATERA UTARA,12,KAB. SIMALUNGUN,12.08,Dolok Panribuan,12.08.13,Lumban Gorat,12.08.13.2014
SUMATERA UTARA,12,KAB. SIMALUNGUN,12.08,Dolok Panribuan,12.08.13,Palianopat,12.08.13.2015
SUMATERA UTARA,12,KAB. SIMALUNGUN,12.08,Purba,12.08.14,Purba Tongah,12.08.14.2001
SUMATERA UTARA,12,KAB. SIMALUNGUN,12.08,Purba,12.08.14,Pematang Purba,12.08.14.2002
SUMATERA UTARA,12,KAB. SIMALUNGUN,12.08,Purba,12.08.14,Urung Purba,12.08.14.2003
SUMATERA UTARA,12,KAB. SIMALUNGUN,12.08,Purba,12.08.14,Purba Sipinggan,12.08.14.2004
SUMATERA UTARA,12,KAB. SIMALUNGUN,12.08,Purba,12.08.14,Hinalang,12.08.14.2005
SUMATERA UTARA,12,KAB. SIMALUNGUN,12.08,Purba,12.08.14,Purba Dolok,12.08.14.2006
SUMATERA UTARA,12,KAB. SIMALUNGUN,12.08,Purba,12.08.14,Tano Tinggir,12.08.14.2007
SUMATERA UTARA,12,KAB. SIMALUNGUN,12.08,Purba,12.08.14,Tiga Runggu,12.08.14.1008
SUMATERA UTARA,12,KAB. SIMALUNGUN,12.08,Purba,12.08.14,Seribu Jandi,12.08.14.2009
SUMATERA UTARA,12,KAB. SIMALUNGUN,12.08,Purba,12.08.14,Huta Raja,12.08.14.2010
SUMATERA UTARA,12,KAB. SIMALUNGUN,12.08,Purba,12.08.14,Bandar Sauhur,12.08.14.2011
SUMATERA UTARA,12,KAB. SIMALUNGUN,12.08,Purba,12.08.14,Bunga Sampang,12.08.14.2012
SUMATERA UTARA,12,KAB. SIMALUNGUN,12.08,Purba,12.08.14,Nagori Tongah,12.08.14.2013
SUMATERA UTARA,12,KAB. SIMALUNGUN,12.08,Purba,12.08.14,Urung Pane,12.08.14.2014
SUMATERA UTARA,12,KAB. SIMALUNGUN,12.08,Haranggaol Horison,12.08.15,Nagori Purba,12.08.15.2001
SUMATERA UTARA,12,KAB. SIMALUNGUN,12.08,Haranggaol Horison,12.08.15,Nagori Sihalpe,12.08.15.2002
SUMATERA UTARA,12,KAB. SIMALUNGUN,12.08,Haranggaol Horison,12.08.15,Nagori Purba Horison,12.08.15.2003
SUMATERA UTARA,12,KAB. SIMALUNGUN,12.08,Haranggaol Horison,12.08.15,Nagori Purba Pasir,12.08.15.2004
SUMATERA UTARA,12,KAB. SIMALUNGUN,12.08,Haranggaol Horison,12.08.15,Haranggaol,12.08.15.1005
SUMATERA UTARA,12,KAB. SIMALUNGUN,12.08,Girsang Sipangan Bolon,12.08.16,Sipangan Bolon,12.08.16.2001
SUMATERA UTARA,12,KAB. SIMALUNGUN,12.08,Girsang Sipangan Bolon,12.08.16,Sabaganding,12.08.16.2002
SUMATERA UTARA,12,KAB. SIMALUNGUN,12.08,Girsang Sipangan Bolon,12.08.16,Girsang,12.08.16.1003
SUMATERA UTARA,12,KAB. SIMALUNGUN,12.08,Girsang Sipangan Bolon,12.08.16,Parapat,12.08.16.1004
SUMATERA UTARA,12,KAB. SIMALUNGUN,12.08,Girsang Sipangan Bolon,12.08.16,Tiga Raja,12.08.16.1005
SUMATERA UTARA,12,KAB. SIMALUNGUN,12.08,Girsang Sipangan Bolon,12.08.16,Sipangan Bolon Mekar,12.08.16.2006
SUMATERA UTARA,12,KAB. SIMALUNGUN,12.08,Dolok Batu Nanggar,12.08.17,Silenduk,12.08.17.2001
SUMATERA UTARA,12,KAB. SIMALUNGUN,12.08,Dolok Batu Nanggar,12.08.17,Bah Tobu,12.08.17.2002
SUMATERA UTARA,12,KAB. SIMALUNGUN,12.08,Dolok Batu Nanggar,12.08.17,Bandar Selamat,12.08.17.2003
SUMATERA UTARA,12,KAB. SIMALUNGUN,12.08,Dolok Batu Nanggar,12.08.17,Dolok Ilir I,12.08.17.2004
SUMATERA UTARA,12,KAB. SIMALUNGUN,12.08,Dolok Batu Nanggar,12.08.17,Dolok Ilir II,12.08.17.2005
SUMATERA UTARA,12,KAB. SIMALUNGUN,12.08,Dolok Batu Nanggar,12.08.17,Bahung Kahean,12.08.17.2006
SUMATERA UTARA,12,KAB. SIMALUNGUN,12.08,Dolok Batu Nanggar,12.08.17,Dolok Mainu,12.08.17.2007
SUMATERA UTARA,12,KAB. SIMALUNGUN,12.08,Dolok Batu Nanggar,12.08.17,Dolok Merangir I,12.08.17.2008
SUMATERA UTARA,12,KAB. SIMALUNGUN,12.08,Dolok Batu Nanggar,12.08.17,Dolok Merangir II,12.08.17.2009
SUMATERA UTARA,12,KAB. SIMALUNGUN,12.08,Dolok Batu Nanggar,12.08.17,Kahean,12.08.17.2010
SUMATERA UTARA,12,KAB. SIMALUNGUN,12.08,Dolok Batu Nanggar,12.08.17,Dolok Tenera,12.08.17.2011
SUMATERA UTARA,12,KAB. SIMALUNGUN,12.08,Dolok Batu Nanggar,12.08.17,Dolok Kataran,12.08.17.2012
SUMATERA UTARA,12,KAB. SIMALUNGUN,12.08,Dolok Batu Nanggar,12.08.17,Padang Mainu,12.08.17.2013
SUMATERA UTARA,12,KAB. SIMALUNGUN,12.08,Dolok Batu Nanggar,12.08.17,Bahung Huluan,12.08.17.2014
SUMATERA UTARA,12,KAB. SIMALUNGUN,12.08,Dolok Batu Nanggar,12.08.17,Serbelawan,12.08.17.1015
SUMATERA UTARA,12,KAB. SIMALUNGUN,12.08,Dolok Batu Nanggar,12.08.17,Aman Sari,12.08.17.1016
SUMATERA UTARA,12,KAB. SIMALUNGUN,12.08,Huta Bayu Raja,12.08.18,Mariah Hombang,12.08.18.2001
SUMATERA UTARA,12,KAB. SIMALUNGUN,12.08,Huta Bayu Raja,12.08.18,Pulo Bayu,12.08.18.2002
SUMATERA UTARA,12,KAB. SIMALUNGUN,12.08,Huta Bayu Raja,12.08.18,Silakkidir,12.08.18.2003
SUMATERA UTARA,12,KAB. SIMALUNGUN,12.08,Huta Bayu Raja,12.08.18,Raja Maligas,12.08.18.2004
SUMATERA UTARA,12,KAB. SIMALUNGUN,12.08,Huta Bayu Raja,12.08.18,Dolok Sinumbah,12.08.18.2005
SUMATERA UTARA,12,KAB. SIMALUNGUN,12.08,Huta Bayu Raja,12.08.18,Maligas Bayu,12.08.18.2006
SUMATERA UTARA,12,KAB. SIMALUNGUN,12.08,Huta Bayu Raja,12.08.18,Jawa Baru,12.08.18.2007
SUMATERA UTARA,12,KAB. SIMALUNGUN,12.08,Huta Bayu Raja,12.08.18,Mancuk,12.08.18.2008
SUMATERA UTARA,12,KAB. SIMALUNGUN,12.08,Huta Bayu Raja,12.08.18,Marihat Mayang,12.08.18.2009
SUMATERA UTARA,12,KAB. SIMALUNGUN,12.08,Huta Bayu Raja,12.08.18,Bosar Bayu,12.08.18.2010
SUMATERA UTARA,12,KAB. SIMALUNGUN,12.08,Huta Bayu Raja,12.08.18,Raja Maligas I,12.08.18.2011
SUMATERA UTARA,12,KAB. SIMALUNGUN,12.08,Huta Bayu Raja,12.08.18,Bahal Batu,12.08.18.2012
SUMATERA UTARA,12,KAB. SIMALUNGUN,12.08,Huta Bayu Raja,12.08.18,Huta Bayu,12.08.18.1013
SUMATERA UTARA,12,KAB. SIMALUNGUN,12.08,Huta Bayu Raja,12.08.18,Pokan Baru,12.08.18.2014
SUMATERA UTARA,12,KAB. SIMALUNGUN,12.08,Huta Bayu Raja,12.08.18,Manrayap Baru,12.08.18.2015
SUMATERA UTARA,12,KAB. SIMALUNGUN,12.08,Huta Bayu Raja,12.08.18,Talang Bayu,12.08.18.2016
SUMATERA UTARA,12,KAB. SIMALUNGUN,12.08,Jawa Maraja Bah Jambi,12.08.19,Jawa Maraja,12.08.19.2001
SUMATERA UTARA,12,KAB. SIMALUNGUN,12.08,Jawa Maraja Bah Jambi,12.08.19,Moho,12.08.19.2002
SUMATERA UTARA,12,KAB. SIMALUNGUN,12.08,Jawa Maraja Bah Jambi,12.08.19,Bahalat Bayu,12.08.19.2003
SUMATERA UTARA,12,KAB. SIMALUNGUN,12.08,Jawa Maraja Bah Jambi,12.08.19,Mekar Bahalat,12.08.19.2004
SUMATERA UTARA,12,KAB. SIMALUNGUN,12.08,Jawa Maraja Bah Jambi,12.08.19,Tanjung Maraja,12.08.19.2005
SUMATERA UTARA,12,KAB. SIMALUNGUN,12.08,Jawa Maraja Bah Jambi,12.08.19,Mariah Jambi,12.08.19.2006
SUMATERA UTARA,12,KAB. SIMALUNGUN,12.08,Jawa Maraja Bah Jambi,12.08.19,Bah Joga,12.08.19.2007
SUMATERA UTARA,12,KAB. SIMALUNGUN,12.08,Jawa Maraja Bah Jambi,12.08.19,Bah Jambi,12.08.19.2008
SUMATERA UTARA,12,KAB. SIMALUNGUN,12.08,Dolok Pardamean,12.08.20,Tigaras,12.08.20.2001
SUMATERA UTARA,12,KAB. SIMALUNGUN,12.08,Dolok Pardamean,12.08.20,Parik Sabungan,12.08.20.2002
SUMATERA UTARA,12,KAB. SIMALUNGUN,12.08,Dolok Pardamean,12.08.20,Sibuntuon,12.08.20.2003
SUMATERA UTARA,12,KAB. SIMALUNGUN,12.08,Dolok Pardamean,12.08.20,Dolok Saribu,12.08.20.2004
SUMATERA UTARA,12,KAB. SIMALUNGUN,12.08,Dolok Pardamean,12.08.20,Butu Bayu Pane Raja,12.08.20.2007
SUMATERA UTARA,12,KAB. SIMALUNGUN,12.08,Dolok Pardamean,12.08.20,Silabah Jaya,12.08.20.2009
SUMATERA UTARA,12,KAB. SIMALUNGUN,12.08,Dolok Pardamean,12.08.20,Togu Domu Nauli,12.08.20.2010
SUMATERA UTARA,12,KAB. SIMALUNGUN,12.08,Dolok Pardamean,12.08.20,Sirube-rube Gunung Purba,12.08.20.2011
SUMATERA UTARA,12,KAB. SIMALUNGUN,12.08,Dolok Pardamean,12.08.20,Tanjung Saribu,12.08.20.2014
SUMATERA UTARA,12,KAB. SIMALUNGUN,12.08,Dolok Pardamean,12.08.20,Sihemum Baru,12.08.20.2015
SUMATERA UTARA,12,KAB. SIMALUNGUN,12.08,Dolok Pardamean,12.08.20,Nagori Bayu,12.08.20.2016
SUMATERA UTARA,12,KAB. SIMALUNGUN,12.08,Pematang Bandar,12.08.21,Purwosari,12.08.21.2001
SUMATERA UTARA,12,KAB. SIMALUNGUN,12.08,Pematang Bandar,12.08.21,Talun Madear,12.08.21.2002
SUMATERA UTARA,12,KAB. SIMALUNGUN,12.08,Pematang Bandar,12.08.21,Mariah Bandar,12.08.21.2003
SUMATERA UTARA,12,KAB. SIMALUNGUN,12.08,Pematang Bandar,12.08.21,Kandangan,12.08.21.2004
SUMATERA UTARA,12,KAB. SIMALUNGUN,12.08,Pematang Bandar,12.08.21,Pardomuan Nauli,12.08.21.2005
SUMATERA UTARA,12,KAB. SIMALUNGUN,12.08,Pematang Bandar,12.08.21,Purba Ganda,12.08.21.2006
SUMATERA UTARA,12,KAB. SIMALUNGUN,12.08,Pematang Bandar,12.08.21,Kerasaan II,12.08.21.2007
SUMATERA UTARA,12,KAB. SIMALUNGUN,12.08,Pematang Bandar,12.08.21,Bandar Manis,12.08.21.2008
SUMATERA UTARA,12,KAB. SIMALUNGUN,12.08,Pematang Bandar,12.08.21,Kerasaan I,12.08.21.1009
SUMATERA UTARA,12,KAB. SIMALUNGUN,12.08,Pematang Bandar,12.08.21,Pematang Bandar,12.08.21.1010
SUMATERA UTARA,12,KAB. SIMALUNGUN,12.08,Pematang Bandar,12.08.21,Wana Rejo,12.08.21.2011
SUMATERA UTARA,12,KAB. SIMALUNGUN,12.08,Pematang Bandar,12.08.21,Talun Rejo,12.08.21.2012
SUMATERA UTARA,12,KAB. SIMALUNGUN,12.08,Pematang Bandar,12.08.21,Purwodadi,12.08.21.2013
SUMATERA UTARA,12,KAB. SIMALUNGUN,12.08,Bandar Huluan,12.08.22,Naga Jaya I,12.08.22.2001
SUMATERA UTARA,12,KAB. SIMALUNGUN,12.08,Bandar Huluan,12.08.22,Bah Gunung,12.08.22.2002
SUMATERA UTARA,12,KAB. SIMALUNGUN,12.08,Bandar Huluan,12.08.22,Bandar Tonga,12.08.22.2003
SUMATERA UTARA,12,KAB. SIMALUNGUN,12.08,Bandar Huluan,12.08.22,Dolok Parmonangan,12.08.22.2004
SUMATERA UTARA,12,KAB. SIMALUNGUN,12.08,Bandar Huluan,12.08.22,Laras,12.08.22.2005
SUMATERA UTARA,12,KAB. SIMALUNGUN,12.08,Bandar Huluan,12.08.22,Naga Jaya II,12.08.22.2006
SUMATERA UTARA,12,KAB. SIMALUNGUN,12.08,Bandar Huluan,12.08.22,Tanjung Hataran,12.08.22.2007
SUMATERA UTARA,12,KAB. SIMALUNGUN,12.08,Bandar Huluan,12.08.22,Bandar Betsy I,12.08.22.2008
SUMATERA UTARA,12,KAB. SIMALUNGUN,12.08,Bandar Huluan,12.08.22,Bandar Betsy II,12.08.22.2009
SUMATERA UTARA,12,KAB. SIMALUNGUN,12.08,Bandar Huluan,12.08.22,Naga Soppa,12.08.22.2010
SUMATERA UTARA,12,KAB. SIMALUNGUN,12.08,Bandar,12.08.23,Pematang Kerasaan,12.08.23.2001
SUMATERA UTARA,12,KAB. SIMALUNGUN,12.08,Bandar,12.08.23,Marihat Bandar,12.08.23.2002
SUMATERA UTARA,12,KAB. SIMALUNGUN,12.08,Bandar,12.08.23,Nagori Bandar,12.08.23.2003
SUMATERA UTARA,12,KAB. SIMALUNGUN,12.08,Bandar,12.08.23,Bandar Rakyat,12.08.23.2004
SUMATERA UTARA,12,KAB. SIMALUNGUN,12.08,Bandar,12.08.23,Bandar Pulo,12.08.23.2005
SUMATERA UTARA,12,KAB. SIMALUNGUN,12.08,Bandar,12.08.23,Bah Lias,12.08.23.2006
SUMATERA UTARA,12,KAB. SIMALUNGUN,12.08,Bandar,12.08.23,Pardagangan II,12.08.23.2007
SUMATERA UTARA,12,KAB. SIMALUNGUN,12.08,Bandar,12.08.23,Perlanaan,12.08.23.2008
SUMATERA UTARA,12,KAB. SIMALUNGUN,12.08,Bandar,12.08.23,Sugarang Bayu,12.08.23.2009
SUMATERA UTARA,12,KAB. SIMALUNGUN,12.08,Bandar,12.08.23,Pem.Kerasaan Rejo,12.08.23.2010
SUMATERA UTARA,12,KAB. SIMALUNGUN,12.08,Bandar,12.08.23,Timbaan,12.08.23.2011
SUMATERA UTARA,12,KAB. SIMALUNGUN,12.08,Bandar,12.08.23,Bandar Jawa,12.08.23.2012
SUMATERA UTARA,12,KAB. SIMALUNGUN,12.08,Bandar,12.08.23,Sidotani,12.08.23.2013
SUMATERA UTARA,12,KAB. SIMALUNGUN,12.08,Bandar,12.08.23,Perdagangan I,12.08.23.1014
SUMATERA UTARA,12,KAB. SIMALUNGUN,12.08,Bandar,12.08.23,Perdagangan III,12.08.23.1015
SUMATERA UTARA,12,KAB. SIMALUNGUN,12.08,Bandar,12.08.23,Landbouw,12.08.23.2016
SUMATERA UTARA,12,KAB. SIMALUNGUN,12.08,Bandar Masilam,12.08.24,Bandar Masilam,12.08.24.2001
SUMATERA UTARA,12,KAB. SIMALUNGUN,12.08,Bandar Masilam,12.08.24,Lias Baru,12.08.24.2002
SUMATERA UTARA,12,KAB. SIMALUNGUN,12.08,Bandar Masilam,12.08.24,Bandar Silou,12.08.24.2003
SUMATERA UTARA,12,KAB. SIMALUNGUN,12.08,Bandar Masilam,12.08.24,Panombean Baru,12.08.24.2004
SUMATERA UTARA,12,KAB. SIMALUNGUN,12.08,Bandar Masilam,12.08.24,Gunung Serawan,12.08.24.2005
SUMATERA UTARA,12,KAB. SIMALUNGUN,12.08,Bandar Masilam,12.08.24,Bandar Masilam II,12.08.24.2006
SUMATERA UTARA,12,KAB. SIMALUNGUN,12.08,Bandar Masilam,12.08.24,Patimbalan,12.08.24.2007
SUMATERA UTARA,12,KAB. SIMALUNGUN,12.08,Bandar Masilam,12.08.24,Bandar Tinggi,12.08.24.2008
SUMATERA UTARA,12,KAB. SIMALUNGUN,12.08,Bandar Masilam,12.08.24,Bandar Rejo,12.08.24.2009
SUMATERA UTARA,12,KAB. SIMALUNGUN,12.08,Bandar Masilam,12.08.24,Bandar Gunung,12.08.24.2010
SUMATERA UTARA,12,KAB. SIMALUNGUN,12.08,Silimakuta,12.08.25,Bangun Mariah,12.08.25.2003
SUMATERA UTARA,12,KAB. SIMALUNGUN,12.08,Silimakuta,12.08.25,Purba Sinombah,12.08.25.2004
SUMATERA UTARA,12,KAB. SIMALUNGUN,12.08,Silimakuta,12.08.25,Purba Tua,12.08.25.2006
SUMATERA UTARA,12,KAB. SIMALUNGUN,12.08,Silimakuta,12.08.25,Purba Tua Baru,12.08.25.2009
SUMATERA UTARA,12,KAB. SIMALUNGUN,12.08,Silimakuta,12.08.25,Seribu Dolok,12.08.25.1012
SUMATERA UTARA,12,KAB. SIMALUNGUN,12.08,Silimakuta,12.08.25,Sinar Baru,12.08.25.2014
SUMATERA UTARA,12,KAB. SIMALUNGUN,12.08,Silimakuta,12.08.25,Purbatua Etek,12.08.25.2016
SUMATERA UTARA,12,KAB. SIMALUNGUN,12.08,Dolok Silau,12.08.26,Cingkes,12.08.26.2001
SUMATERA UTARA,12,KAB. SIMALUNGUN,12.08,Dolok Silau,12.08.26,Paribuan,12.08.26.2002
SUMATERA UTARA,12,KAB. SIMALUNGUN,12.08,Dolok Silau,12.08.26,Saran Padang,12.08.26.2003
SUMATERA UTARA,12,KAB. SIMALUNGUN,12.08,Dolok Silau,12.08.26,Mariah Dolok,12.08.26.2004
SUMATERA UTARA,12,KAB. SIMALUNGUN,12.08,Dolok Silau,12.08.26,Marubun Lokkung,12.08.26.2005
SUMATERA UTARA,12,KAB. SIMALUNGUN,12.08,Dolok Silau,12.08.26,Dolok Mariah,12.08.26.2006
SUMATERA UTARA,12,KAB. SIMALUNGUN,12.08,Dolok Silau,12.08.26,Bawang,12.08.26.2007
SUMATERA UTARA,12,KAB. SIMALUNGUN,12.08,Dolok Silau,12.08.26,Huta Saing,12.08.26.2008
SUMATERA UTARA,12,KAB. SIMALUNGUN,12.08,Dolok Silau,12.08.26,Togur,12.08.26.2009
SUMATERA UTARA,12,KAB. SIMALUNGUN,12.08,Dolok Silau,12.08.26,Perasmian,12.08.26.2010
SUMATERA UTARA,12,KAB. SIMALUNGUN,12.08,Dolok Silau,12.08.26,Tanjung Purba,12.08.26.2011
SUMATERA UTARA,12,KAB. SIMALUNGUN,12.08,Dolok Silau,12.08.26,Silau Marawan,12.08.26.2012
SUMATERA UTARA,12,KAB. SIMALUNGUN,12.08,Dolok Silau,12.08.26,Bosi Sinumbah,12.08.26.2013
SUMATERA UTARA,12,KAB. SIMALUNGUN,12.08,Dolok Silau,12.08.26,Ujung Bawang,12.08.26.2014
SUMATERA UTARA,12,KAB. SIMALUNGUN,12.08,Silou Kahean,12.08.27,Simanabun,12.08.27.2001
SUMATERA UTARA,12,KAB. SIMALUNGUN,12.08,Silou Kahean,12.08.27,Pardomuan Tongah,12.08.27.2002
SUMATERA UTARA,12,KAB. SIMALUNGUN,12.08,Silou Kahean,12.08.27,Negeri Dolok,12.08.27.2003
SUMATERA UTARA,12,KAB. SIMALUNGUN,12.08,Silou Kahean,12.08.27,Bandar Maruhur,12.08.27.2004
SUMATERA UTARA,12,KAB. SIMALUNGUN,12.08,Silou Kahean,12.08.27,Silou Dunia,12.08.27.2005
SUMATERA UTARA,12,KAB. SIMALUNGUN,12.08,Silou Kahean,12.08.27,Dolok Marawa,12.08.27.2006
SUMATERA UTARA,12,KAB. SIMALUNGUN,12.08,Silou Kahean,12.08.27,Maria Buttu,12.08.27.2007
SUMATERA UTARA,12,KAB. SIMALUNGUN,12.08,Silou Kahean,12.08.27,Dolok Saribu Bangun,12.08.27.2008
SUMATERA UTARA,12,KAB. SIMALUNGUN,12.08,Silou Kahean,12.08.27,Bandar Nagori,12.08.27.2009
SUMATERA UTARA,12,KAB. SIMALUNGUN,12.08,Silou Kahean,12.08.27,Silou Paribuan,12.08.27.2010
SUMATERA UTARA,12,KAB. SIMALUNGUN,12.08,Silou Kahean,12.08.27,Buttu Bayu,12.08.27.2011
SUMATERA UTARA,12,KAB. SIMALUNGUN,12.08,Silou Kahean,12.08.27,Nagori Tani,12.08.27.2012
SUMATERA UTARA,12,KAB. SIMALUNGUN,12.08,Silou Kahean,12.08.27,Bah Sarimah,12.08.27.2013
SUMATERA UTARA,12,KAB. SIMALUNGUN,12.08,Silou Kahean,12.08.27,Damaritang,12.08.27.2014
SUMATERA UTARA,12,KAB. SIMALUNGUN,12.08,Silou Kahean,12.08.27,Sinasih,12.08.27.2015
SUMATERA UTARA,12,KAB. SIMALUNGUN,12.08,Silou Kahean,12.08.27,Pardomuan Bandar,12.08.27.2016
SUMATERA UTARA,12,KAB. SIMALUNGUN,12.08,Tapian Dolok,12.08.28,Batu Silangit,12.08.28.2001
SUMATERA UTARA,12,KAB. SIMALUNGUN,12.08,Tapian Dolok,12.08.28,Dolok Maraja,12.08.28.2002
SUMATERA UTARA,12,KAB. SIMALUNGUN,12.08,Tapian Dolok,12.08.28,Dolok Ulu,12.08.28.2003
SUMATERA UTARA,12,KAB. SIMALUNGUN,12.08,Tapian Dolok,12.08.28,Nagur Usang,12.08.28.2004
SUMATERA UTARA,12,KAB. SIMALUNGUN,12.08,Tapian Dolok,12.08.28,Dolok Kahean,12.08.28.2005
SUMATERA UTARA,12,KAB. SIMALUNGUN,12.08,Tapian Dolok,12.08.28,Naga Dolok,12.08.28.2006
SUMATERA UTARA,12,KAB. SIMALUNGUN,12.08,Tapian Dolok,12.08.28,Purbasari,12.08.28.2007
SUMATERA UTARA,12,KAB. SIMALUNGUN,12.08,Tapian Dolok,12.08.28,Pematang Dolok Kahean,12.08.28.2008
SUMATERA UTARA,12,KAB. SIMALUNGUN,12.08,Tapian Dolok,12.08.28,Sinaksak,12.08.28.1009
SUMATERA UTARA,12,KAB. SIMALUNGUN,12.08,Tapian Dolok,12.08.28,Negri Bayu Muslimin,12.08.28.2010
SUMATERA UTARA,12,KAB. SIMALUNGUN,12.08,Tapian Dolok,12.08.28,Dolok Simbolon,12.08.28.2011
SUMATERA UTARA,12,KAB. SIMALUNGUN,12.08,Raya,12.08.29,Merek Raya,12.08.29.1001
SUMATERA UTARA,12,KAB. SIMALUNGUN,12.08,Raya,12.08.29,Dalig Raya,12.08.29.1002
SUMATERA UTARA,12,KAB. SIMALUNGUN,12.08,Raya,12.08.29,Raya Bayu,12.08.29.2004
SUMATERA UTARA,12,KAB. SIMALUNGUN,12.08,Raya,12.08.29,Sondi Raya,12.08.29.1005
SUMATERA UTARA,12,KAB. SIMALUNGUN,12.08,Raya,12.08.29,Bahapal Raya,12.08.29.2007
SUMATERA UTARA,12,KAB. SIMALUNGUN,12.08,Raya,12.08.29,Siporkas,12.08.29.2010
SUMATERA UTARA,12,KAB. SIMALUNGUN,12.08,Raya,12.08.29,Pematang Raya,12.08.29.1011
SUMATERA UTARA,12,KAB. SIMALUNGUN,12.08,Raya,12.08.29,Sihubu Raya,12.08.29.2012
SUMATERA UTARA,12,KAB. SIMALUNGUN,12.08,Raya,12.08.29,Raya Bosi,12.08.29.2013
SUMATERA UTARA,12,KAB. SIMALUNGUN,12.08,Raya,12.08.29,Silou Huluan,12.08.29.2014
SUMATERA UTARA,12,KAB. SIMALUNGUN,12.08,Raya,12.08.29,Silou Buttu,12.08.29.2015
SUMATERA UTARA,12,KAB. SIMALUNGUN,12.08,Raya,12.08.29,Bongguran Kariahan,12.08.29.2016
SUMATERA UTARA,12,KAB. SIMALUNGUN,12.08,Raya,12.08.29,Simbou Baru,12.08.29.2017
SUMATERA UTARA,12,KAB. SIMALUNGUN,12.08,Raya,12.08.29,Baringin Raya,12.08.29.1018
SUMATERA UTARA,12,KAB. SIMALUNGUN,12.08,Raya,12.08.29,Dame Raya,12.08.29.2020
SUMATERA UTARA,12,KAB. SIMALUNGUN,12.08,Raya,12.08.29,Limag Raya,12.08.29.2021
SUMATERA UTARA,12,KAB. SIMALUNGUN,12.08,Raya,12.08.29,Lokkung Raya,12.08.29.2022
SUMATERA UTARA,12,KAB. SIMALUNGUN,12.08,Ujung Padang,12.08.30,Ujung Padang,12.08.30.1001
SUMATERA UTARA,12,KAB. SIMALUNGUN,12.08,Ujung Padang,12.08.30,Huta Parik,12.08.30.2002
SUMATERA UTARA,12,KAB. SIMALUNGUN,12.08,Ujung Padang,12.08.30,Dusun Ulu,12.08.30.2003
SUMATERA UTARA,12,KAB. SIMALUNGUN,12.08,Ujung Padang,12.08.30,Tinjoan,12.08.30.2004
SUMATERA UTARA,12,KAB. SIMALUNGUN,12.08,Ujung Padang,12.08.30,Sayur Matinggi,12.08.30.2005
SUMATERA UTARA,12,KAB. SIMALUNGUN,12.08,Ujung Padang,12.08.30,Taratak Nagodang,12.08.30.2006
SUMATERA UTARA,12,KAB. SIMALUNGUN,12.08,Ujung Padang,12.08.30,Sordang Bolon,12.08.30.2007
SUMATERA UTARA,12,KAB. SIMALUNGUN,12.08,Ujung Padang,12.08.30,Teluk Lapian,12.08.30.2008
SUMATERA UTARA,12,KAB. SIMALUNGUN,12.08,Ujung Padang,12.08.30,Tanjung Rapuan,12.08.30.2009
SUMATERA UTARA,12,KAB. SIMALUNGUN,12.08,Ujung Padang,12.08.30,Pagar Bosi,12.08.30.2010
SUMATERA UTARA,12,KAB. SIMALUNGUN,12.08,Ujung Padang,12.08.30,Bangun Sordang,12.08.30.2011
SUMATERA UTARA,12,KAB. SIMALUNGUN,12.08,Ujung Padang,12.08.30,Aek Gerger Sidodadi,12.08.30.2012
SUMATERA UTARA,12,KAB. SIMALUNGUN,12.08,Ujung Padang,12.08.30,Pulo Pitu Marihat,12.08.30.2013
SUMATERA UTARA,12,KAB. SIMALUNGUN,12.08,Ujung Padang,12.08.30,Siringan Ringan,12.08.30.2014
SUMATERA UTARA,12,KAB. SIMALUNGUN,12.08,Ujung Padang,12.08.30,Riah Na Poso,12.08.30.2015
SUMATERA UTARA,12,KAB. SIMALUNGUN,12.08,Ujung Padang,12.08.30,Sei Merbau,12.08.30.2016
SUMATERA UTARA,12,KAB. SIMALUNGUN,12.08,Ujung Padang,12.08.30,Kampung Lalang,12.08.30.2017
SUMATERA UTARA,12,KAB. SIMALUNGUN,12.08,Ujung Padang,12.08.30,Sordang Baru,12.08.30.2018
SUMATERA UTARA,12,KAB. SIMALUNGUN,12.08,Ujung Padang,12.08.30,Banjar Hulu,12.08.30.2019
SUMATERA UTARA,12,KAB. SIMALUNGUN,12.08,Ujung Padang,12.08.30,Rawa Masin,12.08.30.2020
SUMATERA UTARA,12,KAB. SIMALUNGUN,12.08,Pamatang Silima Huta,12.08.31,Ujung Saribu,12.08.31.2001
SUMATERA UTARA,12,KAB. SIMALUNGUN,12.08,Pamatang Silima Huta,12.08.31,Silimakuta Barat,12.08.31.2002
SUMATERA UTARA,12,KAB. SIMALUNGUN,12.08,Pamatang Silima Huta,12.08.31,Siboras,12.08.31.2003
SUMATERA UTARA,12,KAB. SIMALUNGUN,12.08,Pamatang Silima Huta,12.08.31,Mardingding,12.08.31.2004
SUMATERA UTARA,12,KAB. SIMALUNGUN,12.08,Pamatang Silima Huta,12.08.31,Naga Saribu,12.08.31.2005
SUMATERA UTARA,12,KAB. SIMALUNGUN,12.08,Pamatang Silima Huta,12.08.31,Saribu Jandi,12.08.31.2007
SUMATERA UTARA,12,KAB. SIMALUNGUN,12.08,Pamatang Silima Huta,12.08.31,Sinar Naga Mariah,12.08.31.2008
SUMATERA UTARA,12,KAB. SIMALUNGUN,12.08,Pamatang Silima Huta,12.08.31,Ujung Mariah,12.08.31.2009
SUMATERA UTARA,12,KAB. SIMALUNGUN,12.08,Pamatang Silima Huta,12.08.31,Bandar Saribu,12.08.31.2010
SUMATERA UTARA,12,KAB. SIMALUNGUN,12.08,Pamatang Silima Huta,12.08.31,Naga Bosar,12.08.31.2011
SUMATERA UTARA,12,KAB. SIMALUNGUN,12.08,Dolog Masagal,12.08.32,Raya Huluan,12.08.32.2001
SUMATERA UTARA,12,KAB. SIMALUNGUN,12.08,Dolog Masagal,12.08.32,Dolog Huluan,12.08.32.2002
SUMATERA UTARA,12,KAB. SIMALUNGUN,12.08,Dolog Masagal,12.08.32,Bintang Mariah,12.08.32.2003
SUMATERA UTARA,12,KAB. SIMALUNGUN,12.08,Dolog Masagal,12.08.32,Bah Bolon,12.08.32.2004
SUMATERA UTARA,12,KAB. SIMALUNGUN,12.08,Dolog Masagal,12.08.32,Raya Usang,12.08.32.2005
SUMATERA UTARA,12,KAB. SIMALUNGUN,12.08,Dolog Masagal,12.08.32,Bangun Pane,12.08.32.2006
SUMATERA UTARA,12,KAB. SIMALUNGUN,12.08,Dolog Masagal,12.08.32,Parjalangan,12.08.32.2007
SUMATERA UTARA,12,KAB. SIMALUNGUN,12.08,Dolog Masagal,12.08.32,Partuahan,12.08.32.2008
SUMATERA UTARA,12,KAB. SIMALUNGUN,12.08,Dolog Masagal,12.08.32,Sinaman Labah,12.08.32.2009
SUMATERA UTARA,12,KAB. SIMALUNGUN,12.08,Dolog Masagal,12.08.32,Pamatang Sinaman,12.08.32.2010
SUMATERA UTARA,12,KAB. ASAHAN,12.09,Meranti,12.09.08,Meranti,12.09.08.2002
SUMATERA UTARA,12,KAB. ASAHAN,12.09,Meranti,12.09.08,Perkebunan Sei Balai,12.09.08.2004
SUMATERA UTARA,12,KAB. ASAHAN,12.09,Meranti,12.09.08,Sei Beluru,12.09.08.2011
SUMATERA UTARA,12,KAB. ASAHAN,12.09,Meranti,12.09.08,Serdang,12.09.08.2012
SUMATERA UTARA,12,KAB. ASAHAN,12.09,Meranti,12.09.08,Gajah,12.09.08.2019
SUMATERA UTARA,12,KAB. ASAHAN,12.09,Meranti,12.09.08,Air Putih,12.09.08.2021
SUMATERA UTARA,12,KAB. ASAHAN,12.09,Meranti,12.09.08,Sukajadi,12.09.08.2022
SUMATERA UTARA,12,KAB. ASAHAN,12.09,Air Joman,12.09.09,Binjai Serbangan,12.09.09.1001
SUMATERA UTARA,12,KAB. ASAHAN,12.09,Air Joman,12.09.09,Air Joman,12.09.09.2002
SUMATERA UTARA,12,KAB. ASAHAN,12.09,Air Joman,12.09.09,Air Joman Baru,12.09.09.2003
SUMATERA UTARA,12,KAB. ASAHAN,12.09,Air Joman,12.09.09,Banjar,12.09.09.2005
SUMATERA UTARA,12,KAB. ASAHAN,12.09,Air Joman,12.09.09,Pasar Lembu,12.09.09.2007
SUMATERA UTARA,12,KAB. ASAHAN,12.09,Air Joman,12.09.09,Punggulan,12.09.09.2008
SUMATERA UTARA,12,KAB. ASAHAN,12.09,Air Joman,12.09.09,Subur,12.09.09.2012
SUMATERA UTARA,12,KAB. ASAHAN,12.09,Tanjung Balai,12.09.10,Asahan Mati,12.09.10.2001
SUMATERA UTARA,12,KAB. ASAHAN,12.09,Tanjung Balai,12.09.10,Bagan Asahan,12.09.10.2002
SUMATERA UTARA,12,KAB. ASAHAN,12.09,Tanjung Balai,12.09.10,Bagan Asahan Baru,12.09.10.2003
SUMATERA UTARA,12,KAB. ASAHAN,12.09,Tanjung Balai,12.09.10,Bagan Asahan Pekan,12.09.10.2004
SUMATERA UTARA,12,KAB. ASAHAN,12.09,Tanjung Balai,12.09.10,Kapias Batu VIII,12.09.10.2005
SUMATERA UTARA,12,KAB. ASAHAN,12.09,Tanjung Balai,12.09.10,Pematang Sei Baru,12.09.10.2006
SUMATERA UTARA,12,KAB. ASAHAN,12.09,Tanjung Balai,12.09.10,Sei Apung,12.09.10.2007
SUMATERA UTARA,12,KAB. ASAHAN,12.09,Tanjung Balai,12.09.10,Sei Apung Jaya,12.09.10.2008
SUMATERA UTARA,12,KAB. ASAHAN,12.09,Sei Kepayang,12.09.11,Sei Kepayang Tengah,12.09.11.2008
SUMATERA UTARA,12,KAB. ASAHAN,12.09,Sei Kepayang,12.09.11,Sei Kepayang Kanan,12.09.11.2010
SUMATERA UTARA,12,KAB. ASAHAN,12.09,Sei Kepayang,12.09.11,Sei Paham,12.09.11.2011
SUMATERA UTARA,12,KAB. ASAHAN,12.09,Sei Kepayang,12.09.11,Pertahanan,12.09.11.2014
SUMATERA UTARA,12,KAB. ASAHAN,12.09,Sei Kepayang,12.09.11,Perbangunan,12.09.11.2015
SUMATERA UTARA,12,KAB. ASAHAN,12.09,Sei Kepayang,12.09.11,Bangun Baru,12.09.11.2016
SUMATERA UTARA,12,KAB. ASAHAN,12.09,Simpang Empat,12.09.12,Perkebunan Suka Raja,12.09.12.2002
SUMATERA UTARA,12,KAB. ASAHAN,12.09,Simpang Empat,12.09.12,Perkebunan Hessa,12.09.12.2004
SUMATERA UTARA,12,KAB. ASAHAN,12.09,Simpang Empat,12.09.12,Sei Dua Hulu,12.09.12.2006
SUMATERA UTARA,12,KAB. ASAHAN,12.09,Simpang Empat,12.09.12,Sei Lama,12.09.12.2007
SUMATERA UTARA,12,KAB. ASAHAN,12.09,Simpang Empat,12.09.12,Silomlom,12.09.12.2008
SUMATERA UTARA,12,KAB. ASAHAN,12.09,Simpang Empat,12.09.12,Simpang Empat,12.09.12.2009
SUMATERA UTARA,12,KAB. ASAHAN,12.09,Simpang Empat,12.09.12,Sipaku Area,12.09.12.2012
SUMATERA UTARA,12,KAB. ASAHAN,12.09,Simpang Empat,12.09.12,Anjung Ganjang,12.09.12.2013
SUMATERA UTARA,12,KAB. ASAHAN,12.09,Air Batu,12.09.13,Sei Alim Ulu,12.09.13.2001
SUMATERA UTARA,12,KAB. ASAHAN,12.09,Air Batu,12.09.13,Pinanggiripan,12.09.13.2003
SUMATERA UTARA,12,KAB. ASAHAN,12.09,Air Batu,12.09.13,Perkebunan Pulahan,12.09.13.2006
SUMATERA UTARA,12,KAB. ASAHAN,12.09,Air Batu,12.09.13,Hessa Perlompongan,12.09.13.2007
SUMATERA UTARA,12,KAB. ASAHAN,12.09,Air Batu,12.09.13,Perkebunan Air Batu I/II,12.09.13.2008
SUMATERA UTARA,12,KAB. ASAHAN,12.09,Air Batu,12.09.13,Perkebunan Air Batu III/IX,12.09.13.2009
SUMATERA UTARA,12,KAB. ASAHAN,12.09,Air Batu,12.09.13,Danau Sijabut,12.09.13.2010
SUMATERA UTARA,12,KAB. ASAHAN,12.09,Air Batu,12.09.13,Air Teluk Hessa,12.09.13.2012
SUMATERA UTARA,12,KAB. ASAHAN,12.09,Air Batu,12.09.13,Air Genting,12.09.13.2013
SUMATERA UTARA,12,KAB. ASAHAN,12.09,Air Batu,12.09.13,Hessa Air Genting,12.09.13.2014
SUMATERA UTARA,12,KAB. ASAHAN,12.09,Air Batu,12.09.13,Sijabut Teratai,12.09.13.2018
SUMATERA UTARA,12,KAB. ASAHAN,12.09,Air Batu,12.09.13,Pulau Pule,12.09.13.2019
SUMATERA UTARA,12,KAB. ASAHAN,12.09,Pulau Rakyat,12.09.14,Sei Piring,12.09.14.2001
SUMATERA UTARA,12,KAB. ASAHAN,12.09,Pulau Rakyat,12.09.14,Pulau Rakyat Tua,12.09.14.2002
SUMATERA UTARA,12,KAB. ASAHAN,12.09,Pulau Rakyat,12.09.14,Pulau Rakyat Pekan,12.09.14.2003
SUMATERA UTARA,12,KAB. ASAHAN,12.09,Pulau Rakyat,12.09.14,Orika,12.09.14.2004
SUMATERA UTARA,12,KAB. ASAHAN,12.09,Pulau Rakyat,12.09.14,Manis,12.09.14.2005
SUMATERA UTARA,12,KAB. ASAHAN,12.09,Pulau Rakyat,12.09.14,Tunggul 45,12.09.14.2006
SUMATERA UTARA,12,KAB. ASAHAN,12.09,Pulau Rakyat,12.09.14,Bangun,12.09.14.2007
SUMATERA UTARA,12,KAB. ASAHAN,12.09,Pulau Rakyat,12.09.14,Persatuan,12.09.14.2008
SUMATERA UTARA,12,KAB. ASAHAN,12.09,Pulau Rakyat,12.09.14,Padang Mahondang,12.09.14.2009
SUMATERA UTARA,12,KAB. ASAHAN,12.09,Pulau Rakyat,12.09.14,Ofa Padang Mahondang,12.09.14.2010
SUMATERA UTARA,12,KAB. ASAHAN,12.09,Pulau Rakyat,12.09.14,Baru,12.09.14.2011
SUMATERA UTARA,12,KAB. ASAHAN,12.09,Pulau Rakyat,12.09.14,Mekar Sari,12.09.14.2012
SUMATERA UTARA,12,KAB. ASAHAN,12.09,Bandar Pulau,12.09.15,Bandar Pulau Pekan,12.09.15.2003
SUMATERA UTARA,12,KAB. ASAHAN,12.09,Bandar Pulau,12.09.15,Buntu Maraja,12.09.15.2005
SUMATERA UTARA,12,KAB. ASAHAN,12.09,Bandar Pulau,12.09.15,Gonting Malaha,12.09.15.2006
SUMATERA UTARA,12,KAB. ASAHAN,12.09,Bandar Pulau,12.09.15,Padang Pulau,12.09.15.2010
SUMATERA UTARA,12,KAB. ASAHAN,12.09,Bandar Pulau,12.09.15,Perkebunan Aek Tarum,12.09.15.2012
SUMATERA UTARA,12,KAB. ASAHAN,12.09,Bandar Pulau,12.09.15,Perkebunan Padang Pulau,12.09.15.2016
SUMATERA UTARA,12,KAB. ASAHAN,12.09,Bandar Pulau,12.09.15,Huta Rao,12.09.15.2019
SUMATERA UTARA,12,KAB. ASAHAN,12.09,Bandar Pulau,12.09.15,Aek Nagali,12.09.15.2020
SUMATERA UTARA,12,KAB. ASAHAN,12.09,Bandar Pulau,12.09.15,Gajah Sakti,12.09.15.2021
SUMATERA UTARA,12,KAB. ASAHAN,12.09,Bandar Pulau,12.09.15,Gunung Berkat,12.09.15.2022
SUMATERA UTARA,12,KAB. ASAHAN,12.09,Buntu Pane,12.09.16,Ambalutu,12.09.16.2001
SUMATERA UTARA,12,KAB. ASAHAN,12.09,Buntu Pane,12.09.16,Buntu Pane,12.09.16.2002
SUMATERA UTARA,12,KAB. ASAHAN,12.09,Buntu Pane,12.09.16,Lestari,12.09.16.2003
SUMATERA UTARA,12,KAB. ASAHAN,12.09,Buntu Pane,12.09.16,Prapat Janji,12.09.16.2005
SUMATERA UTARA,12,KAB. ASAHAN,12.09,Buntu Pane,12.09.16,Sei Silau Timur,12.09.16.2007
SUMATERA UTARA,12,KAB. ASAHAN,12.09,Buntu Pane,12.09.16,Sionggang,12.09.16.2016
SUMATERA UTARA,12,KAB. ASAHAN,12.09,Buntu Pane,12.09.16,Mekar Sari,12.09.16.2017
SUMATERA UTARA,12,KAB. ASAHAN,12.09,Buntu Pane,12.09.16,Perkebunan Sei Silau,12.09.16.2018
SUMATERA UTARA,12,KAB. ASAHAN,12.09,Buntu Pane,12.09.16,Karya Ambalutu,12.09.16.2019
SUMATERA UTARA,12,KAB. ASAHAN,12.09,Bandar Pasir Mandoge,12.09.17,Bandar Pasir Mandoge,12.09.17.2001
SUMATERA UTARA,12,KAB. ASAHAN,12.09,Bandar Pasir Mandoge,12.09.17,Huta Bagasan,12.09.17.2002
SUMATERA UTARA,12,KAB. ASAHAN,12.09,Bandar Pasir Mandoge,12.09.17,Sei Nadoras,12.09.17.2003
SUMATERA UTARA,12,KAB. ASAHAN,12.09,Bandar Pasir Mandoge,12.09.17,Silau Jawa,12.09.17.2004
SUMATERA UTARA,12,KAB. ASAHAN,12.09,Bandar Pasir Mandoge,12.09.17,Suka Makmur,12.09.17.2005
SUMATERA UTARA,12,KAB. ASAHAN,12.09,Bandar Pasir Mandoge,12.09.17,Sei Kopas,12.09.17.2006
SUMATERA UTARA,12,KAB. ASAHAN,12.09,Bandar Pasir Mandoge,12.09.17,Huta Padang,12.09.17.2007
SUMATERA UTARA,12,KAB. ASAHAN,12.09,Bandar Pasir Mandoge,12.09.17,Tomuan Holbung,12.09.17.2008
SUMATERA UTARA,12,KAB. ASAHAN,12.09,Bandar Pasir Mandoge,12.09.17,Gotting Sidodadi,12.09.17.2009
SUMATERA UTARA,12,KAB. ASAHAN,12.09,Aek Kuasan,12.09.18,Aek Loba Pekan,12.09.18.1001
SUMATERA UTARA,12,KAB. ASAHAN,12.09,Aek Kuasan,12.09.18,Aek Loba Afd I,12.09.18.2002
SUMATERA UTARA,12,KAB. ASAHAN,12.09,Aek Kuasan,12.09.18,Alang Bonbon,12.09.18.2003
SUMATERA UTARA,12,KAB. ASAHAN,12.09,Aek Kuasan,12.09.18,Sengon Sari,12.09.18.2009
SUMATERA UTARA,12,KAB. ASAHAN,12.09,Aek Kuasan,12.09.18,Lobu Jiur,12.09.18.2010
SUMATERA UTARA,12,KAB. ASAHAN,12.09,Aek Kuasan,12.09.18,Rawa Sari,12.09.18.2011
SUMATERA UTARA,12,KAB. ASAHAN,12.09,Aek Kuasan,12.09.18,Aek Loba,12.09.18.2013
SUMATERA UTARA,12,KAB. ASAHAN,12.09,Kota Kisaran Barat,12.09.19,Bunut,12.09.19.1001
SUMATERA UTARA,12,KAB. ASAHAN,12.09,Kota Kisaran Barat,12.09.19,Bunut Barat,12.09.19.1002
SUMATERA UTARA,12,KAB. ASAHAN,12.09,Kota Kisaran Barat,12.09.19,Dadimulyo,12.09.19.1003
SUMATERA UTARA,12,KAB. ASAHAN,12.09,Kota Kisaran Barat,12.09.19,Kisaran Barat,12.09.19.1004
SUMATERA UTARA,12,KAB. ASAHAN,12.09,Kota Kisaran Barat,12.09.19,Kisaran Baru,12.09.19.1005
SUMATERA UTARA,12,KAB. ASAHAN,12.09,Kota Kisaran Barat,12.09.19,Kisaran Kota,12.09.19.1006
SUMATERA UTARA,12,KAB. ASAHAN,12.09,Kota Kisaran Barat,12.09.19,Mekar Baru,12.09.19.1007
SUMATERA UTARA,12,KAB. ASAHAN,12.09,Kota Kisaran Barat,12.09.19,Sei Renggas,12.09.19.1008
SUMATERA UTARA,12,KAB. ASAHAN,12.09,Kota Kisaran Barat,12.09.19,Sendang Sari,12.09.19.1009
SUMATERA UTARA,12,KAB. ASAHAN,12.09,Kota Kisaran Barat,12.09.19,Sidodadi,12.09.19.1010
SUMATERA UTARA,12,KAB. ASAHAN,12.09,Kota Kisaran Barat,12.09.19,Sidomukti,12.09.19.1011
SUMATERA UTARA,12,KAB. ASAHAN,12.09,Kota Kisaran Barat,12.09.19,Tebing Kisaran,12.09.19.1012
SUMATERA UTARA,12,KAB. ASAHAN,12.09,Kota Kisaran Barat,12.09.19,Tegal Sari,12.09.19.1013
SUMATERA UTARA,12,KAB. ASAHAN,12.09,Kota Kisaran Timur,12.09.20,Teladan,12.09.20.1001
SUMATERA UTARA,12,KAB. ASAHAN,12.09,Kota Kisaran Timur,12.09.20,Siumbut Umbut,12.09.20.1002
SUMATERA UTARA,12,KAB. ASAHAN,12.09,Kota Kisaran Timur,12.09.20,Siumbut Baru,12.09.20.1003
SUMATERA UTARA,12,KAB. ASAHAN,12.09,Kota Kisaran Timur,12.09.20,Sentang,12.09.20.1004
SUMATERA UTARA,12,KAB. ASAHAN,12.09,Kota Kisaran Timur,12.09.20,Selawan,12.09.20.1005
SUMATERA UTARA,12,KAB. ASAHAN,12.09,Kota Kisaran Timur,12.09.20,Mutiara,12.09.20.1006
SUMATERA UTARA,12,KAB. ASAHAN,12.09,Kota Kisaran Timur,12.09.20,Lestari,12.09.20.1007
SUMATERA UTARA,12,KAB. ASAHAN,12.09,Kota Kisaran Timur,12.09.20,Kisaran Timur,12.09.20.1008
SUMATERA UTARA,12,KAB. ASAHAN,12.09,Kota Kisaran Timur,12.09.20,Kisaran Naga,12.09.20.1009
SUMATERA UTARA,12,KAB. ASAHAN,12.09,Kota Kisaran Timur,12.09.20,Kedai Ledang,12.09.20.1010
SUMATERA UTARA,12,KAB. ASAHAN,12.09,Kota Kisaran Timur,12.09.20,Karang Anyer,12.09.20.1011
SUMATERA UTARA,12,KAB. ASAHAN,12.09,Kota Kisaran Timur,12.09.20,Gambir Baru,12.09.20.1012
SUMATERA UTARA,12,KAB. ASAHAN,12.09,Aek Songsongan,12.09.21,Aek Songsongan,12.09.21.2001
SUMATERA UTARA,12,KAB. ASAHAN,12.09,Aek Songsongan,12.09.21,Perkebunan Bandar Selamat,12.09.21.2002
SUMATERA UTARA,12,KAB. ASAHAN,12.09,Aek Songsongan,12.09.21,Perkebunan Bandar Pulau,12.09.21.2003
SUMATERA UTARA,12,KAB. ASAHAN,12.09,Aek Songsongan,12.09.21,Aek Bamban,12.09.21.2004
SUMATERA UTARA,12,KAB. ASAHAN,12.09,Aek Songsongan,12.09.21,Marjanji Aceh,12.09.21.2005
SUMATERA UTARA,12,KAB. ASAHAN,12.09,Aek Songsongan,12.09.21,Lobu Rappa,12.09.21.2006
SUMATERA UTARA,12,KAB. ASAHAN,12.09,Aek Songsongan,12.09.21,Tangga,12.09.21.2007
SUMATERA UTARA,12,KAB. ASAHAN,12.09,Aek Songsongan,12.09.21,Situnjak,12.09.21.2008
SUMATERA UTARA,12,KAB. ASAHAN,12.09,Aek Songsongan,12.09.21,Mekar Marjanji,12.09.21.2009
SUMATERA UTARA,12,KAB. ASAHAN,12.09,Rahunig,12.09.22,Rahuning,12.09.22.2001
SUMATERA UTARA,12,KAB. ASAHAN,12.09,Rahunig,12.09.22,Perkebunan Gunung Melayu,12.09.22.2002
SUMATERA UTARA,12,KAB. ASAHAN,12.09,Rahunig,12.09.22,Gunung Melayu,12.09.22.2003
SUMATERA UTARA,12,KAB. ASAHAN,12.09,Rahunig,12.09.22,Batu Anam,12.09.22.2004
SUMATERA UTARA,12,KAB. ASAHAN,12.09,Rahunig,12.09.22,Perkebunan Aek Nagaga,12.09.22.2005
SUMATERA UTARA,12,KAB. ASAHAN,12.09,Rahunig,12.09.22,Rahuning I,12.09.22.2006
SUMATERA UTARA,12,KAB. ASAHAN,12.09,Rahunig,12.09.22,Rahuning II,12.09.22.2007
SUMATERA UTARA,12,KAB. ASAHAN,12.09,Sei Dadap,12.09.23,Tanjung Alam,12.09.23.2001
SUMATERA UTARA,12,KAB. ASAHAN,12.09,Sei Dadap,12.09.23,Perkebunan Sei Dadap I/II,12.09.23.2002
SUMATERA UTARA,12,KAB. ASAHAN,12.09,Sei Dadap,12.09.23,Perkebunan Sei Dadap III/IV,12.09.23.2003
SUMATERA UTARA,12,KAB. ASAHAN,12.09,Sei Dadap,12.09.23,Sei Kamah I,12.09.23.2004
SUMATERA UTARA,12,KAB. ASAHAN,12.09,Sei Dadap,12.09.23,Sei Kamah II,12.09.23.2005
SUMATERA UTARA,12,KAB. ASAHAN,12.09,Sei Dadap,12.09.23,Bahung Sibatu-batu,12.09.23.2006
SUMATERA UTARA,12,KAB. ASAHAN,12.09,Sei Dadap,12.09.23,Sei Alim Hasak,12.09.23.2007
SUMATERA UTARA,12,KAB. ASAHAN,12.09,Sei Dadap,12.09.23,Tanjung Asri,12.09.23.2008
SUMATERA UTARA,12,KAB. ASAHAN,12.09,Sei Dadap,12.09.23,Sei Kamah Baru,12.09.23.2009
SUMATERA UTARA,12,KAB. ASAHAN,12.09,Sei Dadap,12.09.23,Pasiran,12.09.23.2010
SUMATERA UTARA,12,KAB. ASAHAN,12.09,Sei Kepayang Barat,12.09.24,Sei Nangka,12.09.24.2001
SUMATERA UTARA,12,KAB. ASAHAN,12.09,Sei Kepayang Barat,12.09.24,Sei Jawi-Jawi,12.09.24.2002
SUMATERA UTARA,12,KAB. ASAHAN,12.09,Sei Kepayang Barat,12.09.24,Sei Serindan,12.09.24.2003
SUMATERA UTARA,12,KAB. ASAHAN,12.09,Sei Kepayang Barat,12.09.24,Sei Tualang Pandau,12.09.24.2004
SUMATERA UTARA,12,KAB. ASAHAN,12.09,Sei Kepayang Barat,12.09.24,Sei Lendir,12.09.24.2005
SUMATERA UTARA,12,KAB. ASAHAN,12.09,Sei Kepayang Barat,12.09.24,Sei Kepayang Kiri,12.09.24.2006
SUMATERA UTARA,12,KAB. ASAHAN,12.09,Sei Kepayang Timur,12.09.25,Sei Lunang,12.09.25.2001
SUMATERA UTARA,12,KAB. ASAHAN,12.09,Sei Kepayang Timur,12.09.25,Sei Pasir,12.09.25.2002
SUMATERA UTARA,12,KAB. ASAHAN,12.09,Sei Kepayang Timur,12.09.25,Sei Tempurung,12.09.25.2003
SUMATERA UTARA,12,KAB. ASAHAN,12.09,Sei Kepayang Timur,12.09.25,Sarang Helang,12.09.25.2004
SUMATERA UTARA,12,KAB. ASAHAN,12.09,Sei Kepayang Timur,12.09.25,Sei Sembilang,12.09.25.2005
SUMATERA UTARA,12,KAB. ASAHAN,12.09,Tinggi Raja,12.09.26,Tinggi Raja,12.09.26.2001
SUMATERA UTARA,12,KAB. ASAHAN,12.09,Tinggi Raja,12.09.26,Sumber Harapan,12.09.26.2002
SUMATERA UTARA,12,KAB. ASAHAN,12.09,Tinggi Raja,12.09.26,Terusan Tengah,12.09.26.2003
SUMATERA UTARA,12,KAB. ASAHAN,12.09,Tinggi Raja,12.09.26,Piasa Ulu,12.09.26.2004
SUMATERA UTARA,12,KAB. ASAHAN,12.09,Tinggi Raja,12.09.26,Sidomulyo,12.09.26.2005
SUMATERA UTARA,12,KAB. ASAHAN,12.09,Tinggi Raja,12.09.26,Teladan,12.09.26.2006
SUMATERA UTARA,12,KAB. ASAHAN,12.09,Tinggi Raja,12.09.26,Padang Sari,12.09.26.2007
SUMATERA UTARA,12,KAB. ASAHAN,12.09,Setia Janji,12.09.27,Urung Pane,12.09.27.2001
SUMATERA UTARA,12,KAB. ASAHAN,12.09,Setia Janji,12.09.27,Sei Silau Tua,12.09.27.2002
SUMATERA UTARA,12,KAB. ASAHAN,12.09,Setia Janji,12.09.27,Sei Silau Barat,12.09.27.2003
SUMATERA UTARA,12,KAB. ASAHAN,12.09,Setia Janji,12.09.27,Silau Maraja,12.09.27.2004
SUMATERA UTARA,12,KAB. ASAHAN,12.09,Setia Janji,12.09.27,Bangun Sari,12.09.27.2005
SUMATERA UTARA,12,KAB. ASAHAN,12.09,Silau Laut,12.09.28,Silo Baru,12.09.28.2001
SUMATERA UTARA,12,KAB. ASAHAN,12.09,Silau Laut,12.09.28,Silo Lama,12.09.28.2002
SUMATERA UTARA,12,KAB. ASAHAN,12.09,Silau Laut,12.09.28,Silo Bonto,12.09.28.2003
SUMATERA UTARA,12,KAB. ASAHAN,12.09,Silau Laut,12.09.28,Lubuk Palas,12.09.28.2004
SUMATERA UTARA,12,KAB. ASAHAN,12.09,Silau Laut,12.09.28,Bangun Sari,12.09.28.2005
SUMATERA UTARA,12,KAB. ASAHAN,12.09,Rawang Panca Arga,12.09.29,Rawang Lama,12.09.29.2001
SUMATERA UTARA,12,KAB. ASAHAN,12.09,Rawang Panca Arga,12.09.29,Rawang Baru,12.09.29.2002
SUMATERA UTARA,12,KAB. ASAHAN,12.09,Rawang Panca Arga,12.09.29,Rawang Pasar IV,12.09.29.2003
SUMATERA UTARA,12,KAB. ASAHAN,12.09,Rawang Panca Arga,12.09.29,Rawang Pasar V,12.09.29.2004
SUMATERA UTARA,12,KAB. ASAHAN,12.09,Rawang Panca Arga,12.09.29,Pondok Bungur,12.09.29.2005
SUMATERA UTARA,12,KAB. ASAHAN,12.09,Rawang Panca Arga,12.09.29,Panca Arga,12.09.29.2006
SUMATERA UTARA,12,KAB. ASAHAN,12.09,Rawang Panca Arga,12.09.29,Rawang Pasar VI,12.09.29.2007
SUMATERA UTARA,12,KAB. ASAHAN,12.09,Pulo Bandring,12.09.30,Suka Damai,12.09.30.2001
SUMATERA UTARA,12,KAB. ASAHAN,12.09,Pulo Bandring,12.09.30,Perhutaan Silau,12.09.30.2002
SUMATERA UTARA,12,KAB. ASAHAN,12.09,Pulo Bandring,12.09.30,Tanah Rakyat,12.09.30.2003
SUMATERA UTARA,12,KAB. ASAHAN,12.09,Pulo Bandring,12.09.30,Taman Sari,12.09.30.2004
SUMATERA UTARA,12,KAB. ASAHAN,12.09,Pulo Bandring,12.09.30,Gedangan,12.09.30.2005
SUMATERA UTARA,12,KAB. ASAHAN,12.09,Pulo Bandring,12.09.30,Suka Makmur,12.09.30.2006
SUMATERA UTARA,12,KAB. ASAHAN,12.09,Pulo Bandring,12.09.30,Pulo Bandring,12.09.30.2007
SUMATERA UTARA,12,KAB. ASAHAN,12.09,Pulo Bandring,12.09.30,Sidomulyo,12.09.30.2008
SUMATERA UTARA,12,KAB. ASAHAN,12.09,Pulo Bandring,12.09.30,Suka Damai Barat,12.09.30.2009
SUMATERA UTARA,12,KAB. ASAHAN,12.09,Pulo Bandring,12.09.30,Bunut Seberang,12.09.30.2010
SUMATERA UTARA,12,KAB. ASAHAN,12.09,Teluk Dalam,12.09.31,Air Teluk Kiri,12.09.31.2001
SUMATERA UTARA,12,KAB. ASAHAN,12.09,Teluk Dalam,12.09.31,Teluk Dalam,12.09.31.2002
SUMATERA UTARA,12,KAB. ASAHAN,12.09,Teluk Dalam,12.09.31,Perkebunan Teluk Dalam,12.09.31.2003
SUMATERA UTARA,12,KAB. ASAHAN,12.09,Teluk Dalam,12.09.31,Pulau Maria,12.09.31.2004
SUMATERA UTARA,12,KAB. ASAHAN,12.09,Teluk Dalam,12.09.31,Pulau Tanjung,12.09.31.2005
SUMATERA UTARA,12,KAB. ASAHAN,12.09,Teluk Dalam,12.09.31,Mekar Tanjung,12.09.31.2006
SUMATERA UTARA,12,KAB. ASAHAN,12.09,Aek Ledong,12.09.32,Aek Bange,12.09.32.2001
SUMATERA UTARA,12,KAB. ASAHAN,12.09,Aek Ledong,12.09.32,Aek Korsik,12.09.32.2002
SUMATERA UTARA,12,KAB. ASAHAN,12.09,Aek Ledong,12.09.32,Aek Ledong,12.09.32.2003
SUMATERA UTARA,12,KAB. ASAHAN,12.09,Aek Ledong,12.09.32,Ledong Barat,12.09.32.2004
SUMATERA UTARA,12,KAB. ASAHAN,12.09,Aek Ledong,12.09.32,Aek Nabuntu,12.09.32.2005
SUMATERA UTARA,12,KAB. ASAHAN,12.09,Aek Ledong,12.09.32,Ledong Timur,12.09.32.2006
SUMATERA UTARA,12,KAB. ASAHAN,12.09,Aek Ledong,12.09.32,Padang Sipirok,12.09.32.2007
SUMATERA UTARA,12,KAB. LABUHANBATU,12.1,Rantau Utara,12.10.01,Padang Matinggi,12.10.01.1001
SUMATERA UTARA,12,KAB. LABUHANBATU,12.1,Rantau Utara,12.10.01,Siringo-Ringo,12.10.01.1002
SUMATERA UTARA,12,KAB. LABUHANBATU,12.1,Rantau Utara,12.10.01,Sirandorung,12.10.01.1003
SUMATERA UTARA,12,KAB. LABUHANBATU,12.1,Rantau Utara,12.10.01,Rantauprapat,12.10.01.1004
SUMATERA UTARA,12,KAB. LABUHANBATU,12.1,Rantau Utara,12.10.01,Kartini,12.10.01.1005
SUMATERA UTARA,12,KAB. LABUHANBATU,12.1,Rantau Utara,12.10.01,Cendana,12.10.01.1006
SUMATERA UTARA,12,KAB. LABUHANBATU,12.1,Rantau Utara,12.10.01,Binaraga,12.10.01.1007
SUMATERA UTARA,12,KAB. LABUHANBATU,12.1,Rantau Utara,12.10.01,Pulo Padang,12.10.01.1008
SUMATERA UTARA,12,KAB. LABUHANBATU,12.1,Rantau Utara,12.10.01,Padang Bulan,12.10.01.1009
SUMATERA UTARA,12,KAB. LABUHANBATU,12.1,Rantau Utara,12.10.01,Aek Paing,12.10.01.1010
SUMATERA UTARA,12,KAB. LABUHANBATU,12.1,Rantau Selatan,12.10.02,Bakaran Batu,12.10.02.1001
SUMATERA UTARA,12,KAB. LABUHANBATU,12.1,Rantau Selatan,12.10.02,Sioldengan,12.10.02.1002
SUMATERA UTARA,12,KAB. LABUHANBATU,12.1,Rantau Selatan,12.10.02,Urung Kompas,12.10.02.1003
SUMATERA UTARA,12,KAB. LABUHANBATU,12.1,Rantau Selatan,12.10.02,Ujung Bandar,12.10.02.1004
SUMATERA UTARA,12,KAB. LABUHANBATU,12.1,Rantau Selatan,12.10.02,Sigambal,12.10.02.1005
SUMATERA UTARA,12,KAB. LABUHANBATU,12.1,Rantau Selatan,12.10.02,Lobusona,12.10.02.1006
SUMATERA UTARA,12,KAB. LABUHANBATU,12.1,Rantau Selatan,12.10.02,Pardamean,12.10.02.1007
SUMATERA UTARA,12,KAB. LABUHANBATU,12.1,Rantau Selatan,12.10.02,Danau Bale,12.10.02.1008
SUMATERA UTARA,12,KAB. LABUHANBATU,12.1,Rantau Selatan,12.10.02,Sidorejo,12.10.02.1009
SUMATERA UTARA,12,KAB. LABUHANBATU,12.1,Bilah Barat,12.10.07,Sibargot,12.10.07.2001
SUMATERA UTARA,12,KAB. LABUHANBATU,12.1,Bilah Barat,12.10.07,Bandar Kumbul,12.10.07.2002
SUMATERA UTARA,12,KAB. LABUHANBATU,12.1,Bilah Barat,12.10.07,Tanjung Medan,12.10.07.2003
SUMATERA UTARA,12,KAB. LABUHANBATU,12.1,Bilah Barat,12.10.07,Janji,12.10.07.2004
SUMATERA UTARA,12,KAB. LABUHANBATU,12.1,Bilah Barat,12.10.07,Tebing Linggahara,12.10.07.2005
SUMATERA UTARA,12,KAB. LABUHANBATU,12.1,Bilah Barat,12.10.07,AFD.I Rantauprapat,12.10.07.2006
SUMATERA UTARA,12,KAB. LABUHANBATU,12.1,Bilah Barat,12.10.07,AFD.II Rantauprapat,12.10.07.2007
SUMATERA UTARA,12,KAB. LABUHANBATU,12.1,Bilah Barat,12.10.07,Aek Buru Selatan,12.10.07.2008
SUMATERA UTARA,12,KAB. LABUHANBATU,12.1,Bilah Barat,12.10.07,Kampung Baru,12.10.07.2009
SUMATERA UTARA,12,KAB. LABUHANBATU,12.1,Bilah Barat,12.10.07,Tebing Linggahara Baru,12.10.07.2010
SUMATERA UTARA,12,KAB. LABUHANBATU,12.1,Bilah Hilir,12.10.08,Negeri Lama,12.10.08.1001
SUMATERA UTARA,12,KAB. LABUHANBATU,12.1,Bilah Hilir,12.10.08,Negeri Baru,12.10.08.1002
SUMATERA UTARA,12,KAB. LABUHANBATU,12.1,Bilah Hilir,12.10.08,Perkebunan Sennah,12.10.08.2003
SUMATERA UTARA,12,KAB. LABUHANBATU,12.1,Bilah Hilir,12.10.08,Perkebunan Negeri Lama,12.10.08.2004
SUMATERA UTARA,12,KAB. LABUHANBATU,12.1,Bilah Hilir,12.10.08,Perkebunan Bilah,12.10.08.2005
SUMATERA UTARA,12,KAB. LABUHANBATU,12.1,Bilah Hilir,12.10.08,Kampung Bilah,12.10.08.2006
SUMATERA UTARA,12,KAB. LABUHANBATU,12.1,Bilah Hilir,12.10.08,Negeri Lama Seberang,12.10.08.2007
SUMATERA UTARA,12,KAB. LABUHANBATU,12.1,Bilah Hilir,12.10.08,Sei Tampang,12.10.08.2008
SUMATERA UTARA,12,KAB. LABUHANBATU,12.1,Bilah Hilir,12.10.08,Selat Besar,12.10.08.2009
SUMATERA UTARA,12,KAB. LABUHANBATU,12.1,Bilah Hilir,12.10.08,Tanjung Haloban,12.10.08.2010
SUMATERA UTARA,12,KAB. LABUHANBATU,12.1,Bilah Hilir,12.10.08,Sidomulyo,12.10.08.2011
SUMATERA UTARA,12,KAB. LABUHANBATU,12.1,Bilah Hilir,12.10.08,Sei Tarolat,12.10.08.2012
SUMATERA UTARA,12,KAB. LABUHANBATU,12.1,Bilah Hilir,12.10.08,Sei Kasih,12.10.08.2013
SUMATERA UTARA,12,KAB. LABUHANBATU,12.1,Bilah Hulu,12.10.09,Lingga Tiga,12.10.09.2001
SUMATERA UTARA,12,KAB. LABUHANBATU,12.1,Bilah Hulu,12.10.09,Tanjung Siram,12.10.09.2002
SUMATERA UTARA,12,KAB. LABUHANBATU,12.1,Bilah Hulu,12.10.09,Pematang Seleng,12.10.09.2003
SUMATERA UTARA,12,KAB. LABUHANBATU,12.1,Bilah Hulu,12.10.09,Perbaungan,12.10.09.2004
SUMATERA UTARA,12,KAB. LABUHANBATU,12.1,Bilah Hulu,12.10.09,Gunung Selamat,12.10.09.2005
SUMATERA UTARA,12,KAB. LABUHANBATU,12.1,Bilah Hulu,12.10.09,Emplasemen Aek Nabara,12.10.09.2006
SUMATERA UTARA,12,KAB. LABUHANBATU,12.1,Bilah Hulu,12.10.09,Bandar Tinggi,12.10.09.2007
SUMATERA UTARA,12,KAB. LABUHANBATU,12.1,Bilah Hulu,12.10.09,Kampung Dalam,12.10.09.2008
SUMATERA UTARA,12,KAB. LABUHANBATU,12.1,Bilah Hulu,12.10.09,Pondok Batu,12.10.09.2009
SUMATERA UTARA,12,KAB. LABUHANBATU,12.1,Bilah Hulu,12.10.09,Meranti,12.10.09.2010
SUMATERA UTARA,12,KAB. LABUHANBATU,12.1,Bilah Hulu,12.10.09,N-1 Aek Nabara,12.10.09.2011
SUMATERA UTARA,12,KAB. LABUHANBATU,12.1,Bilah Hulu,12.10.09,N-2 Aek Nabara,12.10.09.2012
SUMATERA UTARA,12,KAB. LABUHANBATU,12.1,Bilah Hulu,12.10.09,N-3 Aek Nabara,12.10.09.2013
SUMATERA UTARA,12,KAB. LABUHANBATU,12.1,Bilah Hulu,12.10.09,N-4 Aek Nabara,12.10.09.2014
SUMATERA UTARA,12,KAB. LABUHANBATU,12.1,Bilah Hulu,12.10.09,N-5 Aek Nabara,12.10.09.2015
SUMATERA UTARA,12,KAB. LABUHANBATU,12.1,Bilah Hulu,12.10.09,N-6 Aek Nabara,12.10.09.2016
SUMATERA UTARA,12,KAB. LABUHANBATU,12.1,Bilah Hulu,12.10.09,N-7 Aek Nabara,12.10.09.2017
SUMATERA UTARA,12,KAB. LABUHANBATU,12.1,Bilah Hulu,12.10.09,N-8 Aek Nabara,12.10.09.2018
SUMATERA UTARA,12,KAB. LABUHANBATU,12.1,Bilah Hulu,12.10.09,S-1 Aek Nabara,12.10.09.2019
SUMATERA UTARA,12,KAB. LABUHANBATU,12.1,Bilah Hulu,12.10.09,S-2 Aek Nabara,12.10.09.2020
SUMATERA UTARA,12,KAB. LABUHANBATU,12.1,Bilah Hulu,12.10.09,S-3 Aek Nabara,12.10.09.2021
SUMATERA UTARA,12,KAB. LABUHANBATU,12.1,Bilah Hulu,12.10.09,S-4 Aek Nabara,12.10.09.2022
SUMATERA UTARA,12,KAB. LABUHANBATU,12.1,Bilah Hulu,12.10.09,S-5 Aek Nabara,12.10.09.2023
SUMATERA UTARA,12,KAB. LABUHANBATU,12.1,Bilah Hulu,12.10.09,S-6 Aek Nabara,12.10.09.2024
SUMATERA UTARA,12,KAB. LABUHANBATU,12.1,Pangkatan,12.10.14,Sidorukun,12.10.14.2001
SUMATERA UTARA,12,KAB. LABUHANBATU,12.1,Pangkatan,12.10.14,Tebing Tinggi Pangkatan,12.10.14.2002
SUMATERA UTARA,12,KAB. LABUHANBATU,12.1,Pangkatan,12.10.14,Perkebunan Pangkatan,12.10.14.2003
SUMATERA UTARA,12,KAB. LABUHANBATU,12.1,Pangkatan,12.10.14,Kampung Padang,12.10.14.2004
SUMATERA UTARA,12,KAB. LABUHANBATU,12.1,Pangkatan,12.10.14,Pangkatan,12.10.14.2005
SUMATERA UTARA,12,KAB. LABUHANBATU,12.1,Pangkatan,12.10.14,Sennah,12.10.14.2006
SUMATERA UTARA,12,KAB. LABUHANBATU,12.1,Pangkatan,12.10.14,Tanjung Harapan,12.10.14.2007
SUMATERA UTARA,12,KAB. LABUHANBATU,12.1,Panai Tengah,12.10.18,Labuhan Bilik,12.10.18.1001
SUMATERA UTARA,12,KAB. LABUHANBATU,12.1,Panai Tengah,12.10.18,Sei Pelancang,12.10.18.2002
SUMATERA UTARA,12,KAB. LABUHANBATU,12.1,Panai Tengah,12.10.18,Sei Siarti,12.10.18.2003
SUMATERA UTARA,12,KAB. LABUHANBATU,12.1,Panai Tengah,12.10.18,Sei Nahodaris,12.10.18.2004
SUMATERA UTARA,12,KAB. LABUHANBATU,12.1,Panai Tengah,12.10.18,Sei Merdeka,12.10.18.2005
SUMATERA UTARA,12,KAB. LABUHANBATU,12.1,Panai Tengah,12.10.18,Sei Rakyat,12.10.18.2006
SUMATERA UTARA,12,KAB. LABUHANBATU,12.1,Panai Tengah,12.10.18,Selat Beting,12.10.18.2007
SUMATERA UTARA,12,KAB. LABUHANBATU,12.1,Panai Tengah,12.10.18,Bagan Bilah,12.10.18.2008
SUMATERA UTARA,12,KAB. LABUHANBATU,12.1,Panai Tengah,12.10.18,Telaga Suka,12.10.18.2009
SUMATERA UTARA,12,KAB. LABUHANBATU,12.1,Panai Tengah,12.10.18,Pasar Tiga,12.10.18.2010
SUMATERA UTARA,12,KAB. LABUHANBATU,12.1,Panai Hilir,12.10.19,Sei Berombang,12.10.19.1001
SUMATERA UTARA,12,KAB. LABUHANBATU,12.1,Panai Hilir,12.10.19,Sei Penggantungan,12.10.19.2002
SUMATERA UTARA,12,KAB. LABUHANBATU,12.1,Panai Hilir,12.10.19,Sei Lumut,12.10.19.2003
SUMATERA UTARA,12,KAB. LABUHANBATU,12.1,Panai Hilir,12.10.19,Sei Tawar,12.10.19.2004
SUMATERA UTARA,12,KAB. LABUHANBATU,12.1,Panai Hilir,12.10.19,Sei Sanggul,12.10.19.2005
SUMATERA UTARA,12,KAB. LABUHANBATU,12.1,Panai Hilir,12.10.19,Sei Sakat,12.10.19.2006
SUMATERA UTARA,12,KAB. LABUHANBATU,12.1,Panai Hilir,12.10.19,Sei Baru,12.10.19.2007
SUMATERA UTARA,12,KAB. LABUHANBATU,12.1,Panai Hilir,12.10.19,Wonosari,12.10.19.2008
SUMATERA UTARA,12,KAB. LABUHANBATU,12.1,Panai Hulu,12.10.20,Tanjung Sarang Elang,12.10.20.2001
SUMATERA UTARA,12,KAB. LABUHANBATU,12.1,Panai Hulu,12.10.20,Perkebunan Ajamu,12.10.20.2002
SUMATERA UTARA,12,KAB. LABUHANBATU,12.1,Panai Hulu,12.10.20,Teluk Sentosa,12.10.20.2003
SUMATERA UTARA,12,KAB. LABUHANBATU,12.1,Panai Hulu,12.10.20,Cinta Makmur,12.10.20.2004
SUMATERA UTARA,12,KAB. LABUHANBATU,12.1,Panai Hulu,12.10.20,Sei Sentosa,12.10.20.2005
SUMATERA UTARA,12,KAB. LABUHANBATU,12.1,Panai Hulu,12.10.20,Meranti Paham,12.10.20.2006
SUMATERA UTARA,12,KAB. LABUHANBATU,12.1,Panai Hulu,12.10.20,Sei Jawi-Jawi,12.10.20.2007
SUMATERA UTARA,12,KAB. DAIRI,12.11,Sidikalang,12.11.01,Kuta Gambir,12.11.01.1005
SUMATERA UTARA,12,KAB. DAIRI,12.11,Sidikalang,12.11.01,Sidiangkat,12.11.01.1007
SUMATERA UTARA,12,KAB. DAIRI,12.11,Sidikalang,12.11.01,Belang Malum,12.11.01.2008
SUMATERA UTARA,12,KAB. DAIRI,12.11,Sidikalang,12.11.01,Batang Beruh,12.11.01.1009
SUMATERA UTARA,12,KAB. DAIRI,12.11,Sidikalang,12.11.01,Sidikalang,12.11.01.1010
SUMATERA UTARA,12,KAB. DAIRI,12.11,Sidikalang,12.11.01,Huta Rakyat,12.11.01.2011
SUMATERA UTARA,12,KAB. DAIRI,12.11,Sidikalang,12.11.01,Kalang,12.11.01.2012
SUMATERA UTARA,12,KAB. DAIRI,12.11,Sidikalang,12.11.01,Bintang,12.11.01.2013
SUMATERA UTARA,12,KAB. DAIRI,12.11,Sidikalang,12.11.01,Kalang Simbara,12.11.01.2014
SUMATERA UTARA,12,KAB. DAIRI,12.11,Sidikalang,12.11.01,Bintang Hulu,12.11.01.1015
SUMATERA UTARA,12,KAB. DAIRI,12.11,Sidikalang,12.11.01,Bintang Mersada,12.11.01.2017
SUMATERA UTARA,12,KAB. DAIRI,12.11,Sumbul,12.11.02,Pagagan Julu X,12.11.02.2001
SUMATERA UTARA,12,KAB. DAIRI,12.11,Sumbul,12.11.02,Pagagan Julu IX,12.11.02.2002
SUMATERA UTARA,12,KAB. DAIRI,12.11,Sumbul,12.11.02,Pagagan Julu VIII,12.11.02.2003
SUMATERA UTARA,12,KAB. DAIRI,12.11,Sumbul,12.11.02,Pagagan Julu VII,12.11.02.2004
SUMATERA UTARA,12,KAB. DAIRI,12.11,Sumbul,12.11.02,Pagagan Julu VI,12.11.02.2005
SUMATERA UTARA,12,KAB. DAIRI,12.11,Sumbul,12.11.02,Pagagan Julu V,12.11.02.2006
SUMATERA UTARA,12,KAB. DAIRI,12.11,Sumbul,12.11.02,Pagagan Julu I,12.11.02.1007
SUMATERA UTARA,12,KAB. DAIRI,12.11,Sumbul,12.11.02,Pagagan Julu IV,12.11.02.2008
SUMATERA UTARA,12,KAB. DAIRI,12.11,Sumbul,12.11.02,Pagagan Julu III,12.11.02.2009
SUMATERA UTARA,12,KAB. DAIRI,12.11,Sumbul,12.11.02,Pagagan Julu II,12.11.02.2010
SUMATERA UTARA,12,KAB. DAIRI,12.11,Sumbul,12.11.02,Tanjung Beringin,12.11.02.2014
SUMATERA UTARA,12,KAB. DAIRI,12.11,Sumbul,12.11.02,Dolok Tolong,12.11.02.2015
SUMATERA UTARA,12,KAB. DAIRI,12.11,Sumbul,12.11.02,Pargambiran,12.11.02.2017
SUMATERA UTARA,12,KAB. DAIRI,12.11,Sumbul,12.11.02,Perjuangan,12.11.02.2018
SUMATERA UTARA,12,KAB. DAIRI,12.11,Sumbul,12.11.02,Kuta Gugung,12.11.02.2020
SUMATERA UTARA,12,KAB. DAIRI,12.11,Sumbul,12.11.02,Sileuh-leuh Parsaoran,12.11.02.2024
SUMATERA UTARA,12,KAB. DAIRI,12.11,Sumbul,12.11.02,Barisan Nauli,12.11.02.2025
SUMATERA UTARA,12,KAB. DAIRI,12.11,Sumbul,12.11.02,Pangguruan,12.11.02.2026
SUMATERA UTARA,12,KAB. DAIRI,12.11,Sumbul,12.11.02,Tanjung Beringin I,12.11.02.2027
SUMATERA UTARA,12,KAB. DAIRI,12.11,Tigalingga,12.11.03,Sumbul Tengah,12.11.03.2001
SUMATERA UTARA,12,KAB. DAIRI,12.11,Tigalingga,12.11.03,Ujung Teran,12.11.03.2002
SUMATERA UTARA,12,KAB. DAIRI,12.11,Tigalingga,12.11.03,Juma Gerat,12.11.03.2003
SUMATERA UTARA,12,KAB. DAIRI,12.11,Tigalingga,12.11.03,Sarintonu,12.11.03.2004
SUMATERA UTARA,12,KAB. DAIRI,12.11,Tigalingga,12.11.03,Tigalingga,12.11.03.2005
SUMATERA UTARA,12,KAB. DAIRI,12.11,Tigalingga,12.11.03,Palding,12.11.03.2006
SUMATERA UTARA,12,KAB. DAIRI,12.11,Tigalingga,12.11.03,Lau Bagot,12.11.03.2007
SUMATERA UTARA,12,KAB. DAIRI,12.11,Tigalingga,12.11.03,Bertungen Julu,12.11.03.2008
SUMATERA UTARA,12,KAB. DAIRI,12.11,Tigalingga,12.11.03,Lau Molgap,12.11.03.2009
SUMATERA UTARA,12,KAB. DAIRI,12.11,Tigalingga,12.11.03,Lau Pak-Pak,12.11.03.2010
SUMATERA UTARA,12,KAB. DAIRI,12.11,Tigalingga,12.11.03,Sukandebi,12.11.03.2012
SUMATERA UTARA,12,KAB. DAIRI,12.11,Tigalingga,12.11.03,Lau Mil,12.11.03.2013
SUMATERA UTARA,12,KAB. DAIRI,12.11,Tigalingga,12.11.03,Lau Sireme,12.11.03.2014
SUMATERA UTARA,12,KAB. DAIRI,12.11,Tigalingga,12.11.03,Polding Jaya Sumbul,12.11.03.2019
SUMATERA UTARA,12,KAB. DAIRI,12.11,Siempat Nempu,12.11.04,Sinampang,12.11.04.2001
SUMATERA UTARA,12,KAB. DAIRI,12.11,Siempat Nempu,12.11.04,Sihorbo,12.11.04.2002
SUMATERA UTARA,12,KAB. DAIRI,12.11,Siempat Nempu,12.11.04,Soban,12.11.04.2003
SUMATERA UTARA,12,KAB. DAIRI,12.11,Siempat Nempu,12.11.04,Adian Nangka,12.11.04.2004
SUMATERA UTARA,12,KAB. DAIRI,12.11,Siempat Nempu,12.11.04,Bunturaja,12.11.04.2005
SUMATERA UTARA,12,KAB. DAIRI,12.11,Siempat Nempu,12.11.04,Juma Siulok,12.11.04.2006
SUMATERA UTARA,12,KAB. DAIRI,12.11,Siempat Nempu,12.11.04,Juma Teguh,12.11.04.2007
SUMATERA UTARA,12,KAB. DAIRI,12.11,Siempat Nempu,12.11.04,Sosor Lontung,12.11.04.2008
SUMATERA UTARA,12,KAB. DAIRI,12.11,Siempat Nempu,12.11.04,Huta Imbaru,12.11.04.2009
SUMATERA UTARA,12,KAB. DAIRI,12.11,Siempat Nempu,12.11.04,Jumantuang,12.11.04.2010
SUMATERA UTARA,12,KAB. DAIRI,12.11,Siempat Nempu,12.11.04,Gomit,12.11.04.2011
SUMATERA UTARA,12,KAB. DAIRI,12.11,Siempat Nempu,12.11.04,Adian Gupa,12.11.04.2012
SUMATERA UTARA,12,KAB. DAIRI,12.11,Siempat Nempu,12.11.04,Maju,12.11.04.2013
SUMATERA UTARA,12,KAB. DAIRI,12.11,Silima Pungga Pungga,12.11.05,Palipi,12.11.05.2008
SUMATERA UTARA,12,KAB. DAIRI,12.11,Silima Pungga Pungga,12.11.05,Longkotan,12.11.05.2010
SUMATERA UTARA,12,KAB. DAIRI,12.11,Silima Pungga Pungga,12.11.05,Bongkaras,12.11.05.2011
SUMATERA UTARA,12,KAB. DAIRI,12.11,Silima Pungga Pungga,12.11.05,Tungtung Batu,12.11.05.2012
SUMATERA UTARA,12,KAB. DAIRI,12.11,Silima Pungga Pungga,12.11.05,Polling Anak-Anak,12.11.05.2013
SUMATERA UTARA,12,KAB. DAIRI,12.11,Silima Pungga Pungga,12.11.05,Parongil,12.11.05.1014
SUMATERA UTARA,12,KAB. DAIRI,12.11,Silima Pungga Pungga,12.11.05,Siratah,12.11.05.2015
SUMATERA UTARA,12,KAB. DAIRI,12.11,Silima Pungga Pungga,12.11.05,Uruk Mblin,12.11.05.2016
SUMATERA UTARA,12,KAB. DAIRI,12.11,Silima Pungga Pungga,12.11.05,Siboras,12.11.05.2017
SUMATERA UTARA,12,KAB. DAIRI,12.11,Silima Pungga Pungga,12.11.05,Bonian,12.11.05.2018
SUMATERA UTARA,12,KAB. DAIRI,12.11,Silima Pungga Pungga,12.11.05,Sumbari,12.11.05.2019
SUMATERA UTARA,12,KAB. DAIRI,12.11,Silima Pungga Pungga,12.11.05,Bakal Gajah,12.11.05.2020
SUMATERA UTARA,12,KAB. DAIRI,12.11,Silima Pungga Pungga,12.11.05,Lae Panginuman,12.11.05.2021
SUMATERA UTARA,12,KAB. DAIRI,12.11,Silima Pungga Pungga,12.11.05,Lae Ambat,12.11.05.2022
SUMATERA UTARA,12,KAB. DAIRI,12.11,Silima Pungga Pungga,12.11.05,Lae Rambong,12.11.05.2023
SUMATERA UTARA,12,KAB. DAIRI,12.11,Silima Pungga Pungga,12.11.05,Lae Pangaroan,12.11.05.2024
SUMATERA UTARA,12,KAB. DAIRI,12.11,Tanah Pinem,12.11.06,Sukadame,12.11.06.2001
SUMATERA UTARA,12,KAB. DAIRI,12.11,Tanah Pinem,12.11.06,Gunung Tua,12.11.06.2002
SUMATERA UTARA,12,KAB. DAIRI,12.11,Tanah Pinem,12.11.06,Harapan,12.11.06.2003
SUMATERA UTARA,12,KAB. DAIRI,12.11,Tanah Pinem,12.11.06,Lau Primbon,12.11.06.2004
SUMATERA UTARA,12,KAB. DAIRI,12.11,Tanah Pinem,12.11.06,Kuta Gamber,12.11.06.2005
SUMATERA UTARA,12,KAB. DAIRI,12.11,Tanah Pinem,12.11.06,Kempawa,12.11.06.2006
SUMATERA UTARA,12,KAB. DAIRI,12.11,Tanah Pinem,12.11.06,Tanah Pinem,12.11.06.2007
SUMATERA UTARA,12,KAB. DAIRI,12.11,Tanah Pinem,12.11.06,Pamah,12.11.06.2008
SUMATERA UTARA,12,KAB. DAIRI,12.11,Tanah Pinem,12.11.06,Kuta Buluh,12.11.06.2009
SUMATERA UTARA,12,KAB. DAIRI,12.11,Tanah Pinem,12.11.06,Pasir Tengah,12.11.06.2010
SUMATERA UTARA,12,KAB. DAIRI,12.11,Tanah Pinem,12.11.06,Renun,12.11.06.2011
SUMATERA UTARA,12,KAB. DAIRI,12.11,Tanah Pinem,12.11.06,Lau Tawar,12.11.06.2012
SUMATERA UTARA,12,KAB. DAIRI,12.11,Tanah Pinem,12.11.06,Balandua,12.11.06.2013
SUMATERA UTARA,12,KAB. DAIRI,12.11,Tanah Pinem,12.11.06,Mangan Molih,12.11.06.2014
SUMATERA UTARA,12,KAB. DAIRI,12.11,Tanah Pinem,12.11.06,Liang Jering,12.11.06.2015
SUMATERA UTARA,12,KAB. DAIRI,12.11,Tanah Pinem,12.11.06,Alur Subur,12.11.06.2016
SUMATERA UTARA,12,KAB. DAIRI,12.11,Tanah Pinem,12.11.06,Lau Njuhar I,12.11.06.2017
SUMATERA UTARA,12,KAB. DAIRI,12.11,Tanah Pinem,12.11.06,Pasir Mbelang,12.11.06.2018
SUMATERA UTARA,12,KAB. DAIRI,12.11,Tanah Pinem,12.11.06,Sinar Pagi,12.11.06.2019
SUMATERA UTARA,12,KAB. DAIRI,12.11,Siempat Nempu Hulu,12.11.07,Tambahan,12.11.07.2001
SUMATERA UTARA,12,KAB. DAIRI,12.11,Siempat Nempu Hulu,12.11.07,Kuta Tengah,12.11.07.2002
SUMATERA UTARA,12,KAB. DAIRI,12.11,Siempat Nempu Hulu,12.11.07,Lae Nuaha,12.11.07.2003
SUMATERA UTARA,12,KAB. DAIRI,12.11,Siempat Nempu Hulu,12.11.07,Sungai Raya,12.11.07.2004
SUMATERA UTARA,12,KAB. DAIRI,12.11,Siempat Nempu Hulu,12.11.07,Gunung Meriah,12.11.07.2005
SUMATERA UTARA,12,KAB. DAIRI,12.11,Siempat Nempu Hulu,12.11.07,Silumboyah,12.11.07.2006
SUMATERA UTARA,12,KAB. DAIRI,12.11,Siempat Nempu Hulu,12.11.07,Pandan,12.11.07.2007
SUMATERA UTARA,12,KAB. DAIRI,12.11,Siempat Nempu Hulu,12.11.07,Tualang,12.11.07.2008
SUMATERA UTARA,12,KAB. DAIRI,12.11,Siempat Nempu Hulu,12.11.07,Pangaribuan,12.11.07.2009
SUMATERA UTARA,12,KAB. DAIRI,12.11,Siempat Nempu Hulu,12.11.07,Sigambir-gambir,12.11.07.2010
SUMATERA UTARA,12,KAB. DAIRI,12.11,Siempat Nempu Hulu,12.11.07,Bakal Julu,12.11.07.2011
SUMATERA UTARA,12,KAB. DAIRI,12.11,Siempat Nempu Hulu,12.11.07,Sipoltong,12.11.07.2012
SUMATERA UTARA,12,KAB. DAIRI,12.11,Siempat Nempu Hilir,12.11.08,Lae Itam,12.11.08.2001
SUMATERA UTARA,12,KAB. DAIRI,12.11,Siempat Nempu Hilir,12.11.08,Lae Luhung,12.11.08.2002
SUMATERA UTARA,12,KAB. DAIRI,12.11,Siempat Nempu Hilir,12.11.08,Pardomuan,12.11.08.2003
SUMATERA UTARA,12,KAB. DAIRI,12.11,Siempat Nempu Hilir,12.11.08,Lae Markelang,12.11.08.2004
SUMATERA UTARA,12,KAB. DAIRI,12.11,Siempat Nempu Hilir,12.11.08,Jambur Indonesia,12.11.08.2005
SUMATERA UTARA,12,KAB. DAIRI,12.11,Siempat Nempu Hilir,12.11.08,Simungun,12.11.08.2006
SUMATERA UTARA,12,KAB. DAIRI,12.11,Siempat Nempu Hilir,12.11.08,Janji,12.11.08.2007
SUMATERA UTARA,12,KAB. DAIRI,12.11,Siempat Nempu Hilir,12.11.08,Sopo Butar,12.11.08.2008
SUMATERA UTARA,12,KAB. DAIRI,12.11,Siempat Nempu Hilir,12.11.08,Lae Sering,12.11.08.2009
SUMATERA UTARA,12,KAB. DAIRI,12.11,Siempat Nempu Hilir,12.11.08,Lae Haporas,12.11.08.2010
SUMATERA UTARA,12,KAB. DAIRI,12.11,Pegagan Hilir,12.11.09,Simanduma,12.11.09.2001
SUMATERA UTARA,12,KAB. DAIRI,12.11,Pegagan Hilir,12.11.09,Bandar Huta Usang,12.11.09.2002
SUMATERA UTARA,12,KAB. DAIRI,12.11,Pegagan Hilir,12.11.09,Onan Lama,12.11.09.2003
SUMATERA UTARA,12,KAB. DAIRI,12.11,Pegagan Hilir,12.11.09,Lingga Raja,12.11.09.2004
SUMATERA UTARA,12,KAB. DAIRI,12.11,Pegagan Hilir,12.11.09,Laksa,12.11.09.2005
SUMATERA UTARA,12,KAB. DAIRI,12.11,Pegagan Hilir,12.11.09,Tanjung Saluksuk,12.11.09.2006
SUMATERA UTARA,12,KAB. DAIRI,12.11,Pegagan Hilir,12.11.09,Bukit Tinggi,12.11.09.2007
SUMATERA UTARA,12,KAB. DAIRI,12.11,Pegagan Hilir,12.11.09,Simartugan,12.11.09.2008
SUMATERA UTARA,12,KAB. DAIRI,12.11,Pegagan Hilir,12.11.09,Kuta Usang,12.11.09.2009
SUMATERA UTARA,12,KAB. DAIRI,12.11,Pegagan Hilir,12.11.09,Lingga Raja II,12.11.09.2010
SUMATERA UTARA,12,KAB. DAIRI,12.11,Pegagan Hilir,12.11.09,Mbinanga,12.11.09.2011
SUMATERA UTARA,12,KAB. DAIRI,12.11,Pegagan Hilir,12.11.09,Bukit Baru,12.11.09.2012
SUMATERA UTARA,12,KAB. DAIRI,12.11,Pegagan Hilir,12.11.09,Perrik Mbue,12.11.09.2013
SUMATERA UTARA,12,KAB. DAIRI,12.11,Parbuluan,12.11.10,Bangun,12.11.10.2001
SUMATERA UTARA,12,KAB. DAIRI,12.11,Parbuluan,12.11.10,Lae Hole,12.11.10.2002
SUMATERA UTARA,12,KAB. DAIRI,12.11,Parbuluan,12.11.10,Parbuluan IV,12.11.10.2003
SUMATERA UTARA,12,KAB. DAIRI,12.11,Parbuluan,12.11.10,Parbuluan III,12.11.10.2004
SUMATERA UTARA,12,KAB. DAIRI,12.11,Parbuluan,12.11.10,Parbuluan II,12.11.10.2005
SUMATERA UTARA,12,KAB. DAIRI,12.11,Parbuluan,12.11.10,Parbuluan I,12.11.10.2006
SUMATERA UTARA,12,KAB. DAIRI,12.11,Parbuluan,12.11.10,Parbuluan V,12.11.10.2007
SUMATERA UTARA,12,KAB. DAIRI,12.11,Parbuluan,12.11.10,Parbuluan VI,12.11.10.2008
SUMATERA UTARA,12,KAB. DAIRI,12.11,Parbuluan,12.11.10,Lae Hole I,12.11.10.2009
SUMATERA UTARA,12,KAB. DAIRI,12.11,Parbuluan,12.11.10,Lae Hole II,12.11.10.2010
SUMATERA UTARA,12,KAB. DAIRI,12.11,Parbuluan,12.11.10,Bangun I,12.11.10.2011
SUMATERA UTARA,12,KAB. DAIRI,12.11,Lae Parira,12.11.11,Sumbul,12.11.11.2001
SUMATERA UTARA,12,KAB. DAIRI,12.11,Lae Parira,12.11.11,Kentara,12.11.11.2002
SUMATERA UTARA,12,KAB. DAIRI,12.11,Lae Parira,12.11.11,Lae Parira,12.11.11.2003
SUMATERA UTARA,12,KAB. DAIRI,12.11,Lae Parira,12.11.11,Buluduri,12.11.11.2004
SUMATERA UTARA,12,KAB. DAIRI,12.11,Lae Parira,12.11.11,Sempung Polling,12.11.11.2005
SUMATERA UTARA,12,KAB. DAIRI,12.11,Lae Parira,12.11.11,Lumban Sihite,12.11.11.2006
SUMATERA UTARA,12,KAB. DAIRI,12.11,Lae Parira,12.11.11,Lumban Toruan,12.11.11.2007
SUMATERA UTARA,12,KAB. DAIRI,12.11,Lae Parira,12.11.11,Pandiangan,12.11.11.2008
SUMATERA UTARA,12,KAB. DAIRI,12.11,Lae Parira,12.11.11,Kaban Julu,12.11.11.2009
SUMATERA UTARA,12,KAB. DAIRI,12.11,Gunung Sitember,12.11.12,Bukit Lau Kersik,12.11.12.2001
SUMATERA UTARA,12,KAB. DAIRI,12.11,Gunung Sitember,12.11.12,Gunung Sitember,12.11.12.2002
SUMATERA UTARA,12,KAB. DAIRI,12.11,Gunung Sitember,12.11.12,Batu Gun Gun,12.11.12.2003
SUMATERA UTARA,12,KAB. DAIRI,12.11,Gunung Sitember,12.11.12,Rante Besi,12.11.12.2004
SUMATERA UTARA,12,KAB. DAIRI,12.11,Gunung Sitember,12.11.12,Gundaling,12.11.12.2005
SUMATERA UTARA,12,KAB. DAIRI,12.11,Gunung Sitember,12.11.12,Kendit Liang,12.11.12.2006
SUMATERA UTARA,12,KAB. DAIRI,12.11,Gunung Sitember,12.11.12,Lau Lebah,12.11.12.2007
SUMATERA UTARA,12,KAB. DAIRI,12.11,Gunung Sitember,12.11.12,Tupak Raja,12.11.12.2008
SUMATERA UTARA,12,KAB. DAIRI,12.11,Berampu,12.11.13,Sambaliang,12.11.13.2001
SUMATERA UTARA,12,KAB. DAIRI,12.11,Berampu,12.11.13,Pasi,12.11.13.2002
SUMATERA UTARA,12,KAB. DAIRI,12.11,Berampu,12.11.13,Banjar Toba,12.11.13.2003
SUMATERA UTARA,12,KAB. DAIRI,12.11,Berampu,12.11.13,Berampu,12.11.13.2004
SUMATERA UTARA,12,KAB. DAIRI,12.11,Berampu,12.11.13,Karing,12.11.13.2005
SUMATERA UTARA,12,KAB. DAIRI,12.11,Silahisabungan,12.11.14,Silalahi II,12.11.14.2001
SUMATERA UTARA,12,KAB. DAIRI,12.11,Silahisabungan,12.11.14,Silalahi I,12.11.14.2002
SUMATERA UTARA,12,KAB. DAIRI,12.11,Silahisabungan,12.11.14,Paropo,12.11.14.2003
SUMATERA UTARA,12,KAB. DAIRI,12.11,Silahisabungan,12.11.14,Silalahi III,12.11.14.2004
SUMATERA UTARA,12,KAB. DAIRI,12.11,Silahisabungan,12.11.14,Paropo I,12.11.14.2005
SUMATERA UTARA,12,KAB. DAIRI,12.11,Sitinjo,12.11.15,Sitinjo,12.11.15.2001
SUMATERA UTARA,12,KAB. DAIRI,12.11,Sitinjo,12.11.15,Sitinjo I,12.11.15.2002
SUMATERA UTARA,12,KAB. DAIRI,12.11,Sitinjo,12.11.15,Sitinjo II,12.11.15.2003
SUMATERA UTARA,12,KAB. DAIRI,12.11,Sitinjo,12.11.15,Panji Dabutar,12.11.15.1004
SUMATERA UTARA,12,KAB. TOBA SAMOSIR,12.12,Balige,12.12.01,Hutanamora,12.12.01.2003
SUMATERA UTARA,12,KAB. TOBA SAMOSIR,12.12,Balige,12.12.01,Hutagaol Peatalun,12.12.01.2004
SUMATERA UTARA,12,KAB. TOBA SAMOSIR,12.12,Balige,12.12.01,Hinalang Bagasan,12.12.01.2005
SUMATERA UTARA,12,KAB. TOBA SAMOSIR,12.12,Balige,12.12.01,Matio,12.12.01.2006
SUMATERA UTARA,12,KAB. TOBA SAMOSIR,12.12,Balige,12.12.01,Lumban Pea,12.12.01.2007
SUMATERA UTARA,12,KAB. TOBA SAMOSIR,12.12,Balige,12.12.01,Hutabulu Mejan,12.12.01.2008
SUMATERA UTARA,12,KAB. TOBA SAMOSIR,12.12,Balige,12.12.01,Lumban Gaol,12.12.01.2010
SUMATERA UTARA,12,KAB. TOBA SAMOSIR,12.12,Balige,12.12.01,Parsuratan,12.12.01.2011
SUMATERA UTARA,12,KAB. TOBA SAMOSIR,12.12,Balige,12.12.01,Baruara,12.12.01.2012
SUMATERA UTARA,12,KAB. TOBA SAMOSIR,12.12,Balige,12.12.01,Aek Bolon Julu,12.12.01.2013
SUMATERA UTARA,12,KAB. TOBA SAMOSIR,12.12,Balige,12.12.01,Sibolahotang SAS,12.12.01.2014
SUMATERA UTARA,12,KAB. TOBA SAMOSIR,12.12,Balige,12.12.01,Lumban Bulbul,12.12.01.2015
SUMATERA UTARA,12,KAB. TOBA SAMOSIR,12.12,Balige,12.12.01,Sianipar Sihailhail,12.12.01.2016
SUMATERA UTARA,12,KAB. TOBA SAMOSIR,12.12,Balige,12.12.01,Silalahi Pagar Batu,12.12.01.2017
SUMATERA UTARA,12,KAB. TOBA SAMOSIR,12.12,Balige,12.12.01,Lumban Silintong,12.12.01.2018
SUMATERA UTARA,12,KAB. TOBA SAMOSIR,12.12,Balige,12.12.01,Saribu Raja Janji Maria,12.12.01.2019
SUMATERA UTARA,12,KAB. TOBA SAMOSIR,12.12,Balige,12.12.01,Longat,12.12.01.2022
SUMATERA UTARA,12,KAB. TOBA SAMOSIR,12.12,Balige,12.12.01,Balige II,12.12.01.2023
SUMATERA UTARA,12,KAB. TOBA SAMOSIR,12.12,Balige,12.12.01,Aek Bolon Jae,12.12.01.2024
SUMATERA UTARA,12,KAB. TOBA SAMOSIR,12.12,Balige,12.12.01,Lumban Gorat,12.12.01.2025
SUMATERA UTARA,12,KAB. TOBA SAMOSIR,12.12,Balige,12.12.01,Sibuntuon,12.12.01.2026
SUMATERA UTARA,12,KAB. TOBA SAMOSIR,12.12,Balige,12.12.01,Siboruon,12.12.01.2027
SUMATERA UTARA,12,KAB. TOBA SAMOSIR,12.12,Balige,12.12.01,Paindoan,12.12.01.2028
SUMATERA UTARA,12,KAB. TOBA SAMOSIR,12.12,Balige,12.12.01,Bonan Dolok I,12.12.01.2029
SUMATERA UTARA,12,KAB. TOBA SAMOSIR,12.12,Balige,12.12.01,Bonan Dolok II,12.12.01.2030
SUMATERA UTARA,12,KAB. TOBA SAMOSIR,12.12,Balige,12.12.01,Bonan Dolok III,12.12.01.2031
SUMATERA UTARA,12,KAB. TOBA SAMOSIR,12.12,Balige,12.12.01,Huta Dame,12.12.01.2032
SUMATERA UTARA,12,KAB. TOBA SAMOSIR,12.12,Balige,12.12.01,Balige I,12.12.01.1034
SUMATERA UTARA,12,KAB. TOBA SAMOSIR,12.12,Balige,12.12.01,Balige III,12.12.01.1035
SUMATERA UTARA,12,KAB. TOBA SAMOSIR,12.12,Balige,12.12.01,Pardede Onan,12.12.01.1036
SUMATERA UTARA,12,KAB. TOBA SAMOSIR,12.12,Balige,12.12.01,Sangkar Nihuta,12.12.01.1037
SUMATERA UTARA,12,KAB. TOBA SAMOSIR,12.12,Balige,12.12.01,Lumban Dolok Hauma Bange,12.12.01.1038
SUMATERA UTARA,12,KAB. TOBA SAMOSIR,12.12,Balige,12.12.01,Napitupulu Bagasan,12.12.01.1039
SUMATERA UTARA,12,KAB. TOBA SAMOSIR,12.12,Balige,12.12.01,Lumban Pea Timur,12.12.01.2040
SUMATERA UTARA,12,KAB. TOBA SAMOSIR,12.12,Balige,12.12.01,Tambunan Sunge,12.12.01.2041
SUMATERA UTARA,12,KAB. TOBA SAMOSIR,12.12,Laguboti,12.12.02,Pasar Laguboti,12.12.02.1001
SUMATERA UTARA,12,KAB. TOBA SAMOSIR,12.12,Laguboti,12.12.02,Sibuea,12.12.02.2002
SUMATERA UTARA,12,KAB. TOBA SAMOSIR,12.12,Laguboti,12.12.02,Sintong Marnipi,12.12.02.2003
SUMATERA UTARA,12,KAB. TOBA SAMOSIR,12.12,Laguboti,12.12.02,Sibarani Nasampulu/Namungk,12.12.02.2004
SUMATERA UTARA,12,KAB. TOBA SAMOSIR,12.12,Laguboti,12.12.02,Aruan,12.12.02.2005
SUMATERA UTARA,12,KAB. TOBA SAMOSIR,12.12,Laguboti,12.12.02,Sidulang,12.12.02.2006
SUMATERA UTARA,12,KAB. TOBA SAMOSIR,12.12,Laguboti,12.12.02,Ujung Tanduk,12.12.02.2007
SUMATERA UTARA,12,KAB. TOBA SAMOSIR,12.12,Laguboti,12.12.02,Haunatas II,12.12.02.2008
SUMATERA UTARA,12,KAB. TOBA SAMOSIR,12.12,Laguboti,12.12.02,Pardomuan Nauli,12.12.02.2009
SUMATERA UTARA,12,KAB. TOBA SAMOSIR,12.12,Laguboti,12.12.02,Sitangkola,12.12.02.2010
SUMATERA UTARA,12,KAB. TOBA SAMOSIR,12.12,Laguboti,12.12.02,Tinggir Nipasir,12.12.02.2011
SUMATERA UTARA,12,KAB. TOBA SAMOSIR,12.12,Laguboti,12.12.02,Haunatas I,12.12.02.2012
SUMATERA UTARA,12,KAB. TOBA SAMOSIR,12.12,Laguboti,12.12.02,Pintu Bosi,12.12.02.2013
SUMATERA UTARA,12,KAB. TOBA SAMOSIR,12.12,Laguboti,12.12.02,Simatibung,12.12.02.2014
SUMATERA UTARA,12,KAB. TOBA SAMOSIR,12.12,Laguboti,12.12.02,Lumban Binanga,12.12.02.2015
SUMATERA UTARA,12,KAB. TOBA SAMOSIR,12.12,Laguboti,12.12.02,Ompu Raja Hutapea,12.12.02.2016
SUMATERA UTARA,12,KAB. TOBA SAMOSIR,12.12,Laguboti,12.12.02,Gasaribu,12.12.02.2017
SUMATERA UTARA,12,KAB. TOBA SAMOSIR,12.12,Laguboti,12.12.02,Pardinggaran,12.12.02.2018
SUMATERA UTARA,12,KAB. TOBA SAMOSIR,12.12,Laguboti,12.12.02,Sitoluama,12.12.02.2019
SUMATERA UTARA,12,KAB. TOBA SAMOSIR,12.12,Laguboti,12.12.02,Lumban Bagasan,12.12.02.2020
SUMATERA UTARA,12,KAB. TOBA SAMOSIR,12.12,Laguboti,12.12.02,Siraja Gorat,12.12.02.2021
SUMATERA UTARA,12,KAB. TOBA SAMOSIR,12.12,Laguboti,12.12.02,Ompu Raja Hutapea Timur,12.12.02.2022
SUMATERA UTARA,12,KAB. TOBA SAMOSIR,12.12,Laguboti,12.12.02,Ompu Raja Hatulian,12.12.02.2023
SUMATERA UTARA,12,KAB. TOBA SAMOSIR,12.12,Silaen,12.12.03,Pintu Batu,12.12.03.2001
SUMATERA UTARA,12,KAB. TOBA SAMOSIR,12.12,Silaen,12.12.03,Sitorang,12.12.03.2002
SUMATERA UTARA,12,KAB. TOBA SAMOSIR,12.12,Silaen,12.12.03,Parsambilan,12.12.03.2003
SUMATERA UTARA,12,KAB. TOBA SAMOSIR,12.12,Silaen,12.12.03,Huta Gur- Gur II,12.12.03.2004
SUMATERA UTARA,12,KAB. TOBA SAMOSIR,12.12,Silaen,12.12.03,Silaen,12.12.03.2005
SUMATERA UTARA,12,KAB. TOBA SAMOSIR,12.12,Silaen,12.12.03,Ombur,12.12.03.2006
SUMATERA UTARA,12,KAB. TOBA SAMOSIR,12.12,Silaen,12.12.03,Natolutali,12.12.03.2008
SUMATERA UTARA,12,KAB. TOBA SAMOSIR,12.12,Silaen,12.12.03,Dalihan Natolu,12.12.03.2009
SUMATERA UTARA,12,KAB. TOBA SAMOSIR,12.12,Silaen,12.12.03,Sigodang Tua,12.12.03.2010
SUMATERA UTARA,12,KAB. TOBA SAMOSIR,12.12,Silaen,12.12.03,Sinta Dame,12.12.03.2014
SUMATERA UTARA,12,KAB. TOBA SAMOSIR,12.12,Silaen,12.12.03,Hutanamora,12.12.03.2015
SUMATERA UTARA,12,KAB. TOBA SAMOSIR,12.12,Silaen,12.12.03,Pardomuan,12.12.03.2017
SUMATERA UTARA,12,KAB. TOBA SAMOSIR,12.12,Silaen,12.12.03,Huta Gur-Gur I,12.12.03.2018
SUMATERA UTARA,12,KAB. TOBA SAMOSIR,12.12,Silaen,12.12.03,Lumban Dolok,12.12.03.2022
SUMATERA UTARA,12,KAB. TOBA SAMOSIR,12.12,Silaen,12.12.03,Napitupulu,12.12.03.2023
SUMATERA UTARA,12,KAB. TOBA SAMOSIR,12.12,Silaen,12.12.03,Hutagaol Sihujur,12.12.03.2024
SUMATERA UTARA,12,KAB. TOBA SAMOSIR,12.12,Silaen,12.12.03,Meranti Barat,12.12.03.2025
SUMATERA UTARA,12,KAB. TOBA SAMOSIR,12.12,Silaen,12.12.03,Sibide Barat,12.12.03.2026
SUMATERA UTARA,12,KAB. TOBA SAMOSIR,12.12,Silaen,12.12.03,Sibide,12.12.03.2027
SUMATERA UTARA,12,KAB. TOBA SAMOSIR,12.12,Silaen,12.12.03,Simanobak,12.12.03.2028
SUMATERA UTARA,12,KAB. TOBA SAMOSIR,12.12,Silaen,12.12.03,Panindi,12.12.03.2029
SUMATERA UTARA,12,KAB. TOBA SAMOSIR,12.12,Silaen,12.12.03,Siringkiron,12.12.03.2030
SUMATERA UTARA,12,KAB. TOBA SAMOSIR,12.12,Silaen,12.12.03,Marbulang,12.12.03.2031
SUMATERA UTARA,12,KAB. TOBA SAMOSIR,12.12,Habinsaran,12.12.04,Lumban Rau Selatan,12.12.04.2002
SUMATERA UTARA,12,KAB. TOBA SAMOSIR,12.12,Habinsaran,12.12.04,Lumban Rau Barat,12.12.04.2004
SUMATERA UTARA,12,KAB. TOBA SAMOSIR,12.12,Habinsaran,12.12.04,Lumban Balik,12.12.04.2006
SUMATERA UTARA,12,KAB. TOBA SAMOSIR,12.12,Habinsaran,12.12.04,Panamparan,12.12.04.2007
SUMATERA UTARA,12,KAB. TOBA SAMOSIR,12.12,Habinsaran,12.12.04,Lumban Pinasa,12.12.04.2008
SUMATERA UTARA,12,KAB. TOBA SAMOSIR,12.12,Habinsaran,12.12.04,Parsoburan Tengah,12.12.04.1009
SUMATERA UTARA,12,KAB. TOBA SAMOSIR,12.12,Habinsaran,12.12.04,Parsoburan Barat,12.12.04.2010
SUMATERA UTARA,12,KAB. TOBA SAMOSIR,12.12,Habinsaran,12.12.04,Lumban Ruhap,12.12.04.2011
SUMATERA UTARA,12,KAB. TOBA SAMOSIR,12.12,Habinsaran,12.12.04,Lumban Pea,12.12.04.2012
SUMATERA UTARA,12,KAB. TOBA SAMOSIR,12.12,Habinsaran,12.12.04,Hitetano,12.12.04.2014
SUMATERA UTARA,12,KAB. TOBA SAMOSIR,12.12,Habinsaran,12.12.04,Lobu Hole,12.12.04.2017
SUMATERA UTARA,12,KAB. TOBA SAMOSIR,12.12,Habinsaran,12.12.04,Batu Nabolon,12.12.04.2018
SUMATERA UTARA,12,KAB. TOBA SAMOSIR,12.12,Habinsaran,12.12.04,Lumban Gaol,12.12.04.2019
SUMATERA UTARA,12,KAB. TOBA SAMOSIR,12.12,Habinsaran,12.12.04,Tornagodang,12.12.04.2020
SUMATERA UTARA,12,KAB. TOBA SAMOSIR,12.12,Habinsaran,12.12.04,Taon Marisi,12.12.04.2021
SUMATERA UTARA,12,KAB. TOBA SAMOSIR,12.12,Habinsaran,12.12.04,Pagar Batu,12.12.04.2022
SUMATERA UTARA,12,KAB. TOBA SAMOSIR,12.12,Habinsaran,12.12.04,Sibuntuon,12.12.04.2023
SUMATERA UTARA,12,KAB. TOBA SAMOSIR,12.12,Habinsaran,12.12.04,Pararungan,12.12.04.2024
SUMATERA UTARA,12,KAB. TOBA SAMOSIR,12.12,Habinsaran,12.12.04,Lumban Lintong,12.12.04.2025
SUMATERA UTARA,12,KAB. TOBA SAMOSIR,12.12,Habinsaran,12.12.04,Pangunjungan,12.12.04.2026
SUMATERA UTARA,12,KAB. TOBA SAMOSIR,12.12,Habinsaran,12.12.04,Lumban Pinasa Saroba,12.12.04.2027
SUMATERA UTARA,12,KAB. TOBA SAMOSIR,12.12,Habinsaran,12.12.04,Aek Ulok,12.12.04.2028
SUMATERA UTARA,12,KAB. TOBA SAMOSIR,12.12,Pintu Pohan Meranti,12.12.05,Meranti Utara,12.12.05.2001
SUMATERA UTARA,12,KAB. TOBA SAMOSIR,12.12,Pintu Pohan Meranti,12.12.05,Meranti Timur,12.12.05.2002
SUMATERA UTARA,12,KAB. TOBA SAMOSIR,12.12,Pintu Pohan Meranti,12.12.05,Meranti Tengah,12.12.05.2003
SUMATERA UTARA,12,KAB. TOBA SAMOSIR,12.12,Pintu Pohan Meranti,12.12.05,Pintu Pohan,12.12.05.2007
SUMATERA UTARA,12,KAB. TOBA SAMOSIR,12.12,Pintu Pohan Meranti,12.12.05,Ambar Halim,12.12.05.2008
SUMATERA UTARA,12,KAB. TOBA SAMOSIR,12.12,Pintu Pohan Meranti,12.12.05,Pintu Pohan Dolok,12.12.05.2009
SUMATERA UTARA,12,KAB. TOBA SAMOSIR,12.12,Pintu Pohan Meranti,12.12.05,Halado,12.12.05.2010
SUMATERA UTARA,12,KAB. TOBA SAMOSIR,12.12,Borbor,12.12.06,Natumingka,12.12.06.2001
SUMATERA UTARA,12,KAB. TOBA SAMOSIR,12.12,Borbor,12.12.06,Pangururan,12.12.06.2002
SUMATERA UTARA,12,KAB. TOBA SAMOSIR,12.12,Borbor,12.12.06,Pardomuan Nauli,12.12.06.2003
SUMATERA UTARA,12,KAB. TOBA SAMOSIR,12.12,Borbor,12.12.06,Lintong,12.12.06.2004
SUMATERA UTARA,12,KAB. TOBA SAMOSIR,12.12,Borbor,12.12.06,Rianiate,12.12.06.2005
SUMATERA UTARA,12,KAB. TOBA SAMOSIR,12.12,Borbor,12.12.06,Aek Unsim,12.12.06.2006
SUMATERA UTARA,12,KAB. TOBA SAMOSIR,12.12,Borbor,12.12.06,Purba Tua,12.12.06.2007
SUMATERA UTARA,12,KAB. TOBA SAMOSIR,12.12,Borbor,12.12.06,Janji Maria,12.12.06.2008
SUMATERA UTARA,12,KAB. TOBA SAMOSIR,12.12,Borbor,12.12.06,Pangururan II,12.12.06.2009
SUMATERA UTARA,12,KAB. TOBA SAMOSIR,12.12,Borbor,12.12.06,Pangururan III,12.12.06.2010
SUMATERA UTARA,12,KAB. TOBA SAMOSIR,12.12,Borbor,12.12.06,Hutagurgur,12.12.06.2011
SUMATERA UTARA,12,KAB. TOBA SAMOSIR,12.12,Borbor,12.12.06,Simare,12.12.06.2012
SUMATERA UTARA,12,KAB. TOBA SAMOSIR,12.12,Borbor,12.12.06,Lumban Sewa,12.12.06.2013
SUMATERA UTARA,12,KAB. TOBA SAMOSIR,12.12,Borbor,12.12.06,Riganjang,12.12.06.2014
SUMATERA UTARA,12,KAB. TOBA SAMOSIR,12.12,Borbor,12.12.06,Pasar Borbor,12.12.06.2015
SUMATERA UTARA,12,KAB. TOBA SAMOSIR,12.12,Porsea,12.12.07,Patane IV,12.12.07.2001
SUMATERA UTARA,12,KAB. TOBA SAMOSIR,12.12,Porsea,12.12.07,Lumban Gurning,12.12.07.2003
SUMATERA UTARA,12,KAB. TOBA SAMOSIR,12.12,Porsea,12.12.07,Amborgang,12.12.07.2004
SUMATERA UTARA,12,KAB. TOBA SAMOSIR,12.12,Porsea,12.12.07,Nalela,12.12.07.2005
SUMATERA UTARA,12,KAB. TOBA SAMOSIR,12.12,Porsea,12.12.07,Patane II,12.12.07.2007
SUMATERA UTARA,12,KAB. TOBA SAMOSIR,12.12,Porsea,12.12.07,Gala Gala Pangkailan,12.12.07.2022
SUMATERA UTARA,12,KAB. TOBA SAMOSIR,12.12,Porsea,12.12.07,Silamosik I,12.12.07.2023
SUMATERA UTARA,12,KAB. TOBA SAMOSIR,12.12,Porsea,12.12.07,Parparean IV,12.12.07.2030
SUMATERA UTARA,12,KAB. TOBA SAMOSIR,12.12,Porsea,12.12.07,Parparean I,12.12.07.2031
SUMATERA UTARA,12,KAB. TOBA SAMOSIR,12.12,Porsea,12.12.07,Parparean II,12.12.07.2033
SUMATERA UTARA,12,KAB. TOBA SAMOSIR,12.12,Porsea,12.12.07,Patane I,12.12.07.2036
SUMATERA UTARA,12,KAB. TOBA SAMOSIR,12.12,Porsea,12.12.07,Pasar Porsea,12.12.07.1037
SUMATERA UTARA,12,KAB. TOBA SAMOSIR,12.12,Porsea,12.12.07,Patane III,12.12.07.1038
SUMATERA UTARA,12,KAB. TOBA SAMOSIR,12.12,Porsea,12.12.07,Parparean III,12.12.07.1039
SUMATERA UTARA,12,KAB. TOBA SAMOSIR,12.12,Porsea,12.12.07,Patane V,12.12.07.2040
SUMATERA UTARA,12,KAB. TOBA SAMOSIR,12.12,Porsea,12.12.07,Simpang Sigura-Gura,12.12.07.2041
SUMATERA UTARA,12,KAB. TOBA SAMOSIR,12.12,Porsea,12.12.07,Raut Bosi,12.12.07.2042
SUMATERA UTARA,12,KAB. TOBA SAMOSIR,12.12,Ajibata,12.12.08,Sigapiton,12.12.08.2001
SUMATERA UTARA,12,KAB. TOBA SAMOSIR,12.12,Ajibata,12.12.08,Pardomuan Ajibata,12.12.08.2002
SUMATERA UTARA,12,KAB. TOBA SAMOSIR,12.12,Ajibata,12.12.08,Pardamean Ajibata,12.12.08.2003
SUMATERA UTARA,12,KAB. TOBA SAMOSIR,12.12,Ajibata,12.12.08,Motung,12.12.08.2004
SUMATERA UTARA,12,KAB. TOBA SAMOSIR,12.12,Ajibata,12.12.08,Horsik,12.12.08.2005
SUMATERA UTARA,12,KAB. TOBA SAMOSIR,12.12,Ajibata,12.12.08,Sirungkungon,12.12.08.2006
SUMATERA UTARA,12,KAB. TOBA SAMOSIR,12.12,Ajibata,12.12.08,Parsaoran Sibisa,12.12.08.2007
SUMATERA UTARA,12,KAB. TOBA SAMOSIR,12.12,Ajibata,12.12.08,Pardamean Sibisa,12.12.08.2008
SUMATERA UTARA,12,KAB. TOBA SAMOSIR,12.12,Ajibata,12.12.08,Parsaoran Ajibata,12.12.08.1009
SUMATERA UTARA,12,KAB. TOBA SAMOSIR,12.12,Ajibata,12.12.08,Pardomuan Motung,12.12.08.2010
SUMATERA UTARA,12,KAB. TOBA SAMOSIR,12.12,Lumban Julu,12.12.09,Lintong Julu,12.12.09.2002
SUMATERA UTARA,12,KAB. TOBA SAMOSIR,12.12,Lumban Julu,12.12.09,Hatinggian,12.12.09.2003
SUMATERA UTARA,12,KAB. TOBA SAMOSIR,12.12,Lumban Julu,12.12.09,Sibaruang,12.12.09.2004
SUMATERA UTARA,12,KAB. TOBA SAMOSIR,12.12,Lumban Julu,12.12.09,Jangga Toruan,12.12.09.2005
SUMATERA UTARA,12,KAB. TOBA SAMOSIR,12.12,Lumban Julu,12.12.09,Sionggang Selatan,12.12.09.2006
SUMATERA UTARA,12,KAB. TOBA SAMOSIR,12.12,Lumban Julu,12.12.09,Pasar Lumban Julu,12.12.09.2007
SUMATERA UTARA,12,KAB. TOBA SAMOSIR,12.12,Lumban Julu,12.12.09,Sionggang Utara,12.12.09.2008
SUMATERA UTARA,12,KAB. TOBA SAMOSIR,12.12,Lumban Julu,12.12.09,Sionggang Tengah,12.12.09.2014
SUMATERA UTARA,12,KAB. TOBA SAMOSIR,12.12,Lumban Julu,12.12.09,Jangga Dolok,12.12.09.2015
SUMATERA UTARA,12,KAB. TOBA SAMOSIR,12.12,Lumban Julu,12.12.09,Hutanamora,12.12.09.2016
SUMATERA UTARA,12,KAB. TOBA SAMOSIR,12.12,Lumban Julu,12.12.09,Jonggi Nihuta,12.12.09.2017
SUMATERA UTARA,12,KAB. TOBA SAMOSIR,12.12,Lumban Julu,12.12.09,Aek Natolu Jaya,12.12.09.2018
SUMATERA UTARA,12,KAB. TOBA SAMOSIR,12.12,Uluan,12.12.10,Dolok Saribu Janji Matogu,12.12.10.2001
SUMATERA UTARA,12,KAB. TOBA SAMOSIR,12.12,Uluan,12.12.10,Dolok Nagodang,12.12.10.2002
SUMATERA UTARA,12,KAB. TOBA SAMOSIR,12.12,Uluan,12.12.10,Lumban Binanga,12.12.10.2003
SUMATERA UTARA,12,KAB. TOBA SAMOSIR,12.12,Uluan,12.12.10,Partor Janji Matogu,12.12.10.2004
SUMATERA UTARA,12,KAB. TOBA SAMOSIR,12.12,Uluan,12.12.10,Parhabinsaran Janji Matogu,12.12.10.2005
SUMATERA UTARA,12,KAB. TOBA SAMOSIR,12.12,Uluan,12.12.10,Parik,12.12.10.2006
SUMATERA UTARA,12,KAB. TOBA SAMOSIR,12.12,Uluan,12.12.10,Sibuntuon,12.12.10.2007
SUMATERA UTARA,12,KAB. TOBA SAMOSIR,12.12,Uluan,12.12.10,Sigaol Barat,12.12.10.2008
SUMATERA UTARA,12,KAB. TOBA SAMOSIR,12.12,Uluan,12.12.10,Marom,12.12.10.2009
SUMATERA UTARA,12,KAB. TOBA SAMOSIR,12.12,Uluan,12.12.10,Sigaol Timur,12.12.10.2010
SUMATERA UTARA,12,KAB. TOBA SAMOSIR,12.12,Uluan,12.12.10,Siregar Aek Nalas,12.12.10.2012
SUMATERA UTARA,12,KAB. TOBA SAMOSIR,12.12,Uluan,12.12.10,Lumban Holbung,12.12.10.2014
SUMATERA UTARA,12,KAB. TOBA SAMOSIR,12.12,Uluan,12.12.10,Parbagasan Janji Matogu,12.12.10.2015
SUMATERA UTARA,12,KAB. TOBA SAMOSIR,12.12,Uluan,12.12.10,Partoruan Janji Matogu,12.12.10.2016
SUMATERA UTARA,12,KAB. TOBA SAMOSIR,12.12,Uluan,12.12.10,Lumban Nabolon,12.12.10.2017
SUMATERA UTARA,12,KAB. TOBA SAMOSIR,12.12,Uluan,12.12.10,Sampuara,12.12.10.2018
SUMATERA UTARA,12,KAB. TOBA SAMOSIR,12.12,Uluan,12.12.10,Dolok Saribu Lumban Nabolon,12.12.10.2019
SUMATERA UTARA,12,KAB. TOBA SAMOSIR,12.12,Sigumpar,12.12.19,Marsangap,12.12.19.2001
SUMATERA UTARA,12,KAB. TOBA SAMOSIR,12.12,Sigumpar,12.12.19,Nauli,12.12.19.2002
SUMATERA UTARA,12,KAB. TOBA SAMOSIR,12.12,Sigumpar,12.12.19,Situa-tua,12.12.19.2003
SUMATERA UTARA,12,KAB. TOBA SAMOSIR,12.12,Sigumpar,12.12.19,Sigumpar,12.12.19.2004
SUMATERA UTARA,12,KAB. TOBA SAMOSIR,12.12,Sigumpar,12.12.19,Maju,12.12.19.2005
SUMATERA UTARA,12,KAB. TOBA SAMOSIR,12.12,Sigumpar,12.12.19,Dolok Jior,12.12.19.2006
SUMATERA UTARA,12,KAB. TOBA SAMOSIR,12.12,Sigumpar,12.12.19,Sigumpar Dangsina,12.12.19.1007
SUMATERA UTARA,12,KAB. TOBA SAMOSIR,12.12,Sigumpar,12.12.19,Sigumpar Julu,12.12.19.2008
SUMATERA UTARA,12,KAB. TOBA SAMOSIR,12.12,Sigumpar,12.12.19,Sigumpar Barat,12.12.19.2009
SUMATERA UTARA,12,KAB. TOBA SAMOSIR,12.12,Sigumpar,12.12.19,Banua Huta,12.12.19.2010
SUMATERA UTARA,12,KAB. TOBA SAMOSIR,12.12,Siantar Narumonda,12.12.20,Narumonda I,12.12.20.2001
SUMATERA UTARA,12,KAB. TOBA SAMOSIR,12.12,Siantar Narumonda,12.12.20,Narumonda II,12.12.20.2002
SUMATERA UTARA,12,KAB. TOBA SAMOSIR,12.12,Siantar Narumonda,12.12.20,Narumonda III,12.12.20.2003
SUMATERA UTARA,12,KAB. TOBA SAMOSIR,12.12,Siantar Narumonda,12.12.20,Narumonda IV,12.12.20.2004
SUMATERA UTARA,12,KAB. TOBA SAMOSIR,12.12,Siantar Narumonda,12.12.20,Narumonda V,12.12.20.2005
SUMATERA UTARA,12,KAB. TOBA SAMOSIR,12.12,Siantar Narumonda,12.12.20,Narumonda VI,12.12.20.2006
SUMATERA UTARA,12,KAB. TOBA SAMOSIR,12.12,Siantar Narumonda,12.12.20,Narumonda VII,12.12.20.2007
SUMATERA UTARA,12,KAB. TOBA SAMOSIR,12.12,Siantar Narumonda,12.12.20,Narumonda VIII,12.12.20.2008
SUMATERA UTARA,12,KAB. TOBA SAMOSIR,12.12,Siantar Narumonda,12.12.20,Siantar Sitio Tio,12.12.20.2009
SUMATERA UTARA,12,KAB. TOBA SAMOSIR,12.12,Siantar Narumonda,12.12.20,Siantar Dangsina,12.12.20.2010
SUMATERA UTARA,12,KAB. TOBA SAMOSIR,12.12,Siantar Narumonda,12.12.20,Siantar Tonga-tonga I,12.12.20.2011
SUMATERA UTARA,12,KAB. TOBA SAMOSIR,12.12,Siantar Narumonda,12.12.20,Siantar Tonga-Tonga II,12.12.20.2012
SUMATERA UTARA,12,KAB. TOBA SAMOSIR,12.12,Siantar Narumonda,12.12.20,Siantar Sigordang,12.12.20.2013
SUMATERA UTARA,12,KAB. TOBA SAMOSIR,12.12,Siantar Narumonda,12.12.20,Siantar Tonga-Tonga III,12.12.20.2014
SUMATERA UTARA,12,KAB. TOBA SAMOSIR,12.12,Nassau,12.12.21,Lumban Rau Tengah,12.12.21.2001
SUMATERA UTARA,12,KAB. TOBA SAMOSIR,12.12,Nassau,12.12.21,Lumban Rau Timur,12.12.21.2002
SUMATERA UTARA,12,KAB. TOBA SAMOSIR,12.12,Nassau,12.12.21,Lumban Rau Utara,12.12.21.2003
SUMATERA UTARA,12,KAB. TOBA SAMOSIR,12.12,Nassau,12.12.21,Sipagabu,12.12.21.2004
SUMATERA UTARA,12,KAB. TOBA SAMOSIR,12.12,Nassau,12.12.21,Napajoring,12.12.21.2005
SUMATERA UTARA,12,KAB. TOBA SAMOSIR,12.12,Nassau,12.12.21,Liat Tondung,12.12.21.2006
SUMATERA UTARA,12,KAB. TOBA SAMOSIR,12.12,Nassau,12.12.21,Batu Manumpak,12.12.21.2007
SUMATERA UTARA,12,KAB. TOBA SAMOSIR,12.12,Nassau,12.12.21,Lumban Rau Tenggara,12.12.21.2008
SUMATERA UTARA,12,KAB. TOBA SAMOSIR,12.12,Nassau,12.12.21,Cinta Damai,12.12.21.2009
SUMATERA UTARA,12,KAB. TOBA SAMOSIR,12.12,Nassau,12.12.21,Siantarasa,12.12.21.2010
SUMATERA UTARA,12,KAB. TOBA SAMOSIR,12.12,Tampahan,12.12.22,Lintong Nihuta,12.12.22.2001
SUMATERA UTARA,12,KAB. TOBA SAMOSIR,12.12,Tampahan,12.12.22,Tarabunga,12.12.22.2002
SUMATERA UTARA,12,KAB. TOBA SAMOSIR,12.12,Tampahan,12.12.22,Meat,12.12.22.2003
SUMATERA UTARA,12,KAB. TOBA SAMOSIR,12.12,Tampahan,12.12.22,Gurgur Aek Raja,12.12.22.2004
SUMATERA UTARA,12,KAB. TOBA SAMOSIR,12.12,Tampahan,12.12.22,Tangga Batu Barat,12.12.22.2005
SUMATERA UTARA,12,KAB. TOBA SAMOSIR,12.12,Tampahan,12.12.22,Tangga Batu Timur,12.12.22.2006
SUMATERA UTARA,12,KAB. TOBA SAMOSIR,12.12,Bonatua Lunasi,12.12.23,Sihiong,12.12.23.2001
SUMATERA UTARA,12,KAB. TOBA SAMOSIR,12.12,Bonatua Lunasi,12.12.23,Sinar Sabungan,12.12.23.2002
SUMATERA UTARA,12,KAB. TOBA SAMOSIR,12.12,Bonatua Lunasi,12.12.23,Lumban Lobu,12.12.23.2003
SUMATERA UTARA,12,KAB. TOBA SAMOSIR,12.12,Bonatua Lunasi,12.12.23,Harungguan,12.12.23.2004
SUMATERA UTARA,12,KAB. TOBA SAMOSIR,12.12,Bonatua Lunasi,12.12.23,Naga Timbul,12.12.23.2005
SUMATERA UTARA,12,KAB. TOBA SAMOSIR,12.12,Bonatua Lunasi,12.12.23,Sibadihon,12.12.23.2006
SUMATERA UTARA,12,KAB. TOBA SAMOSIR,12.12,Bonatua Lunasi,12.12.23,Silamosik II,12.12.23.2007
SUMATERA UTARA,12,KAB. TOBA SAMOSIR,12.12,Bonatua Lunasi,12.12.23,Partoruan Lumban Lobu,12.12.23.2011
SUMATERA UTARA,12,KAB. TOBA SAMOSIR,12.12,Bonatua Lunasi,12.12.23,Pardolok Lumban Lobu,12.12.23.2012
SUMATERA UTARA,12,KAB. TOBA SAMOSIR,12.12,Bonatua Lunasi,12.12.23,Silombu,12.12.23.2013
SUMATERA UTARA,12,KAB. TOBA SAMOSIR,12.12,Bonatua Lunasi,12.12.23,Lumban Sangkalan,12.12.23.2014
SUMATERA UTARA,12,KAB. TOBA SAMOSIR,12.12,Bonatua Lunasi,12.12.23,Nagatimbul Timur,12.12.23.2015
SUMATERA UTARA,12,KAB. TOBA SAMOSIR,12.12,Parmaksian,12.12.24,Siantar Utara,12.12.24.2001
SUMATERA UTARA,12,KAB. TOBA SAMOSIR,12.12,Parmaksian,12.12.24,Lumban Sitorus,12.12.24.2002
SUMATERA UTARA,12,KAB. TOBA SAMOSIR,12.12,Parmaksian,12.12.24,Banjar Ganjang,12.12.24.2003
SUMATERA UTARA,12,KAB. TOBA SAMOSIR,12.12,Parmaksian,12.12.24,Tangga Batu I,12.12.24.2004
SUMATERA UTARA,12,KAB. TOBA SAMOSIR,12.12,Parmaksian,12.12.24,Tangga Batu II,12.12.24.2005
SUMATERA UTARA,12,KAB. TOBA SAMOSIR,12.12,Parmaksian,12.12.24,Pangombusan,12.12.24.2006
SUMATERA UTARA,12,KAB. TOBA SAMOSIR,12.12,Parmaksian,12.12.24,Jonggi Manulus,12.12.24.2007
SUMATERA UTARA,12,KAB. TOBA SAMOSIR,12.12,Parmaksian,12.12.24,Lumban Huala,12.12.24.2008
SUMATERA UTARA,12,KAB. TOBA SAMOSIR,12.12,Parmaksian,12.12.24,Dolok Nauli,12.12.24.2009
SUMATERA UTARA,12,KAB. TOBA SAMOSIR,12.12,Parmaksian,12.12.24,Bius Gu Barat,12.12.24.2010
SUMATERA UTARA,12,KAB. TOBA SAMOSIR,12.12,Parmaksian,12.12.24,Lumban Manurung,12.12.24.2011
SUMATERA UTARA,12,KAB. MANDAILING NATAL,12.13,Panyabungan,12.13.01,Adian Jior,12.13.01.2001
SUMATERA UTARA,12,KAB. MANDAILING NATAL,12.13,Panyabungan,12.13.01,Aek Banir,12.13.01.2002
SUMATERA UTARA,12,KAB. MANDAILING NATAL,12.13,Panyabungan,12.13.01,Aek Mata,12.13.01.2003
SUMATERA UTARA,12,KAB. MANDAILING NATAL,12.13,Panyabungan,12.13.01,Darussalam,12.13.01.2004
SUMATERA UTARA,12,KAB. MANDAILING NATAL,12.13,Panyabungan,12.13.01,Gunung Barani,12.13.01.2005
SUMATERA UTARA,12,KAB. MANDAILING NATAL,12.13,Panyabungan,12.13.01,Gunung Manaon,12.13.01.2006
SUMATERA UTARA,12,KAB. MANDAILING NATAL,12.13,Panyabungan,12.13.01,Gunung Tua Jae,12.13.01.2007
SUMATERA UTARA,12,KAB. MANDAILING NATAL,12.13,Panyabungan,12.13.01,Gunung Tua Julu,12.13.01.2008
SUMATERA UTARA,12,KAB. MANDAILING NATAL,12.13,Panyabungan,12.13.01,Gunung Tua Tonga,12.13.01.2009
SUMATERA UTARA,12,KAB. MANDAILING NATAL,12.13,Panyabungan,12.13.01,Huta Lombang Lubis,12.13.01.2010
SUMATERA UTARA,12,KAB. MANDAILING NATAL,12.13,Panyabungan,12.13.01,Kota Siantar,12.13.01.1011
SUMATERA UTARA,12,KAB. MANDAILING NATAL,12.13,Panyabungan,12.13.01,Ipar Bondar,12.13.01.2012
SUMATERA UTARA,12,KAB. MANDAILING NATAL,12.13,Panyabungan,12.13.01,Kampung Padang,12.13.01.2013
SUMATERA UTARA,12,KAB. MANDAILING NATAL,12.13,Panyabungan,12.13.01,Kayu Jati,12.13.01.1014
SUMATERA UTARA,12,KAB. MANDAILING NATAL,12.13,Panyabungan,12.13.01,Lumban Pasir,12.13.01.2015
SUMATERA UTARA,12,KAB. MANDAILING NATAL,12.13,Panyabungan,12.13.01,Manyabar,12.13.01.2016
SUMATERA UTARA,12,KAB. MANDAILING NATAL,12.13,Panyabungan,12.13.01,Pagaran Tonga,12.13.01.2017
SUMATERA UTARA,12,KAB. MANDAILING NATAL,12.13,Panyabungan,12.13.01,Panyabungan Jae,12.13.01.2018
SUMATERA UTARA,12,KAB. MANDAILING NATAL,12.13,Panyabungan,12.13.01,Panyabungan Julu,12.13.01.2019
SUMATERA UTARA,12,KAB. MANDAILING NATAL,12.13,Panyabungan,12.13.01,Panyabungan Tonga,12.13.01.2020
SUMATERA UTARA,12,KAB. MANDAILING NATAL,12.13,Panyabungan,12.13.01,Perbangunan,12.13.01.2021
SUMATERA UTARA,12,KAB. MANDAILING NATAL,12.13,Panyabungan,12.13.01,Pasar Hilir,12.13.01.1022
SUMATERA UTARA,12,KAB. MANDAILING NATAL,12.13,Panyabungan,12.13.01,Pidoli Dolok,12.13.01.1023
SUMATERA UTARA,12,KAB. MANDAILING NATAL,12.13,Panyabungan,12.13.01,Pidoli Lombang,12.13.01.2024
SUMATERA UTARA,12,KAB. MANDAILING NATAL,12.13,Panyabungan,12.13.01,Salam Bue,12.13.01.2025
SUMATERA UTARA,12,KAB. MANDAILING NATAL,12.13,Panyabungan,12.13.01,Sarak Matua,12.13.01.2026
SUMATERA UTARA,12,KAB. MANDAILING NATAL,12.13,Panyabungan,12.13.01,Sigalapang Julu,12.13.01.2027
SUMATERA UTARA,12,KAB. MANDAILING NATAL,12.13,Panyabungan,12.13.01,Siobon Julu,12.13.01.2028
SUMATERA UTARA,12,KAB. MANDAILING NATAL,12.13,Panyabungan,12.13.01,Sipapaga,12.13.01.2029
SUMATERA UTARA,12,KAB. MANDAILING NATAL,12.13,Panyabungan,12.13.01,Sopobatu,12.13.01.2030
SUMATERA UTARA,12,KAB. MANDAILING NATAL,12.13,Panyabungan,12.13.01,Panyabungan II,12.13.01.1031
SUMATERA UTARA,12,KAB. MANDAILING NATAL,12.13,Panyabungan,12.13.01,Panyabungan III,12.13.01.1032
SUMATERA UTARA,12,KAB. MANDAILING NATAL,12.13,Panyabungan,12.13.01,Panyabungan I,12.13.01.1033
SUMATERA UTARA,12,KAB. MANDAILING NATAL,12.13,Panyabungan,12.13.01,Sipolu-Polu,12.13.01.1035
SUMATERA UTARA,12,KAB. MANDAILING NATAL,12.13,Panyabungan,12.13.01,Dalan Lidang,12.13.01.1036
SUMATERA UTARA,12,KAB. MANDAILING NATAL,12.13,Panyabungan,12.13.01,Siobon Jae,12.13.01.2037
SUMATERA UTARA,12,KAB. MANDAILING NATAL,12.13,Panyabungan,12.13.01,Panggorengan,12.13.01.2038
SUMATERA UTARA,12,KAB. MANDAILING NATAL,12.13,Panyabungan,12.13.01,Saba Jambu,12.13.01.2039
SUMATERA UTARA,12,KAB. MANDAILING NATAL,12.13,Panyabungan,12.13.01,Manyabar Jae,12.13.01.2040
SUMATERA UTARA,12,KAB. MANDAILING NATAL,12.13,Panyabungan Utara,12.13.02,Beringin Jaya,12.13.02.2002
SUMATERA UTARA,12,KAB. MANDAILING NATAL,12.13,Panyabungan Utara,12.13.02,Huta damai,12.13.02.2007
SUMATERA UTARA,12,KAB. MANDAILING NATAL,12.13,Panyabungan Utara,12.13.02,Jambur Padang Matinggi,12.13.02.2008
SUMATERA UTARA,12,KAB. MANDAILING NATAL,12.13,Panyabungan Utara,12.13.02,Kampung Baru,12.13.02.2009
SUMATERA UTARA,12,KAB. MANDAILING NATAL,12.13,Panyabungan Utara,12.13.02,Mompang Julu,12.13.02.2010
SUMATERA UTARA,12,KAB. MANDAILING NATAL,12.13,Panyabungan Utara,12.13.02,Mompang Jae,12.13.02.1012
SUMATERA UTARA,12,KAB. MANDAILING NATAL,12.13,Panyabungan Utara,12.13.02,Rumbio,12.13.02.2014
SUMATERA UTARA,12,KAB. MANDAILING NATAL,12.13,Panyabungan Utara,12.13.02,Suka Ramai,12.13.02.2015
SUMATERA UTARA,12,KAB. MANDAILING NATAL,12.13,Panyabungan Utara,12.13.02,Sopo Sorik,12.13.02.2017
SUMATERA UTARA,12,KAB. MANDAILING NATAL,12.13,Panyabungan Utara,12.13.02,Simanondong,12.13.02.2018
SUMATERA UTARA,12,KAB. MANDAILING NATAL,12.13,Panyabungan Utara,12.13.02,Torbanua Raja,12.13.02.2019
SUMATERA UTARA,12,KAB. MANDAILING NATAL,12.13,Panyabungan Utara,12.13.02,Tanjung Mompang,12.13.02.2020
SUMATERA UTARA,12,KAB. MANDAILING NATAL,12.13,Panyabungan Timur,12.13.03,Aek Nabara,12.13.03.2001
SUMATERA UTARA,12,KAB. MANDAILING NATAL,12.13,Panyabungan Timur,12.13.03,Gunung Baringin,12.13.03.1002
SUMATERA UTARA,12,KAB. MANDAILING NATAL,12.13,Panyabungan Timur,12.13.03,Hutaimbaru,12.13.03.2003
SUMATERA UTARA,12,KAB. MANDAILING NATAL,12.13,Panyabungan Timur,12.13.03,Huta Bangun,12.13.03.2004
SUMATERA UTARA,12,KAB. MANDAILING NATAL,12.13,Panyabungan Timur,12.13.03,Huta Tinggi,12.13.03.2005
SUMATERA UTARA,12,KAB. MANDAILING NATAL,12.13,Panyabungan Timur,12.13.03,Pagur,12.13.03.2006
SUMATERA UTARA,12,KAB. MANDAILING NATAL,12.13,Panyabungan Timur,12.13.03,Pardomuan,12.13.03.2007
SUMATERA UTARA,12,KAB. MANDAILING NATAL,12.13,Panyabungan Timur,12.13.03,Parmompang,12.13.03.2008
SUMATERA UTARA,12,KAB. MANDAILING NATAL,12.13,Panyabungan Timur,12.13.03,Ranto Natas,12.13.03.2009
SUMATERA UTARA,12,KAB. MANDAILING NATAL,12.13,Panyabungan Timur,12.13.03,Sirangkap,12.13.03.2010
SUMATERA UTARA,12,KAB. MANDAILING NATAL,12.13,Panyabungan Timur,12.13.03,Tanjung,12.13.03.2011
SUMATERA UTARA,12,KAB. MANDAILING NATAL,12.13,Panyabungan Timur,12.13.03,Tebing Tinggi,12.13.03.2012
SUMATERA UTARA,12,KAB. MANDAILING NATAL,12.13,Panyabungan Timur,12.13.03,Tanjung Julu,12.13.03.2013
SUMATERA UTARA,12,KAB. MANDAILING NATAL,12.13,Panyabungan Timur,12.13.03,Banjar Lancat,12.13.03.2014
SUMATERA UTARA,12,KAB. MANDAILING NATAL,12.13,Panyabungan Timur,12.13.03,Padang Laru,12.13.03.2015
SUMATERA UTARA,12,KAB. MANDAILING NATAL,12.13,Panyabungan Selatan,12.13.04,Aek Ngali,12.13.04.2001
SUMATERA UTARA,12,KAB. MANDAILING NATAL,12.13,Panyabungan Selatan,12.13.04,Hutarimbaru,12.13.04.2002
SUMATERA UTARA,12,KAB. MANDAILING NATAL,12.13,Panyabungan Selatan,12.13.04,Hayuraja,12.13.04.2003
SUMATERA UTARA,12,KAB. MANDAILING NATAL,12.13,Panyabungan Selatan,12.13.04,Huta Julu,12.13.04.2004
SUMATERA UTARA,12,KAB. MANDAILING NATAL,12.13,Panyabungan Selatan,12.13.04,Kayu Laut,12.13.04.2005
SUMATERA UTARA,12,KAB. MANDAILING NATAL,12.13,Panyabungan Selatan,12.13.04,Lumban Dolok,12.13.04.2006
SUMATERA UTARA,12,KAB. MANDAILING NATAL,12.13,Panyabungan Selatan,12.13.04,Roburan Dolok,12.13.04.2007
SUMATERA UTARA,12,KAB. MANDAILING NATAL,12.13,Panyabungan Selatan,12.13.04,Roburan Lombang,12.13.04.2008
SUMATERA UTARA,12,KAB. MANDAILING NATAL,12.13,Panyabungan Selatan,12.13.04,Tano Bato,12.13.04.1009
SUMATERA UTARA,12,KAB. MANDAILING NATAL,12.13,Panyabungan Selatan,12.13.04,Huta Raja,12.13.04.2010
SUMATERA UTARA,12,KAB. MANDAILING NATAL,12.13,Panyabungan Selatan,12.13.04,Pagaran Gala-Gala,12.13.04.2011
SUMATERA UTARA,12,KAB. MANDAILING NATAL,12.13,Panyabungan Barat,12.13.05,Barbaran,12.13.05.2001
SUMATERA UTARA,12,KAB. MANDAILING NATAL,12.13,Panyabungan Barat,12.13.05,Barbaran Jae,12.13.05.2002
SUMATERA UTARA,12,KAB. MANDAILING NATAL,12.13,Panyabungan Barat,12.13.05,Batang Gadis,12.13.05.2003
SUMATERA UTARA,12,KAB. MANDAILING NATAL,12.13,Panyabungan Barat,12.13.05,Huta Baringin,12.13.05.2004
SUMATERA UTARA,12,KAB. MANDAILING NATAL,12.13,Panyabungan Barat,12.13.05,Huta Tonga BB,12.13.05.2005
SUMATERA UTARA,12,KAB. MANDAILING NATAL,12.13,Panyabungan Barat,12.13.05,Longat,12.13.05.1006
SUMATERA UTARA,12,KAB. MANDAILING NATAL,12.13,Panyabungan Barat,12.13.05,Runding,12.13.05.2007
SUMATERA UTARA,12,KAB. MANDAILING NATAL,12.13,Panyabungan Barat,12.13.05,Sirambas,12.13.05.2008
SUMATERA UTARA,12,KAB. MANDAILING NATAL,12.13,Panyabungan Barat,12.13.05,Saba Jior,12.13.05.2009
SUMATERA UTARA,12,KAB. MANDAILING NATAL,12.13,Panyabungan Barat,12.13.05,Batang Gadis Jae,12.13.05.2010
SUMATERA UTARA,12,KAB. MANDAILING NATAL,12.13,Siabu,12.13.06,Aek Mual,12.13.06.2001
SUMATERA UTARA,12,KAB. MANDAILING NATAL,12.13,Siabu,12.13.06,Bonan Dolok,12.13.06.2002
SUMATERA UTARA,12,KAB. MANDAILING NATAL,12.13,Siabu,12.13.06,Huta Raja,12.13.06.2003
SUMATERA UTARA,12,KAB. MANDAILING NATAL,12.13,Siabu,12.13.06,Huta Puli,12.13.06.2004
SUMATERA UTARA,12,KAB. MANDAILING NATAL,12.13,Siabu,12.13.06,Huta Baringin,12.13.06.2005
SUMATERA UTARA,12,KAB. MANDAILING NATAL,12.13,Siabu,12.13.06,Huta Godang Muda,12.13.06.2006
SUMATERA UTARA,12,KAB. MANDAILING NATAL,12.13,Siabu,12.13.06,Huraba I,12.13.06.2007
SUMATERA UTARA,12,KAB. MANDAILING NATAL,12.13,Siabu,12.13.06,Huraba II,12.13.06.2008
SUMATERA UTARA,12,KAB. MANDAILING NATAL,12.13,Siabu,12.13.06,Lumban Pinasa,12.13.06.2009
SUMATERA UTARA,12,KAB. MANDAILING NATAL,12.13,Siabu,12.13.06,Lumban Dolok,12.13.06.2010
SUMATERA UTARA,12,KAB. MANDAILING NATAL,12.13,Siabu,12.13.06,Muara Btg. Angkola,12.13.06.2011
SUMATERA UTARA,12,KAB. MANDAILING NATAL,12.13,Siabu,12.13.06,Pintu Padang Jae,12.13.06.2012
SUMATERA UTARA,12,KAB. MANDAILING NATAL,12.13,Siabu,12.13.06,Pintu Padang Julu,12.13.06.2013
SUMATERA UTARA,12,KAB. MANDAILING NATAL,12.13,Siabu,12.13.06,Siabu,12.13.06.1014
SUMATERA UTARA,12,KAB. MANDAILING NATAL,12.13,Siabu,12.13.06,Sibaruang,12.13.06.2015
SUMATERA UTARA,12,KAB. MANDAILING NATAL,12.13,Siabu,12.13.06,Sihepeng,12.13.06.2016
SUMATERA UTARA,12,KAB. MANDAILING NATAL,12.13,Siabu,12.13.06,Simaninggir,12.13.06.2017
SUMATERA UTARA,12,KAB. MANDAILING NATAL,12.13,Siabu,12.13.06,Sinonoan,12.13.06.2018
SUMATERA UTARA,12,KAB. MANDAILING NATAL,12.13,Siabu,12.13.06,Tangga Bosi II,12.13.06.2019
SUMATERA UTARA,12,KAB. MANDAILING NATAL,12.13,Siabu,12.13.06,Tanjung Sialang,12.13.06.2020
SUMATERA UTARA,12,KAB. MANDAILING NATAL,12.13,Siabu,12.13.06,Tangga Bosi I,12.13.06.2021
SUMATERA UTARA,12,KAB. MANDAILING NATAL,12.13,Siabu,12.13.06,Tangga Bosi III,12.13.06.2022
SUMATERA UTARA,12,KAB. MANDAILING NATAL,12.13,Siabu,12.13.06,Simangambat,12.13.06.1023
SUMATERA UTARA,12,KAB. MANDAILING NATAL,12.13,Siabu,12.13.06,Sihepeng Sada,12.13.06.2024
SUMATERA UTARA,12,KAB. MANDAILING NATAL,12.13,Siabu,12.13.06,Sihepeng Dua,12.13.06.2025
SUMATERA UTARA,12,KAB. MANDAILING NATAL,12.13,Siabu,12.13.06,Sihepeng Tolu,12.13.06.2026
SUMATERA UTARA,12,KAB. MANDAILING NATAL,12.13,Siabu,12.13.06,Sihepeng Opat,12.13.06.2027
SUMATERA UTARA,12,KAB. MANDAILING NATAL,12.13,Siabu,12.13.06,Sihepeng Lima,12.13.06.2028
SUMATERA UTARA,12,KAB. MANDAILING NATAL,12.13,Bukit Malintang,12.13.07,Bange,12.13.07.2001
SUMATERA UTARA,12,KAB. MANDAILING NATAL,12.13,Bukit Malintang,12.13.07,Huta Bangun,12.13.07.2003
SUMATERA UTARA,12,KAB. MANDAILING NATAL,12.13,Bukit Malintang,12.13.07,Janji Matogu,12.13.07.2005
SUMATERA UTARA,12,KAB. MANDAILING NATAL,12.13,Bukit Malintang,12.13.07,Malintang Jae,12.13.07.2006
SUMATERA UTARA,12,KAB. MANDAILING NATAL,12.13,Bukit Malintang,12.13.07,Malintang Julu,12.13.07.2007
SUMATERA UTARA,12,KAB. MANDAILING NATAL,12.13,Bukit Malintang,12.13.07,Pasar Baru Malintang,12.13.07.2008
SUMATERA UTARA,12,KAB. MANDAILING NATAL,12.13,Bukit Malintang,12.13.07,Sidojadi,12.13.07.2010
SUMATERA UTARA,12,KAB. MANDAILING NATAL,12.13,Bukit Malintang,12.13.07,Lambou Darul Ihsan,12.13.07.2013
SUMATERA UTARA,12,KAB. MANDAILING NATAL,12.13,Bukit Malintang,12.13.07,Huta Bangun Jae,12.13.07.2014
SUMATERA UTARA,12,KAB. MANDAILING NATAL,12.13,Bukit Malintang,12.13.07,Bange Nauli,12.13.07.2015
SUMATERA UTARA,12,KAB. MANDAILING NATAL,12.13,Bukit Malintang,12.13.07,Malintang,12.13.07.2016
SUMATERA UTARA,12,KAB. MANDAILING NATAL,12.13,Kotanopan,12.13.08,Batahan,12.13.08.2001
SUMATERA UTARA,12,KAB. MANDAILING NATAL,12.13,Kotanopan,12.13.08,Botung,12.13.08.2002
SUMATERA UTARA,12,KAB. MANDAILING NATAL,12.13,Kotanopan,12.13.08,Gading Bain,12.13.08.2003
SUMATERA UTARA,12,KAB. MANDAILING NATAL,12.13,Kotanopan,12.13.08,Gunung Tua MS,12.13.08.2004
SUMATERA UTARA,12,KAB. MANDAILING NATAL,12.13,Kotanopan,12.13.08,Gunung Tua SM,12.13.08.2005
SUMATERA UTARA,12,KAB. MANDAILING NATAL,12.13,Kotanopan,12.13.08,Hutapuli,12.13.08.2006
SUMATERA UTARA,12,KAB. MANDAILING NATAL,12.13,Kotanopan,12.13.08,Huta Padang MS,12.13.08.2007
SUMATERA UTARA,12,KAB. MANDAILING NATAL,12.13,Kotanopan,12.13.08,Hutarimbaru SM,12.13.08.2008
SUMATERA UTARA,12,KAB. MANDAILING NATAL,12.13,Kotanopan,12.13.08,Huta Baringin TB,12.13.08.2009
SUMATERA UTARA,12,KAB. MANDAILING NATAL,12.13,Kotanopan,12.13.08,Huta Pungkut Jae,12.13.08.2010
SUMATERA UTARA,12,KAB. MANDAILING NATAL,12.13,Kotanopan,12.13.08,Huta Pungkut Tonga,12.13.08.2011
SUMATERA UTARA,12,KAB. MANDAILING NATAL,12.13,Kotanopan,12.13.08,Huta Pungkut Julu,12.13.08.2012
SUMATERA UTARA,12,KAB. MANDAILING NATAL,12.13,Kotanopan,12.13.08,Muara Potan,12.13.08.2014
SUMATERA UTARA,12,KAB. MANDAILING NATAL,12.13,Kotanopan,12.13.08,Muara Siambak,12.13.08.2015
SUMATERA UTARA,12,KAB. MANDAILING NATAL,12.13,Kotanopan,12.13.08,Manambin,12.13.08.2016
SUMATERA UTARA,12,KAB. MANDAILING NATAL,12.13,Kotanopan,12.13.08,Muara Pungkut,12.13.08.2017
SUMATERA UTARA,12,KAB. MANDAILING NATAL,12.13,Kotanopan,12.13.08,Muara Botung,12.13.08.2018
SUMATERA UTARA,12,KAB. MANDAILING NATAL,12.13,Kotanopan,12.13.08,Pagar Gunung,12.13.08.2019
SUMATERA UTARA,12,KAB. MANDAILING NATAL,12.13,Kotanopan,12.13.08,Padang Bulan,12.13.08.2020
SUMATERA UTARA,12,KAB. MANDAILING NATAL,12.13,Kotanopan,12.13.08,Patialo,12.13.08.2021
SUMATERA UTARA,12,KAB. MANDAILING NATAL,12.13,Kotanopan,12.13.08,Saba Dolok,12.13.08.2022
SUMATERA UTARA,12,KAB. MANDAILING NATAL,12.13,Kotanopan,12.13.08,Singengu Jae,12.13.08.2023
SUMATERA UTARA,12,KAB. MANDAILING NATAL,12.13,Kotanopan,12.13.08,Singengu Julu,12.13.08.2024
SUMATERA UTARA,12,KAB. MANDAILING NATAL,12.13,Kotanopan,12.13.08,Sayur Maincat,12.13.08.2025
SUMATERA UTARA,12,KAB. MANDAILING NATAL,12.13,Kotanopan,12.13.08,Simpang Tolang Jae,12.13.08.2026
SUMATERA UTARA,12,KAB. MANDAILING NATAL,12.13,Kotanopan,12.13.08,Simpang Tolang Julu,12.13.08.2027
SUMATERA UTARA,12,KAB. MANDAILING NATAL,12.13,Kotanopan,12.13.08,Sibio Bio,12.13.08.2028
SUMATERA UTARA,12,KAB. MANDAILING NATAL,12.13,Kotanopan,12.13.08,Sopo Sorik,12.13.08.2029
SUMATERA UTARA,12,KAB. MANDAILING NATAL,12.13,Kotanopan,12.13.08,Simandolam,12.13.08.2030
SUMATERA UTARA,12,KAB. MANDAILING NATAL,12.13,Kotanopan,12.13.08,Tombang Bustak,12.13.08.2031
SUMATERA UTARA,12,KAB. MANDAILING NATAL,12.13,Kotanopan,12.13.08,Tamiang,12.13.08.1032
SUMATERA UTARA,12,KAB. MANDAILING NATAL,12.13,Kotanopan,12.13.08,Tobang,12.13.08.2033
SUMATERA UTARA,12,KAB. MANDAILING NATAL,12.13,Kotanopan,12.13.08,Ujung Marisi,12.13.08.2034
SUMATERA UTARA,12,KAB. MANDAILING NATAL,12.13,Kotanopan,12.13.08,Usor Tolang,12.13.08.2035
SUMATERA UTARA,12,KAB. MANDAILING NATAL,12.13,Kotanopan,12.13.08,Pasar Kotanopan,12.13.08.1036
SUMATERA UTARA,12,KAB. MANDAILING NATAL,12.13,Lembah Sorik Marapi,12.13.09,Aek Marian MG,12.13.09.2001
SUMATERA UTARA,12,KAB. MANDAILING NATAL,12.13,Lembah Sorik Marapi,12.13.09,Bangun Purba,12.13.09.2002
SUMATERA UTARA,12,KAB. MANDAILING NATAL,12.13,Lembah Sorik Marapi,12.13.09,Maga Lombang,12.13.09.2003
SUMATERA UTARA,12,KAB. MANDAILING NATAL,12.13,Lembah Sorik Marapi,12.13.09,Maga Dolok,12.13.09.2004
SUMATERA UTARA,12,KAB. MANDAILING NATAL,12.13,Lembah Sorik Marapi,12.13.09,Purba Baru,12.13.09.2005
SUMATERA UTARA,12,KAB. MANDAILING NATAL,12.13,Lembah Sorik Marapi,12.13.09,Purba Lamo,12.13.09.2006
SUMATERA UTARA,12,KAB. MANDAILING NATAL,12.13,Lembah Sorik Marapi,12.13.09,Pangkat,12.13.09.2007
SUMATERA UTARA,12,KAB. MANDAILING NATAL,12.13,Lembah Sorik Marapi,12.13.09,Pasar Maga,12.13.09.1008
SUMATERA UTARA,12,KAB. MANDAILING NATAL,12.13,Lembah Sorik Marapi,12.13.09,Siantona,12.13.09.2009
SUMATERA UTARA,12,KAB. MANDAILING NATAL,12.13,Tambangan,12.13.10,Angin Barat,12.13.10.2001
SUMATERA UTARA,12,KAB. MANDAILING NATAL,12.13,Tambangan,12.13.10,Huta Tonga AB,12.13.10.2006
SUMATERA UTARA,12,KAB. MANDAILING NATAL,12.13,Tambangan,12.13.10,Laru Baringin,12.13.10.2007
SUMATERA UTARA,12,KAB. MANDAILING NATAL,12.13,Tambangan,12.13.10,Laru Bolak,12.13.10.2008
SUMATERA UTARA,12,KAB. MANDAILING NATAL,12.13,Tambangan,12.13.10,Laru Dolok,12.13.10.2009
SUMATERA UTARA,12,KAB. MANDAILING NATAL,12.13,Tambangan,12.13.10,Laru Lombang,12.13.10.1010
SUMATERA UTARA,12,KAB. MANDAILING NATAL,12.13,Tambangan,12.13.10,Lumban Pasir,12.13.10.2011
SUMATERA UTARA,12,KAB. MANDAILING NATAL,12.13,Tambangan,12.13.10,Muara Mais,12.13.10.2012
SUMATERA UTARA,12,KAB. MANDAILING NATAL,12.13,Tambangan,12.13.10,Muara Mais Jambur,12.13.10.2013
SUMATERA UTARA,12,KAB. MANDAILING NATAL,12.13,Tambangan,12.13.10,Padang Sanggar,12.13.10.2014
SUMATERA UTARA,12,KAB. MANDAILING NATAL,12.13,Tambangan,12.13.10,Panjaringan,12.13.10.2015
SUMATERA UTARA,12,KAB. MANDAILING NATAL,12.13,Tambangan,12.13.10,Pasar Laru,12.13.10.2016
SUMATERA UTARA,12,KAB. MANDAILING NATAL,12.13,Tambangan,12.13.10,Pastap,12.13.10.2017
SUMATERA UTARA,12,KAB. MANDAILING NATAL,12.13,Tambangan,12.13.10,Pastap Julu,12.13.10.2018
SUMATERA UTARA,12,KAB. MANDAILING NATAL,12.13,Tambangan,12.13.10,Rao Rao Dolok,12.13.10.2020
SUMATERA UTARA,12,KAB. MANDAILING NATAL,12.13,Tambangan,12.13.10,Rao Rao Lombang,12.13.10.2021
SUMATERA UTARA,12,KAB. MANDAILING NATAL,12.13,Tambangan,12.13.10,Simangambat TB,12.13.10.2025
SUMATERA UTARA,12,KAB. MANDAILING NATAL,12.13,Tambangan,12.13.10,Tambangan Jae,12.13.10.2026
SUMATERA UTARA,12,KAB. MANDAILING NATAL,12.13,Tambangan,12.13.10,Tambangan Pasoman,12.13.10.2027
SUMATERA UTARA,12,KAB. MANDAILING NATAL,12.13,Tambangan,12.13.10,Tambangan Tonga,12.13.10.2028
SUMATERA UTARA,12,KAB. MANDAILING NATAL,12.13,Ulu Pungkut,12.13.11,Alahan Kae,12.13.11.2001
SUMATERA UTARA,12,KAB. MANDAILING NATAL,12.13,Ulu Pungkut,12.13.11,Habincaran,12.13.11.2002
SUMATERA UTARA,12,KAB. MANDAILING NATAL,12.13,Ulu Pungkut,12.13.11,Huta Godang,12.13.11.1003
SUMATERA UTARA,12,KAB. MANDAILING NATAL,12.13,Ulu Pungkut,12.13.11,Huta Padang UP,12.13.11.2004
SUMATERA UTARA,12,KAB. MANDAILING NATAL,12.13,Ulu Pungkut,12.13.11,Hutaimbaru UP,12.13.11.2005
SUMATERA UTARA,12,KAB. MANDAILING NATAL,12.13,Ulu Pungkut,12.13.11,Muara Saladi,12.13.11.2006
SUMATERA UTARA,12,KAB. MANDAILING NATAL,12.13,Ulu Pungkut,12.13.11,Patahajang,12.13.11.2007
SUMATERA UTARA,12,KAB. MANDAILING NATAL,12.13,Ulu Pungkut,12.13.11,Simpang Banyak Jae,12.13.11.2008
SUMATERA UTARA,12,KAB. MANDAILING NATAL,12.13,Ulu Pungkut,12.13.11,Simpang Banyak Julu,12.13.11.2009
SUMATERA UTARA,12,KAB. MANDAILING NATAL,12.13,Ulu Pungkut,12.13.11,Simpang Duhu Dolok,12.13.11.2010
SUMATERA UTARA,12,KAB. MANDAILING NATAL,12.13,Ulu Pungkut,12.13.11,Simpang Duhu Lombang,12.13.11.2011
SUMATERA UTARA,12,KAB. MANDAILING NATAL,12.13,Ulu Pungkut,12.13.11,Simpang Pining,12.13.11.2012
SUMATERA UTARA,12,KAB. MANDAILING NATAL,12.13,Ulu Pungkut,12.13.11,Tolang,12.13.11.2013
SUMATERA UTARA,12,KAB. MANDAILING NATAL,12.13,Muara Sipongi,12.13.12,Bandar Panjang,12.13.12.2001
SUMATERA UTARA,12,KAB. MANDAILING NATAL,12.13,Muara Sipongi,12.13.12,Bandar Panjang Tuo,12.13.12.2002
SUMATERA UTARA,12,KAB. MANDAILING NATAL,12.13,Muara Sipongi,12.13.12,Kampung Pinang,12.13.12.2007
SUMATERA UTARA,12,KAB. MANDAILING NATAL,12.13,Muara Sipongi,12.13.12,Koto Baringin,12.13.12.2008
SUMATERA UTARA,12,KAB. MANDAILING NATAL,12.13,Muara Sipongi,12.13.12,Limau Manis,12.13.12.2009
SUMATERA UTARA,12,KAB. MANDAILING NATAL,12.13,Muara Sipongi,12.13.12,Ranjo Batu,12.13.12.2012
SUMATERA UTARA,12,KAB. MANDAILING NATAL,12.13,Muara Sipongi,12.13.12,Sibinail,12.13.12.2013
SUMATERA UTARA,12,KAB. MANDAILING NATAL,12.13,Muara Sipongi,12.13.12,Simpang Mandepo,12.13.12.2015
SUMATERA UTARA,12,KAB. MANDAILING NATAL,12.13,Muara Sipongi,12.13.12,Tamiang Mudo,12.13.12.2016
SUMATERA UTARA,12,KAB. MANDAILING NATAL,12.13,Muara Sipongi,12.13.12,Tanjung Alai,12.13.12.2017
SUMATERA UTARA,12,KAB. MANDAILING NATAL,12.13,Muara Sipongi,12.13.12,Pasar Muara Sipongi,12.13.12.1019
SUMATERA UTARA,12,KAB. MANDAILING NATAL,12.13,Muara Sipongi,12.13.12,Tanjung Medan,12.13.12.2020
SUMATERA UTARA,12,KAB. MANDAILING NATAL,12.13,Muara Sipongi,12.13.12,Muara Kumpulan,12.13.12.2021
SUMATERA UTARA,12,KAB. MANDAILING NATAL,12.13,Muara Sipongi,12.13.12,Aek Botung,12.13.12.2022
SUMATERA UTARA,12,KAB. MANDAILING NATAL,12.13,Muara Sipongi,12.13.12,Koto Boru,12.13.12.2023
SUMATERA UTARA,12,KAB. MANDAILING NATAL,12.13,Muara Sipongi,12.13.12,Tanjung Larangan,12.13.12.2024
SUMATERA UTARA,12,KAB. MANDAILING NATAL,12.13,Batang Natal,12.13.13,Aek Guo,12.13.13.2001
SUMATERA UTARA,12,KAB. MANDAILING NATAL,12.13,Batang Natal,12.13.13,Aek Holbung,12.13.13.2002
SUMATERA UTARA,12,KAB. MANDAILING NATAL,12.13,Batang Natal,12.13.13,Aek Manggis,12.13.13.2003
SUMATERA UTARA,12,KAB. MANDAILING NATAL,12.13,Batang Natal,12.13.13,Aek Nabara,12.13.13.2004
SUMATERA UTARA,12,KAB. MANDAILING NATAL,12.13,Batang Natal,12.13.13,Aek Nangali,12.13.13.2005
SUMATERA UTARA,12,KAB. MANDAILING NATAL,12.13,Batang Natal,12.13.13,Ampung Julu,12.13.13.2006
SUMATERA UTARA,12,KAB. MANDAILING NATAL,12.13,Batang Natal,12.13.13,Ampung Padang,12.13.13.2007
SUMATERA UTARA,12,KAB. MANDAILING NATAL,12.13,Batang Natal,12.13.13,Ampung Siala,12.13.13.2008
SUMATERA UTARA,12,KAB. MANDAILING NATAL,12.13,Batang Natal,12.13.13,Bangkelang,12.13.13.2009
SUMATERA UTARA,12,KAB. MANDAILING NATAL,12.13,Batang Natal,12.13.13,Banjar Malayu,12.13.13.2010
SUMATERA UTARA,12,KAB. MANDAILING NATAL,12.13,Batang Natal,12.13.13,Batu Madinding,12.13.13.2011
SUMATERA UTARA,12,KAB. MANDAILING NATAL,12.13,Batang Natal,12.13.13,Bulu Soma,12.13.13.2012
SUMATERA UTARA,12,KAB. MANDAILING NATAL,12.13,Batang Natal,12.13.13,Guo Batu,12.13.13.2013
SUMATERA UTARA,12,KAB. MANDAILING NATAL,12.13,Batang Natal,12.13.13,Hadangkahan,12.13.13.2014
SUMATERA UTARA,12,KAB. MANDAILING NATAL,12.13,Batang Natal,12.13.13,Hatupangan,12.13.13.2015
SUMATERA UTARA,12,KAB. MANDAILING NATAL,12.13,Batang Natal,12.13.13,Muara Parlampungan,12.13.13.2016
SUMATERA UTARA,12,KAB. MANDAILING NATAL,12.13,Batang Natal,12.13.13,Muara Soma,12.13.13.1017
SUMATERA UTARA,12,KAB. MANDAILING NATAL,12.13,Batang Natal,12.13.13,Rantobi,12.13.13.2018
SUMATERA UTARA,12,KAB. MANDAILING NATAL,12.13,Batang Natal,12.13.13,Rao Rao,12.13.13.2019
SUMATERA UTARA,12,KAB. MANDAILING NATAL,12.13,Batang Natal,12.13.13,Simanguntong,12.13.13.2020
SUMATERA UTARA,12,KAB. MANDAILING NATAL,12.13,Batang Natal,12.13.13,Sipogu,12.13.13.2021
SUMATERA UTARA,12,KAB. MANDAILING NATAL,12.13,Batang Natal,12.13.13,Sopo Tinjak,12.13.13.2022
SUMATERA UTARA,12,KAB. MANDAILING NATAL,12.13,Batang Natal,12.13.13,Tarlola,12.13.13.2023
SUMATERA UTARA,12,KAB. MANDAILING NATAL,12.13,Batang Natal,12.13.13,Tombang Kaluang,12.13.13.2024
SUMATERA UTARA,12,KAB. MANDAILING NATAL,12.13,Batang Natal,12.13.13,Huta Lobu,12.13.13.2025
SUMATERA UTARA,12,KAB. MANDAILING NATAL,12.13,Batang Natal,12.13.13,Lubuk Samboa,12.13.13.2026
SUMATERA UTARA,12,KAB. MANDAILING NATAL,12.13,Batang Natal,12.13.13,Jambur Baru,12.13.13.2027
SUMATERA UTARA,12,KAB. MANDAILING NATAL,12.13,Batang Natal,12.13.13,Aek Baru Jae,12.13.13.2028
SUMATERA UTARA,12,KAB. MANDAILING NATAL,12.13,Batang Natal,12.13.13,Aek Baru Julu,12.13.13.2029
SUMATERA UTARA,12,KAB. MANDAILING NATAL,12.13,Batang Natal,12.13.13,Lubuk Bondar Panjang,12.13.13.2030
SUMATERA UTARA,12,KAB. MANDAILING NATAL,12.13,Batang Natal,12.13.13,Tor Naincat,12.13.13.2031
SUMATERA UTARA,12,KAB. MANDAILING NATAL,12.13,Lingga Bayu,12.13.14,Aek Garingging,12.13.14.2001
SUMATERA UTARA,12,KAB. MANDAILING NATAL,12.13,Lingga Bayu,12.13.14,Aek Manyuruk,12.13.14.2002
SUMATERA UTARA,12,KAB. MANDAILING NATAL,12.13,Lingga Bayu,12.13.14,Bandar Limabung,12.13.14.2003
SUMATERA UTARA,12,KAB. MANDAILING NATAL,12.13,Lingga Bayu,12.13.14,Lancat,12.13.14.2006
SUMATERA UTARA,12,KAB. MANDAILING NATAL,12.13,Lingga Bayu,12.13.14,Kampung Baru,12.13.14.2010
SUMATERA UTARA,12,KAB. MANDAILING NATAL,12.13,Lingga Bayu,12.13.14,Lobung,12.13.14.2011
SUMATERA UTARA,12,KAB. MANDAILING NATAL,12.13,Lingga Bayu,12.13.14,Pangkalan,12.13.14.2014
SUMATERA UTARA,12,KAB. MANDAILING NATAL,12.13,Lingga Bayu,12.13.14,Perk. Simpang Gambir,12.13.14.2015
SUMATERA UTARA,12,KAB. MANDAILING NATAL,12.13,Lingga Bayu,12.13.14,Sikumbu,12.13.14.2019
SUMATERA UTARA,12,KAB. MANDAILING NATAL,12.13,Lingga Bayu,12.13.14,Simpang Bajole,12.13.14.2021
SUMATERA UTARA,12,KAB. MANDAILING NATAL,12.13,Lingga Bayu,12.13.14,Simpang Duku,12.13.14.2022
SUMATERA UTARA,12,KAB. MANDAILING NATAL,12.13,Lingga Bayu,12.13.14,Simpang Durian,12.13.14.2023
SUMATERA UTARA,12,KAB. MANDAILING NATAL,12.13,Lingga Bayu,12.13.14,Simpang Gambir,12.13.14.1024
SUMATERA UTARA,12,KAB. MANDAILING NATAL,12.13,Lingga Bayu,12.13.14,Simpang Koje,12.13.14.2025
SUMATERA UTARA,12,KAB. MANDAILING NATAL,12.13,Lingga Bayu,12.13.14,Tapus,12.13.14.1028
SUMATERA UTARA,12,KAB. MANDAILING NATAL,12.13,Lingga Bayu,12.13.14,Dalan Lidang,12.13.14.2029
SUMATERA UTARA,12,KAB. MANDAILING NATAL,12.13,Lingga Bayu,12.13.14,Bonca Bayuon,12.13.14.2031
SUMATERA UTARA,12,KAB. MANDAILING NATAL,12.13,Lingga Bayu,12.13.14,Perbatasan,12.13.14.2034
SUMATERA UTARA,12,KAB. MANDAILING NATAL,12.13,Lingga Bayu,12.13.14,Tangsi Atas,12.13.14.2035
SUMATERA UTARA,12,KAB. MANDAILING NATAL,12.13,Batahan,12.13.15,Banjar Aur,12.13.15.2001
SUMATERA UTARA,12,KAB. MANDAILING NATAL,12.13,Batahan,12.13.15,Batahan I,12.13.15.2003
SUMATERA UTARA,12,KAB. MANDAILING NATAL,12.13,Batahan,12.13.15,Batu Sondat,12.13.15.2004
SUMATERA UTARA,12,KAB. MANDAILING NATAL,12.13,Batahan,12.13.15,Bintungan Bejangkar,12.13.15.2005
SUMATERA UTARA,12,KAB. MANDAILING NATAL,12.13,Batahan,12.13.15,Kampung Kapas,12.13.15.2007
SUMATERA UTARA,12,KAB. MANDAILING NATAL,12.13,Batahan,12.13.15,Kuala Batahan,12.13.15.2008
SUMATERA UTARA,12,KAB. MANDAILING NATAL,12.13,Batahan,12.13.15,Kubangan Tompek,12.13.15.2009
SUMATERA UTARA,12,KAB. MANDAILING NATAL,12.13,Batahan,12.13.15,Muara Pertemuan,12.13.15.2010
SUMATERA UTARA,12,KAB. MANDAILING NATAL,12.13,Batahan,12.13.15,Pasar Baru Batahan,12.13.15.1011
SUMATERA UTARA,12,KAB. MANDAILING NATAL,12.13,Batahan,12.13.15,Pasar Batahan,12.13.15.2012
SUMATERA UTARA,12,KAB. MANDAILING NATAL,12.13,Batahan,12.13.15,Pulau Tamang,12.13.15.2013
SUMATERA UTARA,12,KAB. MANDAILING NATAL,12.13,Batahan,12.13.15,Sari Kenanga Batahan,12.13.15.2014
SUMATERA UTARA,12,KAB. MANDAILING NATAL,12.13,Batahan,12.13.15,Batahan II,12.13.15.2019
SUMATERA UTARA,12,KAB. MANDAILING NATAL,12.13,Batahan,12.13.15,Batahan III,12.13.15.2020
SUMATERA UTARA,12,KAB. MANDAILING NATAL,12.13,Batahan,12.13.15,Batahan IV,12.13.15.2021
SUMATERA UTARA,12,KAB. MANDAILING NATAL,12.13,Batahan,12.13.15,Sinunukan VI,12.13.15.2022
SUMATERA UTARA,12,KAB. MANDAILING NATAL,12.13,Batahan,12.13.15,Kampung Kapas I,12.13.15.2023
SUMATERA UTARA,12,KAB. MANDAILING NATAL,12.13,Batahan,12.13.15,Kubangan Pandan Sari,12.13.15.2024
SUMATERA UTARA,12,KAB. MANDAILING NATAL,12.13,Natal,12.13.16,Balimbing,12.13.16.2001
SUMATERA UTARA,12,KAB. MANDAILING NATAL,12.13,Natal,12.13.16,Bintuas,12.13.16.2002
SUMATERA UTARA,12,KAB. MANDAILING NATAL,12.13,Natal,12.13.16,Bonda Kase,12.13.16.2003
SUMATERA UTARA,12,KAB. MANDAILING NATAL,12.13,Natal,12.13.16,Buburan,12.13.16.2004
SUMATERA UTARA,12,KAB. MANDAILING NATAL,12.13,Natal,12.13.16,Kampung Sawah,12.13.16.2005
SUMATERA UTARA,12,KAB. MANDAILING NATAL,12.13,Natal,12.13.16,Panggautan,12.13.16.2006
SUMATERA UTARA,12,KAB. MANDAILING NATAL,12.13,Natal,12.13.16,Pardamean Baru,12.13.16.2007
SUMATERA UTARA,12,KAB. MANDAILING NATAL,12.13,Natal,12.13.16,Pasar II Natal,12.13.16.1008
SUMATERA UTARA,12,KAB. MANDAILING NATAL,12.13,Natal,12.13.16,Pasar III Natal,12.13.16.2009
SUMATERA UTARA,12,KAB. MANDAILING NATAL,12.13,Natal,12.13.16,Pasar V Natal,12.13.16.2010
SUMATERA UTARA,12,KAB. MANDAILING NATAL,12.13,Natal,12.13.16,Patiluban Hilir,12.13.16.2011
SUMATERA UTARA,12,KAB. MANDAILING NATAL,12.13,Natal,12.13.16,Patiluban Mudik,12.13.16.2012
SUMATERA UTARA,12,KAB. MANDAILING NATAL,12.13,Natal,12.13.16,Perkebunan Patiluban,12.13.16.2013
SUMATERA UTARA,12,KAB. MANDAILING NATAL,12.13,Natal,12.13.16,Rukun Jaya,12.13.16.2014
SUMATERA UTARA,12,KAB. MANDAILING NATAL,12.13,Natal,12.13.16,Setia Karya,12.13.16.2015
SUMATERA UTARA,12,KAB. MANDAILING NATAL,12.13,Natal,12.13.16,Sikara Kara,12.13.16.2016
SUMATERA UTARA,12,KAB. MANDAILING NATAL,12.13,Natal,12.13.16,Sikara Kara I,12.13.16.2017
SUMATERA UTARA,12,KAB. MANDAILING NATAL,12.13,Natal,12.13.16,Sikara Kara II,12.13.16.2018
SUMATERA UTARA,12,KAB. MANDAILING NATAL,12.13,Natal,12.13.16,Sikara Kara III,12.13.16.2019
SUMATERA UTARA,12,KAB. MANDAILING NATAL,12.13,Natal,12.13.16,Sikara Kara IV,12.13.16.2020
SUMATERA UTARA,12,KAB. MANDAILING NATAL,12.13,Natal,12.13.16,Sundutan Tigo,12.13.16.2021
SUMATERA UTARA,12,KAB. MANDAILING NATAL,12.13,Natal,12.13.16,Taluk,12.13.16.2022
SUMATERA UTARA,12,KAB. MANDAILING NATAL,12.13,Natal,12.13.16,Tegal Sari,12.13.16.2023
SUMATERA UTARA,12,KAB. MANDAILING NATAL,12.13,Natal,12.13.16,Tunas Karya,12.13.16.2024
SUMATERA UTARA,12,KAB. MANDAILING NATAL,12.13,Natal,12.13.16,Pasar I Natal,12.13.16.1025
SUMATERA UTARA,12,KAB. MANDAILING NATAL,12.13,Natal,12.13.16,Pasar VI Natal,12.13.16.2026
SUMATERA UTARA,12,KAB. MANDAILING NATAL,12.13,Natal,12.13.16,Sinunukan V,12.13.16.2027
SUMATERA UTARA,12,KAB. MANDAILING NATAL,12.13,Natal,12.13.16,Suka Maju,12.13.16.2028
SUMATERA UTARA,12,KAB. MANDAILING NATAL,12.13,Natal,12.13.16,Sasaran,12.13.16.2029
SUMATERA UTARA,12,KAB. MANDAILING NATAL,12.13,Natal,12.13.16,Kun-Kun,12.13.16.2030
SUMATERA UTARA,12,KAB. MANDAILING NATAL,12.13,Muara Batang Gadis,12.13.17,Batu Mundom,12.13.17.2001
SUMATERA UTARA,12,KAB. MANDAILING NATAL,12.13,Muara Batang Gadis,12.13.17,Hutaimbaru,12.13.17.2002
SUMATERA UTARA,12,KAB. MANDAILING NATAL,12.13,Muara Batang Gadis,12.13.17,Lubuk Kapundung,12.13.17.2003
SUMATERA UTARA,12,KAB. MANDAILING NATAL,12.13,Muara Batang Gadis,12.13.17,Manuncang,12.13.17.2004
SUMATERA UTARA,12,KAB. MANDAILING NATAL,12.13,Muara Batang Gadis,12.13.17,Panunggulan,12.13.17.2005
SUMATERA UTARA,12,KAB. MANDAILING NATAL,12.13,Muara Batang Gadis,12.13.17,Pasar Singkuang I,12.13.17.2006
SUMATERA UTARA,12,KAB. MANDAILING NATAL,12.13,Muara Batang Gadis,12.13.17,Pasar Singkuang II,12.13.17.2007
SUMATERA UTARA,12,KAB. MANDAILING NATAL,12.13,Muara Batang Gadis,12.13.17,Rantau Panjang,12.13.17.2008
SUMATERA UTARA,12,KAB. MANDAILING NATAL,12.13,Muara Batang Gadis,12.13.17,Sikapas,12.13.17.2009
SUMATERA UTARA,12,KAB. MANDAILING NATAL,12.13,Muara Batang Gadis,12.13.17,Tabuyung,12.13.17.2010
SUMATERA UTARA,12,KAB. MANDAILING NATAL,12.13,Muara Batang Gadis,12.13.17,Tagilang Julu,12.13.17.2011
SUMATERA UTARA,12,KAB. MANDAILING NATAL,12.13,Muara Batang Gadis,12.13.17,Sali Baru,12.13.17.2012
SUMATERA UTARA,12,KAB. MANDAILING NATAL,12.13,Muara Batang Gadis,12.13.17,Lubuk Kapundung II,12.13.17.2013
SUMATERA UTARA,12,KAB. MANDAILING NATAL,12.13,Muara Batang Gadis,12.13.17,Suka Makmur,12.13.17.2014
SUMATERA UTARA,12,KAB. MANDAILING NATAL,12.13,Ranto Baek,12.13.18,Manisak,12.13.18.2001
SUMATERA UTARA,12,KAB. MANDAILING NATAL,12.13,Ranto Baek,12.13.18,Simpang Talap,12.13.18.2002
SUMATERA UTARA,12,KAB. MANDAILING NATAL,12.13,Ranto Baek,12.13.18,Sampuran,12.13.18.2003
SUMATERA UTARA,12,KAB. MANDAILING NATAL,12.13,Ranto Baek,12.13.18,Tandikek,12.13.18.2004
SUMATERA UTARA,12,KAB. MANDAILING NATAL,12.13,Ranto Baek,12.13.18,Gonting,12.13.18.2005
SUMATERA UTARA,12,KAB. MANDAILING NATAL,12.13,Ranto Baek,12.13.18,Bangun Saroha,12.13.18.2006
SUMATERA UTARA,12,KAB. MANDAILING NATAL,12.13,Ranto Baek,12.13.18,Huta Baringin,12.13.18.2007
SUMATERA UTARA,12,KAB. MANDAILING NATAL,12.13,Ranto Baek,12.13.18,Muara Bangko,12.13.18.2008
SUMATERA UTARA,12,KAB. MANDAILING NATAL,12.13,Ranto Baek,12.13.18,Ranto Nalinjang,12.13.18.2009
SUMATERA UTARA,12,KAB. MANDAILING NATAL,12.13,Ranto Baek,12.13.18,Banjar Maga,12.13.18.2010
SUMATERA UTARA,12,KAB. MANDAILING NATAL,12.13,Ranto Baek,12.13.18,Huta Raja,12.13.18.2011
SUMATERA UTARA,12,KAB. MANDAILING NATAL,12.13,Ranto Baek,12.13.18,Simaninggir,12.13.18.2012
SUMATERA UTARA,12,KAB. MANDAILING NATAL,12.13,Ranto Baek,12.13.18,Ranto Panjang,12.13.18.2013
SUMATERA UTARA,12,KAB. MANDAILING NATAL,12.13,Ranto Baek,12.13.18,Huta Nauli,12.13.18.2014
SUMATERA UTARA,12,KAB. MANDAILING NATAL,12.13,Ranto Baek,12.13.18,Lubuk Kancah,12.13.18.2015
SUMATERA UTARA,12,KAB. MANDAILING NATAL,12.13,Ranto Baek,12.13.18,Dua Sepakat,12.13.18.2016
SUMATERA UTARA,12,KAB. MANDAILING NATAL,12.13,Ranto Baek,12.13.18,Gunung Godang,12.13.18.2017
SUMATERA UTARA,12,KAB. MANDAILING NATAL,12.13,Ranto Baek,12.13.18,Padang Silojongan,12.13.18.2018
SUMATERA UTARA,12,KAB. MANDAILING NATAL,12.13,Huta Bargot,12.13.19,Bangun Sejati,12.13.19.2001
SUMATERA UTARA,12,KAB. MANDAILING NATAL,12.13,Huta Bargot,12.13.19,Hutarimbaru,12.13.19.2002
SUMATERA UTARA,12,KAB. MANDAILING NATAL,12.13,Huta Bargot,12.13.19,Pasar Huta Bargot,12.13.19.2003
SUMATERA UTARA,12,KAB. MANDAILING NATAL,12.13,Huta Bargot,12.13.19,Huta Bargot Lombang,12.13.19.2004
SUMATERA UTARA,12,KAB. MANDAILING NATAL,12.13,Huta Bargot,12.13.19,Huta Bargot Dolok,12.13.19.2005
SUMATERA UTARA,12,KAB. MANDAILING NATAL,12.13,Huta Bargot,12.13.19,Huta Bargot Setia,12.13.19.2006
SUMATERA UTARA,12,KAB. MANDAILING NATAL,12.13,Huta Bargot,12.13.19,Huta Bargot Nauli,12.13.19.2007
SUMATERA UTARA,12,KAB. MANDAILING NATAL,12.13,Huta Bargot,12.13.19,Mondan,12.13.19.2008
SUMATERA UTARA,12,KAB. MANDAILING NATAL,12.13,Huta Bargot,12.13.19,Sayur Maincat,12.13.19.2009
SUMATERA UTARA,12,KAB. MANDAILING NATAL,12.13,Huta Bargot,12.13.19,Kumpulan Setia,12.13.19.2010
SUMATERA UTARA,12,KAB. MANDAILING NATAL,12.13,Huta Bargot,12.13.19,Simalagi,12.13.19.2011
SUMATERA UTARA,12,KAB. MANDAILING NATAL,12.13,Huta Bargot,12.13.19,Saba Padang,12.13.19.2012
SUMATERA UTARA,12,KAB. MANDAILING NATAL,12.13,Huta Bargot,12.13.19,Binanga,12.13.19.2013
SUMATERA UTARA,12,KAB. MANDAILING NATAL,12.13,Huta Bargot,12.13.19,Huta Naingkan,12.13.19.2014
SUMATERA UTARA,12,KAB. MANDAILING NATAL,12.13,Huta Bargot,12.13.19,Huta Dangka,12.13.19.2015
SUMATERA UTARA,12,KAB. MANDAILING NATAL,12.13,Puncak Sorik Marapi,12.13.20,Huta Lombang,12.13.20.2001
SUMATERA UTARA,12,KAB. MANDAILING NATAL,12.13,Puncak Sorik Marapi,12.13.20,Huta Baru,12.13.20.2002
SUMATERA UTARA,12,KAB. MANDAILING NATAL,12.13,Puncak Sorik Marapi,12.13.20,Handel,12.13.20.2003
SUMATERA UTARA,12,KAB. MANDAILING NATAL,12.13,Puncak Sorik Marapi,12.13.20,Hutatinggi,12.13.20.2004
SUMATERA UTARA,12,KAB. MANDAILING NATAL,12.13,Puncak Sorik Marapi,12.13.20,Hutanamale,12.13.20.2005
SUMATERA UTARA,12,KAB. MANDAILING NATAL,12.13,Puncak Sorik Marapi,12.13.20,Hutabaringin Julu,12.13.20.2006
SUMATERA UTARA,12,KAB. MANDAILING NATAL,12.13,Puncak Sorik Marapi,12.13.20,Sibanggor Jae,12.13.20.2007
SUMATERA UTARA,12,KAB. MANDAILING NATAL,12.13,Puncak Sorik Marapi,12.13.20,Sibanggor Tonga,12.13.20.2008
SUMATERA UTARA,12,KAB. MANDAILING NATAL,12.13,Puncak Sorik Marapi,12.13.20,Sibanggor Julu,12.13.20.2009
SUMATERA UTARA,12,KAB. MANDAILING NATAL,12.13,Puncak Sorik Marapi,12.13.20,Purba Julu,12.13.20.2010
SUMATERA UTARA,12,KAB. MANDAILING NATAL,12.13,Puncak Sorik Marapi,12.13.20,Huta Baringin,12.13.20.2011
SUMATERA UTARA,12,KAB. MANDAILING NATAL,12.13,Pakantan,12.13.21,Pakantan Dolok,12.13.21.2001
SUMATERA UTARA,12,KAB. MANDAILING NATAL,12.13,Pakantan,12.13.21,Pakantan Lombang,12.13.21.2002
SUMATERA UTARA,12,KAB. MANDAILING NATAL,12.13,Pakantan,12.13.21,Huta Gambir,12.13.21.2003
SUMATERA UTARA,12,KAB. MANDAILING NATAL,12.13,Pakantan,12.13.21,Huta Lancat,12.13.21.2004
SUMATERA UTARA,12,KAB. MANDAILING NATAL,12.13,Pakantan,12.13.21,Huta Julu,12.13.21.2005
SUMATERA UTARA,12,KAB. MANDAILING NATAL,12.13,Pakantan,12.13.21,Huta Toras,12.13.21.2006
SUMATERA UTARA,12,KAB. MANDAILING NATAL,12.13,Pakantan,12.13.21,Huta Padang,12.13.21.2007
SUMATERA UTARA,12,KAB. MANDAILING NATAL,12.13,Pakantan,12.13.21,Silogun,12.13.21.2008
SUMATERA UTARA,12,KAB. MANDAILING NATAL,12.13,Sinunukan,12.13.22,Sinunukan I,12.13.22.2001
SUMATERA UTARA,12,KAB. MANDAILING NATAL,12.13,Sinunukan,12.13.22,Sinunukan II,12.13.22.2002
SUMATERA UTARA,12,KAB. MANDAILING NATAL,12.13,Sinunukan,12.13.22,Sinunukan III,12.13.22.2003
SUMATERA UTARA,12,KAB. MANDAILING NATAL,12.13,Sinunukan,12.13.22,Sinunukan IV,12.13.22.2004
SUMATERA UTARA,12,KAB. MANDAILING NATAL,12.13,Sinunukan,12.13.22,Bintungan Bejangkar Baru,12.13.22.2005
SUMATERA UTARA,12,KAB. MANDAILING NATAL,12.13,Sinunukan,12.13.22,Banjar Aur Utara,12.13.22.2006
SUMATERA UTARA,12,KAB. MANDAILING NATAL,12.13,Sinunukan,12.13.22,Kampung Kapas II,12.13.22.2007
SUMATERA UTARA,12,KAB. MANDAILING NATAL,12.13,Sinunukan,12.13.22,Airapa,12.13.22.2008
SUMATERA UTARA,12,KAB. MANDAILING NATAL,12.13,Sinunukan,12.13.22,Sido Makmur,12.13.22.2009
SUMATERA UTARA,12,KAB. MANDAILING NATAL,12.13,Sinunukan,12.13.22,Wido Daren,12.13.22.2010
SUMATERA UTARA,12,KAB. MANDAILING NATAL,12.13,Sinunukan,12.13.22,Wono Sari,12.13.22.2011
SUMATERA UTARA,12,KAB. MANDAILING NATAL,12.13,Sinunukan,12.13.22,Suka Damai,12.13.22.2012
SUMATERA UTARA,12,KAB. MANDAILING NATAL,12.13,Sinunukan,12.13.22,Pasir Putih,12.13.22.2013
SUMATERA UTARA,12,KAB. MANDAILING NATAL,12.13,Sinunukan,12.13.22,Sinunukan I Central,12.13.22.2014
SUMATERA UTARA,12,KAB. MANDAILING NATAL,12.13,Naga Juang,12.13.23,Tambiski,12.13.23.2001
SUMATERA UTARA,12,KAB. MANDAILING NATAL,12.13,Naga Juang,12.13.23,Tarutung Panjang,12.13.23.2002
SUMATERA UTARA,12,KAB. MANDAILING NATAL,12.13,Naga Juang,12.13.23,Humbang I,12.13.23.2003
SUMATERA UTARA,12,KAB. MANDAILING NATAL,12.13,Naga Juang,12.13.23,Banua Rakyat,12.13.23.2004
SUMATERA UTARA,12,KAB. MANDAILING NATAL,12.13,Naga Juang,12.13.23,Sayur Matua,12.13.23.2005
SUMATERA UTARA,12,KAB. MANDAILING NATAL,12.13,Naga Juang,12.13.23,Banua Simanosor,12.13.23.2006
SUMATERA UTARA,12,KAB. MANDAILING NATAL,12.13,Naga Juang,12.13.23,Tambiski Nauli,12.13.23.2007
SUMATERA UTARA,12,KAB. NIAS SELATAN,12.14,Lolomatua,12.14.01,Hilisangowola,12.14.01.2002
SUMATERA UTARA,12,KAB. NIAS SELATAN,12.14,Lolomatua,12.14.01,Hiliotalua,12.14.01.2005
SUMATERA UTARA,12,KAB. NIAS SELATAN,12.14,Lolomatua,12.14.01,Koendrafo,12.14.01.2006
SUMATERA UTARA,12,KAB. NIAS SELATAN,12.14,Lolomatua,12.14.01,Lawa-lawa Luo,12.14.01.2008
SUMATERA UTARA,12,KAB. NIAS SELATAN,12.14,Lolomatua,12.14.01,Tuhemberua,12.14.01.2016
SUMATERA UTARA,12,KAB. NIAS SELATAN,12.14,Lolomatua,12.14.01,Tesikhori,12.14.01.2017
SUMATERA UTARA,12,KAB. NIAS SELATAN,12.14,Lolomatua,12.14.01,Tumari,12.14.01.2021
SUMATERA UTARA,12,KAB. NIAS SELATAN,12.14,Lolomatua,12.14.01,Ewo,12.14.01.2023
SUMATERA UTARA,12,KAB. NIAS SELATAN,12.14,Lolomatua,12.14.01,Ko'olotano,12.14.01.2024
SUMATERA UTARA,12,KAB. NIAS SELATAN,12.14,Lolomatua,12.14.01,Botohilindruria,12.14.01.2026
SUMATERA UTARA,12,KAB. NIAS SELATAN,12.14,Lolomatua,12.14.01,Caritas Sogawunasi,12.14.01.2027
SUMATERA UTARA,12,KAB. NIAS SELATAN,12.14,Lolomatua,12.14.01,Orudua Lawa-lawa Luo,12.14.01.2028
SUMATERA UTARA,12,KAB. NIAS SELATAN,12.14,Lolomatua,12.14.01,Hilifaondrato,12.14.01.2029
SUMATERA UTARA,12,KAB. NIAS SELATAN,12.14,Gomo,12.14.02,Doli-doli Idanotae,12.14.02.2005
SUMATERA UTARA,12,KAB. NIAS SELATAN,12.14,Gomo,12.14.02,Hiliana'a Gomo,12.14.02.2007
SUMATERA UTARA,12,KAB. NIAS SELATAN,12.14,Gomo,12.14.02,Lawa-lawa Luo Gomo,12.14.02.2015
SUMATERA UTARA,12,KAB. NIAS SELATAN,12.14,Gomo,12.14.02,Lolosoni,12.14.02.2017
SUMATERA UTARA,12,KAB. NIAS SELATAN,12.14,Gomo,12.14.02,Orahili Gomo,12.14.02.2023
SUMATERA UTARA,12,KAB. NIAS SELATAN,12.14,Gomo,12.14.02,Sifaoro'asi Gomo,12.14.02.2024
SUMATERA UTARA,12,KAB. NIAS SELATAN,12.14,Gomo,12.14.02,Tanoniko'o,12.14.02.2035
SUMATERA UTARA,12,KAB. NIAS SELATAN,12.14,Gomo,12.14.02,Suka Maju Mohili,12.14.02.2040
SUMATERA UTARA,12,KAB. NIAS SELATAN,12.14,Gomo,12.14.02,Orahili Sibohou,12.14.02.2041
SUMATERA UTARA,12,KAB. NIAS SELATAN,12.14,Gomo,12.14.02,Gunung Gabungan,12.14.02.2042
SUMATERA UTARA,12,KAB. NIAS SELATAN,12.14,Gomo,12.14.02,Umbu Orahua,12.14.02.2043
SUMATERA UTARA,12,KAB. NIAS SELATAN,12.14,Lahusa,12.14.03,Bawolato,12.14.03.2001
SUMATERA UTARA,12,KAB. NIAS SELATAN,12.14,Lahusa,12.14.03,Bawozihono,12.14.03.2002
SUMATERA UTARA,12,KAB. NIAS SELATAN,12.14,Lahusa,12.14.03,Bawo'otalua,12.14.03.2003
SUMATERA UTARA,12,KAB. NIAS SELATAN,12.14,Lahusa,12.14.03,Golambanua I,12.14.03.2004
SUMATERA UTARA,12,KAB. NIAS SELATAN,12.14,Lahusa,12.14.03,Hilisimaetano Balaekha,12.14.03.2007
SUMATERA UTARA,12,KAB. NIAS SELATAN,12.14,Lahusa,12.14.03,Lahusa,12.14.03.2009
SUMATERA UTARA,12,KAB. NIAS SELATAN,12.14,Lahusa,12.14.03,Tetezou,12.14.03.2014
SUMATERA UTARA,12,KAB. NIAS SELATAN,12.14,Lahusa,12.14.03,Orahili Balaekha,12.14.03.2016
SUMATERA UTARA,12,KAB. NIAS SELATAN,12.14,Lahusa,12.14.03,Harenoro,12.14.03.2017
SUMATERA UTARA,12,KAB. NIAS SELATAN,12.14,Lahusa,12.14.03,Sarahililaza,12.14.03.2018
SUMATERA UTARA,12,KAB. NIAS SELATAN,12.14,Lahusa,12.14.03,Hiliabolata,12.14.03.2024
SUMATERA UTARA,12,KAB. NIAS SELATAN,12.14,Lahusa,12.14.03,Hiligambukha,12.14.03.2025
SUMATERA UTARA,12,KAB. NIAS SELATAN,12.14,Lahusa,12.14.03,Sinar Baru Darodaro,12.14.03.2026
SUMATERA UTARA,12,KAB. NIAS SELATAN,12.14,Lahusa,12.14.03,Hiliorudua,12.14.03.2027
SUMATERA UTARA,12,KAB. NIAS SELATAN,12.14,Lahusa,12.14.03,Hilizomboi,12.14.03.2032
SUMATERA UTARA,12,KAB. NIAS SELATAN,12.14,Lahusa,12.14.03,Oikhoda Balaekha,12.14.03.2036
SUMATERA UTARA,12,KAB. NIAS SELATAN,12.14,Lahusa,12.14.03,Angorudua Balaekha,12.14.03.2037
SUMATERA UTARA,12,KAB. NIAS SELATAN,12.14,Lahusa,12.14.03,Hilinawalo Balaekha,12.14.03.2038
SUMATERA UTARA,12,KAB. NIAS SELATAN,12.14,Lahusa,12.14.03,Sobawagoli,12.14.03.2039
SUMATERA UTARA,12,KAB. NIAS SELATAN,12.14,Lahusa,12.14.03,Lahusa I,12.14.03.2040
SUMATERA UTARA,12,KAB. NIAS SELATAN,12.14,Lahusa,12.14.03,Hiliwatema,12.14.03.2041
SUMATERA UTARA,12,KAB. NIAS SELATAN,12.14,Lahusa,12.14.03,Mogae,12.14.03.2042
SUMATERA UTARA,12,KAB. NIAS SELATAN,12.14,Lahusa,12.14.03,Sinar Baho,12.14.03.2043
SUMATERA UTARA,12,KAB. NIAS SELATAN,12.14,Hibala,12.14.04,Duru,12.14.04.2001
SUMATERA UTARA,12,KAB. NIAS SELATAN,12.14,Hibala,12.14.04,Tuwaso,12.14.04.2002
SUMATERA UTARA,12,KAB. NIAS SELATAN,12.14,Hibala,12.14.04,Hilioromao,12.14.04.2003
SUMATERA UTARA,12,KAB. NIAS SELATAN,12.14,Hibala,12.14.04,Eho,12.14.04.2004
SUMATERA UTARA,12,KAB. NIAS SELATAN,12.14,Hibala,12.14.04,Sialema,12.14.04.2005
SUMATERA UTARA,12,KAB. NIAS SELATAN,12.14,Hibala,12.14.04,Bowonifaoso,12.14.04.2006
SUMATERA UTARA,12,KAB. NIAS SELATAN,12.14,Hibala,12.14.04,Hilianombasela,12.14.04.2007
SUMATERA UTARA,12,KAB. NIAS SELATAN,12.14,Hibala,12.14.04,Lumbui Melayu,12.14.04.2008
SUMATERA UTARA,12,KAB. NIAS SELATAN,12.14,Hibala,12.14.04,Hiliorodua Tebolo,12.14.04.2009
SUMATERA UTARA,12,KAB. NIAS SELATAN,12.14,Hibala,12.14.04,Tebolo Melayu,12.14.04.2010
SUMATERA UTARA,12,KAB. NIAS SELATAN,12.14,Hibala,12.14.04,Lumbui Nias,12.14.04.2021
SUMATERA UTARA,12,KAB. NIAS SELATAN,12.14,Hibala,12.14.04,Baruyu Sibohou,12.14.04.2022
SUMATERA UTARA,12,KAB. NIAS SELATAN,12.14,Hibala,12.14.04,Sepakat,12.14.04.2023
SUMATERA UTARA,12,KAB. NIAS SELATAN,12.14,Hibala,12.14.04,Tano Mokinu,12.14.04.2024
SUMATERA UTARA,12,KAB. NIAS SELATAN,12.14,Hibala,12.14.04,Hilikana,12.14.04.2025
SUMATERA UTARA,12,KAB. NIAS SELATAN,12.14,Hibala,12.14.04,Hilinifaese,12.14.04.2026
SUMATERA UTARA,12,KAB. NIAS SELATAN,12.14,Hibala,12.14.04,Omega,12.14.04.2027
SUMATERA UTARA,12,KAB. NIAS SELATAN,12.14,Pulau-Pulau Batu,12.14.05,Hiliotalua,12.14.05.2001
SUMATERA UTARA,12,KAB. NIAS SELATAN,12.14,Pulau-Pulau Batu,12.14.05,Bawodobara,12.14.05.2002
SUMATERA UTARA,12,KAB. NIAS SELATAN,12.14,Pulau-Pulau Batu,12.14.05,Bawo'amahelato,12.14.05.2003
SUMATERA UTARA,12,KAB. NIAS SELATAN,12.14,Pulau-Pulau Batu,12.14.05,Bawo'omasio,12.14.05.2004
SUMATERA UTARA,12,KAB. NIAS SELATAN,12.14,Pulau-Pulau Batu,12.14.05,Loboi,12.14.05.2005
SUMATERA UTARA,12,KAB. NIAS SELATAN,12.14,Pulau-Pulau Batu,12.14.05,Hiliamaodula,12.14.05.2006
SUMATERA UTARA,12,KAB. NIAS SELATAN,12.14,Pulau-Pulau Batu,12.14.05,Baruyu Lasara,12.14.05.2007
SUMATERA UTARA,12,KAB. NIAS SELATAN,12.14,Pulau-Pulau Batu,12.14.05,Sifitu Ewali,12.14.05.2008
SUMATERA UTARA,12,KAB. NIAS SELATAN,12.14,Pulau-Pulau Batu,12.14.05,Rapa-rapa Melayu,12.14.05.2009
SUMATERA UTARA,12,KAB. NIAS SELATAN,12.14,Pulau-Pulau Batu,12.14.05,Sinauru,12.14.05.2010
SUMATERA UTARA,12,KAB. NIAS SELATAN,12.14,Pulau-Pulau Batu,12.14.05,Siofa Ewali,12.14.05.2011
SUMATERA UTARA,12,KAB. NIAS SELATAN,12.14,Pulau-Pulau Batu,12.14.05,Simaluaya,12.14.05.2012
SUMATERA UTARA,12,KAB. NIAS SELATAN,12.14,Pulau-Pulau Batu,12.14.05,Silima Ewali,12.14.05.2013
SUMATERA UTARA,12,KAB. NIAS SELATAN,12.14,Pulau-Pulau Batu,12.14.05,Sidua Ewali,12.14.05.2014
SUMATERA UTARA,12,KAB. NIAS SELATAN,12.14,Pulau-Pulau Batu,12.14.05,Balogia,12.14.05.2027
SUMATERA UTARA,12,KAB. NIAS SELATAN,12.14,Pulau-Pulau Batu,12.14.05,Lasonde,12.14.05.2029
SUMATERA UTARA,12,KAB. NIAS SELATAN,12.14,Pulau-Pulau Batu,12.14.05,Koto,12.14.05.2041
SUMATERA UTARA,12,KAB. NIAS SELATAN,12.14,Pulau-Pulau Batu,12.14.05,Pasar Pulau Tello,12.14.05.1046
SUMATERA UTARA,12,KAB. NIAS SELATAN,12.14,Pulau-Pulau Batu,12.14.05,Onaya,12.14.05.2048
SUMATERA UTARA,12,KAB. NIAS SELATAN,12.14,Pulau-Pulau Batu,12.14.05,Sisarahili,12.14.05.2049
SUMATERA UTARA,12,KAB. NIAS SELATAN,12.14,Pulau-Pulau Batu,12.14.05,Sebuasi,12.14.05.2051
SUMATERA UTARA,12,KAB. NIAS SELATAN,12.14,Pulau-Pulau Batu,12.14.05,Orahili,12.14.05.2054
SUMATERA UTARA,12,KAB. NIAS SELATAN,12.14,Teluk Dalam,12.14.06,Hiligeho,12.14.06.2006
SUMATERA UTARA,12,KAB. NIAS SELATAN,12.14,Teluk Dalam,12.14.06,Hilitobara,12.14.06.2007
SUMATERA UTARA,12,KAB. NIAS SELATAN,12.14,Teluk Dalam,12.14.06,Pasar Teluk Dalam,12.14.06.1008
SUMATERA UTARA,12,KAB. NIAS SELATAN,12.14,Teluk Dalam,12.14.06,Bawonifaoso,12.14.06.2009
SUMATERA UTARA,12,KAB. NIAS SELATAN,12.14,Teluk Dalam,12.14.06,Bawozaua,12.14.06.2010
SUMATERA UTARA,12,KAB. NIAS SELATAN,12.14,Teluk Dalam,12.14.06,Hiliganowo,12.14.06.2011
SUMATERA UTARA,12,KAB. NIAS SELATAN,12.14,Teluk Dalam,12.14.06,Bawodobara,12.14.06.2023
SUMATERA UTARA,12,KAB. NIAS SELATAN,12.14,Teluk Dalam,12.14.06,Bawolowalani,12.14.06.2024
SUMATERA UTARA,12,KAB. NIAS SELATAN,12.14,Teluk Dalam,12.14.06,Hilisao'otoniha,12.14.06.2025
SUMATERA UTARA,12,KAB. NIAS SELATAN,12.14,Teluk Dalam,12.14.06,Hilisondrekha,12.14.06.2026
SUMATERA UTARA,12,KAB. NIAS SELATAN,12.14,Teluk Dalam,12.14.06,Hiliamuri,12.14.06.2040
SUMATERA UTARA,12,KAB. NIAS SELATAN,12.14,Teluk Dalam,12.14.06,Hiliana'a,12.14.06.2042
SUMATERA UTARA,12,KAB. NIAS SELATAN,12.14,Teluk Dalam,12.14.06,Hiliganowo Salo'o,12.14.06.2043
SUMATERA UTARA,12,KAB. NIAS SELATAN,12.14,Teluk Dalam,12.14.06,Ganowo Saua,12.14.06.2044
SUMATERA UTARA,12,KAB. NIAS SELATAN,12.14,Teluk Dalam,12.14.06,Nanowa,12.14.06.2045
SUMATERA UTARA,12,KAB. NIAS SELATAN,12.14,Teluk Dalam,12.14.06,Hililaza,12.14.06.2046
SUMATERA UTARA,12,KAB. NIAS SELATAN,12.14,Amandraya,12.14.07,Sifaoroasi,12.14.07.2004
SUMATERA UTARA,12,KAB. NIAS SELATAN,12.14,Amandraya,12.14.07,Hilihoru,12.14.07.2005
SUMATERA UTARA,12,KAB. NIAS SELATAN,12.14,Amandraya,12.14.07,Hilimbulawa,12.14.07.2006
SUMATERA UTARA,12,KAB. NIAS SELATAN,12.14,Amandraya,12.14.07,Tuindrao,12.14.07.2008
SUMATERA UTARA,12,KAB. NIAS SELATAN,12.14,Amandraya,12.14.07,Hilimbowo,12.14.07.2009
SUMATERA UTARA,12,KAB. NIAS SELATAN,12.14,Amandraya,12.14.07,Mohili,12.14.07.2011
SUMATERA UTARA,12,KAB. NIAS SELATAN,12.14,Amandraya,12.14.07,Lolozaria,12.14.07.2012
SUMATERA UTARA,12,KAB. NIAS SELATAN,12.14,Amandraya,12.14.07,Lolomoyo,12.14.07.2013
SUMATERA UTARA,12,KAB. NIAS SELATAN,12.14,Amandraya,12.14.07,Hilifadolo,12.14.07.2014
SUMATERA UTARA,12,KAB. NIAS SELATAN,12.14,Amandraya,12.14.07,Orahili Eho,12.14.07.2015
SUMATERA UTARA,12,KAB. NIAS SELATAN,12.14,Amandraya,12.14.07,Sisobahili,12.14.07.2016
SUMATERA UTARA,12,KAB. NIAS SELATAN,12.14,Amandraya,12.14.07,Loloabolo,12.14.07.2023
SUMATERA UTARA,12,KAB. NIAS SELATAN,12.14,Amandraya,12.14.07,Hilisalo'o,12.14.07.2024
SUMATERA UTARA,12,KAB. NIAS SELATAN,12.14,Amandraya,12.14.07,Sirofi,12.14.07.2026
SUMATERA UTARA,12,KAB. NIAS SELATAN,12.14,Amandraya,12.14.07,Hilindraso,12.14.07.2027
SUMATERA UTARA,12,KAB. NIAS SELATAN,12.14,Amandraya,12.14.07,Hilimaera,12.14.07.2028
SUMATERA UTARA,12,KAB. NIAS SELATAN,12.14,Amandraya,12.14.07,Boholu,12.14.07.2029
SUMATERA UTARA,12,KAB. NIAS SELATAN,12.14,Amandraya,12.14.07,Amandraya,12.14.07.2030
SUMATERA UTARA,12,KAB. NIAS SELATAN,12.14,Amandraya,12.14.07,Sinar Ino'o,12.14.07.2031
SUMATERA UTARA,12,KAB. NIAS SELATAN,12.14,Amandraya,12.14.07,Tuindrao I,12.14.07.2032
SUMATERA UTARA,12,KAB. NIAS SELATAN,12.14,Amandraya,12.14.07,Tuhemberua Amandraya,12.14.07.2033
SUMATERA UTARA,12,KAB. NIAS SELATAN,12.14,Lolowau,12.14.08,Amuri,12.14.08.2001
SUMATERA UTARA,12,KAB. NIAS SELATAN,12.14,Lolowau,12.14.08,Bawosalo'o Siwalawa,12.14.08.2004
SUMATERA UTARA,12,KAB. NIAS SELATAN,12.14,Lolowau,12.14.08,Hilifadolo,12.14.08.2009
SUMATERA UTARA,12,KAB. NIAS SELATAN,12.14,Lolowau,12.14.08,Lolofaoso,12.14.08.2014
SUMATERA UTARA,12,KAB. NIAS SELATAN,12.14,Lolowau,12.14.08,Lolomoyo,12.14.08.2015
SUMATERA UTARA,12,KAB. NIAS SELATAN,12.14,Lolowau,12.14.08,Lolowau,12.14.08.2016
SUMATERA UTARA,12,KAB. NIAS SELATAN,12.14,Lolowau,12.14.08,Lolohowa,12.14.08.2017
SUMATERA UTARA,12,KAB. NIAS SELATAN,12.14,Lolowau,12.14.08,Sisarahili Ekholo,12.14.08.2022
SUMATERA UTARA,12,KAB. NIAS SELATAN,12.14,Lolowau,12.14.08,Tuhegafoa,12.14.08.2030
SUMATERA UTARA,12,KAB. NIAS SELATAN,12.14,Lolowau,12.14.08,Botohili,12.14.08.2033
SUMATERA UTARA,12,KAB. NIAS SELATAN,12.14,Lolowau,12.14.08,Hilikara,12.14.08.2035
SUMATERA UTARA,12,KAB. NIAS SELATAN,12.14,Lolowau,12.14.08,Samiri,12.14.08.2044
SUMATERA UTARA,12,KAB. NIAS SELATAN,12.14,Lolowau,12.14.08,Hilimbowo Siwalawa,12.14.08.2047
SUMATERA UTARA,12,KAB. NIAS SELATAN,12.14,Lolowau,12.14.08,Nituwu Boho,12.14.08.2048
SUMATERA UTARA,12,KAB. NIAS SELATAN,12.14,Susua,12.14.09,Sifalago Susua,12.14.09.2001
SUMATERA UTARA,12,KAB. NIAS SELATAN,12.14,Susua,12.14.09,Orahili Susua,12.14.09.2002
SUMATERA UTARA,12,KAB. NIAS SELATAN,12.14,Susua,12.14.09,Hiliana'a Susua,12.14.09.2003
SUMATERA UTARA,12,KAB. NIAS SELATAN,12.14,Susua,12.14.09,Hiliorahua,12.14.09.2004
SUMATERA UTARA,12,KAB. NIAS SELATAN,12.14,Susua,12.14.09,Hilimboe,12.14.09.2005
SUMATERA UTARA,12,KAB. NIAS SELATAN,12.14,Susua,12.14.09,Hilimboho,12.14.09.2006
SUMATERA UTARA,12,KAB. NIAS SELATAN,12.14,Susua,12.14.09,Hiliwaebu,12.14.09.2008
SUMATERA UTARA,12,KAB. NIAS SELATAN,12.14,Susua,12.14.09,Hilidanayao,12.14.09.2009
SUMATERA UTARA,12,KAB. NIAS SELATAN,12.14,Susua,12.14.09,Hilizamurugo,12.14.09.2010
SUMATERA UTARA,12,KAB. NIAS SELATAN,12.14,Susua,12.14.09,Sisobahili,12.14.09.2011
SUMATERA UTARA,12,KAB. NIAS SELATAN,12.14,Susua,12.14.09,Dao-dao Zanuwo,12.14.09.2012
SUMATERA UTARA,12,KAB. NIAS SELATAN,12.14,Susua,12.14.09,Hiliorudua,12.14.09.2013
SUMATERA UTARA,12,KAB. NIAS SELATAN,12.14,Susua,12.14.09,Bintang Baru,12.14.09.2014
SUMATERA UTARA,12,KAB. NIAS SELATAN,12.14,Susua,12.14.09,Hilitobara Susua,12.14.09.2015
SUMATERA UTARA,12,KAB. NIAS SELATAN,12.14,Susua,12.14.09,Orahua Uluzoi,12.14.09.2016
SUMATERA UTARA,12,KAB. NIAS SELATAN,12.14,Susua,12.14.09,Hilisibohou,12.14.09.2017
SUMATERA UTARA,12,KAB. NIAS SELATAN,12.14,Susua,12.14.09,Hiliadulosoi,12.14.09.2018
SUMATERA UTARA,12,KAB. NIAS SELATAN,12.14,Susua,12.14.09,Orahili Bo'e,12.14.09.2019
SUMATERA UTARA,12,KAB. NIAS SELATAN,12.14,Maniamolo,12.14.10,Hilisimaetano,12.14.10.2001
SUMATERA UTARA,12,KAB. NIAS SELATAN,12.14,Maniamolo,12.14.10,Bawogosali,12.14.10.2002
SUMATERA UTARA,12,KAB. NIAS SELATAN,12.14,Maniamolo,12.14.10,Hilifalawu,12.14.10.2003
SUMATERA UTARA,12,KAB. NIAS SELATAN,12.14,Maniamolo,12.14.10,Samadaya Hilisimaetano,12.14.10.2005
SUMATERA UTARA,12,KAB. NIAS SELATAN,12.14,Maniamolo,12.14.10,Idala Jaya Hilisimaetano,12.14.10.2006
SUMATERA UTARA,12,KAB. NIAS SELATAN,12.14,Maniamolo,12.14.10,Pekan Hilisimaetano,12.14.10.2007
SUMATERA UTARA,12,KAB. NIAS SELATAN,12.14,Maniamolo,12.14.10,Bonia Hilisimaetano,12.14.10.2008
SUMATERA UTARA,12,KAB. NIAS SELATAN,12.14,Maniamolo,12.14.10,Ndraso Hilisimaetano,12.14.10.2009
SUMATERA UTARA,12,KAB. NIAS SELATAN,12.14,Maniamolo,12.14.10,Faomasi Hilisimaetano,12.14.10.2010
SUMATERA UTARA,12,KAB. NIAS SELATAN,12.14,Maniamolo,12.14.10,Eho Hilisimaetano,12.14.10.2011
SUMATERA UTARA,12,KAB. NIAS SELATAN,12.14,Maniamolo,12.14.10,Soto'o Hilisimaetano,12.14.10.2012
SUMATERA UTARA,12,KAB. NIAS SELATAN,12.14,Maniamolo,12.14.10,Hiliaurifa Hilisimaetano,12.14.10.2013
SUMATERA UTARA,12,KAB. NIAS SELATAN,12.14,Maniamolo,12.14.10,Bawohosi Maniamolo,12.14.10.2015
SUMATERA UTARA,12,KAB. NIAS SELATAN,12.14,Maniamolo,12.14.10,Bawosaodano,12.14.10.2016
SUMATERA UTARA,12,KAB. NIAS SELATAN,12.14,Hilimegai,12.14.11,Togizita,12.14.11.2001
SUMATERA UTARA,12,KAB. NIAS SELATAN,12.14,Hilimegai,12.14.11,Soledua,12.14.11.2002
SUMATERA UTARA,12,KAB. NIAS SELATAN,12.14,Hilimegai,12.14.11,Bawosalo'o Dao-dao,12.14.11.2003
SUMATERA UTARA,12,KAB. NIAS SELATAN,12.14,Hilimegai,12.14.11,Tuho'owo,12.14.11.2004
SUMATERA UTARA,12,KAB. NIAS SELATAN,12.14,Hilimegai,12.14.11,Togizita I,12.14.11.2005
SUMATERA UTARA,12,KAB. NIAS SELATAN,12.14,Hilimegai,12.14.11,Hilitoese,12.14.11.2007
SUMATERA UTARA,12,KAB. NIAS SELATAN,12.14,Hilimegai,12.14.11,Dao-dao Sowo,12.14.11.2008
SUMATERA UTARA,12,KAB. NIAS SELATAN,12.14,Hilimegai,12.14.11,Hiliadulo,12.14.11.2009
SUMATERA UTARA,12,KAB. NIAS SELATAN,12.14,Hilimegai,12.14.11,Soledua I,12.14.11.2010
SUMATERA UTARA,12,KAB. NIAS SELATAN,12.14,Hilimegai,12.14.11,Soledua II,12.14.11.2011
SUMATERA UTARA,12,KAB. NIAS SELATAN,12.14,Toma,12.14.12,Hilisataro,12.14.12.2001
SUMATERA UTARA,12,KAB. NIAS SELATAN,12.14,Toma,12.14.12,Hilinamoniha,12.14.12.2002
SUMATERA UTARA,12,KAB. NIAS SELATAN,12.14,Toma,12.14.12,Hiliamaetaluo,12.14.12.2003
SUMATERA UTARA,12,KAB. NIAS SELATAN,12.14,Toma,12.14.12,Bawoganowo,12.14.12.2004
SUMATERA UTARA,12,KAB. NIAS SELATAN,12.14,Toma,12.14.12,Hili'alawa,12.14.12.2005
SUMATERA UTARA,12,KAB. NIAS SELATAN,12.14,Toma,12.14.12,Hilindrasoniha,12.14.12.2006
SUMATERA UTARA,12,KAB. NIAS SELATAN,12.14,Toma,12.14.12,Hilimagari,12.14.12.2007
SUMATERA UTARA,12,KAB. NIAS SELATAN,12.14,Toma,12.14.12,Hilisataro Raya,12.14.12.2008
SUMATERA UTARA,12,KAB. NIAS SELATAN,12.14,Toma,12.14.12,Hilisataro Gewa,12.14.12.2009
SUMATERA UTARA,12,KAB. NIAS SELATAN,12.14,Toma,12.14.12,Hilisoromi,12.14.12.2010
SUMATERA UTARA,12,KAB. NIAS SELATAN,12.14,Toma,12.14.12,Hiliasi,12.14.12.2011
SUMATERA UTARA,12,KAB. NIAS SELATAN,12.14,Toma,12.14.12,Hilindraso Raya,12.14.12.2012
SUMATERA UTARA,12,KAB. NIAS SELATAN,12.14,Toma,12.14.12,Hilisataro Nandisa,12.14.12.2013
SUMATERA UTARA,12,KAB. NIAS SELATAN,12.14,Toma,12.14.12,Hilisataro Eho Sofayo,12.14.12.2014
SUMATERA UTARA,12,KAB. NIAS SELATAN,12.14,Mazino,12.14.13,Hilizalo'otano,12.14.13.2001
SUMATERA UTARA,12,KAB. NIAS SELATAN,12.14,Mazino,12.14.13,Hilinawalo Mazino,12.14.13.2002
SUMATERA UTARA,12,KAB. NIAS SELATAN,12.14,Mazino,12.14.13,Lawindra,12.14.13.2003
SUMATERA UTARA,12,KAB. NIAS SELATAN,12.14,Mazino,12.14.13,Bawolahusa,12.14.13.2004
SUMATERA UTARA,12,KAB. NIAS SELATAN,12.14,Mazino,12.14.13,Hilizoroi Lawa,12.14.13.2005
SUMATERA UTARA,12,KAB. NIAS SELATAN,12.14,Mazino,12.14.13,Hilizalo'otano Laowo,12.14.13.2006
SUMATERA UTARA,12,KAB. NIAS SELATAN,12.14,Mazino,12.14.13,Hilizalo'otano Larono,12.14.13.2007
SUMATERA UTARA,12,KAB. NIAS SELATAN,12.14,Mazino,12.14.13,Hililaza Hilinawalo Mazino,12.14.13.2008
SUMATERA UTARA,12,KAB. NIAS SELATAN,12.14,Mazino,12.14.13,Hilifondege Hilizoroilawa,12.14.13.2009
SUMATERA UTARA,12,KAB. NIAS SELATAN,12.14,Mazino,12.14.13,Lolomboli,12.14.13.2010
SUMATERA UTARA,12,KAB. NIAS SELATAN,12.14,Mazino,12.14.13,Bawolahusa Doli-doli,12.14.13.2011
SUMATERA UTARA,12,KAB. NIAS SELATAN,12.14,Umbunasi,12.14.14,Lawindra,12.14.14.2001
SUMATERA UTARA,12,KAB. NIAS SELATAN,12.14,Umbunasi,12.14.14,Sifaoro'asi Mola,12.14.14.2003
SUMATERA UTARA,12,KAB. NIAS SELATAN,12.14,Umbunasi,12.14.14,Hiliuso,12.14.14.2004
SUMATERA UTARA,12,KAB. NIAS SELATAN,12.14,Umbunasi,12.14.14,Balohili Mola,12.14.14.2005
SUMATERA UTARA,12,KAB. NIAS SELATAN,12.14,Umbunasi,12.14.14,Ambukha,12.14.14.2006
SUMATERA UTARA,12,KAB. NIAS SELATAN,12.14,Umbunasi,12.14.14,Tobualo,12.14.14.2007
SUMATERA UTARA,12,KAB. NIAS SELATAN,12.14,Umbunasi,12.14.14,Hilibadalu,12.14.14.2008
SUMATERA UTARA,12,KAB. NIAS SELATAN,12.14,Umbunasi,12.14.14,Foikhugaga,12.14.14.2009
SUMATERA UTARA,12,KAB. NIAS SELATAN,12.14,Umbunasi,12.14.14,Orlin,12.14.14.2010
SUMATERA UTARA,12,KAB. NIAS SELATAN,12.14,Umbunasi,12.14.14,Orahili Mola,12.14.14.2011
SUMATERA UTARA,12,KAB. NIAS SELATAN,12.14,Umbunasi,12.14.14,Umbunasi,12.14.14.2012
SUMATERA UTARA,12,KAB. NIAS SELATAN,12.14,Aramo,12.14.15,Hilitotao,12.14.15.2001
SUMATERA UTARA,12,KAB. NIAS SELATAN,12.14,Aramo,12.14.15,Hiliorudua,12.14.15.2002
SUMATERA UTARA,12,KAB. NIAS SELATAN,12.14,Aramo,12.14.15,Sisobambowo,12.14.15.2003
SUMATERA UTARA,12,KAB. NIAS SELATAN,12.14,Aramo,12.14.15,Hiliamauzula,12.14.15.2004
SUMATERA UTARA,12,KAB. NIAS SELATAN,12.14,Aramo,12.14.15,Aramo,12.14.15.2005
SUMATERA UTARA,12,KAB. NIAS SELATAN,12.14,Aramo,12.14.15,Sikhorilafau,12.14.15.2006
SUMATERA UTARA,12,KAB. NIAS SELATAN,12.14,Aramo,12.14.15,Hilifadolo,12.14.15.2007
SUMATERA UTARA,12,KAB. NIAS SELATAN,12.14,Aramo,12.14.15,Hume,12.14.15.2008
SUMATERA UTARA,12,KAB. NIAS SELATAN,12.14,Aramo,12.14.15,Dao-dao,12.14.15.2009
SUMATERA UTARA,12,KAB. NIAS SELATAN,12.14,Aramo,12.14.15,Hilimagiao,12.14.15.2010
SUMATERA UTARA,12,KAB. NIAS SELATAN,12.14,Aramo,12.14.15,Hilisawato,12.14.15.2011
SUMATERA UTARA,12,KAB. NIAS SELATAN,12.14,Aramo,12.14.15,Balohao,12.14.15.2012
SUMATERA UTARA,12,KAB. NIAS SELATAN,12.14,Aramo,12.14.15,Hiligafoa,12.14.15.2013
SUMATERA UTARA,12,KAB. NIAS SELATAN,12.14,Aramo,12.14.15,Hilimbowo,12.14.15.2014
SUMATERA UTARA,12,KAB. NIAS SELATAN,12.14,Aramo,12.14.15,Hilimezaya,12.14.15.2015
SUMATERA UTARA,12,KAB. NIAS SELATAN,12.14,Aramo,12.14.15,Hiliadolowa,12.14.15.2016
SUMATERA UTARA,12,KAB. NIAS SELATAN,12.14,Aramo,12.14.15,Hiligumbu,12.14.15.2017
SUMATERA UTARA,12,KAB. NIAS SELATAN,12.14,Aramo,12.14.15,Bagoa,12.14.15.2018
SUMATERA UTARA,12,KAB. NIAS SELATAN,12.14,Pulau-Pulau Batu Timur,12.14.16,Labuhan Hiu,12.14.16.2001
SUMATERA UTARA,12,KAB. NIAS SELATAN,12.14,Pulau-Pulau Batu Timur,12.14.16,Labuhan Bazau,12.14.16.2002
SUMATERA UTARA,12,KAB. NIAS SELATAN,12.14,Pulau-Pulau Batu Timur,12.14.16,Labuan Rima,12.14.16.2003
SUMATERA UTARA,12,KAB. NIAS SELATAN,12.14,Pulau-Pulau Batu Timur,12.14.16,Lambak,12.14.16.2004
SUMATERA UTARA,12,KAB. NIAS SELATAN,12.14,Pulau-Pulau Batu Timur,12.14.16,Bais,12.14.16.2005
SUMATERA UTARA,12,KAB. NIAS SELATAN,12.14,Pulau-Pulau Batu Timur,12.14.16,Mahang Labara,12.14.16.2006
SUMATERA UTARA,12,KAB. NIAS SELATAN,12.14,Pulau-Pulau Batu Timur,12.14.16,Adam,12.14.16.2007
SUMATERA UTARA,12,KAB. NIAS SELATAN,12.14,Pulau-Pulau Batu Timur,12.14.16,Labara,12.14.16.2008
SUMATERA UTARA,12,KAB. NIAS SELATAN,12.14,Pulau-Pulau Batu Timur,12.14.16,Bais Baru,12.14.16.2009
SUMATERA UTARA,12,KAB. NIAS SELATAN,12.14,Pulau-Pulau Batu Timur,12.14.16,Labuan Rima Baru,12.14.16.2010
SUMATERA UTARA,12,KAB. NIAS SELATAN,12.14,Mazo,12.14.17,Tetegawa'ai,12.14.17.2001
SUMATERA UTARA,12,KAB. NIAS SELATAN,12.14,Mazo,12.14.17,Hilimbaruzo,12.14.17.2002
SUMATERA UTARA,12,KAB. NIAS SELATAN,12.14,Mazo,12.14.17,Luahandroito,12.14.17.2003
SUMATERA UTARA,12,KAB. NIAS SELATAN,12.14,Mazo,12.14.17,Orahuahili,12.14.17.2005
SUMATERA UTARA,12,KAB. NIAS SELATAN,12.14,Mazo,12.14.17,Ulu Mazo,12.14.17.2006
SUMATERA UTARA,12,KAB. NIAS SELATAN,12.14,Mazo,12.14.17,Guigui,12.14.17.2007
SUMATERA UTARA,12,KAB. NIAS SELATAN,12.14,Mazo,12.14.17,Hilimaufa,12.14.17.2009
SUMATERA UTARA,12,KAB. NIAS SELATAN,12.14,Mazo,12.14.17,Siofabanua,12.14.17.2010
SUMATERA UTARA,12,KAB. NIAS SELATAN,12.14,Mazo,12.14.17,Tetegawa'ai Ehomo,12.14.17.2011
SUMATERA UTARA,12,KAB. NIAS SELATAN,12.14,Mazo,12.14.17,Tafulu,12.14.17.2013
SUMATERA UTARA,12,KAB. NIAS SELATAN,12.14,Fanayama,12.14.18,Bawomataluo,12.14.18.2001
SUMATERA UTARA,12,KAB. NIAS SELATAN,12.14,Fanayama,12.14.18,Orahili Fau,12.14.18.2002
SUMATERA UTARA,12,KAB. NIAS SELATAN,12.14,Fanayama,12.14.18,Bawonahono,12.14.18.2003
SUMATERA UTARA,12,KAB. NIAS SELATAN,12.14,Fanayama,12.14.18,Siwalawa,12.14.18.2005
SUMATERA UTARA,12,KAB. NIAS SELATAN,12.14,Fanayama,12.14.18,Onohondro,12.14.18.2006
SUMATERA UTARA,12,KAB. NIAS SELATAN,12.14,Fanayama,12.14.18,Hilinawalo Fau,12.14.18.2007
SUMATERA UTARA,12,KAB. NIAS SELATAN,12.14,Fanayama,12.14.18,Lahusa Fau,12.14.18.2008
SUMATERA UTARA,12,KAB. NIAS SELATAN,12.14,Fanayama,12.14.18,Hilizihono,12.14.18.2011
SUMATERA UTARA,12,KAB. NIAS SELATAN,12.14,Fanayama,12.14.18,Hiliofonaluo,12.14.18.2012
SUMATERA UTARA,12,KAB. NIAS SELATAN,12.14,Fanayama,12.14.18,Bawofanayama,12.14.18.2015
SUMATERA UTARA,12,KAB. NIAS SELATAN,12.14,Fanayama,12.14.18,Hilikara Maha,12.14.18.2017
SUMATERA UTARA,12,KAB. NIAS SELATAN,12.14,Fanayama,12.14.18,Hilisalawa,12.14.18.2018
SUMATERA UTARA,12,KAB. NIAS SELATAN,12.14,Fanayama,12.14.18,Hiligito,12.14.18.2019
SUMATERA UTARA,12,KAB. NIAS SELATAN,12.14,Fanayama,12.14.18,Siliwulawa,12.14.18.2020
SUMATERA UTARA,12,KAB. NIAS SELATAN,12.14,Fanayama,12.14.18,Hilifarokha Lawa,12.14.18.2021
SUMATERA UTARA,12,KAB. NIAS SELATAN,12.14,Fanayama,12.14.18,Eho Orahili,12.14.18.2022
SUMATERA UTARA,12,KAB. NIAS SELATAN,12.14,Fanayama,12.14.18,Ete Batu,12.14.18.2023
SUMATERA UTARA,12,KAB. NIAS SELATAN,12.14,Ulunoyo,12.14.19,Sambulu,12.14.19.2001
SUMATERA UTARA,12,KAB. NIAS SELATAN,12.14,Ulunoyo,12.14.19,Orahili Ulunoyo,12.14.19.2002
SUMATERA UTARA,12,KAB. NIAS SELATAN,12.14,Ulunoyo,12.14.19,Hiliwaebu,12.14.19.2003
SUMATERA UTARA,12,KAB. NIAS SELATAN,12.14,Ulunoyo,12.14.19,Amorosa,12.14.19.2004
SUMATERA UTARA,12,KAB. NIAS SELATAN,12.14,Ulunoyo,12.14.19,Marao,12.14.19.2005
SUMATERA UTARA,12,KAB. NIAS SELATAN,12.14,Ulunoyo,12.14.19,Borowosi,12.14.19.2006
SUMATERA UTARA,12,KAB. NIAS SELATAN,12.14,Ulunoyo,12.14.19,Hilimaera,12.14.19.2007
SUMATERA UTARA,12,KAB. NIAS SELATAN,12.14,Ulunoyo,12.14.19,Suka Maju,12.14.19.2008
SUMATERA UTARA,12,KAB. NIAS SELATAN,12.14,Ulunoyo,12.14.19,Loloana'a,12.14.19.2009
SUMATERA UTARA,12,KAB. NIAS SELATAN,12.14,Ulunoyo,12.14.19,Hilifakhe,12.14.19.2010
SUMATERA UTARA,12,KAB. NIAS SELATAN,12.14,Ulunoyo,12.14.19,Bawo Lolomatua,12.14.19.2011
SUMATERA UTARA,12,KAB. NIAS SELATAN,12.14,Ulunoyo,12.14.19,Ambukha I,12.14.19.2012
SUMATERA UTARA,12,KAB. NIAS SELATAN,12.14,Ulunoyo,12.14.19,Puncak Lolomatua,12.14.19.2013
SUMATERA UTARA,12,KAB. NIAS SELATAN,12.14,Huruna,12.14.20,Ehosakhozi,12.14.20.2001
SUMATERA UTARA,12,KAB. NIAS SELATAN,12.14,Huruna,12.14.20,Bawohosi,12.14.20.2002
SUMATERA UTARA,12,KAB. NIAS SELATAN,12.14,Huruna,12.14.20,Hilizoliga,12.14.20.2003
SUMATERA UTARA,12,KAB. NIAS SELATAN,12.14,Huruna,12.14.20,Olayama,12.14.20.2004
SUMATERA UTARA,12,KAB. NIAS SELATAN,12.14,Huruna,12.14.20,Sifaoroasi,12.14.20.2005
SUMATERA UTARA,12,KAB. NIAS SELATAN,12.14,Huruna,12.14.20,Sifalago,12.14.20.2006
SUMATERA UTARA,12,KAB. NIAS SELATAN,12.14,Huruna,12.14.20,Lalimanawa,12.14.20.2007
SUMATERA UTARA,12,KAB. NIAS SELATAN,12.14,Huruna,12.14.20,Tundrumbaho,12.14.20.2008
SUMATERA UTARA,12,KAB. NIAS SELATAN,12.14,Huruna,12.14.20,Hiliuso,12.14.20.2009
SUMATERA UTARA,12,KAB. NIAS SELATAN,12.14,Huruna,12.14.20,Sisarahili Huruna,12.14.20.2010
SUMATERA UTARA,12,KAB. NIAS SELATAN,12.14,Huruna,12.14.20,Tarewe,12.14.20.2011
SUMATERA UTARA,12,KAB. NIAS SELATAN,12.14,Huruna,12.14.20,Fadoro Tuhemberua,12.14.20.2012
SUMATERA UTARA,12,KAB. NIAS SELATAN,12.14,Huruna,12.14.20,Hilifalawu,12.14.20.2013
SUMATERA UTARA,12,KAB. NIAS SELATAN,12.14,Huruna,12.14.20,Luahamofakhe,12.14.20.2014
SUMATERA UTARA,12,KAB. NIAS SELATAN,12.14,Huruna,12.14.20,Sifaoroasi Huruna,12.14.20.2015
SUMATERA UTARA,12,KAB. NIAS SELATAN,12.14,Huruna,12.14.20,Hilimanawa,12.14.20.2016
SUMATERA UTARA,12,KAB. NIAS SELATAN,12.14,Huruna,12.14.20,Mombawa Oladano,12.14.20.2017
SUMATERA UTARA,12,KAB. NIAS SELATAN,12.14,O'o'u,12.14.21,Hilinamazihono,12.14.21.2001
SUMATERA UTARA,12,KAB. NIAS SELATAN,12.14,O'o'u,12.14.21,Hilimbowo,12.14.21.2002
SUMATERA UTARA,12,KAB. NIAS SELATAN,12.14,O'o'u,12.14.21,Simandraolo,12.14.21.2003
SUMATERA UTARA,12,KAB. NIAS SELATAN,12.14,O'o'u,12.14.21,Bawosalo'o Bawoluo,12.14.21.2004
SUMATERA UTARA,12,KAB. NIAS SELATAN,12.14,O'o'u,12.14.21,Hilimbuasi,12.14.21.2005
SUMATERA UTARA,12,KAB. NIAS SELATAN,12.14,O'o'u,12.14.21,Simandraolo O'o'u,12.14.21.2006
SUMATERA UTARA,12,KAB. NIAS SELATAN,12.14,O'o'u,12.14.21,Lolomaya,12.14.21.2007
SUMATERA UTARA,12,KAB. NIAS SELATAN,12.14,O'o'u,12.14.21,Suka Maju,12.14.21.2008
SUMATERA UTARA,12,KAB. NIAS SELATAN,12.14,O'o'u,12.14.21,Hiliorudua,12.14.21.2009
SUMATERA UTARA,12,KAB. NIAS SELATAN,12.14,O'o'u,12.14.21,Hilinamazihono Moale,12.14.21.2010
SUMATERA UTARA,12,KAB. NIAS SELATAN,12.14,O'o'u,12.14.21,Balohili O'o'u,12.14.21.2011
SUMATERA UTARA,12,KAB. NIAS SELATAN,12.14,Onohazumba,12.14.22,Fadoro Ewo,12.14.22.2001
SUMATERA UTARA,12,KAB. NIAS SELATAN,12.14,Onohazumba,12.14.22,Soroma'asi,12.14.22.2002
SUMATERA UTARA,12,KAB. NIAS SELATAN,12.14,Onohazumba,12.14.22,Lauso,12.14.22.2003
SUMATERA UTARA,12,KAB. NIAS SELATAN,12.14,Onohazumba,12.14.22,Sisarahili Oyo,12.14.22.2004
SUMATERA UTARA,12,KAB. NIAS SELATAN,12.14,Onohazumba,12.14.22,Sisobahili Huruna,12.14.22.2005
SUMATERA UTARA,12,KAB. NIAS SELATAN,12.14,Onohazumba,12.14.22,Onohazumba,12.14.22.2006
SUMATERA UTARA,12,KAB. NIAS SELATAN,12.14,Onohazumba,12.14.22,Hiliweto,12.14.22.2007
SUMATERA UTARA,12,KAB. NIAS SELATAN,12.14,Onohazumba,12.14.22,Orahili Huruna,12.14.22.2008
SUMATERA UTARA,12,KAB. NIAS SELATAN,12.14,Onohazumba,12.14.22,Tetehosi,12.14.22.2009
SUMATERA UTARA,12,KAB. NIAS SELATAN,12.14,Onohazumba,12.14.22,Helefanikha,12.14.22.2010
SUMATERA UTARA,12,KAB. NIAS SELATAN,12.14,Hilisalawa'ahe,12.14.23,Maluo,12.14.23.2001
SUMATERA UTARA,12,KAB. NIAS SELATAN,12.14,Hilisalawa'ahe,12.14.23,Hiliadulo,12.14.23.2002
SUMATERA UTARA,12,KAB. NIAS SELATAN,12.14,Hilisalawa'ahe,12.14.23,Umbuasi,12.14.23.2003
SUMATERA UTARA,12,KAB. NIAS SELATAN,12.14,Hilisalawa'ahe,12.14.23,Sisobahili Siwalawa,12.14.23.2004
SUMATERA UTARA,12,KAB. NIAS SELATAN,12.14,Hilisalawa'ahe,12.14.23,Manawadano,12.14.23.2005
SUMATERA UTARA,12,KAB. NIAS SELATAN,12.14,Hilisalawa'ahe,12.14.23,Talio,12.14.23.2006
SUMATERA UTARA,12,KAB. NIAS SELATAN,12.14,Hilisalawa'ahe,12.14.23,Anaoma,12.14.23.2007
SUMATERA UTARA,12,KAB. NIAS SELATAN,12.14,Hilisalawa'ahe,12.14.23,Berua Siwalawa,12.14.23.2008
SUMATERA UTARA,12,KAB. NIAS SELATAN,12.14,Hilisalawa'ahe,12.14.23,Umbuasi Barat,12.14.23.2009
SUMATERA UTARA,12,KAB. NIAS SELATAN,12.14,Hilisalawa'ahe,12.14.23,Hiligodu,12.14.23.2010
SUMATERA UTARA,12,KAB. NIAS SELATAN,12.14,Hilisalawa'ahe,12.14.23,Bukit Burasi,12.14.23.2011
SUMATERA UTARA,12,KAB. NIAS SELATAN,12.14,Ulususua,12.14.24,Fondrakoraya,12.14.24.2001
SUMATERA UTARA,12,KAB. NIAS SELATAN,12.14,Ulususua,12.14.24,Orudua Sibohou,12.14.24.2002
SUMATERA UTARA,12,KAB. NIAS SELATAN,12.14,Ulususua,12.14.24,Sisarahili Susua,12.14.24.2003
SUMATERA UTARA,12,KAB. NIAS SELATAN,12.14,Ulususua,12.14.24,Susua,12.14.24.2004
SUMATERA UTARA,12,KAB. NIAS SELATAN,12.14,Ulususua,12.14.24,Lahusa Susua,12.14.24.2005
SUMATERA UTARA,12,KAB. NIAS SELATAN,12.14,Ulususua,12.14.24,Ramba-ramba,12.14.24.2006
SUMATERA UTARA,12,KAB. NIAS SELATAN,12.14,Ulususua,12.14.24,Hilinifaoso,12.14.24.2007
SUMATERA UTARA,12,KAB. NIAS SELATAN,12.14,Ulususua,12.14.24,Sifaoroasi,12.14.24.2008
SUMATERA UTARA,12,KAB. NIAS SELATAN,12.14,Ulususua,12.14.24,Amandraya,12.14.24.2009
SUMATERA UTARA,12,KAB. NIAS SELATAN,12.14,Ulususua,12.14.24,Foikhu Fondrako,12.14.24.2010
SUMATERA UTARA,12,KAB. NIAS SELATAN,12.14,Ulususua,12.14.24,Hiliwosi,12.14.24.2011
SUMATERA UTARA,12,KAB. NIAS SELATAN,12.14,Ulususua,12.14.24,Orahili Fondrako,12.14.24.2012
SUMATERA UTARA,12,KAB. NIAS SELATAN,12.14,Sidua'ori,12.14.25,Mondrowe,12.14.25.2001
SUMATERA UTARA,12,KAB. NIAS SELATAN,12.14,Sidua'ori,12.14.25,Hilidohona,12.14.25.2002
SUMATERA UTARA,12,KAB. NIAS SELATAN,12.14,Sidua'ori,12.14.25,Hililaora,12.14.25.2003
SUMATERA UTARA,12,KAB. NIAS SELATAN,12.14,Sidua'ori,12.14.25,Uluidanoduo,12.14.25.2004
SUMATERA UTARA,12,KAB. NIAS SELATAN,12.14,Sidua'ori,12.14.25,Umbu Sohahau,12.14.25.2005
SUMATERA UTARA,12,KAB. NIAS SELATAN,12.14,Sidua'ori,12.14.25,Hilisao'oto,12.14.25.2006
SUMATERA UTARA,12,KAB. NIAS SELATAN,12.14,Sidua'ori,12.14.25,Taluzusua,12.14.25.2007
SUMATERA UTARA,12,KAB. NIAS SELATAN,12.14,Sidua'ori,12.14.25,Hilizanuwo,12.14.25.2008
SUMATERA UTARA,12,KAB. NIAS SELATAN,12.14,Sidua'ori,12.14.25,Hoya,12.14.25.2009
SUMATERA UTARA,12,KAB. NIAS SELATAN,12.14,Sidua'ori,12.14.25,Na'ai,12.14.25.2010
SUMATERA UTARA,12,KAB. NIAS SELATAN,12.14,Sidua'ori,12.14.25,Olanori,12.14.25.2011
SUMATERA UTARA,12,KAB. NIAS SELATAN,12.14,Somambawa,12.14.26,Sifitubanua,12.14.26.2001
SUMATERA UTARA,12,KAB. NIAS SELATAN,12.14,Somambawa,12.14.26,Siwalu Banua,12.14.26.2002
SUMATERA UTARA,12,KAB. NIAS SELATAN,12.14,Somambawa,12.14.26,Sitolu Banua,12.14.26.2003
SUMATERA UTARA,12,KAB. NIAS SELATAN,12.14,Somambawa,12.14.26,Silima Banua,12.14.26.2004
SUMATERA UTARA,12,KAB. NIAS SELATAN,12.14,Somambawa,12.14.26,Mehaga,12.14.26.2005
SUMATERA UTARA,12,KAB. NIAS SELATAN,12.14,Somambawa,12.14.26,Sihare'o,12.14.26.2006
SUMATERA UTARA,12,KAB. NIAS SELATAN,12.14,Somambawa,12.14.26,Golambanua II,12.14.26.2007
SUMATERA UTARA,12,KAB. NIAS SELATAN,12.14,Somambawa,12.14.26,Oladano,12.14.26.2008
SUMATERA UTARA,12,KAB. NIAS SELATAN,12.14,Somambawa,12.14.26,Fanedanu,12.14.26.2009
SUMATERA UTARA,12,KAB. NIAS SELATAN,12.14,Somambawa,12.14.26,Hiliorahua Tasua,12.14.26.2010
SUMATERA UTARA,12,KAB. NIAS SELATAN,12.14,Somambawa,12.14.26,Somambawa,12.14.26.2011
SUMATERA UTARA,12,KAB. NIAS SELATAN,12.14,Somambawa,12.14.26,Gabungan Tasua,12.14.26.2012
SUMATERA UTARA,12,KAB. NIAS SELATAN,12.14,Somambawa,12.14.26,Hilialawa,12.14.26.2013
SUMATERA UTARA,12,KAB. NIAS SELATAN,12.14,Somambawa,12.14.26,Sinar Susua,12.14.26.2014
SUMATERA UTARA,12,KAB. NIAS SELATAN,12.14,Boronadu,12.14.27,Sifalago Gomo,12.14.27.2001
SUMATERA UTARA,12,KAB. NIAS SELATAN,12.14,Boronadu,12.14.27,Balohili Gomo,12.14.27.2002
SUMATERA UTARA,12,KAB. NIAS SELATAN,12.14,Boronadu,12.14.27,Bohalu,12.14.27.2003
SUMATERA UTARA,12,KAB. NIAS SELATAN,12.14,Boronadu,12.14.27,Orsedes,12.14.27.2004
SUMATERA UTARA,12,KAB. NIAS SELATAN,12.14,Boronadu,12.14.27,Sinar Helaowo,12.14.27.2005
SUMATERA UTARA,12,KAB. NIAS SELATAN,12.14,Boronadu,12.14.27,Siholi,12.14.27.2006
SUMATERA UTARA,12,KAB. NIAS SELATAN,12.14,Boronadu,12.14.27,Tuhegafoa,12.14.27.2007
SUMATERA UTARA,12,KAB. NIAS SELATAN,12.14,Boronadu,12.14.27,Perjuangan,12.14.27.2008
SUMATERA UTARA,12,KAB. NIAS SELATAN,12.14,Boronadu,12.14.27,Lewa-lewa,12.14.27.2009
SUMATERA UTARA,12,KAB. NIAS SELATAN,12.14,Boronadu,12.14.27,Siraha,12.14.27.2010
SUMATERA UTARA,12,KAB. NIAS SELATAN,12.14,Simuk,12.14.28,Gobo,12.14.28.2001
SUMATERA UTARA,12,KAB. NIAS SELATAN,12.14,Simuk,12.14.28,Silina,12.14.28.2002
SUMATERA UTARA,12,KAB. NIAS SELATAN,12.14,Simuk,12.14.28,Maufa,12.14.28.2003
SUMATERA UTARA,12,KAB. NIAS SELATAN,12.14,Simuk,12.14.28,Gondia,12.14.28.2004
SUMATERA UTARA,12,KAB. NIAS SELATAN,12.14,Simuk,12.14.28,Gobo Baru,12.14.28.2005
SUMATERA UTARA,12,KAB. NIAS SELATAN,12.14,Simuk,12.14.28,Silina Baru,12.14.28.2006
SUMATERA UTARA,12,KAB. NIAS SELATAN,12.14,Pulau-Pulau Batu Barat,12.14.29,Fuge,12.14.29.2001
SUMATERA UTARA,12,KAB. NIAS SELATAN,12.14,Pulau-Pulau Batu Barat,12.14.29,Luaha Idano Pono,12.14.29.2002
SUMATERA UTARA,12,KAB. NIAS SELATAN,12.14,Pulau-Pulau Batu Barat,12.14.29,Sigese,12.14.29.2003
SUMATERA UTARA,12,KAB. NIAS SELATAN,12.14,Pulau-Pulau Batu Barat,12.14.29,Bawositora,12.14.29.2004
SUMATERA UTARA,12,KAB. NIAS SELATAN,12.14,Pulau-Pulau Batu Barat,12.14.29,Bintuang,12.14.29.2005
SUMATERA UTARA,12,KAB. NIAS SELATAN,12.14,Pulau-Pulau Batu Barat,12.14.29,Sibaranun,12.14.29.2006
SUMATERA UTARA,12,KAB. NIAS SELATAN,12.14,Pulau-Pulau Batu Barat,12.14.29,Bawolawindra,12.14.29.2007
SUMATERA UTARA,12,KAB. NIAS SELATAN,12.14,Pulau-Pulau Batu Barat,12.14.29,Hayo,12.14.29.2008
SUMATERA UTARA,12,KAB. NIAS SELATAN,12.14,Pulau-Pulau Batu Barat,12.14.29,Hilizamorogotano,12.14.29.2009
SUMATERA UTARA,12,KAB. NIAS SELATAN,12.14,Pulau-Pulau Batu Utara,12.14.30,Siofa Banua Lorang,12.14.30.2001
SUMATERA UTARA,12,KAB. NIAS SELATAN,12.14,Pulau-Pulau Batu Utara,12.14.30,Silima Banua Marit,12.14.30.2002
SUMATERA UTARA,12,KAB. NIAS SELATAN,12.14,Pulau-Pulau Batu Utara,12.14.30,Zia Biang,12.14.30.2003
SUMATERA UTARA,12,KAB. NIAS SELATAN,12.14,Pulau-Pulau Batu Utara,12.14.30,Limo Biang,12.14.30.2004
SUMATERA UTARA,12,KAB. NIAS SELATAN,12.14,Pulau-Pulau Batu Utara,12.14.30,Memong,12.14.30.2005
SUMATERA UTARA,12,KAB. NIAS SELATAN,12.14,Pulau-Pulau Batu Utara,12.14.30,Bale-bale,12.14.30.2006
SUMATERA UTARA,12,KAB. NIAS SELATAN,12.14,Pulau-Pulau Batu Utara,12.14.30,Teluk Limo,12.14.30.2007
SUMATERA UTARA,12,KAB. NIAS SELATAN,12.14,Pulau-Pulau Batu Utara,12.14.30,Wawa,12.14.30.2008
SUMATERA UTARA,12,KAB. NIAS SELATAN,12.14,Pulau-Pulau Batu Utara,12.14.30,Marit Baru,12.14.30.2009
SUMATERA UTARA,12,KAB. NIAS SELATAN,12.14,Pulau-Pulau Batu Utara,12.14.30,Majino Lorang,12.14.30.2010
SUMATERA UTARA,12,KAB. NIAS SELATAN,12.14,Pulau-Pulau Batu Utara,12.14.30,Afore Gobo,12.14.30.2011
SUMATERA UTARA,12,KAB. NIAS SELATAN,12.14,Pulau-Pulau Batu Utara,12.14.30,Bale-bale Sibohou,12.14.30.2012
SUMATERA UTARA,12,KAB. NIAS SELATAN,12.14,Tanah Masa,12.14.31,Baluta,12.14.31.2001
SUMATERA UTARA,12,KAB. NIAS SELATAN,12.14,Tanah Masa,12.14.31,Eho Baluta,12.14.31.2002
SUMATERA UTARA,12,KAB. NIAS SELATAN,12.14,Tanah Masa,12.14.31,Bawo Ofuloa,12.14.31.2003
SUMATERA UTARA,12,KAB. NIAS SELATAN,12.14,Tanah Masa,12.14.31,Hale Baluta,12.14.31.2004
SUMATERA UTARA,12,KAB. NIAS SELATAN,12.14,Tanah Masa,12.14.31,Bawo Orudua,12.14.31.2005
SUMATERA UTARA,12,KAB. NIAS SELATAN,12.14,Tanah Masa,12.14.31,Jeke,12.14.31.2006
SUMATERA UTARA,12,KAB. NIAS SELATAN,12.14,Tanah Masa,12.14.31,Makole,12.14.31.2007
SUMATERA UTARA,12,KAB. NIAS SELATAN,12.14,Tanah Masa,12.14.31,Sifauruasi,12.14.31.2008
SUMATERA UTARA,12,KAB. NIAS SELATAN,12.14,Tanah Masa,12.14.31,Bawo Analita Saeru,12.14.31.2009
SUMATERA UTARA,12,KAB. NIAS SELATAN,12.14,Tanah Masa,12.14.31,Saeru Melayu,12.14.31.2010
SUMATERA UTARA,12,KAB. NIAS SELATAN,12.14,Tanah Masa,12.14.31,Hiligeho Sogawu,12.14.31.2011
SUMATERA UTARA,12,KAB. NIAS SELATAN,12.14,Tanah Masa,12.14.31,Hiliomasio,12.14.31.2012
SUMATERA UTARA,12,KAB. NIAS SELATAN,12.14,Luahagundre Maniamolo,12.14.32,Botohilitano,12.14.32.2001
SUMATERA UTARA,12,KAB. NIAS SELATAN,12.14,Luahagundre Maniamolo,12.14.32,Botohilisalo'o,12.14.32.2002
SUMATERA UTARA,12,KAB. NIAS SELATAN,12.14,Luahagundre Maniamolo,12.14.32,Lagundri,12.14.32.2003
SUMATERA UTARA,12,KAB. NIAS SELATAN,12.14,Luahagundre Maniamolo,12.14.32,Orahili Faomasi,12.14.32.2004
SUMATERA UTARA,12,KAB. NIAS SELATAN,12.14,Luahagundre Maniamolo,12.14.32,Hiliamaetaniha,12.14.32.2005
SUMATERA UTARA,12,KAB. NIAS SELATAN,12.14,Luahagundre Maniamolo,12.14.32,Sondregeasi,12.14.32.2006
SUMATERA UTARA,12,KAB. NIAS SELATAN,12.14,Luahagundre Maniamolo,12.14.32,Botohili Silambo,12.14.32.2007
SUMATERA UTARA,12,KAB. NIAS SELATAN,12.14,Luahagundre Maniamolo,12.14.32,Botohili Sorake,12.14.32.2008
SUMATERA UTARA,12,KAB. NIAS SELATAN,12.14,Luahagundre Maniamolo,12.14.32,Hilimaenamolo,12.14.32.2009
SUMATERA UTARA,12,KAB. NIAS SELATAN,12.14,Luahagundre Maniamolo,12.14.32,Bawomaenamolo,12.14.32.2010
SUMATERA UTARA,12,KAB. NIAS SELATAN,12.14,Onolalu,12.14.33,Hilifalago,12.14.33.2001
SUMATERA UTARA,12,KAB. NIAS SELATAN,12.14,Onolalu,12.14.33,Hilimondregeraya,12.14.33.2002
SUMATERA UTARA,12,KAB. NIAS SELATAN,12.14,Onolalu,12.14.33,Hilinamozaua,12.14.33.2003
SUMATERA UTARA,12,KAB. NIAS SELATAN,12.14,Onolalu,12.14.33,Hilifarono,12.14.33.2004
SUMATERA UTARA,12,KAB. NIAS SELATAN,12.14,Onolalu,12.14.33,Hilionaha,12.14.33.2005
SUMATERA UTARA,12,KAB. NIAS SELATAN,12.14,Onolalu,12.14.33,Hilikara,12.14.33.2006
SUMATERA UTARA,12,KAB. NIAS SELATAN,12.14,Onolalu,12.14.33,Hilialito Saua,12.14.33.2007
SUMATERA UTARA,12,KAB. NIAS SELATAN,12.14,Onolalu,12.14.33,Hilinamozaua Raya,12.14.33.2008
SUMATERA UTARA,12,KAB. NIAS SELATAN,12.14,Onolalu,12.14.33,Hilifalago Raya,12.14.33.2009
SUMATERA UTARA,12,KAB. NIAS SELATAN,12.14,Onolalu,12.14.33,Hilisanekhehosi,12.14.33.2010
SUMATERA UTARA,12,KAB. NIAS SELATAN,12.14,Ulu Idanotae,12.14.34,Fanedanu,12.14.34.2001
SUMATERA UTARA,12,KAB. NIAS SELATAN,12.14,Ulu Idanotae,12.14.34,Fanedanu Sibohou,12.14.34.2002
SUMATERA UTARA,12,KAB. NIAS SELATAN,12.14,Ulu Idanotae,12.14.34,Lawa-lawa Luo Idanotae,12.14.34.2003
SUMATERA UTARA,12,KAB. NIAS SELATAN,12.14,Ulu Idanotae,12.14.34,Dao-dao Zanuwo Idano Tae,12.14.34.2004
SUMATERA UTARA,12,KAB. NIAS SELATAN,12.14,Ulu Idanotae,12.14.34,Sisiwa Ewali,12.14.34.2005
SUMATERA UTARA,12,KAB. NIAS SELATAN,12.14,Ulu Idanotae,12.14.34,Sisarahili Ewo,12.14.34.2006
SUMATERA UTARA,12,KAB. NIAS SELATAN,12.14,Ulu Idanotae,12.14.34,Hilialo'oa,12.14.34.2007
SUMATERA UTARA,12,KAB. NIAS SELATAN,12.14,Ulu Idanotae,12.14.34,Damai,12.14.34.2008
SUMATERA UTARA,12,KAB. NIAS SELATAN,12.14,Ulu Idanotae,12.14.34,Lolozukhu,12.14.34.2009
SUMATERA UTARA,12,KAB. NIAS SELATAN,12.14,Ulu Idanotae,12.14.34,Silima Banua Umbunasi,12.14.34.2010
SUMATERA UTARA,12,KAB. NIAS SELATAN,12.14,Ulu Idanotae,12.14.34,Sindrolo,12.14.34.2011
SUMATERA UTARA,12,KAB. NIAS SELATAN,12.14,Idanotae,12.14.35,Lahusa Idanotae,12.14.35.2001
SUMATERA UTARA,12,KAB. NIAS SELATAN,12.14,Idanotae,12.14.35,Hiliserangkai,12.14.35.2002
SUMATERA UTARA,12,KAB. NIAS SELATAN,12.14,Idanotae,12.14.35,Orahua,12.14.35.2003
SUMATERA UTARA,12,KAB. NIAS SELATAN,12.14,Idanotae,12.14.35,Hilimbowo Idanotae,12.14.35.2004
SUMATERA UTARA,12,KAB. NIAS SELATAN,12.14,Idanotae,12.14.35,Sirahia,12.14.35.2005
SUMATERA UTARA,12,KAB. NIAS SELATAN,12.14,Idanotae,12.14.35,Umbu Idanotae,12.14.35.2006
SUMATERA UTARA,12,KAB. NIAS SELATAN,12.14,Idanotae,12.14.35,Awoni,12.14.35.2007
SUMATERA UTARA,12,KAB. NIAS SELATAN,12.14,Idanotae,12.14.35,Hilisalo'o,12.14.35.2008
SUMATERA UTARA,12,KAB. NIAS SELATAN,12.14,Idanotae,12.14.35,Balombaruzo Orahua,12.14.35.2009
SUMATERA UTARA,12,KAB. NIAS SELATAN,12.14,Idanotae,12.14.35,Harefa Orahua,12.14.35.2010
SUMATERA UTARA,12,KAB. NIAS SELATAN,12.14,Idanotae,12.14.35,Hiligabungan,12.14.35.2011
SUMATERA UTARA,12,KAB. NIAS SELATAN,12.14,Idanotae,12.14.35,Buhawa,12.14.35.2012
SUMATERA UTARA,12,KAB. PAKPAK BHARAT,12.15,Sitelu Tali Urang Jehe,12.15.01,Tanjung Meriah,12.15.01.2001
SUMATERA UTARA,12,KAB. PAKPAK BHARAT,12.15,Sitelu Tali Urang Jehe,12.15.01,Tanjung Mulia,12.15.01.2002
SUMATERA UTARA,12,KAB. PAKPAK BHARAT,12.15,Sitelu Tali Urang Jehe,12.15.01,Kaban Tengah,12.15.01.2003
SUMATERA UTARA,12,KAB. PAKPAK BHARAT,12.15,Sitelu Tali Urang Jehe,12.15.01,Bandar Baru,12.15.01.2004
SUMATERA UTARA,12,KAB. PAKPAK BHARAT,12.15,Sitelu Tali Urang Jehe,12.15.01,Simberruna,12.15.01.2005
SUMATERA UTARA,12,KAB. PAKPAK BHARAT,12.15,Sitelu Tali Urang Jehe,12.15.01,Perolihen,12.15.01.2006
SUMATERA UTARA,12,KAB. PAKPAK BHARAT,12.15,Sitelu Tali Urang Jehe,12.15.01,Maholida,12.15.01.2007
SUMATERA UTARA,12,KAB. PAKPAK BHARAT,12.15,Sitelu Tali Urang Jehe,12.15.01,Perjaga,12.15.01.2008
SUMATERA UTARA,12,KAB. PAKPAK BHARAT,12.15,Sitelu Tali Urang Jehe,12.15.01,Malum,12.15.01.2009
SUMATERA UTARA,12,KAB. PAKPAK BHARAT,12.15,Sitelu Tali Urang Jehe,12.15.01,Mbinalun,12.15.01.2010
SUMATERA UTARA,12,KAB. PAKPAK BHARAT,12.15,Kerajaan,12.15.02,Sukaramai,12.15.02.2001
SUMATERA UTARA,12,KAB. PAKPAK BHARAT,12.15,Kerajaan,12.15.02,Kuta Saga,12.15.02.2002
SUMATERA UTARA,12,KAB. PAKPAK BHARAT,12.15,Kerajaan,12.15.02,Kuta Meriah,12.15.02.2003
SUMATERA UTARA,12,KAB. PAKPAK BHARAT,12.15,Kerajaan,12.15.02,Kuta Dame,12.15.02.2004
SUMATERA UTARA,12,KAB. PAKPAK BHARAT,12.15,Kerajaan,12.15.02,Perpulungen,12.15.02.2005
SUMATERA UTARA,12,KAB. PAKPAK BHARAT,12.15,Kerajaan,12.15.02,Pardomuan,12.15.02.2006
SUMATERA UTARA,12,KAB. PAKPAK BHARAT,12.15,Kerajaan,12.15.02,Majanggut I,12.15.02.2014
SUMATERA UTARA,12,KAB. PAKPAK BHARAT,12.15,Kerajaan,12.15.02,Majanggut II,12.15.02.2015
SUMATERA UTARA,12,KAB. PAKPAK BHARAT,12.15,Kerajaan,12.15.02,Surung Mersada,12.15.02.2016
SUMATERA UTARA,12,KAB. PAKPAK BHARAT,12.15,Kerajaan,12.15.02,Perduhapen,12.15.02.2021
SUMATERA UTARA,12,KAB. PAKPAK BHARAT,12.15,Salak,12.15.03,Salak I,12.15.03.2001
SUMATERA UTARA,12,KAB. PAKPAK BHARAT,12.15,Salak,12.15.03,Salak II,12.15.03.2002
SUMATERA UTARA,12,KAB. PAKPAK BHARAT,12.15,Salak,12.15.03,Boangmanalu,12.15.03.2003
SUMATERA UTARA,12,KAB. PAKPAK BHARAT,12.15,Salak,12.15.03,Sibongkaras,12.15.03.2009
SUMATERA UTARA,12,KAB. PAKPAK BHARAT,12.15,Salak,12.15.03,Kuta Tinggi,12.15.03.2013
SUMATERA UTARA,12,KAB. PAKPAK BHARAT,12.15,Salak,12.15.03,Penanggalan Binanga Boang,12.15.03.2014
SUMATERA UTARA,12,KAB. PAKPAK BHARAT,12.15,Sitelu Tali Urang Julu,12.15.04,Ulumerah,12.15.04.2001
SUMATERA UTARA,12,KAB. PAKPAK BHARAT,12.15,Sitelu Tali Urang Julu,12.15.04,Pardomuan,12.15.04.2002
SUMATERA UTARA,12,KAB. PAKPAK BHARAT,12.15,Sitelu Tali Urang Julu,12.15.04,Silima Kuta,12.15.04.2003
SUMATERA UTARA,12,KAB. PAKPAK BHARAT,12.15,Sitelu Tali Urang Julu,12.15.04,Lae Langge Namuseng,12.15.04.2004
SUMATERA UTARA,12,KAB. PAKPAK BHARAT,12.15,Sitelu Tali Urang Julu,12.15.04,Cikaok,12.15.04.2005
SUMATERA UTARA,12,KAB. PAKPAK BHARAT,12.15,Pergetteng Getteng Sengkut,12.15.05,Kecupak I,12.15.05.2001
SUMATERA UTARA,12,KAB. PAKPAK BHARAT,12.15,Pergetteng Getteng Sengkut,12.15.05,Kecupak II,12.15.05.2002
SUMATERA UTARA,12,KAB. PAKPAK BHARAT,12.15,Pergetteng Getteng Sengkut,12.15.05,Aornakan I,12.15.05.2003
SUMATERA UTARA,12,KAB. PAKPAK BHARAT,12.15,Pergetteng Getteng Sengkut,12.15.05,Simerpara,12.15.05.2004
SUMATERA UTARA,12,KAB. PAKPAK BHARAT,12.15,Pergetteng Getteng Sengkut,12.15.05,Aornakan II,12.15.05.2005
SUMATERA UTARA,12,KAB. PAKPAK BHARAT,12.15,Pagindar,12.15.06,Sibagindar,12.15.06.2001
SUMATERA UTARA,12,KAB. PAKPAK BHARAT,12.15,Pagindar,12.15.06,Napatalun Perlambuken,12.15.06.2002
SUMATERA UTARA,12,KAB. PAKPAK BHARAT,12.15,Pagindar,12.15.06,Lae Mbentar,12.15.06.2003
SUMATERA UTARA,12,KAB. PAKPAK BHARAT,12.15,Pagindar,12.15.06,Pagindar,12.15.06.2004
SUMATERA UTARA,12,KAB. PAKPAK BHARAT,12.15,Tinada,12.15.07,Kuta Babo,12.15.07.2001
SUMATERA UTARA,12,KAB. PAKPAK BHARAT,12.15,Tinada,12.15.07,Tinada,12.15.07.2002
SUMATERA UTARA,12,KAB. PAKPAK BHARAT,12.15,Tinada,12.15.07,Silima Kuta,12.15.07.2003
SUMATERA UTARA,12,KAB. PAKPAK BHARAT,12.15,Tinada,12.15.07,Mahala,12.15.07.2004
SUMATERA UTARA,12,KAB. PAKPAK BHARAT,12.15,Tinada,12.15.07,Prongil,12.15.07.2005
SUMATERA UTARA,12,KAB. PAKPAK BHARAT,12.15,Tinada,12.15.07,Buluh Tellang,12.15.07.2006
SUMATERA UTARA,12,KAB. PAKPAK BHARAT,12.15,Siempat Rube,12.15.08,Siempat Rube II,12.15.08.2001
SUMATERA UTARA,12,KAB. PAKPAK BHARAT,12.15,Siempat Rube,12.15.08,Siempat Rube I,12.15.08.2002
SUMATERA UTARA,12,KAB. PAKPAK BHARAT,12.15,Siempat Rube,12.15.08,Mungkur,12.15.08.2003
SUMATERA UTARA,12,KAB. PAKPAK BHARAT,12.15,Siempat Rube,12.15.08,Siempat Rube IV,12.15.08.2004
SUMATERA UTARA,12,KAB. PAKPAK BHARAT,12.15,Siempat Rube,12.15.08,Kuta Jungak,12.15.08.2005
SUMATERA UTARA,12,KAB. PAKPAK BHARAT,12.15,Siempat Rube,12.15.08,Traju,12.15.08.2006
SUMATERA UTARA,12,KAB. HUMBANG HASUNDUTAN,12.16,Parlilitan,12.16.01,Pusuk II Simaninggir,12.16.01.2002
SUMATERA UTARA,12,KAB. HUMBANG HASUNDUTAN,12.16,Parlilitan,12.16.01,Sionom Hudon VII,12.16.01.2003
SUMATERA UTARA,12,KAB. HUMBANG HASUNDUTAN,12.16,Parlilitan,12.16.01,Baringin,12.16.01.2004
SUMATERA UTARA,12,KAB. HUMBANG HASUNDUTAN,12.16,Parlilitan,12.16.01,Sionom Hudon Julu,12.16.01.2005
SUMATERA UTARA,12,KAB. HUMBANG HASUNDUTAN,12.16,Parlilitan,12.16.01,Sionom Hudon Tonga,12.16.01.2006
SUMATERA UTARA,12,KAB. HUMBANG HASUNDUTAN,12.16,Parlilitan,12.16.01,Sionom Hudon Utara,12.16.01.2007
SUMATERA UTARA,12,KAB. HUMBANG HASUNDUTAN,12.16,Parlilitan,12.16.01,Sionom Hudon Selatan,12.16.01.2008
SUMATERA UTARA,12,KAB. HUMBANG HASUNDUTAN,12.16,Parlilitan,12.16.01,Sionom Hudon Timur,12.16.01.2009
SUMATERA UTARA,12,KAB. HUMBANG HASUNDUTAN,12.16,Parlilitan,12.16.01,Sihotang Hasugian Tonga,12.16.01.2010
SUMATERA UTARA,12,KAB. HUMBANG HASUNDUTAN,12.16,Parlilitan,12.16.01,Pusuk I,12.16.01.2011
SUMATERA UTARA,12,KAB. HUMBANG HASUNDUTAN,12.16,Parlilitan,12.16.01,Sionom Hudon Toruan,12.16.01.2012
SUMATERA UTARA,12,KAB. HUMBANG HASUNDUTAN,12.16,Parlilitan,12.16.01,Simataniari,12.16.01.2013
SUMATERA UTARA,12,KAB. HUMBANG HASUNDUTAN,12.16,Parlilitan,12.16.01,Sionom Hudon Timur II,12.16.01.2014
SUMATERA UTARA,12,KAB. HUMBANG HASUNDUTAN,12.16,Parlilitan,12.16.01,Sihotang Hasugian Dolok II,12.16.01.2015
SUMATERA UTARA,12,KAB. HUMBANG HASUNDUTAN,12.16,Parlilitan,12.16.01,Sihotang Hasugian Habinsaran,12.16.01.2016
SUMATERA UTARA,12,KAB. HUMBANG HASUNDUTAN,12.16,Parlilitan,12.16.01,Sionom Hudon Sibulbulon,12.16.01.2017
SUMATERA UTARA,12,KAB. HUMBANG HASUNDUTAN,12.16,Parlilitan,12.16.01,Sionom Hudon Runggu,12.16.01.2018
SUMATERA UTARA,12,KAB. HUMBANG HASUNDUTAN,12.16,Parlilitan,12.16.01,Janji Hutanapa,12.16.01.2019
SUMATERA UTARA,12,KAB. HUMBANG HASUNDUTAN,12.16,Parlilitan,12.16.01,Baringin Natam,12.16.01.2020
SUMATERA UTARA,12,KAB. HUMBANG HASUNDUTAN,12.16,Parlilitan,12.16.01,Sihotang Hasugian Dolok I,12.16.01.2021
SUMATERA UTARA,12,KAB. HUMBANG HASUNDUTAN,12.16,Pollung,12.16.02,Parsingguran I,12.16.02.2001
SUMATERA UTARA,12,KAB. HUMBANG HASUNDUTAN,12.16,Pollung,12.16.02,Hutapaung,12.16.02.2002
SUMATERA UTARA,12,KAB. HUMBANG HASUNDUTAN,12.16,Pollung,12.16.02,Pollung,12.16.02.2003
SUMATERA UTARA,12,KAB. HUMBANG HASUNDUTAN,12.16,Pollung,12.16.02,Hutajulu,12.16.02.2004
SUMATERA UTARA,12,KAB. HUMBANG HASUNDUTAN,12.16,Pollung,12.16.02,Ria Ria,12.16.02.2005
SUMATERA UTARA,12,KAB. HUMBANG HASUNDUTAN,12.16,Pollung,12.16.02,Parsingguran II,12.16.02.2006
SUMATERA UTARA,12,KAB. HUMBANG HASUNDUTAN,12.16,Pollung,12.16.02,Pansurbatu,12.16.02.2007
SUMATERA UTARA,12,KAB. HUMBANG HASUNDUTAN,12.16,Pollung,12.16.02,Aek Nauli I,12.16.02.2008
SUMATERA UTARA,12,KAB. HUMBANG HASUNDUTAN,12.16,Pollung,12.16.02,Aek Nauli II,12.16.02.2009
SUMATERA UTARA,12,KAB. HUMBANG HASUNDUTAN,12.16,Pollung,12.16.02,Pandumaan,12.16.02.2010
SUMATERA UTARA,12,KAB. HUMBANG HASUNDUTAN,12.16,Pollung,12.16.02,Sipituhuta,12.16.02.2011
SUMATERA UTARA,12,KAB. HUMBANG HASUNDUTAN,12.16,Pollung,12.16.02,Pardomuan,12.16.02.2012
SUMATERA UTARA,12,KAB. HUMBANG HASUNDUTAN,12.16,Pollung,12.16.02,Hutapaung Utara,12.16.02.2013
SUMATERA UTARA,12,KAB. HUMBANG HASUNDUTAN,12.16,Baktiraja,12.16.03,Marbun Toruan,12.16.03.2001
SUMATERA UTARA,12,KAB. HUMBANG HASUNDUTAN,12.16,Baktiraja,12.16.03,Simamora,12.16.03.2002
SUMATERA UTARA,12,KAB. HUMBANG HASUNDUTAN,12.16,Baktiraja,12.16.03,Tipang,12.16.03.2003
SUMATERA UTARA,12,KAB. HUMBANG HASUNDUTAN,12.16,Baktiraja,12.16.03,Sinambela,12.16.03.2004
SUMATERA UTARA,12,KAB. HUMBANG HASUNDUTAN,12.16,Baktiraja,12.16.03,Simangulampe,12.16.03.2005
SUMATERA UTARA,12,KAB. HUMBANG HASUNDUTAN,12.16,Baktiraja,12.16.03,Siunong Unong Julu,12.16.03.2006
SUMATERA UTARA,12,KAB. HUMBANG HASUNDUTAN,12.16,Baktiraja,12.16.03,Marbun Tonga Marbun Dolok,12.16.03.2007
SUMATERA UTARA,12,KAB. HUMBANG HASUNDUTAN,12.16,Paranginan,12.16.04,Sihonongan,12.16.04.2001
SUMATERA UTARA,12,KAB. HUMBANG HASUNDUTAN,12.16,Paranginan,12.16.04,Paranginan Selatan,12.16.04.2002
SUMATERA UTARA,12,KAB. HUMBANG HASUNDUTAN,12.16,Paranginan,12.16.04,Paranginan Utara,12.16.04.2003
SUMATERA UTARA,12,KAB. HUMBANG HASUNDUTAN,12.16,Paranginan,12.16.04,Lumban Sialaman,12.16.04.2004
SUMATERA UTARA,12,KAB. HUMBANG HASUNDUTAN,12.16,Paranginan,12.16.04,Pearung,12.16.04.2005
SUMATERA UTARA,12,KAB. HUMBANG HASUNDUTAN,12.16,Paranginan,12.16.04,Lobutolong,12.16.04.2006
SUMATERA UTARA,12,KAB. HUMBANG HASUNDUTAN,12.16,Paranginan,12.16.04,Lumban Barat,12.16.04.2007
SUMATERA UTARA,12,KAB. HUMBANG HASUNDUTAN,12.16,Paranginan,12.16.04,Siboru Torop,12.16.04.2008
SUMATERA UTARA,12,KAB. HUMBANG HASUNDUTAN,12.16,Paranginan,12.16.04,Pearung Silali,12.16.04.2009
SUMATERA UTARA,12,KAB. HUMBANG HASUNDUTAN,12.16,Paranginan,12.16.04,Lumban Sianturi,12.16.04.2010
SUMATERA UTARA,12,KAB. HUMBANG HASUNDUTAN,12.16,Paranginan,12.16.04,Lobutolong Habinsaran,12.16.04.2011
SUMATERA UTARA,12,KAB. HUMBANG HASUNDUTAN,12.16,Lintong Nihuta,12.16.05,Sibuntuon Partur,12.16.05.2001
SUMATERA UTARA,12,KAB. HUMBANG HASUNDUTAN,12.16,Lintong Nihuta,12.16.05,Siharjulu,12.16.05.2002
SUMATERA UTARA,12,KAB. HUMBANG HASUNDUTAN,12.16,Lintong Nihuta,12.16.05,Sitolu Bahal,12.16.05.2003
SUMATERA UTARA,12,KAB. HUMBANG HASUNDUTAN,12.16,Lintong Nihuta,12.16.05,Tapian Nauli,12.16.05.2004
SUMATERA UTARA,12,KAB. HUMBANG HASUNDUTAN,12.16,Lintong Nihuta,12.16.05,Pargaulan,12.16.05.2005
SUMATERA UTARA,12,KAB. HUMBANG HASUNDUTAN,12.16,Lintong Nihuta,12.16.05,Lobutua,12.16.05.2006
SUMATERA UTARA,12,KAB. HUMBANG HASUNDUTAN,12.16,Lintong Nihuta,12.16.05,Dolok Margu,12.16.05.2007
SUMATERA UTARA,12,KAB. HUMBANG HASUNDUTAN,12.16,Lintong Nihuta,12.16.05,Hutasoit I,12.16.05.2008
SUMATERA UTARA,12,KAB. HUMBANG HASUNDUTAN,12.16,Lintong Nihuta,12.16.05,Nagasaribu I,12.16.05.2009
SUMATERA UTARA,12,KAB. HUMBANG HASUNDUTAN,12.16,Lintong Nihuta,12.16.05,Nagasaribu II,12.16.05.2010
SUMATERA UTARA,12,KAB. HUMBANG HASUNDUTAN,12.16,Lintong Nihuta,12.16.05,Sibuntoan Parpea,12.16.05.2011
SUMATERA UTARA,12,KAB. HUMBANG HASUNDUTAN,12.16,Lintong Nihuta,12.16.05,Siponjot,12.16.05.2012
SUMATERA UTARA,12,KAB. HUMBANG HASUNDUTAN,12.16,Lintong Nihuta,12.16.05,Habeahan,12.16.05.2013
SUMATERA UTARA,12,KAB. HUMBANG HASUNDUTAN,12.16,Lintong Nihuta,12.16.05,Sigompul,12.16.05.2014
SUMATERA UTARA,12,KAB. HUMBANG HASUNDUTAN,12.16,Lintong Nihuta,12.16.05,Bonan Dolok,12.16.05.2015
SUMATERA UTARA,12,KAB. HUMBANG HASUNDUTAN,12.16,Lintong Nihuta,12.16.05,Sigumpar,12.16.05.2016
SUMATERA UTARA,12,KAB. HUMBANG HASUNDUTAN,12.16,Lintong Nihuta,12.16.05,Parulohan,12.16.05.2017
SUMATERA UTARA,12,KAB. HUMBANG HASUNDUTAN,12.16,Lintong Nihuta,12.16.05,Sitio II,12.16.05.2018
SUMATERA UTARA,12,KAB. HUMBANG HASUNDUTAN,12.16,Lintong Nihuta,12.16.05,Hutasoit II,12.16.05.2019
SUMATERA UTARA,12,KAB. HUMBANG HASUNDUTAN,12.16,Lintong Nihuta,12.16.05,Nagasaribu III,12.16.05.2020
SUMATERA UTARA,12,KAB. HUMBANG HASUNDUTAN,12.16,Lintong Nihuta,12.16.05,Nagasaribu IV,12.16.05.2021
SUMATERA UTARA,12,KAB. HUMBANG HASUNDUTAN,12.16,Lintong Nihuta,12.16.05,Nagasaribu V,12.16.05.2022
SUMATERA UTARA,12,KAB. HUMBANG HASUNDUTAN,12.16,Dolok Sanggul,12.16.06,Pasar Dolok Sanggul,12.16.06.1001
SUMATERA UTARA,12,KAB. HUMBANG HASUNDUTAN,12.16,Dolok Sanggul,12.16.06,Sileang,12.16.06.2002
SUMATERA UTARA,12,KAB. HUMBANG HASUNDUTAN,12.16,Dolok Sanggul,12.16.06,Purba Manalu,12.16.06.2003
SUMATERA UTARA,12,KAB. HUMBANG HASUNDUTAN,12.16,Dolok Sanggul,12.16.06,Pasaribu,12.16.06.2004
SUMATERA UTARA,12,KAB. HUMBANG HASUNDUTAN,12.16,Dolok Sanggul,12.16.06,Simarigung,12.16.06.2005
SUMATERA UTARA,12,KAB. HUMBANG HASUNDUTAN,12.16,Dolok Sanggul,12.16.06,Sampean,12.16.06.2006
SUMATERA UTARA,12,KAB. HUMBANG HASUNDUTAN,12.16,Dolok Sanggul,12.16.06,Silaga Laga,12.16.06.2007
SUMATERA UTARA,12,KAB. HUMBANG HASUNDUTAN,12.16,Dolok Sanggul,12.16.06,Sosor Gonting,12.16.06.2008
SUMATERA UTARA,12,KAB. HUMBANG HASUNDUTAN,12.16,Dolok Sanggul,12.16.06,Sosor Tambok,12.16.06.2009
SUMATERA UTARA,12,KAB. HUMBANG HASUNDUTAN,12.16,Dolok Sanggul,12.16.06,Purba Dolok,12.16.06.2010
SUMATERA UTARA,12,KAB. HUMBANG HASUNDUTAN,12.16,Dolok Sanggul,12.16.06,Sihite I,12.16.06.2011
SUMATERA UTARA,12,KAB. HUMBANG HASUNDUTAN,12.16,Dolok Sanggul,12.16.06,Lumban Tobing,12.16.06.2012
SUMATERA UTARA,12,KAB. HUMBANG HASUNDUTAN,12.16,Dolok Sanggul,12.16.06,Hutabagasan,12.16.06.2013
SUMATERA UTARA,12,KAB. HUMBANG HASUNDUTAN,12.16,Dolok Sanggul,12.16.06,Matiti II,12.16.06.2014
SUMATERA UTARA,12,KAB. HUMBANG HASUNDUTAN,12.16,Dolok Sanggul,12.16.06,Saitnihuta,12.16.06.2015
SUMATERA UTARA,12,KAB. HUMBANG HASUNDUTAN,12.16,Dolok Sanggul,12.16.06,Hutaraja,12.16.06.2016
SUMATERA UTARA,12,KAB. HUMBANG HASUNDUTAN,12.16,Dolok Sanggul,12.16.06,Lumban Purba,12.16.06.2017
SUMATERA UTARA,12,KAB. HUMBANG HASUNDUTAN,12.16,Dolok Sanggul,12.16.06,Bonanionan,12.16.06.2018
SUMATERA UTARA,12,KAB. HUMBANG HASUNDUTAN,12.16,Dolok Sanggul,12.16.06,Parik Sinomba,12.16.06.2019
SUMATERA UTARA,12,KAB. HUMBANG HASUNDUTAN,12.16,Dolok Sanggul,12.16.06,Sihite II,12.16.06.2020
SUMATERA UTARA,12,KAB. HUMBANG HASUNDUTAN,12.16,Dolok Sanggul,12.16.06,Janji,12.16.06.2021
SUMATERA UTARA,12,KAB. HUMBANG HASUNDUTAN,12.16,Dolok Sanggul,12.16.06,Pakkat,12.16.06.2022
SUMATERA UTARA,12,KAB. HUMBANG HASUNDUTAN,12.16,Dolok Sanggul,12.16.06,Sirisirisi,12.16.06.2023
SUMATERA UTARA,12,KAB. HUMBANG HASUNDUTAN,12.16,Dolok Sanggul,12.16.06,Hutagurgur,12.16.06.2024
SUMATERA UTARA,12,KAB. HUMBANG HASUNDUTAN,12.16,Dolok Sanggul,12.16.06,Matiti,12.16.06.2025
SUMATERA UTARA,12,KAB. HUMBANG HASUNDUTAN,12.16,Dolok Sanggul,12.16.06,Aek Lung,12.16.06.2026
SUMATERA UTARA,12,KAB. HUMBANG HASUNDUTAN,12.16,Dolok Sanggul,12.16.06,Simangaronsang,12.16.06.2027
SUMATERA UTARA,12,KAB. HUMBANG HASUNDUTAN,12.16,Dolok Sanggul,12.16.06,Sosortolong Sihite III,12.16.06.2028
SUMATERA UTARA,12,KAB. HUMBANG HASUNDUTAN,12.16,Sijamapolang,12.16.07,Batunajagar,12.16.07.2001
SUMATERA UTARA,12,KAB. HUMBANG HASUNDUTAN,12.16,Sijamapolang,12.16.07,Sanggaran I,12.16.07.2002
SUMATERA UTARA,12,KAB. HUMBANG HASUNDUTAN,12.16,Sijamapolang,12.16.07,Sitapongan,12.16.07.2003
SUMATERA UTARA,12,KAB. HUMBANG HASUNDUTAN,12.16,Sijamapolang,12.16.07,Sigulok,12.16.07.2004
SUMATERA UTARA,12,KAB. HUMBANG HASUNDUTAN,12.16,Sijamapolang,12.16.07,Hutaginjang,12.16.07.2005
SUMATERA UTARA,12,KAB. HUMBANG HASUNDUTAN,12.16,Sijamapolang,12.16.07,Siborboron,12.16.07.2006
SUMATERA UTARA,12,KAB. HUMBANG HASUNDUTAN,12.16,Sijamapolang,12.16.07,Bonan Dolok I,12.16.07.2007
SUMATERA UTARA,12,KAB. HUMBANG HASUNDUTAN,12.16,Sijamapolang,12.16.07,Bonan Dolok II,12.16.07.2008
SUMATERA UTARA,12,KAB. HUMBANG HASUNDUTAN,12.16,Sijamapolang,12.16.07,Sibuntuon,12.16.07.2009
SUMATERA UTARA,12,KAB. HUMBANG HASUNDUTAN,12.16,Sijamapolang,12.16.07,Nagurguran,12.16.07.2010
SUMATERA UTARA,12,KAB. HUMBANG HASUNDUTAN,12.16,Onan Ganjang,12.16.08,Batu Nagodang Siatas,12.16.08.2001
SUMATERA UTARA,12,KAB. HUMBANG HASUNDUTAN,12.16,Onan Ganjang,12.16.08,Onan Ganjang,12.16.08.2002
SUMATERA UTARA,12,KAB. HUMBANG HASUNDUTAN,12.16,Onan Ganjang,12.16.08,Parbotihan,12.16.08.2003
SUMATERA UTARA,12,KAB. HUMBANG HASUNDUTAN,12.16,Onan Ganjang,12.16.08,Sihikit,12.16.08.2004
SUMATERA UTARA,12,KAB. HUMBANG HASUNDUTAN,12.16,Onan Ganjang,12.16.08,Parnapa,12.16.08.2005
SUMATERA UTARA,12,KAB. HUMBANG HASUNDUTAN,12.16,Onan Ganjang,12.16.08,Janji Nagodang,12.16.08.2006
SUMATERA UTARA,12,KAB. HUMBANG HASUNDUTAN,12.16,Onan Ganjang,12.16.08,Sampe Tua,12.16.08.2007
SUMATERA UTARA,12,KAB. HUMBANG HASUNDUTAN,12.16,Onan Ganjang,12.16.08,Hutajulu,12.16.08.2008
SUMATERA UTARA,12,KAB. HUMBANG HASUNDUTAN,12.16,Onan Ganjang,12.16.08,Sibuluan,12.16.08.2009
SUMATERA UTARA,12,KAB. HUMBANG HASUNDUTAN,12.16,Onan Ganjang,12.16.08,Sigalogo,12.16.08.2010
SUMATERA UTARA,12,KAB. HUMBANG HASUNDUTAN,12.16,Onan Ganjang,12.16.08,Aek Godang Arbaan,12.16.08.2011
SUMATERA UTARA,12,KAB. HUMBANG HASUNDUTAN,12.16,Onan Ganjang,12.16.08,Sanggaran II,12.16.08.2012
SUMATERA UTARA,12,KAB. HUMBANG HASUNDUTAN,12.16,Pakkat,12.16.09,Purba Bersatu,12.16.09.2001
SUMATERA UTARA,12,KAB. HUMBANG HASUNDUTAN,12.16,Pakkat,12.16.09,Purba Baringin,12.16.09.2002
SUMATERA UTARA,12,KAB. HUMBANG HASUNDUTAN,12.16,Pakkat,12.16.09,Karya,12.16.09.2003
SUMATERA UTARA,12,KAB. HUMBANG HASUNDUTAN,12.16,Pakkat,12.16.09,Manalu,12.16.09.2004
SUMATERA UTARA,12,KAB. HUMBANG HASUNDUTAN,12.16,Pakkat,12.16.09,Sijarango,12.16.09.2005
SUMATERA UTARA,12,KAB. HUMBANG HASUNDUTAN,12.16,Pakkat,12.16.09,Tukka Dolok,12.16.09.2006
SUMATERA UTARA,12,KAB. HUMBANG HASUNDUTAN,12.16,Pakkat,12.16.09,Siambaton,12.16.09.2007
SUMATERA UTARA,12,KAB. HUMBANG HASUNDUTAN,12.16,Pakkat,12.16.09,Parmonangan,12.16.09.2008
SUMATERA UTARA,12,KAB. HUMBANG HASUNDUTAN,12.16,Pakkat,12.16.09,Sipagabu,12.16.09.2009
SUMATERA UTARA,12,KAB. HUMBANG HASUNDUTAN,12.16,Pakkat,12.16.09,Banuarea,12.16.09.2010
SUMATERA UTARA,12,KAB. HUMBANG HASUNDUTAN,12.16,Pakkat,12.16.09,Rura Tanjung,12.16.09.2011
SUMATERA UTARA,12,KAB. HUMBANG HASUNDUTAN,12.16,Pakkat,12.16.09,Rura Aek Sopang,12.16.09.2012
SUMATERA UTARA,12,KAB. HUMBANG HASUNDUTAN,12.16,Pakkat,12.16.09,Lumban Tonga-Tonga,12.16.09.2013
SUMATERA UTARA,12,KAB. HUMBANG HASUNDUTAN,12.16,Pakkat,12.16.09,Pulo Godang,12.16.09.2014
SUMATERA UTARA,12,KAB. HUMBANG HASUNDUTAN,12.16,Pakkat,12.16.09,Pakkat Hauagong,12.16.09.2015
SUMATERA UTARA,12,KAB. HUMBANG HASUNDUTAN,12.16,Pakkat,12.16.09,Peadungdung,12.16.09.2016
SUMATERA UTARA,12,KAB. HUMBANG HASUNDUTAN,12.16,Pakkat,12.16.09,Sijarango I,12.16.09.2017
SUMATERA UTARA,12,KAB. HUMBANG HASUNDUTAN,12.16,Pakkat,12.16.09,Ambobi Paranginan,12.16.09.2018
SUMATERA UTARA,12,KAB. HUMBANG HASUNDUTAN,12.16,Pakkat,12.16.09,Purba Sianjur,12.16.09.2019
SUMATERA UTARA,12,KAB. HUMBANG HASUNDUTAN,12.16,Pakkat,12.16.09,Siambaton Pahae,12.16.09.2020
SUMATERA UTARA,12,KAB. HUMBANG HASUNDUTAN,12.16,Pakkat,12.16.09,Panggugunan,12.16.09.2021
SUMATERA UTARA,12,KAB. HUMBANG HASUNDUTAN,12.16,Pakkat,12.16.09,Hauagong,12.16.09.2022
SUMATERA UTARA,12,KAB. HUMBANG HASUNDUTAN,12.16,Tarabintang,12.16.10,Tarabintang,12.16.10.2001
SUMATERA UTARA,12,KAB. HUMBANG HASUNDUTAN,12.16,Tarabintang,12.16.10,Sihotang Hasugian Toruan,12.16.10.2002
SUMATERA UTARA,12,KAB. HUMBANG HASUNDUTAN,12.16,Tarabintang,12.16.10,Sibongkare,12.16.10.2003
SUMATERA UTARA,12,KAB. HUMBANG HASUNDUTAN,12.16,Tarabintang,12.16.10,Sitanduk,12.16.10.2004
SUMATERA UTARA,12,KAB. HUMBANG HASUNDUTAN,12.16,Tarabintang,12.16.10,Sihombu,12.16.10.2005
SUMATERA UTARA,12,KAB. HUMBANG HASUNDUTAN,12.16,Tarabintang,12.16.10,Simbara,12.16.10.2006
SUMATERA UTARA,12,KAB. HUMBANG HASUNDUTAN,12.16,Tarabintang,12.16.10,Marpadan,12.16.10.2007
SUMATERA UTARA,12,KAB. HUMBANG HASUNDUTAN,12.16,Tarabintang,12.16.10,Mungkur,12.16.10.2008
SUMATERA UTARA,12,KAB. HUMBANG HASUNDUTAN,12.16,Tarabintang,12.16.10,Sibongkare Sianju,12.16.10.2009
SUMATERA UTARA,12,KAB. SAMOSIR,12.17,Simanindo,12.17.01,Tomok,12.17.01.2001
SUMATERA UTARA,12,KAB. SAMOSIR,12.17,Simanindo,12.17.01,Sihusapi,12.17.01.2002
SUMATERA UTARA,12,KAB. SAMOSIR,12.17,Simanindo,12.17.01,Maduma,12.17.01.2003
SUMATERA UTARA,12,KAB. SAMOSIR,12.17,Simanindo,12.17.01,Dosroha,12.17.01.2004
SUMATERA UTARA,12,KAB. SAMOSIR,12.17,Simanindo,12.17.01,Ambarita,12.17.01.2005
SUMATERA UTARA,12,KAB. SAMOSIR,12.17,Simanindo,12.17.01,Martoba,12.17.01.2006
SUMATERA UTARA,12,KAB. SAMOSIR,12.17,Simanindo,12.17.01,Garoga,12.17.01.2007
SUMATERA UTARA,12,KAB. SAMOSIR,12.17,Simanindo,12.17.01,Simanindo Sangkal,12.17.01.2008
SUMATERA UTARA,12,KAB. SAMOSIR,12.17,Simanindo,12.17.01,Cinta Dame,12.17.01.2009
SUMATERA UTARA,12,KAB. SAMOSIR,12.17,Simanindo,12.17.01,Huta Ginjang,12.17.01.2010
SUMATERA UTARA,12,KAB. SAMOSIR,12.17,Simanindo,12.17.01,Pardomuan,12.17.01.2011
SUMATERA UTARA,12,KAB. SAMOSIR,12.17,Simanindo,12.17.01,Parmonangan,12.17.01.2012
SUMATERA UTARA,12,KAB. SAMOSIR,12.17,Simanindo,12.17.01,Parbalohan,12.17.01.2013
SUMATERA UTARA,12,KAB. SAMOSIR,12.17,Simanindo,12.17.01,Tanjungan,12.17.01.2014
SUMATERA UTARA,12,KAB. SAMOSIR,12.17,Simanindo,12.17.01,Simarmata,12.17.01.2015
SUMATERA UTARA,12,KAB. SAMOSIR,12.17,Simanindo,12.17.01,Tuktuk Siadong,12.17.01.1016
SUMATERA UTARA,12,KAB. SAMOSIR,12.17,Simanindo,12.17.01,Tomok Parsaoran,12.17.01.2017
SUMATERA UTARA,12,KAB. SAMOSIR,12.17,Simanindo,12.17.01,Marlumba,12.17.01.2018
SUMATERA UTARA,12,KAB. SAMOSIR,12.17,Simanindo,12.17.01,Simanindo,12.17.01.2019
SUMATERA UTARA,12,KAB. SAMOSIR,12.17,Simanindo,12.17.01,Unjur,12.17.01.2020
SUMATERA UTARA,12,KAB. SAMOSIR,12.17,Simanindo,12.17.01,Siallagan Pindaraya,12.17.01.2021
SUMATERA UTARA,12,KAB. SAMOSIR,12.17,Onan Runggu,12.17.02,Pakpahan,12.17.02.2001
SUMATERA UTARA,12,KAB. SAMOSIR,12.17,Onan Runggu,12.17.02,Huta Hotang,12.17.02.2002
SUMATERA UTARA,12,KAB. SAMOSIR,12.17,Onan Runggu,12.17.02,Sitinjak,12.17.02.2003
SUMATERA UTARA,12,KAB. SAMOSIR,12.17,Onan Runggu,12.17.02,Pardomuan,12.17.02.2004
SUMATERA UTARA,12,KAB. SAMOSIR,12.17,Onan Runggu,12.17.02,Tambun Sungkean,12.17.02.2005
SUMATERA UTARA,12,KAB. SAMOSIR,12.17,Onan Runggu,12.17.02,Rina Bolak,12.17.02.2006
SUMATERA UTARA,12,KAB. SAMOSIR,12.17,Onan Runggu,12.17.02,Onan Runggu,12.17.02.2007
SUMATERA UTARA,12,KAB. SAMOSIR,12.17,Onan Runggu,12.17.02,Sitamiang,12.17.02.2008
SUMATERA UTARA,12,KAB. SAMOSIR,12.17,Onan Runggu,12.17.02,Janji Matogu,12.17.02.2009
SUMATERA UTARA,12,KAB. SAMOSIR,12.17,Onan Runggu,12.17.02,Silima Lombu,12.17.02.2010
SUMATERA UTARA,12,KAB. SAMOSIR,12.17,Onan Runggu,12.17.02,Sipira,12.17.02.2011
SUMATERA UTARA,12,KAB. SAMOSIR,12.17,Onan Runggu,12.17.02,Harian,12.17.02.2012
SUMATERA UTARA,12,KAB. SAMOSIR,12.17,Nainggolan,12.17.03,Pangaloan,12.17.03.2001
SUMATERA UTARA,12,KAB. SAMOSIR,12.17,Nainggolan,12.17.03,Hutarihit,12.17.03.2002
SUMATERA UTARA,12,KAB. SAMOSIR,12.17,Nainggolan,12.17.03,Sinaga Uruk Pandiangan,12.17.03.2003
SUMATERA UTARA,12,KAB. SAMOSIR,12.17,Nainggolan,12.17.03,Toguan Galung,12.17.03.2004
SUMATERA UTARA,12,KAB. SAMOSIR,12.17,Nainggolan,12.17.03,Pananggangan,12.17.03.2005
SUMATERA UTARA,12,KAB. SAMOSIR,12.17,Nainggolan,12.17.03,Pasaran Parsaoran,12.17.03.2006
SUMATERA UTARA,12,KAB. SAMOSIR,12.17,Nainggolan,12.17.03,Sipinggan Lumban Siantar,12.17.03.2007
SUMATERA UTARA,12,KAB. SAMOSIR,12.17,Nainggolan,12.17.03,Sibonor Ompu Ratus,12.17.03.2008
SUMATERA UTARA,12,KAB. SAMOSIR,12.17,Nainggolan,12.17.03,Nainggolan,12.17.03.2009
SUMATERA UTARA,12,KAB. SAMOSIR,12.17,Nainggolan,12.17.03,Pasaran I,12.17.03.2010
SUMATERA UTARA,12,KAB. SAMOSIR,12.17,Nainggolan,12.17.03,Parhusip III,12.17.03.1011
SUMATERA UTARA,12,KAB. SAMOSIR,12.17,Nainggolan,12.17.03,Sirumahombar,12.17.03.1012
SUMATERA UTARA,12,KAB. SAMOSIR,12.17,Nainggolan,12.17.03,Pananggangan II,12.17.03.2013
SUMATERA UTARA,12,KAB. SAMOSIR,12.17,Nainggolan,12.17.03,Sipinggan,12.17.03.2014
SUMATERA UTARA,12,KAB. SAMOSIR,12.17,Nainggolan,12.17.03,Janji Marapot,12.17.03.2015
SUMATERA UTARA,12,KAB. SAMOSIR,12.17,Palipi,12.17.04,Suhutnihuta Pardomuan,12.17.04.2001
SUMATERA UTARA,12,KAB. SAMOSIR,12.17,Palipi,12.17.04,Gorat Pallombuan,12.17.04.2002
SUMATERA UTARA,12,KAB. SAMOSIR,12.17,Palipi,12.17.04,Urat II,12.17.04.2003
SUMATERA UTARA,12,KAB. SAMOSIR,12.17,Palipi,12.17.04,Palipi,12.17.04.2004
SUMATERA UTARA,12,KAB. SAMOSIR,12.17,Palipi,12.17.04,Pardomuan Nauli,12.17.04.2005
SUMATERA UTARA,12,KAB. SAMOSIR,12.17,Palipi,12.17.04,Hatoguan,12.17.04.2006
SUMATERA UTARA,12,KAB. SAMOSIR,12.17,Palipi,12.17.04,Simbolon Purba,12.17.04.2007
SUMATERA UTARA,12,KAB. SAMOSIR,12.17,Palipi,12.17.04,Sigaol Simbolon,12.17.04.2008
SUMATERA UTARA,12,KAB. SAMOSIR,12.17,Palipi,12.17.04,Urat Timur,12.17.04.2009
SUMATERA UTARA,12,KAB. SAMOSIR,12.17,Palipi,12.17.04,Saor Nauli Hatoguan,12.17.04.2010
SUMATERA UTARA,12,KAB. SAMOSIR,12.17,Palipi,12.17.04,Parsaoran Urat,12.17.04.2011
SUMATERA UTARA,12,KAB. SAMOSIR,12.17,Palipi,12.17.04,Hutaginjang,12.17.04.2012
SUMATERA UTARA,12,KAB. SAMOSIR,12.17,Palipi,12.17.04,Sigaol Marbun,12.17.04.2014
SUMATERA UTARA,12,KAB. SAMOSIR,12.17,Palipi,12.17.04,Hutadame,12.17.04.2018
SUMATERA UTARA,12,KAB. SAMOSIR,12.17,Palipi,12.17.04,Pallombuan,12.17.04.2019
SUMATERA UTARA,12,KAB. SAMOSIR,12.17,Palipi,12.17.04,Pamutaran,12.17.04.2020
SUMATERA UTARA,12,KAB. SAMOSIR,12.17,Palipi,12.17.04,Sideak,12.17.04.2021
SUMATERA UTARA,12,KAB. SAMOSIR,12.17,Harian,12.17.05,Sosor Dolok,12.17.05.2001
SUMATERA UTARA,12,KAB. SAMOSIR,12.17,Harian,12.17.05,Partungkonaginjang,12.17.05.2002
SUMATERA UTARA,12,KAB. SAMOSIR,12.17,Harian,12.17.05,Hariara Pohan,12.17.05.2003
SUMATERA UTARA,12,KAB. SAMOSIR,12.17,Harian,12.17.05,Dolok Raja,12.17.05.2004
SUMATERA UTARA,12,KAB. SAMOSIR,12.17,Harian,12.17.05,Sampur Toba,12.17.05.2006
SUMATERA UTARA,12,KAB. SAMOSIR,12.17,Harian,12.17.05,Siparmahan,12.17.05.2007
SUMATERA UTARA,12,KAB. SAMOSIR,12.17,Harian,12.17.05,Turpuk Limbong,12.17.05.2008
SUMATERA UTARA,12,KAB. SAMOSIR,12.17,Harian,12.17.05,Turpuk Sagala,12.17.05.2009
SUMATERA UTARA,12,KAB. SAMOSIR,12.17,Harian,12.17.05,Turpuk Malau,12.17.05.2010
SUMATERA UTARA,12,KAB. SAMOSIR,12.17,Harian,12.17.05,Turpuk Sihotang,12.17.05.2011
SUMATERA UTARA,12,KAB. SAMOSIR,12.17,Harian,12.17.05,Janji Martahan,12.17.05.2012
SUMATERA UTARA,12,KAB. SAMOSIR,12.17,Harian,12.17.05,Hutagalung,12.17.05.2014
SUMATERA UTARA,12,KAB. SAMOSIR,12.17,Harian,12.17.05,Hariara Pintu,12.17.05.2015
SUMATERA UTARA,12,KAB. SAMOSIR,12.17,Sianjar Mula Mula,12.17.06,Huta Ginjang,12.17.06.2001
SUMATERA UTARA,12,KAB. SAMOSIR,12.17,Sianjar Mula Mula,12.17.06,Singkam,12.17.06.2002
SUMATERA UTARA,12,KAB. SAMOSIR,12.17,Sianjar Mula Mula,12.17.06,Hasinggaan,12.17.06.2003
SUMATERA UTARA,12,KAB. SAMOSIR,12.17,Sianjar Mula Mula,12.17.06,Aek Sipitudai,12.17.06.2004
SUMATERA UTARA,12,KAB. SAMOSIR,12.17,Sianjar Mula Mula,12.17.06,Huta Gurgur,12.17.06.2005
SUMATERA UTARA,12,KAB. SAMOSIR,12.17,Sianjar Mula Mula,12.17.06,Sianjur Mula Mula,12.17.06.2006
SUMATERA UTARA,12,KAB. SAMOSIR,12.17,Sianjar Mula Mula,12.17.06,Boho,12.17.06.2007
SUMATERA UTARA,12,KAB. SAMOSIR,12.17,Sianjar Mula Mula,12.17.06,Siboro,12.17.06.2008
SUMATERA UTARA,12,KAB. SAMOSIR,12.17,Sianjar Mula Mula,12.17.06,Simarihit,12.17.06.2009
SUMATERA UTARA,12,KAB. SAMOSIR,12.17,Sianjar Mula Mula,12.17.06,Ginolat,12.17.06.2010
SUMATERA UTARA,12,KAB. SAMOSIR,12.17,Sianjar Mula Mula,12.17.06,Bonan Dolok,12.17.06.2011
SUMATERA UTARA,12,KAB. SAMOSIR,12.17,Sianjar Mula Mula,12.17.06,Habeahan Naburahan,12.17.06.2012
SUMATERA UTARA,12,KAB. SAMOSIR,12.17,Ronggur Nihuta,12.17.07,Salaon Toba,12.17.07.2001
SUMATERA UTARA,12,KAB. SAMOSIR,12.17,Ronggur Nihuta,12.17.07,Lintong Nihuta,12.17.07.2002
SUMATERA UTARA,12,KAB. SAMOSIR,12.17,Ronggur Nihuta,12.17.07,Salaon Tonga Tonga,12.17.07.2003
SUMATERA UTARA,12,KAB. SAMOSIR,12.17,Ronggur Nihuta,12.17.07,Salaon Dolok,12.17.07.2004
SUMATERA UTARA,12,KAB. SAMOSIR,12.17,Ronggur Nihuta,12.17.07,Ronggur Nihuta,12.17.07.2005
SUMATERA UTARA,12,KAB. SAMOSIR,12.17,Ronggur Nihuta,12.17.07,Sabungan Nihuta,12.17.07.2006
SUMATERA UTARA,12,KAB. SAMOSIR,12.17,Ronggur Nihuta,12.17.07,Paraduan,12.17.07.2007
SUMATERA UTARA,12,KAB. SAMOSIR,12.17,Ronggur Nihuta,12.17.07,Sijambur,12.17.07.2008
SUMATERA UTARA,12,KAB. SAMOSIR,12.17,Pangururan,12.17.08,Lumban SS Dolok,12.17.08.2001
SUMATERA UTARA,12,KAB. SAMOSIR,12.17,Pangururan,12.17.08,Lumban SS Torua,12.17.08.2002
SUMATERA UTARA,12,KAB. SAMOSIR,12.17,Pangururan,12.17.08,Parbaba Dolok,12.17.08.2003
SUMATERA UTARA,12,KAB. SAMOSIR,12.17,Pangururan,12.17.08,Huta Tinggi,12.17.08.2004
SUMATERA UTARA,12,KAB. SAMOSIR,12.17,Pangururan,12.17.08,Parhorasan,12.17.08.2005
SUMATERA UTARA,12,KAB. SAMOSIR,12.17,Pangururan,12.17.08,Pardomuan Nauli,12.17.08.2006
SUMATERA UTARA,12,KAB. SAMOSIR,12.17,Pangururan,12.17.08,Parsaoran I,12.17.08.2007
SUMATERA UTARA,12,KAB. SAMOSIR,12.17,Pangururan,12.17.08,Rianiate,12.17.08.2008
SUMATERA UTARA,12,KAB. SAMOSIR,12.17,Pangururan,12.17.08,Huta Bolon,12.17.08.2009
SUMATERA UTARA,12,KAB. SAMOSIR,12.17,Pangururan,12.17.08,Panampangan,12.17.08.2010
SUMATERA UTARA,12,KAB. SAMOSIR,12.17,Pangururan,12.17.08,Pardugul,12.17.08.2011
SUMATERA UTARA,12,KAB. SAMOSIR,12.17,Pangururan,12.17.08,Huta Namora,12.17.08.2012
SUMATERA UTARA,12,KAB. SAMOSIR,12.17,Pangururan,12.17.08,Parlondut,12.17.08.2013
SUMATERA UTARA,12,KAB. SAMOSIR,12.17,Pangururan,12.17.08,Tanjung Bunga,12.17.08.2014
SUMATERA UTARA,12,KAB. SAMOSIR,12.17,Pangururan,12.17.08,Parmonangan,12.17.08.2015
SUMATERA UTARA,12,KAB. SAMOSIR,12.17,Pangururan,12.17.08,Sait Nihuta,12.17.08.2016
SUMATERA UTARA,12,KAB. SAMOSIR,12.17,Pangururan,12.17.08,Situngkir,12.17.08.2017
SUMATERA UTARA,12,KAB. SAMOSIR,12.17,Pangururan,12.17.08,Sianting-Anting,12.17.08.2018
SUMATERA UTARA,12,KAB. SAMOSIR,12.17,Pangururan,12.17.08,Sialanguan,12.17.08.2019
SUMATERA UTARA,12,KAB. SAMOSIR,12.17,Pangururan,12.17.08,Lumban Pinggol,12.17.08.2020
SUMATERA UTARA,12,KAB. SAMOSIR,12.17,Pangururan,12.17.08,Pardomuan I,12.17.08.2021
SUMATERA UTARA,12,KAB. SAMOSIR,12.17,Pangururan,12.17.08,Sitolu Huta,12.17.08.2022
SUMATERA UTARA,12,KAB. SAMOSIR,12.17,Pangururan,12.17.08,Sinabulan,12.17.08.2023
SUMATERA UTARA,12,KAB. SAMOSIR,12.17,Pangururan,12.17.08,Aek Nauli,12.17.08.2024
SUMATERA UTARA,12,KAB. SAMOSIR,12.17,Pangururan,12.17.08,Siopat Sosor,12.17.08.2025
SUMATERA UTARA,12,KAB. SAMOSIR,12.17,Pangururan,12.17.08,Pasar Pangururan,12.17.08.1026
SUMATERA UTARA,12,KAB. SAMOSIR,12.17,Pangururan,12.17.08,Pintu Sona,12.17.08.1027
SUMATERA UTARA,12,KAB. SAMOSIR,12.17,Pangururan,12.17.08,Siogung-Ogung,12.17.08.1028
SUMATERA UTARA,12,KAB. SAMOSIR,12.17,Sitio-tio,12.17.09,Holbung,12.17.09.2001
SUMATERA UTARA,12,KAB. SAMOSIR,12.17,Sitio-tio,12.17.09,Janji Raja,12.17.09.2002
SUMATERA UTARA,12,KAB. SAMOSIR,12.17,Sitio-tio,12.17.09,Sabulan,12.17.09.2003
SUMATERA UTARA,12,KAB. SAMOSIR,12.17,Sitio-tio,12.17.09,Buntu Mauli,12.17.09.2004
SUMATERA UTARA,12,KAB. SAMOSIR,12.17,Sitio-tio,12.17.09,Tamba Dolok,12.17.09.2005
SUMATERA UTARA,12,KAB. SAMOSIR,12.17,Sitio-tio,12.17.09,Cinta Maju,12.17.09.2006
SUMATERA UTARA,12,KAB. SAMOSIR,12.17,Sitio-tio,12.17.09,Parsaoran,12.17.09.2007
SUMATERA UTARA,12,KAB. SAMOSIR,12.17,Sitio-tio,12.17.09,Janji Maria,12.17.09.2008
SUMATERA UTARA,12,KAB. SERDANG BEDAGAI,12.18,Pantai Cermin,12.18.01,Pantai Cermin Kanan,12.18.01.2001
SUMATERA UTARA,12,KAB. SERDANG BEDAGAI,12.18,Pantai Cermin,12.18.01,Pantai Cermin Kiri,12.18.01.2002
SUMATERA UTARA,12,KAB. SERDANG BEDAGAI,12.18,Pantai Cermin,12.18.01,Kota Pari,12.18.01.2003
SUMATERA UTARA,12,KAB. SERDANG BEDAGAI,12.18,Pantai Cermin,12.18.01,Celawan,12.18.01.2004
SUMATERA UTARA,12,KAB. SERDANG BEDAGAI,12.18,Pantai Cermin,12.18.01,Ujung Rambung,12.18.01.2005
SUMATERA UTARA,12,KAB. SERDANG BEDAGAI,12.18,Pantai Cermin,12.18.01,Kuala Lama,12.18.01.2006
SUMATERA UTARA,12,KAB. SERDANG BEDAGAI,12.18,Pantai Cermin,12.18.01,Besar II Terjun,12.18.01.2007
SUMATERA UTARA,12,KAB. SERDANG BEDAGAI,12.18,Pantai Cermin,12.18.01,Sementara,12.18.01.2008
SUMATERA UTARA,12,KAB. SERDANG BEDAGAI,12.18,Pantai Cermin,12.18.01,Ara Payung,12.18.01.2009
SUMATERA UTARA,12,KAB. SERDANG BEDAGAI,12.18,Pantai Cermin,12.18.01,Pematang Kasih,12.18.01.2010
SUMATERA UTARA,12,KAB. SERDANG BEDAGAI,12.18,Pantai Cermin,12.18.01,Lubuk Saban,12.18.01.2011
SUMATERA UTARA,12,KAB. SERDANG BEDAGAI,12.18,Pantai Cermin,12.18.01,Naga Kisar,12.18.01.2012
SUMATERA UTARA,12,KAB. SERDANG BEDAGAI,12.18,Perbaungan,12.18.02,Adolina,12.18.02.2001
SUMATERA UTARA,12,KAB. SERDANG BEDAGAI,12.18,Perbaungan,12.18.02,Bengkel,12.18.02.2003
SUMATERA UTARA,12,KAB. SERDANG BEDAGAI,12.18,Perbaungan,12.18.02,Cinta Air,12.18.02.2005
SUMATERA UTARA,12,KAB. SERDANG BEDAGAI,12.18,Perbaungan,12.18.02,Citaman Jernih,12.18.02.2006
SUMATERA UTARA,12,KAB. SERDANG BEDAGAI,12.18,Perbaungan,12.18.02,Deli Muda Hulu,12.18.02.2007
SUMATERA UTARA,12,KAB. SERDANG BEDAGAI,12.18,Perbaungan,12.18.02,Deli Muda Hilir,12.18.02.2008
SUMATERA UTARA,12,KAB. SERDANG BEDAGAI,12.18,Perbaungan,12.18.02,Jambur Pulau,12.18.02.2009
SUMATERA UTARA,12,KAB. SERDANG BEDAGAI,12.18,Perbaungan,12.18.02,Kesatuan,12.18.02.2012
SUMATERA UTARA,12,KAB. SERDANG BEDAGAI,12.18,Perbaungan,12.18.02,Kota Galuh,12.18.02.2013
SUMATERA UTARA,12,KAB. SERDANG BEDAGAI,12.18,Perbaungan,12.18.02,Lidah Tanah,12.18.02.2015
SUMATERA UTARA,12,KAB. SERDANG BEDAGAI,12.18,Perbaungan,12.18.02,Lubuk Bayas,12.18.02.2016
SUMATERA UTARA,12,KAB. SERDANG BEDAGAI,12.18,Perbaungan,12.18.02,Lubuk Cemara,12.18.02.2017
SUMATERA UTARA,12,KAB. SERDANG BEDAGAI,12.18,Perbaungan,12.18.02,Lubuk Dendang,12.18.02.2018
SUMATERA UTARA,12,KAB. SERDANG BEDAGAI,12.18,Perbaungan,12.18.02,Lubuk Rotan,12.18.02.2019
SUMATERA UTARA,12,KAB. SERDANG BEDAGAI,12.18,Perbaungan,12.18.02,Melati II,12.18.02.2020
SUMATERA UTARA,12,KAB. SERDANG BEDAGAI,12.18,Perbaungan,12.18.02,Pematang Sijonam,12.18.02.2024
SUMATERA UTARA,12,KAB. SERDANG BEDAGAI,12.18,Perbaungan,12.18.02,Pematang Tatal,12.18.02.2025
SUMATERA UTARA,12,KAB. SERDANG BEDAGAI,12.18,Perbaungan,12.18.02,Suka Beras,12.18.02.2028
SUMATERA UTARA,12,KAB. SERDANG BEDAGAI,12.18,Perbaungan,12.18.02,Sukajadi,12.18.02.2029
SUMATERA UTARA,12,KAB. SERDANG BEDAGAI,12.18,Perbaungan,12.18.02,Sei Buluh,12.18.02.2031
SUMATERA UTARA,12,KAB. SERDANG BEDAGAI,12.18,Perbaungan,12.18.02,Sei Nagalawan,12.18.02.2032
SUMATERA UTARA,12,KAB. SERDANG BEDAGAI,12.18,Perbaungan,12.18.02,Sei Sijenggi,12.18.02.2033
SUMATERA UTARA,12,KAB. SERDANG BEDAGAI,12.18,Perbaungan,12.18.02,Tanah Merah,12.18.02.2034
SUMATERA UTARA,12,KAB. SERDANG BEDAGAI,12.18,Perbaungan,12.18.02,Tanjung Buluh,12.18.02.2035
SUMATERA UTARA,12,KAB. SERDANG BEDAGAI,12.18,Perbaungan,12.18.02,Melati I,12.18.02.1038
SUMATERA UTARA,12,KAB. SERDANG BEDAGAI,12.18,Perbaungan,12.18.02,Simpang Tiga Pekan,12.18.02.1039
SUMATERA UTARA,12,KAB. SERDANG BEDAGAI,12.18,Perbaungan,12.18.02,Batang Terap,12.18.02.1040
SUMATERA UTARA,12,KAB. SERDANG BEDAGAI,12.18,Perbaungan,12.18.02,Tualang,12.18.02.1041
SUMATERA UTARA,12,KAB. SERDANG BEDAGAI,12.18,Teluk Mengkudu,12.18.03,Sei Buluh,12.18.03.2001
SUMATERA UTARA,12,KAB. SERDANG BEDAGAI,12.18,Teluk Mengkudu,12.18.03,Liberia,12.18.03.2002
SUMATERA UTARA,12,KAB. SERDANG BEDAGAI,12.18,Teluk Mengkudu,12.18.03,Mata Pao,12.18.03.2003
SUMATERA UTARA,12,KAB. SERDANG BEDAGAI,12.18,Teluk Mengkudu,12.18.03,Pematang Setrak,12.18.03.2004
SUMATERA UTARA,12,KAB. SERDANG BEDAGAI,12.18,Teluk Mengkudu,12.18.03,Makmur,12.18.03.2005
SUMATERA UTARA,12,KAB. SERDANG BEDAGAI,12.18,Teluk Mengkudu,12.18.03,Pasar Baru,12.18.03.2006
SUMATERA UTARA,12,KAB. SERDANG BEDAGAI,12.18,Teluk Mengkudu,12.18.03,Pekan Sialang Buah,12.18.03.2007
SUMATERA UTARA,12,KAB. SERDANG BEDAGAI,12.18,Teluk Mengkudu,12.18.03,Pematang Guntung,12.18.03.2008
SUMATERA UTARA,12,KAB. SERDANG BEDAGAI,12.18,Teluk Mengkudu,12.18.03,Sialang Buah,12.18.03.2009
SUMATERA UTARA,12,KAB. SERDANG BEDAGAI,12.18,Teluk Mengkudu,12.18.03,Sentang,12.18.03.2010
SUMATERA UTARA,12,KAB. SERDANG BEDAGAI,12.18,Teluk Mengkudu,12.18.03,Bogak Besar,12.18.03.2011
SUMATERA UTARA,12,KAB. SERDANG BEDAGAI,12.18,Teluk Mengkudu,12.18.03,Pematang Kuala,12.18.03.2012
SUMATERA UTARA,12,KAB. SERDANG BEDAGAI,12.18,Sei Rampah,12.18.04,Cempedak Lobang,12.18.04.2001
SUMATERA UTARA,12,KAB. SERDANG BEDAGAI,12.18,Sei Rampah,12.18.04,Firdaus,12.18.04.2002
SUMATERA UTARA,12,KAB. SERDANG BEDAGAI,12.18,Sei Rampah,12.18.04,Pergulaan,12.18.04.2004
SUMATERA UTARA,12,KAB. SERDANG BEDAGAI,12.18,Sei Rampah,12.18.04,Sei Rampah,12.18.04.2006
SUMATERA UTARA,12,KAB. SERDANG BEDAGAI,12.18,Sei Rampah,12.18.04,Sei Rejo,12.18.04.2008
SUMATERA UTARA,12,KAB. SERDANG BEDAGAI,12.18,Sei Rampah,12.18.04,Sei Parit,12.18.04.2009
SUMATERA UTARA,12,KAB. SERDANG BEDAGAI,12.18,Sei Rampah,12.18.04,Silau Rakyat,12.18.04.2010
SUMATERA UTARA,12,KAB. SERDANG BEDAGAI,12.18,Sei Rampah,12.18.04,Firdaus Estate,12.18.04.2012
SUMATERA UTARA,12,KAB. SERDANG BEDAGAI,12.18,Sei Rampah,12.18.04,Pematang Ganjang,12.18.04.2014
SUMATERA UTARA,12,KAB. SERDANG BEDAGAI,12.18,Sei Rampah,12.18.04,Pematang Pelintahan,12.18.04.2015
SUMATERA UTARA,12,KAB. SERDANG BEDAGAI,12.18,Sei Rampah,12.18.04,Rambung Estate,12.18.04.2016
SUMATERA UTARA,12,KAB. SERDANG BEDAGAI,12.18,Sei Rampah,12.18.04,Rambung Sialang Hulu,12.18.04.2017
SUMATERA UTARA,12,KAB. SERDANG BEDAGAI,12.18,Sei Rampah,12.18.04,Rambung Sialang Tengah,12.18.04.2018
SUMATERA UTARA,12,KAB. SERDANG BEDAGAI,12.18,Sei Rampah,12.18.04,Rambung Sialang Hilir,12.18.04.2019
SUMATERA UTARA,12,KAB. SERDANG BEDAGAI,12.18,Sei Rampah,12.18.04,Simpang Empat,12.18.04.2024
SUMATERA UTARA,12,KAB. SERDANG BEDAGAI,12.18,Sei Rampah,12.18.04,Sinah Kasih,12.18.04.2026
SUMATERA UTARA,12,KAB. SERDANG BEDAGAI,12.18,Sei Rampah,12.18.04,Tanah Raja,12.18.04.2027
SUMATERA UTARA,12,KAB. SERDANG BEDAGAI,12.18,Tanjung Beringin,12.18.05,Pekan Tanjung Beringin,12.18.05.2001
SUMATERA UTARA,12,KAB. SERDANG BEDAGAI,12.18,Tanjung Beringin,12.18.05,Nagur,12.18.05.2002
SUMATERA UTARA,12,KAB. SERDANG BEDAGAI,12.18,Tanjung Beringin,12.18.05,Mangga Dua,12.18.05.2003
SUMATERA UTARA,12,KAB. SERDANG BEDAGAI,12.18,Tanjung Beringin,12.18.05,Sukajadi,12.18.05.2004
SUMATERA UTARA,12,KAB. SERDANG BEDAGAI,12.18,Tanjung Beringin,12.18.05,Tebing Tinggi,12.18.05.2005
SUMATERA UTARA,12,KAB. SERDANG BEDAGAI,12.18,Tanjung Beringin,12.18.05,Pematang Cermai,12.18.05.2006
SUMATERA UTARA,12,KAB. SERDANG BEDAGAI,12.18,Tanjung Beringin,12.18.05,Pematang Terang,12.18.05.2007
SUMATERA UTARA,12,KAB. SERDANG BEDAGAI,12.18,Tanjung Beringin,12.18.05,Bagan Kuala,12.18.05.2008
SUMATERA UTARA,12,KAB. SERDANG BEDAGAI,12.18,Bandar Khalipah,12.18.06,Bandar Tengah,12.18.06.2001
SUMATERA UTARA,12,KAB. SERDANG BEDAGAI,12.18,Bandar Khalipah,12.18.06,Juhar,12.18.06.2002
SUMATERA UTARA,12,KAB. SERDANG BEDAGAI,12.18,Bandar Khalipah,12.18.06,Gelam Sei Serimah,12.18.06.2003
SUMATERA UTARA,12,KAB. SERDANG BEDAGAI,12.18,Bandar Khalipah,12.18.06,Pekan Bandar Khalipah,12.18.06.2004
SUMATERA UTARA,12,KAB. SERDANG BEDAGAI,12.18,Bandar Khalipah,12.18.06,Kayu Besar,12.18.06.2005
SUMATERA UTARA,12,KAB. SERDANG BEDAGAI,12.18,Dolok Merawan,12.18.07,Nagaraja I,12.18.07.2001
SUMATERA UTARA,12,KAB. SERDANG BEDAGAI,12.18,Dolok Merawan,12.18.07,Panglong,12.18.07.2002
SUMATERA UTARA,12,KAB. SERDANG BEDAGAI,12.18,Dolok Merawan,12.18.07,Bandarawan,12.18.07.2003
SUMATERA UTARA,12,KAB. SERDANG BEDAGAI,12.18,Dolok Merawan,12.18.07,Gunung Para II,12.18.07.2004
SUMATERA UTARA,12,KAB. SERDANG BEDAGAI,12.18,Dolok Merawan,12.18.07,Limbong,12.18.07.2005
SUMATERA UTARA,12,KAB. SERDANG BEDAGAI,12.18,Dolok Merawan,12.18.07,Dolok Merawan,12.18.07.2006
SUMATERA UTARA,12,KAB. SERDANG BEDAGAI,12.18,Dolok Merawan,12.18.07,Paritokan,12.18.07.2007
SUMATERA UTARA,12,KAB. SERDANG BEDAGAI,12.18,Dolok Merawan,12.18.07,Kalembak,12.18.07.2008
SUMATERA UTARA,12,KAB. SERDANG BEDAGAI,12.18,Dolok Merawan,12.18.07,Afd. VI Dolok Ilir,12.18.07.2009
SUMATERA UTARA,12,KAB. SERDANG BEDAGAI,12.18,Dolok Merawan,12.18.07,Pabatu I,12.18.07.2010
SUMATERA UTARA,12,KAB. SERDANG BEDAGAI,12.18,Dolok Merawan,12.18.07,Afd. VII Dolok Ilir,12.18.07.2011
SUMATERA UTARA,12,KAB. SERDANG BEDAGAI,12.18,Dolok Merawan,12.18.07,Pabatu II,12.18.07.2012
SUMATERA UTARA,12,KAB. SERDANG BEDAGAI,12.18,Dolok Merawan,12.18.07,Mainu Tengah,12.18.07.2013
SUMATERA UTARA,12,KAB. SERDANG BEDAGAI,12.18,Dolok Merawan,12.18.07,Bahdamar,12.18.07.2014
SUMATERA UTARA,12,KAB. SERDANG BEDAGAI,12.18,Dolok Merawan,12.18.07,Pabatu III,12.18.07.2015
SUMATERA UTARA,12,KAB. SERDANG BEDAGAI,12.18,Dolok Merawan,12.18.07,Pabatu VI,12.18.07.2016
SUMATERA UTARA,12,KAB. SERDANG BEDAGAI,12.18,Dolok Merawan,12.18.07,Korajim,12.18.07.2017
SUMATERA UTARA,12,KAB. SERDANG BEDAGAI,12.18,Sipispis,12.18.08,Sipispis,12.18.08.2001
SUMATERA UTARA,12,KAB. SERDANG BEDAGAI,12.18,Sipispis,12.18.08,Serbananti,12.18.08.2002
SUMATERA UTARA,12,KAB. SERDANG BEDAGAI,12.18,Sipispis,12.18.08,Bartong,12.18.08.2003
SUMATERA UTARA,12,KAB. SERDANG BEDAGAI,12.18,Sipispis,12.18.08,Marubun,12.18.08.2004
SUMATERA UTARA,12,KAB. SERDANG BEDAGAI,12.18,Sipispis,12.18.08,Pispis,12.18.08.2005
SUMATERA UTARA,12,KAB. SERDANG BEDAGAI,12.18,Sipispis,12.18.08,Baja Dolok,12.18.08.2006
SUMATERA UTARA,12,KAB. SERDANG BEDAGAI,12.18,Sipispis,12.18.08,Tinokkah,12.18.08.2007
SUMATERA UTARA,12,KAB. SERDANG BEDAGAI,12.18,Sipispis,12.18.08,Nagur Pane,12.18.08.2008
SUMATERA UTARA,12,KAB. SERDANG BEDAGAI,12.18,Sipispis,12.18.08,Parlambean,12.18.08.2009
SUMATERA UTARA,12,KAB. SERDANG BEDAGAI,12.18,Sipispis,12.18.08,Naga Raja,12.18.08.2010
SUMATERA UTARA,12,KAB. SERDANG BEDAGAI,12.18,Sipispis,12.18.08,Mariah Nagur,12.18.08.2011
SUMATERA UTARA,12,KAB. SERDANG BEDAGAI,12.18,Sipispis,12.18.08,Rimbun,12.18.08.2012
SUMATERA UTARA,12,KAB. SERDANG BEDAGAI,12.18,Sipispis,12.18.08,Marjanji,12.18.08.2013
SUMATERA UTARA,12,KAB. SERDANG BEDAGAI,12.18,Sipispis,12.18.08,Silau Padang,12.18.08.2014
SUMATERA UTARA,12,KAB. SERDANG BEDAGAI,12.18,Sipispis,12.18.08,Buluh Duri,12.18.08.2015
SUMATERA UTARA,12,KAB. SERDANG BEDAGAI,12.18,Sipispis,12.18.08,Gunung Monako,12.18.08.2016
SUMATERA UTARA,12,KAB. SERDANG BEDAGAI,12.18,Sipispis,12.18.08,Damak Urat,12.18.08.2017
SUMATERA UTARA,12,KAB. SERDANG BEDAGAI,12.18,Sipispis,12.18.08,Simalas,12.18.08.2018
SUMATERA UTARA,12,KAB. SERDANG BEDAGAI,12.18,Sipispis,12.18.08,Gunung Pane,12.18.08.2019
SUMATERA UTARA,12,KAB. SERDANG BEDAGAI,12.18,Sipispis,12.18.08,Sibarau,12.18.08.2020
SUMATERA UTARA,12,KAB. SERDANG BEDAGAI,12.18,Dolok Masihul,12.18.09,Dame,12.18.09.2001
SUMATERA UTARA,12,KAB. SERDANG BEDAGAI,12.18,Dolok Masihul,12.18.09,Blok 10,12.18.09.2002
SUMATERA UTARA,12,KAB. SERDANG BEDAGAI,12.18,Dolok Masihul,12.18.09,Kota Tengah,12.18.09.2003
SUMATERA UTARA,12,KAB. SERDANG BEDAGAI,12.18,Dolok Masihul,12.18.09,Silau Merawan,12.18.09.2004
SUMATERA UTARA,12,KAB. SERDANG BEDAGAI,12.18,Dolok Masihul,12.18.09,Pekan Kamis,12.18.09.2005
SUMATERA UTARA,12,KAB. SERDANG BEDAGAI,12.18,Dolok Masihul,12.18.09,Batu 12,12.18.09.2006
SUMATERA UTARA,12,KAB. SERDANG BEDAGAI,12.18,Dolok Masihul,12.18.09,Batu 13,12.18.09.2007
SUMATERA UTARA,12,KAB. SERDANG BEDAGAI,12.18,Dolok Masihul,12.18.09,Baja Ronggi,12.18.09.2008
SUMATERA UTARA,12,KAB. SERDANG BEDAGAI,12.18,Dolok Masihul,12.18.09,Dolok Sagala,12.18.09.2009
SUMATERA UTARA,12,KAB. SERDANG BEDAGAI,12.18,Dolok Masihul,12.18.09,Dolok Manampang,12.18.09.2010
SUMATERA UTARA,12,KAB. SERDANG BEDAGAI,12.18,Dolok Masihul,12.18.09,Pardomuan,12.18.09.2011
SUMATERA UTARA,12,KAB. SERDANG BEDAGAI,12.18,Dolok Masihul,12.18.09,Tegal Sari,12.18.09.2012
SUMATERA UTARA,12,KAB. SERDANG BEDAGAI,12.18,Dolok Masihul,12.18.09,Pertambatan,12.18.09.2013
SUMATERA UTARA,12,KAB. SERDANG BEDAGAI,12.18,Dolok Masihul,12.18.09,Huta Nauli,12.18.09.2015
SUMATERA UTARA,12,KAB. SERDANG BEDAGAI,12.18,Dolok Masihul,12.18.09,Bantan,12.18.09.2016
SUMATERA UTARA,12,KAB. SERDANG BEDAGAI,12.18,Dolok Masihul,12.18.09,Bukit Cermin Hilir,12.18.09.2017
SUMATERA UTARA,12,KAB. SERDANG BEDAGAI,12.18,Dolok Masihul,12.18.09,Malasori,12.18.09.2018
SUMATERA UTARA,12,KAB. SERDANG BEDAGAI,12.18,Dolok Masihul,12.18.09,Sarang Giting,12.18.09.2019
SUMATERA UTARA,12,KAB. SERDANG BEDAGAI,12.18,Dolok Masihul,12.18.09,Durian Puloan,12.18.09.2020
SUMATERA UTARA,12,KAB. SERDANG BEDAGAI,12.18,Dolok Masihul,12.18.09,Sarang Torop,12.18.09.2021
SUMATERA UTARA,12,KAB. SERDANG BEDAGAI,12.18,Dolok Masihul,12.18.09,Havea,12.18.09.2022
SUMATERA UTARA,12,KAB. SERDANG BEDAGAI,12.18,Dolok Masihul,12.18.09,Aras Panjang,12.18.09.2023
SUMATERA UTARA,12,KAB. SERDANG BEDAGAI,12.18,Dolok Masihul,12.18.09,Martebing,12.18.09.2024
SUMATERA UTARA,12,KAB. SERDANG BEDAGAI,12.18,Dolok Masihul,12.18.09,Kerapuh,12.18.09.2025
SUMATERA UTARA,12,KAB. SERDANG BEDAGAI,12.18,Dolok Masihul,12.18.09,Tanjung Maria,12.18.09.2026
SUMATERA UTARA,12,KAB. SERDANG BEDAGAI,12.18,Dolok Masihul,12.18.09,Bah Kerapuh,12.18.09.2027
SUMATERA UTARA,12,KAB. SERDANG BEDAGAI,12.18,Dolok Masihul,12.18.09,Ujung Silau,12.18.09.2028
SUMATERA UTARA,12,KAB. SERDANG BEDAGAI,12.18,Dolok Masihul,12.18.09,Pekan Dolok Masihul,12.18.09.1029
SUMATERA UTARA,12,KAB. SERDANG BEDAGAI,12.18,Kotarih,12.18.10,Kotarih Pekan,12.18.10.2001
SUMATERA UTARA,12,KAB. SERDANG BEDAGAI,12.18,Kotarih,12.18.10,Kotarih Baru,12.18.10.2002
SUMATERA UTARA,12,KAB. SERDANG BEDAGAI,12.18,Kotarih,12.18.10,Banjaran Godang,12.18.10.2003
SUMATERA UTARA,12,KAB. SERDANG BEDAGAI,12.18,Kotarih,12.18.10,Si Ujan Ujan,12.18.10.2004
SUMATERA UTARA,12,KAB. SERDANG BEDAGAI,12.18,Kotarih,12.18.10,Sei Kari,12.18.10.2010
SUMATERA UTARA,12,KAB. SERDANG BEDAGAI,12.18,Kotarih,12.18.10,Bandar Bayu,12.18.10.2013
SUMATERA UTARA,12,KAB. SERDANG BEDAGAI,12.18,Kotarih,12.18.10,Durian Kondot,12.18.10.2014
SUMATERA UTARA,12,KAB. SERDANG BEDAGAI,12.18,Kotarih,12.18.10,Perbahingan,12.18.10.2015
SUMATERA UTARA,12,KAB. SERDANG BEDAGAI,12.18,Kotarih,12.18.10,Sialtong,12.18.10.2022
SUMATERA UTARA,12,KAB. SERDANG BEDAGAI,12.18,Kotarih,12.18.10,Huta Galuh,12.18.10.2023
SUMATERA UTARA,12,KAB. SERDANG BEDAGAI,12.18,Kotarih,12.18.10,Rubun Dunia,12.18.10.2024
SUMATERA UTARA,12,KAB. SERDANG BEDAGAI,12.18,Silinda,12.18.11,Batu Masagi,12.18.11.2004
SUMATERA UTARA,12,KAB. SERDANG BEDAGAI,12.18,Silinda,12.18.11,Damak Gelugur,12.18.11.2013
SUMATERA UTARA,12,KAB. SERDANG BEDAGAI,12.18,Silinda,12.18.11,Kulasar,12.18.11.2016
SUMATERA UTARA,12,KAB. SERDANG BEDAGAI,12.18,Silinda,12.18.11,Pagar Manik,12.18.11.2021
SUMATERA UTARA,12,KAB. SERDANG BEDAGAI,12.18,Silinda,12.18.11,Pamah,12.18.11.2022
SUMATERA UTARA,12,KAB. SERDANG BEDAGAI,12.18,Silinda,12.18.11,Silinda,12.18.11.2026
SUMATERA UTARA,12,KAB. SERDANG BEDAGAI,12.18,Silinda,12.18.11,Sungai Buaya,12.18.11.2028
SUMATERA UTARA,12,KAB. SERDANG BEDAGAI,12.18,Silinda,12.18.11,Tarean,12.18.11.2029
SUMATERA UTARA,12,KAB. SERDANG BEDAGAI,12.18,Silinda,12.18.11,Tapak Meriah,12.18.11.2031
SUMATERA UTARA,12,KAB. SERDANG BEDAGAI,12.18,Serba Jadi,12.18.12,Tanjung Harap,12.18.12.2010
SUMATERA UTARA,12,KAB. SERDANG BEDAGAI,12.18,Serba Jadi,12.18.12,Kuala Bali,12.18.12.2011
SUMATERA UTARA,12,KAB. SERDANG BEDAGAI,12.18,Serba Jadi,12.18.12,Karang Tengah,12.18.12.2014
SUMATERA UTARA,12,KAB. SERDANG BEDAGAI,12.18,Serba Jadi,12.18.12,Kelapa Bajohom,12.18.12.2015
SUMATERA UTARA,12,KAB. SERDANG BEDAGAI,12.18,Serba Jadi,12.18.12,Manggis,12.18.12.2018
SUMATERA UTARA,12,KAB. SERDANG BEDAGAI,12.18,Serba Jadi,12.18.12,Pulau Gambar,12.18.12.2020
SUMATERA UTARA,12,KAB. SERDANG BEDAGAI,12.18,Serba Jadi,12.18.12,Pulau Tagor,12.18.12.2021
SUMATERA UTARA,12,KAB. SERDANG BEDAGAI,12.18,Serba Jadi,12.18.12,Serba Jadi,12.18.12.2032
SUMATERA UTARA,12,KAB. SERDANG BEDAGAI,12.18,Serba Jadi,12.18.12,Tambak Cekur,12.18.12.2033
SUMATERA UTARA,12,KAB. SERDANG BEDAGAI,12.18,Serba Jadi,12.18.12,Bah Sidua-dua,12.18.12.2038
SUMATERA UTARA,12,KAB. SERDANG BEDAGAI,12.18,Tebing Tinggi,12.18.13,Bah Sumbu,12.18.13.2001
SUMATERA UTARA,12,KAB. SERDANG BEDAGAI,12.18,Tebing Tinggi,12.18.13,Naga Kesiangan,12.18.13.2002
SUMATERA UTARA,12,KAB. SERDANG BEDAGAI,12.18,Tebing Tinggi,12.18.13,Jambu,12.18.13.2003
SUMATERA UTARA,12,KAB. SERDANG BEDAGAI,12.18,Tebing Tinggi,12.18.13,Mariah Padang,12.18.13.2004
SUMATERA UTARA,12,KAB. SERDANG BEDAGAI,12.18,Tebing Tinggi,12.18.13,Pertapaan,12.18.13.2005
SUMATERA UTARA,12,KAB. SERDANG BEDAGAI,12.18,Tebing Tinggi,12.18.13,Paya Lombang,12.18.13.2006
SUMATERA UTARA,12,KAB. SERDANG BEDAGAI,12.18,Tebing Tinggi,12.18.13,Sei Serimah,12.18.13.2007
SUMATERA UTARA,12,KAB. SERDANG BEDAGAI,12.18,Tebing Tinggi,12.18.13,Paya Bagas,12.18.13.2008
SUMATERA UTARA,12,KAB. SERDANG BEDAGAI,12.18,Tebing Tinggi,12.18.13,Paya Mabar,12.18.13.2009
SUMATERA UTARA,12,KAB. SERDANG BEDAGAI,12.18,Tebing Tinggi,12.18.13,Sei. Priok,12.18.13.2010
SUMATERA UTARA,12,KAB. SERDANG BEDAGAI,12.18,Tebing Tinggi,12.18.13,Kuta Baru,12.18.13.2011
SUMATERA UTARA,12,KAB. SERDANG BEDAGAI,12.18,Tebing Tinggi,12.18.13,Kedai Damar,12.18.13.2018
SUMATERA UTARA,12,KAB. SERDANG BEDAGAI,12.18,Tebing Tinggi,12.18.13,Penonggol,12.18.13.2019
SUMATERA UTARA,12,KAB. SERDANG BEDAGAI,12.18,Tebing Tinggi,12.18.13,Gunung Kataran,12.18.13.2020
SUMATERA UTARA,12,KAB. SERDANG BEDAGAI,12.18,Pegajahan,12.18.14,Bengabing,12.18.14.2001
SUMATERA UTARA,12,KAB. SERDANG BEDAGAI,12.18,Pegajahan,12.18.14,Bingkat,12.18.14.2002
SUMATERA UTARA,12,KAB. SERDANG BEDAGAI,12.18,Pegajahan,12.18.14,Jati Mulyo,12.18.14.2003
SUMATERA UTARA,12,KAB. SERDANG BEDAGAI,12.18,Pegajahan,12.18.14,Karang Anyar,12.18.14.2004
SUMATERA UTARA,12,KAB. SERDANG BEDAGAI,12.18,Pegajahan,12.18.14,Lestari Dadi,12.18.14.2005
SUMATERA UTARA,12,KAB. SERDANG BEDAGAI,12.18,Pegajahan,12.18.14,Pegajahan,12.18.14.2006
SUMATERA UTARA,12,KAB. SERDANG BEDAGAI,12.18,Pegajahan,12.18.14,Petuaran Hulu,12.18.14.2007
SUMATERA UTARA,12,KAB. SERDANG BEDAGAI,12.18,Pegajahan,12.18.14,Petuaran Hilir,12.18.14.2008
SUMATERA UTARA,12,KAB. SERDANG BEDAGAI,12.18,Pegajahan,12.18.14,Pondok Tengah,12.18.14.2009
SUMATERA UTARA,12,KAB. SERDANG BEDAGAI,12.18,Pegajahan,12.18.14,Sukasari,12.18.14.2010
SUMATERA UTARA,12,KAB. SERDANG BEDAGAI,12.18,Pegajahan,12.18.14,Tanjung Putus,12.18.14.2011
SUMATERA UTARA,12,KAB. SERDANG BEDAGAI,12.18,Pegajahan,12.18.14,Melati Kebun,12.18.14.1012
SUMATERA UTARA,12,KAB. SERDANG BEDAGAI,12.18,Pegajahan,12.18.14,Sennah,12.18.14.2013
SUMATERA UTARA,12,KAB. SERDANG BEDAGAI,12.18,Sei Bamban,12.18.15,Pon,12.18.15.2001
SUMATERA UTARA,12,KAB. SERDANG BEDAGAI,12.18,Sei Bamban,12.18.15,Sei Bamban,12.18.15.2002
SUMATERA UTARA,12,KAB. SERDANG BEDAGAI,12.18,Sei Bamban,12.18.15,Bakaran Batu,12.18.15.2003
SUMATERA UTARA,12,KAB. SERDANG BEDAGAI,12.18,Sei Bamban,12.18.15,Gempolan,12.18.15.2004
SUMATERA UTARA,12,KAB. SERDANG BEDAGAI,12.18,Sei Bamban,12.18.15,Rampah Estate,12.18.15.2005
SUMATERA UTARA,12,KAB. SERDANG BEDAGAI,12.18,Sei Bamban,12.18.15,Suka Damai,12.18.15.2006
SUMATERA UTARA,12,KAB. SERDANG BEDAGAI,12.18,Sei Bamban,12.18.15,Sei Bamban Estate,12.18.15.2007
SUMATERA UTARA,12,KAB. SERDANG BEDAGAI,12.18,Sei Bamban,12.18.15,Sei Belutu,12.18.15.2008
SUMATERA UTARA,12,KAB. SERDANG BEDAGAI,12.18,Sei Bamban,12.18.15,Sei Buluh,12.18.15.2009
SUMATERA UTARA,12,KAB. SERDANG BEDAGAI,12.18,Sei Bamban,12.18.15,Penggalangan,12.18.15.2010
SUMATERA UTARA,12,KAB. SERDANG BEDAGAI,12.18,Tebing Syahbandar,12.18.16,Penggalian,12.18.16.2001
SUMATERA UTARA,12,KAB. SERDANG BEDAGAI,12.18,Tebing Syahbandar,12.18.16,Laut Tador,12.18.16.2002
SUMATERA UTARA,12,KAB. SERDANG BEDAGAI,12.18,Tebing Syahbandar,12.18.16,Tanah Besih,12.18.16.2003
SUMATERA UTARA,12,KAB. SERDANG BEDAGAI,12.18,Tebing Syahbandar,12.18.16,Binjai,12.18.16.2004
SUMATERA UTARA,12,KAB. SERDANG BEDAGAI,12.18,Tebing Syahbandar,12.18.16,Paya Pasir,12.18.16.2005
SUMATERA UTARA,12,KAB. SERDANG BEDAGAI,12.18,Tebing Syahbandar,12.18.16,Bahilang,12.18.16.2006
SUMATERA UTARA,12,KAB. SERDANG BEDAGAI,12.18,Tebing Syahbandar,12.18.16,Penggalangan,12.18.16.2007
SUMATERA UTARA,12,KAB. SERDANG BEDAGAI,12.18,Tebing Syahbandar,12.18.16,Paya Pinang,12.18.16.2008
SUMATERA UTARA,12,KAB. SERDANG BEDAGAI,12.18,Tebing Syahbandar,12.18.16,Kuta Pinang,12.18.16.2009
SUMATERA UTARA,12,KAB. SERDANG BEDAGAI,12.18,Tebing Syahbandar,12.18.16,Sibulan,12.18.16.2010
SUMATERA UTARA,12,KAB. SERDANG BEDAGAI,12.18,Bintang Bayu,12.18.17,Gudang Garam,12.18.17.2001
SUMATERA UTARA,12,KAB. SERDANG BEDAGAI,12.18,Bintang Bayu,12.18.17,Dolok Masango,12.18.17.2002
SUMATERA UTARA,12,KAB. SERDANG BEDAGAI,12.18,Bintang Bayu,12.18.17,Panombean,12.18.17.2003
SUMATERA UTARA,12,KAB. SERDANG BEDAGAI,12.18,Bintang Bayu,12.18.17,Bandar Negeri,12.18.17.2004
SUMATERA UTARA,12,KAB. SERDANG BEDAGAI,12.18,Bintang Bayu,12.18.17,Ujung Negeri Kahan,12.18.17.2005
SUMATERA UTARA,12,KAB. SERDANG BEDAGAI,12.18,Bintang Bayu,12.18.17,Bandar Magodang,12.18.17.2006
SUMATERA UTARA,12,KAB. SERDANG BEDAGAI,12.18,Bintang Bayu,12.18.17,Ujung Negeri Hulu,12.18.17.2007
SUMATERA UTARA,12,KAB. SERDANG BEDAGAI,12.18,Bintang Bayu,12.18.17,Pegajahan Hulu,12.18.17.2008
SUMATERA UTARA,12,KAB. SERDANG BEDAGAI,12.18,Bintang Bayu,12.18.17,Marihat Dolok,12.18.17.2009
SUMATERA UTARA,12,KAB. SERDANG BEDAGAI,12.18,Bintang Bayu,12.18.17,Bintang Bayu,12.18.17.2010
SUMATERA UTARA,12,KAB. SERDANG BEDAGAI,12.18,Bintang Bayu,12.18.17,Bandar Pinang Kebun,12.18.17.2011
SUMATERA UTARA,12,KAB. SERDANG BEDAGAI,12.18,Bintang Bayu,12.18.17,Damak Tolong Buho,12.18.17.2012
SUMATERA UTARA,12,KAB. SERDANG BEDAGAI,12.18,Bintang Bayu,12.18.17,Bandar Pinang Rambe,12.18.17.2013
SUMATERA UTARA,12,KAB. SERDANG BEDAGAI,12.18,Bintang Bayu,12.18.17,Pegajahan Kahan,12.18.17.2014
SUMATERA UTARA,12,KAB. SERDANG BEDAGAI,12.18,Bintang Bayu,12.18.17,Huta Durian,12.18.17.2015
SUMATERA UTARA,12,KAB. SERDANG BEDAGAI,12.18,Bintang Bayu,12.18.17,Kampung Kristen,12.18.17.2016
SUMATERA UTARA,12,KAB. SERDANG BEDAGAI,12.18,Bintang Bayu,12.18.17,Sarang Ginting Kahan,12.18.17.2017
SUMATERA UTARA,12,KAB. SERDANG BEDAGAI,12.18,Bintang Bayu,12.18.17,Sarang Ginting Hulu,12.18.17.2018
SUMATERA UTARA,12,KAB. SERDANG BEDAGAI,12.18,Bintang Bayu,12.18.17,Siahap,12.18.17.2019
SUMATERA UTARA,12,KAB. BATU BARA,12.19,Medang Deras,12.19.01,Pangkalan Dodek,12.19.01.1001
SUMATERA UTARA,12,KAB. BATU BARA,12.19,Medang Deras,12.19.01,Pangkalan Dodek Baru,12.19.01.1002
SUMATERA UTARA,12,KAB. BATU BARA,12.19,Medang Deras,12.19.01,Aek Nauli,12.19.01.2003
SUMATERA UTARA,12,KAB. BATU BARA,12.19,Medang Deras,12.19.01,Durian,12.19.01.2004
SUMATERA UTARA,12,KAB. BATU BARA,12.19,Medang Deras,12.19.01,Lalang,12.19.01.2005
SUMATERA UTARA,12,KAB. BATU BARA,12.19,Medang Deras,12.19.01,Medang,12.19.01.2006
SUMATERA UTARA,12,KAB. BATU BARA,12.19,Medang Deras,12.19.01,Pakam,12.19.01.2007
SUMATERA UTARA,12,KAB. BATU BARA,12.19,Medang Deras,12.19.01,Pakam Raya,12.19.01.2008
SUMATERA UTARA,12,KAB. BATU BARA,12.19,Medang Deras,12.19.01,Pematang Cengkering,12.19.01.2009
SUMATERA UTARA,12,KAB. BATU BARA,12.19,Medang Deras,12.19.01,Sei Buah Keras,12.19.01.2010
SUMATERA UTARA,12,KAB. BATU BARA,12.19,Medang Deras,12.19.01,Sei Rakyat,12.19.01.2011
SUMATERA UTARA,12,KAB. BATU BARA,12.19,Medang Deras,12.19.01,Sidomulyo,12.19.01.2012
SUMATERA UTARA,12,KAB. BATU BARA,12.19,Medang Deras,12.19.01,Tanjung Sigoni,12.19.01.2013
SUMATERA UTARA,12,KAB. BATU BARA,12.19,Medang Deras,12.19.01,Nenas Siam,12.19.01.2014
SUMATERA UTARA,12,KAB. BATU BARA,12.19,Medang Deras,12.19.01,Pakam Raya Selatan,12.19.01.2015
SUMATERA UTARA,12,KAB. BATU BARA,12.19,Medang Deras,12.19.01,Mandarsah,12.19.01.2016
SUMATERA UTARA,12,KAB. BATU BARA,12.19,Medang Deras,12.19.01,Medang Baru,12.19.01.2017
SUMATERA UTARA,12,KAB. BATU BARA,12.19,Medang Deras,12.19.01,Pematang Nibung,12.19.01.2018
SUMATERA UTARA,12,KAB. BATU BARA,12.19,Medang Deras,12.19.01,Cengkering Pekan,12.19.01.2019
SUMATERA UTARA,12,KAB. BATU BARA,12.19,Medang Deras,12.19.01,Sei Raja,12.19.01.2020
SUMATERA UTARA,12,KAB. BATU BARA,12.19,Medang Deras,12.19.01,Pagurawan,12.19.01.1021
SUMATERA UTARA,12,KAB. BATU BARA,12.19,Sei Suka,12.19.02,Perkebunan Sipare pare,12.19.02.1001
SUMATERA UTARA,12,KAB. BATU BARA,12.19,Sei Suka,12.19.02,Sei Suka Deras,12.19.02.2007
SUMATERA UTARA,12,KAB. BATU BARA,12.19,Sei Suka,12.19.02,Simodong,12.19.02.2008
SUMATERA UTARA,12,KAB. BATU BARA,12.19,Sei Suka,12.19.02,Pematang Jering,12.19.02.2009
SUMATERA UTARA,12,KAB. BATU BARA,12.19,Sei Suka,12.19.02,Pematang Kuing,12.19.02.2010
SUMATERA UTARA,12,KAB. BATU BARA,12.19,Sei Suka,12.19.02,Kuala Indah,12.19.02.2011
SUMATERA UTARA,12,KAB. BATU BARA,12.19,Sei Suka,12.19.02,Kuala Tanjung,12.19.02.2012
SUMATERA UTARA,12,KAB. BATU BARA,12.19,Sei Suka,12.19.02,Tanjung Gading,12.19.02.2018
SUMATERA UTARA,12,KAB. BATU BARA,12.19,Sei Suka,12.19.02,Simpang Kopi,12.19.02.2019
SUMATERA UTARA,12,KAB. BATU BARA,12.19,Sei Suka,12.19.02,Brohol,12.19.02.2020
SUMATERA UTARA,12,KAB. BATU BARA,12.19,Air Putih,12.19.03,Indrapura,12.19.03.1001
SUMATERA UTARA,12,KAB. BATU BARA,12.19,Air Putih,12.19.03,Limau Sundai,12.19.03.2002
SUMATERA UTARA,12,KAB. BATU BARA,12.19,Air Putih,12.19.03,Pematang Panjang,12.19.03.2003
SUMATERA UTARA,12,KAB. BATU BARA,12.19,Air Putih,12.19.03,Sukaraja,12.19.03.2004
SUMATERA UTARA,12,KAB. BATU BARA,12.19,Air Putih,12.19.03,Tanah Tinggi,12.19.03.2005
SUMATERA UTARA,12,KAB. BATU BARA,12.19,Air Putih,12.19.03,Tanjungmuda,12.19.03.2006
SUMATERA UTARA,12,KAB. BATU BARA,12.19,Air Putih,12.19.03,Tanah Merah,12.19.03.2007
SUMATERA UTARA,12,KAB. BATU BARA,12.19,Air Putih,12.19.03,Aras,12.19.03.2008
SUMATERA UTARA,12,KAB. BATU BARA,12.19,Air Putih,12.19.03,Pasar Lapan,12.19.03.2009
SUMATERA UTARA,12,KAB. BATU BARA,12.19,Air Putih,12.19.03,Sipare-pare,12.19.03.2010
SUMATERA UTARA,12,KAB. BATU BARA,12.19,Air Putih,12.19.03,Tanjungkubah,12.19.03.2011
SUMATERA UTARA,12,KAB. BATU BARA,12.19,Air Putih,12.19.03,Tanjungharapan,12.19.03.2012
SUMATERA UTARA,12,KAB. BATU BARA,12.19,Air Putih,12.19.03,Suka Ramai,12.19.03.2013
SUMATERA UTARA,12,KAB. BATU BARA,12.19,Air Putih,12.19.03,Tanah Rendah,12.19.03.2014
SUMATERA UTARA,12,KAB. BATU BARA,12.19,Air Putih,12.19.03,Tanjungmulya,12.19.03.2015
SUMATERA UTARA,12,KAB. BATU BARA,12.19,Air Putih,12.19.03,Titi Payung,12.19.03.2016
SUMATERA UTARA,12,KAB. BATU BARA,12.19,Air Putih,12.19.03,Perkotaan,12.19.03.2017
SUMATERA UTARA,12,KAB. BATU BARA,12.19,Air Putih,12.19.03,Kampung Kelapa,12.19.03.2018
SUMATERA UTARA,12,KAB. BATU BARA,12.19,Air Putih,12.19.03,Indrasakti,12.19.03.1019
SUMATERA UTARA,12,KAB. BATU BARA,12.19,Lima Puluh,12.19.04,Lima Puluh Kota,12.19.04.1001
SUMATERA UTARA,12,KAB. BATU BARA,12.19,Lima Puluh,12.19.04,Mangkai Baru,12.19.04.2011
SUMATERA UTARA,12,KAB. BATU BARA,12.19,Lima Puluh,12.19.04,Mangkai Lama,12.19.04.2012
SUMATERA UTARA,12,KAB. BATU BARA,12.19,Lima Puluh,12.19.04,Perkebunan Dolok,12.19.04.2014
SUMATERA UTARA,12,KAB. BATU BARA,12.19,Lima Puluh,12.19.04,Perkebunan Kwala Gunung,12.19.04.2015
SUMATERA UTARA,12,KAB. BATU BARA,12.19,Lima Puluh,12.19.04,Antara,12.19.04.2016
SUMATERA UTARA,12,KAB. BATU BARA,12.19,Lima Puluh,12.19.04,Perkebunan Lima Puluh,12.19.04.2017
SUMATERA UTARA,12,KAB. BATU BARA,12.19,Lima Puluh,12.19.04,Perkebunan Limau Manis,12.19.04.2018
SUMATERA UTARA,12,KAB. BATU BARA,12.19,Lima Puluh,12.19.04,Perkebunan Tanah Gambus,12.19.04.2019
SUMATERA UTARA,12,KAB. BATU BARA,12.19,Lima Puluh,12.19.04,Simpang Gambus,12.19.04.2025
SUMATERA UTARA,12,KAB. BATU BARA,12.19,Lima Puluh,12.19.04,Sumber Makmur,12.19.04.2026
SUMATERA UTARA,12,KAB. BATU BARA,12.19,Lima Puluh,12.19.04,Sumber Padi,12.19.04.2027
SUMATERA UTARA,12,KAB. BATU BARA,12.19,Talawi,12.19.05,Labuhan Ruku,12.19.05.1001
SUMATERA UTARA,12,KAB. BATU BARA,12.19,Talawi,12.19.05,Dahari Selebar,12.19.05.2004
SUMATERA UTARA,12,KAB. BATU BARA,12.19,Talawi,12.19.05,Mesjid Lama,12.19.05.2006
SUMATERA UTARA,12,KAB. BATU BARA,12.19,Talawi,12.19.05,Padang Genting,12.19.05.2007
SUMATERA UTARA,12,KAB. BATU BARA,12.19,Talawi,12.19.05,Pahang,12.19.05.2008
SUMATERA UTARA,12,KAB. BATU BARA,12.19,Talawi,12.19.05,Panjang,12.19.05.2009
SUMATERA UTARA,12,KAB. BATU BARA,12.19,Talawi,12.19.05,Gunung Rante,12.19.05.2014
SUMATERA UTARA,12,KAB. BATU BARA,12.19,Talawi,12.19.05,Dahari Indah,12.19.05.2015
SUMATERA UTARA,12,KAB. BATU BARA,12.19,Talawi,12.19.05,Indra Yaman,12.19.05.2016
SUMATERA UTARA,12,KAB. BATU BARA,12.19,Talawi,12.19.05,Benteng,12.19.05.2017
SUMATERA UTARA,12,KAB. BATU BARA,12.19,Tanjung Tiram,12.19.06,Tanjung Tiram,12.19.06.1001
SUMATERA UTARA,12,KAB. BATU BARA,12.19,Tanjung Tiram,12.19.06,Guntung,12.19.06.2002
SUMATERA UTARA,12,KAB. BATU BARA,12.19,Tanjung Tiram,12.19.06,Bagan Dalam,12.19.06.2004
SUMATERA UTARA,12,KAB. BATU BARA,12.19,Tanjung Tiram,12.19.06,Bogak,12.19.06.2005
SUMATERA UTARA,12,KAB. BATU BARA,12.19,Tanjung Tiram,12.19.06,Suka Maju,12.19.06.2006
SUMATERA UTARA,12,KAB. BATU BARA,12.19,Tanjung Tiram,12.19.06,Suka Jaya,12.19.06.2016
SUMATERA UTARA,12,KAB. BATU BARA,12.19,Tanjung Tiram,12.19.06,Pahlawan,12.19.06.2017
SUMATERA UTARA,12,KAB. BATU BARA,12.19,Tanjung Tiram,12.19.06,Bandar Rahmat,12.19.06.2018
SUMATERA UTARA,12,KAB. BATU BARA,12.19,Tanjung Tiram,12.19.06,Kampung Lalang,12.19.06.2019
SUMATERA UTARA,12,KAB. BATU BARA,12.19,Tanjung Tiram,12.19.06,Bagan Arya,12.19.06.1022
SUMATERA UTARA,12,KAB. BATU BARA,12.19,Sei Balai,12.19.07,Kwala Sikasim,12.19.07.2001
SUMATERA UTARA,12,KAB. BATU BARA,12.19,Sei Balai,12.19.07,Sei Balai,12.19.07.2002
SUMATERA UTARA,12,KAB. BATU BARA,12.19,Sei Balai,12.19.07,Durian,12.19.07.2004
SUMATERA UTARA,12,KAB. BATU BARA,12.19,Sei Balai,12.19.07,Perkebunan Sei Balai,12.19.07.2005
SUMATERA UTARA,12,KAB. BATU BARA,12.19,Sei Balai,12.19.07,Suka Ramai,12.19.07.2007
SUMATERA UTARA,12,KAB. BATU BARA,12.19,Sei Balai,12.19.07,Sei Bejangkar,12.19.07.2008
SUMATERA UTARA,12,KAB. BATU BARA,12.19,Sei Balai,12.19.07,Mekar Mulio,12.19.07.2009
SUMATERA UTARA,12,KAB. BATU BARA,12.19,Sei Balai,12.19.07,Perkebunan Sei Bejangkar,12.19.07.2010
SUMATERA UTARA,12,KAB. BATU BARA,12.19,Sei Balai,12.19.07,Benteng Jaya,12.19.07.2012
SUMATERA UTARA,12,KAB. BATU BARA,12.19,Sei Balai,12.19.07,Tanah Timbul,12.19.07.2013
SUMATERA UTARA,12,KAB. BATU BARA,12.19,Sei Balai,12.19.07,Perjuangan,12.19.07.2014
SUMATERA UTARA,12,KAB. BATU BARA,12.19,Sei Balai,12.19.07,Sidomulio,12.19.07.2015
SUMATERA UTARA,12,KAB. BATU BARA,12.19,Sei Balai,12.19.07,Mekar Baru,12.19.07.2016
SUMATERA UTARA,12,KAB. BATU BARA,12.19,Sei Balai,12.19.07,Suko Rejo,12.19.07.2017
SUMATERA UTARA,12,KAB. BATU BARA,12.19,Laut Tador,12.19.08,Tanjung Prapat,12.19.08.2001
SUMATERA UTARA,12,KAB. BATU BARA,12.19,Laut Tador,12.19.08,Laut Tador,12.19.08.2002
SUMATERA UTARA,12,KAB. BATU BARA,12.19,Laut Tador,12.19.08,Pelanggiran Laut Tador,12.19.08.2003
SUMATERA UTARA,12,KAB. BATU BARA,12.19,Laut Tador,12.19.08,Perkebunan Tanjung Kasau,12.19.08.2004
SUMATERA UTARA,12,KAB. BATU BARA,12.19,Laut Tador,12.19.08,Dewi Sri,12.19.08.2005
SUMATERA UTARA,12,KAB. BATU BARA,12.19,Laut Tador,12.19.08,Tanjung Kasau,12.19.08.2006
SUMATERA UTARA,12,KAB. BATU BARA,12.19,Laut Tador,12.19.08,Tanjung Seri,12.19.08.2007
SUMATERA UTARA,12,KAB. BATU BARA,12.19,Laut Tador,12.19.08,Mekar Sari,12.19.08.2008
SUMATERA UTARA,12,KAB. BATU BARA,12.19,Laut Tador,12.19.08,Sei Simujur,12.19.08.2009
SUMATERA UTARA,12,KAB. BATU BARA,12.19,Laut Tador,12.19.08,Kandangan,12.19.08.2010
SUMATERA UTARA,12,KAB. BATU BARA,12.19,Lima Puluh Pesisir,12.19.09,Gambus Laut,12.19.09.2001
SUMATERA UTARA,12,KAB. BATU BARA,12.19,Lima Puluh Pesisir,12.19.09,Perupuk,12.19.09.2002
SUMATERA UTARA,12,KAB. BATU BARA,12.19,Lima Puluh Pesisir,12.19.09,Guntung,12.19.09.2003
SUMATERA UTARA,12,KAB. BATU BARA,12.19,Lima Puluh Pesisir,12.19.09,Barung-Barung,12.19.09.2004
SUMATERA UTARA,12,KAB. BATU BARA,12.19,Lima Puluh Pesisir,12.19.09,Titi Putih,12.19.09.2005
SUMATERA UTARA,12,KAB. BATU BARA,12.19,Lima Puluh Pesisir,12.19.09,Pasir Permit,12.19.09.2006
SUMATERA UTARA,12,KAB. BATU BARA,12.19,Lima Puluh Pesisir,12.19.09,Titi Merah,12.19.09.2007
SUMATERA UTARA,12,KAB. BATU BARA,12.19,Lima Puluh Pesisir,12.19.09,Pematang Panjang,12.19.09.2008
SUMATERA UTARA,12,KAB. BATU BARA,12.19,Lima Puluh Pesisir,12.19.09,Bulan-Bulan,12.19.09.2009
SUMATERA UTARA,12,KAB. BATU BARA,12.19,Lima Puluh Pesisir,12.19.09,Gunung Bandung,12.19.09.2010
SUMATERA UTARA,12,KAB. BATU BARA,12.19,Lima Puluh Pesisir,12.19.09,Lubuk Cuik,12.19.09.2011
SUMATERA UTARA,12,KAB. BATU BARA,12.19,Lima Puluh Pesisir,12.19.09,Tanah Itam Ilir,12.19.09.2012
SUMATERA UTARA,12,KAB. BATU BARA,12.19,Lima Puluh Pesisir,12.19.09,Pematang Tengah,12.19.09.2013
SUMATERA UTARA,12,KAB. BATU BARA,12.19,Datuk Lima Puluh,12.19.10,Perkebunan Tanah Itam Ulu,12.19.10.2001
SUMATERA UTARA,12,KAB. BATU BARA,12.19,Datuk Lima Puluh,12.19.10,Empat Negeri,12.19.10.2002
SUMATERA UTARA,12,KAB. BATU BARA,12.19,Datuk Lima Puluh,12.19.10,Sumber Rejo,12.19.10.2003
SUMATERA UTARA,12,KAB. BATU BARA,12.19,Datuk Lima Puluh,12.19.10,Lubuk Hulu,12.19.10.2004
SUMATERA UTARA,12,KAB. BATU BARA,12.19,Datuk Lima Puluh,12.19.10,Lubuk Besar,12.19.10.2005
SUMATERA UTARA,12,KAB. BATU BARA,12.19,Datuk Lima Puluh,12.19.10,Pulau Sejuk,12.19.10.2006
SUMATERA UTARA,12,KAB. BATU BARA,12.19,Datuk Lima Puluh,12.19.10,Simpang Dolok,12.19.10.2007
SUMATERA UTARA,12,KAB. BATU BARA,12.19,Datuk Lima Puluh,12.19.10,Air Hitam,12.19.10.2008
SUMATERA UTARA,12,KAB. BATU BARA,12.19,Datuk Lima Puluh,12.19.10,Kwala Gunung,12.19.10.2009
SUMATERA UTARA,12,KAB. BATU BARA,12.19,Datuk Lima Puluh,12.19.10,Cahaya Pardomuan,12.19.10.2010
SUMATERA UTARA,12,KAB. BATU BARA,12.19,Datuk Tanah Datar,12.19.11,Sumber Tani,12.19.11.2001
SUMATERA UTARA,12,KAB. BATU BARA,12.19,Datuk Tanah Datar,12.19.11,Sei Muka,12.19.11.2002
SUMATERA UTARA,12,KAB. BATU BARA,12.19,Datuk Tanah Datar,12.19.11,Perkebunan Tanah Datar,12.19.11.2003
SUMATERA UTARA,12,KAB. BATU BARA,12.19,Datuk Tanah Datar,12.19.11,Binjai Baru,12.19.11.2004
SUMATERA UTARA,12,KAB. BATU BARA,12.19,Datuk Tanah Datar,12.19.11,Bangun Sari,12.19.11.2005
SUMATERA UTARA,12,KAB. BATU BARA,12.19,Datuk Tanah Datar,12.19.11,Karang Baru,12.19.11.2006
SUMATERA UTARA,12,KAB. BATU BARA,12.19,Datuk Tanah Datar,12.19.11,Perkebunan Petatal,12.19.11.2007
SUMATERA UTARA,12,KAB. BATU BARA,12.19,Datuk Tanah Datar,12.19.11,Mekar Baru,12.19.11.2008
SUMATERA UTARA,12,KAB. BATU BARA,12.19,Datuk Tanah Datar,12.19.11,Petatal,12.19.11.2009
SUMATERA UTARA,12,KAB. BATU BARA,12.19,Datuk Tanah Datar,12.19.11,Glugur Makmur,12.19.11.2010
SUMATERA UTARA,12,KAB. BATU BARA,12.19,Nibung Hangus,12.19.12,Sentang,12.19.12.2001
SUMATERA UTARA,12,KAB. BATU BARA,12.19,Nibung Hangus,12.19.12,Tanjung Mulia,12.19.12.2002
SUMATERA UTARA,12,KAB. BATU BARA,12.19,Nibung Hangus,12.19.12,Jati Mulia,12.19.12.2003
SUMATERA UTARA,12,KAB. BATU BARA,12.19,Nibung Hangus,12.19.12,Lima Laras,12.19.12.2004
SUMATERA UTARA,12,KAB. BATU BARA,12.19,Nibung Hangus,12.19.12,Mekar Laras,12.19.12.2005
SUMATERA UTARA,12,KAB. BATU BARA,12.19,Nibung Hangus,12.19.12,Bandar Sono,12.19.12.2006
SUMATERA UTARA,12,KAB. BATU BARA,12.19,Nibung Hangus,12.19.12,Ujung Kubu,12.19.12.2007
SUMATERA UTARA,12,KAB. BATU BARA,12.19,Nibung Hangus,12.19.12,Sei Mentaram,12.19.12.2008
SUMATERA UTARA,12,KAB. BATU BARA,12.19,Nibung Hangus,12.19.12,Pematang Rambai,12.19.12.2009
SUMATERA UTARA,12,KAB. BATU BARA,12.19,Nibung Hangus,12.19.12,Tali Air Permai,12.19.12.2010
SUMATERA UTARA,12,KAB. BATU BARA,12.19,Nibung Hangus,12.19.12,Bagan Baru,12.19.12.2011
SUMATERA UTARA,12,KAB. BATU BARA,12.19,Nibung Hangus,12.19.12,Kapal Merah,12.19.12.2012
SUMATERA UTARA,12,KAB. PADANG LAWAS UTARA,12.2,Dolok Sigompulon,12.20.01,Janji Manahan GNT,12.20.01.2001
SUMATERA UTARA,12,KAB. PADANG LAWAS UTARA,12.2,Dolok Sigompulon,12.20.01,Pasang Lela,12.20.01.2002
SUMATERA UTARA,12,KAB. PADANG LAWAS UTARA,12.2,Dolok Sigompulon,12.20.01,Aek Jabut,12.20.01.2003
SUMATERA UTARA,12,KAB. PADANG LAWAS UTARA,12.2,Dolok Sigompulon,12.20.01,Nabundong,12.20.01.2004
SUMATERA UTARA,12,KAB. PADANG LAWAS UTARA,12.2,Dolok Sigompulon,12.20.01,Gunung Sormin,12.20.01.2005
SUMATERA UTARA,12,KAB. PADANG LAWAS UTARA,12.2,Dolok Sigompulon,12.20.01,Sihalo Halo,12.20.01.2006
SUMATERA UTARA,12,KAB. PADANG LAWAS UTARA,12.2,Dolok Sigompulon,12.20.01,Kuala Simpang,12.20.01.2007
SUMATERA UTARA,12,KAB. PADANG LAWAS UTARA,12.2,Dolok Sigompulon,12.20.01,Simundol,12.20.01.2008
SUMATERA UTARA,12,KAB. PADANG LAWAS UTARA,12.2,Dolok Sigompulon,12.20.01,Nahula Julu,12.20.01.2009
SUMATERA UTARA,12,KAB. PADANG LAWAS UTARA,12.2,Dolok Sigompulon,12.20.01,Simaninggir Simundol,12.20.01.2010
SUMATERA UTARA,12,KAB. PADANG LAWAS UTARA,12.2,Dolok Sigompulon,12.20.01,Simangambat,12.20.01.2011
SUMATERA UTARA,12,KAB. PADANG LAWAS UTARA,12.2,Dolok Sigompulon,12.20.01,Saba Bangun,12.20.01.2012
SUMATERA UTARA,12,KAB. PADANG LAWAS UTARA,12.2,Dolok Sigompulon,12.20.01,Malino,12.20.01.2013
SUMATERA UTARA,12,KAB. PADANG LAWAS UTARA,12.2,Dolok Sigompulon,12.20.01,Gonting Bange,12.20.01.2014
SUMATERA UTARA,12,KAB. PADANG LAWAS UTARA,12.2,Dolok Sigompulon,12.20.01,Hutaimbaru Simundol,12.20.01.2015
SUMATERA UTARA,12,KAB. PADANG LAWAS UTARA,12.2,Dolok Sigompulon,12.20.01,Padang Matinggi Simundol,12.20.01.2016
SUMATERA UTARA,12,KAB. PADANG LAWAS UTARA,12.2,Dolok Sigompulon,12.20.01,Sunut,12.20.01.2017
SUMATERA UTARA,12,KAB. PADANG LAWAS UTARA,12.2,Dolok Sigompulon,12.20.01,Batu Hibul,12.20.01.2018
SUMATERA UTARA,12,KAB. PADANG LAWAS UTARA,12.2,Dolok Sigompulon,12.20.01,Sigordang,12.20.01.2019
SUMATERA UTARA,12,KAB. PADANG LAWAS UTARA,12.2,Dolok Sigompulon,12.20.01,Pamarai,12.20.01.2020
SUMATERA UTARA,12,KAB. PADANG LAWAS UTARA,12.2,Dolok Sigompulon,12.20.01,Padang Matinggi GNT,12.20.01.2021
SUMATERA UTARA,12,KAB. PADANG LAWAS UTARA,12.2,Dolok Sigompulon,12.20.01,Gadung Holbung,12.20.01.2022
SUMATERA UTARA,12,KAB. PADANG LAWAS UTARA,12.2,Dolok Sigompulon,12.20.01,Salusuhan,12.20.01.2023
SUMATERA UTARA,12,KAB. PADANG LAWAS UTARA,12.2,Dolok Sigompulon,12.20.01,Panyabungan,12.20.01.2024
SUMATERA UTARA,12,KAB. PADANG LAWAS UTARA,12.2,Dolok Sigompulon,12.20.01,Sayur Matinggi,12.20.01.2025
SUMATERA UTARA,12,KAB. PADANG LAWAS UTARA,12.2,Dolok Sigompulon,12.20.01,Hasahatan,12.20.01.2026
SUMATERA UTARA,12,KAB. PADANG LAWAS UTARA,12.2,Dolok Sigompulon,12.20.01,Pinarik,12.20.01.2027
SUMATERA UTARA,12,KAB. PADANG LAWAS UTARA,12.2,Dolok Sigompulon,12.20.01,Unte Manis,12.20.01.2028
SUMATERA UTARA,12,KAB. PADANG LAWAS UTARA,12.2,Dolok Sigompulon,12.20.01,Sipogas,12.20.01.2029
SUMATERA UTARA,12,KAB. PADANG LAWAS UTARA,12.2,Dolok Sigompulon,12.20.01,Sipogas A,12.20.01.2030
SUMATERA UTARA,12,KAB. PADANG LAWAS UTARA,12.2,Dolok Sigompulon,12.20.01,Padang Malakka,12.20.01.2031
SUMATERA UTARA,12,KAB. PADANG LAWAS UTARA,12.2,Dolok Sigompulon,12.20.01,Aek Simanap,12.20.01.2032
SUMATERA UTARA,12,KAB. PADANG LAWAS UTARA,12.2,Dolok Sigompulon,12.20.01,Pulo Liman,12.20.01.2033
SUMATERA UTARA,12,KAB. PADANG LAWAS UTARA,12.2,Dolok Sigompulon,12.20.01,Aek Kundur,12.20.01.2034
SUMATERA UTARA,12,KAB. PADANG LAWAS UTARA,12.2,Dolok Sigompulon,12.20.01,Hatiran,12.20.01.2035
SUMATERA UTARA,12,KAB. PADANG LAWAS UTARA,12.2,Dolok Sigompulon,12.20.01,Karang Anyar,12.20.01.2036
SUMATERA UTARA,12,KAB. PADANG LAWAS UTARA,12.2,Dolok Sigompulon,12.20.01,Aek Kanan,12.20.01.2037
SUMATERA UTARA,12,KAB. PADANG LAWAS UTARA,12.2,Dolok Sigompulon,12.20.01,Nahula Jae,12.20.01.2038
SUMATERA UTARA,12,KAB. PADANG LAWAS UTARA,12.2,Dolok Sigompulon,12.20.01,Simadihon,12.20.01.2039
SUMATERA UTARA,12,KAB. PADANG LAWAS UTARA,12.2,Dolok Sigompulon,12.20.01,Pasar Sayur Matinggi,12.20.01.2040
SUMATERA UTARA,12,KAB. PADANG LAWAS UTARA,12.2,Dolok Sigompulon,12.20.01,Tj. Baru Silaiya,12.20.01.2041
SUMATERA UTARA,12,KAB. PADANG LAWAS UTARA,12.2,Dolok Sigompulon,12.20.01,Sitonun,12.20.01.2042
SUMATERA UTARA,12,KAB. PADANG LAWAS UTARA,12.2,Dolok Sigompulon,12.20.01,Pasar Simundol,12.20.01.2043
SUMATERA UTARA,12,KAB. PADANG LAWAS UTARA,12.2,Dolok Sigompulon,12.20.01,Pamonoran,12.20.01.2044
SUMATERA UTARA,12,KAB. PADANG LAWAS UTARA,12.2,Dolok,12.20.02,Siguga,12.20.02.2001
SUMATERA UTARA,12,KAB. PADANG LAWAS UTARA,12.2,Dolok,12.20.02,Singanyal,12.20.02.2002
SUMATERA UTARA,12,KAB. PADANG LAWAS UTARA,12.2,Dolok,12.20.02,Binanga Panasahan,12.20.02.2003
SUMATERA UTARA,12,KAB. PADANG LAWAS UTARA,12.2,Dolok,12.20.02,Aek Haruaya,12.20.02.2004
SUMATERA UTARA,12,KAB. PADANG LAWAS UTARA,12.2,Dolok,12.20.02,Tanjung Baru B,12.20.02.2005
SUMATERA UTARA,12,KAB. PADANG LAWAS UTARA,12.2,Dolok,12.20.02,Pasar Sipiongot,12.20.02.2006
SUMATERA UTARA,12,KAB. PADANG LAWAS UTARA,12.2,Dolok,12.20.02,Bintais Julu,12.20.02.2007
SUMATERA UTARA,12,KAB. PADANG LAWAS UTARA,12.2,Dolok,12.20.02,Bunut,12.20.02.2008
SUMATERA UTARA,12,KAB. PADANG LAWAS UTARA,12.2,Dolok,12.20.02,Paya Ombik,12.20.02.2009
SUMATERA UTARA,12,KAB. PADANG LAWAS UTARA,12.2,Dolok,12.20.02,Aek Suhat Jae,12.20.02.2010
SUMATERA UTARA,12,KAB. PADANG LAWAS UTARA,12.2,Dolok,12.20.02,Huta Baru Sil,12.20.02.2011
SUMATERA UTARA,12,KAB. PADANG LAWAS UTARA,12.2,Dolok,12.20.02,Sijorang,12.20.02.2012
SUMATERA UTARA,12,KAB. PADANG LAWAS UTARA,12.2,Dolok,12.20.02,Simaninggir Sip,12.20.02.2013
SUMATERA UTARA,12,KAB. PADANG LAWAS UTARA,12.2,Dolok,12.20.02,Pangaran Julu I,12.20.02.2014
SUMATERA UTARA,12,KAB. PADANG LAWAS UTARA,12.2,Dolok,12.20.02,Mompang Lombang,12.20.02.2015
SUMATERA UTARA,12,KAB. PADANG LAWAS UTARA,12.2,Dolok,12.20.02,Janji Manahan Sil,12.20.02.2016
SUMATERA UTARA,12,KAB. PADANG LAWAS UTARA,12.2,Dolok,12.20.02,Baringin Sip,12.20.02.2017
SUMATERA UTARA,12,KAB. PADANG LAWAS UTARA,12.2,Dolok,12.20.02,Gunung Maria,12.20.02.2018
SUMATERA UTARA,12,KAB. PADANG LAWAS UTARA,12.2,Dolok,12.20.02,Mompang Dolok,12.20.02.2019
SUMATERA UTARA,12,KAB. PADANG LAWAS UTARA,12.2,Dolok,12.20.02,Aek Rao TN,12.20.02.2020
SUMATERA UTARA,12,KAB. PADANG LAWAS UTARA,12.2,Dolok,12.20.02,Sijantung Julu,12.20.02.2021
SUMATERA UTARA,12,KAB. PADANG LAWAS UTARA,12.2,Dolok,12.20.02,Batu Runding,12.20.02.2022
SUMATERA UTARA,12,KAB. PADANG LAWAS UTARA,12.2,Dolok,12.20.02,Lubuk Godang,12.20.02.2023
SUMATERA UTARA,12,KAB. PADANG LAWAS UTARA,12.2,Dolok,12.20.02,Bahap,12.20.02.2024
SUMATERA UTARA,12,KAB. PADANG LAWAS UTARA,12.2,Dolok,12.20.02,Aek Ilung,12.20.02.2025
SUMATERA UTARA,12,KAB. PADANG LAWAS UTARA,12.2,Dolok,12.20.02,Tarutung Bolak,12.20.02.2026
SUMATERA UTARA,12,KAB. PADANG LAWAS UTARA,12.2,Dolok,12.20.02,Sungai Pining,12.20.02.2027
SUMATERA UTARA,12,KAB. PADANG LAWAS UTARA,12.2,Dolok,12.20.02,Siloung,12.20.02.2028
SUMATERA UTARA,12,KAB. PADANG LAWAS UTARA,12.2,Dolok,12.20.02,Hutaimbaru Gul,12.20.02.2029
SUMATERA UTARA,12,KAB. PADANG LAWAS UTARA,12.2,Dolok,12.20.02,Sipiongot,12.20.02.2030
SUMATERA UTARA,12,KAB. PADANG LAWAS UTARA,12.2,Dolok,12.20.02,Gumbot,12.20.02.2031
SUMATERA UTARA,12,KAB. PADANG LAWAS UTARA,12.2,Dolok,12.20.02,Gunung Selamat,12.20.02.2032
SUMATERA UTARA,12,KAB. PADANG LAWAS UTARA,12.2,Dolok,12.20.02,Silogo Logo,12.20.02.2033
SUMATERA UTARA,12,KAB. PADANG LAWAS UTARA,12.2,Dolok,12.20.02,Lubuk Kundur,12.20.02.2034
SUMATERA UTARA,12,KAB. PADANG LAWAS UTARA,12.2,Dolok,12.20.02,Jambur Batu,12.20.02.2035
SUMATERA UTARA,12,KAB. PADANG LAWAS UTARA,12.2,Dolok,12.20.02,Simatorkis,12.20.02.2036
SUMATERA UTARA,12,KAB. PADANG LAWAS UTARA,12.2,Dolok,12.20.02,Rancaran,12.20.02.2037
SUMATERA UTARA,12,KAB. PADANG LAWAS UTARA,12.2,Dolok,12.20.02,Naga Saribu,12.20.02.2038
SUMATERA UTARA,12,KAB. PADANG LAWAS UTARA,12.2,Dolok,12.20.02,Simataniari Jae,12.20.02.2039
SUMATERA UTARA,12,KAB. PADANG LAWAS UTARA,12.2,Dolok,12.20.02,Janji Manahan Gul,12.20.02.2040
SUMATERA UTARA,12,KAB. PADANG LAWAS UTARA,12.2,Dolok,12.20.02,Simataniari,12.20.02.2041
SUMATERA UTARA,12,KAB. PADANG LAWAS UTARA,12.2,Dolok,12.20.02,Parmeraan,12.20.02.2042
SUMATERA UTARA,12,KAB. PADANG LAWAS UTARA,12.2,Dolok,12.20.02,Panca,12.20.02.2043
SUMATERA UTARA,12,KAB. PADANG LAWAS UTARA,12.2,Dolok,12.20.02,Dalihan Natolu,12.20.02.2044
SUMATERA UTARA,12,KAB. PADANG LAWAS UTARA,12.2,Dolok,12.20.02,Sungai Datar,12.20.02.2045
SUMATERA UTARA,12,KAB. PADANG LAWAS UTARA,12.2,Dolok,12.20.02,Lubuk Lanjang,12.20.02.2046
SUMATERA UTARA,12,KAB. PADANG LAWAS UTARA,12.2,Dolok,12.20.02,Arse,12.20.02.2047
SUMATERA UTARA,12,KAB. PADANG LAWAS UTARA,12.2,Dolok,12.20.02,Simangambat Tua,12.20.02.2048
SUMATERA UTARA,12,KAB. PADANG LAWAS UTARA,12.2,Dolok,12.20.02,Sigala Gala,12.20.02.2049
SUMATERA UTARA,12,KAB. PADANG LAWAS UTARA,12.2,Dolok,12.20.02,Sibayo Jae,12.20.02.2050
SUMATERA UTARA,12,KAB. PADANG LAWAS UTARA,12.2,Dolok,12.20.02,Dolok Sanggul,12.20.02.2051
SUMATERA UTARA,12,KAB. PADANG LAWAS UTARA,12.2,Dolok,12.20.02,Silangge,12.20.02.2052
SUMATERA UTARA,12,KAB. PADANG LAWAS UTARA,12.2,Dolok,12.20.02,Pijor Koling,12.20.02.2053
SUMATERA UTARA,12,KAB. PADANG LAWAS UTARA,12.2,Dolok,12.20.02,Pagaran Julu II,12.20.02.2054
SUMATERA UTARA,12,KAB. PADANG LAWAS UTARA,12.2,Dolok,12.20.02,Siala Gundi,12.20.02.2055
SUMATERA UTARA,12,KAB. PADANG LAWAS UTARA,12.2,Dolok,12.20.02,Siraga HP,12.20.02.2056
SUMATERA UTARA,12,KAB. PADANG LAWAS UTARA,12.2,Dolok,12.20.02,Aek Sundur,12.20.02.2057
SUMATERA UTARA,12,KAB. PADANG LAWAS UTARA,12.2,Dolok,12.20.02,Baringin Sil,12.20.02.2058
SUMATERA UTARA,12,KAB. PADANG LAWAS UTARA,12.2,Dolok,12.20.02,Hula Baringin,12.20.02.2059
SUMATERA UTARA,12,KAB. PADANG LAWAS UTARA,12.2,Dolok,12.20.02,Nabonggal,12.20.02.2060
SUMATERA UTARA,12,KAB. PADANG LAWAS UTARA,12.2,Dolok,12.20.02,Purba Tua,12.20.02.2061
SUMATERA UTARA,12,KAB. PADANG LAWAS UTARA,12.2,Dolok,12.20.02,Tanjung Longat,12.20.02.2062
SUMATERA UTARA,12,KAB. PADANG LAWAS UTARA,12.2,Dolok,12.20.02,Sibio Bio,12.20.02.2063
SUMATERA UTARA,12,KAB. PADANG LAWAS UTARA,12.2,Dolok,12.20.02,Situmbaga,12.20.02.2064
SUMATERA UTARA,12,KAB. PADANG LAWAS UTARA,12.2,Dolok,12.20.02,Sijara Jara,12.20.02.2065
SUMATERA UTARA,12,KAB. PADANG LAWAS UTARA,12.2,Dolok,12.20.02,Huta Baru Sip,12.20.02.2066
SUMATERA UTARA,12,KAB. PADANG LAWAS UTARA,12.2,Dolok,12.20.02,Pagaran Siregar,12.20.02.2067
SUMATERA UTARA,12,KAB. PADANG LAWAS UTARA,12.2,Dolok,12.20.02,Parigi,12.20.02.2068
SUMATERA UTARA,12,KAB. PADANG LAWAS UTARA,12.2,Dolok,12.20.02,Napasundali,12.20.02.2069
SUMATERA UTARA,12,KAB. PADANG LAWAS UTARA,12.2,Dolok,12.20.02,Aek Suhat TR,12.20.02.2070
SUMATERA UTARA,12,KAB. PADANG LAWAS UTARA,12.2,Dolok,12.20.02,Gumaruntar,12.20.02.2071
SUMATERA UTARA,12,KAB. PADANG LAWAS UTARA,12.2,Dolok,12.20.02,Sijantung Jae,12.20.02.2072
SUMATERA UTARA,12,KAB. PADANG LAWAS UTARA,12.2,Dolok,12.20.02,Janji Matogu,12.20.02.2073
SUMATERA UTARA,12,KAB. PADANG LAWAS UTARA,12.2,Dolok,12.20.02,Sialang Dolok,12.20.02.2074
SUMATERA UTARA,12,KAB. PADANG LAWAS UTARA,12.2,Dolok,12.20.02,Binanga Gumbot,12.20.02.2075
SUMATERA UTARA,12,KAB. PADANG LAWAS UTARA,12.2,Dolok,12.20.02,Simanosor,12.20.02.2076
SUMATERA UTARA,12,KAB. PADANG LAWAS UTARA,12.2,Dolok,12.20.02,Bukit Tinggi,12.20.02.2077
SUMATERA UTARA,12,KAB. PADANG LAWAS UTARA,12.2,Dolok,12.20.02,Simambal,12.20.02.2078
SUMATERA UTARA,12,KAB. PADANG LAWAS UTARA,12.2,Dolok,12.20.02,Bandar Nauli,12.20.02.2079
SUMATERA UTARA,12,KAB. PADANG LAWAS UTARA,12.2,Dolok,12.20.02,Sibayo,12.20.02.2080
SUMATERA UTARA,12,KAB. PADANG LAWAS UTARA,12.2,Dolok,12.20.02,Sinabongan,12.20.02.2081
SUMATERA UTARA,12,KAB. PADANG LAWAS UTARA,12.2,Dolok,12.20.02,Siranap,12.20.02.2082
SUMATERA UTARA,12,KAB. PADANG LAWAS UTARA,12.2,Dolok,12.20.02,Aek Tangga,12.20.02.2083
SUMATERA UTARA,12,KAB. PADANG LAWAS UTARA,12.2,Dolok,12.20.02,Rongkare,12.20.02.2084
SUMATERA UTARA,12,KAB. PADANG LAWAS UTARA,12.2,Dolok,12.20.02,Siburbur,12.20.02.2085
SUMATERA UTARA,12,KAB. PADANG LAWAS UTARA,12.2,Dolok,12.20.02,Pintu Padang Merdeka,12.20.02.2086
SUMATERA UTARA,12,KAB. PADANG LAWAS UTARA,12.2,Halongonan,12.20.03,Hutaimbaru,12.20.03.2001
SUMATERA UTARA,12,KAB. PADANG LAWAS UTARA,12.2,Halongonan,12.20.03,Hambulo,12.20.03.2002
SUMATERA UTARA,12,KAB. PADANG LAWAS UTARA,12.2,Halongonan,12.20.03,Paolan,12.20.03.2003
SUMATERA UTARA,12,KAB. PADANG LAWAS UTARA,12.2,Halongonan,12.20.03,Pangirkiran,12.20.03.2004
SUMATERA UTARA,12,KAB. PADANG LAWAS UTARA,12.2,Halongonan,12.20.03,Balimbing,12.20.03.2005
SUMATERA UTARA,12,KAB. PADANG LAWAS UTARA,12.2,Halongonan,12.20.03,Rondaman Siburegar,12.20.03.2006
SUMATERA UTARA,12,KAB. PADANG LAWAS UTARA,12.2,Halongonan,12.20.03,Sipaho,12.20.03.2007
SUMATERA UTARA,12,KAB. PADANG LAWAS UTARA,12.2,Halongonan,12.20.03,Silantoyung,12.20.03.2008
SUMATERA UTARA,12,KAB. PADANG LAWAS UTARA,12.2,Halongonan,12.20.03,Hiteurat,12.20.03.2009
SUMATERA UTARA,12,KAB. PADANG LAWAS UTARA,12.2,Halongonan,12.20.03,Siboru Angin,12.20.03.2010
SUMATERA UTARA,12,KAB. PADANG LAWAS UTARA,12.2,Halongonan,12.20.03,Sandean Jae,12.20.03.2011
SUMATERA UTARA,12,KAB. PADANG LAWAS UTARA,12.2,Halongonan,12.20.03,Sandean Tonga,12.20.03.2012
SUMATERA UTARA,12,KAB. PADANG LAWAS UTARA,12.2,Halongonan,12.20.03,Sandean Julu,12.20.03.2013
SUMATERA UTARA,12,KAB. PADANG LAWAS UTARA,12.2,Halongonan,12.20.03,Hasahatan,12.20.03.2014
SUMATERA UTARA,12,KAB. PADANG LAWAS UTARA,12.2,Halongonan,12.20.03,Pagar Gunung,12.20.03.2015
SUMATERA UTARA,12,KAB. PADANG LAWAS UTARA,12.2,Halongonan,12.20.03,Pangarambangan,12.20.03.2016
SUMATERA UTARA,12,KAB. PADANG LAWAS UTARA,12.2,Halongonan,12.20.03,Napa Lancat,12.20.03.2017
SUMATERA UTARA,12,KAB. PADANG LAWAS UTARA,12.2,Halongonan,12.20.03,Halongonan,12.20.03.2018
SUMATERA UTARA,12,KAB. PADANG LAWAS UTARA,12.2,Halongonan,12.20.03,Bargot Topong Julu,12.20.03.2019
SUMATERA UTARA,12,KAB. PADANG LAWAS UTARA,12.2,Halongonan,12.20.03,Bargot Topong Jae,12.20.03.2020
SUMATERA UTARA,12,KAB. PADANG LAWAS UTARA,12.2,Halongonan,12.20.03,Siringki Jae,12.20.03.2021
SUMATERA UTARA,12,KAB. PADANG LAWAS UTARA,12.2,Halongonan,12.20.03,Ujung Padang,12.20.03.2022
SUMATERA UTARA,12,KAB. PADANG LAWAS UTARA,12.2,Halongonan,12.20.03,Sigala Gala,12.20.03.2023
SUMATERA UTARA,12,KAB. PADANG LAWAS UTARA,12.2,Halongonan,12.20.03,Hutanopan,12.20.03.2032
SUMATERA UTARA,12,KAB. PADANG LAWAS UTARA,12.2,Halongonan,12.20.03,Sipenggeng,12.20.03.2036
SUMATERA UTARA,12,KAB. PADANG LAWAS UTARA,12.2,Halongonan,12.20.03,Saba,12.20.03.2037
SUMATERA UTARA,12,KAB. PADANG LAWAS UTARA,12.2,Halongonan,12.20.03,Sitabola,12.20.03.2038
SUMATERA UTARA,12,KAB. PADANG LAWAS UTARA,12.2,Halongonan,12.20.03,Sitonun,12.20.03.2039
SUMATERA UTARA,12,KAB. PADANG LAWAS UTARA,12.2,Halongonan,12.20.03,Tapus Jae,12.20.03.2040
SUMATERA UTARA,12,KAB. PADANG LAWAS UTARA,12.2,Halongonan,12.20.03,Japinulik,12.20.03.2041
SUMATERA UTARA,12,KAB. PADANG LAWAS UTARA,12.2,Halongonan,12.20.03,Paran Honas,12.20.03.2042
SUMATERA UTARA,12,KAB. PADANG LAWAS UTARA,12.2,Halongonan,12.20.03,Siringki Julu,12.20.03.2043
SUMATERA UTARA,12,KAB. PADANG LAWAS UTARA,12.2,Halongonan,12.20.03,Batu Tunggal,12.20.03.2044
SUMATERA UTARA,12,KAB. PADANG LAWAS UTARA,12.2,Padang Bolak,12.20.04,Pasar Gunung Tua,12.20.04.1001
SUMATERA UTARA,12,KAB. PADANG LAWAS UTARA,12.2,Padang Bolak,12.20.04,Lubuk Torop,12.20.04.2008
SUMATERA UTARA,12,KAB. PADANG LAWAS UTARA,12.2,Padang Bolak,12.20.04,Tanjung Marulak,12.20.04.2012
SUMATERA UTARA,12,KAB. PADANG LAWAS UTARA,12.2,Padang Bolak,12.20.04,Ambasang Natigor,12.20.04.2013
SUMATERA UTARA,12,KAB. PADANG LAWAS UTARA,12.2,Padang Bolak,12.20.04,Napagadung Laut,12.20.04.2014
SUMATERA UTARA,12,KAB. PADANG LAWAS UTARA,12.2,Padang Bolak,12.20.04,Rampa Jae,12.20.04.2015
SUMATERA UTARA,12,KAB. PADANG LAWAS UTARA,12.2,Padang Bolak,12.20.04,Rampa Julu,12.20.04.2016
SUMATERA UTARA,12,KAB. PADANG LAWAS UTARA,12.2,Padang Bolak,12.20.04,Mananti,12.20.04.2017
SUMATERA UTARA,12,KAB. PADANG LAWAS UTARA,12.2,Padang Bolak,12.20.04,Paran Padang,12.20.04.2018
SUMATERA UTARA,12,KAB. PADANG LAWAS UTARA,12.2,Padang Bolak,12.20.04,Rahuning Jae,12.20.04.2019
SUMATERA UTARA,12,KAB. PADANG LAWAS UTARA,12.2,Padang Bolak,12.20.04,Botung,12.20.04.2020
SUMATERA UTARA,12,KAB. PADANG LAWAS UTARA,12.2,Padang Bolak,12.20.04,Sigimbal,12.20.04.2021
SUMATERA UTARA,12,KAB. PADANG LAWAS UTARA,12.2,Padang Bolak,12.20.04,Dolok Sae,12.20.04.2022
SUMATERA UTARA,12,KAB. PADANG LAWAS UTARA,12.2,Padang Bolak,12.20.04,Simasi,12.20.04.2023
SUMATERA UTARA,12,KAB. PADANG LAWAS UTARA,12.2,Padang Bolak,12.20.04,Sihapas Hapas,12.20.04.2024
SUMATERA UTARA,12,KAB. PADANG LAWAS UTARA,12.2,Padang Bolak,12.20.04,Sungai Tolang,12.20.04.2025
SUMATERA UTARA,12,KAB. PADANG LAWAS UTARA,12.2,Padang Bolak,12.20.04,Losung Batu,12.20.04.2026
SUMATERA UTARA,12,KAB. PADANG LAWAS UTARA,12.2,Padang Bolak,12.20.04,Batu Mamak,12.20.04.2027
SUMATERA UTARA,12,KAB. PADANG LAWAS UTARA,12.2,Padang Bolak,12.20.04,Sampuran,12.20.04.2028
SUMATERA UTARA,12,KAB. PADANG LAWAS UTARA,12.2,Padang Bolak,12.20.04,Gunung Tua Baru,12.20.04.2029
SUMATERA UTARA,12,KAB. PADANG LAWAS UTARA,12.2,Padang Bolak,12.20.04,Sibatang Kayu,12.20.04.2030
SUMATERA UTARA,12,KAB. PADANG LAWAS UTARA,12.2,Padang Bolak,12.20.04,Aek Suhat,12.20.04.2031
SUMATERA UTARA,12,KAB. PADANG LAWAS UTARA,12.2,Padang Bolak,12.20.04,Gunung Tua Tonga,12.20.04.2038
SUMATERA UTARA,12,KAB. PADANG LAWAS UTARA,12.2,Padang Bolak,12.20.04,Gunung Tua Jae,12.20.04.2039
SUMATERA UTARA,12,KAB. PADANG LAWAS UTARA,12.2,Padang Bolak,12.20.04,Gunung Tua Julu,12.20.04.2040
SUMATERA UTARA,12,KAB. PADANG LAWAS UTARA,12.2,Padang Bolak,12.20.04,Hutalombang,12.20.04.2041
SUMATERA UTARA,12,KAB. PADANG LAWAS UTARA,12.2,Padang Bolak,12.20.04,Batang Baruhar Julu,12.20.04.2042
SUMATERA UTARA,12,KAB. PADANG LAWAS UTARA,12.2,Padang Bolak,12.20.04,Batang Baruhar Jae,12.20.04.2043
SUMATERA UTARA,12,KAB. PADANG LAWAS UTARA,12.2,Padang Bolak,12.20.04,Purba Sinomba,12.20.04.2044
SUMATERA UTARA,12,KAB. PADANG LAWAS UTARA,12.2,Padang Bolak,12.20.04,Hambiri,12.20.04.2045
SUMATERA UTARA,12,KAB. PADANG LAWAS UTARA,12.2,Padang Bolak,12.20.04,Sosopan,12.20.04.2046
SUMATERA UTARA,12,KAB. PADANG LAWAS UTARA,12.2,Padang Bolak,12.20.04,Pagaran Singkam,12.20.04.2047
SUMATERA UTARA,12,KAB. PADANG LAWAS UTARA,12.2,Padang Bolak,12.20.04,Pagaran Tonga,12.20.04.2048
SUMATERA UTARA,12,KAB. PADANG LAWAS UTARA,12.2,Padang Bolak,12.20.04,Sibagasi,12.20.04.2049
SUMATERA UTARA,12,KAB. PADANG LAWAS UTARA,12.2,Padang Bolak,12.20.04,Batu Tambun,12.20.04.2050
SUMATERA UTARA,12,KAB. PADANG LAWAS UTARA,12.2,Padang Bolak,12.20.04,Tanjung Tiram,12.20.04.2051
SUMATERA UTARA,12,KAB. PADANG LAWAS UTARA,12.2,Padang Bolak,12.20.04,Garoga,12.20.04.2052
SUMATERA UTARA,12,KAB. PADANG LAWAS UTARA,12.2,Padang Bolak,12.20.04,Hajoran,12.20.04.2053
SUMATERA UTARA,12,KAB. PADANG LAWAS UTARA,12.2,Padang Bolak,12.20.04,Batu Sundung,12.20.04.2054
SUMATERA UTARA,12,KAB. PADANG LAWAS UTARA,12.2,Padang Bolak,12.20.04,Garonggang,12.20.04.2055
SUMATERA UTARA,12,KAB. PADANG LAWAS UTARA,12.2,Padang Bolak,12.20.04,Nabonggal,12.20.04.2056
SUMATERA UTARA,12,KAB. PADANG LAWAS UTARA,12.2,Padang Bolak,12.20.04,Liang Hasona,12.20.04.2057
SUMATERA UTARA,12,KAB. PADANG LAWAS UTARA,12.2,Padang Bolak,12.20.04,Simandiangin Dolok,12.20.04.2058
SUMATERA UTARA,12,KAB. PADANG LAWAS UTARA,12.2,Padang Bolak,12.20.04,Simandiangin Lombang,12.20.04.2059
SUMATERA UTARA,12,KAB. PADANG LAWAS UTARA,12.2,Padang Bolak,12.20.04,Padang Garugur,12.20.04.2060
SUMATERA UTARA,12,KAB. PADANG LAWAS UTARA,12.2,Padang Bolak,12.20.04,Simanosor,12.20.04.2061
SUMATERA UTARA,12,KAB. PADANG LAWAS UTARA,12.2,Padang Bolak,12.20.04,Sigama,12.20.04.2062
SUMATERA UTARA,12,KAB. PADANG LAWAS UTARA,12.2,Padang Bolak,12.20.04,Sigama Ujung Gading,12.20.04.2063
SUMATERA UTARA,12,KAB. PADANG LAWAS UTARA,12.2,Padang Bolak,12.20.04,Parlimbatan,12.20.04.2064
SUMATERA UTARA,12,KAB. PADANG LAWAS UTARA,12.2,Padang Bolak,12.20.04,Saba Sitahul tahul,12.20.04.2065
SUMATERA UTARA,12,KAB. PADANG LAWAS UTARA,12.2,Padang Bolak,12.20.04,Saba Bangunan,12.20.04.2066
SUMATERA UTARA,12,KAB. PADANG LAWAS UTARA,12.2,Padang Bolak,12.20.04,Sidingkat,12.20.04.2067
SUMATERA UTARA,12,KAB. PADANG LAWAS UTARA,12.2,Padang Bolak,12.20.04,Gunung Manaon II,12.20.04.2069
SUMATERA UTARA,12,KAB. PADANG LAWAS UTARA,12.2,Padang Bolak,12.20.04,Purba Tua,12.20.04.2070
SUMATERA UTARA,12,KAB. PADANG LAWAS UTARA,12.2,Padang Bolak,12.20.04,Sungai Durian,12.20.04.2071
SUMATERA UTARA,12,KAB. PADANG LAWAS UTARA,12.2,Padang Bolak,12.20.04,Sungai Orosan,12.20.04.2072
SUMATERA UTARA,12,KAB. PADANG LAWAS UTARA,12.2,Padang Bolak,12.20.04,Hutaimbaru II,12.20.04.2073
SUMATERA UTARA,12,KAB. PADANG LAWAS UTARA,12.2,Padang Bolak,12.20.04,Siombob,12.20.04.2074
SUMATERA UTARA,12,KAB. PADANG LAWAS UTARA,12.2,Padang Bolak,12.20.04,Aek Gambir,12.20.04.2075
SUMATERA UTARA,12,KAB. PADANG LAWAS UTARA,12.2,Padang Bolak,12.20.04,Bukit Raya Sordang,12.20.04.2076
SUMATERA UTARA,12,KAB. PADANG LAWAS UTARA,12.2,Padang Bolak,12.20.04,Aek Jangkang,12.20.04.2077
SUMATERA UTARA,12,KAB. PADANG LAWAS UTARA,12.2,Padang Bolak,12.20.04,Simbolon,12.20.04.2078
SUMATERA UTARA,12,KAB. PADANG LAWAS UTARA,12.2,Padang Bolak Julu,12.20.05,Pancur Pangko,12.20.05.2001
SUMATERA UTARA,12,KAB. PADANG LAWAS UTARA,12.2,Padang Bolak Julu,12.20.05,Hasambi,12.20.05.2002
SUMATERA UTARA,12,KAB. PADANG LAWAS UTARA,12.2,Padang Bolak Julu,12.20.05,Paran Nangka,12.20.05.2003
SUMATERA UTARA,12,KAB. PADANG LAWAS UTARA,12.2,Padang Bolak Julu,12.20.05,Batu Rancang,12.20.05.2004
SUMATERA UTARA,12,KAB. PADANG LAWAS UTARA,12.2,Padang Bolak Julu,12.20.05,Sitanggoru,12.20.05.2005
SUMATERA UTARA,12,KAB. PADANG LAWAS UTARA,12.2,Padang Bolak Julu,12.20.05,Siunggam Dolok,12.20.05.2006
SUMATERA UTARA,12,KAB. PADANG LAWAS UTARA,12.2,Padang Bolak Julu,12.20.05,Balimbing Jae,12.20.05.2007
SUMATERA UTARA,12,KAB. PADANG LAWAS UTARA,12.2,Padang Bolak Julu,12.20.05,Sipupus Lombang,12.20.05.2008
SUMATERA UTARA,12,KAB. PADANG LAWAS UTARA,12.2,Padang Bolak Julu,12.20.05,Balimbing Julu,12.20.05.2009
SUMATERA UTARA,12,KAB. PADANG LAWAS UTARA,12.2,Padang Bolak Julu,12.20.05,Sobar,12.20.05.2010
SUMATERA UTARA,12,KAB. PADANG LAWAS UTARA,12.2,Padang Bolak Julu,12.20.05,Pamuntaran,12.20.05.2011
SUMATERA UTARA,12,KAB. PADANG LAWAS UTARA,12.2,Padang Bolak Julu,12.20.05,Paran Gadung,12.20.05.2012
SUMATERA UTARA,12,KAB. PADANG LAWAS UTARA,12.2,Padang Bolak Julu,12.20.05,Padang Bujur,12.20.05.2013
SUMATERA UTARA,12,KAB. PADANG LAWAS UTARA,12.2,Padang Bolak Julu,12.20.05,Ubar,12.20.05.2014
SUMATERA UTARA,12,KAB. PADANG LAWAS UTARA,12.2,Padang Bolak Julu,12.20.05,Lantosan II,12.20.05.2015
SUMATERA UTARA,12,KAB. PADANG LAWAS UTARA,12.2,Padang Bolak Julu,12.20.05,Batu Gana,12.20.05.2016
SUMATERA UTARA,12,KAB. PADANG LAWAS UTARA,12.2,Padang Bolak Julu,12.20.05,Padang Baruas,12.20.05.2017
SUMATERA UTARA,12,KAB. PADANG LAWAS UTARA,12.2,Padang Bolak Julu,12.20.05,Aek Bargot,12.20.05.2018
SUMATERA UTARA,12,KAB. PADANG LAWAS UTARA,12.2,Padang Bolak Julu,12.20.05,Gariang,12.20.05.2019
SUMATERA UTARA,12,KAB. PADANG LAWAS UTARA,12.2,Padang Bolak Julu,12.20.05,Balakka,12.20.05.2020
SUMATERA UTARA,12,KAB. PADANG LAWAS UTARA,12.2,Padang Bolak Julu,12.20.05,Parupuk Jae,12.20.05.2021
SUMATERA UTARA,12,KAB. PADANG LAWAS UTARA,12.2,Padang Bolak Julu,12.20.05,Parupuk Julu,12.20.05.2022
SUMATERA UTARA,12,KAB. PADANG LAWAS UTARA,12.2,Padang Bolak Julu,12.20.05,Sialang,12.20.05.2023
SUMATERA UTARA,12,KAB. PADANG LAWAS UTARA,12.2,Portibi,12.20.06,Sitopayan,12.20.06.2002
SUMATERA UTARA,12,KAB. PADANG LAWAS UTARA,12.2,Portibi,12.20.06,Lantosan I,12.20.06.2003
SUMATERA UTARA,12,KAB. PADANG LAWAS UTARA,12.2,Portibi,12.20.06,Aek Haruaya,12.20.06.2004
SUMATERA UTARA,12,KAB. PADANG LAWAS UTARA,12.2,Portibi,12.20.06,Gunung Baringin,12.20.06.2005
SUMATERA UTARA,12,KAB. PADANG LAWAS UTARA,12.2,Portibi,12.20.06,Hadungdung,12.20.06.2006
SUMATERA UTARA,12,KAB. PADANG LAWAS UTARA,12.2,Portibi,12.20.06,Rondaman Dolok,12.20.06.2007
SUMATERA UTARA,12,KAB. PADANG LAWAS UTARA,12.2,Portibi,12.20.06,Sipirok,12.20.06.2008
SUMATERA UTARA,12,KAB. PADANG LAWAS UTARA,12.2,Portibi,12.20.06,Tanjung Salamat,12.20.06.2009
SUMATERA UTARA,12,KAB. PADANG LAWAS UTARA,12.2,Portibi,12.20.06,Rondaman Lombang,12.20.06.2010
SUMATERA UTARA,12,KAB. PADANG LAWAS UTARA,12.2,Portibi,12.20.06,Parsarmaan,12.20.06.2011
SUMATERA UTARA,12,KAB. PADANG LAWAS UTARA,12.2,Portibi,12.20.06,Aloban,12.20.06.2012
SUMATERA UTARA,12,KAB. PADANG LAWAS UTARA,12.2,Portibi,12.20.06,Portibi Julu,12.20.06.2013
SUMATERA UTARA,12,KAB. PADANG LAWAS UTARA,12.2,Portibi,12.20.06,Portibi Jae,12.20.06.2014
SUMATERA UTARA,12,KAB. PADANG LAWAS UTARA,12.2,Portibi,12.20.06,Gunung Manaon I,12.20.06.2015
SUMATERA UTARA,12,KAB. PADANG LAWAS UTARA,12.2,Portibi,12.20.06,Pasir Pinang,12.20.06.2016
SUMATERA UTARA,12,KAB. PADANG LAWAS UTARA,12.2,Portibi,12.20.06,Bahal,12.20.06.2017
SUMATERA UTARA,12,KAB. PADANG LAWAS UTARA,12.2,Portibi,12.20.06,Bara,12.20.06.2018
SUMATERA UTARA,12,KAB. PADANG LAWAS UTARA,12.2,Portibi,12.20.06,Simandiangin,12.20.06.2019
SUMATERA UTARA,12,KAB. PADANG LAWAS UTARA,12.2,Portibi,12.20.06,Hotang Sasa,12.20.06.2020
SUMATERA UTARA,12,KAB. PADANG LAWAS UTARA,12.2,Portibi,12.20.06,Aek Siala,12.20.06.2021
SUMATERA UTARA,12,KAB. PADANG LAWAS UTARA,12.2,Portibi,12.20.06,Gumarupu Baru,12.20.06.2022
SUMATERA UTARA,12,KAB. PADANG LAWAS UTARA,12.2,Portibi,12.20.06,Padang Manjoir,12.20.06.2023
SUMATERA UTARA,12,KAB. PADANG LAWAS UTARA,12.2,Portibi,12.20.06,Gumarupu Lama,12.20.06.2024
SUMATERA UTARA,12,KAB. PADANG LAWAS UTARA,12.2,Portibi,12.20.06,Gunung Martua,12.20.06.2025
SUMATERA UTARA,12,KAB. PADANG LAWAS UTARA,12.2,Portibi,12.20.06,Sihambeng,12.20.06.2026
SUMATERA UTARA,12,KAB. PADANG LAWAS UTARA,12.2,Portibi,12.20.06,Aek Torop,12.20.06.2027
SUMATERA UTARA,12,KAB. PADANG LAWAS UTARA,12.2,Portibi,12.20.06,Napa Lombang,12.20.06.2028
SUMATERA UTARA,12,KAB. PADANG LAWAS UTARA,12.2,Portibi,12.20.06,Mangaledang Lama,12.20.06.2029
SUMATERA UTARA,12,KAB. PADANG LAWAS UTARA,12.2,Portibi,12.20.06,Mangaledang,12.20.06.2030
SUMATERA UTARA,12,KAB. PADANG LAWAS UTARA,12.2,Portibi,12.20.06,Bangkudu,12.20.06.2031
SUMATERA UTARA,12,KAB. PADANG LAWAS UTARA,12.2,Portibi,12.20.06,Balakka Torop,12.20.06.2032
SUMATERA UTARA,12,KAB. PADANG LAWAS UTARA,12.2,Portibi,12.20.06,Janji Matogu,12.20.06.2033
SUMATERA UTARA,12,KAB. PADANG LAWAS UTARA,12.2,Portibi,12.20.06,Muara Sigama,12.20.06.2034
SUMATERA UTARA,12,KAB. PADANG LAWAS UTARA,12.2,Portibi,12.20.06,Napahalas,12.20.06.2035
SUMATERA UTARA,12,KAB. PADANG LAWAS UTARA,12.2,Portibi,12.20.06,Sigama Napahalas,12.20.06.2036
SUMATERA UTARA,12,KAB. PADANG LAWAS UTARA,12.2,Portibi,12.20.06,Torluk Muara Dolok,12.20.06.2039
SUMATERA UTARA,12,KAB. PADANG LAWAS UTARA,12.2,Batang Onang,12.20.07,Sayur Matinggi,12.20.07.1001
SUMATERA UTARA,12,KAB. PADANG LAWAS UTARA,12.2,Batang Onang,12.20.07,Pangkal Dolok Lama,12.20.07.2002
SUMATERA UTARA,12,KAB. PADANG LAWAS UTARA,12.2,Batang Onang,12.20.07,Pangkal Dolok Julu,12.20.07.2003
SUMATERA UTARA,12,KAB. PADANG LAWAS UTARA,12.2,Batang Onang,12.20.07,Pintu Padang,12.20.07.2004
SUMATERA UTARA,12,KAB. PADANG LAWAS UTARA,12.2,Batang Onang,12.20.07,Batang Onang Lama,12.20.07.2005
SUMATERA UTARA,12,KAB. PADANG LAWAS UTARA,12.2,Batang Onang,12.20.07,Bonan Dolok,12.20.07.2006
SUMATERA UTARA,12,KAB. PADANG LAWAS UTARA,12.2,Batang Onang,12.20.07,Simardona,12.20.07.2007
SUMATERA UTARA,12,KAB. PADANG LAWAS UTARA,12.2,Batang Onang,12.20.07,Batang Onang Baru,12.20.07.2008
SUMATERA UTARA,12,KAB. PADANG LAWAS UTARA,12.2,Batang Onang,12.20.07,Parau Sorat,12.20.07.2009
SUMATERA UTARA,12,KAB. PADANG LAWAS UTARA,12.2,Batang Onang,12.20.07,Pasar Matanggor,12.20.07.2010
SUMATERA UTARA,12,KAB. PADANG LAWAS UTARA,12.2,Batang Onang,12.20.07,Batu Pulut,12.20.07.2011
SUMATERA UTARA,12,KAB. PADANG LAWAS UTARA,12.2,Batang Onang,12.20.07,Huta Lambung,12.20.07.2012
SUMATERA UTARA,12,KAB. PADANG LAWAS UTARA,12.2,Batang Onang,12.20.07,Galanggang,12.20.07.2013
SUMATERA UTARA,12,KAB. PADANG LAWAS UTARA,12.2,Batang Onang,12.20.07,Gunungtua Tumbu Jati,12.20.07.2014
SUMATERA UTARA,12,KAB. PADANG LAWAS UTARA,12.2,Batang Onang,12.20.07,Gunungtua Batang Onang,12.20.07.2015
SUMATERA UTARA,12,KAB. PADANG LAWAS UTARA,12.2,Batang Onang,12.20.07,Simanapang,12.20.07.2016
SUMATERA UTARA,12,KAB. PADANG LAWAS UTARA,12.2,Batang Onang,12.20.07,Simaninggir,12.20.07.2017
SUMATERA UTARA,12,KAB. PADANG LAWAS UTARA,12.2,Batang Onang,12.20.07,Batu Mamak,12.20.07.2018
SUMATERA UTARA,12,KAB. PADANG LAWAS UTARA,12.2,Batang Onang,12.20.07,Padang Garugur,12.20.07.2019
SUMATERA UTARA,12,KAB. PADANG LAWAS UTARA,12.2,Batang Onang,12.20.07,Padang Matinggi,12.20.07.2020
SUMATERA UTARA,12,KAB. PADANG LAWAS UTARA,12.2,Batang Onang,12.20.07,Purba Tua,12.20.07.2021
SUMATERA UTARA,12,KAB. PADANG LAWAS UTARA,12.2,Batang Onang,12.20.07,Janji Mauli,12.20.07.2022
SUMATERA UTARA,12,KAB. PADANG LAWAS UTARA,12.2,Batang Onang,12.20.07,Sayur Matinggi Julu,12.20.07.2023
SUMATERA UTARA,12,KAB. PADANG LAWAS UTARA,12.2,Batang Onang,12.20.07,Gunung Tua Julu,12.20.07.2024
SUMATERA UTARA,12,KAB. PADANG LAWAS UTARA,12.2,Batang Onang,12.20.07,Pasir Ampolu Hopong,12.20.07.2025
SUMATERA UTARA,12,KAB. PADANG LAWAS UTARA,12.2,Batang Onang,12.20.07,Pagaran Batu,12.20.07.2026
SUMATERA UTARA,12,KAB. PADANG LAWAS UTARA,12.2,Batang Onang,12.20.07,Tamosu,12.20.07.2027
SUMATERA UTARA,12,KAB. PADANG LAWAS UTARA,12.2,Batang Onang,12.20.07,Simangambat Dolok,12.20.07.2028
SUMATERA UTARA,12,KAB. PADANG LAWAS UTARA,12.2,Batang Onang,12.20.07,Janji Manahan,12.20.07.2029
SUMATERA UTARA,12,KAB. PADANG LAWAS UTARA,12.2,Batang Onang,12.20.07,Padang Bujur Baru,12.20.07.2030
SUMATERA UTARA,12,KAB. PADANG LAWAS UTARA,12.2,Batang Onang,12.20.07,Batu Nanggar,12.20.07.2031
SUMATERA UTARA,12,KAB. PADANG LAWAS UTARA,12.2,Batang Onang,12.20.07,Morang,12.20.07.2032
SUMATERA UTARA,12,KAB. PADANG LAWAS UTARA,12.2,Simangambat,12.20.08,Ulak Tano,12.20.08.2014
SUMATERA UTARA,12,KAB. PADANG LAWAS UTARA,12.2,Simangambat,12.20.08,Aekraru,12.20.08.2015
SUMATERA UTARA,12,KAB. PADANG LAWAS UTARA,12.2,Simangambat,12.20.08,Tanjung Maria,12.20.08.2016
SUMATERA UTARA,12,KAB. PADANG LAWAS UTARA,12.2,Simangambat,12.20.08,Mandasip,12.20.08.2017
SUMATERA UTARA,12,KAB. PADANG LAWAS UTARA,12.2,Simangambat,12.20.08,Huta Baru,12.20.08.2018
SUMATERA UTARA,12,KAB. PADANG LAWAS UTARA,12.2,Simangambat,12.20.08,Janji Matogu,12.20.08.2019
SUMATERA UTARA,12,KAB. PADANG LAWAS UTARA,12.2,Simangambat,12.20.08,Paran Padang,12.20.08.2020
SUMATERA UTARA,12,KAB. PADANG LAWAS UTARA,12.2,Simangambat,12.20.08,Tanjung Botung,12.20.08.2021
SUMATERA UTARA,12,KAB. PADANG LAWAS UTARA,12.2,Simangambat,12.20.08,Huta Pasir,12.20.08.2022
SUMATERA UTARA,12,KAB. PADANG LAWAS UTARA,12.2,Simangambat,12.20.08,Langkimat,12.20.08.2023
SUMATERA UTARA,12,KAB. PADANG LAWAS UTARA,12.2,Simangambat,12.20.08,Jabi Jabi,12.20.08.2024
SUMATERA UTARA,12,KAB. PADANG LAWAS UTARA,12.2,Simangambat,12.20.08,Simangambat Jae,12.20.08.2025
SUMATERA UTARA,12,KAB. PADANG LAWAS UTARA,12.2,Simangambat,12.20.08,Ujung Gading Jae,12.20.08.2026
SUMATERA UTARA,12,KAB. PADANG LAWAS UTARA,12.2,Simangambat,12.20.08,Huta Baringin,12.20.08.2027
SUMATERA UTARA,12,KAB. PADANG LAWAS UTARA,12.2,Simangambat,12.20.08,Gunung Manaon Sim,12.20.08.2028
SUMATERA UTARA,12,KAB. PADANG LAWAS UTARA,12.2,Simangambat,12.20.08,Sionggoton,12.20.08.2029
SUMATERA UTARA,12,KAB. PADANG LAWAS UTARA,12.2,Simangambat,12.20.08,Paran Tonga Sim,12.20.08.2030
SUMATERA UTARA,12,KAB. PADANG LAWAS UTARA,12.2,Simangambat,12.20.08,Ujung Gading Julu,12.20.08.2031
SUMATERA UTARA,12,KAB. PADANG LAWAS UTARA,12.2,Simangambat,12.20.08,Simangambat Julu,12.20.08.2032
SUMATERA UTARA,12,KAB. PADANG LAWAS UTARA,12.2,Simangambat,12.20.08,Sigagan,12.20.08.2033
SUMATERA UTARA,12,KAB. PADANG LAWAS UTARA,12.2,Simangambat,12.20.08,Kosik Putih,12.20.08.2034
SUMATERA UTARA,12,KAB. PADANG LAWAS UTARA,12.2,Hulu Sihapas,12.20.09,Aek Godang,12.20.09.2001
SUMATERA UTARA,12,KAB. PADANG LAWAS UTARA,12.2,Hulu Sihapas,12.20.09,Aek Nauli,12.20.09.2002
SUMATERA UTARA,12,KAB. PADANG LAWAS UTARA,12.2,Hulu Sihapas,12.20.09,Sampuran Simarloting,12.20.09.2003
SUMATERA UTARA,12,KAB. PADANG LAWAS UTARA,12.2,Hulu Sihapas,12.20.09,Pangirkiran,12.20.09.2004
SUMATERA UTARA,12,KAB. PADANG LAWAS UTARA,12.2,Hulu Sihapas,12.20.09,Simaninggir,12.20.09.2005
SUMATERA UTARA,12,KAB. PADANG LAWAS UTARA,12.2,Hulu Sihapas,12.20.09,Suka Dame,12.20.09.2006
SUMATERA UTARA,12,KAB. PADANG LAWAS UTARA,12.2,Hulu Sihapas,12.20.09,Pintu Bosi,12.20.09.2007
SUMATERA UTARA,12,KAB. PADANG LAWAS UTARA,12.2,Hulu Sihapas,12.20.09,Sidong-dong,12.20.09.2008
SUMATERA UTARA,12,KAB. PADANG LAWAS UTARA,12.2,Hulu Sihapas,12.20.09,Sitabar,12.20.09.2009
SUMATERA UTARA,12,KAB. PADANG LAWAS UTARA,12.2,Hulu Sihapas,12.20.09,Parmeraan,12.20.09.2010
SUMATERA UTARA,12,KAB. PADANG LAWAS UTARA,12.2,Padang Bolak Tenggara,12.20.10,Siunggam Julu,12.20.10.2001
SUMATERA UTARA,12,KAB. PADANG LAWAS UTARA,12.2,Padang Bolak Tenggara,12.20.10,Siunggam Tonga,12.20.10.2002
SUMATERA UTARA,12,KAB. PADANG LAWAS UTARA,12.2,Padang Bolak Tenggara,12.20.10,Siunggam Jae,12.20.10.2003
SUMATERA UTARA,12,KAB. PADANG LAWAS UTARA,12.2,Padang Bolak Tenggara,12.20.10,Aek Bayur,12.20.10.2004
SUMATERA UTARA,12,KAB. PADANG LAWAS UTARA,12.2,Padang Bolak Tenggara,12.20.10,Aek Tolong,12.20.10.2005
SUMATERA UTARA,12,KAB. PADANG LAWAS UTARA,12.2,Padang Bolak Tenggara,12.20.10,Tangga-Tangga Hambeng,12.20.10.2006
SUMATERA UTARA,12,KAB. PADANG LAWAS UTARA,12.2,Padang Bolak Tenggara,12.20.10,Simaninggir,12.20.10.2007
SUMATERA UTARA,12,KAB. PADANG LAWAS UTARA,12.2,Padang Bolak Tenggara,12.20.10,Bangun Purba,12.20.10.2008
SUMATERA UTARA,12,KAB. PADANG LAWAS UTARA,12.2,Padang Bolak Tenggara,12.20.10,Naga Saribu,12.20.10.2009
SUMATERA UTARA,12,KAB. PADANG LAWAS UTARA,12.2,Padang Bolak Tenggara,12.20.10,Sihoda-Hoda,12.20.10.2010
SUMATERA UTARA,12,KAB. PADANG LAWAS UTARA,12.2,Padang Bolak Tenggara,12.20.10,Mompang II,12.20.10.2011
SUMATERA UTARA,12,KAB. PADANG LAWAS UTARA,12.2,Padang Bolak Tenggara,12.20.10,Gulangan,12.20.10.2012
SUMATERA UTARA,12,KAB. PADANG LAWAS UTARA,12.2,Padang Bolak Tenggara,12.20.10,Pijor Koling,12.20.10.2013
SUMATERA UTARA,12,KAB. PADANG LAWAS UTARA,12.2,Padang Bolak Tenggara,12.20.10,Purba Tua Dolok,12.20.10.2014
SUMATERA UTARA,12,KAB. PADANG LAWAS UTARA,12.2,Halongonan Timur,12.20.11,Siancimun,12.20.11.2001
SUMATERA UTARA,12,KAB. PADANG LAWAS UTARA,12.2,Halongonan Timur,12.20.11,Bolatan,12.20.11.2002
SUMATERA UTARA,12,KAB. PADANG LAWAS UTARA,12.2,Halongonan Timur,12.20.11,Pasir Bara,12.20.11.2003
SUMATERA UTARA,12,KAB. PADANG LAWAS UTARA,12.2,Halongonan Timur,12.20.11,Gunung Intan,12.20.11.2004
SUMATERA UTARA,12,KAB. PADANG LAWAS UTARA,12.2,Halongonan Timur,12.20.11,Mompang I,12.20.11.2005
SUMATERA UTARA,12,KAB. PADANG LAWAS UTARA,12.2,Halongonan Timur,12.20.11,Gunung Manaon III,12.20.11.2006
SUMATERA UTARA,12,KAB. PADANG LAWAS UTARA,12.2,Halongonan Timur,12.20.11,Sihopuk Baru,12.20.11.2007
SUMATERA UTARA,12,KAB. PADANG LAWAS UTARA,12.2,Halongonan Timur,12.20.11,Sihopuk Lama,12.20.11.2008
SUMATERA UTARA,12,KAB. PADANG LAWAS UTARA,12.2,Halongonan Timur,12.20.11,Rondaman,12.20.11.2009
SUMATERA UTARA,12,KAB. PADANG LAWAS UTARA,12.2,Halongonan Timur,12.20.11,Hutabaru Nangka,12.20.11.2010
SUMATERA UTARA,12,KAB. PADANG LAWAS UTARA,12.2,Halongonan Timur,12.20.11,Situmbaga,12.20.11.2011
SUMATERA UTARA,12,KAB. PADANG LAWAS UTARA,12.2,Halongonan Timur,12.20.11,Batang Pane I,12.20.11.2012
SUMATERA UTARA,12,KAB. PADANG LAWAS UTARA,12.2,Halongonan Timur,12.20.11,Batang Pane II,12.20.11.2013
SUMATERA UTARA,12,KAB. PADANG LAWAS UTARA,12.2,Halongonan Timur,12.20.11,Batang Pane III,12.20.11.2014
SUMATERA UTARA,12,KAB. PADANG LAWAS UTARA,12.2,Ujung Batu,12.20.12,Huta Raja,12.20.12.2001
SUMATERA UTARA,12,KAB. PADANG LAWAS UTARA,12.2,Ujung Batu,12.20.12,Ujung Batu Julu,12.20.12.2002
SUMATERA UTARA,12,KAB. PADANG LAWAS UTARA,12.2,Ujung Batu,12.20.12,Gunung Manaon UB,12.20.12.2003
SUMATERA UTARA,12,KAB. PADANG LAWAS UTARA,12.2,Ujung Batu,12.20.12,Labuhan Jurung,12.20.12.2004
SUMATERA UTARA,12,KAB. PADANG LAWAS UTARA,12.2,Ujung Batu,12.20.12,Martujuan,12.20.12.2005
SUMATERA UTARA,12,KAB. PADANG LAWAS UTARA,12.2,Ujung Batu,12.20.12,Paya Bahung UB,12.20.12.2006
SUMATERA UTARA,12,KAB. PADANG LAWAS UTARA,12.2,Ujung Batu,12.20.12,Tobing Tinggi UB,12.20.12.2007
SUMATERA UTARA,12,KAB. PADANG LAWAS UTARA,12.2,Ujung Batu,12.20.12,Ujung Batu Jae,12.20.12.2008
SUMATERA UTARA,12,KAB. PADANG LAWAS UTARA,12.2,Ujung Batu,12.20.12,Marlaung,12.20.12.2009
SUMATERA UTARA,12,KAB. PADANG LAWAS UTARA,12.2,Ujung Batu,12.20.12,Mananti,12.20.12.2010
SUMATERA UTARA,12,KAB. PADANG LAWAS UTARA,12.2,Ujung Batu,12.20.12,Jambu Tonang,12.20.12.2011
SUMATERA UTARA,12,KAB. PADANG LAWAS UTARA,12.2,Ujung Batu,12.20.12,Manare Tua,12.20.12.2012
SUMATERA UTARA,12,KAB. PADANG LAWAS UTARA,12.2,Ujung Batu,12.20.12,Pasir Lancat UB,12.20.12.2013
SUMATERA UTARA,12,KAB. PADANG LAWAS,12.21,Sosopan,12.21.01,Pagaranbira Jae,12.21.01.2001
SUMATERA UTARA,12,KAB. PADANG LAWAS,12.21,Sosopan,12.21.01,Pagaran Bira Julu,12.21.01.2002
SUMATERA UTARA,12,KAB. PADANG LAWAS,12.21,Sosopan,12.21.01,Huta Bargot,12.21.01.2003
SUMATERA UTARA,12,KAB. PADANG LAWAS,12.21,Sosopan,12.21.01,Siundol Jae,12.21.01.2004
SUMATERA UTARA,12,KAB. PADANG LAWAS,12.21,Sosopan,12.21.01,Siundol Julu,12.21.01.2005
SUMATERA UTARA,12,KAB. PADANG LAWAS,12.21,Sosopan,12.21.01,Siundol Dolok,12.21.01.2006
SUMATERA UTARA,12,KAB. PADANG LAWAS,12.21,Sosopan,12.21.01,Hutabaru Siundol,12.21.01.2007
SUMATERA UTARA,12,KAB. PADANG LAWAS,12.21,Sosopan,12.21.01,Binanga Tolu,12.21.01.2008
SUMATERA UTARA,12,KAB. PADANG LAWAS,12.21,Sosopan,12.21.01,Aek Bargot,12.21.01.2009
SUMATERA UTARA,12,KAB. PADANG LAWAS,12.21,Sosopan,12.21.01,Ulu Aer,12.21.01.2010
SUMATERA UTARA,12,KAB. PADANG LAWAS,12.21,Sosopan,12.21.01,Hulim,12.21.01.2011
SUMATERA UTARA,12,KAB. PADANG LAWAS,12.21,Sosopan,12.21.01,Sianggunan,12.21.01.2012
SUMATERA UTARA,12,KAB. PADANG LAWAS,12.21,Sosopan,12.21.01,Simaninggir Sosopan,12.21.01.2013
SUMATERA UTARA,12,KAB. PADANG LAWAS,12.21,Sosopan,12.21.01,Sibualbuali,12.21.01.2014
SUMATERA UTARA,12,KAB. PADANG LAWAS,12.21,Sosopan,12.21.01,Sosopan,12.21.01.2015
SUMATERA UTARA,12,KAB. PADANG LAWAS,12.21,Sosopan,12.21.01,Sigala-Gala,12.21.01.2016
SUMATERA UTARA,12,KAB. PADANG LAWAS,12.21,Sosopan,12.21.01,Sihaporas,12.21.01.2017
SUMATERA UTARA,12,KAB. PADANG LAWAS,12.21,Sosopan,12.21.01,Banua Tonga,12.21.01.2018
SUMATERA UTARA,12,KAB. PADANG LAWAS,12.21,Sosopan,12.21.01,Sosopan Julu,12.21.01.2019
SUMATERA UTARA,12,KAB. PADANG LAWAS,12.21,Sosopan,12.21.01,Huta Bara,12.21.01.2020
SUMATERA UTARA,12,KAB. PADANG LAWAS,12.21,Sosopan,12.21.01,Hutabaru Sosopan,12.21.01.2021
SUMATERA UTARA,12,KAB. PADANG LAWAS,12.21,Sosopan,12.21.01,Simartolu,12.21.01.2022
SUMATERA UTARA,12,KAB. PADANG LAWAS,12.21,Barumun Tengah,12.21.02,Gunung Baringin,12.21.02.2001
SUMATERA UTARA,12,KAB. PADANG LAWAS,12.21,Barumun Tengah,12.21.02,Pasar Binanga,12.21.02.2002
SUMATERA UTARA,12,KAB. PADANG LAWAS,12.21,Barumun Tengah,12.21.02,Sihaborgoan Dalan,12.21.02.2003
SUMATERA UTARA,12,KAB. PADANG LAWAS,12.21,Barumun Tengah,12.21.02,Aek Tanduk,12.21.02.2004
SUMATERA UTARA,12,KAB. PADANG LAWAS,12.21,Barumun Tengah,12.21.02,PP. Makmur,12.21.02.2005
SUMATERA UTARA,12,KAB. PADANG LAWAS,12.21,Barumun Tengah,12.21.02,Siboris Bahal,12.21.02.2006
SUMATERA UTARA,12,KAB. PADANG LAWAS,12.21,Barumun Tengah,12.21.02,Bangkudu,12.21.02.2007
SUMATERA UTARA,12,KAB. PADANG LAWAS,12.21,Barumun Tengah,12.21.02,Siolip,12.21.02.2008
SUMATERA UTARA,12,KAB. PADANG LAWAS,12.21,Barumun Tengah,12.21.02,Aek Tunjang,12.21.02.2009
SUMATERA UTARA,12,KAB. PADANG LAWAS,12.21,Barumun Tengah,12.21.02,Binanga,12.21.02.2010
SUMATERA UTARA,12,KAB. PADANG LAWAS,12.21,Barumun Tengah,12.21.02,Manombo,12.21.02.2011
SUMATERA UTARA,12,KAB. PADANG LAWAS,12.21,Barumun Tengah,12.21.02,Janji Raja,12.21.02.2012
SUMATERA UTARA,12,KAB. PADANG LAWAS,12.21,Barumun Tengah,12.21.02,Pangirkiran Dolok,12.21.02.2013
SUMATERA UTARA,12,KAB. PADANG LAWAS,12.21,Barumun Tengah,12.21.02,Sihaborgoan Barumun,12.21.02.2014
SUMATERA UTARA,12,KAB. PADANG LAWAS,12.21,Barumun Tengah,12.21.02,Siboris Dolok,12.21.02.2015
SUMATERA UTARA,12,KAB. PADANG LAWAS,12.21,Barumun Tengah,12.21.02,Padang Matinggi,12.21.02.2016
SUMATERA UTARA,12,KAB. PADANG LAWAS,12.21,Barumun Tengah,12.21.02,Tandihat,12.21.02.2017
SUMATERA UTARA,12,KAB. PADANG LAWAS,12.21,Barumun Tengah,12.21.02,Bara Batu,12.21.02.2018
SUMATERA UTARA,12,KAB. PADANG LAWAS,12.21,Barumun Tengah,12.21.02,Bahal Batu,12.21.02.2019
SUMATERA UTARA,12,KAB. PADANG LAWAS,12.21,Barumun Tengah,12.21.02,Ginduang Batu,12.21.02.2020
SUMATERA UTARA,12,KAB. PADANG LAWAS,12.21,Barumun Tengah,12.21.02,Padang Garugur,12.21.02.2021
SUMATERA UTARA,12,KAB. PADANG LAWAS,12.21,Barumun Tengah,12.21.02,Gunung Manaon,12.21.02.2022
SUMATERA UTARA,12,KAB. PADANG LAWAS,12.21,Barumun Tengah,12.21.02,Siboris Lombang,12.21.02.2023
SUMATERA UTARA,12,KAB. PADANG LAWAS,12.21,Barumun Tengah,12.21.02,Janji Matogu,12.21.02.2024
SUMATERA UTARA,12,KAB. PADANG LAWAS,12.21,Barumun Tengah,12.21.02,Gunung Malintang,12.21.02.2025
SUMATERA UTARA,12,KAB. PADANG LAWAS,12.21,Barumun Tengah,12.21.02,Sibatu Loting,12.21.02.2026
SUMATERA UTARA,12,KAB. PADANG LAWAS,12.21,Barumun Tengah,12.21.02,Sisalean,12.21.02.2027
SUMATERA UTARA,12,KAB. PADANG LAWAS,12.21,Barumun Tengah,12.21.02,Janji Manahan,12.21.02.2028
SUMATERA UTARA,12,KAB. PADANG LAWAS,12.21,Barumun Tengah,12.21.02,Siparau,12.21.02.2029
SUMATERA UTARA,12,KAB. PADANG LAWAS,12.21,Barumun Tengah,12.21.02,Unterudang,12.21.02.2030
SUMATERA UTARA,12,KAB. PADANG LAWAS,12.21,Barumun Tengah,12.21.02,Huta Ruhom,12.21.02.2053
SUMATERA UTARA,12,KAB. PADANG LAWAS,12.21,Barumun Tengah,12.21.02,Paran Napa Dolok,12.21.02.2056
SUMATERA UTARA,12,KAB. PADANG LAWAS,12.21,Barumun Tengah,12.21.02,Bire,12.21.02.2061
SUMATERA UTARA,12,KAB. PADANG LAWAS,12.21,Barumun Tengah,12.21.02,Gading,12.21.02.2065
SUMATERA UTARA,12,KAB. PADANG LAWAS,12.21,Barumun Tengah,12.21.02,Paran Napa Jae,12.21.02.2067
SUMATERA UTARA,12,KAB. PADANG LAWAS,12.21,Barumun Tengah,12.21.02,Sibontar,12.21.02.2068
SUMATERA UTARA,12,KAB. PADANG LAWAS,12.21,Barumun Tengah,12.21.02,Aek Siala,12.21.02.2070
SUMATERA UTARA,12,KAB. PADANG LAWAS,12.21,Barumun Tengah,12.21.02,Batusundung,12.21.02.2071
SUMATERA UTARA,12,KAB. PADANG LAWAS,12.21,Barumun Tengah,12.21.02,Sidongdong,12.21.02.2072
SUMATERA UTARA,12,KAB. PADANG LAWAS,12.21,Huristak,12.21.03,Binanga Tolu,12.21.03.2001
SUMATERA UTARA,12,KAB. PADANG LAWAS,12.21,Huristak,12.21.03,Tanjung Baringin,12.21.03.2002
SUMATERA UTARA,12,KAB. PADANG LAWAS,12.21,Huristak,12.21.03,Huristak,12.21.03.2003
SUMATERA UTARA,12,KAB. PADANG LAWAS,12.21,Huristak,12.21.03,Paran Tonga,12.21.03.2004
SUMATERA UTARA,12,KAB. PADANG LAWAS,12.21,Huristak,12.21.03,Gonting Julu,12.21.03.2005
SUMATERA UTARA,12,KAB. PADANG LAWAS,12.21,Huristak,12.21.03,Bulu Cina,12.21.03.2006
SUMATERA UTARA,12,KAB. PADANG LAWAS,12.21,Huristak,12.21.03,Sigading,12.21.03.2007
SUMATERA UTARA,12,KAB. PADANG LAWAS,12.21,Huristak,12.21.03,Pasir Lancat Lama,12.21.03.2008
SUMATERA UTARA,12,KAB. PADANG LAWAS,12.21,Huristak,12.21.03,Siala Gundi,12.21.03.2009
SUMATERA UTARA,12,KAB. PADANG LAWAS,12.21,Huristak,12.21.03,Tobing Julu,12.21.03.2010
SUMATERA UTARA,12,KAB. PADANG LAWAS,12.21,Huristak,12.21.03,Tar Sihoda-Hoda,12.21.03.2011
SUMATERA UTARA,12,KAB. PADANG LAWAS,12.21,Huristak,12.21.03,Huta Pasir Ulak Tano,12.21.03.2012
SUMATERA UTARA,12,KAB. PADANG LAWAS,12.21,Huristak,12.21.03,Tobing Jae,12.21.03.2013
SUMATERA UTARA,12,KAB. PADANG LAWAS,12.21,Huristak,12.21.03,Pasar Huristak,12.21.03.2014
SUMATERA UTARA,12,KAB. PADANG LAWAS,12.21,Huristak,12.21.03,Sipirok Baru,12.21.03.2015
SUMATERA UTARA,12,KAB. PADANG LAWAS,12.21,Huristak,12.21.03,Pasir Lancat Baru,12.21.03.2016
SUMATERA UTARA,12,KAB. PADANG LAWAS,12.21,Huristak,12.21.03,Tobing Tinggi,12.21.03.2017
SUMATERA UTARA,12,KAB. PADANG LAWAS,12.21,Huristak,12.21.03,Ganal,12.21.03.2018
SUMATERA UTARA,12,KAB. PADANG LAWAS,12.21,Huristak,12.21.03,Paya Bujing,12.21.03.2019
SUMATERA UTARA,12,KAB. PADANG LAWAS,12.21,Huristak,12.21.03,Pulo Bariang,12.21.03.2020
SUMATERA UTARA,12,KAB. PADANG LAWAS,12.21,Huristak,12.21.03,Ramba,12.21.03.2021
SUMATERA UTARA,12,KAB. PADANG LAWAS,12.21,Huristak,12.21.03,Gonting Jae,12.21.03.2022
SUMATERA UTARA,12,KAB. PADANG LAWAS,12.21,Huristak,12.21.03,Gala Bonang,12.21.03.2023
SUMATERA UTARA,12,KAB. PADANG LAWAS,12.21,Huristak,12.21.03,Tanjung Morang,12.21.03.2024
SUMATERA UTARA,12,KAB. PADANG LAWAS,12.21,Huristak,12.21.03,Gunung Manaon,12.21.03.2025
SUMATERA UTARA,12,KAB. PADANG LAWAS,12.21,Huristak,12.21.03,Gunung Matinggi,12.21.03.2026
SUMATERA UTARA,12,KAB. PADANG LAWAS,12.21,Huristak,12.21.03,Pasir Pinang,12.21.03.2027
SUMATERA UTARA,12,KAB. PADANG LAWAS,12.21,Lubuk Barumun,12.21.04,Janji Matogu,12.21.04.2001
SUMATERA UTARA,12,KAB. PADANG LAWAS,12.21,Lubuk Barumun,12.21.04,Pagaran Silindung,12.21.04.2002
SUMATERA UTARA,12,KAB. PADANG LAWAS,12.21,Lubuk Barumun,12.21.04,Tangga Bosi,12.21.04.2003
SUMATERA UTARA,12,KAB. PADANG LAWAS,12.21,Lubuk Barumun,12.21.04,Hutaibus,12.21.04.2004
SUMATERA UTARA,12,KAB. PADANG LAWAS,12.21,Lubuk Barumun,12.21.04,Pagaran Jalu-Jalu,12.21.04.2005
SUMATERA UTARA,12,KAB. PADANG LAWAS,12.21,Lubuk Barumun,12.21.04,Hutanopan,12.21.04.2006
SUMATERA UTARA,12,KAB. PADANG LAWAS,12.21,Lubuk Barumun,12.21.04,Pasar Latong,12.21.04.2007
SUMATERA UTARA,12,KAB. PADANG LAWAS,12.21,Lubuk Barumun,12.21.04,Pagaran Jae Batu,12.21.04.2008
SUMATERA UTARA,12,KAB. PADANG LAWAS,12.21,Lubuk Barumun,12.21.04,Aek Lancat,12.21.04.2009
SUMATERA UTARA,12,KAB. PADANG LAWAS,12.21,Lubuk Barumun,12.21.04,Batang Tanggal Baru,12.21.04.2010
SUMATERA UTARA,12,KAB. PADANG LAWAS,12.21,Lubuk Barumun,12.21.04,Bonal,12.21.04.2011
SUMATERA UTARA,12,KAB. PADANG LAWAS,12.21,Lubuk Barumun,12.21.04,Pagaran Malaka,12.21.04.2012
SUMATERA UTARA,12,KAB. PADANG LAWAS,12.21,Lubuk Barumun,12.21.04,Huta Dolok,12.21.04.2013
SUMATERA UTARA,12,KAB. PADANG LAWAS,12.21,Lubuk Barumun,12.21.04,Gunung Manobot,12.21.04.2014
SUMATERA UTARA,12,KAB. PADANG LAWAS,12.21,Lubuk Barumun,12.21.04,Batang Bulu Jae,12.21.04.2015
SUMATERA UTARA,12,KAB. PADANG LAWAS,12.21,Lubuk Barumun,12.21.04,Suro Dingin,12.21.04.2016
SUMATERA UTARA,12,KAB. PADANG LAWAS,12.21,Lubuk Barumun,12.21.04,Janji Lobi Lima,12.21.04.2017
SUMATERA UTARA,12,KAB. PADANG LAWAS,12.21,Lubuk Barumun,12.21.04,Sangkilon,12.21.04.2018
SUMATERA UTARA,12,KAB. PADANG LAWAS,12.21,Lubuk Barumun,12.21.04,Siali-Ali,12.21.04.2019
SUMATERA UTARA,12,KAB. PADANG LAWAS,12.21,Lubuk Barumun,12.21.04,Huta Lombang,12.21.04.2020
SUMATERA UTARA,12,KAB. PADANG LAWAS,12.21,Lubuk Barumun,12.21.04,Pagaran Mompang,12.21.04.2021
SUMATERA UTARA,12,KAB. PADANG LAWAS,12.21,Lubuk Barumun,12.21.04,Parsombaan,12.21.04.2022
SUMATERA UTARA,12,KAB. PADANG LAWAS,12.21,Lubuk Barumun,12.21.04,Sihiuk,12.21.04.2023
SUMATERA UTARA,12,KAB. PADANG LAWAS,12.21,Lubuk Barumun,12.21.04,Batang Bulu Tanggal,12.21.04.2024
SUMATERA UTARA,12,KAB. PADANG LAWAS,12.21,Huta Raja Tinggi,12.21.05,Simangambat,12.21.05.2001
SUMATERA UTARA,12,KAB. PADANG LAWAS,12.21,Huta Raja Tinggi,12.21.05,Sigala-Gala,12.21.05.2002
SUMATERA UTARA,12,KAB. PADANG LAWAS,12.21,Huta Raja Tinggi,12.21.05,Tanjung Ale,12.21.05.2003
SUMATERA UTARA,12,KAB. PADANG LAWAS,12.21,Huta Raja Tinggi,12.21.05,Lubuk Bunut,12.21.05.2004
SUMATERA UTARA,12,KAB. PADANG LAWAS,12.21,Huta Raja Tinggi,12.21.05,Ujung Padang,12.21.05.2005
SUMATERA UTARA,12,KAB. PADANG LAWAS,12.21,Huta Raja Tinggi,12.21.05,Tanjung Baringin,12.21.05.2006
SUMATERA UTARA,12,KAB. PADANG LAWAS,12.21,Huta Raja Tinggi,12.21.05,Sibodak Sosa Jae,12.21.05.2007
SUMATERA UTARA,12,KAB. PADANG LAWAS,12.21,Huta Raja Tinggi,12.21.05,Parmainan,12.21.05.2008
SUMATERA UTARA,12,KAB. PADANG LAWAS,12.21,Huta Raja Tinggi,12.21.05,Pagaran Dolok Sosa Jae,12.21.05.2009
SUMATERA UTARA,12,KAB. PADANG LAWAS,12.21,Huta Raja Tinggi,12.21.05,Aliaga,12.21.05.2010
SUMATERA UTARA,12,KAB. PADANG LAWAS,12.21,Huta Raja Tinggi,12.21.05,Mananti Sosa Jae,12.21.05.2011
SUMATERA UTARA,12,KAB. PADANG LAWAS,12.21,Huta Raja Tinggi,12.21.05,Panyabungan,12.21.05.2012
SUMATERA UTARA,12,KAB. PADANG LAWAS,12.21,Huta Raja Tinggi,12.21.05,Pasar Panyabungan,12.21.05.2013
SUMATERA UTARA,12,KAB. PADANG LAWAS,12.21,Huta Raja Tinggi,12.21.05,Sigalapung,12.21.05.2014
SUMATERA UTARA,12,KAB. PADANG LAWAS,12.21,Huta Raja Tinggi,12.21.05,Siabu,12.21.05.2015
SUMATERA UTARA,12,KAB. PADANG LAWAS,12.21,Huta Raja Tinggi,12.21.05,Paya Ombur,12.21.05.2016
SUMATERA UTARA,12,KAB. PADANG LAWAS,12.21,Huta Raja Tinggi,12.21.05,Hutaraja Tinggi,12.21.05.2017
SUMATERA UTARA,12,KAB. PADANG LAWAS,12.21,Huta Raja Tinggi,12.21.05,Sungai Korang,12.21.05.2018
SUMATERA UTARA,12,KAB. PADANG LAWAS,12.21,Huta Raja Tinggi,12.21.05,Ujung Batu I,12.21.05.2019
SUMATERA UTARA,12,KAB. PADANG LAWAS,12.21,Huta Raja Tinggi,12.21.05,Ujung Batu II,12.21.05.2020
SUMATERA UTARA,12,KAB. PADANG LAWAS,12.21,Huta Raja Tinggi,12.21.05,Ujung Batu III,12.21.05.2021
SUMATERA UTARA,12,KAB. PADANG LAWAS,12.21,Huta Raja Tinggi,12.21.05,Ujung Batu IV,12.21.05.2022
SUMATERA UTARA,12,KAB. PADANG LAWAS,12.21,Huta Raja Tinggi,12.21.05,Ujung Batu V,12.21.05.2023
SUMATERA UTARA,12,KAB. PADANG LAWAS,12.21,Huta Raja Tinggi,12.21.05,Pir Trans Sosa I A,12.21.05.2024
SUMATERA UTARA,12,KAB. PADANG LAWAS,12.21,Huta Raja Tinggi,12.21.05,Pir Trans Sosa I B,12.21.05.2025
SUMATERA UTARA,12,KAB. PADANG LAWAS,12.21,Huta Raja Tinggi,12.21.05,Pir Trans Sosa III A,12.21.05.2026
SUMATERA UTARA,12,KAB. PADANG LAWAS,12.21,Huta Raja Tinggi,12.21.05,Pir Trans Sosa III B,12.21.05.2027
SUMATERA UTARA,12,KAB. PADANG LAWAS,12.21,Huta Raja Tinggi,12.21.05,Pir Trans Sosa II,12.21.05.2028
SUMATERA UTARA,12,KAB. PADANG LAWAS,12.21,Huta Raja Tinggi,12.21.05,Pir Trans Sosa IV,12.21.05.2029
SUMATERA UTARA,12,KAB. PADANG LAWAS,12.21,Huta Raja Tinggi,12.21.05,Pir Trans Sosa V,12.21.05.2030
SUMATERA UTARA,12,KAB. PADANG LAWAS,12.21,Huta Raja Tinggi,12.21.05,Pir Trans Sosa VI,12.21.05.2031
SUMATERA UTARA,12,KAB. PADANG LAWAS,12.21,Ulu Barumun,12.21.06,Simanuldang Jae,12.21.06.2001
SUMATERA UTARA,12,KAB. PADANG LAWAS,12.21,Ulu Barumun,12.21.06,Simanuldang Julu,12.21.06.2002
SUMATERA UTARA,12,KAB. PADANG LAWAS,12.21,Ulu Barumun,12.21.06,Tapian Nauli,12.21.06.2003
SUMATERA UTARA,12,KAB. PADANG LAWAS,12.21,Ulu Barumun,12.21.06,Handang Kopo,12.21.06.2004
SUMATERA UTARA,12,KAB. PADANG LAWAS,12.21,Ulu Barumun,12.21.06,Subulussalam,12.21.06.2005
SUMATERA UTARA,12,KAB. PADANG LAWAS,12.21,Ulu Barumun,12.21.06,Pintu Padang,12.21.06.2006
SUMATERA UTARA,12,KAB. PADANG LAWAS,12.21,Ulu Barumun,12.21.06,Matondang,12.21.06.2007
SUMATERA UTARA,12,KAB. PADANG LAWAS,12.21,Ulu Barumun,12.21.06,Pasar Ipuh,12.21.06.2008
SUMATERA UTARA,12,KAB. PADANG LAWAS,12.21,Ulu Barumun,12.21.06,Paringgonan,12.21.06.2009
SUMATERA UTARA,12,KAB. PADANG LAWAS,12.21,Ulu Barumun,12.21.06,Paringgonan Julu,12.21.06.2010
SUMATERA UTARA,12,KAB. PADANG LAWAS,12.21,Ulu Barumun,12.21.06,Paran Batu,12.21.06.2011
SUMATERA UTARA,12,KAB. PADANG LAWAS,12.21,Ulu Barumun,12.21.06,Sibual Buali,12.21.06.2012
SUMATERA UTARA,12,KAB. PADANG LAWAS,12.21,Ulu Barumun,12.21.06,Tanjung,12.21.06.2013
SUMATERA UTARA,12,KAB. PADANG LAWAS,12.21,Ulu Barumun,12.21.06,Siraisan,12.21.06.2014
SUMATERA UTARA,12,KAB. PADANG LAWAS,12.21,Ulu Barumun,12.21.06,Aek Haruaya,12.21.06.2015
SUMATERA UTARA,12,KAB. PADANG LAWAS,12.21,Barumun,12.21.07,Pasar Sibuhuan,12.21.07.1001
SUMATERA UTARA,12,KAB. PADANG LAWAS,12.21,Barumun,12.21.07,Sibuhuan Julu,12.21.07.2002
SUMATERA UTARA,12,KAB. PADANG LAWAS,12.21,Barumun,12.21.07,Bangun Raya,12.21.07.2003
SUMATERA UTARA,12,KAB. PADANG LAWAS,12.21,Barumun,12.21.07,Purba Tua,12.21.07.2004
SUMATERA UTARA,12,KAB. PADANG LAWAS,12.21,Barumun,12.21.07,Handis Julu,12.21.07.2005
SUMATERA UTARA,12,KAB. PADANG LAWAS,12.21,Barumun,12.21.07,Sialambue,12.21.07.2006
SUMATERA UTARA,12,KAB. PADANG LAWAS,12.21,Barumun,12.21.07,Sibuhuan Jae,12.21.07.2007
SUMATERA UTARA,12,KAB. PADANG LAWAS,12.21,Barumun,12.21.07,Janjilobi,12.21.07.2008
SUMATERA UTARA,12,KAB. PADANG LAWAS,12.21,Barumun,12.21.07,Hasahatan Jae,12.21.07.2009
SUMATERA UTARA,12,KAB. PADANG LAWAS,12.21,Barumun,12.21.07,Siolip,12.21.07.2010
SUMATERA UTARA,12,KAB. PADANG LAWAS,12.21,Barumun,12.21.07,Saba Rimba,12.21.07.2011
SUMATERA UTARA,12,KAB. PADANG LAWAS,12.21,Barumun,12.21.07,Binabo Julu,12.21.07.2012
SUMATERA UTARA,12,KAB. PADANG LAWAS,12.21,Barumun,12.21.07,Binabo Jae,12.21.07.2013
SUMATERA UTARA,12,KAB. PADANG LAWAS,12.21,Barumun,12.21.07,Limbong,12.21.07.2014
SUMATERA UTARA,12,KAB. PADANG LAWAS,12.21,Barumun,12.21.07,Simaninggir,12.21.07.2015
SUMATERA UTARA,12,KAB. PADANG LAWAS,12.21,Barumun,12.21.07,Hasahatan Julu,12.21.07.2016
SUMATERA UTARA,12,KAB. PADANG LAWAS,12.21,Barumun,12.21.07,Sitarolo Julu,12.21.07.2017
SUMATERA UTARA,12,KAB. PADANG LAWAS,12.21,Barumun,12.21.07,Mompang,12.21.07.2018
SUMATERA UTARA,12,KAB. PADANG LAWAS,12.21,Barumun,12.21.07,Sigorbus Jae,12.21.07.2019
SUMATERA UTARA,12,KAB. PADANG LAWAS,12.21,Barumun,12.21.07,Sabahotang,12.21.07.2020
SUMATERA UTARA,12,KAB. PADANG LAWAS,12.21,Barumun,12.21.07,Tanjung Durian,12.21.07.2021
SUMATERA UTARA,12,KAB. PADANG LAWAS,12.21,Barumun,12.21.07,Tanjung Botung,12.21.07.2022
SUMATERA UTARA,12,KAB. PADANG LAWAS,12.21,Barumun,12.21.07,Tanobato,12.21.07.2023
SUMATERA UTARA,12,KAB. PADANG LAWAS,12.21,Barumun,12.21.07,Hutarimbaru,12.21.07.2024
SUMATERA UTARA,12,KAB. PADANG LAWAS,12.21,Barumun,12.21.07,Sayur Matua,12.21.07.2025
SUMATERA UTARA,12,KAB. PADANG LAWAS,12.21,Barumun,12.21.07,Bulusonik,12.21.07.2037
SUMATERA UTARA,12,KAB. PADANG LAWAS,12.21,Barumun,12.21.07,Arsesimatorkis,12.21.07.2038
SUMATERA UTARA,12,KAB. PADANG LAWAS,12.21,Barumun,12.21.07,Pancaukan,12.21.07.2039
SUMATERA UTARA,12,KAB. PADANG LAWAS,12.21,Barumun,12.21.07,Pagaran Baringin,12.21.07.2040
SUMATERA UTARA,12,KAB. PADANG LAWAS,12.21,Barumun,12.21.07,Sigorbus Julu,12.21.07.2041
SUMATERA UTARA,12,KAB. PADANG LAWAS,12.21,Sosa,12.21.08,Siborna Bunut,12.21.08.2001
SUMATERA UTARA,12,KAB. PADANG LAWAS,12.21,Sosa,12.21.08,Hurung Jilok,12.21.08.2002
SUMATERA UTARA,12,KAB. PADANG LAWAS,12.21,Sosa,12.21.08,Pasir Jae,12.21.08.2003
SUMATERA UTARA,12,KAB. PADANG LAWAS,12.21,Sosa,12.21.08,Harang Julu,12.21.08.2004
SUMATERA UTARA,12,KAB. PADANG LAWAS,12.21,Sosa,12.21.08,Parapat,12.21.08.2005
SUMATERA UTARA,12,KAB. PADANG LAWAS,12.21,Sosa,12.21.08,Pasar Ujung Batu,12.21.08.2006
SUMATERA UTARA,12,KAB. PADANG LAWAS,12.21,Sosa,12.21.08,Hapung,12.21.08.2007
SUMATERA UTARA,12,KAB. PADANG LAWAS,12.21,Sosa,12.21.08,Plasma Mondang,12.21.08.2008
SUMATERA UTARA,12,KAB. PADANG LAWAS,12.21,Sosa,12.21.08,Mandian,12.21.08.2009
SUMATERA UTARA,12,KAB. PADANG LAWAS,12.21,Sosa,12.21.08,Bonan Dolok,12.21.08.2010
SUMATERA UTARA,12,KAB. PADANG LAWAS,12.21,Sosa,12.21.08,Hutaimbaru,12.21.08.2011
SUMATERA UTARA,12,KAB. PADANG LAWAS,12.21,Sosa,12.21.08,Mondang,12.21.08.2012
SUMATERA UTARA,12,KAB. PADANG LAWAS,12.21,Sosa,12.21.08,Sisoma,12.21.08.2013
SUMATERA UTARA,12,KAB. PADANG LAWAS,12.21,Sosa,12.21.08,Aek Tinga,12.21.08.2014
SUMATERA UTARA,12,KAB. PADANG LAWAS,12.21,Sosa,12.21.08,Gunung Baringin,12.21.08.2015
SUMATERA UTARA,12,KAB. PADANG LAWAS,12.21,Sosa,12.21.08,Simarancar,12.21.08.2016
SUMATERA UTARA,12,KAB. PADANG LAWAS,12.21,Sosa,12.21.08,Huta Raja Lamo,12.21.08.2017
SUMATERA UTARA,12,KAB. PADANG LAWAS,12.21,Sosa,12.21.08,Tanjung Botung Sosa Jae,12.21.08.2018
SUMATERA UTARA,12,KAB. PADANG LAWAS,12.21,Sosa,12.21.08,Ujung Batu,12.21.08.2019
SUMATERA UTARA,12,KAB. PADANG LAWAS,12.21,Sosa,12.21.08,Janjiraja,12.21.08.2020
SUMATERA UTARA,12,KAB. PADANG LAWAS,12.21,Sosa,12.21.08,Rao-Rao Dolok,12.21.08.2021
SUMATERA UTARA,12,KAB. PADANG LAWAS,12.21,Sosa,12.21.08,Parau Sorat,12.21.08.2022
SUMATERA UTARA,12,KAB. PADANG LAWAS,12.21,Sosa,12.21.08,Aer Bale,12.21.08.2023
SUMATERA UTARA,12,KAB. PADANG LAWAS,12.21,Sosa,12.21.08,Tanjung Bale,12.21.08.2024
SUMATERA UTARA,12,KAB. PADANG LAWAS,12.21,Sosa,12.21.08,Ampolu,12.21.08.2025
SUMATERA UTARA,12,KAB. PADANG LAWAS,12.21,Sosa,12.21.08,Mananti Sosa Julu,12.21.08.2026
SUMATERA UTARA,12,KAB. PADANG LAWAS,12.21,Sosa,12.21.08,Siginduang,12.21.08.2027
SUMATERA UTARA,12,KAB. PADANG LAWAS,12.21,Sosa,12.21.08,Ramba,12.21.08.2028
SUMATERA UTARA,12,KAB. PADANG LAWAS,12.21,Sosa,12.21.08,Roburan,12.21.08.2029
SUMATERA UTARA,12,KAB. PADANG LAWAS,12.21,Sosa,12.21.08,Tanjung,12.21.08.2030
SUMATERA UTARA,12,KAB. PADANG LAWAS,12.21,Sosa,12.21.08,Sungai Jior,12.21.08.2031
SUMATERA UTARA,12,KAB. PADANG LAWAS,12.21,Sosa,12.21.08,Lumban Huayan,12.21.08.2032
SUMATERA UTARA,12,KAB. PADANG LAWAS,12.21,Sosa,12.21.08,Pasir Julu,12.21.08.2033
SUMATERA UTARA,12,KAB. PADANG LAWAS,12.21,Sosa,12.21.08,Hapung Torop,12.21.08.2034
SUMATERA UTARA,12,KAB. PADANG LAWAS,12.21,Sosa,12.21.08,Batu Gajah,12.21.08.2035
SUMATERA UTARA,12,KAB. PADANG LAWAS,12.21,Sosa,12.21.08,Harang Jae,12.21.08.2036
SUMATERA UTARA,12,KAB. PADANG LAWAS,12.21,Sosa,12.21.08,Horuon,12.21.08.2037
SUMATERA UTARA,12,KAB. PADANG LAWAS,12.21,Sosa,12.21.08,Gunung Tua,12.21.08.2038
SUMATERA UTARA,12,KAB. PADANG LAWAS,12.21,Sosa,12.21.08,Handio,12.21.08.2039
SUMATERA UTARA,12,KAB. PADANG LAWAS,12.21,Batang Lubu Sutam,12.21.09,Tanjung Baru,12.21.09.2001
SUMATERA UTARA,12,KAB. PADANG LAWAS,12.21,Batang Lubu Sutam,12.21.09,Tamiang,12.21.09.2002
SUMATERA UTARA,12,KAB. PADANG LAWAS,12.21,Batang Lubu Sutam,12.21.09,Tanjung Barani,12.21.09.2003
SUMATERA UTARA,12,KAB. PADANG LAWAS,12.21,Batang Lubu Sutam,12.21.09,Manggis,12.21.09.2004
SUMATERA UTARA,12,KAB. PADANG LAWAS,12.21,Batang Lubu Sutam,12.21.09,Pagaran Tayas,12.21.09.2005
SUMATERA UTARA,12,KAB. PADANG LAWAS,12.21,Batang Lubu Sutam,12.21.09,Hatongga,12.21.09.2006
SUMATERA UTARA,12,KAB. PADANG LAWAS,12.21,Batang Lubu Sutam,12.21.09,Botung,12.21.09.2007
SUMATERA UTARA,12,KAB. PADANG LAWAS,12.21,Batang Lubu Sutam,12.21.09,Siadam,12.21.09.2008
SUMATERA UTARA,12,KAB. PADANG LAWAS,12.21,Batang Lubu Sutam,12.21.09,Siojo,12.21.09.2009
SUMATERA UTARA,12,KAB. PADANG LAWAS,12.21,Batang Lubu Sutam,12.21.09,Pagaran Manggis,12.21.09.2010
SUMATERA UTARA,12,KAB. PADANG LAWAS,12.21,Batang Lubu Sutam,12.21.09,Muara Malinto Lama,12.21.09.2011
SUMATERA UTARA,12,KAB. PADANG LAWAS,12.21,Batang Lubu Sutam,12.21.09,Hutabaru,12.21.09.2012
SUMATERA UTARA,12,KAB. PADANG LAWAS,12.21,Batang Lubu Sutam,12.21.09,Huta Nopan,12.21.09.2013
SUMATERA UTARA,12,KAB. PADANG LAWAS,12.21,Batang Lubu Sutam,12.21.09,Tandolan,12.21.09.2014
SUMATERA UTARA,12,KAB. PADANG LAWAS,12.21,Batang Lubu Sutam,12.21.09,Tangga Batu,12.21.09.2015
SUMATERA UTARA,12,KAB. PADANG LAWAS,12.21,Batang Lubu Sutam,12.21.09,Pagaran Dolok Pinarik,12.21.09.2016
SUMATERA UTARA,12,KAB. PADANG LAWAS,12.21,Batang Lubu Sutam,12.21.09,Muara Malinto Baru,12.21.09.2017
SUMATERA UTARA,12,KAB. PADANG LAWAS,12.21,Batang Lubu Sutam,12.21.09,Aek Sorik,12.21.09.2018
SUMATERA UTARA,12,KAB. PADANG LAWAS,12.21,Batang Lubu Sutam,12.21.09,Tanjung Botung Pinarik,12.21.09.2019
SUMATERA UTARA,12,KAB. PADANG LAWAS,12.21,Batang Lubu Sutam,12.21.09,Pinarik,12.21.09.2020
SUMATERA UTARA,12,KAB. PADANG LAWAS,12.21,Batang Lubu Sutam,12.21.09,Rombayan,12.21.09.2021
SUMATERA UTARA,12,KAB. PADANG LAWAS,12.21,Batang Lubu Sutam,12.21.09,Salambue,12.21.09.2022
SUMATERA UTARA,12,KAB. PADANG LAWAS,12.21,Batang Lubu Sutam,12.21.09,Papaso,12.21.09.2023
SUMATERA UTARA,12,KAB. PADANG LAWAS,12.21,Batang Lubu Sutam,12.21.09,Muara Tige,12.21.09.2024
SUMATERA UTARA,12,KAB. PADANG LAWAS,12.21,Batang Lubu Sutam,12.21.09,Sibodak Papaso,12.21.09.2025
SUMATERA UTARA,12,KAB. PADANG LAWAS,12.21,Batang Lubu Sutam,12.21.09,Pagaran Baringin,12.21.09.2026
SUMATERA UTARA,12,KAB. PADANG LAWAS,12.21,Batang Lubu Sutam,12.21.09,Gunung Inten,12.21.09.2027
SUMATERA UTARA,12,KAB. PADANG LAWAS,12.21,Batang Lubu Sutam,12.21.09,Gunung Manaon,12.21.09.2028
SUMATERA UTARA,12,KAB. PADANG LAWAS,12.21,Barumun Selatan,12.21.10,Batang Bulu Lama,12.21.10.2001
SUMATERA UTARA,12,KAB. PADANG LAWAS,12.21,Barumun Selatan,12.21.10,Pagur Satio,12.21.10.2002
SUMATERA UTARA,12,KAB. PADANG LAWAS,12.21,Barumun Selatan,12.21.10,Batang Bulu Baru,12.21.10.2003
SUMATERA UTARA,12,KAB. PADANG LAWAS,12.21,Barumun Selatan,12.21.10,Gunung Intan,12.21.10.2004
SUMATERA UTARA,12,KAB. PADANG LAWAS,12.21,Barumun Selatan,12.21.10,Tanjung Purba Tua,12.21.10.2005
SUMATERA UTARA,12,KAB. PADANG LAWAS,12.21,Barumun Selatan,12.21.10,Banua Tonga,12.21.10.2006
SUMATERA UTARA,12,KAB. PADANG LAWAS,12.21,Barumun Selatan,12.21.10,Gunung Barani,12.21.10.2007
SUMATERA UTARA,12,KAB. PADANG LAWAS,12.21,Barumun Selatan,12.21.10,Tanjung Baringin Simarulak,12.21.10.2008
SUMATERA UTARA,12,KAB. PADANG LAWAS,12.21,Barumun Selatan,12.21.10,Sayur Mahincat,12.21.10.2009
SUMATERA UTARA,12,KAB. PADANG LAWAS,12.21,Barumun Selatan,12.21.10,Sidomulio,12.21.10.2010
SUMATERA UTARA,12,KAB. PADANG LAWAS,12.21,Barumun Selatan,12.21.10,Panarian,12.21.10.2011
SUMATERA UTARA,12,KAB. PADANG LAWAS,12.21,Aek Nabara Barumun,12.21.11,Aek Nabara Tonga,12.21.11.2001
SUMATERA UTARA,12,KAB. PADANG LAWAS,12.21,Aek Nabara Barumun,12.21.11,Aek Nabara Jae,12.21.11.2002
SUMATERA UTARA,12,KAB. PADANG LAWAS,12.21,Aek Nabara Barumun,12.21.11,Padang Garugur Jae,12.21.11.2003
SUMATERA UTARA,12,KAB. PADANG LAWAS,12.21,Aek Nabara Barumun,12.21.11,Huta Bargot,12.21.11.2004
SUMATERA UTARA,12,KAB. PADANG LAWAS,12.21,Aek Nabara Barumun,12.21.11,Janji Maria,12.21.11.2005
SUMATERA UTARA,12,KAB. PADANG LAWAS,12.21,Aek Nabara Barumun,12.21.11,Padang Garugur Julu,12.21.11.2006
SUMATERA UTARA,12,KAB. PADANG LAWAS,12.21,Aek Nabara Barumun,12.21.11,Sidokan,12.21.11.2007
SUMATERA UTARA,12,KAB. PADANG LAWAS,12.21,Aek Nabara Barumun,12.21.11,Tobing,12.21.11.2008
SUMATERA UTARA,12,KAB. PADANG LAWAS,12.21,Aek Nabara Barumun,12.21.11,Hadungdung Aek Rampah,12.21.11.2009
SUMATERA UTARA,12,KAB. PADANG LAWAS,12.21,Aek Nabara Barumun,12.21.11,Tobing Tinggi,12.21.11.2010
SUMATERA UTARA,12,KAB. PADANG LAWAS,12.21,Aek Nabara Barumun,12.21.11,Sipagabu,12.21.11.2011
SUMATERA UTARA,12,KAB. PADANG LAWAS,12.21,Aek Nabara Barumun,12.21.11,Tanjung,12.21.11.2012
SUMATERA UTARA,12,KAB. PADANG LAWAS,12.21,Aek Nabara Barumun,12.21.11,Paran Tonga,12.21.11.2013
SUMATERA UTARA,12,KAB. PADANG LAWAS,12.21,Aek Nabara Barumun,12.21.11,Paran Julu,12.21.11.2014
SUMATERA UTARA,12,KAB. PADANG LAWAS,12.21,Aek Nabara Barumun,12.21.11,Hadungdung Pintu Padang,12.21.11.2015
SUMATERA UTARA,12,KAB. PADANG LAWAS,12.21,Aek Nabara Barumun,12.21.11,Tanjung Rokan,12.21.11.2016
SUMATERA UTARA,12,KAB. PADANG LAWAS,12.21,Aek Nabara Barumun,12.21.11,Aek Bonban,12.21.11.2017
SUMATERA UTARA,12,KAB. PADANG LAWAS,12.21,Aek Nabara Barumun,12.21.11,Marenu,12.21.11.2018
SUMATERA UTARA,12,KAB. PADANG LAWAS,12.21,Aek Nabara Barumun,12.21.11,Aek Nabara Julu,12.21.11.2019
SUMATERA UTARA,12,KAB. PADANG LAWAS,12.21,Aek Nabara Barumun,12.21.11,Padang Garugur Tonga,12.21.11.2020
SUMATERA UTARA,12,KAB. PADANG LAWAS,12.21,Aek Nabara Barumun,12.21.11,Bangkuang,12.21.11.2021
SUMATERA UTARA,12,KAB. PADANG LAWAS,12.21,Aek Nabara Barumun,12.21.11,Paya bahung,12.21.11.2022
SUMATERA UTARA,12,KAB. PADANG LAWAS,12.21,Aek Nabara Barumun,12.21.11,Aek Buaton,12.21.11.2023
SUMATERA UTARA,12,KAB. PADANG LAWAS,12.21,Aek Nabara Barumun,12.21.11,Sayur Matua,12.21.11.2024
SUMATERA UTARA,12,KAB. PADANG LAWAS,12.21,Aek Nabara Barumun,12.21.11,Sayur Mahincat,12.21.11.2025
SUMATERA UTARA,12,KAB. PADANG LAWAS,12.21,Sihapas Barumun,12.21.12,Lubuk Gonting,12.21.12.2001
SUMATERA UTARA,12,KAB. PADANG LAWAS,12.21,Sihapas Barumun,12.21.12,Padang Hasior Dolok,12.21.12.2002
SUMATERA UTARA,12,KAB. PADANG LAWAS,12.21,Sihapas Barumun,12.21.12,Padang Hasior Lombang,12.21.12.2003
SUMATERA UTARA,12,KAB. PADANG LAWAS,12.21,Sihapas Barumun,12.21.12,Sitada-Tada,12.21.12.2004
SUMATERA UTARA,12,KAB. PADANG LAWAS,12.21,Sihapas Barumun,12.21.12,Paran Dolok,12.21.12.2005
SUMATERA UTARA,12,KAB. PADANG LAWAS,12.21,Sihapas Barumun,12.21.12,Ujung Gading,12.21.12.2006
SUMATERA UTARA,12,KAB. PADANG LAWAS,12.21,Sihapas Barumun,12.21.12,Simaninggir,12.21.12.2007
SUMATERA UTARA,12,KAB. PADANG LAWAS,12.21,Sihapas Barumun,12.21.12,Tanjung Morang,12.21.12.2008
SUMATERA UTARA,12,KAB. PADANG LAWAS,12.21,Sihapas Barumun,12.21.12,Silenjeng,12.21.12.2009
SUMATERA UTARA,12,KAB. PADANG LAWAS,12.21,Sihapas Barumun,12.21.12,Aek Goti,12.21.12.2010
SUMATERA UTARA,12,KAB. PADANG LAWAS,12.21,Sihapas Barumun,12.21.12,Gulangan,12.21.12.2011
SUMATERA UTARA,12,KAB. PADANG LAWAS,12.21,Sihapas Barumun,12.21.12,Ujung Padang,12.21.12.2012
SUMATERA UTARA,12,KAB. PADANG LAWAS,12.21,Sihapas Barumun,12.21.12,Balangka,12.21.12.2013
SUMATERA UTARA,12,KAB. LABUHANBATU SELATAN,12.22,Kotapinang,12.22.01,Kotapinang,12.22.01.1001
SUMATERA UTARA,12,KAB. LABUHANBATU SELATAN,12.22,Kotapinang,12.22.01,Simatahari,12.22.01.2002
SUMATERA UTARA,12,KAB. LABUHANBATU SELATAN,12.22,Kotapinang,12.22.01,Mampang,12.22.01.2003
SUMATERA UTARA,12,KAB. LABUHANBATU SELATAN,12.22,Kotapinang,12.22.01,Pasir Tuntung,12.22.01.2004
SUMATERA UTARA,12,KAB. LABUHANBATU SELATAN,12.22,Kotapinang,12.22.01,Sisumut,12.22.01.2005
SUMATERA UTARA,12,KAB. LABUHANBATU SELATAN,12.22,Kotapinang,12.22.01,Hadundung,12.22.01.2006
SUMATERA UTARA,12,KAB. LABUHANBATU SELATAN,12.22,Kotapinang,12.22.01,Sosopan,12.22.01.2007
SUMATERA UTARA,12,KAB. LABUHANBATU SELATAN,12.22,Kotapinang,12.22.01,Perkebunan Nomark,12.22.01.2008
SUMATERA UTARA,12,KAB. LABUHANBATU SELATAN,12.22,Kotapinang,12.22.01,Perkebunan Nagodang,12.22.01.2009
SUMATERA UTARA,12,KAB. LABUHANBATU SELATAN,12.22,Kotapinang,12.22.01,Perk. Sei Rumbia,12.22.01.2010
SUMATERA UTARA,12,KAB. LABUHANBATU SELATAN,12.22,Kampung Rakyat,12.22.02,Perk. Perlabian,12.22.02.2001
SUMATERA UTARA,12,KAB. LABUHANBATU SELATAN,12.22,Kampung Rakyat,12.22.02,Perk. Teluk Panji,12.22.02.2002
SUMATERA UTARA,12,KAB. LABUHANBATU SELATAN,12.22,Kampung Rakyat,12.22.02,Perk. Tolan I/II,12.22.02.2003
SUMATERA UTARA,12,KAB. LABUHANBATU SELATAN,12.22,Kampung Rakyat,12.22.02,Perk. Batang Saponggol,12.22.02.2004
SUMATERA UTARA,12,KAB. LABUHANBATU SELATAN,12.22,Kampung Rakyat,12.22.02,Perk. Tolan,12.22.02.2005
SUMATERA UTARA,12,KAB. LABUHANBATU SELATAN,12.22,Kampung Rakyat,12.22.02,Air Merah,12.22.02.2006
SUMATERA UTARA,12,KAB. LABUHANBATU SELATAN,12.22,Kampung Rakyat,12.22.02,Teluk Panji,12.22.02.2007
SUMATERA UTARA,12,KAB. LABUHANBATU SELATAN,12.22,Kampung Rakyat,12.22.02,Tanjung Medan,12.22.02.2008
SUMATERA UTARA,12,KAB. LABUHANBATU SELATAN,12.22,Kampung Rakyat,12.22.02,Kampung Perlabian,12.22.02.2009
SUMATERA UTARA,12,KAB. LABUHANBATU SELATAN,12.22,Kampung Rakyat,12.22.02,Tanjung Selamat,12.22.02.2010
SUMATERA UTARA,12,KAB. LABUHANBATU SELATAN,12.22,Kampung Rakyat,12.22.02,Tanjung Mulia,12.22.02.2011
SUMATERA UTARA,12,KAB. LABUHANBATU SELATAN,12.22,Kampung Rakyat,12.22.02,Teluk Panji I,12.22.02.2012
SUMATERA UTARA,12,KAB. LABUHANBATU SELATAN,12.22,Kampung Rakyat,12.22.02,Teluk Panji II,12.22.02.2013
SUMATERA UTARA,12,KAB. LABUHANBATU SELATAN,12.22,Kampung Rakyat,12.22.02,Teluk Panji III,12.22.02.2014
SUMATERA UTARA,12,KAB. LABUHANBATU SELATAN,12.22,Kampung Rakyat,12.22.02,Teluk Panji IV,12.22.02.2015
SUMATERA UTARA,12,KAB. LABUHANBATU SELATAN,12.22,Torgamba,12.22.03,Bangai,12.22.03.2001
SUMATERA UTARA,12,KAB. LABUHANBATU SELATAN,12.22,Torgamba,12.22.03,Rasau,12.22.03.2002
SUMATERA UTARA,12,KAB. LABUHANBATU SELATAN,12.22,Torgamba,12.22.03,Teluk Rampah,12.22.03.2003
SUMATERA UTARA,12,KAB. LABUHANBATU SELATAN,12.22,Torgamba,12.22.03,Pangarungan,12.22.03.2004
SUMATERA UTARA,12,KAB. LABUHANBATU SELATAN,12.22,Torgamba,12.22.03,Bunut,12.22.03.2005
SUMATERA UTARA,12,KAB. LABUHANBATU SELATAN,12.22,Torgamba,12.22.03,Aek Batu,12.22.03.2006
SUMATERA UTARA,12,KAB. LABUHANBATU SELATAN,12.22,Torgamba,12.22.03,Pinang Damai,12.22.03.2007
SUMATERA UTARA,12,KAB. LABUHANBATU SELATAN,12.22,Torgamba,12.22.03,Aek Raso,12.22.03.2008
SUMATERA UTARA,12,KAB. LABUHANBATU SELATAN,12.22,Torgamba,12.22.03,Torgamba,12.22.03.2009
SUMATERA UTARA,12,KAB. LABUHANBATU SELATAN,12.22,Torgamba,12.22.03,Asam Jawa,12.22.03.2010
SUMATERA UTARA,12,KAB. LABUHANBATU SELATAN,12.22,Torgamba,12.22.03,Torganda,12.22.03.2011
SUMATERA UTARA,12,KAB. LABUHANBATU SELATAN,12.22,Torgamba,12.22.03,Beringin Jaya,12.22.03.2012
SUMATERA UTARA,12,KAB. LABUHANBATU SELATAN,12.22,Torgamba,12.22.03,Bukit Tujuh,12.22.03.2013
SUMATERA UTARA,12,KAB. LABUHANBATU SELATAN,12.22,Torgamba,12.22.03,Sei Meranti,12.22.03.2014
SUMATERA UTARA,12,KAB. LABUHANBATU SELATAN,12.22,Sungai Kanan,12.22.04,Langga Payung,12.22.04.1001
SUMATERA UTARA,12,KAB. LABUHANBATU SELATAN,12.22,Sungai Kanan,12.22.04,Batang Nadenggan,12.22.04.2002
SUMATERA UTARA,12,KAB. LABUHANBATU SELATAN,12.22,Sungai Kanan,12.22.04,Sabungan,12.22.04.2003
SUMATERA UTARA,12,KAB. LABUHANBATU SELATAN,12.22,Sungai Kanan,12.22.04,Hajoran,12.22.04.2004
SUMATERA UTARA,12,KAB. LABUHANBATU SELATAN,12.22,Sungai Kanan,12.22.04,Ujung Gading,12.22.04.2005
SUMATERA UTARA,12,KAB. LABUHANBATU SELATAN,12.22,Sungai Kanan,12.22.04,Huta Godang,12.22.04.2006
SUMATERA UTARA,12,KAB. LABUHANBATU SELATAN,12.22,Sungai Kanan,12.22.04,Parimburan,12.22.04.2007
SUMATERA UTARA,12,KAB. LABUHANBATU SELATAN,12.22,Sungai Kanan,12.22.04,Sampean,12.22.04.2008
SUMATERA UTARA,12,KAB. LABUHANBATU SELATAN,12.22,Sungai Kanan,12.22.04,Marsonja,12.22.04.2009
SUMATERA UTARA,12,KAB. LABUHANBATU SELATAN,12.22,Silangkitang,12.22.05,Mandalasena,12.22.05.2001
SUMATERA UTARA,12,KAB. LABUHANBATU SELATAN,12.22,Silangkitang,12.22.05,Binangadua,12.22.05.2002
SUMATERA UTARA,12,KAB. LABUHANBATU SELATAN,12.22,Silangkitang,12.22.05,Aek Goti,12.22.05.2003
SUMATERA UTARA,12,KAB. LABUHANBATU SELATAN,12.22,Silangkitang,12.22.05,Ulu Mahuam,12.22.05.2004
SUMATERA UTARA,12,KAB. LABUHANBATU SELATAN,12.22,Silangkitang,12.22.05,Rintis,12.22.05.2005
SUMATERA UTARA,12,KAB. LABUHANBATU SELATAN,12.22,Silangkitang,12.22.05,Sukadame,12.22.05.2006
SUMATERA UTARA,12,KAB. LABUHANBATU UTARA,12.23,Kualuh Hulu,12.23.01,Aek Kanopan,12.23.01.1001
SUMATERA UTARA,12,KAB. LABUHANBATU UTARA,12.23,Kualuh Hulu,12.23.01,Aek Kanopan Timur,12.23.01.1002
SUMATERA UTARA,12,KAB. LABUHANBATU UTARA,12.23,Kualuh Hulu,12.23.01,Kuala Beringin,12.23.01.2003
SUMATERA UTARA,12,KAB. LABUHANBATU UTARA,12.23,Kualuh Hulu,12.23.01,Parpaudangan,12.23.01.2004
SUMATERA UTARA,12,KAB. LABUHANBATU UTARA,12.23,Kualuh Hulu,12.23.01,Pulo Dogom,12.23.01.2005
SUMATERA UTARA,12,KAB. LABUHANBATU UTARA,12.23,Kualuh Hulu,12.23.01,Londut,12.23.01.2006
SUMATERA UTARA,12,KAB. LABUHANBATU UTARA,12.23,Kualuh Hulu,12.23.01,Perkebunan Kanopan Ulu,12.23.01.2007
SUMATERA UTARA,12,KAB. LABUHANBATU UTARA,12.23,Kualuh Hulu,12.23.01,Perkebunan Membang Muda,12.23.01.2008
SUMATERA UTARA,12,KAB. LABUHANBATU UTARA,12.23,Kualuh Hulu,12.23.01,Perkebunan Labuhan Haji,12.23.01.2009
SUMATERA UTARA,12,KAB. LABUHANBATU UTARA,12.23,Kualuh Hulu,12.23.01,Perkebunan Hanna,12.23.01.2010
SUMATERA UTARA,12,KAB. LABUHANBATU UTARA,12.23,Kualuh Hulu,12.23.01,Sonomartani,12.23.01.2011
SUMATERA UTARA,12,KAB. LABUHANBATU UTARA,12.23,Kualuh Hulu,12.23.01,Sukarame,12.23.01.2012
SUMATERA UTARA,12,KAB. LABUHANBATU UTARA,12.23,Kualuh Hulu,12.23.01,Sukarame Baru,12.23.01.2013
SUMATERA UTARA,12,KAB. LABUHANBATU UTARA,12.23,Kualuh Leidong,12.23.02,Tanjung Leidong,12.23.02.1001
SUMATERA UTARA,12,KAB. LABUHANBATU UTARA,12.23,Kualuh Leidong,12.23.02,Teluk Pulai Dalam,12.23.02.2002
SUMATERA UTARA,12,KAB. LABUHANBATU UTARA,12.23,Kualuh Leidong,12.23.02,Teluk Pulai Luar,12.23.02.2003
SUMATERA UTARA,12,KAB. LABUHANBATU UTARA,12.23,Kualuh Leidong,12.23.02,Kelapa Sebatang,12.23.02.2004
SUMATERA UTARA,12,KAB. LABUHANBATU UTARA,12.23,Kualuh Leidong,12.23.02,Simandulang,12.23.02.2005
SUMATERA UTARA,12,KAB. LABUHANBATU UTARA,12.23,Kualuh Leidong,12.23.02,Air Hitam,12.23.02.2006
SUMATERA UTARA,12,KAB. LABUHANBATU UTARA,12.23,Kualuh Leidong,12.23.02,Pangkalan Lunang,12.23.02.2007
SUMATERA UTARA,12,KAB. LABUHANBATU UTARA,12.23,Kualuh Hilir,12.23.03,Kampung Mesjid,12.23.03.1001
SUMATERA UTARA,12,KAB. LABUHANBATU UTARA,12.23,Kualuh Hilir,12.23.03,Kuala Bangka,12.23.03.2002
SUMATERA UTARA,12,KAB. LABUHANBATU UTARA,12.23,Kualuh Hilir,12.23.03,Sei Sentang,12.23.03.2003
SUMATERA UTARA,12,KAB. LABUHANBATU UTARA,12.23,Kualuh Hilir,12.23.03,Teluk Piai,12.23.03.2004
SUMATERA UTARA,12,KAB. LABUHANBATU UTARA,12.23,Kualuh Hilir,12.23.03,Tanjung Mangedar,12.23.03.2005
SUMATERA UTARA,12,KAB. LABUHANBATU UTARA,12.23,Kualuh Hilir,12.23.03,Teluk Binjai,12.23.03.2006
SUMATERA UTARA,12,KAB. LABUHANBATU UTARA,12.23,Kualuh Hilir,12.23.03,Sei Apung,12.23.03.2007
SUMATERA UTARA,12,KAB. LABUHANBATU UTARA,12.23,Aek Kuo,12.23.04,Aek Korsik,12.23.04.2001
SUMATERA UTARA,12,KAB. LABUHANBATU UTARA,12.23,Aek Kuo,12.23.04,Bandar Selamat,12.23.04.2002
SUMATERA UTARA,12,KAB. LABUHANBATU UTARA,12.23,Aek Kuo,12.23.04,Perk. Padang Halaban,12.23.04.2003
SUMATERA UTARA,12,KAB. LABUHANBATU UTARA,12.23,Aek Kuo,12.23.04,Perkebunan Panigoran,12.23.04.2004
SUMATERA UTARA,12,KAB. LABUHANBATU UTARA,12.23,Aek Kuo,12.23.04,Sidomulyo,12.23.04.2005
SUMATERA UTARA,12,KAB. LABUHANBATU UTARA,12.23,Aek Kuo,12.23.04,Karang Anyar,12.23.04.2006
SUMATERA UTARA,12,KAB. LABUHANBATU UTARA,12.23,Aek Kuo,12.23.04,Padang Maninjau,12.23.04.2007
SUMATERA UTARA,12,KAB. LABUHANBATU UTARA,12.23,Aek Kuo,12.23.04,Purworejo,12.23.04.2008
SUMATERA UTARA,12,KAB. LABUHANBATU UTARA,12.23,Marbau,12.23.05,Marbau,12.23.05.1001
SUMATERA UTARA,12,KAB. LABUHANBATU UTARA,12.23,Marbau,12.23.05,Perkebunan Pernantian,12.23.05.2002
SUMATERA UTARA,12,KAB. LABUHANBATU UTARA,12.23,Marbau,12.23.05,Perk. Marbau Selatan,12.23.05.2003
SUMATERA UTARA,12,KAB. LABUHANBATU UTARA,12.23,Marbau,12.23.05,Perkebunan Milano,12.23.05.2004
SUMATERA UTARA,12,KAB. LABUHANBATU UTARA,12.23,Marbau,12.23.05,Perkebunan Brussel,12.23.05.2005
SUMATERA UTARA,12,KAB. LABUHANBATU UTARA,12.23,Marbau,12.23.05,Pulo Bargot,12.23.05.2006
SUMATERA UTARA,12,KAB. LABUHANBATU UTARA,12.23,Marbau,12.23.05,Sipare Pare Tengah,12.23.05.2007
SUMATERA UTARA,12,KAB. LABUHANBATU UTARA,12.23,Marbau,12.23.05,Sipare Pare Hilir,12.23.05.2008
SUMATERA UTARA,12,KAB. LABUHANBATU UTARA,12.23,Marbau,12.23.05,Tubiran,12.23.05.2009
SUMATERA UTARA,12,KAB. LABUHANBATU UTARA,12.23,Marbau,12.23.05,Belongkut,12.23.05.2010
SUMATERA UTARA,12,KAB. LABUHANBATU UTARA,12.23,Marbau,12.23.05,Simpang Empat,12.23.05.2011
SUMATERA UTARA,12,KAB. LABUHANBATU UTARA,12.23,Marbau,12.23.05,Babussalam,12.23.05.2012
SUMATERA UTARA,12,KAB. LABUHANBATU UTARA,12.23,Marbau,12.23.05,Marbau Selatan,12.23.05.2013
SUMATERA UTARA,12,KAB. LABUHANBATU UTARA,12.23,Marbau,12.23.05,Aek Tapa,12.23.05.2014
SUMATERA UTARA,12,KAB. LABUHANBATU UTARA,12.23,Marbau,12.23.05,Lobu Rampah,12.23.05.2015
SUMATERA UTARA,12,KAB. LABUHANBATU UTARA,12.23,Marbau,12.23.05,Bulungihit,12.23.05.2016
SUMATERA UTARA,12,KAB. LABUHANBATU UTARA,12.23,Marbau,12.23.05,Aek Hitetoras,12.23.05.2017
SUMATERA UTARA,12,KAB. LABUHANBATU UTARA,12.23,Marbau,12.23.05,Sumber Mulyo,12.23.05.2018
SUMATERA UTARA,12,KAB. LABUHANBATU UTARA,12.23,Na IX - X,12.23.06,Aek Kota Batu,12.23.06.1001
SUMATERA UTARA,12,KAB. LABUHANBATU UTARA,12.23,Na IX - X,12.23.06,Pematang,12.23.06.2002
SUMATERA UTARA,12,KAB. LABUHANBATU UTARA,12.23,Na IX - X,12.23.06,Batu Tunggal,12.23.06.2003
SUMATERA UTARA,12,KAB. LABUHANBATU UTARA,12.23,Na IX - X,12.23.06,Sungai Raja,12.23.06.2004
SUMATERA UTARA,12,KAB. LABUHANBATU UTARA,12.23,Na IX - X,12.23.06,Perkebunan Berangir,12.23.06.2005
SUMATERA UTARA,12,KAB. LABUHANBATU UTARA,12.23,Na IX - X,12.23.06,Silumajang,12.23.06.2006
SUMATERA UTARA,12,KAB. LABUHANBATU UTARA,12.23,Na IX - X,12.23.06,Pulo Jantan,12.23.06.2007
SUMATERA UTARA,12,KAB. LABUHANBATU UTARA,12.23,Na IX - X,12.23.06,Kampung Pajak,12.23.06.2008
SUMATERA UTARA,12,KAB. LABUHANBATU UTARA,12.23,Na IX - X,12.23.06,Meranti Omas,12.23.06.2009
SUMATERA UTARA,12,KAB. LABUHANBATU UTARA,12.23,Na IX - X,12.23.06,Hatapang,12.23.06.2010
SUMATERA UTARA,12,KAB. LABUHANBATU UTARA,12.23,Na IX - X,12.23.06,Pasang Lela,12.23.06.2011
SUMATERA UTARA,12,KAB. LABUHANBATU UTARA,12.23,Na IX - X,12.23.06,Simpang Marbau,12.23.06.2012
SUMATERA UTARA,12,KAB. LABUHANBATU UTARA,12.23,Na IX - X,12.23.06,Bangun Rejo,12.23.06.2013
SUMATERA UTARA,12,KAB. LABUHANBATU UTARA,12.23,Aek Natas,12.23.07,Bandar Durian,12.23.07.1001
SUMATERA UTARA,12,KAB. LABUHANBATU UTARA,12.23,Aek Natas,12.23.07,Poldung,12.23.07.2002
SUMATERA UTARA,12,KAB. LABUHANBATU UTARA,12.23,Aek Natas,12.23.07,Rombisan,12.23.07.2003
SUMATERA UTARA,12,KAB. LABUHANBATU UTARA,12.23,Aek Natas,12.23.07,Sibito,12.23.07.2004
SUMATERA UTARA,12,KAB. LABUHANBATU UTARA,12.23,Aek Natas,12.23.07,Simonis,12.23.07.2005
SUMATERA UTARA,12,KAB. LABUHANBATU UTARA,12.23,Aek Natas,12.23.07,Perk. Aek Pamienke,12.23.07.2006
SUMATERA UTARA,12,KAB. LABUHANBATU UTARA,12.23,Aek Natas,12.23.07,Pangkalan,12.23.07.2007
SUMATERA UTARA,12,KAB. LABUHANBATU UTARA,12.23,Aek Natas,12.23.07,Adian Torop,12.23.07.2008
SUMATERA UTARA,12,KAB. LABUHANBATU UTARA,12.23,Aek Natas,12.23.07,Ujung Padang,12.23.07.2009
SUMATERA UTARA,12,KAB. LABUHANBATU UTARA,12.23,Aek Natas,12.23.07,Kampung Yaman,12.23.07.2010
SUMATERA UTARA,12,KAB. LABUHANBATU UTARA,12.23,Aek Natas,12.23.07,Terang Bulan,12.23.07.2011
SUMATERA UTARA,12,KAB. LABUHANBATU UTARA,12.23,Aek Natas,12.23.07,Perkebunan Halimbe,12.23.07.2012
SUMATERA UTARA,12,KAB. LABUHANBATU UTARA,12.23,Kualuh Selatan,12.23.08,Gunting Saga,12.23.08.1001
SUMATERA UTARA,12,KAB. LABUHANBATU UTARA,12.23,Kualuh Selatan,12.23.08,Damuli Pekan,12.23.08.2002
SUMATERA UTARA,12,KAB. LABUHANBATU UTARA,12.23,Kualuh Selatan,12.23.08,Siamporik,12.23.08.2003
SUMATERA UTARA,12,KAB. LABUHANBATU UTARA,12.23,Kualuh Selatan,12.23.08,Lobu Huala,12.23.08.2004
SUMATERA UTARA,12,KAB. LABUHANBATU UTARA,12.23,Kualuh Selatan,12.23.08,Gunung Melayu,12.23.08.2005
SUMATERA UTARA,12,KAB. LABUHANBATU UTARA,12.23,Kualuh Selatan,12.23.08,Damuli Kebun,12.23.08.2006
SUMATERA UTARA,12,KAB. LABUHANBATU UTARA,12.23,Kualuh Selatan,12.23.08,Hasang,12.23.08.2007
SUMATERA UTARA,12,KAB. LABUHANBATU UTARA,12.23,Kualuh Selatan,12.23.08,Bandar Lama,12.23.08.2008
SUMATERA UTARA,12,KAB. LABUHANBATU UTARA,12.23,Kualuh Selatan,12.23.08,Sidua Dua,12.23.08.2009
SUMATERA UTARA,12,KAB. LABUHANBATU UTARA,12.23,Kualuh Selatan,12.23.08,Simangalam,12.23.08.2010
SUMATERA UTARA,12,KAB. LABUHANBATU UTARA,12.23,Kualuh Selatan,12.23.08,Tanjung Pasir,12.23.08.2011
SUMATERA UTARA,12,KAB. LABUHANBATU UTARA,12.23,Kualuh Selatan,12.23.08,Sialang Taji,12.23.08.2012
SUMATERA UTARA,12,KAB. NIAS UTARA,12.24,Lotu,12.24.01,Hilidundra,12.24.01.2001
SUMATERA UTARA,12,KAB. NIAS UTARA,12.24,Lotu,12.24.01,Lawira Satua,12.24.01.2002
SUMATERA UTARA,12,KAB. NIAS UTARA,12.24,Lotu,12.24.01,Fadoro Fulolo,12.24.01.2003
SUMATERA UTARA,12,KAB. NIAS UTARA,12.24,Lotu,12.24.01,Lawira I,12.24.01.2004
SUMATERA UTARA,12,KAB. NIAS UTARA,12.24,Lotu,12.24.01,Hiligodu,12.24.01.2005
SUMATERA UTARA,12,KAB. NIAS UTARA,12.24,Lotu,12.24.01,Lombuza'ua,12.24.01.2006
SUMATERA UTARA,12,KAB. NIAS UTARA,12.24,Lotu,12.24.01,Maziaya,12.24.01.2007
SUMATERA UTARA,12,KAB. NIAS UTARA,12.24,Lotu,12.24.01,Baho,12.24.01.2008
SUMATERA UTARA,12,KAB. NIAS UTARA,12.24,Lotu,12.24.01,Lolofaoso,12.24.01.2009
SUMATERA UTARA,12,KAB. NIAS UTARA,12.24,Lotu,12.24.01,Lawira II,12.24.01.2010
SUMATERA UTARA,12,KAB. NIAS UTARA,12.24,Lotu,12.24.01,Dahadano,12.24.01.2011
SUMATERA UTARA,12,KAB. NIAS UTARA,12.24,Lotu,12.24.01,Lolomboli,12.24.01.2012
SUMATERA UTARA,12,KAB. NIAS UTARA,12.24,Lotu,12.24.01,Hiligeo Afia,12.24.01.2013
SUMATERA UTARA,12,KAB. NIAS UTARA,12.24,Sawo,12.24.02,Seriwa'u,12.24.02.2001
SUMATERA UTARA,12,KAB. NIAS UTARA,12.24,Sawo,12.24.02,Ombolata Sawo,12.24.02.2002
SUMATERA UTARA,12,KAB. NIAS UTARA,12.24,Sawo,12.24.02,Sanawuyu,12.24.02.2003
SUMATERA UTARA,12,KAB. NIAS UTARA,12.24,Sawo,12.24.02,Onozitoli Sawo,12.24.02.2004
SUMATERA UTARA,12,KAB. NIAS UTARA,12.24,Sawo,12.24.02,Sifahandro,12.24.02.2005
SUMATERA UTARA,12,KAB. NIAS UTARA,12.24,Sawo,12.24.02,Sisarahili Teluk Siabang,12.24.02.2006
SUMATERA UTARA,12,KAB. NIAS UTARA,12.24,Sawo,12.24.02,Lasara Sawo,12.24.02.2007
SUMATERA UTARA,12,KAB. NIAS UTARA,12.24,Sawo,12.24.02,Sawo,12.24.02.2008
SUMATERA UTARA,12,KAB. NIAS UTARA,12.24,Sawo,12.24.02,Hiliduruwa,12.24.02.2009
SUMATERA UTARA,12,KAB. NIAS UTARA,12.24,Sawo,12.24.02,Teluk Bengkuang,12.24.02.2010
SUMATERA UTARA,12,KAB. NIAS UTARA,12.24,Tuhemberua,12.24.03,Botolakha,12.24.03.2001
SUMATERA UTARA,12,KAB. NIAS UTARA,12.24,Tuhemberua,12.24.03,Siofa Banua,12.24.03.2002
SUMATERA UTARA,12,KAB. NIAS UTARA,12.24,Tuhemberua,12.24.03,La'aya,12.24.03.2003
SUMATERA UTARA,12,KAB. NIAS UTARA,12.24,Tuhemberua,12.24.03,Alo'oa,12.24.03.2004
SUMATERA UTARA,12,KAB. NIAS UTARA,12.24,Tuhemberua,12.24.03,Ladara,12.24.03.2005
SUMATERA UTARA,12,KAB. NIAS UTARA,12.24,Tuhemberua,12.24.03,Banua Gea,12.24.03.2006
SUMATERA UTARA,12,KAB. NIAS UTARA,12.24,Tuhemberua,12.24.03,Silima Banua,12.24.03.2007
SUMATERA UTARA,12,KAB. NIAS UTARA,12.24,Tuhemberua,12.24.03,Fino,12.24.03.2008
SUMATERA UTARA,12,KAB. NIAS UTARA,12.24,Sitolu Ori,12.24.04,Tetehosi Maziaya,12.24.04.2001
SUMATERA UTARA,12,KAB. NIAS UTARA,12.24,Sitolu Ori,12.24.04,Umbubalodano,12.24.04.2002
SUMATERA UTARA,12,KAB. NIAS UTARA,12.24,Sitolu Ori,12.24.04,Hilimbosi,12.24.04.2003
SUMATERA UTARA,12,KAB. NIAS UTARA,12.24,Sitolu Ori,12.24.04,Hilisalo'o,12.24.04.2004
SUMATERA UTARA,12,KAB. NIAS UTARA,12.24,Sitolu Ori,12.24.04,Fulolo Salo'o,12.24.04.2005
SUMATERA UTARA,12,KAB. NIAS UTARA,12.24,Sitolu Ori,12.24.04,Botombawo,12.24.04.2006
SUMATERA UTARA,12,KAB. NIAS UTARA,12.24,Namohalu Esiwa,12.24.05,Berua,12.24.05.2001
SUMATERA UTARA,12,KAB. NIAS UTARA,12.24,Namohalu Esiwa,12.24.05,Esiwa,12.24.05.2002
SUMATERA UTARA,12,KAB. NIAS UTARA,12.24,Namohalu Esiwa,12.24.05,Dahana Hiligodu,12.24.05.2003
SUMATERA UTARA,12,KAB. NIAS UTARA,12.24,Namohalu Esiwa,12.24.05,Hilibanua,12.24.05.2004
SUMATERA UTARA,12,KAB. NIAS UTARA,12.24,Namohalu Esiwa,12.24.05,Sisarahili,12.24.05.2005
SUMATERA UTARA,12,KAB. NIAS UTARA,12.24,Namohalu Esiwa,12.24.05,Sisobahili,12.24.05.2006
SUMATERA UTARA,12,KAB. NIAS UTARA,12.24,Namohalu Esiwa,12.24.05,Lasara,12.24.05.2007
SUMATERA UTARA,12,KAB. NIAS UTARA,12.24,Namohalu Esiwa,12.24.05,Namohalu,12.24.05.2008
SUMATERA UTARA,12,KAB. NIAS UTARA,12.24,Namohalu Esiwa,12.24.05,Tuhenakhe I,12.24.05.2009
SUMATERA UTARA,12,KAB. NIAS UTARA,12.24,Namohalu Esiwa,12.24.05,Orahili,12.24.05.2010
SUMATERA UTARA,12,KAB. NIAS UTARA,12.24,Namohalu Esiwa,12.24.05,Banua Sibohou,12.24.05.2011
SUMATERA UTARA,12,KAB. NIAS UTARA,12.24,Alasa Talumuzoi,12.24.06,Banua Sibohou III,12.24.06.2001
SUMATERA UTARA,12,KAB. NIAS UTARA,12.24,Alasa Talumuzoi,12.24.06,Harefanaese,12.24.06.2002
SUMATERA UTARA,12,KAB. NIAS UTARA,12.24,Alasa Talumuzoi,12.24.06,Hilimbowo Kare,12.24.06.2003
SUMATERA UTARA,12,KAB. NIAS UTARA,12.24,Alasa Talumuzoi,12.24.06,Laehuwa,12.24.06.2004
SUMATERA UTARA,12,KAB. NIAS UTARA,12.24,Alasa Talumuzoi,12.24.06,Mazingo,12.24.06.2005
SUMATERA UTARA,12,KAB. NIAS UTARA,12.24,Alasa Talumuzoi,12.24.06,Hilina'a,12.24.06.2006
SUMATERA UTARA,12,KAB. NIAS UTARA,12.24,Alasa,12.24.07,Bitaya,12.24.07.2001
SUMATERA UTARA,12,KAB. NIAS UTARA,12.24,Alasa,12.24.07,Lahemboho,12.24.07.2002
SUMATERA UTARA,12,KAB. NIAS UTARA,12.24,Alasa,12.24.07,Anaoma,12.24.07.2003
SUMATERA UTARA,12,KAB. NIAS UTARA,12.24,Alasa,12.24.07,Dahana Tugala Oyo,12.24.07.2004
SUMATERA UTARA,12,KAB. NIAS UTARA,12.24,Alasa,12.24.07,Fulolo,12.24.07.2005
SUMATERA UTARA,12,KAB. NIAS UTARA,12.24,Alasa,12.24.07,Hiligawoni,12.24.07.2006
SUMATERA UTARA,12,KAB. NIAS UTARA,12.24,Alasa,12.24.07,Ononamolo Tumula,12.24.07.2007
SUMATERA UTARA,12,KAB. NIAS UTARA,12.24,Alasa,12.24.07,Banua Sibohou I,12.24.07.2008
SUMATERA UTARA,12,KAB. NIAS UTARA,12.24,Alasa,12.24.07,Ombolata,12.24.07.2009
SUMATERA UTARA,12,KAB. NIAS UTARA,12.24,Alasa,12.24.07,Banua Sibohou II,12.24.07.2010
SUMATERA UTARA,12,KAB. NIAS UTARA,12.24,Alasa,12.24.07,Dahana Alasa,12.24.07.2011
SUMATERA UTARA,12,KAB. NIAS UTARA,12.24,Alasa,12.24.07,Ononamolo Alasa,12.24.07.2012
SUMATERA UTARA,12,KAB. NIAS UTARA,12.24,Alasa,12.24.07,Loloana'a,12.24.07.2013
SUMATERA UTARA,12,KAB. NIAS UTARA,12.24,Alasa,12.24.07,Hilisebua Siwalubanua,12.24.07.2014
SUMATERA UTARA,12,KAB. NIAS UTARA,12.24,Tugala Oyo,12.24.08,Te'olo,12.24.08.2001
SUMATERA UTARA,12,KAB. NIAS UTARA,12.24,Tugala Oyo,12.24.08,Siwawo,12.24.08.2002
SUMATERA UTARA,12,KAB. NIAS UTARA,12.24,Tugala Oyo,12.24.08,Fabaliwa Oyo,12.24.08.2003
SUMATERA UTARA,12,KAB. NIAS UTARA,12.24,Tugala Oyo,12.24.08,Ononazara,12.24.08.2004
SUMATERA UTARA,12,KAB. NIAS UTARA,12.24,Tugala Oyo,12.24.08,Humene Siheneasi,12.24.08.2005
SUMATERA UTARA,12,KAB. NIAS UTARA,12.24,Tugala Oyo,12.24.08,Gunung Tua,12.24.08.2006
SUMATERA UTARA,12,KAB. NIAS UTARA,12.24,Tugala Oyo,12.24.08,Botona'ai,12.24.08.2007
SUMATERA UTARA,12,KAB. NIAS UTARA,12.24,Tugala Oyo,12.24.08,Harefa,12.24.08.2008
SUMATERA UTARA,12,KAB. NIAS UTARA,12.24,Afulu,12.24.09,Afulu,12.24.09.2001
SUMATERA UTARA,12,KAB. NIAS UTARA,12.24,Afulu,12.24.09,Lauru Fadoro,12.24.09.2002
SUMATERA UTARA,12,KAB. NIAS UTARA,12.24,Afulu,12.24.09,Lauru I,12.24.09.2003
SUMATERA UTARA,12,KAB. NIAS UTARA,12.24,Afulu,12.24.09,Ombolata Afulu,12.24.09.2004
SUMATERA UTARA,12,KAB. NIAS UTARA,12.24,Afulu,12.24.09,Harewakhe,12.24.09.2005
SUMATERA UTARA,12,KAB. NIAS UTARA,12.24,Afulu,12.24.09,Sisobahili,12.24.09.2006
SUMATERA UTARA,12,KAB. NIAS UTARA,12.24,Afulu,12.24.09,Lauru Lahewa,12.24.09.2007
SUMATERA UTARA,12,KAB. NIAS UTARA,12.24,Afulu,12.24.09,Sifaoro'asi,12.24.09.2008
SUMATERA UTARA,12,KAB. NIAS UTARA,12.24,Afulu,12.24.09,Faekhuna'a,12.24.09.2009
SUMATERA UTARA,12,KAB. NIAS UTARA,12.24,Lahewa,12.24.10,Pasar Lahewa,12.24.10.1001
SUMATERA UTARA,12,KAB. NIAS UTARA,12.24,Lahewa,12.24.10,Iraono Lase,12.24.10.2002
SUMATERA UTARA,12,KAB. NIAS UTARA,12.24,Lahewa,12.24.10,Holi,12.24.10.2003
SUMATERA UTARA,12,KAB. NIAS UTARA,12.24,Lahewa,12.24.10,Sifaoro'asi,12.24.10.2004
SUMATERA UTARA,12,KAB. NIAS UTARA,12.24,Lahewa,12.24.10,Hilizukhu,12.24.10.2005
SUMATERA UTARA,12,KAB. NIAS UTARA,12.24,Lahewa,12.24.10,Onozalukhu,12.24.10.2006
SUMATERA UTARA,12,KAB. NIAS UTARA,12.24,Lahewa,12.24.10,Hilina'a,12.24.10.2007
SUMATERA UTARA,12,KAB. NIAS UTARA,12.24,Lahewa,12.24.10,Hiligodu Hoya,12.24.10.2008
SUMATERA UTARA,12,KAB. NIAS UTARA,12.24,Lahewa,12.24.10,Sitolubanua,12.24.10.2009
SUMATERA UTARA,12,KAB. NIAS UTARA,12.24,Lahewa,12.24.10,Hilihati,12.24.10.2010
SUMATERA UTARA,12,KAB. NIAS UTARA,12.24,Lahewa,12.24.10,Fadoro Sitolu Hili,12.24.10.2011
SUMATERA UTARA,12,KAB. NIAS UTARA,12.24,Lahewa,12.24.10,Marafala,12.24.10.2012
SUMATERA UTARA,12,KAB. NIAS UTARA,12.24,Lahewa,12.24.10,Hiligawolo,12.24.10.2013
SUMATERA UTARA,12,KAB. NIAS UTARA,12.24,Lahewa,12.24.10,Balefadoro Tuho,12.24.10.2014
SUMATERA UTARA,12,KAB. NIAS UTARA,12.24,Lahewa,12.24.10,Ombolata,12.24.10.2015
SUMATERA UTARA,12,KAB. NIAS UTARA,12.24,Lahewa,12.24.10,Afia,12.24.10.2016
SUMATERA UTARA,12,KAB. NIAS UTARA,12.24,Lahewa,12.24.10,Moawo,12.24.10.2017
SUMATERA UTARA,12,KAB. NIAS UTARA,12.24,Lahewa,12.24.10,Lasara,12.24.10.2018
SUMATERA UTARA,12,KAB. NIAS UTARA,12.24,Lahewa,12.24.10,Sihene'asi,12.24.10.2019
SUMATERA UTARA,12,KAB. NIAS UTARA,12.24,Lahewa,12.24.10,Fadoro Hilimbowo,12.24.10.2020
SUMATERA UTARA,12,KAB. NIAS UTARA,12.24,Lahewa,12.24.10,Fadoro Hilihambawa,12.24.10.2021
SUMATERA UTARA,12,KAB. NIAS UTARA,12.24,Lahewa Timur,12.24.11,Laowowaga,12.24.11.2001
SUMATERA UTARA,12,KAB. NIAS UTARA,12.24,Lahewa Timur,12.24.11,Lukhu Lase,12.24.11.2002
SUMATERA UTARA,12,KAB. NIAS UTARA,12.24,Lahewa Timur,12.24.11,Tetehosi Sorowi,12.24.11.2003
SUMATERA UTARA,12,KAB. NIAS UTARA,12.24,Lahewa Timur,12.24.11,Tefa'o,12.24.11.2004
SUMATERA UTARA,12,KAB. NIAS UTARA,12.24,Lahewa Timur,12.24.11,Tugala Lauru,12.24.11.2005
SUMATERA UTARA,12,KAB. NIAS UTARA,12.24,Lahewa Timur,12.24.11,Muzoi,12.24.11.2006
SUMATERA UTARA,12,KAB. NIAS UTARA,12.24,Lahewa Timur,12.24.11,Meafu,12.24.11.2007
SUMATERA UTARA,12,KAB. NIAS BARAT,12.25,Lahomi,12.25.01,Sisobaoho,12.25.01.2001
SUMATERA UTARA,12,KAB. NIAS BARAT,12.25,Lahomi,12.25.01,Bawozamaiwo,12.25.01.2002
SUMATERA UTARA,12,KAB. NIAS BARAT,12.25,Lahomi,12.25.01,Sitolubanua,12.25.01.2003
SUMATERA UTARA,12,KAB. NIAS BARAT,12.25,Lahomi,12.25.01,Lologundre,12.25.01.2004
SUMATERA UTARA,12,KAB. NIAS BARAT,12.25,Lahomi,12.25.01,Iraonogaila,12.25.01.2005
SUMATERA UTARA,12,KAB. NIAS BARAT,12.25,Lahomi,12.25.01,Tigaserangkai,12.25.01.2006
SUMATERA UTARA,12,KAB. NIAS BARAT,12.25,Lahomi,12.25.01,Onowaembo,12.25.01.2007
SUMATERA UTARA,12,KAB. NIAS BARAT,12.25,Lahomi,12.25.01,Onolimbu,12.25.01.2008
SUMATERA UTARA,12,KAB. NIAS BARAT,12.25,Lahomi,12.25.01,Haliadulo,12.25.01.2009
SUMATERA UTARA,12,KAB. NIAS BARAT,12.25,Lahomi,12.25.01,Sisobambowo,12.25.01.2010
SUMATERA UTARA,12,KAB. NIAS BARAT,12.25,Lahomi,12.25.01,Lolowau,12.25.01.2011
SUMATERA UTARA,12,KAB. NIAS BARAT,12.25,Sirombu,12.25.02,Bawosaloo,12.25.02.2001
SUMATERA UTARA,12,KAB. NIAS BARAT,12.25,Sirombu,12.25.02,Imana,12.25.02.2002
SUMATERA UTARA,12,KAB. NIAS BARAT,12.25,Sirombu,12.25.02,Tuwa Tuwa,12.25.02.2003
SUMATERA UTARA,12,KAB. NIAS BARAT,12.25,Sirombu,12.25.02,Kafo Kafo,12.25.02.2004
SUMATERA UTARA,12,KAB. NIAS BARAT,12.25,Sirombu,12.25.02,Bawasawa,12.25.02.2005
SUMATERA UTARA,12,KAB. NIAS BARAT,12.25,Sirombu,12.25.02,Pulau Bogi,12.25.02.2006
SUMATERA UTARA,12,KAB. NIAS BARAT,12.25,Sirombu,12.25.02,Halamona,12.25.02.2007
SUMATERA UTARA,12,KAB. NIAS BARAT,12.25,Sirombu,12.25.02,Hanofa,12.25.02.2008
SUMATERA UTARA,12,KAB. NIAS BARAT,12.25,Sirombu,12.25.02,Lahawa,12.25.02.2009
SUMATERA UTARA,12,KAB. NIAS BARAT,12.25,Sirombu,12.25.02,Hinako,12.25.02.2010
SUMATERA UTARA,12,KAB. NIAS BARAT,12.25,Sirombu,12.25.02,Sineneeto,12.25.02.2011
SUMATERA UTARA,12,KAB. NIAS BARAT,12.25,Sirombu,12.25.02,Balowondrate,12.25.02.2012
SUMATERA UTARA,12,KAB. NIAS BARAT,12.25,Sirombu,12.25.02,Hilimberuanaa,12.25.02.2013
SUMATERA UTARA,12,KAB. NIAS BARAT,12.25,Sirombu,12.25.02,Lahusa,12.25.02.2014
SUMATERA UTARA,12,KAB. NIAS BARAT,12.25,Sirombu,12.25.02,Ombolata,12.25.02.2015
SUMATERA UTARA,12,KAB. NIAS BARAT,12.25,Sirombu,12.25.02,Tetehosi,12.25.02.2016
SUMATERA UTARA,12,KAB. NIAS BARAT,12.25,Sirombu,12.25.02,Togimbogi,12.25.02.2017
SUMATERA UTARA,12,KAB. NIAS BARAT,12.25,Sirombu,12.25.02,Sisobandrao,12.25.02.2018
SUMATERA UTARA,12,KAB. NIAS BARAT,12.25,Sirombu,12.25.02,Fadoro,12.25.02.2019
SUMATERA UTARA,12,KAB. NIAS BARAT,12.25,Sirombu,12.25.02,Tugala Gawu,12.25.02.2020
SUMATERA UTARA,12,KAB. NIAS BARAT,12.25,Sirombu,12.25.02,Sirombu,12.25.02.2021
SUMATERA UTARA,12,KAB. NIAS BARAT,12.25,Sirombu,12.25.02,Togideu,12.25.02.2022
SUMATERA UTARA,12,KAB. NIAS BARAT,12.25,Sirombu,12.25.02,Tugala,12.25.02.2023
SUMATERA UTARA,12,KAB. NIAS BARAT,12.25,Sirombu,12.25.02,Orahili,12.25.02.2024
SUMATERA UTARA,12,KAB. NIAS BARAT,12.25,Sirombu,12.25.02,Gunungcahaya,12.25.02.2025
SUMATERA UTARA,12,KAB. NIAS BARAT,12.25,Mandrehe Barat,12.25.03,Onolimbu Raya,12.25.03.2001
SUMATERA UTARA,12,KAB. NIAS BARAT,12.25,Mandrehe Barat,12.25.03,Ononamolo III,12.25.03.2002
SUMATERA UTARA,12,KAB. NIAS BARAT,12.25,Mandrehe Barat,12.25.03,Sisobaoho,12.25.03.2003
SUMATERA UTARA,12,KAB. NIAS BARAT,12.25,Mandrehe Barat,12.25.03,Iraonogeba,12.25.03.2004
SUMATERA UTARA,12,KAB. NIAS BARAT,12.25,Mandrehe Barat,12.25.03,Lolohia,12.25.03.2005
SUMATERA UTARA,12,KAB. NIAS BARAT,12.25,Mandrehe Barat,12.25.03,Fadorosifulubanua,12.25.03.2006
SUMATERA UTARA,12,KAB. NIAS BARAT,12.25,Mandrehe Barat,12.25.03,Hillidaura,12.25.03.2007
SUMATERA UTARA,12,KAB. NIAS BARAT,12.25,Mandrehe Barat,12.25.03,Sisarahili II,12.25.03.2008
SUMATERA UTARA,12,KAB. NIAS BARAT,12.25,Mandrehe Barat,12.25.03,Lasara Bagawu,12.25.03.2009
SUMATERA UTARA,12,KAB. NIAS BARAT,12.25,Mandrehe Barat,12.25.03,Sisobandrao,12.25.03.2010
SUMATERA UTARA,12,KAB. NIAS BARAT,12.25,Mandrehe Barat,12.25.03,Mazingo,12.25.03.2011
SUMATERA UTARA,12,KAB. NIAS BARAT,12.25,Mandrehe Barat,12.25.03,Onolimbu You,12.25.03.2012
SUMATERA UTARA,12,KAB. NIAS BARAT,12.25,Mandrehe Barat,12.25.03,Lasarafaga,12.25.03.2013
SUMATERA UTARA,12,KAB. NIAS BARAT,12.25,Mandrehe Barat,12.25.03,Orahili Badalu,12.25.03.2014
SUMATERA UTARA,12,KAB. NIAS BARAT,12.25,Moro'o,12.25.04,Hiliwaloo II,12.25.04.2001
SUMATERA UTARA,12,KAB. NIAS BARAT,12.25,Moro'o,12.25.04,Gunungbaru,12.25.04.2002
SUMATERA UTARA,12,KAB. NIAS BARAT,12.25,Moro'o,12.25.04,Hilisoromi,12.25.04.2003
SUMATERA UTARA,12,KAB. NIAS BARAT,12.25,Moro'o,12.25.04,Siduahili,12.25.04.2004
SUMATERA UTARA,12,KAB. NIAS BARAT,12.25,Moro'o,12.25.04,Sitolubanua Fadoro,12.25.04.2005
SUMATERA UTARA,12,KAB. NIAS BARAT,12.25,Moro'o,12.25.04,Halifadolo,12.25.04.2006
SUMATERA UTARA,12,KAB. NIAS BARAT,12.25,Moro'o,12.25.04,Lasara Bahili,12.25.04.2007
SUMATERA UTARA,12,KAB. NIAS BARAT,12.25,Moro'o,12.25.04,Hiliwaele,12.25.04.2008
SUMATERA UTARA,12,KAB. NIAS BARAT,12.25,Moro'o,12.25.04,Sitoluewali,12.25.04.2009
SUMATERA UTARA,12,KAB. NIAS BARAT,12.25,Moro'o,12.25.04,Onozalukhu You,12.25.04.2010
SUMATERA UTARA,12,KAB. NIAS BARAT,12.25,Mandrehe,12.25.05,Simaeasi,12.25.05.2001
SUMATERA UTARA,12,KAB. NIAS BARAT,12.25,Mandrehe,12.25.05,Lologolu,12.25.05.2002
SUMATERA UTARA,12,KAB. NIAS BARAT,12.25,Mandrehe,12.25.05,Tuwuna,12.25.05.2003
SUMATERA UTARA,12,KAB. NIAS BARAT,12.25,Mandrehe,12.25.05,Tuhemberua,12.25.05.2004
SUMATERA UTARA,12,KAB. NIAS BARAT,12.25,Mandrehe,12.25.05,Lolozirugi,12.25.05.2005
SUMATERA UTARA,12,KAB. NIAS BARAT,12.25,Mandrehe,12.25.05,Lakhene,12.25.05.2006
SUMATERA UTARA,12,KAB. NIAS BARAT,12.25,Mandrehe,12.25.05,Hiliwaloo I,12.25.05.2007
SUMATERA UTARA,12,KAB. NIAS BARAT,12.25,Mandrehe,12.25.05,Sianaa,12.25.05.2008
SUMATERA UTARA,12,KAB. NIAS BARAT,12.25,Mandrehe,12.25.05,Fadoro,12.25.05.2009
SUMATERA UTARA,12,KAB. NIAS BARAT,12.25,Mandrehe,12.25.05,Iraonogambo,12.25.05.2010
SUMATERA UTARA,12,KAB. NIAS BARAT,12.25,Mandrehe,12.25.05,Tuhoowo,12.25.05.2011
SUMATERA UTARA,12,KAB. NIAS BARAT,12.25,Mandrehe,12.25.05,Fadoro Bahili,12.25.05.2012
SUMATERA UTARA,12,KAB. NIAS BARAT,12.25,Mandrehe,12.25.05,Tumori,12.25.05.2013
SUMATERA UTARA,12,KAB. NIAS BARAT,12.25,Mandrehe,12.25.05,Lasara Baene,12.25.05.2014
SUMATERA UTARA,12,KAB. NIAS BARAT,12.25,Mandrehe,12.25.05,Tetehosi,12.25.05.2015
SUMATERA UTARA,12,KAB. NIAS BARAT,12.25,Mandrehe,12.25.05,Sisarahili I,12.25.05.2016
SUMATERA UTARA,12,KAB. NIAS BARAT,12.25,Mandrehe,12.25.05,Doli-Doli,12.25.05.2017
SUMATERA UTARA,12,KAB. NIAS BARAT,12.25,Mandrehe,12.25.05,Hayo,12.25.05.2018
SUMATERA UTARA,12,KAB. NIAS BARAT,12.25,Mandrehe,12.25.05,Zuzundrao,12.25.05.2019
SUMATERA UTARA,12,KAB. NIAS BARAT,12.25,Mandrehe,12.25.05,Sisobambowo,12.25.05.2020
SUMATERA UTARA,12,KAB. NIAS BARAT,12.25,Mandrehe Utara,12.25.06,Balodano,12.25.06.2001
SUMATERA UTARA,12,KAB. NIAS BARAT,12.25,Mandrehe Utara,12.25.06,Hiambanua,12.25.06.2002
SUMATERA UTARA,12,KAB. NIAS BARAT,12.25,Mandrehe Utara,12.25.06,Hilimayo,12.25.06.2003
SUMATERA UTARA,12,KAB. NIAS BARAT,12.25,Mandrehe Utara,12.25.06,Sihareo,12.25.06.2004
SUMATERA UTARA,12,KAB. NIAS BARAT,12.25,Mandrehe Utara,12.25.06,Lolomboli,12.25.06.2005
SUMATERA UTARA,12,KAB. NIAS BARAT,12.25,Mandrehe Utara,12.25.06,Ononamolo I,12.25.06.2006
SUMATERA UTARA,12,KAB. NIAS BARAT,12.25,Mandrehe Utara,12.25.06,Hilimbaruzo,12.25.06.2007
SUMATERA UTARA,12,KAB. NIAS BARAT,12.25,Mandrehe Utara,12.25.06,Tarahoso,12.25.06.2008
SUMATERA UTARA,12,KAB. NIAS BARAT,12.25,Mandrehe Utara,12.25.06,Ononamolo II,12.25.06.2009
SUMATERA UTARA,12,KAB. NIAS BARAT,12.25,Mandrehe Utara,12.25.06,Taraha,12.25.06.2010
SUMATERA UTARA,12,KAB. NIAS BARAT,12.25,Mandrehe Utara,12.25.06,Lahagu,12.25.06.2011
SUMATERA UTARA,12,KAB. NIAS BARAT,12.25,Mandrehe Utara,12.25.06,Hilimbowo,12.25.06.2012
SUMATERA UTARA,12,KAB. NIAS BARAT,12.25,Lolofitu Moi,12.25.07,Sisobawino II,12.25.07.2001
SUMATERA UTARA,12,KAB. NIAS BARAT,12.25,Lolofitu Moi,12.25.07,Duria,12.25.07.2002
SUMATERA UTARA,12,KAB. NIAS BARAT,12.25,Lolofitu Moi,12.25.07,Ambukha,12.25.07.2003
SUMATERA UTARA,12,KAB. NIAS BARAT,12.25,Lolofitu Moi,12.25.07,Hilimbowo Mau,12.25.07.2004
SUMATERA UTARA,12,KAB. NIAS BARAT,12.25,Lolofitu Moi,12.25.07,Hilimbuasi,12.25.07.2005
SUMATERA UTARA,12,KAB. NIAS BARAT,12.25,Lolofitu Moi,12.25.07,Lolofitu,12.25.07.2006
SUMATERA UTARA,12,KAB. NIAS BARAT,12.25,Lolofitu Moi,12.25.07,Hiliuso,12.25.07.2007
SUMATERA UTARA,12,KAB. NIAS BARAT,12.25,Lolofitu Moi,12.25.07,Wango,12.25.07.2008
SUMATERA UTARA,12,KAB. NIAS BARAT,12.25,Ulu Moro'o,12.25.08,Bukit Tinggi,12.25.08.2001
SUMATERA UTARA,12,KAB. NIAS BARAT,12.25,Ulu Moro'o,12.25.08,Lawelu,12.25.08.2002
SUMATERA UTARA,12,KAB. NIAS BARAT,12.25,Ulu Moro'o,12.25.08,Saloo,12.25.08.2003
SUMATERA UTARA,12,KAB. NIAS BARAT,12.25,Ulu Moro'o,12.25.08,Hilisangawola,12.25.08.2004
SUMATERA UTARA,12,KAB. NIAS BARAT,12.25,Ulu Moro'o,12.25.08,Hilibadalu,12.25.08.2005
SUMATERA UTARA,12,KOTA MEDAN,12.71,Medan Kota,12.71.01,Pasar Baru,12.71.01.1001
SUMATERA UTARA,12,KOTA MEDAN,12.71,Medan Kota,12.71.01,Pusat Pasar,12.71.01.1002
SUMATERA UTARA,12,KOTA MEDAN,12.71,Medan Kota,12.71.01,Sei Rengas I,12.71.01.1003
SUMATERA UTARA,12,KOTA MEDAN,12.71,Medan Kota,12.71.01,Mesjid,12.71.01.1004
SUMATERA UTARA,12,KOTA MEDAN,12.71,Medan Kota,12.71.01,Pandau Hulu I,12.71.01.1005
SUMATERA UTARA,12,KOTA MEDAN,12.71,Medan Kota,12.71.01,Kotamatsum III,12.71.01.1006
SUMATERA UTARA,12,KOTA MEDAN,12.71,Medan Kota,12.71.01,Pasar Merah Barat,12.71.01.1007
SUMATERA UTARA,12,KOTA MEDAN,12.71,Medan Kota,12.71.01,Teladan Timur,12.71.01.1008
SUMATERA UTARA,12,KOTA MEDAN,12.71,Medan Kota,12.71.01,Teladan Barat,12.71.01.1009
SUMATERA UTARA,12,KOTA MEDAN,12.71,Medan Kota,12.71.01,Sudirejo 1,12.71.01.1010
SUMATERA UTARA,12,KOTA MEDAN,12.71,Medan Kota,12.71.01,Sudirejo II,12.71.01.1011
SUMATERA UTARA,12,KOTA MEDAN,12.71,Medan Kota,12.71.01,Sitirejo I,12.71.01.1012
SUMATERA UTARA,12,KOTA MEDAN,12.71,Medan Sunggal,12.71.02,Lalang,12.71.02.1001
SUMATERA UTARA,12,KOTA MEDAN,12.71,Medan Sunggal,12.71.02,Sei Sikambing B,12.71.02.1002
SUMATERA UTARA,12,KOTA MEDAN,12.71,Medan Sunggal,12.71.02,Sunggal,12.71.02.1003
SUMATERA UTARA,12,KOTA MEDAN,12.71,Medan Sunggal,12.71.02,Babura Sunggal,12.71.02.1004
SUMATERA UTARA,12,KOTA MEDAN,12.71,Medan Sunggal,12.71.02,Tanjung Rejo,12.71.02.1005
SUMATERA UTARA,12,KOTA MEDAN,12.71,Medan Sunggal,12.71.02,Simpang Tanjung,12.71.02.1006
SUMATERA UTARA,12,KOTA MEDAN,12.71,Medan Helvetia,12.71.03,Helvetia,12.71.03.1001
SUMATERA UTARA,12,KOTA MEDAN,12.71,Medan Helvetia,12.71.03,Helvetia Tengah,12.71.03.1002
SUMATERA UTARA,12,KOTA MEDAN,12.71,Medan Helvetia,12.71.03,Helvetia Timur,12.71.03.1003
SUMATERA UTARA,12,KOTA MEDAN,12.71,Medan Helvetia,12.71.03,Tanjung Gusta,12.71.03.1004
SUMATERA UTARA,12,KOTA MEDAN,12.71,Medan Helvetia,12.71.03,Cinta Damai,12.71.03.1005
SUMATERA UTARA,12,KOTA MEDAN,12.71,Medan Helvetia,12.71.03,Dwi Kora,12.71.03.1006
SUMATERA UTARA,12,KOTA MEDAN,12.71,Medan Helvetia,12.71.03,Sei Sikambing C II,12.71.03.1007
SUMATERA UTARA,12,KOTA MEDAN,12.71,Medan Denai,12.71.04,Tegal S Mandala I,12.71.04.1001
SUMATERA UTARA,12,KOTA MEDAN,12.71,Medan Denai,12.71.04,Tegal S Mandala II,12.71.04.1002
SUMATERA UTARA,12,KOTA MEDAN,12.71,Medan Denai,12.71.04,Tegal S Mandala III,12.71.04.1003
SUMATERA UTARA,12,KOTA MEDAN,12.71,Medan Denai,12.71.04,Denai,12.71.04.1004
SUMATERA UTARA,12,KOTA MEDAN,12.71,Medan Denai,12.71.04,Binjai,12.71.04.1005
SUMATERA UTARA,12,KOTA MEDAN,12.71,Medan Denai,12.71.04,Medan Tenggara,12.71.04.1006
SUMATERA UTARA,12,KOTA MEDAN,12.71,Medan Barat,12.71.05,Kesawan,12.71.05.1001
SUMATERA UTARA,12,KOTA MEDAN,12.71,Medan Barat,12.71.05,Silalas,12.71.05.1002
SUMATERA UTARA,12,KOTA MEDAN,12.71,Medan Barat,12.71.05,Glugur Kota,12.71.05.1003
SUMATERA UTARA,12,KOTA MEDAN,12.71,Medan Barat,12.71.05,Pulo Berayan Kota,12.71.05.1004
SUMATERA UTARA,12,KOTA MEDAN,12.71,Medan Barat,12.71.05,Sei Agul,12.71.05.1005
SUMATERA UTARA,12,KOTA MEDAN,12.71,Medan Barat,12.71.05,Karang Berombak,12.71.05.1006
SUMATERA UTARA,12,KOTA MEDAN,12.71,Medan Deli,12.71.06,Titipapan,12.71.06.1001
SUMATERA UTARA,12,KOTA MEDAN,12.71,Medan Deli,12.71.06,Tanjung Mulia Hilir,12.71.06.1002
SUMATERA UTARA,12,KOTA MEDAN,12.71,Medan Deli,12.71.06,Tanjung Mulya,12.71.06.1003
SUMATERA UTARA,12,KOTA MEDAN,12.71,Medan Deli,12.71.06,Kota Bangun,12.71.06.1004
SUMATERA UTARA,12,KOTA MEDAN,12.71,Medan Deli,12.71.06,Mabar,12.71.06.1005
SUMATERA UTARA,12,KOTA MEDAN,12.71,Medan Deli,12.71.06,Mabar Hilir,12.71.06.1006
SUMATERA UTARA,12,KOTA MEDAN,12.71,Medan Tuntungan,12.71.07,Tanjung Selamat,12.71.07.1001
SUMATERA UTARA,12,KOTA MEDAN,12.71,Medan Tuntungan,12.71.07,Simpang Selayang,12.71.07.1002
SUMATERA UTARA,12,KOTA MEDAN,12.71,Medan Tuntungan,12.71.07,Namo Gajah,12.71.07.1003
SUMATERA UTARA,12,KOTA MEDAN,12.71,Medan Tuntungan,12.71.07,Kemenangan Tani,12.71.07.1004
SUMATERA UTARA,12,KOTA MEDAN,12.71,Medan Tuntungan,12.71.07,Laucih,12.71.07.1005
SUMATERA UTARA,12,KOTA MEDAN,12.71,Medan Tuntungan,12.71.07,Sidomulyo,12.71.07.1006
SUMATERA UTARA,12,KOTA MEDAN,12.71,Medan Tuntungan,12.71.07,Ladang Bambu,12.71.07.1007
SUMATERA UTARA,12,KOTA MEDAN,12.71,Medan Tuntungan,12.71.07,Simalingkar B,12.71.07.1008
SUMATERA UTARA,12,KOTA MEDAN,12.71,Medan Tuntungan,12.71.07,Mangga,12.71.07.1009
SUMATERA UTARA,12,KOTA MEDAN,12.71,Medan Belawan,12.71.08,Belawan I,12.71.08.1001
SUMATERA UTARA,12,KOTA MEDAN,12.71,Medan Belawan,12.71.08,Belawan II,12.71.08.1002
SUMATERA UTARA,12,KOTA MEDAN,12.71,Medan Belawan,12.71.08,Belawan Bahagia,12.71.08.1003
SUMATERA UTARA,12,KOTA MEDAN,12.71,Medan Belawan,12.71.08,Belawan Bahari,12.71.08.1004
SUMATERA UTARA,12,KOTA MEDAN,12.71,Medan Belawan,12.71.08,Belawan Sicanang,12.71.08.1005
SUMATERA UTARA,12,KOTA MEDAN,12.71,Medan Belawan,12.71.08,Bagan Deli,12.71.08.1006
SUMATERA UTARA,12,KOTA MEDAN,12.71,Medan Amplas,12.71.09,Amplas,12.71.09.1001
SUMATERA UTARA,12,KOTA MEDAN,12.71,Medan Amplas,12.71.09,Sitirejo II,12.71.09.1002
SUMATERA UTARA,12,KOTA MEDAN,12.71,Medan Amplas,12.71.09,Sitirejo III,12.71.09.1003
SUMATERA UTARA,12,KOTA MEDAN,12.71,Medan Amplas,12.71.09,Harjosari I,12.71.09.1004
SUMATERA UTARA,12,KOTA MEDAN,12.71,Medan Amplas,12.71.09,Harjosari II,12.71.09.1005
SUMATERA UTARA,12,KOTA MEDAN,12.71,Medan Amplas,12.71.09,Timbang Deli,12.71.09.1006
SUMATERA UTARA,12,KOTA MEDAN,12.71,Medan Amplas,12.71.09,Bangun Mulia,12.71.09.1007
SUMATERA UTARA,12,KOTA MEDAN,12.71,Medan Area,12.71.10,Sukaramai I,12.71.10.1001
SUMATERA UTARA,12,KOTA MEDAN,12.71,Medan Area,12.71.10,Sukaramai II,12.71.10.1002
SUMATERA UTARA,12,KOTA MEDAN,12.71,Medan Area,12.71.10,Sei Rengas II,12.71.10.1003
SUMATERA UTARA,12,KOTA MEDAN,12.71,Medan Area,12.71.10,S. Rengas Permata,12.71.10.1004
SUMATERA UTARA,12,KOTA MEDAN,12.71,Medan Area,12.71.10,Pandau Hulu II,12.71.10.1005
SUMATERA UTARA,12,KOTA MEDAN,12.71,Medan Area,12.71.10,Kota Matsum I,12.71.10.1006
SUMATERA UTARA,12,KOTA MEDAN,12.71,Medan Area,12.71.10,Kota Matsum II,12.71.10.1007
SUMATERA UTARA,12,KOTA MEDAN,12.71,Medan Area,12.71.10,Kota Matsum IV,12.71.10.1008
SUMATERA UTARA,12,KOTA MEDAN,12.71,Medan Area,12.71.10,Pasar Merah Timur,12.71.10.1009
SUMATERA UTARA,12,KOTA MEDAN,12.71,Medan Area,12.71.10,Tegal Sari I,12.71.10.1010
SUMATERA UTARA,12,KOTA MEDAN,12.71,Medan Area,12.71.10,Tegal Sari II,12.71.10.1011
SUMATERA UTARA,12,KOTA MEDAN,12.71,Medan Area,12.71.10,Tegal Sari III,12.71.10.1012
SUMATERA UTARA,12,KOTA MEDAN,12.71,Medan Johor,12.71.11,Suka Maju,12.71.11.1001
SUMATERA UTARA,12,KOTA MEDAN,12.71,Medan Johor,12.71.11,Titi Kuning,12.71.11.1002
SUMATERA UTARA,12,KOTA MEDAN,12.71,Medan Johor,12.71.11,Kedai Durian,12.71.11.1003
SUMATERA UTARA,12,KOTA MEDAN,12.71,Medan Johor,12.71.11,Pangkalan Mansur,12.71.11.1004
SUMATERA UTARA,12,KOTA MEDAN,12.71,Medan Johor,12.71.11,Gedung Johor,12.71.11.1005
SUMATERA UTARA,12,KOTA MEDAN,12.71,Medan Johor,12.71.11,Kwala Bekala,12.71.11.1006
SUMATERA UTARA,12,KOTA MEDAN,12.71,Medan Marelan,12.71.12,Labuhan Deli,12.71.12.1001
SUMATERA UTARA,12,KOTA MEDAN,12.71,Medan Marelan,12.71.12,Rengas Pulau,12.71.12.1002
SUMATERA UTARA,12,KOTA MEDAN,12.71,Medan Marelan,12.71.12,Terjun,12.71.12.1003
SUMATERA UTARA,12,KOTA MEDAN,12.71,Medan Marelan,12.71.12,Tanah Enam Ratus,12.71.12.1004
SUMATERA UTARA,12,KOTA MEDAN,12.71,Medan Marelan,12.71.12,Paya Pasir,12.71.12.1005
SUMATERA UTARA,12,KOTA MEDAN,12.71,Medan Labuhan,12.71.13,Pekan Labuhan,12.71.13.1001
SUMATERA UTARA,12,KOTA MEDAN,12.71,Medan Labuhan,12.71.13,Sei Mati,12.71.13.1002
SUMATERA UTARA,12,KOTA MEDAN,12.71,Medan Labuhan,12.71.13,Besar,12.71.13.1003
SUMATERA UTARA,12,KOTA MEDAN,12.71,Medan Labuhan,12.71.13,Martubung,12.71.13.1004
SUMATERA UTARA,12,KOTA MEDAN,12.71,Medan Labuhan,12.71.13,Nelayan Indah,12.71.13.1005
SUMATERA UTARA,12,KOTA MEDAN,12.71,Medan Labuhan,12.71.13,Tangkahan,12.71.13.1006
SUMATERA UTARA,12,KOTA MEDAN,12.71,Medan Tembung,12.71.14,Indra Kasih,12.71.14.1001
SUMATERA UTARA,12,KOTA MEDAN,12.71,Medan Tembung,12.71.14,Sidorejo Hilir,12.71.14.1002
SUMATERA UTARA,12,KOTA MEDAN,12.71,Medan Tembung,12.71.14,Sidorejo,12.71.14.1003
SUMATERA UTARA,12,KOTA MEDAN,12.71,Medan Tembung,12.71.14,Bantan,12.71.14.1004
SUMATERA UTARA,12,KOTA MEDAN,12.71,Medan Tembung,12.71.14,Tembung,12.71.14.1005
SUMATERA UTARA,12,KOTA MEDAN,12.71,Medan Tembung,12.71.14,Bandar Selamat,12.71.14.1006
SUMATERA UTARA,12,KOTA MEDAN,12.71,Medan Tembung,12.71.14,Bantan Timur,12.71.14.1007
SUMATERA UTARA,12,KOTA MEDAN,12.71,Medan Maimun,12.71.15,Aur,12.71.15.1001
SUMATERA UTARA,12,KOTA MEDAN,12.71,Medan Maimun,12.71.15,Hamdan,12.71.15.1002
SUMATERA UTARA,12,KOTA MEDAN,12.71,Medan Maimun,12.71.15,Jati,12.71.15.1003
SUMATERA UTARA,12,KOTA MEDAN,12.71,Medan Maimun,12.71.15,Sukaraja,12.71.15.1004
SUMATERA UTARA,12,KOTA MEDAN,12.71,Medan Maimun,12.71.15,Sei Mati,12.71.15.1005
SUMATERA UTARA,12,KOTA MEDAN,12.71,Medan Maimun,12.71.15,Kampung Baru,12.71.15.1006
SUMATERA UTARA,12,KOTA MEDAN,12.71,Medan Polonia,12.71.16,Madras Hulu,12.71.16.1001
SUMATERA UTARA,12,KOTA MEDAN,12.71,Medan Polonia,12.71.16,Polonia,12.71.16.1002
SUMATERA UTARA,12,KOTA MEDAN,12.71,Medan Polonia,12.71.16,Sari Rejo,12.71.16.1003
SUMATERA UTARA,12,KOTA MEDAN,12.71,Medan Polonia,12.71.16,Suka Damai,12.71.16.1004
SUMATERA UTARA,12,KOTA MEDAN,12.71,Medan Polonia,12.71.16,Anggrung,12.71.16.1005
SUMATERA UTARA,12,KOTA MEDAN,12.71,Medan Baru,12.71.17,Petisah Hulu,12.71.17.1001
SUMATERA UTARA,12,KOTA MEDAN,12.71,Medan Baru,12.71.17,Babura,12.71.17.1002
SUMATERA UTARA,12,KOTA MEDAN,12.71,Medan Baru,12.71.17,Merdeka,12.71.17.1003
SUMATERA UTARA,12,KOTA MEDAN,12.71,Medan Baru,12.71.17,Darat,12.71.17.1004
SUMATERA UTARA,12,KOTA MEDAN,12.71,Medan Baru,12.71.17,Padang Bulan,12.71.17.1005
SUMATERA UTARA,12,KOTA MEDAN,12.71,Medan Baru,12.71.17,Titi Rante,12.71.17.1006
SUMATERA UTARA,12,KOTA MEDAN,12.71,Medan Perjuangan,12.71.18,Pandau Hilir,12.71.18.1001
SUMATERA UTARA,12,KOTA MEDAN,12.71,Medan Perjuangan,12.71.18,Pahlawan,12.71.18.1002
SUMATERA UTARA,12,KOTA MEDAN,12.71,Medan Perjuangan,12.71.18,Sei Kera Hilir I,12.71.18.1003
SUMATERA UTARA,12,KOTA MEDAN,12.71,Medan Perjuangan,12.71.18,Sei Kera Hilir II,12.71.18.1004
SUMATERA UTARA,12,KOTA MEDAN,12.71,Medan Perjuangan,12.71.18,Sei Kera Hulu,12.71.18.1005
SUMATERA UTARA,12,KOTA MEDAN,12.71,Medan Perjuangan,12.71.18,Sidorame Timur,12.71.18.1006
SUMATERA UTARA,12,KOTA MEDAN,12.71,Medan Perjuangan,12.71.18,Sidorame Barat I,12.71.18.1007
SUMATERA UTARA,12,KOTA MEDAN,12.71,Medan Perjuangan,12.71.18,Sidorame Barat II,12.71.18.1008
SUMATERA UTARA,12,KOTA MEDAN,12.71,Medan Perjuangan,12.71.18,Tegalrejo,12.71.18.1009
SUMATERA UTARA,12,KOTA MEDAN,12.71,Medan Petisah,12.71.19,Petisah Tengah,12.71.19.1001
SUMATERA UTARA,12,KOTA MEDAN,12.71,Medan Petisah,12.71.19,Sekip,12.71.19.1002
SUMATERA UTARA,12,KOTA MEDAN,12.71,Medan Petisah,12.71.19,Sei Sikambing D,12.71.19.1003
SUMATERA UTARA,12,KOTA MEDAN,12.71,Medan Petisah,12.71.19,Sei Putih Barat,12.71.19.1004
SUMATERA UTARA,12,KOTA MEDAN,12.71,Medan Petisah,12.71.19,Sei Putih Tengah,12.71.19.1005
SUMATERA UTARA,12,KOTA MEDAN,12.71,Medan Petisah,12.71.19,Sei Putih Timur I,12.71.19.1006
SUMATERA UTARA,12,KOTA MEDAN,12.71,Medan Petisah,12.71.19,Sei Putih Timur II,12.71.19.1007
SUMATERA UTARA,12,KOTA MEDAN,12.71,Medan Timur,12.71.20,Gang Buntu,12.71.20.1001
SUMATERA UTARA,12,KOTA MEDAN,12.71,Medan Timur,12.71.20,Sidodadi,12.71.20.1002
SUMATERA UTARA,12,KOTA MEDAN,12.71,Medan Timur,12.71.20,Durian,12.71.20.1003
SUMATERA UTARA,12,KOTA MEDAN,12.71,Medan Timur,12.71.20,Glugur Darat I,12.71.20.1004
SUMATERA UTARA,12,KOTA MEDAN,12.71,Medan Timur,12.71.20,Glugur Darat II,12.71.20.1005
SUMATERA UTARA,12,KOTA MEDAN,12.71,Medan Timur,12.71.20,P Berayan Darat I,12.71.20.1006
SUMATERA UTARA,12,KOTA MEDAN,12.71,Medan Timur,12.71.20,P Berayan Darat II,12.71.20.1007
SUMATERA UTARA,12,KOTA MEDAN,12.71,Medan Timur,12.71.20,P Berayan Bengkel,12.71.20.1008
SUMATERA UTARA,12,KOTA MEDAN,12.71,Medan Timur,12.71.20,PB Bengkel Baru,12.71.20.1009
SUMATERA UTARA,12,KOTA MEDAN,12.71,Medan Timur,12.71.20,Perintis,12.71.20.1010
SUMATERA UTARA,12,KOTA MEDAN,12.71,Medan Timur,12.71.20,Gaharu,12.71.20.1011
SUMATERA UTARA,12,KOTA MEDAN,12.71,Medan Selayang,12.71.21,Asam Kumbang,12.71.21.1001
SUMATERA UTARA,12,KOTA MEDAN,12.71,Medan Selayang,12.71.21,Tanjungsari,12.71.21.1002
SUMATERA UTARA,12,KOTA MEDAN,12.71,Medan Selayang,12.71.21,P Bulan Selayang II,12.71.21.1003
SUMATERA UTARA,12,KOTA MEDAN,12.71,Medan Selayang,12.71.21,Beringin,12.71.21.1004
SUMATERA UTARA,12,KOTA MEDAN,12.71,Medan Selayang,12.71.21,P Bulan Selayang I,12.71.21.1005
SUMATERA UTARA,12,KOTA MEDAN,12.71,Medan Selayang,12.71.21,Sempakata,12.71.21.1006
SUMATERA UTARA,12,KOTA PEMATANGSIANTAR,12.72,Siantar Timur,12.72.01,Kebun Sayur,12.72.01.1001
SUMATERA UTARA,12,KOTA PEMATANGSIANTAR,12.72,Siantar Timur,12.72.01,Tomuan,12.72.01.1002
SUMATERA UTARA,12,KOTA PEMATANGSIANTAR,12.72,Siantar Timur,12.72.01,Pahlawan,12.72.01.1003
SUMATERA UTARA,12,KOTA PEMATANGSIANTAR,12.72,Siantar Timur,12.72.01,Asuhan,12.72.01.1004
SUMATERA UTARA,12,KOTA PEMATANGSIANTAR,12.72,Siantar Timur,12.72.01,Merdeka,12.72.01.1005
SUMATERA UTARA,12,KOTA PEMATANGSIANTAR,12.72,Siantar Timur,12.72.01,Pardomuan,12.72.01.1006
SUMATERA UTARA,12,KOTA PEMATANGSIANTAR,12.72,Siantar Timur,12.72.01,Siopat Suhu,12.72.01.1007
SUMATERA UTARA,12,KOTA PEMATANGSIANTAR,12.72,Siantar Barat,12.72.02,Dwikora,12.72.02.1001
SUMATERA UTARA,12,KOTA PEMATANGSIANTAR,12.72,Siantar Barat,12.72.02,Proklamasi,12.72.02.1002
SUMATERA UTARA,12,KOTA PEMATANGSIANTAR,12.72,Siantar Barat,12.72.02,Bantan,12.72.02.1003
SUMATERA UTARA,12,KOTA PEMATANGSIANTAR,12.72,Siantar Barat,12.72.02,Timbang Galung,12.72.02.1004
SUMATERA UTARA,12,KOTA PEMATANGSIANTAR,12.72,Siantar Barat,12.72.02,Simarito,12.72.02.1005
SUMATERA UTARA,12,KOTA PEMATANGSIANTAR,12.72,Siantar Barat,12.72.02,Sipinggolpinggol,12.72.02.1006
SUMATERA UTARA,12,KOTA PEMATANGSIANTAR,12.72,Siantar Barat,12.72.02,Banjar,12.72.02.1007
SUMATERA UTARA,12,KOTA PEMATANGSIANTAR,12.72,Siantar Barat,12.72.02,Teladan,12.72.02.1008
SUMATERA UTARA,12,KOTA PEMATANGSIANTAR,12.72,Siantar Utara,12.72.03,Melayu,12.72.03.1001
SUMATERA UTARA,12,KOTA PEMATANGSIANTAR,12.72,Siantar Utara,12.72.03,Martoba,12.72.03.1002
SUMATERA UTARA,12,KOTA PEMATANGSIANTAR,12.72,Siantar Utara,12.72.03,Baru,12.72.03.1003
SUMATERA UTARA,12,KOTA PEMATANGSIANTAR,12.72,Siantar Utara,12.72.03,Sukadame,12.72.03.1004
SUMATERA UTARA,12,KOTA PEMATANGSIANTAR,12.72,Siantar Utara,12.72.03,Kahean,12.72.03.1005
SUMATERA UTARA,12,KOTA PEMATANGSIANTAR,12.72,Siantar Utara,12.72.03,Sigulanggulang,12.72.03.1006
SUMATERA UTARA,12,KOTA PEMATANGSIANTAR,12.72,Siantar Utara,12.72.03,Bane,12.72.03.1007
SUMATERA UTARA,12,KOTA PEMATANGSIANTAR,12.72,Siantar Selatan,12.72.04,Toba,12.72.04.1001
SUMATERA UTARA,12,KOTA PEMATANGSIANTAR,12.72,Siantar Selatan,12.72.04,Karo,12.72.04.1002
SUMATERA UTARA,12,KOTA PEMATANGSIANTAR,12.72,Siantar Selatan,12.72.04,Simalungun,12.72.04.1003
SUMATERA UTARA,12,KOTA PEMATANGSIANTAR,12.72,Siantar Selatan,12.72.04,Martimbang,12.72.04.1004
SUMATERA UTARA,12,KOTA PEMATANGSIANTAR,12.72,Siantar Selatan,12.72.04,Kristen,12.72.04.1005
SUMATERA UTARA,12,KOTA PEMATANGSIANTAR,12.72,Siantar Selatan,12.72.04,Aek Nauli,12.72.04.1006
SUMATERA UTARA,12,KOTA PEMATANGSIANTAR,12.72,Siantar Marihat,12.72.05,Sukaraja,12.72.05.1002
SUMATERA UTARA,12,KOTA PEMATANGSIANTAR,12.72,Siantar Marihat,12.72.05,Baringin Pancur Nauli,12.72.05.1005
SUMATERA UTARA,12,KOTA PEMATANGSIANTAR,12.72,Siantar Marihat,12.72.05,Pardamean,12.72.05.1006
SUMATERA UTARA,12,KOTA PEMATANGSIANTAR,12.72,Siantar Marihat,12.72.05,Sukamaju,12.72.05.1007
SUMATERA UTARA,12,KOTA PEMATANGSIANTAR,12.72,Siantar Marihat,12.72.05,Parhorasan Nauli,12.72.05.1008
SUMATERA UTARA,12,KOTA PEMATANGSIANTAR,12.72,Siantar Marihat,12.72.05,Sukamakmur,12.72.05.1009
SUMATERA UTARA,12,KOTA PEMATANGSIANTAR,12.72,Siantar Marihat,12.72.05,Mekar Nauli,12.72.05.1010
SUMATERA UTARA,12,KOTA PEMATANGSIANTAR,12.72,Siantar Martoba,12.72.06,Sumber Jaya,12.72.06.1001
SUMATERA UTARA,12,KOTA PEMATANGSIANTAR,12.72,Siantar Martoba,12.72.06,Tambun Nabolon,12.72.06.1003
SUMATERA UTARA,12,KOTA PEMATANGSIANTAR,12.72,Siantar Martoba,12.72.06,Naga Pita,12.72.06.1007
SUMATERA UTARA,12,KOTA PEMATANGSIANTAR,12.72,Siantar Martoba,12.72.06,Pondok Sayur,12.72.06.1008
SUMATERA UTARA,12,KOTA PEMATANGSIANTAR,12.72,Siantar Martoba,12.72.06,Tanjung Tongah,12.72.06.1009
SUMATERA UTARA,12,KOTA PEMATANGSIANTAR,12.72,Siantar Martoba,12.72.06,Naga Pitu,12.72.06.1010
SUMATERA UTARA,12,KOTA PEMATANGSIANTAR,12.72,Siantar Martoba,12.72.06,Tanjung Pinggir,12.72.06.1011
SUMATERA UTARA,12,KOTA PEMATANGSIANTAR,12.72,Siantar Sitalasari,12.72.07,Gurilla,12.72.07.1001
SUMATERA UTARA,12,KOTA PEMATANGSIANTAR,12.72,Siantar Sitalasari,12.72.07,Bah Kapul,12.72.07.1002
SUMATERA UTARA,12,KOTA PEMATANGSIANTAR,12.72,Siantar Sitalasari,12.72.07,Setia Negara,12.72.07.1003
SUMATERA UTARA,12,KOTA PEMATANGSIANTAR,12.72,Siantar Sitalasari,12.72.07,Bukit Sofa,12.72.07.1004
SUMATERA UTARA,12,KOTA PEMATANGSIANTAR,12.72,Siantar Sitalasari,12.72.07,Bah Sorma,12.72.07.1005
SUMATERA UTARA,12,KOTA PEMATANGSIANTAR,12.72,Siantar Marimbun,12.72.08,Simarimbun,12.72.08.1001
SUMATERA UTARA,12,KOTA PEMATANGSIANTAR,12.72,Siantar Marimbun,12.72.08,Tong Marimbun,12.72.08.1002
SUMATERA UTARA,12,KOTA PEMATANGSIANTAR,12.72,Siantar Marimbun,12.72.08,Naga Huta,12.72.08.1003
SUMATERA UTARA,12,KOTA PEMATANGSIANTAR,12.72,Siantar Marimbun,12.72.08,Naga Huta Timur,12.72.08.1004
SUMATERA UTARA,12,KOTA PEMATANGSIANTAR,12.72,Siantar Marimbun,12.72.08,Pematang Marihat,12.72.08.1005
SUMATERA UTARA,12,KOTA PEMATANGSIANTAR,12.72,Siantar Marimbun,12.72.08,Marihat Jaya,12.72.08.1006
SUMATERA UTARA,12,KOTA SIBOLGA,12.73,Sibolga Utara,12.73.01,Huta Barangan,12.73.01.1001
SUMATERA UTARA,12,KOTA SIBOLGA,12.73,Sibolga Utara,12.73.01,Angin Nauli,12.73.01.1002
SUMATERA UTARA,12,KOTA SIBOLGA,12.73,Sibolga Utara,12.73.01,Huta Tonga-tonga,12.73.01.1003
SUMATERA UTARA,12,KOTA SIBOLGA,12.73,Sibolga Utara,12.73.01,Sibolga Ilir,12.73.01.1004
SUMATERA UTARA,12,KOTA SIBOLGA,12.73,Sibolga Utara,12.73.01,Simare-Mare,12.73.01.1005
SUMATERA UTARA,12,KOTA SIBOLGA,12.73,Sibolga Kota,12.73.02,Kota Baringin,12.73.02.1001
SUMATERA UTARA,12,KOTA SIBOLGA,12.73,Sibolga Kota,12.73.02,Pasar Baru,12.73.02.1002
SUMATERA UTARA,12,KOTA SIBOLGA,12.73,Sibolga Kota,12.73.02,Pasar Belakang,12.73.02.1003
SUMATERA UTARA,12,KOTA SIBOLGA,12.73,Sibolga Kota,12.73.02,Pancuran Gerobak,12.73.02.1004
SUMATERA UTARA,12,KOTA SIBOLGA,12.73,Sibolga Selatan,12.73.03,Aek Habil,12.73.03.1001
SUMATERA UTARA,12,KOTA SIBOLGA,12.73,Sibolga Selatan,12.73.03,Aek Manis,12.73.03.1002
SUMATERA UTARA,12,KOTA SIBOLGA,12.73,Sibolga Selatan,12.73.03,Aek Muara Pinang,12.73.03.1003
SUMATERA UTARA,12,KOTA SIBOLGA,12.73,Sibolga Selatan,12.73.03,Aek Parombunan,12.73.03.1004
SUMATERA UTARA,12,KOTA SIBOLGA,12.73,Sibolga Sambas,12.73.04,Pancuran Kerambil,12.73.04.1001
SUMATERA UTARA,12,KOTA SIBOLGA,12.73,Sibolga Sambas,12.73.04,Pancuran Dewa,12.73.04.1002
SUMATERA UTARA,12,KOTA SIBOLGA,12.73,Sibolga Sambas,12.73.04,Pancuran Pinang,12.73.04.1003
SUMATERA UTARA,12,KOTA SIBOLGA,12.73,Sibolga Sambas,12.73.04,Pancuran Bambu,12.73.04.1004
SUMATERA UTARA,12,KOTA TANJUNG BALAI,12.74,Tanjung Balai Selatan,12.74.01,Tanjung Balai Kota I,12.74.01.1001
SUMATERA UTARA,12,KOTA TANJUNG BALAI,12.74,Tanjung Balai Selatan,12.74.01,Tanjung Balai Kota II,12.74.01.1002
SUMATERA UTARA,12,KOTA TANJUNG BALAI,12.74,Tanjung Balai Selatan,12.74.01,Perwira,12.74.01.1003
SUMATERA UTARA,12,KOTA TANJUNG BALAI,12.74,Tanjung Balai Selatan,12.74.01,Karya,12.74.01.1004
SUMATERA UTARA,12,KOTA TANJUNG BALAI,12.74,Tanjung Balai Selatan,12.74.01,Pantai Burung,12.74.01.1005
SUMATERA UTARA,12,KOTA TANJUNG BALAI,12.74,Tanjung Balai Selatan,12.74.01,Indra Sakti,12.74.01.1006
SUMATERA UTARA,12,KOTA TANJUNG BALAI,12.74,Tanjung Balai Utara,12.74.02,Tanjung Balai Kota III,12.74.02.1001
SUMATERA UTARA,12,KOTA TANJUNG BALAI,12.74,Tanjung Balai Utara,12.74.02,Tanjung Balai Kota IV,12.74.02.1002
SUMATERA UTARA,12,KOTA TANJUNG BALAI,12.74,Tanjung Balai Utara,12.74.02,Sejahtera,12.74.02.1003
SUMATERA UTARA,12,KOTA TANJUNG BALAI,12.74,Tanjung Balai Utara,12.74.02,Kuala Silo Bestari,12.74.02.1004
SUMATERA UTARA,12,KOTA TANJUNG BALAI,12.74,Tanjung Balai Utara,12.74.02,Matahalasan,12.74.02.1005
SUMATERA UTARA,12,KOTA TANJUNG BALAI,12.74,Sei Tualang Raso,12.74.03,Keramat Kubah,12.74.03.1001
SUMATERA UTARA,12,KOTA TANJUNG BALAI,12.74,Sei Tualang Raso,12.74.03,Sumber Sari,12.74.03.1002
SUMATERA UTARA,12,KOTA TANJUNG BALAI,12.74,Sei Tualang Raso,12.74.03,Muara Sentosa,12.74.03.1003
SUMATERA UTARA,12,KOTA TANJUNG BALAI,12.74,Sei Tualang Raso,12.74.03,Pasar Baru,12.74.03.1004
SUMATERA UTARA,12,KOTA TANJUNG BALAI,12.74,Sei Tualang Raso,12.74.03,Sei Raja,12.74.03.1005
SUMATERA UTARA,12,KOTA TANJUNG BALAI,12.74,Teluk Nibung,12.74.04,Sei Merbau,12.74.04.1001
SUMATERA UTARA,12,KOTA TANJUNG BALAI,12.74,Teluk Nibung,12.74.04,Pematang Pasir,12.74.04.1002
SUMATERA UTARA,12,KOTA TANJUNG BALAI,12.74,Teluk Nibung,12.74.04,Perjuangan,12.74.04.1003
SUMATERA UTARA,12,KOTA TANJUNG BALAI,12.74,Teluk Nibung,12.74.04,Kapias Pulau Buaya,12.74.04.1004
SUMATERA UTARA,12,KOTA TANJUNG BALAI,12.74,Teluk Nibung,12.74.04,Beting Kuala Kapias,12.74.04.1005
SUMATERA UTARA,12,KOTA TANJUNG BALAI,12.74,Datuk Bandar,12.74.05,Gading,12.74.05.1003
SUMATERA UTARA,12,KOTA TANJUNG BALAI,12.74,Datuk Bandar,12.74.05,Sirantau,12.74.05.1004
SUMATERA UTARA,12,KOTA TANJUNG BALAI,12.74,Datuk Bandar,12.74.05,Sijambi,12.74.05.1005
SUMATERA UTARA,12,KOTA TANJUNG BALAI,12.74,Datuk Bandar,12.74.05,Pahang,12.74.05.1006
SUMATERA UTARA,12,KOTA TANJUNG BALAI,12.74,Datuk Bandar,12.74.05,Pantai Johor,12.74.05.1010
SUMATERA UTARA,12,KOTA TANJUNG BALAI,12.74,Datuk Bandar Timur,12.74.06,Pulau Simardan,12.74.06.1001
SUMATERA UTARA,12,KOTA TANJUNG BALAI,12.74,Datuk Bandar Timur,12.74.06,Semula Jadi,12.74.06.1002
SUMATERA UTARA,12,KOTA TANJUNG BALAI,12.74,Datuk Bandar Timur,12.74.06,Selat Lancang,12.74.06.1003
SUMATERA UTARA,12,KOTA TANJUNG BALAI,12.74,Datuk Bandar Timur,12.74.06,Bunga Tanjung,12.74.06.1004
SUMATERA UTARA,12,KOTA TANJUNG BALAI,12.74,Datuk Bandar Timur,12.74.06,Selat Tanjung Medan,12.74.06.1005
SUMATERA UTARA,12,KOTA BINJAI,12.75,Binjai Utara,12.75.01,Pahlawan,12.75.01.1001
SUMATERA UTARA,12,KOTA BINJAI,12.75,Binjai Utara,12.75.01,Jati Negara,12.75.01.1002
SUMATERA UTARA,12,KOTA BINJAI,12.75,Binjai Utara,12.75.01,Nangka,12.75.01.1003
SUMATERA UTARA,12,KOTA BINJAI,12.75,Binjai Utara,12.75.01,Damai,12.75.01.1004
SUMATERA UTARA,12,KOTA BINJAI,12.75,Binjai Utara,12.75.01,Kebun Lada,12.75.01.1005
SUMATERA UTARA,12,KOTA BINJAI,12.75,Binjai Utara,12.75.01,Cengkeh Turi,12.75.01.1006
SUMATERA UTARA,12,KOTA BINJAI,12.75,Binjai Utara,12.75.01,Jati Utomo,12.75.01.1007
SUMATERA UTARA,12,KOTA BINJAI,12.75,Binjai Utara,12.75.01,Jati Makmur,12.75.01.1008
SUMATERA UTARA,12,KOTA BINJAI,12.75,Binjai Utara,12.75.01,Jati Karya,12.75.01.1009
SUMATERA UTARA,12,KOTA BINJAI,12.75,Binjai Kota,12.75.02,Berngam,12.75.02.1001
SUMATERA UTARA,12,KOTA BINJAI,12.75,Binjai Kota,12.75.02,Satria,12.75.02.1002
SUMATERA UTARA,12,KOTA BINJAI,12.75,Binjai Kota,12.75.02,Setia,12.75.02.1003
SUMATERA UTARA,12,KOTA BINJAI,12.75,Binjai Kota,12.75.02,Kartini,12.75.02.1004
SUMATERA UTARA,12,KOTA BINJAI,12.75,Binjai Kota,12.75.02,Tangsi,12.75.02.1005
SUMATERA UTARA,12,KOTA BINJAI,12.75,Binjai Kota,12.75.02,Binjai,12.75.02.1006
SUMATERA UTARA,12,KOTA BINJAI,12.75,Binjai Kota,12.75.02,Pekan Binjai,12.75.02.1007
SUMATERA UTARA,12,KOTA BINJAI,12.75,Binjai Barat,12.75.03,Bandar Senembah,12.75.03.1001
SUMATERA UTARA,12,KOTA BINJAI,12.75,Binjai Barat,12.75.03,Limau Mungkur,12.75.03.1002
SUMATERA UTARA,12,KOTA BINJAI,12.75,Binjai Barat,12.75.03,Limau Sundai,12.75.03.1003
SUMATERA UTARA,12,KOTA BINJAI,12.75,Binjai Barat,12.75.03,Paya Roba,12.75.03.1004
SUMATERA UTARA,12,KOTA BINJAI,12.75,Binjai Barat,12.75.03,Suka Maju,12.75.03.1005
SUMATERA UTARA,12,KOTA BINJAI,12.75,Binjai Barat,12.75.03,Sukaramai,12.75.03.1006
SUMATERA UTARA,12,KOTA BINJAI,12.75,Binjai Timur,12.75.04,Tanah Tinggi,12.75.04.1001
SUMATERA UTARA,12,KOTA BINJAI,12.75,Binjai Timur,12.75.04,Dataran Tinggi,12.75.04.1002
SUMATERA UTARA,12,KOTA BINJAI,12.75,Binjai Timur,12.75.04,Timbang Langkat,12.75.04.1003
SUMATERA UTARA,12,KOTA BINJAI,12.75,Binjai Timur,12.75.04,Mencirim,12.75.04.1004
SUMATERA UTARA,12,KOTA BINJAI,12.75,Binjai Timur,12.75.04,Tunggurono,12.75.04.1005
SUMATERA UTARA,12,KOTA BINJAI,12.75,Binjai Timur,12.75.04,Sumber Mulyorejo,12.75.04.1006
SUMATERA UTARA,12,KOTA BINJAI,12.75,Binjai Timur,12.75.04,Sumber Karya,12.75.04.1007
SUMATERA UTARA,12,KOTA BINJAI,12.75,Binjai Selatan,12.75.05,Tanah Merah,12.75.05.1001
SUMATERA UTARA,12,KOTA BINJAI,12.75,Binjai Selatan,12.75.05,Binjai Estate,12.75.05.1002
SUMATERA UTARA,12,KOTA BINJAI,12.75,Binjai Selatan,12.75.05,Bhakti Karya,12.75.05.1003
SUMATERA UTARA,12,KOTA BINJAI,12.75,Binjai Selatan,12.75.05,Rambung Dalam,12.75.05.1004
SUMATERA UTARA,12,KOTA BINJAI,12.75,Binjai Selatan,12.75.05,Pujidadi,12.75.05.1005
SUMATERA UTARA,12,KOTA BINJAI,12.75,Binjai Selatan,12.75.05,Tanah Seribu,12.75.05.1006
SUMATERA UTARA,12,KOTA BINJAI,12.75,Binjai Selatan,12.75.05,Rambung Barat,12.75.05.1007
SUMATERA UTARA,12,KOTA BINJAI,12.75,Binjai Selatan,12.75.05,Rambung Timur,12.75.05.1008
SUMATERA UTARA,12,KOTA TEBING TINGGI,12.76,Padang Hulu,12.76.01,Pabatu,12.76.01.1001
SUMATERA UTARA,12,KOTA TEBING TINGGI,12.76,Padang Hulu,12.76.01,Lubuk Baru,12.76.01.1002
SUMATERA UTARA,12,KOTA TEBING TINGGI,12.76,Padang Hulu,12.76.01,Persiakan,12.76.01.1006
SUMATERA UTARA,12,KOTA TEBING TINGGI,12.76,Padang Hulu,12.76.01,Bandar Sono,12.76.01.1007
SUMATERA UTARA,12,KOTA TEBING TINGGI,12.76,Padang Hulu,12.76.01,Tualang,12.76.01.1010
SUMATERA UTARA,12,KOTA TEBING TINGGI,12.76,Padang Hulu,12.76.01,Padang Merbau,12.76.01.1011
SUMATERA UTARA,12,KOTA TEBING TINGGI,12.76,Padang Hulu,12.76.01,Lubuk Raya,12.76.01.1012
SUMATERA UTARA,12,KOTA TEBING TINGGI,12.76,Rambutan,12.76.02,Rantau Laban,12.76.02.1004
SUMATERA UTARA,12,KOTA TEBING TINGGI,12.76,Rambutan,12.76.02,Karya Jaya,12.76.02.1007
SUMATERA UTARA,12,KOTA TEBING TINGGI,12.76,Rambutan,12.76.02,Lalang,12.76.02.1009
SUMATERA UTARA,12,KOTA TEBING TINGGI,12.76,Rambutan,12.76.02,Tanjung Marulak,12.76.02.1010
SUMATERA UTARA,12,KOTA TEBING TINGGI,12.76,Rambutan,12.76.02,Sri Padang,12.76.02.1011
SUMATERA UTARA,12,KOTA TEBING TINGGI,12.76,Rambutan,12.76.02,Tanjung Marulak Hilir,12.76.02.1012
SUMATERA UTARA,12,KOTA TEBING TINGGI,12.76,Rambutan,12.76.02,Mekar Sentosa,12.76.02.1013
SUMATERA UTARA,12,KOTA TEBING TINGGI,12.76,Padang Hilir,12.76.03,Bagelen,12.76.03.1001
SUMATERA UTARA,12,KOTA TEBING TINGGI,12.76,Padang Hilir,12.76.03,Tambangan,12.76.03.1002
SUMATERA UTARA,12,KOTA TEBING TINGGI,12.76,Padang Hilir,12.76.03,Tebing Tinggi,12.76.03.1004
SUMATERA UTARA,12,KOTA TEBING TINGGI,12.76,Padang Hilir,12.76.03,Satria,12.76.03.1006
SUMATERA UTARA,12,KOTA TEBING TINGGI,12.76,Padang Hilir,12.76.03,Damar Sari,12.76.03.1007
SUMATERA UTARA,12,KOTA TEBING TINGGI,12.76,Padang Hilir,12.76.03,Tambangan Hulu,12.76.03.1008
SUMATERA UTARA,12,KOTA TEBING TINGGI,12.76,Padang Hilir,12.76.03,Deblod Sundoro,12.76.03.1009
SUMATERA UTARA,12,KOTA TEBING TINGGI,12.76,Bajenis,12.76.04,Durian,12.76.04.1001
SUMATERA UTARA,12,KOTA TEBING TINGGI,12.76,Bajenis,12.76.04,Pelita,12.76.04.1002
SUMATERA UTARA,12,KOTA TEBING TINGGI,12.76,Bajenis,12.76.04,Bulian,12.76.04.1003
SUMATERA UTARA,12,KOTA TEBING TINGGI,12.76,Bajenis,12.76.04,Berohol,12.76.04.1004
SUMATERA UTARA,12,KOTA TEBING TINGGI,12.76,Bajenis,12.76.04,Bandar Sakti,12.76.04.1005
SUMATERA UTARA,12,KOTA TEBING TINGGI,12.76,Bajenis,12.76.04,Pinang Mancung,12.76.04.1006
SUMATERA UTARA,12,KOTA TEBING TINGGI,12.76,Bajenis,12.76.04,Teluk Karang,12.76.04.1007
SUMATERA UTARA,12,KOTA TEBING TINGGI,12.76,Tebing Tinggi Kota,12.76.05,Mandailing,12.76.05.1001
SUMATERA UTARA,12,KOTA TEBING TINGGI,12.76,Tebing Tinggi Kota,12.76.05,Pasar Baru,12.76.05.1002
SUMATERA UTARA,12,KOTA TEBING TINGGI,12.76,Tebing Tinggi Kota,12.76.05,Pasar Gambir,12.76.05.1003
SUMATERA UTARA,12,KOTA TEBING TINGGI,12.76,Tebing Tinggi Kota,12.76.05,Badak Bejuang,12.76.05.1004
SUMATERA UTARA,12,KOTA TEBING TINGGI,12.76,Tebing Tinggi Kota,12.76.05,Bandar Utama,12.76.05.1005
SUMATERA UTARA,12,KOTA TEBING TINGGI,12.76,Tebing Tinggi Kota,12.76.05,Rambung,12.76.05.1006
SUMATERA UTARA,12,KOTA TEBING TINGGI,12.76,Tebing Tinggi Kota,12.76.05,Tebing Tinggi Lama,12.76.05.1007
SUMATERA UTARA,12,KOTA PADANG SIDEMPUAN,12.77,Padangsidimpuan Utara,12.77.01,Wek I,12.77.01.1001
SUMATERA UTARA,12,KOTA PADANG SIDEMPUAN,12.77,Padangsidimpuan Utara,12.77.01,Wek II,12.77.01.1002
SUMATERA UTARA,12,KOTA PADANG SIDEMPUAN,12.77,Padangsidimpuan Utara,12.77.01,Wek III,12.77.01.1003
SUMATERA UTARA,12,KOTA PADANG SIDEMPUAN,12.77,Padangsidimpuan Utara,12.77.01,Wek IV,12.77.01.1004
SUMATERA UTARA,12,KOTA PADANG SIDEMPUAN,12.77,Padangsidimpuan Utara,12.77.01,Tanobato,12.77.01.1005
SUMATERA UTARA,12,KOTA PADANG SIDEMPUAN,12.77,Padangsidimpuan Utara,12.77.01,Tobat,12.77.01.1006
SUMATERA UTARA,12,KOTA PADANG SIDEMPUAN,12.77,Padangsidimpuan Utara,12.77.01,Batang Ayumi Jae,12.77.01.1007
SUMATERA UTARA,12,KOTA PADANG SIDEMPUAN,12.77,Padangsidimpuan Utara,12.77.01,Batang Ayumi Julu,12.77.01.1008
SUMATERA UTARA,12,KOTA PADANG SIDEMPUAN,12.77,Padangsidimpuan Utara,12.77.01,Sadabuan,12.77.01.1009
SUMATERA UTARA,12,KOTA PADANG SIDEMPUAN,12.77,Padangsidimpuan Utara,12.77.01,Panyanggar,12.77.01.1010
SUMATERA UTARA,12,KOTA PADANG SIDEMPUAN,12.77,Padangsidimpuan Utara,12.77.01,Bonan Dolok,12.77.01.1011
SUMATERA UTARA,12,KOTA PADANG SIDEMPUAN,12.77,Padangsidimpuan Utara,12.77.01,Losung Batu.,12.77.01.1012
SUMATERA UTARA,12,KOTA PADANG SIDEMPUAN,12.77,Padangsidimpuan Utara,12.77.01,Timbangan,12.77.01.1013
SUMATERA UTARA,12,KOTA PADANG SIDEMPUAN,12.77,Padangsidimpuan Utara,12.77.01,Bincar,12.77.01.1014
SUMATERA UTARA,12,KOTA PADANG SIDEMPUAN,12.77,Padangsidimpuan Utara,12.77.01,Kantin,12.77.01.1015
SUMATERA UTARA,12,KOTA PADANG SIDEMPUAN,12.77,Padangsidimpuan Utara,12.77.01,Kayu Ombun,12.77.01.1016
SUMATERA UTARA,12,KOTA PADANG SIDEMPUAN,12.77,Padangsidimpuan Selatan,12.77.02,Wek V,12.77.02.1001
SUMATERA UTARA,12,KOTA PADANG SIDEMPUAN,12.77,Padangsidimpuan Selatan,12.77.02,Wek VI,12.77.02.1002
SUMATERA UTARA,12,KOTA PADANG SIDEMPUAN,12.77,Padangsidimpuan Selatan,12.77.02,Losung,12.77.02.1003
SUMATERA UTARA,12,KOTA PADANG SIDEMPUAN,12.77,Padangsidimpuan Selatan,12.77.02,Sitamiang,12.77.02.1004
SUMATERA UTARA,12,KOTA PADANG SIDEMPUAN,12.77,Padangsidimpuan Selatan,12.77.02,Ujung Padang,12.77.02.1005
SUMATERA UTARA,12,KOTA PADANG SIDEMPUAN,12.77,Padangsidimpuan Selatan,12.77.02,Aek Tampang,12.77.02.1006
SUMATERA UTARA,12,KOTA PADANG SIDEMPUAN,12.77,Padangsidimpuan Selatan,12.77.02,Padang Matinggi,12.77.02.1007
SUMATERA UTARA,12,KOTA PADANG SIDEMPUAN,12.77,Padangsidimpuan Selatan,12.77.02,Silandit,12.77.02.1008
SUMATERA UTARA,12,KOTA PADANG SIDEMPUAN,12.77,Padangsidimpuan Selatan,12.77.02,Sidangkal,12.77.02.1009
SUMATERA UTARA,12,KOTA PADANG SIDEMPUAN,12.77,Padangsidimpuan Selatan,12.77.02,Hanopan,12.77.02.1010
SUMATERA UTARA,12,KOTA PADANG SIDEMPUAN,12.77,Padangsidimpuan Selatan,12.77.02,Padang Matinggi Lestari,12.77.02.1011
SUMATERA UTARA,12,KOTA PADANG SIDEMPUAN,12.77,Padangsidimpuan Selatan,12.77.02,Sitamiang Baru,12.77.02.1012
SUMATERA UTARA,12,KOTA PADANG SIDEMPUAN,12.77,Padangsidimpuan Batunadua,12.77.03,Batunadua Jae,12.77.03.1001
SUMATERA UTARA,12,KOTA PADANG SIDEMPUAN,12.77,Padangsidimpuan Batunadua,12.77.03,Batunadua Julu,12.77.03.1002
SUMATERA UTARA,12,KOTA PADANG SIDEMPUAN,12.77,Padangsidimpuan Batunadua,12.77.03,Purwodadi,12.77.03.2003
SUMATERA UTARA,12,KOTA PADANG SIDEMPUAN,12.77,Padangsidimpuan Batunadua,12.77.03,Gunung Hasahatan,12.77.03.2004
SUMATERA UTARA,12,KOTA PADANG SIDEMPUAN,12.77,Padangsidimpuan Batunadua,12.77.03,Ujunggurap,12.77.03.2005
SUMATERA UTARA,12,KOTA PADANG SIDEMPUAN,12.77,Padangsidimpuan Batunadua,12.77.03,Aek Tuhul,12.77.03.2006
SUMATERA UTARA,12,KOTA PADANG SIDEMPUAN,12.77,Padangsidimpuan Batunadua,12.77.03,Baruas,12.77.03.2007
SUMATERA UTARA,12,KOTA PADANG SIDEMPUAN,12.77,Padangsidimpuan Batunadua,12.77.03,Siloting,12.77.03.2008
SUMATERA UTARA,12,KOTA PADANG SIDEMPUAN,12.77,Padangsidimpuan Batunadua,12.77.03,Aek Bayur,12.77.03.2009
SUMATERA UTARA,12,KOTA PADANG SIDEMPUAN,12.77,Padangsidimpuan Batunadua,12.77.03,Pudun Jae,12.77.03.2010
SUMATERA UTARA,12,KOTA PADANG SIDEMPUAN,12.77,Padangsidimpuan Batunadua,12.77.03,Pudun Julu,12.77.03.2011
SUMATERA UTARA,12,KOTA PADANG SIDEMPUAN,12.77,Padangsidimpuan Batunadua,12.77.03,Batang Bahal,12.77.03.2012
SUMATERA UTARA,12,KOTA PADANG SIDEMPUAN,12.77,Padangsidimpuan Batunadua,12.77.03,Aek Najaji,12.77.03.2013
SUMATERA UTARA,12,KOTA PADANG SIDEMPUAN,12.77,Padangsidimpuan Batunadua,12.77.03,Simirik,12.77.03.2014
SUMATERA UTARA,12,KOTA PADANG SIDEMPUAN,12.77,Padangsidimpuan Batunadua,12.77.03,Bargottopong,12.77.03.2015
SUMATERA UTARA,12,KOTA PADANG SIDEMPUAN,12.77,Padangsidimpuan Hutaimbaru,12.77.04,Hutaimbaru,12.77.04.1001
SUMATERA UTARA,12,KOTA PADANG SIDEMPUAN,12.77,Padangsidimpuan Hutaimbaru,12.77.04,Lubuk Raya,12.77.04.1002
SUMATERA UTARA,12,KOTA PADANG SIDEMPUAN,12.77,Padangsidimpuan Hutaimbaru,12.77.04,Sabungan Jae,12.77.04.1003
SUMATERA UTARA,12,KOTA PADANG SIDEMPUAN,12.77,Padangsidimpuan Hutaimbaru,12.77.04,Lembah Lubuk Manik,12.77.04.1004
SUMATERA UTARA,12,KOTA PADANG SIDEMPUAN,12.77,Padangsidimpuan Hutaimbaru,12.77.04,Palopat Maria,12.77.04.1005
SUMATERA UTARA,12,KOTA PADANG SIDEMPUAN,12.77,Padangsidimpuan Hutaimbaru,12.77.04,Sabungan Sipabangun,12.77.04.2006
SUMATERA UTARA,12,KOTA PADANG SIDEMPUAN,12.77,Padangsidimpuan Hutaimbaru,12.77.04,Singali,12.77.04.2007
SUMATERA UTARA,12,KOTA PADANG SIDEMPUAN,12.77,Padangsidimpuan Hutaimbaru,12.77.04,Huta Padang,12.77.04.2008
SUMATERA UTARA,12,KOTA PADANG SIDEMPUAN,12.77,Padangsidimpuan Hutaimbaru,12.77.04,Partihaman Saroha,12.77.04.2009
SUMATERA UTARA,12,KOTA PADANG SIDEMPUAN,12.77,Padangsidimpuan Hutaimbaru,12.77.04,Tinjoman Lama,12.77.04.2010
SUMATERA UTARA,12,KOTA PADANG SIDEMPUAN,12.77,Padangsidimpuan Tenggara,12.77.05,Sihitang,12.77.05.1001
SUMATERA UTARA,12,KOTA PADANG SIDEMPUAN,12.77,Padangsidimpuan Tenggara,12.77.05,Pijor Koling,12.77.05.1002
SUMATERA UTARA,12,KOTA PADANG SIDEMPUAN,12.77,Padangsidimpuan Tenggara,12.77.05,Palopat Pijor Koling,12.77.05.2003
SUMATERA UTARA,12,KOTA PADANG SIDEMPUAN,12.77,Padangsidimpuan Tenggara,12.77.05,Salambue,12.77.05.2004
SUMATERA UTARA,12,KOTA PADANG SIDEMPUAN,12.77,Padangsidimpuan Tenggara,12.77.05,Purbatua Pijor Koling,12.77.05.2005
SUMATERA UTARA,12,KOTA PADANG SIDEMPUAN,12.77,Padangsidimpuan Tenggara,12.77.05,Sigulang,12.77.05.2006
SUMATERA UTARA,12,KOTA PADANG SIDEMPUAN,12.77,Padangsidimpuan Tenggara,12.77.05,Manunggang Julu,12.77.05.2007
SUMATERA UTARA,12,KOTA PADANG SIDEMPUAN,12.77,Padangsidimpuan Tenggara,12.77.05,Goti,12.77.05.2008
SUMATERA UTARA,12,KOTA PADANG SIDEMPUAN,12.77,Padangsidimpuan Tenggara,12.77.05,Manegen,12.77.05.2009
SUMATERA UTARA,12,KOTA PADANG SIDEMPUAN,12.77,Padangsidimpuan Tenggara,12.77.05,Huta Koje,12.77.05.2010
SUMATERA UTARA,12,KOTA PADANG SIDEMPUAN,12.77,Padangsidimpuan Tenggara,12.77.05,Hutalimbong,12.77.05.2011
SUMATERA UTARA,12,KOTA PADANG SIDEMPUAN,12.77,Padangsidimpuan Tenggara,12.77.05,Huta Padang,12.77.05.2012
SUMATERA UTARA,12,KOTA PADANG SIDEMPUAN,12.77,Padangsidimpuan Tenggara,12.77.05,Perkebunan Pijor Koling,12.77.05.2013
SUMATERA UTARA,12,KOTA PADANG SIDEMPUAN,12.77,Padangsidimpuan Tenggara,12.77.05,Labuhan Labo,12.77.05.2014
SUMATERA UTARA,12,KOTA PADANG SIDEMPUAN,12.77,Padangsidimpuan Tenggara,12.77.05,Huta Lombang,12.77.05.2015
SUMATERA UTARA,12,KOTA PADANG SIDEMPUAN,12.77,Padangsidimpuan Tenggara,12.77.05,Manunggang Jae,12.77.05.2016
SUMATERA UTARA,12,KOTA PADANG SIDEMPUAN,12.77,Padangsidimpuan Tenggara,12.77.05,Labuhan Rasoki,12.77.05.2017
SUMATERA UTARA,12,KOTA PADANG SIDEMPUAN,12.77,Padangsidimpuan Tenggara,12.77.05,Tarutung Baru,12.77.05.2018
SUMATERA UTARA,12,KOTA PADANG SIDEMPUAN,12.77,Padangsidimpuan Angkola Julu,12.77.06,Joring Lombang,12.77.06.2001
SUMATERA UTARA,12,KOTA PADANG SIDEMPUAN,12.77,Padangsidimpuan Angkola Julu,12.77.06,Batu Layan,12.77.06.2002
SUMATERA UTARA,12,KOTA PADANG SIDEMPUAN,12.77,Padangsidimpuan Angkola Julu,12.77.06,Simasom,12.77.06.2003
SUMATERA UTARA,12,KOTA PADANG SIDEMPUAN,12.77,Padangsidimpuan Angkola Julu,12.77.06,Pintu Langit Jae,12.77.06.2004
SUMATERA UTARA,12,KOTA PADANG SIDEMPUAN,12.77,Padangsidimpuan Angkola Julu,12.77.06,Mompang,12.77.06.2005
SUMATERA UTARA,12,KOTA PADANG SIDEMPUAN,12.77,Padangsidimpuan Angkola Julu,12.77.06,Rimba Soping,12.77.06.2006
SUMATERA UTARA,12,KOTA PADANG SIDEMPUAN,12.77,Padangsidimpuan Angkola Julu,12.77.06,Simatohir,12.77.06.2007
SUMATERA UTARA,12,KOTA PADANG SIDEMPUAN,12.77,Padangsidimpuan Angkola Julu,12.77.06,Joring Natobang,12.77.06.2008
SUMATERA UTARA,12,KOTA GUNUNGSITOLI,12.78,Gunungsitoli,12.78.01,Bawodesolo,12.78.01.2001
SUMATERA UTARA,12,KOTA GUNUNGSITOLI,12.78,Gunungsitoli,12.78.01,Boyo,12.78.01.2002
SUMATERA UTARA,12,KOTA GUNUNGSITOLI,12.78,Gunungsitoli,12.78.01,Dahadano Gawu-Gawu,12.78.01.2003
SUMATERA UTARA,12,KOTA GUNUNGSITOLI,12.78,Gunungsitoli,12.78.01,Dahana Tabaloho,12.78.01.2004
SUMATERA UTARA,12,KOTA GUNUNGSITOLI,12.78,Gunungsitoli,12.78.01,Fadoro Lasara,12.78.01.2005
SUMATERA UTARA,12,KOTA GUNUNGSITOLI,12.78,Gunungsitoli,12.78.01,Hilihao,12.78.01.2006
SUMATERA UTARA,12,KOTA GUNUNGSITOLI,12.78,Gunungsitoli,12.78.01,Hilimbaruzo,12.78.01.2007
SUMATERA UTARA,12,KOTA GUNUNGSITOLI,12.78,Gunungsitoli,12.78.01,Hilina'a,12.78.01.2008
SUMATERA UTARA,12,KOTA GUNUNGSITOLI,12.78,Gunungsitoli,12.78.01,Iraonogeba,12.78.01.2009
SUMATERA UTARA,12,KOTA GUNUNGSITOLI,12.78,Gunungsitoli,12.78.01,Lasara Bahili,12.78.01.2010
SUMATERA UTARA,12,KOTA GUNUNGSITOLI,12.78,Gunungsitoli,12.78.01,Lolowonu Niko'otano,12.78.01.2011
SUMATERA UTARA,12,KOTA GUNUNGSITOLI,12.78,Gunungsitoli,12.78.01,Madula,12.78.01.2012
SUMATERA UTARA,12,KOTA GUNUNGSITOLI,12.78,Gunungsitoli,12.78.01,Madolaoli,12.78.01.2013
SUMATERA UTARA,12,KOTA GUNUNGSITOLI,12.78,Gunungsitoli,12.78.01,Mudik,12.78.01.2014
SUMATERA UTARA,12,KOTA GUNUNGSITOLI,12.78,Gunungsitoli,12.78.01,Miga,12.78.01.2015
SUMATERA UTARA,12,KOTA GUNUNGSITOLI,12.78,Gunungsitoli,12.78.01,Mo'awo,12.78.01.2016
SUMATERA UTARA,12,KOTA GUNUNGSITOLI,12.78,Gunungsitoli,12.78.01,Ombolata Ulu,12.78.01.2017
SUMATERA UTARA,12,KOTA GUNUNGSITOLI,12.78,Gunungsitoli,12.78.01,Onowaembo,12.78.01.2018
SUMATERA UTARA,12,KOTA GUNUNGSITOLI,12.78,Gunungsitoli,12.78.01,Onozitoli Olora,12.78.01.2019
SUMATERA UTARA,12,KOTA GUNUNGSITOLI,12.78,Gunungsitoli,12.78.01,Onozitoli Sifaoroasi,12.78.01.2020
SUMATERA UTARA,12,KOTA GUNUNGSITOLI,12.78,Gunungsitoli,12.78.01,Saewe,12.78.01.2021
SUMATERA UTARA,12,KOTA GUNUNGSITOLI,12.78,Gunungsitoli,12.78.01,Sifalaete Tabaloho,12.78.01.2022
SUMATERA UTARA,12,KOTA GUNUNGSITOLI,12.78,Gunungsitoli,12.78.01,Sifalaete Ulu,12.78.01.2023
SUMATERA UTARA,12,KOTA GUNUNGSITOLI,12.78,Gunungsitoli,12.78.01,Sihare'o II Tabaloho,12.78.01.2024
SUMATERA UTARA,12,KOTA GUNUNGSITOLI,12.78,Gunungsitoli,12.78.01,Simandraolo,12.78.01.2025
SUMATERA UTARA,12,KOTA GUNUNGSITOLI,12.78,Gunungsitoli,12.78.01,Sisarahiligamo,12.78.01.2026
SUMATERA UTARA,12,KOTA GUNUNGSITOLI,12.78,Gunungsitoli,12.78.01,Sisarahili Sisambualahe,12.78.01.2027
SUMATERA UTARA,12,KOTA GUNUNGSITOLI,12.78,Gunungsitoli,12.78.01,Sisobahili Tabaloho,12.78.01.2028
SUMATERA UTARA,12,KOTA GUNUNGSITOLI,12.78,Gunungsitoli,12.78.01,Tuhemberua Ulu,12.78.01.2029
SUMATERA UTARA,12,KOTA GUNUNGSITOLI,12.78,Gunungsitoli,12.78.01,Pasar Gunungsitoli,12.78.01.1030
SUMATERA UTARA,12,KOTA GUNUNGSITOLI,12.78,Gunungsitoli,12.78.01,Saombo,12.78.01.1031
SUMATERA UTARA,12,KOTA GUNUNGSITOLI,12.78,Gunungsitoli,12.78.01,Ilir,12.78.01.1032
SUMATERA UTARA,12,KOTA GUNUNGSITOLI,12.78,Gunungsitoli Selatan,12.78.02,Ononamolo I Lot,12.78.02.2001
SUMATERA UTARA,12,KOTA GUNUNGSITOLI,12.78,Gunungsitoli Selatan,12.78.02,Fodo,12.78.02.2002
SUMATERA UTARA,12,KOTA GUNUNGSITOLI,12.78,Gunungsitoli Selatan,12.78.02,Faekhu,12.78.02.2003
SUMATERA UTARA,12,KOTA GUNUNGSITOLI,12.78,Gunungsitoli Selatan,12.78.02,Lolofaoso Tabaloho,12.78.02.2004
SUMATERA UTARA,12,KOTA GUNUNGSITOLI,12.78,Gunungsitoli Selatan,12.78.02,Lolomboli,12.78.02.2005
SUMATERA UTARA,12,KOTA GUNUNGSITOLI,12.78,Gunungsitoli Selatan,12.78.02,Mazingo Tabaloho,12.78.02.2006
SUMATERA UTARA,12,KOTA GUNUNGSITOLI,12.78,Gunungsitoli Selatan,12.78.02,Onozitoli Tabaloho,12.78.02.2007
SUMATERA UTARA,12,KOTA GUNUNGSITOLI,12.78,Gunungsitoli Selatan,12.78.02,Lololakha,12.78.02.2008
SUMATERA UTARA,12,KOTA GUNUNGSITOLI,12.78,Gunungsitoli Selatan,12.78.02,Sihare'o I Tabaloho,12.78.02.2009
SUMATERA UTARA,12,KOTA GUNUNGSITOLI,12.78,Gunungsitoli Selatan,12.78.02,Ombolata Simenari,12.78.02.2010
SUMATERA UTARA,12,KOTA GUNUNGSITOLI,12.78,Gunungsitoli Selatan,12.78.02,Hiligara,12.78.02.2011
SUMATERA UTARA,12,KOTA GUNUNGSITOLI,12.78,Gunungsitoli Selatan,12.78.02,Luahalaraga,12.78.02.2012
SUMATERA UTARA,12,KOTA GUNUNGSITOLI,12.78,Gunungsitoli Selatan,12.78.02,Sisobahili II Tanose'o,12.78.02.2013
SUMATERA UTARA,12,KOTA GUNUNGSITOLI,12.78,Gunungsitoli Selatan,12.78.02,Hiligodu Ombolata,12.78.02.2014
SUMATERA UTARA,12,KOTA GUNUNGSITOLI,12.78,Gunungsitoli Selatan,12.78.02,Tetehosi Ombolata,12.78.02.2015
SUMATERA UTARA,12,KOTA GUNUNGSITOLI,12.78,Gunungsitoli Utara,12.78.03,Afia,12.78.03.2001
SUMATERA UTARA,12,KOTA GUNUNGSITOLI,12.78,Gunungsitoli Utara,12.78.03,Lolo'ana'a Lolomoyo,12.78.03.2002
SUMATERA UTARA,12,KOTA GUNUNGSITOLI,12.78,Gunungsitoli Utara,12.78.03,Lasara Sowu,12.78.03.2003
SUMATERA UTARA,12,KOTA GUNUNGSITOLI,12.78,Gunungsitoli Utara,12.78.03,Telukbelukar,12.78.03.2004
SUMATERA UTARA,12,KOTA GUNUNGSITOLI,12.78,Gunungsitoli Utara,12.78.03,Tetehosi Afia,12.78.03.2005
SUMATERA UTARA,12,KOTA GUNUNGSITOLI,12.78,Gunungsitoli Utara,12.78.03,Hambawa,12.78.03.2006
SUMATERA UTARA,12,KOTA GUNUNGSITOLI,12.78,Gunungsitoli Utara,12.78.03,Gawu-Gawu Bo'uso,12.78.03.2007
SUMATERA UTARA,12,KOTA GUNUNGSITOLI,12.78,Gunungsitoli Utara,12.78.03,Olora,12.78.03.2008
SUMATERA UTARA,12,KOTA GUNUNGSITOLI,12.78,Gunungsitoli Utara,12.78.03,Hilimbowo Olora,12.78.03.2009
SUMATERA UTARA,12,KOTA GUNUNGSITOLI,12.78,Gunungsitoli Utara,12.78.03,Hiligodu Ulu,12.78.03.2010
SUMATERA UTARA,12,KOTA GUNUNGSITOLI,12.78,Gunungsitoli Idanoi,12.78.04,Sifalaete,12.78.04.2001
SUMATERA UTARA,12,KOTA GUNUNGSITOLI,12.78,Gunungsitoli Idanoi,12.78.04,Hilimbawodesolo,12.78.04.2002
SUMATERA UTARA,12,KOTA GUNUNGSITOLI,12.78,Gunungsitoli Idanoi,12.78.04,Dahana,12.78.04.2003
SUMATERA UTARA,12,KOTA GUNUNGSITOLI,12.78,Gunungsitoli Idanoi,12.78.04,Bawodesolo,12.78.04.2004
SUMATERA UTARA,12,KOTA GUNUNGSITOLI,12.78,Gunungsitoli Idanoi,12.78.04,Tuhegeo I,12.78.04.2005
SUMATERA UTARA,12,KOTA GUNUNGSITOLI,12.78,Gunungsitoli Idanoi,12.78.04,Simanaere,12.78.04.2006
SUMATERA UTARA,12,KOTA GUNUNGSITOLI,12.78,Gunungsitoli Idanoi,12.78.04,Humene,12.78.04.2007
SUMATERA UTARA,12,KOTA GUNUNGSITOLI,12.78,Gunungsitoli Idanoi,12.78.04,Siwalubanua II,12.78.04.2008
SUMATERA UTARA,12,KOTA GUNUNGSITOLI,12.78,Gunungsitoli Idanoi,12.78.04,Helefanikha,12.78.04.2009
SUMATERA UTARA,12,KOTA GUNUNGSITOLI,12.78,Gunungsitoli Idanoi,12.78.04,Tetehosi I,12.78.04.2010
SUMATERA UTARA,12,KOTA GUNUNGSITOLI,12.78,Gunungsitoli Idanoi,12.78.04,Fowa,12.78.04.2011
SUMATERA UTARA,12,KOTA GUNUNGSITOLI,12.78,Gunungsitoli Idanoi,12.78.04,Binaka,12.78.04.2012
SUMATERA UTARA,12,KOTA GUNUNGSITOLI,12.78,Gunungsitoli Idanoi,12.78.04,Idanotae,12.78.04.2013
SUMATERA UTARA,12,KOTA GUNUNGSITOLI,12.78,Gunungsitoli Idanoi,12.78.04,Tetehosi II,12.78.04.2014
SUMATERA UTARA,12,KOTA GUNUNGSITOLI,12.78,Gunungsitoli Idanoi,12.78.04,Lolo'ana'a Idanoi,12.78.04.2015
SUMATERA UTARA,12,KOTA GUNUNGSITOLI,12.78,Gunungsitoli Idanoi,12.78.04,Siwalubanua I,12.78.04.2016
SUMATERA UTARA,12,KOTA GUNUNGSITOLI,12.78,Gunungsitoli Idanoi,12.78.04,Hilihambawa,12.78.04.2017
SUMATERA UTARA,12,KOTA GUNUNGSITOLI,12.78,Gunungsitoli Idanoi,12.78.04,Awa'ai,12.78.04.2018
SUMATERA UTARA,12,KOTA GUNUNGSITOLI,12.78,Gunungsitoli Idanoi,12.78.04,Lewuoguru Idanoi,12.78.04.2019
SUMATERA UTARA,12,KOTA GUNUNGSITOLI,12.78,Gunungsitoli Idanoi,12.78.04,Fadoro,12.78.04.2020
SUMATERA UTARA,12,KOTA GUNUNGSITOLI,12.78,Gunungsitoli Idanoi,12.78.04,Hiliweto Idanoi,12.78.04.2021
SUMATERA UTARA,12,KOTA GUNUNGSITOLI,12.78,Gunungsitoli Idanoi,12.78.04,Hilimbowo Idanoi,12.78.04.2022
SUMATERA UTARA,12,KOTA GUNUNGSITOLI,12.78,Gunungsitoli Idanoi,12.78.04,Onowaembo,12.78.04.2023
SUMATERA UTARA,12,KOTA GUNUNGSITOLI,12.78,Gunungsitoli Idanoi,12.78.04,Ombolata,12.78.04.2024
SUMATERA UTARA,12,KOTA GUNUNGSITOLI,12.78,Gunungsitoli Idanoi,12.78.04,Samasi,12.78.04.2025
SUMATERA UTARA,12,KOTA GUNUNGSITOLI,12.78,Gunungsitoli Idanoi,12.78.04,Tuhegeo II,12.78.04.2026
SUMATERA UTARA,12,KOTA GUNUNGSITOLI,12.78,Gunungsitoli Alo'oa,12.78.05,Nazalou Alo'oa,12.78.05.2001
SUMATERA UTARA,12,KOTA GUNUNGSITOLI,12.78,Gunungsitoli Alo'oa,12.78.05,Niko'otano Dao,12.78.05.2002
SUMATERA UTARA,12,KOTA GUNUNGSITOLI,12.78,Gunungsitoli Alo'oa,12.78.05,Iraonolase,12.78.05.2003
SUMATERA UTARA,12,KOTA GUNUNGSITOLI,12.78,Gunungsitoli Alo'oa,12.78.05,Orahili Tanose'o,12.78.05.2004
SUMATERA UTARA,12,KOTA GUNUNGSITOLI,12.78,Gunungsitoli Alo'oa,12.78.05,Tarakhaini,12.78.05.2005
SUMATERA UTARA,12,KOTA GUNUNGSITOLI,12.78,Gunungsitoli Alo'oa,12.78.05,Fadoro Hilimbowo,12.78.05.2006
SUMATERA UTARA,12,KOTA GUNUNGSITOLI,12.78,Gunungsitoli Alo'oa,12.78.05,Fadoro You,12.78.05.2007
SUMATERA UTARA,12,KOTA GUNUNGSITOLI,12.78,Gunungsitoli Alo'oa,12.78.05,Lololawa,12.78.05.2008
SUMATERA UTARA,12,KOTA GUNUNGSITOLI,12.78,Gunungsitoli Alo'oa,12.78.05,Nazalou Lolowua,12.78.05.2009
SUMATERA UTARA,12,KOTA GUNUNGSITOLI,12.78,Gunungsitoli Barat,12.78.06,Tumori,12.78.06.2001
SUMATERA UTARA,12,KOTA GUNUNGSITOLI,12.78,Gunungsitoli Barat,12.78.06,Tumori Balohili,12.78.06.2002
SUMATERA UTARA,12,KOTA GUNUNGSITOLI,12.78,Gunungsitoli Barat,12.78.06,Orahili Tumori,12.78.06.2003
SUMATERA UTARA,12,KOTA GUNUNGSITOLI,12.78,Gunungsitoli Barat,12.78.06,Gada,12.78.06.2004
SUMATERA UTARA,12,KOTA GUNUNGSITOLI,12.78,Gunungsitoli Barat,12.78.06,Lolomoyo Tuhemberua,12.78.06.2005
SUMATERA UTARA,12,KOTA GUNUNGSITOLI,12.78,Gunungsitoli Barat,12.78.06,Sihare'o Siwahili,12.78.06.2006
SUMATERA UTARA,12,KOTA GUNUNGSITOLI,12.78,Gunungsitoli Barat,12.78.06,Hilinakhe,12.78.06.2007
SUMATERA UTARA,12,KOTA GUNUNGSITOLI,12.78,Gunungsitoli Barat,12.78.06,Onozikho,12.78.06.2008
SUMATERA UTARA,12,KOTA GUNUNGSITOLI,12.78,Gunungsitoli Barat,12.78.06,Ononamolo II Lot,12.78.06.2009
