kab_id,sektor_id,tahun,nilai
21.71,1,2021,1107090000000
21.71,2,2021,73200000000
21.71,3,2021,64672840000000
21.71,4,2021,1506710000000
21.71,5,2021,210750000000
21.71,6,2021,21880620000000
21.71,7,2021,6219690000000
21.71,8,2021,1276500000000
21.71,9,2021,1423410000000
21.71,10,2021,4306470000000
21.71,11,2021,3860470000000
21.71,12,2021,1282120000000
21.71,13,2021,3080000000
21.71,14,2021,1306760000000
21.71,15,2021,915560000000
21.71,16,2021,881290000000
21.71,17,2021,142370000000
21.71,1,2022,1156740000000
21.71,2,2022,77860000000
21.71,3,2022,68824750000000
21.71,4,2022,1745970000000
21.71,5,2022,219330000000
21.71,6,2022,22840390000000
21.71,7,2022,6657450000000
21.71,8,2022,1871810000000
21.71,9,2022,2117710000000
21.71,10,2022,4407710000000
21.71,11,2022,4042360000000
21.71,12,2022,1342550000000
21.71,13,2022,3480000000
21.71,14,2022,1320650000000
21.71,15,2022,920660000000
21.71,16,2022,939460000000
21.71,17,2022,176310000000
21.71,1,2023,1056660000000
21.71,2,2023,84470000000
21.71,3,2023,71915430000000
21.71,4,2023,1904920000000
21.71,5,2023,223200000000
21.71,6,2023,25092830000000
21.71,7,2023,7289970000000
21.71,8,2023,2161520000000
21.71,9,2023,2773110000000
21.71,10,2023,5223010000000
21.71,11,2023,4415760000000
21.71,12,2023,1384440000000
21.71,13,2023,3820000000
21.71,14,2023,1363440000000
21.71,15,2023,939590000000
21.71,16,2023,962990000000
21.71,17,2023,221810000000
21.71,1,2024,973110000000
21.71,2,2024,89950000000
21.71,3,2024,77835010000000
21.71,4,2024,2042680000000
21.71,5,2024,23635000000
21.71,6,2024,25491800000000
21.71,7,2024,7949370000000
21.71,8,2024,2306460000000
21.71,9,2024,2899030000000
21.71,10,2024,5549330000000
21.71,11,2024,4793160000000
21.71,12,2024,1479420000000
21.71,13,2024,3990000000
21.71,14,2024,1523530000000
21.71,15,2024,989340000000
21.71,16,2024,1098120000000
21.71,17,2024,250920000000
21.71,1,2025,1061130000000
21.71,2,2025,89980000000
21.71,3,2025,83200480000000
21.71,4,2025,2285790000000
21.71,5,2025,254820000000
21.71,6,2025,27173750000000
21.71,7,2025,8660460000000
21.71,8,2025,2373760000000
21.71,9,2025,2907270000000
21.71,10,2025,5706550000000
21.71,11,2025,5178780000000
21.71,12,2025,1696880000000
21.71,13,2025,4350000000
21.71,14,2025,1650020000000
21.71,15,2025,1042120000000
21.71,16,2025,1122290000000
21.71,17,2025,266310000000
21.72,1,2021,109040000000
21.72,2,2021,990000000
21.72,3,2021,964330000000
21.72,4,2021,36980000000
21.72,5,2021,11150000000
21.72,6,2021,4401930000000
21.72,7,2021,3617340000000
21.72,8,2021,583190000000
21.72,9,2021,149340000000
21.72,10,2021,585180000000
21.72,11,2021,490430000000
21.72,12,2021,493600000000
21.72,13,2021,2050000000
21.72,14,2021,1436300000000
21.72,15,2021,605480000000
21.72,16,2021,394810000000
21.72,17,2021,138060000000
21.72,1,2022,111980000000
21.72,2,2022,1010000000
21.72,3,2022,986170000000
21.72,4,2022,38330000000
21.72,5,2022,11450000000
21.72,6,2022,4424670000000
21.72,7,2022,3789910000000
21.72,8,2022,752330000000
21.72,9,2022,199940000000
21.72,10,2022,609850000000
21.72,11,2022,500140000000
21.72,12,2022,507220000000
21.72,13,2022,2170000000
21.72,14,2022,1484590000000
21.72,15,2022,619240000000
21.72,16,2022,401010000000
21.72,17,2022,157570000000
21.72,1,2023,114560000000
21.72,2,2023,910000000
21.72,3,2023,1013040000000
21.72,4,2023,41020000000
21.72,5,2023,11930000000
21.72,6,2023,4449960000000
21.72,7,2023,4013640000000
21.72,8,2023,836720000000
21.72,9,2023,241260000000
21.72,10,2023,663760000000
21.72,11,2023,533330000000
21.72,12,2023,546920000000
21.72,13,2023,2390000000
21.72,14,2023,1614440000000
21.72,15,2023,639400000000
21.72,16,2023,420090000000
21.72,17,2023,172730000000
21.72,1,2024,116740000000
21.72,2,2024,860000000
21.72,3,2024,1019590000000
21.72,4,2024,43210000000
21.72,5,2024,11780000000
21.72,6,2024,4426050000000
21.72,7,2024,4329700000000
21.72,8,2024,903800000000
21.72,9,2024,254320000000
21.72,10,2024,704760000000
21.72,11,2024,556740000000
21.72,12,2024,572860000000
21.72,13,2024,2430000000
21.72,14,2024,1668820000000
21.72,15,2024,643040000000
21.72,16,2024,448270000000
21.72,17,2024,191770000000
21.72,1,2025,119410000000
21.72,2,2025,790000000
21.72,3,2025,1041290000000
21.72,4,2025,44450000000
21.72,5,2025,13370000000
21.72,6,2025,4273780000000
21.72,7,2025,4773760000000
21.72,8,2025,961680000000
21.72,9,2025,285570000000
21.72,10,2025,739800000000
21.72,11,2025,584160000000
21.72,12,2025,570310000000
21.72,13,2025,2650000000
21.72,14,2025,1622500000000
21.72,15,2025,687300000000
21.72,16,2025,507360000000
21.72,17,2025,193480000000
21.03,1,2021,1711790000000
21.03,2,2021,10486600000000
21.03,3,2021,115980000000
21.03,4,2021,11550000000
21.03,5,2021,1060000000
21.03,6,2021,1064910000000
21.03,7,2021,456690000000
21.03,8,2021,79360000000
21.03,9,2021,72090000000
21.03,10,2021,140380000000
21.03,11,2021,21080000000
21.03,12,2021,110520000000
21.03,13,2021,30000000
21.03,14,2021,289000000000
21.03,15,2021,25920000000
21.03,16,2021,48620000000
21.03,17,2021,9820000000
21.03,1,2022,1768010000000
21.03,2,2022,10385840000000
21.03,3,2022,117370000000
21.03,4,2022,11910000000
21.03,5,2022,1100000000
21.03,6,2022,1070330000000
21.03,7,2022,478210000000
21.03,8,2022,88670000000
21.03,9,2022,74780000000
21.03,10,2022,146320000000
21.03,11,2022,21430000000
21.03,12,2022,114410000000
21.03,13,2022,30000000
21.03,14,2022,296070000000
21.03,15,2022,26730000000
21.03,16,2022,50370000000
21.03,17,2022,10170000000
21.03,1,2023,1838690000000
21.03,2,2023,10362920000000
21.03,3,2023,117400000000
21.03,4,2023,12650000000
21.03,5,2023,1130000000
21.03,6,2023,1113380000000
21.03,7,2023,496470000000
21.03,8,2023,92860000000
21.03,9,2023,77370000000
21.03,10,2023,146440000000
21.03,11,2023,22040000000
21.03,12,2023,118100000000
21.03,13,2023,30000000
21.03,14,2023,298230000000
21.03,15,2023,26890000000
21.03,16,2023,50890000000
21.03,17,2023,10630000000
21.03,1,2024,1860380000000
21.03,2,2024,9728940000000
21.03,3,2024,120960000000
21.03,4,2024,13450000000
21.03,5,2024,1130000000
21.03,6,2024,1122330000000
21.03,7,2024,525960000000
21.03,8,2024,90780000000
21.03,9,2024,79690000000
21.03,10,2024,146460000000
21.03,11,2024,22550000000
21.03,12,2024,126170000000
21.03,13,2024,30000000
21.03,14,2024,327070000000
21.03,15,2024,28070000000
21.03,16,2024,53640000000
21.03,17,2024,11040000000
21.03,1,2025,1803100000000
21.03,2,2025,11297790000000
21.03,3,2025,120700000000
21.03,4,2025,14000000000
21.03,5,2025,1140000000
21.03,6,2025,1061630000000
21.03,7,2025,559300000000
21.03,8,2025,92910000000
21.03,9,2025,81270000000
21.03,10,2025,126780000000
21.03,11,2025,23100000000
21.03,12,2025,126100000000
21.03,13,2025,30000000
21.03,14,2025,348570000000
21.03,15,2025,29670000000
21.03,16,2025,57340000000
21.03,17,2025,11360000000
21.05,1,2021,634700000000
21.05,2,2021,9056280000000
21.05,3,2021,16080000000
21.05,4,2021,6700000000
21.05,5,2021,320000000
21.05,6,2021,667750000000
21.05,7,2021,262870000000
21.05,8,2021,14270000000
21.05,9,2021,11640000000
21.05,10,2021,66700000000
21.05,11,2021,16650000000
21.05,12,2021,73990000000
21.05,13,2021,20000000
21.05,14,2021,223730000000
21.05,15,2021,23290000000
21.05,16,2021,26410000000
21.05,17,2021,7090000000
21.05,1,2022,645370000000
21.05,2,2022,8991520000000
21.05,3,2022,16580000000
21.05,4,2022,6890000000
21.05,5,2022,340000000
21.05,6,2022,686890000000
21.05,7,2022,289560000000
21.05,8,2022,15760000000
21.05,9,2022,12910000000
21.05,10,2022,68810000000
21.05,11,2022,16860000000
21.05,12,2022,76350000000
21.05,13,2022,20000000
21.05,14,2022,230610000000
21.05,15,2022,24190000000
21.05,16,2022,27850000000
21.05,17,2022,7700000000
21.05,1,2023,663240000000
21.05,2,2023,8972860000000
21.05,3,2023,16820000000
21.05,4,2023,7090000000
21.05,5,2023,340000000
21.05,6,2023,724740000000
21.05,7,2023,307090000000
21.05,8,2023,16460000000
21.05,9,2023,13590000000
21.05,10,2023,75310000000
21.05,11,2023,17430000000
21.05,12,2023,76620000000
21.05,13,2023,20000000
21.05,14,2023,236990000000
21.05,15,2023,25090000000
21.05,16,2023,25950000000
21.05,17,2023,7850000000
21.05,1,2024,666460000000
21.05,2,2024,8272410000000
21.05,3,2024,16790000000
21.05,4,2024,7280000000
21.05,5,2024,350000000
21.05,6,2024,744480000000
21.05,7,2024,334790000000
21.05,8,2024,16170000000
21.05,9,2024,14170000000
21.05,10,2024,78610000000
21.05,11,2024,17430000000
21.05,12,2024,79060000000
21.05,13,2024,20000000
21.05,14,2024,244270000000
21.05,15,2024,25900000000
21.05,16,2024,26120000000
21.05,17,2024,8880000000
21.05,1,2025,660700000000
21.05,2,2025,9847390000000
21.05,3,2025,17150000000
21.05,4,2025,7390000000
21.05,5,2025,340000000
21.05,6,2025,767980000000
21.05,7,2025,358380000000
21.05,8,2025,17070000000
21.05,9,2025,14470000000
21.05,10,2025,80060000000
21.05,11,2025,16700000000
21.05,12,2025,80010000000
21.05,13,2025,20000000
21.05,14,2025,263870000000
21.05,15,2025,26480000000
21.05,16,2025,26500000000
21.05,17,2025,9020000000
21.04,1,2021,685750000000
21.04,2,2021,144910000000
21.04,3,2021,22480000000
21.04,4,2021,8410000000
21.04,5,2021,910000000
21.04,6,2021,598350000000
21.04,7,2021,630410000000
21.04,8,2021,38330000000
21.04,9,2021,67950000000
21.04,10,2021,123170000000
21.04,11,2021,26410000000
21.04,12,2021,77500000000
21.04,13,2021,30000000
21.04,14,2021,225710000000
21.04,15,2021,203070000000
21.04,16,2021,97090000000
21.04,17,2021,21090000000
21.04,1,2022,696170000000
21.04,2,2022,146560000000
21.04,3,2022,23140000000
21.04,4,2022,8730000000
21.04,5,2022,960000000
21.04,6,2022,628850000000
21.04,7,2022,661570000000
21.04,8,2022,42630000000
21.04,9,2022,73780000000
21.04,10,2022,128650000000
21.04,11,2022,27010000000
21.04,12,2022,80800000000
21.04,13,2022,30000000
21.04,14,2022,232990000000
21.04,15,2022,208010000000
21.04,16,2022,100750000000
21.04,17,2022,22180000000
21.04,1,2023,710880000000
21.04,2,2023,148180000000
21.04,3,2023,23950000000
21.04,4,2023,9520000000
21.04,5,2023,980000000
21.04,6,2023,648590000000
21.04,7,2023,692330000000
21.04,8,2023,50670000000
21.04,9,2023,88750000000
21.04,10,2023,153450000000
21.04,11,2023,28710000000
21.04,12,2023,80820000000
21.04,13,2023,30000000
21.04,14,2023,240050000000
21.04,15,2023,215930000000
21.04,16,2023,100240000000
21.04,17,2023,22310000000
21.04,1,2024,712310000000
21.04,2,2024,159030000000
21.04,3,2024,24060000000
21.04,4,2024,10050000000
21.04,5,2024,990000000
21.04,6,2024,684060000000
21.04,7,2024,743670000000
21.04,8,2024,53460000000
21.04,9,2024,99250000000
21.04,10,2024,155250000000
21.04,11,2024,29370000000
21.04,12,2024,84290000000
21.04,13,2024,30000000
21.04,14,2024,257950000000
21.04,15,2024,218300000000
21.04,16,2024,101750000000
21.04,17,2024,23600000000
21.02,1,2021,1473450000000
21.02,2,2021,1010730000000
21.02,3,2021,1235090000000
21.02,4,2021,28530000000
21.02,5,2021,4150000000
21.02,6,2021,1852570000000
21.02,7,2021,1542520000000
21.02,8,2021,232220000000
21.02,9,2021,171540000000
21.02,10,2021,371110000000
21.02,11,2021,161220000000
21.02,12,2021,296370000000
21.02,13,2021,1710000000
21.02,14,2021,342160000000
21.02,15,2021,305360000000
21.02,16,2021,199900000000
21.02,17,2021,104140000000
21.02,1,2022,1503410000000
21.02,2,2022,975930000000
21.02,3,2022,1269550000000
21.02,4,2022,31520000000
21.02,5,2022,4370000000
21.02,6,2022,1923170000000
21.02,7,2022,1676090000000
21.02,8,2022,283170000000
21.02,9,2022,219800000000
21.02,10,2022,390390000000
21.02,11,2022,165060000000
21.02,12,2022,306630000000
21.02,13,2022,1840000000
21.02,14,2022,349050000000
21.02,15,2022,313140000000
21.02,16,2022,204880000000
21.02,17,2022,123860000000
21.02,1,2023,1552780000000
21.02,2,2023,955900000000
21.02,3,2023,1366480000000
21.02,4,2023,35000000000
21.02,5,2023,4400000000
21.02,6,2023,1958480000000
21.02,7,2023,1800800000000
21.02,8,2023,341000000000
21.02,9,2023,258850000000
21.02,10,2023,486260000000
21.02,11,2023,177490000000
21.02,12,2023,318800000000
21.02,13,2023,2100000000
21.02,14,2023,363410000000
21.02,15,2023,325460000000
21.02,16,2023,186560000000
21.02,17,2023,143830000000
21.02,1,2024,1536840000000
21.02,2,2024,946860000000
21.02,3,2024,1724900000000
21.02,4,2024,38370000000
21.02,5,2024,4550000000
21.02,6,2024,2010410000000
21.02,7,2024,1888100000000
21.02,8,2024,357650000000
21.02,9,2024,284140000000
21.02,10,2024,509940000000
21.02,11,2024,186960000000
21.02,12,2024,334720000000
21.02,13,2024,2110000000
21.02,14,2024,425310000000
21.02,15,2024,335580000000
21.02,16,2024,200140000000
21.02,17,2024,154000000000
21.02,1,2025,1640620000000
21.02,2,2025,951400000000
21.02,3,2025,1842160000000
21.02,4,2025,42420000000
21.02,5,2025,5030000000
21.02,6,2025,2115700000000
21.02,7,2025,2027770000000
21.02,8,2025,394670000000
21.02,9,2025,304810000000
21.02,10,2025,515030000000
21.02,11,2025,193390000000
21.02,12,2025,352000000000
21.02,13,2025,2270000000
21.02,14,2025,430970000000
21.02,15,2025,353130000000
21.02,16,2025,207230000000
21.02,17,2025,156970000000
21.01,1,2021,933660000000
21.01,2,2021,667280000000
21.01,3,2021,5587470000000
21.01,4,2021,21160000000
21.01,5,2021,8770000000
21.01,6,2021,3050920000000
21.01,7,2021,1360790000000
21.01,8,2021,314920000000
21.01,9,2021,527900000000
21.01,10,2021,222590000000
21.01,11,2021,258960000000
21.01,12,2021,180990000000
21.01,13,2021,120000000
21.01,14,2021,347550000000
21.01,15,2021,268980000000
21.01,16,2021,158560000000
21.01,17,2021,22860000000
21.01,1,2022,969930000000
21.01,2,2022,426040000000
21.01,3,2022,6493920000000
21.01,4,2022,21840000000
21.01,5,2022,9090000000
21.01,6,2022,3075020000000
21.01,7,2022,1411650000000
21.01,8,2022,335240000000
21.01,9,2022,746480000000
21.01,10,2022,229030000000
21.01,11,2022,262940000000
21.01,12,2022,185880000000
21.01,13,2022,130000000
21.01,14,2022,363090000000
21.01,15,2022,278270000000
21.01,16,2022,166420000000
21.01,17,2022,25760000000
21.01,1,2023,1005070000000
21.01,2,2023,378280000000
21.01,3,2023,7182660000000
21.01,4,2023,23790000000
21.01,5,2023,9410000000
21.01,6,2023,3141910000000
21.01,7,2023,1562750000000
21.01,8,2023,423080000000
21.01,9,2023,989780000000
21.01,10,2023,228290000000
21.01,11,2023,275810000000
21.01,12,2023,188950000000
21.01,13,2023,150000000
21.01,14,2023,368380000000
21.01,15,2023,292640000000
21.01,16,2023,146250000000
21.01,17,2023,32250000000
21.01,1,2024,1023940000000
21.01,2,2024,249280000000
21.01,3,2024,8098660000000
21.01,4,2024,25340000000
21.01,5,2024,9820000000
21.01,6,2024,3377270000000
21.01,7,2024,1702280000000
21.01,8,2024,434900000000
21.01,9,2024,1083590000000
21.01,10,2024,241130000000
21.01,11,2024,284890000000
21.01,12,2024,189000000000
21.01,13,2024,150000000
21.01,14,2024,470440000000
21.01,15,2024,317170000000
21.01,16,2024,150740000000
21.01,17,2024,35110000000
21.01,1,2025,1034250000000
21.01,2,2025,309120000000
21.01,3,2025,8463140000000
21.01,4,2025,30890000000
21.01,5,2025,10310000000
21.01,6,2025,3752140000000
21.01,7,2025,1878220000000
21.01,8,2025,454230000000
21.01,9,2025,1156550000000
21.01,10,2025,243830000000
21.01,11,2025,286300000000
21.01,12,2025,193870000000
21.01,13,2025,170000000
21.01,14,2025,501440000000
21.01,15,2025,318780000000
21.01,16,2025,161570000000
21.01,17,2025,35990000000
19.71,1,2021,448680000000
19.71,2,2021,0
19.71,3,2021,1790380000000
19.71,4,2021,8360000000
19.71,5,2021,2630000000
19.71,6,2021,1048290000000
19.71,7,2021,2365790000000
19.71,8,2021,569530000000
19.71,9,2021,344740000000
19.71,10,2021,548680000000
19.71,11,2021,425510000000
19.71,12,2021,521640000000
19.71,13,2021,36980000000
19.71,14,2021,636660000000
19.71,15,2021,461900000000
19.71,16,2021,221970000000
19.71,17,2021,179690000000
19.71,1,2022,446040000000
19.71,2,2022,0
19.71,3,2022,1957130000000
19.71,4,2022,8030000000
19.71,5,2022,2740000000
19.71,6,2022,1027260000000
19.71,7,2022,2587250000000
19.71,8,2022,630810000000
19.71,9,2022,383200000000
19.71,10,2022,608540000000
19.71,11,2022,443560000000
19.71,12,2022,551820000000
19.71,13,2022,40790000000
19.71,14,2022,627050000000
19.71,15,2022,472850000000
19.71,16,2022,226440000000
19.71,17,2022,194520000000
19.71,1,2023,453160000000
19.71,2,2023,0
19.71,3,2023,1978070000000
19.71,4,2023,8320000000
19.71,5,2023,2750000000
19.71,6,2023,1122120000000
19.71,7,2023,2626600000000
19.71,8,2023,675500000000
19.71,9,2023,424420000000
19.71,10,2023,699610000000
19.71,11,2023,498270000000
19.71,12,2023,577640000000
19.71,13,2023,44510000000
19.71,14,2023,655340000000
19.71,15,2023,522620000000
19.71,16,2023,245520000000
19.71,17,2023,216360000000
19.71,1,2024,467590000000
19.71,2,2024,0
19.71,3,2024,1379370000000
19.71,4,2024,8630000000
19.71,5,2024,2860000000
19.71,6,2024,1120030000000
19.71,7,2024,2656390000000
19.71,8,2024,706620000000
19.71,9,2024,442080000000
19.71,10,2024,773220000000
19.71,11,2024,504900000000
19.71,12,2024,603240000000
19.71,13,2024,47990000000
19.71,14,2024,723430000000
19.71,15,2024,581170000000
19.71,16,2024,250500000000
19.71,17,2024,235890000000
19.71,1,2025,486700000000
19.71,2,2025,0
19.71,3,2025,1518900000000
19.71,4,2025,8980000000
19.71,5,2025,2930000000
19.71,6,2025,1085300000000
19.71,7,2025,2729160000000
19.71,8,2025,768840000000
19.71,9,2025,484840000000
19.71,10,2025,844150000000
19.71,11,2025,510600000000
19.71,12,2025,626760000000
19.71,13,2025,51350000000
19.71,14,2025,722110000000
19.71,15,2025,618240000000
19.71,16,2025,264500000000
19.71,17,2025,257540000000
19.06,1,2021,1426660000000
19.06,2,2021,996210000000
19.06,3,2021,1163930000000
19.06,4,2021,4050000000
19.06,5,2021,1040000000
19.06,6,2021,415430000000
19.06,7,2021,565730000000
19.06,8,2021,110240000000
19.06,9,2021,135400000000
19.06,10,2021,92150000000
19.06,11,2021,26040000000
19.06,12,2021,166390000000
19.06,13,2021,15090000000
19.06,14,2021,340530000000
19.06,15,2021,138740000000
19.06,16,2021,87410000000
19.06,17,2021,29760000000
19.06,1,2022,1447930000000
19.06,2,2022,994830000000
19.06,3,2022,1233190000000
19.06,4,2022,3950000000
19.06,5,2022,1090000000
19.06,6,2022,416060000000
19.06,7,2022,634500000000
19.06,8,2022,121500000000
19.06,9,2022,153110000000
19.06,10,2022,99090000000
19.06,11,2022,27760000000
19.06,12,2022,176180000000
19.06,13,2022,16460000000
19.06,14,2022,341550000000
19.06,15,2022,142220000000
19.06,16,2022,89610000000
19.06,17,2022,32070000000
19.06,1,2023,1520080000000
19.06,2,2023,976110000000
19.06,3,2023,1278840000000
19.06,4,2023,4090000000
19.06,5,2023,1090000000
19.06,6,2023,457270000000
19.06,7,2023,665920000000
19.06,8,2023,128020000000
19.06,9,2023,171170000000
19.06,10,2023,113090000000
19.06,11,2023,31780000000
19.06,12,2023,186130000000
19.06,13,2023,17770000000
19.06,14,2023,371640000000
19.06,15,2023,154800000000
19.06,16,2023,97910000000
19.06,17,2023,34200000000
19.06,1,2024,1617560000000
19.06,2,2024,961170000000
19.06,3,2024,1066580000000
19.06,4,2024,4360000000
19.06,5,2024,1140000000
19.06,6,2024,474370000000
19.06,7,2024,666850000000
19.06,8,2024,134850000000
19.06,9,2024,181320000000
19.06,10,2024,124400000000
19.06,11,2024,32510000000
19.06,12,2024,194680000000
19.06,13,2024,19180000000
19.06,14,2024,419110000000
19.06,15,2024,172420000000
19.06,16,2024,100370000000
19.06,17,2024,36910000000
19.06,1,2025,1666810000000
19.06,2,2025,1043050000000
19.06,3,2025,1107420000000
19.06,4,2025,4490000000
19.06,5,2025,1170000000
19.06,6,2025,469140000000
19.06,7,2025,699050000000
19.06,8,2025,143470000000
19.06,9,2025,196150000000
19.06,10,2025,135680000000
19.06,11,2025,32410000000
19.06,12,2025,202940000000
19.06,13,2025,20490000000
19.06,14,2025,421430000000
19.06,15,2025,184090000000
19.06,16,2025,106790000000
19.06,17,2025,40200000000
19.04,1,2021,978840000000
19.04,2,2021,1035950000000
19.04,3,2021,345510000000
19.04,4,2021,4200000000
19.04,5,2021,430000000
19.04,6,2021,669190000000
19.04,7,2021,1038800000000
19.04,8,2021,483190000000
19.04,9,2021,195800000000
19.04,10,2021,200570000000
19.04,11,2021,40730000000
19.04,12,2021,189530000000
19.04,13,2021,14750000000
19.04,14,2021,479860000000
19.04,15,2021,179510000000
19.04,16,2021,103600000000
19.04,17,2021,26700000000
19.04,1,2022,989120000000
19.04,2,2022,1035610000000
19.04,3,2022,397410000000
19.04,4,2022,4180000000
19.04,5,2022,440000000
19.04,6,2022,656810000000
19.04,7,2022,1126860000000
19.04,8,2022,650790000000
19.04,9,2022,213950000000
19.04,10,2022,218030000000
19.04,11,2022,43370000000
19.04,12,2022,199100000000
19.04,13,2022,16300000000
19.04,14,2022,480210000000
19.04,15,2022,185040000000
19.04,16,2022,105730000000
19.04,17,2022,28490000000
19.04,1,2023,1022350000000
19.04,2,2023,1046760000000
19.04,3,2023,415710000000
19.04,4,2023,4310000000
19.04,5,2023,440000000
19.04,6,2023,707780000000
19.04,7,2023,1145670000000
19.04,8,2023,733790000000
19.04,9,2023,228650000000
19.04,10,2023,244660000000
19.04,11,2023,46470000000
19.04,12,2023,206320000000
19.04,13,2023,17640000000
19.04,14,2023,510280000000
19.04,15,2023,203650000000
19.04,16,2023,113260000000
19.04,17,2023,30530000000
19.04,1,2024,1046060000000
19.04,2,2024,972150000000
19.04,3,2024,383770000000
19.04,4,2024,4470000000
19.04,5,2024,460000000
19.04,6,2024,666650000000
19.04,7,2024,1146060000000
19.04,8,2024,739280000000
19.04,9,2024,234320000000
19.04,10,2024,264360000000
19.04,11,2024,46510000000
19.04,12,2024,210510000000
19.04,13,2024,19060000000
19.04,14,2024,553930000000
19.04,15,2024,221420000000
19.04,16,2024,113280000000
19.04,17,2024,33090000000
19.04,1,2025,1067880000000
19.04,2,2025,1017440000000
19.04,3,2025,590510000000
19.04,4,2025,4680000000
19.04,5,2025,470000000
19.04,6,2025,655030000000
19.04,7,2025,1197270000000
19.04,8,2025,759190000000
19.04,9,2025,252540000000
19.04,10,2025,287950000000
19.04,11,2025,45690000000
19.04,12,2025,216250000000
19.04,13,2025,20370000000
19.04,14,2025,554120000000
19.04,15,2025,235050000000
19.04,16,2025,118510000000
19.04,17,2025,35780000000
19.02,1,2021,1855830000000
19.02,2,2021,508720000000
19.02,3,2021,770100000000
19.02,4,2021,10550000000
19.02,5,2021,2160000000
19.02,6,2021,839440000000
19.02,7,2021,700940000000
19.02,8,2021,343380000000
19.02,9,2021,229160000000
19.02,10,2021,308690000000
19.02,11,2021,155020000000
19.02,12,2021,221950000000
19.02,13,2021,18470000000
19.02,14,2021,420650000000
19.02,15,2021,127960000000
19.02,16,2021,148830000000
19.02,17,2021,48160000000
19.02,1,2022,1865770000000
19.02,2,2022,504010000000
19.02,3,2022,833020000000
19.02,4,2022,10120000000
19.02,5,2022,2270000000
19.02,6,2022,832060000000
19.02,7,2022,800860000000
19.02,8,2022,468020000000
19.02,9,2022,261610000000
19.02,10,2022,341060000000
19.02,11,2022,164360000000
19.02,12,2022,234110000000
19.02,13,2022,22590000000
19.02,14,2022,414580000000
19.02,15,2022,131690000000
19.02,16,2022,153020000000
19.02,17,2022,54040000000
19.02,1,2023,1917390000000
19.02,2,2023,503810000000
19.02,3,2023,873940000000
19.02,4,2023,10380000000
19.02,5,2023,2280000000
19.02,6,2023,908500000000
19.02,7,2023,815160000000
19.02,8,2023,517220000000
19.02,9,2023,288370000000
19.02,10,2023,388690000000
19.02,11,2023,189470000000
19.02,12,2023,244050000000
19.02,13,2023,24620000000
19.02,14,2023,442990000000
19.02,15,2023,146220000000
19.02,16,2023,167080000000
19.02,17,2023,60180000000
19.02,1,2024,1989950000000
19.02,2,2024,495330000000
19.02,3,2024,852740000000
19.02,4,2024,10920000000
19.02,5,2024,2370000000
19.02,6,2024,889290000000
19.02,7,2024,809680000000
19.02,8,2024,513160000000
19.02,9,2024,300840000000
19.02,10,2024,427720000000
19.02,11,2024,190080000000
19.02,12,2024,255040000000
19.02,13,2024,26930000000
19.02,14,2024,478020000000
19.02,15,2024,162050000000
19.02,16,2024,169640000000
19.02,17,2024,65130000000
19.02,1,2025,2063290000000
19.02,2,2025,556210000000
19.02,3,2025,869900000000
19.02,4,2025,11200000000
19.02,5,2025,2440000000
19.02,6,2025,881990000000
19.02,7,2025,854200000000
19.02,8,2025,528830000000
19.02,9,2025,325060000000
19.02,10,2025,468080000000
19.02,11,2025,193770000000
19.02,12,2025,264690000000
19.02,13,2025,28790000000
19.02,14,2025,477560000000
19.02,15,2025,172230000000
19.02,16,2025,179040000000
19.02,17,2025,71410000000
19.03,1,2021,2506580000000
19.03,2,2021,1320480000000
19.03,3,2021,294090000000
19.03,4,2021,4340000000
19.03,5,2021,1030000000
19.03,6,2021,493930000000
19.03,7,2021,622030000000
19.03,8,2021,47280000000
19.03,9,2021,132570000000
19.03,10,2021,52140000000
19.03,11,2021,31810000000
19.03,12,2021,202990000000
19.03,13,2021,7340000000
19.03,14,2021,339970000000
19.03,15,2021,152220000000
19.03,16,2021,45800000000
19.03,17,2021,22200000000
19.03,1,2022,2575850000000
19.03,2,2022,1312800000000
19.03,3,2022,316290000000
19.03,4,2022,4320000000
19.03,5,2022,1070000000
19.03,6,2022,489380000000
19.03,7,2022,688990000000
19.03,8,2022,52200000000
19.03,9,2022,146780000000
19.03,10,2022,57330000000
19.03,11,2022,33980000000
19.03,12,2022,213310000000
19.03,13,2022,8060000000
19.03,14,2022,341000000000
19.03,15,2022,157010000000
19.03,16,2022,46760000000
19.03,17,2022,23920000000
19.03,1,2023,2678930000000
19.03,2,2023,1321560000000
19.03,3,2023,331140000000
19.03,4,2023,4460000000
19.03,5,2023,1070000000
19.03,6,2023,518450000000
19.03,7,2023,699630000000
19.03,8,2023,56770000000
19.03,9,2023,160360000000
19.03,10,2023,62530000000
19.03,11,2023,38430000000
19.03,12,2023,221180000000
19.03,13,2023,8300000000
19.03,14,2023,355050000000
19.03,15,2023,171690000000
19.03,16,2023,50730000000
19.03,17,2023,25880000000
19.03,1,2024,2749740000000
19.03,2,2024,1275540000000
19.03,3,2024,295280000000
19.03,4,2024,4650000000
19.03,5,2024,1110000000
19.03,6,2024,516960000000
19.03,7,2024,700940000000
19.03,8,2024,59380000000
19.03,9,2024,165890000000
19.03,10,2024,67060000000
19.03,11,2024,38670000000
19.03,12,2024,228900000000
19.03,13,2024,8780000000
19.03,14,2024,387850000000
19.03,15,2024,186250000000
19.03,16,2024,51220000000
19.03,17,2024,27950000000
19.03,1,2025,2875380000000
19.03,2,2025,1301300000000
19.03,3,2025,306230000000
19.03,4,2025,4840000000
19.03,5,2025,1130000000
19.03,6,2025,511880000000
19.03,7,2025,744780000000
19.03,8,2025,67370000000
19.03,9,2025,181350000000
19.03,10,2025,73070000000
19.03,11,2025,38450000000
19.03,12,2025,237520000000
19.03,13,2025,9510000000
19.03,14,2025,387750000000
19.03,15,2025,197820000000
19.03,16,2025,54870000000
19.03,17,2025,31910000000
19.05,1,2021,1343750000000
19.05,2,2021,1156460000000
19.05,3,2021,4749290000000
19.05,4,2021,5950000000
19.05,5,2021,740000000
19.05,6,2021,614180000000
19.05,7,2021,1240840000000
19.05,8,2021,85970000000
19.05,9,2021,116670000000
19.05,10,2021,50820000000
19.05,11,2021,41560000000
19.05,12,2021,217880000000
19.05,13,2021,12780000000
19.05,14,2021,419310000000
19.05,15,2021,163720000000
19.05,16,2021,84190000000
19.05,17,2021,28890000000
19.05,1,2022,1399210000000
19.05,2,2022,1177510000000
19.05,3,2022,4700190000000
19.05,4,2022,5730000000
19.05,5,2022,770000000
19.05,6,2022,625660000000
19.05,7,2022,1354940000000
19.05,8,2022,95780000000
19.05,9,2022,128270000000
19.05,10,2022,55130000000
19.05,11,2022,45140000000
19.05,12,2022,235730000000
19.05,13,2022,13840000000
19.05,14,2022,415410000000
19.05,15,2022,168700000000
19.05,16,2022,86430000000
19.05,17,2022,31020000000
19.05,1,2023,1464050000000
19.05,2,2023,1143440000000
19.05,3,2023,4712700000000
19.05,4,2023,5990000000
19.05,5,2023,770000000
19.05,6,2023,671110000000
19.05,7,2023,1431720000000
19.05,8,2023,104310000000
19.05,9,2023,144550000000
19.05,10,2023,62220000000
19.05,11,2023,50490000000
19.05,12,2023,252100000000
19.05,13,2023,14620000000
19.05,14,2023,445060000000
19.05,15,2023,176920000000
19.05,16,2023,90730000000
19.05,17,2023,33950000000
19.05,1,2024,1515030000000
19.05,2,2024,1112870000000
19.05,3,2024,5277820000000
19.05,4,2024,6190000000
19.05,5,2024,800000000
19.05,6,2024,659920000000
19.05,7,2024,1378440000000
19.05,8,2024,108030000000
19.05,9,2024,148850000000
19.05,10,2024,67070000000
19.05,11,2024,51280000000
19.05,12,2024,259680000000
19.05,13,2024,15190000000
19.05,14,2024,474160000000
19.05,15,2024,194070000000
19.05,16,2024,89960000000
19.05,17,2024,36610000000
19.05,1,2025,1547060000000
19.05,2,2025,1208320000000
19.05,3,2025,5233350000000
19.05,4,2025,6490000000
19.05,5,2025,830000000
19.05,6,2025,651480000000
19.05,7,2025,1444090000000
19.05,8,2025,116990000000
19.05,9,2025,161430000000
19.05,10,2025,70900000000
19.05,11,2025,50530000000
19.05,12,2025,271480000000
19.05,13,2025,16210000000
19.05,14,2025,468430000000
19.05,15,2025,207430000000
19.05,16,2025,97470000000
19.05,17,2025,39550000000
19.01,1,2021,2148410000000
19.01,2,2021,1500690000000
19.01,3,2021,2615170000000
19.01,4,2021,23610000000
19.01,5,2021,2140000000
19.01,6,2021,891920000000
19.01,7,2021,1201950000000
19.01,8,2021,219150000000
19.01,9,2021,254340000000
19.01,10,2021,330010000000
19.01,11,2021,252120000000
19.01,12,2021,376300000000
19.01,13,2021,19430000000
19.01,14,2021,512270000000
19.01,15,2021,197740000000
19.01,16,2021,119020000000
19.01,17,2021,69590000000
19.01,1,2022,2174990000000
19.01,2,2022,1528510000000
19.01,3,2022,2825530000000
19.01,4,2022,22650000000
19.01,5,2022,2220000000
19.01,6,2022,893740000000
19.01,7,2022,1331610000000
19.01,8,2022,239130000000
19.01,9,2022,284140000000
19.01,10,2022,361340000000
19.01,11,2022,268840000000
19.01,12,2022,393940000000
19.01,13,2022,21490000000
19.01,14,2022,505170000000
19.01,15,2022,205620000000
19.01,16,2022,121590000000
19.01,17,2022,75280000000
19.01,1,2023,2262240000000
19.01,2,2023,1507880000000
19.01,3,2023,2912150000000
19.01,4,2023,22810000000
19.01,5,2023,2370000000
19.01,6,2023,969440000000
19.01,7,2023,1366040000000
19.01,8,2023,259210000000
19.01,9,2023,315170000000
19.01,10,2023,407540000000
19.01,11,2023,314990000000
19.01,12,2023,411360000000
19.01,13,2023,23520000000
19.01,14,2023,534190000000
19.01,15,2023,228610000000
19.01,16,2023,132640000000
19.01,17,2023,83570000000
19.01,1,2024,2316420000000
19.01,2,2024,1426980000000
19.01,3,2024,2716190000000
19.01,4,2024,24230000000
19.01,5,2024,2460000000
19.01,6,2024,964140000000
19.01,7,2024,1379270000000
19.01,8,2024,272600000000
19.01,9,2024,327910000000
19.01,10,2024,450890000000
19.01,11,2024,315370000000
19.01,12,2024,426210000000
19.01,13,2024,25180000000
19.01,14,2024,575740000000
19.01,15,2024,252750000000
19.01,16,2024,135570000000
19.01,17,2024,90580000000
19.01,1,2025,2371490000000
19.01,2,2025,1528110000000
19.01,3,2025,2912730000000
19.01,4,2025,25730000000
19.01,5,2025,2510000000
19.01,6,2025,952280000000
19.01,7,2025,1453360000000
19.01,8,2025,295250000000
19.01,9,2025,359450000000
19.01,10,2025,494810000000
19.01,11,2025,317440000000
19.01,12,2025,444080000000
19.01,13,2025,27370000000
19.01,14,2025,579990000000
19.01,15,2025,272730000000
19.01,16,2025,145770000000
19.01,17,2025,99830000000
16.07,1,2021,7252130000000
16.07,2,2021,1390320000000
16.07,3,2021,4816780000000
16.07,4,2021,17240000000
16.07,5,2021,3020000000
16.07,6,2021,2864340000000
16.07,7,2021,2307390000000
16.07,8,2021,98150000000
16.07,9,2021,86050000000
16.07,10,2021,451960000000
16.07,11,2021,60810000000
16.07,12,2021,177770000000
16.07,13,2021,2890000000
16.07,14,2021,503030000000
16.07,15,2021,554580000000
16.07,16,2021,103980000000
16.07,17,2021,77190000000
16.07,1,2022,7420620000000
16.07,2,2022,1404620000000
16.07,3,2022,5123770000000
16.07,4,2022,17830000000
16.07,5,2022,3050000000
16.07,6,2022,3140770000000
16.07,7,2022,2546100000000
16.07,8,2022,105620000000
16.07,9,2022,96300000000
16.07,10,2022,487820000000
16.07,11,2022,61240000000
16.07,12,2022,184490000000
16.07,13,2022,2910000000
16.07,14,2022,511950000000
16.07,15,2022,577770000000
16.07,16,2022,107380000000
16.07,17,2022,79350000000
16.07,1,2023,7684550000000
16.07,2,2023,1422960000000
16.07,3,2023,5385600000000
16.07,4,2023,18500000000
16.07,5,2023,3090000000
16.07,6,2023,3362810000000
16.07,7,2023,2778370000000
16.07,8,2023,110660000000
16.07,9,2023,105120000000
16.07,10,2023,508360000000
16.07,11,2023,63200000000
16.07,12,2023,197020000000
16.07,13,2023,2940000000
16.07,14,2023,542570000000
16.07,15,2023,604120000000
16.07,16,2023,107390000000
16.07,17,2023,81440000000
16.07,1,2024,7991370000000
16.07,2,2024,1438350000000
16.07,3,2024,5512800000000
16.07,4,2024,20020000000
16.07,5,2024,3090000000
16.07,6,2024,3649690000000
16.07,7,2024,3080790000000
16.07,8,2024,111020000000
16.07,9,2024,114240000000
16.07,10,2024,548280000000
16.07,11,2024,66700000000
16.07,12,2024,209770000000
16.07,13,2024,3010000000
16.07,14,2024,576500000000
16.07,15,2024,633990000000
16.07,16,2024,112870000000
16.07,17,2024,88260000000
16.07,1,2025,8380970000000
16.07,2,2025,1476750000000
16.07,3,2025,5820810000000
16.07,4,2025,20960000000
16.07,5,2025,3170000000
16.07,6,2025,3787170000000
16.07,7,2025,3407350000000
16.07,8,2025,114480000000
16.07,9,2025,124800000000
16.07,10,2025,581530000000
16.07,11,2025,69870000000
16.07,12,2025,221980000000
16.07,13,2025,3020000000
16.07,14,2025,594050000000
16.07,15,2025,650740000000
16.07,16,2025,118840000000
16.07,17,2025,88270000000
16.11,1,2021,1433080000000
16.11,2,2021,126420000000
16.11,3,2021,342680000000
16.11,4,2021,3110000000
16.11,5,2021,1290000000
16.11,6,2021,372900000000
16.11,7,2021,603150000000
16.11,8,2021,55050000000
16.11,9,2021,47250000000
16.11,10,2021,48500000000
16.11,11,2021,81200000000
16.11,12,2021,182230000000
16.11,13,2021,880000000
16.11,14,2021,168610000000
16.11,15,2021,69710000000
16.11,16,2021,32380000000
16.11,17,2021,36520000000
16.11,1,2022,1492520000000
16.11,2,2022,132810000000
16.11,3,2022,374670000000
16.11,4,2022,3290000000
16.11,5,2022,1280000000
16.11,6,2022,385800000000
16.11,7,2022,643170000000
16.11,8,2022,59270000000
16.11,9,2022,50820000000
16.11,10,2022,51380000000
16.11,11,2022,81230000000
16.11,12,2022,189890000000
16.11,13,2022,890000000
16.11,14,2022,173510000000
16.11,15,2022,73580000000
16.11,16,2022,33370000000
16.11,17,2022,37020000000
16.11,1,2023,1523050000000
16.11,2,2023,136850000000
16.11,3,2023,401920000000
16.11,4,2023,3420000000
16.11,5,2023,1420000000
16.11,6,2023,397620000000
16.11,7,2023,703000000000
16.11,8,2023,62000000000
16.11,9,2023,53820000000
16.11,10,2023,55330000000
16.11,11,2023,82900000000
16.11,12,2023,197260000000
16.11,13,2023,900000000
16.11,14,2023,178660000000
16.11,15,2023,76610000000
16.11,16,2023,33380000000
16.11,17,2023,38080000000
16.11,1,2024,1623980000000
16.11,2,2024,135980000000
16.11,3,2024,408530000000
16.11,4,2024,3680000000
16.11,5,2024,1450000000
16.11,6,2024,406770000000
16.11,7,2024,737780000000
16.11,8,2024,61960000000
16.11,9,2024,53770000000
16.11,10,2024,58720000000
16.11,11,2024,86910000000
16.11,12,2024,200650000000
16.11,13,2024,970000000
16.11,14,2024,186310000000
16.11,15,2024,80370000000
16.11,16,2024,33470000000
16.11,17,2024,40240000000
16.11,1,2025,1724770000000
16.11,2,2025,138820000000
16.11,3,2025,429420000000
16.11,4,2025,4110000000
16.11,5,2025,1470000000
16.11,6,2025,421900000000
16.11,7,2025,795080000000
16.11,8,2025,62670000000
16.11,9,2025,57780000000
16.11,10,2025,61680000000
16.11,11,2025,89610000000
16.11,12,2025,204270000000
16.11,13,2025,970000000
16.11,14,2025,187520000000
16.11,15,2025,85920000000
16.11,16,2025,34010000000
16.11,17,2025,41310000000
16.04,1,2021,2921400000000
16.04,2,2021,5103900000000
16.04,3,2021,549900000000
16.04,4,2021,74100000000
16.04,5,2021,3800000000
16.04,6,2021,976900000000
16.04,7,2021,1310000000000
16.04,8,2021,116300000000
16.04,9,2021,131400000000
16.04,10,2021,135300000000
16.04,11,2021,193300000000
16.04,12,2021,313900000000
16.04,13,2021,5200000000
16.04,14,2021,665000000000
16.04,15,2021,361000000000
16.04,16,2021,109100000000
16.04,17,2021,67000000000
16.04,1,2022,2975100000000
16.04,2,2022,5866800000000
16.04,3,2022,554800000000
16.04,4,2022,79200000000
16.04,5,2022,3800000000
16.04,6,2022,984000000000
16.04,7,2022,1339000000000
16.04,8,2022,124100000000
16.04,9,2022,138100000000
16.04,10,2022,141000000000
16.04,11,2022,194600000000
16.04,12,2022,323900000000
16.04,13,2022,5400000000
16.04,14,2022,669200000000
16.04,15,2022,364400000000
16.04,16,2022,113700000000
16.04,17,2022,68500000000
16.04,1,2023,3006000000000
16.04,2,2023,6596300000000
16.04,3,2023,564600000000
16.04,4,2023,84600000000
16.04,5,2023,3900000000
16.04,6,2023,1003200000000
16.04,7,2023,1408700000000
16.04,8,2023,130400000000
16.04,9,2023,155200000000
16.04,10,2023,148200000000
16.04,11,2023,201700000000
16.04,12,2023,337200000000
16.04,13,2023,5600000000
16.04,14,2023,684100000000
16.04,15,2023,370300000000
16.04,16,2023,113700000000
16.04,17,2023,70100000000
16.04,1,2024,3008300000000
16.04,2,2024,7076700000000
16.04,3,2024,568600000000
16.04,4,2024,92600000000
16.04,5,2024,4100000000
16.04,6,2024,1042400000000
16.04,7,2024,1476200000000
16.04,8,2024,132600000000
16.04,9,2024,170400000000
16.04,10,2024,162500000000
16.04,11,2024,219700000000
16.04,12,2024,363300000000
16.04,13,2024,6000000000
16.04,14,2024,735500000000
16.04,15,2024,390100000000
16.04,16,2024,123000000000
16.04,17,2024,72900000000
16.06,1,2021,6124830000000
16.06,2,2021,27128260000000
16.06,3,2021,3580990000000
16.06,4,2021,13100000000
16.06,5,2021,6990000000
16.06,6,2021,3203270000000
16.06,7,2021,1495770000000
16.06,8,2021,100750000000
16.06,9,2021,55610000000
16.06,10,2021,137500000000
16.06,11,2021,813940000000
16.06,12,2021,773320000000
16.06,13,2021,14970000000
16.06,14,2021,1380820000000
16.06,15,2021,872190000000
16.06,16,2021,159050000000
16.06,17,2021,267630000000
16.06,1,2022,6437490000000
16.06,2,2022,27818410000000
16.06,3,2022,3950120000000
16.06,4,2022,14210000000
16.06,5,2022,7200000000
16.06,6,2022,3361240000000
16.06,7,2022,1636720000000
16.06,8,2022,105370000000
16.06,9,2022,62530000000
16.06,10,2022,155330000000
16.06,11,2022,819010000000
16.06,12,2022,857570000000
16.06,13,2022,15730000000
16.06,14,2022,1453650000000
16.06,15,2022,941410000000
16.06,16,2022,172790000000
16.06,17,2022,288880000000
16.06,1,2023,6879630000000
16.06,2,2023,28347540000000
16.06,3,2023,4329570000000
16.06,4,2023,15390000000
16.06,5,2023,7530000000
16.06,6,2023,3678980000000
16.06,7,2023,1809790000000
16.06,8,2023,108920000000
16.06,9,2023,72250000000
16.06,10,2023,174770000000
16.06,11,2023,843750000000
16.06,12,2023,961040000000
16.06,13,2023,16480000000
16.06,14,2023,1540400000000
16.06,15,2023,1003770000000
16.06,16,2023,172840000000
16.06,17,2023,305700000000
16.06,1,2024,7194490000000
16.06,2,2024,29143030000000
16.06,3,2024,4466170000000
16.06,4,2024,16540000000
16.06,5,2024,7380000000
16.06,6,2024,4027340000000
16.06,7,2024,1987400000000
16.06,8,2024,108980000000
16.06,9,2024,85800000000
16.06,10,2024,198520000000
16.06,11,2024,888290000000
16.06,12,2024,1073240000000
16.06,13,2024,18640000000
16.06,14,2024,1987090000000
16.06,15,2024,1044850000000
16.06,16,2024,181720000000
16.06,17,2024,324610000000
16.06,1,2025,7956580000000
16.06,2,2025,29682560000000
16.06,3,2025,4855310000000
16.06,4,2025,17800000000
16.06,5,2025,7530000000
16.06,6,2025,4352650000000
16.06,7,2025,2236880000000
16.06,8,2025,113810000000
16.06,9,2025,96350000000
16.06,10,2025,210580000000
16.06,11,2025,949330000000
16.06,12,2025,1185190000000
16.06,13,2025,19450000000
16.06,14,2025,2091290000000
16.06,15,2025,1136470000000
16.06,16,2025,194240000000
16.06,17,2025,342710000000
16.05,1,2021,4797020000000
16.05,2,2021,4429500000000
16.05,3,2021,1661310000000
16.05,4,2021,3820000000
16.05,5,2021,1020000000
16.05,6,2021,733480000000
16.05,7,2021,951810000000
16.05,8,2021,57880000000
16.05,9,2021,35080000000
16.05,10,2021,63240000000
16.05,11,2021,84510000000
16.05,12,2021,192070000000
16.05,13,2021,2480000000
16.05,14,2021,354550000000
16.05,15,2021,407740000000
16.05,16,2021,113610000000
16.05,17,2021,143520000000
16.05,1,2022,5006120000000
16.05,2,2022,4503570000000
16.05,3,2022,1763210000000
16.05,4,2022,4090000000
16.05,5,2022,1050000000
16.05,6,2022,755020000000
16.05,7,2022,1050270000000
16.05,8,2022,62260000000
16.05,9,2022,38270000000
16.05,10,2022,68770000000
16.05,11,2022,86150000000
16.05,12,2022,201590000000
16.05,13,2022,2580000000
16.05,14,2022,367170000000
16.05,15,2022,426940000000
16.05,16,2022,118530000000
16.05,17,2022,146450000000
16.05,1,2023,5184380000000
16.05,2,2023,4558310000000
16.05,3,2023,1908080000000
16.05,4,2023,4230000000
16.05,5,2023,1060000000
16.05,6,2023,791260000000
16.05,7,2023,1151840000000
16.05,8,2023,66070000000
16.05,9,2023,43610000000
16.05,10,2023,74310000000
16.05,11,2023,90340000000
16.05,12,2023,212660000000
16.05,13,2023,2680000000
16.05,14,2023,382410000000
16.05,15,2023,446620000000
16.05,16,2023,118560000000
16.05,17,2023,153340000000
16.05,1,2024,5490060000000
16.05,2,2024,4670320000000
16.05,3,2024,2010140000000
16.05,4,2024,4430000000
16.05,5,2024,1060000000
16.05,6,2024,833510000000
16.05,7,2024,1269380000000
16.05,8,2024,66830000000
16.05,9,2024,48140000000
16.05,10,2024,81120000000
16.05,11,2024,95290000000
16.05,12,2024,220220000000
16.05,13,2024,2890000000
16.05,14,2024,406340000000
16.05,15,2024,461460000000
16.05,16,2024,125000000000
16.05,17,2024,155740000000
16.05,1,2025,5832730000000
16.05,2,2025,4676220000000
16.05,3,2025,2149010000000
16.05,4,2025,4830000000
16.05,5,2025,1050000000
16.05,6,2025,877860000000
16.05,7,2025,1424130000000
16.05,8,2025,72540000000
16.05,9,2025,53200000000
16.05,10,2025,84070000000
16.05,11,2025,100660000000
16.05,12,2025,230750000000
16.05,13,2025,2920000000
16.05,14,2025,409840000000
16.05,15,2025,484170000000
16.05,16,2025,133690000000
16.05,17,2025,162000000000
16.13,1,2021,2951990000000
16.13,2,2021,1244990000000
16.13,3,2021,327210000000
16.13,4,2021,1170000000
16.13,5,2021,820000000
16.13,6,2021,262410000000
16.13,7,2021,310030000000
16.13,8,2021,55250000000
16.13,9,2021,13380000000
16.13,10,2021,19330000000
16.13,11,2021,37290000000
16.13,12,2021,80510000000
16.13,13,2021,2660000000
16.13,14,2021,128450000000
16.13,15,2021,179920000000
16.13,16,2021,40330000000
16.13,17,2021,50780000000
16.13,1,2022,3110200000000
16.13,2,2022,1273140000000
16.13,3,2022,344660000000
16.13,4,2022,1250000000
16.13,5,2022,840000000
16.13,6,2022,264850000000
16.13,7,2022,333350000000
16.13,8,2022,56550000000
16.13,9,2022,14410000000
16.13,10,2022,20920000000
16.13,11,2022,37670000000
16.13,12,2022,83620000000
16.13,13,2022,2680000000
16.13,14,2022,133450000000
16.13,15,2022,190090000000
16.13,16,2022,42220000000
16.13,17,2022,51730000000
16.13,1,2023,3231530000000
16.13,2,2023,1309120000000
16.13,3,2023,365080000000
16.13,4,2023,1270000000
16.13,5,2023,880000000
16.13,6,2023,279110000000
16.13,7,2023,364730000000
16.13,8,2023,58450000000
16.13,9,2023,15690000000
16.13,10,2023,22260000000
16.13,11,2023,38400000000
16.13,12,2023,86980000000
16.13,13,2023,2840000000
16.13,14,2023,140940000000
16.13,15,2023,207600000000
16.13,16,2023,42240000000
16.13,17,2023,53180000000
16.13,1,2024,3434190000000
16.13,2,2024,1317920000000
16.13,3,2024,382430000000
16.13,4,2024,1360000000
16.13,5,2024,880000000
16.13,6,2024,289010000000
16.13,7,2024,383990000000
16.13,8,2024,58620000000
16.13,9,2024,17180000000
16.13,10,2024,23470000000
16.13,11,2024,39390000000
16.13,12,2024,91520000000
16.13,13,2024,2990000000
16.13,14,2024,143640000000
16.13,15,2024,215750000000
16.13,16,2024,43880000000
16.13,17,2024,55090000000
16.13,1,2025,3675010000000
16.13,2,2025,1339450000000
16.13,3,2025,394280000000
16.13,4,2025,1380000000
16.13,5,2025,890000000
16.13,6,2025,297290000000
16.13,7,2025,418380000000
16.13,8,2025,59900000000
16.13,9,2025,19030000000
16.13,10,2025,24870000000
16.13,11,2025,39800000000
16.13,12,2025,94720000000
16.13,13,2025,3060000000
16.13,14,2025,141290000000
16.13,15,2025,218150000000
16.13,16,2025,44660000000
16.13,17,2025,56170000000
16.10,1,2021,1862570000000
16.10,2,2021,621570000000
16.10,3,2021,871540000000
16.10,4,2021,5110000000
16.10,5,2021,2570000000
16.10,6,2021,1205760000000
16.10,7,2021,1232810000000
16.10,8,2021,98290000000
16.10,9,2021,290230000000
16.10,10,2021,37020000000
16.10,11,2021,120030000000
16.10,12,2021,235630000000
16.10,13,2021,10280000000
16.10,14,2021,894940000000
16.10,15,2021,170280000000
16.10,16,2021,67810000000
16.10,17,2021,43300000000
16.10,1,2022,1935800000000
16.10,2,2022,629650000000
16.10,3,2022,919050000000
16.10,4,2022,5460000000
16.10,5,2022,2610000000
16.10,6,2022,1253270000000
16.10,7,2022,1348230000000
16.10,8,2022,102380000000
16.10,9,2022,314370000000
16.10,10,2022,38910000000
16.10,11,2022,120480000000
16.10,12,2022,250320000000
16.10,13,2022,10350000000
16.10,14,2022,930090000000
16.10,15,2022,183000000000
16.10,16,2022,71670000000
16.10,17,2022,44040000000
16.10,1,2023,1977130000000
16.10,2,2023,634960000000
16.10,3,2023,971330000000
16.10,4,2023,5770000000
16.10,5,2023,2680000000
16.10,6,2023,1308510000000
16.10,7,2023,1476720000000
16.10,8,2023,106690000000
16.10,9,2023,342080000000
16.10,10,2023,40520000000
16.10,11,2023,121980000000
16.10,12,2023,268150000000
16.10,13,2023,10520000000
16.10,14,2023,962700000000
16.10,15,2023,197510000000
16.10,16,2023,71680000000
16.10,17,2023,44870000000
16.10,1,2024,2021770000000
16.10,2,2024,634300000000
16.10,3,2024,995110000000
16.10,4,2024,6100000000
16.10,5,2024,2730000000
16.10,6,2024,1397300000000
16.10,7,2024,1567820000000
16.10,8,2024,112210000000
16.10,9,2024,376240000000
16.10,10,2024,44430000000
16.10,11,2024,129370000000
16.10,12,2024,285190000000
16.10,13,2024,10930000000
16.10,14,2024,1042930000000
16.10,15,2024,205120000000
16.10,16,2024,74630000000
16.10,17,2024,48690000000
16.10,1,2025,2083830000000
16.10,2,2025,634240000000
16.10,3,2025,1038760000000
16.10,4,2025,6560000000
16.10,5,2025,2640000000
16.10,6,2025,1467700000000
16.10,7,2025,1694590000000
16.10,8,2025,116110000000
16.10,9,2025,422820000000
16.10,10,2025,46740000000
16.10,11,2025,131770000000
16.10,12,2025,299120000000
16.10,13,2025,11560000000
16.10,14,2025,1101530000000
16.10,15,2025,211980000000
16.10,16,2025,78210000000
16.01,17,2025,51430000000
16.02,1,2021,12622500000000
16.02,2,2021,236500000000
16.02,3,2021,1343000000000
16.02,4,2021,7200000000
16.02,5,2021,3600000000
16.02,6,2021,2186900000000
16.02,7,2021,2104800000000
16.02,8,2021,112000000000
16.02,9,2021,151200000000
16.02,10,2021,136700000000
16.02,11,2021,209000000000
16.02,12,2021,342400000000
16.02,13,2021,14100000000
16.02,14,2021,942400000000
16.02,15,2021,336000000000
16.02,16,2021,35500000000
16.02,17,2021,122100000000
16.02,1,2022,13045300000000
16.02,2,2022,242100000000
16.02,3,2022,4490800000000
16.02,4,2022,7400000000
16.02,5,2022,3800000000
16.02,6,2022,2421200000000
16.02,7,2022,2314700000000
16.02,8,2022,117500000000
16.02,9,2022,165400000000
16.02,10,2022,150300000000
16.02,11,2022,210200000000
16.02,12,2022,369100000000
16.02,13,2022,14500000000
16.02,14,2022,967400000000
16.02,15,2022,359200000000
16.02,16,2022,38500000000
16.02,17,2022,127300000000
16.02,1,2023,13463800000000
16.02,2,2023,246600000000
16.02,3,2023,4832900000000
16.02,4,2023,7800000000
16.02,5,2023,4000000000
16.02,6,2023,2591400000000
16.02,7,2023,2530100000000
16.02,8,2023,123500000000
16.02,9,2023,184900000000
16.02,10,2023,162200000000
16.02,11,2023,226800000000
16.02,12,2023,399200000000
16.02,13,2023,14900000000
16.02,14,2023,1017700000000
16.02,15,2023,389900000000
16.02,16,2023,38500000000
16.02,17,2023,135400000000
16.02,1,2024,13934700000000
16.02,2,2024,256700000000
16.02,3,2024,5195100000000
16.02,4,2024,8400000000
16.02,5,2024,4100000000
16.02,6,2024,2817800000000
16.02,7,2024,2715800000000
16.02,8,2024,130400000000
16.02,9,2024,195600000000
16.02,10,2024,171200000000
16.02,11,2024,234300000000
16.02,12,2024,414000000000
16.02,13,2024,15300000000
16.02,14,2024,1056900000000
16.02,15,2024,397900000000
16.02,16,2024,39200000000
16.02,17,2024,135700000000
16.02,1,2025,14558100000000
16.02,2,2025,271400000000
16.02,3,2025,5431600000000
16.02,4,2025,8900000000
16.02,5,2025,4200000000
16.02,6,2025,3002900000000
16.02,7,2025,2975700000000
16.02,8,2025,132500000000
16.02,9,2025,219600000000
16.02,10,2025,179000000000
16.02,11,2025,248700000000
16.02,12,2025,444600000000
16.02,13,2025,15700000000
16.02,14,2025,1092500000000
16.02,15,2025,403800000000
16.02,16,2025,39600000000
16.02,17,2025,143100000000
16.01,1,2021,2335060000000
16.01,2,2021,1380990000000
16.01,3,2021,1766520000000
16.01,4,2021,9430000000
16.01,5,2021,12280000000
16.01,6,2021,1102640000000
16.01,7,2021,1466250000000
16.01,8,2021,164500000000
16.01,9,2021,214580000000
16.01,10,2021,120970000000
16.01,11,2021,279650000000
16.01,12,2021,515850000000
16.01,13,2021,10300000000
16.01,14,2021,217640000000
16.01,15,2021,290000000000
16.01,16,2021,133220000000
16.01,17,2021,96680000000
16.01,1,2022,2429350000000
16.01,2,2022,1433730000000
16.01,3,2022,1895970000000
16.01,4,2022,9750000000
16.01,5,2022,12340000000
16.01,6,2022,1145860000000
16.01,7,2022,1597820000000
16.01,8,2022,176030000000
16.01,9,2022,243950000000
16.01,10,2022,130050000000
16.01,11,2022,282180000000
16.01,12,2022,545320000000
16.01,13,2022,10640000000
16.01,14,2022,224470000000
16.01,15,2022,301970000000
16.01,16,2022,141630000000
16.01,17,2022,102250000000
16.01,1,2023,2552540000000
16.01,2,2023,1482940000000
16.01,3,2023,2008900000000
16.01,4,2023,10350000000
16.01,5,2023,12320000000
16.01,6,2023,1176380000000
16.01,7,2023,1717240000000
16.01,8,2023,181450000000
16.01,9,2023,272000000000
16.01,10,2023,136970000000
16.01,11,2023,292130000000
16.01,12,2023,574020000000
16.01,13,2023,10990000000
16.01,14,2023,234680000000
16.01,15,2023,319380000000
16.01,16,2023,141680000000
16.01,17,2023,105130000000
16.01,1,2024,2693850000000
16.01,2,2024,1537380000000
16.01,3,2024,2047750000000
16.01,4,2024,10350000000
16.01,5,2024,12840000000
16.01,6,2024,1236300000000
16.01,7,2024,1862020000000
16.01,8,2024,194860000000
16.01,9,2024,292840000000
16.01,10,2024,145690000000
16.01,11,2024,308320000000
16.01,12,2024,597870000000
16.01,13,2024,11170000000
16.01,14,2024,250210000000
16.01,15,2024,337850000000
16.01,16,2024,149110000000
16.01,17,2024,109480000000
16.01,1,2025,2843400000000
16.01,2,2025,1521890000000
16.01,3,2025,2177190000000
16.01,4,2025,11180000000
16.01,5,2025,12450000000
16.01,6,2025,1270750000000
16.01,7,2025,2048200000000
16.01,8,2025,202180000000
16.01,9,2025,327880000000
16.01,10,2025,146410000000
16.01,11,2025,324130000000
16.01,12,2025,618280000000
16.01,13,2025,11830000000
16.01,14,2025,265310000000
16.01,15,2025,358550000000
16.01,16,2025,163930000000
16.01,17,2025,114320000000
16.09,1,2021,2129334860
16.09,2,2021,113222430
16.09,3,2021,443038190
16.09,4,2021,3902820
16.09,5,2021,2035630
16.09,6,2021,955993100
16.09,7,2021,1082252390
16.09,8,2021,45697500
16.09,9,2021,53304110
16.09,10,2021,42617680
16.09,11,2021,54941530
16.09,12,2021,323396610
16.09,13,2021,1480710
16.09,14,2021,329341340
16.09,15,2021,259749280
16.09,16,2021,77405960
16.09,17,2021,56422590
16.09,1,2022,2176013160
16.09,2,2022,120966850
16.09,3,2022,464579100
16.09,4,2022,4111350
16.09,5,2022,2044050
16.09,6,2022,1017823820
16.09,7,2022,1172464490
16.09,8,2022,48895640
16.09,9,2022,58989410
16.09,10,2022,46001530
16.09,11,2022,55174940
16.09,12,2022,342574030
16.09,13,2022,1497060
16.09,14,2022,343083860
16.09,15,2022,270295170
16.09,16,2022,79810350
16.09,17,2022,59661250
16.09,1,2023,2188427010
16.09,2,2023,123046890
16.09,3,2023,503517320
16.09,4,2023,4306490
16.09,5,2023,2089870
16.09,6,2023,1077154810
16.09,7,2023,1272344710
16.09,8,2023,50964640
16.09,9,2023,65606930
16.09,10,2023,49134190
16.09,11,2023,57151050
16.09,12,2023,362406420
16.09,13,2023,1565030
16.09,14,2023,352284690
16.09,15,2023,272800390
16.09,16,2023,79184880
16.09,17,2023,63695840
16.09,1,2024,2222079250
16.09,2,2024,125621660
16.09,3,2024,507151080
16.09,4,2024,4639570
16.09,5,2024,2075930
16.09,6,2024,1155323720
16.09,7,2024,1380990090
16.09,8,2024,51912310
16.09,9,2024,70417600
16.09,10,2024,51815110
16.09,11,2024,58973530
16.09,12,2024,376423840
16.09,13,2024,1583830
16.09,14,2024,373564120
16.09,15,2024,287066730
16.09,16,2024,86756890
16.09,17,2024,68432550
16.09,1,2025,2312735010
16.09,2,2025,130555480
16.09,3,2025,532249070
16.09,4,2025,5104830
16.09,5,2025,2079100
16.09,6,2025,1217002330
16.09,7,2025,1488183170
16.09,8,2025,54062050
16.09,9,2025,77633250
16.09,10,2025,54899850
16.09,11,2025,62168740
16.09,12,2025,402802660
16.09,13,2025,1670460
16.09,14,2025,377659440
16.09,15,2025,298321120
16.09,16,2025,88920090
16.09,17,2025,71562550
16.08,1,2021,4208080000000
16.08,2,2021,247830000000
16.08,3,2021,828160000000
16.08,4,2021,6810000000
16.08,5,2021,1590000000
16.08,6,2021,1696110000000
16.08,7,2021,1512590000000
16.08,8,2021,123040000000
16.08,9,2021,140220000000
16.08,10,2021,149910000000
16.08,11,2021,96290000000
16.08,12,2021,303030000000
16.08,13,2021,4220000000
16.08,14,2021,805810000000
16.08,15,2021,221250000000
16.08,16,2021,115290000000
16.08,17,2021,88800000000
16.08,1,2022,4353840000000
16.08,2,2022,254170000000
16.08,3,2022,894470000000
16.08,4,2022,6950000000
16.08,5,2022,1720000000
16.08,6,2022,1772440000000
16.08,7,2022,1643270000000
16.08,8,2022,132640000000
16.08,9,2022,155120000000
16.08,10,2022,163700000000
16.08,11,2022,96940000000
16.08,12,2022,329300000000
16.08,13,2022,4380000000
16.08,14,2022,863600000000
16.08,15,2022,235370000000
16.08,16,2022,120540000000
16.08,17,2022,94920000000
16.08,1,2023,4484250000000
16.08,2,2023,259600000000
16.08,3,2023,968610000000
16.08,4,2023,7360000000
16.08,5,2023,1720000000
16.08,6,2023,1857070000000
16.08,7,2023,1776370000000
16.08,8,2023,138590000000
16.08,9,2023,176630000000
16.08,10,2023,174610000000
16.08,11,2023,102300000000
16.08,12,2023,361150000000
16.08,13,2023,4580000000
16.08,14,2023,905840000000
16.08,15,2023,241240000000
16.08,16,2023,120570000000
16.08,17,2023,103960000000
16.08,1,2024,4647590000000
16.08,2,2024,258710000000
16.08,3,2024,982490000000
16.08,4,2024,7930000000
16.08,5,2024,1740000000
16.08,6,2024,1974110000000
16.08,7,2024,1929730000000
16.08,8,2024,134970000000
16.08,9,2024,191910000000
16.08,10,2024,190310000000
16.08,11,2024,108850000000
16.08,12,2024,367200000000
16.08,13,2024,4940000000
16.08,14,2024,978460000000
16.08,15,2024,265790000000
16.08,16,2024,128080000000
16.08,17,2024,111280000000
16.08,1,2025,4971100000000
16.08,2,2025,271000000000
16.08,3,2025,1032400000000
16.08,4,2025,8300000000
16.08,5,2025,1700000000
16.08,6,2025,2072500000000
16.08,7,2025,2064800000000
16.08,8,2025,139700000000
16.08,9,2025,213800000000
16.08,10,2025,201900000000
16.08,11,2025,111300000000
16.08,12,2025,378900000000
16.08,13,2025,5000000000
16.08,14,2025,1009300000000
16.08,15,2025,266800000000
16.08,16,2025,134100000000
16.08,17,2025,112500000000
16.73,1,2021,252200000000
16.73,2,2021,77250000000
16.73,3,2021,292310000000
16.73,4,2021,5440000000
16.73,5,2021,9730000000
16.73,6,2021,1001590000000
16.73,7,2021,775410000000
16.73,8,2021,275360000000
16.73,9,2021,163910000000
16.73,10,2021,91810000000
16.73,11,2021,250470000000
16.73,12,2021,445580000000
16.73,13,2021,51320000000
16.73,14,2021,138060000000
16.73,15,2021,279130000000
16.73,16,2021,109990000000
16.73,17,2021,250670000000
16.73,1,2022,253270000000
16.73,2,2022,80550000000
16.73,3,2022,310390000000
16.73,4,2022,5770000000
16.73,5,2022,10220000000
16.73,6,2022,1020070000000
16.73,7,2022,836210000000
16.73,8,2022,299300000000
16.73,9,2022,185960000000
16.73,10,2022,98570000000
16.73,11,2022,251530000000
16.73,12,2022,467720000000
16.73,13,2022,53890000000
16.73,14,2022,138140000000
16.73,15,2022,279220000000
16.73,16,2022,113790000000
16.73,17,2022,267290000000
16.73,1,2023,254370000000
16.73,2,2023,79640000000
16.73,3,2023,326650000000
16.73,4,2023,5970000000
16.73,5,2023,10600000000
16.73,6,2023,1038230000000
16.73,7,2023,893280000000
16.73,8,2023,322560000000
16.73,9,2023,208470000000
16.73,10,2023,104830000000
16.73,11,2023,258070000000
16.73,12,2023,489500000000
16.73,13,2023,56240000000
16.73,14,2023,138490000000
16.73,15,2023,292030000000
16.73,16,2023,113800000000
16.73,17,2023,286720000000
16.73,1,2024,265020000000
16.73,2,2024,82280000000
16.73,3,2024,331150000000
16.73,4,2024,6220000000
16.73,5,2024,10310000000
16.73,6,2024,1077870000000
16.73,7,2024,958830000000
16.73,8,2024,332970000000
16.73,9,2024,235880000000
16.73,10,2024,107540000000
16.73,11,2024,263790000000
16.73,12,2024,503020000000
16.73,13,2024,60700000000
16.73,14,2024,145340000000
16.73,15,2024,306640000000
16.73,16,2024,117130000000
16.73,17,2024,300370000000
16.73,1,2025,266860000000
16.73,2,2025,82290000000
16.73,3,2025,350980000000
16.73,4,2025,6260000000
16.73,5,2025,10240000000
16.73,6,2025,1117460000000
16.73,7,2025,1044170000000
16.73,8,2025,351690000000
16.73,9,2025,258370000000
16.73,10,2025,111090000000
16.73,11,2025,273460000000
16.73,12,2025,515860000000
16.73,13,2025,62320000000
16.73,14,2025,150210000000
16.73,15,2025,319050000000
16.73,16,2025,123520000000
16.73,17,2025,313270000000
16.12,1,2021,918730000000
16.12,2,2021,2064260000000
16.12,3,2021,114010000000
16.12,4,2021,1060000000
16.12,5,2021,3190000000
16.12,6,2021,667340000000
16.12,7,2021,539320000000
16.12,8,2021,5340000000
16.12,9,2021,71880000000
16.12,10,2021,50390000000
16.12,11,2021,46340000000
16.12,12,2021,139200000000
16.12,13,2021,1350000000
16.12,14,2021,85800000000
16.12,15,2021,100960000000
16.12,16,2021,7480000000
16.12,17,2021,3220000000
16.12,1,2022,945850000000
16.12,2,2022,2115060000000
16.12,3,2022,117410000000
16.12,4,2022,1120000000
16.12,5,2022,3230000000
16.12,6,2022,720480000000
16.12,7,2022,589970000000
16.12,8,2022,5610000000
16.12,9,2022,80960000000
16.12,10,2022,54020000000
16.12,11,2022,46740000000
16.12,12,2022,145870000000
16.12,13,2022,1360000000
16.12,14,2022,88930000000
16.12,15,2022,105790000000
16.12,16,2022,7780000000
16.12,17,2022,3280000000
16.12,1,2023,981720000000
16.12,2,2023,2188780000000
16.12,3,2023,127260000000
16.12,4,2023,1180000000
16.12,5,2023,3490000000
16.12,6,2023,756890000000
16.12,7,2023,636780000000
16.12,8,2023,5810000000
16.12,9,2023,90790000000
16.12,10,2023,57680000000
16.12,11,2023,48110000000
16.12,12,2023,154330000000
16.12,13,2023,1410000000
16.12,14,2023,92700000000
16.12,15,2023,109710000000
16.12,16,2023,7780000000
16.12,17,2023,3390000000
16.12,1,2024,1030160000000
16.12,2,2024,2282410000000
16.12,3,2024,127690000000
16.12,4,2024,1270000000
16.12,5,2024,3650000000
16.12,6,2024,788020000000
16.12,7,2024,687600000000
16.12,8,2024,5880000000
16.12,9,2024,98550000000
16.12,10,2024,62100000000
16.12,11,2024,52190000000
16.12,12,2024,159360000000
16.12,13,2024,1520000000
16.12,14,2024,99500000000
16.12,15,2024,118450000000
16.12,16,2024,8100000000
16.12,17,2024,3490000000
16.12,1,2025,1069230000000
16.12,2,2025,2368550000000
16.12,3,2025,137780000000
16.12,4,2025,1370000000
16.12,5,2025,3690000000
16.12,6,2025,841720000000
16.12,7,2025,744610000000
16.12,8,2025,6020000000
16.12,9,2025,107480000000
16.12,10,2025,65780000000
16.12,11,2025,53160000000
16.12,12,2025,168270000000
16.12,13,2025,1610000000
16.12,14,2025,102650000000
16.12,15,2025,123530000000
16.12,16,2025,8470000000
16.12,17,2025,3640000000
16.72,1,2021,579890000000
16.72,2,2021,52010000000
16.72,3,2021,30920000000
16.72,4,2021,1670000000
16.72,5,2021,1400000000
16.72,6,2021,395750000000
16.72,7,2021,443300000000
16.72,8,2021,67150000000
16.72,9,2021,70390000000
16.72,10,2021,47180000000
16.72,11,2021,86900000000
16.72,12,2021,138520000000
16.72,13,2021,2130000000
16.72,14,2021,70650000000
16.72,15,2021,239490000000
16.72,16,2021,50610000000
16.72,17,2021,54500000000
16.72,1,2022,603810000000
16.72,2,2022,53360000000
16.72,3,2022,32230000000
16.72,4,2022,1760000000
16.72,5,2022,1450000000
16.72,6,2022,411750000000
16.72,7,2022,473870000000
16.72,8,2022,70850000000
16.72,9,2022,77980000000
16.72,10,2022,51030000000
16.72,11,2022,86910000000
16.72,12,2022,144860000000
16.72,13,2022,2190000000
16.72,14,2022,72160000000
16.72,15,2022,252560000000
16.72,16,2022,52580000000
16.72,17,2022,56480000000
16.72,1,2023,622320000000
16.72,2,2023,54780000000
16.72,3,2023,33660000000
16.72,4,2023,1800000000
16.72,5,2023,1440000000
16.72,6,2023,425440000000
16.72,7,2023,506600000000
16.72,8,2023,75250000000
16.72,9,2023,85560000000
16.72,10,2023,54290000000
16.72,11,2023,90930000000
16.72,12,2023,150810000000
16.72,13,2023,2230000000
16.72,14,2023,74410000000
16.72,15,2023,262190000000
16.72,16,2023,52580000000
16.72,17,2023,57810000000
16.72,1,2024,641630000000
16.72,2,2024,57030000000
16.72,3,2024,34650000000
16.72,4,2024,1940000000
16.72,5,2024,1530000000
16.72,6,2024,445010000000
16.72,7,2024,541960000000
16.72,8,2024,80680000000
16.72,9,2024,94010000000
16.72,10,2024,58890000000
16.72,11,2024,97020000000
16.72,12,2024,160200000000
16.72,13,2024,2350000000
16.72,14,2024,79530000000
16.72,15,2024,271070000000
16.72,16,2024,52900000000
16.72,17,2024,60600000000
16.72,1,2025,666270000000
16.72,2,2025,56950000000
16.72,3,2025,37050000000
16.72,4,2025,2070000000
16.72,5,2025,1540000000
16.72,6,2025,462660000000
16.72,7,2025,596610000000
16.72,8,2025,87380000000
16.72,9,2025,104170000000
16.72,10,2025,62240000000
16.72,11,2025,99730000000
16.72,12,2025,162020000000
16.72,13,2025,2500000000
16.72,14,2025,82510000000
16.72,15,2025,277540000000
16.72,16,2025,55330000000
16.72,17,2025,63410000000
16.71,1,2021,503730000000
16.71,2,2021,4770000000
16.71,3,2021,37015300000000
16.71,4,2021,185710000000
16.71,5,2021,297870000000
16.71,6,2021,16374360000000
16.71,7,2021,15744560000000
16.71,8,2021,4064180000000
16.71,9,2021,2694310000000
16.71,10,2021,10992450000000
16.71,11,2021,5022210000000
16.71,12,2021,5598390000000
16.71,13,2021,178530000000
16.71,14,2021,2904960000000
16.71,15,2021,3476870000000
16.71,16,2021,922190000000
16.71,17,2021,1202170000000
16.71,1,2022,493820000000
16.71,2,2022,4810000000
16.71,3,2022,38877380000000
16.71,4,2022,191470000000
16.71,5,2022,300850000000
16.71,6,2022,16933140000000
16.71,7,2022,16887760000000
16.71,8,2022,4523520000000
16.71,9,2022,3085820000000
16.71,10,2022,11693730000000
16.71,11,2022,4985000000000
16.71,12,2022,5847010000000
16.71,13,2022,184410000000
16.71,14,2022,3048820000000
16.71,15,2022,3557740000000
16.71,16,2022,968970000000
16.71,17,2022,1230560000000
16.71,1,2023,501860000000
16.71,2,2023,4780000000
16.71,3,2023,40120370000000
16.71,4,2023,204840000000
16.71,5,2023,306980000000
16.71,6,2023,17459380000000
16.71,7,2023,18333230000000
16.71,8,2023,4971770000000
16.71,9,2023,3546160000000
16.71,10,2023,12502490000000
16.71,11,2023,5229740000000
16.71,12,2023,6148350000000
16.71,13,2023,188460000000
16.71,14,2023,3172720000000
16.71,15,2023,3670560000000
16.71,16,2023,969090000000
16.71,17,2023,1256360000000
16.71,1,2024,506370000000
16.71,2,2024,4880000000
16.71,3,2024,41188650000000
16.71,4,2024,221430000000
16.71,5,2024,314250000000
16.71,6,2024,18275890000000
16.71,7,2024,19707600000000
16.71,8,2024,5119120000000
16.71,9,2024,3841630000000
16.71,10,2024,13517750000000
16.71,11,2024,5557180000000
16.71,12,2024,6595560000000
16.71,13,2024,197450000000
16.71,14,2024,3413590000000
16.71,15,2024,3851930000000
16.71,16,2024,1030620000000
16.71,17,2024,1327540000000
16.71,1,2025,531520000000
16.71,2,2025,5000000000
16.71,3,2025,42661500000000
16.71,4,2025,240800000000
16.71,5,2025,316430000000
16.71,6,2025,19372760000000
16.71,7,2025,21380050000000
16.71,8,2025,5370250000000
16.71,9,2025,4231040000000
16.71,10,2025,14423760000000
16.71,11,2025,5837930000000
16.71,12,2025,7099910000000
16.71,13,2025,210280000000
16.71,14,2025,3479490000000
16.71,15,2025,4010880000000
16.71,16,2025,1088550000000
16.71,17,2025,1386800000000
16.74,1,2021,414390000000
16.74,2,2021,625000000000
16.74,3,2021,482370000000
16.74,4,2021,10550000000
16.74,5,2021,2360000000
16.74,6,2021,925790000000
16.74,7,2021,1218560000000
16.74,8,2021,146910000000
16.74,9,2021,182390000000
16.74,10,2021,89140000000
16.74,11,2021,267510000000
16.74,12,2021,500280000000
16.74,13,2021,38690000000
16.74,14,2021,232900000000
16.74,15,2021,195160000000
16.74,16,2021,178260000000
16.74,17,2021,31700000000
16.74,1,2022,423460000000
16.74,2,2022,621770000000
16.74,3,2022,507790000000
16.74,4,2022,11010000000
16.74,5,2022,2460000000
16.74,6,2022,961480000000
16.74,7,2022,1330890000000
16.74,8,2022,161200000000
16.74,9,2022,205840000000
16.74,10,2022,95100000000
16.74,11,2022,270200000000
16.74,12,2022,521800000000
16.74,13,2022,40710000000
16.74,14,2022,240430000000
16.74,15,2022,206630000000
16.74,16,2022,188300000000
16.74,17,2022,33290000000
16.74,1,2023,430300000000
16.74,2,2023,639000000000
16.74,3,2023,534150000000
16.74,4,2023,11850000000
16.74,5,2023,2440000000
16.74,6,2023,997740000000
16.74,7,2023,1433990000000
16.74,8,2023,171310000000
16.74,9,2023,224850000000
16.74,10,2023,102280000000
16.74,11,2023,276760000000
16.74,12,2023,544540000000
16.74,13,2023,43190000000
16.74,14,2023,248350000000
16.74,15,2023,217090000000
16.74,16,2023,188350000000
16.74,17,2023,35670000000
16.74,1,2024,446860000000
16.74,2,2024,657330000000
16.74,3,2024,562220000000
16.74,4,2024,12640000000
16.74,5,2024,2490000000
16.74,6,2024,1040150000000
16.74,7,2024,1528480000000
16.74,8,2024,172170000000
16.74,9,2024,240750000000
16.74,10,2024,109390000000
16.74,11,2024,289900000000
16.74,12,2024,572940000000
16.74,13,2024,45650000000
16.74,14,2024,260830000000
16.74,15,2024,229840000000
16.74,16,2024,198340000000
16.74,17,2024,37680000000
16.74,1,2025,463600000000
16.74,2,2025,664750000000
16.74,3,2025,598070000000
16.74,4,2025,13390000000
16.74,5,2025,2480000000
16.74,6,2025,1093490000000
16.74,7,2025,1643020000000
16.74,8,2025,181700000000
16.74,9,2025,263090000000
16.74,10,2025,116660000000
16.74,11,2025,301350000000
16.74,12,2025,605450000000
16.74,13,2025,48620000000
16.74,14,2025,264340000000
16.74,15,2025,242330000000
16.74,16,2025,209830000000
16.74,17,2025,39840000000
17.01,1,2021,1218150000000
17.01,2,2021,85280000000
17.01,3,2021,115200000000
17.01,4,2021,3880000000
17.01,5,2021,5760000000
17.01,6,2021,187170000000
17.01,7,2021,626900000000
17.01,8,2021,240390000000
17.01,9,2021,71690000000
17.01,10,2021,140530000000
17.01,11,2021,239130000000
17.01,12,2021,162850000000
17.01,13,2021,9140000000
17.01,14,2021,362110000000
17.01,15,2021,192540000000
17.01,16,2021,58370000000
17.01,17,2021,23410000000
17.01,1,2022,1267160000000
17.01,2,2022,86440000000
17.01,3,2022,118420000000
17.01,4,2022,4150000000
17.01,5,2022,6000000000
17.01,6,2022,190040000000
17.01,7,2022,654240000000
17.01,8,2022,255400000000
17.01,9,2022,77830000000
17.01,10,2022,151950000000
17.01,11,2022,232460000000
17.01,12,2022,167570000000
17.01,13,2022,10290000000
17.01,14,2022,361610000000
17.01,15,2022,202200000000
17.01,16,2022,60550000000
17.01,17,2022,25280000000
17.01,1,2023,1284620000000
17.01,2,2023,91100000000
17.01,3,2023,117590000000
17.01,4,2023,4350000000
17.01,5,2023,6380000000
17.01,6,2023,200420000000
17.01,7,2023,672920000000
17.01,8,2023,269010000000
17.01,9,2023,84970000000
17.01,10,2023,166670000000
17.01,11,2023,216830000000
17.01,12,2023,176760000000
17.01,13,2023,11090000000
17.01,14,2023,386210000000
17.01,15,2023,212740000000
17.01,16,2023,66000000000
17.01,17,2023,27160000000
17.01,1,2024,1308510000000
17.01,2,2024,96200000000
17.01,3,2024,121310000000
17.01,4,2024,4570000000
17.01,5,2024,6640000000
17.01,6,2024,212880000000
17.01,7,2024,689900000000
17.01,8,2024,278900000000
17.01,9,2024,93220000000
17.01,10,2024,182080000000
17.01,11,2024,231250000000
17.01,12,2024,184920000000
17.01,13,2024,12000000000
17.01,14,2024,419340000000
17.01,15,2024,226730000000
17.01,16,2024,71420000000
17.01,17,2024,29620000000
17.01,1,2025,1354950000000
17.01,2,2025,101200000000
17.01,3,2025,133920000000
17.01,4,2025,4760000000
17.01,5,2025,6570000000
17.01,6,2025,216590000000
17.01,7,2025,711430000000
17.01,8,2025,301280000000
17.01,9,2025,103340000000
17.01,10,2025,197050000000
17.01,11,2025,248410000000
17.01,12,2025,195060000000
17.01,13,2025,12850000000
17.01,14,2025,421350000000
17.01,15,2025,242540000000
17.01,16,2025,74670000000
17.01,17,2025,32630000000
17.09,1,2021,871630000000
17.09,2,2021,418570000000
17.09,3,2021,427220000000
17.09,4,2021,1460000000
17.09,5,2021,3320000000
17.09,6,2021,133800000000
17.09,7,2021,241360000000
17.09,8,2021,36270000000
17.09,9,2021,59520000000
17.09,10,2021,21670000000
17.09,11,2021,77150000000
17.09,12,2021,121580000000
17.09,13,2021,2530000000
17.09,14,2021,448450000000
17.09,15,2021,61930000000
17.09,16,2021,16850000000
17.09,17,2021,8160000000
17.09,1,2022,910850000000
17.09,2,2022,423240000000
17.09,3,2022,440090000000
17.09,4,2022,1580000000
17.09,5,2022,3510000000
17.09,6,2022,136340000000
17.09,7,2022,253770000000
17.09,8,2022,38870000000
17.09,9,2022,64030000000
17.09,10,2022,23280000000
17.09,11,2022,76490000000
17.09,12,2022,125840000000
17.09,13,2022,2810000000
17.09,14,2022,449150000000
17.09,15,2022,64660000000
17.09,16,2022,17630000000
17.09,17,2022,8880000000
17.09,1,2023,926600000000
17.09,2,2023,455960000000
17.09,3,2023,446520000000
17.09,4,2023,1640000000
17.09,5,2023,3670000000
17.09,6,2023,143740000000
17.09,7,2023,261600000000
17.09,8,2023,41410000000
17.09,9,2023,70040000000
17.09,10,2023,25170000000
17.09,11,2023,72370000000
17.09,12,2023,132530000000
17.09,13,2023,3030000000
17.09,14,2023,476270000000
17.09,15,2023,67820000000
17.09,16,2023,19110000000
17.09,17,2023,9770000000
17.09,1,2024,954710000000
17.09,2,2024,463790000000
17.09,3,2024,450230000000
17.09,4,2024,1710000000
17.09,5,2024,3900000000
17.09,6,2024,150930000000
17.09,7,2024,270340000000
17.09,8,2024,43040000000
17.09,9,2024,76370000000
17.09,10,2024,27220000000
17.09,11,2024,76350000000
17.09,12,2024,138310000000
17.09,13,2024,3270000000
17.09,14,2024,519020000000
17.09,15,2024,71800000000
17.09,16,2024,20790000000
17.09,17,2024,10690000000
17.09,1,2025,1016920000000
17.09,2,2025,420530000000
17.09,3,2025,494040000000
17.09,4,2025,1770000000
17.09,5,2025,3920000000
17.09,6,2025,157080000000
17.09,7,2025,280420000000
17.09,8,2025,47840000000
17.09,9,2025,86060000000
17.09,10,2025,29890000000
17.09,11,2025,84590000000
17.09,12,2025,146530000000
17.09,13,2025,3530000000
17.09,14,2025,529730000000
17.09,15,2025,77060000000
17.09,16,2025,22400000000
17.09,17,2025,11870000000
17.03,1,2021,3487390000000
17.03,2,2021,1688560000000
17.03,3,2021,752490000000
17.03,4,2021,8470000000
17.03,5,2021,16190000000
17.03,6,2021,432980000000
17.03,7,2021,841980000000
17.03,8,2021,227730000000
17.03,9,2021,68720000000
17.03,10,2021,190690000000
17.03,11,2021,374290000000
17.03,12,2021,240640000000
17.03,13,2021,10640000000
17.03,14,2021,817640000000
17.03,15,2021,511010000000
17.03,16,2021,133930000000
17.03,17,2021,51290000000
17.03,1,2022,3887850000000
17.03,2,2022,3394410000000
17.03,3,2022,802630000000
17.03,4,2022,9340000000
17.03,5,2022,17230000000
17.03,6,2022,463850000000
17.03,7,2022,946810000000
17.03,8,2022,262190000000
17.03,9,2022,75940000000
17.03,10,2022,214510000000
17.03,11,2022,396470000000
17.03,12,2022,254040000000
17.03,13,2022,12120000000
17.03,14,2022,824110000000
17.03,15,2022,556990000000
17.03,16,2022,143210000000
17.03,17,2022,56950000000
17.03,1,2023,4281410000000
17.03,2,2023,2767910000000
17.03,3,2023,838760000000
17.03,4,2023,9830000000
17.03,5,2023,18270000000
17.03,6,2023,506220000000
17.03,7,2023,1034520000000
17.03,8,2023,311090000000
17.03,9,2023,84750000000
17.03,10,2023,241700000000
17.03,11,2023,385030000000
17.03,12,2023,274740000000
17.03,13,2023,13560000000
17.03,14,2023,888520000000
17.03,15,2023,605620000000
17.03,16,2023,164000000000
17.03,17,2023,64610000000
17.03,1,2024,4956050000000
17.03,2,2024,1923740000000
17.03,3,2024,874720000000
17.03,4,2024,10320000000
17.03,5,2024,20510000000
17.03,6,2024,539160000000
17.03,7,2024,1098730000000
17.03,8,2024,341070000000
17.03,9,2024,95160000000
17.03,10,2024,267800000000
17.03,11,2024,411960000000
17.03,12,2024,289370000000
17.03,13,2024,15100000000
17.03,14,2024,977700000000
17.03,15,2024,701880000000
17.03,16,2024,184980000000
17.03,17,2024,73280000000
17.03,1,2025,5650870000000
17.03,2,2025,1625160000000
17.03,3,2025,990990000000
17.03,4,2025,10680000000
17.03,5,2025,21080000000
17.03,6,2025,562780000000
17.03,7,2025,1158220000000
17.03,8,2025,378890000000
17.03,9,2025,109780000000
17.03,10,2025,295100000000
17.03,11,2025,464280000000
17.03,12,2025,305160000000
17.03,13,2025,16600000000
17.03,14,2025,1024360000000
17.03,15,2025,776190000000
17.03,16,2025,203730000000
17.03,17,2025,82590000000
17.04,1,2021,1144630000000
17.04,2,2021,100450000000
17.04,3,2021,87000000000
17.04,4,2021,1840000000
17.04,5,2021,5510000000
17.04,6,2021,146100000000
17.04,7,2021,228730000000
17.04,8,2021,110610000000
17.04,9,2021,29960000000
17.04,10,2021,79820000000
17.04,11,2021,29140000000
17.04,12,2021,100450000000
17.04,13,2021,1140000000
17.04,14,2021,185030000000
17.04,15,2021,64380000000
17.04,16,2021,12920000000
17.04,17,2021,5600000000
17.04,1,2022,1190750000000
17.04,2,2022,101080000000
17.04,3,2022,90320000000
17.04,4,2022,1990000000
17.04,5,2022,5750000000
17.04,6,2022,147100000000
17.04,7,2022,241490000000
17.04,8,2022,119100000000
17.04,9,2022,32720000000
17.04,10,2022,86050000000
17.04,11,2022,28630000000
17.04,12,2022,104190000000
17.04,13,2022,1280000000
17.04,14,2022,185340000000
17.04,15,2022,66160000000
17.04,16,2022,13540000000
17.04,17,2022,5960000000
17.04,1,2023,1221900000000
17.04,2,2023,103980000000
17.04,3,2023,91790000000
17.04,4,2023,2030000000
17.04,5,2023,5890000000
17.04,6,2023,152800000000
17.04,7,2023,244520000000
17.04,8,2023,126870000000
17.04,9,2023,35670000000
17.04,10,2023,93900000000
17.04,11,2023,27130000000
17.04,12,2023,108970000000
17.04,13,2023,1380000000
17.04,14,2023,196550000000
17.04,15,2023,69370000000
17.04,16,2023,14620000000
17.04,17,2023,6470000000
17.04,1,2024,1256220000000
17.04,2,2024,107330000000
17.04,3,2024,94270000000
17.04,4,2024,2110000000
17.04,5,2024,6250000000
17.04,6,2024,161500000000
17.04,7,2024,251720000000
17.04,8,2024,133450000000
17.04,9,2024,39000000000
17.04,10,2024,102560000000
17.04,11,2024,28540000000
17.04,12,2024,113520000000
17.04,13,2024,1490000000
17.04,14,2024,213010000000
17.04,15,2024,73630000000
17.04,16,2024,15950000000
17.04,17,2024,7070000000
17.04,1,2025,1306750000000
17.04,2,2025,111850000000
17.04,3,2025,103900000000
17.04,4,2025,2190000000
17.04,5,2025,6250000000
17.04,6,2025,166530000000
17.04,7,2025,258640000000
17.04,8,2025,144770000000
17.04,9,2025,43710000000
17.04,10,2025,111560000000
17.04,11,2025,31110000000
17.04,12,2025,119420000000
17.04,13,2025,1600000000
17.04,14,2025,215870000000
17.04,15,2025,78960000000
17.04,16,2025,17040000000
17.04,17,2025,7750000000
17.08,1,2021,1197536830000
17.08,2,2021,67647890000
17.08,3,2021,212834920000
17.08,4,2021,5057040000
17.08,5,2021,4915770000
17.08,6,2021,155032860000
17.08,7,2021,293140900000
17.08,8,2021,83932050000
17.08,9,2021,56643600000
17.08,10,2021,66261940000
17.08,11,2021,36261900000
17.08,12,2021,97545760000
17.08,13,2021,3906180000
17.08,14,2021,403848400000
17.08,15,2021,148097500000
17.08,16,2021,43350740000
17.08,17,2021,18335750000
17.08,1,2022,1261235190000
17.08,2,2022,68051730000
17.08,3,2022,221390230000
17.08,4,2022,5496430000
17.08,5,2022,5213260000
17.08,6,2022,157026190000
17.08,7,2022,307420910000
17.08,8,2022,90323540000
17.08,9,2022,61749150000
17.08,10,2022,72045640000
17.08,11,2022,35724110000
17.08,12,2022,101400750000
17.08,13,2022,4334730000
17.08,14,2022,403776980000
17.08,15,2022,155491410000
17.08,16,2022,44894170000
17.08,17,2022,19994380000
17.08,1,2023,1291618800000
17.08,2,2023,71414240000
17.08,3,2023,228094610000
17.08,4,2023,5790330000
17.08,5,2023,5438860000
17.08,6,2023,165199700000
17.08,7,2023,316966150000
17.08,8,2023,96917800000
17.08,9,2023,67901000000
17.08,10,2023,78946000000
17.08,11,2023,34235850000
17.08,12,2023,106684490000
17.08,13,2023,4685170000
17.08,14,2023,428808170000
17.08,15,2023,163112570000
17.08,16,2023,48628890000
17.08,17,2023,21996070000
17.08,1,2024,1323810000000
17.08,2,2024,74555400000
17.08,3,2024,234155100000
17.08,4,2024,6025200000
17.08,5,2024,5759300000
17.08,6,2024,173568200000
17.08,7,2024,326159300000
17.08,8,2024,102095300000
17.08,9,2024,74360800000
17.08,10,2024,86085900000
17.08,11,2024,36035700000
17.08,12,2024,111005600000
17.08,13,2024,5073300000
17.08,14,2024,461771300000
17.08,15,2024,173179600000
17.08,16,2024,53013600000
17.08,17,2024,23970700000
17.07,1,2021,874100000000
17.07,2,2021,116600000000
17.07,3,2021,122560000000
17.07,4,2021,2610000000
17.07,5,2021,6180000000
17.07,6,2021,184180000000
17.07,7,2021,204050000000
17.07,8,2021,101600000000
17.07,9,2021,29040000000
17.07,10,2021,41100000000
17.07,11,2021,26740000000
17.07,12,2021,133540000000
17.07,13,2021,3770000000
17.07,14,2021,254080000000
17.07,15,2021,59150000000
17.07,16,2021,18290000000
17.07,17,2021,14670000000
17.07,1,2022,909690000000
17.07,2,2022,113850000000
17.07,3,2022,126290000000
17.07,4,2022,2820000000
17.07,5,2022,6520000000
17.07,6,2022,184670000000
17.07,7,2022,213770000000
17.07,8,2022,105920000000
17.07,9,2022,31250000000
17.07,10,2022,44160000000
17.07,11,2022,25710000000
17.07,12,2022,138590000000
17.07,13,2022,4150000000
17.07,14,2022,254560000000
17.07,15,2022,60900000000
17.07,16,2022,19030000000
17.07,17,2022,15680000000
17.07,1,2023,914500000000
17.07,2,2023,119060000000
17.07,3,2023,129310000000
17.07,4,2023,2880000000
17.07,5,2023,6750000000
17.07,6,2023,192650000000
17.07,7,2023,217400000000
17.07,8,2023,110720000000
17.07,9,2023,34190000000
17.07,10,2023,48220000000
17.07,11,2023,24510000000
17.07,12,2023,145650000000
17.07,13,2023,4460000000
17.07,14,2023,270140000000
17.07,15,2023,63520000000
17.07,16,2023,20600000000
17.07,17,2023,17170000000
17.07,1,2024,937370000000
17.07,2,2024,125650000000
17.07,3,2024,132390000000
17.07,4,2024,3000000000
17.07,5,2024,7160000000
17.07,6,2024,203250000000
17.07,7,2024,223700000000
17.07,8,2024,116650000000
17.07,9,2024,37440000000
17.07,10,2024,52460000000
17.07,11,2024,25820000000
17.07,12,2024,151610000000
17.07,13,2024,4820000000
17.07,14,2024,291560000000
17.07,15,2024,67390000000
17.07,16,2024,22460000000
17.07,17,2024,18780000000
17.07,1,2025,958870000000
17.07,2,2025,131790000000
17.07,3,2025,146430000000
17.07,4,2025,3110000000
17.07,5,2025,7140000000
17.07,6,2025,209680000000
17.07,7,2025,229100000000
17.07,8,2025,127820000000
17.07,9,2025,40600000000
17.07,10,2025,57000000000
17.07,11,2025,28140000000
17.07,12,2025,159940000000
17.07,13,2025,5190000000
17.07,14,2025,296890000000
17.07,15,2025,72160000000
17.07,16,2025,24120000000
17.07,17,2025,20760000000
17.02,1,2021,1865520000000
17.02,2,2021,85290000000
17.02,3,2021,255180000000
17.02,4,2021,6820000000
17.02,5,2021,10880000000
17.02,6,2021,244440000000
17.02,7,2021,1134290000000
17.02,8,2021,375490000000
17.02,9,2021,118690000000
17.02,10,2021,210150000000
17.02,11,2021,212310000000
17.02,12,2021,248170000000
17.02,13,2021,8930000000
17.02,14,2021,606920000000
17.02,15,2021,627120000000
17.02,16,2021,186410000000
17.02,17,2021,77600000000
17.02,1,2022,1962380000000
17.02,2,2022,86110000000
17.02,3,2022,264460000000
17.02,4,2022,7260000000
17.02,5,2022,11240000000
17.02,6,2022,246110000000
17.02,7,2022,1197080000000
17.02,8,2022,395530000000
17.02,9,2022,127120000000
17.02,10,2022,226860000000
17.02,11,2022,209510000000
17.02,12,2022,256060000000
17.02,13,2022,9910000000
17.02,14,2022,606730000000
17.02,15,2022,655990000000
17.02,16,2022,197220000000
17.02,17,2022,84550000000
17.02,1,2023,2001380000000
17.02,2,2023,90150000000
17.02,3,2023,273080000000
17.02,4,2023,7500000000
17.02,5,2023,11970000000
17.02,6,2023,258160000000
17.02,7,2023,1235280000000
17.02,8,2023,418100000000
17.02,9,2023,138980000000
17.02,10,2023,247610000000
17.02,11,2023,197940000000
17.02,12,2023,271260000000
17.02,13,2023,10670000000
17.02,14,2023,647810000000
17.02,15,2023,684550000000
17.02,16,2023,217080000000
17.02,17,2023,97460000000
17.02,1,2024,2059880000000
17.02,2,2024,92170000000
17.02,3,2024,277350000000
17.02,4,2024,7770000000
17.02,5,2024,12690000000
17.02,6,2024,269430000000
17.02,7,2024,1268860000000
17.02,8,2024,423330000000
17.02,9,2024,152320000000
17.02,10,2024,271630000000
17.02,11,2024,208110000000
17.02,12,2024,281270000000
17.02,13,2024,11570000000
17.02,14,2024,693620000000
17.02,15,2024,728140000000
17.02,16,2024,235850000000
17.02,17,2024,107130000000
17.02,1,2025,2107550000000
17.02,2,2025,97080000000
17.02,3,2025,306320000000
17.02,4,2025,8000000000
17.02,5,2025,12700000000
17.02,6,2025,276750000000
17.02,7,2025,1305180000000
17.02,8,2025,443550000000
17.02,9,2025,169370000000
17.02,10,2025,292400000000
17.02,11,2025,227220000000
17.02,12,2025,296190000000
17.02,13,2025,12410000000
17.02,14,2025,700140000000
17.02,15,2025,773380000000
17.02,16,2025,253380000000
17.02,17,2025,117860000000
17.05,1,2021,1391120000000
17.05,2,2021,102460000000
17.05,3,2021,242200000000
17.05,4,2021,3610000000
17.05,5,2021,5200000000
17.05,6,2021,155090000000
17.05,7,2021,246840000000
17.05,8,2021,66950000000
17.05,9,2021,45570000000
17.05,10,2021,35650000000
17.05,11,2021,24700000000
17.05,12,2021,132170000000
17.05,13,2021,3480000000
17.05,14,2021,274570000000
17.05,15,2021,154570000000
17.05,16,2021,29510000000
17.05,17,2021,19260000000
17.05,1,2022,1422430000000
17.05,2,2022,105080000000
17.05,3,2022,255030000000
17.05,4,2022,3810000000
17.05,5,2022,5410000000
17.05,6,2022,161140000000
17.05,7,2022,260460000000
17.05,8,2022,70190000000
17.05,9,2022,49070000000
17.05,10,2022,39750000000
17.05,11,2022,25210000000
17.05,12,2022,139530000000
17.05,13,2022,3870000000
17.05,14,2022,275090000000
17.05,15,2022,153490000000
17.05,16,2022,29160000000
17.05,17,2022,19910000000
17.05,1,2023,1436550000000
17.05,2,2023,104560000000
17.05,3,2023,256870000000
17.05,4,2023,4100000000
17.05,5,2023,5600000000
17.05,6,2023,166340000000
17.05,7,2023,267000000000
17.05,8,2023,74140000000
17.05,9,2023,53320000000
17.05,10,2023,43220000000
17.05,11,2023,24850000000
17.05,12,2023,150770000000
17.05,13,2023,4200000000
17.05,14,2023,291830000000
17.05,15,2023,160940000000
17.05,16,2023,31640000000
17.05,17,2023,21590000000
17.05,1,2024,1468630000000
17.05,2,2024,107990000000
17.05,3,2024,269070000000
17.05,4,2024,4290000000
17.05,5,2024,5960000000
17.05,6,2024,174090000000
17.05,7,2024,278020000000
17.05,8,2024,78020000000
17.05,9,2024,59200000000
17.05,10,2024,47260000000
17.05,11,2024,26120000000
17.05,12,2024,157380000000
17.05,13,2024,4560000000
17.05,14,2024,313820000000
17.05,15,2024,171240000000
17.05,16,2024,33980000000
17.05,17,2024,23750000000
17.05,1,2025,1492960000000
17.05,2,2025,111900000000
17.05,3,2025,297600000000
17.05,4,2025,4430000000
17.05,5,2025,5960000000
17.05,6,2025,175180000000
17.05,7,2025,286750000000
17.05,8,2025,85270000000
17.05,9,2025,66800000000
17.05,10,2025,51720000000
17.05,11,2025,28280000000
17.05,12,2025,165570000000
17.05,13,2025,4910000000
17.05,14,2025,319300000000
17.05,15,2025,184760000000
17.05,16,2025,36530000000
17.05,17,2025,26260000000
17.71,1,2021,1216040000000
17.71,2,2021,21460000000
17.71,3,2021,509050000000
17.71,4,2021,18760000000
17.71,5,2021,42670000000
17.71,6,2021,700510000000
17.71,7,2021,3421080000000
17.71,8,2021,2371890000000
17.71,9,2021,315930000000
17.71,10,2021,1580900000000
17.71,11,2021,786810000000
17.71,12,2021,846870000000
17.71,13,2021,959810000000
17.71,14,2021,1100670000000
17.71,15,2021,1274340000000
17.71,16,2021,474350000000
17.71,17,2021,192060000000
17.71,1,2022,1259440000000
17.71,2,2022,21620000000
17.71,3,2022,521850000000
17.71,4,2022,19920000000
17.71,5,2022,44410000000
17.71,6,2022,701980000000
17.71,7,2022,3561970000000
17.71,8,2022,2761300000000
17.71,9,2022,343090000000
17.71,10,2022,1700410000000
17.71,11,2022,754680000000
17.71,12,2022,871010000000
17.71,13,2022,1064620000000
17.71,14,2022,1102700000000
17.71,15,2022,1314490000000
17.71,16,2022,485970000000
17.71,17,2022,204470000000
17.71,1,2023,1313450000000
17.71,2,2023,22100000000
17.71,3,2023,530820000000
17.71,4,2023,20540000000
17.71,5,2023,47450000000
17.71,6,2023,740520000000
17.71,7,2023,3733050000000
17.71,8,2023,2954510000000
17.71,9,2023,376590000000
17.71,10,2023,1862970000000
17.71,11,2023,716100000000
17.71,12,2023,909420000000
17.71,13,2023,1148940000000
17.71,14,2023,1168690000000
17.71,15,2023,1362460000000
17.71,16,2023,527040000000
17.71,17,2023,224280000000
17.71,1,2024,1374120000000
17.71,2,2024,23080000000
17.71,3,2024,542120000000
17.71,4,2024,21320000000
17.71,5,2024,50350000000
17.71,6,2024,777980000000
17.71,7,2024,3851360000000
17.71,8,2024,3070620000000
17.71,9,2024,412090000000
17.71,10,2024,2030800000000
17.71,11,2024,752910000000
17.71,12,2024,948010000000
17.71,13,2024,1241130000000
17.71,14,2024,1249590000000
17.71,15,2024,1443050000000
17.71,16,2024,576160000000
17.71,17,2024,245250000000
17.71,1,2025,1452180000000
17.71,2,2025,24260000000
17.71,3,2025,592410000000
17.71,4,2025,22030000000
17.71,5,2025,50630000000
17.71,6,2025,809430000000
17.71,7,2025,3989490000000
17.71,8,2025,3147020000000
17.71,9,2025,461370000000
17.71,10,2025,2206840000000
17.71,11,2025,830210000000
17.71,12,2025,999530000000
17.71,13,2025,1337820000000
17.71,14,2025,1263540000000
17.71,15,2025,1560220000000
17.71,16,2025,625030000000
17.71,17,2025,272710000000
18.04,1,2021,2383050000000
18.04,2,2021,113800000000
18.04,3,2021,248010000000
18.04,4,2021,930000000
18.04,5,2021,5710000000
18.04,6,2021,224080000000
18.04,7,2021,665110000000
18.04,8,2021,131400000000
18.04,9,2021,56150000000
18.04,10,2021,206190000000
18.04,11,2021,91210000000
18.04,12,2021,232580000000
18.04,13,2021,8780000000
18.04,14,2021,316680000000
18.04,15,2021,216600000000
18.04,16,2021,77950000000
18.04,17,2021,73650000000
18.04,1,2022,2397310000000
18.04,2,2022,117120000000
18.04,3,2022,249920000000
18.04,4,2022,960000000
18.04,5,2022,5540000000
18.04,6,2022,238280000000
18.04,7,2022,760460000000
18.04,8,2022,159830000000
18.04,9,2022,62230000000
18.04,10,2022,217180000000
18.04,11,2022,88890000000
18.04,12,2022,238470000000
18.04,13,2022,9070000000
18.04,14,2022,313430000000
18.04,15,2022,224530000000
18.04,16,2022,78080000000
18.04,17,2022,95660000000
18.04,1,2023,2402200000000
18.04,2,2023,127830000000
18.04,3,2023,256850000000
18.04,4,2023,1030000000
18.04,5,2023,5490000000
18.04,6,2023,258510000000
18.04,7,2023,838990000000
18.04,8,2023,189400000000
18.04,9,2023,69710000000
18.04,10,2023,234940000000
18.04,11,2023,92480000000
18.04,12,2023,240570000000
18.04,13,2023,9200000000
18.04,14,2023,354710000000
18.04,15,2023,229900000000
18.04,16,2023,79830000000
18.04,17,2023,111280000000
18.04,1,2024,2405510000000
18.04,2,2024,140050000000
18.04,3,2024,287360000000
18.04,4,2024,1100000000
18.04,5,2024,5380000000
18.04,6,2024,277340000000
18.04,7,2024,902790000000
18.04,8,2024,208920000000
18.04,9,2024,74850000000
18.04,10,2024,259030000000
18.04,11,2024,98180000000
18.04,12,2024,256480000000
18.04,13,2024,9990000000
18.04,14,2024,373850000000
18.04,15,2024,232960000000
18.04,16,2024,87620000000
18.04,17,2024,121450000000
18.04,1,2025,2531520000000
18.04,2,2025,135950000000
18.04,3,2025,321400000000
18.04,4,2025,1160000000
18.04,5,2025,5100000000
18.04,6,2025,309430000000
18.04,7,2025,950350000000
18.04,8,2025,226940000000
18.04,9,2025,82430000000
18.04,10,2025,271550000000
18.04,11,2025,103330000000
18.04,12,2025,265600000000
18.04,13,2025,10300000000
18.04,14,2025,382320000000
18.04,15,2025,236670000000
18.04,16,2025,91220000000
18.04,17,2025,130770000000
18.01,1,2021,8541410000000
18.01,2,2021,470820000000
18.01,3,2021,7145690000000
18.01,4,2021,43910000000
18.01,5,2021,38360000000
18.01,6,2021,3982000000000
18.01,7,2021,4085040000000
18.01,8,2021,1535380000000
18.01,9,2021,391310000000
18.01,10,2021,1248750000000
18.01,11,2021,536330000000
18.01,12,2021,706300000000
18.01,13,2021,24590000000
18.01,14,2021,658550000000
18.01,15,2021,743310000000
18.01,16,2021,196690000000
18.01,17,2021,168980000000
18.01,1,2022,8761200000000
18.01,2,2022,480760000000
18.01,3,2022,7313030000000
18.01,4,2022,46020000000
18.01,5,2022,40380000000
18.01,6,2022,4272340000000
18.01,7,2022,4539380000000
18.01,8,2022,1738720000000
18.01,9,2022,433310000000
18.01,10,2022,1260150000000
18.01,11,2022,526840000000
18.01,12,2022,722440000000
18.01,13,2022,28240000000
18.01,14,2022,653470000000
18.01,15,2022,761930000000
18.01,16,2022,196500000000
18.01,17,2022,211550000000
18.01,1,2023,8768340000000
18.01,2,2023,490100000000
18.01,3,2023,7489710000000
18.01,4,2023,47360000000
18.01,5,2023,42190000000
18.01,6,2023,4625290000000
18.01,7,2023,5146300000000
18.01,8,2023,1934670000000
18.01,9,2023,483350000000
18.01,10,2023,1316870000000
18.01,11,2023,530540000000
18.01,12,2023,733080000000
18.01,13,2023,28750000000
18.01,14,2023,663150000000
18.01,15,2023,781250000000
18.01,16,2023,203770000000
18.01,17,2023,243960000000
18.01,1,2024,8598960000000
18.01,2,2024,508960000000
18.01,3,2024,7941910000000
18.01,4,2024,48410000000
18.01,5,2024,41830000000
18.01,6,2024,4875580000000
18.01,7,2024,5657620000000
18.01,8,2024,2124420000000
18.01,9,2024,507510000000
18.01,10,2024,1411490000000
18.01,11,2024,563670000000
18.01,12,2024,780520000000
18.01,13,2024,31400000000
18.01,14,2024,710410000000
18.01,15,2024,790190000000
18.01,16,2024,216160000000
18.01,17,2024,268020000000
18.01,1,2025,9140900000000
18.01,2,2025,517260000000
18.01,3,2025,8448110000000
18.01,4,2025,50750000000
18.01,5,2025,42610000000
18.01,6,2025,5106170000000
18.01,7,2025,5990990000000
18.01,8,2025,2293150000000
18.01,9,2025,555180000000
18.01,10,2025,1469110000000
18.01,11,2025,593100000000
18.01,12,2025,812810000000
18.01,13,2025,33040000000
18.01,14,2025,712160000000
18.01,15,2025,808050000000
18.01,16,2025,216080000000
18.01,17,2025,292210000000
18.07,1,2021,9831830000000
18.07,2,2021,6808640000000
18.07,3,2021,2407860000000
18.07,4,2021,150400000000
18.07,5,2021,17240000000
18.07,6,2021,1753590000000
18.07,7,2021,2685580000000
18.07,8,2021,564410000000
18.07,9,2021,286340000000
18.07,10,2021,1376410000000
18.07,11,2021,378210000000
18.07,12,2021,638480000000
18.07,13,2021,20920000000
18.07,14,2021,822880000000
18.07,15,2021,775250000000
18.07,16,2021,221490000000
18.07,17,2021,261840000000
18.07,1,2022,9970200000000
18.07,2,2022,6234800000000
18.07,3,2022,2460020000000
18.07,4,2022,167090000000
18.07,5,2022,18060000000
18.07,6,2022,1888910000000
18.07,7,2022,3202190000000
18.07,8,2022,700930000000
18.07,9,2022,325340000000
18.07,10,2022,1392460000000
18.07,11,2022,364990000000
18.07,12,2022,658040000000
18.07,13,2022,24190000000
18.07,14,2022,818840000000
18.07,15,2022,793990000000
18.07,16,2022,220080000000
18.07,17,2022,347280000000
18.07,1,2023,9972730000000
18.07,2,2023,6200150000000
18.07,3,2023,2510580000000
18.07,4,2023,165440000000
18.07,5,2023,18090000000
18.07,6,2023,2066380000000
18.07,7,2023,3648860000000
18.07,8,2023,827170000000
18.07,9,2023,372880000000
18.07,10,2023,1494420000000
18.07,11,2023,378600000000
18.07,12,2023,664090000000
18.07,13,2023,25360000000
18.07,14,2023,841330000000
18.07,15,2023,812490000000
18.07,16,2023,226950000000
18.07,17,2023,399760000000
18.07,1,2024,9890650000000
18.07,2,2024,6434430000000
18.07,3,2024,2830070000000
18.07,4,2024,127970000000
18.07,5,2024,18120000000
18.07,6,2024,2142890000000
18.07,7,2024,4067960000000
18.07,8,2024,928960000000
18.07,9,2024,399380000000
18.07,10,2024,1628980000000
18.07,11,2024,407000000000
18.07,12,2024,720020000000
18.07,13,2024,27660000000
18.07,14,2024,900180000000
18.07,15,2024,825640000000
18.07,16,2024,244150000000
18.07,17,2024,445860000000
18.07,1,2025,10666710000000
18.07,2,2025,6040160000000
18.07,3,2025,3035130000000
18.07,4,2025,100290000000
18.07,5,2025,19090000000
18.07,6,2025,2337770000000
18.07,7,2025,4440730000000
18.07,8,2025,1057380000000
18.07,9,2025,449420000000
18.07,10,2025,1686700000000
18.07,11,2025,429680000000
18.07,12,2025,748450000000
18.07,13,2025,28840000000
18.07,14,2025,906940000000
18.07,15,2025,849020000000
18.07,16,2025,246700000000
18.07,17,2025,488010000000
18.03,1,2021,5765000000000
18.03,2,2021,559000000000
18.03,3,2021,2270000000000
18.03,4,2021,15000000000
18.03,5,2021,10000000000
18.03,6,2021,1455000000000
18.03,7,2021,2199000000000
18.03,8,2021,927000000000
18.03,9,2021,190000000000
18.03,10,2021,1041000000000
18.03,11,2021,308000000000
18.03,12,2021,453000000000
18.03,13,2021,16000000000
18.03,14,2021,584000000000
18.03,15,2021,640000000000
18.03,16,2021,176000000000
18.03,17,2021,121000000000
18.03,1,2022,5843000000000
18.03,2,2022,558000000000
18.03,3,2022,2376000000000
18.03,4,2022,15000000000
18.03,5,2022,10000000000
18.03,6,2022,1474000000000
18.03,7,2022,2325000000000
18.03,8,2022,1017000000000
18.03,9,2022,194000000000
18.03,10,2022,1105000000000
18.03,11,2022,302000000000
18.03,12,2022,455000000000
18.03,13,2022,17000000000
18.03,14,2022,582000000000
18.03,15,2022,660000000000
18.03,16,2022,175000000000
18.03,17,2022,148000000000
18.03,1,2023,5852000000000
18.03,2,2023,582000000000
18.03,3,2023,2394000000000
18.03,4,2023,16000000000
18.03,5,2023,10000000000
18.03,6,2023,1574000000000
18.03,7,2023,2484000000000
18.03,8,2023,1198000000000
18.03,9,2023,218000000000
18.03,10,2023,1211000000000
18.03,11,2023,315000000000
18.03,12,2023,460000000000
18.03,13,2023,18000000000
18.03,14,2023,608000000000
18.03,15,2023,691000000000
18.03,16,2023,186000000000
18.03,17,2023,170000000000
18.03,1,2024,5543000000000
18.03,2,2024,601000000000
18.03,3,2024,2594000000000
18.03,4,2024,17000000000
18.03,5,2024,10000000000
18.03,6,2024,1753000000000
18.03,7,2024,2622000000000
18.03,8,2024,1430000000000
18.03,9,2024,231000000000
18.03,10,2024,1331000000000
18.03,11,2024,324000000000
18.03,12,2024,485000000000
18.03,13,2024,19000000000
18.03,14,2024,664000000000
18.03,15,2024,711000000000
18.03,16,2024,201000000000
18.03,17,2024,186000000000
18.03,1,2025,5799000000000
18.03,2,2025,627000000000
18.03,3,2025,2767000000000
18.03,4,2025,18000000000
18.03,5,2025,10000000000
18.03,6,2025,1824000000000
18.03,7,2025,2739000000000
18.03,8,2025,1553000000000
18.03,9,2025,261000000000
18.03,10,2025,1408000000000
18.03,11,2025,338000000000
18.03,12,2025,500000000000
18.03,13,2025,20000000000
18.03,14,2025,679000000000
18.03,15,2025,738000000000
18.03,16,2025,204000000000
18.03,17,2025,194000000000
18.11,1,2021,2940700000000
18.11,2,2021,40780000000
18.11,3,2021,1700710000000
18.11,4,2021,10270000000
18.11,5,2021,2050000000
18.11,6,2021,592340000000
18.11,7,2021,850840000000
18.11,8,2021,124020000000
18.11,9,2021,61740000000
18.11,10,2021,195110000000
18.11,11,2021,24550000000
18.11,12,2021,169480000000
18.11,13,2021,1170000000
18.11,14,2021,181600000000
18.11,15,2021,149520000000
18.11,16,2021,35590000000
18.11,17,2021,26860000000
18.11,1,2022,2951350000000
18.11,2,2022,41700000000
18.11,3,2022,1715910000000
18.11,4,2022,10760000000
18.11,5,2022,2120000000
18.11,6,2022,616210000000
18.11,7,2022,991450000000
18.11,8,2022,152710000000
18.11,9,2022,70550000000
18.11,10,2022,196060000000
18.11,11,2022,23920000000
18.11,12,2022,175240000000
18.11,13,2022,1320000000
18.11,14,2022,182990000000
18.11,15,2022,153620000000
18.11,16,2022,35370000000
18.11,17,2022,34280000000
18.11,1,2023,2951620000000
18.11,2,2023,44710000000
18.11,3,2023,1769400000000
18.11,4,2023,11470000000
18.11,5,2023,2180000000
18.11,6,2023,669400000000
18.11,7,2023,1109110000000
18.11,8,2023,180600000000
18.11,9,2023,80640000000
18.11,10,2023,211530000000
18.11,11,2023,24840000000
18.11,12,2023,177970000000
18.11,13,2023,1390000000
18.11,14,2023,184450000000
18.11,15,2023,158130000000
18.11,16,2023,36850000000
18.11,17,2023,39620000000
18.11,1,2024,2890240000000
18.11,2,2024,46230000000
18.11,3,2024,1978170000000
18.11,4,2024,12050000000
18.11,5,2024,2140000000
18.11,6,2024,702740000000
18.11,7,2024,1202990000000
18.11,8,2024,199690000000
18.11,9,2024,85040000000
18.11,10,2024,229700000000
18.11,11,2024,26000000000
18.11,12,2024,189270000000
18.11,13,2024,1530000000
18.11,14,2024,195850000000
18.11,15,2024,160510000000
18.11,16,2024,39080000000
18.11,17,2024,43170000000
18.11,1,2025,3006710000000
18.11,2,2025,45610000000
18.11,3,2025,2125910000000
18.11,4,2025,12820000000
18.11,5,2025,2070000000
18.11,6,2025,741030000000
18.11,7,2025,1274420000000
18.11,8,2025,211980000000
18.11,9,2025,91040000000
18.11,10,2025,242350000000
18.11,11,2025,27380000000
18.11,12,2025,196310000000
18.11,13,2025,1620000000
18.11,14,2025,200070000000
18.11,15,2025,162940000000
18.11,16,2025,39610000000
18.11,17,2025,45350000000
18.09,1,2021,4656730000000
18.09,2,2021,132120000000
18.09,3,2021,1622510000000
18.09,4,2021,7440000000
18.09,5,2021,7490000000
18.09,6,2021,1223010000000
18.09,7,2021,1689700000000
18.09,8,2021,310830000000
18.09,9,2021,138180000000
18.09,10,2021,455030000000
18.09,11,2021,48990000000
18.09,12,2021,249710000000
18.09,13,2021,6500000000
18.09,14,2021,392370000000
18.09,15,2021,392170000000
18.09,16,2021,82100000000
18.09,17,2021,81850000000
18.09,1,2022,4732660000000
18.09,2,2022,128370000000
18.09,3,2022,1659870000000
18.09,4,2022,7900000000
18.09,5,2022,7580000000
18.09,6,2022,1306900000000
18.09,7,2022,1869530000000
18.09,8,2022,370300000000
18.09,9,2022,158660000000
18.09,10,2022,478410000000
18.09,11,2022,45530000000
18.09,12,2022,268660000000
18.09,13,2022,7430000000
18.09,14,2022,386070000000
18.09,15,2022,401870000000
18.09,16,2022,82110000000
18.09,17,2022,105210000000
18.09,1,2023,4836380000000
18.09,2,2023,133990000000
18.09,3,2023,1668910000000
18.09,4,2023,8370000000
18.09,5,2023,7700000000
18.09,6,2023,1397730000000
18.09,7,2023,2038390000000
18.09,8,2023,434970000000
18.09,9,2023,180180000000
18.09,10,2023,516480000000
18.09,11,2023,46660000000
18.09,12,2023,272140000000
18.09,13,2023,7840000000
18.09,14,2023,387050000000
18.09,15,2023,412080000000
18.09,16,2023,84600000000
18.09,17,2023,122450000000
18.09,1,2024,4718740000000
18.09,2,2024,140130000000
18.09,3,2024,1771460000000
18.09,4,2024,8810000000
18.09,5,2024,7710000000
18.09,6,2024,1510960000000
18.09,7,2024,2230650000000
18.09,8,2024,482860000000
18.09,9,2024,197840000000
18.09,10,2024,565870000000
18.09,11,2024,48990000000
18.09,12,2024,291730000000
18.09,13,2024,8580000000
18.09,14,2024,409910000000
18.09,15,2024,421240000000
18.09,16,2024,93270000000
18.09,17,2024,136070000000
18.09,1,2025,4905470000000
18.09,2,2025,137830000000
18.09,3,2025,1916720000000
18.09,4,2025,9260000000
18.09,5,2025,7980000000
18.09,6,2025,1597910000000
18.09,7,2025,2382240000000
18.09,8,2025,524410000000
18.09,9,2025,211830000000
18.09,10,2025,592070000000
18.09,11,2025,51440000000
18.09,12,2025,301880000000
18.09,13,2025,8850000000
18.09,14,2025,424840000000
18.09,15,2025,434220000000
18.09,16,2025,94690000000
18.09,17,2025,145350000000
18.13,1,2021,1495610000000
18.13,2,2021,161610000000
18.13,3,2021,130850000000
18.13,4,2021,630000000
18.13,5,2021,1600000000
18.13,6,2021,243770000000
18.13,7,2021,406110000000
18.13,8,2021,32410000000
18.13,9,2021,54480000000
18.13,10,2021,85710000000
18.13,11,2021,44830000000
18.13,12,2021,121660000000
18.13,13,2021,4270000000
18.13,14,2021,155820000000
18.13,15,2021,120940000000
18.13,16,2021,40450000000
18.13,17,2021,31940000000
18.13,1,2022,1441640000000
18.13,2,2022,170830000000
18.13,3,2022,129750000000
18.13,4,2022,650000000
18.13,5,2022,1630000000
18.13,6,2022,260990000000
18.13,7,2022,471600000000
18.13,8,2022,39960000000
18.13,9,2022,63010000000
18.13,10,2022,88980000000
18.13,11,2022,43370000000
18.13,12,2022,129790000000
18.13,13,2022,4450000000
18.13,14,2022,166030000000
18.13,15,2022,126580000000
18.13,16,2022,41350000000
18.13,17,2022,40520000000
18.13,1,2023,1404170000000
18.13,2,2023,190600000000
18.13,3,2023,128260000000
18.13,4,2023,720000000
18.13,5,2023,1690000000
18.13,6,2023,284300000000
18.13,7,2023,526440000000
18.13,8,2023,46910000000
18.13,9,2023,70890000000
18.13,10,2023,94860000000
18.13,11,2023,44250000000
18.13,12,2023,131250000000
18.13,13,2023,4540000000
18.13,14,2023,180040000000
18.13,15,2023,127280000000
18.13,16,2023,43740000000
18.13,17,2023,51470000000
18.13,1,2024,1374660000000
18.13,2,2024,208920000000
18.13,3,2024,120620000000
18.13,4,2024,760000000
18.13,5,2024,1680000000
18.13,6,2024,291570000000
18.13,7,2024,572680000000
18.13,8,2024,51890000000
18.13,9,2024,75570000000
18.13,10,2024,102690000000
18.13,11,2024,46450000000
18.13,12,2024,140110000000
18.13,13,2024,4940000000
18.13,14,2024,190250000000
18.13,15,2024,129420000000
18.13,16,2024,46700000000
18.13,17,2024,59810000000
18.13,1,2025,1428580000000
18.13,2,2025,213600000000
18.13,3,2025,122690000000
18.13,4,2025,800000000
18.13,5,2025,1720000000
18.13,6,2025,312830000000
18.13,7,2025,607710000000
18.13,8,2025,56260000000
18.13,9,2025,81710000000
18.13,10,2025,108230000000
18.13,11,2025,48890000000
18.13,12,2025,145560000000
18.13,13,2025,5130000000
18.13,14,2025,197770000000
18.13,15,2025,131080000000
18.13,16,2025,47430000000
18.13,17,2025,64980000000
18.10,1,2021,1818970000000
18.10,2,2021,7500000000
18.10,3,2021,1149660000000
18.10,4,2021,6570000000
18.10,5,2021,4460000000
18.10,6,2021,999290000000
18.10,7,2021,1212630000000
18.10,8,2021,353340000000
18.10,9,2021,178170000000
18.10,10,2021,535400000000
18.10,11,2021,313200000000
18.10,12,2021,316190000000
18.10,13,2021,17240000000
18.10,14,2021,310030000000
18.10,15,2021,432600000000
18.10,16,2021,129080000000
18.10,17,2021,85720000000
18.10,1,2022,1856330000000
18.10,2,2022,7620000000
18.10,3,2022,1154100000000
18.10,4,2022,6880000000
18.10,5,2022,4640000000
18.10,6,2022,1036050000000
18.10,7,2022,1372280000000
18.10,8,2022,408230000000
18.10,9,2022,197730000000
18.10,10,2022,537770000000
18.10,11,2022,302050000000
18.10,12,2022,326130000000
18.10,13,2022,20080000000
18.10,14,2022,306540000000
18.10,15,2022,443200000000
18.10,16,2022,127620000000
18.10,17,2022,106820000000
18.10,1,2023,1857950000000
18.10,2,2023,7940000000
18.10,3,2023,1169220000000
18.10,4,2023,7310000000
18.10,5,2023,4690000000
18.10,6,2023,1108660000000
18.10,7,2023,1505310000000
18.10,8,2023,477210000000
18.10,9,2023,223740000000
18.10,10,2023,571130000000
18.10,11,2023,309690000000
18.10,12,2023,328760000000
18.10,13,2023,20930000000
18.10,14,2023,306960000000
18.10,15,2023,453040000000
18.10,16,2023,132460000000
18.10,17,2023,121970000000
18.10,1,2024,1860770000000
18.10,2,2024,8530000000
18.10,3,2024,1235890000000
18.10,4,2024,7520000000
18.10,5,2024,4750000000
18.10,6,2024,1138910000000
18.10,7,2024,1614420000000
18.10,8,2024,522240000000
18.10,9,2024,236130000000
18.10,10,2024,613000000000
18.10,11,2024,323480000000
18.10,12,2024,351050000000
18.10,13,2024,22850000000
18.10,14,2024,326820000000
18.10,15,2024,459870000000
18.10,16,2024,141200000000
18.10,17,2024,133820000000
18.10,1,2025,1984470000000
18.10,2,2025,8800000000
18.10,3,2025,1326920000000
18.10,4,2025,7910000000
18.10,5,2025,4830000000
18.10,6,2025,1187010000000
18.10,7,2025,1699530000000
18.10,8,2025,566130000000
18.10,9,2025,254470000000
18.10,10,2025,638120000000
18.10,11,2025,340940000000
18.10,12,2025,360960000000
18.10,13,2025,23690000000
18.10,14,2025,334070000000
18.10,15,2025,463300000000
18.10,16,2025,147510000000
18.10,17,2025,142480000000
18.06,1,2021,4323360000000
18.06,2,2021,740070000000
18.06,3,2021,711040000000
18.06,4,2021,8350000000
18.06,5,2021,14440000000
18.06,6,2021,816810000000
18.06,7,2021,1261370000000
18.06,8,2021,569370000000
18.06,9,2021,179810000000
18.06,10,2021,486000000000
18.06,11,2021,207840000000
18.06,12,2021,324280000000
18.06,13,2021,8540000000
18.06,14,2021,491260000000
18.06,15,2021,484550000000
18.06,16,2021,179820000000
18.06,17,2021,122310000000
18.06,1,2022,4426390000000
18.06,2,2022,705890000000
18.06,3,2022,716250000000
18.06,4,2022,8930000000
18.06,5,2022,14560000000
18.06,6,2022,848130000000
18.06,7,2022,1404710000000
18.06,8,2022,694040000000
18.06,9,2022,205220000000
18.06,10,2022,487940000000
18.06,11,2022,207420000000
18.06,12,2022,336510000000
18.06,13,2022,10060000000
18.06,14,2022,485630000000
18.06,15,2022,498130000000
18.06,16,2022,179530000000
18.06,17,2022,154980000000
18.06,1,2023,4470340000000
18.06,2,2023,733880000000
18.06,3,2023,721780000000
18.06,4,2023,9030000000
18.06,5,2023,14990000000
18.06,6,2023,918450000000
18.06,7,2023,1551490000000
18.06,8,2023,800420000000
18.06,9,2023,238460000000
18.06,10,2023,524410000000
18.06,11,2023,215340000000
18.06,12,2023,338420000000
18.06,13,2023,10620000000
18.06,14,2023,492460000000
18.06,15,2023,508310000000
18.06,16,2023,188740000000
18.06,17,2023,182330000000
18.06,1,2024,4480640000000
18.06,2,2024,782810000000
18.06,3,2024,744510000000
18.06,4,2024,9020000000
18.06,5,2024,15330000000
18.06,6,2024,977090000000
18.06,7,2024,1653390000000
18.06,8,2024,863400000000
18.06,9,2024,255060000000
18.06,10,2024,575240000000
18.06,11,2024,226660000000
18.06,12,2024,356760000000
18.06,13,2024,11260000000
18.06,14,2024,521990000000
18.06,15,2024,527970000000
18.06,16,2024,201850000000
18.06,17,2024,194920000000
18.06,1,2025,4632650000000
18.06,2,2025,774710000000
18.06,3,2025,746750000000
18.06,4,2025,8740000000
18.06,5,2025,15610000000
18.06,6,2025,1244190000000
18.06,7,2025,1706640000000
18.06,8,2025,904930000000
18.06,9,2025,278700000000
18.06,10,2025,596380000000
18.06,11,2025,239190000000
18.06,12,2025,368570000000
18.06,13,2025,11620000000
18.06,14,2025,532770000000
18.06,15,2025,539460000000
18.06,16,2025,205090000000
18.06,17,2025,196110000000
18.12,1,2021,2646190000000
18.12,2,2021,38680000000
18.12,3,2021,2172220000000
18.12,4,2021,3840000000
18.12,5,2021,7510000000
18.12,6,2021,702010000000
18.12,7,2021,907030000000
18.12,8,2021,65420000000
18.12,9,2021,66360000000
18.12,10,2021,436850000000
18.12,11,2021,41880000000
18.12,12,2021,169990000000
18.12,13,2021,5320000000
18.12,14,2021,211140000000
18.12,15,2021,198940000000
18.12,16,2021,39060000000
18.12,17,2021,34810000000
18.12,1,2022,2671800000000
18.12,2,2022,36580000000
18.12,3,2022,2298180000000
18.12,4,2022,3960000000
18.12,5,2022,7770000000
18.12,6,2022,716470000000
18.12,7,2022,936310000000
18.12,8,2022,66810000000
18.12,9,2022,66480000000
18.12,10,2022,450610000000
18.12,11,2022,43060000000
18.12,12,2022,172790000000
18.12,13,2022,5430000000
18.12,14,2022,216420000000
18.12,15,2022,202140000000
18.12,16,2022,40770000000
18.12,17,2022,35190000000
18.12,1,2023,2793200000000
18.12,2,2023,37590000000
18.12,3,2023,2312430000000
18.12,4,2023,4110000000
18.12,5,2023,8060000000
18.12,6,2023,751210000000
18.12,7,2023,1077790000000
18.12,8,2023,76480000000
18.12,9,2023,73250000000
18.12,10,2023,454510000000
18.12,11,2023,41720000000
18.12,12,2023,181120000000
18.12,13,2023,5980000000
18.12,14,2023,220290000000
18.12,15,2023,210230000000
18.12,16,2023,40710000000
18.12,17,2023,39710000000
18.12,1,2024,2795180000000
18.12,2,2024,41190000000
18.12,3,2024,2382950000000
18.12,4,2024,4390000000
18.12,5,2024,8210000000
18.12,6,2024,804720000000
18.12,7,2024,1243870000000
18.12,8,2024,90530000000
18.12,9,2024,84560000000
18.12,10,2024,487980000000
18.12,11,2024,43490000000
18.12,12,2024,183790000000
18.12,13,2024,6400000000
18.12,14,2024,222810000000
18.12,15,2024,216870000000
18.12,16,2024,42690000000
18.12,17,2024,46370000000
18.12,1,2025,2726810000000
18.12,2,2025,43690000000
18.12,3,2025,2542670000000
18.12,4,2025,4790000000
18.12,5,2025,8150000000
18.12,6,2025,870530000000
18.12,7,2025,1362560000000
18.12,8,2025,99980000000
18.12,9,2025,91820000000
18.12,10,2025,536390000000
18.12,11,2025,46020000000
18.12,12,2025,201630000000
18.12,13,2025,6880000000
18.12,14,2025,240320000000
18.12,15,2025,220980000000
18.12,16,2025,46590000000
18.12,17,2025,51890000000
18.05,1,2021,5871120000000
18.05,2,2021,171230000000
18.05,3,2021,3940980000000
18.05,4,2021,20350000000
18.05,5,2021,8420000000
18.05,6,2021,1456390000000
18.05,7,2021,1743390000000
18.05,8,2021,592290000000
18.05,9,2021,200210000000
18.05,10,2021,685800000000
18.05,11,2021,196490000000
18.05,12,2021,328200000000
18.05,13,2021,6810000000
18.05,14,2021,422550000000
18.05,15,2021,289050000000
18.05,16,2021,72790000000
18.05,17,2021,58430000000
18.05,1,2022,5896790000000
18.05,2,2022,175100000000
18.05,3,2022,4128630000000
18.05,4,2022,20980000000
18.05,5,2022,8660000000
18.05,6,2022,1535320000000
18.05,7,2022,1904540000000
18.05,8,2022,656780000000
18.05,9,2022,214780000000
18.05,10,2022,727210000000
18.05,11,2022,195080000000
18.05,12,2022,345240000000
18.05,13,2022,7440000000
18.05,14,2022,419270000000
18.05,15,2022,299720000000
18.05,16,2022,73360000000
18.05,17,2022,76590000000
18.05,1,2023,6003720000000
18.05,2,2023,181150000000
18.05,3,2023,4201720000000
18.05,4,2023,21480000000
18.05,5,2023,8680000000
18.05,6,2023,1623820000000
18.05,7,2023,2122810000000
18.05,8,2023,769270000000
18.05,9,2023,234390000000
18.05,10,2023,784730000000
18.05,11,2023,197660000000
18.05,12,2023,345520000000
18.05,13,2023,7610000000
18.05,14,2023,427500000000
18.05,15,2023,307760000000
18.05,16,2023,75320000000
18.05,17,2023,86510000000
18.05,1,2024,6013700000000
18.05,2,2024,185200000000
18.05,3,2024,4479680000000
18.05,4,2024,21600000000
18.05,5,2024,8670000000
18.05,6,2024,1760010000000
18.05,7,2024,2293560000000
18.05,8,2024,839720000000
18.05,9,2024,245140000000
18.05,10,2024,861590000000
18.05,11,2024,207770000000
18.05,12,2024,359460000000
18.05,13,2024,8260000000
18.05,14,2024,452020000000
18.05,15,2024,311480000000
18.05,16,2024,83280000000
18.05,17,2024,94870000000
18.05,1,2025,6339860000000
18.05,2,2025,188470000000
18.05,3,2025,4722660000000
18.05,4,2025,23000000000
18.05,5,2025,8840000000
18.05,6,2025,1819220000000
18.05,7,2025,2408150000000
18.05,8,2025,914050000000
18.05,9,2025,265080000000
18.05,10,2025,895540000000
18.05,11,2025,220610000000
18.05,12,2025,376560000000
18.05,13,2025,8560000000
18.05,14,2025,460370000000
18.05,15,2025,318000000000
18.05,16,2025,84490000000
18.05,17,2025,102020000000
18.08,1,2021,3263310000000
18.08,2,2021,447800000000
18.08,3,2021,2101490000000
18.08,4,2021,11230000000
18.08,5,2021,5620000000
18.08,6,2021,888110000000
18.08,7,2021,1030050000000
18.08,8,2021,267370000000
18.08,9,2021,74740000000
18.08,10,2021,507420000000
18.08,11,2021,96060000000
18.08,12,2021,241850000000
18.08,13,2021,4860000000
18.08,14,2021,335450000000
18.08,15,2021,298090000000
18.08,16,2021,111410000000
18.08,17,2021,51650000000
18.08,1,2022,3354240000000
18.08,2,2022,473500000000
18.08,3,2022,2139950000000
18.08,4,2022,11870000000
18.08,5,2022,5830000000
18.08,6,2022,898890000000
18.08,7,2022,1155710000000
18.08,8,2022,328080000000
18.08,9,2022,79260000000
18.08,10,2022,537710000000
18.08,11,2022,94730000000
18.08,12,2022,241890000000
18.08,13,2022,4860000000
18.08,14,2022,335730000000
18.08,15,2022,327570000000
18.08,16,2022,110110000000
18.08,17,2022,65670000000
18.08,1,2023,3354710000000
18.08,2,2023,512890000000
18.08,3,2023,2185310000000
18.08,4,2023,12610000000
18.08,5,2023,5870000000
18.08,6,2023,977140000000
18.08,7,2023,1310310000000
18.08,8,2023,391210000000
18.08,9,2023,89780000000
18.08,10,2023,579870000000
18.08,11,2023,98970000000
18.08,12,2023,243500000000
18.08,13,2023,5100000000
18.08,14,2023,338520000000
18.08,15,2023,338900000000
18.08,16,2023,115280000000
18.08,17,2023,76000000000
18.08,1,2024,3356700000000
18.08,2,2024,555150000000
18.08,3,2024,2322370000000
18.08,4,2024,13300000000
18.08,5,2024,5800000000
18.08,6,2024,1018230000000
18.08,7,2024,1422120000000
18.08,8,2024,429350000000
18.08,9,2024,93640000000
18.08,10,2024,635100000000
18.08,11,2024,104540000000
18.08,12,2024,261200000000
18.08,13,2024,5560000000
18.08,14,2024,356610000000
18.08,15,2024,343530000000
18.08,16,2024,123880000000
18.08,17,2024,83290000000
18.08,1,2025,3528870000000
18.08,2,2025,571170000000
18.08,3,2025,2469070000000
18.08,4,2025,14080000000
18.08,5,2025,5960000000
18.08,6,2025,1071200000000
18.08,7,2025,1517630000000
18.08,8,2025,465250000000
18.08,9,2025,100900000000
18.08,10,2025,662200000000
18.08,11,2025,110940000000
18.08,12,2025,270520000000
18.08,13,2025,5790000000
18.08,14,2025,366220000000
18.08,15,2025,350370000000
18.08,16,2025,125400000000
18.08,17,2025,89270000000
18.71,1,2021,1486580000000
18.71,2,2021,1073830000000
18.71,3,2021,8005000000000
18.71,4,2021,63600000000
18.71,5,2021,117850000000
18.71,6,2021,4574360000000
18.71,7,2021,5795900000000
18.71,8,2021,5155180000000
18.71,9,2021,882320000000
18.71,10,2021,3291930000000
18.71,11,2021,1850290000000
18.71,12,2021,2425760000000
18.71,13,2021,132010000000
18.71,14,2021,2140420000000
18.71,15,2021,1315980000000
18.71,16,2021,864030000000
18.71,17,2021,663110000000
18.71,1,2022,1491420000000
18.71,2,2022,1090460000000
18.71,3,2022,8056590000000
18.71,4,2022,66810000000
18.71,5,2022,122340000000
18.71,6,2022,4755950000000
18.71,7,2022,6281420000000
18.71,8,2022,6078430000000
18.71,9,2022,997090000000
18.71,10,2022,3316800000000
18.71,11,2022,1804540000000
18.71,12,2022,2497010000000
18.71,13,2022,148870000000
18.71,14,2022,2111520000000
18.71,15,2022,1350260000000
18.71,16,2022,862470000000
18.71,17,2022,766730000000
18.71,1,2023,1503690000000
18.71,2,2023,1121940000000
18.71,3,2023,8144630000000
18.71,4,2023,68010000000
18.71,5,2023,123100000000
18.71,6,2023,4937580000000
18.71,7,2023,6626890000000
18.71,8,2023,7019260000000
18.71,9,2023,1106400000000
18.71,10,2023,3493720000000
18.71,11,2023,1828910000000
18.71,12,2023,2504660000000
18.71,13,2023,155150000000
18.71,14,2023,2120410000000
18.71,15,2023,1378040000000
18.71,16,2023,872690000000
18.71,17,2023,866580000000
18.71,1,2024,1447990000000
18.71,2,2024,1139920000000
18.71,3,2024,8483190000000
18.71,4,2024,71820000000
18.71,5,2024,123760000000
18.71,6,2024,5149650000000
18.71,7,2024,6830710000000
18.71,8,2024,7597270000000
18.71,9,2024,1181580000000
18.71,10,2024,3751460000000
18.71,11,2024,1913530000000
18.71,12,2024,2686910000000
18.71,13,2024,169360000000
18.71,14,2024,2230160000000
18.71,15,2024,1392590000000
18.71,16,2024,936310000000
18.71,17,2024,950130000000
18.71,1,2025,1480110000000
18.71,2,2025,1172230000000
18.71,3,2025,9134480000000
18.71,4,2025,76560000000
18.71,5,2025,126610000000
18.71,6,2025,5517240000000
18.71,7,2025,7077390000000
18.71,8,2025,8116550000000
18.71,9,2025,1249530000000
18.71,10,2025,3913740000000
18.71,11,2025,1993450000000
18.71,12,2025,2763680000000
18.71,13,2025,179760000000
18.71,14,2025,2278100000000
18.71,15,2025,1413250000000
18.71,16,2025,963720000000
18.71,17,2025,1045680000000
18.72,1,2021,221750000000
18.72,2,2021,0
18.72,3,2021,683580000000
18.72,4,2021,7300000000
18.72,5,2021,2750000000
18.72,6,2021,305120000000
18.72,7,2021,777580000000
18.72,8,2021,334420000000
18.72,9,2021,99710000000
18.72,10,2021,407800000000
18.72,11,2021,304480000000
18.72,12,2021,278780000000
18.72,13,2021,27790000000
18.72,14,2021,299950000000
18.72,15,2021,249630000000
18.72,16,2021,261580000000
18.72,17,2021,96170000000
18.72,1,2022,229820000000
18.72,2,2022,0
18.72,3,2022,712670000000
18.72,4,2022,7430000000
18.72,5,2022,2800000000
18.72,6,2022,326110000000
18.72,7,2022,831280000000
18.72,8,2022,363570000000
18.72,9,2022,114080000000
18.72,10,2022,419260000000
18.72,11,2022,301130000000
18.72,12,2022,285920000000
18.72,13,2022,31700000000
18.72,14,2022,298890000000
18.72,15,2022,254250000000
18.72,16,2022,267240000000
18.72,17,2022,108600000000
18.72,1,2023,230080000000
18.72,2,2023,0
18.72,3,2023,722430000000
18.72,4,2023,7840000000
18.72,5,2023,2820000000
18.72,6,2023,348740000000
18.72,7,2023,879370000000
18.72,8,2023,411770000000
18.72,9,2023,129650000000
18.72,10,2023,447990000000
18.72,11,2023,309800000000
18.72,12,2023,288550000000
18.72,13,2023,33460000000
18.72,14,2023,299610000000
18.72,15,2023,262240000000
18.72,16,2023,278120000000
18.72,17,2023,123450000000
18.72,1,2024,228350000000
18.72,2,2024,0
18.72,3,2024,768680000000
18.72,4,2024,8070000000
18.72,5,2024,2780000000
18.72,6,2024,354170000000
18.72,7,2024,935510000000
18.72,8,2024,446220000000
18.72,9,2024,130970000000
18.72,10,2024,478560000000
18.72,11,2024,313650000000
18.72,12,2024,298410000000
18.72,13,2024,35820000000
18.72,14,2024,306980000000
18.72,15,2024,265070000000
18.72,16,2024,305520000000
18.72,17,2024,130320000000
18.72,1,2025,249160000000
18.72,2,2025,0
18.72,3,2025,839200000000
18.72,4,2025,8570000000
18.72,5,2025,2830000000
18.72,6,2025,370420000000
18.72,7,2025,967990000000
18.72,8,2025,462940000000
18.72,9,2025,145180000000
18.72,10,2025,500440000000
18.72,11,2025,335380000000
18.72,12,2025,309140000000
18.72,13,2025,37800000000
18.72,14,2025,320500000000
18.72,15,2025,269730000000
18.72,16,2025,315170000000
18.72,17,2025,135200000000
18.02,1,2021,15984700000000
18.02,2,2021,2235110000000
18.02,3,2021,11388280000000
18.02,4,2021,62450000000
18.02,5,2021,18560000000
18.02,6,2021,5654560000000
18.02,7,2021,5175160000000
18.02,8,2021,1305390000000
18.02,9,2021,456580000000
18.02,10,2021,2182180000000
18.02,11,2021,764900000000
18.02,12,2021,927390000000
18.02,13,2021,49580000000
18.02,14,2021,778790000000
18.02,15,2021,1180840000000
18.02,16,2021,288140000000
18.02,17,2021,257440000000
18.02,1,2022,16440660000000
18.02,2,2022,2275600000000
18.02,3,2022,11462840000000
18.02,4,2022,65330000000
18.02,5,2022,19270000000
18.02,6,2022,5948530000000
18.02,7,2022,6085020000000
18.02,8,2022,1598010000000
18.02,9,2022,512800000000
18.02,10,2022,2203600000000
18.02,11,2022,740320000000
18.02,12,2022,962230000000
18.02,13,2022,58210000000
18.02,14,2022,769160000000
18.02,15,2022,1221680000000
18.02,16,2022,287520000000
18.02,17,2022,322680000000
18.02,1,2023,16580690000000
18.02,2,2023,2435260000000
18.02,3,2023,11697500000000
18.02,4,2023,69130000000
18.02,5,2023,19390000000
18.02,6,2023,6426160000000
18.02,7,2023,6774480000000
18.02,8,2023,1886970000000
18.02,9,2023,585410000000
18.02,10,2023,2393490000000
18.02,11,2023,770620000000
18.02,12,2023,971800000000
18.02,13,2023,61640000000
18.02,14,2023,771040000000
18.02,15,2023,1251010000000
18.02,16,2023,298880000000
18.02,17,2023,373290000000
18.02,1,2024,16106650000000
18.02,2,2024,2623180000000
18.02,3,2024,12933260000000
18.02,4,2024,69010000000
18.02,5,2024,19040000000
18.02,6,2024,6607260000000
18.02,7,2024,7397800000000
18.02,8,2024,2100250000000
18.02,9,2024,615050000000
18.02,10,2024,2610800000000
18.02,11,2024,805360000000
18.02,12,2024,1037320000000
18.02,13,2024,67320000000
18.02,14,2024,831790000000
18.02,15,2024,1271640000000
18.02,16,2024,320510000000
18.02,17,2024,413540000000
18.02,1,2025,16984360000000
18.02,2,2025,2702350000000
18.02,3,2025,13840970000000
18.02,4,2025,72120000000
18.02,5,2025,19180000000
18.02,6,2025,7011480000000
18.02,7,2025,7756670000000
18.02,8,2025,2249170000000
18.02,9,2025,673010000000
18.02,10,2025,2717110000000
18.02,11,2025,840950000000
18.02,12,2025,1086110000000
18.02,13,2025,69800000000
18.02,14,2025,838220000000
18.02,15,2025,1289460000000
18.02,16,2025,331080000000
18.02,17,2025,439430000000
11.01,1,2021,1064000000000
11.01,2,2021,169000000000
11.01,3,2021,128000000000
11.01,4,2021,4000000000
11.01,5,2021,1000000000
11.01,6,2021,715000000000
11.01,7,2021,635000000000
11.01,8,2021,197000000000
11.01,9,2021,18000000000
11.01,10,2021,246000000000
11.01,11,2021,84000000000
11.01,12,2021,160000000000
11.01,13,2021,27000000000
11.01,14,2021,593000000000
11.01,15,2021,145000000000
11.01,16,2021,93000000000
11.01,17,2021,68000000000
11.01,1,2022,1104000000000
11.01,2,2022,161000000000
11.01,3,2022,130000000000
11.01,4,2022,4000000000
11.01,5,2022,1000000000
11.01,6,2022,718000000000
11.01,7,2022,668000000000
11.01,8,2022,209000000000
11.01,9,2022,22000000000
11.01,10,2022,271000000000
11.01,11,2022,82000000000
11.01,12,2022,165000000000
11.01,13,2022,30000000000
11.01,14,2022,588000000000
11.01,15,2022,152000000000
11.01,16,2022,102000000000
11.01,17,2022,75000000000
11.01,1,2023,1230000000000
11.01,2,2023,157000000000
11.01,3,2023,129000000000
11.01,4,2023,5000000000
11.01,5,2023,1000000000
11.01,6,2023,749000000000
11.01,7,2023,684000000000
11.01,8,2023,206000000000
11.01,9,2023,22000000000
11.01,10,2023,279000000000
11.01,11,2023,81000000000
11.01,12,2023,171000000000
11.01,13,2023,30000000000
11.01,14,2023,570000000000
11.01,15,2023,145000000000
11.01,16,2023,103000000000
11.01,17,2023,79000000000
11.01,1,2024,1237000000000
11.01,2,2024,153000000000
11.01,3,2024,129000000000
11.01,4,2024,5000000000
11.01,5,2024,1000000000
11.01,6,2024,757000000000
11.01,7,2024,713000000000
11.01,8,2024,240000000000
11.01,9,2024,23000000000
11.01,10,2024,292000000000
11.01,11,2024,90000000000
11.01,12,2024,173000000000
11.01,13,2024,31000000000
11.01,14,2024,608000000000
11.01,15,2024,152000000000
11.01,16,2024,105000000000
11.01,17,2024,81000000000
11.01,1,2025,1321000000000
11.01,2,2025,154000000000
11.01,3,2025,136000000000
11.01,4,2025,5000000000
11.01,5,2025,1000000000
11.01,6,2025,743000000000
11.01,7,2025,745000000000
11.01,8,2025,254000000000
11.01,9,2025,24000000000
11.01,10,2025,296000000000
11.01,11,2025,90000000000
11.01,12,2025,179000000000
11.01,13,2025,30000000000
11.01,14,2025,608000000000
11.01,15,2025,153000000000
11.01,16,2025,108000000000
11.01,17,2025,85000000000
11.02,1,2021,1403900000000
11.02,2,2021,38740000000
11.02,3,2021,48430000000
11.02,4,2021,5350000000
11.02,5,2021,550000000
11.02,6,2021,237530000000
11.02,7,2021,487680000000
11.02,8,2021,145910000000
11.02,9,2021,20540000000
11.02,10,2021,84110000000
11.02,11,2021,90210000000
11.02,12,2021,133150000000
11.02,13,2021,14410000000
11.02,14,2021,448650000000
11.02,15,2021,105220000000
11.02,16,2021,159720000000
11.02,17,2021,66050000000
11.02,1,2022,1418980000000
11.02,2,2022,39430000000
11.02,3,2022,50740000000
11.02,4,2022,5520000000
11.02,5,2022,590000000
11.02,6,2022,238130000000
11.02,7,2022,515880000000
11.02,8,2022,153030000000
11.02,9,2022,23390000000
11.02,10,2022,92420000000
11.02,11,2022,86230000000
11.02,12,2022,137480000000
11.02,13,2022,15890000000
11.02,14,2022,448580000000
11.02,15,2022,109670000000
11.02,16,2022,174440000000
11.02,17,2022,73800000000
11.02,1,2023,1475840000000
11.02,2,2023,40540000000
11.02,3,2023,51190000000
11.02,4,2023,5750000000
11.02,5,2023,600000000
11.02,6,2023,242590000000
11.02,7,2023,544640000000
11.02,8,2023,160660000000
11.02,9,2023,25360000000
11.02,10,2023,95390000000
11.02,11,2023,76080000000
11.02,12,2023,143160000000
11.02,13,2023,15400000000
11.02,14,2023,455810000000
11.02,15,2023,112020000000
11.02,16,2023,171490000000
11.02,17,2023,76740000000
11.02,1,2024,1528190000000
11.02,2,2024,40550000000
11.02,3,2024,52740000000
11.02,4,2024,6030000000
11.02,5,2024,620000000
11.02,6,2024,248360000000
11.02,7,2024,551050000000
11.02,8,2024,178870000000
11.02,9,2024,26430000000
11.02,10,2024,97850000000
11.02,11,2024,92640000000
11.02,12,2024,147630000000
11.02,13,2024,15620000000
11.02,14,2024,466940000000
11.02,15,2024,117380000000
11.02,16,2024,175130000000
11.02,17,2024,79960000000
11.02,1,2025,1563880000000
11.02,2,2025,38970000000
11.02,3,2025,54380000000
11.02,4,2025,6130000000
11.02,5,2025,620000000
11.02,6,2025,232120000000
11.02,7,2025,588740000000
11.02,8,2025,190930000000
11.02,9,2025,27660000000
11.02,10,2025,101100000000
11.02,11,2025,95220000000
11.02,12,2025,152800000000
11.02,13,2025,15610000000
11.02,14,2025,484920000000
11.02,15,2025,122350000000
11.02,16,2025,182030000000
11.02,17,2025,81990000000
11.03,1,2021,3559620000000
11.03,2,2021,505730000000
11.03,3,2021,286810000000
11.03,4,2021,12350000000
11.03,5,2021,2770000000
11.03,6,2021,671230000000
11.03,7,2021,826130000000
11.03,8,2021,455800000000
11.03,9,2021,85550000000
11.03,10,2021,250820000000
11.03,11,2021,139070000000
11.03,12,2021,354420000000
11.03,13,2021,23900000000
11.03,14,2021,700060000000
11.03,15,2021,162390000000
11.03,16,2021,274910000000
11.03,17,2021,121990000000
11.03,1,2022,3648830000000
11.03,2,2022,561140000000
11.03,3,2022,300730000000
11.03,4,2022,12660000000
11.03,5,2022,2980000000
11.03,6,2022,674200000000
11.03,7,2022,869640000000
11.03,8,2022,478660000000
11.03,9,2022,98180000000
11.03,10,2022,272130000000
11.03,11,2022,133320000000
11.03,12,2022,367680000000
11.03,13,2022,25630000000
11.03,14,2022,697620000000
11.03,15,2022,167890000000
11.03,16,2022,301400000000
11.03,17,2022,135710000000
11.03,1,2023,3772570000000
11.03,2,2023,518210000000
11.03,3,2023,305510000000
11.03,4,2023,13220000000
11.03,5,2023,3090000000
11.03,6,2023,666960000000
11.03,7,2023,926680000000
11.03,8,2023,502910000000
11.03,9,2023,103930000000
11.03,10,2023,284990000000
11.03,11,2023,119510000000
11.03,12,2023,378500000000
11.03,13,2023,25350000000
11.03,14,2023,694730000000
11.03,15,2023,173550000000
11.03,16,2023,297770000000
11.03,17,2023,143660000000
11.03,1,2024,3911300000000
11.03,2,2024,554100000000
11.03,3,2024,311450000000
11.03,4,2024,13880000000
11.03,5,2024,3230000000
11.03,6,2024,690860000000
11.03,7,2024,966730000000
11.03,8,2024,546210000000
11.03,9,2024,108290000000
11.03,10,2024,291450000000
11.03,11,2024,145040000000
11.03,12,2024,389360000000
11.03,13,2024,26410000000
11.03,14,2024,747030000000
11.03,15,2024,179130000000
11.03,16,2024,309990000000
11.03,17,2024,150380000000
11.03,1,2025,4098960000000
11.03,2,2025,516030000000
11.03,3,2025,323750000000
11.03,4,2025,13480000000
11.03,5,2025,3220000000
11.03,6,2025,665960000000
11.03,7,2025,988240000000
11.03,8,2025,572780000000
11.03,9,2025,113970000000
11.03,10,2025,298670000000
11.03,11,2025,148110000000
11.03,12,2025,404250000000
11.03,13,2025,26280000000
11.03,14,2025,745960000000
11.03,15,2025,183270000000
11.03,16,2025,313780000000
11.03,17,2025,152720000000
11.04,1,2021,2447000000000
11.04,2,2021,65830000000
11.04,3,2021,92670000000
11.04,4,2021,6610000000
11.04,5,2021,2110000000
11.04,6,2021,843320000000
11.04,7,2021,752760000000
11.04,8,2021,232080000000
11.04,9,2021,81880000000
11.04,10,2021,192950000000
11.04,11,2021,108170000000
11.04,12,2021,168970000000
11.04,13,2021,29330000000
11.04,14,2021,573240000000
11.04,15,2021,107900000000
11.04,16,2021,173190000000
11.04,17,2021,80110000000
11.04,1,2022,2577290000000
11.04,2,2022,67260000000
11.04,3,2022,104230000000
11.04,4,2022,6910000000
11.04,5,2022,2290000000
11.04,6,2022,846010000000
11.04,7,2022,799890000000
11.04,8,2022,245540000000
11.04,9,2022,110200000000
11.04,10,2022,217280000000
11.04,11,2022,102880000000
11.04,12,2022,175460000000
11.04,13,2022,32050000000
11.04,14,2022,571260000000
11.04,15,2022,110260000000
11.04,16,2022,190160000000
11.04,17,2022,93070000000
11.04,1,2023,2765590000000
11.04,2,2023,68700000000
11.04,3,2023,115560000000
11.04,4,2023,7210000000
11.04,5,2023,2460000000
11.04,6,2023,863700000000
11.04,7,2023,868020000000
11.04,8,2023,260350000000
11.04,9,2023,120510000000
11.04,10,2023,233620000000
11.04,11,2023,97600000000
11.04,12,2023,181960000000
11.04,13,2023,32780000000
11.04,14,2023,579280000000
11.04,15,2023,112630000000
11.04,16,2023,192130000000
11.04,17,2023,100040000000
11.04,1,2024,2805780000000
11.04,2,2024,71240000000
11.04,3,2024,122860000000
11.04,4,2024,7680000000
11.04,5,2024,2600000000
11.04,6,2024,928560000000
11.04,7,2024,927750000000
11.04,8,2024,289350000000
11.04,9,2024,130980000000
11.04,10,2024,244660000000
11.04,11,2024,117620000000
11.04,12,2024,192980000000
11.04,13,2024,35200000000
11.04,14,2024,630090000000
11.04,15,2024,119150000000
11.04,16,2024,195970000000
11.04,17,2024,108780000000
11.04,1,2025,2915000000000
11.04,2,2025,70000000000
11.04,3,2025,129000000000
11.04,4,2025,8000000000
11.04,5,2025,3000000000
11.04,6,2025,921000000000
11.04,7,2025,964000000000
11.04,8,2025,307000000000
11.04,9,2025,135000000000
11.04,10,2025,251000000000
11.04,11,2025,123000000000
11.04,12,2025,201000000000
11.04,13,2025,35000000000
11.04,14,2025,644000000000
11.04,15,2025,124000000000
11.04,16,2025,202000000000
11.04,17,2025,110000000000
11.05,1,2021,1892990000000
11.05,2,2021,1912380000000
11.05,3,2021,108710000000
11.05,4,2021,10050000000
11.05,5,2021,1120000000
11.05,6,2021,763180000000
11.05,7,2021,954910000000
11.05,8,2021,309770000000
11.05,9,2021,68640000000
11.05,10,2021,230710000000
11.05,11,2021,126200000000
11.05,12,2021,212720000000
11.05,13,2021,27840000000
11.05,14,2021,513730000000
11.05,15,2021,138480000000
11.05,16,2021,183830000000
11.05,17,2021,42920000000
11.05,1,2022,2003070000000
11.05,2,2022,1855150000000
11.05,3,2022,116750000000
11.05,4,2022,10250000000
11.05,5,2022,1120000000
11.05,6,2022,759630000000
11.05,7,2022,1030150000000
11.05,8,2022,333910000000
11.05,9,2022,88730000000
11.05,10,2022,260310000000
11.05,11,2022,121750000000
11.05,12,2022,222890000000
11.05,13,2022,30880000000
11.05,14,2022,512640000000
11.05,15,2022,145150000000
11.05,16,2022,203740000000
11.05,17,2022,47880000000
11.05,1,2023,2133530000000
11.05,2,2023,1898520000000
11.05,3,2023,116010000000
11.05,4,2023,10680000000
11.05,5,2023,1130000000
11.05,6,2023,795460000000
11.05,7,2023,1093830000000
11.05,8,2023,326670000000
11.05,9,2023,92930000000
11.05,10,2023,268450000000
11.05,11,2023,110360000000
11.05,12,2023,226320000000
11.05,13,2023,30360000000
11.05,14,2023,553880000000
11.05,15,2023,148460000000
11.05,16,2023,204290000000
11.05,17,2023,49330000000
11.05,1,2024,2107960000000
11.05,2,2024,2405720000000
11.05,3,2024,118120000000
11.05,4,2024,10990000000
11.05,5,2024,1090000000
11.05,6,2024,830980000000
11.05,7,2024,1096050000000
11.05,8,2024,358270000000
11.05,9,2024,94460000000
11.05,10,2024,272280000000
11.05,11,2024,135110000000
11.05,12,2024,232200000000
11.05,13,2024,31700000000
11.05,14,2024,578720000000
11.05,15,2024,151720000000
11.05,16,2024,206040000000
11.05,17,2024,51130000000
11.05,1,2025,2208200000000
11.05,2,2025,2731450000000
11.05,3,2025,119110000000
11.05,4,2025,11020000000
11.05,5,2025,1110000000
11.05,6,2025,749730000000
11.05,7,2025,1095890000000
11.05,8,2025,374670000000
11.05,9,2025,96270000000
11.05,10,2025,272590000000
11.05,11,2025,136500000000
11.05,12,2025,240140000000
11.05,13,2025,31280000000
11.05,14,2025,583280000000
11.05,15,2025,154910000000
11.05,16,2025,209900000000
11.05,17,2025,52050000000
11.06,1,2021,2232190000000
11.06,2,2021,658910000000
11.06,3,2021,224560000000
11.06,4,2021,9820000000
11.06,5,2021,4370000000
11.06,6,2021,2033600000000
11.06,7,2021,1778400000000
11.06,8,2021,584720000000
11.06,9,2021,148120000000
11.06,10,2021,588050000000
11.06,11,2021,121090000000
11.06,12,2021,632660000000
11.06,13,2021,33630000000
11.06,14,2021,650420000000
11.06,15,2021,181450000000
11.06,16,2021,236860000000
11.06,17,2021,142720000000
11.06,1,2022,2276090000000
11.06,2,2022,638410000000
11.06,3,2022,230670000000
11.06,4,2022,9910000000
11.06,5,2022,4800000000
11.06,6,2022,1997550000000
11.06,7,2022,1855900000000
11.06,8,2022,730950000000
11.06,9,2022,195700000000
11.06,10,2022,652650000000
11.06,11,2022,114640000000
11.06,12,2022,658090000000
11.06,13,2022,36900000000
11.06,14,2022,648810000000
11.06,15,2022,188190000000
11.06,16,2022,260100000000
11.06,17,2022,159270000000
11.06,1,2023,2245090000000
11.06,2,2023,652560000000
11.06,3,2023,236220000000
11.06,4,2023,10400000000
11.06,5,2023,5080000000
11.06,6,2023,2083620000000
11.06,7,2023,1999860000000
11.06,8,2023,895130000000
11.06,9,2023,213650000000
11.06,10,2023,675030000000
11.06,11,2023,104290000000
11.06,12,2023,693520000000
11.06,13,2023,36610000000
11.06,14,2023,630460000000
11.06,15,2023,195980000000
11.06,16,2023,277510000000
11.06,17,2023,169010000000
11.06,1,2024,2322120000000
11.06,2,2024,665670000000
11.06,3,2024,246310000000
11.06,4,2024,10660000000
11.06,5,2024,5120000000
11.06,6,2024,2175120000000
11.06,7,2024,2014780000000
11.06,8,2024,1056060000000
11.06,9,2024,214900000000
11.06,10,2024,699920000000
11.06,11,2024,132240000000
11.06,12,2024,738980000000
11.06,13,2024,38450000000
11.06,14,2024,691910000000
11.06,15,2024,202820000000
11.06,16,2024,284220000000
11.06,17,2024,175910000000
11.06,1,2025,2442370000000
11.06,2,2025,703050000000
11.06,3,2025,255340000000
11.06,4,2025,10470000000
11.06,5,2025,5210000000
11.06,6,2025,2086860000000
11.06,7,2025,2093440000000
11.06,8,2025,1062760000000
11.06,9,2025,224430000000
11.06,10,2025,714050000000
11.06,11,2025,143800000000
11.06,12,2025,786430000000
11.06,13,2025,38400000000
11.06,14,2025,758500000000
11.06,15,2025,214910000000
11.06,16,2025,303970000000
11.06,17,2025,176580000000
11.07,1,2021,3093230000000
11.07,2,2021,278880000000
11.07,3,2021,221710000000
11.07,4,2021,10080000000
11.07,5,2021,860000000
11.07,6,2021,627890000000
11.07,7,2021,1196890000000
11.07,8,2021,474590000000
11.07,9,2021,87060000000
11.07,10,2021,220120000000
11.07,11,2021,117830000000
11.07,12,2021,270970000000
11.07,13,2021,43430000000
11.07,14,2021,726230000000
11.07,15,2021,193060000000
11.07,16,2021,268800000000
11.07,17,2021,143480000000
11.07,1,2022,3163750000000
11.07,2,2022,282590000000
11.07,3,2022,229470000000
11.07,4,2022,10420000000
11.07,5,2022,930000000
11.07,6,2022,639400000000
11.07,7,2022,1273340000000
11.07,8,2022,514820000000
11.07,9,2022,113970000000
11.07,10,2022,241470000000
11.07,11,2022,110880000000
11.07,12,2022,283620000000
11.07,13,2022,47430000000
11.07,14,2022,727370000000
11.07,15,2022,197590000000
11.07,16,2022,295270000000
11.07,17,2022,160390000000
11.07,1,2023,3402920000000
11.07,2,2023,295940000000
11.07,3,2023,225890000000
11.07,4,2023,11100000000
11.07,5,2023,1000000000
11.07,6,2023,587870000000
11.07,7,2023,1368540000000
11.07,8,2023,549440000000
11.07,9,2023,124330000000
11.07,10,2023,250020000000
11.07,11,2023,94780000000
11.07,12,2023,298370000000
11.07,13,2023,46390000000
11.07,14,2023,705890000000
11.07,15,2023,201430000000
11.07,16,2023,286780000000
11.07,17,2023,169190000000
11.07,1,2024,3418490000000
11.07,2,2024,313820000000
11.07,3,2024,235490000000
11.07,4,2024,11360000000
11.07,5,2024,1030000000
11.07,6,2024,673060000000
11.07,7,2024,1416970000000
11.07,8,2024,625310000000
11.07,9,2024,131950000000
11.07,10,2024,253520000000
11.07,11,2024,112470000000
11.07,12,2024,305550000000
11.07,13,2024,48150000000
11.07,14,2024,751950000000
11.07,15,2024,208210000000
11.07,16,2024,294000000000
11.07,17,2024,175900000000
11.07,1,2025,3626540000000
11.07,2,2025,298240000000
11.07,3,2025,241210000000
11.07,4,2025,11390000000
11.07,5,2025,1030000000
11.07,6,2025,594710000000
11.07,7,2025,1481820000000
11.07,8,2025,648380000000
11.07,9,2025,134270000000
11.07,10,2025,256730000000
11.07,11,2025,119580000000
11.07,12,2025,315100000000
11.07,13,2025,46790000000
11.07,14,2025,784510000000
11.07,15,2025,213420000000
11.07,16,2025,295120000000
11.07,17,2025,176910000000
11.08,1,2021,5056110000000
11.08,2,2021,3971660000000
11.08,3,2021,1594820000000
11.08,4,2021,18300000000
11.08,5,2021,3530000000
11.08,6,2021,872830000000
11.08,7,2021,1965140000000
11.08,8,2021,871070000000
11.08,9,2021,73960000000
11.08,10,2021,332930000000
11.08,11,2021,210490000000
11.08,12,2021,458650000000
11.08,13,2021,48920000000
11.08,14,2021,506330000000
11.08,15,2021,301930000000
11.08,16,2021,453870000000
11.08,17,2021,185570000000
11.08,1,2022,5189060000000
11.08,2,2022,4386940000000
11.08,3,2022,1621070000000
11.08,4,2022,18550000000
11.08,5,2022,3840000000
11.08,6,2022,859660000000
11.08,7,2022,2059500000000
11.08,8,2022,903850000000
11.08,9,2022,89120000000
11.08,10,2022,332930000000
11.08,11,2022,205380000000
11.08,12,2022,477460000000
11.08,13,2022,51360000000
11.08,14,2022,506260000000
11.08,15,2022,307930000000
11.08,16,2022,500290000000
11.08,17,2022,206850000000
11.08,1,2023,5480800000000
11.08,2,2023,4069190000000
11.08,3,2023,1499450000000
11.08,4,2023,19500000000
11.08,5,2023,4110000000
11.08,6,2023,850580000000
11.08,7,2023,2232920000000
11.08,8,2023,941090000000
11.08,9,2023,97080000000
11.08,10,2023,345570000000
11.08,11,2023,185200000000
11.08,12,2023,498370000000
11.08,13,2023,50600000000
11.08,14,2023,503000000000
11.08,15,2023,318360000000
11.08,16,2023,496110000000
11.08,17,2023,219040000000
11.08,1,2024,5715990000000
11.08,2,2024,4054240000000
11.08,3,2024,1530670000000
11.08,4,2024,21070000000
11.08,5,2024,4840000000
11.08,6,2024,889990000000
11.08,7,2024,2310210000000
11.08,8,2024,1086740000000
11.08,9,2024,99770000000
11.08,10,2024,354960000000
11.08,11,2024,224680000000
11.08,12,2024,514160000000
11.08,13,2024,52580000000
11.08,14,2024,542910000000
11.08,15,2024,328750000000
11.08,16,2024,504980000000
11.08,17,2024,228260000000
11.08,1,2025,5888220000000
11.08,2,2025,3743250000000
11.08,3,2025,1651880000000
11.08,4,2025,21430000000
11.08,5,2025,4670000000
11.08,6,2025,827890000000
11.08,7,2025,2387070000000
11.08,8,2025,1142750000000
11.08,9,2025,104060000000
11.08,10,2025,364390000000
11.08,11,2025,233530000000
11.08,12,2025,534660000000
11.08,13,2025,52500000000
11.08,14,2025,595140000000
11.08,15,2025,338010000000
11.08,16,2025,517080000000
11.08,17,2025,232300000000
11.09,1,2021,551890000000
11.09,2,2021,28600000000
11.09,3,2021,21940000000
11.09,4,2021,3310000000
11.09,5,2021,170000000
11.09,6,2021,163010000000
11.09,7,2021,214230000000
11.09,8,2021,41690000000
11.09,9,2021,22220000000
11.09,10,2021,84880000000
11.09,11,2021,28470000000
11.09,12,2021,60940000000
11.09,13,2021,2590000000
11.09,14,2021,270680000000
11.09,15,2021,59300000000
11.09,16,2021,86080000000
11.09,17,2021,17020000000
11.09,1,2022,577560000000
11.09,2,2022,28700000000
11.09,3,2022,23160000000
11.09,4,2022,3390000000
11.09,5,2022,180000000
11.09,6,2022,163080000000
11.09,7,2022,226650000000
11.09,8,2022,43850000000
11.09,9,2022,26440000000
11.09,10,2022,95100000000
11.09,11,2022,28490000000
11.09,12,2022,63020000000
11.09,13,2022,2780000000
11.09,14,2022,270130000000
11.09,15,2022,60450000000
11.09,16,2022,94620000000
11.09,17,2022,19030000000
11.09,1,2023,627310000000
11.09,2,2023,29940000000
11.09,3,2023,23490000000
11.09,4,2023,3550000000
11.09,5,2023,190000000
11.09,6,2023,171300000000
11.09,7,2023,237630000000
11.09,8,2023,46430000000
11.09,9,2023,29400000000
11.09,10,2023,99360000000
11.09,11,2023,25390000000
11.09,12,2023,64990000000
11.09,13,2023,2730000000
11.09,14,2023,269250000000
11.09,15,2023,61260000000
11.09,16,2023,94110000000
11.09,17,2023,20280000000
11.09,1,2024,655470000000
11.09,2,2024,30260000000
11.09,3,2024,23680000000
11.09,4,2024,3760000000
11.09,5,2024,190000000
11.09,6,2024,175300000000
11.09,7,2024,251530000000
11.09,8,2024,50000000000
11.09,9,2024,30020000000
11.09,10,2024,105570000000
11.09,11,2024,28210000000
11.09,12,2024,68100000000
11.09,13,2024,2820000000
11.09,14,2024,280020000000
11.09,15,2024,64730000000
11.09,16,2024,95710000000
11.09,17,2024,21250000000
11.09,1,2025,688420000000
11.09,2,2025,30330000000
11.09,3,2025,25010000000
11.09,4,2025,3760000000
11.09,5,2025,210000000
11.09,6,2025,175380000000
11.09,7,2025,261900000000
11.09,8,2025,52150000000
11.09,9,2025,31310000000
11.09,10,2025,108920000000
11.09,11,2025,29850000000
11.09,12,2025,70680000000
11.09,13,2025,2820000000
11.09,14,2025,290460000000
11.09,15,2025,68010000000
11.09,16,2025,97580000000
11.09,17,2025,21720000000
11.10,1,2021,494850000000
11.10,2,2021,23930000000
11.10,3,2021,79540000000
11.10,4,2021,4550000000
11.10,5,2021,800000000
11.10,6,2021,192690000000
11.10,7,2021,232030000000
11.10,8,2021,95550000000
11.10,9,2021,18340000000
11.10,10,2021,87720000000
11.10,11,2021,37660000000
11.10,12,2021,60910000000
11.10,13,2021,11780000000
11.10,14,2021,270520000000
11.10,15,2021,58840000000
11.10,16,2021,88760000000
11.10,17,2021,21960000000
11.10,1,2022,513440000000
11.10,2,2022,23950000000
11.10,3,2022,84900000000
11.10,4,2022,4630000000
11.10,5,2022,880000000
11.10,6,2022,188150000000
11.10,7,2022,245700000000
11.10,8,2022,101120000000
11.10,9,2022,21350000000
11.10,10,2022,96480000000
11.10,11,2022,35460000000
11.10,12,2022,63340000000
11.10,13,2022,12740000000
11.10,14,2022,269350000000
11.10,15,2022,60950000000
11.10,16,2022,97460000000
11.10,17,2022,24740000000
11.10,1,2023,539820000000
11.10,2,2023,24810000000
11.10,3,2023,85430000000
11.10,4,2023,4830000000
11.10,5,2023,900000000
11.10,6,2023,193370000000
11.10,7,2023,258710000000
11.10,8,2023,105830000000
11.10,9,2023,23080000000
11.10,10,2023,100880000000
11.10,11,2023,33900000000
11.10,12,2023,65790000000
11.10,13,2023,12710000000
11.10,14,2023,274310000000
11.10,15,2023,61550000000
11.10,16,2023,97600000000
11.10,17,2023,26160000000
11.10,1,2024,543060000000
11.10,2,2024,25110000000
11.10,3,2024,88880000000
11.10,4,2024,5130000000
11.10,5,2024,920000000
11.10,6,2024,198660000000
11.10,7,2024,265090000000
11.10,8,2024,120650000000
11.10,9,2024,23730000000
11.10,10,2024,102710000000
11.10,11,2024,40200000000
11.10,12,2024,67730000000
11.10,13,2024,13110000000
11.10,14,2024,289340000000
11.10,15,2024,64130000000
11.10,16,2024,99970000000
11.10,17,2024,27340000000
11.10,1,2025,583190000000
11.10,2,2025,25200000000
11.10,3,2025,92230000000
11.10,4,2025,5140000000
11.10,5,2025,900000000
11.10,6,2025,187910000000
11.10,7,2025,272750000000
11.10,8,2025,128950000000
11.10,9,2025,24490000000
11.10,10,2025,104980000000
11.10,11,2025,41040000000
11.10,12,2025,70560000000
11.10,13,2025,13100000000
11.10,14,2025,295750000000
11.10,15,2025,66090000000
11.10,16,2025,102990000000
11.10,17,2025,27910000000
11.11,1,2021,3135870000000
11.11,2,2021,243010000000
11.11,3,2021,150240000000
11.11,4,2021,10660000000
11.11,5,2021,5390000000
11.11,6,2021,974260000000
11.11,7,2021,2603710000000
11.11,8,2021,927500000000
11.11,9,2021,107250000000
11.11,10,2021,327950000000
11.11,11,2021,108320000000
11.11,12,2021,323470000000
11.11,13,2021,30590000000
11.11,14,2021,831150000000
11.11,15,2021,185850000000
11.11,16,2021,271120000000
11.11,17,2021,133660000000
11.11,1,2022,3246430000000
11.11,2,2022,247170000000
11.11,3,2022,155800000000
11.11,4,2022,11280000000
11.11,5,2022,5900000000
11.11,6,2022,981350000000
11.11,7,2022,2749920000000
11.11,8,2022,976970000000
11.11,9,2022,140060000000
11.11,10,2022,361780000000
11.11,11,2022,106540000000
11.11,12,2022,334750000000
11.11,13,2022,33960000000
11.11,14,2022,830470000000
11.11,15,2022,191900000000
11.11,16,2022,297820000000
11.11,17,2022,149020000000
11.11,1,2023,3379820000000
11.11,2,2023,253520000000
11.11,3,2023,153060000000
11.11,4,2023,11730000000
11.11,5,2023,6090000000
11.11,6,2023,1005500000000
11.11,7,2023,2962920000000
11.11,8,2023,1017540000000
11.11,9,2023,153260000000
11.11,10,2023,377370000000
11.11,11,2023,99050000000
11.11,12,2023,341880000000
11.11,13,2023,33510000000
11.11,14,2023,854630000000
11.11,15,2023,195380000000
11.11,16,2023,294520000000
11.11,17,2023,155640000000
11.11,1,2024,3413760000000
11.11,2,2024,256390000000
11.11,3,2024,155550000000
11.11,4,2024,12460000000
11.11,5,2024,6160000000
11.11,6,2024,1051580000000
11.11,7,2024,3104260000000
11.11,8,2024,1187960000000
11.11,9,2024,154570000000
11.11,10,2024,382990000000
11.11,11,2024,116080000000
11.11,12,2024,350190000000
11.11,13,2024,34900000000
11.11,14,2024,916550000000
11.11,15,2024,200590000000
11.11,16,2024,301080000000
11.11,17,2024,161440000000
11.11,1,2025,3607410000000
11.11,2,2025,248840000000
11.11,3,2025,164090000000
11.11,4,2025,12000000000
11.11,5,2025,5850000000
11.11,6,2025,975960000000
11.11,7,2025,3186460000000
11.11,8,2025,1305190000000
11.11,9,2025,160260000000
11.11,10,2025,390240000000
11.11,11,2025,127040000000
11.11,12,2025,362690000000
11.11,13,2025,34320000000
11.11,14,2025,943540000000
11.11,15,2025,205840000000
11.11,16,2025,305780000000
11.11,17,2025,155690000000
11.12,1,2021,889780000000
11.12,2,2021,41590000000
11.12,3,2021,75420000000
11.12,4,2021,3920000000
11.12,5,2021,200000000
11.12,6,2021,460680000000
11.12,7,2021,542440000000
11.12,8,2021,193270000000
11.12,9,2021,19820000000
11.12,10,2021,87120000000
11.12,11,2021,58840000000
11.12,12,2021,91060000000
11.12,13,2021,9730000000
11.12,14,2021,292720000000
11.12,15,2021,81900000000
11.12,16,2021,124640000000
11.12,17,2021,96680000000
11.12,1,2022,907290000000
11.12,2,2022,42160000000
11.12,3,2022,80320000000
11.12,4,2022,4030000000
11.12,5,2022,220000000
11.12,6,2022,463410000000
11.12,7,2022,581630000000
11.12,8,2022,203620000000
11.12,9,2022,24050000000
11.12,10,2022,95440000000
11.12,11,2022,58020000000
11.12,12,2022,93160000000
11.12,13,2022,10620000000
11.12,14,2022,292700000000
11.12,15,2022,86610000000
11.12,16,2022,136330000000
11.12,17,2022,109070000000
11.12,1,2023,927990000000
11.12,2,2023,43820000000
11.12,3,2023,82530000000
11.12,4,2023,4280000000
11.12,5,2023,230000000
11.12,6,2023,482740000000
11.12,7,2023,630690000000
11.12,8,2023,214960000000
11.12,9,2023,25940000000
11.12,10,2023,99580000000
11.12,11,2023,53870000000
11.12,12,2023,95420000000
11.12,13,2023,10440000000
11.12,14,2023,302270000000
11.12,15,2023,88500000000
11.12,16,2023,136170000000
11.12,17,2023,114290000000
11.12,1,2024,962210000000
11.12,2,2024,46030000000
11.12,3,2024,85380000000
11.12,4,2024,4500000000
11.12,5,2024,250000000
11.12,6,2024,489740000000
11.12,7,2024,653300000000
11.12,8,2024,230790000000
11.12,9,2024,27200000000
11.12,10,2024,102860000000
11.12,11,2024,62110000000
11.12,12,2024,97040000000
11.12,13,2024,10890000000
11.12,14,2024,327460000000
11.12,15,2024,94170000000
11.12,16,2024,141090000000
11.12,17,2024,119370000000
11.12,1,2025,1030710000000
11.12,2,2025,47980000000
11.12,3,2025,90520000000
11.12,4,2025,4630000000
11.12,5,2025,270000000
11.12,6,2025,445670000000
11.12,7,2025,700280000000
11.12,8,2025,251760000000
11.12,9,2025,29120000000
11.12,10,2025,104730000000
11.12,11,2025,64910000000
11.12,12,2025,104460000000
11.12,13,2025,10960000000
11.12,14,2025,340040000000
11.12,15,2025,100590000000
11.12,16,2025,145880000000
11.12,17,2025,123520000000
11.13,1,2021,784280000000
11.13,2,2021,29800000000
11.13,3,2021,209940000000
11.13,4,2021,2090000000
11.13,5,2021,550000000
11.13,6,2021,161300000000
11.13,7,2021,242030000000
11.13,8,2021,43540000000
11.13,9,2021,19640000000
11.13,10,2021,35120000000
11.13,11,2021,21520000000
11.13,12,2021,61550000000
11.13,13,2021,3330000000
11.13,14,2021,203710000000
11.13,15,2021,61970000000
11.13,16,2021,92230000000
11.13,17,2021,9280000000
11.13,1,2022,817160000000
11.13,2,2022,29860000000
11.13,3,2022,218350000000
11.13,4,2022,2160000000
11.13,5,2022,590000000
11.13,6,2022,161990000000
11.13,7,2022,251390000000
11.13,8,2022,45600000000
11.13,9,2022,21240000000
11.13,10,2022,38050000000
11.13,11,2022,20330000000
11.13,12,2022,62410000000
11.13,13,2022,3400000000
11.13,14,2022,203670000000
11.13,15,2022,63510000000
11.13,16,2022,101440000000
11.13,17,2022,10370000000
11.13,1,2023,842520000000
11.13,2,2023,30180000000
11.13,3,2023,222630000000
11.13,4,2023,2250000000
11.13,5,2023,620000000
11.13,6,2023,168100000000
11.13,7,2023,275000000000
11.13,8,2023,48000000000
11.13,9,2023,23240000000
11.13,10,2023,40000000000
11.13,11,2023,18360000000
11.13,12,2023,65450000000
11.13,13,2023,3410000000
11.13,14,2023,217640000000
11.13,15,2023,65180000000
11.13,16,2023,99850000000
11.13,17,2023,10770000000
11.13,1,2024,832630000000
11.13,2,2024,30070000000
11.13,3,2024,230200000000
11.13,4,2024,2410000000
11.13,5,2024,640000000
11.13,6,2024,179500000000
11.13,7,2024,285140000000
11.13,8,2024,55570000000
11.13,9,2024,23910000000
11.13,10,2024,40990000000
11.13,11,2024,22320000000
11.13,12,2024,68100000000
11.13,13,2024,3600000000
11.13,14,2024,246830000000
11.13,15,2024,67960000000
11.13,16,2024,101570000000
11.13,17,2024,11300000000
11.13,1,2025,874000000000
11.13,2,2025,30000000000
11.13,3,2025,238000000000
11.13,4,2025,2000000000
11.13,5,2025,1000000000
11.13,6,2025,164000000000
11.13,7,2025,289000000000
11.13,8,2025,58000000000
11.13,9,2025,24000000000
11.13,10,2025,42000000000
11.13,11,2025,23000000000
11.13,12,2025,72000000000
11.13,13,2025,4000000000
11.13,14,2025,242000000000
11.13,15,2025,71000000000
11.13,16,2025,105000000000
11.13,17,2025,12000000000
11.14,1,2021,607000000000
11.14,2,2021,75000000000
11.14,3,2021,71000000000
11.14,4,2021,3000000000
11.14,5,2021,0
11.14,6,2021,336000000000
11.14,7,2021,217000000000
11.14,8,2021,165000000000
11.14,9,2021,15000000000
11.14,10,2021,73000000000
11.14,11,2021,9000000000
11.14,12,2021,82000000000
11.14,13,2021,3000000000
11.14,14,2021,248000000000
11.14,15,2021,65000000000
11.14,16,2021,53000000000
11.14,17,2021,11000000000
11.14,1,2022,637000000000
11.14,2,2022,74000000000
11.14,3,2022,77000000000
11.14,4,2022,4000000000
11.14,5,2022,0
11.14,6,2022,337000000000
11.14,7,2022,231000000000
11.14,8,2022,172000000000
11.14,9,2022,17000000000
11.14,10,2022,79000000000
11.14,11,2022,9000000000
11.14,12,2022,83000000000
11.14,13,2022,3000000000
11.14,14,2022,248000000000
11.14,15,2022,67000000000
11.14,16,2022,58000000000
11.14,17,2022,12000000000
11.14,1,2023,668000000000
11.14,2,2023,76000000000
11.14,3,2023,77000000000
11.14,4,2023,4000000000
11.14,5,2023,0
11.14,6,2023,346000000000
11.14,7,2023,249000000000
11.14,8,2023,182000000000
11.14,9,2023,18000000000
11.14,10,2023,83000000000
11.14,11,2023,9000000000
11.14,12,2023,86000000000
11.14,13,2023,3000000000
11.14,14,2023,256000000000
11.14,15,2023,68000000000
11.14,16,2023,58000000000
11.14,17,2023,13000000000
11.14,1,2024,670000000000
11.14,2,2024,77000000000
11.14,3,2024,79000000000
11.14,4,2024,4000000000
11.14,5,2024,0
11.14,6,2024,376000000000
11.14,7,2024,261000000000
11.14,8,2024,186000000000
11.14,9,2024,19000000000
11.14,10,2024,85000000000
11.14,11,2024,10000000000
11.14,12,2024,89000000000
11.14,13,2024,3000000000
11.14,14,2024,278000000000
11.14,15,2024,69000000000
11.14,16,2024,60000000000
11.14,17,2024,13000000000
11.14,1,2025,684000000000
11.14,2,2025,78000000000
11.14,3,2025,83000000000
11.14,4,2025,4000000000
11.14,5,2025,0
11.14,6,2025,378000000000
11.14,7,2025,272000000000
11.14,8,2025,193000000000
11.14,9,2025,19000000000
11.14,10,2025,87000000000
11.14,11,2025,11000000000
11.14,12,2025,92000000000
11.14,13,2025,3000000000
11.14,14,2025,301000000000
11.14,15,2025,72000000000
11.14,16,2025,61000000000
11.14,17,2025,14000000000
11.15,1,2021,2927730000000
11.15,2,2021,1349510000000
11.15,3,2021,217730000000
11.15,4,2021,6450000000
11.15,5,2021,540000000
11.15,6,2021,646210000000
11.15,7,2021,670520000000
11.15,8,2021,210220000000
11.15,9,2021,19390000000
11.15,10,2021,154750000000
11.15,11,2021,74610000000
11.15,12,2021,145600000000
11.15,13,2021,16380000000
11.15,14,2021,311130000000
11.15,15,2021,128780000000
11.15,16,2021,125900000000
11.15,17,2021,31980000000
11.15,1,2022,3031060000000
11.15,2,2022,1328530000000
11.15,3,2022,234550000000
11.15,4,2022,6620000000
11.15,5,2022,580000000
11.15,6,2022,648680000000
11.15,7,2022,717840000000
11.15,8,2022,232280000000
11.15,9,2022,26120000000
11.15,10,2022,173330000000
11.15,11,2022,70290000000
11.15,12,2022,152260000000
11.15,13,2022,18200000000
11.15,14,2022,311060000000
11.15,15,2022,134010000000
11.15,16,2022,138390000000
11.15,17,2022,36430000000
11.15,1,2023,3449830000000
11.15,2,2023,1302490000000
11.15,3,2023,252480000000
11.15,4,2023,7130000000
11.15,5,2023,600000000
11.15,6,2023,666740000000
11.15,7,2023,749820000000
11.15,8,2023,240550000000
11.15,9,2023,27270000000
11.15,10,2023,181110000000
11.15,11,2023,70070000000
11.15,12,2023,158640000000
11.15,13,2023,18380000000
11.15,14,2023,317300000000
11.15,15,2023,136340000000
11.15,16,2023,139420000000
11.15,17,2023,37880000000
11.15,1,2024,3440440000000
11.15,2,2024,1570140000000
11.15,3,2024,256300000000
11.15,4,2024,7930000000
11.15,5,2024,600000000
11.15,6,2024,652510000000
11.15,7,2024,779100000000
11.15,8,2024,255790000000
11.15,9,2024,27730000000
11.15,10,2024,182910000000
11.15,11,2024,79870000000
11.15,12,2024,169010000000
11.15,13,2024,18570000000
11.15,14,2024,328280000000
11.15,15,2024,143940000000
11.15,16,2024,142600000000
11.15,17,2024,39880000000
11.15,1,2025,3606090000000
11.15,2,2025,1739700000000
11.15,3,2025,253050000000
11.15,4,2025,7920000000
11.15,5,2025,610000000
11.15,6,2025,618920000000
11.15,7,2025,779220000000
11.15,8,2025,266570000000
11.15,9,2025,28270000000
11.15,10,2025,186550000000
11.15,11,2025,82270000000
11.15,12,2025,174820000000
11.15,13,2025,18600000000
11.15,14,2025,329960000000
11.15,15,2025,145870000000
11.15,16,2025,144230000000
11.15,17,2025,40320000000
11.16,1,2021,2487560000000
11.16,2,2021,764780000000
11.16,3,2021,366870000000
11.16,4,2021,6610000000
11.16,5,2021,2350000000
11.16,6,2021,357500000000
11.16,7,2021,588840000000
11.16,8,2021,202110000000
11.16,9,2021,64440000000
11.16,10,2021,244690000000
11.16,11,2021,64910000000
11.16,12,2021,249760000000
11.16,13,2021,20400000000
11.16,14,2021,235030000000
11.16,15,2021,117530000000
11.16,16,2021,183750000000
11.16,17,2021,105390000000
11.16,1,2022,2478550000000
11.16,2,2022,839760000000
11.16,3,2022,409530000000
11.16,4,2022,6640000000
11.16,5,2022,2540000000
11.16,6,2022,361590000000
11.16,7,2022,598010000000
11.16,8,2022,210840000000
11.16,9,2022,79460000000
11.16,10,2022,255230000000
11.16,11,2022,64730000000
11.16,12,2022,260200000000
11.16,13,2022,21920000000
11.16,14,2022,235000000000
11.16,15,2022,117730000000
11.16,16,2022,201720000000
11.16,17,2022,117500000000
11.16,1,2023,2532780000000
11.16,2,2023,813370000000
11.16,3,2023,418390000000
11.16,4,2023,6940000000
11.16,5,2023,2640000000
11.16,6,2023,370650000000
11.16,7,2023,649630000000
11.16,8,2023,219640000000
11.16,9,2023,85220000000
11.16,10,2023,266450000000
11.16,11,2023,59030000000
11.16,12,2023,269790000000
11.16,13,2023,21910000000
11.16,14,2023,241000000000
11.16,15,2023,119570000000
11.16,16,2023,200540000000
11.16,17,2023,124440000000
11.16,1,2024,2633600000000
11.16,2,2024,868070000000
11.16,3,2024,436310000000
11.16,4,2024,7250000000
11.16,5,2024,2700000000
11.16,6,2024,381360000000
11.16,7,2024,659240000000
11.16,8,2024,247040000000
11.16,9,2024,87230000000
11.16,10,2024,274210000000
11.16,11,2024,70840000000
11.16,12,2024,280030000000
11.16,13,2024,22590000000
11.16,14,2024,250990000000
11.16,15,2024,125400000000
11.16,16,2024,205000000000
11.16,17,2024,133010000000
11.16,1,2025,2729200000000
11.16,2,2025,841580000000
11.16,3,2025,433700000000
11.16,4,2025,7160000000
11.16,5,2025,2650000000
11.16,6,2025,353780000000
11.16,7,2025,653510000000
11.16,8,2025,259860000000
11.16,9,2025,86110000000
11.16,10,2025,277650000000
11.16,11,2025,72590000000
11.16,12,2025,289370000000
11.16,13,2025,21830000000
11.16,14,2025,250430000000
11.16,15,2025,130820000000
11.16,16,2025,204550000000
11.16,17,2025,133500000000
11.17,1,2021,1888400000000
11.17,2,2021,28770000000
11.17,3,2021,82760000000
11.17,4,2021,3890000000
11.17,5,2021,780000000
11.17,6,2021,576410000000
11.17,7,2021,249350000000
11.17,8,2021,174120000000
11.17,9,2021,14210000000
11.17,10,2021,57530000000
11.17,11,2021,80940000000
11.17,12,2021,76170000000
11.17,13,2021,8130000000
11.17,14,2021,300920000000
11.17,15,2021,73970000000
11.17,16,2021,94580000000
11.17,17,2021,43150000000
11.17,1,2022,1965810000000
11.17,2,2022,29210000000
11.17,3,2022,84390000000
11.17,4,2022,3970000000
11.17,5,2022,850000000
11.17,6,2022,581910000000
11.17,7,2022,259450000000
11.17,8,2022,184240000000
11.17,9,2022,15210000000
11.17,10,2022,60420000000
11.17,11,2022,81750000000
11.17,12,2022,77170000000
11.17,13,2022,8530000000
11.17,14,2022,301220000000
11.17,15,2022,76470000000
11.17,16,2022,103580000000
11.17,17,2022,48250000000
11.17,1,2023,2117530000000
11.17,2,2023,30280000000
11.17,3,2023,85400000000
11.17,4,2023,4180000000
11.17,5,2023,880000000
11.17,6,2023,596820000000
11.17,7,2023,278430000000
11.17,8,2023,193440000000
11.17,9,2023,16020000000
11.17,10,2023,64410000000
11.17,11,2023,71080000000
11.17,12,2023,79960000000
11.17,13,2023,8490000000
11.17,14,2023,309370000000
11.17,15,2023,78000000000
11.17,16,2023,99860000000
11.17,17,2023,51060000000
11.17,1,2024,2133030000000
11.17,2,2024,32360000000
11.17,3,2024,89600000000
11.17,4,2024,4450000000
11.17,5,2024,900000000
11.17,6,2024,629260000000
11.17,7,2024,289940000000
11.17,8,2024,210030000000
11.17,9,2024,17370000000
11.17,10,2024,68760000000
11.17,11,2024,86760000000
11.17,12,2024,86310000000
11.17,13,2024,8960000000
11.17,14,2024,322250000000
11.17,15,2024,78850000000
11.17,16,2024,105590000000
11.17,17,2024,54570000000
11.17,1,2025,2218160000000
11.17,2,2025,32300000000
11.17,3,2025,93560000000
11.17,4,2025,4330000000
11.17,5,2025,900000000
11.17,6,2025,614030000000
11.17,7,2025,289360000000
11.17,8,2025,219570000000
11.17,9,2025,18010000000
11.17,10,2025,70430000000
11.17,11,2025,90550000000
11.17,12,2025,89290000000
11.17,13,2025,8950000000
11.17,14,2025,324500000000
11.17,15,2025,81980000000
11.17,16,2025,107870000000
11.17,17,2025,55520000000
11.18,1,2021,1184160000000
11.18,2,2021,39570000000
11.18,3,2021,77550000000
11.18,4,2021,3610000000
11.18,5,2021,400000000
11.18,6,2021,208940000000
11.18,7,2021,286780000000
11.18,8,2021,113880000000
11.18,9,2021,22850000000
11.18,10,2021,95040000000
11.18,11,2021,19950000000
11.18,12,2021,107760000000
11.18,13,2021,7670000000
11.18,14,2021,282160000000
11.18,15,2021,97040000000
11.18,16,2021,71420000000
11.18,17,2021,16740000000
11.18,1,2022,1222630000000
11.18,2,2022,40860000000
11.18,3,2022,81660000000
11.18,4,2022,3820000000
11.18,5,2022,480000000
11.18,6,2022,202010000000
11.18,7,2022,304720000000
11.18,8,2022,120510000000
11.18,9,2022,29970000000
11.18,10,2022,106160000000
11.18,11,2022,18680000000
11.18,12,2022,112040000000
11.18,13,2022,8550000000
11.18,14,2022,280700000000
11.18,15,2022,99480000000
11.18,16,2022,78260000000
11.18,17,2022,19000000000
11.18,1,2023,1270260000000
11.18,2,2023,42510000000
11.18,3,2023,88110000000
11.18,4,2023,4060000000
11.18,5,2023,500000000
11.18,6,2023,201320000000
11.18,7,2023,329590000000
11.18,8,2023,132520000000
11.18,9,2023,33110000000
11.18,10,2023,111070000000
11.18,11,2023,16990000000
11.18,12,2023,119790000000
11.18,13,2023,8620000000
11.18,14,2023,285730000000
11.18,15,2023,101290000000
11.18,16,2023,78040000000
11.18,17,2023,21660000000
11.18,1,2024,1306310000000
11.18,2,2024,42530000000
11.18,3,2024,91440000000
11.18,4,2024,4150000000
11.18,5,2024,510000000
11.18,6,2024,203390000000
11.18,7,2024,350160000000
11.18,8,2024,150630000000
11.18,9,2024,35290000000
11.18,10,2024,116260000000
11.18,11,2024,21100000000
11.18,12,2024,122470000000
11.18,13,2024,8950000000
11.18,14,2024,308990000000
11.18,15,2024,107480000000
11.18,16,2024,82040000000
11.18,17,2024,22860000000
11.18,1,2025,1340270000000
11.18,2,2025,45310000000
11.18,3,2025,94540000000
11.18,4,2025,4120000000
11.18,5,2025,520000000
11.18,6,2025,199260000000
11.18,7,2025,355640000000
11.18,8,2025,159280000000
11.18,9,2025,35690000000
11.18,10,2025,119500000000
11.18,11,2025,21450000000
11.18,12,2025,130990000000
11.18,13,2025,8910000000
11.18,14,2025,322340000000
11.18,15,2025,107520000000
11.18,16,2025,83760000000
11.18,17,2025,22530000000
11.71,1,2021,170110000000
11.71,2,2021,0
11.71,3,2021,315960000000
11.71,4,2021,68640000000
11.71,5,2021,16670000000
11.71,6,2021,1019220000000
11.71,7,2021,3073180000000
11.71,8,2021,1717240000000
11.71,9,2021,451620000000
11.71,10,2021,1350920000000
11.71,11,2021,400820000000
11.71,12,2021,1135070000000
11.71,13,2021,348240000000
11.71,14,2021,3326180000000
11.71,15,2021,1065120000000
11.71,16,2021,675860000000
11.71,17,2021,315030000000
11.71,1,2022,177650000000
11.71,2,2022,0
11.71,3,2022,323950000000
11.71,4,2022,70210000000
11.71,5,2022,17800000000
11.71,6,2022,1022540000000
11.71,7,2022,3274160000000
11.71,8,2022,1821760000000
11.71,9,2022,581060000000
11.71,10,2022,1476560000000
11.71,11,2022,395100000000
11.71,12,2022,1183770000000
11.71,13,2022,375400000000
11.71,14,2022,3341840000000
11.71,15,2022,1102630000000
11.71,16,2022,740260000000
11.71,17,2022,352640000000
11.71,1,2023,242840000000
11.71,2,2023,0
11.71,3,2023,323850000000
11.71,4,2023,73120000000
11.71,5,2023,18550000000
11.71,6,2023,1060130000000
11.71,7,2023,3541430000000
11.71,8,2023,1899290000000
11.71,9,2023,692610000000
11.71,10,2023,1599550000000
11.71,11,2023,352120000000
11.71,12,2023,1221170000000
11.71,13,2023,372330000000
11.71,14,2023,3427180000000
11.71,15,2023,1128800000000
11.71,16,2023,749450000000
11.71,17,2023,377450000000
11.71,1,2024,272480000000
11.71,2,2024,0
11.71,3,2024,349380000000
11.71,4,2024,75780000000
11.71,5,2024,19400000000
11.71,6,2024,1135080000000
11.71,7,2024,3633290000000
11.71,8,2024,2222590000000
11.71,9,2024,732390000000
11.71,10,2024,1678590000000
11.71,11,2024,412190000000
11.71,12,2024,1275400000000
11.71,13,2024,393860000000
11.71,14,2024,3576100000000
11.71,15,2024,1183960000000
11.71,16,2024,758320000000
11.71,17,2024,398960000000
11.71,1,2025,273880000000
11.71,2,2025,0
11.71,3,2025,369280000000
11.71,4,2025,72440000000
11.71,5,2025,19730000000
11.71,6,2025,1167560000000
11.71,7,2025,3760940000000
11.71,8,2025,2421080000000
11.71,9,2025,765640000000
11.71,10,2025,1735290000000
11.71,11,2025,432390000000
11.71,12,2025,1340260000000
11.71,13,2025,395330000000
11.71,14,2025,3771860000000
11.71,15,2025,1258070000000
11.71,16,2025,788000000000
11.71,17,2025,404040000000
11.74,1,2021,336740000000
11.74,2,2021,16720000000
11.74,3,2021,319450000000
11.74,4,2021,4610000000
11.74,5,2021,1920000000
11.74,6,2021,403880000000
11.74,7,2021,1127920000000
11.74,8,2021,311450000000
11.74,9,2021,108200000000
11.74,10,2021,277200000000
11.74,11,2021,106630000000
11.74,12,2021,172980000000
11.74,13,2021,36100000000
11.74,14,2021,309530000000
11.74,15,2021,82320000000
11.74,16,2021,242950000000
11.74,17,2021,104130000000
11.74,1,2022,341340000000
11.74,2,2022,16620000000
11.74,3,2022,329060000000
11.74,4,2022,4870000000
11.74,5,2022,2090000000
11.74,6,2022,407040000000
11.74,7,2022,1177680000000
11.74,8,2022,329720000000
11.74,9,2022,142050000000
11.74,10,2022,303420000000
11.74,11,2022,100420000000
11.74,12,2022,180750000000
11.74,13,2022,39170000000
11.74,14,2022,309440000000
11.74,15,2022,84450000000
11.74,16,2022,266150000000
11.74,17,2022,117710000000
11.74,1,2023,362950000000
11.74,2,2023,16520000000
11.74,3,2023,330270000000
11.74,4,2023,5110000000
11.74,5,2023,2190000000
11.74,6,2023,416040000000
11.74,7,2023,1274680000000
11.74,8,2023,350170000000
11.74,9,2023,153150000000
11.74,10,2023,314920000000
11.74,11,2023,91480000000
11.74,12,2023,185750000000
11.74,13,2023,38670000000
11.74,14,2023,313540000000
11.74,15,2023,85340000000
11.74,16,2023,262230000000
11.74,17,2023,123990000000
11.74,1,2024,359850000000
11.74,2,2024,15450000000
11.74,3,2024,334620000000
11.74,4,2024,5300000000
11.74,5,2024,2290000000
11.74,6,2024,417040000000
11.74,7,2024,1357910000000
11.74,8,2024,383640000000
11.74,9,2024,158710000000
11.74,10,2024,324820000000
11.74,11,2024,109900000000
11.74,12,2024,192710000000
11.74,13,2024,40560000000
11.74,14,2024,329340000000
11.74,15,2024,89310000000
11.74,16,2024,266380000000
11.74,17,2024,131020000000
11.74,1,2025,361930000000
11.74,2,2025,14810000000
11.74,3,2025,352070000000
11.74,4,2025,5250000000
11.74,5,2025,2150000000
11.74,6,2025,392650000000
11.74,7,2025,1411530000000
11.74,8,2025,390040000000
11.74,9,2025,171990000000
11.74,10,2025,331940000000
11.74,11,2025,111940000000
11.74,12,2025,206170000000
11.74,13,2025,42170000000
11.74,14,2025,342350000000
11.74,15,2025,94940000000
11.74,16,2025,275010000000
11.74,17,2025,136570000000
11.73,1,2021,612700000000
11.73,2,2021,30200000000
11.73,3,2021,1331400000000
11.73,4,2021,14500000000
11.73,5,2021,900000000
11.73,6,2021,1027300000000
11.73,7,2021,1587400000000
11.73,8,2021,847800000000
11.73,9,2021,105500000000
11.73,10,2021,321300000000
11.73,11,2021,170300000000
11.73,12,2021,342300000000
11.73,13,2021,72700000000
11.73,14,2021,307600000000
11.73,15,2021,101200000000
11.73,16,2021,280900000000
11.73,17,2021,98700000000
11.73,1,2022,602900000000
11.73,2,2022,30300000000
11.73,3,2022,1369000000000
11.73,4,2022,14800000000
11.73,5,2022,1000000000
11.73,6,2022,1034800000000
11.73,7,2022,1681300000000
11.73,8,2022,888200000000
11.73,9,2022,136900000000
11.73,10,2022,353500000000
11.73,11,2022,163200000000
11.73,12,2022,355100000000
11.73,13,2022,80300000000
11.73,14,2022,307000000000
11.73,15,2022,104200000000
11.73,16,2022,310000000000
11.73,17,2022,111300000000
11.73,1,2023,608700000000
11.73,2,2023,31400000000
11.73,3,2023,1387500000000
11.73,4,2023,15800000000
11.73,5,2023,1100000000
11.73,6,2023,1034400000000
11.73,7,2023,1840000000000
11.73,8,2023,951100000000
11.73,9,2023,150400000000
11.73,10,2023,381600000000
11.73,11,2023,145900000000
11.73,12,2023,372700000000
11.73,13,2023,80100000000
11.73,14,2023,320700000000
11.73,15,2023,109100000000
11.73,16,2023,311000000000
11.73,17,2023,119500000000
11.73,1,2024,645700000000
11.73,2,2024,32200000000
11.73,3,2024,1395400000000
11.73,4,2024,16700000000
11.73,5,2024,1100000000
11.73,6,2024,1065400000000
11.73,7,2024,1894900000000
11.73,8,2024,1083400000000
11.73,9,2024,152800000000
11.73,10,2024,387700000000
11.73,11,2024,175700000000
11.73,12,2024,381000000000
11.73,13,2024,84700000000
11.73,14,2024,338900000000
11.73,15,2024,113800000000
11.73,16,2024,318100000000
11.73,17,2024,124000000000
11.73,1,2025,632600000000
11.73,2,2025,31800000000
11.73,3,2025,1419200000000
11.73,4,2025,16900000000
11.73,5,2025,1100000000
11.73,6,2025,1059400000000
11.73,7,2025,1991300000000
11.73,8,2025,1174100000000
11.73,9,2025,163500000000
11.73,10,2025,404300000000
11.73,11,2025,183100000000
11.73,12,2025,400500000000
11.73,13,2025,84600000000
11.73,14,2025,352500000000
11.73,15,2025,119800000000
11.73,16,2025,327800000000
11.73,17,2025,126700000000
11.72,1,2021,77520000000
11.72,2,2021,9060000000
11.72,3,2021,26360000000
11.72,4,2021,2310000000
11.72,5,2021,1810000000
11.72,6,2021,359970000000
11.72,7,2021,170400000000
11.72,8,2021,37780000000
11.72,9,2021,31080000000
11.72,10,2021,27540000000
11.72,11,2021,25910000000
11.72,12,2021,43170000000
11.72,13,2021,2830000000
11.72,14,2021,182460000000
11.72,15,2021,51650000000
11.72,16,2021,82590000000
11.72,17,2021,20440000000
11.72,1,2022,79440000000
11.72,2,2022,9070000000
11.72,3,2022,27470000000
11.72,4,2022,2420000000
11.72,5,2022,1960000000
11.72,6,2022,358030000000
11.72,7,2022,179350000000
11.72,8,2022,40550000000
11.72,9,2022,42380000000
11.72,10,2022,30790000000
11.72,11,2022,24120000000
11.72,12,2022,43780000000
11.72,13,2022,3080000000
11.72,14,2022,174510000000
11.72,15,2022,52120000000
11.72,16,2022,90710000000
11.72,17,2022,22700000000
11.72,1,2023,86330000000
11.72,2,2023,9580000000
11.72,3,2023,28290000000
11.72,4,2023,2600000000
11.72,5,2023,2100000000
11.72,6,2023,356850000000
11.72,7,2023,194970000000
11.72,8,2023,40440000000
11.72,9,2023,45440000000
11.72,10,2023,32510000000
11.72,11,2023,24290000000
11.72,12,2023,46080000000
11.72,13,2023,3070000000
11.72,14,2023,174380000000
11.72,15,2023,55340000000
11.72,16,2023,91090000000
11.72,17,2023,24180000000
11.72,1,2024,88920000000
11.72,2,2024,9620000000
11.72,3,2024,29320000000
11.72,4,2024,2710000000
11.72,5,2024,2100000000
11.72,6,2024,366490000000
11.72,7,2024,207520000000
11.72,8,2024,43490000000
11.72,9,2024,46360000000
11.72,10,2024,32970000000
11.72,11,2024,27150000000
11.72,12,2024,47290000000
11.72,13,2024,3140000000
11.72,14,2024,184690000000
11.72,15,2024,56830000000
11.72,16,2024,94000000000
11.72,17,2024,25620000000
11.72,1,2025,90900000000
11.72,2,2025,9600000000
11.72,3,2025,30360000000
11.72,4,2025,2690000000
11.72,5,2025,2160000000
11.72,6,2025,370240000000
11.72,7,2025,224320000000
11.72,8,2025,44720000000
11.72,9,2025,48750000000
11.72,10,2025,34460000000
11.72,11,2025,28150000000
11.72,12,2025,49870000000
11.72,13,2025,3210000000
11.72,14,2025,191060000000
11.72,15,2025,60050000000
11.72,16,2025,97200000000
11.72,17,2025,27140000000
11.75,1,2021,326500000000
11.75,2,2021,32380000000
11.75,3,2021,199860000000
11.75,4,2021,1530000000
11.75,5,2021,250000000
11.75,6,2021,227820000000
11.75,7,2021,261540000000
11.75,8,2021,77110000000
11.75,9,2021,11340000000
11.75,10,2021,49050000000
11.75,11,2021,26600000000
11.75,12,2021,47400000000
11.75,13,2021,4670000000
11.75,14,2021,100500000000
11.75,15,2021,34170000000
11.75,16,2021,29290000000
11.75,17,2021,9000000000
11.75,1,2022,335210000000
11.75,2,2022,29940000000
11.75,3,2022,213690000000
11.75,4,2022,1580000000
11.75,5,2022,250000000
11.75,6,2022,234600000000
11.75,7,2022,277550000000
11.75,8,2022,80510000000
11.75,9,2022,14130000000
11.75,10,2022,53050000000
11.75,11,2022,25320000000
11.75,12,2022,48790000000
11.75,13,2022,5140000000
11.75,14,2022,101210000000
11.75,15,2022,35210000000
11.75,16,2022,32090000000
11.75,17,2022,10020000000
11.75,1,2023,359370000000
11.75,2,2023,29660000000
11.75,3,2023,225530000000
11.75,4,2023,1650000000
11.75,5,2023,250000000
11.75,6,2023,239990000000
11.75,7,2023,294380000000
11.75,8,2023,82690000000
11.75,9,2023,14910000000
11.75,10,2023,54300000000
11.75,11,2023,22560000000
11.75,12,2023,49990000000
11.75,13,2023,5070000000
11.75,14,2023,100860000000
11.75,15,2023,35720000000
11.75,16,2023,31720000000
11.75,17,2023,10430000000
11.75,1,2024,371520000000
11.75,2,2024,28800000000
11.75,3,2024,235330000000
11.75,4,2024,1720000000
11.75,5,2024,260000000
11.75,6,2024,248710000000
11.75,7,2024,302300000000
11.75,8,2024,93750000000
11.75,9,2024,15410000000
11.75,10,2024,55490000000
11.75,11,2024,27600000000
11.75,12,2024,51320000000
11.75,13,2024,5260000000
11.75,14,2024,105480000000
11.75,15,2024,37200000000
11.75,16,2024,32230000000
11.75,17,2024,10860000000
11.75,1,2025,397470000000
11.75,2,2025,27770000000
11.75,3,2025,248090000000
11.75,4,2025,1750000000
11.75,5,2025,260000000
11.75,6,2025,245400000000
11.75,7,2025,313480000000
11.75,8,2025,99910000000
11.75,9,2025,16030000000
11.75,10,2025,57020000000
11.75,11,2025,28760000000
11.75,12,2025,53910000000
11.75,13,2025,5300000000
11.75,14,2025,107690000000
11.75,15,2025,38750000000
11.75,16,2025,33010000000
11.75,17,2025,11080000000
13.01,1,2021,3601450000000
13.01,2,2021,347620000000
13.01,3,2021,725440000000
13.01,4,2021,3080000000
13.01,5,2021,6660000000
13.01,6,2021,983930000000
13.01,7,2021,1297630000000
13.01,8,2021,382490000000
13.01,9,2021,101200000000
13.01,10,2021,851900000000
13.01,11,2021,206740000000
13.01,12,2021,137980000000
13.01,13,2021,5040000000
13.01,14,2021,577510000000
13.01,15,2021,312260000000
13.01,16,2021,147450000000
13.01,17,2021,100080000000
13.01,1,2022,3738890000000
13.01,2,2022,355160000000
13.01,3,2022,741260000000
13.01,4,2022,3220000000
13.01,5,2022,6780000000
13.01,6,2022,1010510000000
13.01,7,2022,1373120000000
13.01,8,2022,399220000000
13.01,9,2022,112430000000
13.01,10,2022,913300000000
13.01,11,2022,214360000000
13.01,12,2022,142960000000
13.01,13,2022,5260000000
13.01,14,2022,571050000000
13.01,15,2022,327450000000
13.01,16,2022,154250000000
13.01,17,2022,112230000000
13.01,1,2023,3856640000000
13.01,2,2023,370010000000
13.01,3,2023,759550000000
13.01,4,2023,3360000000
13.01,5,2023,7090000000
13.01,6,2023,1070570000000
13.01,7,2023,1440700000000
13.01,8,2023,421160000000
13.01,9,2023,120680000000
13.01,10,2023,979860000000
13.01,11,2023,223020000000
13.01,12,2023,150750000000
13.01,13,2023,5520000000
13.01,14,2023,579880000000
13.01,15,2023,333110000000
13.01,16,2023,165050000000
13.01,17,2023,121330000000
13.01,1,2024,3919420000000
13.01,2,2024,387450000000
13.01,3,2024,785020000000
13.01,4,2024,3530000000
13.01,5,2024,7200000000
13.01,6,2024,1113950000000
13.01,7,2024,1513770000000
13.01,8,2024,444600000000
13.01,9,2024,128360000000
13.01,10,2024,1030430000000
13.01,11,2024,237920000000
13.01,12,2024,159200000000
13.01,13,2024,5760000000
13.01,14,2024,633080000000
13.01,15,2024,342980000000
13.01,16,2024,172560000000
13.01,17,2024,129980000000
13.01,1,2025,4076750000000
13.01,2,2025,386740000000
13.01,3,2025,850850000000
13.01,4,2025,3610000000
13.01,5,2025,7190000000
13.01,6,2025,1098350000000
13.01,7,2025,1569260000000
13.01,8,2025,450310000000
13.01,9,2025,133160000000
13.01,10,2025,1080650000000
13.01,11,2025,256210000000
13.01,12,2025,166840000000
13.01,13,2025,6030000000
13.01,14,2025,649740000000
13.01,15,2025,355100000000
13.01,16,2025,183250000000
13.01,17,2025,139620000000
13.02,1,2021,3702540000000
13.02,2,2021,496380000000
13.02,3,2021,509890000000
13.02,4,2021,2310000000
13.02,5,2021,5710000000
13.02,6,2021,867630000000
13.02,7,2021,1158420000000
13.02,8,2021,1029260000000
13.02,9,2021,78800000000
13.02,10,2021,846610000000
13.02,11,2021,171860000000
13.02,12,2021,83110000000
13.02,13,2021,6600000000
13.02,14,2021,556770000000
13.02,15,2021,356830000000
13.02,16,2021,153580000000
13.02,17,2021,88260000000
13.02,1,2022,3820930000000
13.02,2,2022,542180000000
13.02,3,2022,517120000000
13.02,4,2022,2440000000
13.02,5,2022,5780000000
13.02,6,2022,922010000000
13.02,7,2022,1223140000000
13.02,8,2022,1051610000000
13.02,9,2022,86880000000
13.02,10,2022,900720000000
13.02,11,2022,179470000000
13.02,12,2022,87180000000
13.02,13,2022,7020000000
13.02,14,2022,569070000000
13.02,15,2022,373900000000
13.02,16,2022,162000000000
13.02,17,2022,96520000000
13.02,1,2023,3934390000000
13.02,2,2023,565180000000
13.02,3,2023,537630000000
13.02,4,2023,2540000000
13.02,5,2023,5890000000
13.02,6,2023,967380000000
13.02,7,2023,1287910000000
13.02,8,2023,1114700000000
13.02,9,2023,93910000000
13.02,10,2023,971780000000
13.02,11,2023,186300000000
13.02,12,2023,92710000000
13.02,13,2023,7470000000
13.02,14,2023,580730000000
13.02,15,2023,380870000000
13.02,16,2023,174270000000
13.02,17,2023,104330000000
13.02,1,2024,3987350000000
13.02,2,2024,592840000000
13.02,3,2024,562880000000
13.02,4,2024,2600000000
13.02,5,2024,5940000000
13.02,6,2024,1006010000000
13.02,7,2024,1356410000000
13.02,8,2024,1171660000000
13.02,9,2024,101750000000
13.02,10,2024,1025720000000
13.02,11,2024,196030000000
13.02,12,2024,98250000000
13.02,13,2024,7830000000
13.02,14,2024,630850000000
13.02,15,2024,392850000000
13.02,16,2024,184210000000
13.02,17,2024,114690000000
13.02,1,2025,4112200000000
13.02,2,2025,605340000000
13.02,3,2025,612140000000
13.02,4,2025,2700000000
13.02,5,2025,5830000000
13.02,6,2025,997840000000
13.02,7,2025,1417260000000
13.02,8,2025,1168390000000
13.02,9,2025,105280000000
13.02,10,2025,1070720000000
13.02,11,2025,210600000000
13.02,12,2025,103880000000
13.02,13,2025,8160000000
13.02,14,2025,634550000000
13.02,15,2025,408050000000
13.02,16,2025,197110000000
13.02,17,2025,123680000000
13.03,1,2021,1906120000000
13.03,2,2021,942540000000
13.03,3,2021,213990000000
13.03,4,2021,2510000000
13.03,5,2021,2930000000
13.03,6,2021,903640000000
13.03,7,2021,887470000000
13.03,8,2021,506910000000
13.03,9,2021,46890000000
13.03,10,2021,325800000000
13.03,11,2021,155490000000
13.03,12,2021,84970000000
13.03,13,2021,1300000000
13.03,14,2021,325320000000
13.03,15,2021,320590000000
13.03,16,2021,145480000000
13.03,17,2021,120660000000
13.03,1,2022,1953040000000
13.03,2,2022,969220000000
13.03,3,2022,220270000000
13.03,4,2022,2580000000
13.03,5,2022,3050000000
13.03,6,2022,954170000000
13.03,7,2022,940610000000
13.03,8,2022,523820000000
13.03,9,2022,50780000000
13.03,10,2022,347630000000
13.03,11,2022,162330000000
13.03,12,2022,86710000000
13.03,13,2022,1360000000
13.03,14,2022,324070000000
13.03,15,2022,340570000000
13.03,16,2022,152190000000
13.03,17,2022,131030000000
13.03,1,2023,2042190000000
13.03,2,2023,960390000000
13.03,3,2023,227540000000
13.03,4,2023,2680000000
13.03,5,2023,3210000000
13.03,6,2023,1014790000000
13.03,7,2023,988920000000
13.03,8,2023,553030000000
13.03,9,2023,54340000000
13.03,10,2023,374950000000
13.03,11,2023,169450000000
13.03,12,2023,91380000000
13.03,13,2023,1440000000
13.03,14,2023,331760000000
13.03,15,2023,347190000000
13.03,16,2023,163510000000
13.03,17,2023,141820000000
13.03,1,2024,2097610000000
13.03,2,2024,975400000000
13.03,3,2024,234740000000
13.03,4,2024,2820000000
13.03,5,2024,3280000000
13.03,6,2024,1059390000000
13.03,7,2024,1040510000000
13.03,8,2024,578920000000
13.03,9,2024,57890000000
13.03,10,2024,393330000000
13.03,11,2024,180490000000
13.03,12,2024,96510000000
13.03,13,2024,1500000000
13.03,14,2024,357820000000
13.03,15,2024,356470000000
13.03,16,2024,171420000000
13.03,17,2024,150710000000
13.03,1,2025,2180040000000
13.03,2,2025,995100000000
13.03,3,2025,254760000000
13.03,4,2025,2920000000
13.03,5,2025,3370000000
13.03,6,2025,1052660000000
13.03,7,2025,1085200000000
13.03,8,2025,597420000000
13.03,9,2025,59950000000
13.03,10,2025,408850000000
13.03,11,2025,194050000000
13.03,12,2025,102280000000
13.03,13,2025,1580000000
13.03,14,2025,371080000000
13.03,15,2025,369040000000
13.03,16,2025,183060000000
13.03,17,2025,161820000000
13.04,1,2021,2951570000000
13.04,2,2021,277300000000
13.04,3,2021,1106800000000
13.04,4,2021,2010000000
13.04,5,2021,11810000000
13.04,6,2021,949900000000
13.04,7,2021,1360400000000
13.04,8,2021,857930000000
13.04,9,2021,61780000000
13.04,10,2021,661560000000
13.04,11,2021,249600000000
13.04,12,2021,151490000000
13.04,13,2021,3470000000
13.04,14,2021,615550000000
13.04,15,2021,316950000000
13.04,16,2021,150240000000
13.04,17,2021,161100000000
13.04,1,2022,3043870000000
13.04,2,2022,282830000000
13.04,3,2022,1142700000000
13.04,4,2022,2070000000
13.04,5,2022,12170000000
13.04,6,2022,987020000000
13.04,7,2022,1444620000000
13.04,8,2022,893830000000
13.04,9,2022,70470000000
13.04,10,2022,708870000000
13.04,11,2022,261870000000
13.04,12,2022,158810000000
13.04,13,2022,3690000000
13.04,14,2022,615290000000
13.04,15,2022,334920000000
13.04,16,2022,157560000000
13.04,17,2022,180350000000
13.04,1,2023,3140340000000
13.04,2,2023,294320000000
13.04,3,2023,1174760000000
13.04,4,2023,2140000000
13.04,5,2023,12600000000
13.04,6,2023,1045520000000
13.04,7,2023,1517540000000
13.04,8,2023,950070000000
13.04,9,2023,76100000000
13.04,10,2023,765300000000
13.04,11,2023,272110000000
13.04,12,2023,168770000000
13.04,13,2023,3940000000
13.04,14,2023,629450000000
13.04,15,2023,340710000000
13.04,16,2023,169350000000
13.04,17,2023,194880000000
13.04,1,2024,3151720000000
13.04,2,2024,308120000000
13.04,3,2024,1201100000000
13.04,4,2024,2240000000
13.04,5,2024,12890000000
13.04,6,2024,1104740000000
13.04,7,2024,1599460000000
13.04,8,2024,1005540000000
13.04,9,2024,80880000000
13.04,10,2024,809710000000
13.04,11,2024,288460000000
13.04,12,2024,178620000000
13.04,13,2024,4120000000
13.04,14,2024,684530000000
13.04,15,2024,351530000000
13.04,16,2024,177620000000
13.04,17,2024,211180000000
13.04,1,2025,3201810000000
13.04,2,2025,313860000000
13.04,3,2025,1265020000000
13.04,4,2025,2310000000
13.04,5,2025,13080000000
13.04,6,2025,1098620000000
13.04,7,2025,1647770000000
13.04,8,2025,1018500000000
13.04,9,2025,83080000000
13.04,10,2025,850200000000
13.04,11,2025,311150000000
13.04,12,2025,190050000000
13.04,13,2025,4330000000
13.04,14,2025,686720000000
13.04,15,2025,364010000000
13.04,16,2025,189150000000
13.04,17,2025,229990000000
13.05,1,2021,2854890000000
13.05,2,2021,815360000000
13.05,3,2021,1674630000000
13.05,4,2021,3980000000
13.05,5,2021,7640000000
13.05,6,2021,1178000000000
13.05,7,2021,1425190000000
13.05,8,2021,1358900000000
13.05,9,2021,117110000000
13.05,10,2021,669480000000
13.05,11,2021,219160000000
13.05,12,2021,141190000000
13.05,13,2021,11370000000
13.05,14,2021,701570000000
13.05,15,2021,738130000000
13.05,16,2021,101720000000
13.05,17,2021,177420000000
13.05,1,2022,3031540000000
13.05,2,2022,833220000000
13.05,3,2022,1719560000000
13.05,4,2022,4120000000
13.05,5,2022,7860000000
13.05,6,2022,1201760000000
13.05,7,2022,1503630000000
13.05,8,2022,1688540000000
13.05,9,2022,153890000000
13.05,10,2022,713480000000
13.05,11,2022,232660000000
13.05,12,2022,149310000000
13.05,13,2022,12190000000
13.05,14,2022,695870000000
13.05,15,2022,777000000000
13.05,16,2022,106350000000
13.05,17,2022,198210000000
13.05,1,2023,3148980000000
13.05,2,2023,867860000000
13.05,3,2023,1787200000000
13.05,4,2023,4260000000
13.05,5,2023,8080000000
13.05,6,2023,1295080000000
13.05,7,2023,1570140000000
13.05,8,2023,1889860000000
13.05,9,2023,167740000000
13.05,10,2023,760770000000
13.05,11,2023,242890000000
13.05,12,2023,157530000000
13.05,13,2023,12920000000
13.05,14,2023,708530000000
13.05,15,2023,791050000000
13.05,16,2023,114270000000
13.05,17,2023,213660000000
13.05,1,2024,3209020000000
13.05,2,2024,923400000000
13.05,3,2024,1842440000000
13.05,4,2024,4400000000
13.05,5,2024,8330000000
13.05,6,2024,1415360000000
13.05,7,2024,1647820000000
13.05,8,2024,1979120000000
13.05,9,2024,173860000000
13.05,10,2024,798810000000
13.05,11,2024,259530000000
13.05,12,2024,166540000000
13.05,13,2024,13460000000
13.05,14,2024,766480000000
13.05,15,2024,812180000000
13.05,16,2024,119550000000
13.05,17,2024,228950000000
13.05,1,2025,3279560000000
13.05,2,2025,901440000000
13.05,3,2025,1941520000000
13.05,4,2025,4520000000
13.05,5,2025,8180000000
13.05,6,2025,1353280000000
13.05,7,2025,1709360000000
13.05,8,2025,1944720000000
13.05,9,2025,176850000000
13.05,10,2025,834760000000
13.05,11,2025,281930000000
13.05,12,2025,177030000000
13.05,13,2025,14050000000
13.05,14,2025,774060000000
13.05,15,2025,848160000000
13.05,16,2025,127550000000
13.05,17,2025,247380000000
13.06,1,2021,4496000000000
13.06,2,2021,519000000000
13.06,3,2021,1641000000000
13.06,4,2021,4000000000
13.06,5,2021,8000000000
13.06,6,2021,1105000000000
13.06,7,2021,2902000000000
13.06,8,2021,982000000000
13.06,9,2021,94000000000
13.06,10,2021,1146000000000
13.06,11,2021,188000000000
13.06,12,2021,276000000000
13.06,13,2021,6000000000
13.06,14,2021,559000000000
13.06,15,2021,721000000000
13.06,16,2021,188000000000
13.06,17,2021,109000000000
13.06,1,2022,4596000000000
13.06,2,2022,535000000000
13.06,3,2022,1729000000000
13.06,4,2022,4000000000
13.06,5,2022,8000000000
13.06,6,2022,1149000000000
13.06,7,2022,3057000000000
13.06,8,2022,1021000000000
13.06,9,2022,110000000000
13.06,10,2022,1233000000000
13.06,11,2022,195000000000
13.06,12,2022,292000000000
13.06,13,2022,6000000000
13.06,14,2022,554000000000
13.06,15,2022,764000000000
13.06,16,2022,198000000000
13.06,17,2022,121000000000
13.06,1,2023,4738000000000
13.06,2,2023,555000000000
13.06,3,2023,1843000000000
13.06,4,2023,4000000000
13.06,5,2023,8000000000
13.06,6,2023,1218000000000
13.06,7,2023,3189000000000
13.06,8,2023,1079000000000
13.06,9,2023,119000000000
13.06,10,2023,1320000000000
13.06,11,2023,200000000000
13.06,12,2023,311000000000
13.06,13,2023,6000000000
13.06,14,2023,566000000000
13.06,15,2023,779000000000
13.06,16,2023,209000000000
13.06,17,2023,131000000000
13.06,1,2024,4823000000000
13.06,2,2024,580000000000
13.06,3,2024,1907000000000
13.06,4,2024,4000000000
13.06,5,2024,9000000000
13.06,6,2024,1256000000000
13.06,7,2024,3350000000000
13.06,8,2024,1161000000000
13.06,9,2024,125000000000
13.06,10,2024,1400000000000
13.06,11,2024,212000000000
13.06,12,2024,328000000000
13.06,13,2024,6000000000
13.06,14,2024,616000000000
13.06,15,2024,803000000000
13.06,16,2024,221000000000
13.06,17,2024,146000000000
13.06,1,2025,4935000000000
13.06,2,2025,587000000000
13.06,3,2025,1998000000000
13.06,4,2025,4000000000
13.06,5,2025,9000000000
13.06,6,2025,1240000000000
13.06,7,2025,3466000000000
13.06,8,2025,1179000000000
13.06,9,2025,128000000000
13.06,10,2025,1466000000000
13.06,11,2025,230000000000
13.06,12,2025,348000000000
13.06,13,2025,7000000000
13.06,14,2025,629000000000
13.06,15,2025,834000000000
13.06,16,2025,236000000000
13.06,17,2025,157000000000
13.07,1,2021,3711040000000
13.07,2,2021,861900000000
13.07,3,2021,819050000000
13.07,4,2021,1780000000
13.07,5,2021,3780000000
13.07,6,2021,565690000000
13.07,7,2021,1801520000000
13.07,8,2021,1143780000000
13.07,9,2021,68630000000
13.07,10,2021,801440000000
13.07,11,2021,190740000000
13.07,12,2021,131660000000
13.07,13,2021,3260000000
13.07,14,2021,642940000000
13.07,15,2021,352010000000
13.07,16,2021,192530000000
13.07,17,2021,139060000000
13.07,1,2022,3821580000000
13.07,2,2022,914840000000
13.07,3,2022,837360000000
13.07,4,2022,1860000000
13.07,5,2022,4030000000
13.07,6,2022,579920000000
13.07,7,2022,1903930000000
13.07,8,2022,1186650000000
13.07,9,2022,77610000000
13.07,10,2022,853140000000
13.07,11,2022,199570000000
13.07,12,2022,139010000000
13.07,13,2022,3500000000
13.07,14,2022,636450000000
13.07,15,2022,372420000000
13.07,16,2022,201230000000
13.07,17,2022,157050000000
13.07,1,2023,3953380000000
13.07,2,2023,946460000000
13.07,3,2023,875450000000
13.07,4,2023,1930000000
13.07,5,2023,4200000000
13.07,6,2023,616700000000
13.07,7,2023,2008700000000
13.07,8,2023,1256210000000
13.07,9,2023,83860000000
13.07,10,2023,918770000000
13.07,11,2023,204590000000
13.07,12,2023,147990000000
13.07,13,2023,3730000000
13.07,14,2023,644990000000
13.07,15,2023,379380000000
13.07,16,2023,215340000000
13.07,17,2023,169160000000
13.07,1,2024,4029090000000
13.07,2,2024,993280000000
13.07,3,2024,915960000000
13.07,4,2024,2010000000
13.07,5,2024,4190000000
13.07,6,2024,639920000000
13.07,7,2024,2115740000000
13.07,8,2024,1314410000000
13.07,9,2024,89360000000
13.07,10,2024,958700000000
13.07,11,2024,212410000000
13.07,12,2024,156500000000
13.07,13,2024,3910000000
13.07,14,2024,699520000000
13.07,15,2024,389660000000
13.07,16,2024,227290000000
13.07,17,2024,180040000000
13.07,1,2025,4167720000000
13.07,2,2025,1015680000000
13.07,3,2025,980150000000
13.07,4,2025,2080000000
13.07,5,2025,4230000000
13.07,6,2025,635160000000
13.07,7,2025,2202160000000
13.07,8,2025,1323650000000
13.07,9,2025,93410000000
13.07,10,2025,1003270000000
13.07,11,2025,226920000000
13.07,12,2025,165760000000
13.07,13,2025,4110000000
13.07,14,2025,706540000000
13.07,15,2025,402640000000
13.07,16,2025,243690000000
13.07,17,2025,194780000000
13.08,1,2021,3067000000000
13.08,2,2021,118040000000
13.08,3,2021,264160000000
13.08,4,2021,940000000
13.08,5,2021,6550000000
13.08,6,2021,294250000000
13.08,7,2021,893600000000
13.08,8,2021,280550000000
13.08,9,2021,48160000000
13.08,10,2021,400760000000
13.08,11,2021,143630000000
13.08,12,2021,84840000000
13.08,13,2021,3190000000
13.08,14,2021,435390000000
13.08,15,2021,159100000000
13.08,16,2021,72190000000
13.08,17,2021,55600000000
13.08,1,2022,3188640000000
13.08,2,2022,120880000000
13.08,3,2022,271050000000
13.08,4,2022,990000000
13.08,5,2022,6540000000
13.08,6,2022,305850000000
13.08,7,2022,947820000000
13.08,8,2022,291350000000
13.08,9,2022,52170000000
13.08,10,2022,428310000000
13.08,11,2022,147820000000
13.08,12,2022,88500000000
13.08,13,2022,3390000000
13.08,14,2022,430310000000
13.08,15,2022,166860000000
13.08,16,2022,75300000000
13.08,17,2022,60470000000
13.08,1,2023,3301280000000
13.08,2,2023,126150000000
13.08,3,2023,279930000000
13.08,4,2023,1040000000
13.08,5,2023,6800000000
13.08,6,2023,325300000000
13.08,7,2023,998590000000
13.08,8,2023,308570000000
13.08,9,2023,55740000000
13.08,10,2023,461780000000
13.08,11,2023,151530000000
13.08,12,2023,93570000000
13.08,13,2023,3600000000
13.08,14,2023,446620000000
13.08,15,2023,170230000000
13.08,16,2023,80860000000
13.08,17,2023,65280000000
13.08,1,2024,3371110000000
13.08,2,2024,132140000000
13.08,3,2024,287010000000
13.08,4,2024,1090000000
13.08,5,2024,7060000000
13.08,6,2024,340260000000
13.08,7,2024,1055620000000
13.08,8,2024,325820000000
13.08,9,2024,59340000000
13.08,10,2024,486030000000
13.08,11,2024,163120000000
13.08,12,2024,99030000000
13.08,13,2024,3770000000
13.08,14,2024,486040000000
13.08,15,2024,175770000000
13.08,16,2024,85380000000
13.08,17,2024,69690000000
13.08,1,2025,3505070000000
13.08,2,2025,133810000000
13.08,3,2025,300980000000
13.08,4,2025,1130000000
13.08,5,2025,7210000000
13.08,6,2025,336820000000
13.08,7,2025,1095980000000
13.08,8,2025,334620000000
13.08,9,2025,61200000000
13.08,10,2025,508470000000
13.08,11,2025,172710000000
13.08,12,2025,104200000000
13.08,13,2025,3930000000
13.08,14,2025,487660000000
13.08,15,2025,182430000000
13.08,16,2025,90910000000
13.08,17,2025,74720000000
13.09,1,2021,1464350000000
13.09,2,2021,48520000000
13.09,3,2021,93500000000
13.09,4,2021,760000000
13.09,5,2021,140000000
13.09,6,2021,411510000000
13.09,7,2021,428060000000
13.09,8,2021,201720000000
13.09,9,2021,20660000000
13.09,10,2021,41950000000
13.09,11,2021,3710000000
13.09,12,2021,29110000000
13.09,13,2021,1460000000
13.09,14,2021,211860000000
13.09,15,2021,36220000000
13.09,16,2021,22410000000
13.09,17,2021,25020000000
13.09,1,2022,1518000000000
13.09,2,2022,50880000000
13.09,3,2022,94370000000
13.09,4,2022,800000000
13.09,5,2022,140000000
13.09,6,2022,439570000000
13.09,7,2022,451840000000
13.09,8,2022,229440000000
13.09,9,2022,23320000000
13.09,10,2022,45040000000
13.09,11,2022,3820000000
13.09,12,2022,30740000000
13.09,13,2022,1510000000
13.09,14,2022,212910000000
13.09,15,2022,37930000000
13.09,16,2022,23450000000
13.09,17,2022,27540000000
13.09,1,2023,1594790000000
13.09,2,2023,52520000000
13.09,3,2023,96860000000
13.09,4,2023,850000000
13.09,5,2023,150000000
13.09,6,2023,463100000000
13.09,7,2023,472600000000
13.09,8,2023,217460000000
13.09,9,2023,25520000000
13.09,10,2023,48260000000
13.09,11,2023,3960000000
13.09,12,2023,32700000000
13.09,13,2023,1600000000
13.09,14,2023,216410000000
13.09,15,2023,38400000000
13.09,16,2023,25110000000
13.09,17,2023,29860000000
13.09,1,2024,1637000000000
13.09,2,2024,54690000000
13.09,3,2024,99900000000
13.09,4,2024,900000000
13.09,5,2024,150000000
13.09,6,2024,481290000000
13.09,7,2024,497740000000
13.09,8,2024,230580000000
13.09,9,2024,27200000000
13.09,10,2024,50510000000
13.09,11,2024,4190000000
13.09,12,2024,34300000000
13.09,13,2024,1680000000
13.09,14,2024,233230000000
13.09,15,2024,39580000000
13.09,16,2024,26380000000
13.09,17,2024,32640000000
13.09,1,2025,1682090000000
13.09,2,2025,55700000000
13.09,3,2025,106190000000
13.09,4,2025,920000000
13.09,5,2025,150000000
13.09,6,2025,482460000000
13.09,7,2025,518150000000
13.09,8,2025,237250000000
13.09,9,2025,28140000000
13.09,10,2025,53190000000
13.09,11,2025,4510000000
13.09,12,2025,36160000000
13.09,13,2025,1750000000
13.09,14,2025,242320000000
13.09,15,2025,40930000000
13.09,16,2025,27820000000
13.09,17,2025,35410000000
13.10,1,2021,2253430000000
13.10,2,2021,464580000000
13.10,3,2021,436470000000
13.10,4,2021,1240000000
13.10,5,2021,960000000
13.10,6,2021,1021070000000
13.10,7,2021,1103410000000
13.10,8,2021,469080000000
13.10,9,2021,59070000000
13.10,10,2021,695210000000
13.10,11,2021,163240000000
13.10,12,2021,162800000000
13.10,13,2021,1410000000
13.10,14,2021,463700000000
13.10,15,2021,210990000000
13.10,16,2021,144910000000
13.10,17,2021,57200000000
13.10,1,2022,2297520000000
13.10,2,2022,471520000000
13.10,3,2022,443530000000
13.10,4,2022,1280000000
13.10,5,2022,940000000
13.10,6,2022,1041880000000
13.10,7,2022,1167870000000
13.10,8,2022,489640000000
13.10,9,2022,68230000000
13.10,10,2022,738920000000
13.10,11,2022,172540000000
13.10,12,2022,169360000000
13.10,13,2022,1500000000
13.10,14,2022,537430000000
13.10,15,2022,220600000000
13.10,16,2022,151260000000
13.10,17,2022,63760000000
13.10,1,2023,2367210000000
13.10,2,2023,482550000000
13.10,3,2023,451350000000
13.10,4,2023,1340000000
13.10,5,2023,930000000
13.10,6,2023,1105430000000
13.10,7,2023,1229910000000
13.10,8,2023,516410000000
13.10,9,2023,72720000000
13.10,10,2023,797140000000
13.10,11,2023,179270000000
13.10,12,2023,179860000000
13.10,13,2023,1600000000
13.10,14,2023,546620000000
13.10,15,2023,225100000000
13.10,16,2023,161540000000
13.10,17,2023,68170000000
13.10,1,2024,2418000000000
13.10,2,2024,463340000000
13.10,3,2024,458110000000
13.10,4,2024,1400000000
13.10,5,2024,930000000
13.10,6,2024,1157170000000
13.10,7,2024,1298350000000
13.10,8,2024,543420000000
13.10,9,2024,77150000000
13.10,10,2024,841980000000
13.10,11,2024,191730000000
13.10,12,2024,189460000000
13.10,13,2024,1670000000
13.10,14,2024,593230000000
13.10,15,2024,232040000000
13.10,16,2024,170170000000
13.10,17,2024,73010000000
13.10,1,2025,2564700000000
13.10,2,2025,447390000000
13.10,3,2025,490750000000
13.10,4,2025,1400000000
13.10,5,2025,930000000
13.10,6,2025,1160720000000
13.10,7,2025,1359310000000
13.10,8,2025,549280000000
13.10,9,2025,79520000000
13.10,10,2025,891020000000
13.10,11,2025,206740000000
13.10,12,2025,198600000000
13.10,13,2025,1740000000
13.10,14,2025,593600000000
13.10,15,2025,239510000000
13.10,16,2025,178190000000
13.10,17,2025,78060000000
13.11,1,2021,1212850000000
13.11,2,2021,318570000000
13.11,3,2021,197350000000
13.11,4,2021,1000000000
13.11,5,2021,2100000000
13.11,6,2021,469850000000
13.11,7,2021,829120000000
13.11,8,2021,259790000000
13.11,9,2021,29610000000
13.11,10,2021,281340000000
13.11,11,2021,31540000000
13.11,12,2021,33220000000
13.11,13,2021,600000000
13.11,14,2021,191770000000
13.11,15,2021,99660000000
13.11,16,2021,55620000000
13.11,17,2021,45540000000
13.11,1,2022,1237470000000
13.11,2,2022,326550000000
13.11,3,2022,199700000000
13.11,4,2022,1070000000
13.11,5,2022,2100000000
13.11,6,2022,491700000000
13.11,7,2022,885710000000
13.11,8,2022,270530000000
13.11,9,2022,32710000000
13.11,10,2022,301620000000
13.11,11,2022,33120000000
13.11,12,2022,35080000000
13.11,13,2022,640000000
13.11,14,2022,190180000000
13.11,15,2022,106490000000
13.11,16,2022,58420000000
13.11,17,2022,49760000000
13.11,1,2023,1272850000000
13.11,2,2023,340390000000
13.11,3,2023,205210000000
13.11,4,2023,1560000000
13.11,5,2023,2250000000
13.11,6,2023,524320000000
13.11,7,2023,927380000000
13.11,8,2023,286870000000
13.11,9,2023,35490000000
13.11,10,2023,325610000000
13.11,11,2023,34250000000
13.11,12,2023,37270000000
13.11,13,2023,680000000
13.11,14,2023,193680000000
13.11,15,2023,108750000000
13.11,16,2023,62740000000
13.11,17,2023,54810000000
13.11,1,2024,1299360000000
13.11,2,2024,354030000000
13.11,3,2024,207690000000
13.11,4,2024,1650000000
13.11,5,2024,2320000000
13.11,6,2024,548810000000
13.11,7,2024,974540000000
13.11,8,2024,303020000000
13.11,9,2024,37970000000
13.11,10,2024,342230000000
13.11,11,2024,35830000000
13.11,12,2024,39360000000
13.11,13,2024,710000000
13.11,14,2024,209130000000
13.11,15,2024,112690000000
13.11,16,2024,66310000000
13.11,17,2024,59110000000
13.11,1,2025,1367040000000
13.11,2,2025,372690000000
13.11,3,2025,220510000000
13.11,4,2025,1690000000
13.11,5,2025,2410000000
13.11,6,2025,548980000000
13.11,7,2025,1016360000000
13.11,8,2025,311170000000
13.11,9,2025,39230000000
13.11,10,2025,359080000000
13.11,11,2025,38990000000
13.11,12,2025,41590000000
13.11,13,2025,740000000
13.11,14,2025,202110000000
13.11,15,2025,117180000000
13.11,16,2025,69730000000
13.11,17,2025,64040000000
13.12,1,2021,5011130000000
13.12,2,2021,174200000000
13.12,3,2021,1668740000000
13.12,4,2021,2190000000
13.12,5,2021,1430000000
13.12,6,2021,721470000000
13.12,7,2021,1370970000000
13.12,8,2021,551890000000
13.12,9,2021,57440000000
13.12,10,2021,845060000000
13.12,11,2021,206950000000
13.12,12,2021,161960000000
13.12,13,2021,6090000000
13.12,14,2021,400950000000
13.12,15,2021,278600000000
13.12,16,2021,151090000000
13.12,17,2021,65820000000
13.12,1,2022,5147300000000
13.12,2,2022,181530000000
13.12,3,2022,1705130000000
13.12,4,2022,2300000000
13.12,5,2022,1420000000
13.12,6,2022,767510000000
13.12,7,2022,1470300000000
13.12,8,2022,576840000000
13.12,9,2022,65810000000
13.12,10,2022,917540000000
13.12,11,2022,218880000000
13.12,12,2022,172740000000
13.12,13,2022,6580000000
13.12,14,2022,394720000000
13.12,15,2022,296890000000
13.12,16,2022,159330000000
13.12,17,2022,73800000000
13.12,1,2023,5344050000000
13.12,2,2023,189650000000
13.12,3,2023,1736580000000
13.12,4,2023,2380000000
13.12,5,2023,1470000000
13.12,6,2023,812130000000
13.12,7,2023,1547280000000
13.12,8,2023,612540000000
13.12,9,2023,71120000000
13.12,10,2023,989780000000
13.12,11,2023,227030000000
13.12,12,2023,183990000000
13.12,13,2023,7040000000
13.12,14,2023,406170000000
13.12,15,2023,303230000000
13.12,16,2023,170550000000
13.12,17,2023,79890000000
13.12,1,2024,5527760000000
13.12,2,2024,198950000000
13.12,3,2024,1780860000000
13.12,4,2024,2490000000
13.12,5,2024,1490000000
13.12,6,2024,849570000000
13.12,7,2024,1622670000000
13.12,8,2024,645830000000
13.12,9,2024,76170000000
13.12,10,2024,1037680000000
13.12,11,2024,239820000000
13.12,12,2024,194580000000
13.12,13,2024,7380000000
13.12,14,2024,439770000000
13.12,15,2024,311110000000
13.12,16,2024,180450000000
13.12,17,2024,85770000000
13.12,1,2025,5794100000000
13.12,2,2025,197460000000
13.12,3,2025,1874800000000
13.12,4,2025,2540000000
13.12,5,2025,1460000000
13.12,6,2025,834650000000
13.12,7,2025,1678660000000
13.12,8,2025,654010000000
13.12,9,2025,78490000000
13.12,10,2025,1085050000000
13.12,11,2025,256510000000
13.12,12,2025,202450000000
13.12,13,2025,7680000000
13.12,14,2025,443990000000
13.12,15,2025,320490000000
13.12,16,2025,191860000000
13.12,17,2025,91630000000
13.71,1,2021,2143770000000
13.71,2,2021,1321360000000
13.71,3,2021,5687120000000
13.71,4,2021,42880000000
13.71,5,2021,75940000000
13.71,6,2021,4330790000000
13.71,7,2021,7890650000000
13.71,8,2021,7290450000000
13.71,9,2021,418670000000
13.71,10,2021,4993980000000
13.71,11,2021,2238200000000
13.71,12,2021,1352880000000
13.71,13,2021,632990000000
13.71,14,2021,2602100000000
13.71,15,2021,2330420000000
13.71,16,2021,850640000000
13.71,17,2021,1023800000000
13.71,1,2022,2193650000000
13.71,2,2022,1364790000000
13.71,3,2022,5710890000000
13.71,4,2022,44380000000
13.71,5,2022,77290000000
13.71,6,2022,4540330000000
13.71,7,2022,8447570000000
13.71,8,2022,7537770000000
13.71,9,2022,484160000000
13.71,10,2022,5349630000000
13.71,11,2022,2313990000000
13.71,12,2022,1430460000000
13.71,13,2022,673440000000
13.71,14,2022,2578310000000
13.71,15,2022,2392890000000
13.71,16,2022,888900000000
13.71,17,2022,1147510000000
13.71,1,2023,2279880000000
13.71,2,2023,1425350000000
13.71,3,2023,5752930000000
13.71,4,2023,46420000000
13.71,5,2023,79640000000
13.71,6,2023,4843720000000
13.71,7,2023,8867860000000
13.71,8,2023,7907130000000
13.71,9,2023,525480000000
13.71,10,2023,5753330000000
13.71,11,2023,2326610000000
13.71,12,2023,1523520000000
13.71,13,2023,717030000000
13.71,14,2023,2646590000000
13.71,15,2023,2434000000000
13.71,16,2023,952450000000
13.71,17,2023,1234230000000
13.71,1,2024,2341330000000
13.71,2,2024,1486590000000
13.71,3,2024,5855170000000
13.71,4,2024,48580000000
13.71,5,2024,81960000000
13.71,6,2024,5056750000000
13.71,7,2024,9261670000000
13.71,8,2024,8345200000000
13.71,9,2024,546930000000
13.71,10,2024,6060240000000
13.71,11,2024,2456650000000
13.71,12,2024,1616240000000
13.71,13,2024,754630000000
13.71,14,2024,2856680000000
13.71,15,2024,2512740000000
13.71,16,2024,1002610000000
13.71,17,2024,1327570000000
13.71,1,2025,2414410000000
13.71,2,2025,1520480000000
13.71,3,2025,6152680000000
13.71,4,2025,49150000000
13.71,5,2025,81760000000
13.71,6,2025,4982120000000
13.71,7,2025,9649200000000
13.71,8,2025,8428220000000
13.71,9,2025,560120000000
13.71,10,2025,6424040000000
13.71,11,2025,2648260000000
13.71,12,2025,1724700000000
13.71,13,2025,800850000000
13.71,14,2025,2947170000000
13.71,15,2025,2632740000000
13.71,16,2025,1068070000000
13.71,17,2025,1461330000000
13.72,1,2021,150690000000
13.72,2,2021,16720000000
13.72,3,2021,141920000000
13.72,4,2021,1480000000
13.72,5,2021,5550000000
13.72,6,2021,357350000000
13.72,7,2021,748960000000
13.72,8,2021,460600000000
13.72,9,2021,57420000000
13.72,10,2021,270250000000
13.72,11,2021,125890000000
13.72,12,2021,74170000000
13.72,13,2021,460000000
13.72,14,2021,237080000000
13.72,15,2021,159560000000
13.72,16,2021,48860000000
13.72,17,2021,79620000000
13.72,1,2022,155930000000
13.72,2,2022,17480000000
13.72,3,2022,144810000000
13.72,4,2022,1530000000
13.72,5,2022,5860000000
13.72,6,2022,369480000000
13.72,7,2022,791680000000
13.72,8,2022,477100000000
13.72,9,2022,65480000000
13.72,10,2022,286510000000
13.72,11,2022,132660000000
13.72,12,2022,78160000000
13.72,13,2022,490000000
13.72,14,2022,234810000000
13.72,15,2022,170600000000
13.72,16,2022,51050000000
13.72,17,2022,87960000000
13.72,1,2023,158800000000
13.72,2,2023,18140000000
13.72,3,2023,149550000000
13.72,4,2023,1590000000
13.72,5,2023,5990000000
13.72,6,2023,391880000000
13.72,7,2023,828870000000
13.72,8,2023,503550000000
13.72,9,2023,70770000000
13.72,10,2023,308200000000
13.72,11,2023,138380000000
13.72,12,2023,82870000000
13.72,13,2023,520000000
13.72,14,2023,237110000000
13.72,15,2023,173550000000
13.72,16,2023,54750000000
13.72,17,2023,94790000000
13.72,1,2024,160930000000
13.72,2,2024,18820000000
13.72,3,2024,153750000000
13.72,4,2024,1660000000
13.72,5,2024,6130000000
13.72,6,2024,407540000000
13.72,7,2024,865640000000
13.72,8,2024,524920000000
13.72,9,2024,75290000000
13.72,10,2024,323360000000
13.72,11,2024,148330000000
13.72,12,2024,87420000000
13.72,13,2024,550000000
13.72,14,2024,253990000000
13.72,15,2024,178590000000
13.72,16,2024,57350000000
13.72,17,2024,101500000000
13.72,1,2025,164240000000
13.72,2,2025,19160000000
13.72,3,2025,163540000000
13.72,4,2025,1660000000
13.72,5,2025,6110000000
13.72,6,2025,409320000000
13.72,7,2025,901520000000
13.72,8,2025,532320000000
13.72,9,2025,79370000000
13.72,10,2025,340710000000
13.72,11,2025,161150000000
13.72,12,2025,92100000000
13.72,13,2025,570000000
13.72,14,2025,259220000000
13.72,15,2025,185090000000
13.72,16,2025,61300000000
13.72,17,2025,109820000000
13.73,1,2021,235050000000
13.73,2,2021,147380000000
13.73,3,2021,318770000000
13.73,4,2021,57170000000
13.73,5,2021,10850000000
13.73,6,2021,295420000000
13.73,7,2021,458430000000
13.73,8,2021,243870000000
13.73,9,2021,50010000000
13.73,10,2021,280670000000
13.73,11,2021,94920000000
13.73,12,2021,49690000000
13.73,13,2021,3660000000
13.73,14,2021,331140000000
13.73,15,2021,88340000000
13.73,16,2021,35500000000
13.73,17,2021,128500000000
13.73,1,2022,246630000000
13.73,2,2022,142890000000
13.73,3,2022,326920000000
13.73,4,2022,58310000000
13.73,5,2022,10770000000
13.73,6,2022,304850000000
13.73,7,2022,481700000000
13.73,8,2022,252480000000
13.73,9,2022,55820000000
13.73,10,2022,296860000000
13.73,11,2022,100190000000
13.73,12,2022,52640000000
13.73,13,2022,3840000000
13.73,14,2022,337940000000
13.73,15,2022,91870000000
13.73,16,2022,37090000000
13.73,17,2022,140470000000
13.73,1,2023,252710000000
13.73,2,2023,141650000000
13.73,3,2023,343490000000
13.73,4,2023,60600000000
13.73,5,2023,11160000000
13.73,6,2023,322640000000
13.73,7,2023,505130000000
13.73,8,2023,266630000000
13.73,9,2023,59120000000
13.73,10,2023,319700000000
13.73,11,2023,103830000000
13.73,12,2023,55940000000
13.73,13,2023,4040000000
13.73,14,2023,341350000000
13.73,15,2023,93650000000
13.73,16,2023,39740000000
13.73,17,2023,150970000000
13.73,1,2024,256560000000
13.73,2,2024,132960000000
13.73,3,2024,354250000000
13.73,4,2024,63130000000
13.73,5,2024,11400000000
13.73,6,2024,334230000000
13.73,7,2024,530750000000
13.73,8,2024,280950000000
13.73,9,2024,62930000000
13.73,10,2024,334490000000
13.73,11,2024,108580000000
13.73,12,2024,58710000000
13.73,13,2024,4250000000
13.73,14,2024,360260000000
13.73,15,2024,96400000000
13.73,16,2024,41740000000
13.73,17,2024,164260000000
13.73,1,2025,262150000000
13.73,2,2025,137230000000
13.73,3,2025,375490000000
13.73,4,2025,63200000000
13.73,5,2025,11520000000
13.73,6,2025,329870000000
13.73,7,2025,554450000000
13.73,8,2025,285820000000
13.73,9,2025,65310000000
13.73,10,2025,351230000000
13.73,11,2025,116260000000
13.73,12,2025,61790000000
13.73,13,2025,4470000000
13.73,14,2025,367860000000
13.73,15,2025,100510000000
13.73,16,2025,41540000000
13.73,17,2025,176810000000
13.74,1,2021,129880000000
13.74,2,2021,6100000000
13.74,3,2021,241400000000
13.74,4,2021,1550000000
13.74,5,2021,6860000000
13.74,6,2021,238500000000
13.74,7,2021,482560000000
13.74,8,2021,336190000000
13.74,9,2021,56460000000
13.74,10,2021,321560000000
13.74,11,2021,106320000000
13.74,12,2021,90560000000
13.74,13,2021,1990000000
13.74,14,2021,230130000000
13.74,15,2021,234490000000
13.74,16,2021,40080000000
13.74,17,2021,106750000000
13.74,1,2022,136930000000
13.74,2,2022,6230000000
13.74,3,2022,247180000000
13.74,4,2022,1600000000
13.74,5,2022,7150000000
13.74,6,2022,244350000000
13.74,7,2022,508040000000
13.74,8,2022,346920000000
13.74,9,2022,62370000000
13.74,10,2022,342550000000
13.74,11,2022,111130000000
13.74,12,2022,95470000000
13.74,13,2022,2120000000
13.74,14,2022,227700000000
13.74,15,2022,246710000000
13.74,16,2022,41860000000
13.74,17,2022,118520000000
13.74,1,2023,139490000000
13.74,2,2023,6510000000
13.74,3,2023,259020000000
13.74,4,2023,1660000000
13.74,5,2023,7310000000
13.74,6,2023,260060000000
13.74,7,2023,529840000000
13.74,8,2023,366440000000
13.74,9,2023,66440000000
13.74,10,2023,368270000000
13.74,11,2023,115100000000
13.74,12,2023,101350000000
13.74,13,2023,2260000000
13.74,14,2023,232040000000
13.74,15,2023,250960000000
13.74,16,2023,44970000000
13.74,17,2023,128150000000
13.74,1,2024,139690000000
13.74,2,2024,6680000000
13.74,3,2024,264370000000
13.74,4,2024,1720000000
13.74,5,2024,7610000000
13.74,6,2024,272430000000
13.74,7,2024,550930000000
13.74,8,2024,379520000000
13.74,9,2024,71390000000
13.74,10,2024,388990000000
13.74,11,2024,122940000000
13.74,12,2024,107230000000
13.74,13,2024,2360000000
13.74,14,2024,251060000000
13.74,15,2024,257700000000
13.74,16,2024,47030000000
13.74,17,2024,138290000000
13.74,1,2025,145190000000
13.74,2,2025,6770000000
13.74,3,2025,280020000000
13.74,4,2025,1710000000
13.74,5,2025,7480000000
13.74,6,2025,270700000000
13.74,7,2025,574480000000
13.74,8,2025,384900000000
13.74,9,2025,74890000000
13.74,10,2025,408690000000
13.74,11,2025,131610000000
13.74,12,2025,113290000000
13.74,13,2025,2480000000
13.74,14,2025,250410000000
13.74,15,2025,266100000000
13.74,16,2025,48880000000
13.74,17,2025,150980000000
13.75,1,2021,72080000000
13.75,2,2021,120000000
13.75,3,2021,364280000000
13.75,4,2021,42080000000
13.75,5,2021,8960000000
13.75,6,2021,403950000000
13.75,7,2021,2102550000000
13.75,8,2021,687210000000
13.75,9,2021,232870000000
13.75,10,2021,595990000000
13.75,11,2021,356420000000
13.75,12,2021,202980000000
13.75,13,2021,39720000000
13.75,14,2021,337760000000
13.75,15,2021,352540000000
13.75,16,2021,242840000000
13.75,17,2021,220690000000
13.75,1,2022,74060000000
13.75,2,2022,120000000
13.75,3,2022,376360000000
13.75,4,2022,43610000000
13.75,5,2022,8950000000
13.75,6,2022,411730000000
13.75,7,2022,2205960000000
13.75,8,2022,707900000000
13.75,9,2022,264800000000
13.75,10,2022,634030000000
13.75,11,2022,370970000000
13.75,12,2022,212970000000
13.75,13,2022,42480000000
13.75,14,2022,335670000000
13.75,15,2022,364490000000
13.75,16,2022,252780000000
13.75,17,2022,248470000000
13.75,1,2023,74400000000
13.75,2,2023,120000000
13.75,3,2023,400110000000
13.75,4,2023,45200000000
13.75,5,2023,9170000000
13.75,6,2023,436210000000
13.75,7,2023,2301980000000
13.75,8,2023,748500000000
13.75,9,2023,278470000000
13.75,10,2023,676500000000
13.75,11,2023,380550000000
13.75,12,2023,225230000000
13.75,13,2023,45370000000
13.75,14,2023,340450000000
13.75,15,2023,370020000000
13.75,16,2023,270050000000
13.75,17,2023,267070000000
13.75,1,2024,74860000000
13.75,2,2024,120000000
13.75,3,2024,412050000000
13.75,4,2024,47260000000
13.75,5,2024,9590000000
13.75,6,2024,452080000000
13.75,7,2024,2402870000000
13.75,8,2024,785820000000
13.75,9,2024,284330000000
13.75,10,2024,704940000000
13.75,11,2024,405540000000
13.75,12,2024,237980000000
13.75,13,2024,47620000000
13.75,14,2024,367520000000
13.75,15,2024,380770000000
13.75,16,2024,284850000000
13.75,17,2024,282020000000
13.75,1,2025,75640000000
13.75,2,2025,120000000
13.75,3,2025,430600000000
13.75,4,2025,47490000000
13.75,5,2025,9390000000
13.75,6,2025,446390000000
13.75,7,2025,2487950000000
13.75,8,2025,796320000000
13.75,9,2025,291100000000
13.75,10,2025,740850000000
13.75,11,2025,430310000000
13.75,12,2025,248120000000
13.75,13,2025,49330000000
13.75,14,2025,375540000000
13.75,15,2025,397940000000
13.75,16,2025,305200000000
13.75,17,2025,303410000000
13.76,1,2021,278090000000
13.76,2,2021,22800000000
13.76,3,2021,241850000000
13.76,4,2021,2660000000
13.76,5,2021,14340000000
13.76,6,2021,567570000000
13.76,7,2021,1090710000000
13.76,8,2021,581890000000
13.76,9,2021,117940000000
13.76,10,2021,507320000000
13.76,11,2021,273360000000
13.76,12,2021,125200000000
13.76,13,2021,11490000000
13.76,14,2021,302920000000
13.76,15,2021,205300000000
13.76,16,2021,81220000000
13.76,17,2021,147520000000
13.76,1,2022,285080000000
13.76,2,2022,23850000000
13.76,3,2022,247000000000
13.76,4,2022,2740000000
13.76,5,2022,15230000000
13.76,6,2022,586670000000
13.76,7,2022,1151250000000
13.76,8,2022,600620000000
13.76,9,2022,135760000000
13.76,10,2022,541810000000
13.76,11,2022,284330000000
13.76,12,2022,131620000000
13.76,13,2022,12260000000
13.76,14,2022,299710000000
13.76,15,2022,216180000000
13.76,16,2022,84800000000
13.76,17,2022,159450000000
13.76,1,2023,287630000000
13.76,2,2023,24540000000
13.76,3,2023,253720000000
13.76,4,2023,2840000000
13.76,5,2023,15700000000
13.76,6,2023,620940000000
13.76,7,2023,1204950000000
13.76,8,2023,634180000000
13.76,9,2023,145210000000
13.76,10,2023,580160000000
13.76,11,2023,293480000000
13.76,12,2023,139440000000
13.76,13,2023,13060000000
13.76,14,2023,305350000000
13.76,15,2023,219770000000
13.76,16,2023,90600000000
13.76,17,2023,171130000000
13.76,1,2024,287530000000
13.76,2,2024,25000000000
13.76,3,2024,261300000000
13.76,4,2024,2970000000
13.76,5,2024,15970000000
13.76,6,2024,643870000000
13.76,7,2024,1259100000000
13.76,8,2024,660240000000
13.76,9,2024,154990000000
13.76,10,2024,607980000000
13.76,11,2024,314190000000
13.76,12,2024,147260000000
13.76,13,2024,13680000000
13.76,14,2024,330720000000
13.76,15,2024,226590000000
13.76,16,2024,95480000000
13.76,17,2024,182570000000
13.76,1,2025,291740000000
13.76,2,2025,25080000000
13.76,3,2025,281830000000
13.76,4,2025,2970000000
13.76,5,2025,16090000000
13.76,6,2025,645820000000
13.76,7,2025,1309190000000
13.76,8,2025,662060000000
13.76,9,2025,161940000000
13.76,10,2025,640650000000
13.76,11,2025,337560000000
13.76,12,2025,155820000000
13.76,13,2025,14290000000
13.76,14,2025,334970000000
13.76,15,2025,235320000000
13.76,16,2025,102300000000
13.76,17,2025,197340000000
13.77,1,2021,604980000000
13.77,2,2021,62380000000
13.77,3,2021,273290000000
13.77,4,2021,1980000000
13.77,5,2021,1310000000
13.77,6,2021,527590000000
13.77,7,2021,573240000000
13.77,8,2021,361890000000
13.77,9,2021,61640000000
13.77,10,2021,386370000000
13.77,11,2021,103400000000
13.77,12,2021,101680000000
13.77,13,2021,5040000000
13.77,14,2021,199910000000
13.77,15,2021,149730000000
13.77,16,2021,48140000000
13.77,17,2021,105740000000
13.77,1,2022,612260000000
13.77,2,2022,64040000000
13.77,3,2022,279600000000
13.77,4,2022,2040000000
13.77,5,2022,1380000000
13.77,6,2022,538970000000
13.77,7,2022,599890000000
13.77,8,2022,379330000000
13.77,9,2022,67780000000
13.77,10,2022,410060000000
13.77,11,2022,107840000000
13.77,12,2022,107290000000
13.77,13,2022,5360000000
13.77,14,2022,197830000000
13.77,15,2022,160900000000
13.77,16,2022,50740000000
13.77,17,2022,118590000000
13.77,1,2023,639280000000
13.77,2,2023,65360000000
13.77,3,2023,287590000000
13.77,4,2023,2140000000
13.77,5,2023,1460000000
13.77,6,2023,550410000000
13.77,7,2023,629220000000
13.77,8,2023,396370000000
13.77,9,2023,78110000000
13.77,10,2023,436750000000
13.77,11,2023,110070000000
13.77,12,2023,113840000000
13.77,13,2023,5670000000
13.77,14,2023,200260000000
13.77,15,2023,164130000000
13.77,16,2023,54440000000
13.77,17,2023,128240000000
13.77,1,2024,666270000000
13.77,2,2024,68090000000
13.77,3,2024,296870000000
13.77,4,2024,2220000000
13.77,5,2024,1460000000
13.77,6,2024,580800000000
13.77,7,2024,656600000000
13.77,8,2024,415020000000
13.77,9,2024,83520000000
13.77,10,2024,471370000000
13.77,11,2024,118180000000
13.77,12,2024,120310000000
13.77,13,2024,5920000000
13.77,14,2024,217220000000
13.77,15,2024,170500000000
13.77,16,2024,57180000000
13.77,17,2024,139130000000
13.77,1,2025,697480000000
13.77,2,2025,72190000000
13.77,3,2025,325360000000
13.77,4,2025,2270000000
13.77,5,2025,1460000000
13.77,6,2025,601740000000
13.77,7,2025,716780000000
13.77,8,2025,441040000000
13.77,9,2025,93450000000
13.77,10,2025,518910000000
13.77,11,2025,127180000000
13.77,12,2025,127370000000
13.77,13,2025,6260000000
13.77,14,2025,223240000000
13.77,15,2025,177390000000
13.77,16,2025,61090000000
13.77,17,2025,152170000000
14.01,1,2021,18164320000000
14.01,2,2021,10566700000000
14.01,3,2021,16568640000000
14.01,4,2021,30700000000
14.01,5,2021,3140000000
14.01,6,2021,3527060000000
14.01,7,2021,1690370000000
14.01,8,2021,165800000000
14.01,9,2021,42800000000
14.01,10,2021,262930000000
14.01,11,2021,261120000000
14.01,12,2021,540930000000
14.01,13,2021,1610000000
14.01,14,2021,806240000000
14.01,15,2021,289770000000
14.01,16,2021,122840000000
14.01,17,2021,148880000000
14.01,1,2022,19030190000000
14.01,2,2022,10877830000000
14.01,3,2022,17297390000000
14.01,4,2022,33810000000
14.01,5,2022,3390000000
14.01,6,2022,3827130000000
14.01,7,2022,1926050000000
14.01,8,2022,198030000000
14.01,9,2022,47010000000
14.01,10,2022,280610000000
14.01,11,2022,271060000000
14.01,12,2022,572780000000
14.01,13,2022,1820000000
14.01,14,2022,803180000000
14.01,15,2022,301270000000
14.01,16,2022,125850000000
14.01,17,2022,167740000000
14.01,1,2023,20086920000000
14.01,2,2023,11155810000000
14.01,3,2023,17789060000000
14.01,4,2023,35560000000
14.01,5,2023,3600000000
14.01,6,2023,4147890000000
14.01,7,2023,2030470000000
14.01,8,2023,209430000000
14.01,9,2023,49310000000
14.01,10,2023,300670000000
14.01,11,2023,281900000000
14.01,12,2023,595300000000
14.01,13,2023,1980000000
14.01,14,2023,801290000000
14.01,15,2023,312520000000
14.01,16,2023,134580000000
14.01,17,2023,180220000000
14.01,1,2024,20578980000000
14.01,2,2024,11276280000000
14.01,3,2024,18231390000000
14.01,4,2024,37700000000
14.01,5,2024,3760000000
14.01,6,2024,4392400000000
14.01,7,2024,2133930000000
14.01,8,2024,226460000000
14.01,9,2024,54070000000
14.01,10,2024,322830000000
14.01,11,2024,285550000000
14.01,12,2024,614700000000
14.01,13,2024,2110000000
14.01,14,2024,873920000000
14.01,15,2024,326260000000
14.01,16,2024,143570000000
14.01,17,2024,191190000000
14.01,1,2025,21751730000000
14.01,2,2025,11415300000000
14.01,3,2025,19402900000000
14.01,4,2025,38630000000
14.01,5,2025,3960000000
14.01,6,2025,4640200000000
14.01,7,2025,2230130000000
14.01,8,2025,239110000000
14.01,9,2025,56670000000
14.01,10,2025,340910000000
14.01,11,2025,295290000000
14.01,12,2025,636730000000
14.01,13,2025,2290000000
14.01,14,2025,920790000000
14.01,15,2025,354550000000
14.01,16,2025,155670000000
14.01,17,2025,209270000000
14.02,1,2021,9539190000000
14.02,2,2021,2490750000000
14.02,3,2021,9876290000000
14.02,4,2021,17240000000
14.02,5,2021,15840000000
14.02,6,2021,3832300000000
14.02,7,2021,2904110000000
14.02,8,2021,271070000000
14.02,9,2021,220810000000
14.02,10,2021,267410000000
14.02,11,2021,274750000000
14.02,12,2021,382630000000
14.02,13,2021,850000000
14.02,14,2021,513010000000
14.02,15,2021,226170000000
14.02,16,2021,71060000000
14.02,17,2021,199510000000
14.02,1,2022,9844050000000
14.02,2,2022,2625330000000
14.02,3,2022,10256830000000
14.02,4,2022,18130000000
14.02,5,2022,16420000000
14.02,6,2022,3983680000000
14.02,7,2022,3221190000000
14.02,8,2022,314010000000
14.02,9,2022,244260000000
14.02,10,2022,284090000000
14.02,11,2022,288200000000
14.02,12,2022,403520000000
14.02,13,2022,890000000
14.02,14,2022,510640000000
14.02,15,2022,235150000000
14.02,16,2022,72800000000
14.02,17,2022,224470000000
14.02,1,2023,10233690000000
14.02,2,2023,2706020000000
14.02,3,2023,10501020000000
14.02,4,2023,19570000000
14.02,5,2023,17240000000
14.02,6,2023,4367830000000
14.02,7,2023,3425720000000
14.02,8,2023,334450000000
14.02,9,2023,255940000000
14.02,10,2023,304070000000
14.02,11,2023,295780000000
14.02,12,2023,419980000000
14.02,13,2023,910000000
14.02,14,2023,525170000000
14.02,15,2023,247100000000
14.02,16,2023,76970000000
14.02,17,2023,239560000000
14.02,1,2024,10509000000000
14.02,2,2024,2773500000000
14.02,3,2024,10743500000000
14.02,4,2024,19600000000
14.02,5,2024,16900000000
14.02,6,2024,4671200000000
14.02,7,2024,3674600000000
14.02,8,2024,358500000000
14.02,9,2024,270100000000
14.02,10,2024,325000000000
14.02,11,2024,296900000000
14.02,12,2024,427000000000
14.02,13,2024,1000000000
14.02,14,2024,577000000000
14.02,15,2024,253400000000
14.02,16,2024,79100000000
14.02,17,2024,247000000000
14.02,1,2025,11225430000000
14.02,2,2025,2768650000000
14.02,3,2025,11290410000000
14.02,4,2025,19620000000
14.02,5,2025,17540000000
14.02,6,2025,4704280000000
14.02,7,2025,3943810000000
14.02,8,2025,374330000000
14.02,9,2025,275110000000
14.02,10,2025,343210000000
14.02,11,2025,314980000000
14.02,12,2025,443280000000
14.02,13,2025,1030000000
14.02,14,2025,610190000000
14.02,15,2025,273090000000
14.02,16,2025,88160000000
14.02,17,2025,264770000000
14.03,1,2021,9961000000000
14.03,2,2021,38973000000000
14.03,3,2021,15260000000000
14.03,4,2021,21000000000
14.03,5,2021,13000000000
14.03,6,2021,2460000000000
14.03,7,2021,4812000000000
14.03,8,2021,188000000000
14.03,9,2021,190000000000
14.03,10,2021,458000000000
14.03,11,2021,259000000000
14.03,12,2021,275000000000
14.03,13,2021,3000000000
14.03,14,2021,827000000000
14.03,15,2021,251000000000
14.03,16,2021,88000000000
14.03,17,2021,191000000000
14.03,1,2022,10064000000000
14.03,2,2022,38898000000000
14.03,3,2022,15888000000000
14.03,4,2022,23000000000
14.03,5,2022,13000000000
14.03,6,2022,2627000000000
14.03,7,2022,5407000000000
14.03,8,2022,217000000000
14.03,9,2022,215000000000
14.03,10,2022,486000000000
14.03,11,2022,269000000000
14.03,12,2022,292000000000
14.03,13,2022,3000000000
14.03,14,2022,900000000000
14.03,15,2022,259000000000
14.03,16,2022,89000000000
14.03,17,2022,228000000000
14.03,1,2023,10455000000000
14.03,2,2023,39707000000000
14.03,3,2023,16081000000000
14.03,4,2023,24000000000
14.03,5,2023,15000000000
14.03,6,2023,2837000000000
14.03,7,2023,5718000000000
14.03,8,2023,228000000000
14.03,9,2023,223000000000
14.03,10,2023,530000000000
14.03,11,2023,281000000000
14.03,12,2023,301000000000
14.03,13,2023,3000000000
14.03,14,2023,970000000000
14.03,15,2023,267000000000
14.03,16,2023,95000000000
14.03,17,2023,243000000000
14.03,1,2024,10575000000000
14.03,2,2024,39785000000000
14.03,3,2024,16089000000000
14.03,4,2024,27000000000
14.03,5,2024,15000000000
14.03,6,2024,3052000000000
14.03,7,2024,5796000000000
14.03,8,2024,241000000000
14.03,9,2024,250000000000
14.03,10,2024,567000000000
14.03,11,2024,286000000000
14.03,12,2024,313000000000
14.03,13,2024,4000000000
14.03,14,2024,1063000000000
14.03,15,2024,282000000000
14.03,16,2024,99000000000
14.03,17,2024,257000000000
14.03,1,2025,10941000000000
14.03,2,2025,39572000000000
14.03,3,2025,17446000000000
14.03,4,2025,25000000000
14.03,5,2025,15000000000
14.03,6,2025,3325000000000
14.03,7,2025,6074000000000
14.03,8,2025,258000000000
14.03,9,2025,265000000000
14.03,10,2025,628000000000
14.03,11,2025,305000000000
14.03,12,2025,336000000000
14.03,13,2025,4000000000
14.03,14,2025,1131000000000
14.03,15,2025,313000000000
14.03,16,2025,99000000000
14.03,17,2025,269000000000
14.04,1,2021,22009420000000
14.04,2,2021,542810000000
14.04,3,2021,13016270000000
14.04,4,2021,22530000000
14.04,5,2021,7200000000
14.04,6,2021,2362380000000
14.04,7,2021,6176450000000
14.04,8,2021,390430000000
14.04,9,2021,192610000000
14.04,10,2021,345630000000
14.04,11,2021,263480000000
14.04,12,2021,380690000000
14.04,13,2021,1090000000
14.04,14,2021,753310000000
14.04,15,2021,234600000000
14.04,16,2021,79410000000
14.04,17,2021,172060000000
14.04,1,2022,22964640000000
14.04,2,2022,696120000000
14.04,3,2022,13625320000000
14.04,4,2022,24640000000
14.04,5,2022,7410000000
14.04,6,2022,2491910000000
14.04,7,2022,6653100000000
14.04,8,2022,425840000000
14.04,9,2022,215890000000
14.04,10,2022,361310000000
14.04,11,2022,273950000000
14.04,12,2022,397340000000
14.04,13,2022,1260000000
14.04,14,2022,756990000000
14.04,15,2022,242160000000
14.04,16,2022,80370000000
14.04,17,2022,198680000000
14.04,1,2023,23643490000000
14.04,2,2023,723760000000
14.04,3,2023,13791120000000
14.04,4,2023,25250000000
14.04,5,2023,6800000000
14.04,6,2023,2872720000000
14.04,7,2023,6824120000000
14.04,8,2023,459070000000
14.04,9,2023,241870000000
14.04,10,2023,374140000000
14.04,11,2023,279670000000
14.04,12,2023,411070000000
14.04,13,2023,1280000000
14.04,14,2023,770980000000
14.04,15,2023,249830000000
14.04,16,2023,90930000000
14.04,17,2023,218910000000
14.04,1,2024,23890610000000
14.04,2,2024,734660000000
14.04,3,2024,14411070000000
14.04,4,2024,26950000000
14.04,5,2024,7010000000
14.04,6,2024,2978770000000
14.04,7,2024,7225320000000
14.04,8,2024,491610000000
14.04,9,2024,253880000000
14.04,10,2024,395220000000
14.04,11,2024,282230000000
14.04,12,2024,422540000000
14.04,13,2024,1330000000
14.04,14,2024,845730000000
14.04,15,2024,255910000000
14.04,16,2024,108090000000
14.04,17,2024,232660000000
14.04,1,2025,24790200000000
14.04,2,2025,701260000000
14.04,3,2025,14999940000000
14.04,4,2025,27280000000
14.04,5,2025,7260000000
14.04,6,2025,3190860000000
14.04,7,2025,7598730000000
14.04,8,2025,511240000000
14.04,9,2025,261960000000
14.04,10,2025,413440000000
14.04,11,2025,285890000000
14.04,12,2025,434790000000
14.04,13,2025,1410000000
14.04,14,2025,892170000000
14.04,15,2025,273020000000
14.04,16,2025,113940000000
14.04,17,2025,265270000000
14.05,1,2021,13732650000000
14.05,2,2021,594900000000
14.05,3,2021,19121030000000
14.05,4,2021,11770000000
14.05,5,2021,2390000000
14.05,6,2021,792770000000
14.05,7,2021,900730000000
14.05,8,2021,68280000000
14.05,9,2021,51780000000
14.05,10,2021,231880000000
14.05,11,2021,191280000000
14.05,12,2021,219400000000
14.05,13,2021,320000000
14.05,14,2021,368330000000
14.05,15,2021,107010000000
14.05,16,2021,56890000000
14.05,17,2021,87410000000
14.05,1,2022,14161750000000
14.05,2,2022,597550000000
14.05,3,2022,20021650000000
14.05,4,2022,13140000000
14.05,5,2022,2500000000
14.05,6,2022,850080000000
14.05,7,2022,1019210000000
14.05,8,2022,81170000000
14.05,9,2022,58740000000
14.05,10,2022,244870000000
14.05,11,2022,198740000000
14.05,12,2022,232920000000
14.05,13,2022,360000000
14.05,14,2022,387740000000
14.05,15,2022,110630000000
14.05,16,2022,57650000000
14.05,17,2022,102390000000
14.05,1,2023,14605730000000
14.05,2,2023,611490000000
14.05,3,2023,21140360000000
14.05,4,2023,14170000000
14.05,5,2023,2700000000
14.05,6,2023,926970000000
14.05,7,2023,1085760000000
14.05,8,2023,85320000000
14.05,9,2023,61260000000
14.05,10,2023,259570000000
14.05,11,2023,206290000000
14.05,12,2023,241580000000
14.05,13,2023,380000000
14.05,14,2023,403920000000
14.05,15,2023,114590000000
14.05,16,2023,61540000000
14.05,17,2023,109230000000
14.05,1,2024,14996930000000
14.05,2,2024,612820000000
14.05,3,2024,22267370000000
14.05,4,2024,15180000000
14.05,5,2024,2830000000
14.05,6,2024,981770000000
14.05,7,2024,1156040000000
14.05,8,2024,91280000000
14.05,9,2024,67320000000
14.05,10,2024,275830000000
14.05,11,2024,209400000000
14.05,12,2024,250360000000
14.05,13,2024,420000000
14.05,14,2024,439780000000
14.05,15,2024,119610000000
14.05,16,2024,65250000000
14.05,17,2024,118020000000
14.05,1,2025,15490250000000
14.05,2,2025,613400000000
14.05,3,2025,23660850000000
14.05,4,2025,15400000000
14.05,5,2025,3010000000
14.05,6,2025,1023970000000
14.05,7,2025,1223190000000
14.05,8,2025,95000000000
14.05,9,2025,68980000000
14.05,10,2025,287600000000
14.05,11,2025,215390000000
14.05,12,2025,259870000000
14.05,13,2025,450000000
14.05,14,2025,451440000000
14.05,15,2025,129850000000
14.05,16,2025,68270000000
14.05,17,2025,129990000000
14.06,1,2021,14416170000000
14.06,2,2021,942530000000
14.06,3,2021,7466450000000
14.06,4,2021,20590000000
14.06,5,2021,1770000000
14.06,6,2021,776660000000
14.06,7,2021,1212160000000
14.06,8,2021,123380000000
14.06,9,2021,61600000000
14.06,10,2021,328490000000
14.06,11,2021,236840000000
14.06,12,2021,168290000000
14.06,13,2021,970000000
14.06,14,2021,732680000000
14.06,15,2021,100810000000
14.06,16,2021,56910000000
14.06,17,2021,104630000000
14.06,1,2022,15141340000000
14.06,2,2022,959880000000
14.06,3,2022,7791430000000
14.06,4,2022,21670000000
14.06,5,2022,1830000000
14.06,6,2022,830720000000
14.06,7,2022,1366080000000
14.06,8,2022,143290000000
14.06,9,2022,67910000000
14.06,10,2022,341100000000
14.06,11,2022,244560000000
14.06,12,2022,175960000000
14.06,13,2022,1090000000
14.06,14,2022,727770000000
14.06,15,2022,104750000000
14.06,16,2022,58680000000
14.06,17,2022,115630000000
14.06,1,2023,15712230000000
14.06,2,2023,974960000000
14.06,3,2023,8047500000000
14.06,4,2023,23180000000
14.06,5,2023,1900000000
14.06,6,2023,897000000000
14.06,7,2023,1521300000000
14.06,8,2023,152010000000
14.06,9,2023,70500000000
14.06,10,2023,360400000000
14.06,11,2023,253600000000
14.06,12,2023,181500000000
14.06,13,2023,1200000000
14.06,14,2023,757900000000
14.06,15,2023,108500000000
14.06,16,2023,64300000000
14.06,17,2023,122800000000
14.06,1,2024,15975800000000
14.06,2,2024,999000000000
14.06,3,2024,8226000000000
14.06,4,2024,24900000000
14.06,5,2024,2000000000
14.06,6,2024,947500000000
14.06,7,2024,1597300000000
14.06,8,2024,163900000000
14.06,9,2024,77700000000
14.06,10,2024,386300000000
14.06,11,2024,262300000000
14.06,12,2024,188600000000
14.06,13,2024,1300000000
14.06,14,2024,878800000000
14.06,15,2024,113000000000
14.06,16,2024,67800000000
14.06,17,2024,130400000000
14.06,1,2025,17086830000000
14.06,2,2025,1005790000000
14.06,3,2025,8843800000000
14.06,4,2025,25570000000
14.06,5,2025,2050000000
14.06,6,2025,990760000000
14.06,7,2025,1758340000000
14.06,8,2025,170910000000
14.06,9,2025,79610000000
14.06,10,2025,398570000000
14.06,11,2025,267550000000
14.06,12,2025,193350000000
14.06,13,2025,1360000000
14.06,14,2025,924690000000
14.06,15,2025,118450000000
14.06,16,2025,72350000000
14.06,17,2025,141760000000
14.07,1,2021,18006290000000
14.07,2,2021,13233860000000
14.07,3,2021,11137710000000
14.07,4,2021,12710000000
14.07,5,2021,3630000000
14.07,6,2021,614730000000
14.07,7,2021,2398540000000
14.07,8,2021,68250000000
14.07,9,2021,83470000000
14.07,10,2021,160590000000
14.07,11,2021,177800000000
14.07,12,2021,191890000000
14.07,13,2021,90000000
14.07,14,2021,358360000000
14.07,15,2021,146190000000
14.07,16,2021,42180000000
14.07,17,2021,89750000000
14.07,1,2022,18411020000000
14.07,2,2022,13257920000000
14.07,3,2022,11585980000000
14.07,4,2022,13670000000
14.07,5,2022,3760000000
14.07,6,2022,639480000000
14.07,7,2022,2651870000000
14.07,8,2022,75680000000
14.07,9,2022,91410000000
14.07,10,2022,167190000000
14.07,11,2022,184970000000
14.07,12,2022,199330000000
14.07,13,2022,100000000
14.07,14,2022,386350000000
14.07,15,2022,149280000000
14.07,16,2022,43070000000
14.07,17,2022,100710000000
14.07,1,2023,18922660000000
14.07,2,2023,13525030000000
14.07,3,2023,11870360000000
14.07,4,2023,14710000000
14.07,5,2023,3970000000
14.07,6,2023,694920000000
14.07,7,2023,2816260000000
14.07,8,2023,79880000000
14.07,9,2023,95280000000
14.07,10,2023,179100000000
14.07,11,2023,191210000000
14.07,12,2023,206680000000
14.07,13,2023,110000000
14.07,14,2023,412330000000
14.07,15,2023,153570000000
14.07,16,2023,46020000000
14.07,17,2023,107890000000
14.07,1,2024,19228850000000
14.07,2,2024,13540110000000
14.07,3,2024,12070440000000
14.07,4,2024,15810000000
14.07,5,2024,4110000000
14.07,6,2024,738840000000
14.07,7,2024,2986470000000
14.07,8,2024,85050000000
14.07,9,2024,105930000000
14.07,10,2024,191730000000
14.07,11,2024,193680000000
14.07,12,2024,213420000000
14.07,13,2024,120000000
14.07,14,2024,455000000000
14.07,15,2024,159650000000
14.07,16,2024,48160000000
14.07,17,2024,115750000000
14.07,1,2025,20005720000000
14.07,2,2025,13589310000000
14.07,3,2025,12834340000000
14.07,4,2025,16630000000
14.07,5,2025,4310000000
14.07,6,2025,783610000000
14.07,7,2025,3141440000000
14.07,8,2025,88510000000
14.07,9,2025,110240000000
14.07,10,2025,200730000000
14.07,11,2025,200850000000
14.07,12,2025,220640000000
14.07,13,2025,130000000
14.07,14,2025,484250000000
14.07,15,2025,168750000000
14.07,16,2025,52690000000
14.07,17,2025,125200000000
14.08,1,2021,13749550000000
14.08,2,2021,9870510000000
14.08,3,2021,25316750000000
14.08,4,2021,4850000000
14.08,5,2021,2550000000
14.08,6,2021,2456230000000
14.08,7,2021,1136840000000
14.08,8,2021,66020000000
14.08,9,2021,23130000000
14.08,10,2021,188520000000
14.08,11,2021,221090000000
14.08,12,2021,255940000000
14.08,13,2021,2520000000
14.08,14,2021,526420000000
14.08,15,2021,301710000000
14.08,16,2021,145730000000
14.08,17,2021,274960000000
14.08,1,2022,14173030000000
14.08,2,2022,10004040000000
14.08,3,2022,26394350000000
14.08,4,2022,5390000000
14.08,5,2022,2630000000
14.08,6,2022,2596340000000
14.08,7,2022,1283790000000
14.08,8,2022,75260000000
14.08,9,2022,26180000000
14.08,10,2022,199590000000
14.08,11,2022,229240000000
14.08,12,2022,268210000000
14.08,13,2022,2870000000
14.08,14,2022,560390000000
14.08,15,2022,314050000000
14.08,16,2022,148600000000
14.08,17,2022,322020000000
14.08,1,2023,14702450000000
14.08,2,2023,10202540000000
14.08,3,2023,27676910000000
14.08,4,2023,5870000000
14.08,5,2023,2770000000
14.08,6,2023,2845210000000
14.08,7,2023,1372990000000
14.08,8,2023,80010000000
14.08,9,2023,27640000000
14.08,10,2023,212780000000
14.08,11,2023,237960000000
14.08,12,2023,279110000000
14.08,13,2023,3060000000
14.08,14,2023,593650000000
14.08,15,2023,325710000000
14.08,16,2023,158510000000
14.08,17,2023,342880000000
14.08,1,2024,15107550000000
14.08,2,2024,10258420000000
14.08,3,2024,29336110000000
14.08,4,2024,6380000000
14.08,5,2024,2890000000
14.08,6,2024,3044770000000
14.08,7,2024,1473100000000
14.08,8,2024,86350000000
14.08,9,2024,30460000000
14.08,10,2024,229120000000
14.08,11,2024,241280000000
14.08,12,2024,290420000000
14.08,13,2024,3330000000
14.08,14,2024,662380000000
14.08,15,2024,340230000000
14.08,16,2024,169250000000
14.08,17,2024,369450000000
14.08,1,2025,16040020000000
14.08,2,2025,10487990000000
14.08,3,2025,31435760000000
14.08,4,2025,6510000000
14.08,5,2025,3000000000
14.08,6,2025,3201460000000
14.08,7,2025,1559950000000
14.08,8,2025,90970000000
14.08,9,2025,32040000000
14.08,10,2025,240590000000
14.08,11,2025,250380000000
14.08,12,2025,300830000000
14.08,13,2025,3670000000
14.08,14,2025,674580000000
14.08,15,2025,356220000000
14.08,16,2025,182580000000
14.08,17,2025,406710000000
14.09,1,2021,12256950000000
14.09,2,2021,890000000000
14.09,3,2021,7713560000000
14.09,4,2021,10410000000
14.09,5,2021,4930000000
14.09,6,2021,1648230000000
14.09,7,2021,835120000000
14.09,8,2021,103540000000
14.09,9,2021,46340000000
14.09,10,2021,109260000000
14.09,11,2021,130540000000
14.09,12,2021,168480000000
14.09,13,2021,180000000
14.09,14,2021,555560000000
14.09,15,2021,134820000000
14.09,16,2021,49200000000
14.09,17,2021,90520000000
14.09,1,2022,12622010000000
14.09,2,2022,1080390000000
14.09,3,2022,8044110000000
14.09,4,2022,12470000000
14.09,5,2022,4940000000
14.09,6,2022,1767060000000
14.09,7,2022,935030000000
14.09,8,2022,123770000000
14.09,9,2022,51220000000
14.09,10,2022,116660000000
14.09,11,2022,137000000000
14.09,12,2022,176920000000
14.09,13,2022,200000000
14.09,14,2022,559450000000
14.09,15,2022,140070000000
14.09,16,2022,50370000000
14.09,17,2022,102040000000
14.09,1,2023,12978720000000
14.09,2,2023,1142110000000
14.09,3,2023,8065280000000
14.09,4,2023,13450000000
14.09,5,2023,5000000000
14.09,6,2023,1920780000000
14.09,7,2023,995110000000
14.09,8,2023,132460000000
14.09,9,2023,58830000000
14.09,10,2023,125420000000
14.09,11,2023,142540000000
14.09,12,2023,184790000000
14.09,13,2023,210000000
14.09,14,2023,588560000000
14.09,15,2023,145370000000
14.09,16,2023,59000000000
14.09,17,2023,109950000000
14.09,1,2024,13212660000000
14.09,2,2024,1203520000000
14.09,3,2024,8241650000000
14.09,4,2024,14620000000
14.09,5,2024,5230000000
14.09,6,2024,2082160000000
14.09,7,2024,1081380000000
14.09,8,2024,143560000000
14.09,9,2024,63680000000
14.09,10,2024,135080000000
14.09,11,2024,144860000000
14.09,12,2024,191940000000
14.09,13,2024,240000000
14.09,14,2024,642950000000
14.09,15,2024,152000000000
14.09,16,2024,68140000000
14.09,17,2024,115300000000
14.09,1,2025,13910790000000
14.09,2,2025,1159650000000
14.09,3,2025,8780540000000
14.09,4,2025,14890000000
14.09,5,2025,5230000000
14.09,6,2025,2215760000000
14.09,7,2025,1130730000000
14.09,8,2025,155840000000
14.09,9,2025,66610000000
14.09,10,2025,142550000000
14.09,11,2025,151020000000
14.09,12,2025,199400000000
14.09,13,2025,260000000
14.09,14,2025,647070000000
14.09,15,2025,165170000000
14.09,16,2025,76750000000
14.09,17,2025,136640000000
14.10,1,2021,5213500000000
14.10,2,2021,1516600000000
14.10,3,2021,3905700000000
14.10,4,2021,5200000000
14.10,5,2021,700000000
14.10,6,2021,573200000000
14.10,7,2021,1058300000000
14.10,8,2021,182900000000
14.10,9,2021,29300000000
14.10,10,2021,100800000000
14.10,11,2021,38300000000
14.10,12,2021,60700000000
14.10,13,2021,400000000
14.10,14,2021,250900000000
14.10,15,2021,26300000000
14.10,16,2021,9800000000
14.10,17,2021,36100000000
14.10,1,2022,5312700000000
14.10,2,2022,1587400000000
14.10,3,2022,3953700000000
14.10,4,2022,5800000000
14.10,5,2022,700000000
14.10,6,2022,612200000000
14.10,7,2022,1137400000000
14.10,8,2022,219700000000
14.10,9,2022,32800000000
14.10,10,2022,107600000000
14.10,11,2022,40300000000
14.10,12,2022,64400000000
14.10,13,2022,500000000
14.10,14,2022,266600000000
14.10,15,2022,27200000000
14.10,16,2022,9900000000
14.10,17,2022,42900000000
14.10,1,2023,5471300000000
14.10,2,2023,1712600000000
14.10,3,2023,4068100000000
14.10,4,2023,6200000000
14.10,5,2023,700000000
14.10,6,2023,719800000000
14.10,7,2023,1234000000000
14.10,8,2023,234300000000
14.10,9,2023,35200000000
14.10,10,2023,116600000000
14.10,11,2023,42400000000
14.10,12,2023,67100000000
14.10,13,2023,500000000
14.10,14,2023,272400000000
14.10,15,2023,28500000000
14.10,16,2023,10700000000
14.10,17,2023,47300000000
14.10,1,2024,5736900000000
14.10,2,2024,1611700000000
14.10,3,2024,4183900000000
14.10,4,2024,6700000000
14.10,5,2024,700000000
14.10,6,2024,806100000000
14.10,7,2024,1284300000000
14.10,8,2024,246200000000
14.10,9,2024,37800000000
14.10,10,2024,125700000000
14.10,11,2024,43600000000
14.10,12,2024,69400000000
14.10,13,2024,500000000
14.10,14,2024,291700000000
14.10,15,2024,29600000000
14.10,16,2024,11200000000
14.10,17,2024,50200000000
14.10,1,2025,5900500000000
14.10,2,2025,1540700000000
14.10,3,2025,4475900000000
14.10,4,2025,6900000000
14.10,5,2025,700000000
14.10,6,2025,851500000000
14.10,7,2025,1330600000000
14.10,8,2025,254700000000
14.10,9,2025,39200000000
14.10,10,2025,131900000000
14.10,11,2025,45500000000
14.10,12,2025,71500000000
14.10,13,2025,600000000
14.10,14,2025,313400000000
14.10,15,2025,31700000000
14.10,16,2025,11700000000
14.10,17,2025,55000000000
14.71,1,2021,1116830000000
14.71,2,2021,10650000000
14.71,3,2021,16286780000000
14.71,4,2021,178280000000
14.71,5,2021,12810000000
14.71,6,2021,20680990000000
14.71,7,2021,19895410000000
14.71,8,2021,1322970000000
14.71,9,2021,1043190000000
14.71,10,2021,2997460000000
14.71,11,2021,2694500000000
14.71,12,2021,2051350000000
14.71,13,2021,11220000000
14.71,14,2021,2316960000000
14.71,15,2021,733810000000
14.71,16,2021,556490000000
14.71,17,2021,709390000000
14.71,1,2022,1143150000000
14.71,2,2022,10820000000
14.71,3,2022,16676860000000
14.71,4,2022,186050000000
14.71,5,2022,12940000000
14.71,6,2022,21619650000000
14.71,7,2022,22420580000000
14.71,8,2022,1648950000000
14.71,9,2022,1167130000000
14.71,10,2022,3121750000000
14.71,11,2022,2844330000000
14.71,12,2022,2157780000000
14.71,13,2022,12710000000
14.71,14,2022,2428430000000
14.71,15,2022,765990000000
14.71,16,2022,566350000000
14.71,17,2022,755630000000
14.71,1,2023,1180740000000
14.71,2,2023,11210000000
14.71,3,2023,17358360000000
14.71,4,2023,186250000000
14.71,5,2023,13810000000
14.71,6,2023,23459830000000
14.71,7,2023,23722970000000
14.71,8,2023,1749310000000
14.71,9,2023,1222450000000
14.71,10,2023,3331170000000
14.71,11,2023,2938370000000
14.71,12,2023,2242660000000
14.71,13,2023,13590000000
14.71,14,2023,2604330000000
14.71,15,2023,793790000000
14.71,16,2023,596650000000
14.71,17,2023,809790000000
14.71,1,2024,1230480000000
14.71,2,2024,11610000000
14.71,3,2024,18012110000000
14.71,4,2024,196060000000
14.71,5,2024,13990000000
14.71,6,2024,24478200000000
14.71,7,2024,24906870000000
14.71,8,2024,1852750000000
14.71,9,2024,1352740000000
14.71,10,2024,3530310000000
14.71,11,2024,2968570000000
14.71,12,2024,2320420000000
14.71,13,2024,14470000000
14.71,14,2024,2826190000000
14.71,15,2024,826570000000
14.71,16,2024,628200000000
14.71,17,2024,854970000000
14.71,1,2025,1300220000000
14.71,2,2025,11840000000
14.71,3,2025,19072910000000
14.71,4,2025,205080000000
14.71,5,2025,14490000000
14.71,6,2025,26001860000000
14.71,7,2025,26118100000000
14.71,8,2025,1900960000000
14.71,9,2025,1416670000000
14.71,10,2025,3734480000000
14.71,11,2025,3113730000000
14.71,12,2025,2410950000000
14.71,13,2025,15810000000
14.71,14,2025,2917110000000
14.71,15,2025,899460000000
14.71,16,2025,680920000000
14.71,17,2025,960480000000
14.72,1,2021,1351370000000
14.72,2,2021,77970000000
14.72,3,2021,16006040000000
14.72,4,2021,57810000000
14.72,5,2021,4430000000
14.72,6,2021,2384990000000
14.72,7,2021,4066730000000
14.72,8,2021,467440000000
14.72,9,2021,173380000000
14.72,10,2021,350590000000
14.72,11,2021,292580000000
14.72,12,2021,113300000000
14.72,13,2021,1060000000
14.72,14,2021,442180000000
14.72,15,2021,111570000000
14.72,16,2021,50860000000
14.72,17,2021,115970000000
14.72,1,2022,1353310000000
14.72,2,2022,79580000000
14.72,3,2022,17241070000000
14.72,4,2022,82600000000
14.72,5,2022,4790000000
14.72,6,2022,2502100000000
14.72,7,2022,4202230000000
14.72,8,2022,510170000000
14.72,9,2022,181310000000
14.72,10,2022,360500000000
14.72,11,2022,307310000000
14.72,12,2022,119370000000
14.72,13,2022,1080000000
14.72,14,2022,482180000000
14.72,15,2022,114000000000
14.72,16,2022,53090000000
14.72,17,2022,131190000000
14.72,1,2023,1378770000000
14.72,2,2023,83600000000
14.72,3,2023,18253330000000
14.72,4,2023,82990000000
14.72,5,2023,5490000000
14.72,6,2023,2756160000000
14.72,7,2023,4472740000000
14.72,8,2023,540640000000
14.72,9,2023,191160000000
14.72,10,2023,377260000000
14.72,11,2023,317260000000
14.72,12,2023,124230000000
14.72,13,2023,1150000000
14.72,14,2023,503630000000
14.72,15,2023,119610000000
14.72,16,2023,56890000000
14.72,17,2023,137700000000
14.72,1,2024,1406220000000
14.72,2,2024,87240000000
14.72,3,2024,18974950000000
14.72,4,2024,87140000000
14.72,5,2024,6210000000
14.72,6,2024,2977320000000
14.72,7,2024,4809190000000
14.72,8,2024,557930000000
14.72,9,2024,218800000000
14.72,10,2024,409430000000
14.72,11,2024,324200000000
14.72,12,2024,130530000000
14.72,13,2024,1240000000
14.72,14,2024,552960000000
14.72,15,2024,125500000000
14.72,16,2024,60910000000
14.72,17,2024,147400000000
14.72,1,2025,1424790000000
14.72,2,2025,91370000000
14.72,3,2025,20225420000000
14.72,4,2025,99190000000
14.72,5,2025,7430000000
14.72,6,2025,2972480000000
14.72,7,2025,5084080000000
14.72,8,2025,583130000000
14.72,9,2025,232540000000
14.72,10,2025,436210000000
14.72,11,2025,337040000000
14.72,12,2025,136890000000
14.72,13,2025,1350000000
14.72,14,2025,588410000000
14.72,15,2025,137890000000
14.72,16,2025,67960000000
14.72,17,2025,163170000000
15.01,1,2021,3240240000000
15.01,2,2021,121150000000
15.01,3,2021,186590000000
15.01,4,2021,2960000000
15.01,5,2021,22670000000
15.01,6,2021,842760000000
15.01,7,2021,606580000000
15.01,8,2021,168560000000
15.01,9,2021,55200000000
15.01,10,2021,526860000000
15.01,11,2021,71290000000
15.01,12,2021,111260000000
15.01,13,2021,2570000000
15.01,14,2021,345010000000
15.01,15,2021,290870000000
15.01,16,2021,120790000000
15.01,17,2021,107400000000
15.01,1,2022,3346630000000
15.01,2,2022,128570000000
15.01,3,2022,193330000000
15.01,4,2022,3210000000
15.01,5,2022,22440000000
15.01,6,2022,918690000000
15.01,7,2022,630630000000
15.01,8,2022,181800000000
15.01,9,2022,57840000000
15.01,10,2022,568740000000
15.01,11,2022,73250000000
15.01,12,2022,112640000000
15.01,13,2022,2730000000
15.01,14,2022,347290000000
15.01,15,2022,296510000000
15.01,16,2022,128660000000
15.01,17,2022,112030000000
15.01,1,2023,3468600000000
15.01,2,2023,129100000000
15.01,3,2023,204220000000
15.01,4,2023,3590000000
15.01,5,2023,22390000000
15.01,6,2023,1083830000000
15.01,7,2023,657790000000
15.01,8,2023,190320000000
15.01,9,2023,61150000000
15.01,10,2023,617550000000
15.01,11,2023,74320000000
15.01,12,2023,117810000000
15.01,13,2023,3110000000
15.01,14,2023,355530000000
15.01,15,2023,297180000000
15.01,16,2023,131680000000
15.01,17,2023,115160000000
15.01,1,2024,3566190000000
15.01,2,2024,142120000000
15.01,3,2024,210030000000
15.01,4,2024,3770000000
15.01,5,2024,22690000000
15.01,6,2024,1138910000000
15.01,7,2024,691400000000
15.01,8,2024,202280000000
15.01,9,2024,65300000000
15.01,10,2024,640810000000
15.01,11,2024,77190000000
15.01,12,2024,122530000000
15.01,13,2024,3300000000
15.01,14,2024,400750000000
15.01,15,2024,318970000000
15.01,16,2024,147920000000
15.01,17,2024,123120000000
15.01,1,2025,3885790000000
15.01,2,2025,146450000000
15.01,3,2025,223020000000
15.01,4,2025,3880000000
15.01,5,2025,22840000000
15.01,6,2025,1014610000000
15.01,7,2025,742290000000
15.01,8,2025,230910000000
15.01,9,2025,68330000000
15.01,10,2025,690310000000
15.01,11,2025,82090000000
15.01,12,2025,128330000000
15.01,13,2025,3560000000
15.01,14,2025,389840000000
15.01,15,2025,328810000000
15.01,16,2025,153050000000
15.01,17,2025,127130000000
15.02,1,2021,5071170000000
15.02,2,2021,247220000000
15.02,3,2021,802950000000
15.02,4,2021,6440000000
15.02,5,2021,19090000000
15.02,6,2021,767660000000
15.02,7,2021,1151820000000
15.02,8,2021,201000000000
15.02,9,2021,204820000000
15.02,10,2021,497580000000
15.02,11,2021,159410000000
15.02,12,2021,226550000000
15.02,13,2021,13350000000
15.02,14,2021,334000000000
15.02,15,2021,361340000000
15.02,16,2021,167460000000
15.02,17,2021,148520000000
15.02,1,2022,5407500000000
15.02,2,2022,272330000000
15.02,3,2022,838230000000
15.02,4,2022,6940000000
15.02,5,2022,19770000000
15.02,6,2022,761600000000
15.02,7,2022,1238560000000
15.02,8,2022,224890000000
15.02,9,2022,216940000000
15.02,10,2022,532740000000
15.02,11,2022,158430000000
15.02,12,2022,241410000000
15.02,13,2022,14890000000
15.02,14,2022,333260000000
15.02,15,2022,379180000000
15.02,16,2022,166990000000
15.02,17,2022,159990000000
15.02,1,2023,5669330000000
15.02,2,2023,238490000000
15.02,3,2023,909010000000
15.02,4,2023,7810000000
15.02,5,2023,19840000000
15.02,6,2023,797290000000
15.02,7,2023,1363050000000
15.02,8,2023,239530000000
15.02,9,2023,235590000000
15.02,10,2023,570590000000
15.02,11,2023,157000000000
15.02,12,2023,247440000000
15.02,13,2023,17830000000
15.02,14,2023,348810000000
15.02,15,2023,392740000000
15.02,16,2023,176460000000
15.02,17,2023,167300000000
15.02,1,2024,5873760000000
15.02,2,2024,248360000000
15.02,3,2024,922030000000
15.02,4,2024,8240000000
15.02,5,2024,19850000000
15.02,6,2024,830770000000
15.02,7,2024,1449050000000
15.02,8,2024,254470000000
15.02,9,2024,253860000000
15.02,10,2024,606070000000
15.02,11,2024,158270000000
15.02,12,2024,253620000000
15.02,13,2024,18210000000
15.02,14,2024,384120000000
15.02,15,2024,444650000000
15.02,16,2024,201410000000
15.02,17,2024,180920000000
15.02,1,2025,6199630000000
15.02,2,2025,262020000000
15.02,3,2025,952480000000
15.02,4,2025,8470000000
15.02,5,2025,20920000000
15.02,6,2025,858170000000
15.02,7,2025,1541970000000
15.02,8,2025,288660000000
15.02,9,2025,262090000000
15.02,10,2025,639040000000
15.02,11,2025,167420000000
15.02,12,2025,259740000000
15.02,13,2025,19180000000
15.02,14,2025,390530000000
15.02,15,2025,469970000000
15.02,16,2025,203320000000
15.02,17,2025,184950000000
15.03,1,2021,2959190000000
15.03,2,2021,3556990000000
15.03,3,2021,420290000000
15.03,4,2021,3630000000
15.03,5,2021,14280000000
15.03,6,2021,1451800000000
15.03,7,2021,631580000000
15.03,8,2021,213030000000
15.03,9,2021,209950000000
15.03,10,2021,422210000000
15.03,11,2021,275410000000
15.03,12,2021,143070000000
15.03,13,2021,24310000000
15.03,14,2021,406140000000
15.03,15,2021,332190000000
15.03,16,2021,170680000000
15.03,17,2021,162200000000
15.03,1,2022,3086900000000
15.03,2,2022,4107570000000
15.03,3,2022,425930000000
15.03,4,2022,4530000000
15.03,5,2022,14760000000
15.03,6,2022,1422060000000
15.03,7,2022,656640000000
15.03,8,2022,236840000000
15.03,9,2022,220870000000
15.03,10,2022,452440000000
15.03,11,2022,274220000000
15.03,12,2022,147670000000
15.03,13,2022,27540000000
15.03,14,2022,408550000000
15.03,15,2022,339530000000
15.03,16,2022,170160000000
15.03,17,2022,167400000000
15.03,1,2023,3261010000000
15.03,2,2023,4158820000000
15.03,3,2023,440470000000
15.03,4,2023,5110000000
15.03,5,2023,15130000000
15.03,6,2023,1498630000000
15.03,7,2023,725290000000
15.03,8,2023,257450000000
15.03,9,2023,243740000000
15.03,10,2023,485440000000
15.03,11,2023,280600000000
15.03,12,2023,152670000000
15.03,13,2023,32110000000
15.03,14,2023,422160000000
15.03,15,2023,347210000000
15.03,16,2023,177380000000
15.03,17,2023,179230000000
15.03,1,2024,3409530000000
15.03,2,2024,4141510000000
15.03,3,2024,454910000000
15.03,4,2024,5380000000
15.03,5,2024,15780000000
15.03,6,2024,1582010000000
15.03,7,2024,771880000000
15.03,8,2024,277700000000
15.03,9,2024,264680000000
15.03,10,2024,510090000000
15.03,11,2024,289050000000
15.03,12,2024,160730000000
15.03,13,2024,34960000000
15.03,14,2024,456570000000
15.03,15,2024,380990000000
15.03,16,2024,205980000000
15.03,17,2024,192850000000
15.03,1,2025,3582710000000
15.03,2,2025,4412350000000
15.03,3,2025,469170000000
15.03,4,2025,5580000000
15.03,5,2025,15960000000
15.03,6,2025,1557820000000
15.03,7,2025,821140000000
15.03,8,2025,302320000000
15.03,9,2025,272960000000
15.03,10,2025,538090000000
15.03,11,2025,304960000000
15.03,12,2025,169550000000
15.03,13,2025,37140000000
15.03,14,2025,486740000000
15.03,15,2025,396780000000
15.03,16,2025,213980000000
15.03,17,2025,196800000000
15.04,1,2021,4732700000000
15.04,2,2021,2156840000000
15.04,3,2021,1311230000000
15.04,4,2021,6450000000
15.04,5,2021,10040000000
15.04,6,2021,816740000000
15.04,7,2021,853410000000
15.04,8,2021,182190000000
15.04,9,2021,46120000000
15.04,10,2021,391520000000
15.04,11,2021,218370000000
15.04,12,2021,141070000000
15.04,13,2021,8370000000
15.04,14,2021,453750000000
15.04,15,2021,578300000000
15.04,16,2021,198330000000
15.04,17,2021,122380000000
15.04,1,2022,4892790000000
15.04,2,2022,3430900000000
15.04,3,2022,1302340000000
15.04,4,2022,7110000000
15.04,5,2022,10240000000
15.04,6,2022,783990000000
15.04,7,2022,899750000000
15.04,8,2022,204080000000
15.04,9,2022,48610000000
15.04,10,2022,418380000000
15.04,11,2022,209920000000
15.04,12,2022,144810000000
15.04,13,2022,9500000000
15.04,14,2022,452620000000
15.04,15,2022,585700000000
15.04,16,2022,197990000000
15.04,17,2022,128700000000
15.04,1,2023,5202470000000
15.04,2,2023,3372290000000
15.04,3,2023,1369910000000
15.04,4,2023,8020000000
15.04,5,2023,10270000000
15.04,6,2023,819890000000
15.04,7,2023,981910000000
15.04,8,2023,220100000000
15.04,9,2023,52660000000
15.04,10,2023,455790000000
15.04,11,2023,210360000000
15.04,12,2023,148170000000
15.04,13,2023,10900000000
15.04,14,2023,472360000000
15.04,15,2023,596770000000
15.04,16,2023,206950000000
15.04,17,2023,135570000000
15.04,1,2024,5566160000000
15.04,2,2024,3014270000000
15.04,3,2024,1472820000000
15.04,4,2024,8670000000
15.04,5,2024,10650000000
15.04,6,2024,878090000000
15.04,7,2024,1053590000000
15.04,8,2024,240830000000
15.04,9,2024,57880000000
15.04,10,2024,476570000000
15.04,11,2024,216980000000
15.04,12,2024,154500000000
15.04,13,2024,11900000000
15.04,14,2024,540190000000
15.04,15,2024,679830000000
15.04,16,2024,234020000000
15.04,17,2024,145940000000
15.04,1,2025,5838180000000
15.04,2,2025,3263300000000
15.04,3,2025,1539990000000
15.04,4,2025,9330000000
15.04,5,2025,11210000000
15.04,6,2025,881230000000
15.04,7,2025,1110650000000
15.04,8,2025,267640000000
15.04,9,2025,61960000000
15.04,10,2025,497660000000
15.04,11,2025,223920000000
15.04,12,2025,160980000000
15.04,13,2025,12480000000
15.04,14,2025,565860000000
15.04,15,2025,697820000000
15.04,16,2025,240440000000
15.04,17,2025,148900000000
15.05,1,2021,7075520000000
15.05,2,2021,2175710000000
15.05,3,2021,2719400000000
15.05,4,2021,6900000000
15.05,5,2021,16400000000
15.05,6,2021,981180000000
15.05,7,2021,829270000000
15.05,8,2021,554730000000
15.05,9,2021,101720000000
15.05,10,2021,462220000000
15.05,11,2021,305130000000
15.05,12,2021,205710000000
15.05,13,2021,177150000000
15.05,14,2021,474240000000
15.05,15,2021,309930000000
15.05,16,2021,207330000000
15.05,17,2021,222610000000
15.05,1,2022,7480090000000
15.05,2,2022,2871960000000
15.05,3,2022,2768330000000
15.05,4,2022,7590000000
15.05,5,2022,16780000000
15.05,6,2022,957940000000
15.05,7,2022,878970000000
15.05,8,2022,644780000000
15.05,9,2022,109050000000
15.05,10,2022,492730000000
15.05,11,2022,302910000000
15.05,12,2022,214520000000
15.05,13,2022,197960000000
15.05,14,2022,471520000000
15.05,15,2022,315950000000
15.05,16,2022,202750000000
15.05,17,2022,245000000000
15.05,1,2023,7816650000000
15.05,2,2023,3032750000000
15.05,3,2023,2831850000000
15.05,4,2023,8720000000
15.05,5,2023,17060000000
15.05,6,2023,1279440000000
15.05,7,2023,964860000000
15.05,8,2023,682800000000
15.05,9,2023,119660000000
15.05,10,2023,533320000000
15.05,11,2023,307300000000
15.05,12,2023,222420000000
15.05,13,2023,225120000000
15.05,14,2023,479950000000
15.05,15,2023,326120000000
15.05,16,2023,209210000000
15.05,17,2023,262750000000
15.05,1,2024,8094820000000
15.05,2,2024,2977880000000
15.05,3,2024,2944700000000
15.05,4,2024,9680000000
15.05,5,2024,17010000000
15.05,6,2024,1856370000000
15.05,7,2024,1015630000000
15.05,8,2024,712180000000
15.05,9,2024,128840000000
15.05,10,2024,561130000000
15.05,11,2024,313650000000
15.05,12,2024,234590000000
15.05,13,2024,244740000000
15.05,14,2024,507160000000
15.05,15,2024,372930000000
15.05,16,2024,237210000000
15.05,17,2024,282730000000
15.05,1,2025,8623420000000
15.05,2,2025,3125780000000
15.05,3,2025,3068610000000
15.05,4,2025,10350000000
15.05,5,2025,17220000000
15.05,6,2025,1690510000000
15.05,7,2025,1102270000000
15.05,8,2025,765790000000
15.05,9,2025,136010000000
15.05,10,2025,608350000000
15.05,11,2025,333020000000
15.05,12,2025,244980000000
15.05,13,2025,258600000000
15.05,14,2025,500080000000
15.05,15,2025,382980000000
15.05,16,2025,243000000000
15.05,17,2025,292130000000
15.06,1,2021,7098490000000
15.06,2,2021,12915300000000
15.06,3,2021,5368230000000
15.06,4,2021,5110000000
15.06,5,2021,16890000000
15.06,6,2021,1519640000000
15.06,7,2021,999250000000
15.06,8,2021,243260000000
15.06,9,2021,125380000000
15.06,10,2021,589630000000
15.06,11,2021,325780000000
15.06,12,2021,207090000000
15.06,13,2021,323430000000
15.06,14,2021,446740000000
15.06,15,2021,552030000000
15.06,16,2021,174460000000
15.06,17,2021,161490000000
15.06,1,2022,7466610000000
15.06,2,2022,12904460000000
15.06,3,2022,5613330000000
15.06,4,2022,6170000000
15.06,5,2022,17370000000
15.06,6,2022,1508390000000
15.06,7,2022,1049600000000
15.06,8,2022,275660000000
15.06,9,2022,139670000000
15.06,10,2022,637010000000
15.06,11,2022,323400000000
15.06,12,2022,214790000000
15.06,13,2022,365010000000
15.06,14,2022,442860000000
15.06,15,2022,565630000000
15.06,16,2022,169180000000
15.06,17,2022,172190000000
15.06,1,2023,7970930000000
15.06,2,2023,12873370000000
15.06,3,2023,5910830000000
15.06,4,2023,7170000000
15.06,5,2023,17550000000
15.06,6,2023,1629840000000
15.06,7,2023,1146650000000
15.06,8,2023,290600000000
15.06,9,2023,151260000000
15.06,10,2023,682990000000
15.06,11,2023,327690000000
15.06,12,2023,222460000000
15.06,13,2023,415090000000
15.06,14,2023,455690000000
15.06,15,2023,579700000000
15.06,16,2023,176290000000
15.06,17,2023,185560000000
15.06,1,2024,8257170000000
15.06,2,2024,13266800000000
15.06,3,2024,6228480000000
15.06,4,2024,7960000000
15.06,5,2024,17920000000
15.06,6,2024,1778070000000
15.06,7,2024,1202920000000
15.06,8,2024,308220000000
15.06,9,2024,165730000000
15.06,10,2024,714520000000
15.06,11,2024,335640000000
15.06,12,2024,235330000000
15.06,13,2024,453040000000
15.06,14,2024,509110000000
15.06,15,2024,626450000000
15.06,16,2024,200260000000
15.06,17,2024,199080000000
15.06,1,2025,8617320000000
15.06,2,2025,14137410000000
15.06,3,2025,6635590000000
15.06,4,2025,8580000000
15.06,5,2025,18020000000
15.06,6,2025,1712200000000
15.06,7,2025,1319820000000
15.06,8,2025,342390000000
15.06,9,2025,170130000000
15.06,10,2025,736810000000
15.06,11,2025,358770000000
15.06,12,2025,249350000000
15.06,13,2025,477450000000
15.06,14,2025,495810000000
15.06,15,2025,640820000000
15.06,16,2025,203790000000
15.06,17,2025,203400000000
15.07,1,2021,2827200000000
15.07,2,2021,9579060000000
15.07,3,2021,1232820000000
15.07,4,2021,2450000000
15.07,5,2021,11470000000
15.07,6,2021,855830000000
15.07,7,2021,990950000000
15.07,8,2021,195210000000
15.07,9,2021,56700000000
15.07,10,2021,271210000000
15.07,11,2021,130060000000
15.07,12,2021,101520000000
15.07,13,2021,177040000000
15.07,14,2021,298620000000
15.07,15,2021,503290000000
15.07,16,2021,90190000000
15.07,17,2021,49890000000
15.07,1,2022,2897870000000
15.07,2,2022,9463670000000
15.07,3,2022,1256080000000
15.07,4,2022,2700000000
15.07,5,2022,11980000000
15.07,6,2022,854610000000
15.07,7,2022,1039320000000
15.07,8,2022,213500000000
15.07,9,2022,60590000000
15.07,10,2022,289810000000
15.07,11,2022,129550000000
15.07,12,2022,102940000000
15.07,13,2022,195160000000
15.07,14,2022,297960000000
15.07,15,2022,515010000000
15.07,16,2022,89030000000
15.07,17,2022,52090000000
15.07,1,2023,3042000000000
15.07,2,2023,9461330000000
15.07,3,2023,1282690000000
15.07,4,2023,2840000000
15.07,5,2023,11570000000
15.07,6,2023,938980000000
15.07,7,2023,1122970000000
15.07,8,2023,223040000000
15.07,9,2023,66230000000
15.07,10,2023,310770000000
15.07,11,2023,133120000000
15.07,12,2023,109920000000
15.07,13,2023,221380000000
15.07,14,2023,306960000000
15.07,15,2023,523890000000
15.07,16,2023,94960000000
15.07,17,2023,54700000000
15.07,1,2024,3125320000000
15.07,2,2024,9838500000000
15.07,3,2024,1320380000000
15.07,4,2024,3120000000
15.07,5,2024,11870000000
15.07,6,2024,1019480000000
15.07,7,2024,1204040000000
15.07,8,2024,238990000000
15.07,9,2024,71300000000
15.07,10,2024,326020000000
15.07,11,2024,137180000000
15.07,12,2024,116450000000
15.07,13,2024,242150000000
15.07,14,2024,344960000000
15.07,15,2024,581700000000
15.07,16,2024,106780000000
15.07,17,2024,57600000000
15.07,1,2025,3328790000000
15.07,2,2025,10233440000000
15.07,3,2025,1382700000000
15.07,4,2025,3320000000
15.07,5,2025,12670000000
15.07,6,2025,1008260000000
15.07,7,2025,1322040000000
15.07,8,2025,269950000000
15.07,9,2025,74690000000
15.07,10,2025,353380000000
15.07,11,2025,147090000000
15.07,12,2025,122310000000
15.07,13,2025,263220000000
15.07,14,2025,337510000000
15.07,15,2025,606430000000
15.07,16,2025,110640000000
15.07,17,2025,59840000000
15.08,1,2021,2672370000000
15.08,2,2021,2977430000000
15.08,3,2021,858200000000
15.08,4,2021,5620000000
15.08,5,2021,28460000000
15.08,6,2021,1579890000000
15.08,7,2021,1552550000000
15.08,8,2021,328000000000
15.08,9,2021,317740000000
15.08,10,2021,720570000000
15.08,11,2021,527970000000
15.08,12,2021,304150000000
15.08,13,2021,24020000000
15.08,14,2021,368450000000
15.08,15,2021,652280000000
15.08,16,2021,115680000000
15.08,17,2021,80200000000
15.08,1,2022,2793240000000
15.08,2,2022,3224280000000
15.08,3,2022,865670000000
15.08,4,2022,6050000000
15.08,5,2022,29130000000
15.08,6,2022,1600170000000
15.08,7,2022,1631050000000
15.08,8,2022,353470000000
15.08,9,2022,342270000000
15.08,10,2022,784270000000
15.08,11,2022,522270000000
15.08,12,2022,321870000000
15.08,13,2022,27390000000
15.08,14,2022,369270000000
15.08,15,2022,663250000000
15.08,16,2022,114170000000
15.08,17,2022,85520000000
15.08,1,2023,2950050000000
15.08,2,2023,3331420000000
15.08,3,2023,901290000000
15.08,4,2023,6640000000
15.08,5,2023,30550000000
15.08,6,2023,1669010000000
15.08,7,2023,1792990000000
15.08,8,2023,379500000000
15.08,9,2023,370950000000
15.08,10,2023,841890000000
15.08,11,2023,523100000000
15.08,12,2023,333130000000
15.08,13,2023,30850000000
15.08,14,2023,382030000000
15.08,15,2023,676970000000
15.08,16,2023,120930000000
15.08,17,2023,91470000000
15.08,1,2024,3132040000000
15.08,2,2024,3097390000000
15.08,3,2024,946720000000
15.08,4,2024,7090000000
15.08,5,2024,30320000000
15.08,6,2024,1747580000000
15.08,7,2024,1881850000000
15.08,8,2024,412690000000
15.08,9,2024,419540000000
15.08,10,2024,883970000000
15.08,11,2024,536430000000
15.08,12,2024,349740000000
15.08,13,2024,34160000000
15.08,14,2024,442620000000
15.08,15,2024,755960000000
15.08,16,2024,139220000000
15.08,17,2024,100300000000
15.08,1,2025,3255100000000
15.08,2,2025,3176590000000
15.08,3,2025,1045530000000
15.08,4,2025,7290000000
15.08,5,2025,29970000000
15.08,6,2025,1692590000000
15.08,7,2025,2054730000000
15.08,8,2025,465560000000
15.08,9,2025,443280000000
15.08,10,2025,942810000000
15.08,11,2025,589010000000
15.08,12,2025,370420000000
15.08,13,2025,36230000000
15.08,14,2025,438670000000
15.08,15,2025,780120000000
15.08,16,2025,148030000000
15.08,17,2025,104090000000
15.09,1,2021,5505230000000
15.09,2,2021,936270000000
15.09,3,2021,662090000000
15.09,4,2021,6990000000
15.09,5,2021,4770000000
15.09,6,2021,746910000000
15.09,7,2021,881850000000
15.09,8,2021,157590000000
15.09,9,2021,39420000000
15.09,10,2021,443870000000
15.09,11,2021,137490000000
15.09,12,2021,193930000000
15.09,13,2021,5700000000
15.09,14,2021,325380000000
15.09,15,2021,242850000000
15.09,16,2021,115070000000
15.09,17,2021,188550000000
15.09,1,2022,5646900000000
15.09,2,2022,1325260000000
15.09,3,2022,675660000000
15.09,4,2022,7600000000
15.09,5,2022,4850000000
15.09,6,2022,747000000000
15.09,7,2022,928390000000
15.09,8,2022,171010000000
15.09,9,2022,42380000000
15.09,10,2022,478220000000
15.09,11,2022,137950000000
15.09,12,2022,204050000000
15.09,13,2022,6180000000
15.09,14,2022,327270000000
15.09,15,2022,245690000000
15.09,16,2022,114460000000
15.09,17,2022,197670000000
15.09,1,2023,5913120000000
15.09,2,2023,1353030000000
15.09,3,2023,715370000000
15.09,4,2023,8530000000
15.09,5,2023,5020000000
15.09,6,2023,785250000000
15.09,7,2023,1007850000000
15.09,8,2023,183530000000
15.09,9,2023,46020000000
15.09,10,2023,513790000000
15.09,11,2023,138830000000
15.09,12,2023,210320000000
15.09,13,2023,7050000000
15.09,14,2023,327570000000
15.09,15,2023,249190000000
15.09,16,2023,119930000000
15.09,17,2023,202820000000
15.09,1,2024,6187210000000
15.09,2,2024,1229160000000
15.09,3,2024,773350000000
15.09,4,2024,9410000000
15.09,5,2024,5610000000
15.09,6,2024,822100000000
15.09,7,2024,1108800000000
15.09,8,2024,199870000000
15.09,9,2024,49030000000
15.09,10,2024,538070000000
15.09,11,2024,141630000000
15.09,12,2024,214440000000
15.09,13,2024,7790000000
15.09,14,2024,361410000000
15.09,15,2024,279430000000
15.09,16,2024,128560000000
15.09,17,2024,220140000000
15.09,1,2025,6515290000000
15.09,2,2025,1292670000000
15.09,3,2025,858940000000
15.09,4,2025,10190000000
15.09,5,2025,6090000000
15.09,6,2025,800830000000
15.09,7,2025,1198780000000
15.09,8,2025,225160000000
15.09,9,2025,50490000000
15.09,10,2025,564490000000
15.09,11,2025,146730000000
15.09,12,2025,219870000000
15.09,13,2025,8200000000
15.09,14,2025,359010000000
15.09,15,2025,294750000000
15.09,16,2025,134090000000
15.09,17,2025,232400000000
15.71,1,2021,166650000000
15.71,2,2021,453180000000
15.71,3,2021,2263400000000
15.71,4,2021,39240000000
15.71,5,2021,47280000000
15.71,6,2021,2018400000000
15.71,7,2021,5454190000000
15.71,8,2021,1995630000000
15.71,9,2021,458850000000
15.71,10,2021,1175880000000
15.71,11,2021,1270630000000
15.71,12,2021,524670000000
15.71,13,2021,519990000000
15.71,14,2021,1322910000000
15.71,15,2021,956960000000
15.71,16,2021,675030000000
15.71,17,2021,151210000000
15.71,1,2022,168690000000
15.71,2,2022,452490000000
15.71,3,2022,2343690000000
15.71,4,2022,43860000000
15.71,5,2022,49290000000
15.71,6,2022,1999560000000
15.71,7,2022,5751440000000
15.71,8,2022,2333130000000
15.71,9,2022,565960000000
15.71,10,2022,1282190000000
15.71,11,2022,1257130000000
15.71,12,2022,547620000000
15.71,13,2022,619410000000
15.71,14,2022,1315300000000
15.71,15,2022,984990000000
15.71,16,2022,659870000000
15.71,17,2022,166120000000
15.71,1,2023,170590000000
15.71,2,2023,452570000000
15.71,3,2023,2386300000000
15.71,4,2023,49140000000
15.71,5,2023,49410000000
15.71,6,2023,2114250000000
15.71,7,2023,6269080000000
15.71,8,2023,2609080000000
15.71,9,2023,618720000000
15.71,10,2023,1375910000000
15.71,11,2023,1270570000000
15.71,12,2023,565320000000
15.71,13,2023,702800000000
15.71,14,2023,1323180000000
15.71,15,2023,1016480000000
15.71,16,2023,693320000000
15.71,17,2023,182360000000
15.71,1,2024,177260000000
15.71,2,2024,444560000000
15.71,3,2024,2481040000000
15.71,4,2024,52440000000
15.71,5,2024,51400000000
15.71,6,2024,2198360000000
15.71,7,2024,6464940000000
15.71,8,2024,2771760000000
15.71,9,2024,679220000000
15.71,10,2024,1425460000000
15.71,11,2024,1285530000000
15.71,12,2024,591560000000
15.71,13,2024,764060000000
15.71,14,2024,1501240000000
15.71,15,2024,1074350000000
15.71,16,2024,754380000000
15.71,17,2024,198010000000
15.71,1,2025,185790000000
15.71,2,2025,451420000000
15.71,3,2025,2559920000000
15.71,4,2025,55070000000
15.71,5,2025,53170000000
15.71,6,2025,2180630000000
15.71,7,2025,6963490000000
15.71,8,2025,2982470000000
15.71,9,2025,698250000000
15.71,10,2025,1552450000000
15.71,11,2025,1417200000000
15.71,12,2025,608800000000
15.71,13,2025,818800000000
15.71,14,2025,1456570000000
15.71,15,2025,1115040000000
15.71,16,2025,785910000000
15.71,17,2025,206150000000
15.72,1,2021,238840000000
15.72,2,2021,38540000000
15.72,3,2021,31650000000
15.72,4,2021,1180000000
15.72,5,2021,16530000000
15.72,6,2021,613820000000
15.72,7,2021,1219010000000
15.72,8,2021,182630000000
15.72,9,2021,53200000000
15.72,10,2021,763870000000
15.72,11,2021,261390000000
15.72,12,2021,124320000000
15.72,13,2021,281200000000
15.72,14,2021,250030000000
15.72,15,2021,443010000000
15.72,16,2021,137620000000
15.72,17,2021,112000000000
15.72,1,2022,247830000000
15.72,2,2022,40430000000
15.72,3,2022,32490000000
15.72,4,2022,1300000000
15.72,5,2022,16650000000
15.72,6,2022,635560000000
15.72,7,2022,1278120000000
15.72,8,2022,205450000000
15.72,9,2022,58100000000
15.72,10,2022,794580000000
15.72,11,2022,270500000000
15.72,12,2022,127880000000
15.72,13,2022,300780000000
15.72,14,2022,249990000000
15.72,15,2022,458620000000
15.72,16,2022,142080000000
15.72,17,2022,119770000000
15.72,1,2023,246600000000
15.72,2,2023,41240000000
15.72,3,2023,34430000000
15.72,4,2023,1390000000
15.72,5,2023,15420000000
15.72,6,2023,663650000000
15.72,7,2023,1364670000000
15.72,8,2023,229750000000
15.72,9,2023,62460000000
15.72,10,2023,833120000000
15.72,11,2023,272310000000
15.72,12,2023,130840000000
15.72,13,2023,329690000000
15.72,14,2023,252390000000
15.72,15,2023,474250000000
15.72,16,2023,147420000000
15.72,17,2023,125370000000
15.72,1,2024,261730000000
15.72,2,2024,46240000000
15.72,3,2024,36130000000
15.72,4,2024,1450000000
15.72,5,2024,14590000000
15.72,6,2024,680480000000
15.72,7,2024,1417470000000
15.72,8,2024,264830000000
15.72,9,2024,71510000000
15.72,10,2024,872930000000
15.72,11,2024,269820000000
15.72,12,2024,133800000000
15.72,13,2024,347030000000
15.72,14,2024,271790000000
15.72,15,2024,502620000000
15.72,16,2024,166470000000
15.72,17,2024,136710000000
15.72,1,2025,302390000000
15.72,2,2025,50320000000
15.72,3,2025,39740000000
15.72,4,2025,1540000000
15.72,5,2025,14990000000
15.72,6,2025,675770000000
15.72,7,2025,1456480000000
15.72,8,2025,297680000000
15.72,9,2025,71690000000
15.72,10,2025,939450000000
15.72,11,2025,302610000000
15.72,12,2025,141040000000
15.72,13,2025,370520000000
15.72,14,2025,261270000000
15.72,15,2025,492230000000
15.72,16,2025,177440000000
15.72,17,2025,141550000000
12.01,1,2021,3525390000000
12.01,2,2021,21340000000
12.01,3,2021,774130000000
12.01,4,2021,40120000000
12.01,5,2021,8060000000
12.01,6,2021,722260000000
12.01,7,2021,844340000000
12.01,8,2021,145560000000
12.01,9,2021,102800000000
12.01,10,2021,60550000000
12.01,11,2021,72800000000
12.01,12,2021,150270000000
12.01,13,2021,20400000000
12.01,14,2021,550780000000
12.01,15,2021,79700000000
12.01,16,2021,24140000000
12.01,17,2021,6640000000
12.01,1,2022,3668690000000
12.01,2,2022,22420000000
12.01,3,2022,788610000000
12.01,4,2022,42030000000
12.01,5,2022,8690000000
12.01,6,2022,744000000000
12.01,7,2022,911130000000
12.01,8,2022,162700000000
12.01,9,2022,110720000000
12.01,10,2022,65070000000
12.01,11,2022,75980000000
12.01,12,2022,158830000000
12.01,13,2022,21870000000
12.01,14,2022,550650000000
12.01,15,2022,83840000000
12.01,16,2022,25570000000
12.01,17,2022,7060000000
12.01,1,2023,3786330000000
12.01,2,2023,23580000000
12.01,3,2023,820460000000
12.01,4,2023,42820000000
12.01,5,2023,9010000000
12.01,6,2023,782730000000
12.01,7,2023,962020000000
12.01,8,2023,183270000000
12.01,9,2023,119410000000
12.01,10,2023,68370000000
12.01,11,2023,79380000000
12.01,12,2023,167480000000
12.01,13,2023,23620000000
12.01,14,2023,569790000000
12.01,15,2023,89500000000
12.01,16,2023,27200000000
12.01,17,2023,7620000000
12.01,1,2024,3885070000000
12.01,2,2024,23700000000
12.01,3,2024,855160000000
12.01,4,2024,45200000000
12.01,5,2024,9410000000
12.01,6,2024,838740000000
12.01,7,2024,1011150000000
12.01,8,2024,188410000000
12.01,9,2024,127650000000
12.01,10,2024,71610000000
12.01,11,2024,82780000000
12.01,12,2024,173530000000
12.01,13,2024,25370000000
12.01,14,2024,615340000000
12.01,15,2024,94200000000
12.01,16,2024,28840000000
12.01,17,2024,8270000000
12.01,1,2025,4064470000000
12.01,2,2025,24380000000
12.01,3,2025,871220000000
12.01,4,2025,45330000000
12.01,5,2025,9400000000
12.01,6,2025,838630000000
12.01,7,2025,1051290000000
12.01,8,2025,190350000000
12.01,9,2025,133540000000
12.01,10,2025,74230000000
12.01,11,2025,84020000000
12.01,12,2025,185490000000
12.01,13,2025,26780000000
12.01,14,2025,613110000000
12.01,15,2025,95630000000
12.01,16,2025,31270000000
12.01,17,2025,8430000000
12.02,1,2021,2782750000000
12.02,2,2021,4950000000
12.02,3,2021,128940000000
12.02,4,2021,7980000000
12.02,5,2021,6400000000
12.02,6,2021,817370000000
12.02,7,2021,856490000000
12.02,8,2021,282050000000
12.02,9,2021,138630000000
12.02,10,2021,60090000000
12.02,11,2021,93630000000
12.02,12,2021,123470000000
12.02,13,2021,17170000000
12.02,14,2021,581960000000
12.02,15,2021,105030000000
12.02,16,2021,43630000000
12.02,17,2021,7800000000
12.02,1,2022,2916340000000
12.02,2,2022,5170000000
12.02,3,2022,134040000000
12.02,4,2022,8170000000
12.02,5,2022,6690000000
12.02,6,2022,850080000000
12.02,7,2022,895020000000
12.02,8,2022,303280000000
12.02,9,2022,148520000000
12.02,10,2022,62990000000
12.02,11,2022,96600000000
12.02,12,2022,129460000000
12.02,13,2022,18300000000
12.02,14,2022,576850000000
12.02,15,2022,109780000000
12.02,16,2022,46060000000
12.02,17,2022,8370000000
12.02,1,2023,3032610000000
12.02,2,2023,5410000000
12.02,3,2023,141290000000
12.02,4,2023,8440000000
12.02,5,2023,7020000000
12.02,6,2023,889500000000
12.02,7,2023,953200000000
12.02,8,2023,324980000000
12.02,9,2023,158970000000
12.02,10,2023,65300000000
12.02,11,2023,100400000000
12.02,12,2023,134270000000
12.02,13,2023,19110000000
12.02,14,2023,603070000000
12.02,15,2023,115260000000
12.02,16,2023,48340000000
12.02,17,2023,8780000000
12.02,1,2024,3122220000000
12.02,2,2024,5670000000
12.02,3,2024,147550000000
12.02,4,2024,8510000000
12.02,5,2024,7110000000
12.02,6,2024,923710000000
12.02,7,2024,1027190000000
12.02,8,2024,348680000000
12.02,9,2024,174320000000
12.02,10,2024,69760000000
12.02,11,2024,105350000000
12.02,12,2024,138570000000
12.02,13,2024,20460000000
12.02,14,2024,650640000000
12.02,15,2024,121290000000
12.02,16,2024,50810000000
12.02,17,2024,9400000000
12.02,1,2025,3241990000000
12.02,2,2025,5920000000
12.02,3,2025,156500000000
12.02,4,2025,9790000000
12.02,5,2025,7200000000
12.02,6,2025,923640000000
12.02,7,2025,1105430000000
12.02,8,2025,397530000000
12.02,9,2025,189120000000
12.02,10,2025,74260000000
12.02,11,2025,108650000000
12.02,12,2025,143600000000
12.02,13,2025,21630000000
12.02,14,2025,668360000000
12.02,15,2025,130730000000
12.02,16,2025,54420000000
12.02,17,2025,9750000000
12.03,1,2021,4608880000000
12.03,2,2021,1178900000000
12.03,3,2021,595620000000
12.03,4,2021,7080000000
12.03,5,2021,8560000000
12.03,6,2021,1129890000000
12.03,7,2021,1130440000000
12.03,8,2021,144130000000
12.03,9,2021,135420000000
12.03,10,2021,75760000000
12.03,11,2021,85430000000
12.03,12,2021,198040000000
12.03,13,2021,4800000000
12.03,14,2021,574520000000
12.03,15,2021,77520000000
12.03,16,2021,78530000000
12.03,17,2021,3200000000
12.03,1,2022,4926720000000
12.03,2,2022,1179640000000
12.03,3,2022,621710000000
12.03,4,2022,7520000000
12.03,5,2022,9120000000
12.03,6,2022,1137400000000
12.03,7,2022,1198150000000
12.03,8,2022,156870000000
12.03,9,2022,145470000000
12.03,10,2022,81790000000
12.03,11,2022,89720000000
12.03,12,2022,204080000000
12.03,13,2022,4940000000
12.03,14,2022,587620000000
12.03,15,2022,81060000000
12.03,16,2022,80840000000
12.03,17,2022,3370000000
12.03,1,2023,5177630000000
12.03,2,2023,1167000000000
12.03,3,2023,658560000000
12.03,4,2023,7990000000
12.03,5,2023,9740000000
12.03,6,2023,1217350000000
12.03,7,2023,1286590000000
12.03,8,2023,177220000000
12.03,9,2023,158530000000
12.03,10,2023,88310000000
12.03,11,2023,94750000000
12.03,12,2023,213790000000
12.03,13,2023,5270000000
12.03,14,2023,614160000000
12.03,15,2023,87440000000
12.03,16,2023,85880000000
12.03,17,2023,3640000000
12.03,1,2024,5446890000000
12.03,2,2024,1196970000000
12.03,3,2024,694150000000
12.03,4,2024,8290000000
12.03,5,2024,10110000000
12.03,6,2024,1253980000000
12.03,7,2024,1380100000000
12.03,8,2024,194180000000
12.03,9,2024,175380000000
12.03,10,2024,95330000000
12.03,11,2024,97790000000
12.03,12,2024,224120000000
12.03,13,2024,5560000000
12.03,14,2024,647140000000
12.03,15,2024,93410000000
12.03,16,2024,93030000000
12.03,17,2024,3890000000
12.03,1,2025,5757040000000
12.03,2,2025,1195760000000
12.03,3,2025,722620000000
12.03,4,2025,8370000000
12.03,5,2025,10630000000
12.03,6,2025,1262530000000
12.03,7,2025,1466920000000
12.03,8,2025,215200000000
12.03,9,2025,186020000000
12.03,10,2025,102830000000
12.03,11,2025,99570000000
12.03,12,2025,242630000000
12.03,13,2025,6140000000
12.03,14,2025,653280000000
12.03,15,2025,96320000000
12.03,16,2025,100030000000
12.03,17,2025,4050000000
12.04,1,2021,1350000000000
12.04,2,2021,241000000000
12.04,3,2021,5000000000
12.04,4,2021,3000000000
12.04,5,2021,0
12.04,6,2021,281000000000
12.04,7,2021,227000000000
12.04,8,2021,37000000000
12.04,9,2021,48000000000
12.04,10,2021,7000000000
12.04,11,2021,37000000000
12.04,12,2021,50000000000
12.04,13,2021,2000000000
12.04,14,2021,316000000000
12.04,15,2021,37000000000
12.04,16,2021,20000000000
12.04,17,2021,5000000000
12.04,1,2022,1403000000000
12.04,2,2022,250000000000
12.04,3,2022,6000000000
12.04,4,2022,3000000000
12.04,5,2022,0
12.04,6,2022,282000000000
12.04,7,2022,237000000000
12.04,8,2022,38000000000
12.04,9,2022,49000000000
12.04,10,2022,8000000000
12.04,11,2022,38000000000
12.04,12,2022,50000000000
12.04,13,2022,2000000000
12.04,14,2022,318000000000
12.04,15,2022,39000000000
12.04,16,2022,21000000000
12.04,17,2022,5000000000
12.04,1,2023,1455000000000
12.04,2,2023,264000000000
12.04,3,2023,6000000000
12.04,4,2023,3000000000
12.04,5,2023,0
12.04,6,2023,290000000000
12.04,7,2023,249000000000
12.04,8,2023,40000000000
12.04,9,2023,51000000000
12.04,10,2023,8000000000
12.04,11,2023,40000000000
12.04,12,2023,51000000000
12.04,13,2023,2000000000
12.04,14,2023,327000000000
12.04,15,2023,40000000000
12.04,16,2023,21000000000
12.04,17,2023,5000000000
12.04,1,2024,1499000000000
12.04,2,2024,277000000000
12.04,3,2024,6000000000
12.04,4,2024,3000000000
12.04,5,2024,0
12.04,6,2024,303000000000
12.04,7,2024,256000000000
12.04,8,2024,42000000000
12.04,9,2024,52000000000
12.04,10,2024,9000000000
12.04,11,2024,41000000000
12.04,12,2024,52000000000
12.04,13,2024,2000000000
12.04,14,2024,352000000000
12.04,15,2024,42000000000
12.04,16,2024,22000000000
12.04,17,2024,6000000000
12.04,1,2025,1555000000000
12.04,2,2025,291000000000
12.04,3,2025,6000000000
12.04,4,2025,3000000000
12.04,5,2025,0
12.04,6,2025,297000000000
12.04,7,2025,269000000000
12.04,8,2025,44000000000
12.04,9,2025,55000000000
12.04,10,2025,9000000000
12.04,11,2025,43000000000
12.04,12,2025,56000000000
12.04,13,2025,2000000000
12.04,14,2025,373000000000
12.04,15,2025,43000000000
12.04,16,2025,23000000000
12.04,17,2025,6000000000
12.05,1,2021,13359530000000
12.05,2,2021,2987880000000
12.05,3,2021,4152350000000
12.05,4,2021,73280000000
12.05,5,2021,12780000000
12.05,6,2021,2148200000000
12.05,7,2021,2877870000000
12.05,8,2021,578940000000
12.05,9,2021,601370000000
12.05,10,2021,483410000000
12.05,11,2021,565980000000
12.05,12,2021,817540000000
12.05,13,2021,145380000000
12.05,14,2021,871640000000
12.05,15,2021,372390000000
12.05,16,2021,142000000000
12.05,17,2021,56860000000
12.05,1,2022,14141370000000
12.05,2,2022,3122920000000
12.05,3,2022,4237520000000
12.05,4,2022,76300000000
12.05,5,2022,13140000000
12.05,6,2022,2297920000000
12.05,7,2022,2979370000000
12.05,8,2022,627790000000
12.05,9,2022,638790000000
12.05,10,2022,487100000000
12.05,11,2022,586150000000
12.05,12,2022,844330000000
12.05,13,2022,156050000000
12.05,14,2022,863180000000
12.05,15,2022,384300000000
12.05,16,2022,148750000000
12.05,17,2022,60510000000
12.05,1,2023,14799270000000
12.05,2,2023,3296170000000
12.05,3,2023,4363030000000
12.05,4,2023,78690000000
12.05,5,2023,13080000000
12.05,6,2023,2480940000000
12.05,7,2023,3122220000000
12.05,8,2023,673380000000
12.05,9,2023,694290000000
12.05,10,2023,512690000000
12.05,11,2023,610320000000
12.05,12,2023,868060000000
12.05,13,2023,160970000000
12.05,14,2023,922960000000
12.05,15,2023,405920000000
12.05,16,2023,157800000000
12.05,17,2023,65330000000
12.05,1,2024,15548370000000
12.05,2,2024,3419180000000
12.05,3,2024,4558040000000
12.05,4,2024,80590000000
12.05,5,2024,13260000000
12.05,6,2024,2535030000000
12.05,7,2024,3303680000000
12.05,8,2024,722950000000
12.05,9,2024,759320000000
12.05,10,2024,552410000000
12.05,11,2024,662130000000
12.05,12,2024,885710000000
12.05,13,2024,167900000000
12.05,14,2024,998480000000
12.05,15,2024,432110000000
12.05,16,2024,170740000000
12.05,17,2024,70590000000
12.05,1,2025,16303790000000
12.05,2,2025,3463820000000
12.05,3,2025,4772150000000
12.05,4,2025,84770000000
12.05,5,2025,13680000000
12.05,6,2025,2534490000000
12.05,7,2025,3488190000000
12.05,8,2025,787380000000
12.05,9,2025,776030000000
12.05,10,2025,580710000000
12.05,11,2025,691010000000
12.05,12,2025,947340000000
12.05,13,2025,172790000000
12.05,14,2025,980130000000
12.05,15,2025,458620000000
12.05,16,2025,185110000000
12.05,17,2025,71260000000
12.06,1,2021,8106360000000
12.06,2,2021,33280000000
12.06,3,2021,480790000000
12.06,4,2021,14370000000
12.06,5,2021,12250000000
12.06,6,2021,960590000000
12.06,7,2021,1519810000000
12.06,8,2021,654790000000
12.06,9,2021,375290000000
12.06,10,2021,158760000000
12.06,11,2021,195290000000
12.06,12,2021,469350000000
12.06,13,2021,27360000000
12.06,14,2021,815960000000
12.06,15,2021,386250000000
12.06,16,2021,179490000000
12.06,17,2021,192340000000
12.06,1,2022,8421760000000
12.06,2,2022,34910000000
12.06,3,2022,506930000000
12.06,4,2022,14960000000
12.06,5,2022,12520000000
12.06,6,2022,988310000000
12.06,7,2022,1604460000000
12.06,8,2022,711770000000
12.06,9,2022,396890000000
12.06,10,2022,169000000000
12.06,11,2022,203650000000
12.06,12,2022,490270000000
12.06,13,2022,28570000000
12.06,14,2022,818690000000
12.06,15,2022,404730000000
12.06,16,2022,187490000000
12.06,17,2022,202630000000
12.06,1,2023,8767600000000
12.06,2,2023,36760000000
12.06,3,2023,528430000000
12.06,4,2023,15520000000
12.06,5,2023,12870000000
12.06,6,2023,1051060000000
12.06,7,2023,1725710000000
12.06,8,2023,793520000000
12.06,9,2023,418910000000
12.06,10,2023,181830000000
12.06,11,2023,215630000000
12.06,12,2023,515330000000
12.06,13,2023,30090000000
12.06,14,2023,821520000000
12.06,15,2023,435200000000
12.06,16,2023,202450000000
12.06,17,2023,214240000000
12.06,1,2024,8990200000000
12.06,2,2024,39000000000
12.06,3,2024,544680000000
12.06,4,2024,15930000000
12.06,5,2024,13250000000
12.06,6,2024,1126860000000
12.06,7,2024,1813630000000
12.06,8,2024,864340000000
12.06,9,2024,459640000000
12.06,10,2024,197150000000
12.06,11,2024,228070000000
12.06,12,2024,542170000000
12.06,13,2024,32000000000
12.06,14,2024,875870000000
12.06,15,2024,466580000000
12.06,16,2024,206490000000
12.06,17,2024,225320000000
12.06,1,2025,9268980000000
12.06,2,2025,38780000000
12.06,3,2025,560520000000
12.06,4,2025,16130000000
12.06,5,2025,14160000000
12.06,6,2025,1127020000000
12.06,7,2025,1973550000000
12.06,8,2025,1000220000000
12.06,9,2025,479290000000
12.06,10,2025,214770000000
12.06,11,2025,234500000000
12.06,12,2025,567810000000
12.06,13,2025,34030000000
12.06,14,2025,864600000000
12.06,15,2025,497710000000
12.06,16,2025,221400000000
12.06,17,2025,231890000000
12.07,1,2021,8841740000000
12.07,2,2021,595540000000
12.07,3,2021,22294870000000
12.07,4,2021,119920000000
12.07,5,2021,34730000000
12.07,6,2021,11222770000000
12.07,7,2021,12673280000000
12.07,8,2021,4864500000000
12.07,9,2021,1875690000000
12.07,10,2021,1323350000000
12.07,11,2021,1931490000000
12.07,12,2021,2574810000000
12.07,13,2021,325980000000
12.07,14,2021,1299740000000
12.07,15,2021,1319680000000
12.07,16,2021,682540000000
12.07,17,2021,193000000000
12.07,1,2022,9292430000000
12.07,2,2022,624070000000
12.07,3,2022,22520380000000
12.07,4,2022,125470000000
12.07,5,2022,35050000000
12.07,6,2022,11515880000000
12.07,7,2022,13639950000000
12.07,8,2022,5697950000000
12.07,9,2022,2047970000000
12.07,10,2022,1438840000000
12.07,11,2022,2024160000000
12.07,12,2022,2664900000000
12.07,13,2022,349170000000
12.07,14,2022,1296380000000
12.07,15,2022,1367040000000
12.07,16,2022,722960000000
12.07,17,2022,206050000000
12.07,1,2023,9505450000000
12.07,2,2023,645420000000
12.07,3,2023,22971290000000
12.07,4,2023,128250000000
12.07,5,2023,35580000000
12.07,6,2023,12197630000000
12.07,7,2023,14294280000000
12.07,8,2023,7071570000000
12.07,9,2023,2235570000000
12.07,10,2023,1535040000000
12.07,11,2023,2120820000000
12.07,12,2023,2732780000000
12.07,13,2023,369150000000
12.07,14,2023,1315840000000
12.07,15,2023,1455040000000
12.07,16,2023,769630000000
12.07,17,2023,220340000000
12.07,1,2024,9902810000000
12.07,2,2024,677690000000
12.07,3,2024,23831660000000
12.07,4,2024,130410000000
12.07,5,2024,36240000000
12.07,6,2024,13114050000000
12.07,7,2024,15182400000000
12.07,8,2024,7315510000000
12.07,9,2024,2572270000000
12.07,10,2024,1656250000000
12.07,11,2024,2194480000000
12.07,12,2024,2790780000000
12.07,13,2024,390440000000
12.07,14,2024,1473050000000
12.07,15,2024,1535100000000
12.07,16,2024,828300000000
12.07,17,2024,236930000000
12.07,1,2025,10114450000000
12.07,2,2025,694630000000
12.07,3,2025,24965620000000
12.07,4,2025,131840000000
12.07,5,2025,38020000000
12.07,6,2025,13112880000000
12.07,7,2025,16326420000000
12.07,8,2025,7878800000000
12.07,9,2025,2734790000000
12.07,10,2025,1765270000000
12.07,11,2025,2262120000000
12.07,12,2025,3044230000000
12.07,13,2025,426620000000
12.07,14,2025,1444850000000
12.07,15,2025,1627020000000
12.07,16,2025,875610000000
12.07,17,2025,240160000000
12.08,1,2021,16663000000000
12.08,2,2021,64000000000
12.08,3,2021,2791000000000
12.08,4,2021,24000000000
12.08,5,2021,23000000000
12.08,6,2021,2409000000000
12.08,7,2021,3798000000000
12.08,8,2021,436000000000
12.08,9,2021,225000000000
12.08,10,2021,207000000000
12.08,11,2021,262000000000
12.08,12,2021,243000000000
12.08,13,2021,22000000000
12.08,14,2021,1064000000000
12.08,15,2021,287000000000
12.08,16,2021,102000000000
12.08,17,2021,28000000000
12.08,1,2022,17619000000000
12.08,2,2022,67000000000
12.08,3,2022,2847000000000
12.08,4,2022,25000000000
12.08,5,2022,24000000000
12.08,6,2022,2450000000000
12.08,7,2022,3996000000000
12.08,8,2022,468000000000
12.08,9,2022,238000000000
12.08,10,2022,219000000000
12.08,11,2022,272000000000
12.08,12,2022,251000000000
12.08,13,2022,24000000000
12.08,14,2022,1056000000000
12.08,15,2022,300000000000
12.08,16,2022,105000000000
12.08,17,2022,30000000000
12.08,1,2023,18510000000000
12.08,2,2023,70000000000
12.08,3,2023,2935000000000
12.08,4,2023,26000000000
12.08,5,2023,24000000000
12.08,6,2023,2579000000000
12.08,7,2023,4270000000000
12.08,8,2023,516000000000
12.08,9,2023,262000000000
12.08,10,2023,236000000000
12.08,11,2023,286000000000
12.08,12,2023,257000000000
12.08,13,2023,25000000000
12.08,14,2023,1057000000000
12.08,15,2023,314000000000
12.08,16,2023,113000000000
12.08,17,2023,32000000000
12.08,1,2024,19477000000000
12.08,2,2024,73000000000
12.08,3,2024,3005000000000
12.08,4,2024,27000000000
12.08,5,2024,25000000000
12.08,6,2024,2585000000000
12.08,7,2024,4539000000000
12.08,8,2024,573000000000
12.08,9,2024,294000000000
12.08,10,2024,256000000000
12.08,11,2024,298000000000
12.08,12,2024,271000000000
12.08,13,2024,26000000000
12.08,14,2024,1115000000000
12.08,15,2024,333000000000
12.08,16,2024,123000000000
12.08,17,2024,35000000000
12.08,1,2025,20274000000000
12.08,2,2025,75000000000
12.08,3,2025,3246000000000
12.08,4,2025,28000000000
12.08,5,2025,26000000000
12.08,6,2025,2706000000000
12.08,7,2025,4816000000000
12.08,8,2025,620000000000
12.08,9,2025,306000000000
12.08,10,2025,271000000000
12.08,11,2025,302000000000
12.08,12,2025,293000000000
12.08,13,2025,27000000000
12.08,14,2025,1112000000000
12.08,15,2025,350000000000
12.08,16,2025,130000000000
12.08,17,2025,35000000000
12.09,1,2021,0
12.09,2,2021,0
12.09,3,2021,0
12.09,4,2021,0
12.09,5,2021,0
12.09,6,2021,0
12.09,7,2021,0
12.09,8,2021,0
12.09,9,2021,0
12.09,10,2021,0
12.09,11,2021,0
12.09,12,2021,0
12.09,13,2021,0
12.09,14,2021,0
12.09,15,2021,0
12.09,16,2021,0
12.09,17,2021,0
12.09,1,2022,12836600000000
12.09,2,2022,55940000000
12.09,3,2022,5617070000000
12.09,4,2022,27930000000
12.09,5,2022,15850000000
12.09,6,2022,1646330000000
12.09,7,2022,4840400000000
12.09,8,2022,947360000000
12.09,9,2022,221300000000
12.09,10,2022,165960000000
12.09,11,2022,380620000000
12.09,12,2022,447800000000
12.09,13,2022,10770000000
12.09,14,2022,784770000000
12.09,15,2022,236740000000
12.09,16,2022,163270000000
12.09,17,2022,152110000000
12.09,1,2023,13406090000000
12.09,2,2023,57850000000
12.09,3,2023,5815940000000
12.09,4,2023,28490000000
12.09,5,2023,15850000000
12.09,6,2023,1753200000000
12.09,7,2023,5130380000000
12.09,8,2023,1053350000000
12.09,9,2023,240190000000
12.09,10,2023,175740000000
12.09,11,2023,400740000000
12.09,12,2023,463900000000
12.09,13,2023,11310000000
12.09,14,2023,798680000000
12.09,15,2023,252400000000
12.09,16,2023,172130000000
12.09,17,2023,165080000000
12.09,1,2024,14147280000000
12.09,2,2024,58910000000
12.09,3,2024,6012890000000
12.09,4,2024,29390000000
12.09,5,2024,16110000000
12.09,6,2024,1774010000000
12.09,7,2024,5351570000000
12.09,8,2024,1135630000000
12.09,9,2024,259390000000
12.09,10,2024,184700000000
12.09,11,2024,414090000000
12.09,12,2024,480570000000
12.09,13,2024,11700000000
12.09,14,2024,838450000000
12.09,15,2024,268660000000
12.09,16,2024,182750000000
12.09,17,2024,175210000000
12.09,1,2025,14800300000000
12.09,2,2025,59960000000
12.09,3,2025,6256260000000
12.09,4,2025,29570000000
12.09,5,2025,16130000000
12.09,6,2025,1775900000000
12.09,7,2025,5670100000000
12.09,8,2025,1256150000000
12.09,9,2025,278550000000
12.09,10,2025,194270000000
12.09,11,2025,428450000000
12.09,12,2025,494800000000
12.09,13,2025,12380000000
12.09,14,2025,857790000000
12.09,15,2025,284670000000
12.09,16,2025,186420000000
12.09,17,2025,182210000000
12.10,1,2021,7441510000000
12.10,2,2021,178780000000
12.10,3,2021,7676760000000
12.10,4,2021,18860000000
12.10,5,2021,8090000000
12.10,6,2021,1841070000000
12.10,7,2021,3948190000000
12.10,8,2021,406280000000
12.10,9,2021,320160000000
12.10,10,2021,224920000000
12.10,11,2021,273910000000
12.10,12,2021,566580000000
12.10,13,2021,36140000000
12.10,14,2021,644360000000
12.10,15,2021,441950000000
12.10,16,2021,97420000000
12.10,17,2021,22570000000
12.10,1,2022,7985180000000
12.10,2,2022,189570000000
12.10,3,2022,7930490000000
12.10,4,2022,19960000000
12.10,5,2022,8550000000
12.10,6,2022,1852200000000
12.10,7,2022,4148530000000
12.10,8,2022,441470000000
12.10,9,2022,344450000000
12.10,10,2022,240390000000
12.10,11,2022,283910000000
12.10,12,2022,596120000000
12.10,13,2022,37940000000
12.10,14,2022,643800000000
12.10,15,2022,459220000000
12.10,16,2022,100050000000
12.10,17,2022,24160000000
12.10,1,2023,8360410000000
12.10,2,2023,195810000000
12.10,3,2023,8290210000000
12.10,4,2023,20680000000
12.10,5,2023,9120000000
12.10,6,2023,1967130000000
12.10,7,2023,4432820000000
12.10,8,2023,466650000000
12.10,9,2023,363310000000
12.10,10,2023,250170000000
12.10,11,2023,294960000000
12.10,12,2023,614490000000
12.10,13,2023,39400000000
12.10,14,2023,668860000000
12.10,15,2023,474920000000
12.10,16,2023,104900000000
12.10,17,2023,25450000000
12.10,1,2024,8717230000000
12.10,2,2024,203690000000
12.10,3,2024,8537730000000
12.10,4,2024,21620000000
12.10,5,2024,9420000000
12.10,6,2024,2087240000000
12.10,7,2024,4833310000000
12.10,8,2024,485530000000
12.10,9,2024,382980000000
12.10,10,2024,261490000000
12.10,11,2024,304510000000
12.10,12,2024,653590000000
12.10,13,2024,40840000000
12.10,14,2024,731910000000
12.10,15,2024,515220000000
12.10,16,2024,111430000000
12.10,17,2024,27130000000
12.10,1,2025,8926660000000
12.10,2,2025,211550000000
12.10,3,2025,8962450000000
12.10,4,2025,22680000000
12.10,5,2025,2800000000
12.10,6,2025,2086480000000
12.10,7,2025,5187210000000
12.10,8,2025,533010000000
12.10,9,2025,413870000000
12.10,10,2025,281590000000
12.10,11,2025,320650000000
12.10,12,2025,725640000000
12.10,13,2025,43300000000
12.10,14,2025,681200000000
12.10,15,2025,539190000000
12.10,16,2025,118250000000
12.10,17,2025,28750000000
12.11,1,2021,2999610000000
12.11,2,2021,4270000000
12.11,3,2021,21840000000
12.11,4,2021,6280000000
12.11,5,2021,5950000000
12.11,6,2021,838790000000
12.11,7,2021,1146870000000
12.11,8,2021,244550000000
12.11,9,2021,186660000000
12.11,10,2021,85770000000
12.11,11,2021,137700000000
12.11,12,2021,179880000000
12.11,13,2021,3970000000
12.11,14,2021,605340000000
12.11,15,2021,132520000000
12.11,16,2021,40380000000
12.11,17,2021,1300000000
12.11,1,2022,3135040000000
12.11,2,2022,4380000000
12.11,3,2022,22220000000
12.11,4,2022,6590000000
12.11,5,2022,6020000000
12.11,6,2022,846190000000
12.11,7,2022,1223310000000
12.11,8,2022,264180000000
12.11,9,2022,197530000000
12.11,10,2022,92290000000
12.11,11,2022,141540000000
12.11,12,2022,186010000000
12.11,13,2022,4020000000
12.11,14,2022,609390000000
12.11,15,2022,139320000000
12.11,16,2022,42120000000
12.11,17,2022,1310000000
12.11,1,2023,3282040000000
12.11,2,2023,4550000000
12.11,3,2023,23040000000
12.11,4,2023,6770000000
12.11,5,2023,6180000000
12.11,6,2023,888940000000
12.11,7,2023,1296190000000
12.11,8,2023,290350000000
12.11,9,2023,213610000000
12.11,10,2023,97830000000
12.11,11,2023,147670000000
12.11,12,2023,190800000000
12.11,13,2023,4210000000
12.11,14,2023,623550000000
12.11,15,2023,148330000000
12.11,16,2023,44820000000
12.11,17,2023,1390000000
12.11,1,2024,3422750000000
12.11,2,2024,4830000000
12.11,3,2024,24390000000
12.11,4,2024,7010000000
12.11,5,2024,6350000000
12.11,6,2024,938800000000
12.11,7,2024,1377110000000
12.11,8,2024,304750000000
12.11,9,2024,220370000000
12.11,10,2024,101190000000
12.11,11,2024,153230000000
12.11,12,2024,199110000000
12.11,13,2024,4400000000
12.11,14,2024,661940000000
12.11,15,2024,157170000000
12.11,16,2024,46470000000
12.11,17,2024,1450000000
12.11,1,2025,3550000000000
12.11,2,2025,5000000000
12.11,3,2025,26000000000
12.11,4,2025,7000000000
12.11,5,2025,7000000000
12.11,6,2025,939000000000
12.11,7,2025,1521000000000
12.11,8,2025,332000000000
12.11,9,2025,237000000000
12.11,10,2025,104000000000
12.11,11,2025,158000000000
12.11,12,2025,209000000000
12.11,13,2025,5000000000
12.11,14,2025,662000000000
12.11,15,2025,165000000000
12.11,16,2025,50000000000
12.11,17,2025,2000000000
12.12,1,2021,1833430000000
12.12,2,2021,16990000000
12.12,3,2021,595000000000
12.12,4,2021,5080000000
12.12,5,2021,2770000000
12.12,6,2021,762750000000
12.12,7,2021,953980000000
12.12,8,2021,165240000000
12.12,9,2021,164530000000
12.12,10,2021,90930000000
12.12,11,2021,99570000000
12.12,12,2021,165510000000
12.12,13,2021,46740000000
12.12,14,2021,523500000000
12.12,15,2021,167500000000
12.12,16,2021,46910000000
12.12,17,2021,8660000000
12.12,1,2022,1892500000000
12.12,2,2022,17820000000
12.12,3,2022,628580000000
12.12,4,2022,5350000000
12.12,5,2022,2920000000
12.12,6,2022,808570000000
12.12,7,2022,1012050000000
12.12,8,2022,174490000000
12.12,9,2022,170560000000
12.12,10,2022,96650000000
12.12,11,2022,103040000000
12.12,12,2022,170620000000
12.12,13,2022,48720000000
12.12,14,2022,525980000000
12.12,15,2022,173630000000
12.12,16,2022,47850000000
12.12,17,2022,9050000000
12.12,1,2023,1932910000000
12.12,2,2023,19060000000
12.12,3,2023,660430000000
12.12,4,2023,5800000000
12.12,5,2023,3170000000
12.12,6,2023,880180000000
12.12,7,2023,1093130000000
12.12,8,2023,189780000000
12.12,9,2023,183630000000
12.12,10,2023,104550000000
12.12,11,2023,108720000000
12.12,12,2023,179270000000
12.12,13,2023,51580000000
12.12,14,2023,528680000000
12.12,15,2023,179150000000
12.12,16,2023,49310000000
12.12,17,2023,9610000000
12.12,1,2024,1984090000000
12.12,2,2024,19900000000
12.12,3,2024,713510000000
12.12,4,2024,6200000000
12.12,5,2024,3360000000
12.12,6,2024,929610000000
12.12,7,2024,1157020000000
12.12,8,2024,199520000000
12.12,9,2024,191890000000
12.12,10,2024,111830000000
12.12,11,2024,113260000000
12.12,12,2024,186860000000
12.12,13,2024,53610000000
12.12,14,2024,559860000000
12.12,15,2024,185810000000
12.12,16,2024,51910000000
12.12,17,2024,9900000000
12.12,1,2025,2071570000000
12.12,2,2025,20750000000
12.12,3,2025,698780000000
12.12,4,2025,6400000000
12.12,5,2025,3510000000
12.12,6,2025,929460000000
12.12,7,2025,1283270000000
12.12,8,2025,210540000000
12.12,9,2025,210720000000
12.12,10,2025,119200000000
12.12,11,2025,119230000000
12.12,12,2025,197100000000
12.12,13,2025,55660000000
12.12,14,2025,559760000000
12.12,15,2025,192560000000
12.12,16,2025,54770000000
12.12,17,2025,10300000000
12.13,1,2021,4760430000000
12.13,2,2021,72670000000
12.13,3,2021,975980000000
12.13,4,2021,8840000000
12.13,5,2021,1910000000
12.13,6,2021,1107970000000
12.13,7,2021,1158400000000
12.13,8,2021,164490000000
12.13,9,2021,69060000000
12.13,10,2021,84880000000
12.13,11,2021,147660000000
12.13,12,2021,201430000000
12.13,13,2021,9390000000
12.13,14,2021,617750000000
12.13,15,2021,121100000000
12.13,16,2021,80750000000
12.13,17,2021,3170000000
12.13,1,2022,5031600000000
12.13,2,2022,75660000000
12.13,3,2022,1010010000000
12.13,4,2022,9170000000
12.13,5,2022,1980000000
12.13,6,2022,1123730000000
12.13,7,2022,1206420000000
12.13,8,2022,176480000000
12.13,9,2022,73670000000
12.13,10,2022,90360000000
12.13,11,2022,155120000000
12.13,12,2022,208800000000
12.13,13,2022,9890000000
12.13,14,2022,617200000000
12.13,15,2022,125980000000
12.13,16,2022,82500000000
12.13,17,2022,3380000000
12.13,1,2023,5255630000000
12.13,2,2023,81060000000
12.13,3,2023,1061490000000
12.13,4,2023,9380000000
12.13,5,2023,2080000000
12.13,6,2023,1187820000000
12.13,7,2023,1277320000000
12.13,8,2023,189290000000
12.13,9,2023,81070000000
12.13,10,2023,96330000000
12.13,11,2023,157740000000
12.13,12,2023,215770000000
12.13,13,2023,10290000000
12.13,14,2023,643640000000
12.13,15,2023,134650000000
12.13,16,2023,87660000000
12.13,17,2023,3610000000
12.13,1,2024,5460940000000
12.13,2,2024,86390000000
12.13,3,2024,1115040000000
12.13,4,2024,9930000000
12.13,5,2024,2150000000
12.13,6,2024,1244390000000
12.13,7,2024,1370680000000
12.13,8,2024,201640000000
12.13,9,2024,88350000000
12.13,10,2024,102290000000
12.13,11,2024,152140000000
12.13,12,2024,226790000000
12.13,13,2024,10880000000
12.13,14,2024,692510000000
12.13,15,2024,141400000000
12.13,16,2024,92190000000
12.13,17,2024,3920000000
12.13,1,2025,5704830000000
12.13,2,2025,90900000000
12.13,3,2025,1160770000000
12.13,4,2025,26290000000
12.13,5,2025,2140000000
12.13,6,2025,1243080000000
12.13,7,2025,1452750000000
12.13,8,2025,224650000000
12.13,9,2025,95390000000
12.13,10,2025,110070000000
12.13,11,2025,148350000000
12.13,12,2025,244580000000
12.13,13,2025,11340000000
12.13,14,2025,723030000000
12.13,15,2025,145980000000
12.13,16,2025,95270000000
12.13,17,2025,4260000000
12.14,1,2021,2038290000000
12.14,2,2021,269350000000
12.14,3,2021,7010000000
12.14,4,2021,3760000000
12.14,5,2021,1140000000
12.14,6,2021,551900000000
12.14,7,2021,368510000000
12.14,8,2021,146680000000
12.14,9,2021,86550000000
12.14,10,2021,46860000000
12.14,11,2021,62980000000
12.14,12,2021,198820000000
12.14,13,2021,1510000000
12.14,14,2021,387210000000
12.14,15,2021,119860000000
12.14,16,2021,36900000000
12.14,17,2021,5310000000
12.14,1,2022,2105630000000
12.14,2,2022,278210000000
12.14,3,2022,7120000000
12.14,4,2022,3930000000
12.14,5,2022,1160000000
12.14,6,2022,564750000000
12.14,7,2022,387220000000
12.14,8,2022,154340000000
12.14,9,2022,92510000000
12.14,10,2022,50080000000
12.14,11,2022,63640000000
12.14,12,2022,200220000000
12.14,13,2022,1550000000
12.14,14,2022,387670000000
12.14,15,2022,124220000000
12.14,16,2022,38290000000
12.14,17,2022,5560000000
12.14,1,2023,2162850000000
12.14,2,2023,288700000000
12.14,3,2023,7350000000
12.14,4,2023,4090000000
12.14,5,2023,1190000000
12.14,6,2023,591040000000
12.14,7,2023,407460000000
12.14,8,2023,161600000000
12.14,9,2023,97560000000
12.14,10,2023,52830000000
12.14,11,2023,67090000000
12.14,12,2023,208030000000
12.14,13,2023,1630000000
12.14,14,2023,403090000000
12.14,15,2023,128380000000
12.14,16,2023,40530000000
12.14,17,2023,5880000000
12.14,1,2024,2227280000000
12.14,2,2024,302240000000
12.14,3,2024,7610000000
12.14,4,2024,4310000000
12.14,5,2024,1210000000
12.14,6,2024,614780000000
12.14,7,2024,427170000000
12.14,8,2024,168250000000
12.14,9,2024,102070000000
12.14,10,2024,56050000000
12.14,11,2024,69190000000
12.14,12,2024,216750000000
12.14,13,2024,1660000000
12.14,14,2024,426180000000
12.14,15,2024,132210000000
12.14,16,2024,43210000000
12.14,17,2024,6160000000
12.14,1,2025,2300190000000
12.14,2,2025,312710000000
12.14,3,2025,7860000000
12.14,4,2025,4470000000
12.14,5,2025,1250000000
12.14,6,2025,613460000000
12.14,7,2025,454370000000
12.14,8,2025,180820000000
12.14,9,2025,112400000000
12.14,10,2025,58710000000
12.14,11,2025,70410000000
12.14,12,2025,224450000000
12.14,13,2025,1700000000
12.14,14,2025,422360000000
12.14,15,2025,135560000000
12.14,16,2025,45110000000
12.14,17,2025,6430000000
12.15,1,2021,523470000000
12.15,2,2021,380000000
12.15,3,2021,1400000000
12.15,4,2021,2300000000
12.15,5,2021,560000000
12.15,6,2021,75950000000
12.15,7,2021,98110000000
12.15,8,2021,17120000000
12.15,9,2021,19590000000
12.15,10,2021,8140000000
12.15,11,2021,7260000000
12.15,12,2021,11680000000
12.15,13,2021,140000000
12.15,14,2021,91250000000
12.15,15,2021,11630000000
12.15,16,2021,3230000000
12.15,17,2021,180000000
12.15,1,2022,546480000000
12.15,2,2022,390000000
12.15,3,2022,1430000000
12.15,4,2022,2390000000
12.15,5,2022,580000000
12.15,6,2022,79170000000
12.15,7,2022,104710000000
12.15,8,2022,18540000000
12.15,9,2022,21010000000
12.15,10,2022,8460000000
12.15,11,2022,7460000000
12.15,12,2022,11940000000
12.15,13,2022,150000000
12.15,14,2022,91200000000
12.15,15,2022,12190000000
12.15,16,2022,3320000000
12.15,17,2022,190000000
12.15,1,2023,570340000000
12.15,2,2023,420000000
12.15,3,2023,1480000000
12.15,4,2023,2520000000
12.15,5,2023,660000000
12.15,6,2023,88590000000
12.15,7,2023,113920000000
12.15,8,2023,19870000000
12.15,9,2023,23350000000
12.15,10,2023,8980000000
12.15,11,2023,7490000000
12.15,12,2023,12280000000
12.15,13,2023,150000000
12.15,14,2023,89700000000
12.15,15,2023,12540000000
12.15,16,2023,3520000000
12.15,17,2023,200000000
12.15,1,2024,592040000000
12.15,2,2024,430000000
12.15,3,2024,1510000000
12.15,4,2024,2580000000
12.15,5,2024,690000000
12.15,6,2024,93460000000
12.15,7,2024,122930000000
12.15,8,2024,20820000000
12.15,9,2024,25010000000
12.15,10,2024,9480000000
12.15,11,2024,7520000000
12.15,12,2024,12480000000
12.15,13,2024,150000000
12.15,14,2024,97940000000
12.15,15,2024,12950000000
12.15,16,2024,3760000000
12.15,17,2024,220000000
12.15,1,2025,619440000000
12.15,2,2025,440000000
12.15,3,2025,1620000000
12.15,4,2025,2660000000
12.15,5,2025,720000000
12.15,6,2025,99360000000
12.15,7,2025,134570000000
12.15,8,2025,22360000000
12.15,9,2025,25360000000
12.15,10,2025,9960000000
12.15,11,2025,7540000000
12.15,12,2025,12670000000
12.15,13,2025,160000000
12.15,14,2025,104140000000
12.15,15,2025,13740000000
12.15,16,2025,3940000000
12.15,17,2025,220000000
12.16,1,2021,1885570000000
12.16,2,2021,26910000000
12.16,3,2021,65150000000
12.16,4,2021,4150000000
12.16,5,2021,2820000000
12.16,6,2021,567410000000
12.16,7,2021,683720000000
12.16,8,2021,104360000000
12.16,9,2021,141880000000
12.16,10,2021,53330000000
12.16,11,2021,48160000000
12.16,12,2021,119720000000
12.16,13,2021,5050000000
12.16,14,2021,434580000000
12.16,15,2021,42870000000
12.16,16,2021,26580000000
12.16,17,2021,6880000000
12.16,1,2022,1950040000000
12.16,2,2022,28420000000
12.16,3,2022,67360000000
12.16,4,2022,4340000000
12.16,5,2022,2890000000
12.16,6,2022,595450000000
12.16,7,2022,726460000000
12.16,8,2022,113830000000
12.16,9,2022,151920000000
12.16,10,2022,56630000000
12.16,11,2022,50310000000
12.16,12,2022,125460000000
12.16,13,2022,5310000000
12.16,14,2022,437710000000
12.16,15,2022,45060000000
12.16,16,2022,27920000000
12.16,17,2022,7440000000
12.16,1,2023,2008550000000
12.16,2,2023,30050000000
12.16,3,2023,69840000000
12.16,4,2023,4540000000
12.16,5,2023,3000000000
12.16,6,2023,621770000000
12.16,7,2023,771050000000
12.16,8,2023,124130000000
12.16,9,2023,164450000000
12.16,10,2023,58600000000
12.16,11,2023,50770000000
12.16,12,2023,129900000000
12.16,13,2023,5270000000
12.16,14,2023,463330000000
12.16,15,2023,47310000000
12.16,16,2023,28530000000
12.16,17,2023,8030000000
12.16,1,2024,2086090000000
12.16,2,2024,30680000000
12.16,3,2024,72270000000
12.16,4,2024,4750000000
12.16,5,2024,3030000000
12.16,6,2024,664810000000
12.16,7,2024,830150000000
12.16,8,2024,131060000000
12.16,9,2024,170790000000
12.16,10,2024,58870000000
12.16,11,2024,51500000000
12.16,12,2024,132270000000
12.16,13,2024,5540000000
12.16,14,2024,480740000000
12.16,15,2024,49120000000
12.16,16,2024,28640000000
12.16,17,2024,8570000000
12.16,1,2025,2162850000000
12.16,2,2025,31280000000
12.16,3,2025,74190000000
12.16,4,2025,4850000000
12.16,5,2025,3090000000
12.16,6,2025,667820000000
12.16,7,2025,891510000000
12.16,8,2025,136950000000
12.16,9,2025,179230000000
12.16,10,2025,62360000000
12.16,11,2025,52870000000
12.16,12,2025,136630000000
12.16,13,2025,5710000000
12.16,14,2025,492550000000
12.16,15,2025,51490000000
12.16,16,2025,29550000000
12.16,17,2025,8890000000
12.17,1,2021,1642000000000
12.17,2,2021,21000000000
12.17,3,2021,16000000000
12.17,4,2021,2000000000
12.17,5,2021,2000000000
12.17,6,2021,349000000000
12.17,7,2021,359000000000
12.17,8,2021,99000000000
12.17,9,2021,158000000000
12.17,10,2021,39000000000
12.17,11,2021,31000000000
12.17,12,2021,64000000000
12.17,13,2021,4000000000
12.17,14,2021,327000000000
12.17,15,2021,31000000000
12.17,16,2021,16000000000
12.17,17,2021,2000000000
12.17,1,2022,1717000000000
12.17,2,2022,22000000000
12.17,3,2022,16000000000
12.17,4,2022,2000000000
12.17,5,2022,2000000000
12.17,6,2022,364000000000
12.17,7,2022,384000000000
12.17,8,2022,107000000000
12.17,9,2022,169000000000
12.17,10,2022,42000000000
12.17,11,2022,32000000000
12.17,12,2022,66000000000
12.17,13,2022,4000000000
12.17,14,2022,327000000000
12.17,15,2022,31000000000
12.17,16,2022,16000000000
12.17,17,2022,3000000000
12.17,1,2023,1794000000000
12.17,2,2023,23000000000
12.17,3,2023,17000000000
12.17,4,2023,3000000000
12.17,5,2023,2000000000
12.17,6,2023,386000000000
12.17,7,2023,409000000000
12.17,8,2023,115000000000
12.17,9,2023,185000000000
12.17,10,2023,44000000000
12.17,11,2023,32000000000
12.17,12,2023,67000000000
12.17,13,2023,4000000000
12.17,14,2023,339000000000
12.17,15,2023,32000000000
12.17,16,2023,17000000000
12.17,17,2023,3000000000
12.17,1,2024,1834000000000
12.17,2,2024,24000000000
12.17,3,2024,18000000000
12.17,4,2024,3000000000
12.17,5,2024,2000000000
12.17,6,2024,413000000000
12.17,7,2024,449000000000
12.17,8,2024,127000000000
12.17,9,2024,212000000000
12.17,10,2024,46000000000
12.17,11,2024,32000000000
12.17,12,2024,68000000000
12.17,13,2024,4000000000
12.17,14,2024,360000000000
12.17,15,2024,33000000000
12.17,16,2024,18000000000
12.17,17,2024,3000000000
12.17,1,2025,1874000000000
12.17,2,2025,24000000000
12.17,3,2025,18000000000
12.17,4,2025,3000000000
12.17,5,2025,2000000000
12.17,6,2025,413000000000
12.17,7,2025,512000000000
12.17,8,2025,132000000000
12.17,9,2025,225000000000
12.17,10,2025,49000000000
12.17,11,2025,32000000000
12.17,12,2025,70000000000
12.17,13,2025,4000000000
12.17,14,2025,383000000000
12.17,15,2025,33000000000
12.17,16,2025,18000000000
12.17,17,2025,3000000000
12.18,1,2021,8642730000000
12.18,2,2021,185520000000
12.18,3,2021,3498710000000
12.18,4,2021,23880000000
12.18,5,2021,2490000000
12.18,6,2021,1844180000000
12.18,7,2021,3001760000000
12.18,8,2021,148390000000
12.18,9,2021,556430000000
12.18,10,2021,143210000000
12.18,11,2021,97240000000
12.18,12,2021,483150000000
12.18,13,2021,88030000000
12.18,14,2021,574110000000
12.18,15,2021,299990000000
12.18,16,2021,174600000000
12.18,17,2021,98830000000
12.18,1,2022,9175750000000
12.18,2,2022,196870000000
12.18,3,2022,3606000000000
12.18,4,2022,25040000000
12.18,5,2022,2550000000
12.18,6,2022,1860830000000
12.18,7,2022,3172720000000
12.18,8,2022,158280000000
12.18,9,2022,559230000000
12.18,10,2022,153430000000
12.18,11,2022,100490000000
12.18,12,2022,486570000000
12.18,13,2022,89070000000
12.18,14,2022,570960000000
12.18,15,2022,313370000000
12.18,16,2022,176470000000
12.18,17,2022,101440000000
12.18,1,2023,9705360000000
12.18,2,2023,208820000000
12.18,3,2023,3739230000000
12.18,4,2023,26270000000
12.18,5,2023,2670000000
12.18,6,2023,1924870000000
12.18,7,2023,3346400000000
12.18,8,2023,169460000000
12.18,9,2023,600940000000
12.18,10,2023,169010000000
12.18,11,2023,110100000000
12.18,12,2023,509350000000
12.18,13,2023,93550000000
12.18,14,2023,563980000000
12.18,15,2023,331730000000
12.18,16,2023,185640000000
12.18,17,2023,104670000000
12.18,1,2024,10215990000000
12.18,2,2024,224920000000
12.18,3,2024,3848130000000
12.18,4,2024,27800000000
12.18,5,2024,2760000000
12.18,6,2024,2009700000000
12.18,7,2024,3536460000000
12.18,8,2024,177280000000
12.18,9,2024,659060000000
12.18,10,2024,190270000000
12.18,11,2024,116820000000
12.18,12,2024,539890000000
12.18,13,2024,99550000000
12.18,14,2024,581540000000
12.18,15,2024,350670000000
12.18,16,2024,192310000000
12.18,17,2024,110420000000
12.18,1,2025,10862940000000
12.18,2,2025,235520000000
12.18,3,2025,3953790000000
12.18,4,2025,28320000000
12.18,5,2025,2880000000
12.18,6,2025,2036970000000
12.18,7,2025,3746800000000
12.18,8,2025,198920000000
12.18,9,2025,704180000000
12.18,10,2025,204380000000
12.18,11,2025,122230000000
12.18,12,2025,572990000000
12.18,13,2025,106470000000
12.18,14,2025,579900000000
12.18,15,2025,367460000000
12.18,16,2025,206720000000
12.18,17,2025,113280000000
12.19,1,2021,5640460000000
12.19,2,2021,34460000000
12.19,3,2021,10994560000000
12.19,4,2021,16220000000
12.19,5,2021,7200000000
12.19,6,2021,1507120000000
12.19,7,2021,4058010000000
12.19,8,2021,799630000000
12.19,9,2021,267170000000
12.19,10,2021,170330000000
12.19,11,2021,72090000000
12.19,12,2021,273990000000
12.19,13,2021,21450000000
12.19,14,2021,419470000000
12.19,15,2021,113280000000
12.19,16,2021,69220000000
12.19,17,2021,21370000000
12.19,1,2022,5992670000000
12.19,2,2022,36050000000
12.19,3,2022,11287580000000
12.19,4,2022,16790000000
12.19,5,2022,7230000000
12.19,6,2022,1520680000000
12.19,7,2022,4322780000000
12.19,8,2022,831340000000
12.19,9,2022,278890000000
12.19,10,2022,178090000000
12.19,11,2022,75020000000
12.19,12,2022,281010000000
12.19,13,2022,22240000000
12.19,14,2022,419130000000
12.19,15,2022,116700000000
12.19,16,2022,73050000000
12.19,17,2022,22960000000
12.19,1,2023,6182030000000
12.19,2,2023,37370000000
12.19,3,2023,11760460000000
12.19,4,2023,17240000000
12.19,5,2023,7380000000
12.19,6,2023,1563740000000
12.19,7,2023,4578690000000
12.19,8,2023,845790000000
12.19,9,2023,299670000000
12.19,10,2023,188910000000
12.19,11,2023,79720000000
12.19,12,2023,289170000000
12.19,13,2023,23320000000
12.19,14,2023,424980000000
12.19,15,2023,120710000000
12.19,16,2023,77810000000
12.19,17,2023,25700000000
12.19,1,2024,6305390000000
12.19,2,2024,37790000000
12.19,3,2024,12432530000000
12.19,4,2024,18040000000
12.19,5,2024,7540000000
12.19,6,2024,1557160000000
12.19,7,2024,4768030000000
12.19,8,2024,863050000000
12.19,9,2024,316810000000
12.19,10,2024,199490000000
12.19,11,2024,83050000000
12.19,12,2024,295780000000
12.19,13,2024,23830000000
12.19,14,2024,469920000000
12.19,15,2024,124810000000
12.19,16,2024,83220000000
12.19,17,2024,27730000000
12.19,1,2025,6444950000000
12.19,2,2025,37650000000
12.19,3,2025,12756340000000
12.19,4,2025,18480000000
12.19,5,2025,7700000000
12.19,6,2025,1538740000000
12.19,7,2025,5087840000000
12.19,8,2025,971100000000
12.19,9,2025,334830000000
12.19,10,2025,210570000000
12.19,11,2025,84840000000
12.19,12,2025,314220000000
12.19,13,2025,25410000000
12.19,14,2025,465410000000
12.19,15,2025,131930000000
12.19,16,2025,90670000000
12.19,17,2025,29300000000
12.20,1,2021,3924020000000
12.20,2,2021,26080000000
12.20,3,2021,1482150000000
12.20,4,2021,21050000000
12.20,5,2021,3780000000
12.20,6,2021,1167980000000
12.20,7,2021,870750000000
12.20,8,2021,162380000000
12.20,9,2021,72610000000
12.20,10,2021,60370000000
12.20,11,2021,62550000000
12.20,12,2021,327370000000
12.20,13,2021,4070000000
12.20,14,2021,300780000000
12.20,15,2021,65480000000
12.20,16,2021,39680000000
12.20,17,2021,2550000000
12.20,1,2022,4166440000000
12.20,2,2022,27110000000
12.20,3,2022,1524950000000
12.20,4,2022,21870000000
12.20,5,2022,3760000000
12.20,6,2022,1174990000000
12.20,7,2022,909720000000
12.20,8,2022,164130000000
12.20,9,2022,74850000000
12.20,10,2022,63070000000
12.20,11,2022,63190000000
12.20,12,2022,339720000000
12.20,13,2022,4290000000
12.20,14,2022,300900000000
12.20,15,2022,65920000000
12.20,16,2022,40120000000
12.20,17,2022,2590000000
12.20,1,2023,4363200000000
12.20,2,2023,27710000000
12.20,3,2023,1582880000000
12.20,4,2023,22510000000
12.20,5,2023,3880000000
12.20,6,2023,1256260000000
12.20,7,2023,962860000000
12.20,8,2023,173740000000
12.20,9,2023,81800000000
12.20,10,2023,66860000000
12.20,11,2023,64580000000
12.20,12,2023,352870000000
12.20,13,2023,4620000000
12.20,14,2023,308500000000
12.20,15,2023,69890000000
12.20,16,2023,42530000000
12.20,17,2023,2770000000
12.20,1,2024,4558720000000
12.20,2,2024,28430000000
12.20,3,2024,1656970000000
12.20,4,2024,23570000000
12.20,5,2024,3950000000
12.20,6,2024,1319040000000
12.20,7,2024,1034880000000
12.20,8,2024,182630000000
12.20,9,2024,90800000000
12.20,10,2024,71910000000
12.20,11,2024,64960000000
12.20,12,2024,365650000000
12.20,13,2024,4820000000
12.20,14,2024,327680000000
12.20,15,2024,73510000000
12.20,16,2024,45530000000
12.20,17,2024,2900000000
12.20,1,2025,4766230000000
12.20,2,2025,28380000000
12.20,3,2025,1724430000000
12.20,4,2025,24580000000
12.20,5,2025,4130000000
12.20,6,2025,1324760000000
12.20,7,2025,1119190000000
12.20,8,2025,196180000000
12.20,9,2025,97810000000
12.20,10,2025,75580000000
12.20,11,2025,67060000000
12.20,12,2025,381950000000
12.20,13,2025,5040000000
12.20,14,2025,332480000000
12.20,15,2025,77430000000
12.20,16,2025,48270000000
12.20,17,2025,3020000000
12.21,1,2021,4494700000000
12.21,2,2021,44090000000
12.21,3,2021,1196360000000
12.21,4,2021,24000000000
12.21,5,2021,120000000
12.21,6,2021,1198510000000
12.21,7,2021,541850000000
12.21,8,2021,91950000000
12.21,9,2021,84620000000
12.21,10,2021,67800000000
12.21,11,2021,63350000000
12.21,12,2021,243720000000
12.21,13,2021,4000000000
12.21,14,2021,229700000000
12.21,15,2021,33160000000
12.21,16,2021,41610000000
12.21,17,2021,2600000000
12.21,1,2022,4724620000000
12.21,2,2022,47740000000
12.21,3,2022,1241140000000
12.21,4,2022,25040000000
12.21,5,2022,130000000
12.21,6,2022,1247950000000
12.21,7,2022,565420000000
12.21,8,2022,96580000000
12.21,9,2022,88100000000
12.21,10,2022,71420000000
12.21,11,2022,66530000000
12.21,12,2022,251760000000
12.21,13,2022,4100000000
12.21,14,2022,236630000000
12.21,15,2022,34190000000
12.21,16,2022,43900000000
12.21,17,2022,2710000000
12.21,1,2023,4973100000000
12.21,2,2023,49610000000
12.21,3,2023,1283510000000
12.21,4,2023,26460000000
12.21,5,2023,120000000
12.21,6,2023,1329710000000
12.21,7,2023,597330000000
12.21,8,2023,105700000000
12.21,9,2023,95620000000
12.21,10,2023,76870000000
12.21,11,2023,70130000000
12.21,12,2023,265010000000
12.21,13,2023,4320000000
12.21,14,2023,239120000000
12.21,15,2023,36370000000
12.21,16,2023,46650000000
12.21,17,2023,2890000000
12.21,1,2024,5218890000000
12.21,2,2024,51130000000
12.21,3,2024,1344260000000
12.21,4,2024,28720000000
12.21,5,2024,130000000
12.21,6,2024,1386940000000
12.21,7,2024,630290000000
12.21,8,2024,111230000000
12.21,9,2024,102660000000
12.21,10,2024,81570000000
12.21,11,2024,74140000000
12.21,12,2024,281930000000
12.21,13,2024,4660000000
12.21,14,2024,250900000000
12.21,15,2024,38860000000
12.21,16,2024,50300000000
12.21,17,2024,3110000000
12.21,1,2025,5466130000000
12.21,2,2025,53530000000
12.21,3,2025,1404190000000
12.21,4,2025,29860000000
12.21,5,2025,140000000
12.21,6,2025,1393890000000
12.21,7,2025,669400000000
12.21,8,2025,121030000000
12.21,9,2025,110020000000
12.21,10,2025,86340000000
12.21,11,2025,78530000000
12.21,12,2025,299710000000
12.21,13,2025,4960000000
12.21,14,2025,250090000000
12.21,15,2025,41270000000
12.21,16,2025,53680000000
12.21,17,2025,3300000000
12.22,1,2021,6654870000000
12.22,2,2021,62780000000
12.22,3,2021,7765830000000
12.22,4,2021,12670000000
12.22,5,2021,3740000000
12.22,6,2021,1208310000000
12.22,7,2021,2371980000000
12.22,8,2021,186980000000
12.22,9,2021,160700000000
12.22,10,2021,110960000000
12.22,11,2021,168450000000
12.22,12,2021,447590000000
12.22,13,2021,23630000000
12.22,14,2021,268370000000
12.22,15,2021,94180000000
12.22,16,2021,64540000000
12.22,17,2021,14810000000
12.22,1,2022,7096740000000
12.22,2,2022,64580000000
12.22,3,2022,8022730000000
12.22,4,2022,13410000000
12.22,5,2022,3760000000
12.22,6,2022,1261960000000
12.22,7,2022,2474950000000
12.22,8,2022,201340000000
12.22,9,2022,170600000000
12.22,10,2022,118440000000
12.22,11,2022,174870000000
12.22,12,2022,473440000000
12.22,13,2022,24680000000
12.22,14,2022,268310000000
12.22,15,2022,97490000000
12.22,16,2022,66640000000
12.22,17,2022,15920000000
12.22,1,2023,7432260000000
12.22,2,2023,66530000000
12.22,3,2023,8385130000000
12.22,4,2023,13900000000
12.22,5,2023,3900000000
12.22,6,2023,1347890000000
12.22,7,2023,2619620000000
12.22,8,2023,216130000000
12.22,9,2023,182870000000
12.22,10,2023,128090000000
12.22,11,2023,182480000000
12.22,12,2023,494740000000
12.22,13,2023,25690000000
12.22,14,2023,273660000000
12.22,15,2023,104430000000
12.22,16,2023,70760000000
12.22,17,2023,17250000000
12.22,1,2024,7760790000000
12.22,2,2024,70000000000
12.22,3,2024,8741640000000
12.22,4,2024,14440000000
12.22,5,2024,4020000000
12.22,6,2024,1426720000000
12.22,7,2024,2789140000000
12.22,8,2024,236430000000
12.22,9,2024,198600000000
12.22,10,2024,137450000000
12.22,11,2024,191230000000
12.22,12,2024,526220000000
12.22,13,2024,27070000000
12.22,14,2024,291730000000
12.22,15,2024,111360000000
12.22,16,2024,74420000000
12.22,17,2024,18320000000
12.22,1,2025,0
12.22,2,2025,0
12.22,3,2025,0
12.22,4,2025,0
12.22,5,2025,0
12.22,6,2025,0
12.22,7,2025,0
12.22,8,2025,0
12.22,9,2025,0
12.22,10,2025,0
12.22,11,2025,0
12.22,12,2025,0
12.22,13,2025,0
12.22,14,2025,0
12.22,15,2025,0
12.22,16,2025,0
12.22,17,2025,0
12.23,1,2021,7455700000000
12.23,2,2021,123560000000
12.23,3,2021,4679050000000
12.23,4,2021,15410000000
12.23,5,2021,2910000000
12.23,6,2021,1150670000000
12.23,7,2021,2790400000000
12.23,8,2021,185860000000
12.23,9,2021,181780000000
12.23,10,2021,98450000000
12.23,11,2021,143950000000
12.23,12,2021,528460000000
12.23,13,2021,27060000000
12.23,14,2021,375870000000
12.23,15,2021,118880000000
12.23,16,2021,70950000000
12.23,17,2021,20300000000
12.23,1,2022,7949210000000
12.23,2,2022,127010000000
12.23,3,2022,4811310000000
12.23,4,2022,15860000000
12.23,5,2022,2970000000
12.23,6,2022,1169400000000
12.23,7,2022,2903820000000
12.23,8,2022,202390000000
12.23,9,2022,193720000000
12.23,10,2022,104680000000
12.23,11,2022,148660000000
12.23,12,2022,550270000000
12.23,13,2022,27420000000
12.23,14,2022,375220000000
12.23,15,2022,123250000000
12.23,16,2022,72680000000
12.23,17,2022,21160000000
12.23,1,2023,8293850000000
12.23,2,2023,131510000000
12.23,3,2023,5003810000000
12.23,4,2023,16260000000
12.23,5,2023,3100000000
12.23,6,2023,1247630000000
12.23,7,2023,3078440000000
12.23,8,2023,225270000000
12.23,9,2023,213590000000
12.23,10,2023,112130000000
12.23,11,2023,155420000000
12.23,12,2023,566610000000
12.23,13,2023,28560000000
12.23,14,2023,386730000000
12.23,15,2023,130770000000
12.23,16,2023,76710000000
12.23,17,2023,22890000000
12.23,1,2024,8680610000000
12.23,2,2024,134590000000
12.23,3,2024,5173650000000
12.23,4,2024,16800000000
12.23,5,2024,3210000000
12.23,6,2024,1238110000000
12.23,7,2024,3277630000000
12.23,8,2024,242180000000
12.23,9,2024,225810000000
12.23,10,2024,118680000000
12.23,11,2024,161520000000
12.23,12,2024,578350000000
12.23,13,2024,29920000000
12.23,14,2024,405620000000
12.23,15,2024,137630000000
12.23,16,2024,79390000000
12.23,17,2024,24050000000
12.23,1,2025,9027640000000
12.23,2,2025,138050000000
12.23,3,2025,5404350000000
12.23,4,2025,17120000000
12.23,5,2025,3380000000
12.23,6,2025,1232490000000
12.23,7,2025,3471830000000
12.23,8,2025,258010000000
12.23,9,2025,234460000000
12.23,10,2025,125700000000
12.23,11,2025,163260000000
12.23,12,2025,614050000000
12.23,13,2025,31330000000
12.23,14,2025,405240000000
12.23,15,2025,142880000000
12.23,16,2025,84480000000
12.23,17,2025,24290000000
12.24,1,2021,1334640000000
12.24,2,2021,146340000000
12.24,3,2021,5370000000
12.24,4,2021,3680000000
12.24,5,2021,1170000000
12.24,6,2021,203760000000
12.24,7,2021,247680000000
12.24,8,2021,40420000000
12.24,9,2021,64210000000
12.24,10,2021,11040000000
12.24,11,2021,44360000000
12.24,12,2021,81200000000
12.24,13,2021,1580000000
12.24,14,2021,152530000000
12.24,15,2021,51270000000
12.24,16,2021,21450000000
12.24,17,2021,6520000000
12.24,1,2022,1384030000000
12.24,2,2022,150640000000
12.24,3,2022,5500000000
12.24,4,2022,3820000000
12.24,5,2022,1170000000
12.24,6,2022,204390000000
12.24,7,2022,259330000000
12.24,8,2022,41530000000
12.24,9,2022,64850000000
12.24,10,2022,11700000000
12.24,11,2022,45910000000
12.24,12,2022,81950000000
12.24,13,2022,1610000000
12.24,14,2022,152840000000
12.24,15,2022,53080000000
12.24,16,2022,21510000000
12.24,17,2022,6610000000
12.24,1,2023,1428830000000
12.24,2,2023,158480000000
12.24,3,2023,5650000000
12.24,4,2023,3880000000
12.24,5,2023,1180000000
12.24,6,2023,215040000000
12.24,7,2023,271550000000
12.24,8,2023,42770000000
12.24,9,2023,68110000000
12.24,10,2023,12340000000
12.24,11,2023,48060000000
12.24,12,2023,84150000000
12.24,13,2023,1660000000
12.24,14,2023,158410000000
12.24,15,2023,55260000000
12.24,16,2023,22470000000
12.24,17,2023,6930000000
12.24,1,2024,1469480000000
12.24,2,2024,166330000000
12.24,3,2024,5880000000
12.24,4,2024,3940000000
12.24,5,2024,1200000000
12.24,6,2024,226980000000
12.24,7,2024,286360000000
12.24,8,2024,44310000000
12.24,9,2024,69500000000
12.24,10,2024,12800000000
12.24,11,2024,48940000000
12.24,12,2024,85260000000
12.24,13,2024,1680000000
12.24,14,2024,168510000000
12.24,15,2024,57020000000
12.24,16,2024,23450000000
12.24,17,2024,7280000000
12.24,1,2025,1516100000000
12.24,2,2025,167150000000
12.24,3,2025,6010000000
12.24,4,2025,4050000000
12.24,5,2025,1250000000
12.24,6,2025,230690000000
12.24,7,2025,305850000000
12.24,8,2025,45920000000
12.24,9,2025,74940000000
12.24,10,2025,13260000000
12.24,11,2025,50440000000
12.24,12,2025,86780000000
12.24,13,2025,1720000000
12.24,14,2025,174490000000
12.24,15,2025,59540000000
12.24,16,2025,24130000000
12.24,17,2025,7600000000
12.25,1,2021,744000000000
12.25,2,2021,43000000000
12.25,3,2021,3000000000
12.25,4,2021,2000000000
12.25,5,2021,0
12.25,6,2021,109000000000
12.25,7,2021,152000000000
12.25,8,2021,19000000000
12.25,9,2021,21000000000
12.25,10,2021,7000000000
12.25,11,2021,23000000000
12.25,12,2021,31000000000
12.25,13,2021,1000000000
12.25,14,2021,96000000000
12.25,15,2021,24000000000
12.25,16,2021,9000000000
12.25,17,2021,3000000000
12.25,1,2022,766000000000
12.25,2,2022,44000000000
12.25,3,2022,3000000000
12.25,4,2022,2000000000
12.25,5,2022,0
12.25,6,2022,112000000000
12.25,7,2022,159000000000
12.25,8,2022,20000000000
12.25,9,2022,22000000000
12.25,10,2022,7000000000
12.25,11,2022,23000000000
12.25,12,2022,32000000000
12.25,13,2022,1000000000
12.25,14,2022,96000000000
12.25,15,2022,25000000000
12.25,16,2022,9000000000
12.25,17,2022,3000000000
12.25,1,2023,786000000000
12.25,2,2023,48000000000
12.25,3,2023,3000000000
12.25,4,2023,2000000000
12.25,5,2023,0
12.25,6,2023,119000000000
12.25,7,2023,167000000000
12.25,8,2023,21000000000
12.25,9,2023,23000000000
12.25,10,2023,7000000000
12.25,11,2023,25000000000
12.25,12,2023,33000000000
12.25,13,2023,1000000000
12.25,14,2023,99000000000
12.25,15,2023,26000000000
12.25,16,2023,10000000000
12.25,17,2023,3000000000
12.25,1,2024,811000000000
12.25,2,2024,50000000000
12.25,3,2024,3000000000
12.25,4,2024,2000000000
12.25,5,2024,0
12.25,6,2024,126000000000
12.25,7,2024,175000000000
12.25,8,2024,21000000000
12.25,9,2024,24000000000
12.25,10,2024,8000000000
12.25,11,2024,25000000000
12.25,12,2024,34000000000
12.25,13,2024,1000000000
12.25,14,2024,105000000000
12.25,15,2024,27000000000
12.25,16,2024,10000000000
12.25,17,2024,3000000000
12.25,1,2025,834000000000
12.25,2,2025,51000000000
12.25,3,2025,3000000000
12.25,4,2025,2000000000
12.25,5,2025,0
12.25,6,2025,126000000000
12.25,7,2025,177000000000
12.25,8,2025,23000000000
12.25,9,2025,25000000000
12.25,10,2025,8000000000
12.25,11,2025,26000000000
12.25,12,2025,36000000000
12.25,13,2025,1000000000
12.25,14,2025,105000000000
12.25,15,2025,28000000000
12.25,16,2025,10000000000
12.25,17,2025,4000000000
12.71,1,2021,1368460000000
12.71,2,2021,1900000000
12.71,3,2021,21013670000000
12.71,4,2021,185510000000
12.71,5,2021,304580000000
12.71,6,2021,31041000000000
12.71,7,2021,41676280000000
12.71,8,2021,8251010000000
12.71,9,2021,3609680000000
12.71,10,2021,12385500000000
12.71,11,2021,9770410000000
12.71,12,2021,12728950000000
12.71,13,2021,3630610000000
12.71,14,2021,2748300000000
12.71,15,2021,4830920000000
12.71,16,2021,2415720000000
12.71,17,2021,1726880000000
12.71,1,2022,1382730000000
12.71,2,2022,1930000000
12.71,3,2022,21473770000000
12.71,4,2022,191700000000
12.71,5,2022,314430000000
12.71,6,2022,31867940000000
12.71,7,2022,43670040000000
12.71,8,2022,9213510000000
12.71,9,2022,4000890000000
12.71,10,2022,13530970000000
12.71,11,2022,10024150000000
12.71,12,2022,13269610000000
12.71,13,2022,4025240000000
12.71,14,2022,2726730000000
12.71,15,2022,5003380000000
12.71,16,2022,2552290000000
12.71,17,2022,1870690000000
12.71,1,2023,1419750000000
12.71,2,2023,2020000000
12.71,3,2023,22045390000000
12.71,4,2023,197140000000
12.71,5,2023,320410000000
12.71,6,2023,33271800000000
12.71,7,2023,45976430000000
12.71,8,2023,10241820000000
12.71,9,2023,4507020000000
12.71,10,2023,14644500000000
12.71,11,2023,10267430000000
12.71,12,2023,13618720000000
12.71,13,2023,4337730000000
12.71,14,2023,2613260000000
12.71,15,2023,5316830000000
12.71,16,2023,2600470000000
12.71,17,2023,2064960000000
12.71,1,2024,1441820000000
12.71,2,2024,2050000000
12.71,3,2024,22751880000000
12.71,4,2024,208580000000
12.71,5,2024,323690000000
12.71,6,2024,35040390000000
12.71,7,2024,47341700000000
12.71,8,2024,11215520000000
12.71,9,2024,5160360000000
12.71,10,2024,15767340000000
12.71,11,2024,10614590000000
12.71,12,2024,14392380000000
12.71,13,2024,4735760000000
12.71,14,2024,2663240000000
12.71,15,2024,5589650000000
12.71,16,2024,2748830000000
12.71,17,2024,2244790000000
12.71,1,2025,1509740000000
12.71,2,2025,2120000000
12.71,3,2025,23411810000000
12.71,4,2025,209460000000
12.71,5,2025,350620000000
12.71,6,2025,34968510000000
12.71,7,2025,50841940000000
12.71,8,2025,12475660000000
12.71,9,2025,5325280000000
12.71,10,2025,16732930000000
12.71,11,2025,11046910000000
12.71,12,2025,15588410000000
12.71,13,2025,5264930000000
12.71,14,2025,2711710000000
12.71,15,2025,5753470000000
12.71,16,2025,2988090000000
12.71,17,2025,2358930000000
12.72,1,2021,162130000000
12.72,2,2021,960000000
12.72,3,2021,1915000000000
12.72,4,2021,30610000000
12.72,5,2021,29300000000
12.72,6,2021,847160000000
12.72,7,2021,2606610000000
12.72,8,2021,707560000000
12.72,9,2021,531160000000
12.72,10,2021,236440000000
12.72,11,2021,376830000000
12.72,12,2021,650920000000
12.72,13,2021,84170000000
12.72,14,2021,456880000000
12.72,15,2021,744380000000
12.72,16,2021,113690000000
12.72,17,2021,53900000000
12.72,1,2022,164250000000
12.72,2,2022,960000000
12.72,3,2022,1949050000000
12.72,4,2022,31860000000
12.72,5,2022,29830000000
12.72,6,2022,865220000000
12.72,7,2022,2757030000000
12.72,8,2022,729250000000
12.72,9,2022,563840000000
12.72,10,2022,242740000000
12.72,11,2022,390270000000
12.72,12,2022,669920000000
12.72,13,2022,87690000000
12.72,14,2022,456700000000
12.72,15,2022,765230000000
12.72,16,2022,118930000000
12.72,17,2022,56100000000
12.72,1,2023,164150000000
12.72,2,2023,980000000
12.72,3,2023,1929870000000
12.72,4,2023,32430000000
12.72,5,2023,30300000000
12.72,6,2023,926170000000
12.72,7,2023,2894540000000
12.72,8,2023,778790000000
12.72,9,2023,601900000000
12.72,10,2023,255620000000
12.72,11,2023,402890000000
12.72,12,2023,697780000000
12.72,13,2023,91450000000
12.72,14,2023,501580000000
12.72,15,2023,803170000000
12.72,16,2023,124800000000
12.72,17,2023,59420000000
12.72,1,2024,167130000000
12.72,2,2024,1000000000
12.72,3,2024,1905780000000
12.72,4,2024,32920000000
12.72,5,2024,30410000000
12.72,6,2024,985080000000
12.72,7,2024,3107970000000
12.72,8,2024,810580000000
12.72,9,2024,641940000000
12.72,10,2024,270510000000
12.72,11,2024,424410000000
12.72,12,2024,740800000000
12.72,13,2024,93850000000
12.72,14,2024,532400000000
12.72,15,2024,832020000000
12.72,16,2024,130760000000
12.72,17,2024,62420000000
12.72,1,2025,173430000000
12.72,2,2025,1000000000
12.72,3,2025,1923760000000
12.72,4,2025,33270000000
12.72,5,2025,30730000000
12.72,6,2025,1017830000000
12.72,7,2025,3347190000000
12.72,8,2025,851760000000
12.72,9,2025,681500000000
12.72,10,2025,275670000000
12.72,11,2025,435690000000
12.72,12,2025,772150000000
12.72,13,2025,95470000000
12.72,14,2025,525790000000
12.72,15,2025,845560000000
12.72,16,2025,135900000000
12.72,17,2025,63760000000
12.73,1,2021,677600000000
12.73,2,2021,100000000
12.73,3,2021,166990000000
12.73,4,2021,4840000000
12.73,5,2021,11500000000
12.73,6,2021,406920000000
12.73,7,2021,983130000000
12.73,8,2021,318660000000
12.73,9,2021,180150000000
12.73,10,2021,62630000000
12.73,11,2021,92270000000
12.73,12,2021,169160000000
12.73,13,2021,19410000000
12.73,14,2021,263540000000
12.73,15,2021,180330000000
12.73,16,2021,45580000000
12.73,17,2021,12890000000
12.73,1,2022,690930000000
12.73,2,2022,100000000
12.73,3,2022,173820000000
12.73,4,2022,5030000000
12.73,5,2022,11980000000
12.73,6,2022,414970000000
12.73,7,2022,1038770000000
12.73,8,2022,341790000000
12.73,9,2022,196120000000
12.73,10,2022,65940000000
12.73,11,2022,96650000000
12.73,12,2022,174400000000
12.73,13,2022,21130000000
12.73,14,2022,263200000000
12.73,15,2022,188550000000
12.73,16,2022,47770000000
12.73,17,2022,13940000000
12.73,1,2023,706560000000
12.73,2,2023,100000000
12.73,3,2023,180500000000
12.73,4,2023,5140000000
12.73,5,2023,12260000000
12.73,6,2023,431270000000
12.73,7,2023,1093740000000
12.73,8,2023,364760000000
12.73,9,2023,208050000000
12.73,10,2023,67870000000
12.73,11,2023,101160000000
12.73,12,2023,178610000000
12.73,13,2023,21970000000
12.73,14,2023,269760000000
12.73,15,2023,195800000000
12.73,16,2023,50360000000
12.73,17,2023,14500000000
12.73,1,2024,725190000000
12.73,2,2024,100000000
12.73,3,2024,187760000000
12.73,4,2024,5230000000
12.73,5,2024,12510000000
12.73,6,2024,443860000000
12.73,7,2024,1145550000000
12.73,8,2024,383700000000
12.73,9,2024,219420000000
12.73,10,2024,68510000000
12.73,11,2024,106320000000
12.73,12,2024,182400000000
12.73,13,2024,22940000000
12.73,14,2024,280470000000
12.73,15,2024,203620000000
12.73,16,2024,52610000000
12.73,17,2024,15110000000
12.73,1,2025,730150000000
12.73,2,2025,100000000
12.73,3,2025,192890000000
12.73,4,2025,5180000000
12.73,5,2025,12470000000
12.73,6,2025,443690000000
12.73,7,2025,1202340000000
12.73,8,2025,406420000000
12.73,9,2025,228700000000
12.73,10,2025,69800000000
12.73,11,2025,107670000000
12.73,12,2025,187350000000
12.73,13,2025,23980000000
12.73,14,2025,283410000000
12.73,15,2025,211530000000
12.73,16,2025,56140000000
12.73,17,2025,16150000000
12.74,1,2021,948740000000
12.74,2,2021,126230000000
12.74,3,2021,1172750000000
12.74,4,2021,43130000000
12.74,5,2021,10340000000
12.74,6,2021,851460000000
12.74,7,2021,1323480000000
12.74,8,2021,355240000000
12.74,9,2021,141160000000
12.74,10,2021,76330000000
12.74,11,2021,105410000000
12.74,12,2021,189710000000
12.74,13,2021,18340000000
12.74,14,2021,332780000000
12.74,15,2021,97490000000
12.74,16,2021,45100000000
12.74,17,2021,61120000000
12.74,1,2022,968260000000
12.74,2,2022,129280000000
12.74,3,2022,1205780000000
12.74,4,2022,45920000000
12.74,5,2022,10460000000
12.74,6,2022,868870000000
12.74,7,2022,1426720000000
12.74,8,2022,379150000000
12.74,9,2022,149400000000
12.74,10,2022,80290000000
12.74,11,2022,109370000000
12.74,12,2022,195440000000
12.74,13,2022,19660000000
12.74,14,2022,326790000000
12.74,15,2022,103190000000
12.74,16,2022,47420000000
12.74,17,2022,65040000000
12.74,1,2023,996310000000
12.74,2,2023,133650000000
12.74,3,2023,1260240000000
12.74,4,2023,46420000000
12.74,5,2023,10770000000
12.74,6,2023,907460000000
12.74,7,2023,1500720000000
12.74,8,2023,401340000000
12.74,9,2023,161360000000
12.74,10,2023,84650000000
12.74,11,2023,115000000000
12.74,12,2023,202540000000
12.74,13,2023,20600000000
12.74,14,2023,359140000000
12.74,15,2023,109420000000
12.74,16,2023,48830000000
12.74,17,2023,70300000000
12.74,1,2024,996200000000
12.74,2,2024,137670000000
12.74,3,2024,1365350000000
12.74,4,2024,48840000000
12.74,5,2024,11190000000
12.74,6,2024,958410000000
12.74,7,2024,1588420000000
12.74,8,2024,421990000000
12.74,9,2024,169600000000
12.74,10,2024,88780000000
12.74,11,2024,117050000000
12.74,12,2024,208850000000
12.74,13,2024,21270000000
12.74,14,2024,370430000000
12.74,15,2024,113280000000
12.74,16,2024,51940000000
12.74,17,2024,75080000000
12.74,1,2025,1009090000000
12.74,2,2025,141380000000
12.74,3,2025,1450690000000
12.74,4,2025,50540000000
12.74,5,2025,11600000000
12.74,6,2025,967790000000
12.74,7,2025,1712630000000
12.74,8,2025,457260000000
12.74,9,2025,181950000000
12.74,10,2025,92190000000
12.74,11,2025,120480000000
12.74,12,2025,223450000000
12.74,13,2025,22570000000
12.74,14,2025,370700000000
12.74,15,2025,119180000000
12.74,16,2025,54580000000
12.74,17,2025,79350000000
12.75,1,2021,255420000000
12.75,2,2021,244790000000
12.75,3,2021,868990000000
12.75,4,2021,14500000000
12.75,5,2021,9780000000
12.75,6,2021,947770000000
12.75,7,2021,2515010000000
12.75,8,2021,629630000000
12.75,9,2021,456900000000
12.75,10,2021,294640000000
12.75,11,2021,273240000000
12.75,12,2021,585140000000
12.75,13,2021,58060000000
12.75,14,2021,492610000000
12.75,15,2021,395640000000
12.75,16,2021,79420000000
12.75,17,2021,41220000000
12.75,1,2022,262340000000
12.75,2,2022,250470000000
12.75,3,2022,893790000000
12.75,4,2022,15450000000
12.75,5,2022,9840000000
12.75,6,2022,951960000000
12.75,7,2022,2652550000000
12.75,8,2022,666100000000
12.75,9,2022,500610000000
12.75,10,2022,316070000000
12.75,11,2022,288270000000
12.75,12,2022,614070000000
12.75,13,2022,62020000000
12.75,14,2022,490380000000
12.75,15,2022,404550000000
12.75,16,2022,82790000000
12.75,17,2022,42330000000
12.75,1,2023,269900000000
12.75,2,2023,254600000000
12.75,3,2023,922880000000
12.75,4,2023,16140000000
12.75,5,2023,10100000000
12.75,6,2023,980150000000
12.75,7,2023,2799230000000
12.75,8,2023,720730000000
12.75,9,2023,547940000000
12.75,10,2023,335190000000
12.75,11,2023,299950000000
12.75,12,2023,633280000000
12.75,13,2023,65870000000
12.75,14,2023,496880000000
12.75,15,2023,423830000000
12.75,16,2023,86620000000
12.75,17,2023,43840000000
12.75,1,2024,280530000000
12.75,2,2024,245930000000
12.75,3,2024,954300000000
12.75,4,2024,16590000000
12.75,5,2024,10150000000
12.75,6,2024,1010510000000
12.75,7,2024,2956150000000
12.75,8,2024,778960000000
12.75,9,2024,602250000000
12.75,10,2024,360090000000
12.75,11,2024,306880000000
12.75,12,2024,646180000000
12.75,13,2024,68600000000
12.75,14,2024,508390000000
12.75,15,2024,440100000000
12.75,16,2024,90310000000
12.75,17,2024,46170000000
12.75,1,2025,301910000000
12.75,2,2025,239590000000
12.75,3,2025,984900000000
12.75,4,2025,16810000000
12.75,5,2025,10660000000
12.75,6,2025,1010030000000
12.75,7,2025,3127370000000
12.75,8,2025,862920000000
12.75,9,2025,632040000000
12.75,10,2025,379900000000
12.75,11,2025,309810000000
12.75,12,2025,692670000000
12.75,13,2025,73710000000
12.75,14,2025,496970000000
12.75,15,2025,457440000000
12.75,16,2025,96080000000
12.75,17,2025,48800000000
12.76,1,2021,571300000000
12.76,2,2021,6890000000
12.76,3,2021,500450000000
12.76,4,2021,8180000000
12.76,5,2021,9400000000
12.76,6,2021,585590000000
12.76,7,2021,967980000000
12.76,8,2021,317770000000
12.76,9,2021,176030000000
12.76,10,2021,118940000000
12.76,11,2021,198610000000
12.76,12,2021,323900000000
12.76,13,2021,16770000000
12.76,14,2021,398560000000
12.76,15,2021,250910000000
12.76,16,2021,47400000000
12.76,17,2021,40260000000
12.76,1,2022,59330000000
12.76,2,2022,7140000000
12.76,3,2022,506610000000
12.76,4,2022,8550000000
12.76,5,2022,9720000000
12.76,6,2022,598490000000
12.76,7,2022,1007660000000
12.76,8,2022,347420000000
12.76,9,2022,190150000000
12.76,10,2022,130060000000
12.76,11,2022,206880000000
12.76,12,2022,339060000000
12.76,13,2022,17760000000
12.76,14,2022,398910000000
12.76,15,2022,263250000000
12.76,16,2022,51620000000
12.76,17,2022,43690000000
12.76,1,2023,61180000000
12.76,2,2023,7470000000
12.76,3,2023,503920000000
12.76,4,2023,8610000000
12.76,5,2023,9920000000
12.76,6,2023,615500000000
12.76,7,2023,1050010000000
12.76,8,2023,368520000000
12.76,9,2023,200500000000
12.76,10,2023,140640000000
12.76,11,2023,217690000000
12.76,12,2023,351940000000
12.76,13,2023,19190000000
12.76,14,2023,411690000000
12.76,15,2023,283150000000
12.76,16,2023,55060000000
12.76,17,2023,47750000000
12.76,1,2024,61420000000
12.76,2,2024,7600000000
12.76,3,2024,494230000000
12.76,4,2024,8790000000
12.76,5,2024,10140000000
12.76,6,2024,623690000000
12.76,7,2024,1116320000000
12.76,8,2024,377340000000
12.76,9,2024,213360000000
12.76,10,2024,148180000000
12.76,11,2024,226670000000
12.76,12,2024,363590000000
12.76,13,2024,19900000000
12.76,14,2024,426440000000
12.76,15,2024,293480000000
12.76,16,2024,57680000000
12.76,17,2024,50710000000
12.76,1,2025,63270000000
12.76,2,2025,7680000000
12.76,3,2025,498160000000
12.76,4,2025,8780000000
12.76,5,2025,9960000000
12.76,6,2025,641690000000
12.76,7,2025,1190610000000
12.76,8,2025,385470000000
12.76,9,2025,224850000000
12.76,10,2025,150810000000
12.76,11,2025,227860000000
12.76,12,2025,370190000000
12.76,13,2025,20110000000
12.76,14,2025,425180000000
12.76,15,2025,300300000000
12.76,16,2025,59300000000
12.76,17,2025,53510000000
12.77,1,2021,505470000000
12.77,2,2021,19980000000
12.77,3,2021,162240000000
12.77,4,2021,10480000000
12.77,5,2021,9090000000
12.77,6,2021,516350000000
12.77,7,2021,990690000000
12.77,8,2021,283990000000
12.77,9,2021,269680000000
12.77,10,2021,155330000000
12.77,11,2021,241240000000
12.77,12,2021,181240000000
12.77,13,2021,20780000000
12.77,14,2021,409620000000
12.77,15,2021,498280000000
12.77,16,2021,53150000000
12.77,17,2021,19180000000
12.77,1,2022,524250000000
12.77,2,2022,20770000000
12.77,3,2022,166310000000
12.77,4,2022,10980000000
12.77,5,2022,9250000000
12.77,6,2022,537370000000
12.77,7,2022,1046480000000
12.77,8,2022,305730000000
12.77,9,2022,297890000000
12.77,10,2022,168540000000
12.77,11,2022,248720000000
12.77,12,2022,188660000000
12.77,13,2022,21520000000
12.77,14,2022,407150000000
12.77,15,2022,524750000000
12.77,16,2022,55250000000
12.77,17,2022,20390000000
12.77,1,2023,545010000000
12.77,2,2023,21860000000
12.77,3,2023,169200000000
12.77,4,2023,11200000000
12.77,5,2023,9370000000
12.77,6,2023,557810000000
12.77,7,2023,1118120000000
12.77,8,2023,322100000000
12.77,9,2023,322900000000
12.77,10,2023,183420000000
12.77,11,2023,259110000000
12.77,12,2023,192650000000
12.77,13,2023,21700000000
12.77,14,2023,406610000000
12.77,15,2023,564890000000
12.77,16,2023,57900000000
12.77,17,2023,21810000000
12.77,1,2024,556060000000
12.77,2,2024,23370000000
12.77,3,2024,178200000000
12.77,4,2024,11500000000
12.77,5,2024,9620000000
12.77,6,2024,540970000000
12.77,7,2024,1190720000000
12.77,8,2024,345490000000
12.77,9,2024,349230000000
12.77,10,2024,196280000000
12.77,11,2024,274600000000
12.77,12,2024,204200000000
12.77,13,2024,22870000000
12.77,14,2024,435070000000
12.77,15,2024,602980000000
12.77,16,2024,60960000000
12.77,17,2024,23090000000
12.77,1,2025,578280000000
12.77,2,2025,24550000000
12.77,3,2025,185540000000
12.77,4,2025,11850000000
12.77,5,2025,9880000000
12.77,6,2025,537940000000
12.77,7,2025,1267950000000
12.77,8,2025,369570000000
12.77,9,2025,366790000000
12.77,10,2025,205430000000
12.77,11,2025,286970000000
12.77,12,2025,212010000000
12.77,13,2025,23610000000
12.77,14,2025,444550000000
12.77,15,2025,655240000000
12.77,16,2025,63860000000
12.77,17,2025,23660000000
12.78,1,2021,507940000000
12.78,2,2021,92110000000
12.78,3,2021,6290000000
12.78,4,2021,4260000000
12.78,5,2021,3700000000
12.78,6,2021,691200000000
12.78,7,2021,1026200000000
12.78,8,2021,286490000000
12.78,9,2021,126220000000
12.78,10,2021,84590000000
12.78,11,2021,114330000000
12.78,12,2021,163550000000
12.78,13,2021,9830000000
12.78,14,2021,163250000000
12.78,15,2021,204740000000
12.78,16,2021,23390000000
12.78,17,2021,11050000000
12.78,1,2022,519330000000
12.78,2,2022,94240000000
12.78,3,2022,6490000000
12.78,4,2022,4460000000
12.78,5,2022,3740000000
12.78,6,2022,697520000000
12.78,7,2022,1062410000000
12.78,8,2022,307340000000
12.78,9,2022,134020000000
12.78,10,2022,90370000000
12.78,11,2022,118810000000
12.78,12,2022,168600000000
12.78,13,2022,10260000000
12.78,14,2022,163230000000
12.78,15,2022,211480000000
12.78,16,2022,24550000000
12.78,17,2022,11670000000
12.78,1,2023,529740000000
12.78,2,2023,96870000000
12.78,3,2023,6870000000
12.78,4,2023,4600000000
12.78,5,2023,3820000000
12.78,6,2023,711930000000
12.78,7,2023,1106860000000
12.78,8,2023,332800000000
12.78,9,2023,142750000000
12.78,10,2023,94750000000
12.78,11,2023,124960000000
12.78,12,2023,172790000000
12.78,13,2023,10660000000
12.78,14,2023,167960000000
12.78,15,2023,217550000000
12.78,16,2023,25380000000
12.78,17,2023,12290000000
12.78,1,2024,540330000000
12.78,2,2024,98960000000
12.78,3,2024,7160000000
12.78,4,2024,4760000000
12.78,5,2024,3900000000
12.78,6,2024,739730000000
12.78,7,2024,1158910000000
12.78,8,2024,348300000000
12.78,9,2024,148650000000
12.78,10,2024,98760000000
12.78,11,2024,129530000000
12.78,12,2024,178590000000
12.78,13,2024,11060000000
12.78,14,2024,175820000000
12.78,15,2024,223020000000
12.78,16,2024,26710000000
12.78,17,2024,12690000000
12.78,1,2025,548850000000
12.78,2,2025,102110000000
12.78,3,2025,7530000000
12.78,4,2025,4820000000
12.78,5,2025,3970000000
12.78,6,2025,738580000000
12.78,7,2025,1230940000000
12.78,8,2025,365690000000
12.78,9,2025,158940000000
12.78,10,2025,97100000000
12.78,11,2025,134630000000
12.78,12,2025,187020000000
12.78,13,2025,11600000000
12.78,14,2025,174410000000
12.78,15,2025,233250000000
12.78,16,2025,28080000000
12.78,17,2025,13360000000