tingkat_wilayah,provinsi_id,kabupaten_id,sektor_id,tahun_awal,tahun_akhir,n_nij,c_cij,s_sij,d_dij,keunggulan_kompetitif,spesialisasi
provinsi,19,,1,2021,2022,532760721733.36,-289942994274.8,-135857727458.57,106960000000,0,0
provinsi,19,,2,2021,2022,319134394103.57,-36287479553.69,-249796914549.88,33050000000,0,0
provinsi,19,,3,2021,2022,587438264622.37,-6525446044.01,29887181421.64,610800000000,1,0
provinsi,19,,4,2021,2022,3019336267.21,1013939785.35,-6103276052.55,-2070000000,0,1
provinsi,19,,5,2021,2022,504624445.77,-174746329.37,80121883.6,410000000,1,0
provinsi,19,,6,2021,2022,242297901286.96,-143648230764.66,-150639670522.3,-51990000000,0,0
provinsi,19,,7,2021,2022,379124346108.95,44636085412.95,401819568478.1,825580000000,1,1
provinsi,19,,8,2021,2022,92989917109.67,280482389253.71,20897693636.62,394370000000,1,1
provinsi,19,,9,2021,2022,69999326306.24,99007717900.83,-21937044207.07,147070000000,0,1
provinsi,19,,10,2021,2022,77757185065.22,43675022145.89,33487792788.89,154920000000,1,1
provinsi,19,,11,2021,2022,48126330231.24,-29312750622.87,35406420391.63,54220000000,1,0
provinsi,19,,12,2021,2022,95417061747.87,-62246633742.11,65469571994.24,98640000000,1,0
provinsi,19,,13,2021,2022,6208859602.4,4801337666.39,2789802731.21,13800000000,1,1
provinsi,19,,14,2021,2022,155216542761.47,-76164522179.8,-122132020581.66,-43080000000,0,0
provinsi,19,,15,2021,2022,69386356023.58,-61714267156.87,34757911133.29,42430000000,1,0
provinsi,19,,16,2021,2022,39802995255.09,-17670213069.59,-4732782185.5,17400000000,0,0
provinsi,19,,17,2021,2022,20118189301.32,18375115158.64,-6443304459.96,32050000000,0,1
provinsi,19,,1,2022,2023,549650194365.67,-407638375664.42,264188181298.76,406200000000,1,0
provinsi,19,,2,2022,2023,327683736071.17,69228040243.04,-474511776314.21,-77600000000,0,1
provinsi,19,,3,2022,2023,630970088730.17,-51708144680.19,-339971944049.97,239290000000,0,0
provinsi,19,,4,2022,2023,2979802224.76,-86690268.15,-1483111956.61,1410000000,0,0
provinsi,19,,5,2022,2023,536222890.18,-16710971.35,-489511918.83,30000000,0,0
provinsi,19,,6,2022,2023,244893145561.14,-6801947534.27,195188801973.14,433280000000,1,0
provinsi,19,,7,2022,2023,429020765224.71,-17298595412.96,-211262169811.75,200460000000,0,0
provinsi,19,,8,2022,2023,114925553986.84,202585188587.52,-102050742574.36,215460000000,0,1
provinsi,19,,9,2022,2023,78941005444.56,77307812567.33,-1278818011.89,154970000000,0,1
provinsi,19,,10,2022,2023,87262820816.5,43872131820.98,107415047362.52,238550000000,1,1
provinsi,19,,11,2022,2023,51903949878.4,-2870199885.26,93856250006.86,142890000000,1,0
provinsi,19,,12,2022,2023,102459003532.6,-73456588685.94,54847585153.34,83850000000,1,0
provinsi,19,,13,2022,2023,7040136531.71,4445085087.8,854778380.5,12340000000,1,1
provinsi,19,,14,2022,2023,156385034262.65,-109593752878.78,158418718616.14,205210000000,1,0
provinsi,19,,15,2022,2023,73026381048.98,-47412559774.72,129526178725.74,155140000000,1,0
provinsi,19,,16,2022,2023,41540343294.11,-3194967724.67,34164624430.55,72510000000,1,0
provinsi,19,,17,2022,2023,22171628833.16,23965684040.77,1972687126.07,48110000000,1,1
provinsi,19,,1,2023,2024,577011637261.22,-500658570098.25,276716932837.03,353070000000,1,0
provinsi,19,,2,2023,2024,327641453357.79,-14039981419.37,-570211471938.42,-256610000000,0,0
provinsi,19,,3,2023,2024,650769361367.8,-87302886353.73,-1063776475014.1,-500310000000,0,0
provinsi,19,,4,2023,2024,3087623032.82,-205091289.59,157468256.78,3040000000,1,0
provinsi,19,,5,2023,2024,544182691.22,-377175848.6,242993157.38,410000000,1,0
provinsi,19,,6,2023,2024,269987752182.18,100446440871.94,-400694193054.12,-30260000000,0,1
provinsi,19,,7,2023,2024,444414159666.11,-19751852749.31,-454612306916.8,-29950000000,0,0
provinsi,19,,8,2023,2024,127322383349.55,88916671552.92,-156879054902.46,59360000000,0,1
provinsi,19,,9,2023,2024,87812878747.1,57425324516.66,-82668203263.75,62570000000,0,1
provinsi,19,,10,2023,2024,100509111009.25,48326440174.28,44364448816.47,193200000000,1,1
provinsi,19,,11,2023,2024,59834012089.79,-4433148945.42,-45970863144.37,9430000000,0,0
provinsi,19,,12,2023,2024,107975256616.84,-55237514097.11,21992257480.27,74730000000,1,0
provinsi,19,,13,2023,2024,7755626249.73,4955479736.63,-2261105986.36,10450000000,0,1
provinsi,19,,14,2023,2024,168754428117.7,43405540983.09,78810030899.21,290970000000,1,1
provinsi,19,,15,2023,2024,81836075241.8,-21676368462.9,111050293221.1,171210000000,1,0
provinsi,19,,16,2023,2024,45746636105.71,26936304743.8,-58022940849.51,14660000000,0,1
provinsi,19,,17,2023,2024,24897892473.16,22799835183.57,-8107727656.74,39590000000,0,1
provinsi,19,,1,2024,2025,600701113105.89,19011075757.81,-250782188863.7,368930000000,0,1
provinsi,19,,2,2024,2025,317493715836.08,-358130005349.65,450646289513.58,410010000000,1,0
provinsi,19,,3,2024,2025,631097701001.94,16443391357.34,-118631092359.27,528910000000,0,1
provinsi,19,,4,2024,2025,3273796413.57,-1307530586.36,963734172.79,2930000000,1,0
provinsi,19,,5,2024,2025,570500715.5,-466483795.4,155983079.9,260000000,1,0
provinsi,19,,6,2024,2025,270980611799.68,-70755041146.64,-266605570653.05,-66380000000,0,0
provinsi,19,,7,2024,2025,447073789210.4,28516978073.4,-45040767283.8,430550000000,0,1
provinsi,19,,8,2024,2025,131592056440.66,92183379069.77,-83245435510.43,140530000000,0,1
provinsi,19,,9,2024,2025,91874364546.74,39971777052.02,31313858401.25,163160000000,1,1
provinsi,19,,10,2024,2025,111435052879.94,68751611382.43,13513335737.63,193700000000,1,1
provinsi,19,,11,2024,2025,60887140615.82,-14222740108.18,-37094400507.64,9570000000,0,0
provinsi,19,,12,2024,2025,112855367330.93,-34603471453.25,4668104122.32,82920000000,1,0
provinsi,19,,13,2024,2025,8368548504.58,6374357844.06,-3242906348.63,11500000000,0,1
provinsi,19,,14,2024,2025,185374010769.85,-46790467391.63,-142903543378.23,-4320000000,0,0
provinsi,19,,15,2024,2025,91449973969.23,-3032336373.66,30662362404.43,119080000000,1,0
provinsi,19,,16,2024,2025,46936462033.42,3921822397.02,-548284430.43,50310000000,0,1
provinsi,19,,17,2024,2025,27177518247.95,25069177811.08,-4626696059.03,47620000000,0,1
provinsi,21,,1,2021,2022,263297699178.83,-143293828113.29,159806128934.46,279810000000,1,0
provinsi,21,,2,2021,2022,1224397997649.6,-139221337863.27,-2818386659786.3,-1733210000000,0,0
provinsi,21,,3,2021,2022,3756253692533.4,-41725628503.27,-291718064030.12,3422810000000,0,0
provinsi,21,,4,2021,2022,81577488957.63,27394981652.53,161107529389.85,270080000000,1,1
provinsi,21,,5,2021,2022,10818752333.49,-3746424245.82,12207671912.33,19280000000,1,0
provinsi,21,,6,2021,2022,1645275069347.7,-975414362145.48,991369292797.75,1661230000000,1,0
provinsi,21,,7,2021,2022,672485294009.61,79174844165.08,1132979861825.3,1884640000000,1,1
provinsi,21,,8,2021,2022,124421588593.27,375288692882.95,465229718523.78,964940000000,1,1
provinsi,21,,9,2021,2022,116654824697.01,164997701904.21,890507473398.78,1172160000000,1,1
provinsi,21,,10,2021,2022,292358130497.15,164213092504.35,55098776998.51,511670000000,1,1
provinsi,21,,11,2021,2022,239115304169.65,-145640177581.77,108294873412.12,201770000000,1,0
provinsi,21,,12,2021,2022,111211312170.7,-72550230429.03,65688918258.33,104350000000,1,0
provinsi,21,,13,2021,2022,283974933.21,219599029.52,366426037.27,870000000,1,1
provinsi,21,,14,2021,2022,199291530260.91,-97792051715.33,33660521454.42,135160000000,1,0
provinsi,21,,15,2021,2022,108007936399.74,-96065437414.97,60507501015.23,72450000000,1,0
provinsi,21,,16,2021,2022,93308028402.45,-41423333405.14,-52174694997.31,-290000000,0,0
provinsi,21,,17,2021,2022,13499198654.27,12329605120.34,165091196225.39,190920000000,1,1
provinsi,21,,1,2022,2023,283114567347.44,-209966927226.57,12622359879.13,85770000000,1,0
provinsi,21,,2,2022,2023,1163194808043.7,245742123021.49,-2018286931065.2,-609350000000,0,1
provinsi,21,,3,2022,2023,4010207321892.3,-328637417369.96,-1726769904522.4,1954800000000,0,0
provinsi,21,,4,2022,2023,96985587980.67,-2821565323.61,59945977342.94,154110000000,1,0
provinsi,21,,5,2022,2023,12026352398.31,-374791964.33,-1051560433.98,10600000000,0,0
provinsi,21,,6,2022,2023,1764696896719.7,-49014747545.84,1947307850826.1,3662990000000,1,0
provinsi,21,,7,2022,2023,782229418419.62,-31540361973.55,157210943553.93,907900000000,1,0
provinsi,21,,8,2022,2023,175871000100.15,310016862972.38,33242136927.47,519130000000,1,1
provinsi,21,,9,2022,2023,178409593481.25,174718517143.13,611091889375.62,964220000000,1,1
provinsi,21,,10,2022,2023,324519465085.89,163154945227.6,794085589686.52,1281760000000,1,1
provinsi,21,,11,2022,2023,254466821535.3,-14071581135.64,194964759600.34,435360000000,1,0
provinsi,21,,12,2022,2023,118882282551.58,-85231035149.18,89738752597.6,123390000000,1,0
provinsi,21,,13,2022,2023,334065344.4,210926148.1,665008507.5,1210000000,1,1
provinsi,21,,14,2022,2023,210418208491.95,-147459897626.35,150581689134.4,213540000000,1,0
provinsi,21,,15,2022,2023,113997650851.72,-74013258736.73,47375607885,87360000000,1,0
provinsi,21,,16,2022,2023,95304647987.53,-7330109724.3,-178804538263.23,-90830000000,0,0
provinsi,21,,17,2022,2023,23439156645.19,25335776030.15,51005067324.66,99780000000,1,1
provinsi,21,,1,2023,2024,290893778203.28,-252401257861.98,-5952520341.3,32540000000,0,0
provinsi,21,,2,2023,2024,1145967938632.6,-49106632877.82,-2852131305754.8,-1755270000000,0,0
provinsi,21,,3,2023,2024,4158239058010.1,-557841677042.18,2713332619032,6313730000000,1,0
provinsi,21,,4,2023,2024,106029701205.74,-7042883125.47,50323181919.73,149310000000,1,0
provinsi,21,,5,2023,2024,12712598658.88,-8811168132.42,1028569473.54,4930000000,1,0
provinsi,21,,6,2023,2024,1973186491830,734105746201.29,-488042238031.31,2219250000000,0,1
provinsi,21,,7,2023,2024,838037252884.85,-37246311930.87,115549059046.03,916340000000,1,0
provinsi,21,,8,2023,2024,204529325566.66,142834797668.08,-246994123234.74,100370000000,0,1
provinsi,21,,9,2023,2024,229862461902.82,150318798988.29,-190831260891.11,189350000000,0,1
provinsi,21,,10,2023,2024,393963718850.65,189424261131.14,-587867979981.78,-4480000000,0,1
provinsi,21,,11,2023,2024,279782529174.31,-20729307309.26,146466778134.96,405520000000,1,0
provinsi,21,,12,2023,2024,126617605390.42,-64774486135.41,76636880744.99,138480000000,1,0
provinsi,21,,13,2023,2024,399953820.05,255551645.61,-265505465.66,390000000,0,1
provinsi,21,,14,2023,2024,223861108802.43,57579600375.68,500339290821.88,781780000000,1,1
provinsi,21,,15,2023,2024,119831688146.86,-31740474089.55,4238785942.69,92330000000,1,0
provinsi,21,,16,2023,2024,91801165049.88,54053901403.93,205934933546.19,351790000000,1,1
provinsi,21,,17,2023,2024,28823270438.52,26394435438.99,34652294122.49,89870000000,1,1
provinsi,21,,1,2024,2025,295326794369.97,9346545126.32,-104943339496.3,199730000000,0,1
provinsi,21,,2,2024,2025,1066190458896.6,-1202653078480.2,3441732619583.6,3305270000000,1,0
provinsi,21,,3,2024,2025,4523564193198.4,117862473973.06,1944743332828.5,6586170000000,1,1
provinsi,21,,4,2024,2025,114741891868.89,-45827080918.64,161515189049.75,230430000000,1,0
provinsi,21,,5,2024,2025,13087441300.67,-10701264913.65,27263823612.98,29650000000,1,0
provinsi,21,,6,2024,2025,2106438365799.9,-550006630567.37,606288264767.45,2162720000000,1,0
provinsi,21,,7,2024,2025,893278145656.17,56978498645.86,355293355697.97,1305550000000,1,1
provinsi,21,,8,2024,2025,211646988516.84,148263771379.09,-65380759895.93,294530000000,0,1
provinsi,21,,9,2024,2025,241813827255.97,105205934635.37,-212409761891.34,134610000000,0,1
provinsi,21,,10,2024,2025,397460878571.41,245219750491.81,-846400629063.22,-203720000000,0,1
provinsi,21,,11,2024,2025,303366982281.74,-70864056067.6,9007073785.87,241510000000,1,0
provinsi,21,,12,2024,2025,134965496870.6,-41382832102.62,55787335232.02,149370000000,1,0
provinsi,21,,13,2024,2025,423874287.26,322866789.44,633258923.3,1380000000,1,1
provinsi,21,,14,2024,2025,266342260281.07,-67227756431.11,-274194503849.96,-75080000000,0,0
provinsi,21,,15,2024,2025,125732678503.81,-4169096587.32,11956418083.51,133520000000,1,0
provinsi,21,,16,2024,2025,110832542169.55,9260722418.52,-62843264588.07,57250000000,0,1
provinsi,21,,17,2024,2025,33735953170.13,31118831415.46,-52034784585.58,12820000000,0,1
provinsi,16,,1,2021,2022,2712827873573.6,-1476395320692.8,855767447119.19,2092200000000,1,0
provinsi,16,,2,2021,2022,3565601629622,-405430121673.16,1364838492051.1,4525010000000,1,0
provinsi,16,,3,2021,2022,2996648945799.9,-33287703893.83,-227171241906.1,2736190000000,0,0
provinsi,16,,4,2021,2022,20671792002.12,6941907257.25,-21513699259.37,6100000000,0,1
provinsi,16,,5,2021,2022,17969577567.99,-6222682525,-9336895043,2410000000,0,0
provinsi,16,,6,2021,2022,1814256480692.3,-1075596330882.4,-274240149809.84,464420000000,0,0
provinsi,16,,7,2021,2022,1733297898775.5,204069281885.66,1662242819338.9,3599610000000,1,1
provinsi,16,,8,2021,2022,295454644620.76,891170002244.47,-491894646865.24,694730000000,0,1
provinsi,16,,9,2021,2022,225435529120.57,318858172639.37,124336298240.06,668630000000,1,1
provinsi,16,,10,2021,2022,640761731915.22,359906069235.41,51462198849.37,1052130000000,1,1
provinsi,16,,11,2021,2022,385438583169.15,-234762655174.06,-197475927995.08,-46800000000,0,0
provinsi,16,,12,2021,2022,534697094361.55,-348817010144.81,379329915783.26,565210000000,1,0
provinsi,16,,13,2021,2022,17825116452.14,13784238734.67,-21159355186.81,10450000000,0,1
provinsi,16,,14,2021,2022,507615582438.42,-249086196610.25,120950614171.83,379480000000,1,0
provinsi,16,,15,2021,2022,426145449857.98,-379026304988.31,146150855130.33,193270000000,1,0
provinsi,16,,16,2021,2022,118742089929.08,-52714576275.69,33502486346.61,99530000000,1,0
provinsi,16,,17,2021,2022,134849999076.05,123166365772.44,-202166364848.5,55850000000,0,1
provinsi,16,,1,2022,2023,2877042006486.2,-2133707478436.9,484395471950.75,1227730000000,1,0
provinsi,16,,2,2022,2023,3871150221666,817837792456.52,1402791985877.5,6091780000000,1,1
provinsi,16,,3,2022,2023,3199527766661.5,-262202040353.11,-483465726308.45,2453860000000,0,0
provinsi,16,,4,2022,2023,21425667489.24,-623328905.68,-2562338583.56,18240000000,0,0
provinsi,16,,5,2022,2023,18478715865.67,-575874877.79,-17512840987.88,390000000,0,0
provinsi,16,,6,2022,2023,1876834698150.3,-52129393487.4,-505095304662.86,1319610000000,0,0
provinsi,16,,7,2022,2023,1952581614371.5,-78730266914.02,904968652542.47,2778820000000,1,0
provinsi,16,,8,2022,2023,336934465365.95,593931722231.33,-430696187597.28,500170000000,0,1
provinsi,16,,9,2022,2023,264086993744.99,258623356757.78,163979649497.23,686690000000,1,1
provinsi,16,,10,2022,2023,707747503041.05,355826129144.73,-174973632185.78,888600000000,0,1
provinsi,16,,11,2022,2023,391381557170.24,-21642732453.24,-13478824717,356260000000,0,0
provinsi,16,,12,2022,2023,574787979789.25,-412086422444.72,324518442655.47,487220000000,1,0
provinsi,16,,13,2022,2023,18737477524.26,11830691287.16,-23038168811.42,7530000000,0,1
provinsi,16,,14,2022,2023,537736039405.26,-376842393483.89,236156354078.63,397050000000,1,0
provinsi,16,,15,2022,2023,445098860234.26,-288981543565.22,39992683330.96,196110000000,1,0
provinsi,16,,16,2022,2023,126331788113.48,-9716481704.65,-117095306408.83,-480000000,0,0
provinsi,16,,17,2022,2023,140579346546.02,151954564426.99,-238323910973.01,54210000000,0,1
provinsi,16,,1,2023,2024,2974309262165.7,-2580733777387.8,1007244515222.1,1400820000000,1,0
provinsi,16,,2,2023,2024,4229101464245.5,-181224034291.53,-1311917429953.9,2735960000000,0,0
provinsi,16,,3,2023,2024,3363369710846.5,-451207295645.32,68137584798.83,2980300000000,1,0
provinsi,16,,4,2023,2024,22615291579.43,-1502190929.82,16826899350.38,37940000000,1,0
provinsi,16,,5,2023,2024,18720089158.04,-12974990987.4,4804901829.35,10550000000,1,0
provinsi,16,,6,2023,2024,1966815871903.4,731735616102.43,-432711488005.87,2265840000000,0,1
provinsi,16,,7,2023,2024,2118101728762.9,-94138389933.44,1077296661170.5,3101260000000,1,0
provinsi,16,,8,2023,2024,366553073029.76,255985462601.81,-376488535631.57,246050000000,0,1
provinsi,16,,9,2023,2024,302372248258.85,197736650122.86,55191101618.29,555300000000,1,1
provinsi,16,,10,2023,2024,761675737348.74,366226271266.1,189137991385.16,1317040000000,1,1
provinsi,16,,11,2023,2024,414292317937.16,-30695243193.82,188382925256.65,571980000000,1,0
provinsi,16,,12,2023,2024,606594410797.93,-310318941279.09,672694530481.17,968970000000,1,0
provinsi,16,,13,2023,2024,19347126732.71,12361902365.94,-12109029098.64,19600000000,0,1
provinsi,16,,14,2023,2024,564486740714.82,145192352175.91,322100907109.27,1031780000000,1,1
provinsi,16,,15,2023,2024,460462434558.23,-121965201353.03,269882766794.81,608380000000,1,0
provinsi,16,,16,2023,2024,127821046999.87,75262947568.52,-19553994568.39,183530000000,0,1
provinsi,16,,17,2023,2024,145036450558.68,132814742127.78,-160951192686.46,116900000000,0,1
provinsi,16,,1,2024,2025,3074780982069.8,97311113486.3,273887904443.9,3445980000000,1,1
provinsi,16,,2,2024,2025,4410380465274.7,-4974868795319.2,3487348330044.5,2922860000000,1,0
provinsi,16,,3,2024,2025,3549070495005.9,92471823319.13,-510012318325.05,3131530000000,0,1
provinsi,16,,4,2024,2025,24788127015.96,-9900198472.24,18132071456.27,33020000000,1,0
provinsi,16,,5,2024,2025,19441941577.94,-15897176727.02,785235149.08,4330000000,1,0
provinsi,16,,6,2024,2025,2102412850796.5,-548955538838.66,902282688042.15,2455740000000,1,0
provinsi,16,,7,2024,2025,2298262390541.5,146596601678.99,1332061007779.5,3776920000000,1,1
provinsi,16,,8,2024,2025,382725438823.79,268108312621.78,-278013751445.57,372820000000,0,1
provinsi,16,,9,2024,2025,333903484832.9,145271379219.63,145435135947.47,624610000000,1,1
provinsi,16,,10,2024,2025,836881697550.24,516327347239.95,-364419044790.19,988790000000,0,1
provinsi,16,,11,2024,2025,447743933942.27,-104589335992.23,44565402049.96,387720000000,1,0
provinsi,16,,12,2024,2025,662362172791.88,-203092073332.29,539559900540.41,998830000000,1,0
provinsi,16,,13,2024,2025,20542156079.96,15647044845.41,-11879200925.38,24310000000,0,1
provinsi,16,,14,2024,2025,623098816309.39,-157277089302.9,-55161727006.5,410660000000,0,0
provinsi,16,,15,2024,2025,496230299276.98,-16454211203.14,-68376088073.84,411400000000,0,0
provinsi,16,,16,2024,2025,138506215338.39,11573023485.53,5350761176.08,155430000000,1,1
provinsi,16,,17,2024,2025,152444502955.03,140618371259.51,-171812874214.54,121250000000,0,1
provinsi,18,,1,2021,2022,3362671856053,-1830058236154.2,-184813619898.83,1347800000000,0,0
provinsi,18,,2,2021,2022,633104798045.4,-71987782698.71,-1038847015346.7,-477730000000,0,0
provinsi,18,,3,2021,2022,2296304424544.9,-25508060208.88,-2096586364336,174210000000,0,0
provinsi,18,,4,2021,2022,19963338858.64,6703997741.82,-1397336600.47,25270000000,0,1
provinsi,18,,5,2021,2022,13500188113.96,-4674978270.53,1314790156.56,10140000000,1,0
provinsi,18,,6,2021,2022,1252596114841.4,-742611532349.03,466595417507.58,976580000000,1,0
provinsi,18,,7,2021,2022,1512885856539.6,178119139553.05,3023425003907.4,4714430000000,1,1
provinsi,18,,8,2021,2022,616860838190.01,1860616797071.9,55402364738.05,2532880000000,1,1
provinsi,18,,9,2021,2022,169500877685.77,239743665652.4,22915456661.83,432160000000,1,1
provinsi,18,,10,2021,2022,683527169504.9,383926761757.15,-1000903931262.1,66550000000,0,1
provinsi,18,,11,2021,2022,257821039752.65,-157033453564.53,-290987586188.12,-190200000000,0,0
provinsi,18,,12,2021,2022,367411616938.69,-239686026096.8,125944409158.11,253670000000,1,0
provinsi,18,,13,2021,2022,16486872211.15,12749368743.62,29033759045.23,58270000000,1,1
provinsi,18,,14,2021,2022,402084758391.61,-197302381265.78,-307192377125.83,-102410000000,0,0
provinsi,18,,15,2021,2022,369904065916.93,-329003562871.24,159759496954.32,200660000000,1,0
provinsi,18,,16,2021,2022,136955074582.68,-60800081333.78,-78994993248.9,-2840000000,0,0
provinsi,18,,17,2021,2022,106590535382.94,97355350083.85,344304114533.22,548250000000,1,1
provinsi,18,,1,2022,2023,3503272006161.7,-2598139916516.4,-524802089645.38,380330000000,0,0
provinsi,18,,2,2022,2023,622607336455.21,131535016844.33,-389332353299.54,364810000000,0,1
provinsi,18,,3,2022,2023,2354606260933.1,-192960527574.68,-1493605733358.4,668040000000,0,0
provinsi,18,,4,2022,2023,21670783513.5,-630459974.21,-15210323539.28,5830000000,0,0
provinsi,18,,5,2022,2023,14303657151.49,-445762404.37,-12407894747.12,1450000000,0,0
provinsi,18,,6,2022,2023,1328951866128.6,-36911857407.32,553509991278.76,1845550000000,1,0
provinsi,18,,7,2022,2023,1783760858680.4,-71923225887.74,1737922367207.4,3449760000000,1,0
provinsi,18,,8,2022,2023,758167616533.44,1336461076306.5,386101307160.09,2480730000000,1,1
provinsi,18,,9,2022,2023,194995609324.58,190961388599.27,130243002076.16,516200000000,1,1
provinsi,18,,10,2022,2023,701624150979.44,352747561361.58,-12761712341.02,1041610000000,0,1
provinsi,18,,11,2022,2023,253765840245.31,-14032818066.11,-79523022179.21,160210000000,0,0
provinsi,18,,12,2022,2023,388151584982.58,-278279998270.61,-44191586711.97,65680000000,0,0
provinsi,18,,13,2022,2023,19787180580.71,12493465280.51,-9600645861.22,22680000000,0,1
provinsi,18,,14,2022,2023,405576049247.01,-284225415330.21,-112090633916.8,9260000000,0,0
provinsi,18,,15,2022,2023,388018666396.23,-251922085552.6,35373419156.37,171470000000,1,0
provinsi,18,,16,2022,2023,139763640848.81,-10749557807.75,-21924083041.06,107090000000,0,0
provinsi,18,,17,2022,2023,136596337500.34,147649263402.94,131424399096.73,415670000000,1,1
provinsi,18,,1,2023,2024,3564702986002,-3093003649402.6,-1829919336599.4,-1358220000000,0,0
provinsi,18,,2,2023,2024,648726119026.22,-27798993576.81,-4077125449.42,616850000000,0,0
provinsi,18,,3,2023,2024,2416987934518.6,-324247015136.21,2143569080617.6,4236310000000,1,0
provinsi,18,,4,2023,2024,22228635456.72,-1476507806.59,-48702127650.13,-27950000000,0,0
provinsi,18,,5,2023,2024,14549215241.76,-10084136621.45,-5355078620.3,-890000000,0,0
provinsi,18,,6,2023,2024,1439267065705.1,535465972236.86,-1197473037941.9,777260000000,0,1
provinsi,18,,7,2023,2024,1981573247253.6,-88070422916.17,895857175662.58,2789360000000,1,0
provinsi,18,,8,2023,2024,894129497522.58,624422955064.58,200977547412.85,1719530000000,1,1
provinsi,18,,9,2023,2024,223733246327.99,146310592009.55,-127773838337.54,242270000000,0,1
provinsi,18,,10,2023,2024,763304705273.13,367009505941.58,156685788785.3,1287000000000,1,1
provinsi,18,,11,2023,2024,265000604229.07,-19634102881.32,3783498652.26,249150000000,1,0
provinsi,18,,12,2023,2024,396161930511.25,-202666804479.15,330064873967.91,523560000000,1,0
provinsi,18,,13,2023,2024,21184254765.48,13535740615.34,2500004619.17,37220000000,1,1
provinsi,18,,14,2023,2024,410909588313.34,105690577573.7,50429834112.96,567030000000,1,1
provinsi,18,,15,2023,2024,401438047656.6,-106331089440.94,-178096958215.66,117010000000,0,0
provinsi,18,,16,2023,2024,146915517483.08,86506057874.35,-23881575357.43,209540000000,0,1
provinsi,18,,17,2023,2024,159492581919.05,146052706456.03,26084711624.92,331630000000,1,1
provinsi,18,,1,2024,2025,3528315627347,111664643573.12,401699729079.91,4041680000000,1,1
provinsi,18,,2,2024,2025,686713001974.33,-774605980540.8,-68187021433.53,-156080000000,0,0
provinsi,18,,3,2024,2025,2658578767776.5,69269862754.14,528561369469.36,3256410000000,1,1
provinsi,18,,4,2024,2025,20995975201.16,-8385640491.35,-25000334709.82,-12390000000,0,0
provinsi,18,,5,2024,2025,14640958633.65,-11971536171.89,4550577538.24,7220000000,1,0
provinsi,18,,6,2024,2025,1493017410044.4,-389837883894.18,500800473849.75,1603980000000,1,0
provinsi,18,,7,2024,2025,2144338716048.1,136778450500.28,-37447166548.37,2243670000000,0,1
provinsi,18,,8,2024,2025,991369160986.03,694477779564.6,-280916940550.63,1404930000000,0,1
provinsi,18,,9,2024,2025,238358812968.06,103702761671.85,19438425360.09,361500000000,1,1
provinsi,18,,10,2024,2025,836975146083.73,516385001784.84,-619010147868.57,734350000000,0,1
provinsi,18,,11,2024,2025,280371931270.24,-65492599451.26,108510668181.02,323390000000,1,0
provinsi,18,,12,2024,2025,426942083871.45,-130908068981.03,31275985109.58,327310000000,1,0
provinsi,18,,13,2024,2025,23306374026.38,17752561033.77,-21828935060.15,19230000000,0,1
provinsi,18,,14,2024,2025,444073626624.17,-112089135147.63,-95014491476.54,236970000000,0,0
provinsi,18,,15,2024,2025,411278354271.82,-13637339183.7,-250551015088.12,147090000000,0,0
provinsi,18,,16,2024,2025,159124266083.68,13295785059.21,-102940051142.89,69480000000,0,1
provinsi,18,,17,2024,2025,178123746925.71,164305505871.36,-87729252797.06,254700000000,0,1
provinsi,11,,1,2021,2022,1868499650774,-1016888748450.1,385399097676.11,1237010000000,1,0
provinsi,11,,2,2021,2022,514901963651.5,-58547417086.27,-8884546565.23,447470000000,0,0
provinsi,11,,3,2021,2022,307330634641.13,-3413923802.38,-43646710838.75,260270000000,0,0
provinsi,11,,4,2021,2022,10731185150.25,3603697834.5,-9054882984.75,5280000000,0,1
provinsi,11,,5,2021,2022,2541921963.12,-880241804.24,2918319841.12,4580000000,1,0
provinsi,11,,6,2021,2022,684561154888.89,-405847505189.66,-591283649699.23,-312570000000,0,0
provinsi,11,,7,2021,2022,991990240769.93,116791658384,167408100846.07,1276190000000,1,1
provinsi,11,,8,2021,2022,417260101773.6,1258567745013.4,-1065427846787,610400000000,0,1
provinsi,11,,9,2021,2022,76688073861.97,108468346539.04,317083579598.99,502240000000,1,1
provinsi,11,,10,2021,2022,276073602794.15,155066322241.68,196490074964.17,627630000000,1,1
provinsi,11,,11,2021,2022,110637425546.1,-67386963622.75,-175870461923.34,-132620000000,0,0
provinsi,11,,12,2021,2022,280346089768.36,-182887630903.54,128251541135.17,225710000000,1,0
provinsi,11,,13,2021,2022,41705231523.71,32250833780.01,23503934696.28,97460000000,1,1
provinsi,11,,14,2021,2022,603085085550.26,-295932937027.81,-314762148522.46,-7610000000,0,0
provinsi,11,,15,2021,2022,182875899147.99,-162655206921.9,121379307773.91,141600000000,1,0
provinsi,11,,16,2021,2022,226356221369.18,-100488986710.35,322752765341.17,448620000000,1,0
provinsi,11,,17,2021,2022,96826052357.24,88436878477.16,80737069165.61,266000000000,1,1
provinsi,11,,1,2022,2023,1971293316808.7,-1461974932164.7,2111911615355.9,2621230000000,1,0
provinsi,11,,2,2022,2023,548615653125.15,115903178375.2,-1188998831500.4,-524480000000,0,1
provinsi,11,,3,2022,2023,327109103247.3,-26806666653.5,-401382436593.8,-101080000000,0,0
provinsi,11,,4,2022,2023,11229346274.08,-326691158.07,5377344883.99,16280000000,1,0
provinsi,11,,5,2022,2023,2828184065.43,-88138167.44,-270045897.99,2470000000,0,0
provinsi,11,,6,2022,2023,683519931967.33,-18984878916.15,-168595053051.18,495940000000,0,0
provinsi,11,,7,2022,2023,1077870678091.2,-43460947066.34,896590268975.17,1931000000000,1,0
provinsi,11,,8,2022,2023,457103480696.4,805759829980.82,-586423310677.22,676440000000,0,1
provinsi,11,,9,2022,2023,103724004375.31,101578081553.7,-37702085929.01,167600000000,0,1
provinsi,11,,10,2022,2023,313744467895.94,157737722948.22,-170302190844.16,301180000000,0,1
provinsi,11,,11,2022,2023,106319707263.09,-5879298440.73,-330070408822.36,-229630000000,0,0
provinsi,11,,12,2022,2023,297796259109.54,-213500976619.01,130794717509.47,215090000000,1,0
provinsi,11,,13,2022,2023,47529765981.64,30009908620.39,-87349674602.03,-9810000000,0,1
provinsi,11,,14,2022,2023,615700118509.86,-431479181838.34,40199063328.48,224420000000,1,0
provinsi,11,,15,2022,2023,193974208324.53,-125938237864.65,1684029540.11,69720000000,1,0
provinsi,11,,16,2022,2023,253908361315.09,-19528702824.65,-255629658490.44,-21250000000,0,0
provinsi,11,,17,2022,2023,112356636973.88,121448166116.33,-108124803090.21,125680000000,0,1
provinsi,11,,1,2023,2024,2128977710838.9,-1847260726904.8,213333016065.84,495050000000,1,0
provinsi,11,,2,2023,2024,528365080235.18,-22641322803.09,646796242567.91,1152520000000,1,0
provinsi,11,,3,2023,2024,325859050464.08,-43715081469.42,-94233968994.65,187910000000,0,0
provinsi,11,,4,2023,2024,12196545712.03,-810139470.43,1833593758.39,13220000000,1,0
provinsi,11,,5,2023,2024,2988401752.65,-2071276770.1,192875017.46,1110000000,1,0
provinsi,11,,6,2023,2024,717075260463.92,266781204587.07,-371226465051,612630000000,0,1
provinsi,11,,7,2023,2024,1189547561521.5,-52869081154.23,-543458480367.27,593220000000,0,0
provinsi,11,,8,2023,2024,497177376919.28,347208058505.37,787814564575.35,1632200000000,1,1
provinsi,11,,9,2023,2024,113538808604.74,74248823434.43,-125167632039.17,62620000000,0,1
provinsi,11,,10,2023,2024,332907852955.09,160067592657.38,-372425445612.47,120550000000,0,1
provinsi,11,,11,2023,2024,95849290990.7,-7101549243.21,324382258252.51,413130000000,1,0
provinsi,11,,12,2023,2024,312365467811.31,-159798573046.27,63503105234.96,216070000000,1,0
provinsi,11,,13,2023,2024,47597573285.73,30412606582,-37790179867.72,40220000000,0,1
provinsi,11,,14,2023,2024,634555888158.71,163214926664.47,130709185176.82,928480000000,1,1
provinsi,11,,15,2023,2024,199864391049.13,-52939173465.9,24724782416.77,171650000000,1,0
provinsi,11,,16,2023,2024,255864063255.37,150656593960.43,-294990657215.8,111530000000,0,1
provinsi,11,,17,2023,2024,120130886337.05,110007881666.83,-134248768003.89,95890000000,0,1
provinsi,11,,1,2024,2025,2174685223790.8,68824752671.27,-727299976462.1,1516210000000,0,1
provinsi,11,,2,2024,2025,592868990160.96,-668750794197.18,192051804036.22,116170000000,1,0
provinsi,11,,3,2024,2025,338644578109.32,8823460012.69,-43568038122.01,303900000000,0,1
provinsi,11,,4,2024,2025,12994509057.42,-5189912841.53,-14394596215.88,-6590000000,0,0
provinsi,11,,5,2024,2025,3073992090.58,-2513524450.51,-880467640.08,-320000000,0,0
provinsi,11,,6,2024,2025,755491122622.48,-197264317591.06,-920506805031.42,-362280000000,0,0
provinsi,11,,7,2024,2025,1231432764327.5,78547975718.32,-242390740045.79,1067590000000,0,1
provinsi,11,,8,2024,2025,586151537844.77,410613154524.53,-315294692369.3,681470000000,0,1
provinsi,11,,9,2024,2025,117846345083.65,51271405852.09,-59257750935.74,109860000000,0,1
provinsi,11,,10,2024,2025,342282359142.28,211176493667.26,-429408852809.54,124050000000,0,1
provinsi,11,,11,2024,2025,118085903755.13,-27583905280.52,-2411998474.61,88090000000,0,0
provinsi,11,,12,2024,2025,326477166016.82,-100103730656.19,55796564639.37,282170000000,1,0
provinsi,11,,13,2024,2025,50124554267.1,38180079316.93,-93304633584.03,-5000000000,0,1
provinsi,11,,14,2024,2025,688497817334.96,-173784526414.62,-175523290920.34,339190000000,0,0
provinsi,11,,15,2024,2025,210618022067.98,-6983760208.4,-62014261859.58,141620000000,0,0
provinsi,11,,16,2024,2025,264043736131.38,22062434902.21,-172736171033.59,113370000000,0,1
provinsi,11,,17,2024,2025,126218507619.91,116426900414.72,-192245408034.63,50400000000,0,1
provinsi,13,,1,2021,2022,1920576398847.9,-1045230342814.5,492573943966.59,1367920000000,1,0
provinsi,13,,2,2021,2022,341588697750.9,-38840667488.14,-169018030262.76,133730000000,0,0
provinsi,13,,3,2021,2022,822655097583.5,-9138307419.52,-523316790163.98,290200000000,0,0
provinsi,13,,4,2021,2022,8676077358.35,2913560874.27,-5949638232.61,5640000000,0,1
provinsi,13,,5,2021,2022,8784423195.23,-3041956690.54,1217533495.31,6960000000,1,0
provinsi,13,,6,2021,2022,801474228566.97,-475160347347.65,81076118780.68,407390000000,1,0
provinsi,13,,7,2021,2022,1432585760051.6,168665032998.58,19679206949.86,1620930000000,1,1
provinsi,13,,8,2021,2022,890425171191.06,2685759781598.3,-2544114952789.4,1032070000000,0,1
provinsi,13,,9,2021,2022,87062064061.39,123141417686.56,67616518252.06,277820000000,1,1
provinsi,13,,10,2021,2022,735174986799.88,412936551170.86,-105491537970.74,1042620000000,0,1
provinsi,13,,11,2021,2022,259481353125.21,-158044716040.02,136503362914.8,237940000000,1,0
provinsi,13,,12,2021,2022,171694509835.34,-112007277037.01,140932767201.68,200620000000,1,0
provinsi,13,,13,2021,2022,36859352654.75,28503494939.98,-10762847594.73,54600000000,0,1
provinsi,13,,14,2021,2022,486836434059.11,-238889900007.73,-160476534051.38,87470000000,0,0
provinsi,13,,15,2021,2022,364546141654.46,-324238067343.16,337701925688.7,378010000000,1,0
provinsi,13,,16,2021,2022,141708438969.92,-62910298441.36,51111859471.43,129910000000,1,0
provinsi,13,,17,2021,2022,147638270937.6,134846640006.69,72155089055.71,354640000000,1,1
provinsi,13,,1,2022,2023,2031108702241.1,-1506335958154.2,899427255913.07,1424200000000,1,0
provinsi,13,,2,2022,2023,355710352823.91,75149077935.35,-103329430759.27,327530000000,0,1
provinsi,13,,3,2022,2023,855054147316.68,-70071885099.7,-263172262216.98,521810000000,0,0
provinsi,13,,4,2022,2023,9148134340.3,-266143240.12,-1361991100.18,7520000000,0,0
provinsi,13,,5,2022,2023,9325527586.72,-290622849.46,-5004904737.26,4030000000,0,0
provinsi,13,,6,2022,2023,839339430495.66,-23312791203.68,156723360708.02,972750000000,1,0
provinsi,13,,7,2022,2023,1545386283182.9,-62311697326.62,-73434585856.23,1409640000000,0,0
provinsi,13,,8,2022,2023,961778675065.19,1695376767901.8,-1559035442966.9,1098120000000,0,1
provinsi,13,,9,2022,2023,102979559212.98,100849038051.51,-46818597264.49,157010000000,0,1
provinsi,13,,10,2022,2023,803715227778.73,404074726094.22,7090046127.05,1214880000000,1,1
provinsi,13,,11,2022,2023,277099874966.7,-15323150380.64,-109126724586.05,152650000000,0,0
provinsi,13,,12,2022,2023,185534636182.18,-133016533317.09,179401897134.91,231920000000,1,0
provinsi,13,,13,2022,2023,40413314976.4,25516639193.16,-10879954169.56,55050000000,0,1
provinsi,13,,14,2022,2023,501750985469.12,-351624269978.65,84363284509.53,234490000000,1,0
provinsi,13,,15,2022,2023,391508411030.21,-254187810947.73,4959399917.52,142280000000,1,0
provinsi,13,,16,2022,2023,151328568648.88,-11639044223.35,78600475574.46,218290000000,1,0
provinsi,13,,17,2022,2023,168743935823.76,182398139540.37,-82152075364.13,268990000000,0,1
provinsi,13,,1,2023,2024,2128287764926.8,-1846662078088.2,573284313161.36,854910000000,1,0
provinsi,13,,2,2023,2024,376724277146.64,-16143262084.69,-68361015061.94,292220000000,0,0
provinsi,13,,3,2023,2024,891988056800.63,-119663181112.38,-318664875688.24,453660000000,0,0
provinsi,13,,4,2023,2024,9642364922.59,-640481378.62,-711883543.97,8290000000,0,0
provinsi,13,,5,2023,2024,9643387822.38,-6683882166.75,3290494344.37,6250000000,1,0
provinsi,13,,6,2023,2024,899148355369.36,334519812038.6,-429398167407.96,804270000000,0,1
provinsi,13,,7,2023,2024,1636000360480.1,-72711540609.56,-151088819870.55,1412200000000,0,0
provinsi,13,,8,2023,2024,1029466812220,718936922233.8,-628513734453.82,1119890000000,0,1
provinsi,13,,9,2023,2024,112243817463.6,73401962614.15,-67895780077.75,117750000000,0,1
provinsi,13,,10,2023,2024,875481011350.22,420945726152.58,-363126737502.8,933300000000,0,1
provinsi,13,,11,2023,2024,288227589886.23,-21355008489.6,74457418603.38,341330000000,1,0
provinsi,13,,12,2023,2024,199619406548.1,-102120431372.4,131681024824.29,229180000000,1,0
provinsi,13,,13,2023,2024,43713111312.19,27930618412.67,-31293729724.86,40350000000,0,1
provinsi,13,,14,2023,2024,519756355555.97,133687192946.26,386336451497.77,1039780000000,1,1
provinsi,13,,15,2023,2024,403476686949.1,-106871074971,-41615611978.1,254990000000,0,0
provinsi,13,,16,2023,2024,164306348356.83,96746039653.14,-81232388009.96,179820000000,0,1
provinsi,13,,17,2023,2024,184523451365.63,168974313114.05,-91257764479.69,262240000000,0,1
provinsi,13,,1,2024,2025,2192567968843.1,69390708374.58,-502428677217.73,1759530000000,0,1
provinsi,13,,2,2024,2025,395376614871.43,-445981202576.43,123704587705,73100000000,1,0
provinsi,13,,3,2024,2025,923851821104.63,24071165251.43,14087013643.94,962010000000,1,1
provinsi,13,,4,2024,2025,10161624509.04,-4058479262.07,-4423145246.97,1680000000,0,0
provinsi,13,,5,2024,2025,10057333880.51,-8223623832.02,-1093710048.49,740000000,0,0
provinsi,13,,6,2024,2025,949181536582.64,-247838316662.22,-958553219920.42,-257210000000,0,0
provinsi,13,,7,2024,2025,1724393913803.1,109991917702.62,-594855831505.67,1239530000000,0,1
provinsi,13,,8,2024,2025,1097028474948.1,768494653034.5,-1868353127982.5,-2830000000,0,1
provinsi,13,,9,2024,2025,119385406289.9,51941005165.34,-96896411455.24,74430000000,0,1
provinsi,13,,10,2024,2025,931951898684.27,574982405531.68,-554114304215.95,952820000000,0,1
provinsi,13,,11,2024,2025,308577899676.81,-72081283926.98,214593384250.17,451090000000,1,0
provinsi,13,,12,2024,2025,213340936795.18,-65414141930.47,90743205135.3,238670000000,1,0
provinsi,13,,13,2024,2025,46210041665.35,35198378954.56,-34688420619.91,46720000000,0,1
provinsi,13,,14,2024,2025,578358136667.86,-145984042865.84,-212314093802.01,220060000000,0,0
provinsi,13,,15,2024,2025,420460059904.83,-13941790008.07,-52188269896.76,354330000000,0,0
provinsi,13,,16,2024,2025,175145268529.57,14634435726.37,84520295744.06,274300000000,1,1
provinsi,13,,17,2024,2025,199808969597.63,184308461920.39,-55167431518.02,328950000000,0,1
provinsi,14,,1,2021,2022,6961726623320.8,-3788762534747.1,800335911426.29,3973300000000,1,0
provinsi,14,,2,2021,2022,3843447354734.5,-437022833882.76,-2350144520851.8,1056280000000,0,0
provinsi,14,,3,2021,2022,8036239287059.6,-89269033058.59,-266990254001,7679980000000,0,0
provinsi,14,,4,2021,2022,19073814590.51,6405281744.11,29810903665.38,55290000000,1,1
provinsi,14,,5,2021,2022,3475971917.65,-1203693833.51,887721915.86,3160000000,1,0
provinsi,14,,6,2021,2022,2109048682045.5,-1250366223410.1,1170767541364.6,2029450000000,1,0
provinsi,14,,7,2021,2022,2318002286253.4,272909268683.26,2983158445063.3,5574070000000,1,1
provinsi,14,,8,2021,2022,165634563917.43,499598017447.05,-43262581364.47,621970000000,0,1
provinsi,14,,9,2021,2022,106969003717.27,151297983895.43,-22696987612.7,235570000000,0,1
provinsi,14,,10,2021,2022,282237936710.16,158528734365.66,-51186671075.82,389580000000,0,1
provinsi,14,,11,2021,2022,248757094192.85,-151512792118.35,151925697925.5,249170000000,1,0
provinsi,14,,12,2021,2022,239490309395.04,-156234800156.49,182134490761.45,265390000000,1,0
provinsi,14,,13,2021,2022,1134910273.14,877630964.68,917458762.18,2930000000,1,1
provinsi,14,,14,2021,2022,414327343229.93,-203309799082.64,289692455852.71,500710000000,1,0
provinsi,14,,15,2021,2022,132204678574.54,-117586732039.43,90262053464.89,104880000000,1,0
provinsi,14,,16,2021,2022,65252888136.88,-28968484140.34,-3534403996.55,32750000000,0,0
provinsi,14,,17,2021,2022,109654397336.54,100153753826.07,76791848837.39,286600000000,1,1
provinsi,14,,1,2022,2023,7312596385602.6,-5423258179607.7,2780731794005.1,4670070000000,1,0
provinsi,14,,2,2022,2023,3979677489329,840765784377.39,-2834303273706.4,1986140000000,0,1
provinsi,14,,3,2022,2023,8597603749823.9,-704575615452.01,-1719878134371.9,6173150000000,0,0
provinsi,14,,4,2022,2023,22279277726.29,-648162668.05,-15261115058.24,6370000000,0,0
provinsi,14,,5,2022,2023,3710601752.75,-115638031.69,455036278.94,4050000000,1,0
provinsi,14,,6,2022,2023,2257076869154.3,-62690682540.89,1902643813386.6,4097030000000,1,0
provinsi,14,,7,2022,2023,2649677436325.6,-106837947393.61,665460511068.05,3208300000000,1,0
provinsi,14,,8,2022,2023,200638837214.96,353676404116.57,-224245241331.53,330070000000,0,1
provinsi,14,,9,2022,2023,121180308453.2,118673236044.99,-138703544498.19,101150000000,0,1
provinsi,14,,10,2022,2023,308010774503.82,154855059404.16,4344166092.02,467210000000,1,1
provinsi,14,,11,2022,2023,266712009476.91,-14748719139.73,-37403290337.18,214560000000,0,0
provinsi,14,,12,2022,2023,258065225850.14,-185016352841.9,128141126991.76,201190000000,1,0
provinsi,14,,13,2022,2023,1307453927.32,825515802.02,-422969729.34,1710000000,0,1
provinsi,14,,14,2022,2023,448563840568.89,-314351017828.87,344977177259.98,479190000000,1,0
provinsi,14,,15,2022,2023,140354951670.21,-91125801938.32,55110850268.11,104340000000,1,0
provinsi,14,,16,2022,2023,68314594050.76,-5254239753.64,31199645702.88,94260000000,1,0
provinsi,14,,17,2022,2023,126502611239.66,136738786045.69,-106551397285.36,156690000000,0,1
provinsi,14,,1,2023,2024,7639072443976.8,-6628232152875.9,2326439708899.1,3337280000000,1,0
provinsi,14,,2,2023,2024,4128946276565.5,-176932217857.23,-3662174058708.3,289840000000,0,0
provinsi,14,,3,2023,2024,9016352804972.4,-1209573884368.4,-1240608920604,6566170000000,0,0
provinsi,14,,4,2023,2024,22872039428.11,-1519245067.2,9897205639.09,31250000000,1,0
provinsi,14,,5,2023,2024,3962202358,-2746223025.5,1654020667.5,2870000000,1,0
provinsi,14,,6,2023,2024,2493665526091.5,927745146942.54,-240660673034.07,3180750000000,0,1
provinsi,14,,7,2023,2024,2845516460360.1,-126468117404.28,647551657044.18,3366600000000,1,0
provinsi,14,,8,2023,2024,219924478939.33,153586134235.4,-91990613174.72,281520000000,0,1
provinsi,14,,9,2023,2024,127805703502.94,83578674375.01,55895622122.06,267280000000,1,1
provinsi,14,,10,2023,2024,335597056517.55,161360606134.19,-847662651.74,496110000000,0,1
provinsi,14,,11,2023,2024,280881635004.61,-20810740923.39,-188810894081.21,71260000000,0,0
provinsi,14,,12,2023,2024,271447430190.41,-138865900592.15,71758470401.74,204340000000,1,0
provinsi,14,,13,2023,2024,1410578818.04,901293399.74,-11872217.78,2300000000,0,1
provinsi,14,,14,2023,2024,478447058763.28,123061976204.29,282480965032.43,883990000000,1,1
provinsi,14,,15,2023,2024,147373265141.58,-39035562095.94,18932296954.36,127270000000,1,0
provinsi,14,,16,2023,2024,73954120867.32,43545294393.64,-21739415260.96,95760000000,0,1
provinsi,14,,17,2023,2024,136032375108.51,124569408252,-60091783360.51,200510000000,0,1
provinsi,14,,1,2024,2025,7883668846232.9,249503492527.7,-653012338760.59,7480160000000,0,1
provinsi,14,,2,2024,2025,4182986624429.5,-4718370624248.6,632683999819.11,97300000000,1,0
provinsi,14,,3,2024,2025,9440688175912.7,245979236040.11,2000962588047.2,11687630000000,1,1
provinsi,14,,4,2024,2025,24701906545.84,-9865762640.68,8893856094.84,23730000000,1,0
provinsi,14,,5,2024,2025,4147875790.35,-3391611594.79,4833735804.44,5590000000,1,0
provinsi,14,,6,2024,2025,2681484500576.4,-700155427771.37,632660927194.94,2613990000000,1,0
provinsi,14,,7,2024,2025,3046260592906.9,194308296818.78,-143558889725.68,3097010000000,0,1
provinsi,14,,8,2024,2025,236540438741.82,165702227928.16,-237102666669.98,165140000000,0,1
provinsi,14,,9,2024,2025,142814657393.47,62134368746.44,-93369026139.91,111580000000,0,1
provinsi,14,,10,2024,2025,364386809489.31,224814182534.5,-178700992023.81,410500000000,0,1
provinsi,14,,11,2024,2025,287218972436.73,-67092012497.04,29323040060.31,249450000000,1,0
provinsi,14,,12,2024,2025,284566273182.21,-87253102298.13,15706829115.91,213020000000,1,0
provinsi,14,,13,2024,2025,1542675237.93,1175062078.97,102262683.09,2820000000,1,1
provinsi,14,,14,2024,2025,528614604598.08,-133428220689.97,98013616091.89,493200000000,1,0
provinsi,14,,15,2024,2025,155338826042,-5150789573.85,114011963531.85,264200000000,1,0
provinsi,14,,16,2024,2025,79598015213.54,6650890699.87,49001094086.6,135250000000,1,1
provinsi,14,,17,2024,2025,147671915973.95,136216025520.8,42422058505.25,326310000000,1,1
provinsi,15,,1,2021,2022,2038738665394.2,-1109537488546.4,1130048823152.2,2059250000000,1,0
provinsi,15,,2,2021,2022,1767680633807.2,-200995806286.89,1205125172479.7,2771810000000,1,0
provinsi,15,,3,2021,2022,778078948747.22,-8643141762.81,-283495806984.41,485940000000,0,0
provinsi,15,,4,2021,2022,4298707656.19,1443572471.72,4387719872.09,10130000000,1,1
provinsi,15,,5,2021,2022,10541703618.16,-3650485084.59,-191218533.57,6700000000,0,0
provinsi,15,,6,2021,2022,594913137907.84,-352698967944.85,-348214169962.99,-106000000000,0,0
provinsi,15,,7,2021,2022,744547643785.33,87659082206.39,-18996725991.73,813210000000,0,1
provinsi,15,,8,2021,2022,219535380943.82,662177256274.21,-128922637218.03,752790000000,0,1
provinsi,15,,9,2021,2022,82195901268.62,116258670402.14,-14284571670.76,184170000000,0,1
provinsi,15,,10,2021,2022,313411359212.69,176038369224.72,-30239728437.41,459210000000,0,1
provinsi,15,,11,2021,2022,181777104153.81,-110716667932.21,-97500436221.6,-26440000000,0,0
provinsi,15,,12,2021,2022,112893393656.61,-73647559441.89,57024165785.28,96270000000,1,0
provinsi,15,,13,2021,2022,76203238610.15,58928290099.93,97948471289.92,233080000000,1,1
provinsi,15,,14,2021,2022,243867184367.34,-119665257595.75,-155991926771.59,-31790000000,0,0
provinsi,15,,15,2021,2022,258077309814.33,-229541554820.89,76764245006.56,105300000000,1,0
provinsi,15,,16,2021,2022,109424347956.85,-48578041200.33,-111956306756.51,-51110000000,0,0
provinsi,15,,17,2021,2022,75264736086.98,68743671324.96,-25198407411.95,118810000000,0,1
provinsi,15,,1,2022,2023,2186757377643.3,-1621770053994.9,1865002676351.6,2429990000000,1,0
provinsi,15,,2,2022,2023,1945868973064,411093627013.89,-2341032600077.9,15930000000,0,1
provinsi,15,,3,2022,2023,819409728845.18,-67150816763.37,-72668912081.81,679590000000,0,0
provinsi,15,,4,2022,2023,4903331272.84,-142650777.07,7029319504.23,11790000000,1,0
provinsi,15,,5,2022,2023,11107546352.75,-346158085.06,-10291388267.69,470000000,0,0
provinsi,15,,6,2022,2023,602379452424.7,-16731188705.71,365821736281.01,951470000000,1,0
provinsi,15,,7,2022,2023,801695673896.41,-32325263090.22,620919589193.8,1390290000000,1,0
provinsi,15,,8,2022,2023,262313061280.79,462392732904.48,-294515794185.27,430190000000,0,1
provinsi,15,,9,2022,2023,93275491621.79,91345735753.1,-22881227374.89,161740000000,0,1
provinsi,15,,10,2022,2023,343375204774.43,172634830125.4,-6270034899.82,509740000000,0,1
provinsi,15,,11,2022,2023,184359090053.49,-10194743181.56,-129624346871.93,44540000000,0,0
provinsi,15,,12,2022,2023,120192263448.22,-86170208131.47,44347944683.26,78370000000,1,0
provinsi,15,,13,2022,2023,89625537132.78,56588836992.1,152355625875.12,298570000000,1,1
provinsi,15,,14,2022,2023,247517150505.33,-173458627634.3,74241477128.97,148300000000,1,0
provinsi,15,,15,2022,2023,268962022961.42,-174624263281.44,40952240320.02,135290000000,1,0
provinsi,15,,16,2022,2023,109199946896.56,-8398830587.4,-121116309.15,100680000000,0,0
provinsi,15,,17,2022,2023,82891669282.92,89598990249.89,-32340659532.81,140150000000,0,1
provinsi,15,,1,2023,2024,2337242666458.9,-2027967021455.7,1635354354996.9,1944630000000,1,0
provinsi,15,,2,2023,2024,1970000670416.8,-84417806493.48,-2239662863923.4,-354080000000,0,0
provinsi,15,,3,2023,2024,863986174897.92,-115906635001.63,50840460103.71,798920000000,1,0
provinsi,15,,4,2023,2024,5565086337.6,-369653523.62,3124567186.02,8320000000,1,0
provinsi,15,,5,2023,2024,11264683998.3,-7807610963.81,862926965.51,4320000000,1,0
provinsi,15,,6,2023,2024,658260568020.38,244899743375.66,361389688603.96,1264550000000,1,1
provinsi,15,,7,2023,2024,882408600215.46,-39218383026.49,218379782811.03,1061570000000,1,0
provinsi,15,,8,2023,2024,287458369239.99,200749002103.41,-28027371343.39,460180000000,0,1
provinsi,15,,9,2023,2024,102665383778.23,67138135820.28,23786480401.49,193590000000,1,1
provinsi,15,,10,2023,2024,373560448079.05,179614031646.44,-170454479725.5,382720000000,0,1
provinsi,15,,11,2023,2024,188846225901.55,-13991765184.41,-89044460717.14,85810000000,0,0
provinsi,15,,12,2023,2024,125640736085.69,-64274743567.7,68804007482.01,130170000000,1,0
provinsi,15,,13,2023,2024,105969861567.7,67709748353.36,23700390078.94,197380000000,1,1
provinsi,15,,14,2023,2024,258067900864.84,66377972847.01,251644126288.15,576090000000,1,1
provinsi,15,,15,2023,2024,279104346609.87,-73927893521.73,256303546911.87,461480000000,1,0
provinsi,15,,16,2023,2024,115657745531.19,68101013425.56,64081241043.25,247840000000,1,1
provinsi,15,,17,2023,2024,91052913849.45,83380207019.09,-28533120868.53,145900000000,0,1
provinsi,15,,1,2024,2025,2459761591730.4,77846890818.54,79071517451.03,2616680000000,1,1
provinsi,15,,2,2024,2025,1970363877493.2,-2222552418491.8,2534238540998.6,2282050000000,1,0
provinsi,15,,3,2024,2025,913410367285.36,23799110843.34,-34429478128.7,902780000000,0,1
provinsi,15,,4,2024,2025,6047307584.31,-2415250868.64,4637943284.33,8270000000,1,0
provinsi,15,,5,2024,2025,11594329925.8,-9480386057.27,1866056131.47,3980000000,1,0
provinsi,15,,6,2024,2025,729777803495.95,-190550379864.18,-1124327423631.8,-585100000000,0,0
provinsi,15,,7,2024,2025,945567504900.74,60313819452.04,415928675647.23,1421810000000,1,1
provinsi,15,,8,2024,2025,313937508661.08,219920724304.29,6291767034.63,540150000000,1,1
provinsi,15,,9,2024,2025,113631867852.3,49437813368.34,-96109681220.64,66960000000,0,1
provinsi,15,,10,2024,2025,396855270119.57,244846110816.91,10898619063.53,652600000000,1,1
provinsi,15,,11,2024,2025,195063745999.29,-45565302226.64,182021556227.35,331520000000,1,0
provinsi,15,,12,2024,2025,133550345322.02,-40948921360.3,13018576038.28,105620000000,1,0
provinsi,15,,13,2024,2025,117163293095.77,89243762639.6,-47807055735.37,158600000000,0,1
provinsi,15,,14,2024,2025,290253210178.82,-73263146812.14,-364490063366.68,-147500000000,0,0
provinsi,15,,15,2024,2025,305571541607.7,-10132268607.15,-103669273000.55,191770000000,0,0
provinsi,15,,16,2024,2025,129548063379.42,10824516259.66,-37462579639.09,102910000000,0,1
provinsi,15,,17,2024,2025,99447309791.06,91732522051.54,-130509831842.59,60670000000,0,1
provinsi,17,,1,2021,2022,648576979336.66,-352973377607.01,294006398270.35,589610000000,1,0
provinsi,17,,2,2021,2022,80858646487.33,-9194109238.49,-117684537248.84,-46020000000,0,0
provinsi,17,,3,2021,2022,137417646991.31,-1526477750.84,-50371169240.47,85520000000,0,0
provinsi,17,,4,2021,2022,2628994416.51,882856958.76,748148624.73,4260000000,1,1
provinsi,17,,5,2021,2022,5043276078.63,-1746435374.15,2043159295.51,5340000000,1,0
provinsi,17,,6,2021,2022,111275627051.04,-65970637253.6,-39674989797.44,5630000000,0,0
provinsi,17,,7,2021,2022,374384339427.63,44078022220.07,-107212361647.71,311250000000,0,1
provinsi,17,,8,2021,2022,184969595868.1,557917630222.11,-239917226090.2,502970000000,0,1
provinsi,17,,9,2021,2022,40380839718.48,57115046649.95,-28995886368.43,68500000000,0,1
provinsi,17,,10,2021,2022,118414578769.18,66511658643.53,12383762587.29,197310000000,1,1
provinsi,17,,11,2021,2022,85132617651.08,-51852513563.53,-108960104087.55,-75680000000,0,0
provinsi,17,,12,2021,2022,102321511517.67,-66750846596.07,44279335078.4,79850000000,1,0
provinsi,17,,13,2021,2022,50236847766.21,38848369083.35,26094783150.45,115180000000,1,1
provinsi,17,,14,2021,2022,212167864035.54,-104110449174.29,-99647414861.25,8410000000,0,0
provinsi,17,,15,2021,2022,147844573284.55,-131497314692.18,130222741407.63,146570000000,1,0
provinsi,17,,16,2021,2022,46448206584.12,-20620300100.08,5912093515.95,31740000000,1,0
provinsi,17,,17,2021,2022,19367684120.69,17689635023.5,-5227319144.19,31830000000,0,1
provinsi,17,,1,2022,2023,692355732899.4,-513473422249.54,103467689350.14,282350000000,1,0
provinsi,17,,2,2022,2023,80275750640.56,16959440717.19,27484808642.25,124720000000,1,1
provinsi,17,,3,2022,2023,144701844298.29,-11858349601.84,-80323494696.45,52520000000,0,0
provinsi,17,,4,2022,2023,2900960781.91,-84396563.63,-546564218.28,2270000000,0,0
provinsi,17,,5,2022,2023,5421865377.76,-168968238.08,-352897139.68,4900000000,0,0
provinsi,17,,6,2022,2023,113958735524.16,-3165222686.54,2756487162.38,113550000000,1,0
provinsi,17,,7,2022,2023,398184663979.52,-16055249442.81,-141789414536.71,240340000000,0,0
provinsi,17,,8,2022,2023,214376453238.28,377892406879.07,-285848860117.35,306420000000,0,1
provinsi,17,,9,2022,2023,44713205975.09,43788144416.71,-1071350391.8,87430000000,0,1
provinsi,17,,10,2022,2023,130938958581.75,65830684793.93,52240356624.32,249010000000,1,1
provinsi,17,,11,2022,2023,83142850033.55,-4597657773.37,-162335192260.19,-83790000000,0,0
provinsi,17,,12,2022,2023,108562645233.49,-77832511566.8,82359866333.31,113090000000,1,0
provinsi,17,,13,2022,2023,57140841101.77,36078263474.28,-4539104576.05,88680000000,0,1
provinsi,17,,14,2022,2023,217166227370.01,-152188871321.5,199692643951.49,264670000000,1,0
provinsi,17,,15,2022,2023,158438954927.75,-102866886093.09,97487931165.34,153060000000,1,0
provinsi,17,,16,2022,2023,49053528482.94,-3772824869.9,38269296386.96,83550000000,1,0
provinsi,17,,17,2022,2023,21393827675.78,23124945774.56,-2478773450.34,42040000000,0,1
provinsi,17,,1,2023,2024,715092880660.18,-620468212423.05,264965331762.87,359590000000,1,0
provinsi,17,,2,2023,2024,87616481986.35,-3754512032.93,-35441969953.42,48420000000,0,0
provinsi,17,,3,2023,2024,149121912342.04,-20005203285.36,-85786709056.68,43330000000,0,0
provinsi,17,,4,2023,2024,3051821539.97,-202713222.63,-439108317.34,2410000000,0,0
provinsi,17,,5,2023,2024,5737444953.14,-3976652885,5069207931.85,6830000000,1,0
provinsi,17,,6,2023,2024,121131793786.98,45065961192.66,-32827754979.64,133370000000,0,1
provinsi,17,,7,2023,2024,415248217796.09,-18455581294.9,-126902636501.19,269890000000,0,0
provinsi,17,,8,2023,2024,232617131052.19,162450156015.11,-214407287067.3,180660000000,0,1
provinsi,17,,9,2023,2024,49720601811.36,32514839906.38,9094558282.26,91330000000,1,1
provinsi,17,,10,2023,2024,145243587767.28,69835515252.82,47060896979.9,262140000000,1,1
provinsi,17,,11,2023,2024,79853695438.06,-5916423006.83,11362727568.77,85300000000,1,0
provinsi,17,,12,2023,2024,115647516533.23,-59162455593.59,40024939060.35,96510000000,1,0
provinsi,17,,13,2023,2024,62361086034.65,39845795587.37,-2096881622.02,100110000000,0,1
provinsi,17,,14,2023,2024,233305031164.69,60008683651.95,90326285183.36,383640000000,1,1
provinsi,17,,15,2023,2024,168165749285.37,-44542980996.81,87397231711.44,211020000000,1,0
provinsi,17,,16,2023,2024,53914490973.04,31745660065.6,9969848961.36,95630000000,1,1
provinsi,17,,17,2023,2024,23800320992.56,21794752167.53,-1995073160.09,43600000000,0,1
provinsi,17,,1,2024,2025,740425773411.33,23433102027.35,-174738875438.68,589120000000,0,1
provinsi,17,,2,2024,2025,90945558404.49,-102585757428.8,-61629800975.69,-73270000000,0,0
provinsi,17,,3,2024,2025,152770282096.64,3980463773.36,121799254130,278550000000,1,1
provinsi,17,,4,2024,2025,3205129811.61,-1280105642.67,254975831.05,2180000000,1,0
provinsi,17,,5,2024,2025,6144370149.48,-5024093800.05,-1080276349.44,40000000,0,0
provinsi,17,,6,2024,2025,129163943440.66,-33725660563.35,-16598282877.31,78840000000,0,0
provinsi,17,,7,2024,2025,433112268532.95,27626430721.62,-187958699254.57,272780000000,0,1
provinsi,17,,8,2024,2025,244145910271.28,171030042417.63,-203565952688.91,211610000000,0,1
provinsi,17,,9,2024,2025,54906434472.5,23888140813.64,44545424713.86,123340000000,1,1
provinsi,17,,10,2024,2025,160152199952.06,98808422741.16,10459377306.78,269420000000,1,1
provinsi,17,,11,2024,2025,85013383543.76,-19858433942.38,90435050398.63,155590000000,1,0
provinsi,17,,12,2024,2025,121724717368.58,-37322972599.67,42488255231.1,126890000000,1,0
provinsi,17,,13,2024,2025,68119850591.8,51887170602.92,-17927021194.71,102080000000,0,1
provinsi,17,,14,2024,2025,255319979941.5,-64445609965.87,-107344369975.62,83530000000,0,0
provinsi,17,,15,2024,2025,180652020232.32,-5990135023.01,78658114790.69,253320000000,1,0
provinsi,17,,16,2024,2025,59362019246.06,4960052090.11,20287928663.83,84610000000,1,1
provinsi,17,,17,2024,2025,26276591778.67,24238142186.46,3025266034.87,53540000000,1,1
provinsi,12,,1,2021,2022,700543303708.29,-381254876364.55,392790572656.25,712079000000,1,0
provinsi,12,,2,2021,2022,34972898268.3,-3976626632.2,-12506271636.1,18490000000,0,0
provinsi,12,,3,2021,2022,484479046329.6,-5381743183.36,-284990303146.24,194107000000,0,0
provinsi,12,,4,2021,2022,3903022723.13,1310695355.49,-1418718078.62,3795000000,0,1
provinsi,12,,5,2021,2022,2746591701.56,-951116859.59,-592474841.97,1203000000,0,0
provinsi,12,,6,2021,2022,337902910904.38,-200328418297.6,69499507393.21,207074000000,1,0
provinsi,12,,7,2021,2022,487606085284.89,57408148788.19,102750765926.92,647765000000,1,1
provinsi,12,,8,2021,2022,107239423052.62,323462699343.14,-149708122395.76,280994000000,0,1
provinsi,12,,9,2021,2022,58818233831.5,83193073560.98,-55730307392.48,86281000000,0,1
provinsi,12,,10,2021,2022,86014671498.5,48313126039.96,-2222797538.46,132105000000,0,1
provinsi,12,,11,2021,2022,79245530342.34,-48266810657.3,30113280314.96,61092000000,1,0
provinsi,12,,12,2021,2022,117390191144.26,-76581107185.86,66638916041.6,107448000000,1,0
provinsi,12,,13,2021,2022,23307217906.66,18023571219.23,17210874.11,41348000000,1,1
provinsi,12,,14,2021,2022,89913983747.76,-44120655489.38,-59115328258.38,-13322000000,0,0
provinsi,12,,15,2021,2022,56547225933.58,-50294766986.45,52451541052.87,58704000000,1,0
provinsi,12,,16,2021,2022,25192039684.61,-11183799260.12,10585759575.52,24594000000,1,0
provinsi,12,,17,2021,2022,13574743902.18,12398604999.47,-2039348901.65,23934000000,0,1
provinsi,12,,1,2022,2023,751631711460.29,-557434406643.2,258276695182.91,452474000000,1,0
provinsi,12,,2,2022,2023,36661220387.38,7745225535.96,-18784445923.34,25622000000,0,1
provinsi,12,,3,2022,2023,504732152257.31,-41362916594.34,-117685235662.98,345684000000,0,0
provinsi,12,,4,2022,2023,4178950246.93,-121576631.66,-2268373615.27,1789000000,0,0
provinsi,12,,5,2022,2023,2866593999.13,-89335183.29,-1138258815.83,1639000000,0,0
provinsi,12,,6,2022,2023,355651878753.8,-9878289627.94,104167410874.14,449941000000,1,0
provinsi,12,,7,2022,2023,530854192231.9,-21404632686.91,99472440455.01,608922000000,1,0
provinsi,12,,8,2022,2023,123752257829.36,218144473711.75,-23145731541.11,318751000000,0,1
provinsi,12,,9,2022,2023,64446663188.01,63113340529.06,2719996282.93,130280000000,1,1
provinsi,12,,10,2022,2023,94545243166.82,47533432135.82,3870324697.36,145949000000,1,1
provinsi,12,,11,2022,2023,84041238166.99,-4647337104.58,12051098937.6,91445000000,1,0
provinsi,12,,12,2022,2023,125350919701.37,-89868636551.57,43650716850.2,79133000000,1,0
provinsi,12,,13,2022,2023,25899312898.53,16352616036.78,-8021928935.3,34230000000,0,1
provinsi,12,,14,2022,2023,91178814635.76,-63897600726.86,7400786091.11,34682000000,1,0
provinsi,12,,15,2022,2023,60732978532.69,-39431037573.21,67333059040.52,88635000000,1,0
provinsi,12,,16,2022,2023,26978025562.8,-2074944839.48,9376919276.69,34280000000,1,0
provinsi,12,,17,2022,2023,15076960303.48,16296938292.06,-3110898595.54,28263000000,0,1
provinsi,12,,1,2023,2024,783780141625.29,-680066431311.64,465678289686.35,569392000000,1,0
provinsi,12,,2,2023,2024,38410961367.04,-1645973604.28,-6557987762.76,30207000000,0,0
provinsi,12,,3,2023,2024,528460261061.15,-70894711479.52,19989450418.37,477555000000,1,0
provinsi,12,,4,2023,2024,4320524156.37,-286985121.41,-1777539034.96,2256000000,0,0
provinsi,12,,5,2023,2024,2984770458.37,-2068759901.19,573989442.82,1490000000,1,0
provinsi,12,,6,2023,2024,382925811737.01,142463999185.51,-37174810922.52,488215000000,0,1
provinsi,12,,7,2023,2024,568358621020.87,-25260526801.49,-49252094219.38,493846000000,0,0
provinsi,12,,8,2023,2024,141537672953.05,98844040201.32,-62450713154.38,177931000000,0,1
provinsi,12,,9,2023,2024,71882083896.5,47007364450.25,49773551653.25,168663000000,1,1
provinsi,12,,10,2023,2024,103142719967.82,49592722847.57,-3238442815.39,149497000000,0,1
provinsi,12,,11,2023,2024,89725241059.83,-6647813574.41,-15140427485.43,67937000000,0,0
provinsi,12,,12,2023,2024,130900231109.37,-66965373250.99,74390142141.62,138325000000,1,0
provinsi,12,,13,2023,2024,27960352171.01,17865347574.89,-17761699745.9,28064000000,0,1
provinsi,12,,14,2023,2024,94045202621.32,24189486120.01,-6358688741.32,111876000000,0,1
provinsi,12,,15,2023,2024,65993965803.48,-17480182362.82,24578216559.35,73092000000,1,0
provinsi,12,,16,2023,2024,29054548082.29,17107753224.29,-16983301306.58,29179000000,0,1
provinsi,12,,17,2023,2024,16703135341.21,15295621235.37,-10643756576.59,21355000000,0,1
provinsi,12,,1,2024,2025,820594960517.68,25970308062.55,-70333268580.23,776232000000,0,1
provinsi,12,,2,2024,2025,40334039182.76,-45496427008.82,18449387826.06,13287000000,1,0
provinsi,12,,3,2024,2025,558117287572.12,14541870408.14,-195905157980.25,376754000000,0,1
provinsi,12,,4,2024,2025,4477888511.93,-1788436253.22,177547741.28,2867000000,1,0
provinsi,12,,5,2024,2025,3089945459.01,-2526569110.49,3123623651.48,3687000000,1,0
provinsi,12,,6,2024,2025,411755871115.05,-107512502129.31,-306104368985.74,-1861000000,0,0
provinsi,12,,7,2024,2025,599234332533.28,38222666445.87,75781001020.85,713238000000,1,1
provinsi,12,,8,2024,2025,152063584015.76,106524173169.62,-942295757185.38,-683708000000,0,1
provinsi,12,,9,2024,2025,81270279301.78,35358257999.74,-47779537301.52,68849000000,0,1
provinsi,12,,10,2024,2025,111837242977.12,68999748898.84,-39570991875.96,141266000000,0,1
provinsi,12,,11,2024,2025,94081918356.09,-21976769809.25,-15595148546.84,56510000000,0,0
provinsi,12,,12,2024,2025,139280650698.8,-42705935343.89,136573284645.09,233148000000,1,0
provinsi,12,,13,2024,2025,29673884817.71,22602720214.62,7757394967.67,60034000000,1,1
provinsi,12,,14,2024,2025,100711291557.29,-25420653003.14,-86920638554.15,-11630000000,0,0
provinsi,12,,15,2024,2025,70392198826.31,-2334093883.89,-11298104942.42,56760000000,0,0
provinsi,12,,16,2024,2025,30836002519.54,2576532616.15,16401464864.31,49814000000,1,1
provinsi,12,,17,2024,2025,17963750991.02,16570183621.6,-22836934612.62,11697000000,0,1
kabupaten,21,2171,1,2021,2022,56033719121.24,2172207711.47,-8555926832.71,49650000000,0,1
kabupaten,21,2171,2,2021,2022,3704909483.13,-8831253769.44,9786344286.31,4660000000,1,0
kabupaten,21,2171,3,2021,2022,3273319920993.6,-357787184161.97,1236377263168.4,4151910000000,1,0
kabupaten,21,2171,4,2021,2022,76259892996.2,170525741809.4,-7525634805.6,239260000000,0,1
kabupaten,21,2171,5,2021,2022,10666798819.25,7914049909.49,-10000848728.74,8580000000,0,1
kabupaten,21,2171,6,2021,2022,1107455143916.5,-14458103602.34,-133227040314.19,959770000000,0,0
kabupaten,21,2171,7,2021,2022,314800388840.27,547547423162.69,-424587812002.96,437760000000,0,1
kabupaten,21,2171,8,2021,2022,64608155125.84,425163334452.45,105538510421.72,595310000000,1,1
kabupaten,21,2171,9,2021,2022,72043786986.03,635547241492.1,-13291028478.13,694300000000,0,1
kabupaten,21,2171,10,2021,2022,217965594833.34,154910308152.56,-271635902985.9,101240000000,0,1
kabupaten,21,2171,11,2021,2022,195391966015.38,-34231870448.22,20729904432.84,181890000000,1,0
kabupaten,21,2171,12,2021,2022,64892603094.35,-5375706585.58,913103491.23,60430000000,1,0
kabupaten,21,2171,13,2021,2022,155889633.99,310939634.3,-66829268.29,400000000,0,1
kabupaten,21,2171,14,2021,2022,66139720166.26,-22294395822.68,-29955324343.58,13890000000,0,0
kabupaten,21,2171,15,2021,2022,46339712108.9,-15956222962.38,-25283489146.52,5100000000,0,0
kabupaten,21,2171,16,2021,2022,44605186863.18,-44740695176.89,58305508313.72,58170000000,1,0
kabupaten,21,2171,17,2021,2022,7205846490.61,92410368418.13,-65676214908.74,33940000000,0,1
kabupaten,21,2171,1,2022,2023,59639154809.96,-41928324871.33,-117790829938.63,-100080000000,0,0
kabupaten,21,2171,2,2022,2023,4014302776.34,-6075685941.94,8671383165.6,6610000000,1,0
kabupaten,21,2171,3,2022,2023,3548463717003.6,-1852915624899.1,1395131907895.5,3090680000000,1,0
kabupaten,21,2171,4,2022,2023,90018651662.04,50195019293.3,18736329044.66,158950000000,1,1
kabupaten,21,2171,5,2022,2023,11308207397.05,-1538086368.31,-5900121028.74,3870000000,0,0
kabupaten,21,2171,6,2022,2023,1177603917155,1218463820293.5,-143627737448.47,2252440000000,0,1
kabupaten,21,2171,7,2022,2023,343244541720.32,47274081621,242001376658.69,632520000000,1,1
kabupaten,21,2171,8,2022,2023,96506705365.79,182730718137.32,10472576496.89,289710000000,1,1
kabupaten,21,2171,9,2022,2023,109184807763.71,469249953815.95,76965238420.33,655400000000,1,1
kabupaten,21,2171,10,2022,2023,227252536479.59,652598076746.76,-64550613226.35,815300000000,0,1
kabupaten,21,2171,11,2022,2023,208415835743.2,141112438146.48,23871726110.32,373400000000,1,1
kabupaten,21,2171,12,2022,2023,69219139383.19,1205278094.4,-28534417477.59,41890000000,0,1
kabupaten,21,2171,13,2022,2023,179421701.28,457613094.48,-297034795.76,340000000,0,1
kabupaten,21,2171,14,2022,2023,68090020056.17,-354944337.71,-24945075718.45,42790000000,0,0
kabupaten,21,2171,15,2022,2023,47467351580.59,-11810256147.85,-16727095432.74,18930000000,0,0
kabupaten,21,2171,16,2022,2023,48436641231.19,-93687152592.71,68780511361.53,23530000000,1,0
kabupaten,21,2171,17,2022,2023,9090183951.92,28842050728.32,7567765319.76,45500000000,1,1
kabupaten,21,2171,1,2023,2024,52994678689.71,-46949328271.34,-89595350418.36,-83550000000,0,0
kabupaten,21,2171,2,2023,2024,4236424686.2,-10853667229.13,12097242542.93,5480000000,1,0
kabupaten,21,2171,3,2023,2024,3606775221624.9,1977948973581.6,334855804793.58,5919580000000,1,1
kabupaten,21,2171,4,2023,2024,95537470264.41,41658449508.68,564080226.9,137760000000,1,1
kabupaten,21,2171,5,2023,2024,11194151651,-6767148110.6,-203992003540.39,-199565000000,0,0
kabupaten,21,2171,6,2023,2024,1258480933569.4,184932807334.3,-1044443740903.7,398970000000,0,1
kabupaten,21,2171,7,2023,2024,365613932397.94,42068650138.35,251717417463.71,659400000000,1,1
kabupaten,21,2171,8,2023,2024,108406732422.33,-54155364608.79,90688632186.47,144940000000,1,0
kabupaten,21,2171,9,2023,2024,139079811312.26,-22246294748.06,9086483435.8,125920000000,1,0
kabupaten,21,2171,10,2023,2024,261949668524.53,-264987374525.4,329357706000.87,326320000000,1,0
kabupaten,21,2171,11,2023,2024,221463651856.66,105877226692.91,50059121450.43,377400000000,1,1
kabupaten,21,2171,12,2023,2024,69433832041.7,8007032697.4,17539135260.9,94980000000,1,1
kabupaten,21,2171,13,2023,2024,191584495.1,-1072986.15,-20511508.95,170000000,0,0
kabupaten,21,2171,14,2023,2024,68380618848.73,175145211276.54,-83435830125.27,160090000000,0,1
kabupaten,21,2171,15,2023,2024,47123265903.94,-10096767726.41,12723501822.47,49750000000,1,0
kabupaten,21,2171,16,2023,2024,48296846318.97,140441510878.01,-53608357196.98,135130000000,0,1
kabupaten,21,2171,17,2023,2024,11124438968.22,24247242307.95,-6261681276.17,29110000000,0,1
kabupaten,21,2171,1,2024,2025,67515011537.63,-33537129708.95,54042118171.31,88020000000,1,0
kabupaten,21,2171,2,2024,2025,6240790134.53,8156051687.58,-14366841822.11,30000000,0,1
kabupaten,21,2171,3,2024,2025,5400244163745,450634336820.41,-485408500565.36,5365470000000,0,1
kabupaten,21,2171,4,2024,2025,141722481289.57,70070354660.27,31317164050.16,243110000000,1,1
kabupaten,21,2171,5,2024,2025,1639811838.02,1124706486.18,228420481675.81,231185000000,1,1
kabupaten,21,2171,6,2024,2025,1768637842705.4,-417355947191.98,330668104486.58,1681950000000,1,0
kabupaten,21,2171,7,2024,2025,551532516639.35,48304726495.2,111252756865.45,711090000000,1,1
kabupaten,21,2171,8,2024,2025,160023711102.64,5689558660.1,-98413269762.74,67300000000,0,1
kabupaten,21,2171,9,2024,2025,201136607267.37,-117817843325.34,-75078763942.03,8240000000,0,0
kabupaten,21,2171,10,2024,2025,385016163615.77,-531866094458.54,304069930842.77,157220000000,1,0
kabupaten,21,2171,11,2024,2025,332552591897.86,-135545142553.93,188612550656.07,385620000000,1,0
kabupaten,21,2171,12,2024,2025,102643132193.7,-18110182389.94,132927050196.24,217460000000,1,0
kabupaten,21,2171,13,2024,2025,276828823.09,393841091.65,-310669914.74,360000000,0,1
kabupaten,21,2171,14,2024,2025,105703512992.29,-127876750488.83,148663237496.54,126490000000,1,0
kabupaten,21,2171,15,2024,2025,68641059607.49,-14398816607.62,-1462242999.86,52780000000,0,0
kabupaten,21,2171,16,2024,2025,76188287521.15,-46902836761.62,-5115450759.53,24170000000,0,0
kabupaten,21,2171,17,2024,2025,17408994558.71,-12486058054.41,10467063495.71,15390000000,1,0
kabupaten,21,2172,1,2021,2022,5518897951.37,213946046.72,-2792843998.08,2940000000,0,1
kabupaten,21,2172,2,2021,2022,50107382.35,-119439087.87,89331705.51,20000000,1,0
kabupaten,21,2172,3,2021,2022,48808133358.79,-5334927541.5,-21633205817.29,21840000000,0,0
kabupaten,21,2172,4,2021,2022,1871687878.22,4185305687.3,-4706993565.52,1350000000,0,1
kabupaten,21,2172,5,2021,2022,564340720.45,418702996.4,-683043716.85,300000000,0,1
kabupaten,21,2172,6,2021,2022,222797161216.66,-2908672605.72,-197148488610.94,22740000000,0,0
kabupaten,21,2172,7,2021,2022,183086301498.54,318450790265,-328967091763.54,172570000000,0,1
kabupaten,21,2172,8,2021,2022,29517297287.77,194242855479.3,-54620152767.06,169140000000,0,1
kabupaten,21,2172,9,2021,2022,7558622707.79,66679751473.17,-23638374180.96,50600000000,0,1
kabupaten,21,2172,10,2021,2022,29618018187.65,21049819022.24,-25997837209.89,24670000000,0,1
kabupaten,21,2172,11,2021,2022,24822387401.77,-4348780387.86,-10763607013.91,9710000000,0,0
kabupaten,21,2172,12,2021,2022,24982832252.34,-2069579111.66,-9293253140.68,13620000000,0,0
kabupaten,21,2172,13,2021,2022,103757710.93,206956574.78,-190714285.71,120000000,0,1
kabupaten,21,2172,14,2021,2022,72696195226.98,-24504454314.58,98259087.6,48290000000,1,0
kabupaten,21,2172,15,2021,2022,30645472593.49,-10552201799.19,-6333270794.3,13760000000,0,0
kabupaten,21,2172,16,2021,2022,19982722855.65,-20043429362.4,6260706506.75,6200000000,1,0
kabupaten,21,2172,17,2021,2022,6987702230.06,89612807921.67,-77090510151.73,19510000000,0,1
kabupaten,21,2172,1,2022,2023,5773460376.25,-4058936164.65,865475788.4,2580000000,1,0
kabupaten,21,2172,2,2022,2023,52073539.74,-78813804.28,-73259735.46,-100000000,0,0
kabupaten,21,2172,3,2022,2023,50844913549.23,-26549893778.14,2574980228.91,26870000000,1,0
kabupaten,21,2172,4,2022,2023,1976216612.09,1101951974.84,-388168586.93,2690000000,0,1
kabupaten,21,2172,5,2022,2023,590338643.58,-80294938.76,-30043704.82,480000000,0,0
kabupaten,21,2172,6,2022,2023,228126959483.53,236042392959.93,-438879352443.46,25290000000,0,1
kabupaten,21,2172,7,2022,2023,195400028706.37,26911882879.52,1418088414.11,223730000000,1,1
kabupaten,21,2172,8,2022,2023,38788600150.58,73444313886.69,-27842914037.27,84390000000,0,1
kabupaten,21,2172,9,2022,2023,10308498549.98,44303438981.71,-13291937531.69,41320000000,0,1
kabupaten,21,2172,10,2022,2023,31442621990.12,90293358025.83,-67825980015.95,53910000000,0,1
kabupaten,21,2172,11,2022,2023,25786198183.39,17459101815.42,-10055299998.81,33190000000,0,1
kabupaten,21,2172,12,2022,2023,26151228541.17,455358202.7,13093413256.13,39700000000,1,1
kabupaten,21,2172,13,2022,2023,111880773.5,285350693.97,-177231467.47,220000000,0,1
kabupaten,21,2172,14,2022,2023,76542432041.18,-399005652.01,53706573610.83,129850000000,1,0
kabupaten,21,2172,15,2022,2023,31926751235.82,-7943630674.73,-3823120561.09,20160000000,0,0
kabupaten,21,2172,16,2022,2023,20675257594.91,-39990510571.18,38395252976.27,19080000000,1,0
kabupaten,21,2172,17,2022,2023,8123987778.93,25776427504.17,-18740415283.11,15160000000,0,1
kabupaten,21,2172,1,2023,2024,5745528732.7,-5090109445.58,1524580712.88,2180000000,1,0
kabupaten,21,2172,2,2023,2024,45639238.36,-116927159.68,21287921.32,-50000000,1,0
kabupaten,21,2172,3,2023,2024,50807004428.88,27862468849.83,-72119473278.71,6550000000,0,1
kabupaten,21,2172,4,2023,2024,2057276436.94,897061083.32,-764337520.26,2190000000,0,1
kabupaten,21,2172,5,2023,2024,598325399.63,-361702853.76,-386622545.86,-150000000,0,0
kabupaten,21,2172,6,2023,2024,223178884770.93,32795965832.68,-279884850603.61,-23910000000,0,1
kabupaten,21,2172,7,2023,2024,201296123801.56,23161743730.26,91602132468.18,316060000000,1,1
kabupaten,21,2172,8,2023,2024,41964025848.67,-20963431601.59,46079405752.92,67080000000,1,0
kabupaten,21,2172,9,2023,2024,12099914996.95,-1935423070.46,2895508073.51,13060000000,1,0
kabupaten,21,2172,10,2023,2024,33289561379.33,-33675604625.49,41386043246.16,41000000000,1,0
kabupaten,21,2172,11,2023,2024,26748104390.8,12787719738.42,-16125824129.22,23410000000,0,1
kabupaten,21,2172,12,2023,2024,27429683785.68,3163160789.1,-4652844574.78,25940000000,0,1
kabupaten,21,2172,13,2023,2024,119865691.96,-671318.56,-79194373.4,40000000,0,0
kabupaten,21,2172,14,2023,2024,80969024155.18,207388249496.35,-233977273651.53,54380000000,0,1
kabupaten,21,2172,15,2023,2024,32067834075.48,-6870947204.92,-21556886870.57,3640000000,0,0
kabupaten,21,2172,16,2023,2024,21068777630.23,61265510861.74,-54154288491.97,28180000000,0,1
kabupaten,21,2172,17,2023,2024,8662929277.23,18882043928.82,-8504973206.05,19040000000,0,1
kabupaten,21,2172,1,2024,2025,8099497946.69,-4023311364.82,-1406186581.87,2670000000,0,0
kabupaten,21,2172,2,2024,2025,59667365.38,77978926.64,-207646292.02,-70000000,0,1
kabupaten,21,2172,3,2024,2025,70739824494.31,5903028257.83,-54942852752.14,21700000000,0,1
kabupaten,21,2172,4,2024,2025,2997938206.93,1482239031.5,-3240177238.43,1240000000,0,1
kabupaten,21,2172,5,2024,2025,817304144.36,560568750.04,212127105.61,1590000000,1,1
kabupaten,21,2172,6,2024,2025,307082258754.04,-72464019412.87,-386888239341.17,-152270000000,0,0
kabupaten,21,2172,7,2024,2025,300397432412.05,26309628851.88,117352938736.07,444060000000,1,1
kabupaten,21,2172,8,2024,2025,62706238172.16,2229487230.22,-7055725402.38,57880000000,0,1
kabupaten,21,2172,9,2024,2025,17644888793.92,-10335675696.53,23940786902.61,31250000000,1,0
kabupaten,21,2172,10,2024,2025,48896712120.17,-67546523405.64,53689811285.46,35040000000,1,0
kabupaten,21,2172,11,2024,2025,38626987209.53,-15743977389.75,4536990180.23,27420000000,1,0
kabupaten,21,2172,12,2024,2025,39745403407.06,-7012612431.83,-35282790975.23,-2550000000,0,0
kabupaten,21,2172,13,2024,2025,168594997.52,239858108.45,-188453105.97,220000000,0,1
kabupaten,21,2172,14,2024,2025,115783828708.2,-140071596063.59,-22032232644.6,-46320000000,0,0
kabupaten,21,2172,15,2024,2025,44614537944.49,-9358779622.14,9004241677.65,44260000000,1,0
kabupaten,21,2172,16,2024,2025,31101267299.66,-19146481837.26,47135214537.59,59090000000,1,0
kabupaten,21,2172,17,2024,2025,13305128672.58,-9542688319.36,-2052440353.21,1710000000,0,0
kabupaten,21,2103,1,2021,2022,86639713171.06,3358682165.33,-33778395336.38,56220000000,0,1
kabupaten,21,2103,2,2021,2022,530763712920.16,-1265161554352.6,633637841432.44,-100760000000,1,0
kabupaten,21,2103,3,2021,2022,5870155763.02,-641631906.36,-3838523856.66,1390000000,0,0
kabupaten,21,2103,4,2021,2022,584586127.46,1307200667.61,-1531786795.07,360000000,0,1
kabupaten,21,2103,5,2021,2022,53650328.58,39804948.54,-53455277.12,40000000,0,1
kabupaten,21,2103,6,2021,2022,53898840951.86,-703662835.29,-47775178116.57,5420000000,0,0
kabupaten,21,2103,7,2021,2022,23114687320.34,40204484899.44,-41799172219.78,21520000000,0,1
kabupaten,21,2103,8,2021,2022,4016688751.11,26432402837.56,-21139091588.67,9310000000,0,1
kabupaten,21,2103,9,2021,2022,3648728478.67,32187915385.7,-33146643864.37,2690000000,0,1
kabupaten,21,2103,10,2021,2022,7105125590.73,5049683164.74,-6214808755.47,5940000000,0,1
kabupaten,21,2103,11,2021,2022,1066932949.51,-186922273.47,-530010676.05,350000000,0,0
kabupaten,21,2103,12,2021,2022,5593805957.31,-463391173.87,-1240414783.44,3890000000,0,0
kabupaten,21,2103,13,2021,2022,1518405.53,3028632.8,-4547038.33,0,0,1
kabupaten,21,2103,14,2021,2022,14627306565.9,-4930576687.96,-2626729877.94,7070000000,0,0
kabupaten,21,2103,15,2021,2022,1311902374.35,-451729323.24,-50173051.11,810000000,0,0
kabupaten,21,2103,16,2021,2022,2460829222.26,-2468305097.64,1757475875.38,1750000000,1,0
kabupaten,21,2103,17,2021,2022,497024742.14,6374024147.41,-6521048889.54,350000000,0,1
kabupaten,21,2103,1,2022,2023,91154989103.48,-64085012756.33,43610023652.86,70680000000,1,0
kabupaten,21,2103,2,2022,2023,535472724719.01,-810443129761.5,252050405042.49,-22920000000,1,0
kabupaten,21,2103,3,2022,2023,6051357781.39,-3159861923.14,-2861495858.25,30000000,0,0
kabupaten,21,2103,4,2022,2023,614055305.24,342401461.53,-216456766.77,740000000,0,1
kabupaten,21,2103,5,2022,2023,56713756.15,-7713924.25,-18999831.9,30000000,0,0
kabupaten,21,2103,6,2022,2023,55184031474.44,57098778995.23,-69232810469.66,43050000000,0,1
kabupaten,21,2103,7,2022,2023,24655532117.56,3395735389.97,-9791267507.54,18260000000,0,1
kabupaten,21,2103,8,2022,2023,4571644325.43,8656184536.48,-9037828861.91,4190000000,0,1
kabupaten,21,2103,9,2022,2023,3855504259.12,16570026843.32,-17835531102.43,2590000000,0,1
kabupaten,21,2103,10,2022,2023,7543960727.38,21663891360.73,-29087852088.11,120000000,0,1
kabupaten,21,2103,11,2022,2023,1104887085.76,748087639.27,-1242974725.03,610000000,0,1
kabupaten,21,2103,12,2022,2023,5898746219.38,102711904.05,-2311458123.43,3690000000,0,1
kabupaten,21,2103,13,2022,2023,1546738.8,3944940.47,-5491679.27,0,0,1
kabupaten,21,2103,14,2022,2023,15264765258.04,-79573217.78,-13025192040.26,2160000000,0,0
kabupaten,21,2103,15,2022,2023,1378144274.49,-342893301.36,-875250973.12,160000000,0,0
kabupaten,21,2103,16,2022,2023,2596974452.15,-5023121661.48,2946147209.33,520000000,1,0
kabupaten,21,2103,17,2022,2023,524344454.6,1663681333.49,-1728025788.09,460000000,0,1
kabupaten,21,2103,1,2023,2024,92215836465.82,-81696345465.18,11170508999.35,21690000000,1,0
kabupaten,21,2103,2,2023,2024,519731621985.44,-1331545935860.2,177834313874.78,-633980000000,1,0
kabupaten,21,2103,3,2023,2024,5887963278.8,3228948356.4,-5556911635.2,3560000000,0,1
kabupaten,21,2103,4,2023,2024,634435566.24,276641216.58,-111076782.82,800000000,0,1
kabupaten,21,2103,5,2023,2024,56672900.38,-34260203.25,-22412697.14,0,0,0
kabupaten,21,2103,6,2023,2024,55839357370.91,8205550710.3,-55094908081.21,8950000000,0,1
kabupaten,21,2103,7,2023,2024,24899464472.09,2865008049.99,1725527477.92,29490000000,1,1
kabupaten,21,2103,8,2023,2024,4657208433.3,-2326542043.36,-4410666389.93,-2080000000,0,0
kabupaten,21,2103,9,2023,2024,3880338320.96,-620673476.59,-939664844.37,2320000000,0,0
kabupaten,21,2103,10,2023,2024,7344406665.65,-7429576264.55,105169598.9,20000000,1,0
kabupaten,21,2103,11,2023,2024,1105372322.53,528455821.04,-1123828143.57,510000000,0,1
kabupaten,21,2103,12,2023,2024,5923070385.23,683041924.22,1463887690.56,8070000000,1,1
kabupaten,21,2103,13,2023,2024,1504590.28,-8426.59,-1496163.68,-0,0,0
kabupaten,21,2103,14,2023,2024,14957131930.45,38310124654.55,-24427256585,28840000000,0,1
kabupaten,21,2103,15,2023,2024,1348614417.09,-288958039.32,120343622.22,1180000000,1,0
kabupaten,21,2103,16,2023,2024,2552286637.63,7421747358.31,-7224033995.94,2750000000,0,1
kabupaten,21,2103,17,2023,2024,533126487.68,1162022387.33,-1285148875.01,410000000,0,1
kabupaten,21,2103,1,2024,2025,129074387442.72,-64115881419.3,-122238506023.42,-57280000000,0,0
kabupaten,21,2103,2,2024,2025,675000253156.32,882153835524.17,11695911319.51,1568850000000,1,1
kabupaten,21,2103,3,2024,2025,8392284320.98,700311201.63,-9352595522.61,-260000000,0,1
kabupaten,21,2103,4,2024,2025,933169842.24,461377342.6,-844547184.84,550000000,0,1
kabupaten,21,2103,5,2024,2025,78400142.88,53772723.9,-122172866.78,10000000,0,1
kabupaten,21,2103,6,2024,2025,77867993237.18,-18374971567.8,-120193021669.38,-60700000000,0,0
kabupaten,21,2103,7,2024,2025,36491450574.28,3196021061.72,-6347471636,33340000000,0,1
kabupaten,21,2103,8,2024,2025,6298376080.18,223935440.1,-4392311520.28,2130000000,0,1
kabupaten,21,2103,9,2024,2025,5528944589.44,-3238636348.92,-710308240.53,1580000000,0,0
kabupaten,21,2103,10,2024,2025,10161491085.08,-14037209572.04,-15804281513.04,-19680000000,0,0
kabupaten,21,2103,11,2024,2025,1564533824.72,-637688490.39,-376845334.33,550000000,0,0
kabupaten,21,2103,12,2024,2025,8753757546.12,-1544498325.11,-7279259221.01,-70000000,0,0
kabupaten,21,2103,13,2024,2025,2081419.72,2961211.22,-5042630.94,0,0,1
kabupaten,21,2103,14,2024,2025,22692331620.9,-27452461574.36,26260129953.46,21500000000,1,0
kabupaten,21,2103,15,2024,2025,1947515053.65,-408529708.87,61014655.22,1600000000,1,0
kabupaten,21,2103,16,2024,2025,3721578463.77,-2291068520.65,2269490056.88,3700000000,1,0
kabupaten,21,2103,17,2024,2025,765962457.87,-549362669.06,103400211.19,320000000,1,0
kabupaten,21,2105,1,2021,2022,32124399575.69,1245337085.94,-22699736661.62,10670000000,0,1
kabupaten,21,2105,2,2021,2022,458370186528.01,-1092599820862.1,569469634334.08,-64760000000,1,0
kabupaten,21,2105,3,2021,2022,813865361.87,-88958795.09,-224906566.78,500000000,0,0
kabupaten,21,2105,4,2021,2022,339110567.44,758289564.76,-907400132.21,190000000,0,1
kabupaten,21,2105,5,2021,2022,16196325.61,12016588.24,-8212913.85,20000000,0,1
kabupaten,21,2105,6,2021,2022,33797176330.02,-441230581.24,-14215945748.79,19140000000,0,0
kabupaten,21,2105,7,2021,2022,13304775352.86,23141634249.74,-9756409602.6,26690000000,0,1
kabupaten,21,2105,8,2021,2022,722254895.14,4752903080.8,-3985157975.94,1490000000,0,1
kabupaten,21,2105,9,2021,2022,589141344.04,5197216466.77,-4516357810.81,1270000000,0,1
kabupaten,21,2105,10,2021,2022,3375921619.19,2399300948.06,-3665222567.24,2110000000,0,1
kabupaten,21,2105,11,2021,2022,842715066.86,-147640220.74,-485074846.12,210000000,0,0
kabupaten,21,2105,12,2021,2022,3744894161.97,-310227225.43,-1074666936.55,2360000000,0,0
kabupaten,21,2105,13,2021,2022,1012270.35,2019088.53,-3031358.89,0,0,1
kabupaten,21,2105,14,2021,2022,11323762276.77,-3817017032.51,-626745244.26,6880000000,0,0
kabupaten,21,2105,15,2021,2022,1178788823.25,-405894133.42,127105310.17,900000000,1,0
kabupaten,21,2105,16,2021,2022,1336702997.94,-1340763834.4,1444060836.46,1440000000,1,0
kabupaten,21,2105,17,2021,2022,358849839.28,4602019470.99,-4350869310.27,610000000,0,1
kabupaten,21,2105,1,2022,2023,33273960734.22,-23392709703.31,7988748969.09,17870000000,1,0
kabupaten,21,2105,2,2022,2023,463584429739.48,-701639502448.82,219395072709.35,-18660000000,1,0
kabupaten,21,2105,3,2022,2023,854830979.09,-446370543.46,-168460435.63,240000000,0,0
kabupaten,21,2105,4,2022,2023,355234345.35,198081114.18,-353315459.53,200000000,0,1
kabupaten,21,2105,5,2022,2023,17529706.45,-2384303.86,-15145402.59,0,0,0
kabupaten,21,2105,6,2022,2023,35414647239.15,36643446697.78,-34208093936.92,37850000000,0,1
kabupaten,21,2105,7,2022,2023,14929122937.54,2056145081.7,544731980.76,17530000000,1,1
kabupaten,21,2105,8,2022,2023,812553451.77,1538530148.81,-1651083600.58,700000000,0,1
kabupaten,21,2105,9,2022,2023,665613265.38,2860645179.82,-2846258445.2,680000000,0,1
kabupaten,21,2105,10,2022,2023,3547703237.09,10187892048.47,-7235595285.56,6500000000,0,1
kabupaten,21,2105,11,2022,2023,869267207.93,588556117.5,-887823325.43,570000000,0,1
kabupaten,21,2105,12,2022,2023,3936450256.53,68543430.42,-3734993686.95,270000000,0,1
kabupaten,21,2105,13,2022,2023,1031159.2,2629960.31,-3661119.52,0,0,1
kabupaten,21,2105,14,2022,2023,11889781187.41,-61979868.79,-5447801318.62,6380000000,0,0
kabupaten,21,2105,15,2022,2023,1247187055.74,-310310099.51,-36876956.22,900000000,0,0
kabupaten,21,2105,16,2022,2023,1435889189.84,-2777326548.98,-558562640.86,-1900000000,0,0
kabupaten,21,2105,17,2022,2023,396996293.06,1259621068.62,-1506617361.68,150000000,0,1
kabupaten,21,2105,1,2023,2024,33263481814.55,-29468961144.25,-574520670.3,3220000000,0,0
kabupaten,21,2105,2,2023,2024,450015930032.11,-1152935202244.4,2469272212.32,-700450000000,1,0
kabupaten,21,2105,3,2023,2024,843573614.56,462614236.41,-1336187850.97,-30000000,0,1
kabupaten,21,2105,4,2023,2024,355584835.15,155050294.51,-320635129.66,190000000,0,1
kabupaten,21,2105,5,2023,2024,17052023.12,-10308379.74,3256356.61,10000000,1,0
kabupaten,21,2105,6,2023,2024,36347891879.68,5341294815.59,-21949186695.27,19740000000,0,1
kabupaten,21,2105,7,2023,2024,15401487591.87,1772141966.43,10526370441.71,27700000000,1,1
kabupaten,21,2105,8,2023,2024,825518531.25,-412393732.86,-703124798.39,-290000000,0,0
kabupaten,21,2105,9,2023,2024,681579394.88,-109020971.27,7441576.39,580000000,1,0
kabupaten,21,2105,10,2023,2024,3777023122.03,-3820823466.83,3343800344.81,3300000000,1,0
kabupaten,21,2105,11,2023,2024,874166950.17,417921277.71,-1292088227.87,0,0,1
kabupaten,21,2105,12,2023,2024,3842723564.07,443138630.26,-1845862194.32,2440000000,0,1
kabupaten,21,2105,13,2023,2024,1003060.18,-5617.73,-997442.46,0,0,0
kabupaten,21,2105,14,2023,2024,11885761647.71,30443337162.2,-35049098809.91,7280000000,0,1
kabupaten,21,2105,15,2023,2024,1258339000.55,-269615366.55,-178723634,810000000,0,0
kabupaten,21,2105,16,2023,2024,1301470588.46,3784522380.59,-4915992969.05,170000000,0,1
kabupaten,21,2105,17,2023,2024,393701122.13,858125657.62,-221826779.76,1030000000,0,1
kabupaten,21,2105,1,2024,2025,46239432941.16,-22968786124.72,-29030646816.44,-5760000000,0,0
kabupaten,21,2105,2,2024,2025,573945244210.87,750085642477.86,250949113311.28,1574980000000,1,1
kabupaten,21,2105,3,2024,2025,1164901238.01,97207548.57,-902108786.58,360000000,0,1
kabupaten,21,2105,4,2024,2025,505091185.99,249726918.52,-644818104.51,110000000,0,1
kabupaten,21,2105,5,2024,2025,24283230.1,16655268.46,-50938498.56,-10000000,0,1
kabupaten,21,2105,6,2024,2025,51652511832.72,-12188749149.35,-15963762683.37,23500000000,0,0
kabupaten,21,2105,7,2024,2025,23227950296.15,2034367425.76,-1672317721.91,23590000000,0,1
kabupaten,21,2105,8,2024,2025,1121885230.41,39888037.74,-261773268.15,900000000,0,1
kabupaten,21,2105,9,2024,2025,983123915.58,-575874978.84,-107248936.73,300000000,0,0
kabupaten,21,2105,10,2024,2025,5454013479.44,-7534241734.66,3530228255.22,1450000000,1,0
kabupaten,21,2105,11,2024,2025,1209304858.75,-492900682.37,-1446404176.38,-730000000,0,0
kabupaten,21,2105,12,2024,2025,5485234775.27,-967805639.88,-3567429135.39,950000000,0,0
kabupaten,21,2105,13,2024,2025,1387613.15,1974140.81,-3361753.96,0,0,1
kabupaten,21,2105,14,2024,2025,16947613186.89,-20502683794.81,23155070607.92,19600000000,1,0
kabupaten,21,2105,15,2024,2025,1796959027.06,-376947611.68,-840011415.38,580000000,0,0
kabupaten,21,2105,16,2024,2025,1812222771.69,-1115635901.55,-316586870.14,380000000,0,0
kabupaten,21,2105,17,2024,2025,616100237.85,-441878668.59,-34221569.26,140000000,0,0
kabupaten,21,2104,1,2021,2022,34708219645.55,1345501664.85,-25633721310.4,10420000000,0,1
kabupaten,21,2104,2,2021,2022,7334404825.14,-17482745679.37,11798340854.23,1650000000,1,0
kabupaten,21,2104,3,2021,2022,1137791874.05,-124365280.7,-353426593.36,660000000,0,0
kabupaten,21,2104,4,2021,2022,425659682.42,951823170.1,-1057482852.52,320000000,0,1
kabupaten,21,2104,5,2021,2022,46058300.95,34172172.8,-30230473.75,50000000,0,1
kabupaten,21,2104,6,2021,2022,30284598213.51,-395372996.31,610774782.8,30500000000,1,0
kabupaten,21,2104,7,2021,2022,31907267585.49,55497841698.86,-56245109284.35,31160000000,0,1
kabupaten,21,2104,8,2021,2022,1940016126.89,12766557469.3,-10406573596.19,4300000000,0,1
kabupaten,21,2104,9,2021,2022,3439188516.1,30339420869.17,-27948609385.27,5830000000,0,1
kabupaten,21,2104,10,2021,2022,6234066954.05,4430613160,-5184680114.05,5480000000,0,1
kabupaten,21,2104,11,2021,2022,1336702997.94,-234184878.66,-502518119.28,600000000,0,0
kabupaten,21,2104,12,2021,2022,3922547608.5,-324944046.1,-297603562.4,3300000000,0,0
kabupaten,21,2104,13,2021,2022,1518405.53,3028632.8,-4547038.33,0,0,1
kabupaten,21,2104,14,2021,2022,11423977041.48,-3850797454.11,-293179587.37,7280000000,0,0
kabupaten,21,2104,15,2021,2022,10278087004.62,-3539069200.24,-1799017804.39,4940000000,0,0
kabupaten,21,2104,16,2021,2022,4914066416.9,-4928995103.46,3674928686.56,3660000000,1,0
kabupaten,21,2104,17,2021,2022,1067439084.69,13689222939.79,-13666662024.48,1090000000,0,1
kabupaten,21,2104,1,2022,2023,35893105109.23,-25234055989.83,4050950880.6,14710000000,1,0
kabupaten,21,2104,2,2022,2023,7556334637.82,-11436585302.47,5500250664.66,1620000000,1,0
kabupaten,21,2104,3,2022,2023,1193051197.59,-622980360.41,239929162.82,810000000,1,0
kabupaten,21,2104,4,2022,2023,450100992,250979408.83,88919599.17,790000000,1,1
kabupaten,21,2104,5,2022,2023,49495641.73,-6732152.07,-22763489.66,20000000,0,0
kabupaten,21,2104,6,2022,2023,32422223232.74,33547193081.71,-46229416314.45,19740000000,0,1
kabupaten,21,2104,7,2022,2023,34109199688.46,4697761782.36,-8046961470.82,30760000000,0,1
kabupaten,21,2104,8,2022,2023,2197915840.68,4161645954.55,1680438204.77,8040000000,1,1
kabupaten,21,2104,9,2022,2023,3803946298.98,16348443173.31,-5182389472.28,14970000000,0,1
kabupaten,21,2104,10,2022,2023,6632931571.75,19047701090.47,-880632662.21,24800000000,0,1
kabupaten,21,2104,11,2022,2023,1392580503.33,942876674.6,-635457177.93,1700000000,0,1
kabupaten,21,2104,12,2022,2023,4165883179.15,72538430.62,-4218421609.76,20000000,0,1
kabupaten,21,2104,13,2022,2023,1546738.8,3944940.47,-5491679.27,0,0,1
kabupaten,21,2104,14,2022,2023,12012489132.54,-62619529.2,-4889869603.33,7060000000,0,0
kabupaten,21,2104,15,2022,2023,10724571288.29,-2668358983.03,-136212305.26,7920000000,0,0
kabupaten,21,2104,16,2022,2023,5194464483.9,-10047240567.68,4342776083.79,-510000000,1,0
kabupaten,21,2104,17,2022,2023,1143555555.86,3628363026.23,-4641918582.09,130000000,0,1
kabupaten,21,2104,1,2023,2024,35652771172.32,-31585693109.92,-2637078062.39,1430000000,0,0
kabupaten,21,2104,2,2023,2024,7431672901.63,-19039853320.86,22458180419.22,10850000000,1,0
kabupaten,21,2104,3,2023,2024,1201164570.08,658716466.23,-1749881036.31,110000000,0,1
kabupaten,21,2104,4,2023,2024,477456647.48,208191650.74,-155648298.22,530000000,0,1
kabupaten,21,2104,5,2023,2024,49149949.01,-29712388.66,-9437560.35,10000000,0,0
kabupaten,21,2104,6,2023,2024,32528740229.93,4780073411.77,-1838813641.69,35470000000,0,1
kabupaten,21,2104,7,2023,2024,34722432851.86,3995268643.12,12622298505.02,51340000000,1,1
kabupaten,21,2104,8,2023,2024,2541252975.61,-1269501242.06,1518248266.45,2790000000,1,0
kabupaten,21,2104,9,2023,2024,4451079565.53,-711965504.03,6760885938.5,10500000000,1,0
kabupaten,21,2104,10,2023,2024,7695979260.06,-7785225879.51,1889246619.45,1800000000,1,0
kabupaten,21,2104,11,2023,2024,1439892893.82,688383240.56,-1468276134.38,660000000,0,1
kabupaten,21,2104,12,2023,2024,4053366202.66,467429706.31,-1050795908.97,3470000000,0,1
kabupaten,21,2104,13,2023,2024,1504590.28,-8426.59,-1496163.68,-0,0,0
kabupaten,21,2104,14,2023,2024,12039229855.83,30836419620.18,-24975649476.01,17900000000,0,1
kabupaten,21,2104,15,2023,2024,10829539274.19,-2320368517.29,-6139170756.9,2370000000,0,0
kabupaten,21,2104,16,2023,2024,5027337641.11,14618902637.01,-18136240278.12,1510000000,0,1
kabupaten,21,2104,17,2023,2024,1118913635.01,2438825913.58,-2267739548.58,1290000000,0,1
kabupaten,21,2102,1,2021,2022,74576487403.18,2891038174.37,-47507525577.55,29960000000,0,1
kabupaten,21,2102,2,2021,2022,51156600572.14,-121940069977.95,35983469405.81,-34800000000,1,0
kabupaten,21,2102,3,2021,2022,62512249364.96,-6832843173.22,-21219406191.74,34460000000,0,0
kabupaten,21,2102,4,2021,2022,1444003655.1,3228955415.32,-1682959070.43,2990000000,0,1
kabupaten,21,2102,5,2021,2022,210046097.75,155840128.7,-145886226.45,220000000,0,1
kabupaten,21,2102,6,2021,2022,93765084168.8,-1224126601.1,-21940957567.7,70600000000,0,0
kabupaten,21,2102,7,2021,2022,78072363058.91,135795007657.44,-80297370716.36,133570000000,0,1
kabupaten,21,2102,8,2021,2022,11753471040.6,77345420702.35,-38148891742.94,50950000000,0,1
kabupaten,21,2102,9,2021,2022,8682242796.93,76591968445.88,-37014211242.82,48260000000,0,1
kabupaten,21,2102,10,2021,2022,18783182490.21,13349393925.53,-12852576415.74,19280000000,0,1
kabupaten,21,2102,11,2021,2022,8159911296.03,-1429582966.24,-2890328329.8,3840000000,0,0
kabupaten,21,2102,12,2021,2022,15000328190.09,-1242627960.54,-3497700229.55,10260000000,0,0
kabupaten,21,2102,13,2021,2022,86549114.97,172632069.69,-129181184.67,130000000,0,1
kabupaten,21,2102,14,2021,2022,17317921157.74,-5837529825.44,-4590391332.3,6890000000,0,0
kabupaten,21,2102,15,2021,2022,15455343712.67,-5321761811.12,-2353581901.55,7780000000,0,0
kabupaten,21,2102,16,2021,2022,10117642154.06,-10148379041.93,5010736887.87,4980000000,1,0
kabupaten,21,2102,17,2021,2022,5270891715.48,67595812088.67,-53146703804.15,19720000000,0,1
kabupaten,21,2102,1,2022,2023,77512752850.98,-54494063397.83,26351310546.85,49370000000,1,0
kabupaten,21,2102,2,2022,2023,50316960037.42,-76155203972.73,5808243935.31,-20030000000,1,0
kabupaten,21,2102,3,2022,2023,65455408293.12,-34179114803.77,65653706510.65,96930000000,1,0
kabupaten,21,2102,4,2022,2023,1625106903.55,906170786.51,948722309.94,3480000000,1,1
kabupaten,21,2102,5,2022,2023,225308285.8,-30645317.24,-164662968.57,30000000,0,0
kabupaten,21,2102,6,2022,2023,99154722198.48,102595142432.94,-166439864631.42,35310000000,0,1
kabupaten,21,2102,7,2022,2023,86415781407.6,11901796553.36,26392422039.05,124710000000,1,1
kabupaten,21,2102,8,2022,2023,14599667572.26,27643755218.18,15586577209.56,57830000000,1,1
kabupaten,21,2102,9,2022,2023,11332439638.32,48704090668.1,-20986530306.42,39050000000,0,1
kabupaten,21,2102,10,2022,2023,20127712058.25,57800482150.86,17941805790.89,95870000000,1,1
kabupaten,21,2102,11,2022,2023,8510156900.37,5761985335.41,-1842142235.78,12430000000,0,1
kabupaten,21,2102,12,2022,2023,15809217317.1,275277957.68,-3914495274.78,12170000000,0,1
kabupaten,21,2102,13,2022,2023,94866646.65,241956348.81,-76822995.46,260000000,0,1
kabupaten,21,2102,14,2022,2023,17996305986.15,-93812381.08,-3542493605.06,14360000000,0,0
kabupaten,21,2102,15,2022,2023,16144859637.59,-4016970010.8,192110373.2,12320000000,1,0
kabupaten,21,2102,16,2022,2023,10563194873.06,-20431549851.19,-8451645021.87,-18320000000,0,0
kabupaten,21,2102,17,2022,2023,6385968942.69,20261904618.06,-6677873560.74,19970000000,0,1
kabupaten,21,2102,1,2023,2024,77876589608.58,-68992843443.66,-24823746164.92,-15940000000,0,0
kabupaten,21,2102,2,2023,2024,47941261483.82,-122824914221.94,65843652738.12,-9040000000,1,0
kabupaten,21,2102,3,2023,2024,68533083996.66,37583418654.66,252303497348.68,358420000000,1,1
kabupaten,21,2102,4,2023,2024,1755355321.62,765410480.65,849234197.73,3370000000,1,1
kabupaten,21,2102,5,2023,2024,220673240.43,-133402561.32,62729320.89,150000000,1,0
kabupaten,21,2102,6,2023,2024,98223665436.58,14433892251.61,-60727557688.2,51930000000,0,1
kabupaten,21,2102,7,2023,2024,90315538947.65,10391980374.29,-13407519321.94,87300000000,0,1
kabupaten,21,2102,8,2023,2024,17102176133.47,-8543515364.93,8091339231.46,16650000000,1,0
kabupaten,21,2102,9,2023,2024,12982106428.59,-2076532627.82,14384426199.23,25290000000,1,0
kabupaten,21,2102,10,2023,2024,24387402248.27,-24670211379.4,23962809131.13,23680000000,1,0
kabupaten,21,2102,11,2023,2024,8901657600.97,4255699803.82,-3687357404.79,9470000000,0,1
kabupaten,21,2102,12,2023,2024,15988779329.47,1843808344.12,-1912587673.59,15920000000,0,1
kabupaten,21,2102,13,2023,2024,105321319.3,-589861.5,-94731457.8,10000000,0,0
kabupaten,21,2102,14,2023,2024,18226105069.39,46683037926.13,-3009142995.53,61900000000,0,1
kabupaten,21,2102,15,2023,2024,16322798370.67,-3497370155.32,-2705428215.35,10120000000,0,0
kabupaten,21,2102,16,2023,2024,9356545394.31,27207726216.68,-22984271610.99,13580000000,0,1
kabupaten,21,2102,17,2023,2024,7213507311.66,15722829724.32,-12766337035.99,10170000000,0,1
kabupaten,21,2102,1,2024,2025,106626969542.5,-52965443189.26,50118473646.76,103780000000,1,0
kabupaten,21,2102,2,2024,2025,65693769280.48,85854798231.3,-147008567511.78,4540000000,0,1
kabupaten,21,2102,3,2024,2025,119674695976.06,9986497947.15,-12401193923.21,117260000000,0,1
kabupaten,21,2102,4,2024,2025,2662135825.03,1316211794.46,71652380.5,4050000000,1,1
kabupaten,21,2102,5,2024,2025,315681991.24,216518490.04,-52200481.28,480000000,0,1
kabupaten,21,2102,6,2024,2025,139483567474.77,-32914763562.96,-1278803911.81,105290000000,0,0
kabupaten,21,2102,7,2024,2025,130997619266.28,11473129832.38,-2800749098.65,139670000000,0,1
kabupaten,21,2102,8,2024,2025,24813992124.67,882248404.39,11323759470.94,37020000000,1,1
kabupaten,21,2102,9,2024,2025,19713819998.05,-11547573499.57,12503753501.52,20670000000,1,0
kabupaten,21,2102,10,2024,2025,35379972442.48,-48874331893.79,18584359451.31,5090000000,1,0
kabupaten,21,2102,11,2024,2025,12971407710.41,-5287017302.13,-1254390408.28,6430000000,0,0
kabupaten,21,2102,12,2024,2025,23223093650.13,-4097443761.45,-1845649888.68,17280000000,0,0
kabupaten,21,2102,13,2024,2025,146393187.15,208271855.48,-194665042.63,160000000,0,1
kabupaten,21,2102,14,2024,2025,29508287405.4,-35698188253.86,11849900848.46,5660000000,1,0
kabupaten,21,2102,15,2024,2025,23282761015.51,-4884018514.55,-848742500.95,17550000000,0,0
kabupaten,21,2102,16,2024,2025,13885844775.15,-8548367891.92,1752523116.77,7090000000,1,0
kabupaten,21,2102,17,2024,2025,10684621241.99,-7663211144.51,-51410097.49,2970000000,0,0
kabupaten,21,2101,1,2021,2022,47255816776.18,1831922835.44,-12817739611.62,36270000000,0,1
kabupaten,21,2101,2,2021,2022,33773387976.79,-80504358132.13,-194509029844.66,-241240000000,0,0
kabupaten,21,2101,3,2021,2022,282801510788.06,-30911355646.2,654559844858.14,906450000000,1,0
kabupaten,21,2101,4,2021,2022,1070982030.91,2394836894.09,-2785818925,680000000,0,1
kabupaten,21,2101,5,2021,2022,443880548.73,329329621.38,-453210170.11,320000000,0,1
kabupaten,21,2101,6,2021,2022,154417792899.74,-2015962867.71,-128301830032.03,24100000000,0,0
kabupaten,21,2101,7,2021,2022,68874368518.36,119796494353.51,-137810862871.87,50860000000,0,1
kabupaten,21,2101,8,2021,2022,15939208940.25,104890275977.88,-100509484918.13,20320000000,0,1
kabupaten,21,2101,9,2021,2022,26718875903.59,235705375670.87,-43844251574.46,218580000000,0,1
kabupaten,21,2101,10,2021,2022,11266062866.79,8006902519.16,-12832965385.95,6440000000,0,1
kabupaten,21,2101,11,2021,2022,13106876499.32,-2296270964.75,-6830605534.58,3980000000,0,0
kabupaten,21,2101,12,2021,2022,9160540537.58,-758859650.36,-3511680887.22,4890000000,0,0
kabupaten,21,2101,13,2021,2022,6073622.1,12114531.21,-8188153.31,10000000,0,1
kabupaten,21,2101,14,2021,2022,17590728017.22,-5929487639.79,3878759622.57,15540000000,1,0
kabupaten,21,2101,15,2021,2022,13614023944.96,-4687737398.34,363713453.37,9290000000,1,0
kabupaten,21,2101,16,2021,2022,8025279339.41,-8049659734.31,7884380394.9,7860000000,1,0
kabupaten,21,2101,17,2021,2022,1157025010.71,14838105092.64,-13095130103.35,2900000000,0,1
kabupaten,21,2101,1,2022,2023,50007612276.59,-35157027631.49,20289415354.9,35140000000,1,0
kabupaten,21,2101,2,2022,2023,21965753337.17,-33245379382.27,-36480373954.89,-47760000000,0,0
kabupaten,21,2101,3,2022,2023,334813268498.96,-174830796113.97,528757527615.01,688740000000,1,0
kabupaten,21,2101,4,2022,2023,1126025849.41,627879758.17,196094392.42,1950000000,1,1
kabupaten,21,2101,5,2022,2023,468661857.65,-63745064.92,-84916792.74,320000000,0,0
kabupaten,21,2101,6,2022,2023,158541758583.36,164042760070.16,-255694518653.53,66890000000,0,1
kabupaten,21,2101,7,2022,2023,72781794428.72,10024026815.11,68294178756.17,151100000000,1,1
kabupaten,21,2101,8,2022,2023,17284290556.64,32726957302.48,37828752140.88,87840000000,1,1
kabupaten,21,2101,9,2022,2023,38486986083.77,165407777988.74,39405235927.49,243300000000,1,1
kabupaten,21,2101,10,2022,2023,11808319610.39,33909793865.14,-46458113475.53,-740000000,0,1
kabupaten,21,2101,11,2022,2023,13556650038.67,9178822392.42,-9865472431.09,12870000000,0,1
kabupaten,21,2101,12,2022,2023,9583593630.44,166874300.54,-6680467930.98,3070000000,0,1
kabupaten,21,2101,13,2022,2023,6702534.82,17094742.04,-3797276.85,20000000,0,1
kabupaten,21,2101,14,2022,2023,18720179746.48,-97585839.99,-13332593906.5,5290000000,0,0
kabupaten,21,2101,15,2022,2023,14347033567.58,-3569656527.13,3592622959.54,14370000000,1,0
kabupaten,21,2101,16,2022,2023,8580275726.16,-16596146652.84,-12154129073.31,-20170000000,0,0
kabupaten,21,2101,17,2022,2023,1328133053.15,4214005029.56,947861917.29,6490000000,1,1
kabupaten,21,2101,1,2023,2024,50407284945.64,-44657090611.62,13119805665.98,18870000000,1,0
kabupaten,21,2101,2,2023,2024,18971880316.04,-48605720840.96,-99366159475.08,-129000000000,0,0
kabupaten,21,2101,3,2023,2024,360232012981.86,197550580933.54,358217406084.6,916000000000,1,1
kabupaten,21,2101,4,2023,2024,1193140088.61,520260438.13,-163400526.74,1550000000,0,1
kabupaten,21,2101,5,2023,2024,471939816.47,-285299568.64,223359752.17,410000000,1,0
kabupaten,21,2101,6,2023,2024,157576241101.18,23155707693.86,54628051204.96,235360000000,1,1
kabupaten,21,2101,7,2023,2024,78376615110.2,9018251515.95,52135133373.86,139530000000,1,1
kabupaten,21,2101,8,2023,2024,21218735127.71,-10599972083.85,1201236956.15,11820000000,1,0
kabupaten,21,2101,9,2023,2024,49640445435.14,-7940160186.84,52109714751.7,93810000000,1,0
kabupaten,21,2101,10,2023,2024,11449430467.77,-11582204079.72,12972773611.95,12840000000,1,0
kabupaten,21,2101,11,2023,2024,13832701464.43,6613130671.54,-11365832135.98,9080000000,0,1
kabupaten,21,2101,12,2023,2024,9476411086.27,1092809242.85,-10519220329.12,50000000,0,1
kabupaten,21,2101,13,2023,2024,7522951.38,-42132.96,-7480818.41,0,0,0
kabupaten,21,2101,14,2023,2024,18475365525.06,47321475774.55,36263158700.39,102060000000,1,1
kabupaten,21,2101,15,2023,2024,14676776609.09,-3144688755.16,12997912146.07,24530000000,1,0
kabupaten,21,2101,16,2023,2024,7334877593.9,21328955613.15,-24173833207.05,4490000000,0,1
kabupaten,21,2101,17,2023,2024,1617434546.35,3525420695.33,-2282855241.68,2860000000,0,1
kabupaten,21,2101,1,2024,2025,71041630354.07,-35288927864.45,-25442702489.61,10310000000,0,0
kabupaten,21,2101,2,2024,2025,17295210280.55,22603007945.31,19941781774.14,59840000000,1,1
kabupaten,21,2101,3,2024,2025,561890354984.92,46888081317.57,-244298436302.49,364480000000,0,1
kabupaten,21,2101,4,2024,2025,1758105858.91,869241774.09,2922652367,5550000000,1,1
kabupaten,21,2101,5,2024,2025,681318055.82,467299246.64,-658617302.46,490000000,0,1
kabupaten,21,2101,6,2024,2025,234317212869.77,-55293220556.14,195846007686.37,374870000000,1,0
kabupaten,21,2101,7,2024,2025,118105305505.32,10343985726.95,47490708767.73,175940000000,1,1
kabupaten,21,2101,8,2024,2025,30173647910.02,1072808139.43,-11916456049.45,19330000000,0,1
kabupaten,21,2101,9,2024,2025,75180186568.9,-44037570100.66,41817383531.75,72960000000,1,0
kabupaten,21,2101,10,2024,2025,16729757922.61,-23110694688.69,9080936766.08,2700000000,1,0
kabupaten,21,2101,11,2024,2025,19765855491.11,-8056366919.15,-10299488571.96,1410000000,0,0
kabupaten,21,2101,12,2024,2025,13112944251.54,-2313625928.88,-5929318322.66,4870000000,0,0
kabupaten,21,2101,13,2024,2025,10407098.61,14806056.08,-5213154.69,20000000,0,1
kabupaten,21,2101,14,2024,2025,32639436474.57,-39486152881.77,37846716407.21,31000000000,1,0
kabupaten,21,2101,15,2024,2025,22005463112.49,-4616080077.06,-15779383035.42,1610000000,0,0
kabupaten,21,2101,16,2024,2025,10458440298.82,-6438398001.54,6809957702.72,10830000000,1,0
kabupaten,21,2101,17,2024,2025,2435954881.86,-1747112618.72,191157736.87,880000000,1,0
kabupaten,19,1971,1,2021,2022,19728103455.94,-15271602330.45,-7096501125.48,-2640000000,0,0
kabupaten,19,1971,3,2021,2022,78721587468.66,13376397358.59,74652015172.75,166750000000,1,1
kabupaten,19,1971,4,2021,2022,367582564.17,-651134915.47,-46447648.7,-330000000,0,0
kabupaten,19,1971,5,2021,2022,115639012.41,-9923326.14,4284313.73,110000000,1,0
kabupaten,19,1971,6,2021,2022,46092479209.73,-57220545948.82,-9901933260.92,-21030000000,0,0
kabupaten,19,1971,7,2021,2022,104021908431.44,150849896544.51,-33411804975.95,221460000000,0,1
kabupaten,19,1971,8,2021,2022,25041782030.09,94454042156.85,-58215824186.93,61280000000,0,1
kabupaten,19,1971,9,2021,2022,15157944159.31,20675621322.35,2626434518.34,38460000000,1,1
kabupaten,19,1971,10,2021,2022,24125024079.97,29957157492.96,5777818427.06,59860000000,1,1
kabupaten,19,1971,11,2021,2022,18709336947.35,5007384407.94,-5666721355.29,18050000000,0,1
kabupaten,19,1971,12,2021,2022,22936096743.23,3742686874.49,3501216382.27,30180000000,1,1
kabupaten,19,1971,13,2021,2022,1625981246.77,2440345446.46,-256326693.23,3810000000,0,1
kabupaten,19,1971,14,2021,2022,27993434845,-36735486480.12,-867948364.89,-9610000000,0,0
kabupaten,19,1971,15,2021,2022,20309376362.43,-6335560132.96,-3023816229.47,10950000000,0,0
kabupaten,19,1971,16,2021,2022,9759844709.18,-4959240637.29,-330604071.89,4470000000,0,0
kabupaten,19,1971,17,2021,2022,7900826669.33,6261387765.68,667785564.98,14830000000,1,1
kabupaten,19,1971,1,2022,2023,19538675273.19,-2879353925.01,-9539321348.18,7120000000,0,0
kabupaten,19,1971,3,2022,2023,85731610477.57,-48220025299.85,-16571585177.72,20940000000,0,0
kabupaten,19,1971,4,2022,2023,351752225.01,-159718642.92,97966417.91,290000000,1,0
kabupaten,19,1971,5,2022,2023,120025043.15,-112277635.05,2252591.89,10000000,1,0
kabupaten,19,1971,6,2022,2023,44998878040.39,46856027719.28,3005094240.33,94860000000,1,1
kabupaten,19,1971,7,2022,2023,113333866022.24,-52237163174.74,-21746702847.5,39350000000,0,0
kabupaten,19,1971,8,2022,2023,27632480829.25,32136876245.13,-15079357074.38,44690000000,0,1
kabupaten,19,1971,9,2022,2023,16785984137.49,21232994460.05,3201021402.46,41220000000,1,1
kabupaten,19,1971,10,2022,2023,26656948817.92,57418514367.59,6994536814.49,91070000000,1,1
kabupaten,19,1971,11,2022,2023,19430039467.71,42283970658.88,-7004010126.58,54710000000,0,1
kabupaten,19,1971,12,2022,2023,24172342815.11,-1348942841.75,2996600026.64,25820000000,1,0
kabupaten,19,1971,13,2022,2023,1786796171.63,1826618042.3,106585786.07,3720000000,1,1
kabupaten,19,1971,14,2022,2023,27467774930.62,14117106561.92,-13294881492.54,28290000000,0,1
kabupaten,19,1971,15,2022,2023,20713080896.17,30055773865.97,-998854762.14,49770000000,0,1
kabupaten,19,1971,16,2022,2023,9919149916.74,10056960748.28,-896110665.01,19080000000,0,1
kabupaten,19,1971,17,2022,2023,8520901968.75,12811118090.52,507979940.73,21840000000,1,1
kabupaten,19,1971,1,2023,2024,3496619773.96,10685165637.69,248214588.35,14430000000,1,1
kabupaten,19,1971,3,2023,2024,15262950561.12,-93040962500.75,-520921988060.37,-598700000000,0,0
kabupaten,19,1971,4,2023,2024,64197803.25,354765257.88,-108963061.12,310000000,0,1
kabupaten,19,1971,5,2023,2024,21219225.83,84748819.28,4031954.89,110000000,1,1
kabupaten,19,1971,6,2023,2024,8658370069.64,-15090684409.64,4342314340,-2090000000,1,0
kabupaten,19,1971,7,2023,2024,20267061299.07,-29320341770.45,38843280471.38,29790000000,1,0
kabupaten,19,1971,8,2023,2024,5212213472.75,10894894953.24,15012891574.01,31120000000,1,1
kabupaten,19,1971,9,2023,2024,3274859573.8,12192168627.53,2192971798.67,17660000000,1,1
kabupaten,19,1971,10,2023,2024,5398248212.69,63381533792.02,4830217995.3,73610000000,1,1
kabupaten,19,1971,11,2023,2024,3844692238.44,171656392.63,2613651368.93,6630000000,1,1
kabupaten,19,1971,12,2023,2024,4457117676.38,15989952749.35,5152929574.26,25600000000,1,1
kabupaten,19,1971,13,2023,2024,343442815.21,2723884407.16,412672777.63,3480000000,1,1
kabupaten,19,1971,14,2023,2024,5056657257.19,52734688722.39,10298654020.42,68090000000,1,1
kabupaten,19,1971,15,2023,2024,4032578838.09,51888231496.4,2629189665.52,58550000000,1,1
kabupaten,19,1971,16,2023,2024,1894452482.35,2129610573.16,955936944.49,4980000000,1,1
kabupaten,19,1971,17,2023,2024,1669451527.7,15926104027.85,1934444444.44,19530000000,1,1
kabupaten,19,1971,1,2024,2025,19143527061.99,-4316821429.39,4283294367.4,19110000000,1,0
kabupaten,19,1971,3,2024,2025,56472565545.67,3211702450.11,79845732004.22,139530000000,1,1
kabupaten,19,1971,4,2024,2025,353319443.41,45448889.66,-48768333.07,350000000,0,1
kabupaten,19,1971,5,2024,2025,117090800.48,-49796682.83,2705882.35,70000000,1,0
kabupaten,19,1971,6,2024,2025,45854968274.01,-60020164659.34,-20564803614.67,-34730000000,0,0
kabupaten,19,1971,7,2024,2025,108754836185.99,23323058170.98,-59307894356.97,72770000000,0,1
kabupaten,19,1971,8,2024,2025,28929615886.88,10030407889.02,23259976224.11,62220000000,1,1
kabupaten,19,1971,9,2024,2025,18099126250.7,22434376117.93,2226497631.37,42760000000,1,1
kabupaten,19,1971,10,2024,2025,31656275786.21,37734987105.4,1538737108.39,70930000000,1,1
kabupaten,19,1971,11,2024,2025,20671029777.37,-16573844111.05,1602814333.68,5700000000,1,0
kabupaten,19,1971,12,2024,2025,24697151917.01,-1813721918.25,636570001.24,23520000000,1,0
kabupaten,19,1971,13,2024,2025,1964750879.41,1440055092.58,-44805971.99,3360000000,0,1
kabupaten,19,1971,14,2024,2025,29617831396,-30488244318.99,-449587077.01,-1320000000,0,0
kabupaten,19,1971,15,2024,2025,23793587593.02,15277215945.65,-2000803538.66,37070000000,0,1
kabupaten,19,1971,16,2024,2025,10255680251.99,3606949132.79,137370615.22,14000000000,1,1
kabupaten,19,1971,17,2024,2025,9657534589.39,11681906520.03,310558890.58,21650000000,1,1
kabupaten,19,1906,1,2021,2022,62729107774.91,-48558848579.76,7099740804.85,21270000000,1,0
kabupaten,19,1906,2,2021,2022,43802562948.73,-38698490122.3,-6484072826.43,-1380000000,0,0
kabupaten,19,1906,3,2021,2022,51177078219.37,8696025523.96,9386896256.67,69260000000,1,1
kabupaten,19,1906,4,2021,2022,178075285.27,-315442154.03,37366868.75,-100000000,1,0
kabupaten,19,1906,5,2021,2022,45727974.49,-3924052.92,8196078.43,50000000,1,0
kabupaten,19,1906,6,2021,2022,18266127348.44,-22676102417.76,5039975069.32,630000000,1,0
kabupaten,19,1906,7,2021,2022,24874699046.37,36072648870.83,7822652082.8,68770000000,1,1
kabupaten,19,1906,8,2021,2022,4847165295.94,18282818477.29,-11869983773.23,11260000000,0,1
kabupaten,19,1906,9,2021,2022,5953430524.95,8120552088.66,3636017386.39,17710000000,1,1
kabupaten,19,1906,10,2021,2022,4051762355.05,5031260594.47,-2143022949.53,6940000000,0,1
kabupaten,19,1906,11,2021,2022,1144958130.5,306437663,268604206.5,1720000000,1,1
kabupaten,19,1906,12,2021,2022,7316036226.34,1193822691.98,1280141081.68,9790000000,1,1
kabupaten,19,1906,13,2021,2022,663495322.17,995803482.61,-289298804.78,1370000000,0,1
kabupaten,19,1906,14,2021,2022,14972833801.04,-19648690370.17,5695856569.13,1020000000,1,0
kabupaten,19,1906,15,2021,2022,6100287673.79,-1902999811.32,-717287862.48,3480000000,0,0
kabupaten,19,1906,16,2021,2022,3843348317.47,-1952909060.26,309560742.78,2200000000,1,0
kabupaten,19,1906,17,2021,2022,1308523577.71,1037002058.58,-35525636.3,2310000000,0,1
kabupaten,19,1906,1,2022,2023,63426226545.4,-9346926124.64,18070699579.24,72150000000,1,0
kabupaten,19,1906,2,2022,2023,43578289664.66,-55484832349.2,-6813457315.47,-18720000000,0,0
kabupaten,19,1906,3,2022,2023,54019592323.88,-30383496752.66,22013904428.77,45650000000,1,0
kabupaten,19,1906,4,2022,2023,173028803.09,-78566455.73,45537652.65,140000000,1,0
kabupaten,19,1906,5,2022,2023,47747188.7,-44665190.59,-3081998.11,-0,0,0
kabupaten,19,1906,6,2022,2023,18225408560.14,18977589795.07,4007001644.79,41210000000,1,1
kabupaten,19,1906,7,2022,2023,27794120394.67,-12810698631.51,16436578236.84,31420000000,1,0
kabupaten,19,1906,8,2022,2023,5322278373.45,6189867731.62,-4992146105.07,6520000000,0,1
kabupaten,19,1906,9,2022,2023,6706946845.75,8483778136.16,2869275018.09,18060000000,1,1
kabupaten,19,1906,10,2022,2023,4340613695.68,9349591791.31,309794513.01,14000000000,1,1
kabupaten,19,1906,11,2022,2023,1216020145.24,2646322990.1,157656864.65,4020000000,1,1
kabupaten,19,1906,12,2022,2023,7717522665.3,-430678028.81,2663155363.51,9950000000,1,0
kabupaten,19,1906,13,2022,2023,721026354.13,737095684.63,-148122038.77,1310000000,0,1
kabupaten,19,1906,14,2022,2023,14961515872.02,7689494850.85,7438989277.13,30090000000,1,1
kabupaten,19,1906,15,2022,2023,6229913006.35,9039932661.98,-2689845668.33,12580000000,0,1
kabupaten,19,1906,16,2022,2023,3925344568.27,3979880995.64,394774436.09,8300000000,1,1
kabupaten,19,1906,17,2022,2023,1404818662.03,2112135292.84,-1386953954.87,2130000000,0,1
kabupaten,19,1906,1,2023,2024,11729062110.52,35842321878.68,49908616010.81,97480000000,1,1
kabupaten,19,1906,2,2023,2024,7531744919.15,-46631729949.11,24159985029.96,-14940000000,1,0
kabupaten,19,1906,3,2023,2024,9867634459.64,-60151816914.7,-161975817544.94,-212260000000,0,0
kabupaten,19,1906,4,2023,2024,31558775.87,174397825.09,64043399.04,270000000,1,1
kabupaten,19,1906,5,2023,2024,8410529.51,33591350.19,7998120.3,50000000,1,1
kabupaten,19,1906,6,2023,2024,3528332871.48,-6149535931.98,19721203060.5,17100000000,1,0
kabupaten,19,1906,7,2023,2024,5138293406.03,-7433565061.97,3225271655.94,930000000,1,0
kabupaten,19,1906,8,2023,2024,987812833.13,2064788233.77,3777398933.09,6830000000,1,1
kabupaten,19,1906,9,2023,2024,1320761776.65,4917142226.98,3912095996.37,10150000000,1,1
kabupaten,19,1906,10,2023,2024,872611727.07,10245447687.34,191940585.6,11310000000,1,1
kabupaten,19,1906,11,2023,2024,245217089.81,10948361.65,473834548.55,730000000,1,1
kabupaten,19,1906,12,2023,2024,1436194365.19,5152361168.27,1961444466.55,8550000000,1,1
kabupaten,19,1906,13,2023,2024,137114779.29,1087473060.33,185412160.38,1410000000,1,1
kabupaten,19,1906,14,2023,2024,2867604759.46,29905575299.52,14696819941.02,47470000000,1,1
kabupaten,19,1906,15,2023,2024,1194449512.33,15369289800.7,1056260686.97,17620000000,1,1
kabupaten,19,1906,16,2023,2024,755481600.47,849259413.56,855258985.97,2460000000,1,1
kabupaten,19,1906,17,2023,2024,263890008.54,2517437408.73,-71327417.27,2710000000,0,1
kabupaten,19,1906,1,2024,2025,66224264065.52,-14933419601.21,-2040844464.31,49250000000,0,0
kabupaten,19,1906,2,2024,2025,39351106538.15,24733458062.01,17795435399.84,81880000000,1,1
kabupaten,19,1906,3,2024,2025,43666680411.86,2483407352.08,-5310087763.93,40840000000,0,1
kabupaten,19,1906,4,2024,2025,178502059.48,22961432.09,-71463491.56,130000000,0,1
kabupaten,19,1906,5,2024,2025,46672556.84,-19849027.42,3176470.59,30000000,1,0
kabupaten,19,1906,6,2024,2025,19421105952.64,-25420538297.59,769432344.94,-5230000000,1,0
kabupaten,19,1906,7,2024,2025,27301398706.75,5854931445.05,-956330151.8,32200000000,0,1
kabupaten,19,1906,8,2024,2025,5520872183.56,1914183725.11,1184944091.34,8620000000,1,1
kabupaten,19,1906,9,2024,2025,7423392987.19,9201504428.39,-1794897415.58,14830000000,0,1
kabupaten,19,1906,10,2024,2025,5093040412.57,6071017816.29,115941771.14,11280000000,1,1
kabupaten,19,1906,11,2024,2025,1330986686.6,-1067173048.23,-363813638.37,-100000000,0,0
kabupaten,19,1906,12,2024,2025,7970362600.63,-585331514.89,874968914.26,8260000000,1,0
kabupaten,19,1906,13,2024,2025,785245298.34,575541918.64,-50787216.98,1310000000,0,1
kabupaten,19,1906,14,2024,2025,17158715171.31,-17662977864.53,2824262693.22,2320000000,1,0
kabupaten,19,1906,15,2024,2025,7059019517.16,4532404586.18,78575896.66,11670000000,1,1
kabupaten,19,1906,16,2024,2025,4109232043.48,1445227482.87,865540473.65,6420000000,1,1
kabupaten,19,1906,17,2024,2025,1511126379.64,1827882358.96,-49008738.6,3290000000,0,1
kabupaten,19,1904,1,2021,2022,43038817836.34,-33316517841.54,557700005.2,10280000000,1,0
kabupaten,19,1904,2,2021,2022,45549899204.73,-40242218851.65,-5647680353.08,-340000000,0,0
kabupaten,19,1904,3,2021,2022,15191800448.12,2581395598.35,34126803953.54,51900000000,1,1
kabupaten,19,1904,4,2021,2022,184670666.21,-327125196.77,122454530.56,-20000000,1,0
kabupaten,19,1904,5,2021,2022,18906758.68,-1622444.96,-7284313.73,10000000,0,0
kabupaten,19,1904,6,2021,2022,29423753124,-36527503976.47,-5276249147.54,-12380000000,0,0
kabupaten,19,1904,7,2021,2022,45675211442.51,66237017034.66,-23852228477.18,88060000000,0,1
kabupaten,19,1904,8,2021,2022,21245480763.29,80134933418.37,66219585818.33,167600000000,1,1
kabupaten,19,1904,9,2021,2022,8609170581.87,11743014024.82,-2202184606.69,18150000000,0,1
kabupaten,19,1904,10,2021,2022,8818903695.63,10950840341.12,-2309744036.75,17460000000,0,1
kabupaten,19,1904,11,2021,2022,1790865770.17,479308986.71,369825243.12,2640000000,1,1
kabupaten,19,1904,12,2021,2022,8333483658.74,1359848637.61,-123332296.35,9570000000,0,1
kabupaten,19,1904,13,2021,2022,648545792.05,973366558.55,-71912350.6,1550000000,0,1
kabupaten,19,1904,14,2021,2022,21099063306.51,-27688076119.67,6939012813.16,350000000,1,0
kabupaten,19,1904,15,2021,2022,7892912212.21,-2462213464.97,99301252.75,5530000000,1,0
kabupaten,19,1904,16,2021,2022,4555209766.5,-2314625084.57,-110584681.93,2130000000,0,0
kabupaten,19,1904,17,2021,2022,1173977806.62,930374830.78,-314352637.4,1790000000,0,1
kabupaten,19,1904,1,2022,2023,43328164483.49,-6385137104.97,-3713027378.52,33230000000,0,0
kabupaten,19,1904,2,2022,2023,45364647788.69,-57759262616.88,23544614828.19,11150000000,1,0
kabupaten,19,1904,3,2022,2023,17408449781,-9791439635.8,10682989854.8,18300000000,1,0
kabupaten,19,1904,4,2022,2023,183103897.95,-83141211.38,30037313.43,130000000,1,0
kabupaten,19,1904,5,2022,2023,19274094.52,-18029985.19,-1244109.33,-0,0,0
kabupaten,19,1904,6,2022,2023,28771404596.41,29958829864.2,-7760234460.61,50970000000,0,1
kabupaten,19,1904,7,2022,2023,49361832163.81,-22751558486.84,-7800273676.97,18810000000,0,0
kabupaten,19,1904,8,2022,2023,28507699939.55,33154765605.44,21337534455.01,83000000000,1,1
kabupaten,19,1904,9,2022,2023,9372028460.9,11854903874.55,-6526932335.45,14700000000,0,1
kabupaten,19,1904,10,2022,2023,9550751882.82,20572121286.3,-3492873169.12,26630000000,0,1
kabupaten,19,1904,11,2022,2023,1899812453.14,4134403028.85,-2934215481.99,3100000000,0,1
kabupaten,19,1904,12,2022,2023,8721527770.81,-486706751.82,-1014821018.99,7220000000,0,0
kabupaten,19,1904,13,2022,2023,714017592.49,729930720.51,-103948312.99,1340000000,0,1
kabupaten,19,1904,14,2022,2023,21035483931.8,10811220384.5,-1776704316.3,30070000000,0,1
kabupaten,19,1904,15,2022,2023,8105632841.34,11761701165.61,-1257334006.95,18610000000,0,1
kabupaten,19,1904,16,2022,2023,4631477303.91,4695824323.95,-1797301627.86,7530000000,0,1
kabupaten,19,1904,17,2022,2023,1247997620.24,1876355924.32,-1084353544.56,2040000000,0,1
kabupaten,19,1904,1,2023,2024,7888536556.42,24106229785.71,-8284766342.13,23710000000,0,1
kabupaten,19,1904,2,2023,2024,8076886121,-50006894347.49,-32679991773.5,-74610000000,0,0
kabupaten,19,1904,3,2023,2024,3207652498.53,-19553432649.6,-15594219848.93,-31940000000,0,0
kabupaten,19,1904,4,2023,2024,33256313.94,183778637.19,-57034951.13,160000000,0,1
kabupaten,19,1904,5,2023,2024,3395076.13,13559811.08,3045112.78,20000000,1,1
kabupaten,19,1904,6,2023,2024,5461288603.61,-9518486981.3,-37072801622.32,-41130000000,0,0
kabupaten,19,1904,7,2023,2024,8840083803.59,-12788942342.25,4338858538.66,390000000,1,0
kabupaten,19,1904,8,2023,2024,5661983899.58,11835033260.9,-12007017160.49,5490000000,0,1
kabupaten,19,1904,9,2023,2024,1764282176.97,6568350588.3,-2662632765.27,5670000000,0,1
kabupaten,19,1904,10,2023,2024,1887816651.73,22165100638.29,-4352917290.02,19700000000,0,1
kabupaten,19,1904,11,2023,2024,358566336.16,16009136.74,-334575472.91,40000000,0,1
kabupaten,19,1904,12,2023,2024,1591982063.21,5711251040.87,-3113233104.08,4190000000,0,1
kabupaten,19,1904,13,2023,2024,136111688.61,1079517432.99,204370878.4,1420000000,1,1
kabupaten,19,1904,14,2023,2024,3937362384.71,41061825863.31,-1349188248.02,43650000000,0,1
kabupaten,19,1904,15,2023,2024,1571380123.95,20219353151.89,-4020733275.84,17770000000,0,1
kabupaten,19,1904,16,2023,2024,873923461.03,982403443.78,-1836326904.8,20000000,0,1
kabupaten,19,1904,17,2023,2024,235571987.15,2247291347.62,77136665.23,2560000000,1,1
kabupaten,19,1904,1,2024,2025,42826574388.82,-9657294262.99,-11349280125.83,21820000000,0,0
kabupaten,19,1904,2,2024,2025,39800636953.99,25016002637.39,-19526639591.38,45290000000,0,1
kabupaten,19,1904,3,2024,2025,15711865909.41,893563764.09,190134570326.5,206740000000,1,1
kabupaten,19,1904,4,2024,2025,183005551.8,23540734.27,3453713.93,210000000,1,1
kabupaten,19,1904,5,2024,2025,18832786.09,-8009256.68,-823529.41,10000000,0,0
kabupaten,19,1904,6,2024,2025,27293210538.88,-35724438425.89,-3188772113,-11620000000,0,0
kabupaten,19,1904,7,2024,2025,46920658321.75,10062386941.46,-5773045263.21,51210000000,0,1
kabupaten,19,1904,8,2024,2025,30266743699.37,10494013676.65,-20850757376.02,19910000000,0,1
kabupaten,19,1904,9,2024,2025,9593257471.64,11891112495.37,-3264369967.01,18220000000,0,1
kabupaten,19,1904,10,2024,2025,10823120285.1,12901400883.56,-134521168.65,23590000000,0,1
kabupaten,19,1904,11,2024,2025,1904158437.21,-1526736957.03,-1197421480.18,-820000000,0,0
kabupaten,19,1904,12,2024,2025,8618456087.21,-632926531.75,-2245529555.47,5740000000,0,0
kabupaten,19,1904,13,2024,2025,780332397.62,571941030.73,-42273428.34,1310000000,0,1
kabupaten,19,1904,14,2024,2025,22678359129.68,-23344833882.5,856474752.82,190000000,1,0
kabupaten,19,1904,15,2024,2025,9065120644.3,5820467599.3,-1255588243.6,13630000000,0,1
kabupaten,19,1904,16,2024,2025,4637778279.22,1631118553.94,-1038896833.17,5230000000,0,1
kabupaten,19,1904,17,2024,2025,1354732373.41,1638705696.5,-303438069.91,2690000000,0,1
kabupaten,19,1902,1,2021,2022,81599372017.09,-63166394207.29,-8492977809.8,9940000000,0,0
kabupaten,19,1902,2,2021,2022,22368014598.61,-19761592329.95,-7316422268.66,-4710000000,0,0
kabupaten,19,1902,3,2021,2022,33860685725.72,5753618564.69,23305695709.59,62920000000,1,1
kabupaten,19,1902,4,2021,2022,463875125.84,-821707339.5,-72167786.33,-430000000,0,0
kabupaten,19,1902,5,2021,2022,94973485.48,-8149956.07,23176470.59,110000000,1,0
kabupaten,19,1902,6,2021,2022,36909510486.43,-45820541158.72,1531030672.29,-7380000000,1,0
kabupaten,19,1902,7,2021,2022,30819775422.14,44694045745.36,24406178832.51,99920000000,1,1
kabupaten,19,1902,8,2021,2022,15098146038.82,56948060674.27,52593793286.91,124640000000,1,1
kabupaten,19,1902,9,2021,2022,10075983302.05,13743764524.65,8630252173.3,32450000000,1,1
kabupaten,19,1902,10,2021,2022,13572854274.34,16854040509.04,1943105216.61,32370000000,1,1
kabupaten,19,1902,11,2021,2022,6816106351.38,1824269067.52,699624581.1,9340000000,1,1
kabupaten,19,1902,12,2021,2022,9758965325.05,1592457157.8,808577517.15,12160000000,1,1
kabupaten,19,1902,13,2021,2022,812111239.26,1218852904.17,2089035856.57,4120000000,1,1
kabupaten,19,1902,14,2021,2022,18495646605.02,-24271640102.82,-294006502.2,-6070000000,0,0
kabupaten,19,1902,15,2021,2022,5626299630.52,-1755138070.17,-141161560.35,3730000000,0,0
kabupaten,19,1902,16,2021,2022,6543936964.76,-3325151074.68,971214109.93,4190000000,1,0
kabupaten,19,1902,17,2021,2022,2117556972.54,1678159245.34,2084283782.12,5880000000,1,1
kabupaten,19,1902,1,2022,2023,81729607578.82,-12044238572.01,-18065369006.81,51620000000,0,0
kabupaten,19,1902,2,2022,2023,22078037226.35,-28110240294.64,5832203068.3,-200000000,1,0
kabupaten,19,1902,3,2022,2023,36490241404.52,-20524055875.33,24953814470.81,40920000000,1,0
kabupaten,19,1902,4,2022,2023,443304173.99,-201289248.61,17985074.63,260000000,1,0
kabupaten,19,1902,5,2022,2023,99436805.82,-93018332.69,3581526.86,10000000,1,0
kabupaten,19,1902,6,2022,2023,36448188834.66,37952442832.49,2039368332.86,76440000000,1,1
kabupaten,19,1902,7,2022,2023,35081480314.07,-16169544690.35,-4611935623.71,14300000000,0,0
kabupaten,19,1902,8,2022,2023,20501503904.04,23843472393.02,4855023702.93,49200000000,1,1
kabupaten,19,1902,9,2022,2023,11459763335.62,14495729855.67,804506808.71,26760000000,1,1
kabupaten,19,1902,10,2022,2023,14940051539.49,32180560867.34,509387593.17,47630000000,1,1
kabupaten,19,1902,11,2022,2023,7199750398.85,15668214937.08,2242034664.07,25110000000,1,1
kabupaten,19,1902,12,2022,2023,10255132428.05,-572289892.87,257157464.82,9940000000,1,0
kabupaten,19,1902,13,2022,2023,989549534.62,1011603372.78,28847092.61,2030000000,1,1
kabupaten,19,1902,14,2022,2023,18160577514.93,9333657664.37,915764820.7,28410000000,1,1
kabupaten,19,1902,15,2022,2023,5768648880.65,8370614064.52,390737054.83,14530000000,1,1
kabupaten,19,1902,16,2022,2023,6703004417.32,6796132015.99,560863566.68,14060000000,1,1
kabupaten,19,1902,17,2022,2023,2367209245.28,3559082981.76,213707772.97,6140000000,1,1
kabupaten,19,1902,1,2023,2024,14794738698.02,45210587302.61,12554673999.37,72560000000,1,1
kabupaten,19,1902,2,2023,2024,3887439333.39,-24068529024.05,11701089690.66,-8480000000,1,0
kabupaten,19,1902,3,2023,2024,6743392808.84,-41106845949.79,13163453140.95,-21200000000,1,0
kabupaten,19,1902,4,2023,2024,80092932.42,442603771.24,17303296.34,540000000,1,1
kabupaten,19,1902,5,2023,2024,17592667.24,70264475.62,2142857.14,90000000,1,1
kabupaten,19,1902,6,2023,2024,7010060606.94,-12217843712.04,-14002216894.9,-19210000000,0,0
kabupaten,19,1902,7,2023,2024,6289841501.77,-9099508793.73,-2670332708.04,-5480000000,0,0
kabupaten,19,1902,8,2023,2024,3990911994.63,8342054134.3,-16392966128.93,-4060000000,0,1
kabupaten,19,1902,9,2023,2024,2225086601.24,8283906665.85,1961006732.91,12470000000,1,1
kabupaten,19,1902,10,2023,2024,2999163959.62,35213573804.86,817262235.52,39030000000,1,1
kabupaten,19,1902,11,2023,2024,1461966079.47,65273319.11,-917239398.58,610000000,0,1
kabupaten,19,1902,12,2023,2024,1883109841.63,6755674760.2,2351215398.17,10990000000,1,1
kabupaten,19,1902,13,2023,2024,189969941.82,1506673424.05,613356634.13,2310000000,1,1
kabupaten,19,1902,14,2023,2024,3418147218.79,35647053067.31,-4035200286.1,35030000000,0,1
kabupaten,19,1902,15,2023,2024,1128245527.74,14517426063.69,184328408.58,15830000000,1,1
kabupaten,19,1902,16,2023,2024,1289203000.78,1449231567.95,-178434568.73,2560000000,0,1
kabupaten,19,1902,17,2023,2024,464353822.04,4429806527.99,55839649.97,4950000000,1,1
kabupaten,19,1902,1,2024,2025,81470223223.36,-18371348410.83,10241125187.47,73340000000,1,0
kabupaten,19,1902,2,2024,2025,20279225944.99,12746157060.52,27854616994.5,60880000000,1,1
kabupaten,19,1902,3,2024,2025,34911891329.68,1985505808.67,-19737397138.35,17160000000,0,1
kabupaten,19,1902,4,2024,2025,447073965.48,57508907.89,-224582873.36,280000000,0,1
kabupaten,19,1902,5,2024,2025,97029789.21,-41265083.33,14235294.12,70000000,1,0
kabupaten,19,1902,6,2024,2025,36408279007.16,-47655270153.39,3946991146.23,-7300000000,1,0
kabupaten,19,1902,7,2024,2025,33148978788.16,7108976370.14,4262044841.7,44520000000,1,1
kabupaten,19,1902,8,2024,2025,21009201110.23,7284260440.3,-12623461550.53,15670000000,0,1
kabupaten,19,1902,9,2024,2025,12316642103.83,15266824356.04,-3363466459.87,24220000000,0,1
kabupaten,19,1902,10,2024,2025,17511215797.93,20873759970.93,1975024231.14,40360000000,1,1
kabupaten,19,1902,11,2024,2025,7782034739.72,-6239564841.81,2147530102.09,3690000000,1,0
kabupaten,19,1902,12,2024,2025,10441551662.55,-766811945.54,-24739717,9650000000,0,0
kabupaten,19,1902,13,2024,2025,1102536803.14,808099263.24,-50636066.38,1860000000,0,1
kabupaten,19,1902,14,2024,2025,19570540016.2,-20145681751.33,115141735.13,-460000000,1,0
kabupaten,19,1902,15,2024,2025,6634463013.31,4259808393.4,-714271406.71,10180000000,0,1
kabupaten,19,1902,16,2024,2025,6945203983.82,2442646111.32,12149904.85,9400000000,1,1
kabupaten,19,1902,17,2024,2025,2666476865.52,3225412572.17,388110562.31,6280000000,1,1
kabupaten,19,1903,1,2021,2022,110212332978.02,-85315799611.01,44373466632.99,69270000000,1,0
kabupaten,19,1903,2,2021,2022,58060457456.3,-51294990249.75,-14445467206.56,-7680000000,0,0
kabupaten,19,1903,3,2021,2022,12930903863.23,2197223326.44,7071872810.33,22200000000,1,1
kabupaten,19,1903,4,2021,2022,190826355.08,-338029369.99,127203014.91,-20000000,1,0
kabupaten,19,1903,5,2021,2022,45288282.43,-3886321.64,-1401960.78,40000000,0,0
kabupaten,19,1903,6,2021,2022,21717710038.31,-26960997682.42,693287644.1,-4550000000,1,0
kabupaten,19,1903,7,2021,2022,27350165357.71,39662506455.59,-52671813.3,66960000000,0,1
kabupaten,19,1903,8,2021,2022,2078864071.05,7841179767.84,-5000043838.88,4920000000,0,1
kabupaten,19,1903,9,2021,2022,5828997671.29,7950824153.58,430178175.14,14210000000,1,1
kabupaten,19,1903,10,2021,2022,2292554413.37,2846770780.21,50674806.42,5190000000,1,1
kabupaten,19,1903,11,2021,2022,1398660450.51,374338788.79,397000760.71,2170000000,1,1
kabupaten,19,1903,12,2021,2022,8925309174.74,1456422070.11,-61731244.85,10320000000,0,1
kabupaten,19,1903,13,2021,2022,322733973.8,484373595.92,-87107569.72,720000000,0,1
kabupaten,19,1903,14,2021,2022,14948211045.54,-19616378190.31,5698167144.77,1030000000,1,0
kabupaten,19,1903,15,2021,2022,6692992573.91,-2087895569.26,184902995.34,4790000000,1,0
kabupaten,19,1903,16,2021,2022,2013789645.81,-1023260896.46,-30528749.35,960000000,0,0
kabupaten,19,1903,17,2021,2022,976116378.54,773570084.02,-29686462.56,1720000000,0,1
kabupaten,19,1903,1,2022,2023,112834491755.1,-16628068800.4,6873577045.3,103080000000,1,0
kabupaten,19,1903,2,2022,2023,57506889289.4,-73219030294.65,24472141005.25,8760000000,1,0
kabupaten,19,1903,3,2022,2023,13855007627.47,-7792794450.08,8787786822.61,14850000000,1,0
kabupaten,19,1903,4,2022,2023,189236564.39,-85925845.26,36689280.87,140000000,1,0
kabupaten,19,1903,5,2022,2023,46871093.49,-43845645.8,-3025447.69,0,0,0
kabupaten,19,1903,6,2022,2023,21437173583.52,22321907642.91,-14689081226.43,29070000000,0,1
kabupaten,19,1903,7,2022,2023,30181041782.07,-13910864066.39,-5630177715.68,10640000000,0,0
kabupaten,19,1903,8,2022,2023,2286608486.37,2659350580.99,-375959067.36,4570000000,0,1
kabupaten,19,1903,9,2022,2023,6429662713.21,8133034777.78,-982697490.99,13580000000,0,1
kabupaten,19,1903,10,2022,2023,2511326906.58,5409346022.77,-2720672929.35,5200000000,0,1
kabupaten,19,1903,11,2022,2023,1488485754.15,3239267118.29,-277752872.44,4450000000,0,1
kabupaten,19,1903,12,2022,2023,9343993414.32,-521443582.28,-952549832.04,7870000000,0,0
kabupaten,19,1903,13,2022,2023,353066367.82,360935067.93,-474001435.75,240000000,0,1
kabupaten,19,1903,14,2022,2023,14937423253.87,7677112411.47,-8564535665.35,14050000000,0,1
kabupaten,19,1903,15,2022,2023,6877785410.82,9980029723.37,-2177815134.19,14680000000,0,1
kabupaten,19,1903,16,2022,2023,2048310590.47,2076768612.39,-155079202.86,3970000000,0,1
kabupaten,19,1903,17,2022,2023,1047809865.78,1575374998.59,-663184864.37,1960000000,0,1
kabupaten,19,1903,1,2023,2024,20670843876.46,63167117092.81,-13027960969.27,70810000000,0,1
kabupaten,19,1903,2,2023,2024,10197265487.85,-63134922325.91,6917656838.06,-46020000000,1,0
kabupaten,19,1903,3,2023,2024,2555103433.55,-15575578378.17,-22839525055.39,-35860000000,0,0
kabupaten,19,1903,4,2023,2024,34413726.26,190174645.45,-34588371.71,190000000,0,1
kabupaten,19,1903,5,2023,2024,8256207.87,32974995.14,-1231203.01,40000000,0,1
kabupaten,19,1903,6,2023,2024,4000402775.64,-6972307179.42,1481904403.78,-1490000000,1,0
kabupaten,19,1903,7,2023,2024,5398402534.33,-7809864734.97,3721462200.64,1310000000,1,0
kabupaten,19,1903,8,2023,2024,438041982.01,915622777.94,1256335240.05,2610000000,1,1
kabupaten,19,1903,9,2023,2024,1237350928.93,4606607042.81,-313957971.74,5530000000,0,1
kabupaten,19,1903,10,2023,2024,482486615.03,5664938048.36,-1617424663.39,4530000000,0,1
kabupaten,19,1903,11,2023,2024,296529035.91,13239318.38,-69768354.29,240000000,0,1
kabupaten,19,1903,12,2023,2024,1706643043.53,6122598416.14,-109241459.67,7720000000,0,1
kabupaten,19,1903,13,2023,2024,64043481.6,507936207.13,-91979688.74,480000000,0,1
kabupaten,19,1903,14,2023,2024,2739594957.07,28570591190.66,1489813852.28,32800000000,1,1
kabupaten,19,1903,15,2023,2024,1324774139.36,17046210373.92,-3810984513.27,14560000000,0,1
kabupaten,19,1903,16,2023,2024,391436846,440025840.57,-341462686.57,490000000,0,1
kabupaten,19,1903,17,2023,2024,199692205.29,1905008191.17,-34700396.46,2070000000,0,1
kabupaten,19,1903,1,2024,2025,112576663537.38,-25385779330.74,38449115793.36,125640000000,1,0
kabupaten,19,1903,2,2024,2025,52221678198.11,32823033486.71,-59284711684.81,25760000000,0,1
kabupaten,19,1903,3,2024,2025,12089011037.16,687525101.65,-1826536138.81,10950000000,0,1
kabupaten,19,1903,4,2024,2025,190374902.88,24488683.3,-24863586.19,190000000,0,1
kabupaten,19,1903,5,2024,2025,45444331.66,-19326684.6,-6117647.06,20000000,0,0
kabupaten,19,1903,6,2024,2025,21164776299.68,-27702851104.25,1458074804.57,-5080000000,1,0
kabupaten,19,1903,7,2024,2025,28697071919.49,6154241054.35,8988687026.16,43840000000,1,1
kabupaten,19,1903,8,2024,2025,2431067039.37,842893804.94,4716039155.68,7990000000,1,1
kabupaten,19,1903,9,2024,2025,6791675836.34,8418473249.65,249850914.02,15460000000,1,1
kabupaten,19,1903,10,2024,2025,2745492685.42,3272688543.09,-8181228.51,6010000000,0,1
kabupaten,19,1903,11,2024,2025,1583182256.86,-1269381168.1,-533801088.76,-220000000,0,0
kabupaten,19,1903,12,2024,2025,9371358122.48,-688218531.74,-63139590.74,8620000000,0,0
kabupaten,19,1903,13,2024,2025,359460569.31,263464965.89,107074464.8,730000000,1,1
kabupaten,19,1903,14,2024,2025,15878904533.87,-16345555975.18,366651441.3,-100000000,1,0
kabupaten,19,1903,15,2024,2025,7625231325.08,4895953799.88,-951185124.97,11570000000,0,1
kabupaten,19,1903,16,2024,2025,2096989790.45,737516704.92,815493504.64,3650000000,1,1
kabupaten,19,1903,17,2024,2025,1144296459.25,1384159087.86,1431544452.89,3960000000,1,1
kabupaten,19,1905,1,2021,2022,59083620885.52,-45736862867.85,42113241982.33,55460000000,1,0
kabupaten,19,1905,2,2021,2022,50848628248.76,-44923516012.53,15124887763.77,21050000000,1,0
kabupaten,19,1905,3,2021,2022,208822511505.4,35483188044.54,-293405699549.94,-49100000000,0,1
kabupaten,19,1905,4,2021,2022,261616777.13,-463427362.09,-18189415.04,-220000000,0,0
kabupaten,19,1905,5,2021,2022,32537212.62,-2792114.58,254901.96,30000000,1,0
kabupaten,19,1905,6,2021,2022,27005007088.72,-33524802212.03,17999795123.31,11480000000,1,0
kabupaten,19,1905,7,2021,2022,54558749871.32,79119696012.03,-19578445883.34,114100000000,0,1
kabupaten,19,1905,8,2021,2022,3780032660.49,14257745868.04,-8227778528.52,9810000000,0,1
kabupaten,19,1905,9,2021,2022,5129887292.07,6997229041.24,-527116333.31,11600000000,0,1
kabupaten,19,1905,10,2021,2022,2234515061.14,2774700633.87,-699215695.01,4310000000,0,1
kabupaten,19,1905,11,2021,2022,1827360211.35,489076393.02,1263563395.63,3580000000,1,1
kabupaten,19,1905,12,2021,2022,9580010655.66,1563255532.96,6706733811.38,17850000000,1,1
kabupaten,19,1905,13,2021,2022,561926455.75,843364380.9,-345290836.65,1060000000,0,1
kabupaten,19,1905,14,2021,2022,18436727868.66,-24194321672.44,1857593803.79,-3900000000,1,0
kabupaten,19,1905,15,2021,2022,7198638445.68,-2245633048.21,26994602.53,4980000000,1,0
kabupaten,19,1905,16,2021,2022,3701767473.38,-1880968010.33,419200536.95,2240000000,1,0
kabupaten,19,1905,17,2021,2022,1270270368.28,1006686474.21,-146956842.49,2130000000,0,1
kabupaten,19,1905,1,2022,2023,61292058624.79,-9032420422.85,12580361798.07,64840000000,1,0
kabupaten,19,1905,2,2022,2023,51580543271.75,-65673476814.64,-19977066457.12,-34070000000,0,0
kabupaten,19,1905,3,2022,2023,205890696198.31,-115803896886.83,-77576799311.48,12510000000,0,0
kabupaten,19,1905,4,2022,2023,251001276.38,-113971086.42,122969810.04,260000000,1,0
kabupaten,19,1905,5,2022,2023,33729665.41,-31552474.08,-2177191.33,0,0,0
kabupaten,19,1905,6,2022,2023,27406886313.84,28537996517.77,-10494882831.61,45450000000,0,1
kabupaten,19,1905,7,2022,2023,59352821887.4,-27356545317.22,44783723429.82,76780000000,1,0
kabupaten,19,1905,8,2022,2023,4195619939.17,4879551698.23,-545171637.39,8530000000,0,1
kabupaten,19,1905,9,2022,2023,5618836600.51,7107401355.4,3553762044.09,16280000000,1,1
kabupaten,19,1905,10,2022,2023,2414956433.98,5201766025.38,-526722459.36,7090000000,0,1
kabupaten,19,1905,11,2022,2023,1977346878.83,4303134718.06,-930481596.88,5350000000,0,1
kabupaten,19,1905,12,2022,2023,10326096139.69,-576250038.21,6620153898.52,16370000000,1,0
kabupaten,19,1905,13,2022,2023,606257882.21,619769397.04,-446027279.25,780000000,0,1
kabupaten,19,1905,14,2022,2023,18196935465.96,9352343891.06,2100720642.98,29650000000,1,1
kabupaten,19,1905,15,2022,2023,7389863058.44,10723081423.68,-9892944482.12,8220000000,0,1
kabupaten,19,1905,16,2022,2023,3786045430.59,3838646517.72,-3324691948.32,4300000000,0,1
kabupaten,19,1905,17,2022,2023,1358823663.74,2042982126.09,-471805789.83,2930000000,0,1
kabupaten,19,1905,1,2023,2024,11296730029.28,34521177402.82,5162092567.91,50980000000,1,1
kabupaten,19,1905,2,2023,2024,8822876940.46,-54625590653.73,15232713713.27,-30570000000,1,0
kabupaten,19,1905,3,2023,2024,36363580211.72,-221667657857.05,750424077645.33,565120000000,1,0
kabupaten,19,1905,4,2023,2024,46219331.9,255413929.65,-101633261.55,200000000,0,1
kabupaten,19,1905,5,2023,2024,5941383.23,23729669.4,328947.37,30000000,1,1
kabupaten,19,1905,6,2023,2024,5178339872.24,-9025335270.87,-7343004601.36,-11190000000,0,0
kabupaten,19,1905,7,2023,2024,11047269094.3,-15982075580.44,-48345193513.86,-53280000000,0,0
kabupaten,19,1905,8,2023,2024,804864526.04,1682378227.35,1232757246.61,3720000000,1,1
kabupaten,19,1905,9,2023,2024,1115359670.59,4152438563.47,-967798234.07,4300000000,0,1
kabupaten,19,1905,10,2023,2024,480094629.57,5636853436.26,-1266948065.83,4850000000,0,1
kabupaten,19,1905,11,2023,2024,389584986.29,17394045.93,383020967.78,790000000,1,1
kabupaten,19,1905,12,2023,2024,1945224302.71,6978510989.74,-1343735292.45,7580000000,0,1
kabupaten,19,1905,13,2023,2024,112809120.61,894702090.15,-437511210.76,570000000,0,1
kabupaten,19,1905,14,2023,2024,3434119508.78,35813624321.4,-10147743830.18,29100000000,0,1
kabupaten,19,1905,15,2023,2024,1365129248.85,17565469971.19,-1780599220.04,17150000000,0,1
kabupaten,19,1905,16,2023,2024,700080130.84,786980968.16,-2257061099,-770000000,0,1
kabupaten,19,1905,17,2023,2024,261960988.01,2499035088.49,-100996076.5,2660000000,0,1
kabupaten,19,1905,1,2024,2025,62026599809.08,-13986855942.54,-16009743866.54,32030000000,0,0
kabupaten,19,1905,2,2024,2025,45561831864.41,28637102149.95,21251065985.64,95450000000,1,1
kabupaten,19,1905,3,2024,2025,216078380629.02,12288789393.15,-272837170022.17,-44470000000,0,1
kabupaten,19,1905,4,2024,2025,253423795.45,32598913.9,13977290.65,300000000,1,1
kabupaten,19,1905,5,2024,2025,32752671.46,-13929142.05,11176470.59,30000000,1,0
kabupaten,19,1905,6,2024,2025,27017678690.2,-35363791203.8,-93887486.4,-8440000000,0,0
kabupaten,19,1905,7,2024,2025,56434490565.09,12102679314.86,-2887169879.96,65650000000,0,1
kabupaten,19,1905,8,2024,2025,4422838872.75,1533476216.71,3003684910.55,8960000000,1,1
kabupaten,19,1905,9,2024,2025,6094043934.17,7553738882.45,-1067782816.62,12580000000,0,1
kabupaten,19,1905,10,2024,2025,2745902093.82,3273176567.03,-2189078660.85,3830000000,0,1
kabupaten,19,1905,11,2024,2025,2099446240.81,-1683316945.96,-1166129294.85,-750000000,0,0
kabupaten,19,1905,12,2024,2025,10631517157.04,-780762727.49,1949245570.45,11800000000,1,0
kabupaten,19,1905,13,2024,2025,621891349.41,455812395.42,-57703744.83,1020000000,0,1
kabupaten,19,1905,14,2024,2025,19412508376.39,-19983005855.85,-5159502520.54,-5730000000,0,0
kabupaten,19,1905,15,2024,2025,7945388688.64,5101518141.98,313093169.39,13360000000,1,1
kabupaten,19,1905,16,2024,2025,3683037906.06,1295333908.13,2531628185.81,7510000000,1,1
kabupaten,19,1905,17,2024,2025,1498844127.85,1813025553.01,-371869680.85,2940000000,0,1
kabupaten,19,1901,1,2021,2022,94463882378.91,-73124862179.66,5240979800.76,26580000000,1,0
kabupaten,19,1901,2,2021,2022,65984148112.88,-58295376619.03,20131228506.14,27820000000,1,0
kabupaten,19,1901,3,2021,2022,114986949083.67,19538619220.65,75834431695.68,210360000000,1,1
kabupaten,19,1901,4,2021,2022,1038112959.34,-1838910927.55,-159202031.79,-960000000,0,0
kabupaten,19,1901,5,2021,2022,94094101.35,-8074493.51,-6019607.84,80000000,0,0
kabupaten,19,1901,6,2021,2022,39217014429.92,-48685143750.94,11288129321.01,1820000000,1,0
kabupaten,19,1901,7,2021,2022,52848787440.63,76639952469.02,171260090.35,129660000000,1,1
kabupaten,19,1901,8,2021,2022,9635851547.58,36345062312.21,-26000913859.79,19980000000,0,1
kabupaten,19,1901,9,2021,2022,11183127915.18,15253923325.19,3362948759.63,29800000000,1,1
kabupaten,19,1901,10,2021,2022,14510277751.39,18018082569.53,-1198360320.92,31330000000,0,1
kabupaten,19,1901,11,2021,2022,11085516277.33,2966937926.09,2667545796.58,16720000000,1,1
kabupaten,19,1901,12,2021,2022,16545612308.26,2699894699.16,-1605507007.42,17640000000,0,1
kabupaten,19,1901,13,2021,2022,854321677.25,1282204219.16,-76525896.41,2060000000,0,1
kabupaten,19,1901,14,2021,2022,22524105280.76,-29558143528.99,-65961751.77,-7100000000,0,0
kabupaten,19,1901,15,2021,2022,8694470841.97,-2712261659.86,1897790817.89,7880000000,1,0
kabupaten,19,1901,16,2021,2022,5233214926.73,-2659137814.34,-4077112.39,2570000000,0,0
kabupaten,19,1901,17,2021,2022,3059817062.27,2424898294.92,205284642.81,5690000000,1,1
kabupaten,19,1901,1,2022,2023,95274915551.15,-14040368561.9,6015453010.75,87250000000,1,0
kabupaten,19,1901,2,2022,2023,66956014128.38,-85249862885.19,-2336151243.19,-20630000000,0,0
kabupaten,19,1901,3,2022,2023,123771664300.63,-69615778249.53,32464113948.89,86620000000,1,0
kabupaten,19,1901,4,2022,2023,992177820.24,-450513980.34,-381663839.89,160000000,0,0
kabupaten,19,1901,5,2022,2023,97246567.81,-90969470.73,143722902.92,150000000,1,0
kabupaten,19,1901,6,2022,2023,39150066448.44,40765829696.31,-4215896144.74,75700000000,0,1
kabupaten,19,1901,7,2022,2023,58330856830.18,-26885507336.02,2984650505.84,34430000000,1,0
kabupaten,19,1901,8,2022,2023,10475032324.63,12182576713.27,-2577609037.9,20080000000,0,1
kabupaten,19,1901,9,2022,2023,12446684584.62,15744110244.99,2839205170.39,31030000000,1,1
kabupaten,19,1901,10,2022,2023,15828412077.87,34094071025.05,-3722483102.92,46200000000,0,1
kabupaten,19,1901,11,2022,2023,11776471752.41,25628151032.4,8745377215.19,46150000000,1,1
kabupaten,19,1901,12,2022,2023,17256447262.85,-962999788.11,1126552525.27,17420000000,1,0
kabupaten,19,1901,13,2022,2023,941364298.32,962344244.4,126291457.29,2030000000,1,1
kabupaten,19,1901,14,2022,2023,22128850748.27,11373157996.79,-4482008745.06,29020000000,0,1
kabupaten,19,1901,15,2022,2023,9007134807.8,13069828111.07,913037081.12,22990000000,1,1
kabupaten,19,1901,16,2022,2023,5326220801.87,5400220179.22,323559018.91,11050000000,1,1
kabupaten,19,1901,17,2022,2023,3297622353.52,4957952754.75,34424891.73,8290000000,1,1
kabupaten,19,1901,1,2023,2024,17455629617.45,53341886115.74,-16617515733.19,54180000000,0,1
kabupaten,19,1901,2,2023,2024,11634925908.64,-72035992824.24,-20498933084.41,-80900000000,0,0
kabupaten,19,1901,3,2023,2024,22470388548.72,-136976567536.32,-81453821012.4,-195960000000,0,0
kabupaten,19,1901,4,2023,2024,176003833.18,972619655.31,271376511.51,1420000000,1,1
kabupaten,19,1901,5,2023,2024,18287114.63,73038073.34,-1325187.97,90000000,0,1
kabupaten,19,1901,6,2023,2024,7480278651.4,-13037387350.8,257108699.4,-5300000000,1,0
kabupaten,19,1901,7,2023,2024,10540476820.6,-15248899593.43,17938422772.84,13230000000,1,0
kabupaten,19,1901,8,2023,2024,2000085646.59,4180704249.93,7209210103.48,13390000000,1,1
kabupaten,19,1901,9,2023,2024,2431877602.08,9053781127.99,1254341269.93,12740000000,1,1
kabupaten,19,1901,10,2023,2024,3144612107.6,36921299411.96,3284088480.44,43350000000,1,1
kabupaten,19,1901,11,2023,2024,2430488707.3,108515558.06,-2159004265.36,380000000,0,1
kabupaten,19,1901,12,2023,2024,3174087541.3,11387069737.16,288842721.54,14850000000,1,1
kabupaten,19,1901,13,2023,2024,181482251.49,1439356577.32,39161171.19,1660000000,1,1
kabupaten,19,1901,14,2023,2024,4121853908.23,42985844551.86,-5557698460.08,41550000000,0,1
kabupaten,19,1901,15,2023,2024,1763973533.69,22697502205.03,-321475738.71,24140000000,0,1
kabupaten,19,1901,16,2023,2024,1023461132.53,1150503203.09,756035664.37,2930000000,1,1
kabupaten,19,1901,17,2023,2024,644832982.85,6151527609.57,213639407.57,7010000000,1,1
kabupaten,19,1901,1,2024,2025,94836179039.2,-21385340780.33,-18380838258.87,55070000000,0,0
kabupaten,19,1901,2,2024,2025,58421758906.14,36719987083.79,5988254010.07,101130000000,1,1
kabupaten,19,1901,3,2024,2025,111203098377.88,6324332179.15,79012569442.97,196540000000,1,1
kabupaten,19,1901,4,2024,2025,991996536.95,127604472.36,380398990.7,1500000000,1,1
kabupaten,19,1901,5,2024,2025,100714464.75,-42832111.81,-7882352.94,50000000,0,0
kabupaten,19,1901,6,2024,2025,39472700830.96,-51666331754.2,333630923.23,-11860000000,1,0
kabupaten,19,1901,7,2024,2025,56468471461.74,12109966700.48,5511561837.78,74090000000,1,1
kabupaten,19,1901,8,2024,2025,11160472801.17,3869532691.61,7619994507.22,22650000000,1,1
kabupaten,19,1901,9,2024,2025,13424910624.47,16640554363.08,1474535012.45,31540000000,1,1
kabupaten,19,1901,10,2024,2025,18459815045.19,22004511440.41,3455673514.4,43920000000,1,1
kabupaten,19,1901,11,2024,2025,12911512499.28,-10352333565.66,-489178933.62,2070000000,0,0
kabupaten,19,1901,12,2024,2025,17449395130.55,-1281457494.16,1702062363.61,17870000000,1,0
kabupaten,19,1901,13,2024,2025,1030890334.31,755586314.46,403523351.22,2190000000,1,1
kabupaten,19,1901,14,2024,2025,23571278835.46,-24263994836.01,4942716000.56,4250000000,1,0
kabupaten,19,1901,15,2024,2025,10347797140.48,6644039317.69,2988163541.83,19980000000,1,1
kabupaten,19,1901,16,2024,2025,5550349587.87,1952072231.27,2697578180.86,10200000000,1,1
kabupaten,19,1901,17,2024,2025,3708421226.45,4485764943.76,1055813829.79,9250000000,1,1
kabupaten,16,1607,1,2021,2022,379895788534.14,-103192288276.18,-108213500257.96,168490000000,0,0
kabupaten,16,1607,2,2021,2022,72830563257.25,14460464651.21,-72991027908.46,14300000000,0,1
kabupaten,16,1607,3,2021,2022,252322343407.45,-34734159603.93,89401816196.48,306990000000,1,0
kabupaten,16,1607,4,2021,2022,903100660.68,-651415805.23,338315144.55,590000000,1,0
kabupaten,16,1607,5,2021,2022,158199767.71,-138161774.2,9962006.5,30000000,1,0
kabupaten,16,1607,6,2021,2022,150045669745.28,-113770879272.21,240155209526.92,276430000000,1,0
kabupaten,16,1607,7,2021,2022,120870384770.51,116196754427.05,1642860802.44,238710000000,1,1
kabupaten,16,1607,8,2021,2022,5141492450.44,6276339563.41,-3947832013.85,7470000000,0,1
kabupaten,16,1607,9,2021,2022,4507645699.04,8118839792.78,-2376485491.82,10250000000,0,1
kabupaten,16,1607,10,2021,2022,23675485765.68,13039296005.12,-854781770.8,35860000000,0,1
kabupaten,16,1607,11,2021,2022,3185472806.03,-3550759442.08,795286636.06,430000000,1,0
kabupaten,16,1607,12,2021,2022,9312308842.74,-15613502.5,-2576695340.24,6720000000,0,0
kabupaten,16,1607,13,2021,2022,151389843.93,-67569416.51,-63820427.42,20000000,0,0
kabupaten,16,1607,14,2021,2022,26350738128.84,-7746326201.89,-9684411926.95,8920000000,0,0
kabupaten,16,1607,15,2021,2022,29051134825.94,-16607739235.2,10746604409.26,23190000000,1,0
kabupaten,16,1607,16,2021,2022,5446891339.76,-1135005616.42,-911885723.33,3400000000,0,0
kabupaten,16,1607,17,2021,2022,4043523201.73,-2461905983.59,578382781.86,2160000000,1,0
kabupaten,16,1607,1,2022,2023,377265734716.69,-217226368454.13,103890633737.44,263930000000,1,0
kabupaten,16,1607,2,2022,2023,71411148434.73,40299095265.06,-93370243699.79,18340000000,0,1
kabupaten,16,1607,3,2022,2023,260493443077.44,-61891501664.71,63228058587.27,261830000000,1,0
kabupaten,16,1607,4,2022,2023,906480597.31,-139345625.38,-97134971.93,670000000,0,0
kabupaten,16,1607,5,2022,2023,155062581.14,-151809292.3,36746711.16,40000000,1,0
kabupaten,16,1607,6,2022,2023,159677345238.83,-48071825762.89,110434480524.06,222040000000,1,0
kabupaten,16,1607,7,2022,2023,129444209131.07,53684587848.86,49141203020.07,232270000000,1,1
kabupaten,16,1607,8,2022,2023,5369740924.72,2554329562.19,-2884070486.91,5040000000,0,1
kabupaten,16,1607,9,2022,2023,4895910348.9,7759317319.19,-3835227668.09,8820000000,0,1
kabupaten,16,1607,10,2022,2023,24800861748.68,6153191842.18,-10414053590.86,20540000000,0,1
kabupaten,16,1607,11,2022,2023,3113453268.6,-296161320.81,-857291947.8,1960000000,0,0
kabupaten,16,1607,12,2022,2023,9379506752.52,-1475992767.29,4626486014.77,12530000000,1,0
kabupaten,16,1607,13,2022,2023,147944954.47,-88842324.66,-29102629.8,30000000,0,0
kabupaten,16,1607,14,2022,2023,26027635546.38,-6923228237.7,11515592691.31,30620000000,1,0
kabupaten,16,1607,15,2022,2023,29373936887.65,-16508391223.25,13484454335.6,26350000000,1,0
kabupaten,16,1607,16,2022,2023,5459219660.07,-5479839341.86,30619681.8,10000000,1,0
kabupaten,16,1607,17,2022,2023,4034169119.26,-2487723034.66,543553915.4,2090000000,1,0
kabupaten,16,1607,1,2023,2024,386437891015.21,-201333062752.68,121715171737.47,306820000000,1,0
kabupaten,16,1607,2,2023,2024,71557301520.45,-24475027888.14,-31692273632.31,15390000000,0,0
kabupaten,16,1607,3,2023,2024,270829118927.13,-26754531178.41,-116874587748.72,127200000000,0,0
kabupaten,16,1607,4,2023,2024,930321356.98,657018640.31,-67339997.29,1520000000,0,1
kabupaten,16,1607,5,2023,2024,155388810.44,-66324005.23,-89064805.2,0,0,0
kabupaten,16,1607,6,2023,2024,169107781754.93,29031672000.81,88740546244.26,286880000000,1,1
kabupaten,16,1607,7,2023,2024,139717672896.91,68340384894.16,94361942208.94,302420000000,1,1
kabupaten,16,1607,8,2023,2024,5564830343.97,-1765734356,-3439095987.97,360000000,0,0
kabupaten,16,1607,9,2023,2024,5286236813.28,4587332805.43,-753569618.71,9120000000,0,1
kabupaten,16,1607,10,2023,2024,25564225136.99,19393394708.73,-5037619845.72,39920000000,0,1
kabupaten,16,1607,11,2023,2024,3178178906.01,1284484559.15,-962663465.16,3500000000,0,1
kabupaten,16,1607,12,2023,2024,9907671013.63,6188602298.4,-3346273312.04,12750000000,0,1
kabupaten,16,1607,13,2023,2024,147845664.3,4485941.92,-82331606.22,70000000,0,1
kabupaten,16,1607,14,2023,2024,27284565332.79,23436951548.17,-16791516880.96,33930000000,0,1
kabupaten,16,1607,15,2023,2024,30379769631.29,10443429273.98,-10953198905.26,29870000000,0,1
kabupaten,16,1607,16,2023,2024,5400389758.17,2485880073.26,-2406269831.43,5480000000,0,1
kabupaten,16,1607,17,2023,2024,4095425476.35,-738217784.67,3462792308.32,6820000000,1,0
kabupaten,16,1607,1,2024,2025,427186286729.24,35209342887.48,-72795629616.72,389600000000,0,1
kabupaten,16,1607,2,2024,2025,76888367766.35,-27674165355.43,-10814202410.93,38400000000,0,0
kabupaten,16,1607,3,2024,2025,294691969146.84,-43556471995.69,56874502848.85,308010000000,1,0
kabupaten,16,1607,4,2024,2025,1070188148,306676802.42,-436864950.43,940000000,0,1
kabupaten,16,1607,5,2024,2025,165178889.98,-129648444.11,44469554.13,80000000,1,0
kabupaten,16,1607,6,2024,2025,195097651443.1,24999425474.2,-82617076917.3,137480000000,0,1
kabupaten,16,1607,7,2024,2025,164686560663.89,96706580172.23,65166859163.88,326560000000,1,1
kabupaten,16,1607,8,2024,2025,5934679729.84,-351173425.37,-2123506304.47,3460000000,0,0
kabupaten,16,1607,9,2024,2025,6106807893.51,4926356550.72,-473164444.22,10560000000,0,1
kabupaten,16,1607,10,2024,2025,29308829060.34,4136564831.65,-195393891.98,33250000000,0,1
kabupaten,16,1607,11,2024,2025,3565511961.63,-583507817.42,187995855.79,3170000000,1,0
kabupaten,16,1607,12,2024,2025,11213454935.41,5118318611.93,-4121773547.34,12210000000,0,1
kabupaten,16,1607,13,2024,2025,160902413.86,23005045.67,-173907459.54,10000000,0,1
kabupaten,16,1607,14,2024,2025,30817356010.22,-11200983339.27,-2066372670.95,17550000000,0,0
kabupaten,16,1607,15,2024,2025,33890538659.01,-6753819991.92,-10386718667.09,16750000000,0,0
kabupaten,16,1607,16,2024,2025,6033573240.02,505828598.41,-569401838.43,5970000000,0,1
kabupaten,16,1607,17,2024,2025,4718022274.87,-1093691579.81,-3614330695.06,10000000,0,0
kabupaten,16,1611,1,2021,2022,75070504339.07,-20391637282.13,4761132943.06,59440000000,1,0
kabupaten,16,1611,2,2021,2022,6622388951.45,1314871354.23,-1547260305.68,6390000000,0,1
kabupaten,16,1611,3,2021,2022,17950959072.01,-2471091022.03,16510131950.02,31990000000,1,0
kabupaten,16,1611,4,2021,2022,162914330.32,-117511783.89,134597453.57,180000000,1,0
kabupaten,16,1611,5,2021,2022,67575397.46,-59016122.09,-18559275.37,-10000000,0,0
kabupaten,16,1611,6,2021,2022,19534004429.65,-14811496149.41,8177491719.76,12900000000,1,0
kabupaten,16,1611,7,2021,2022,31595427116.5,30373743681.25,-21949170797.75,40020000000,0,1
kabupaten,16,1611,8,2021,2022,2883740798.75,3520249546.26,-2183990345.01,4220000000,0,1
kabupaten,16,1611,9,2021,2022,2475145372.22,4458049740.95,-3363195113.17,3570000000,0,1
kabupaten,16,1611,10,2021,2022,2540625408.52,1399251828.14,-1059877236.67,2880000000,0,1
kabupaten,16,1611,11,2021,2022,4253583158.19,-4741352848.17,517769689.98,30000000,1,0
kabupaten,16,1611,12,2021,2022,9545941612.27,-16005223.38,-1869936388.89,7660000000,0,0
kabupaten,16,1611,13,2021,2022,46097945.56,-20574770.42,-15523175.13,10000000,0,0
kabupaten,16,1611,14,2021,2022,8832471136.72,-2596481444.25,-1335989692.47,4900000000,0,0
kabupaten,16,1611,15,2021,2022,3651690664.5,-2087571679.62,2305881015.13,3870000000,1,0
kabupaten,16,1611,16,2021,2022,1696194860.37,-353447603.96,-352747256.41,990000000,0,0
kabupaten,16,1611,17,2021,2022,1913064740.6,-1164772723.42,-248292017.18,500000000,0,0
kabupaten,16,1611,1,2022,2023,75880001183.1,-43691052694.4,-1658948488.7,30530000000,0,0
kabupaten,16,1611,2,2022,2023,6752085705.47,3810370664.06,-6522456369.53,4040000000,0,1
kabupaten,16,1611,3,2022,2023,19048294189.21,-4525747433.77,12727453244.56,27250000000,1,0
kabupaten,16,1611,4,2022,2023,167264226.87,-25712120.44,-11552106.43,130000000,0,0
kabupaten,16,1611,5,2022,2023,65075443.89,-63710129.23,138634685.34,140000000,1,0
kabupaten,16,1611,6,2022,2023,19614145509.9,-5904956548.66,-1889188961.25,11820000000,0,0
kabupaten,16,1611,7,2022,2023,32698885348.9,13561256968.21,13569857682.9,59830000000,1,1
kabupaten,16,1611,8,2022,2023,3013298093.24,1433394368.03,-1716692461.27,2730000000,0,1
kabupaten,16,1611,9,2022,2023,2583698483.19,4094792379.66,-3678490862.85,3000000000,0,1
kabupaten,16,1611,10,2022,2023,2612168989.89,648089452.77,689741557.34,3950000000,1,1
kabupaten,16,1611,11,2022,2023,4129748677.47,-392834488.72,-2066914188.76,1670000000,0,0
kabupaten,16,1611,12,2022,2023,9654043781.43,-1519194897.18,-764848884.25,7370000000,0,0
kabupaten,16,1611,13,2022,2023,45247769.58,-27171707.54,-8076062.04,10000000,0,0
kabupaten,16,1611,14,2022,2023,8821281460.4,-2346419243.13,-1324862217.27,5150000000,0,0
kabupaten,16,1611,15,2022,2023,3740821219.85,-2102371923.44,1391550703.59,3030000000,1,0
kabupaten,16,1611,16,2022,2023,1696537158.28,-1702945044.12,16407885.84,10000000,1,0
kabupaten,16,1611,17,2022,2023,1882103853.75,-1160623903.51,338520049.76,1060000000,1,0
kabupaten,16,1611,1,2023,2024,76590591499.92,-39903484423.35,64242892923.43,100930000000,1,0
kabupaten,16,1611,2,2023,2024,6881863659.61,-2353831145.28,-5398032514.32,-870000000,0,0
kabupaten,16,1611,3,2023,2024,20211608637.7,-1996654257.88,-11604954379.82,6610000000,0,0
kabupaten,16,1611,4,2023,2024,171983731.94,121459662.15,-33443394.09,260000000,0,1
kabupaten,16,1611,5,2023,2024,71408450.1,-30478992.7,-10929457.41,30000000,0,0
kabupaten,16,1611,6,2023,2024,19995371781.75,3432716514.15,-14278088295.91,9150000000,0,1
kabupaten,16,1611,7,2023,2024,35352211565.24,17291897976.36,-17864109541.61,34780000000,0,1
kabupaten,16,1611,8,2023,2024,3117833736.91,-989296313.68,-2168537423.22,-40000000,0,0
kabupaten,16,1611,9,2023,2024,2706480834.2,2348651556.2,-5105132390.4,-50000000,0,1
kabupaten,16,1611,10,2023,2024,2782415171.98,2110780803.43,-1503195975.42,3390000000,0,1
kabupaten,16,1611,11,2023,2024,4168845432.09,1684869777.75,-1843715209.84,4010000000,0,1
kabupaten,16,1611,12,2023,2024,9919740047.45,6196140947.02,-12725880994.48,3390000000,0,1
kabupaten,16,1611,13,2023,2024,45258876.83,1373247.53,23367875.65,70000000,1,1
kabupaten,16,1611,14,2023,2024,8984389926.38,7717429573.32,-9051819499.7,7650000000,0,1
kabupaten,16,1611,15,2023,2024,3852536170.72,1324357936.63,-1416894107.35,3760000000,0,1
kabupaten,16,1611,16,2023,2024,1678601453.84,772685323.08,-2361286776.92,90000000,0,1
kabupaten,16,1611,17,2023,2024,1914953366.15,-345178453.34,590225087.19,2160000000,1,0
kabupaten,16,1611,1,2024,2025,86811396033.79,7155127176.24,6823476789.97,100790000000,1,1
kabupaten,16,1611,2,2024,2025,7268940278.01,-2616284635.19,-1812655642.81,2840000000,0,0
kabupaten,16,1611,3,2024,2025,21838359845.37,-3227783613.48,2279423768.11,20890000000,1,0
kabupaten,16,1611,4,2024,2025,196717901.33,56372159.49,176909939.18,430000000,1,1
kabupaten,16,1611,5,2024,2025,77511129.6,-60838266.65,3327137.05,20000000,1,0
kabupaten,16,1611,6,2024,2025,21744277370.82,2786268505.03,-9400545875.85,15130000000,0,1
kabupaten,16,1611,7,2024,2025,39438731859.88,23159053593.22,-5297785453.11,57300000000,0,1
kabupaten,16,1611,8,2024,2025,3312130751.77,-195989059.95,-2406141691.81,710000000,0,0
kabupaten,16,1611,9,2024,2025,2874326509.4,2318716664.32,-1183043173.72,4010000000,0,1
kabupaten,16,1611,10,2024,2025,3138933469.07,443020148.31,-621953617.38,2960000000,0,1
kabupaten,16,1611,11,2024,2025,4645856740.41,-760309811.27,-1185546929.14,2700000000,0,0
kabupaten,16,1611,12,2024,2025,10725936658.2,4895793628.66,-12001730286.86,3620000000,0,1
kabupaten,16,1611,13,2024,2025,51852272.91,7413586.15,-59265859.05,0,0,1
kabupaten,16,1611,14,2024,2025,9959378314.42,-3619870261.82,-5129508052.6,1210000000,0,0
kabupaten,16,1611,15,2024,2025,4296254817.94,-856172041.75,2109917223.81,5550000000,1,0
kabupaten,16,1611,16,2024,2025,1789170694.99,149996307.16,-1399167002.15,540000000,0,1
kabupaten,16,1611,17,2024,2025,2151067486.3,-498642070.83,-582425415.47,1070000000,0,0
kabupaten,16,1604,1,2021,2022,153034702442.4,-41569297705.64,-57765404736.76,53700000000,0,0
kabupaten,16,1604,2,2021,2022,267362845825.9,53084732675.45,442452421498.65,762900000000,1,1
kabupaten,16,1604,3,2021,2022,28805977570.03,-3965369887.39,-19940607682.63,4900000000,0,0
kabupaten,16,1604,4,2021,2022,3881656551.99,-2799878838.03,4018222286.04,5100000000,1,0
kabupaten,16,1604,5,2021,2022,199059310.36,-173845941.05,-25213369.31,-0,0,0
kabupaten,16,1604,6,2021,2022,51173957970.83,-38802227375.6,-5271730595.23,7100000000,0,0
kabupaten,16,1604,7,2021,2022,68623078044.62,65969666289.37,-105592744333.99,29000000000,0,1
kabupaten,16,1604,8,2021,2022,6092262577.55,7436966798.01,-5729229375.56,7800000000,0,1
kabupaten,16,1604,9,2021,2022,6883261416.08,12397624041.51,-12580885457.59,6700000000,0,1
kabupaten,16,1604,10,2021,2022,7087559129.34,3903479842.23,-5291038971.57,5700000000,0,1
kabupaten,16,1604,11,2021,2022,10125832813.76,-11286988984.62,2461156170.86,1300000000,1,0
kabupaten,16,1604,12,2021,2022,16443346716.19,-27569772.37,-6415776943.82,10000000000,0,0
kabupaten,16,1604,13,2021,2022,272396951.02,-121578188.87,49181237.86,200000000,1,0
kabupaten,16,1604,14,2021,2022,34835379312.73,-10240556078.68,-20394823234.05,4200000000,0,0
kabupaten,16,1604,15,2021,2022,18910634484.05,-10810692531.12,-4699941952.94,3400000000,0,0
kabupaten,16,1604,16,2021,2022,5715097568.45,-1190893563.68,75795995.23,4600000000,1,0
kabupaten,16,1604,17,2021,2022,3509729945.79,-2136905051.18,127175105.38,1500000000,1,0
kabupaten,16,1604,1,2022,2023,151254650872.25,-87091128340.74,-33263522531.51,30900000000,0,0
kabupaten,16,1604,2,2022,2023,298269229853.55,168320778645.51,262909991500.94,729500000000,1,1
kabupaten,16,1604,3,2022,2023,28206137710.98,-6701589869.1,-11704547841.88,9800000000,0,0
kabupaten,16,1604,4,2022,2023,4026543090.68,-618966546.83,1992423456.15,5400000000,1,0
kabupaten,16,1604,5,2022,2023,193192724.05,-189139446.14,95946722.1,100000000,1,0
kabupaten,16,1604,6,2022,2023,50026747490.27,-15060853405.59,-15765894084.67,19200000000,0,0
kabupaten,16,1604,7,2022,2023,68075015131.57,28232851470.73,-26607866602.3,69700000000,0,1
kabupaten,16,1604,8,2022,2023,6309267645.88,3001252591.06,-3010520236.94,6300000000,0,1
kabupaten,16,1604,9,2022,2023,7021030313.42,11127328367.4,-1048358680.82,17100000000,0,1
kabupaten,16,1604,10,2022,2023,7168466865.98,1778524967.71,-1746991833.69,7200000000,0,1
kabupaten,16,1604,11,2022,2023,9893501078.87,-941100474.02,-1852400604.85,7100000000,0,0
kabupaten,16,1604,12,2022,2023,16467137715.55,-2591327753.94,-575809961.6,13300000000,0,0
kabupaten,16,1604,13,2022,2023,274537028.91,-164862045.77,90325016.86,200000000,1,0
kabupaten,16,1604,14,2022,2023,34022255508.62,-9049759423.12,-10072496085.5,14900000000,0,0
kabupaten,16,1604,15,2022,2023,18526165432.37,-10411855516.48,-2214309915.9,5900000000,0,0
kabupaten,16,1604,16,2022,2023,5780529664.27,-5802362946.26,21833281.99,-0,1,0
kabupaten,16,1604,17,2022,2023,3482553051.91,-2147561787.96,265008736.04,1600000000,1,0
kabupaten,16,1604,1,2023,2024,151164648599.03,-78756360051.6,-70108288547.43,2300000000,0,0
kabupaten,16,1604,2,2023,2024,331712365786.36,-113456897213.23,262144531426.87,480400000000,1,0
kabupaten,16,1604,3,2023,2024,28392402062.21,-2804814375.99,-21587587686.22,4000000000,0,0
kabupaten,16,1604,4,2023,2024,4254334421.65,3004528484.86,741137093.49,8000000000,1,1
kabupaten,16,1604,5,2023,2024,196121799.58,-83709909.52,87588109.94,200000000,1,0
kabupaten,16,1604,6,2023,2024,50448561368.78,8660784686.38,-19909346055.16,39200000000,0,1
kabupaten,16,1604,7,2023,2024,70840199760.96,34650208647.66,-37990408408.62,67500000000,0,1
kabupaten,16,1604,8,2023,2024,6557508375.69,-2080713537.16,-2276794838.52,2200000000,0,0
kabupaten,16,1604,9,2023,2024,7804641870.45,6772774461.59,622583667.96,15200000000,1,1
kabupaten,16,1604,10,2023,2024,7452628384.02,5653672782.74,1193698833.24,14300000000,1,1
kabupaten,16,1604,11,2023,2024,10143017173.13,4099375562.99,3757607263.88,18000000000,1,1
kabupaten,16,1604,12,2023,2024,16956992517.5,10591801314.69,-1448793832.19,26100000000,0,1
kabupaten,16,1604,13,2023,2024,281610789.14,8544651.27,109844559.59,400000000,1,1
kabupaten,16,1604,14,2023,2024,34401775151.9,29550506946.76,-12552282098.65,51400000000,0,1
kabupaten,16,1604,15,2023,2024,18621513431.88,6401380288.94,-5222893720.82,19800000000,0,1
kabupaten,16,1604,16,2023,2024,5717704772.36,2631944914.14,950350313.5,9300000000,1,1
kabupaten,16,1604,17,2023,2024,3525163628.34,-635425671.72,-89737956.62,2800000000,0,0
kabupaten,16,1606,1,2021,2022,320843272595.43,-87151667579.4,78968394983.96,312660000000,1,0
kabupaten,16,1606,2,2021,2022,1421087559690.6,282156082613.33,-1013093642303.9,690150000000,0,1
kabupaten,16,1606,3,2021,2022,187586684158.01,-25822785802.98,207366101644.97,369130000000,1,0
kabupaten,16,1606,4,2021,2022,686230780.45,-494985327.64,918754547.2,1110000000,1,0
kabupaten,16,1606,5,2021,2022,366164363,-319785033.67,163620670.67,210000000,1,0
kabupaten,16,1606,6,2021,2022,167800188708.39,-127233095388.91,117402906680.53,157970000000,1,0
kabupaten,16,1606,7,2021,2022,78354459119.69,75324769271.49,-12729228391.19,140950000000,0,1
kabupaten,16,1606,8,2021,2022,5277690925.95,6442600214.1,-7100291140.05,4620000000,0,1
kabupaten,16,1606,9,2021,2022,2913075855.01,5246817906.76,-1239893761.77,6920000000,0,1
kabupaten,16,1606,10,2021,2022,7202803993.23,3966951059.17,6660244947.59,17830000000,1,1
kabupaten,16,1606,11,2021,2022,42637456598.2,-47526807108.86,9959350510.66,5070000000,1,0
kabupaten,16,1606,12,2021,2022,40509617338.52,-67920536.38,43808303197.86,84250000000,1,0
kabupaten,16,1606,13,2021,2022,784188914.75,-350004901.43,325815986.68,760000000,1,0
kabupaten,16,1606,14,2021,2022,72332914981.35,-21263706232.43,21760791251.07,72830000000,1,0
kabupaten,16,1606,15,2021,2022,45688826289.87,-26119052406.41,49650226116.54,69220000000,1,0
kabupaten,16,1606,16,2021,2022,8331679819.08,-1736128517.91,7144448698.83,13740000000,1,0
kabupaten,16,1606,17,2021,2022,14019537692.43,-8535819385.77,15766281693.34,21250000000,1,0
kabupaten,16,1606,1,2022,2023,327283218192.19,-188446864906.14,303303646713.94,442140000000,1,0
kabupaten,16,1606,2,2022,2023,1414293264888.9,798121025410.78,-1683284290299.7,529130000000,0,1
kabupaten,16,1606,3,2022,2023,200824853451.48,-47714643427.75,226339789976.28,379450000000,1,0
kabupaten,16,1606,4,2022,2023,722439107.56,-111054477.66,568615370.1,1180000000,1,0
kabupaten,16,1606,5,2022,2023,366049371.88,-358369476.9,322320105.02,330000000,1,0
kabupaten,16,1606,6,2022,2023,170886082046.94,-51446283435.99,198300201389.05,317740000000,1,0
kabupaten,16,1606,7,2022,2023,83211156658.81,34510285779.82,55348557561.37,173070000000,1,1
kabupaten,16,1606,8,2022,2023,5357030877.08,2548283525.54,-4355314402.63,3550000000,0,1
kabupaten,16,1606,9,2022,2023,3179037114.4,5038318919.72,1502643965.88,9720000000,1,1
kabupaten,16,1606,10,2022,2023,7897006796.41,1959278604.5,9583714599.1,19440000000,1,1
kabupaten,16,1606,11,2022,2023,41638624453.26,-3960794960.05,-12937829493.2,24740000000,0,0
kabupaten,16,1606,12,2022,2023,43599022200.44,-6860898246.22,66731876045.78,103470000000,1,0
kabupaten,16,1606,13,2022,2023,799716197.18,-480237033.32,430520836.14,750000000,1,0
kabupaten,16,1606,14,2022,2023,73903842976.86,-19658073498.83,32504230521.98,86750000000,1,0
kabupaten,16,1606,15,2022,2023,47861463775.22,-26898531563.57,41397067788.35,62360000000,1,0
kabupaten,16,1606,16,2022,2023,8784676523.21,-8817856582.98,83180059.77,50000000,1,0
kabupaten,16,1606,17,2022,2023,14686714242.87,-9056754004.45,11190039761.57,16820000000,1,0
kabupaten,16,1606,1,2023,2024,345960363087.62,-180244383666.61,149144020578.99,314860000000,1,0
kabupaten,16,1606,2,2023,2024,1425530912424.2,-487579996669.04,-142460915755.13,795490000000,0,0
kabupaten,16,1606,3,2023,2024,217723861488.66,-21508395639.13,-59615465849.53,136600000000,0,0
kabupaten,16,1606,4,2023,2024,773926793.73,546568479.69,-170495273.42,1150000000,0,1
kabupaten,16,1606,5,2023,2024,378665936.11,-161624517.61,-367041418.5,-150000000,0,0
kabupaten,16,1606,6,2023,2024,185007225183.92,31761217748.71,131591557067.37,348360000000,1,1
kabupaten,16,1606,7,2023,2024,91010069656.7,44515937466.07,42083992877.23,177610000000,1,1
kabupaten,16,1606,8,2023,2024,5477329848.77,-1737970233.65,-3679359615.12,60000000,0,0
kabupaten,16,1606,9,2023,2024,3633282056.31,3152918523.52,6763799420.17,13550000000,1,1
kabupaten,16,1606,10,2023,2024,8788771003.21,6667290096.08,8293938900.71,23750000000,1,1
kabupaten,16,1606,11,2023,2024,42430197024.43,17148478588.35,-15038675612.78,44540000000,0,1
kabupaten,16,1606,12,2023,2024,48328434427.68,30187261967.6,33684303604.72,112200000000,1,1
kabupaten,16,1606,13,2023,2024,828740322.33,25145688.04,1306113989.64,2160000000,1,1
kabupaten,16,1606,14,2023,2024,77463082069.84,66539396142.06,302687521788.1,446690000000,1,1
kabupaten,16,1606,15,2023,2024,50477225324.1,17352183344.93,-26749408669.03,41080000000,0,1
kabupaten,16,1606,16,2023,2024,8691715856.24,4000926639.93,-3812642496.17,8880000000,0,1
kabupaten,16,1606,17,2023,2024,15372931828.58,-2771036060.56,6308104231.98,18910000000,1,0
kabupaten,16,1606,1,2024,2025,384588308138.74,31698352761.86,345803339099.41,762090000000,1,1
kabupaten,16,1606,2,2024,2025,1557868396750.4,-560718205706.66,-457620191043.69,539530000000,0,0
kabupaten,16,1606,3,2024,2025,238743366682,-35287078895.11,185683712213.11,389140000000,1,0
kabupaten,16,1606,4,2024,2025,884161436.96,253368347.26,122470215.78,1260000000,1,1
kabupaten,16,1606,5,2024,2025,394504921.69,-309645798.55,65140876.86,150000000,1,0
kabupaten,16,1606,6,2024,2025,215285291507.73,27586229567.24,82438478925.03,325310000000,1,1
kabupaten,16,1606,7,2024,2025,106238357909.31,62384861491.47,80856780599.23,249480000000,1,1
kabupaten,16,1606,8,2024,2025,5825629588.89,-344720589.96,-650908998.93,4830000000,0,0
kabupaten,16,1606,9,2024,2025,4586520634.31,3699942157.31,2263537208.38,10550000000,1,1
kabupaten,16,1606,10,2024,2025,10612075481.61,1497758171.7,-49833653.31,12060000000,0,1
kabupaten,16,1606,11,2024,2025,47484387112.44,-7770976898.57,21326589786.14,61040000000,1,0
kabupaten,16,1606,12,2024,2025,57371065332.89,26186700991.9,28392233675.21,111950000000,1,1
kabupaten,16,1606,13,2024,2025,996418935.01,142463139.99,-328882075,810000000,0,1
kabupaten,16,1606,14,2024,2025,106221786564.36,-38607739780.8,36585953216.44,104200000000,1,0
kabupaten,16,1606,15,2024,2025,55853450871.26,-11130662658.02,46897211786.76,91620000000,1,0
kabupaten,16,1606,16,2024,2025,9714015497.27,814380906.38,1991603596.35,12520000000,1,1
kabupaten,16,1606,17,2024,2025,17352336399.79,-4022470243.84,4770133844.05,18100000000,1,0
kabupaten,16,1605,1,2021,2022,251287234993.58,-68257942246.84,26070707253.26,209100000000,1,0
kabupaten,16,1605,2,2021,2022,232035056640.18,46070421322.11,-204035477962.29,74070000000,0,1
kabupaten,16,1605,3,2021,2022,87026111287.26,-11979830237.55,26853718950.29,101900000000,1,0
kabupaten,16,1605,4,2021,2022,200106990.94,-144339232.95,214232242.01,270000000,1,0
kabupaten,16,1605,5,2021,2022,53431709.62,-46663910.49,23232200.87,30000000,1,0
kabupaten,16,1605,6,2021,2022,38422637621.5,-29133644933.41,12251007311.91,21540000000,1,0
kabupaten,16,1605,7,2021,2022,49859642682.17,47931746619,668610698.83,98460000000,1,1
kabupaten,16,1605,8,2021,2022,3031987600.93,3701217869.89,-2353205470.83,4380000000,0,1
kabupaten,16,1605,9,2021,2022,1837631738.78,3309807088.1,-1957438826.88,3190000000,0,1
kabupaten,16,1605,10,2021,2022,3312765996.6,1824508981.69,392725021.72,5530000000,1,1
kabupaten,16,1605,11,2021,2022,4426974294.31,-4934627206.88,2147652912.57,1640000000,1,0
kabupaten,16,1605,12,2021,2022,10061400458.04,-16869468.55,-524530989.48,9520000000,0,0
kabupaten,16,1605,13,2021,2022,129912392.02,-57983443.92,28071051.9,100000000,1,0
kabupaten,16,1605,14,2021,2022,18572757496.73,-5459833319.84,-492924176.89,12620000000,0,0
kabupaten,16,1605,15,2021,2022,21359064001.46,-12210392721.99,10051328720.53,19200000000,1,0
kabupaten,16,1605,16,2021,2022,5951349539.43,-1240122985.98,208773446.55,4920000000,1,0
kabupaten,16,1605,17,2021,2022,7518155848.06,-4577441984.25,-10713863.81,2930000000,0,0
kabupaten,16,1605,1,2022,2023,254512094660.54,-146545877250.9,70293782590.36,178260000000,1,0
kabupaten,16,1605,2,2022,2023,228962356905.22,129209178612.63,-303431535517.85,54740000000,0,1
kabupaten,16,1605,3,2022,2023,89641932360.07,-21298324212.49,76526391852.42,144870000000,1,0
kabupaten,16,1605,4,2022,2023,207936379.3,-31964307.78,-35972071.52,140000000,0,0
kabupaten,16,1605,5,2022,2023,53382200.07,-52262215.38,8880015.32,10000000,1,0
kabupaten,16,1605,6,2022,2023,38385360660.67,-11556143839.73,9410783179.05,36240000000,1,0
kabupaten,16,1605,7,2022,2023,53395926917.28,22144971556.51,26029101526.21,101570000000,1,1
kabupaten,16,1605,8,2022,2023,3165310262.95,1505704966.31,-861015229.26,3810000000,0,1
kabupaten,16,1605,9,2022,2023,1945654091.92,3083583320.93,310762587.15,5340000000,1,1
kabupaten,16,1605,10,2022,2023,3496279903.36,867440865.46,1176279231.18,5540000000,1,1
kabupaten,16,1605,11,2022,2023,4379882414.93,-416627984.77,226745569.85,4190000000,1,0
kabupaten,16,1605,12,2022,2023,10248874010.73,-1612799511.94,2433925501.21,11070000000,1,0
kabupaten,16,1605,13,2022,2023,131167691.59,-78767421.87,47599730.28,100000000,1,0
kabupaten,16,1605,14,2022,2023,18666992760.16,-4965331989.52,1538339229.36,15240000000,1,0
kabupaten,16,1605,15,2022,2023,21705710948.67,-12198785933.6,10173074984.93,19680000000,1,0
kabupaten,16,1605,16,2022,2023,6026087784.57,-6048848549,52760764.42,30000000,1,0
kabupaten,16,1605,17,2022,2023,7445545904.42,-4591393048.85,4035847144.43,6890000000,1,0
kabupaten,16,1605,1,2023,2024,260710239821.64,-135829307360.06,180799067538.41,305680000000,1,0
kabupaten,16,1605,2,2023,2024,229226656472.21,-78403303236.06,-38813353236.15,112010000000,0,0
kabupaten,16,1605,3,2023,2024,95952841882.52,-9478941223.06,15586099340.54,102060000000,1,0
kabupaten,16,1605,4,2023,2024,212716721.08,150226424.24,-162943145.33,200000000,0,1
kabupaten,16,1605,5,2023,2024,53304899.37,-22751924.13,-30552975.25,0,0,0
kabupaten,16,1605,6,2023,2024,39790598752.65,6831073057.16,-4371671809.82,42250000000,0,1
kabupaten,16,1605,7,2023,2024,57923316314.81,28332147603.27,31284536081.93,117540000000,1,1
kabupaten,16,1605,8,2023,2024,3322504435.44,-1054238829.76,-1508265605.68,760000000,0,0
kabupaten,16,1605,9,2023,2024,2193044020.43,1903097256.89,433858722.68,4530000000,1,1
kabupaten,16,1605,10,2023,2024,3736874596.6,2834847668.59,238277734.8,6810000000,1,1
kabupaten,16,1605,11,2023,2024,4542985480.52,1836081251.17,-1429066731.68,4950000000,0,1
kabupaten,16,1605,12,2023,2024,10694169717.59,6679870900.31,-9814040617.89,7560000000,0,1
kabupaten,16,1605,13,2023,2024,134770877.66,4089225.97,71139896.37,210000000,1,1
kabupaten,16,1605,14,2023,2024,19230496763.39,16518651310.49,-11819148073.89,23930000000,0,1
kabupaten,16,1605,15,2023,2024,22459466186.73,7720724992.29,-15340191179.02,14840000000,0,1
kabupaten,16,1605,16,2023,2024,5962102707.22,2744444934.22,-2266547641.44,6440000000,0,1
kabupaten,16,1605,17,2023,2024,7711106858.34,-1389959664.79,-3921147193.55,2400000000,0,0
kabupaten,16,1605,1,2024,2025,293476380810.89,24188769261.45,25004849927.66,342670000000,1,1
kabupaten,16,1605,2,2024,2025,249656399170.27,-89857967770.54,-153898431399.73,5900000000,0,0
kabupaten,16,1605,3,2024,2025,107453946245.25,-15882057505.7,47298111260.45,138870000000,1,0
kabupaten,16,1605,4,2024,2025,236809864.92,67861050.69,95329084.4,400000000,1,1
kabupaten,16,1605,5,2024,2025,56663308.54,-44474870.8,-22188437.74,-10000000,0,0
kabupaten,16,1605,6,2024,2025,44556070092.07,5709326306.34,-5915396398.42,44350000000,0,1
kabupaten,16,1605,7,2024,2025,67855915650.05,39846078031.62,47048006318.33,154750000000,1,1
kabupaten,16,1605,8,2024,2025,3572461235.32,-211393622.93,2348932387.61,5710000000,1,0
kabupaten,16,1605,9,2024,2025,2573369502.74,2075934912.04,410695585.22,5060000000,1,1
kabupaten,16,1605,10,2024,2025,4336346781.53,612019659.92,-1998366441.45,2950000000,0,1
kabupaten,16,1605,11,2024,2025,5093817613.55,-833620088.78,1109802475.23,5370000000,1,0
kabupaten,16,1605,12,2024,2025,11772069628.05,5373295155.27,-6615364783.32,10530000000,0,1
kabupaten,16,1605,13,2024,2025,154487699.69,22087901,-146575600.68,30000000,0,1
kabupaten,16,1605,14,2024,2025,21721291311.7,-7894896045.24,-10326395266.46,3500000000,0,0
kabupaten,16,1605,15,2024,2025,24667783355.55,-4915878442.04,2958095086.49,22710000000,1,0
kabupaten,16,1605,16,2024,2025,6681993931.1,560189375.4,1447816693.51,8690000000,1,1
kabupaten,16,1605,17,2024,2025,8325229878.63,-1929883601.17,-135346277.46,6260000000,0,0
kabupaten,16,1613,1,2021,2022,154637129890.79,-42004570115.04,45577440224.25,158210000000,1,0
kabupaten,16,1613,2,2021,2022,65217592316.62,12948913837.19,-50016506153.8,28150000000,0,1
kabupaten,16,1613,3,2021,2022,17140578142.73,-2359535698.95,2668957556.22,17450000000,1,0
kabupaten,16,1613,4,2021,2022,61289313.98,-44208613.23,62919299.25,80000000,1,0
kabupaten,16,1613,5,2021,2022,42954903.81,-37514124.12,14559220.31,20000000,1,0
kabupaten,16,1613,6,2021,2022,13746093060.83,-10422860564.67,-883232496.16,2440000000,0,0
kabupaten,16,1613,7,2021,2022,16240620523.8,15612653160.07,-8533273683.87,23320000000,0,1
kabupaten,16,1613,8,2021,2022,2894217604.55,3533038827.08,-5127256431.64,1300000000,0,1
kabupaten,16,1613,9,2021,2022,700898308.58,1262406466.33,-933304774.9,1030000000,0,1
kabupaten,16,1613,10,2021,2022,1012583281.38,557681192.54,19735526.09,1590000000,1,1
kabupaten,16,1613,11,2021,2022,1953400442.96,-2177402065.37,604001622.41,380000000,1,0
kabupaten,16,1613,12,2021,2022,4217438178.15,-7071176.72,-1100367001.42,3110000000,0,0
kabupaten,16,1613,13,2021,2022,139341517.25,-62191919.69,-57149597.56,20000000,0,0
kabupaten,16,1613,14,2021,2022,6728728530.41,-1978044253.09,249315722.69,5000000000,1,0
kabupaten,16,1613,15,2021,2022,9424934505.18,-5387977285.87,6133042780.69,10170000000,1,0
kabupaten,16,1613,16,2021,2022,2112647891.25,-440226740.82,217578849.57,1890000000,1,0
kabupaten,16,1613,17,2021,2022,2660060994.74,-1619582664.16,-90478330.58,950000000,0,0
kabupaten,16,1613,1,2022,2023,158123160614.05,-91045957233.5,54252796619.44,121330000000,1,0
kabupaten,16,1613,2,2022,2023,64726680182.68,36526882819.38,-65273563002.06,35980000000,0,1
kabupaten,16,1613,3,2022,2023,17522580071.13,-4163247952.93,7060667881.79,20420000000,1,0
kabupaten,16,1613,4,2022,2023,63550238.17,-9769042.72,-33781195.45,20000000,0,0
kabupaten,16,1613,5,2022,2023,42705760.05,-41809772.31,39104012.25,40000000,1,0
kabupaten,16,1613,6,2022,2023,13465024464.22,-4053726650.89,4848702186.66,14260000000,1,0
kabupaten,16,1613,7,2022,2023,16947577516.14,7028693829.55,7403728654.31,31380000000,1,1
kabupaten,16,1613,8,2022,2023,2875012774.97,1367613489.32,-2342626264.29,1900000000,0,1
kabupaten,16,1613,9,2022,2023,732607145.67,1161077492.93,-613684638.6,1280000000,0,1
kabupaten,16,1613,10,2022,2023,1063576786.07,263877605.14,12545608.79,1340000000,1,1
kabupaten,16,1613,11,2022,2023,1915149977.6,-182174999.26,-1002974978.34,730000000,0,0
kabupaten,16,1613,12,2022,2023,4251256732.86,-668992981.74,-222263751.12,3360000000,0,0
kabupaten,16,1613,13,2022,2023,136251710.64,-81820422.71,105568712.07,160000000,1,0
kabupaten,16,1613,14,2022,2023,6784623427.41,-1804677816.82,2510054389.4,7490000000,1,0
kabupaten,16,1613,15,2022,2023,9664211819.54,-5431365573.89,13277153754.36,17510000000,1,0
kabupaten,16,1613,16,2022,2023,2146472844.55,-2154580154.72,28107310.16,20000000,1,0
kabupaten,16,1613,17,2022,2023,2629963056.58,-1621801040.74,441837984.17,1450000000,1,0
kabupaten,16,1613,1,2023,2024,162506020255.24,-84665183033.12,124819162777.89,202660000000,1,0
kabupaten,16,1613,2,2023,2024,65832556478.37,-22516970616.83,-34515585861.54,8800000000,0,0
kabupaten,16,1613,3,2023,2024,18359011946.29,-1813640865.01,804628918.73,17350000000,1,0
kabupaten,16,1613,4,2023,2024,63865303.97,45103441.79,-18968745.76,90000000,0,1
kabupaten,16,1613,5,2023,2024,44253124.01,-18888389.84,-25364734.17,0,0,0
kabupaten,16,1613,6,2023,2024,14035783456.58,2409600890.96,-6545384347.54,9900000000,0,1
kabupaten,16,1613,7,2023,2024,18341411271.96,8971371193.34,-8052782465.31,19260000000,0,1
kabupaten,16,1613,8,2023,2024,2939312611.65,-932651121.53,-1836661490.12,170000000,0,0
kabupaten,16,1613,9,2023,2024,789013086,684696077.98,16290836.02,1490000000,1,1
kabupaten,16,1613,10,2023,2024,1119402886.83,849195385.59,-758598272.42,1210000000,0,1
kabupaten,16,1613,11,2023,2024,1931045411.25,780446314.42,-1721491725.67,990000000,0,1
kabupaten,16,1613,12,2023,2024,4374019007.03,2732131904.96,-2566150911.99,4540000000,0,1
kabupaten,16,1613,13,2023,2024,142816900.21,4333358.86,2849740.93,150000000,1,1
kabupaten,16,1613,14,2023,2024,7087540110.96,6088069652.21,-10475609763.17,2700000000,0,1
kabupaten,16,1613,15,2023,2024,10439714254.54,3588783548.43,-5878497802.97,8150000000,0,1
kabupaten,16,1613,16,2023,2024,2124149952.37,977777952.27,-1461927904.64,1640000000,0,1
kabupaten,16,1613,17,2023,2024,2674296744.01,-482053312.73,-282243431.28,1910000000,0,0
kabupaten,16,1613,1,2024,2025,183577893905.89,15130768973.37,42111337120.74,240820000000,1,1
kabupaten,16,1613,2,2024,2025,70450667533.38,-25357066086.3,-23563601447.08,21530000000,0,0
kabupaten,16,1613,3,2024,2025,20443159512.56,-3021568274.8,-5571591237.76,11850000000,0,0
kabupaten,16,1613,4,2024,2025,72700093.97,20833189.38,-73533283.35,20000000,0,1
kabupaten,16,1613,5,2024,2025,47041237.27,-36922534.24,-118703.03,10000000,0,0
kabupaten,16,1613,6,2024,2025,15449304528.21,1979643190.6,-9148947718.81,8280000000,0,1
kabupaten,16,1613,7,2024,2025,20526550796.82,12053518649.55,1809930553.64,34390000000,1,1
kabupaten,16,1613,8,2024,2025,3133587873.93,-185424123.54,-1668163750.39,1280000000,0,0
kabupaten,16,1613,9,2024,2025,918373245.89,740850888.84,190775865.27,1850000000,1,1
kabupaten,16,1613,10,2024,2025,1254611180.5,177072256.14,-31683436.65,1400000000,0,1
kabupaten,16,1613,11,2024,2025,2105629927.57,-344593297.27,-1351036630.29,410000000,0,0
kabupaten,16,1613,12,2024,2025,4892288676.59,2233057726.86,-3925346403.46,3200000000,0,1
kabupaten,16,1613,13,2024,2025,159833294.83,22852188.23,-112685483.06,70000000,0,1
kabupaten,16,1613,14,2024,2025,7678412866.1,-2790822631.14,-7237590234.96,-2350000000,0,0
kabupaten,16,1613,15,2024,2025,11533121525.07,-2298359064.43,-6834762460.65,2400000000,0,0
kabupaten,16,1613,16,2024,2025,2345647149.57,196648878.34,-1762296027.91,780000000,0,1
kabupaten,16,1613,17,2024,2025,2944888365.31,-682658839.02,-1182229526.3,1080000000,0,0
kabupaten,16,1610,1,2021,2022,97568920972.19,-26502952977.2,2164032005.02,73230000000,1,0
kabupaten,16,1610,2,2021,2022,32560340931.45,6464836162.36,-30945177093.81,8080000000,0,1
kabupaten,16,1610,3,2021,2022,45654776671,-6284739901.18,8139963230.18,47510000000,1,0
kabupaten,16,1610,4,2021,2022,267682388.4,-193082062.92,275399674.52,350000000,1,0
kabupaten,16,1610,5,2021,2022,134626954.64,-117574754.87,22947800.23,40000000,1,0
kabupaten,16,1610,6,2021,2022,63162566857.31,-47892490204.11,32239923346.8,47510000000,1,0
kabupaten,16,1610,7,2021,2022,64579554842.89,62082491830.69,-11242046673.58,115420000000,0,1
kabupaten,16,1610,8,2021,2022,5148826214.51,6285292059.98,-7344118274.49,4090000000,0,1
kabupaten,16,1610,9,2021,2022,15203416748.77,27383275689.24,-18446692438.01,24140000000,0,1
kabupaten,16,1610,10,2021,2022,1939256755.12,1068047477.9,-1117304233.02,1890000000,0,1
kabupaten,16,1610,11,2021,2022,6287655005.87,-7008677122.73,1171022116.86,450000000,1,0
kabupaten,16,1610,12,2021,2022,12343248763.09,-20695334.39,2367446571.29,14690000000,1,0
kabupaten,16,1610,13,2021,2022,538507818.55,-240350727.24,-228157091.31,70000000,0,0
kabupaten,16,1610,14,2021,2022,46880562950.57,-13781478582.04,2050915631.46,35150000000,1,0
kabupaten,16,1610,15,2021,2022,8919952465.22,-5099292864.82,8899340399.6,12720000000,1,0
kabupaten,16,1610,16,2021,2022,3552161009.32,-740187832.75,1048026823.44,3860000000,1,0
kabupaten,16,1610,17,2021,2022,2268228457.51,-1381014756.96,-147213700.55,740000000,0,0
kabupaten,16,1610,1,2022,2023,98416440845.18,-56667341011.06,-419099834.12,41330000000,0,0
kabupaten,16,1610,2,2022,2023,32011525972.81,18064903912.55,-44766429885.36,5310000000,0,1
kabupaten,16,1610,3,2022,2023,46724677114.77,-11101471105.25,16656793990.49,52280000000,1,0
kabupaten,16,1610,4,2022,2023,277587440.34,-42671178.61,75083738.26,310000000,1,0
kabupaten,16,1610,5,2022,2023,132692897.31,-129908935.38,67216038.07,70000000,1,0
kabupaten,16,1610,6,2022,2023,63716485596.67,-19182231450.84,10705745854.17,55240000000,1,0
kabupaten,16,1610,7,2022,2023,68544270090.25,28427466272.13,31518263637.62,128490000000,1,1
kabupaten,16,1610,8,2022,2023,5205018707.37,2475972927.26,-3370991634.63,4310000000,0,1
kabupaten,16,1610,9,2022,2023,15982630699.71,25330182613.03,-13602813312.74,27710000000,0,1
kabupaten,16,1610,10,2022,2023,1978191813.87,490797209.17,-858989023.04,1610000000,0,1
kabupaten,16,1610,11,2022,2023,6125226156.13,-582650488.75,-4042575667.38,1500000000,0,0
kabupaten,16,1610,12,2022,2023,12726316495.69,-2002658732.22,7106342236.53,17830000000,1,0
kabupaten,16,1610,13,2022,2023,526195972.08,-315985587.72,-40210384.36,170000000,0,0
kabupaten,16,1610,14,2022,2023,47285952818.32,-12577840319.56,-2098112498.75,32610000000,0,0
kabupaten,16,1610,15,2022,2023,9303754868.62,-5228785838.41,10435030969.79,14510000000,1,0
kabupaten,16,1610,16,2022,2023,3643716455.92,-3657478912.57,23762456.64,10000000,1,0
kabupaten,16,1610,17,2022,2023,2239001991.33,-1380709797.69,-28292193.65,830000000,0,0
kabupaten,16,1610,1,2023,2024,99425203487.89,-51800253542.52,-2984949945.37,44640000000,0,0
kabupaten,16,1610,2,2023,2024,31930640477.19,-10921363712.16,-21669276765.03,-660000000,0,0
kabupaten,16,1610,3,2023,2024,48845894252.73,-4825363704.98,-20240530547.75,23780000000,0,0
kabupaten,16,1610,4,2023,2024,290159688.1,204918786.73,-165078474.83,330000000,0,1
kabupaten,16,1610,5,2023,2024,134770877.66,-57523732.7,-27247144.96,50000000,0,0
kabupaten,16,1610,6,2023,2024,65801881017.41,11296574332.11,11691544650.48,88790000000,1,1
kabupaten,16,1610,7,2023,2024,74260765096.2,36323316614.02,-19484081710.22,91100000000,0,1
kabupaten,16,1610,8,2023,2024,5365188409.52,-1702387479.14,1857199069.62,5520000000,1,0
kabupaten,16,1610,9,2023,2024,17202396205.18,14928032782.35,2029571012.47,34160000000,1,1
kabupaten,16,1610,10,2023,2024,2037655209.99,1545795014.55,326549775.46,3910000000,1,1
kabupaten,16,1610,11,2023,2024,6134086439.16,2479136495.65,-1223222934.81,7390000000,0,1
kabupaten,16,1610,12,2023,2024,13484630912.12,8422869283.91,-4867500196.03,17040000000,0,1
kabupaten,16,1610,13,2023,2024,529025982.46,16051737.75,-135077720.21,410000000,0,1
kabupaten,16,1610,14,2023,2024,48411911911.61,41584962779.77,-9766874691.38,80230000000,0,1
kabupaten,16,1610,15,2023,2024,9932311957.68,3414357604.29,-5736669561.97,7610000000,0,1
kabupaten,16,1610,16,2023,2024,3604618100.99,1659259555.37,-2313877656.36,2950000000,0,1
kabupaten,16,1610,17,2023,2024,2256406447.98,-406726817.26,1970320369.28,3820000000,1,0
kabupaten,16,1610,1,2024,2025,108075638960.6,8907758390.57,-54923397351.17,62060000000,0,1
kabupaten,16,1610,2,2024,2025,33907110003.96,-12204069305.07,-21763040698.89,-60000000,0,0
kabupaten,16,1610,3,2024,2025,53194551846.2,-7862335083.37,-1682216762.82,43650000000,0,0
kabupaten,16,1610,4,2024,2025,326081303.84,93442981.76,40475714.4,460000000,1,1
kabupaten,16,1610,5,2024,2025,145934747.46,-114543771.01,-121390976.45,-90000000,0,0
kabupaten,16,1610,6,2024,2025,74694000959.38,9571140895.55,-13865141854.94,70400000000,0,1
kabupaten,16,1610,7,2024,2025,83809309800.43,49214166017.69,-6253475818.11,126770000000,0,1
kabupaten,16,1610,8,2024,2025,5998292312.07,-354937579.36,-1743354732.71,3900000000,0,0
kabupaten,16,1610,9,2024,2025,20112267173.09,16224548219.9,10243184607.01,46580000000,1,1
kabupaten,16,1610,10,2024,2025,2375047922.87,335207513.44,-400255436.31,2310000000,0,1
kabupaten,16,1610,11,2024,2025,6915596438.93,-1131760214.98,-3383836223.94,2400000000,0,0
kabupaten,16,1610,12,2024,2025,15245102793.68,6958541664.38,-8273644458.06,13930000000,0,1
kabupaten,16,1610,13,2024,2025,584273549.34,83536594.43,-37810143.76,630000000,0,1
kabupaten,16,1610,14,2024,2025,55750815444.48,-20263385176.11,23112569731.63,58600000000,1,0
kabupaten,16,1610,15,2024,2025,10964884761.17,-2185118939.96,-1919765821.22,6860000000,0,0
kabupaten,16,1610,16,2024,2025,3989417656.62,334455464.69,-743873121.31,3580000000,0,1
kabupaten,16,1610,17,2024,2025,2602770276.04,-603351949.02,-50689418327.02,-48690000000,0,0
kabupaten,16,1601,1,2024,2025,144002314810.3,11868889606.84,-6321204417.14,149550000000,0,1
kabupaten,16,1601,2,2024,2025,82182110638.33,-29579523992.16,-68092586646.16,-15490000000,0,0
kabupaten,16,1601,3,2024,2025,109464424579.24,-16179213018.64,36154788439.4,129440000000,1,0
kabupaten,16,1601,4,2024,2025,553269097.49,158546698.56,118184203.95,830000000,1,1
kabupaten,16,1601,5,2024,2025,686374416.6,-538733340.57,-537641076.03,-390000000,0,0
kabupaten,16,1601,6,2024,2025,66087592776.13,8468332848.48,-40105925624.6,34450000000,0,1
kabupaten,16,1601,7,2024,2025,99536050716.66,58449159602.67,28194789680.68,186180000000,1,1
kabupaten,16,1601,8,2024,2025,10416426699.31,-616372308.3,-2480054391.01,7320000000,0,0
kabupaten,16,1601,9,2024,2025,15654040822.26,12628100948.11,6757858229.63,35040000000,1,1
kabupaten,16,1601,10,2024,2025,7787997566.57,1099175841.4,-8167173407.97,720000000,0,1
kabupaten,16,1601,11,2024,2025,16481538950.69,-2697258324.84,2025719374.15,15810000000,1,0
kabupaten,16,1601,12,2024,2025,31959709692.68,14587830235.58,-26137539928.26,20410000000,0,1
kabupaten,16,1601,13,2024,2025,597102977.68,85370883.78,-22473861.47,660000000,0,1
kabupaten,16,1601,14,2024,2025,13375213612,-4861401632.82,6586188020.82,15100000000,1,0
kabupaten,16,1601,15,2024,2025,18060093196.97,-3599075828.12,6238982631.15,20700000000,1,0
kabupaten,16,1601,16,2024,2025,7970816920.53,668238702.12,6180944377.35,14820000000,1,1
kabupaten,16,1601,17,2024,2025,5852357564.61,-1356643486.94,344285922.33,4840000000,1,0
kabupaten,16,1601,1,2021,2022,122319850854.1,-33226125932.96,5196275078.86,94290000000,1,0
kabupaten,16,1601,2,2021,2022,72341820266.29,14363425023.51,-33965245289.79,52740000000,0,1
kabupaten,16,1601,3,2021,2022,92537434982.73,-12738507389.49,49651072406.76,129450000000,1,0
kabupaten,16,1601,4,2021,2022,493981393.86,-356313865.62,182332471.76,320000000,1,0
kabupaten,16,1601,5,2021,2022,643275876.63,-561796883.18,-21478993.45,60000000,0,0
kabupaten,16,1601,6,2021,2022,57760725782.53,-43796589204.04,29255863421.51,43220000000,1,0
kabupaten,16,1601,7,2021,2022,76808082582.38,73838185646.41,-19076268228.79,131570000000,0,1
kabupaten,16,1601,8,2021,2022,8617172777.36,10519183476.12,-7606356253.47,11530000000,0,1
kabupaten,16,1601,9,2021,2022,11240564951.77,20245678590.77,-2116243542.53,29370000000,0,1
kabupaten,16,1601,10,2021,2022,6336895993.17,3490051415.48,-746947408.65,9080000000,0,1
kabupaten,16,1601,11,2021,2022,14649193721.51,-16329055714.17,4209861992.66,2530000000,1,0
kabupaten,16,1601,12,2021,2022,27022301381.16,-45306999.29,2493005618.13,29470000000,1,0
kabupaten,16,1601,13,2021,2022,539555499.13,-240818335.65,41262836.53,340000000,1,0
kabupaten,16,1601,14,2021,2022,11400860080.63,-3351510714.23,-1219349366.4,6830000000,0,0
kabupaten,16,1601,15,2021,2022,15191368422.09,-8684489844.94,5463121422.85,11970000000,1,0
kabupaten,16,1601,16,2021,2022,6978600348.93,-1454178190.23,2885577841.29,8410000000,1,0
kabupaten,16,1601,17,2021,2022,5064487927.75,-3083522094.74,3589034166.99,5570000000,1,0
kabupaten,16,1601,1,2022,2023,123508616885.65,-71115200374.64,70796583488.99,123190000000,1,0
kabupaten,16,1601,2,2022,2023,72891106381.32,41134272510.98,-64815378892.3,49210000000,0,1
kabupaten,16,1601,3,2022,2023,96391476056.02,-22901970699.55,39440494643.54,112930000000,1,0
kabupaten,16,1601,4,2022,2023,495691857.75,-76198533.23,180506675.47,600000000,1,0
kabupaten,16,1601,5,2022,2023,627367951.25,-614205464.58,-33162486.67,-20000000,0,0
kabupaten,16,1601,6,2022,2023,58255740730.89,-17538241344.85,-10197499386.04,30520000000,0,0
kabupaten,16,1601,7,2022,2023,81233473246.85,33690078220.29,4496448532.87,119420000000,1,1
kabupaten,16,1601,8,2022,2023,8949398740.56,4257135323.16,-7786534063.72,5420000000,0,1
kabupaten,16,1601,9,2022,2023,12402464481.96,19656131464.35,-4008595946.32,28050000000,0,1
kabupaten,16,1601,10,2022,2023,6611766779.58,1640405475.54,-1332172255.12,6920000000,0,1
kabupaten,16,1601,11,2022,2023,14346084966.26,-1364644048.09,-3031440918.17,9950000000,0,0
kabupaten,16,1601,12,2022,2023,27724172704.67,-4362775087.31,5338602382.65,28700000000,1,0
kabupaten,16,1601,13,2022,2023,540939627.33,-324839290.18,133899662.85,350000000,1,0
kabupaten,16,1601,14,2022,2023,11412097570.26,-3035564102.97,1833466532.71,10210000000,1,0
kabupaten,16,1601,15,2022,2023,15352212337.03,-8628068085.37,10685855748.34,17410000000,1,0
kabupaten,16,1601,16,2022,2023,7200496186.02,-7227692735.97,77196549.94,50000000,1,0
kabupaten,16,1601,17,2022,2023,5198409482.6,-3205667048.45,887257565.84,2880000000,1,0
kabupaten,16,1601,1,2023,2024,128361214948.43,-66875834759.19,79824619810.76,141310000000,1,0
kabupaten,16,1601,2,2023,2024,74573554222.71,-25506688773.01,5373134550.3,54440000000,1,0
kabupaten,16,1601,3,2023,2024,101022841839.85,-9979793836.21,-52193048003.64,38850000000,0,0
kabupaten,16,1601,4,2023,2024,520477083.5,367575293.36,-888052376.86,0,0,1
kabupaten,16,1601,5,2023,2024,619543736.11,-264437457.76,164893721.65,520000000,1,0
kabupaten,16,1601,6,2023,2024,59157375022.93,10155875089.08,-9393250112.01,59920000000,0,1
kabupaten,16,1601,7,2023,2024,86355948489.76,42239457867.61,16184593642.63,144780000000,1,1
kabupaten,16,1601,8,2023,2024,9124692444.54,-2895287356.74,7180594912.19,13410000000,1,0
kabupaten,16,1601,9,2023,2024,13678238329.65,11869810912.07,-4708049241.72,20840000000,0,1
kabupaten,16,1601,10,2023,2024,6887898176.52,5225260196.03,-3393158372.55,8720000000,0,1
kabupaten,16,1601,11,2023,2024,14690528541.33,5937285985.2,-4437814526.53,16190000000,0,1
kabupaten,16,1601,12,2023,2024,28866111639.66,18030562843,-23046674482.66,23850000000,0,1
kabupaten,16,1601,13,2023,2024,552661173.69,16768878.13,-389430051.81,180000000,0,1
kabupaten,16,1601,14,2023,2024,11801503570.6,10137279594.01,-6408783164.61,15530000000,0,1
kabupaten,16,1601,15,2023,2024,16060866756.34,5521125672.92,-3111992429.26,18470000000,0,1
kabupaten,16,1601,16,2023,2024,7124752965.24,3279630214.91,-2974383180.15,7430000000,0,1
kabupaten,16,1601,17,2023,2024,5286739689.69,-952957216.38,16217526.69,4350000000,1,0
kabupaten,16,1602,1,2021,2022,661217406578.77,-179608564486.03,-58808842092.75,422800000000,0,0
kabupaten,16,1602,2,2021,2022,12388822868.36,2459793349.74,-9248616218.1,5600000000,0,1
kabupaten,16,1602,3,2021,2022,70351751002.99,-9684473101.96,3087132722099,3147800000000,1,0
kabupaten,16,1602,4,2021,2022,377165009.1,-272053004.51,94887995.4,200000000,1,0
kabupaten,16,1602,5,2021,2022,188582504.55,-164696154.68,176113650.13,200000000,1,0
kabupaten,16,1602,6,2021,2022,114558633111.28,-86863129335.34,206604496224.06,234300000000,1,0
kabupaten,16,1602,7,2021,2022,110257904326.96,105994621073.18,-6352525400.14,209900000000,0,1
kabupaten,16,1602,8,2021,2022,5867011252.67,7161997260.33,-7529008513,5500000000,0,1
kabupaten,16,1602,9,2021,2022,7920465191.1,14265759171.05,-7986224362.15,14200000000,0,1
kabupaten,16,1602,10,2021,2022,7160896770,3943870616.65,2495232613.35,13600000000,1,1
kabupaten,16,1602,11,2021,2022,10948262069.71,-12203728389.99,2455466320.28,1200000000,1,0
kabupaten,16,1602,12,2021,2022,17936291543.88,-30072921.5,8793781377.63,26700000000,1,0
kabupaten,16,1602,13,2021,2022,738614809.49,-329663935.22,-8950874.27,400000000,0,0
kabupaten,16,1602,14,2021,2022,49366708968.89,-14512330900.07,-9854378068.82,25000000000,0,0
kabupaten,16,1602,15,2021,2022,17601033758.01,-10062029613.45,15660995855.44,23200000000,1,0
kabupaten,16,1602,16,2021,2022,1859633030.98,-387504321.82,1527871290.84,3000000000,1,0
kabupaten,16,1602,17,2021,2022,6396089945.99,-3894270249.98,2698180303.99,5200000000,1,0
kabupaten,16,1602,1,2022,2023,663225537636.97,-381879565911.56,137154028274.59,418500000000,1,0
kabupaten,16,1602,2,2022,2023,12308410129.47,6945943360.96,-14754353490.42,4500000000,0,1
kabupaten,16,1602,3,2022,2023,228313127672.04,-54245673727.72,168032546055.68,342100000000,1,0
kabupaten,16,1602,4,2022,2023,376217409.99,-57832732.91,81615322.92,400000000,1,0
kabupaten,16,1602,5,2022,2023,193192724.05,-189139446.14,195946722.1,200000000,1,0
kabupaten,16,1602,6,2022,2023,123094269332.76,-37058270595.14,84164001262.38,170200000000,1,0
kabupaten,16,1602,7,2022,2023,117679789040.37,48805512546.15,48914698413.48,215400000000,1,1
kabupaten,16,1602,8,2022,2023,5973722388.32,2841637223.61,-2815359611.93,6000000000,0,1
kabupaten,16,1602,9,2022,2023,8408967515.13,13327010224.24,-2235977739.38,19500000000,0,1
kabupaten,16,1602,10,2022,2023,7641280638,1895831933.66,2362887428.34,11900000000,1,1
kabupaten,16,1602,11,2022,2023,10686608051.27,-1016543266.39,6929935215.11,16600000000,1,0
kabupaten,16,1602,12,2022,2023,18765114327.9,-2952945581.91,14287831254.01,30100000000,1,0
kabupaten,16,1602,13,2022,2023,737182762.81,-442685122.89,105502360.08,400000000,1,0
kabupaten,16,1602,14,2022,2023,49182800327.32,-13082392806.23,14199592478.91,50300000000,1,0
kabupaten,16,1602,15,2022,2023,18261796441.57,-10263277995.38,22701481553.81,30700000000,1,0
kabupaten,16,1602,16,2022,2023,1957347335.75,-1964740311.62,7392975.87,-0,1,0
kabupaten,16,1602,17,2022,2023,6471956255.6,-3991016286.23,5619060030.63,8100000000,1,0
kabupaten,16,1602,1,2023,2024,677062739789.65,-352747797891.81,146585058102.17,470900000000,1,0
kabupaten,16,1602,2,2023,2024,12400932250.34,-4241540083.5,1940607833.16,10100000000,1,0
kabupaten,16,1602,3,2023,2024,243035139791.84,-24008833506.41,143173693714.57,362200000000,1,0
kabupaten,16,1602,4,2023,2024,392243599.16,277013264.56,-69256863.72,600000000,0,1
kabupaten,16,1602,5,2023,2024,201150563.67,-85856317.46,-15294246.22,100000000,0,0
kabupaten,16,1602,6,2023,2024,130315392674.5,22371967141.44,73712640184.07,226400000000,1,1
kabupaten,16,1602,7,2023,2024,127232760286.23,62233614608.82,-3766374895.05,185700000000,0,1
kabupaten,16,1602,8,2023,2024,6210523653.35,-1970614431.29,2660090777.93,6900000000,1,0
kabupaten,16,1602,9,2023,2024,9298184805.71,8068853079.56,-6667037885.27,10700000000,0,1
kabupaten,16,1602,10,2023,2024,8156655356.87,6187757930.91,-5344413287.78,9000000000,0,1
kabupaten,16,1602,11,2023,2024,11405236960.17,4609511044.55,-8514748004.72,7500000000,0,1
kabupaten,16,1602,12,2023,2024,20074826254.4,12539285542.19,-17814111796.59,14800000000,0,1
kabupaten,16,1602,13,2023,2024,749285849.68,22734875.71,-372020725.39,400000000,0,1
kabupaten,16,1602,14,2023,2024,51177732162.09,43960752696.56,-55938484858.64,39200000000,0,1
kabupaten,16,1602,15,2023,2024,19607151193.87,6740205710.66,-18347356904.53,8000000000,0,1
kabupaten,16,1602,16,2023,2024,1936074175.34,891203862.75,-2127278038.08,700000000,0,1
kabupaten,16,1602,17,2023,2024,6808946580.28,-1227341454.37,-5281605125.91,300000000,0,0
kabupaten,16,1602,1,2024,2025,744892646653.32,61395183846.35,-182887830499.66,623400000000,0,1
kabupaten,16,1602,2,2024,2025,13722142736.9,-4938963567.1,5916820830.2,14700000000,1,0
kabupaten,16,1602,3,2024,2025,277709013371.56,-41046333562.76,-162679808.8,236500000000,0,0
kabupaten,16,1602,4,2024,2025,449029992.17,128675581.44,-77705573.61,500000000,0,1
kabupaten,16,1602,5,2024,2025,219169400.94,-172025443.64,52856042.7,100000000,1,0
kabupaten,16,1602,6,2024,2025,150628179992.37,19301195745.72,15170624261.91,185100000000,1,1
kabupaten,16,1602,7,2024,2025,145175672944.6,85249475112.47,29474851942.93,259900000000,1,1
kabupaten,16,1602,8,2024,2025,6970656068.92,-412475361.81,-4458180707.11,2100000000,0,0
kabupaten,16,1602,9,2024,2025,10455984103.38,8434833169.82,5109182726.8,24000000000,1,1
kabupaten,16,1602,10,2024,2025,9151658888.03,1291639124.49,-2643298012.53,7800000000,0,1
kabupaten,16,1602,11,2024,2025,12524729424.45,-2049713367.63,3924983943.18,14400000000,1,0
kabupaten,16,1602,12,2024,2025,22130763899.8,10101463056.4,-1632226956.19,30600000000,0,1
kabupaten,16,1602,13,2024,2025,817876057.17,116935946.45,-534812003.62,400000000,0,1
kabupaten,16,1602,14,2024,2025,56497595086.22,-20534812300.56,-362782785.65,35600000000,0,0
kabupaten,16,1602,15,2024,2025,21270123081.47,-4238781329.02,-11131341752.45,5900000000,0,0
kabupaten,16,1602,16,2024,2025,2095473296.79,175675388.12,-1871148684.92,400000000,0,1
kabupaten,16,1602,17,2024,2025,7253972611.6,-1681553901.88,1827581290.28,7400000000,1,0
kabupaten,16,1609,1,2021,2022,111543139.15,-30298813.83,-34566025.32,46678300,0,0
kabupaten,16,1609,2,2021,2022,5931047.06,1177605.84,635767.1,7744420,1,1
kabupaten,16,1609,3,2021,2022,23208125.41,-3194781.41,1527566,21540910,1,0
kabupaten,16,1609,4,2021,2022,204445.44,-147468.6,151553.16,208530,1,0
kabupaten,16,1609,5,2021,2022,106634.5,-93127.9,-5086.6,8420,0,0
kabupaten,16,1609,6,2021,2022,50078770.31,-37971810.46,49723760.14,61830720,1,0
kabupaten,16,1609,7,2021,2022,56692740.63,54500632.83,-20981273.46,90212100,0,1
kabupaten,16,1609,8,2021,2022,2393819.17,2922190.8,-2117869.97,3198140,0,1
kabupaten,16,1609,9,2021,2022,2792284.05,5029256.59,-2136240.63,5685300,0,1
kabupaten,16,1609,10,2021,2022,2232485.79,1229543.64,-78179.43,3383850,0,1
kabupaten,16,1609,11,2021,2022,2878058.7,-3208093.35,563444.64,233410,1,0
kabupaten,16,1609,12,2021,2022,16940817.41,-28403.86,2265006.45,19177420,1,0
kabupaten,16,1609,13,2021,2022,77565.56,-34619.62,-26595.93,16350,0,0
kabupaten,16,1609,14,2021,2022,17252226.32,-5071636.78,1561930.46,13742520,1,0
kabupaten,16,1609,15,2021,2022,13606713.83,-7778586.15,4717762.33,10545890,1,0
kabupaten,16,1609,16,2021,2022,4054836.06,-844933.63,-805512.42,2404390,0,0
kabupaten,16,1609,17,2021,2022,2955642.59,-1799548.02,2082565.43,3238660,1,0
kabupaten,16,1609,1,2022,2023,110628923.67,-63699183.69,-34515889.98,12413850,0,0
kabupaten,16,1609,2,2022,2023,6149977.7,3470586.07,-7540523.78,2080040,0,1
kabupaten,16,1609,3,2022,2023,23619289.96,-5611785.49,20930715.53,38938220,1,0
kabupaten,16,1609,4,2022,2023,209021.82,-32131.16,18249.35,195140,1,0
kabupaten,16,1609,5,2022,2023,103919.89,-101739.6,43639.71,45820,1,0
kabupaten,16,1609,6,2022,2023,51746356.94,-15578552.18,23163185.24,59330990,1,0
kabupaten,16,1609,7,2022,2023,59608318.07,24721445.71,15550456.22,99880220,1,1
kabupaten,16,1609,8,2022,2023,2485863.65,1182499.33,-1599362.98,2069000,0,1
kabupaten,16,1609,9,2022,2023,2999032.84,4753037.91,-1134550.75,6617520,0,1
kabupaten,16,1609,10,2022,2023,2338726.55,580247.3,213686.15,3132660,1,1
kabupaten,16,1609,11,2022,2023,2805104.46,-266830.23,-562164.24,1976110,0,0
kabupaten,16,1609,12,2022,2023,17416528.96,-2740727.36,5156588.4,19832390,1,0
kabupaten,16,1609,13,2022,2023,76110.82,-45705.25,37564.44,67970,1,0
kabupaten,16,1609,14,2022,2023,17442448.81,-4639609.08,-3602009.74,9200830,0,0
kabupaten,16,1609,15,2022,2023,13741857.94,-7723035.83,-3513602.11,2505220,0,0
kabupaten,16,1609,16,2022,2023,4057573.4,-4072899.01,-610144.39,-625470,0,0
kabupaten,16,1609,17,2022,2023,3033189.32,-1870455.78,2871856.46,4034590,1,0
kabupaten,16,1609,1,2023,2024,110050831.65,-57336176.16,-19062415.49,33652240,0,0
kabupaten,16,1609,2,2023,2024,6187737.82,-2116416.53,-1496551.29,2574770,0,0
kabupaten,16,1609,3,2023,2024,25320698.18,-2501368.43,-19185569.75,3633760,0,0
kabupaten,16,1609,4,2023,2024,216563.22,152942.93,-36426.15,333080,0,1
kabupaten,16,1609,5,2023,2024,105094.63,-44857.14,-74177.5,-13940,0,0
kabupaten,16,1609,6,2023,2024,54167574.3,9299248.29,14702087.41,78168910,1,1
kabupaten,16,1609,7,2023,2024,63983213.9,31296237.43,13365928.67,108645380,1,1
kabupaten,16,1609,8,2023,2024,2562891.52,-813211.78,-802009.73,947670,0,0
kabupaten,16,1609,9,2023,2024,3299217.74,2863021.52,-1351569.26,4810670,0,1
kabupaten,16,1609,10,2023,2024,2470842.5,1874417.22,-1664339.73,2680920,0,1
kabupaten,16,1609,11,2023,2024,2873991.48,1161544.96,-2213056.44,1822480,0,1
kabupaten,16,1609,12,2023,2024,18224563.92,11383561.08,-15590704.99,14017420,0,1
kabupaten,16,1609,13,2023,2024,78701.67,2387.97,-62289.64,18800,0,1
kabupaten,16,1609,14,2023,2024,17715565.99,15217352.99,-11653488.98,21279430,0,1
kabupaten,16,1609,15,2023,2024,13718488.05,4715903.43,-4168051.48,14266340,0,1
kabupaten,16,1609,16,2023,2024,3982020.81,1832983.66,1757005.53,7572010,1,1
kabupaten,16,1609,17,2023,2024,3203113.53,-577374.78,2110971.25,4736710,1,0
kabupaten,16,1609,1,2024,2025,118783360.5,9790305.07,-37917905.57,90655760,0,1
kabupaten,16,1609,2,2024,2025,6715225.36,-2416987.93,635582.57,4933820,1,0
kabupaten,16,1609,3,2024,2025,27110243.51,-4006985.89,1994732.38,25097990,1,0
kabupaten,16,1609,4,2024,2025,248012.63,71071.35,146176.02,465260,1,1
kabupaten,16,1609,5,2024,2025,110970.81,-87100.68,-20700.14,3170,0,0
kabupaten,16,1609,6,2024,2025,61758928.68,7913666.43,-7993985.11,61678610,0,1
kabupaten,16,1609,7,2024,2025,73822139.2,43349539.84,-9978599.05,107193080,0,1
kabupaten,16,1609,8,2024,2025,2775021.92,-164206.66,-461075.26,2149740,0,0
kabupaten,16,1609,9,2024,2025,3764239.81,3036608.94,414801.26,7215650,1,1
kabupaten,16,1609,10,2024,2025,2769826,390925.37,-76011.37,3084740,0,1
kabupaten,16,1609,11,2024,2025,3152486.16,-515914.78,558638.62,3195210,1,0
kabupaten,16,1609,12,2024,2025,20122094.52,9184617.18,-2927891.7,26378820,0,1
kabupaten,16,1609,13,2024,2025,84665.14,12105.01,-10140.15,86630,0,1
kabupaten,16,1609,14,2024,2025,19969225.46,-7258084.1,-8615821.36,4095320,0,0
kabupaten,16,1609,15,2024,2025,15345425.18,-3058087.7,-1032947.48,11254390,0,0
kabupaten,16,1609,16,2024,2025,4637672.1,388802.3,-2863274.4,2163200,0,1
kabupaten,16,1609,17,2024,2025,3658127.07,-847995.74,319868.67,3130000,1,0
kabupaten,16,1608,1,2021,2022,220436184929.77,-59877774453.74,-14798410476.03,145760000000,0,0
kabupaten,16,1608,2,2021,2022,12982333917.4,2577634612.54,-9219968529.95,6340000000,0,1
kabupaten,16,1608,3,2021,2022,43382357491.17,-5971923487.81,28899565996.64,66310000000,1,0
kabupaten,16,1608,4,2021,2022,356735237.77,-257316800.09,40581562.32,140000000,1,0
kabupaten,16,1608,5,2021,2022,83290606.18,-72740801.65,119450195.47,130000000,1,0
kabupaten,16,1608,6,2021,2022,88849075497.91,-67369071423.92,54849995926.01,76330000000,1,0
kabupaten,16,1608,7,2021,2022,79235558488.17,76171799643.24,-24727358131.41,130680000000,0,1
kabupaten,16,1608,8,2021,2022,6445330933.29,7867965561.71,-4713296495,9600000000,0,1
kabupaten,16,1608,9,2021,2022,7345288552.23,13229793326.49,-5675081878.71,14900000000,0,1
kabupaten,16,1608,10,2021,2022,7852889793.64,4324986423.86,1612123782.5,13790000000,1,1
kabupaten,16,1608,11,2021,2022,5044058156.42,-5622473716.14,1228415559.71,650000000,1,0
kabupaten,16,1608,12,2021,2022,15873932320.5,-26615062.51,10422682742,26270000000,1,0
kabupaten,16,1608,13,2021,2022,221060602.56,-98665376.36,37604773.8,160000000,1,0
kabupaten,16,1608,14,2021,2022,42211574442.09,-12408936080.84,27987361638.76,57790000000,1,0
kabupaten,16,1608,15,2021,2022,11589966425.47,-6625666821.36,9155700395.88,14120000000,1,0
kabupaten,16,1608,16,2021,2022,6039354708.22,-1258461218.67,469106510.45,5250000000,1,0
kabupaten,16,1608,17,2021,2022,4651701778.9,-2832196545.44,4300494766.54,6120000000,1,0
kabupaten,16,1608,1,2022,2023,221350055175.84,-127451459855.15,36511404679.31,130410000000,1,0
kabupaten,16,1608,2,2022,2023,12922051229.27,7292236365.37,-14784287594.64,5430000000,0,1
kabupaten,16,1608,3,2022,2023,45475025231.32,-10804562166.93,39469536935.61,74140000000,1,0
kabupaten,16,1608,4,2022,2023,353339324.25,-54315877.53,110976553.29,410000000,1,0
kabupaten,16,1608,5,2022,2023,87445127.73,-85610486.15,-1834641.58,0,0,0
kabupaten,16,1608,6,2022,2023,90111187318.75,-27128515254.28,21647327935.53,84630000000,1,0
kabupaten,16,1608,7,2022,2023,83544159906.84,34648392708.22,14907447384.94,133100000000,1,1
kabupaten,16,1608,8,2022,2023,6743442873.08,3207785202.89,-4001228075.96,5950000000,0,1
kabupaten,16,1608,9,2022,2023,7886330356.39,12498705114.78,1124964528.83,21510000000,1,1
kabupaten,16,1608,10,2022,2023,8322539191.22,2064854873.86,522605934.93,10910000000,1,1
kabupaten,16,1608,11,2022,2023,4928448070.84,-468809249.49,900361178.65,5360000000,1,0
kabupaten,16,1608,12,2022,2023,16741674744.46,-2634529883.83,17742855139.38,31850000000,1,0
kabupaten,16,1608,13,2022,2023,222680034.56,-133721437.12,111041402.56,200000000,1,0
kabupaten,16,1608,14,2022,2023,43905588549.38,-11678679375.08,10013090825.7,42240000000,1,0
kabupaten,16,1608,15,2022,2023,11966255647.14,-6725132911.4,628877264.26,5870000000,1,0
kabupaten,16,1608,16,2022,2023,6128276567.56,-6151423302.93,53146735.37,30000000,1,0
kabupaten,16,1608,17,2022,2023,4825750885.95,-2975862261.5,7190111375.55,9040000000,1,0
kabupaten,16,1608,1,2023,2024,225502353785.84,-117486096993.15,55323743207.31,163340000000,1,0
kabupaten,16,1608,2,2023,2024,13054671582.27,-4465141142.24,-9479530440.03,-890000000,0,0
kabupaten,16,1608,3,2023,2024,48709111869.43,-4811851315.49,-30017260553.94,13880000000,0,0
kabupaten,16,1608,4,2023,2024,370117037.16,261386875.28,-61503912.43,570000000,0,1
kabupaten,16,1608,5,2023,2024,86494742.38,-36918216.51,-29576525.87,20000000,0,0
kabupaten,16,1608,6,2023,2024,93387669319.3,16032379802.17,7619950878.53,117040000000,1,1
kabupaten,16,1608,7,2023,2024,89329456697.23,43693895886.59,20336647416.18,153360000000,1,1
kabupaten,16,1608,8,2023,2024,6969364154.8,-2211396388.92,-8377967765.88,-3620000000,0,0
kabupaten,16,1608,9,2023,2024,8882306015.32,7707958461.02,-1310264476.34,15280000000,0,1
kabupaten,16,1608,10,2023,2024,8780724980.66,6661186265.82,258088753.52,15700000000,1,1
kabupaten,16,1608,11,2023,2024,5144425665.9,2079157759.51,-673583425.41,6550000000,0,1
kabupaten,16,1608,12,2023,2024,18161381517.48,11344095625.15,-23455477142.63,6050000000,0,1
kabupaten,16,1608,13,2023,2024,230317395.4,6988304.08,122694300.52,360000000,1,1
kabupaten,16,1608,14,2023,2024,45552556649.02,39128827967.62,-12061384616.64,72620000000,0,1
kabupaten,16,1608,15,2023,2024,12131390495.02,4170318608.98,8248290896,24550000000,1,1
kabupaten,16,1608,16,2023,2024,6063180865.46,2790972720.3,-1344153585.76,7510000000,0,1
kabupaten,16,1608,17,2023,2024,5227903149.82,-942351680.92,3034448531.1,7320000000,1,0
kabupaten,16,1608,1,2024,2025,248441345393.84,20476913208.93,54591741397.24,323510000000,1,1
kabupaten,16,1608,2,2024,2025,13829589199.31,-4977636402.2,3438047202.88,12290000000,1,0
kabupaten,16,1608,3,2024,2025,52519937738.91,-7762624831.49,5152687092.58,49910000000,1,0
kabupaten,16,1608,4,2024,2025,423905694.99,121475876.29,-175381571.27,370000000,0,1
kabupaten,16,1608,5,2024,2025,93013355.52,-73005919.98,-60007435.54,-40000000,0,0
kabupaten,16,1608,6,2024,2025,105527928314.55,13522139092.05,-20660067406.6,98390000000,0,1
kabupaten,16,1608,7,2024,2025,103155553189.26,60574589295.53,-28660142484.78,135070000000,0,1
kabupaten,16,1608,8,2024,2025,7214949767.04,-426930978.4,-2058018788.64,4730000000,0,0
kabupaten,16,1608,9,2024,2025,10258731642.54,8275709783.33,3355558574.13,21890000000,1,1
kabupaten,16,1608,10,2024,2025,10173202120.22,1435816832.84,-19018953.06,11590000000,0,1
kabupaten,16,1608,11,2024,2025,5818680315.2,-952246265.76,-2416434049.44,2450000000,0,0
kabupaten,16,1608,12,2024,2025,19629025371.99,8959558536.98,-16888583908.97,11700000000,0,1
kabupaten,16,1608,13,2024,2025,264072400.16,37755789.25,-241828189.4,60000000,0,1
kabupaten,16,1608,14,2024,2025,52304510254.57,-19010779112.13,-2453731142.44,30840000000,0,0
kabupaten,16,1608,15,2024,2025,14208057335.57,-2831429227.04,-10366628108.53,1010000000,0,0
kabupaten,16,1608,16,2024,2025,6846638261.56,573992441.61,-1400630703.17,6020000000,0,1
kabupaten,16,1608,17,2024,2025,5948578277.22,-1378948549.75,-3349629727.47,1220000000,0,0
kabupaten,16,1673,1,2021,2022,13211252124.32,-3588613980.07,-8552638144.25,1070000000,0,0
kabupaten,16,1673,2,2021,2022,4046666243.47,803463155.47,-1550129398.94,3300000000,0,1
kabupaten,16,1673,3,2021,2022,15312375529.18,-2107869197.64,4875493668.47,18080000000,1,0
kabupaten,16,1673,4,2021,2022,284969117.99,-205551158.96,250582040.97,330000000,1,0
kabupaten,16,1673,5,2021,2022,509696602.58,-445137106.95,425440504.38,490000000,1,0
kabupaten,16,1673,6,2021,2022,52467319647.87,-39782908094.1,5795588446.23,18480000000,1,0
kabupaten,16,1673,7,2021,2022,40619099959.22,39048503005.68,-18867602964.9,60800000000,0,1
kabupaten,16,1673,8,2021,2022,14424466236.92,17608281835.76,-8092748072.69,23940000000,0,1
kabupaten,16,1673,9,2021,2022,8586266200.22,15464950963.8,-2001217164.03,22050000000,0,1
kabupaten,16,1673,10,2021,2022,4809377706.32,2648769285.4,-698146991.72,6760000000,0,1
kabupaten,16,1673,11,2021,2022,13120627754.07,-14625205023.17,2564577269.09,1060000000,1,0
kabupaten,16,1673,12,2021,2022,23341275660.4,-39135199.66,-1162140460.74,22140000000,0,0
kabupaten,16,1673,13,2021,2022,2688348370.42,-1199883202.5,1081534832.08,2570000000,1,0
kabupaten,16,1673,14,2021,2022,7232139049.5,-2126031837.93,-5026107211.57,80000000,0,0
kabupaten,16,1673,15,2021,2022,14621954026.41,-8358971208.34,-6172982818.07,90000000,0,0
kabupaten,16,1673,16,2021,2022,5761719354.3,-1200608460.76,-761110893.53,3800000000,0,0
kabupaten,16,1673,17,2021,2022,13131104559.88,-7994895360.88,11483790801,16620000000,1,0
kabupaten,16,1673,1,2022,2023,12876295057.78,-7414060056.76,-4362235001.03,1100000000,0,0
kabupaten,16,1673,2,2022,2023,4095177347.91,2311010895.19,-7316188243.1,-910000000,0,1
kabupaten,16,1673,3,2022,2023,15780286741.37,-3749290698.39,4229003957.03,16260000000,1,0
kabupaten,16,1673,4,2022,2023,293347899.41,-45093901.2,-48253998.21,200000000,0,0
kabupaten,16,1673,5,2022,2023,519586747.31,-508685563.05,369098815.74,380000000,1,0
kabupaten,16,1673,6,2022,2023,51860553163,-15612931639.68,-18087621523.33,18160000000,0,0
kabupaten,16,1673,7,2022,2023,42513075730.52,17631510626.09,-3074586356.62,57070000000,0,1
kabupaten,16,1673,8,2022,2023,15216469028.29,7238315072.56,805215899.15,23260000000,1,1
kabupaten,16,1673,9,2022,2023,9454241832.61,14983620443.17,-1927862275.78,22510000000,0,1
kabupaten,16,1673,10,2022,2023,5011317581.42,1243327702.6,5354715.98,6260000000,1,1
kabupaten,16,1673,11,2022,2023,12787833126.25,-1216418305.4,-5031414820.85,6540000000,0,0
kabupaten,16,1673,12,2022,2023,23778973918.85,-3741944480.01,1742970561.16,21780000000,1,0
kabupaten,16,1673,13,2022,2023,2739777868.14,-1645262156.74,1255484288.6,2350000000,1,0
kabupaten,16,1673,14,2022,2023,7023063921.04,-1868101862.99,-4804962058.06,350000000,0,0
kabupaten,16,1673,15,2022,2023,14195598002.27,-7978041430.6,6592443428.33,12810000000,1,0
kabupaten,16,1673,16,2022,2023,5785105281.42,-5806955845.69,31850564.27,10000000,1,0
kabupaten,16,1673,17,2022,2023,13589074529.14,-8379880150.41,14220805621.27,19430000000,1,0
kabupaten,16,1673,1,2023,2024,12791667220.27,-6664422922.93,4522755702.66,10650000000,1,0
kabupaten,16,1673,2,2023,2024,4004907722.7,-1369814486.01,4906763.31,2640000000,1,0
kabupaten,16,1673,3,2023,2024,16426457905.81,-1622728685.65,-10303729220.16,4500000000,0,0
kabupaten,16,1673,4,2023,2024,300217216.28,212021690.95,-262238907.23,250000000,0,1
kabupaten,16,1673,5,2023,2024,533048993.73,-227519241.26,-595529752.47,-290000000,0,0
kabupaten,16,1673,6,2023,2024,52210137430.13,8963204231.4,-21533341661.53,39640000000,0,1
kabupaten,16,1673,7,2023,2024,44920943879.09,21972271158.36,-1343215037.45,65550000000,0,1
kabupaten,16,1673,8,2023,2024,16220781454.46,-5146893853.89,-663887600.57,10410000000,0,0
kabupaten,16,1673,9,2023,2024,10483464502.14,9097424561.91,7829110935.95,27410000000,1,1
kabupaten,16,1673,10,2023,2024,5271653397.42,3999153291.6,-6560806689.01,2710000000,0,1
kabupaten,16,1673,11,2023,2024,12977731491.67,5245046363.61,-12502777855.28,5720000000,0,1
kabupaten,16,1673,12,2023,2024,24615800229.28,15375702086.43,-26471502315.71,13520000000,0,1
kabupaten,16,1673,13,2023,2024,2828176925.22,85812712.09,1546010362.69,4460000000,1,1
kabupaten,16,1673,14,2023,2024,6964335390.71,5982239010.46,-6096574401.17,6850000000,0,1
kabupaten,16,1673,15,2023,2024,14685499777.24,5048325913.53,-5123825690.76,14610000000,0,1
kabupaten,16,1673,16,2023,2024,5722733536.45,2634259729.37,-5026993265.82,3330000000,0,1
kabupaten,16,1673,17,2023,2024,14418472403.96,-2598990707.51,1830518303.54,13650000000,1,0
kabupaten,16,1673,1,2024,2025,14166896252.96,1167657116.62,-13494553369.58,1840000000,0,1
kabupaten,16,1673,2,2024,2025,4398355685.21,-1583085010.91,-2805270674.29,10000000,0,0
kabupaten,16,1673,3,2024,2025,17701938322.26,-2616406490.6,4744468168.33,19830000000,1,0
kabupaten,16,1673,4,2024,2025,332496018.01,95281204.35,-387777222.36,40000000,0,1
kabupaten,16,1673,5,2024,2025,551130859.44,-432581054.62,-188549804.82,-70000000,0,0
kabupaten,16,1673,6,2024,2025,57618566388.1,7383128631.71,-25411695019.81,39590000000,0,1
kabupaten,16,1673,7,2024,2025,51255169927.63,30097854857.53,3986975214.83,85340000000,1,1
kabupaten,16,1673,8,2024,2025,17799228153.9,-1053235592.19,1974007438.29,18720000000,1,0
kabupaten,16,1673,9,2024,2025,12609189827.74,10171822331.78,-291012159.52,22490000000,0,1
kabupaten,16,1673,10,2024,2025,5748653018.8,811348548.18,-3010001566.98,3550000000,0,1
kabupaten,16,1673,11,2024,2025,14101145432.67,-2307699057.82,-2123446374.85,9670000000,0,0
kabupaten,16,1673,12,2024,2025,26889412697.77,12273521610.21,-26322934307.98,12840000000,0,1
kabupaten,16,1673,13,2024,2025,3244776252.94,463922349.65,-2088698602.59,1620000000,0,1
kabupaten,16,1673,14,2024,2025,7769287983.57,-2823852417.22,-75435566.34,4870000000,0,0
kabupaten,16,1673,15,2024,2025,16391732952.25,-3266599413.75,-715133538.51,12410000000,0,0
kabupaten,16,1673,16,2024,2025,6261295593.2,524919852.32,-396215445.52,6390000000,0,1
kabupaten,16,1673,17,2024,2025,16056564136.67,-3722095397.99,565531261.32,12900000000,1,0
kabupaten,16,1612,1,2021,2022,48126779001.47,-13072828397.72,-7933950603.75,27120000000,0,0
kabupaten,16,1612,2,2021,2022,108134255789.61,21469991628.49,-78804247418.09,50800000000,0,1
kabupaten,16,1612,3,2021,2022,5972303151.04,-822134607.86,-1750168543.18,3400000000,0,0
kabupaten,16,1612,4,2021,2022,55527070.78,-40052247.89,44525177.1,60000000,1,0
kabupaten,16,1612,5,2021,2022,167105052.64,-145939092.62,18834039.98,40000000,1,0
kabupaten,16,1612,6,2021,2022,34957957940.68,-26506580424.64,44688622483.96,53140000000,1,0
kabupaten,16,1612,7,2021,2022,28251754542.77,27159359101.67,-4761113644.43,50650000000,0,1
kabupaten,16,1612,8,2021,2022,279730715.08,341473797.95,-351204513.03,270000000,0,1
kabupaten,16,1612,9,2021,2022,3765364007.52,6781896621.79,-1467260629.31,9080000000,0,1
kabupaten,16,1612,10,2021,2022,2639631223.41,1453779373.61,-463410597.02,3630000000,0,1
kabupaten,16,1612,11,2021,2022,2427475905.79,-2705841021.97,678365116.18,400000000,1,0
kabupaten,16,1612,12,2021,2022,7291856842.6,-12225907.34,-609630935.26,6670000000,0,0
kabupaten,16,1612,13,2021,2022,70718439.21,-31563568.27,-29154870.94,10000000,0,0
kabupaten,16,1612,14,2021,2022,4494549691.78,-1321262724.14,-43286967.64,3130000000,0,0
kabupaten,16,1612,15,2021,2022,5288691572.05,-3023400326.71,2564708754.66,4830000000,1,0
kabupaten,16,1612,16,2021,2022,391832537.23,-81648797.95,-10183739.28,300000000,0,0
kabupaten,16,1612,17,2021,2022,168676573.51,-102699018.88,-5977554.64,60000000,0,0
kabupaten,16,1612,1,2022,2023,48087194221.21,-27688193251.01,15470999029.81,35870000000,1,0
kabupaten,16,1612,2,2022,2023,107530053401.18,60681895766.34,-94491949167.52,73720000000,0,1
kabupaten,16,1612,3,2022,2023,5969146771.17,-1418229391.73,5299082620.56,9850000000,1,0
kabupaten,16,1612,4,2022,2023,56941013.4,-8753062.28,11812048.87,60000000,1,0
kabupaten,16,1612,5,2022,2023,164213815.44,-160768529.22,256554713.78,260000000,1,0
kabupaten,16,1612,6,2022,2023,36629340479.46,-11027483396,10808142916.54,36410000000,1,0
kabupaten,16,1612,7,2022,2023,29994187212.23,12439533519.18,4376279268.59,46810000000,1,1
kabupaten,16,1612,8,2022,2023,285213468.92,135673062.34,-220886531.26,200000000,0,1
kabupaten,16,1612,9,2022,2023,4116021826.03,6523305609.16,-809327435.19,9830000000,0,1
kabupaten,16,1612,10,2022,2023,2746387092.91,681389494.72,232223412.37,3660000000,1,1
kabupaten,16,1612,11,2022,2023,2376270505.79,-226038212.52,-780232293.27,1370000000,0,0
kabupaten,16,1612,12,2022,2023,7416058593.91,-1167017534.63,2210958940.73,8460000000,1,0
kabupaten,16,1612,13,2022,2023,69142659.13,-41520811.53,22378152.39,50000000,1,0
kabupaten,16,1612,14,2022,2023,4521218144.62,-1202622692.02,451404547.39,3770000000,1,0
kabupaten,16,1612,15,2022,2023,5378383757.11,-3022695376.2,1564311619.09,3920000000,1,0
kabupaten,16,1612,16,2022,2023,395536682.39,-397030639.59,1493957.2,-0,1,0
kabupaten,16,1612,17,2022,2023,166755824.97,-102832155.69,46076330.72,110000000,1,0
kabupaten,16,1612,1,2023,2024,49368382841.86,-25720789683.92,24792406842.05,48440000000,1,0
kabupaten,16,1612,2,2023,2024,110068582688.16,-37647194257.75,21208611569.59,93630000000,1,0
kabupaten,16,1612,3,2023,2024,6399605183.2,-632200987.4,-5337404195.8,430000000,0,0
kabupaten,16,1612,4,2023,2024,59339416.28,41907134.9,-11246551.18,90000000,0,1
kabupaten,16,1612,5,2023,2024,175503866.8,-74909636.98,59405770.18,160000000,1,0
kabupaten,16,1612,6,2023,2024,38062212534.31,6534351396.81,-13466563931.11,31130000000,0,1
kabupaten,16,1612,7,2023,2024,32022163983.66,15663065139.96,3134770876.38,50820000000,1,1
kabupaten,16,1612,8,2023,2024,292171193.73,-92706638.43,-129464555.31,70000000,0,0
kabupaten,16,1612,9,2023,2024,4565614918.93,3961985782.01,-767600700.94,7760000000,0,1
kabupaten,16,1612,10,2023,2024,2900591128.14,2200430810.45,-681021938.59,4420000000,0,1
kabupaten,16,1612,11,2023,2024,2419338404.56,977793546.53,682868048.91,4080000000,1,1
kabupaten,16,1612,12,2023,2024,7760891622.85,4847665174.66,-7578556797.52,5030000000,0,1
kabupaten,16,1612,13,2023,2024,70905573.69,2151421.12,36943005.18,110000000,1,1
kabupaten,16,1612,14,2023,2024,4661664313.08,4004285914.29,-1865950227.37,6800000000,0,1
kabupaten,16,1612,15,2023,2024,5517057085.1,1896558011.07,1326384903.83,8740000000,1,1
kabupaten,16,1612,16,2023,2024,391237846.34,180092624.73,-251330471.07,320000000,0,1
kabupaten,16,1612,17,2023,2024,170475102.71,-30728859.16,-39746243.55,100000000,0,0
kabupaten,16,1612,1,2024,2025,55068182944.48,4538803317.7,-20536986262.18,39070000000,0,1
kabupaten,16,1612,2,2024,2025,122008398146.21,-43914062466.63,8045664320.42,86140000000,1,0
kabupaten,16,1612,3,2024,2025,6825790440.49,-1008874965.38,4273084524.88,10090000000,1,0
kabupaten,16,1612,4,2024,2025,67889058.34,19454522.43,12656419.23,100000000,1,1
kabupaten,16,1612,5,2024,2025,195114222.79,-153144602.27,-1969620.52,40000000,0,0
kabupaten,16,1612,6,2024,2025,42124358860.67,5397731660,6177909479.33,53700000000,1,1
kabupaten,16,1612,7,2024,2025,36756312216.18,21583893912.41,-1330206128.6,57010000000,0,1
kabupaten,16,1612,8,2024,2025,314320994.52,-18599349.14,-155721645.38,140000000,0,0
kabupaten,16,1612,9,2024,2025,5268084015.28,4249758736.63,-587842751.91,8930000000,0,1
kabupaten,16,1612,10,2024,2025,3319614584.97,468520967.47,-108135552.44,3680000000,0,1
kabupaten,16,1612,11,2024,2025,2789866106.11,-456570809.46,-1363295296.65,970000000,0,0
kabupaten,16,1612,12,2024,2025,8518740422.88,3888331286.64,-3497071709.51,8910000000,0,1
kabupaten,16,1612,13,2024,2025,81253046.2,11617165.92,-2870212.12,90000000,0,1
kabupaten,16,1612,14,2024,2025,5318867169.15,-1933213950.14,-235653219.01,3150000000,0,0
kabupaten,16,1612,15,2024,2025,6331857449.11,-1261833748.23,9976299.13,5080000000,1,0
kabupaten,16,1612,16,2024,2025,432993206.74,36300271.53,-99293478.26,370000000,0,1
kabupaten,16,1612,17,2024,2025,186561270.56,-43247038.45,6685767.89,150000000,1,0
kabupaten,16,1672,1,2021,2022,30376974600.99,-8251393183.59,1794418582.6,23920000000,1,0
kabupaten,16,1672,2,2021,2022,2724493350.46,540946520.59,-1915439871.05,1350000000,0,1
kabupaten,16,1672,3,2021,2022,1619714177.97,-222966424.66,-86747753.31,1310000000,0,0
kabupaten,16,1672,4,2021,2022,87481328.5,-63101182.99,65619854.49,90000000,1,0
kabupaten,16,1672,5,2021,2022,73337640.66,-64048504.6,40710863.94,50000000,1,0
kabupaten,16,1672,6,2021,2022,20730979493.25,-15719092521.13,10988113027.88,16000000000,1,0
kabupaten,16,1672,7,2021,2022,23221840074.18,22323933638.23,-14975773712.41,30570000000,0,1
kabupaten,16,1672,8,2021,2022,3517587550.15,4294001036,-4111588586.14,3700000000,0,1
kabupaten,16,1672,9,2021,2022,3687311804.24,6641314735.78,-2738626540.03,7590000000,0,1
kabupaten,16,1672,10,2021,2022,2471478490.19,1361169097.98,17352411.84,3850000000,1,1
kabupaten,16,1672,11,2021,2022,4552172123.72,-5074181804.26,532009680.54,10000000,1,0
kabupaten,16,1672,12,2021,2022,7256235702.86,-12166183.08,-904069519.78,6340000000,0,0
kabupaten,16,1672,13,2021,2022,111577981.86,-49800296.6,-1777685.26,60000000,0,0
kabupaten,16,1672,14,2021,2022,3700931651.8,-1087962837.53,-1102968814.26,1510000000,0,0
kabupaten,16,1672,15,2021,2022,12545451115.2,-7171891286.09,7696440170.89,13070000000,1,0
kabupaten,16,1672,16,2021,2022,2651155709.8,-552439259.93,-128716449.87,1970000000,0,0
kabupaten,16,1672,17,2021,2022,2854929582.77,-1738228735.66,863299152.89,1980000000,1,0
kabupaten,16,1672,1,2022,2023,30697815449.29,-17675538369.61,5487722920.32,18510000000,1,0
kabupaten,16,1672,2,2022,2023,2712832567.16,1530919197.61,-2823751764.76,1420000000,0,1
kabupaten,16,1672,3,2022,2023,1638579341.07,-389315503.75,180736162.68,1430000000,1,0
kabupaten,16,1672,4,2022,2023,89478735.35,-13754812.15,-35723923.2,40000000,0,0
kabupaten,16,1672,5,2022,2023,73718276.28,-72171630.77,-11546645.52,-10000000,0,0
kabupaten,16,1672,6,2022,2023,20933448454.39,-6302140639.99,-941307814.4,13690000000,0,0
kabupaten,16,1672,7,2022,2023,24091641090.66,9991561856.93,-1353202947.6,32730000000,0,1
kabupaten,16,1672,8,2022,2023,3602027499.68,1713446785.47,-915474285.15,4400000000,0,1
kabupaten,16,1672,9,2022,2023,3964518058.22,6283193816.73,-2667711874.95,7580000000,0,1
kabupaten,16,1672,10,2022,2023,2594374923.2,643674674.48,21950402.32,3260000000,1,1
kabupaten,16,1672,11,2022,2023,4418520959.73,-420303402.86,21782443.13,4020000000,1,0
kabupaten,16,1672,12,2022,2023,7364710001.46,-1158937136.27,-255772865.2,5950000000,0,0
kabupaten,16,1672,13,2022,2023,111340017.28,-66860718.56,-4479298.72,40000000,0,0
kabupaten,16,1672,14,2022,2023,3668628149.29,-975837776.41,-442790372.88,2250000000,0,0
kabupaten,16,1672,15,2022,2023,12840198522.5,-7216295909,4006097386.5,9630000000,1,0
kabupaten,16,1672,16,2022,2023,2673177218.53,-2683273911.3,10096692.76,-0,1,0
kabupaten,16,1672,17,2022,2023,2871453961.64,-1770719558.89,229265597.25,1330000000,1,0
kabupaten,16,1672,1,2023,2024,31295004695.99,-16304610108.89,4319605412.9,19310000000,1,0
kabupaten,16,1672,2,2023,2024,2754756969.48,-942220461.37,437463491.89,2250000000,1,0
kabupaten,16,1672,3,2023,2024,1692681993.29,-167215819.87,-535466173.43,990000000,0,0
kabupaten,16,1672,4,2023,2024,90517753.65,63926137.98,-14443891.63,140000000,0,1
kabupaten,16,1672,5,2023,2024,72414202.92,-30908274.28,48494071.36,90000000,1,0
kabupaten,16,1672,6,2023,2024,21394373952.09,3672890985.82,-5497264937.91,19570000000,0,1
kabupaten,16,1672,7,2023,2024,25475718888.98,12460989352.53,-2576708241.51,35360000000,0,1
kabupaten,16,1672,8,2023,2024,3784144979.07,-1200718509.75,2846573530.68,5430000000,1,0
kabupaten,16,1672,9,2023,2024,4302610556.93,3733753756.02,413635687.05,8450000000,1,1
kabupaten,16,1672,10,2023,2024,2730116025.43,2071105906.71,-201221932.14,4600000000,0,1
kabupaten,16,1672,11,2023,2024,4572655188.66,1848072483.6,-330727672.26,6090000000,0,1
kabupaten,16,1672,12,2023,2024,7583879126.82,4737098328.2,-2930977455.02,9390000000,0,1
kabupaten,16,1672,13,2023,2024,112141439.25,3402602.2,4455958.55,120000000,1,1
kabupaten,16,1672,14,2023,2024,3741903360.7,3214227776.51,-1836131137.2,5120000000,0,1
kabupaten,16,1672,15,2023,2024,13184916572.25,4532481495.97,-8837398068.22,8880000000,0,1
kabupaten,16,1672,16,2023,2024,2644124159.46,1217129846.84,-3541254006.3,320000000,0,1
kabupaten,16,1672,17,2023,2024,2907128521.46,-524022226.57,406893705.11,2790000000,1,0
kabupaten,16,1672,1,2024,2025,34298942128.08,2826970929.5,-12485913057.58,24640000000,0,1
kabupaten,16,1672,2,2024,2025,3048592911.12,-1097269545.12,-2031323366.01,-80000000,0,0
kabupaten,16,1672,3,2024,2025,1852248717.7,-273768639.29,821519921.58,2400000000,1,0
kabupaten,16,1672,4,2024,2025,103704545.81,29717931.9,-3422477.71,130000000,0,1
kabupaten,16,1672,5,2024,2025,81787605.72,-64194860.68,-7592745.04,10000000,0,0
kabupaten,16,1672,6,2024,2025,23788432954.22,3048202540.56,-9186635494.79,17650000000,0,1
kabupaten,16,1672,7,2024,2025,28970987447.18,17012226795.77,8666785757.05,54650000000,1,1
kabupaten,16,1672,8,2024,2025,4312826162.89,-255203314.35,2642377151.46,6700000000,1,0
kabupaten,16,1672,9,2024,2025,5025393995.7,4053980911.53,1080625092.77,10160000000,1,1
kabupaten,16,1672,10,2024,2025,3148020980.82,444302733.89,-242323714.71,3350000000,0,1
kabupaten,16,1672,11,2024,2025,5186296409.56,-848754549.41,-1627541860.15,2710000000,0,0
kabupaten,16,1672,12,2024,2025,8563643422.09,3908827008.78,-10652470430.87,1820000000,0,1
kabupaten,16,1672,13,2024,2025,125621485.9,17960749.95,6417764.15,150000000,1,1
kabupaten,16,1672,14,2024,2025,4251351818.72,-1545211110.1,273859291.38,2980000000,1,0
kabupaten,16,1672,15,2024,2025,14490304759.22,-2887676438.45,-5132628320.78,6470000000,0,0
kabupaten,16,1672,16,2024,2025,2827819831.64,237072143.67,-634891975.31,2430000000,0,1
kabupaten,16,1672,17,2024,2025,3239430657.8,-750937114.62,321506456.82,2810000000,1,0
kabupaten,16,1671,1,2021,2022,26387406949.17,-7167694370.26,-29129712578.92,-9910000000,0,0
kabupaten,16,1671,2,2021,2022,249871818.53,49611899.7,-259483718.23,40000000,0,1
kabupaten,16,1671,3,2021,2022,1939010550187,-266920087275.6,189989537088.61,1862080000000,1,0
kabupaten,16,1671,4,2021,2022,9728238033.33,-7017078259.26,3048840225.92,5760000000,1,0
kabupaten,16,1671,5,2021,2022,15603630730.65,-13627234331.77,1003603601.12,2980000000,1,0
kabupaten,16,1671,6,2021,2022,857754949779.14,-650385545961.59,351410596182.45,558780000000,1,0
kabupaten,16,1671,7,2021,2022,824763488288.68,792872800819.08,-474436289107.77,1143200000000,0,1
kabupaten,16,1671,8,2021,2022,212898123150.67,259889696656.3,-13447819806.97,459340000000,0,1
kabupaten,16,1671,9,2021,2022,141138813287.33,254208846508.93,-3837659796.26,391510000000,0,1
kabupaten,16,1671,10,2021,2022,575828820039.36,317138263057.52,-191687083096.88,701280000000,0,1
kabupaten,16,1671,11,2021,2022,263083594493.48,-293252089748.84,-7041504744.64,-37210000000,0,0
kabupaten,16,1671,12,2021,2022,293266224346.73,-491705441.04,-44154518905.69,248620000000,0,0
kabupaten,16,1671,13,2021,2022,9352120704.81,-4174106549.94,701985845.13,5880000000,1,0
kabupaten,16,1671,14,2021,2022,152173509004.96,-44734444791.46,36420935786.5,143860000000,1,0
kabupaten,16,1671,15,2021,2022,182132459054.19,-104120145542,2857686487.8,80870000000,1,0
kabupaten,16,1671,16,2021,2022,48308027741.96,-10066270719.45,8538242977.49,46780000000,1,0
kabupaten,16,1671,17,2021,2022,62974508193.05,-38342136498.13,3757628305.08,28390000000,1,0
kabupaten,16,1671,1,2022,2023,25105902891.91,-14455763166.69,-2610139725.22,8040000000,0,0
kabupaten,16,1671,2,2022,2023,244541316.49,138000774.75,-412542091.24,-30000000,0,1
kabupaten,16,1671,3,2022,2023,1976533406852.8,-469611131840.35,-263932275012.44,1242990000000,0,0
kabupaten,16,1671,4,2022,2023,9734371282.48,-1496382887.9,5132011605.42,13370000000,1,0
kabupaten,16,1671,5,2022,2023,15295271323.62,-14974369045.37,5809097721.74,6130000000,1,0
kabupaten,16,1671,6,2022,2023,860884064021.68,-259174328492.25,-75469735529.44,526240000000,0,0
kabupaten,16,1671,7,2022,2023,858576936175.03,356078879576.81,230814184248.16,1445470000000,1,1
kabupaten,16,1671,8,2022,2023,229976618706.48,109397470755.14,108875910538.39,448250000000,1,1
kabupaten,16,1671,9,2022,2023,156883676768.71,248638178296.1,54818144935.19,460340000000,1,1
kabupaten,16,1671,10,2022,2023,594511461310.32,147500643763.42,66747894926.26,808760000000,1,1
kabupaten,16,1671,11,2022,2023,253438349836.36,-24107841022.54,15409491186.18,244740000000,1,0
kabupaten,16,1671,12,2022,2023,297263102482.79,-46778386201.26,50855283718.47,301340000000,1,0
kabupaten,16,1671,13,2022,2023,9375439537.28,-5630038862.97,304599325.69,4050000000,1,0
kabupaten,16,1671,14,2022,2023,155002589718.78,-41229957448.29,10127367729.52,123900000000,1,0
kabupaten,16,1671,15,2022,2023,180876179487.83,-101653882670.65,33597703182.82,112820000000,1,0
kabupaten,16,1671,16,2022,2023,49262619426.47,-49448686227.28,306066800.82,120000000,1,0
kabupaten,16,1671,17,2022,2023,62561904869.54,-38579615091.78,1817710222.25,25800000000,1,0
kabupaten,16,1671,1,2023,2024,25237355471.03,-13148591768.3,-7578763702.73,4510000000,0,0
kabupaten,16,1671,2,2023,2024,240374923.59,-82216389.29,-58158534.3,100000000,0,0
kabupaten,16,1671,3,2023,2024,2017558760051,-199309582972.06,-749969177078.92,1068280000000,0,0
kabupaten,16,1671,4,2023,2024,10300920365.61,7274794501.64,-985714867.25,16590000000,0,1
kabupaten,16,1671,5,2023,2024,15437300008.96,-6589043083.11,-1578256925.85,7270000000,0,0
kabupaten,16,1671,6,2023,2024,877991032088.16,150729596229.78,-212210628317.94,816510000000,0,1
kabupaten,16,1671,7,2023,2024,921934887104.22,450947855956.23,1487256939.56,1374370000000,1,1
kabupaten,16,1671,8,2023,2024,250018584486.1,-79331511830.27,-23337072655.83,147350000000,0,0
kabupaten,16,1671,9,2023,2024,178328020717.22,154750914205.64,-37608934922.85,295470000000,0,1
kabupaten,16,1671,10,2023,2024,628720727698.92,476956730293.31,-90417457992.22,1015260000000,0,1
kabupaten,16,1671,11,2023,2024,262991287213.68,106289877822.4,-41841165036.08,327440000000,0,1
kabupaten,16,1671,12,2023,2024,309186017037.22,193126042743.78,-55102059781,447210000000,0,1
kabupaten,16,1671,13,2023,2024,9477208807.38,287558032,-774766839.38,8990000000,0,1
kabupaten,16,1671,14,2023,2024,159548604092.86,137049385177.77,-55727989270.63,240870000000,0,1
kabupaten,16,1671,15,2023,2024,184583803247.4,63453012242.41,-66666815489.81,181370000000,0,1
kabupaten,16,1671,16,2023,2024,48733249937.07,22432642892.2,-9635892829.28,61530000000,0,1
kabupaten,16,1671,17,2023,2024,63179380543.54,-11388350883.38,19388970339.83,71180000000,1,0
kabupaten,16,1671,1,2024,2025,27068490135.12,2231026089.14,-4149516224.25,25150000000,0,1
kabupaten,16,1671,2,2024,2025,260865043.07,-93892256.36,-46972786.71,120000000,0,0
kabupaten,16,1671,3,2024,2025,2201778474640.8,-325430322207.43,-403498152433.38,1472850000000,0,0
kabupaten,16,1671,4,2024,2025,11836751329.3,3391980237.8,4141268432.89,19370000000,1,1
kabupaten,16,1671,5,2024,2025,16798532742.78,-13185120893.72,-1433411849.06,2180000000,0,0
kabupaten,16,1671,6,2024,2025,976955088523.25,125185084220.75,-5270172744,1096870000000,0,1
kabupaten,16,1671,7,2024,2025,1053488508772,618625287475.71,336203752.31,1672450000000,1,1
kabupaten,16,1671,8,2024,2025,273647430180.48,-16192568053.32,-6324862127.16,251130000000,0,0
kabupaten,16,1671,9,2024,2025,205357986764.18,165662107107.2,18389906128.62,389410000000,1,1
kabupaten,16,1671,10,2024,2025,722604187696.75,101986301256.66,81419511046.59,906010000000,1,1
kabupaten,16,1671,11,2024,2025,297064344272.13,-48615561811.13,32301217539,280750000000,1,0
kabupaten,16,1671,12,2024,2025,352571935137.52,160929482309.79,-9151417447.3,504350000000,0,1
kabupaten,16,1671,13,2024,2025,10554877613.56,1509085139.03,766037247.41,12830000000,1,1
kabupaten,16,1671,14,2024,2025,182476701306.04,-66323616161.49,-50253085144.55,65900000000,0,0
kabupaten,16,1671,15,2024,2025,205908583064.1,-41034151708.2,-5924431355.9,158950000000,0,0
kabupaten,16,1671,16,2024,2025,55092772682.14,4618738992.58,-1781511674.72,57930000000,0,1
kabupaten,16,1671,17,2024,2025,70964913786.31,-16450479490.81,4745565704.49,59260000000,1,0
kabupaten,16,1674,1,2021,2022,21707417794.59,-5896454191.91,-6740963602.68,9070000000,0,0
kabupaten,16,1674,2,2021,2022,32740018151.06,6500510966.55,-42470529117.61,-3230000000,0,1
kabupaten,16,1674,3,2021,2022,25268484088.84,-3478406023.97,3629921935.13,25420000000,1,0
kabupaten,16,1674,4,2021,2022,552651506.39,-398633221.88,305981715.49,460000000,1,0
kabupaten,16,1674,5,2021,2022,123626308.54,-107967479.18,84341170.64,100000000,1,0
kabupaten,16,1674,6,2021,2022,48496610246.51,-36772150764.72,23965540518.21,35690000000,1,0
kabupaten,16,1674,7,2021,2022,63833082429.05,61364882865.33,-12867965294.37,112330000000,0,1
kabupaten,16,1674,8,2021,2022,7695737706.52,9394366227.82,-2800103934.33,14290000000,0,1
kabupaten,16,1674,9,2021,2022,9554323056.91,17208543751.37,-3312866808.29,23450000000,0,1
kabupaten,16,1674,10,2021,2022,4669512348.78,2571738308.47,-1281250657.25,5960000000,0,1
kabupaten,16,1674,11,2021,2022,14013251608.94,-15620188428.74,4296936819.8,2690000000,1,0
kabupaten,16,1674,12,2021,2022,26206682048.98,-43939489.4,-4642742559.58,21520000000,0,0
kabupaten,16,1674,13,2021,2022,2026738083.62,-904588486.07,897850402.44,2020000000,1,0
kabupaten,16,1674,14,2021,2022,12200240363.81,-3586504527.41,-1083735836.4,7530000000,0,0
kabupaten,16,1674,15,2021,2022,10223267107.78,-5844362200.48,7091095092.7,11470000000,1,0
kabupaten,16,1674,16,2021,2022,9337977016.97,-1945817476.28,2647840459.31,10040000000,1,0
kabupaten,16,1674,17,2021,2022,1660573720.62,-1011043136.15,940469415.53,1590000000,1,0
kabupaten,16,1674,1,2022,2023,21528787085.6,-12396090621.21,-2292696464.39,6840000000,0,0
kabupaten,16,1674,2,2022,2023,31610905271.37,17838823641.24,-32219728912.6,17230000000,0,1
kabupaten,16,1674,3,2022,2023,25816140353.74,-6133742465.08,6677602111.34,26360000000,1,0
kabupaten,16,1674,4,2022,2023,559750497.83,-86045728.29,366295230.46,840000000,1,0
kabupaten,16,1674,5,2022,2023,125066868.73,-122442904.61,-22623964.12,-20000000,0,0
kabupaten,16,1674,6,2022,2023,48881826399.33,-14716168020.74,2094341621.41,36260000000,1,0
kabupaten,16,1674,7,2022,2023,67662701186.3,28061851899.84,7375446913.86,103100000000,1,1
kabupaten,16,1674,8,2022,2023,8195438714.87,3898484429.32,-1983923144.19,10110000000,0,1
kabupaten,16,1674,9,2022,2023,10464944820.52,16585440051.74,-8040384872.27,19010000000,0,1
kabupaten,16,1674,10,2022,2023,4834902120.25,1199558329.28,1145539550.47,7180000000,1,1
kabupaten,16,1674,11,2022,2023,13737019483.61,-1306707852.42,-5870311631.19,6560000000,0,0
kabupaten,16,1674,12,2022,2023,26528411423.19,-4174605810.46,386194387.27,22740000000,1,0
kabupaten,16,1674,13,2022,2023,2069704156.84,-1242876645.04,1653172488.2,2480000000,1,0
kabupaten,16,1674,14,2022,2023,12223507011.27,-3251395185.45,-1052111825.82,7920000000,0,0
kabupaten,16,1674,15,2022,2023,10505108571.05,-5903956381.36,5858847810.31,10460000000,1,0
kabupaten,16,1674,16,2022,2023,9573207878.47,-9609366251.38,86158372.91,50000000,1,0
kabupaten,16,1674,17,2022,2023,1692469943.04,-1043683677.68,1731213734.64,2380000000,1,0
kabupaten,16,1674,1,2023,2024,21638771886.95,-11273739763.87,6194967876.93,16560000000,1,0
kabupaten,16,1674,2,2023,2024,32133802546.5,-10990852041.18,-2812950505.32,18330000000,0,0
kabupaten,16,1674,3,2023,2024,26861143396.27,-2653545162.83,3862401766.57,28070000000,1,0
kabupaten,16,1674,4,2023,2024,595908544.88,420847075.01,-226755619.88,790000000,0,1
kabupaten,16,1674,5,2023,2024,122701843.84,-52372353.65,-20329490.19,50000000,0,0
kabupaten,16,1674,6,2023,2024,50173990849.37,8613647640.54,-16377638489.91,42410000000,0,1
kabupaten,16,1674,7,2023,2024,72111974199.78,35272274223.51,-12894248423.29,94490000000,0,1
kabupaten,16,1674,8,2023,2024,8614775765.64,-2733489540.27,-5021286225.36,860000000,0,0
kabupaten,16,1674,9,2023,2024,11307176060.38,9812231557.27,-5219407617.65,15900000000,0,1
kabupaten,16,1674,10,2023,2024,5143419913.08,3901873496.75,-1935293409.83,7110000000,0,1
kabupaten,16,1674,11,2023,2024,13917607500.42,5624904218.21,-6402511718.63,13140000000,0,1
kabupaten,16,1674,12,2023,2024,27383631985.4,17104565503.87,-16088197489.27,28400000000,0,1
kabupaten,16,1674,13,2023,2024,2171923211.24,65900622.96,222176165.8,2460000000,1,1
kabupaten,16,1674,14,2023,2024,12488935621.95,10727771378.79,-10736707000.73,12480000000,0,1
kabupaten,16,1674,15,2023,2024,10916943966.85,3752837285.78,-1919781252.64,12750000000,0,1
kabupaten,16,1674,16,2023,2024,9471677166.88,4359954481.78,-3841631648.65,9990000000,0,1
kabupaten,16,1674,17,2023,2024,1793760151.54,-323332863.2,539572711.66,2010000000,1,0
kabupaten,16,1674,1,2024,2025,23887326464.4,1968829745.43,-9116156209.83,16740000000,0,1
kabupaten,16,1674,2,2024,2025,35138200565.83,-12647171490.31,-15071029075.52,7420000000,0,0
kabupaten,16,1674,3,2024,2025,30054005023.53,-4442083820.46,10238078796.92,35850000000,1,0
kabupaten,16,1674,4,2024,2025,675683226.31,193626113.02,-119309339.33,750000000,0,1
kabupaten,16,1674,5,2024,2025,133105319.11,-104473988.94,-38631330.16,-10000000,0,0
kabupaten,16,1674,6,2024,2025,55602207899.45,7124756460.68,-9386964360.13,53340000000,0,1
kabupaten,16,1674,7,2024,2025,81706352670.43,47979275984.94,-15145628655.37,114540000000,0,1
kabupaten,16,1674,8,2024,2025,9203511160.94,-544600330.08,871089169.15,9530000000,1,0
kabupaten,16,1674,9,2024,2025,12869520311.29,10381830703.65,-911351014.94,22340000000,0,1
kabupaten,16,1674,10,2024,2025,5847546528.98,825306097.13,597147373.89,7270000000,1,1
kabupaten,16,1674,11,2024,2025,15496880325,-2536115686.2,-1510764638.8,11450000000,0,0
kabupaten,16,1674,12,2024,2025,30627052823.06,13979546481.96,-12096599305.03,32510000000,0,1
kabupaten,16,1674,13,2024,2025,2440264183.64,348897121.28,180838695.08,2970000000,1,1
kabupaten,16,1674,14,2024,2025,13942915816.39,-5067740649.4,-5365175166.98,3510000000,0,0
kabupaten,16,1674,15,2024,2025,12286315880.99,-2448458156.98,2652142275.99,12490000000,1,0
kabupaten,16,1674,16,2024,2025,10602453410.35,888863685.73,-1317096.08,11490000000,0,1
kabupaten,16,1674,17,2024,2025,2014220250.59,-466919314.83,612699064.24,2160000000,1,0
kabupaten,17,1701,1,2021,2022,52496452224.58,2289875896.85,-5776328121.42,49010000000,0,1
kabupaten,17,1701,2,2021,2022,3675161060.39,-6076400414.28,3561239353.89,1160000000,1,0
kabupaten,17,1701,3,2021,2022,4964570287.95,-1417696154.25,-326874133.7,3220000000,0,0
kabupaten,17,1701,4,2021,2022,167209485.39,143833043.78,-41042529.17,270000000,0,1
kabupaten,17,1701,5,2021,2022,248228514.4,53501915.27,-61730429.66,240000000,0,1
kabupaten,17,1701,6,2021,2022,8066133861.08,-7597630513.25,2401496652.17,2870000000,1,0
kabupaten,17,1701,7,2021,2022,27016398554.85,-1231936814.1,1555538259.26,27340000000,1,0
kabupaten,17,1701,8,2021,2022,10359661905.57,21979312711.96,-17328974617.52,15010000000,0,1
kabupaten,17,1701,9,2021,2022,3089496909.23,2926975365.4,123527725.37,6140000000,1,1
kabupaten,17,1701,10,2021,2022,6056172418.11,5528428629.72,-164601047.83,11420000000,0,1
kabupaten,17,1701,11,2021,2022,10305361918.04,-20822251486.21,3846889568.16,-6670000000,1,0
kabupaten,17,1701,12,2021,2022,7018057911.4,-730762736.3,-1567295175.1,4720000000,0,0
kabupaten,17,1701,13,2021,2022,393890385.69,642847580.11,113262034.19,1150000000,1,1
kabupaten,17,1701,14,2021,2022,15605213081.35,-14895104070.4,-1210109010.95,-500000000,0,0
kabupaten,17,1701,15,2021,2022,8297555236.48,1145853354.77,216591408.75,9660000000,1,1
kabupaten,17,1701,16,2021,2022,2515468469.69,-542156367.78,206687898.09,2180000000,1,0
kabupaten,17,1701,17,2021,2022,1008859292.02,894533729.33,-33393021.35,1870000000,0,1
kabupaten,17,1701,1,2022,2023,53940039330.03,-27823241939.21,-8656797390.82,17460000000,0,0
kabupaten,17,1701,2,2022,2023,3679548754.45,3107741944.25,-2127290698.7,4660000000,0,1
kabupaten,17,1701,3,2022,2023,5040862604.14,-2868633276.3,-3002229327.84,-830000000,0,0
kabupaten,17,1701,4,2022,2023,176655799.76,-12535590.7,35879790.94,200000000,1,0
kabupaten,17,1701,5,2022,2023,255405975.55,18643241.45,105950783,380000000,1,1
kabupaten,17,1701,6,2022,2023,8089558598.98,1480497945.81,809943455.22,10380000000,1,1
kabupaten,17,1701,7,2022,2023,27849467574.16,-7891855074.64,-1277612499.52,18680000000,0,0
kabupaten,17,1701,8,2022,2023,10871781025.99,7577985934.5,-4839766960.49,13610000000,0,1
kabupaten,17,1701,9,2022,2023,3313041179.53,4378292688.81,-551333868.34,7140000000,0,1
kabupaten,17,1701,10,2022,2023,6468156330.85,8136070692.92,115772976.23,14720000000,1,1
kabupaten,17,1701,11,2022,2023,9895278846.13,-21735109252.6,-3790169593.52,-15630000000,0,0
kabupaten,17,1701,12,2022,2023,7133063220.53,1688997084.48,367939694.98,9190000000,1,1
kabupaten,17,1701,13,2022,2023,438021248.07,369073266.44,-7094514.51,800000000,0,1
kabupaten,17,1701,14,2022,2023,15392892469.88,6880318350.77,2326789179.35,24600000000,1,1
kabupaten,17,1701,15,2022,2023,8607181376.09,1264948411.85,667870212.06,10540000000,1,1
kabupaten,17,1701,16,2022,2023,2577471969.94,2634718942.89,237809087.16,5450000000,1,1
kabupaten,17,1701,17,2022,2023,1076110510.32,1434511020,-630621530.32,1880000000,0,1
kabupaten,17,1701,1,2023,2024,59583747612.21,-26545049415.72,-9148698196.5,23890000000,0,0
kabupaten,17,1701,2,2023,2024,4225435854.55,-1650535381.72,2525099527.17,5100000000,1,0
kabupaten,17,1701,3,2023,2024,5454105402.16,-3706591211.59,1972485809.44,3720000000,1,0
kabupaten,17,1701,4,2023,2024,201763402.5,-26072100.33,44308697.84,220000000,1,0
kabupaten,17,1701,5,2023,2024,295919656.99,92522132.99,-128441789.98,260000000,0,1
kabupaten,17,1701,6,2023,2024,9295958880.01,1990147943.16,1173893176.83,12460000000,1,1
kabupaten,17,1701,7,2023,2024,31211638806.19,-8842691393.69,-5388947412.5,16980000000,0,0
kabupaten,17,1701,8,2023,2024,12477327104.64,-1791901341.86,-795425762.78,9890000000,0,0
kabupaten,17,1701,9,2023,2024,3941111795.4,4041514445.4,267373759.19,8250000000,1,1
kabupaten,17,1701,10,2023,2024,7730553171,7654424081.24,25022747.76,15410000000,1,1
kabupaten,17,1701,11,2023,2024,10057093922.53,1789035634.51,2573870442.96,14420000000,1,1
kabupaten,17,1701,12,2023,2024,8198551500,-654179515.59,615628015.58,8160000000,1,0
kabupaten,17,1701,13,2023,2024,514380720.38,396158031.36,-538751.74,910000000,0,1
kabupaten,17,1701,14,2023,2024,17913343374.16,14567432048.71,649224577.13,33130000000,1,1
kabupaten,17,1701,15,2023,2024,9867389941.79,3785931753.33,336678304.88,13990000000,1,1
kabupaten,17,1701,16,2023,2024,3061237830.96,2926126396.14,-567364227.1,5420000000,0,1
kabupaten,17,1701,17,2023,2024,1259745749.83,1284953938.58,-84699688.41,2460000000,0,1
kabupaten,17,1701,1,2024,2025,62768754673.84,-9016931355.55,-7311823318.3,46440000000,0,0
kabupaten,17,1701,2,2024,2025,4614679444.27,-8616095266.97,9001415822.7,5000000000,1,0
kabupaten,17,1701,3,2024,2025,5819197124.58,5600505646.63,1190297228.79,12610000000,1,1
kabupaten,17,1701,4,2024,2025,219221258.42,-58741232.65,29519974.23,190000000,1,0
kabupaten,17,1701,5,2024,2025,318518414.86,-316286669.63,-72231745.23,-70000000,0,0
kabupaten,17,1701,6,2024,2025,10211777131.98,-3503143164.83,-2998633967.15,3710000000,0,0
kabupaten,17,1701,7,2024,2025,33094255182.98,-10661010180.34,-903245002.64,21530000000,0,0
kabupaten,17,1701,8,2024,2025,13378732817.12,-898313899.21,9899581082.08,22380000000,1,0
kabupaten,17,1701,9,2024,2025,4471729914.71,6339714400.18,-691444314.89,10120000000,0,1
kabupaten,17,1701,10,2024,2025,8734312195.56,7080101050.17,-844413245.73,14970000000,0,1
kabupaten,17,1701,11,2024,2025,11092979433.35,10757956119.48,-4690935552.83,17160000000,0,1
kabupaten,17,1701,12,2024,2025,8870545975.41,1081821945.59,187632078.99,10140000000,1,1
kabupaten,17,1701,13,2024,2025,575635689.51,352779283.85,-78414973.36,850000000,0,1
kabupaten,17,1701,14,2024,2025,20115589170.07,-13032578663.08,-5073010506.99,2010000000,0,0
kabupaten,17,1701,15,2024,2025,10876156656.96,5538415225.61,-604571882.57,15810000000,0,1
kabupaten,17,1701,16,2024,2025,3425991745.42,1829662553.66,-2005654299.08,3250000000,0,1
kabupaten,17,1701,17,2024,2025,1420860760.28,1695073614.41,-105934374.69,3010000000,0,1
kabupaten,17,1709,1,2021,2022,37563093750.78,1638488304.37,18417944.85,39220000000,1,1
kabupaten,17,1709,2,2021,2022,18038369665.18,-29824096170.32,16455726505.14,4670000000,1,0
kabupaten,17,1709,3,2021,2022,18411143389.06,-5257536033.15,-283607355.91,12870000000,0,0
kabupaten,17,1709,4,2021,2022,62919033.16,54122743.28,2958223.56,120000000,1,1
kabupaten,17,1709,5,2021,2022,143076157.6,30837909.49,16085932.9,190000000,1,1
kabupaten,17,1709,6,2021,2022,5766141532.36,-5431228095.71,2205086563.34,2540000000,1,0
kabupaten,17,1709,7,2021,2022,10401464276.92,-474302551.37,2482838274.45,12410000000,1,0
kabupaten,17,1709,8,2021,2022,1563063926.6,3316234752.12,-2279298678.72,2600000000,0,1
kabupaten,17,1709,9,2021,2022,2565027982.11,2430095881.55,-485123863.66,4510000000,0,1
kabupaten,17,1709,10,2021,2022,933873594.96,852494473.82,-176368068.79,1610000000,0,1
kabupaten,17,1709,11,2021,2022,3324796855.17,-6717838423.29,2733041568.12,-660000000,1,0
kabupaten,17,1709,12,2021,2022,5239517843.83,-545570362.17,-433947481.66,4260000000,0,0
kabupaten,17,1709,13,2021,2022,109030927.33,177943586.18,-6974513.51,280000000,0,1
kabupaten,17,1709,14,2021,2022,19326055083.62,-18446630638.12,-179424445.5,700000000,0,0
kabupaten,17,1709,15,2021,2022,2668887482.06,368560809.5,-307448291.55,2730000000,0,1
kabupaten,17,1709,16,2021,2022,726154595.07,-156507363.32,210352768.25,780000000,1,0
kabupaten,17,1709,17,2021,2022,351657062.06,311806716.42,56536221.52,720000000,1,1
kabupaten,17,1709,1,2022,2023,38772755471.89,-19999684270.59,-3023071201.29,15750000000,0,0
kabupaten,17,1709,2,2022,2023,18016337515.42,15216574508.15,-512912023.57,32720000000,0,1
kabupaten,17,1709,3,2022,2023,18733602630.1,-10660841230.94,-1642761399.16,6430000000,0,0
kabupaten,17,1709,4,2022,2023,67256906.9,-4772586.34,-2484320.56,60000000,0,0
kabupaten,17,1709,5,2022,2023,149412495.7,10906296.25,-318791.95,160000000,0,1
kabupaten,17,1709,6,2022,2023,5803675117.79,1062150546.89,534174335.32,7400000000,1,1
kabupaten,17,1709,7,2022,2023,10802395735.96,-3061133624.19,88737888.23,7830000000,1,0
kabupaten,17,1709,8,2022,2023,1654605044.95,1153313677.66,-267918722.61,2540000000,0,1
kabupaten,17,1709,9,2022,2023,2725607435.76,3601979710.45,-317587146.22,6010000000,0,1
kabupaten,17,1709,10,2022,2023,990975185.14,1246513496.09,-347488681.23,1890000000,0,1
kabupaten,17,1709,11,2022,2023,3256000511.66,-7151847658.66,-224152853,-4120000000,0,0
kabupaten,17,1709,12,2022,2023,5356714660.57,1268385708.13,64899631.3,6690000000,1,1
kabupaten,17,1709,13,2022,2023,119615131.88,100786771.5,-401903.38,220000000,0,1
kabupaten,17,1709,14,2022,2023,19119265653.18,8545933428.97,-545199082.14,27120000000,0,1
kabupaten,17,1709,15,2022,2023,2752425063.2,404508231.01,3066705.8,3160000000,1,1
kabupaten,17,1709,16,2022,2023,750467891.5,767136167.85,-37604059.34,1480000000,0,1
kabupaten,17,1709,17,2022,2023,378000843.82,503894693.73,8104462.45,890000000,1,1
kabupaten,17,1709,1,2023,2024,42977923851,-19147018409.03,4279094558.02,28110000000,1,0
kabupaten,17,1709,2,2023,2024,21148515172.79,-8261011115.81,-5057504056.97,7830000000,0,0
kabupaten,17,1709,3,2023,2024,20710665398.18,-14074896741.23,-2925768656.95,3710000000,0,0
kabupaten,17,1709,4,2023,2024,76067121.86,-9829481.5,3762359.64,70000000,1,0
kabupaten,17,1709,5,2023,2024,170223376.36,53221979.32,6554644.32,230000000,1,1
kabupaten,17,1709,6,2023,2024,6667004936.7,1427321950.65,-904326887.35,7190000000,0,1
kabupaten,17,1709,7,2023,2024,12133633584.53,-3437627160.12,43993575.6,8740000000,1,0
kabupaten,17,1709,8,2023,2024,1920694826.97,-275835971.03,-14858855.94,1630000000,0,0
kabupaten,17,1709,9,2023,2024,3248622692.13,3331383685.49,-250006377.62,6330000000,0,1
kabupaten,17,1709,10,2023,2024,1167444790.99,1155948005.79,-273392796.78,2050000000,0,1
kabupaten,17,1709,11,2023,2024,3356693664.04,597115292.49,26191043.48,3980000000,1,1
kabupaten,17,1709,12,2023,2024,6147058329.35,-490486598.78,123428269.44,5780000000,1,0
kabupaten,17,1709,13,2023,2024,140538645.88,108237947.25,-8776593.13,240000000,0,1
kabupaten,17,1709,14,2023,2024,22090541541.68,17964399839.05,2695058619.27,42750000000,1,1
kabupaten,17,1709,15,2023,2024,3145653783.27,1206928135.33,-372581918.6,3980000000,0,1
kabupaten,17,1709,16,2023,2024,886367499.24,847246597.43,-53614096.67,1680000000,0,1
kabupaten,17,1709,17,2023,2024,453155963.76,462223857.87,4620178.36,920000000,1,1
kabupaten,17,1709,1,2024,2025,45797095761.34,-6578898544.49,22991802783.16,62210000000,1,0
kabupaten,17,1709,2,2024,2025,22247839703.31,-41539073013.18,-23968766690.13,-43260000000,0,0
kabupaten,17,1709,3,2024,2025,21597371374.16,20785719703.91,1426908921.93,43810000000,1,1
kabupaten,17,1709,4,2024,2025,82028085.76,-21979761.01,-48324.74,60000000,0,0
kabupaten,17,1709,5,2024,2025,187081599.09,-185770784.87,18689185.78,20000000,1,0
kabupaten,17,1709,6,2024,2025,7240057884.86,-2483696908.44,1393639023.57,6150000000,1,0
kabupaten,17,1709,7,2024,2025,12968112691.94,-4177558330.42,1289445638.48,10080000000,1,0
kabupaten,17,1709,8,2024,2025,2064613339.72,-138628290.5,2874014950.78,4800000000,1,0
kabupaten,17,1709,9,2024,2025,3663441467.35,5193778038.42,832780494.23,9690000000,1,1
kabupaten,17,1709,10,2024,2025,1305733622.38,1058437777.82,305828599.8,2670000000,1,1
kabupaten,17,1709,11,2024,2025,3662482074.53,3551870052.85,1025647872.61,8240000000,1,1
kabupaten,17,1709,12,2024,2025,6634681018.06,809143377.11,776175604.83,8220000000,1,1
kabupaten,17,1709,13,2024,2025,156860725.39,96132354.85,7006919.76,260000000,1,1
kabupaten,17,1709,14,2024,2025,24897202964.3,-16130512180.36,1943309216.06,10710000000,1,0
kabupaten,17,1709,15,2024,2025,3444220208.93,1753884414.06,61895377.02,5260000000,1,1
kabupaten,17,1709,16,2024,2025,997288832.08,532605495.53,80105672.39,1610000000,1,1
kabupaten,17,1709,17,2024,2025,512795460.08,611760193.72,55444346.2,1180000000,1,1
kabupaten,17,1703,1,2021,2022,150289867851.64,6555588641.71,243614543506.65,400460000000,1,1
kabupaten,17,1703,2,2021,2022,72768878519.34,-120313868240.34,1753394989721,1705850000000,1,0
kabupaten,17,1703,3,2021,2022,32428728263.74,-9260435582.57,26971707318.83,50140000000,1,0
kabupaten,17,1703,4,2021,2022,365016582.8,313986051.75,190997365.45,870000000,1,1
kabupaten,17,1703,5,2021,2022,697711744.46,150381251.42,191907004.12,1040000000,1,1
kabupaten,17,1703,6,2021,2022,18659371903.46,-17575584012.55,29786212109.09,30870000000,1,0
kabupaten,17,1703,7,2021,2022,36285320234.82,-1654595882.5,70199275647.68,104830000000,1,0
kabupaten,17,1703,8,2021,2022,9814076316.63,20821784949.02,3824138734.35,34460000000,1,1
kabupaten,17,1703,9,2021,2022,2961504081.49,2805715540.67,1452780377.84,7220000000,1,1
kabupaten,17,1703,10,2021,2022,8217829064.32,7501715330.54,8100455605.13,23820000000,1,1
kabupaten,17,1703,11,2021,2022,16130112960.75,-32591312293.61,38641199332.86,22180000000,1,0
kabupaten,17,1703,12,2021,2022,10370435712.62,-1079832636.56,4109396923.94,13400000000,1,0
kabupaten,17,1703,13,2021,2022,458533227.98,748347730.02,273119041.99,1480000000,1,1
kabupaten,17,1703,14,2021,2022,35236382380.58,-33632964823.17,4866582442.59,6470000000,1,0
kabupaten,17,1703,15,2021,2022,22022092559.44,3041147412.59,20916760027.97,45980000000,1,1
kabupaten,17,1703,16,2021,2022,5771743912.03,-1243978110.95,4752234198.92,9280000000,1,0
kabupaten,17,1703,17,2021,2022,2210354254.07,1959873343.76,1489772402.17,5660000000,1,1
kabupaten,17,1703,1,2022,2023,165496687008.15,-85366166208.96,313429479200.81,393560000000,1,0
kabupaten,17,1703,2,2022,2023,144492099578.77,122037833560.65,-893029933139.43,-626500000000,0,1
kabupaten,17,1703,3,2022,2023,34166083026.18,-19443093451.76,21407010425.58,36130000000,1,0
kabupaten,17,1703,4,2022,2023,397581968.61,-28212630.63,120630662.02,490000000,1,0
kabupaten,17,1703,5,2022,2023,733440826.46,53537175.03,253021998.51,1040000000,1,1
kabupaten,17,1703,6,2022,2023,19745010293.28,3613602253.01,19011387453.71,42370000000,1,1
kabupaten,17,1703,7,2022,2023,40303488618.69,-11421018744.22,58827530125.53,87710000000,1,0
kabupaten,17,1703,8,2022,2023,11160815454.99,7779452357.74,29959732187.27,48900000000,1,1
kabupaten,17,1703,9,2022,2023,3232588297.23,4271971563.51,1305440139.25,8810000000,1,1
kabupaten,17,1703,10,2022,2023,9131189302.6,11485807991.7,6573002705.7,27190000000,1,1
kabupaten,17,1703,11,2022,2023,16876801187.83,-37070114279.36,8753313091.53,-11440000000,1,0
kabupaten,17,1703,12,2022,2023,10813889004.86,2560558687.96,7325552307.18,20700000000,1,1
kabupaten,17,1703,13,2022,2023,515920070.61,434710203.04,489369726.34,1440000000,1,1
kabupaten,17,1703,14,2022,2023,35080436418.66,15680260933.2,13649302648.15,64410000000,1,1
kabupaten,17,1703,15,2022,2023,23709762387.1,3484488703.83,21435748909.08,48630000000,1,1
kabupaten,17,1703,16,2022,2023,6096114959.79,6231512796.23,8462372243.97,20790000000,1,1
kabupaten,17,1703,17,2022,2023,2424228384.61,3231621937.85,2004149677.54,7660000000,1,1
kabupaten,17,1703,1,2023,2024,198582034270.37,-88469928865.3,564527894594.93,674640000000,1,0
kabupaten,17,1703,2,2023,2024,128382284919.53,-50148555306.54,-922403729612.98,-844170000000,0,0
kabupaten,17,1703,3,2023,2024,38903694592.35,-26438816605.47,23495122013.12,35960000000,1,0
kabupaten,17,1703,4,2023,2024,455938907.25,-58916953.17,92978045.92,490000000,1,0
kabupaten,17,1703,5,2023,2024,847406290.48,264949744.46,1127643965.06,2240000000,1,1
kabupaten,17,1703,6,2023,2024,23479694163.45,5026707373.45,4433598463.1,32940000000,1,1
kabupaten,17,1703,7,2023,2024,47983511528.54,-13594396214.41,29820884685.87,64210000000,1,0
kabupaten,17,1703,8,2023,2024,14429098133.83,-2072200246.98,17623102113.15,29980000000,1,0
kabupaten,17,1703,9,2023,2024,3930907669.3,4031050361.87,2448041968.83,10410000000,1,1
kabupaten,17,1703,10,2023,2024,11210623996.1,11100223798.14,3789152205.76,26100000000,1,1
kabupaten,17,1703,11,2023,2024,17858612152.33,3176831574.77,5894556272.9,26930000000,1,1
kabupaten,17,1703,12,2023,2024,12743098207.24,-1016798371.31,2903700164.07,14630000000,1,0
kabupaten,17,1703,13,2023,2024,628945227.09,484391605.52,426663167.39,1540000000,1,1
kabupaten,17,1703,14,2023,2024,41211682387.32,33514033100.97,14454284511.71,89180000000,1,1
kabupaten,17,1703,15,2023,2024,28090103866.44,10777644018.3,57392252115.25,96260000000,1,1
kabupaten,17,1703,16,2023,2024,7606712186.02,7270980741.93,6102307072.05,20980000000,1,1
kabupaten,17,1703,17,2023,2024,2996766306.94,3056733209.55,2616500483.51,8670000000,1,1
kabupaten,17,1703,1,2024,2025,237739938251.37,-34152098680.68,491232160429.31,694820000000,1,0
kabupaten,17,1703,2,2024,2025,92281116778.82,-172298618595.44,-218562498183.39,-298580000000,0,0
kabupaten,17,1703,3,2024,2025,41960004194.32,40383103612.38,33926892193.31,116270000000,1,1
kabupaten,17,1703,4,2024,2025,495046692.98,-132649785.77,-2396907.22,360000000,0,0
kabupaten,17,1703,5,2024,2025,983857332.66,-976963794.3,563106461.64,570000000,1,0
kabupaten,17,1703,6,2024,2025,25863311529.87,-8872391341.36,6629079811.49,23620000000,1,0
kabupaten,17,1703,7,2024,2025,52705683428.32,-16978651566.09,23762968137.77,59490000000,1,0
kabupaten,17,1703,8,2024,2025,16361005385.22,-1098558342.07,22557552956.85,37820000000,1,0
kabupaten,17,1703,9,2024,2025,4564791017.85,6471650099.99,3583558882.16,14620000000,1,1
kabupaten,17,1703,10,2024,2025,12846269804.32,10413285705.38,4040444490.29,27300000000,1,1
kabupaten,17,1703,11,2024,2025,19761573221.02,19164746391.28,13393680387.7,52320000000,1,1
kabupaten,17,1703,12,2024,2025,13880974956.23,1692877008.42,216148035.36,15790000000,1,1
kabupaten,17,1703,13,2024,2025,724341575.97,443913932.17,331744491.86,1500000000,1,1
kabupaten,17,1703,14,2024,2025,46899917803.16,-30385730335.52,30145812532.35,46660000000,1,0
kabupaten,17,1703,15,2024,2025,33668931479.68,17145075104.98,23495993415.34,74310000000,1,1
kabupaten,17,1703,16,2024,2025,8873424153.86,4738882374.35,5137693471.79,18750000000,1,1
kabupaten,17,1703,17,2024,2025,3515215277.3,4193618989.33,1601165733.37,9310000000,1,1
kabupaten,17,1704,1,2021,2022,49328091047.75,2151673150.11,-5359764197.86,46120000000,0,1
kabupaten,17,1704,2,2021,2022,4328915672.09,-7157298564.9,3458382892.8,630000000,1,0
kabupaten,17,1704,3,2021,2022,3749284852.88,-1070655949.82,641371096.94,3320000000,1,0
kabupaten,17,1704,4,2021,2022,79295219.88,68209484.68,2495295.45,150000000,1,1
kabupaten,17,1704,5,2021,2022,237454707.35,51179783.53,-48634490.88,240000000,0,1
kabupaten,17,1704,6,2021,2022,6296212839.15,-5930511395.98,634298556.83,1000000000,1,0
kabupaten,17,1704,7,2021,2022,9857171544.82,-449483023.59,3352311478.77,12760000000,1,0
kabupaten,17,1704,8,2021,2022,4766763190.54,10113281663.42,-6390044853.96,8490000000,0,1
kabupaten,17,1704,9,2021,2022,1291133036.69,1223213585.54,245653377.77,2760000000,1,1
kabupaten,17,1704,10,2021,2022,3439861114.45,3140106548.24,-349967662.69,6230000000,0,1
kabupaten,17,1704,11,2021,2022,1255794949.57,-2537366320.86,771571371.29,-510000000,1,0
kabupaten,17,1704,12,2021,2022,4328915672.09,-450752943.58,-138162728.52,3740000000,0,0
kabupaten,17,1704,13,2021,2022,49128560.14,80180113.93,10691325.93,140000000,1,1
kabupaten,17,1704,14,2021,2022,7973910072.74,-7611060468.22,-52849604.53,310000000,0,0
kabupaten,17,1704,15,2021,2022,2774470791.13,383141367.92,-1377612159.06,1780000000,0,1
kabupaten,17,1704,16,2021,2022,556790348.27,-120004459,183214110.73,620000000,1,0
kabupaten,17,1704,17,2021,2022,241333277.89,213985001.46,-95318279.35,360000000,0,1
kabupaten,17,1704,1,2022,2023,50687444231.38,-26145494917.07,6608050685.69,31150000000,1,0
kabupaten,17,1704,2,2022,2023,4302739334.8,3634087872.8,-5036827207.6,2900000000,0,1
kabupaten,17,1704,3,2022,2023,3844711285.31,-2187932422.86,-186778862.44,1470000000,0,0
kabupaten,17,1704,4,2022,2023,84709648.56,-6011042.29,-38698606.27,40000000,0,0
kabupaten,17,1704,5,2022,2023,244764059.9,17866439.72,-122630499.63,140000000,0,1
kabupaten,17,1704,6,2022,2023,6261703167.28,1145975835.76,-1707679003.04,5700000000,0,1
kabupaten,17,1704,7,2022,2023,10279664839.33,-2913004527.35,-4336660311.98,3030000000,0,0
kabupaten,17,1704,8,2022,2023,5069808614.7,3533821945.18,-833630559.88,7770000000,0,1
kabupaten,17,1704,9,2022,2023,1392813920.01,1840649322.6,-283463242.61,2950000000,0,1
kabupaten,17,1704,10,2022,2023,3662947366.04,4607495117.64,-420442483.68,7850000000,0,1
kabupaten,17,1704,11,2022,2023,1218712180.01,-2676917224.05,-41794955.96,-1500000000,0,0
kabupaten,17,1704,12,2022,2023,4435124765.46,1050167728.31,-705292493.76,4780000000,0,1
kabupaten,17,1704,13,2022,2023,54486608.12,45909988.44,-396596.56,100000000,0,1
kabupaten,17,1704,14,2022,2023,7889490584.79,3526446179.95,-205936764.74,11210000000,0,1
kabupaten,17,1704,15,2022,2023,2816276557.08,413892121.3,-20168678.39,3210000000,0,1
kabupaten,17,1704,16,2022,2023,576366151.5,589167539.01,-85533690.5,1080000000,0,1
kabupaten,17,1704,17,2022,2023,253703269.05,338199591.74,-81902860.79,510000000,0,1
kabupaten,17,1704,1,2023,2024,56674644024.98,-25249019851.06,2894375826.08,34320000000,1,0
kabupaten,17,1704,2,2023,2024,4822841055.5,-1883893183.22,411052127.72,3350000000,1,0
kabupaten,17,1704,3,2023,2024,4257439704.6,-2893341332.7,1115901628.1,2480000000,1,0
kabupaten,17,1704,4,2023,2024,94156254.5,-12166980.16,-1989274.34,80000000,0,0
kabupaten,17,1704,5,2023,2024,273192285.22,85416201.14,1391513.64,360000000,1,1
kabupaten,17,1704,6,2023,2024,7087229402.58,1517286726.45,95483870.97,8700000000,1,1
kabupaten,17,1704,7,2023,2024,11341422339.79,-3213182695.69,-928239644.1,7200000000,0,0
kabupaten,17,1704,8,2023,2024,5884533994.15,-845093205.61,1540559211.47,6580000000,1,0
kabupaten,17,1704,9,2023,2024,1654459900.46,1696608453.19,-21068353.65,3330000000,0,1
kabupaten,17,1704,10,2023,2024,4355306550.41,4312416279.05,-7722829.46,8660000000,0,1
kabupaten,17,1704,11,2023,2024,1258354278.09,223846039.59,-72200317.68,1410000000,0,1
kabupaten,17,1704,12,2023,2024,5054289188.48,-403292270.95,-100996917.52,4550000000,0,0
kabupaten,17,1704,13,2023,2024,64007700.1,49296490.83,-3304190.93,110000000,0,1
kabupaten,17,1704,14,2023,2024,9116459025.38,7413657774.72,-70116800.1,16460000000,0,1
kabupaten,17,1704,15,2023,2024,3217546489.9,1234512013.39,-192058503.29,4260000000,0,1
kabupaten,17,1704,16,2023,2024,678110561.95,648181331.99,3708106.06,1330000000,1,1
kabupaten,17,1704,17,2023,2024,300094072.22,306099115.71,-6193187.92,600000000,0,1
kabupaten,17,1704,1,2024,2025,60260422156.79,-8656601407.3,-1073820749.49,50530000000,0,0
kabupaten,17,1704,2,2024,2025,5148581546.3,-9612947037.46,8984365491.17,4520000000,1,0
kabupaten,17,1704,3,2024,2025,4522098037.54,4352152891.83,755749070.63,9630000000,1,1
kabupaten,17,1704,4,2024,2025,101215942.07,-27121225.58,5905283.51,80000000,1,0
kabupaten,17,1704,5,2024,2025,299810254.96,-297709591.15,-2100663.81,-0,0,0
kabupaten,17,1704,6,2024,2025,7747096988.04,-2657636326.19,-59460661.85,5030000000,0,0
kabupaten,17,1704,7,2024,2025,12074917980.37,-3889823862.29,-1265094118.08,6920000000,0,0
kabupaten,17,1704,8,2024,2025,6401548563.8,-429831444.42,5348282880.62,11320000000,1,0
kabupaten,17,1704,9,2024,2025,1870815990.92,2652315614.75,186868394.33,4710000000,1,1
kabupaten,17,1704,10,2024,2025,4919766359.71,3988000679.4,92232960.88,9000000000,1,1
kabupaten,17,1704,11,2024,2025,1369053548.23,1327706238.49,-126759786.71,2570000000,0,1
kabupaten,17,1704,12,2024,2025,5445513622.8,664116522.08,-209630144.89,5900000000,0,1
kabupaten,17,1704,13,2024,2025,71474764.78,43803427.74,-5278192.53,110000000,0,1
kabupaten,17,1704,14,2024,2025,10218013185.28,-6620092481.1,-737920704.19,2860000000,0,0
kabupaten,17,1704,15,2024,2025,3532004651.58,1798586481.99,-591133.57,5330000000,0,1
kabupaten,17,1704,16,2024,2025,765115770.65,408612681.75,-83728452.4,1090000000,0,1
kabupaten,17,1704,17,2024,2025,339145360.41,404597246.92,-63742607.33,680000000,0,1
kabupaten,17,1708,1,2021,2022,51608122959.63,2251127301.73,9839109738.64,63698360000,1,1
kabupaten,17,1708,2,2021,2022,2915301256.4,-4820071140.02,2308609883.63,403840000,1,0
kabupaten,17,1708,3,2021,2022,9172169445.06,-2619229579.64,2002370134.58,8555310000,1,0
kabupaten,17,1708,4,2021,2022,217934292.79,187466354.56,33989352.65,439390000,1,1
kabupaten,17,1708,5,2021,2022,211846229.9,45660262.15,39983507.95,297490000,1,1
kabupaten,17,1708,6,2021,2022,6681176479.28,-6293115283.93,1605268804.65,1993330000,1,0
kabupaten,17,1708,7,2021,2022,12632973978.51,-576058488.48,2223094509.97,14280010000,1,0
kabupaten,17,1708,8,2021,2022,3617070847.54,7674066198.7,-4899647046.24,6391490000,0,1
kabupaten,17,1708,9,2021,2022,2441068867.73,2312657578.57,351823553.7,5105550000,1,1
kabupaten,17,1708,10,2021,2022,2855573424.88,2606734548.9,321392026.22,5783700000,1,1
kabupaten,17,1708,11,2021,2022,1562714855.25,-3157505963.98,1057001108.73,-537790000,1,0
kabupaten,17,1708,12,2021,2022,4203756786.56,-437720641.65,88953855.08,3854990000,1,0
kabupaten,17,1708,13,2021,2022,168337718.47,274735050.38,-14522768.85,428550000,0,1
kabupaten,17,1708,14,2021,2022,17403938953.8,-16611979637.85,-863379315.95,-71420000,0,0
kabupaten,17,1708,15,2021,2022,6382295557.47,881365000.56,130249441.97,7393910000,1,1
kabupaten,17,1708,16,2021,2022,1868210032.68,-402653413.38,77873380.7,1543430000,1,0
kabupaten,17,1708,17,2021,2022,790183330.36,700638480.46,167808189.18,1658630000,1,1
kabupaten,17,1708,1,2022,2023,53687834017.03,-27693149904.99,4388925887.97,30383610000,1,0
kabupaten,17,1708,2,2022,2023,2896803081.44,2446635998.38,-1980929079.82,3362510000,0,1
kabupaten,17,1708,3,2022,2023,9424064611.8,-5363007775.93,2643323164.14,6704380000,1,0
kabupaten,17,1708,4,2022,2023,233970177.7,-16602649.83,76532472.13,293900000,1,0
kabupaten,17,1708,5,2022,2023,221916292.68,16198677.49,-12514970.17,225600000,0,1
kabupaten,17,1708,6,2022,2023,6684237874.02,1223305365.88,265966760.09,8173510000,1,1
kabupaten,17,1708,7,2022,2023,13086189570.59,-3708304702.61,167355132.01,9545240000,1,0
kabupaten,17,1708,8,2022,2023,3844861974.83,2679994188.23,69403836.94,6594260000,1,1
kabupaten,17,1708,9,2022,2023,2628516982.54,3473671488.95,49661528.51,6151850000,1,1
kabupaten,17,1708,10,2022,2023,3066814494.74,3857640145.82,-24094640.56,6900360000,0,1
kabupaten,17,1708,11,2022,2023,1520691860.88,-3340219537.99,331267677.12,-1488260000,1,0
kabupaten,17,1708,12,2022,2023,4316392912.57,1022053894.58,-54706807.15,5283740000,0,1
kabupaten,17,1708,13,2022,2023,184519324.07,155474534.52,10446141.41,350440000,1,1
kabupaten,17,1708,14,2022,2023,17187842247.04,7682625384.01,160722368.95,25031190000,1,1
kabupaten,17,1708,15,2022,2023,6618905876.83,972742888.9,29511234.27,7621160000,1,1
kabupaten,17,1708,16,2022,2023,1911039880.91,1953485055.73,-129804936.64,3734720000,0,1
kabupaten,17,1708,17,2022,2023,851114021.58,1134579052.53,15996925.89,2001690000,1,1
kabupaten,17,1708,1,2023,2024,59908368692.99,-26689670776,-1027497916.99,32191200000,0,0
kabupaten,17,1708,2,2023,2024,3312363229.65,-1293871897.68,1122668668.03,3141160000,1,0
kabupaten,17,1708,3,2023,2024,10579573472.27,-7189841626.31,2670758154.04,6060490000,1,0
kabupaten,17,1708,4,2023,2024,268569352.27,-34704842.46,1005490.2,234870000,1,0
kabupaten,17,1708,5,2023,2024,252267333.17,78873813.2,-10701146.37,320440000,0,1
kabupaten,17,1708,6,2023,2024,7662357140.95,1640414345.7,-934271486.66,8368500000,0,1
kabupaten,17,1708,7,2023,2024,14701648022.93,-4165181368.8,-1343316654.12,9193150000,0,0
kabupaten,17,1708,8,2023,2024,4495279331.11,-645578736.37,1327799405.26,5177500000,1,0
kabupaten,17,1708,9,2023,2024,3149410756.97,3229644255.12,80744987.91,6459800000,1,1
kabupaten,17,1708,10,2023,2024,3661704269.74,3625644468.22,-147448737.96,7139900000,0,1
kabupaten,17,1708,11,2023,2024,1587940593.86,282475467.55,-70566061.41,1799850000,0,1
kabupaten,17,1708,12,2023,2024,4948281769.16,-394833717.97,-232338051.19,4321110000,0,0
kabupaten,17,1708,13,2023,2024,217309388.61,167364086.91,3456524.48,388130000,1,1
kabupaten,17,1708,14,2023,2024,19889148367.09,16174189892.57,-3100208259.66,32963130000,0,1
kabupaten,17,1708,15,2023,2024,7565551060.44,2902759509.88,-401280570.31,10067030000,0,1
kabupaten,17,1708,16,2023,2024,2255524208.27,2155973918.85,-26788127.12,4384710000,0,1
kabupaten,17,1708,17,2023,2024,1020230327.52,1040645684.08,-86246011.6,1974630000,0,1
kabupaten,17,1707,1,2021,2022,37669538964.42,1643131405.36,-3722670369.77,35590000000,0,1
kabupaten,17,1707,2,2021,2022,5024903607.43,-8308024018.59,533120411.16,-2750000000,1,0
kabupaten,17,1707,3,2021,2022,5281751167.46,-1508271186.33,-43479981.13,3730000000,0,0
kabupaten,17,1707,4,2021,2022,112478545.59,96753671.2,767783.21,210000000,1,1
kabupaten,17,1707,5,2021,2022,266328510.24,57403096.59,16268393.17,340000000,1,1
kabupaten,17,1707,6,2021,2022,7937279128.78,-7476260019.93,28980891.15,490000000,1,0
kabupaten,17,1707,7,2021,2022,8793581313,-400983740.5,1327402427.5,9720000000,1,0
kabupaten,17,1707,8,2021,2022,4378475184.52,9289480309.23,-9347955493.74,4320000000,0,1
kabupaten,17,1707,9,2021,2022,1251485426.76,1185651619.63,-227137046.38,2210000000,0,1
kabupaten,17,1707,10,2021,2022,1771213878.78,1616867691.46,-328081570.24,3060000000,0,1
kabupaten,17,1707,11,2021,2022,1152366401.91,-2328386253.26,146019851.35,-1030000000,1,0
kabupaten,17,1707,12,2021,2022,5754936773.03,-599238905.77,-105697867.26,5050000000,0,0
kabupaten,17,1707,13,2021,2022,162469010.29,265157043.44,-47626053.73,380000000,0,1
kabupaten,17,1707,14,2021,2022,10949635579.54,-10451376770.06,-18258809.48,480000000,0,0
kabupaten,17,1707,15,2021,2022,2549082747.68,352016339.12,-1151099086.8,1750000000,0,1
kabupaten,17,1707,16,2021,2022,788211723.67,-169882473.3,121670749.63,740000000,1,0
kabupaten,17,1707,17,2021,2022,632206997.61,560564280.62,-182771278.23,1010000000,0,1
kabupaten,17,1707,1,2022,2023,38723376983.28,-19974213958.52,-13939163024.76,4810000000,0,0
kabupaten,17,1707,2,2022,2023,4846328386.09,4093202456.65,-3729530842.75,5210000000,0,1
kabupaten,17,1707,3,2022,2023,5375870108.74,-3059277963.72,703407854.98,3020000000,1,0
kabupaten,17,1707,4,2022,2023,120040808.51,-8518160.43,-51522648.08,60000000,0,0
kabupaten,17,1707,5,2022,2023,277541160.1,20258989.04,-67800149.14,230000000,0,1
kabupaten,17,1707,6,2022,2023,7860970250.86,1438663205.91,-1319633456.77,7980000000,0,1
kabupaten,17,1707,7,2022,2023,9099689232.28,-2578628422.76,-2891060809.52,3630000000,0,0
kabupaten,17,1707,8,2022,2023,4508766821.74,3142757518.33,-2851524340.08,4800000000,0,1
kabupaten,17,1707,9,2022,2023,1330239456,1757955114.03,-148194570.03,2940000000,0,1
kabupaten,17,1707,10,2022,2023,1879787980.06,2364520446.2,-184308426.26,4060000000,0,1
kabupaten,17,1707,11,2022,2023,1094414605.24,-2403895977.31,109481372.07,-1200000000,1,0
kabupaten,17,1707,12,2022,2023,5899452358.62,1396897451.44,-236349810.06,7060000000,0,1
kabupaten,17,1707,13,2022,2023,176655799.76,148848790.65,-15504590.4,310000000,0,1
kabupaten,17,1707,14,2022,2023,10836024189.41,4843488397.37,-99512586.78,15580000000,0,1
kabupaten,17,1707,15,2022,2023,2592370651.85,380985946,-353356597.85,2620000000,0,1
kabupaten,17,1707,16,2022,2023,810062619.12,828054524.91,-68117144.03,1570000000,0,1
kabupaten,17,1707,17,2022,2023,667460949.44,889759999.74,-67220949.19,1490000000,0,1
kabupaten,17,1707,1,2023,2024,42416696915.33,-18896987195.18,-649709720.15,22870000000,0,0
kabupaten,17,1707,2,2023,2024,5522287517.48,-2157110236.53,3224822719.05,6590000000,1,0
kabupaten,17,1707,3,2023,2024,5997707029.11,-4076021001.54,1158313972.43,3080000000,1,0
kabupaten,17,1707,4,2023,2024,133581287.17,-17261528.5,3680241.33,120000000,1,0
kabupaten,17,1707,5,2023,2024,313081141.8,97887836.62,-968978.43,410000000,0,1
kabupaten,17,1707,6,2023,2024,8935567699,1912992721.53,-248560420.54,10600000000,0,1
kabupaten,17,1707,7,2023,2024,10083531885.61,-2856804834.14,-926727051.47,6300000000,0,0
kabupaten,17,1707,8,2023,2024,5135458373.39,-737516510.8,1532058137.41,5930000000,1,0
kabupaten,17,1707,9,2023,2024,1585813961.22,1626213709.41,37972329.37,3250000000,1,1
kabupaten,17,1707,10,2023,2024,2236558912.25,2214533684.51,-211092596.77,4240000000,0,1
kabupaten,17,1707,11,2023,2024,1136832412.68,202228766.32,-29061179,1310000000,0,1
kabupaten,17,1707,12,2023,2024,6755595304.23,-539043032.62,-256552271.61,5960000000,0,0
kabupaten,17,1707,13,2023,2024,206865465.55,159320542.82,-6186008.37,360000000,0,1
kabupaten,17,1707,14,2023,2024,12529739206.9,10189394613.4,-1299133820.29,21420000000,0,1
kabupaten,17,1707,15,2023,2024,2946209500.34,1130405118.79,-206614619.13,3870000000,0,1
kabupaten,17,1707,16,2023,2024,955477262.39,913306117.58,-8783379.97,1860000000,0,1
kabupaten,17,1707,17,2023,2024,796385659.96,812321764.56,1292575.48,1610000000,1,1
kabupaten,17,1707,1,2024,2025,44965302189.99,-6459408750.98,-17005893439.01,21500000000,0,0
kabupaten,17,1707,2,2024,2025,6027385365.62,-11253766842.98,11366381477.36,6140000000,1,0
kabupaten,17,1707,3,2024,2025,6350700744.56,6112034807.99,1577264447.45,14040000000,1,1
kabupaten,17,1707,4,2024,2025,143908922.38,-38560984.23,4652061.86,110000000,1,0
kabupaten,17,1707,5,2024,2025,343462628.08,-341056107.62,-22406520.46,-20000000,0,0
kabupaten,17,1707,6,2024,2025,9749829491.15,-3344672342.41,24842851.26,6430000000,1,0
kabupaten,17,1707,7,2024,2025,10730808645.36,-3456831392,-1873977253.36,5400000000,0,0
kabupaten,17,1707,8,2024,2025,5595658598.49,-375720029.91,5950061431.43,11170000000,1,0
kabupaten,17,1707,9,2024,2025,1795983351.28,2546222990.16,-1182206341.45,3160000000,0,1
kabupaten,17,1707,10,2024,2025,2516487355.99,2039884122.87,-16371478.86,4540000000,0,1
kabupaten,17,1707,11,2024,2025,1238576125.27,1201169414.08,-119745539.35,2320000000,0,1
kabupaten,17,1707,12,2024,2025,7272677240.6,886951250.12,170371509.28,8330000000,1,1
kabupaten,17,1707,13,2024,2025,231213668.62,141699679.01,-2913347.63,370000000,0,1
kabupaten,17,1707,14,2024,2025,13986028469.56,-9061331222.89,405302753.33,5330000000,1,0
kabupaten,17,1707,15,2024,2025,3232674093.03,1646159758.54,-108833851.57,4770000000,0,1
kabupaten,17,1707,16,2024,2025,1077398132.21,575388139.95,7213727.84,1660000000,1,1
kabupaten,17,1707,17,2024,2025,900869854.09,1074729320.68,4400825.23,1980000000,1,1
kabupaten,17,1702,1,2021,2022,80395010100.56,3506800708.52,12958189190.92,96860000000,1,1
kabupaten,17,1702,2,2021,2022,3675592012.67,-6077112937.78,3221520925.11,820000000,1,0
kabupaten,17,1702,3,2021,2022,10997040330.56,-3140344658.35,1423304327.79,9280000000,1,0
kabupaten,17,1702,4,2021,2022,293909456.28,252819937.77,-106729394.05,440000000,0,1
kabupaten,17,1702,5,2021,2022,468876082.75,101059173.28,-209935256.03,360000000,0,1
kabupaten,17,1702,6,2021,2022,10534197579.75,-9922342269.91,1058144690.16,1670000000,1,0
kabupaten,17,1702,7,2021,2022,48882486388.23,-2229021548.68,16136535160.46,62790000000,1,0
kabupaten,17,1702,8,2021,2022,16181827234.58,34331761430.23,-30473588664.81,20040000000,0,1
kabupaten,17,1702,9,2021,2022,5114972634.35,4845901884.77,-1530874519.12,8430000000,0,1
kabupaten,17,1702,10,2021,2022,9056462204.98,8267268743.58,-613730948.56,16710000000,0,1
kabupaten,17,1702,11,2021,2022,9149547897.88,-18486899230.7,6537351332.82,-2800000000,1,0
kabupaten,17,1702,12,2021,2022,10694942780.92,-1113622279.81,-1691320501.1,7890000000,0,0
kabupaten,17,1702,13,2021,2022,384840387.77,628077559.13,-32917946.9,980000000,0,1
kabupaten,17,1702,14,2021,2022,26155355895.53,-24965166834.4,-1380189061.13,-190000000,0,0
kabupaten,17,1702,15,2021,2022,27025879505.05,3732146856.97,-1888026362.02,28870000000,0,1
kabupaten,17,1702,16,2021,2022,8033381487.65,-1731426563.6,4508045075.94,10810000000,1,0
kabupaten,17,1702,17,2021,2022,3344189707.86,2965220734.57,640589557.58,6950000000,1,1
kabupaten,17,1702,1,2022,2023,83533929717.21,-43088302595.3,-1445627121.91,39000000000,0,0
kabupaten,17,1702,2,2022,2023,3665501425.79,3095877589.3,-2721379015.1,4040000000,0,1
kabupaten,17,1702,3,2022,2023,11257444049.07,-6406339775.8,3768895726.73,8620000000,1,0
kabupaten,17,1702,4,2022,2023,309041230.42,-21929732.16,-47111498.26,240000000,0,0
kabupaten,17,1702,5,2022,2023,478460527.53,34925005.65,216614466.82,730000000,1,1
kabupaten,17,1702,6,2022,2023,10476327440.51,1917308721.54,-343636162.05,12050000000,0,1
kabupaten,17,1702,7,2022,2023,50956897535.58,-14439933163.29,1683035627.71,38200000000,1,0
kabupaten,17,1702,8,2022,2023,16836787585,11735790041.79,-6002577626.79,22570000000,0,1
kabupaten,17,1702,9,2022,2023,5411201268.69,7151080131.08,-702281399.76,11860000000,0,1
kabupaten,17,1702,10,2022,2023,9656899935.61,12147081259.6,-1053981195.22,20750000000,0,1
kabupaten,17,1702,11,2022,2023,8918350989.64,-19589274453.73,-899076535.92,-11570000000,0,0
kabupaten,17,1702,12,2022,2023,10899875683.3,2580918979.84,1719205336.86,15200000000,1,1
kabupaten,17,1702,13,2022,2023,421845536.29,355443738.62,-17289274.91,760000000,0,1
kabupaten,17,1702,14,2022,2023,25827077924.42,11544192784.94,3708729290.64,41080000000,1,1
kabupaten,17,1702,15,2022,2023,27923960983.7,4103825463.34,-3467786447.04,28560000000,0,1
kabupaten,17,1702,16,2022,2023,8395194416.39,8581655985.43,2883149598.19,19860000000,1,1
kabupaten,17,1702,17,2022,2023,3599095872.15,4797781121.07,4513123006.78,12910000000,1,1
kabupaten,17,1702,1,2023,2024,92828790456.42,-41355989319.51,7027198863.08,58500000000,1,0
kabupaten,17,1702,2,2023,2024,4181372582.74,-1633323432.08,-528049150.66,2020000000,0,0
kabupaten,17,1702,3,2023,2024,12666103437.55,-8607840191.02,211736753.47,4270000000,1,0
kabupaten,17,1702,4,2023,2024,347867935.34,-44951897.13,-32916038.21,270000000,0,0
kabupaten,17,1702,5,2023,2024,555197224.8,173587763.61,-8784988.41,720000000,0,1
kabupaten,17,1702,6,2023,2024,11974078158.19,2563499615.84,-3267577774.02,11270000000,0,1
kabupaten,17,1702,7,2023,2024,57295240421.61,-16232538525.82,-7482701895.79,33580000000,0,0
kabupaten,17,1702,8,2023,2024,19392477835.21,-2785004092.91,-11377473742.3,5230000000,0,0
kabupaten,17,1702,9,2023,2024,6446224753.74,6610446953.3,283328292.96,13340000000,1,1
kabupaten,17,1702,10,2023,2024,11484743929.15,11371644247.65,1163611823.2,24020000000,1,1
kabupaten,17,1702,11,2023,2024,9180930549.39,1633176744.44,-644107293.83,10170000000,0,1
kabupaten,17,1702,12,2023,2024,12581687485.24,-1003919073.31,-1567768411.93,10010000000,0,0
kabupaten,17,1702,13,2023,2024,494900116,381154751.54,23945132.45,900000000,1,1
kabupaten,17,1702,14,2023,2024,30046976958.69,24434706909.4,-8671683868.08,45810000000,0,1
kabupaten,17,1702,15,2023,2024,31751066017.92,12182286273.12,-343352291.04,43590000000,0,1
kabupaten,17,1702,16,2023,2024,10068689520.37,9624295728.41,-922985248.78,18770000000,0,1
kabupaten,17,1702,17,2023,2024,4520427863.72,4610884052.05,538688084.24,9670000000,1,1
kabupaten,17,1702,1,2024,2025,98811703676.36,-14194615677.88,-36947087998.48,47670000000,0,0
kabupaten,17,1702,2,2024,2025,4421361791.88,-8255150735.52,8743788943.64,4910000000,1,0
kabupaten,17,1702,3,2024,2025,13304379873.9,12804387446.15,2861232679.96,28970000000,1,1
kabupaten,17,1702,4,2024,2025,372724108.96,-99872949.17,-42851159.79,230000000,0,0
kabupaten,17,1702,5,2024,2025,608734741.66,-604469553.86,5734812.2,10000000,1,0
kabupaten,17,1702,6,2024,2025,12924460318.82,-4433727277.81,-1170733041.01,7320000000,0,0
kabupaten,17,1702,7,2024,2025,60866758416.41,-19607666875.53,-4939091540.88,36320000000,0,0
kabupaten,17,1702,8,2024,2025,20306988036.83,-1363511018.11,1276522981.27,20220000000,1,0
kabupaten,17,1702,9,2024,2025,7306735685.57,10358992677.92,-615728363.49,17050000000,0,1
kabupaten,17,1702,10,2024,2025,13029993528.56,10562213577.87,-2822207106.43,20770000000,0,1
kabupaten,17,1702,11,2024,2025,9982961945.4,9681462694.17,-554424639.56,19110000000,0,1
kabupaten,17,1702,12,2024,2025,13492420865.8,1645490258.69,-217911124.5,14920000000,0,1
kabupaten,17,1702,13,2024,2025,555008743.97,340138026.17,-55146770.15,840000000,0,1
kabupaten,17,1702,14,2024,2025,33272702246.73,-21556868441.57,-5195833805.16,6520000000,0,0
kabupaten,17,1702,15,2024,2025,34928614246.9,17786537566.17,-7475151813.07,45240000000,0,1
kabupaten,17,1702,16,2024,2025,11313639780.99,6042087836.47,174272382.54,17530000000,1,1
kabupaten,17,1702,17,2024,2025,5138987618.14,6130764223.89,-539751842.03,10730000000,0,1
kabupaten,17,1705,1,2021,2022,59950633845.3,2615024551.67,-31255658396.98,31310000000,0,1
kabupaten,17,1705,2,2021,2022,4415537080.76,-7300515788.54,5504978707.78,2620000000,1,0
kabupaten,17,1705,3,2021,2022,10437664268.6,-2980607713.19,5372943444.59,12830000000,1,0
kabupaten,17,1705,4,2021,2022,155573773.78,133824043.31,-89397817.09,200000000,0,1
kabupaten,17,1705,5,2021,2022,224095186.61,48300340.17,-62395526.78,210000000,0,1
kabupaten,17,1705,6,2021,2022,6683638940.61,-6295434718.71,5661795778.09,6050000000,1,0
kabupaten,17,1705,7,2021,2022,10637626127.42,-485071435.94,3467445308.53,13620000000,1,0
kabupaten,17,1705,8,2021,2022,2885225527.59,6121365223.45,-5766590751.04,3240000000,0,1
kabupaten,17,1705,9,2021,2022,1963849548.8,1860542159.32,-324391708.12,3500000000,0,1
kabupaten,17,1705,10,2021,2022,1536344885.12,1402465528,1161189586.88,4100000000,1,1
kabupaten,17,1705,11,2021,2022,1064452136.39,-2150753195.79,1596301059.4,510000000,1,0
kabupaten,17,1705,12,2021,2022,5695896310.41,-593091254.88,2257194944.47,7360000000,1,0
kabupaten,17,1705,13,2021,2022,149971394.12,244760347.79,-4731741.9,390000000,0,1
kabupaten,17,1705,14,2021,2022,11832656805.24,-11294216466.29,-18440338.95,520000000,0,0
kabupaten,17,1705,15,2021,2022,6661229421.95,919884455.42,-8661113877.37,-1080000000,0,1
kabupaten,17,1705,16,2021,2022,1271740184.01,-274096871.9,-1347643312.1,-350000000,0,0
kabupaten,17,1705,17,2021,2022,830014095.02,735955558.6,-915969653.62,650000000,0,1
kabupaten,17,1705,1,2022,2023,60549520300.68,-31232531039.16,-15196989261.52,14120000000,0,0
kabupaten,17,1705,2,2022,2023,4473009985.16,3777898235.79,-8770908220.95,-520000000,0,1
kabupaten,17,1705,3,2022,2023,10856030990.83,-6177905290.11,-2838125700.71,1840000000,0,0
kabupaten,17,1705,4,2022,2023,162182794.48,-11508578.45,139325783.97,290000000,1,0
kabupaten,17,1705,5,2022,2023,230291054.62,16809989.37,-57101044,190000000,0,1
kabupaten,17,1705,6,2022,2023,6859353150.07,1255353814.92,-2914706964.99,5200000000,0,1
kabupaten,17,1705,7,2022,2023,11087173398.7,-3141832619.13,-1405340779.57,6540000000,0,0
kabupaten,17,1705,8,2022,2023,2987824237.33,2082610934.78,-1120435172.11,3950000000,0,1
kabupaten,17,1705,9,2022,2023,2088795203.39,2760411438.26,-599206641.65,4250000000,0,1
kabupaten,17,1705,10,2022,2023,1692064588.03,2128389667.94,-350454255.97,3470000000,0,1
kabupaten,17,1705,11,2022,2023,1073130773.94,-2357145763.82,924014989.88,-360000000,1,0
kabupaten,17,1705,12,2022,2023,5939465961.46,1406372042.72,3894161995.83,11240000000,1,1
kabupaten,17,1705,13,2022,2023,164736854.23,138805980.67,26457165.1,330000000,1,1
kabupaten,17,1705,14,2022,2023,11709938302.42,5234110713.51,-204049015.93,16740000000,0,1
kabupaten,17,1705,15,2022,2023,6533710531.24,960222214.31,-43932745.55,7450000000,0,1
kabupaten,17,1705,16,2022,2023,1241273041.18,1268842351.36,-30115392.54,2480000000,0,1
kabupaten,17,1705,17,2022,2023,847522162.21,1129790918.04,-297313080.25,1680000000,0,1
kabupaten,17,1705,1,2023,2024,66630624334.3,-29684490929.73,-4866133404.57,32080000000,0,0
kabupaten,17,1705,2,2023,2024,4849742842.5,-1894401531.43,474658688.93,3430000000,1,0
kabupaten,17,1705,3,2023,2024,11914244873.31,-8096879705.1,8382634831.79,12200000000,1,0
kabupaten,17,1705,4,2023,2024,190167804.65,-24573703.76,24405899.11,190000000,1,0
kabupaten,17,1705,5,2023,2024,259741391.72,81210649.64,19047958.64,360000000,1,1
kabupaten,17,1705,6,2023,2024,7715246981.84,1651737395.8,-1616984377.64,7750000000,0,1
kabupaten,17,1705,7,2023,2024,12384098497.97,-3508587353.79,2144488855.83,11020000000,1,0
kabupaten,17,1705,8,2023,2024,3438790496.78,-493853631.78,935063135.01,3880000000,1,0
kabupaten,17,1705,9,2023,2024,2473109108.28,2536113336.81,870777554.9,5880000000,1,1
kabupaten,17,1705,10,2023,2024,2004646955.36,1984905554.64,50447490,4040000000,1,1
kabupaten,17,1705,11,2023,2024,1152602425.75,205034061.33,-87636487.08,1270000000,0,1
kabupaten,17,1705,12,2023,2024,6993073148.09,-557991884.85,174918736.76,6610000000,1,0
kabupaten,17,1705,13,2023,2024,194806043.79,150032798.17,15161158.04,360000000,1,1
kabupaten,17,1705,14,2023,2024,13535773275.89,11007518434.99,-2553291710.88,21990000000,0,1
kabupaten,17,1705,15,2023,2024,7464782068.4,2864096344.75,-28878413.15,10300000000,0,1
kabupaten,17,1705,16,2023,2024,1467538863.21,1402767260.21,-530306123.42,2340000000,0,1
kabupaten,17,1705,17,2023,2024,1001395829.85,1021434298.01,137169872.14,2160000000,1,1
kabupaten,17,1705,1,2024,2025,70449653557.59,-10120316922.83,-35999336634.76,24330000000,0,0
kabupaten,17,1705,2,2024,2025,5180241509.22,-9672059541.37,8401818032.15,3910000000,1,0
kabupaten,17,1705,3,2024,2025,12907191248.13,12422125581.88,3200683169.99,28530000000,1,1
kabupaten,17,1705,4,2024,2025,205789759,-55142207.45,-10647551.55,140000000,0,0
kabupaten,17,1705,5,2024,2025,285899059.13,-283895866.12,-2003193.01,-0,0,0
kabupaten,17,1705,6,2024,2025,8351034765.63,-2864816767.97,-4396217997.66,1090000000,0,0
kabupaten,17,1705,7,2024,2025,13336519533.23,-4296237208.78,-310282324.44,8730000000,0,0
kabupaten,17,1705,8,2024,2025,3742591374.66,-251295985.72,3758704611.06,7250000000,1,0
kabupaten,17,1705,9,2024,2025,2839802734.94,4026079087.01,734118178.06,7600000000,1,1
kabupaten,17,1705,10,2024,2025,2267045223.87,1837684400.43,355270375.7,4460000000,1,1
kabupaten,17,1705,11,2024,2025,1252967017.51,1215125681.47,-308092698.98,2160000000,0,1
kabupaten,17,1705,12,2024,2025,7549462067.98,920706996.53,-280169064.5,8190000000,0,1
kabupaten,17,1705,13,2024,2025,218741562.02,134056127.86,-2797689.88,350000000,0,1
kabupaten,17,1705,14,2024,2025,15053832673.61,-9753145028.02,179312354.41,5480000000,1,0
kabupaten,17,1705,15,2024,2025,8214321289.37,4182941045.45,1122737665.19,13520000000,1,1
kabupaten,17,1705,16,2024,2025,1630008394.14,870511531.41,49480074.45,2550000000,1,1
kabupaten,17,1705,17,2024,2025,1139278968.83,1359149167.53,11571863.64,2510000000,1,1
kabupaten,17,1771,1,2021,2022,52405521293.09,2285909523.13,-11291430816.22,43400000000,0,1
kabupaten,17,1771,2,2021,2022,924823597.04,-1529075432.58,764251835.54,160000000,1,0
kabupaten,17,1771,3,2021,2022,21937625912.18,-6264567945.5,-2873057966.68,12800000000,0,0
kabupaten,17,1771,4,2021,2022,808466480.92,695440180.73,-343906661.65,1160000000,0,1
kabupaten,17,1771,5,2021,2022,1838873387.04,396341445.21,-495214832.25,1740000000,0,1
kabupaten,17,1771,6,2021,2022,30188638302.21,-28435198754.28,-283439547.93,1470000000,0,0
kabupaten,17,1771,7,2021,2022,147432223270.09,-6722849570.89,180626300.8,140890000000,1,0
kabupaten,17,1771,8,2021,2022,102217140801.18,216866392230.81,70326466968.01,389410000000,1,1
kabupaten,17,1771,9,2021,2022,13615075443.35,12898860750.33,646063806.33,27160000000,1,1
kabupaten,17,1771,10,2021,2022,68129246251.97,62192363343.94,-10811609595.91,119510000000,0,1
kabupaten,17,1771,11,2021,2022,33907756495.36,-68511502914.15,2473746418.8,-32130000000,1,0
kabupaten,17,1771,12,2021,2022,36496055900.69,-3800190595.58,-8555865305.12,24140000000,0,0
kabupaten,17,1771,13,2021,2022,41363230972.93,67506732589.67,-4059963562.59,104810000000,0,1
kabupaten,17,1771,14,2021,2022,47433624816.34,-45275176595.96,-128448220.38,2030000000,0,0
kabupaten,17,1771,15,2021,2022,54917973096.8,7583913805.51,-22351886902.31,40150000000,0,1
kabupaten,17,1771,16,2021,2022,20442221493.85,-4405891263.57,-4416330230.28,11620000000,0,0
kabupaten,17,1771,17,2021,2022,8276869526.95,7338921318.05,-3205790845,12410000000,0,1
kabupaten,17,1771,1,2022,2023,53611416974.82,-27653732620.91,28052315646.09,54010000000,1,0
kabupaten,17,1771,2,2022,2023,920312865.24,777295011.97,-1217607877.21,480000000,0,1
kabupaten,17,1771,3,2022,2023,22213934723.61,-12641414247.91,-602520475.7,8970000000,0,0
kabupaten,17,1771,4,2022,2023,847947838.83,-60170835.35,-167777003.48,620000000,0,0
kabupaten,17,1771,5,2022,2023,1890429895.71,137991058.8,1011579045.49,3040000000,1,1
kabupaten,17,1771,6,2022,2023,29881647786.3,5468743148.79,3189609064.9,38540000000,1,1
kabupaten,17,1771,7,2022,2023,151624737122.68,-42966726308.71,62421989186.03,171080000000,1,0
kabupaten,17,1771,8,2022,2023,117542086715.18,81930667818.9,-6262754534.07,193210000000,0,1
kabupaten,17,1771,9,2022,2023,14604539358.68,19300378242.37,-404917601.05,33500000000,0,1
kabupaten,17,1771,10,2022,2023,72382479147.99,91047423277.1,-869902425.09,162560000000,0,1
kabupaten,17,1771,11,2022,2023,32124963604.9,-70562902222.99,-142061381.91,-38580000000,0,0
kabupaten,17,1771,12,2022,2023,37076859794.22,8779216748.55,-7446076542.77,38410000000,0,1
kabupaten,17,1771,13,2022,2023,45318384948.65,38184915541.34,816699510,84320000000,1,1
kabupaten,17,1771,14,2022,2023,46939361540.15,20980965806.79,-1930327346.94,65990000000,0,1
kabupaten,17,1771,15,2022,2023,55954766800.5,8223353303.1,-16208120103.61,47970000000,0,1
kabupaten,17,1771,16,2022,2023,20686606989.81,21146067129.29,-762674119.1,41070000000,0,1
kabupaten,17,1771,17,2022,2023,8703809970.18,11602629282.38,-496439252.56,19810000000,0,1
kabupaten,17,1771,1,2023,2024,60920951955.65,-27140784944.24,26889832988.6,60670000000,1,0
kabupaten,17,1771,2,2023,2024,1025050849.46,-400404302.26,355353452.8,980000000,1,0
kabupaten,17,1771,3,2023,2024,24620700991.36,-16732143438.55,3411442447.19,11300000000,1,0
kabupaten,17,1771,4,2023,2024,952694318.91,-123108262.26,-49586056.64,780000000,0,0
kabupaten,17,1771,5,2023,2024,2200844470.89,688115236.72,11040292.39,2900000000,1,1
kabupaten,17,1771,6,2023,2024,34347088463.36,7353279886.59,-4240368349.94,37460000000,0,1
kabupaten,17,1771,7,2023,2024,173147786134.24,-49055176108.92,-5782610025.32,118310000000,0,0
kabupaten,17,1771,8,2023,2024,137037239150.69,-19680273720.49,-1246965430.2,116110000000,0,0
kabupaten,17,1771,9,2023,2024,17467144769.1,17912132811.52,120722419.38,35500000000,1,1
kabupaten,17,1771,10,2023,2024,86409003665.77,85558063422.51,-4137067088.29,167830000000,0,1
kabupaten,17,1771,11,2023,2024,33214430465.9,5908446330.66,-2312876796.56,36810000000,0,1
kabupaten,17,1771,12,2023,2024,42181074367.13,-3365715858.04,-225358509.09,38590000000,0,0
kabupaten,17,1771,13,2023,2024,53290584750.02,41042543602.31,-2143128352.33,92190000000,0,1
kabupaten,17,1771,14,2023,2024,54206636979.74,44081748688.57,-17388385668.31,80900000000,0,1
kabupaten,17,1771,15,2023,2024,63194152957.09,24246406771.87,-6850559728.96,80590000000,0,1
kabupaten,17,1771,16,2023,2024,24445375551.95,23366449330.66,1308175117.39,49120000000,1,1
kabupaten,17,1771,17,2023,2024,10402642738.29,10610805204.12,-43447942.41,20970000000,0,1
kabupaten,17,1771,1,2024,2025,65916042806.26,-9469049311.26,21613006505,78060000000,1,0
kabupaten,17,1771,2,2024,2025,1107139309.5,-2067146348.87,2140007039.38,1180000000,1,0
kabupaten,17,1771,3,2024,2025,26005301666.62,25027995393.2,-743297059.82,50290000000,0,1
kabupaten,17,1771,4,2024,2025,1022712741.7,-274040061.29,-38672680.41,710000000,0,0
kabupaten,17,1771,5,2024,2025,2415271413.92,-2398348466.27,263077052.35,280000000,1,0
kabupaten,17,1771,6,2024,2025,37319421144.02,-12802401913.63,6932980769.62,31450000000,1,0
kabupaten,17,1771,7,2024,2025,184748355763.93,-59514985024.15,12896629260.23,138130000000,1,0
kabupaten,17,1771,8,2024,2025,147296538411.32,-9890213786.94,-61006324624.38,76400000000,0,0
kabupaten,17,1771,9,2024,2025,19767809274.32,28025454914.94,1486735810.73,49280000000,1,1
kabupaten,17,1771,10,2024,2025,97416746522.11,78966768523.12,-343515045.23,176040000000,0,1
kabupaten,17,1771,11,2024,2025,36116822249.34,35026044289.39,6157133461.27,77300000000,1,1
kabupaten,17,1771,12,2024,2025,45475699168.02,5546063284.9,498237547.08,51520000000,1,1
kabupaten,17,1771,13,2024,2025,59536560277.22,36487079379.9,666360342.88,96690000000,1,1
kabupaten,17,1771,14,2024,2025,59942383438.33,-38835741812.37,-7156641625.95,13950000000,0,0
kabupaten,17,1771,15,2024,2025,69222590146.11,35249901165.79,12697508688.1,117170000000,1,1
kabupaten,17,1771,16,2024,2025,27638188239.2,14760268509.04,6471543251.75,48870000000,1,1
kabupaten,17,1771,17,2024,2025,11764554404.44,14035003508.91,1660442086.65,27460000000,1,1
kabupaten,18,1804,1,2021,2022,101970650570.85,-54716252959.91,-32994397610.94,14260000000,0,0
kabupaten,18,1804,2,2021,2022,4869499185.9,-9117819805.3,7568320619.4,3320000000,1,0
kabupaten,18,1804,3,2021,2022,10612341767.1,-9681489149.9,979147382.8,1910000000,1,0
kabupaten,18,1804,4,2021,2022,39794677,18445558.92,-28240235.92,30000000,0,1
kabupaten,18,1804,5,2021,2022,244330758.8,-32151779.03,-382178979.77,-170000000,0,0
kabupaten,18,1804,6,2021,2022,9588377658.85,-945308760.22,5556931101.37,14200000000,1,0
kabupaten,18,1804,7,2021,2022,28460040452.86,74077907087.43,-7187947540.29,95350000000,0,1
kabupaten,18,1804,8,2021,2022,5622602750.68,21069998206.6,1737399042.72,28430000000,1,1
kabupaten,18,1804,9,2021,2022,2402657111.5,4679906597.41,-1002563708.91,6080000000,0,1
kabupaten,18,1804,10,2021,2022,8822865001.24,-7829684944.83,9996819943.59,10990000000,1,0
kabupaten,18,1804,11,2021,2022,3902873644.52,-7231788800.86,1008915156.34,-2320000000,1,0
kabupaten,18,1804,12,2021,2022,9952092448.66,-2007772896.13,-2054319552.52,5890000000,0,0
kabupaten,18,1804,13,2021,2022,375695982.88,1159519621.02,-1245215603.9,290000000,0,1
kabupaten,18,1804,14,2021,2022,13550729368.99,-17541102479.08,740373110.09,-3250000000,1,0
kabupaten,18,1804,15,2021,2022,9268308643.82,-3455336137.87,2117027494.05,7930000000,1,0
kabupaten,18,1804,16,2021,2022,3335478572.42,-3415448084.17,209969511.75,130000000,1,0
kabupaten,18,1804,17,2021,2022,3151481678.75,15589867902.6,3268650418.65,22010000000,1,1
kabupaten,18,1804,1,2022,2023,108971158176.75,-95817671571.75,-8263486605,4890000000,0,0
kabupaten,18,1804,2,2022,2023,5323759566.21,-1855484533.23,7241724967.02,10710000000,1,0
kabupaten,18,1804,3,2022,2023,11360262899.47,-7776699021.49,3346436122.02,6930000000,1,0
kabupaten,18,1804,4,2022,2023,43637373.49,-30584830.29,56947456.8,70000000,1,0
kabupaten,18,1804,5,2022,2023,251824009.54,-223440856.4,-78383153.13,-50000000,0,0
kabupaten,18,1804,6,2022,2023,10831159745.86,5892607746.28,3506232507.85,20230000000,1,1
kabupaten,18,1804,7,2022,2023,34567163590.48,39761888229.82,4200948179.7,78530000000,1,1
kabupaten,18,1804,8,2022,2023,7265168130.69,19165158656.19,3139673213.11,29570000000,1,1
kabupaten,18,1804,9,2022,2023,2828701825.52,5497039889.07,-845741714.59,7480000000,0,1
kabupaten,18,1804,10,2022,2023,9872046640.95,6422804785.86,1465148573.19,17760000000,1,1
kabupaten,18,1804,11,2022,2023,4040548051.91,-1204331866.38,753783814.46,3590000000,1,0
kabupaten,18,1804,12,2022,2023,10839796309.37,-8800428794.54,60632485.18,2100000000,1,0
kabupaten,18,1804,13,2022,2023,412282268.32,113125373.69,-395407642.01,130000000,0,1
kabupaten,18,1804,14,2022,2023,14247147889.65,-13885480614.47,40918332724.81,41280000000,1,0
kabupaten,18,1804,15,2022,2023,10206145281.76,-5191504009.48,355358727.72,5370000000,1,0
kabupaten,18,1804,16,2022,2023,3549173044.14,-525572025.85,-1273601018.28,1750000000,0,0
kabupaten,18,1804,17,2022,2023,4348282446.24,10363658340.44,908059213.33,15620000000,1,1
kabupaten,18,1804,1,2023,2024,109890878814.5,-156703076468.98,50122197654.48,3310000000,1,0
kabupaten,18,1804,2,2023,2024,5847702538.86,368913867.87,6003383593.27,12220000000,1,1
kabupaten,18,1804,3,2023,2024,11749842737.28,11274959923.96,7485197338.75,30510000000,1,1
kabupaten,18,1804,4,2023,2024,47118310.37,-113356633.51,136238323.13,70000000,1,0
kabupaten,18,1804,5,2023,2024,251145168.88,-268321321.03,-92823847.86,-110000000,0,0
kabupaten,18,1804,6,2023,2024,11825780985.07,-4685663227.73,11689882242.66,18830000000,1,0
kabupaten,18,1804,7,2023,2024,38380379825.4,22022037422.28,3397582752.32,63800000000,1,1
kabupaten,18,1804,8,2023,2024,8664279596.81,9964843199.16,890877204.02,19520000000,1,1
kabupaten,18,1804,9,2023,2024,3188948947.7,671762060.9,1279288991.4,5140000000,1,1
kabupaten,18,1804,10,2023,2024,10747549358.37,9512507877.03,3829942764.6,24090000000,1,1
kabupaten,18,1804,11,2023,2024,4230583828.48,216393799.02,1253022372.5,5700000000,1,1
kabupaten,18,1804,12,2023,2024,11005098957.79,5255565345.46,-350664303.25,15910000000,0,1
kabupaten,18,1804,13,2023,2024,420862578.09,405849155.37,-36711733.46,790000000,0,1
kabupaten,18,1804,14,2023,2024,16226539682.08,8807808598.58,-5894348280.66,19140000000,0,1
kabupaten,18,1804,15,2023,2024,10516989859.07,-7089734099.75,-367255759.32,3060000000,0,0
kabupaten,18,1804,16,2023,2024,3651897783.6,2171393252.53,1966708963.88,7790000000,1,1
kabupaten,18,1804,17,2023,2024,5090607357.62,6743446335.89,-1664053693.51,10170000000,0,1
kabupaten,18,1804,1,2024,2025,126987170935.53,15277013693.72,-16254184629.24,126010000000,0,1
kabupaten,18,1804,2,2024,2025,7393256851.78,-9036678542.47,-2456578309.3,-4100000000,0,0
kabupaten,18,1804,3,2024,2025,15169770003.05,3002524988.12,15867705008.83,34040000000,1,1
kabupaten,18,1804,4,2024,2025,58069136.29,-91582796.01,93513659.72,60000000,1,0
kabupaten,18,1804,5,2024,2025,284010866.57,-147035057.27,-416975809.3,-280000000,0,0
kabupaten,18,1804,6,2024,2025,14640812961.6,742168028.21,16707019010.19,32090000000,1,1
kabupaten,18,1804,7,2024,2025,47658395952.99,1110873433.54,-1209269386.54,47560000000,0,1
kabupaten,18,1804,8,2024,2025,11028912684.57,4257064740.44,2734022574.99,18020000000,1,1
kabupaten,18,1804,9,2024,2025,3951340773.69,1909538934.15,1719120292.15,7580000000,1,1
kabupaten,18,1804,10,2024,2025,13674225793.05,-1940538273.27,786312480.22,12520000000,1,0
kabupaten,18,1804,11,2024,2025,5182934364.21,663741215.06,-696675579.27,5150000000,0,1
kabupaten,18,1804,12,2024,2025,13539610977.11,-3387935430.33,-1031675546.77,9120000000,0,0
kabupaten,18,1804,13,2024,2025,527373337.73,-101810225.77,-115563111.96,310000000,0,0
kabupaten,18,1804,14,2024,2025,19735587818.9,-9435766572.2,-1829821246.7,8470000000,0,0
kabupaten,18,1804,15,2024,2025,12297987263.05,-7996461107.61,-591526155.44,3710000000,0,0
kabupaten,18,1804,16,2024,2025,4625470655.86,-2650227523.81,1624756867.95,3600000000,1,0
kabupaten,18,1804,17,2024,2025,6411360547.29,2554635794.81,354003657.9,9320000000,1,1
kabupaten,18,1801,1,2021,2022,365486722684.12,-196115880990.46,50419158306.34,219790000000,1,0
kabupaten,18,1801,2,2021,2022,20146376157.35,-37722776104.84,27516399947.49,9940000000,1,0
kabupaten,18,1801,3,2021,2022,305763898398.12,-278944075656.4,140520177258.29,167340000000,1,0
kabupaten,18,1801,4,2021,2022,1878907814.17,870908056.17,-639815870.34,2110000000,0,1
kabupaten,18,1801,5,2021,2022,1641423451.42,-215996890.29,594573438.87,2020000000,1,0
kabupaten,18,1801,6,2021,2022,170389681531.29,-16798551781.41,136748870250.12,290340000000,1,0
kabupaten,18,1801,7,2021,2022,174798760583.27,454979196777.15,-175437957360.42,454340000000,0,1
kabupaten,18,1801,8,2021,2022,65698872232.42,246198278892.32,-108557151124.74,203340000000,0,1
kabupaten,18,1801,9,2021,2022,16744145223.51,32614323252.59,-7358468476.09,42000000000,0,1
kabupaten,18,1801,10,2021,2022,53433981620.34,-47418978005.01,5384996384.67,11400000000,1,0
kabupaten,18,1801,11,2021,2022,22949547437.39,-42524123315.04,10084575877.65,-9490000000,1,0
kabupaten,18,1801,12,2021,2022,30222559534.29,-6097213847.02,-7985345687.27,16140000000,0,0
kabupaten,18,1801,13,2021,2022,1052205491.93,3247447321.28,-649652813.2,3650000000,0,1
kabupaten,18,1801,14,2021,2022,28179338215.08,-36477494750.53,3218156535.46,-5080000000,1,0
kabupaten,18,1801,15,2021,2022,31806216519.09,-11857737325.2,-1328479193.89,18620000000,0,0
kabupaten,18,1801,16,2021,2022,8416360236.16,-8618146038.17,11785802.01,-190000000,1,0
kabupaten,18,1801,17,2021,2022,7230650021.39,35768851027.57,-429501048.96,42570000000,0,1
kabupaten,18,1801,1,2022,2023,398245579844.97,-350174897770.59,-40930682074.38,7140000000,0,0
kabupaten,18,1801,2,2022,2023,21853233000.76,-7616485179.26,-4896747821.5,9340000000,0,0
kabupaten,18,1801,3,2022,2023,332418147374.07,-227557751461.08,71819604087.01,176680000000,1,0
kabupaten,18,1801,4,2022,2023,2091866591.84,-1466160302.05,714293710.21,1340000000,1,0
kabupaten,18,1801,5,2022,2023,1835497022.57,-1628617650.09,1603120627.52,1810000000,1,0
kabupaten,18,1801,6,2022,2023,194201766949.15,105653952403.73,53094280647.13,352950000000,1,1
kabupaten,18,1801,7,2022,2023,206340229675.92,237348868043.92,163230902280.16,606920000000,1,1
kabupaten,18,1801,8,2022,2023,79034556292.29,208489298997.04,-91573855289.33,195950000000,0,1
kabupaten,18,1801,9,2022,2023,19696364904.65,38276110466.56,-7932475371.21,50040000000,0,1
kabupaten,18,1801,10,2022,2023,57280871049.82,37267232023.65,-37828103073.46,56720000000,0,1
kabupaten,18,1801,11,2022,2023,23947826928.45,-7137925531.36,-13109901397.09,3700000000,0,0
kabupaten,18,1801,12,2022,2023,32838941777.75,-26660719496.5,4461777718.75,10640000000,1,0
kabupaten,18,1801,13,2022,2023,1283666070.27,352222773.21,-1125888843.48,510000000,0,1
kabupaten,18,1801,14,2022,2023,29703869225.82,-28949829362.65,8925960136.82,9680000000,1,0
kabupaten,18,1801,15,2022,2023,34633983318.64,-17617078563.87,2303095245.23,19320000000,1,0
kabupaten,18,1801,16,2022,2023,8932024886.95,-1322680623.47,-339344263.48,7270000000,0,0
kabupaten,18,1801,17,2022,2023,9616131627.65,22919003992.47,-125135620.12,32410000000,0,1
kabupaten,18,1801,1,2023,2024,401115888911.98,-571986451388.74,1490562476.77,-169380000000,1,0
kabupaten,18,1801,2,2023,2024,22420081469.9,1414415134.5,-4974496604.4,18860000000,0,1
kabupaten,18,1801,3,2023,2024,342623767365.65,328776251088.54,-219200018454.19,452200000000,0,1
kabupaten,18,1801,4,2023,2024,2166527358.53,-5212204041.61,4095676683.08,1050000000,1,0
kabupaten,18,1801,5,2023,2024,1930020888.01,-2062017583.62,-228003304.39,-360000000,0,0
kabupaten,18,1801,6,2023,2024,211588203676.6,-83836413564.55,122538209887.95,250290000000,1,0
kabupaten,18,1801,7,2023,2024,235422291917.02,135081480335,140816227747.98,511320000000,1,1
kabupaten,18,1801,8,2023,2024,88503283038.9,101788190032.36,-541473071.26,189750000000,0,1
kabupaten,18,1801,9,2023,2024,22111296426.19,4657813687.22,-2609110113.41,24160000000,0,1
kabupaten,18,1801,10,2023,2024,60241446001.35,53318873959.41,-18940319960.76,94620000000,0,1
kabupaten,18,1801,11,2023,2024,24270046976.21,1241409668.38,7618543355.41,33130000000,1,1
kabupaten,18,1801,12,2023,2024,33535428124.78,16015088512.5,-2110516637.27,47440000000,0,1
kabupaten,18,1801,13,2023,2024,1315195556.54,1268278610.53,66525832.93,2650000000,1,1
kabupaten,18,1801,14,2023,2024,30336415071.95,16466686228.61,456898699.44,47260000000,1,1
kabupaten,18,1801,15,2023,2024,35739009688.55,-24092452220.23,-2706557468.32,8940000000,0,0
kabupaten,18,1801,16,2023,2024,9321648645.42,5542588037.92,-2474236683.34,12390000000,0,1
kabupaten,18,1801,17,2023,2024,11160177668.63,14783709274.84,-1883886943.47,24060000000,0,1
kabupaten,18,1801,1,2024,2025,453940163785.54,54610635446,33389200768.45,541940000000,1,1
kabupaten,18,1801,2,2024,2025,26868061458.63,-32840470624.62,14272409165.99,8300000000,1,0
kabupaten,18,1801,3,2024,2025,419254412879,82982263461.95,3963323659.04,506200000000,1,1
kabupaten,18,1801,4,2024,2025,2555569897.85,-4030475595.35,3814905697.49,2340000000,1,0
kabupaten,18,1801,5,2024,2025,2208210882.61,-1143211235.25,-284999647.37,780000000,0,0
kabupaten,18,1801,6,2024,2025,257382472269.85,13047160867.51,-39839633137.36,230590000000,0,1
kabupaten,18,1801,7,2024,2025,298666460762.27,6961640863.42,27741898374.3,333370000000,1,1
kabupaten,18,1801,8,2024,2025,112148395009.31,43288308806.69,13293296184,168730000000,1,1
kabupaten,18,1801,9,2024,2025,26791515778.98,12947362785.21,7931121435.81,47670000000,1,1
kabupaten,18,1801,10,2024,2025,74512731979.41,-10574259226.09,-6318472753.32,57620000000,0,0
kabupaten,18,1801,11,2024,2025,29756209137.03,3810664195.3,-4136873332.34,29430000000,0,1
kabupaten,18,1801,12,2024,2025,41203747504.1,-10310165946.99,1396418442.89,32290000000,1,0
kabupaten,18,1801,13,2024,2025,1657609890.37,-320004113.04,302394222.68,1640000000,1,0
kabupaten,18,1801,14,2024,2025,37502631917.68,-17930354234.47,-17822277683.22,1750000000,0,0
kabupaten,18,1801,15,2024,2025,41714228002.19,-27123641838.19,3269413836,17860000000,1,0
kabupaten,18,1801,16,2024,2025,11411113181.58,-6538155461.61,-4952957719.97,-80000000,0,0
kabupaten,18,1801,17,2024,2025,14148809006.88,5637657354.67,4403533638.45,24190000000,1,1
kabupaten,18,1807,1,2021,2022,420703762574.02,-225744695805.31,-56589066768.71,138370000000,0,0
kabupaten,18,1807,2,2021,2022,291341537232.85,-545518037250.82,-319663499982.03,-573840000000,0,0
kabupaten,18,1807,3,2021,2022,103032269857.34,-93994881111.56,43122611254.22,52160000000,1,0
kabupaten,18,1807,4,2021,2022,6435612280.84,2983023722.33,7271363996.83,16690000000,1,1
kabupaten,18,1807,5,2021,2022,737699173.68,-97074723.37,179375549.69,820000000,1,0
kabupaten,18,1807,6,2021,2022,75036072736.43,-7397732902.65,67681660166.22,135320000000,1,0
kabupaten,18,1807,7,2021,2022,114915901789.75,299111644263.16,102582453947.08,516610000000,1,1
kabupaten,18,1807,8,2021,2022,24151089943.01,90503178750.29,21865731306.7,136520000000,1,1
kabupaten,18,1807,9,2021,2022,12252481519.25,23865439984.02,2882078496.73,39000000000,1,1
kabupaten,18,1807,10,2021,2022,58896549863.51,-52266631043.75,9420081180.24,16050000000,1,0
kabupaten,18,1807,11,2021,2022,16183596547.45,-29987225549.53,583629002.08,-13220000000,1,0
kabupaten,18,1807,12,2021,2022,27320543411.38,-5511750102,-2248793309.37,19560000000,0,0
kabupaten,18,1807,13,2021,2022,895166282.68,2762773402.24,-387939684.92,3270000000,0,1
kabupaten,18,1807,14,2021,2022,35211014851.45,-45579835821.6,6328820970.16,-4040000000,1,0
kabupaten,18,1807,15,2021,2022,33172928329.26,-12367263808.32,-2065664520.94,18740000000,0,0
kabupaten,18,1807,16,2021,2022,9477551622.89,-9704779937.95,-1182771684.95,-1410000000,0,0
kabupaten,18,1807,17,2021,2022,11204127125.1,55424996763.28,18810876111.62,85440000000,1,1
kabupaten,18,1807,1,2022,2023,453201397088.34,-398497211084.37,-52174186003.97,2530000000,0,0
kabupaten,18,1807,2,2022,2023,283406558601.27,-98775401022.68,-219281157578.59,-34650000000,0,0
kabupaten,18,1807,3,2022,2023,111821678689.02,-76547835814.88,15286157125.86,50560000000,1,0
kabupaten,18,1807,4,2022,2023,7595175767.74,-5323353430.46,-3921822337.27,-1650000000,0,0
kabupaten,18,1807,5,2022,2023,820928088.85,-728401058.95,-62527029.89,30000000,0,0
kabupaten,18,1807,6,2022,2023,85861532464.16,46712295190.67,44896172345.17,177470000000,1,1
kabupaten,18,1807,7,2022,2023,145557459403.25,167431713529.5,133680827067.24,446670000000,1,1
kabupaten,18,1807,8,2022,2023,31861191877.91,84048267890.17,10330540231.92,126240000000,1,1
kabupaten,18,1807,9,2022,2023,14788524054.55,28738662341.49,4012813603.95,47540000000,1,1
kabupaten,18,1807,10,2022,2023,63295101140.36,41180121337.65,-2515222478.02,101960000000,0,1
kabupaten,18,1807,11,2022,2023,16590838491.03,-4945090425.35,1964251934.32,13610000000,1,0
kabupaten,18,1807,12,2022,2023,29911601305.89,-24284120283.31,422518977.42,6050000000,1,0
kabupaten,18,1807,13,2022,2023,1099570900.84,301709238.1,-231280138.95,1170000000,0,1
kabupaten,18,1807,14,2022,2023,37220861366.05,-36276000849.79,21545139483.74,22490000000,1,0
kabupaten,18,1807,15,2022,2023,36091289770.93,-18358358653.59,767068882.65,18500000000,1,0
kabupaten,18,1807,16,2022,2023,10003867873.38,-1481402298.28,-1652465575.1,6870000000,0,0
kabupaten,18,1807,17,2022,2023,15785819861.27,37623784951.57,-929604812.84,52480000000,0,1
kabupaten,18,1807,1,2023,2024,456211832436.83,-650552606691.58,112260774254.75,-82080000000,1,0
kabupaten,18,1807,2,2023,2024,283631642778.18,17893462550.87,-67245105329.05,234280000000,0,1
kabupaten,18,1807,3,2023,2024,114848822968.16,110207081510.21,94434095521.63,319490000000,1,1
kabupaten,18,1807,4,2023,2024,7568207056.48,-18207496550.75,-26830710505.73,-37470000000,0,0
kabupaten,18,1807,5,2023,2024,827543917.14,-884140746.33,86596829.19,30000000,1,0
kabupaten,18,1807,6,2023,2024,94528479795.48,-37454492207.3,19436012411.82,76510000000,1,0
kabupaten,18,1807,7,2023,2024,166920502901.96,95776268452.12,156403228645.92,419100000000,1,1
kabupaten,18,1807,8,2023,2024,37839662904.42,43519637534.6,20430699560.98,101790000000,1,1
kabupaten,18,1807,9,2023,2024,17057743273.81,3593266923.95,5848989802.24,26500000000,1,1
kabupaten,18,1807,10,2023,2024,68363636299.21,60507712699.37,5688651001.42,134560000000,1,1
kabupaten,18,1807,11,2023,2024,17319410007.15,885885513.72,10194704479.13,28400000000,1,1
kabupaten,18,1807,12,2023,2024,30379416248.41,14507912001.78,11042671749.81,55930000000,1,1
kabupaten,18,1807,13,2023,2024,1160116845.7,1118732019.58,21151134.72,2300000000,1,1
kabupaten,18,1807,14,2023,2024,38487425307.22,20891076113.58,-528501420.8,58850000000,0,1
kabupaten,18,1807,15,2023,2024,37168112616.77,-25055841925.65,1037729308.88,13150000000,1,0
kabupaten,18,1807,16,2023,2024,10382039358.48,6173089047.49,644871594.03,17200000000,1,1
kabupaten,18,1807,17,2023,2024,18287393936.76,24225018936.34,3587587126.9,46100000000,1,1
kabupaten,18,1807,1,2024,2025,522128638922.09,62813954417.05,191117406660.87,776060000000,1,1
kabupaten,18,1807,2,2024,2025,339674356906.72,-415179403884.71,-318764953022.01,-394270000000,0,0
kabupaten,18,1807,3,2024,2025,149399745937.25,29570420006.75,26089834056.01,205060000000,1,1
kabupaten,18,1807,4,2024,2025,6755552155.1,-10654409459.55,-23781142695.55,-27680000000,0,0
kabupaten,18,1807,5,2024,2025,956557045.01,-495218445.68,508661400.66,970000000,1,0
kabupaten,18,1807,6,2024,2025,113123428597.69,5734421453.73,76022149948.58,194880000000,1,1
kabupaten,18,1807,7,2024,2025,214748112408.13,5005581245.61,153016306346.26,372770000000,1,1
kabupaten,18,1807,8,2024,2025,49039913495.38,18928981721.63,60451104782.99,128420000000,1,1
kabupaten,18,1807,9,2024,2025,21083319681.99,10188799726.42,18767880591.58,50040000000,1,1
kabupaten,18,1807,10,2024,2025,85994056025.77,-12203598179.32,-16070457846.46,57720000000,0,0
kabupaten,18,1807,11,2024,2025,21485580426.09,2751504120.3,-1557084546.39,22680000000,0,1
kabupaten,18,1807,12,2024,2025,38009945008.33,-9510999955.36,-68945052.98,28430000000,0,0
kabupaten,18,1807,13,2024,2025,1460174826.99,-281888973.46,1714146.47,1180000000,1,0
kabupaten,18,1807,14,2024,2025,47520613729.62,-22720043742.04,-18040569987.58,6760000000,0,0
kabupaten,18,1807,15,2024,2025,43585637894.34,-28340479691.32,8134841796.98,23380000000,1,0
kabupaten,18,1807,16,2024,2025,12888708749.46,-7384764322.5,-2953944426.96,2550000000,0,0
kabupaten,18,1807,17,2024,2025,23537004640.73,9378426640.38,9234568718.9,42150000000,1,1
kabupaten,18,1803,1,2021,2022,246684207440.45,-132367847218.44,-36316360222.02,78000000000,0,0
kabupaten,18,1803,2,2021,2022,23919596176.79,-44787884632.35,19868288455.56,-1000000000,1,0
kabupaten,18,1803,3,2021,2022,97133243866.4,-88613283215.48,97480039349.08,106000000000,1,0
kabupaten,18,1803,4,2021,2022,641849629.07,297509014.86,-939358643.93,-0,0,1
kabupaten,18,1803,5,2021,2022,427899752.72,-56307844.18,-371591908.53,0,0,0
kabupaten,18,1803,6,2021,2022,62259414020.1,-6138094636.35,-37121319383.75,19000000000,0,0
kabupaten,18,1803,7,2021,2022,94095155622.13,244917859730.37,-213013015352.5,126000000000,0,1
kabupaten,18,1803,8,2021,2022,39666307076.72,148644507895.88,-98310814972.6,90000000000,0,1
kabupaten,18,1803,9,2021,2022,8130095301.59,15835837106.11,-19965932407.7,4000000000,0,1
kabupaten,18,1803,10,2021,2022,44544364257.68,-39530054937.51,58985690679.83,64000000000,1,0
kabupaten,18,1803,11,2021,2022,13179312383.64,-24420468705.89,5241156322.26,-6000000000,1,0
kabupaten,18,1803,12,2021,2022,19383858798.01,-3910573230.5,-13473285567.51,2000000000,0,0
kabupaten,18,1803,13,2021,2022,684639604.34,2113019810.51,-1797659414.85,1000000000,0,1
kabupaten,18,1803,14,2021,2022,24989345558.58,-32348123808.84,5358778250.26,-2000000000,1,0
kabupaten,18,1803,15,2021,2022,27385584173.79,-10209672798.87,2824088625.08,20000000000,1,0
kabupaten,18,1803,16,2021,2022,7531035647.79,-7711595417.76,-819440230.03,-1000000000,0,0
kabupaten,18,1803,17,2021,2022,5177587007.86,25612681822.32,-3790268830.18,27000000000,0,1
kabupaten,18,1803,1,2022,2023,265597055544.24,-233537863269.14,-23059192275.1,9000000000,0,0
kabupaten,18,1803,2,2022,2023,25364223343.09,-8840167089.67,7475943746.58,24000000000,1,0
kabupaten,18,1803,3,2022,2023,108002499396.39,-73933406190.26,-16069093206.13,18000000000,0,0
kabupaten,18,1803,4,2022,2023,681833960.84,-477887973.29,796054012.45,1000000000,1,0
kabupaten,18,1803,5,2022,2023,454555973.89,-403322845.49,-51233128.4,0,0,0
kabupaten,18,1803,6,2022,2023,67001550551.46,36451669540.13,-3453220091.6,100000000000,0,1
kabupaten,18,1803,7,2022,2023,105684263929.55,121566407351.25,-68250671280.8,159000000000,0,1
kabupaten,18,1803,8,2022,2023,46228342544.67,121948109574.85,12823547880.48,181000000000,1,1
kabupaten,18,1803,9,2022,2023,8818385893.48,17136842977.34,-1955228870.82,24000000000,0,1
kabupaten,18,1803,10,2022,2023,50228435114.9,32678880598.44,23092684286.65,106000000000,1,1
kabupaten,18,1803,11,2022,2023,13727590411.49,-4091666370.19,3364075958.69,13000000000,1,0
kabupaten,18,1803,12,2022,2023,20682296812.02,-16791190093.17,1108893281.15,5000000000,1,0
kabupaten,18,1803,13,2022,2023,772745155.61,212032122.69,15222721.7,1000000000,1,1
kabupaten,18,1803,14,2022,2023,26455157680.43,-25783587141.05,25328429460.62,26000000000,1,0
kabupaten,18,1803,15,2022,2023,30000694276.78,-15260288808.89,16259594532.11,31000000000,1,0
kabupaten,18,1803,16,2022,2023,7954729543.08,-1177959842.78,4223230299.7,11000000000,1,0
kabupaten,18,1803,17,2022,2023,6727428413.58,16034094024.51,-761522438.09,22000000000,0,1
kabupaten,18,1803,1,2023,2024,267705196412.65,-381744402421.32,-194960793991.33,-309000000000,0,0
kabupaten,18,1803,2,2023,2024,26624132657.58,1679636009.55,-9303768667.13,19000000000,0,1
kabupaten,18,1803,3,2023,2024,109515762168.81,105089562226.84,-14605324395.65,200000000000,0,1
kabupaten,18,1803,4,2023,2024,731934918.42,-1760879743.79,2028944825.36,1000000000,1,0
kabupaten,18,1803,5,2023,2024,457459324.01,-488745575.64,31286251.63,0,1,0
kabupaten,18,1803,6,2023,2024,72004097599.71,-28529781905.7,135525684305.99,179000000000,1,0
kabupaten,18,1803,7,2023,2024,113632896084.93,65200706750.9,-40833602835.83,138000000000,0,1
kabupaten,18,1803,8,2023,2024,54803627016.81,63030000805.7,114166372177.49,232000000000,1,1
kabupaten,18,1803,9,2023,2024,9972613263.49,2100762147.13,926624589.38,13000000000,1,1
kabupaten,18,1803,10,2023,2024,55398324138.02,49032293517.84,15569382344.13,120000000000,1,1
kabupaten,18,1803,11,2023,2024,14409968706.42,737067978.93,-6147036685.35,9000000000,0,1
kabupaten,18,1803,12,2023,2024,21043128904.62,10049299825.05,-6092428729.67,25000000000,0,1
kabupaten,18,1803,13,2023,2024,823426783.22,794052695.29,-617479478.51,1000000000,0,1
kabupaten,18,1803,14,2023,2024,27813526900.02,15097255865.18,13089217234.8,56000000000,1,1
kabupaten,18,1803,15,2023,2024,31610439289.33,-21309292139.75,9698852850.42,20000000000,1,0
kabupaten,18,1803,16,2023,2024,8508743426.65,5059240197.54,1432016375.81,15000000000,1,1
kabupaten,18,1803,17,2023,2024,7776808508.23,10301814136.43,-2078622644.66,16000000000,0,1
kabupaten,18,1803,1,2024,2025,292615656761.2,35202716639.83,-71818373401.02,256000000000,0,1
kabupaten,18,1803,2,2024,2025,31726864462.11,-38779320271.53,33052455809.41,26000000000,1,0
kabupaten,18,1803,3,2024,2025,136937581388.88,27103806442.07,8958612169.06,173000000000,1,1
kabupaten,18,1803,4,2024,2025,897432106.25,-1415370483.8,1517938377.55,1000000000,1,0
kabupaten,18,1803,5,2024,2025,527901238.97,-273299362.96,-254601876.01,0,0,0
kabupaten,18,1803,6,2024,2025,92541087191.48,4691067114.22,-26232154305.7,71000000000,0,1
kabupaten,18,1803,7,2024,2025,138415704857.99,3226342939.95,-24642047797.94,117000000000,0,1
kabupaten,18,1803,8,2024,2025,75489877172.74,29138438535.49,18371684291.77,123000000000,1,1
kabupaten,18,1803,9,2024,2025,12194518620.21,5893166249.7,11912315130.09,30000000000,1,1
kabupaten,18,1803,10,2024,2025,70263654906.94,-9971263721.27,16707608814.33,77000000000,1,0
kabupaten,18,1803,11,2024,2025,17104000142.64,2190386572.42,-5294386715.06,14000000000,0,1
kabupaten,18,1803,12,2024,2025,25603210090.06,-6406537288.34,-4196672801.72,15000000000,0,0
kabupaten,18,1803,13,2024,2025,1003012354.04,-193633062.03,190620707.99,1000000000,1,0
kabupaten,18,1803,14,2024,2025,35052642267.62,-16758991584.7,-3293650682.92,15000000000,0,0
kabupaten,18,1803,15,2024,2025,37533778090.78,-24405407999.28,13871629908.5,27000000000,1,0
kabupaten,18,1803,16,2024,2025,10610814903.3,-6079613470.5,-1531201432.8,3000000000,0,0
kabupaten,18,1803,17,2024,2025,9818963044.85,3912410521.49,-5731373566.33,8000000000,0,1
kabupaten,18,1811,1,2021,2022,125832480281.03,-67520230410.28,-47662249870.75,10650000000,0,0
kabupaten,18,1811,2,2021,2022,1744975191.57,-3267352299.3,2442377107.72,920000000,1,0
kabupaten,18,1811,3,2021,2022,72773338844.07,-66390086738.94,8816747894.88,15200000000,1,0
kabupaten,18,1811,4,2021,2022,439453046.04,203694505.51,-153147551.55,490000000,0,1
kabupaten,18,1811,5,2021,2022,87719449.31,-11543108.06,-6176341.25,70000000,0,0
kabupaten,18,1811,6,2021,2022,25346213952.35,-2498858403.36,1022644451.02,23870000000,1,0
kabupaten,18,1811,7,2021,2022,36407422560.04,94763943507.5,9438633932.46,140610000000,1,1
kabupaten,18,1811,8,2021,2022,5306812733.18,19886614745.68,3496572521.14,28690000000,1,1
kabupaten,18,1811,9,2021,2022,2641853073.27,5145813594.37,1022333332.36,8810000000,1,1
kabupaten,18,1811,10,2021,2022,8348752075.23,-7408942381.23,10190306,950000000,1,0
kabupaten,18,1811,11,2021,2022,1050493892.92,-1946501645.23,266007752.31,-630000000,1,0
kabupaten,18,1811,12,2021,2022,7252045009.02,-1463055079.7,-28989929.32,5760000000,0,0
kabupaten,18,1811,13,2021,2022,50064271.07,154514573.64,-54578844.71,150000000,0,1
kabupaten,18,1811,14,2021,2022,7770659509.31,-10058937129.6,3678277620.29,1390000000,1,0
kabupaten,18,1811,15,2021,2022,6397957102.6,-2385234807.64,87277705.04,4100000000,1,0
kabupaten,18,1811,16,2021,2022,1522895219.91,-1559407277.94,-183487941.97,-220000000,0,0
kabupaten,18,1811,17,2021,2022,1149338735.79,5685592014.44,585069249.76,7420000000,1,1
kabupaten,18,1811,1,2022,2023,134155377354.18,-117962001156.83,-15923376197.35,270000000,0,0
kabupaten,18,1811,2,2022,2023,1895498411.12,-660636142.72,1775137731.6,3010000000,1,0
kabupaten,18,1811,3,2022,2023,77997714115.85,-53393548407.37,28885834291.52,53490000000,1,0
kabupaten,18,1811,4,2022,2023,489102227.91,-342804972.84,563702744.93,710000000,1,0
kabupaten,18,1811,5,2022,2023,96365866.46,-85504443.24,49138576.78,60000000,1,0
kabupaten,18,1811,6,2022,2023,28010193667.11,15238726789.23,9941079543.66,53190000000,1,1
kabupaten,18,1811,7,2022,2023,45066952031.38,51839576158.45,20753471810.17,117660000000,1,1
kabupaten,18,1811,8,2022,2023,6941524277.28,18311401979.52,2637073743.19,27890000000,1,1
kabupaten,18,1811,9,2022,2023,3206892395.8,6231980783.77,651126820.43,10090000000,1,1
kabupaten,18,1811,10,2022,2023,8912024424.1,5798209348.53,759766227.37,15470000000,1,1
kabupaten,18,1811,11,2022,2023,1087297889.55,-324081654.22,156783764.68,920000000,1,0
kabupaten,18,1811,12,2022,2023,7965638886.46,-6467006927.31,1231368040.85,2730000000,1,0
kabupaten,18,1811,13,2022,2023,60001388.55,16463670.7,-6465059.26,70000000,0,1
kabupaten,18,1811,14,2022,2023,8317919766.22,-8106767372.75,1248847606.53,1460000000,1,0
kabupaten,18,1811,15,2022,2023,6982888870.91,-3551947828.52,1079058957.61,4510000000,1,0
kabupaten,18,1811,16,2022,2023,1607764479.65,-238082512.22,110318032.57,1480000000,1,0
kabupaten,18,1811,17,2022,2023,1558217878.5,3713842859.19,67939262.31,5340000000,1,1
kabupaten,18,1811,1,2023,2024,135024608994.45,-192543474551.4,-3861134443.04,-61380000000,0,0
kabupaten,18,1811,2,2023,2024,2045300637.66,129031831.59,-654332469.26,1520000000,0,1
kabupaten,18,1811,3,2023,2024,80942852790.93,77671458397.73,50155688811.34,208770000000,1,1
kabupaten,18,1811,4,2023,2024,524705844.64,-1262330666.33,1317624821.68,580000000,1,0
kabupaten,18,1811,5,2023,2024,99726132.63,-106546535.49,-33179597.15,-40000000,0,0
kabupaten,18,1811,6,2023,2024,30622327149.46,-12133313854.94,14850986705.48,33340000000,1,0
kabupaten,18,1811,7,2023,2024,50737271085.65,29112220557.36,14030508356.99,93880000000,1,1
kabupaten,18,1811,8,2023,2024,8261715391.68,9501851540.49,1326433067.83,19090000000,1,1
kabupaten,18,1811,9,2023,2024,3688951988.84,777089263.96,-66041252.81,4400000000,0,1
kabupaten,18,1811,10,2023,2024,9676637080.86,8564658173.27,-71295254.13,18170000000,0,1
kabupaten,18,1811,11,2023,2024,1136328960.85,58123074.91,-34452035.76,1160000000,0,1
kabupaten,18,1811,12,2023,2024,8141403589.47,3887986717.1,-729390306.56,11300000000,0,1
kabupaten,18,1811,13,2023,2024,63586846.04,61318513.69,15094640.27,140000000,1,1
kabupaten,18,1811,14,2023,2024,8437837231.43,4580080336.07,-1617917567.5,11400000000,0,1
kabupaten,18,1811,15,2023,2024,7233804290.62,-4876466521.07,22662230.44,2380000000,1,0
kabupaten,18,1811,16,2023,2024,1685737608.99,1002327963.87,-458065572.86,2230000000,0,1
kabupaten,18,1811,17,2023,2024,1812453841.74,2400928682.85,-663382524.6,3550000000,0,1
kabupaten,18,1811,1,2024,2025,152576127692.13,18355457286.86,-54461584979,116470000000,0,1
kabupaten,18,1811,2,2024,2025,2440487427.76,-2982975001.92,-77512425.84,-620000000,0,0
kabupaten,18,1811,3,2024,2025,104427839389.37,20669212332.11,22642948278.51,147740000000,1,1
kabupaten,18,1811,4,2024,2025,636120992.96,-1003247901.75,1137126908.8,770000000,1,0
kabupaten,18,1811,5,2024,2025,112970865.14,-58486063.67,-124484801.47,-70000000,0,0
kabupaten,18,1811,6,2024,2025,37097731667.39,1880547920.05,-688279587.44,38290000000,0,1
kabupaten,18,1811,7,2024,2025,63505991146.88,1480266320.87,6443742532.25,71430000000,1,1
kabupaten,18,1811,8,2024,2025,10541659841,4068989364.44,-2320649205.44,12290000000,0,1
kabupaten,18,1811,9,2024,2025,4489272136.2,2169501549.24,-658773685.44,6000000000,0,1
kabupaten,18,1811,10,2024,2025,12125891459.15,-1720810876.62,2244919417.47,12650000000,1,0
kabupaten,18,1811,11,2024,2025,1372543221.32,175771761.98,-168314983.31,1380000000,0,1
kabupaten,18,1811,12,2024,2025,9991586749.99,-2500134665.08,-451452084.91,7040000000,0,0
kabupaten,18,1811,13,2024,2025,80768889.56,-15592557.1,24823667.54,90000000,1,0
kabupaten,18,1811,14,2024,2025,10338945765.23,-4943145334.13,-1175800431.1,4220000000,0,0
kabupaten,18,1811,15,2024,2025,8473342786.71,-5509580925.41,-533761861.3,2430000000,0,0
kabupaten,18,1811,16,2024,2025,2063038041.9,-1182046240.93,-350991800.96,530000000,0,0
kabupaten,18,1811,17,2024,2025,2278949648.63,908057861.36,-1007007509.99,2180000000,0,1
kabupaten,18,1809,1,2021,2022,199261361546.26,-106921305321.34,-16410056224.92,75930000000,0,0
kabupaten,18,1809,2,2021,2022,5653411532.88,-10585644575.36,1182233042.48,-3750000000,1,0
kabupaten,18,1809,3,2021,2022,69427162777.83,-63337417687.2,31270254909.37,37360000000,1,0
kabupaten,18,1809,4,2021,2022,318357416.02,147564471.37,-5921887.39,460000000,0,1
kabupaten,18,1809,5,2021,2022,320496914.78,-42174575.29,-188322339.49,90000000,0,0
kabupaten,18,1809,6,2021,2022,52332567656.85,-5159416578.15,36716848921.3,83890000000,1,0
kabupaten,18,1809,7,2021,2022,72302221216.33,188193591444.48,-80665812660.81,179830000000,0,1
kabupaten,18,1809,8,2021,2022,13300408013.65,49841609912.92,-3672017926.57,59470000000,0,1
kabupaten,18,1809,9,2021,2022,5912718783.02,11516820901.7,3050460315.28,20480000000,1,1
kabupaten,18,1809,10,2021,2022,19470722447.81,-17278924974.27,21188202526.46,23380000000,1,0
kabupaten,18,1809,11,2021,2022,2096280888.55,-3884281694.49,-1671999194.07,-3460000000,0,0
kabupaten,18,1809,12,2021,2022,10685084725.06,-2155649539.49,10420564814.43,18950000000,1,0
kabupaten,18,1809,13,2021,2022,278134839.27,858414298.02,-206549137.28,930000000,0,1
kabupaten,18,1809,14,2021,2022,16789502597.3,-21733618730.95,-1355883866.35,-6300000000,0,0
kabupaten,18,1809,15,2021,2022,16780944602.24,-6256136533.65,-824808068.6,9700000000,0,0
kabupaten,18,1809,16,2021,2022,3513056969.79,-3597283998.85,94227029.06,10000000,1,0
kabupaten,18,1809,17,2021,2022,3502359475.98,17325603364.94,2532037159.09,23360000000,1,1
kabupaten,18,1809,1,2022,2023,215125887539.28,-189158874547.21,77752987007.93,103720000000,1,0
kabupaten,18,1809,2,2022,2023,5835135036.83,-2033713708.42,1818578671.59,5620000000,1,0
kabupaten,18,1809,3,2022,2023,75450382438.17,-51649765544.2,-14760616893.97,9040000000,0,0
kabupaten,18,1809,4,2022,2023,359099219.37,-251687665.93,362588446.56,470000000,1,0
kabupaten,18,1809,5,2022,2023,344553428.21,-305718716.88,81165288.67,120000000,1,0
kabupaten,18,1809,6,2022,2023,59405920227.75,32319326270.01,-895246497.77,90830000000,0,1
kabupaten,18,1809,7,2022,2023,84980602986.76,97751417434.57,-13872020421.33,168860000000,0,1
kabupaten,18,1809,8,2022,2023,16832207713.17,44402541765.55,3435250521.28,64670000000,1,1
kabupaten,18,1809,9,2022,2023,7211985081.75,14015110859.72,292904058.53,21520000000,1,1
kabupaten,18,1809,10,2022,2023,21746412346.9,14148328748.51,2175258904.6,38070000000,1,1
kabupaten,18,1809,11,2022,2023,2069593349.12,-616866125.28,-322727223.84,1130000000,0,0
kabupaten,18,1809,12,2022,2023,12212100794.54,-9914551935.01,1182451140.47,3480000000,1,0
kabupaten,18,1809,13,2022,2023,337735088.6,92670510.09,-20405598.69,410000000,0,1
kabupaten,18,1809,14,2022,2023,17549042483.99,-17103555820.52,534513336.53,980000000,1,0
kabupaten,18,1809,15,2022,2023,18267240922.74,-9291897369.13,1234656446.39,10210000000,1,0
kabupaten,18,1809,16,2022,2023,3732359101.62,-552698758.23,-689660343.38,2490000000,0,0
kabupaten,18,1809,17,2022,2023,4782383401.3,11398290758.91,1059325839.79,17240000000,1,1
kabupaten,18,1809,1,2023,2024,221244712547.2,-315492309122.08,-23392403425.12,-117640000000,0,0
kabupaten,18,1809,2,2023,2024,6129497482.46,386691458.62,-376188941.08,6140000000,0,1
kabupaten,18,1809,3,2023,2024,76345844043.92,73260242813.7,-47056086857.62,102550000000,0,1
kabupaten,18,1809,4,2023,2024,382893454.2,-921160215.97,978266761.77,440000000,1,0
kabupaten,18,1809,5,2023,2024,352243679.49,-376334093.24,34090413.75,10000000,1,0
kabupaten,18,1809,6,2023,2024,63940462095.33,-25334772594.06,74624310498.73,113230000000,1,0
kabupaten,18,1809,7,2023,2024,93248051147.57,53504214425.91,45507734426.52,192260000000,1,1
kabupaten,18,1809,8,2023,2024,19898108216.61,22884941110.56,5106950672.83,47890000000,1,1
kabupaten,18,1809,9,2023,2024,8242502100.07,1736308824.17,7681189075.76,17660000000,1,1
kabupaten,18,1809,10,2023,2024,23626859166.64,20911807560.77,4851333272.58,49390000000,1,1
kabupaten,18,1809,11,2023,2024,2134505205.85,109179656.81,86315137.34,2330000000,1,1
kabupaten,18,1809,12,2023,2024,12449298043.7,5945253161.72,1195448794.58,19590000000,1,1
kabupaten,18,1809,13,2023,2024,358648110.03,345854062.84,35497827.14,740000000,1,1
kabupaten,18,1809,14,2023,2024,17705963135.94,9610843556.94,-4456806692.88,22860000000,0,1
kabupaten,18,1809,15,2023,2024,18850983823.94,-12707862669.97,3016878846.02,9160000000,1,0
kabupaten,18,1809,16,2023,2024,3870105881.15,2301138283.4,2498755835.45,8670000000,1,1
kabupaten,18,1809,17,2023,2024,5601589422.54,7420336123.56,598074453.89,13620000000,1,1
kabupaten,18,1809,1,2024,2025,249102869237.84,29967971697.1,-92340840934.93,186730000000,0,1
kabupaten,18,1809,2,2024,2025,7397480061.69,-9041840515.22,-655639546.47,-2300000000,0,0
kabupaten,18,1809,3,2024,2025,93515592878.62,18509371225.85,33235035895.53,145260000000,1,1
kabupaten,18,1809,4,2024,2025,465080991.53,-733494938.96,718413947.43,450000000,1,0
kabupaten,18,1809,5,2024,2025,407011855.25,-210713808.84,73701953.59,270000000,1,0
kabupaten,18,1809,6,2024,2025,79763765603.45,4043362673.65,3142871722.91,86950000000,1,1
kabupaten,18,1809,7,2024,2025,117756289870.89,2744790953.09,31088919176.02,151590000000,1,1
kabupaten,18,1809,8,2024,2025,25490239224.92,9839011490.38,6220749284.7,41550000000,1,1
kabupaten,18,1809,9,2024,2025,10443998111.79,5047203510.13,-1501201621.92,13990000000,0,1
kabupaten,18,1809,10,2024,2025,29872347409.61,-4239247935.35,566900525.74,26200000000,1,0
kabupaten,18,1809,11,2024,2025,2586188169.72,331194562.29,-467382732.01,2450000000,0,1
kabupaten,18,1809,12,2024,2025,15400462844.48,-3853565202.32,-1396897642.16,10150000000,0,0
kabupaten,18,1809,13,2024,2025,452939263.04,-87440614.33,-95498648.71,270000000,0,0
kabupaten,18,1809,14,2024,2025,21639199686.63,-10345900964.58,3636701277.96,14930000000,1,0
kabupaten,18,1809,15,2024,2025,22237311790.38,-14459260289.19,5201948498.81,12980000000,1,0
kabupaten,18,1809,16,2024,2025,4923734855.88,-2821122131.31,-682612724.56,1420000000,0,0
kabupaten,18,1809,17,2024,2025,7183152158.67,2862159675.58,-765311834.25,9280000000,0,1
kabupaten,18,1813,1,2021,2022,63997114915.87,-34340099909.52,-83627015006.36,-53970000000,0,0
kabupaten,18,1813,2,2021,2022,6915287903.63,-12948425823.67,15253137920.04,9220000000,1,0
kabupaten,18,1813,3,2021,2022,5599068264.28,-5107950708.7,-1591117555.58,-1100000000,0,0
kabupaten,18,1813,4,2021,2022,26957684.42,12495378.62,-19453063.05,20000000,0,1
kabupaten,18,1813,5,2021,2022,68463960.43,-9009255.07,-29454705.36,30000000,0,0
kabupaten,18,1813,6,2021,2022,10430912271.94,-1028373422.34,7817461150.39,17220000000,1,0
kabupaten,18,1813,7,2021,2022,17377436857.53,45231283317.46,2881279825.01,65490000000,1,1
kabupaten,18,1813,8,2021,2022,1386823098.55,5196945524.17,966231377.28,7550000000,1,1
kabupaten,18,1813,9,2021,2022,2331197852.79,4540717923.9,1658084223.31,8530000000,1,1
kabupaten,18,1813,10,2021,2022,3667528780.52,-3254679163.01,2857150382.49,3270000000,1,0
kabupaten,18,1813,11,2021,2022,1918274591.42,-3554446792.48,176172201.06,-1460000000,1,0
kabupaten,18,1813,12,2021,2022,5205828391.54,-1050243574.44,3974415182.91,8130000000,1,0
kabupaten,18,1813,13,2021,2022,182713194.41,563912161.93,-566625356.34,180000000,0,1
kabupaten,18,1813,14,2021,2022,6667533946.81,-8630966869.68,12173432922.87,10210000000,1,0
kabupaten,18,1813,15,2021,2022,5175019609.34,-1929309106.71,2394289497.37,5640000000,1,0
kabupaten,18,1813,16,2021,2022,1730854499.73,-1772352469.59,941497969.86,900000000,1,0
kabupaten,18,1813,17,2021,2022,1366711810.17,6760901300.87,452386888.96,8580000000,1,1
kabupaten,18,1813,1,2022,2023,65530607419.95,-57620661510.07,-45379945909.89,-37470000000,0,0
kabupaten,18,1813,2,2022,2023,7765179701.97,-2706390222.09,14711210520.12,19770000000,1,0
kabupaten,18,1813,3,2022,2023,5897863761.23,-4037398759.76,-3350465001.47,-1490000000,0,0
kabupaten,18,1813,4,2022,2023,29546138.3,-20708478.84,61162340.54,70000000,1,0
kabupaten,18,1813,5,2022,2023,74092623.74,-65741623.81,51649000.07,60000000,1,0
kabupaten,18,1813,6,2022,2023,11863456362.57,6454220646.73,4992322990.7,23310000000,1,1
kabupaten,18,1813,7,2022,2023,21436859728.68,24658373207.25,8744767064.08,54840000000,1,1
kabupaten,18,1813,8,2022,2023,1816405671.67,4791589438.16,342004890.17,6950000000,1,1
kabupaten,18,1813,9,2022,2023,2864157191.48,5565940597.95,-550097789.44,7880000000,0,1
kabupaten,18,1813,10,2022,2023,4044639055.68,2631463163.48,-796102219.16,5880000000,0,1
kabupaten,18,1813,11,2022,2023,1971409258.76,-587601226.74,-503808032.02,880000000,0,0
kabupaten,18,1813,12,2022,2023,5899681985.13,-4789733103.72,350051118.59,1460000000,1,0
kabupaten,18,1813,13,2022,2023,202277408.38,55502526.23,-167779934.61,90000000,0,1
kabupaten,18,1813,14,2022,2023,7546992834.5,-7355410606.58,13818417772.07,14010000000,1,0
kabupaten,18,1813,15,2022,2023,5753769517.51,-2926738420.35,-2127031097.16,700000000,0,0
kabupaten,18,1813,16,2022,2023,1879588952.04,-278335082.85,788746130.81,2390000000,1,0
kabupaten,18,1813,17,2022,2023,1841860806.2,4389874931.58,4718264262.22,10950000000,1,1
kabupaten,18,1813,1,2023,2024,64235065899.99,-91598434304.16,-2146631595.83,-29510000000,0,0
kabupaten,18,1813,2,2023,2024,8719174715.7,550066363.26,9050758921.04,18320000000,1,1
kabupaten,18,1813,3,2023,2024,5867373289.8,5630236947.04,-19137610236.84,-7640000000,0,1
kabupaten,18,1813,4,2023,2024,32937071.33,-79239588.47,86302517.14,40000000,1,0
kabupaten,18,1813,5,2023,2024,77310625.76,-82598002.28,-4712623.48,-10000000,0,0
kabupaten,18,1813,6,2023,2024,13005568581.7,-5153123885.51,-582444696.19,7270000000,0,0
kabupaten,18,1813,7,2023,2024,24082488653.36,13818140121.55,8339371225.08,46240000000,1,1
kabupaten,18,1813,8,2023,2024,2145941688.95,2468061216.86,365997094.2,4980000000,1,1
kabupaten,18,1813,9,2023,2024,3242929147.93,683133158.76,753937693.31,4680000000,1,1
kabupaten,18,1813,10,2023,2024,4339459147.59,3840795510.41,-350254658,7830000000,0,1
kabupaten,18,1813,11,2023,2024,2024257508.76,103540501.8,72201989.44,2200000000,1,1
kabupaten,18,1813,12,2023,2024,6004153627.68,2867327395.74,-11481023.41,8860000000,0,1
kabupaten,18,1813,13,2023,2024,207686533.1,200277735.37,-7964268.47,400000000,0,1
kabupaten,18,1813,14,2023,2024,8236097669.54,4470575569.03,-2496673238.56,10210000000,0,1
kabupaten,18,1813,15,2023,2024,5822542276.04,-3925103767.8,242561491.75,2140000000,1,0
kabupaten,18,1813,16,2023,2024,2000927083.23,1189737452.91,-230664536.14,2960000000,0,1
kabupaten,18,1813,17,2023,2024,2354543140.7,3119025727.07,2866431132.23,8340000000,1,1
kabupaten,18,1813,1,2024,2025,72568471716.28,8730248323.31,-27378720039.59,53920000000,0,1
kabupaten,18,1813,2,2024,2025,11028912684.57,-13480491832.16,7131579147.59,4680000000,1,0
kabupaten,18,1813,3,2024,2025,6367544744.46,1260316550.9,-5557861295.36,2070000000,0,1
kabupaten,18,1813,4,2024,2025,40120494.16,-63275386.33,63154892.17,40000000,1,0
kabupaten,18,1813,5,2024,2025,88687408.15,-45914292.98,-2773115.17,40000000,0,0
kabupaten,18,1813,6,2024,2025,15392016424.65,780247825.72,5087735749.62,21260000000,1,1
kabupaten,18,1813,7,2024,2025,30231848153.35,704676611.31,4093475235.35,35030000000,1,1
kabupaten,18,1813,8,2024,2025,2739279529.02,1057338164.76,573382306.22,4370000000,1,1
kabupaten,18,1813,9,2024,2025,3989349662.9,1927907244.54,222743092.56,6140000000,1,1
kabupaten,18,1813,10,2024,2025,5421017822.99,-769308092.82,888290269.83,5540000000,1,0
kabupaten,18,1813,11,2024,2025,2452101255.02,314023013.24,-326124268.25,2440000000,0,1
kabupaten,18,1813,12,2024,2025,7396424259.21,-1850762761.79,-95661497.42,5450000000,0,0
kabupaten,18,1813,13,2024,2025,260783212.05,-50344596.13,-20438615.92,190000000,0,0
kabupaten,18,1813,14,2024,2025,10043321071.41,-4801804441.25,2278483369.84,7520000000,1,0
kabupaten,18,1813,15,2024,2025,6832097834.75,-4442402114.3,-729695720.45,1660000000,0,0
kabupaten,18,1813,16,2024,2025,2465298785.99,-1412527109.81,-322771676.18,730000000,0,0
kabupaten,18,1813,17,2024,2025,3157377310.28,1258071361.78,754551327.94,5170000000,1,1
kabupaten,18,1810,1,2021,2022,77833681319.68,-41764638864.69,1290957545.01,37360000000,1,0
kabupaten,18,1810,2,2021,2022,320924814.54,-600910795.6,399985981.07,120000000,1,0
kabupaten,18,1810,3,2021,2022,49193922970.68,-44878919463.22,124996492.54,4440000000,1,0
kabupaten,18,1810,4,2021,2022,281130137.53,130308948.51,-101439086.04,310000000,0,1
kabupaten,18,1810,5,2021,2022,190843289.71,-25113298.51,14270008.8,180000000,1,0
kabupaten,18,1810,6,2021,2022,42759594389.1,-4215626521.76,-1783967867.34,36760000000,0,0
kabupaten,18,1810,7,2021,2022,51888407713.53,135059001475.6,-27297409189.13,159650000000,0,1
kabupaten,18,1810,8,2021,2022,15119409862.45,56658091067.89,-16887500930.33,54890000000,0,1
kabupaten,18,1810,9,2021,2022,7623889894.13,14849847879.98,-2913737774.11,19560000000,0,1
kabupaten,18,1810,10,2021,2022,22909752760.38,-20330827486.59,-208925273.79,2370000000,0,0
kabupaten,18,1810,11,2021,2022,13401820255.05,-24832762333.4,280942078.35,-11150000000,1,0
kabupaten,18,1810,12,2021,2022,13529762281.11,-2729545584.44,-860216696.67,9940000000,0,0
kabupaten,18,1810,13,2021,2022,737699173.68,2276778845.82,-174478019.5,2840000000,0,1
kabupaten,18,1810,14,2021,2022,13266176033.44,-17172754836.39,416578802.96,-3490000000,1,0
kabupaten,18,1810,15,2021,2022,18510943302.47,-6901100707.49,-1009842594.98,10600000000,0,0
kabupaten,18,1810,16,2021,2022,5523330008.05,-5655754184.8,-1327575823.25,-1460000000,0,0
kabupaten,18,1810,17,2021,2022,3667956680.28,18144785833.14,-712742513.41,21100000000,0,1
kabupaten,18,1810,1,2022,2023,84380589101.22,-74195334883.18,-8565254218.04,1620000000,0,0
kabupaten,18,1810,2,2022,2023,346371652.1,-120720561.33,94348909.23,320000000,1,0
kabupaten,18,1810,3,2022,2023,52460304946.71,-35911845153.27,-1428459793.43,15120000000,0,0
kabupaten,18,1810,4,2022,2023,312734510.04,-219191283.75,336456773.71,430000000,1,0
kabupaten,18,1810,5,2022,2023,210913971.89,-187141800.31,26227828.42,50000000,1,0
kabupaten,18,1810,6,2022,2023,47094271674.93,25621270167.61,-105541842.54,72610000000,0,1
kabupaten,18,1810,7,2022,2023,62377807185.05,71751892249.45,-1099699434.5,133030000000,0,1
kabupaten,18,1810,8,2022,2023,18556338522.13,48950714623.15,1472946854.72,68980000000,1,1
kabupaten,18,1810,9,2022,2023,8987935271.74,17466329700.57,-444264972.31,26010000000,0,1
kabupaten,18,1810,10,2022,2023,24444656607.91,15903820470.07,-6988477077.98,33360000000,0,1
kabupaten,18,1810,11,2022,2023,13729863191.36,-4092343798.4,-1997519392.97,7640000000,0,0
kabupaten,18,1810,12,2022,2023,14824433976.49,-12035408406.78,-159025569.71,2630000000,0,0
kabupaten,18,1810,13,2022,2023,912748395.57,250447354.33,-313195749.9,850000000,0,1
kabupaten,18,1810,14,2022,2023,13933958823.64,-13580241928.21,66283104.57,420000000,1,0
kabupaten,18,1810,15,2022,2023,20145920762.83,-10247515151.66,-58405611.17,9840000000,0,0
kabupaten,18,1810,16,2022,2023,5801043338.79,-859035629.35,-102007709.44,4840000000,0,0
kabupaten,18,1810,17,2022,2023,4855566913.1,11572715700.66,-1278282613.76,15150000000,0,1
kabupaten,18,1810,1,2023,2024,84993655105.07,-121199933779.68,39026278674.61,2820000000,1,0
kabupaten,18,1810,2,2023,2024,363222703.27,22914621.85,203862674.88,590000000,1,1
kabupaten,18,1810,3,2023,2024,53487059082.3,51325320779.81,-38142379862.1,66670000000,0,1
kabupaten,18,1810,4,2023,2024,334402765.85,-804501932.94,680099167.09,210000000,1,0
kabupaten,18,1810,5,2023,2024,214548422.96,-229221674.97,74673252.01,60000000,1,0
kabupaten,18,1810,6,2023,2024,50716685416.07,-20095189331.37,-371496084.71,30250000000,0,0
kabupaten,18,1810,7,2023,2024,68861809503.06,39511785780.67,736404716.26,109110000000,1,1
kabupaten,18,1810,8,2023,2024,21830416401.24,25107301072.19,-1907717473.44,45030000000,0,1
kabupaten,18,1810,9,2023,2024,10235194915.48,2156075792.65,-1270708.13,12390000000,0,1
kabupaten,18,1810,10,2023,2024,26126874372.38,23124536578.73,-7381410951.11,41870000000,0,1
kabupaten,18,1810,11,2023,2024,14167057805.37,724643118.71,-1101700924.08,13790000000,0,1
kabupaten,18,1810,12,2023,2024,15039432736.27,7182190892.36,68376371.38,22290000000,1,1
kabupaten,18,1810,13,2023,2024,957462365.16,923306828.47,39230806.37,1920000000,1,1
kabupaten,18,1810,14,2023,2024,14042171409.92,7622127730.88,-1804299140.8,19860000000,0,1
kabupaten,18,1810,15,2023,2024,20724737215.1,-13971001028.93,76263813.83,6830000000,1,0
kabupaten,18,1810,16,2023,2024,6059506205.88,3602940626.7,-922446832.58,8740000000,0,1
kabupaten,18,1810,17,2023,2024,5579631374.99,7391248648.35,-1120880023.35,11850000000,0,1
kabupaten,18,1810,1,2024,2025,98230278843.86,11817456078.28,13652265077.86,123700000000,1,1
kabupaten,18,1810,2,2024,2025,450299756.84,-550395344.29,370095587.44,270000000,1,0
kabupaten,18,1810,3,2024,2025,65242786223.09,12913386023.01,12873827753.9,91030000000,1,1
kabupaten,18,1810,4,2024,2025,396981731.71,-626093296.36,619111564.66,390000000,1,0
kabupaten,18,1810,5,2024,2025,250753088.51,-129817197.4,-40935891.11,80000000,0,0
kabupaten,18,1810,6,2024,2025,60123200007.56,3047748572.19,-15070948579.75,48100000000,0,1
kabupaten,18,1810,7,2024,2025,85225431821.83,1986526532.84,-2101958354.67,85110000000,0,1
kabupaten,18,1810,8,2024,2025,27569114303.98,10641439259.28,5679446436.74,43890000000,1,1
kabupaten,18,1810,9,2024,2025,12465331955.8,6024040461.22,-149372417.02,18340000000,0,1
kabupaten,18,1810,10,2024,2025,32360345948.87,-4592325064.72,-2648020884.16,25120000000,0,0
kabupaten,18,1810,11,2024,2025,17076549278.21,2186871137.18,-1803420415.39,17460000000,0,1
kabupaten,18,1810,12,2024,2025,18531972994.05,-4637144154.78,-3984828839.27,9910000000,0,0
kabupaten,18,1810,13,2024,2025,1206254331.05,-232869235.13,-133385095.92,840000000,0,0
kabupaten,18,1810,14,2024,2025,17252868292.02,-8248755466.43,-1754112825.59,7250000000,0,0
kabupaten,18,1810,15,2024,2025,24276594276.52,-15785253131.69,-5061341144.84,3430000000,0,0
kabupaten,18,1810,16,2024,2025,7453965494.26,-4270852845.94,3126887351.68,6310000000,1,0
kabupaten,18,1810,17,2024,2025,7064374379.9,2814832128.95,-1219206508.85,8660000000,0,1
kabupaten,18,1806,1,2021,2022,184996467489.98,-99266930780.62,17300463290.64,103030000000,1,0
kabupaten,18,1806,2,2021,2022,31667576999.21,-59295473667.02,-6552103332.19,-34180000000,0,0
kabupaten,18,1806,3,2021,2022,30425384017.08,-27756647091.43,2541263074.35,5210000000,1,0
kabupaten,18,1806,4,2021,2022,357296293.52,165613351.61,57090354.88,580000000,1,1
kabupaten,18,1806,5,2021,2022,617887242.92,-81308527,-416578715.92,120000000,0,0
kabupaten,18,1806,6,2021,2022,34951279701.55,-3445812426.06,-185467275.49,31320000000,0,0
kabupaten,18,1806,7,2021,2022,53973991108.27,140487512836.79,-51121503945.06,143340000000,0,1
kabupaten,18,1806,8,2021,2022,24363328220.36,91298515060.06,9008156719.58,124670000000,1,1
kabupaten,18,1806,9,2021,2022,7694065453.58,14986536158.15,2729398388.27,25410000000,1,1
kabupaten,18,1806,10,2021,2022,20795927981.97,-18454953601.95,-400974380.02,1940000000,0,0
kabupaten,18,1806,11,2021,2022,8893468460.44,-16479059142.31,7165590681.88,-420000000,1,0
kabupaten,18,1806,12,2021,2022,13875933181.06,-2799383415.42,1153450234.36,12230000000,1,0
kabupaten,18,1806,13,2021,2022,365426388.82,1127824323.86,26749287.32,1520000000,1,1
kabupaten,18,1806,14,2021,2022,21021003251.9,-27211197435.5,560194183.6,-5630000000,1,0
kabupaten,18,1806,15,2021,2022,20733882517.83,-7729838991.71,575956473.88,13580000000,1,0
kabupaten,18,1806,16,2021,2022,7694493353.33,-7878972091.03,-105521262.3,-290000000,0,0
kabupaten,18,1806,17,2021,2022,5233641875.46,25889976146.19,1546381978.35,32670000000,1,1
kabupaten,18,1806,1,2022,2023,201204201726.93,-176917621529.33,19663419802.4,43950000000,1,0
kabupaten,18,1806,2,2022,2023,32086651640.96,-11183128220.3,7086476579.34,27990000000,1,0
kabupaten,18,1806,3,2022,2023,32557571629.91,-22287374656.47,-4740196973.44,5530000000,0,0
kabupaten,18,1806,4,2022,2023,405918484.68,-284502640.1,-21415844.59,100000000,0,0
kabupaten,18,1806,5,2022,2023,661833497.98,-587238063.03,355404565.05,430000000,1,0
kabupaten,18,1806,6,2022,2023,38552255813.58,20974053247.68,10793690938.75,70320000000,1,1
kabupaten,18,1806,7,2022,2023,63851932208.38,73447547557.15,9480520234.47,146780000000,1,1
kabupaten,18,1806,8,2022,2023,31548002811.9,83222090431.99,-8390093243.88,106380000000,0,1
kabupaten,18,1806,9,2022,2023,9328397696.18,18127953174.28,5783649129.54,33240000000,1,1
kabupaten,18,1806,10,2022,2023,22179604190.01,14430165610.14,-139769800.15,36470000000,0,1
kabupaten,18,1806,11,2022,2023,9428400010.44,-2810243173.86,1301843163.42,7920000000,1,0
kabupaten,18,1806,12,2022,2023,15296263077.39,-12418468963.19,-967794114.2,1910000000,0,0
kabupaten,18,1806,13,2022,2023,457283309.73,125473126.72,-22756436.45,560000000,0,1
kabupaten,18,1806,14,2022,2023,22074601760.05,-21514232686.1,6269630926.05,6830000000,1,0
kabupaten,18,1806,15,2022,2023,22642796727.41,-11517587370.26,-945209357.15,10180000000,0,0
kabupaten,18,1806,16,2022,2023,8160643399.26,-1208452174.71,2257808775.46,9210000000,1,0
kabupaten,18,1806,17,2022,2023,7044708483.36,16790296567.02,3514994949.63,27350000000,1,1
kabupaten,18,1806,1,2023,2024,204499871451.01,-291614366356.82,97414494905.81,10300000000,1,0
kabupaten,18,1806,2,2023,2024,33572024870.7,2117957516.65,13240017612.66,48930000000,1,1
kabupaten,18,1806,3,2023,2024,33018499088.64,31684020143.73,-41972519232.37,22730000000,0,1
kabupaten,18,1806,4,2023,2024,413085769.58,-993796505.4,570710735.82,-10000000,1,0
kabupaten,18,1806,5,2023,2024,685731526.7,-732629617.88,386898091.19,340000000,1,0
kabupaten,18,1806,6,2023,2024,42015351614.01,-16647508380.74,33272156766.73,58640000000,1,0
kabupaten,18,1806,7,2023,2024,70974356661.36,40723930964.96,-9798287626.31,101900000000,0,1
kabupaten,18,1806,8,2023,2024,36615959212.68,42112248117.61,-15748207330.29,62980000000,0,1
kabupaten,18,1806,9,2023,2024,10908575040.42,2297925420.2,3393499539.37,16600000000,1,1
kabupaten,18,1806,10,2023,2024,23989624410.59,21232886080.67,5607489508.74,50830000000,1,1
kabupaten,18,1806,11,2023,2024,9850929083.3,503873709.78,965197206.91,11320000000,1,1
kabupaten,18,1806,12,2023,2024,15481338443.26,7393226188.68,-4534564631.95,18340000000,0,1
kabupaten,18,1806,13,2023,2024,485821802.1,468491090.22,-314312892.32,640000000,0,1
kabupaten,18,1806,14,2023,2024,22528041870.36,12228280630.54,-5226322500.91,29530000000,0,1
kabupaten,18,1806,15,2023,2024,23253114898.93,-15675436016.72,12082321117.8,19660000000,1,0
kabupaten,18,1806,16,2023,2024,8634087281.43,5133768789.7,-657856071.13,13110000000,0,1
kabupaten,18,1806,17,2023,2024,8340855854.74,11048998655.85,-6799854510.59,12590000000,0,1
kabupaten,18,1806,1,2024,2025,236533540737.96,28455836241.22,-112979376979.17,152010000000,0,1
kabupaten,18,1806,2,2024,2025,41324636887.83,-50510548588.61,1085911700.78,-8100000000,1,0
kabupaten,18,1806,3,2024,2025,39302775142.57,7779126805.78,-44841901948.35,2240000000,0,1
kabupaten,18,1806,4,2024,2025,476166917.55,-750978927.29,-5187990.26,-280000000,0,0
kabupaten,18,1806,5,2024,2025,809272599.34,-418967923.41,-110304675.93,280000000,0,0
kabupaten,18,1806,6,2024,2025,51580702158.54,2614714641.55,212904583199.91,267100000000,1,1
kabupaten,18,1806,7,2024,2025,87282662950.1,2034478700.79,-36067141650.89,53250000000,0,1
kabupaten,18,1806,8,2024,2025,45578992972.69,17593096385.69,-21642089358.38,41530000000,0,1
kabupaten,18,1806,9,2024,2025,13464649001.17,6506973955.18,3668377043.64,23640000000,1,1
kabupaten,18,1806,10,2024,2025,30366990870.52,-4309443833.98,-4917547036.55,21140000000,0,0
kabupaten,18,1806,11,2024,2025,11965409482.5,1532324137.36,-967733619.86,12530000000,0,1
kabupaten,18,1806,12,2024,2025,18833404601.5,-4712569573.17,-2310835028.33,11810000000,0,0
kabupaten,18,1806,13,2024,2025,594416795.08,-114753067.29,-119663727.79,360000000,0,0
kabupaten,18,1806,14,2024,2025,27555916773.01,-13174737977.86,-3601178795.15,10780000000,0,0
kabupaten,18,1806,15,2024,2025,27871601713.91,-18122817526.56,1741215812.64,11490000000,1,0
kabupaten,18,1806,16,2024,2025,10655686508.61,-6105323278.71,-1310363229.91,3240000000,0,0
kabupaten,18,1806,17,2024,2025,10289850950.01,4100037950.8,-13199888900.8,1190000000,0,1
kabupaten,18,1812,1,2021,2022,113230404663.81,-60758104706.15,-26862299957.66,25610000000,0,0
kabupaten,18,1812,2,2021,2022,1655116243.5,-3099097276.53,-656018966.98,-2100000000,0,0
kabupaten,18,1812,3,2021,2022,92949240084.35,-84796275800.15,117807035715.79,125960000000,1,0
kabupaten,18,1812,4,2021,2022,164313505.04,76162307.8,-120475812.85,120000000,0,1
kabupaten,18,1812,5,2021,2022,321352714.29,-42287190.98,-19065523.31,260000000,0,0
kabupaten,18,1812,6,2021,2022,30038990540.38,-2961514649.94,-12617475890.44,14460000000,0,0
kabupaten,18,1812,7,2021,2022,38811791270.55,101022212965.55,-110554004236.1,29280000000,0,1
kabupaten,18,1812,8,2021,2022,2799320182.26,10490101085.81,-11899421268.08,1390000000,0,1
kabupaten,18,1812,9,2021,2022,2839542759.02,5530874475.59,-8250417234.61,120000000,0,1
kabupaten,18,1812,10,2021,2022,18692800697.37,-16588573006.2,11655772308.82,13760000000,1,0
kabupaten,18,1812,11,2021,2022,1792044164.37,-3320549446.11,2708505281.74,1180000000,1,0
kabupaten,18,1812,12,2021,2022,7273867896.41,-1467457711.81,-3006410184.6,2800000000,0,0
kabupaten,18,1812,13,2021,2022,227642668.44,702579086.99,-820221755.44,110000000,0,1
kabupaten,18,1812,14,2021,2022,9034675378.83,-11695176131.85,7940500753.01,5280000000,1,0
kabupaten,18,1812,15,2021,2022,8512637680.52,-3173612979.07,-2139024701.45,3200000000,0,0
kabupaten,18,1812,16,2021,2022,1671376434.11,-1711448392.15,1750071958.04,1710000000,1,0
kabupaten,18,1812,17,2021,2022,1489519039.2,7368408712.69,-8477927751.89,380000000,0,1
kabupaten,18,1812,1,2022,2023,121448265104.07,-106788715228.9,106740450124.83,121400000000,1,0
kabupaten,18,1812,2,2022,2023,1662765752.49,-579522064.77,-73243687.72,1010000000,0,0
kabupaten,18,1812,3,2022,2023,104465144807.58,-71511900437,-18703244370.57,14250000000,0,0
kabupaten,18,1812,4,2022,2023,180004165.66,-126162424.95,96158259.29,150000000,1,0
kabupaten,18,1812,5,2022,2023,353189991.71,-313381850.95,250191859.23,290000000,1,0
kabupaten,18,1812,6,2022,2023,32567571861.34,17718132751.3,-15545704612.64,34740000000,0,1
kabupaten,18,1812,7,2022,2023,42560530391.34,48956491555.72,49962978052.94,141480000000,1,1
kabupaten,18,1812,8,2022,2023,3036888461.56,8011163422.51,-1378051884.08,9670000000,0,1
kabupaten,18,1812,9,2022,2023,3021888114.42,5872460418.22,-2124348532.64,6770000000,0,1
kabupaten,18,1812,10,2022,2023,20482746739.48,13326181345.22,-29908928084.7,3900000000,0,1
kabupaten,18,1812,11,2022,2023,1957318023.57,-583401171.86,-2713916851.72,-1340000000,0,0
kabupaten,18,1812,12,2022,2023,7854272672.85,-6376592826.81,6852320153.95,8330000000,1,0
kabupaten,18,1812,13,2022,2023,246823893.82,67725554.48,235450551.7,550000000,1,1
kabupaten,18,1812,14,2022,2023,9837500386.94,-9587773074,3620272687.06,3870000000,1,0
kabupaten,18,1812,15,2022,2023,9188394456.22,-4673810272.47,3575415816.24,8090000000,1,0
kabupaten,18,1812,16,2022,2023,1853224705.55,-274430987.37,-1638793718.18,-60000000,0,0
kabupaten,18,1812,17,2022,2023,1599582472.12,3812430869.75,-892013341.87,4520000000,0,1
kabupaten,18,1812,1,2023,2024,127777538383.43,-182209238695.01,56411700311.59,1980000000,1,0
kabupaten,18,1812,2,2023,2024,1719589598.97,108483707.21,1771926693.82,3600000000,1,1
kabupaten,18,1812,3,2023,2024,105784266462.83,101508879022.64,-136773145485.48,70520000000,0,1
kabupaten,18,1812,4,2023,2024,188015782.17,-452325984.19,544310202.02,280000000,1,0
kabupaten,18,1812,5,2023,2024,368712215.15,-393928933.97,175216718.81,150000000,1,0
kabupaten,18,1812,6,2023,2024,34364801879.21,-13616173739.12,32761371859.91,53510000000,1,0
kabupaten,18,1812,7,2023,2024,49304508482.84,28290124689.63,88485366827.53,166080000000,1,1
kabupaten,18,1812,8,2023,2024,3498648910.05,4023818415.38,6527532674.57,14050000000,1,1
kabupaten,18,1812,9,2023,2024,3350889548.4,705875354.48,7253235097.12,11310000000,1,1
kabupaten,18,1812,10,2023,2024,20791983735.73,18402698370.6,-5724682106.33,33470000000,0,1
kabupaten,18,1812,11,2023,2024,1908520299.78,97620558.99,-236140858.77,1770000000,0,1
kabupaten,18,1812,12,2023,2024,8285503276.53,3956802574.59,-9572305851.13,2670000000,0,1
kabupaten,18,1812,13,2023,2024,273560675.76,263801950.99,-117362626.75,420000000,0,1
kabupaten,18,1812,14,2023,2024,10077371448.69,5470023839.71,-13027395288.4,2520000000,0,1
kabupaten,18,1812,15,2023,2024,9617167368.73,-6483143974.73,3505976606,6640000000,1,0
kabupaten,18,1812,16,2023,2024,1862316908.06,1107320798.08,-989637706.13,1980000000,0,1
kabupaten,18,1812,17,2023,2024,1816570975.66,2406382584.46,2437046439.89,6660000000,1,1
kabupaten,18,1812,1,2024,2025,147557898514.48,17751746256.05,-233679644770.53,-68370000000,0,1
kabupaten,18,1812,2,2024,2025,2174425203.32,-2657770718.78,2983345515.46,2500000000,1,0
kabupaten,18,1812,3,2024,2025,125796225740.41,24898618180.85,9025156078.74,159720000000,1,1
kabupaten,18,1812,4,2024,2025,231748643.91,-365498613.17,533749969.26,400000000,1,0
kabupaten,18,1812,5,2024,2025,433406917.19,-224378776.99,-269028140.21,-60000000,0,0
kabupaten,18,1812,6,2024,2025,42481268502.41,2153448675.5,21175282822.09,65810000000,1,1
kabupaten,18,1812,7,2024,2025,65664051411.79,1530568723.38,51495379864.83,118690000000,1,1
kabupaten,18,1812,8,2024,2025,4779089916.4,1844687301.13,2826222782.47,9450000000,1,1
kabupaten,18,1812,9,2024,2025,4463932876.73,2157256008.98,638811114.29,7260000000,1,1
kabupaten,18,1812,10,2024,2025,25760524659.27,-3655730481.37,26305205822.1,48410000000,1,0
kabupaten,18,1812,11,2024,2025,2295842488.28,294012074.18,-59854562.46,2530000000,0,1
kabupaten,18,1812,12,2024,2025,9702296871.03,-2427747398.4,10565450527.36,17840000000,1,0
kabupaten,18,1812,13,2024,2025,337856792.94,-65223768.26,207366975.32,480000000,1,0
kabupaten,18,1812,14,2024,2025,11762167505.5,-5623600775.58,11371433270.09,17510000000,1,0
kabupaten,18,1812,15,2024,2025,11448594169.55,-7444164321.81,105570152.26,4110000000,1,0
kabupaten,18,1812,16,2024,2025,2253610389.16,-1291237308.73,2937626919.57,3900000000,1,0
kabupaten,18,1812,17,2024,2025,2447878045.1,975368149.9,2096753805,5520000000,1,1
kabupaten,18,1805,1,2021,2022,251225079616.27,-134804425873.56,-90750653742.7,25670000000,0,0
kabupaten,18,1805,2,2021,2022,7326927465.75,-13719194070.84,10262266605.09,3870000000,1,0
kabupaten,18,1805,3,2021,2022,168634436745.65,-153842809201.12,172858372455.47,187650000000,1,0
kabupaten,18,1805,4,2021,2022,870775996.78,403620563.49,-644396560.27,630000000,0,1
kabupaten,18,1805,5,2021,2022,360291591.79,-47411204.8,-72880386.98,240000000,0,0
kabupaten,18,1805,6,2021,2022,62318892085.72,-6143958520.57,22755066434.85,78930000000,1,0
kabupaten,18,1805,7,2021,2022,74599614988.66,194173418588.15,-107623033576.8,161150000000,0,1
kabupaten,18,1805,8,2021,2022,25344074453.58,94973738491.53,-55827812945.12,64490000000,0,1
kabupaten,18,1805,9,2021,2022,8566980949.12,16686804984.28,-10683785933.4,14570000000,0,1
kabupaten,18,1805,10,2021,2022,29345365041.22,-26041990082.75,38106625041.53,41410000000,1,0
kabupaten,18,1805,11,2021,2022,8407802241.11,-15579149013.06,5761346771.95,-1410000000,1,0
kabupaten,18,1805,12,2021,2022,14043669884.12,-2833223254.41,5829553370.29,17040000000,1,0
kabupaten,18,1805,13,2021,2022,291399731.6,899354056.85,-560753788.45,630000000,0,1
kabupaten,18,1805,14,2021,2022,18080904050.99,-23405307731.89,2044403680.9,-3280000000,1,0
kabupaten,18,1805,15,2021,2022,12368442352.24,-4611103003.93,2912660651.69,10670000000,1,0
kabupaten,18,1805,16,2021,2022,3114682300.02,-3189358127.61,644675827.59,570000000,1,0
kabupaten,18,1805,17,2021,2022,2500218255.12,12368173544.45,3291608200.43,18160000000,1,1
kabupaten,18,1805,1,2022,2023,268042112127.8,-235687786538.91,74575674411.11,106930000000,1,0
kabupaten,18,1805,2,2022,2023,7959275102.82,-2774038095.7,864762992.88,6050000000,1,0
kabupaten,18,1805,3,2022,2023,187669343048.37,-128469561784.21,13890218735.84,73090000000,1,0
kabupaten,18,1805,4,2022,2023,953658433.22,-668405978.64,214747545.42,500000000,1,0
kabupaten,18,1805,5,2022,2023,393645473.39,-349277584.19,-24367889.2,20000000,0,0
kabupaten,18,1805,6,2022,2023,69788887783.36,37968098560.62,-19256986343.98,88500000000,0,1
kabupaten,18,1805,7,2022,2023,86572003451.35,99581972239.46,32116024309.19,218270000000,1,1
kabupaten,18,1805,8,2022,2023,29854327253.18,78754257036.94,3881415709.87,112490000000,1,1
kabupaten,18,1805,9,2022,2023,9762953207.22,18972428529.25,-9125381736.47,19610000000,0,1
kabupaten,18,1805,10,2022,2023,33055764977.29,21506252271.49,2957982751.22,57520000000,1,1
kabupaten,18,1805,11,2022,2023,8867477938.66,-2643053892.37,-3644424046.28,2580000000,0,0
kabupaten,18,1805,12,2022,2023,15693090442.6,-12740638390.69,-2672452051.91,280000000,0,0
kabupaten,18,1805,13,2022,2023,338189644.57,92795234.87,-260984879.44,170000000,0,1
kabupaten,18,1805,14,2022,2023,19058168317.31,-18574372131.66,7746203814.35,8230000000,1,0
kabupaten,18,1805,15,2022,2023,13623951649.45,-6930020851.21,1346069201.76,8040000000,1,0
kabupaten,18,1805,16,2022,2023,3334622624.46,-493800766.09,-880821858.37,1960000000,0,0
kabupaten,18,1805,17,2022,2023,3481444204.03,8297643657.68,-1859087861.71,9920000000,0,1
kabupaten,18,1805,1,2023,2024,274645769276.58,-391641576162.84,126975806886.25,9980000000,1,0
kabupaten,18,1805,2,2023,2024,8286875654.5,522793922.9,-4759669577.41,4050000000,0,1
kabupaten,18,1805,3,2023,2024,192211599089.37,184443155973.16,-98694755062.52,277960000000,0,1
kabupaten,18,1805,4,2023,2024,982622627.98,-2363981056.03,1501358428.05,120000000,1,0
kabupaten,18,1805,5,2023,2024,397074693.24,-424231159.65,17156466.41,-10000000,1,0
kabupaten,18,1805,6,2023,2024,74283159951.95,-29432802067.41,91339642115.47,136190000000,1,0
kabupaten,18,1805,7,2023,2024,97109922760.89,55720093517.66,17919983721.45,170750000000,1,1
kabupaten,18,1805,8,2023,2024,35190973418.38,40473362871.29,-5214336289.67,70450000000,0,1
kabupaten,18,1805,9,2023,2024,10722389095.55,2258704769.11,-2231093864.66,10750000000,0,1
kabupaten,18,1805,10,2023,2024,35898205533.3,31773007177.75,9188787288.94,76860000000,1,1
kabupaten,18,1805,11,2023,2024,9042140998.45,462504307.03,605354694.52,10110000000,1,1
kabupaten,18,1805,12,2023,2024,15806134563.31,7548334946.85,-9414469510.16,13940000000,0,1
kabupaten,18,1805,13,2023,2024,348126545.57,335707833.95,-33834379.53,650000000,0,1
kabupaten,18,1805,14,2023,2024,19556386101.57,10615258030.21,-5651644131.78,24520000000,0,1
kabupaten,18,1805,15,2023,2024,14078768155.84,-9490807161.98,-867960993.86,3720000000,0,0
kabupaten,18,1805,16,2023,2024,3445583628.47,2048720277.84,2465696093.69,7960000000,1,1
kabupaten,18,1805,17,2023,2024,3957480612.04,5242411417.31,-839892029.35,8360000000,0,1
kabupaten,18,1805,1,2024,2025,317463968079.53,38192057921.15,-29496026000.67,326160000000,0,1
kabupaten,18,1805,2,2024,2025,9776730945.73,-11949966912.29,5443235966.56,3270000000,1,0
kabupaten,18,1805,3,2024,2025,236482862219.01,46806622838.24,-40309485057.25,242980000000,0,1
kabupaten,18,1805,4,2024,2025,1140266676.18,-1798353085.3,2058086409.13,1400000000,1,0
kabupaten,18,1805,5,2024,2025,457690374.19,-236950547.68,-50739826.5,170000000,0,0
kabupaten,18,1805,6,2024,2025,92911145960,4709826030.63,-38410971990.63,59210000000,0,1
kabupaten,18,1805,7,2024,2025,121077316565.26,2822201034.84,-9309517600.09,114590000000,0,1
kabupaten,18,1805,8,2024,2025,44328922838.81,17110580144.77,12890497016.42,74330000000,1,1
kabupaten,18,1805,9,2024,2025,12940970972.12,6253899456.5,745129571.39,19940000000,1,1
kabupaten,18,1805,10,2024,2025,45483442848.44,-6454651472.28,-5078791376.15,33950000000,0,0
kabupaten,18,1805,11,2024,2025,10968204042.08,1404619191.83,467176766.09,12840000000,1,1
kabupaten,18,1805,12,2024,2025,18975937936.02,-4748234832.3,2872296896.28,17100000000,1,0
kabupaten,18,1805,13,2024,2025,436046423.39,-84179425.91,-51866997.47,300000000,0,0
kabupaten,18,1805,14,2024,2025,23862191803.93,-11408734000.17,-4103457803.76,8350000000,0,0
kabupaten,18,1805,15,2024,2025,16443067791.44,-10691696882.72,768629091.28,6520000000,1,0
kabupaten,18,1805,16,2024,2025,4396361518.14,-2518956267.78,-667405250.37,1210000000,0,0
kabupaten,18,1805,17,2024,2025,5008199054.11,1995539710.61,146261235.28,7150000000,1,1
kabupaten,18,1808,1,2021,2022,139636954203.38,-74927548916.98,26220594713.6,90930000000,1,0
kabupaten,18,1808,2,2021,2022,19161350926.6,-35878380569.53,42417029642.93,25700000000,1,0
kabupaten,18,1808,3,2021,2022,89922705133.4,-82035210812.56,30572505679.16,38460000000,1,0
kabupaten,18,1808,4,2021,2022,480531422.3,222735082.46,-63266504.76,640000000,0,1
kabupaten,18,1808,5,2021,2022,240479661.03,-31645008.43,1165347.41,210000000,1,0
kabupaten,18,1808,6,2021,2022,38002204938.41,-3746600156.35,-23475604782.06,10780000000,0,0
kabupaten,18,1808,7,2021,2022,44075814028.45,114723802371.66,-33139616400.11,125660000000,0,1
kabupaten,18,1808,8,2021,2022,11440755688.35,42872796198.62,6396448113.03,60710000000,1,1
kabupaten,18,1808,9,2021,2022,3198122751.8,6229318238.48,-4907440990.27,4520000000,0,1
kabupaten,18,1808,10,2021,2022,21712489252.29,-19268338594.04,27845849341.75,30290000000,1,0
kabupaten,18,1808,11,2021,2022,4110405024.58,-7616331895.74,2175926871.16,-1330000000,1,0
kabupaten,18,1808,12,2021,2022,10348755519.42,-2087797209.26,-8220958310.16,40000000,0,0
kabupaten,18,1808,13,2021,2022,207959279.82,641829767.44,-849789047.26,0,0,1
kabupaten,18,1808,14,2021,2022,14353897204.84,-18580784472.05,4506887267.21,280000000,1,0
kabupaten,18,1808,15,2021,2022,12755263728.69,-4755314632.21,21480050903.52,29480000000,1,0
kabupaten,18,1808,16,2021,2022,4767231145,-4881527531.21,-1185703613.8,-1300000000,0,0
kabupaten,18,1808,17,2021,2022,2210102222.78,10933016662.17,876881115.05,14020000000,1,1
kabupaten,18,1808,1,2022,2023,152468982986.26,-134065042356.99,-17933940629.27,470000000,0,0
kabupaten,18,1808,2,2022,2023,21523225363.72,-7501467951.54,25368242587.82,39390000000,1,0
kabupaten,18,1808,3,2022,2023,97272705632.7,-66588296539.07,14675590906.37,45360000000,1,0
kabupaten,18,1808,4,2022,2023,539557941.01,-378168682.86,578610741.85,740000000,1,0
kabupaten,18,1808,5,2022,2023,265006132.78,-235137218.92,10131086.14,40000000,1,0
kabupaten,18,1808,6,2022,2023,40859581937.05,22229335978.92,15161082084.03,78250000000,1,1
kabupaten,18,1808,7,2022,2023,52533488458.5,60428177479.53,41638334061.97,154600000000,1,1
kabupaten,18,1808,8,2022,2023,14913072391.4,39339956528.34,8876971080.26,63130000000,1,1
kabupaten,18,1808,9,2022,2023,3602810649.06,7001372032.91,-84182681.97,10520000000,0,1
kabupaten,18,1808,10,2022,2023,24441929272.07,15902046051.21,1816024676.72,42160000000,1,1
kabupaten,18,1808,11,2022,2023,4306008740.67,-1283455480.95,1217446740.29,4240000000,1,0
kabupaten,18,1808,12,2022,2023,10995254452.44,-8926639498.1,-458614954.34,1610000000,0,0
kabupaten,18,1808,13,2022,2023,220914203.31,60616242.13,-41530445.44,240000000,0,1
kabupaten,18,1808,14,2022,2023,15260807711.43,-14873408437.91,2402600726.48,2790000000,1,0
kabupaten,18,1808,15,2022,2023,14889890036.73,-7573958795.65,4014068758.91,11330000000,1,0
kabupaten,18,1808,16,2022,2023,5005115828.51,-741172333.08,906056504.57,5170000000,1,0
kabupaten,18,1808,17,2022,2023,2985069080.54,7114587531.01,230343388.45,10330000000,1,1
kabupaten,18,1808,1,2023,2024,153464336886.1,-218838305578.75,67363968692.64,1990000000,1,0
kabupaten,18,1808,2,2023,2024,23462631269.32,1480186448.35,17317182282.33,42260000000,1,1
kabupaten,18,1808,3,2023,2024,99969043535.98,95928684724.28,-58837728260.26,137060000000,0,1
kabupaten,18,1808,4,2023,2024,576856207.58,-1387793348.07,1500937140.49,690000000,1,0
kabupaten,18,1808,5,2023,2024,268528623.2,-286893652.9,-51634970.3,-70000000,0,0
kabupaten,18,1808,6,2023,2024,44700180386.65,-17711303107.58,14101122720.93,41090000000,1,0
kabupaten,18,1808,7,2023,2024,59941352684.8,34393372811.1,17475274504.1,111810000000,1,1
kabupaten,18,1808,8,2023,2024,17896266214.73,20582609862.44,-338876077.16,38140000000,0,1
kabupaten,18,1808,9,2023,2024,4107069810.99,865167089.77,-1112236900.76,3860000000,0,1
kabupaten,18,1808,10,2023,2024,26526693821.57,23478411265.23,5224894913.21,55230000000,1,1
kabupaten,18,1808,11,2023,2024,4527474929.76,231579739.28,810945330.96,5570000000,1,1
kabupaten,18,1808,12,2023,2024,11139134539.73,5319575016.09,1241290444.19,17700000000,1,1
kabupaten,18,1808,13,2023,2024,233304255.25,224981597,1714147.75,460000000,1,1
kabupaten,18,1808,14,2023,2024,15485913036.5,8405794499.15,-5801707535.65,18090000000,0,1
kabupaten,18,1808,15,2023,2024,15503296490.81,-10451113033.52,-422183457.3,4630000000,0,0
kabupaten,18,1808,16,2023,2024,5273591087.23,3135640913.83,190767998.94,8600000000,1,1
kabupaten,18,1808,17,2023,2024,3476690862.5,4605516908.05,-792207770.55,7290000000,0,1
kabupaten,18,1808,1,2024,2025,177200608885.14,21317870998.54,-26348479883.68,172170000000,0,1
kabupaten,18,1808,2,2024,2025,29306437281.43,-35820864640.16,22534427358.73,16020000000,1,0
kabupaten,18,1808,3,2024,2025,122598200034.73,24265638769.03,-163838803.76,146700000000,0,1
kabupaten,18,1808,4,2024,2025,702108647.83,-1107319260.86,1185210613.03,780000000,1,0
kabupaten,18,1808,5,2024,2025,306182718.6,-158513630.51,12330911.91,160000000,1,0
kabupaten,18,1808,6,2024,2025,53752487855.67,2724806199.49,-3507294055.16,52970000000,0,1
kabupaten,18,1808,7,2024,2025,75073890996.43,1749903440.79,18686205562.77,95510000000,1,1
kabupaten,18,1808,8,2024,2025,22665439695.19,8748663346.3,4485896958.51,35900000000,1,1
kabupaten,18,1808,9,2024,2025,4943267201.72,2388900812.21,-72168013.93,7260000000,0,1
kabupaten,18,1808,10,2024,2025,33527007687,-4757888496.9,-1669119190.1,27100000000,0,0
kabupaten,18,1808,11,2024,2025,5518679552.19,706737692.23,174582755.58,6400000000,1,1
kabupaten,18,1808,12,2024,2025,13788780361.9,-3450283587.04,-1018496774.86,9320000000,0,0
kabupaten,18,1808,13,2024,2025,293513088.87,-56663148.68,-6849940.19,230000000,0,0
kabupaten,18,1808,14,2024,2025,18825486082.92,-9000638537.68,-214847545.24,9610000000,0,0
kabupaten,18,1808,15,2024,2025,18134991262.34,-11791828143.45,496836881.11,6840000000,1,0
kabupaten,18,1808,16,2024,2025,6539640548.36,-3746977695.15,-1272662853.21,1520000000,0,0
kabupaten,18,1808,17,2024,2025,4396889419.38,1751960603.95,-168850023.33,5980000000,0,1
kabupaten,18,1871,1,2021,2022,63610721439.17,-34132765709.97,-24637955729.2,4840000000,0,0
kabupaten,18,1871,2,2021,2022,45949159145.84,-86036805285.79,56717646139.95,16630000000,1,0
kabupaten,18,1871,3,2021,2022,342533752048.71,-312488692572.66,21544940523.95,51590000000,1,0
kabupaten,18,1871,4,2021,2022,2721442427.27,1261438223.01,-772880650.28,3210000000,0,1
kabupaten,18,1871,5,2021,2022,5042798585.75,-663587943.71,110789357.96,4490000000,1,0
kabupaten,18,1871,6,2021,2022,195736751283.14,-19297494557.21,5150743274.07,181590000000,1,0
kabupaten,18,1871,7,2021,2022,248006417676.34,645529523970.56,-408015941646.9,485520000000,0,1
kabupaten,18,1871,8,2021,2022,220590024720.36,826633434967.31,-123973459687.66,923250000000,0,1
kabupaten,18,1871,9,2021,2022,37754450981.59,73538293660.33,3477255358.09,114770000000,1,1
kabupaten,18,1871,10,2021,2022,140861603295.65,-125004969981.21,9013366685.56,24870000000,1,0
kabupaten,18,1871,11,2021,2022,79173863345.19,-146704380005.94,21780516660.75,-45750000000,1,0
kabupaten,18,1871,12,2021,2022,103798210414.7,-20940644855.64,-11607565559.06,71250000000,0,0
kabupaten,18,1871,13,2021,2022,5648704635.6,17433734074.08,-6222438709.68,16860000000,0,1
kabupaten,18,1871,14,2021,2022,91588518870.72,-118559197196.77,-1929321673.95,-28900000000,0,0
kabupaten,18,1871,15,2021,2022,56310751657.85,-20993320640.4,-1037431017.44,34280000000,0,0
kabupaten,18,1871,16,2021,2022,36971822333.87,-37858237436.39,-673584897.48,-1560000000,0,0
kabupaten,18,1871,17,2021,2022,28374460502.31,140363846638.02,-65118307140.34,103620000000,0,1
kabupaten,18,1871,1,2022,2023,67793387057.98,-59610309778.69,4086922720.7,12270000000,1,0
kabupaten,18,1871,2,2022,2023,49567510728.87,-17275714345.16,-811796383.71,31480000000,0,0
kabupaten,18,1871,3,2022,2023,366217111368.67,-250694924654.19,-27482186714.48,88040000000,0,0
kabupaten,18,1871,4,2022,2023,3036888461.56,-2128513033.03,291624571.47,1200000000,1,0
kabupaten,18,1871,5,2022,2023,5561037784.58,-4934251691.72,133213907.14,760000000,1,0
kabupaten,18,1871,6,2022,2023,216184548402.47,117613512720.08,-152168061122.55,181630000000,0,1
kabupaten,18,1871,7,2022,2023,285525698551.55,328434263425.5,-268489961977.05,345470000000,0,1
kabupaten,18,1871,8,2022,2023,276298666837.54,728862387102.32,-64331053939.87,940830000000,0,1
kabupaten,18,1871,9,2022,2023,45323321600.65,88077189506.6,-24090511107.25,109310000000,0,1
kabupaten,18,1871,10,2022,2023,150767125420.01,98089874361.01,-71936999781.02,176920000000,0,1
kabupaten,18,1871,11,2022,2023,82026443712.44,-24448925932.65,-33207517779.79,24370000000,0,0
kabupaten,18,1871,12,2022,2023,113503081236.44,-92148944119.86,-13704137116.58,7650000000,0,0
kabupaten,18,1871,13,2022,2023,6766974783.31,1856777770.84,-2343752554.15,6280000000,0,1
kabupaten,18,1871,14,2022,2023,95980402998.93,-93543917388.43,6453514389.5,8890000000,1,0
kabupaten,18,1871,15,2022,2023,61376874930.54,-31220238738.01,-2376636192.54,27780000000,0,0
kabupaten,18,1871,16,2022,2023,39204089080.14,-5805457289.17,-23178631790.96,10220000000,0,0
kabupaten,18,1871,17,2022,2023,34852170186.11,83066357509.55,-18068527695.66,99850000000,0,1
kabupaten,18,1871,1,2023,2024,68787701092.57,-98090437538.77,-26397263553.8,-55700000000,0,0
kabupaten,18,1871,2,2023,2024,51324191398.36,3237888014.7,-36582079413.06,17980000000,0,1
kabupaten,18,1871,3,2023,2024,372583693413.94,357525313784.27,-391549007198.21,338560000000,0,1
kabupaten,18,1871,4,2023,2024,3111180862.62,-7484839460.93,8183658598.32,3810000000,1,0
kabupaten,18,1871,5,2023,2024,5631324278.61,-6016458036.12,1045133757.51,660000000,1,0
kabupaten,18,1871,6,2023,2024,225874200906.22,-89496874550.15,75692673643.93,212070000000,1,0
kabupaten,18,1871,7,2023,2024,303153261971.13,173944408840.76,-273277670811.89,203820000000,0,1
kabupaten,18,1871,8,2023,2024,321102593467.44,369302139779.14,-112394733246.58,578010000000,0,1
kabupaten,18,1871,9,2023,2024,50613299608.84,10661849722.85,13904850668.31,75180000000,1,1
kabupaten,18,1871,10,2023,2024,159823478949.22,141457559462.56,-43541038411.77,257740000000,0,1
kabupaten,18,1871,11,2023,2024,83665193228.14,4279463483.61,-3324656711.75,84620000000,0,1
kabupaten,18,1871,12,2023,2024,114578007048.34,54717563695.25,12954429256.4,182250000000,1,1
kabupaten,18,1871,13,2023,2024,7097481412.07,6844293093,268225494.93,14210000000,1,1
kabupaten,18,1871,14,2023,2024,97000132523.13,52651928139.96,-39902060663.09,109750000000,0,1
kabupaten,18,1871,15,2023,2024,63039724686.34,-42496464457.68,-5993260228.67,14550000000,0,0
kabupaten,18,1871,16,2023,2024,39922017747.33,23737356602.11,-39374349.44,63620000000,0,1
kabupaten,18,1871,17,2023,2024,39642510100.35,52513800554.97,-8606310655.33,83550000000,0,1
kabupaten,18,1871,1,2024,2025,76439571501.65,9195955559.68,-53515527061.33,32120000000,0,1
kabupaten,18,1871,2,2024,2025,60176518032.69,-73552949690.38,45686431657.68,32310000000,1,0
kabupaten,18,1871,3,2024,2025,447828651141.98,88637910474.66,114823438383.36,651290000000,1,1
kabupaten,18,1871,4,2024,2025,3791386698.28,-5979524008.63,6928137310.35,4740000000,1,0
kabupaten,18,1871,5,2024,2025,6533305733.5,-3382352915.95,-300952817.55,2850000000,0,0
kabupaten,18,1871,6,2024,2025,271850661526.3,13780578302.76,81958760170.94,367590000000,1,1
kabupaten,18,1871,7,2024,2025,360594027204.63,8405115554.28,-122319142758.91,246680000000,0,1
kabupaten,18,1871,8,2024,2025,401060824579.13,154806003449.31,-36586828028.44,519280000000,0,1
kabupaten,18,1871,9,2024,2025,62375754594.24,30143928040.33,-24569682634.57,67950000000,0,1
kabupaten,18,1871,10,2024,2025,198040038194.72,-28104280240.26,-7655757954.47,162280000000,0,0
kabupaten,18,1871,11,2024,2025,101015485780.67,12936328450.41,-34031814231.08,79920000000,0,1
kabupaten,18,1871,12,2024,2025,141842311800.15,-35492348670.93,-29579963129.22,76770000000,0,0
kabupaten,18,1871,13,2024,2025,8940535383.2,-1725983967.67,3185448584.47,10400000000,1,0
kabupaten,18,1871,14,2024,2025,117730422710.18,-56288001012.85,-13502421697.34,47940000000,0,0
kabupaten,18,1871,15,2024,2025,73514998637.75,-47801303974.29,-5053694663.46,20660000000,0,0
kabupaten,18,1871,16,2024,2025,49427920906.02,-28320412380.91,6302491474.89,27410000000,1,0
kabupaten,18,1871,17,2024,2025,50157480418.28,19985476391.29,25407043190.43,95550000000,1,1
kabupaten,18,1872,1,2021,2022,9488677016.46,-5091512596.82,3672835580.36,8070000000,1,0
kabupaten,18,1872,3,2021,2022,29250371296.12,-26684699621.34,26524328325.22,29090000000,1,0
kabupaten,18,1872,4,2021,2022,312366819.48,144787720.57,-327154540.05,130000000,0,1
kabupaten,18,1872,5,2021,2022,117672432,-15484657.15,-52187774.85,50000000,0,0
kabupaten,18,1872,6,2021,2022,13056077254.85,-1287185866.28,9221108611.43,20990000000,1,0
kabupaten,18,1872,7,2021,2022,33272628971.65,86604469926.85,-66177098898.5,53700000000,0,1
kabupaten,18,1872,8,2021,2022,14309823530.31,53624267886.24,-38784091416.55,29150000000,0,1
kabupaten,18,1872,9,2021,2022,4266588434.33,8310480620.26,1792930945.41,14370000000,1,1
kabupaten,18,1872,10,2021,2022,17449751915.74,-15485452837.19,9495700921.46,11460000000,1,0
kabupaten,18,1872,11,2021,2022,13028691670.68,-24141377634.97,7762685964.29,-3350000000,1,0
kabupaten,18,1872,12,2021,2022,11928989306.2,-2406599569.97,-2382389736.23,7140000000,0,0
kabupaten,18,1872,13,2021,2022,1189133412.8,3670051283.38,-949184696.17,3910000000,0,1
kabupaten,18,1872,14,2021,2022,12834853082.7,-16614417356.95,2719564274.25,-1060000000,1,0
kabupaten,18,1872,15,2021,2022,10681661527.04,-3982250969.97,-2079410557.06,4620000000,0,0
kabupaten,18,1872,16,2021,2022,11193001731.53,-11461358689.64,5928356958.11,5660000000,1,0
kabupaten,18,1872,17,2021,2022,4115111921.86,20356790172.34,-12041902094.2,12430000000,0,1
kabupaten,18,1872,1,2022,2023,10446605391.95,-9185636100.72,-1000969291.23,260000000,0,0
kabupaten,18,1872,3,2022,2023,32394840591.26,-22175976679.13,-458863912.13,9760000000,0,0
kabupaten,18,1872,4,2022,2023,337735088.6,-236713842.77,308978754.17,410000000,1,0
kabupaten,18,1872,5,2022,2023,127275672.69,-112930396.74,5654724.05,20000000,1,0
kabupaten,18,1872,6,2022,2023,14823524864.54,8064622763.73,-258147628.27,22630000000,0,1
kabupaten,18,1872,7,2022,2023,37786328997.57,43464827141.05,-33161156138.62,48090000000,0,1
kabupaten,18,1872,8,2022,2023,16526291542.74,43595549850.67,-11921841393.41,48200000000,0,1
kabupaten,18,1872,9,2022,2023,5185574550.14,10077170344.62,307255105.24,15570000000,1,1
kabupaten,18,1872,10,2022,2023,19057713761.33,12399047492.94,-2726761254.28,28730000000,0,1
kabupaten,18,1872,11,2022,2023,13688044041.77,-4079879119.39,-938164922.38,8670000000,0,0
kabupaten,18,1872,12,2022,2023,12996664405.48,-10551510047.12,184845641.64,2630000000,1,0
kabupaten,18,1872,13,2022,2023,1440942437.23,395377546.42,-76319983.65,1760000000,0,1
kabupaten,18,1872,14,2022,2023,13586223503.61,-13241333952.9,375110449.29,720000000,1,0
kabupaten,18,1872,15,2022,2023,11557085636.17,-5878679438.88,2311593802.71,7990000000,1,0
kabupaten,18,1872,16,2022,2023,12147553846.25,-1798845647.92,531291801.67,10880000000,1,0
kabupaten,18,1872,17,2022,2023,4936477876.45,11765558182.85,-1852036059.3,14850000000,0,1
kabupaten,18,1872,1,2023,2024,10525224126.9,-15008843490.96,2753619364.06,-1730000000,1,0
kabupaten,18,1872,3,2023,2024,33048233944.7,31712553232.89,-18510787177.59,46250000000,0,1
kabupaten,18,1872,4,2023,2024,358648110.03,-862831074.46,734182964.43,230000000,1,0
kabupaten,18,1872,5,2023,2024,129003529.37,-137826252.33,-31177277.04,-40000000,0,0
kabupaten,18,1872,6,2023,2024,15953436465.64,-6321141132.02,-4202295333.63,5430000000,0,0
kabupaten,18,1872,7,2023,2024,40227600575.77,23081942631.05,-7169543206.82,56140000000,0,1
kabupaten,18,1872,8,2023,2024,18836802584.9,21664326737.7,-6051129322.6,34450000000,0,1
kabupaten,18,1872,9,2023,2024,5930960135.83,1249375286.12,-5860335421.96,1320000000,0,1
kabupaten,18,1872,10,2023,2024,20493720256.48,18138709474.04,-8062429730.51,30570000000,0,1
kabupaten,18,1872,11,2023,2024,14172089857.94,724900507.53,-11046990365.46,3850000000,0,1
kabupaten,18,1872,12,2023,2024,13199988794.41,6303751009.82,-9643739804.23,9860000000,0,1
kabupaten,18,1872,13,2023,2024,1530658898.15,1476055732.46,-646714630.61,2360000000,0,1
kabupaten,18,1872,14,2023,2024,13705938806.77,7439619785.8,-13775558592.57,7370000000,0,1
kabupaten,18,1872,15,2023,2024,11996413312.93,-8087045977.9,-1079367335.03,2830000000,0,0
kabupaten,18,1872,16,2023,2024,12722858719.46,7564924106.13,7112217174.41,27400000000,1,1
kabupaten,18,1872,17,2023,2024,5647335354.95,7480935030.25,-6258270385.19,6870000000,0,1
kabupaten,18,1872,1,2024,2025,12054624791.89,1450214747.38,7305160460.74,20810000000,1,1
kabupaten,18,1872,3,2024,2025,40578712437.16,8031670754,21909616808.83,70520000000,1,1
kabupaten,18,1872,4,2024,2025,426016299.85,-671884694.37,745868394.52,500000000,1,0
kabupaten,18,1872,5,2024,2025,146756544.43,-75977222.9,-20779321.53,50000000,0,0
kabupaten,18,1872,6,2024,2025,18696678180.61,947766822.5,-3394445003.11,16250000000,0,1
kabupaten,18,1872,7,2024,2025,49385688806.9,1151135043.38,-18056823850.29,32480000000,0,1
kabupaten,18,1872,8,2024,2025,23556009085.33,9092415414.9,-15928424500.23,16720000000,0,1
kabupaten,18,1872,9,2024,2025,6913922526.79,3341246682.78,3954830790.42,14210000000,1,1
kabupaten,18,1872,10,2024,2025,25263241692.16,-3585160004.85,201918312.69,21880000000,1,0
kabupaten,18,1872,11,2024,2025,16557622360.3,2120415890.25,3051961749.45,21730000000,1,1
kabupaten,18,1872,12,2024,2025,15753100872.11,-3941803695.28,-1081297176.83,10730000000,0,0
kabupaten,18,1872,13,2024,2025,1890942237.99,-365049278,454107040.01,1980000000,1,0
kabupaten,18,1872,14,2024,2025,16205512233.91,-7748004874.5,5062492640.6,13520000000,1,0
kabupaten,18,1872,15,2024,2025,13993078141.38,-9098651896.44,-234426244.94,4660000000,0,0
kabupaten,18,1872,16,2024,2025,16128438653.02,-9241012475.16,2762573822.14,9650000000,1,0
kabupaten,18,1872,17,2024,2025,6879608946.26,2741211500.86,-4740820447.12,4880000000,0,1
kabupaten,18,1802,1,2021,2022,683984917723.05,-367018270153.08,138993352430.03,455960000000,1,0
kabupaten,18,1802,2,2021,2022,95640301629.18,-179080230448.32,123929928819.14,40490000000,1,0
kabupaten,18,1802,3,2021,2022,487304219585.42,-444560740518.59,31816520933.17,74560000000,1,0
kabupaten,18,1802,4,2021,2022,2672233955.71,1238629198.53,-1030863154.24,2880000000,0,1
kabupaten,18,1802,5,2021,2022,794181941.04,-104507358.81,20325417.77,710000000,1,0
kabupaten,18,1802,6,2021,2022,241958482571.46,-23854449764.21,75865967192.75,293970000000,1,0
kabupaten,18,1802,7,2021,2022,221444968426.28,576393411078.78,112021620494.94,909860000000,1,1
kabupaten,18,1802,8,2021,2022,55857605819.72,209319368028.27,27443026152.01,292620000000,1,1
kabupaten,18,1802,9,2021,2022,19537046909.48,38054350031.09,-1371396940.57,56220000000,0,1
kabupaten,18,1802,10,2021,2022,93375428238.06,-82864260598.98,10908832360.92,21420000000,1,0
kabupaten,18,1802,11,2021,2022,32730052085.2,-60646806860.84,3336754775.63,-24580000000,1,0
kabupaten,18,1802,12,2021,2022,39682995167.08,-8005798031.41,3162802864.33,34840000000,1,0
kabupaten,18,1802,13,2021,2022,2121526973.96,6547720137.81,-39247111.78,8630000000,0,1
kabupaten,18,1802,14,2021,2022,33324404841.73,-43137663255.28,183258413.56,-9630000000,1,0
kabupaten,18,1802,15,2021,2022,50528114399.65,-18837484418.47,9149370018.82,40840000000,1,0
kabupaten,18,1802,16,2021,2022,12329503474.74,-12625108543.59,-324394931.15,-620000000,0,0
kabupaten,18,1802,17,2021,2022,11015851233.91,54493626515.2,-269477749.1,65240000000,0,1
kabupaten,18,1802,1,2022,2023,747320021770.31,-657113915306.25,49823893535.93,140030000000,1,0
kabupaten,18,1802,2,2022,2023,103438757418.53,-36051405428.76,92272648010.23,159660000000,1,0
kabupaten,18,1802,3,2022,2023,521050239975.14,-356686366083.3,70296126108.16,234660000000,1,0
kabupaten,18,1802,4,2022,2023,2969614177.43,-2081361419.67,2911747242.24,3800000000,1,0
kabupaten,18,1802,5,2022,2023,875929361.69,-777203123.26,21273761.57,120000000,1,0
kabupaten,18,1802,6,2022,2023,270393984736.71,147105732570.94,60130282692.35,477630000000,1,1
kabupaten,18,1802,7,2022,2023,276598219224.34,318165169918.49,94696610857.17,689460000000,1,1
kabupaten,18,1802,8,2022,2023,72638499183.68,191616812764.71,24704688051.61,288960000000,1,1
kabupaten,18,1802,9,2022,2023,23309630341.11,45297799375.17,4002570283.73,72610000000,1,1
kabupaten,18,1802,10,2022,2023,100165954406.52,65168489852.24,24555555741.24,189890000000,1,1
kabupaten,18,1802,11,2022,2023,33651687859.06,-10030273003.9,6678585144.84,30300000000,1,0
kabupaten,18,1802,12,2022,2023,43738739475.67,-35509861194.17,1341121718.5,9570000000,1,0
kabupaten,18,1802,13,2022,2023,2645970324.02,726022933.03,58006742.95,3430000000,1,1
kabupaten,18,1802,14,2022,2023,34962627287.76,-34075092586.61,992465298.85,1880000000,1,0
kabupaten,18,1802,15,2022,2023,55532194218.26,-28247257018.24,2045062799.98,29330000000,1,0
kabupaten,18,1802,16,2022,2023,13069393361.3,-1935354365.7,225961004.4,11360000000,1,0
kabupaten,18,1802,17,2022,2023,14667612165.5,34958658512.36,983729322.14,50610000000,1,1
kabupaten,18,1802,1,2023,2024,758499123907.6,-1081610662300.6,-150928461607,-474040000000,0,0
kabupaten,18,1802,2,2023,2024,111403239339.69,7028093451.23,69488667209.08,187920000000,1,1
kabupaten,18,1802,3,2023,2024,535113044264.69,513485862217.38,187161093517.93,1235760000000,1,1
kabupaten,18,1802,4,2023,2024,3162416306.9,-7608101043,4325684736.09,-120000000,1,0
kabupaten,18,1802,5,2023,2024,887013629.26,-947677671.16,-289335958.1,-350000000,0,0
kabupaten,18,1802,6,2023,2024,293970680960.21,-116478362954.97,3607681994.76,181100000000,1,0
kabupaten,18,1802,7,2023,2024,309904904134.24,177818391251.94,135596704613.82,623320000000,1,1
kabupaten,18,1802,8,2023,2024,86321202063.36,99278564791.59,27680233145.05,213280000000,1,1
kabupaten,18,1802,9,2023,2024,26780126287.07,5641317286.92,-2781443573.99,29640000000,0,1
kabupaten,18,1802,10,2023,2024,109492431743.29,96910242949.65,10907325307.07,217310000000,1,1
kabupaten,18,1802,11,2023,2024,35252730427.12,1803172463.24,-2315902890.36,34740000000,0,1
kabupaten,18,1802,12,2023,2024,44455897107.62,21230238195.62,-166135303.25,65520000000,0,1
kabupaten,18,1802,13,2023,2024,2819779273.22,2719189340.98,141031385.8,5680000000,1,1
kabupaten,18,1802,14,2023,2024,35271943718.73,19145704214.3,6332352066.97,60750000000,1,1
kabupaten,18,1802,15,2023,2024,57228618893.4,-38579070274.59,1980451381.19,20630000000,1,0
kabupaten,18,1802,16,2023,2024,13672544276.11,8129600592.7,-172144868.81,21630000000,0,1
kabupaten,18,1802,17,2023,2024,17076499106.1,22620965876.39,552535017.51,40250000000,1,1
kabupaten,18,1802,1,2024,2025,850272049065.98,102290787654.13,-74852836720.11,877710000000,0,1
kabupaten,18,1802,2,2024,2025,138477997204.19,-169259795923.23,109951798719.04,79170000000,1,0
kabupaten,18,1802,3,2024,2025,682748397792.41,135135148691.18,89826453516.42,907710000000,1,1
kabupaten,18,1802,4,2024,2025,3643046450.13,-5745571593.37,5212525143.24,3110000000,1,0
kabupaten,18,1802,5,2024,2025,1005123959,-520361987.07,-344761971.93,140000000,0,0
kabupaten,18,1802,6,2024,2025,348798074019.84,17681175186.02,37740750794.14,404220000000,1,1
kabupaten,18,1802,7,2024,2025,390530778565.39,9102913730.41,-40763692295.8,358870000000,0,1
kabupaten,18,1802,8,2024,2025,110872457714.72,42795808065.85,-4748265780.57,148920000000,0,1
kabupaten,18,1802,9,2024,2025,32468565702.86,15690874034.09,9800560263.04,57960000000,1,1
kabupaten,18,1802,10,2024,2025,137824455470.35,-19558959672.04,-11955495798.31,106310000000,0,0
kabupaten,18,1802,11,2024,2025,42515054181.71,5444597932,-12369652113.71,35590000000,0,1
kabupaten,18,1802,12,2024,2025,54760251320.86,-13702328371,7732077050.14,48790000000,1,0
kabupaten,18,1802,13,2024,2025,3553831140.75,-686072512.42,-387758628.33,2480000000,0,0
kabupaten,18,1802,14,2024,2025,43910297156.3,-20993918087.71,-16486379068.6,6430000000,0,0
kabupaten,18,1802,15,2024,2025,67130033152.41,-43649638576.94,-5660394575.47,17820000000,0,0
kabupaten,18,1802,16,2024,2025,16919762610.23,-9694412504.62,3344649894.39,10570000000,1,0
kabupaten,18,1802,17,2024,2025,21830827836.37,8698592726.11,-4639420562.48,25890000000,0,1
kabupaten,11,1101,1,2021,2022,44815030585.32,-9966061826.52,5151031241.2,40000000000,1,0
kabupaten,11,1101,2,2021,2022,7118176850.49,147803083.68,-15265979934.16,-8000000000,0,1
kabupaten,11,1101,3,2021,2022,5391281874.93,-28423320.08,-3362858554.85,2000000000,0,0
kabupaten,11,1101,4,2021,2022,168477558.59,-71109986.79,-97367571.8,-0,0,0
kabupaten,11,1101,5,2021,2022,42119389.65,47020353.44,-89139743.09,-0,0,1
kabupaten,11,1101,6,2021,2022,30115363598.22,-46266727290.1,19151363691.88,3000000000,1,0
kabupaten,11,1101,7,2021,2022,26745812426.39,13669856999.05,-7415669425.44,33000000000,0,1
kabupaten,11,1101,8,2021,2022,8297519760.63,5959935095.25,-2257454855.88,12000000000,0,1
kabupaten,11,1101,9,2021,2022,758149013.66,5073939238.71,-1832088252.37,4000000000,0,1
kabupaten,11,1101,10,2021,2022,10361369853.37,17306901867.27,-2668271720.65,25000000000,0,1
kabupaten,11,1101,11,2021,2022,3538028730.42,-8519462514.49,2981433784.07,-2000000000,1,0
kabupaten,11,1101,12,2021,2022,6739102343.66,-366095364.23,-1373006979.43,5000000000,0,0
kabupaten,11,1101,13,2021,2022,1137223520.49,1984308170.28,-121531690.77,3000000000,0,1
kabupaten,11,1101,14,2021,2022,24976798061.18,-25346991634.87,-4629806426.31,-5000000000,0,0
kabupaten,11,1101,15,2021,2022,6107311498.94,-552838053.93,1445526554.99,7000000000,1,0
kabupaten,11,1101,16,2021,2022,3917103237.25,5201687674.92,-118790912.17,9000000000,0,1
kabupaten,11,1101,17,2021,2022,2864118496.05,6377891569.6,-2242010065.66,7000000000,0,1
kabupaten,11,1101,1,2022,2023,46681165084.91,27510124308.35,51808710606.74,126000000000,1,1
kabupaten,11,1101,2,2022,2023,6807669908.22,-14586541067.78,3778871159.56,-4000000000,1,0
kabupaten,11,1101,3,2022,2023,5496876323.4,-7527109499.56,1030233176.15,-1000000000,1,0
kabupaten,11,1101,4,2022,2023,169134656.1,123947840.86,706917503.04,1000000000,1,1
kabupaten,11,1101,5,2022,2023,42283664.03,1855006.45,-44138670.48,0,0,1
kabupaten,11,1101,6,2022,2023,30359670770.8,-4030792069.18,4671121298.38,31000000000,1,0
kabupaten,11,1101,7,2022,2023,28245487569.49,32235941431.97,-44481429001.46,16000000000,0,1
kabupaten,11,1101,8,2022,2023,8837285781.47,6793866852.73,-18631152634.2,-3000000000,0,1
kabupaten,11,1101,9,2022,2023,930240608.58,866342803.53,-1796583412.11,-0,0,1
kabupaten,11,1101,10,2022,2023,11458872951.1,1688812586.09,-5147685537.18,8000000000,0,1
kabupaten,11,1101,11,2022,2023,3467260450.15,-12417994870.45,7950734420.31,-1000000000,1,0
kabupaten,11,1101,12,2022,2023,6976804564.32,-953776439.77,-23028124.55,6000000000,0,0
kabupaten,11,1101,13,2022,2023,1268509920.79,-1581445217.72,312935296.93,0,1,0
kabupaten,11,1101,14,2022,2023,24862794447.4,-14031019897.18,-28831774550.22,-18000000000,0,0
kabupaten,11,1101,15,2022,2023,6427116931.98,-3665986366.7,-9761130565.28,-7000000000,0,0
kabupaten,11,1101,16,2022,2023,4312933730.67,-4744365447.02,1431431716.35,1000000000,1,0
kabupaten,11,1101,17,2022,2023,3171274801.96,1068655027.33,-239929829.3,4000000000,0,1
kabupaten,11,1101,1,2023,2024,57325914960.95,-42697874336.65,-7628040624.3,7000000000,0,0
kabupaten,11,1101,2,2023,2024,7317210283.63,10198070824.28,-21515281107.92,-4000000000,0,1
kabupaten,11,1101,3,2023,2024,6012230105.66,-2207595872.04,-3804634233.62,0,0,0
kabupaten,11,1101,4,2023,2024,233032174.64,44151538.2,-277183712.84,0,0,1
kabupaten,11,1101,5,2023,2024,46606434.93,-27609344.39,-18997090.54,0,0,0
kabupaten,11,1101,6,2023,2024,34908219760.77,-2180297527.24,-24727922233.54,8000000000,0,0
kabupaten,11,1101,7,2023,2024,31878801490.48,-14432909823.23,11554108332.75,29000000000,1,0
kabupaten,11,1101,8,2023,2024,9600925595.09,24987622425.99,-588548021.08,34000000000,0,1
kabupaten,11,1101,9,2023,2024,1025341568.41,-404766237.54,379424669.14,1000000000,1,0
kabupaten,11,1101,10,2023,2024,13003195344.8,-7836052421.82,7832857077.02,13000000000,1,0
kabupaten,11,1101,11,2023,2024,3775121229.14,14080951382.88,-8856072612.02,9000000000,0,1
kabupaten,11,1101,12,2023,2024,7969700372.62,-1920044624.31,-4049655748.31,2000000000,0,0
kabupaten,11,1101,13,2023,2024,1398193047.83,-101665926.71,-296527121.12,1000000000,0,0
kabupaten,11,1101,14,2023,2024,26565667908.73,16090381095.86,-4656049004.59,38000000000,0,1
kabupaten,11,1101,15,2023,2024,6757933064.5,-388812331.61,630879267.11,7000000000,1,0
kabupaten,11,1101,16,2023,2024,4800462797.54,-2504193967.79,-296268829.76,2000000000,0,0
kabupaten,11,1101,17,2023,2024,3681908359.28,-456766480.13,-1225141879.15,2000000000,0,0
kabupaten,11,1101,1,2024,2025,36679528938.97,7847792228.4,39472678832.62,84000000000,1,1
kabupaten,11,1101,2,2024,2025,4536756610.88,-2988936089.69,-547820521.19,1000000000,0,0
kabupaten,11,1101,3,2024,2025,3825108515.06,2151711793.55,1023179691.39,7000000000,1,1
kabupaten,11,1101,4,2024,2025,148260019.96,-279175034.47,130915014.5,0,1,0
kabupaten,11,1101,5,2024,2025,29652003.99,-35026542.12,5374538.13,-0,1,0
kabupaten,11,1101,6,2024,2025,22446567022.48,-41188086061.2,4741519038.73,-14000000000,1,0
kabupaten,11,1101,7,2024,2025,21141878846.8,10771827007.24,86294145.96,32000000000,1,1
kabupaten,11,1101,8,2024,2025,7116480958.25,7289471932.32,-405952890.57,14000000000,0,1
kabupaten,11,1101,9,2024,2025,681996091.83,424997809.75,-106993901.58,1000000000,0,1
kabupaten,11,1101,10,2024,2025,8658385165.87,-3194657819.78,-1463727346.09,4000000000,0,0
kabupaten,11,1101,11,2024,2025,2668680359.34,797610301.73,-3466290661.07,0,0,1
kabupaten,11,1101,12,2024,2025,5129796690.74,2589861031.54,-1719657722.28,6000000000,0,1
kabupaten,11,1101,13,2024,2025,919212123.77,-1078864390.84,-840347732.94,-1000000000,0,0
kabupaten,11,1101,14,2024,2025,18028418427.56,-2563844224.01,-15464574203.55,0,0,0
kabupaten,11,1101,15,2024,2025,4507104606.89,769645935.46,-4276750542.35,1000000000,0,1
kabupaten,11,1101,16,2024,2025,3113460419.23,-785875729.4,672415310.16,3000000000,1,0
kabupaten,11,1101,17,2024,2025,2401812323.41,-731927837.66,2330115514.25,4000000000,1,0
kabupaten,11,1102,1,2021,2022,59131411126.63,-13149768983.32,-30901642143.31,15080000000,0,0
kabupaten,11,1102,2,2021,2022,1631705154.96,33881014.57,-975586169.52,690000000,0,1
kabupaten,11,1102,3,2021,2022,2039842040.65,-10754229.62,280912188.97,2310000000,1,0
kabupaten,11,1102,4,2021,2022,225338734.62,-95109607.33,39770872.71,170000000,1,0
kabupaten,11,1102,5,2021,2022,23165664.31,25861194.39,-9026858.7,40000000,0,1
kabupaten,11,1102,6,2021,2022,10004618623.06,-15370259766.74,5965641143.68,600000000,1,0
kabupaten,11,1102,7,2021,2022,20540783943.47,10498450175.27,-2839234118.74,28200000000,0,1
kabupaten,11,1102,8,2021,2022,6145640143.52,4414284922.58,-3439925066.1,7120000000,0,1
kabupaten,11,1102,9,2021,2022,865132263.37,5789928442.39,-3805060705.76,2850000000,0,1
kabupaten,11,1102,10,2021,2022,3542661863.28,5917412666.9,-1150074530.18,8310000000,0,1
kabupaten,11,1102,11,2021,2022,3799590140.13,-9149294207.53,1369704067.4,-3980000000,1,0
kabupaten,11,1102,12,2021,2022,5608196731.61,-304659985.92,-973536745.7,4330000000,0,0
kabupaten,11,1102,13,2021,2022,606940404.83,1059032619.77,-185973024.59,1480000000,0,1
kabupaten,11,1102,14,2021,2022,18896864165.51,-19176944008.4,210079842.89,-70000000,1,0
kabupaten,11,1102,15,2021,2022,4431802178.75,-401169793.34,419367614.6,4450000000,1,0
kabupaten,11,1102,16,2021,2022,6727308914.56,8933479090.73,-940788005.29,14720000000,0,1
kabupaten,11,1102,17,2021,2022,2781985686.24,6194996149.59,-1226981835.83,7750000000,0,1
kabupaten,11,1102,1,2022,2023,59999673579.87,35358982057.12,-38498655637,56860000000,0,1
kabupaten,11,1102,2,2022,2023,1667244872.55,-3572343567.1,3015098694.54,1110000000,1,0
kabupaten,11,1102,3,2022,2023,2145473112.69,-2937888738.52,1242415625.83,450000000,1,0
kabupaten,11,1102,4,2022,2023,233405825.42,171048020.38,-174453845.81,230000000,0,1
kabupaten,11,1102,5,2022,2023,24947361.78,1094453.81,-16041815.58,10000000,0,1
kabupaten,11,1102,6,2022,2023,10069008914.56,-1336841943.5,-4272166971.05,4460000000,0,0
kabupaten,11,1102,7,2022,2023,21813296597.83,24895026146.59,-17948322744.42,28760000000,0,1
kabupaten,11,1102,8,2022,2023,6470669105.93,4974475810.87,-3815144916.8,7630000000,0,1
kabupaten,11,1102,9,2022,2023,989014901.57,921079917.02,59905181.4,1970000000,1,1
kabupaten,11,1102,10,2022,2023,3907856229.3,575941177.88,-1513797407.18,2970000000,0,1
kabupaten,11,1102,11,2022,2023,3646120348.98,-13058581679.02,-737538669.96,-10150000000,0,0
kabupaten,11,1102,12,2022,2023,5813158130.32,-794698090.54,661539960.22,5680000000,1,0
kabupaten,11,1102,13,2022,2023,671887421.38,-837638816.98,-324248604.39,-490000000,0,0
kabupaten,11,1102,14,2022,2023,18967606008.87,-10704140995.71,-1033465013.16,7230000000,0,0
kabupaten,11,1102,15,2022,2023,4637249433.75,-2645057400.23,357807966.48,2350000000,1,0
kabupaten,11,1102,16,2022,2023,7375962352.73,-8113795182.14,-2212167170.58,-2950000000,0,0
kabupaten,11,1102,17,2022,2023,3120534405.13,1051556546.9,-1232090952.03,2940000000,0,1
kabupaten,11,1102,1,2023,2024,68783640923.55,-51231895008.95,34798254085.4,52350000000,1,0
kabupaten,11,1102,2,2023,2024,1889424871.97,2633310772.08,-4512735644.04,10000000,0,1
kabupaten,11,1102,3,2023,2024,2385783403.94,-876021958.83,40238554.89,1550000000,1,0
kabupaten,11,1102,4,2023,2024,267987000.83,50774268.93,-38761269.76,280000000,0,1
kabupaten,11,1102,5,2023,2024,27963860.96,-16565606.64,8601745.68,20000000,1,0
kabupaten,11,1102,6,2023,2024,11306255049.09,-706166057.59,-4830088991.5,5770000000,0,0
kabupaten,11,1102,7,2023,2024,25383728718.97,-11492309950.48,-7481418768.49,6410000000,0,0
kabupaten,11,1102,8,2023,2024,7487789835.47,19487919509.51,-8765709344.98,18210000000,0,1
kabupaten,11,1102,9,2023,2024,1181939189.76,-466585081.09,354645891.33,1070000000,1,0
kabupaten,11,1102,10,2023,2024,4445787827.74,-2679143514.4,693355686.65,2460000000,1,0
kabupaten,11,1102,11,2023,2024,3545817569.29,13225663965.55,-211481534.84,16560000000,0,1
kabupaten,11,1102,12,2023,2024,6672177224.24,-1607447885.48,-594729338.76,4470000000,0,0
kabupaten,11,1102,13,2023,2024,717739097.89,-52188509.04,-445550588.84,220000000,0,0
kabupaten,11,1102,14,2023,2024,21243679104.35,12866941416.32,-22980620520.67,11130000000,0,1
kabupaten,11,1102,15,2023,2024,5220852840.59,-300377637.15,439524796.56,5360000000,1,0
kabupaten,11,1102,16,2023,2024,7992537525.73,-4169361393.55,-183176132.18,3640000000,0,0
kabupaten,11,1102,17,2023,2024,3576577816.34,-443699489.69,87121673.34,3220000000,1,0
kabupaten,11,1102,1,2024,2025,45313895981.61,9695163787.81,-19319059769.42,35690000000,0,1
kabupaten,11,1102,2,2024,2025,1202388761.9,-792165741.42,-1990223020.49,-1580000000,0,0
kabupaten,11,1102,3,2024,2025,1563846690.58,879699844.9,-803546535.47,1640000000,0,1
kabupaten,11,1102,4,2024,2025,178801584.08,-336685091.57,257883507.49,100000000,1,0
kabupaten,11,1102,5,2024,2025,18384242.48,-21716456.11,3332213.64,-0,1,0
kabupaten,11,1102,6,2024,2025,7364371711.63,-13513174444.07,-10091197267.56,-16240000000,0,0
kabupaten,11,1102,7,2024,2025,16339736800.18,8325126609.17,13025136590.65,37690000000,1,1
kabupaten,11,1102,8,2024,2025,5303853954.17,5432782685.56,1323363360.27,12060000000,1,1
kabupaten,11,1102,9,2024,2025,783702465.53,488377917.9,-42080383.43,1230000000,0,1
kabupaten,11,1102,10,2024,2025,2901448590.69,-1070538587.9,1419089997.21,3250000000,1,0
kabupaten,11,1102,11,2024,2025,2746961649.88,821006870.58,-987968520.46,2580000000,0,1
kabupaten,11,1102,12,2024,2025,4377525349.44,2210064647.9,-1417589997.34,5170000000,0,1
kabupaten,11,1102,13,2024,2025,463164302.37,-543608444.67,70444142.31,-10000000,1,0
kabupaten,11,1102,14,2024,2025,13845706744.35,-1969015496.64,6103308752.29,17980000000,1,0
kabupaten,11,1102,15,2024,2025,3480552228.66,594348946.74,895098824.6,4970000000,1,1
kabupaten,11,1102,16,2024,2025,5192955459.24,-1310765871.33,3017810412.08,6900000000,1,0
kabupaten,11,1102,17,2024,2025,2370974239.26,-722530245.67,381556006.41,2030000000,1,0
kabupaten,11,1103,1,2021,2022,149929021778.31,-33341534773.41,-27377487004.9,89210000000,0,0
kabupaten,11,1103,2,2021,2022,21301038926.61,442298541.47,33666662531.92,55410000000,1,1
kabupaten,11,1103,3,2021,2022,12080262144.9,-63688222.12,1903426077.21,13920000000,1,0
kabupaten,11,1103,4,2021,2022,520174462.15,-219552084.21,9377622.06,310000000,1,0
kabupaten,11,1103,5,2021,2022,116670709.32,130246379.04,-36917088.36,210000000,0,1
kabupaten,11,1103,6,2021,2022,28271797913.33,-43434427075.43,18132629162.1,2970000000,1,0
kabupaten,11,1103,7,2021,2022,34796091369.79,17784376319.1,-9070467688.89,43510000000,0,1
kabupaten,11,1103,8,2021,2022,19198017801.49,13789535108.72,-10127552910.21,22860000000,0,1
kabupaten,11,1103,9,2021,2022,3603313784.37,24115305659.53,-15088619443.91,12630000000,0,1
kabupaten,11,1103,10,2021,2022,10564385311.48,17646004578.66,-6900389890.13,21310000000,0,1
kabupaten,11,1103,11,2021,2022,5857543518.33,-14104781570.13,2497238051.8,-5750000000,1,0
kabupaten,11,1103,12,2021,2022,14927954078.99,-810946993.68,-857007085.31,13260000000,0,0
kabupaten,11,1103,13,2021,2022,1006653412.58,1756480195.17,-1033133607.75,1730000000,0,1
kabupaten,11,1103,14,2021,2022,29486099916.88,-29923128101.02,-2002971815.86,-2440000000,0,0
kabupaten,11,1103,15,2021,2022,6839767684.92,-619140493.64,-720627191.27,5500000000,0,0
kabupaten,11,1103,16,2021,2022,11579041408.09,15376300631.31,-465342039.41,26490000000,0,1
kabupaten,11,1103,17,2021,2022,5138144343.14,11441749890.82,-2859894233.96,13720000000,0,1
kabupaten,11,1103,1,2022,2023,154285901808.66,90923701884.09,-121469603692.75,123740000000,0,1
kabupaten,11,1103,2,2022,2023,23727055231.65,-50839078601.08,-15817976630.58,-42930000000,0,0
kabupaten,11,1103,3,2022,2023,12715966282.59,-17412520306.17,9476554023.57,4780000000,1,0
kabupaten,11,1103,4,2022,2023,535311186.57,392294916.31,-367606102.88,560000000,0,1
kabupaten,11,1103,5,2022,2023,126005318.8,5527919.23,-21533238.03,110000000,0,1
kabupaten,11,1103,6,2022,2023,28507646286.45,-3784902525.13,-31962743761.32,-7240000000,0,0
kabupaten,11,1103,7,2022,2023,36771565583.73,41966563034.28,-21698128618.01,57040000000,0,1
kabupaten,11,1103,8,2022,2023,20239498622.77,15559580419.74,-11549079042.51,24250000000,0,1
kabupaten,11,1103,9,2022,2023,4151410134.09,3866251656.84,-2267661790.93,5750000000,0,1
kabupaten,11,1103,10,2022,2023,11506653491.45,1695854498.35,-342507989.79,12860000000,0,1
kabupaten,11,1103,11,2022,2023,5637258087.97,-20189842391.82,742584303.85,-13810000000,1,0
kabupaten,11,1103,12,2022,2023,15546857589.15,-2125360735.59,-2601496853.55,10820000000,0,0
kabupaten,11,1103,13,2022,2023,1083730308.99,-1351081364.34,-12648944.65,-280000000,0,0
kabupaten,11,1103,14,2022,2023,29497929697.95,-16646802892.29,-15741126805.65,-2890000000,0,0
kabupaten,11,1103,15,2022,2023,7099004353.36,-4049226652.01,2610222298.65,5660000000,1,0
kabupaten,11,1103,16,2022,2023,12744296337.49,-14019134762.08,-2355161575.41,-3630000000,0,0
kabupaten,11,1103,17,2022,2023,5738316044.99,1933695650.12,277988304.88,7950000000,1,1
kabupaten,11,1103,1,2023,2024,175826038214.83,-130959934785.55,93863896570.73,138730000000,1,0
kabupaten,11,1103,2,2023,2024,24151920643.83,33660778865.3,-21922699509.13,35890000000,0,1
kabupaten,11,1103,3,2023,2024,14238731934.73,-5228237324.54,-3070494610.19,5940000000,0,0
kabupaten,11,1103,4,2023,2024,616137069.74,116736667,-72873736.74,660000000,0,1
kabupaten,11,1103,5,2023,2024,144013883.93,-85312874.17,81298990.24,140000000,1,0
kabupaten,11,1103,6,2023,2024,31084627839.31,-1941483629.86,-5243144209.45,23900000000,0,0
kabupaten,11,1103,7,2023,2024,43189251118.71,-19553638706.13,16414387587.42,40050000000,1,0
kabupaten,11,1103,8,2023,2024,23438842189.44,61002549486.67,-41141391676.11,43300000000,0,1
kabupaten,11,1103,9,2023,2024,4843806782.03,-1912152503.08,1428345721.06,4360000000,1,0
kabupaten,11,1103,10,2023,2024,13282367890.02,-8004288816.11,1181920926.09,6460000000,1,0
kabupaten,11,1103,11,2023,2024,5569935038.2,20775487651.46,-815422689.65,25530000000,0,1
kabupaten,11,1103,12,2023,2024,17640535620.1,-4249923335.1,-2530612285,10860000000,0,0
kabupaten,11,1103,13,2023,2024,1181473125.41,-85907708.07,-35565417.35,1060000000,0,0
kabupaten,11,1103,14,2023,2024,32378888537.25,19611351681.98,309759780.77,52300000000,1,1
kabupaten,11,1103,15,2023,2024,8088546781.69,-465368138.97,-2043178642.71,5580000000,0,0
kabupaten,11,1103,16,2023,2024,13877998128.39,-7239551823.18,5581553694.79,12220000000,1,0
kabupaten,11,1103,17,2023,2024,6695480441.7,-830621171.34,855140729.64,6720000000,1,0
kabupaten,11,1103,1,2024,2025,115977883216.66,24814122670.14,46867994113.2,187660000000,1,1
kabupaten,11,1103,2,2024,2025,16430175412.36,-10824637171.88,-43675538240.48,-38070000000,0,0
kabupaten,11,1103,3,2024,2025,9235116643.53,5194966186.82,-2130082830.35,12300000000,0,1
kabupaten,11,1103,4,2024,2025,411569815.42,-774989895.68,-36579919.74,-400000000,0,0
kabupaten,11,1103,5,2024,2025,95775972.9,-113135731.04,7359758.15,-10000000,1,0
kabupaten,11,1103,6,2024,2025,20485383478.4,-37589433469.28,-7795950009.12,-24900000000,0,0
kabupaten,11,1103,7,2024,2025,28665481819.87,14605116862.15,-21760598682.01,21510000000,0,1
kabupaten,11,1103,8,2024,2025,16196221100.85,16589926933.96,-6216148034.82,26570000000,0,1
kabupaten,11,1103,9,2024,2025,3211015512.37,2001000557.31,467983930.32,5680000000,1,1
kabupaten,11,1103,10,2024,2025,8642076563.67,-3188640484.85,1766563921.17,7220000000,1,0
kabupaten,11,1103,11,2024,2025,4300726659.1,1285393312.92,-2516119972.02,3070000000,0,1
kabupaten,11,1103,12,2024,2025,11545304274.6,5828834053.42,-2484138328.02,14890000000,0,1
kabupaten,11,1103,13,2024,2025,783109425.45,-919122856.84,6013431.39,-130000000,1,0
kabupaten,11,1103,14,2024,2025,22150936542.67,-3150112747.8,-20070823794.87,-1070000000,0,0
kabupaten,11,1103,15,2024,2025,5311563475.21,907017608.02,-2078581083.23,4140000000,0,1
kabupaten,11,1103,16,2024,2025,9191824717.7,-2320129689.1,-3081695028.6,3790000000,0,0
kabupaten,11,1103,17,2024,2025,4459068360.42,-1358855657.13,-760212703.3,2340000000,0,0
kabupaten,11,1104,1,2021,2022,103066146468.31,-22920068881.1,50143922412.79,130290000000,1,0
kabupaten,11,1104,2,2021,2022,2772719420.52,57573236.68,-1400292657.2,1430000000,0,1
kabupaten,11,1104,3,2021,2022,3903203838.67,-20578039.62,7677374200.95,11560000000,1,0
kabupaten,11,1104,4,2021,2022,278409165.57,-117509253.17,139100087.59,300000000,1,0
kabupaten,11,1104,5,2021,2022,88871912.16,99212945.76,-8084857.92,180000000,0,1
kabupaten,11,1104,6,2021,2022,35520123677.83,-54570148892.71,21740025214.88,2690000000,1,0
kabupaten,11,1104,7,2021,2022,31705791751.32,16204915834.03,-780707585.35,47130000000,0,1
kabupaten,11,1104,8,2021,2022,9775067949.48,7021227090.9,-3336295040.37,13460000000,0,1
kabupaten,11,1104,9,2021,2022,3448735624.37,23080785825.86,1790478549.77,28320000000,1,1
kabupaten,11,1104,10,2021,2022,8126936232.55,13574661444.27,2628402323.18,24330000000,1,1
kabupaten,11,1104,11,2021,2022,4556054378.21,-10970836430.87,1124782052.66,-5290000000,1,0
kabupaten,11,1104,12,2021,2022,7116913268.8,-386619585.58,-240293683.22,6490000000,0,0
kabupaten,11,1104,13,2021,2022,1235361698.37,2155546616.08,-670908314.45,2720000000,0,1
kabupaten,11,1104,14,2021,2022,24144518921.74,-24502376871.45,-1622142050.29,-1980000000,0,0
kabupaten,11,1104,15,2021,2022,4544682143,-411387765.65,-1773294377.35,2360000000,0,0
kabupaten,11,1104,16,2021,2022,7294657093.11,9686884821.71,-11541914.83,16970000000,0,1
kabupaten,11,1104,17,2021,2022,3374184304.69,7513719024.13,2072096671.18,12960000000,1,1
kabupaten,11,1104,1,2022,2023,108977264458.04,64222435035.02,15100300506.93,188300000000,1,1
kabupaten,11,1104,2,2022,2023,2843999242.4,-6093731380.24,4689732137.84,1440000000,1,0
kabupaten,11,1104,3,2022,2023,4407226301.45,-6035004793.37,12957778491.93,11330000000,1,0
kabupaten,11,1104,4,2022,2023,292180118.42,214119895.08,-206300013.5,300000000,0,1
kabupaten,11,1104,5,2022,2023,96829590.62,4247964.78,68922444.6,170000000,1,1
kabupaten,11,1104,6,2022,2023,35772402602.79,-4749429524.3,-13332973078.49,17690000000,0,0
kabupaten,11,1104,7,2022,2023,33822280017.9,38600609568.89,-4292889586.79,68130000000,0,1
kabupaten,11,1104,8,2022,2023,10382330864.99,7981655823.05,-3553986688.04,14810000000,0,1
kabupaten,11,1104,9,2022,2023,4659659775.69,4339589861.31,1310750363,10310000000,1,1
kabupaten,11,1104,10,2022,2023,9187394519.61,1354041323.64,5798564156.75,16340000000,1,1
kabupaten,11,1104,11,2022,2023,4350143355.01,-15580040393.56,5949897038.55,-5280000000,1,0
kabupaten,11,1104,12,2022,2023,7419091690.03,-1014240085.58,95148395.55,6500000000,1,0
kabupaten,11,1104,13,2022,2023,1355191432.04,-1689510640.93,1064319208.89,730000000,1,0
kabupaten,11,1104,14,2022,2023,24154965911.6,-13631565351.13,-2503400560.47,8020000000,0,0
kabupaten,11,1104,15,2022,2023,4662196795.53,-2659287215.74,367090420.21,2370000000,1,0
kabupaten,11,1104,16,2022,2023,8040661551.22,-8844985621.63,2774324070.41,1970000000,1,0
kabupaten,11,1104,17,2022,2023,3935340610.92,1326129645.25,1708529743.83,6970000000,1,1
kabupaten,11,1104,1,2023,2024,128894290371.43,-96003914054.23,7299623682.8,40190000000,1,0
kabupaten,11,1104,2,2023,2024,3201862079.53,4462467933.94,-5124330013.46,2540000000,0,1
kabupaten,11,1104,3,2023,2024,5385839620.23,-1977595185.83,3891755565.6,7300000000,1,0
kabupaten,11,1104,4,2023,2024,336032395.83,63666518.08,70301086.09,470000000,1,1
kabupaten,11,1104,5,2023,2024,114651829.92,-67918987.2,93267157.28,140000000,1,0
kabupaten,11,1104,6,2023,2024,40253977846.97,-2514182876.2,27120205029.23,64860000000,1,0
kabupaten,11,1104,7,2023,2024,40455317645.86,-18315868983.57,37590551337.71,59730000000,1,0
kabupaten,11,1104,8,2023,2024,12133985333.4,31580230575.76,-14714215909.16,29000000000,0,1
kabupaten,11,1104,9,2023,2024,5616541473.13,-2217199058.47,7070657585.34,10470000000,1,0
kabupaten,11,1104,10,2023,2024,10888195327.79,-6561500239.37,6713304911.59,11040000000,1,0
kabupaten,11,1104,11,2023,2024,4548788048.93,16966677221.84,-1495465270.77,20020000000,0,1
kabupaten,11,1104,12,2023,2024,8480506899.43,-2043107133.57,4582600234.14,11020000000,1,0
kabupaten,11,1104,13,2023,2024,1527758936.93,-111086969.25,1003328032.32,2420000000,1,0
kabupaten,11,1104,14,2023,2024,26998175624.86,16352343791.6,7459480583.54,50810000000,1,1
kabupaten,11,1104,15,2023,2024,5249282765.9,-302013330.41,1572730564.51,6520000000,1,0
kabupaten,11,1104,16,2023,2024,8954494342.64,-4671172689.62,-443321653.02,3840000000,0,0
kabupaten,11,1104,17,2023,2024,4662507750.16,-578416692.06,4655908941.9,8740000000,1,0
kabupaten,11,1104,1,2024,2025,83196999762.65,17800467646.41,8222532590.94,109220000000,1,1
kabupaten,11,1104,2,2024,2025,2112408764.44,-1391711157.06,-1960697607.38,-1240000000,0,0
kabupaten,11,1104,3,2024,2025,3643045210.54,2049296984.15,447657805.31,6140000000,1,1
kabupaten,11,1104,4,2024,2025,227727390.66,-428812852.94,521085462.28,320000000,1,0
kabupaten,11,1104,5,2024,2025,77095210.38,-91069009.51,413973799.13,400000000,1,0
kabupaten,11,1104,6,2024,2025,27533664827.47,-50522601311.74,15428936484.28,-7560000000,1,0
kabupaten,11,1104,7,2024,2025,27509646704.23,14016216698.41,-5275863402.65,36250000000,0,1
kabupaten,11,1104,8,2024,2025,8579807355.29,8788369598.4,281823046.31,17650000000,1,1
kabupaten,11,1104,9,2024,2025,3883819482.96,2420270135.71,-2284089618.67,4020000000,0,1
kabupaten,11,1104,10,2024,2025,7254659296.85,-2676729391.05,1762070094.2,6340000000,1,0
kabupaten,11,1104,11,2024,2025,3487668709.62,1042388040.99,849943249.39,5380000000,1,1
kabupaten,11,1104,12,2024,2025,5722243730.51,2888967525.24,-591211255.76,8020000000,0,1
kabupaten,11,1104,13,2024,2025,1043750540.54,-1225033114.76,-18717425.79,-200000000,0,0
kabupaten,11,1104,14,2024,2025,18683431195.76,-2656994419.58,-2116436776.18,13910000000,0,0
kabupaten,11,1104,15,2024,2025,3533036275.73,603311271.12,713652453.15,4850000000,1,1
kabupaten,11,1104,16,2024,2025,5810903222.45,-1466743492.28,1685840269.83,6030000000,1,0
kabupaten,11,1104,17,2024,2025,3225544994.33,-982951977.54,-1022593016.79,1220000000,0,0
kabupaten,11,1105,1,2021,2022,79731583409.5,-17730879113.7,48079295704.2,110080000000,1,0
kabupaten,11,1105,2,2021,2022,80548278374.77,1672518705.09,-139450797079.87,-57230000000,0,1
kabupaten,11,1105,3,2021,2022,4578798848.62,-24139836.92,3485340988.3,8040000000,1,0
kabupaten,11,1105,4,2021,2022,423299865.96,-178663841.8,-44636024.16,200000000,0,0
kabupaten,11,1105,5,2021,2022,47173716.41,52662795.86,-99836512.26,0,0,1
kabupaten,11,1105,6,2021,2022,32144675791.45,-49384392913.65,13689717122.19,-3550000000,1,0
kabupaten,11,1105,7,2021,2022,40220226368.64,20556666373.18,14463107258.19,75240000000,1,1
kabupaten,11,1105,8,2021,2022,13047323331.22,9371619768.82,1721056899.97,24140000000,1,1
kabupaten,11,1105,9,2021,2022,2891074905.43,19348621630.28,-2149696535.71,20090000000,0,1
kabupaten,11,1105,10,2021,2022,9717364385.66,16231200527.64,3651435086.71,29600000000,1,1
kabupaten,11,1105,11,2021,2022,5315466973.56,-12799478206.3,3034011232.74,-4450000000,1,0
kabupaten,11,1105,12,2021,2022,8959636565.89,-486723786.74,1697087220.84,10170000000,1,0
kabupaten,11,1105,13,2021,2022,1172603807.8,2046042202.24,-178646010.04,3040000000,0,1
kabupaten,11,1105,14,2021,2022,21637994043.79,-21958701538.92,-769292504.87,-1090000000,0,0
kabupaten,11,1105,15,2021,2022,5832693078.44,-527979404.89,1365286326.45,6670000000,1,0
kabupaten,11,1105,16,2021,2022,7742807398.97,10282002637.42,1885189963.61,19910000000,1,1
kabupaten,11,1105,17,2021,2022,1807764203.69,4025575090.7,-873339294.38,4960000000,0,1
kabupaten,11,1105,1,2022,2023,84697138900.93,49913681791.96,-4150820692.89,130460000000,0,1
kabupaten,11,1105,2,2022,2023,78442539318.18,-168075910943.41,133003371625.24,43370000000,1,0
kabupaten,11,1105,3,2022,2023,4936617775.06,-6759923339.02,1083305563.97,-740000000,1,0
kabupaten,11,1105,4,2022,2023,433407556.27,317616342.2,-321023898.47,430000000,0,1
kabupaten,11,1105,5,2022,2023,47357703.71,2077607.23,-39435310.94,10000000,0,1
kabupaten,11,1105,6,2022,2023,32119939704.21,-4264499414.37,7974559710.16,35830000000,1,0
kabupaten,11,1105,7,2022,2023,43558516496.57,49712357883.45,-29590874380.02,63680000000,0,1
kabupaten,11,1105,8,2022,2023,14118938254.98,10854258759.78,-32213197014.76,-7240000000,0,1
kabupaten,11,1105,9,2022,2023,3751829509.04,3494118043.51,-3045947552.55,4200000000,0,1
kabupaten,11,1105,10,2022,2023,11006860582.66,1622194849.76,-4489055432.42,8140000000,0,1
kabupaten,11,1105,11,2022,2023,5148036095.19,-18437693603.39,1899657508.2,-11390000000,1,0
kabupaten,11,1105,12,2022,2023,9424605874.8,-1288407458.54,-4706198416.25,3430000000,0,0
kabupaten,11,1105,13,2022,2023,1305719545.13,-1627834277.44,-197885267.69,-520000000,0,0
kabupaten,11,1105,14,2022,2023,21676297526.38,-12232758571.58,31796461045.2,41240000000,1,0
kabupaten,11,1105,15,2022,2023,6137473833.4,-3500775796.88,673301963.48,3310000000,1,0
kabupaten,11,1105,16,2022,2023,8614873708.69,-9476637413.49,1411763704.8,550000000,1,0
kabupaten,11,1105,17,2022,2023,2024541833.57,682229369.45,-1256771203.02,1450000000,0,1
kabupaten,11,1105,1,2023,2024,99436227111.09,-74062760840.23,-50943466270.86,-25570000000,0,0
kabupaten,11,1105,2,2023,2024,88483248838.75,123320009052.99,295396742108.25,507200000000,1,1
kabupaten,11,1105,3,2023,2024,5406812515.95,-1985296101.67,-1311516414.28,2110000000,0,0
kabupaten,11,1105,4,2023,2024,497756725.03,94307685.59,-282064410.62,310000000,0,1
kabupaten,11,1105,5,2023,2024,52665271.47,-31198559.16,-61466712.31,-40000000,0,0
kabupaten,11,1105,6,2023,2024,37073554727.51,-2315540014.71,761985287.19,35520000000,1,0
kabupaten,11,1105,7,2023,2024,50979516716.86,-23080628292.32,-25678888424.54,2220000000,0,0
kabupaten,11,1105,8,2023,2024,15224924097.8,39624789407.27,-23249713505.07,31600000000,0,1
kabupaten,11,1105,9,2023,2024,4331135997.82,-1709769384.31,-1091366613.51,1530000000,0,0
kabupaten,11,1105,10,2023,2024,12511497456.32,-7539742912.68,-1141754543.64,3830000000,0,0
kabupaten,11,1105,11,2023,2024,5143486158.61,19184861661.91,421652179.48,24750000000,1,1
kabupaten,11,1105,12,2023,2024,10547968352.82,-2541195902.77,-2126772450.04,5880000000,0,0
kabupaten,11,1105,13,2023,2024,1414971364.4,-102885917.83,27914553.43,1340000000,1,0
kabupaten,11,1105,14,2023,2024,25814372177.7,15635333826.97,-16609706004.67,24840000000,0,1
kabupaten,11,1105,15,2023,2024,6919191329.35,-398090198.28,-3261101131.07,3260000000,0,0
kabupaten,11,1105,16,2023,2024,9521228591.36,-4966813453.2,-2804415138.16,1750000000,0,0
kabupaten,11,1105,17,2023,2024,2299095434.98,-285218866.64,-213876568.33,1800000000,0,0
kabupaten,11,1105,1,2024,2025,62505238336.46,13373348509.12,24361413154.42,100240000000,1,1
kabupaten,11,1105,2,2024,2025,71334419045.33,-46997015226.72,301392596181.4,325730000000,1,0
kabupaten,11,1105,3,2024,2025,3502494711.62,1970234085.69,-4482728797.31,990000000,0,1
kabupaten,11,1105,4,2024,2025,325875523.88,-613626725.76,317751201.88,30000000,1,0
kabupaten,11,1105,5,2024,2025,32320684.35,-38178930.91,25858246.56,20000000,1,0
kabupaten,11,1105,6,2024,2025,24640222277.86,-45213310112.47,-60676912165.39,-81250000000,0,0
kabupaten,11,1105,7,2024,2025,32500078976.2,16558851320.18,-49218930296.38,-160000000,0,1
kabupaten,11,1105,8,2024,2025,10623423470.47,10881662954.96,-5105086425.43,16400000000,0,1
kabupaten,11,1105,9,2024,2025,2800928297.15,1745447526.49,-2736375823.64,1810000000,0,1
kabupaten,11,1105,10,2024,2025,8073647647.13,-2978909010.86,-4784738636.28,310000000,0,0
kabupaten,11,1105,11,2024,2025,4006282259.45,1197390309.63,-3813672569.08,1390000000,0,1
kabupaten,11,1105,12,2024,2025,6885195327.11,3476102494.36,-2421297821.47,7940000000,0,1
kabupaten,11,1105,13,2024,2025,939968526.57,-1103225844.82,-256742681.75,-420000000,0,0
kabupaten,11,1105,14,2024,2025,17160207750.66,-2440374883.75,-10159832866.91,4560000000,0,0
kabupaten,11,1105,15,2024,2025,4498802045.77,768228166.63,-2077030212.41,3190000000,0,1
kabupaten,11,1105,16,2024,2025,6109498902.66,-1542112717,-707386185.66,3860000000,0,0
kabupaten,11,1105,17,2024,2025,1516106964.15,-462018152.34,-134088811.81,920000000,0,0
kabupaten,11,1106,1,2021,2022,94018480378.05,-20908029650.88,-29210450727.17,43900000000,0,0
kabupaten,11,1106,2,2021,2022,27752887032.87,576265857.19,-48829152890.06,-20500000000,0,1
kabupaten,11,1106,3,2021,2022,9458330139.32,-49865162.16,-3298464977.17,6110000000,0,0
kabupaten,11,1106,4,2021,2022,413612406.34,-174575017.56,-149037388.78,90000000,0,0
kabupaten,11,1106,5,2021,2022,184061732.76,205478944.55,40459322.69,430000000,1,1
kabupaten,11,1106,6,2021,2022,85653990787.89,-131591631632.37,9887640844.49,-36050000000,1,0
kabupaten,11,1106,7,2021,2022,74905122549.75,38284210530.89,-35689333080.65,77500000000,0,1
kabupaten,11,1106,8,2021,2022,24628049514.9,17689813446.18,103912137038.93,146230000000,1,1
kabupaten,11,1106,9,2021,2022,6238723994.64,41752882224.31,-411606218.95,47580000000,0,1
kabupaten,11,1106,10,2021,2022,24768307082.42,41371234321.34,-1539541403.76,64600000000,0,1
kabupaten,11,1106,11,2021,2022,5100236892.46,-12281210903.33,730974010.88,-6450000000,1,0
kabupaten,11,1106,12,2021,2022,26647253054.61,-1447586832.07,230333777.45,25430000000,1,0
kabupaten,11,1106,13,2021,2022,1416475073.86,2471566065.42,-618041139.28,3270000000,0,1
kabupaten,11,1106,14,2021,2022,27395293414.76,-27801332713.57,-1203960701.19,-1610000000,0,0
kabupaten,11,1106,15,2021,2022,7642563251.6,-691810102.66,-210753148.94,6740000000,0,0
kabupaten,11,1106,16,2021,2022,9976398631.99,13248083254.64,15518113.37,23240000000,1,1
kabupaten,11,1106,17,2021,2022,6011279290.54,13386068894.32,-2847348184.86,16550000000,0,1
kabupaten,11,1106,1,2022,2023,96241424853.36,56716955468.29,-183958380321.65,-31000000000,0,1
kabupaten,11,1106,2,2022,2023,26994313950.96,-57839712317.27,44995398366.31,14150000000,1,0
kabupaten,11,1106,3,2022,2023,9753572780.92,-13355987294.33,9152414513.41,5550000000,1,0
kabupaten,11,1106,4,2022,2023,419031110.5,307080775.72,-236111886.22,490000000,0,1
kabupaten,11,1106,5,2022,2023,202961587.33,8904030.97,68134381.7,280000000,1,1
kabupaten,11,1106,6,2022,2023,84463733075.5,-11214078966.29,12820345890.79,86070000000,1,0
kabupaten,11,1106,7,2022,2023,78474252066.19,89560903747.89,-24075155814.09,143960000000,0,1
kabupaten,11,1106,8,2022,2023,30907244219.94,23760655387.56,109512100392.5,164180000000,1,1
kabupaten,11,1106,9,2022,2023,8274913049.92,7706513029.58,1968573920.5,17950000000,1,1
kabupaten,11,1106,10,2022,2023,27596433326.69,4067171713.32,-9283605040.01,22380000000,0,1
kabupaten,11,1106,11,2022,2023,4847399243.96,-17360962584.74,2163563340.78,-10350000000,1,0
kabupaten,11,1106,12,2022,2023,27826456458.99,-3804065074.22,11407608615.22,35430000000,1,0
kabupaten,11,1106,13,2022,2023,1560267202.57,-1945177617.79,94910415.23,-290000000,1,0
kabupaten,11,1106,14,2022,2023,27434064056.83,-15482085067.16,-30301978989.67,-18350000000,0,0
kabupaten,11,1106,15,2022,2023,7957362733.09,-4538828778.61,4371466045.52,7790000000,1,0
kabupaten,11,1106,16,2022,2023,10997981013.21,-12098131889.91,18510150876.7,17410000000,1,0
kabupaten,11,1106,17,2022,2023,6734519169.45,2269395816.04,736085014.51,9740000000,1,1
kabupaten,11,1106,1,2023,2024,104635640991.61,-77935423328.84,50329782337.23,77030000000,1,0
kabupaten,11,1106,2,2023,2024,30413495176.36,42387599344.55,-59691094520.91,13110000000,0,1
kabupaten,11,1106,3,2023,2024,11009372058.6,-4042467417.77,3123095359.17,10090000000,1,0
kabupaten,11,1106,4,2023,2024,484706923.25,91835199.45,-316542122.7,260000000,0,1
kabupaten,11,1106,5,2023,2024,236760689.43,-140255469.51,-56505219.92,40000000,0,0
kabupaten,11,1106,6,2023,2024,97110099943.85,-6065302448.2,455202504.34,91500000000,1,0
kabupaten,11,1106,7,2023,2024,93206344954.32,-42198536606.86,-36087808347.46,14920000000,0,0
kabupaten,11,1106,8,2023,2024,41718818096.75,108578497389.21,10632684514.05,160930000000,1,1
kabupaten,11,1106,9,2023,2024,9957464822.28,-3930832120.5,-4776632701.78,1250000000,0,0
kabupaten,11,1106,10,2023,2024,31460741769.18,-18959033929.39,12388292160.21,24890000000,1,0
kabupaten,11,1106,11,2023,2024,4860585098.6,18129659502.72,4959755398.68,27950000000,1,1
kabupaten,11,1106,12,2023,2024,32322494750.99,-7787072209.67,20924577458.68,45460000000,1,0
kabupaten,11,1106,13,2023,2024,1706261582.7,-124066319.22,257804736.53,1840000000,1,0
kabupaten,11,1106,14,2023,2024,29383492964.46,17797090641.57,14269416393.97,61450000000,1,1
kabupaten,11,1106,15,2023,2024,9133929117.11,-525513384.47,-1768415732.64,6840000000,0,0
kabupaten,11,1106,16,2023,2024,12933751756.76,-6746979300.98,523227544.22,6710000000,1,0
kabupaten,11,1106,17,2023,2024,7876953567.11,-977191174.77,237607.66,6900000000,1,0
kabupaten,11,1106,1,2024,2025,68855511511.54,14732025294.6,36662463193.86,120250000000,1,1
kabupaten,11,1106,2,2024,2025,19738449497.82,-13004216253.75,30645766755.93,37380000000,1,0
kabupaten,11,1106,3,2024,2025,7303585103.44,4108435130.76,-2382020234.21,9030000000,0,1
kabupaten,11,1106,4,2024,2025,316090362.56,-595201173.48,89110810.92,-190000000,1,0
kabupaten,11,1106,5,2024,2025,151818260.44,-179335895.65,117517635.2,90000000,1,0
kabupaten,11,1106,6,2024,2025,64496666924.61,-118347463346.69,-34409203577.92,-88260000000,0,0
kabupaten,11,1106,7,2024,2025,59742264604.42,30438796097.69,-11521060702.11,78660000000,0,1
kabupaten,11,1106,8,2024,2025,31314295336.53,32075498870.18,-56689794206.71,6700000000,0,1
kabupaten,11,1106,9,2024,2025,6372215658.03,3970957796.33,-813173454.37,9530000000,0,1
kabupaten,11,1106,10,2024,2025,20754030634.57,-7657551031.58,1033520397,14130000000,1,0
kabupaten,11,1106,11,2024,2025,3921181008,1171955403.34,6466863588.67,11560000000,1,1
kabupaten,11,1106,12,2024,2025,21912237910.53,11062748584.34,14475013505.14,47450000000,1,1
kabupaten,11,1106,13,2024,2025,1140119553.52,-1338139865.41,148020311.89,-50000000,1,0
kabupaten,11,1106,14,2024,2025,20516518082.59,-2917680028.02,48991161945.43,66590000000,1,0
kabupaten,11,1106,15,2024,2025,6014019449.8,1026970977.83,5049009572.37,12090000000,1,1
kabupaten,11,1106,16,2024,2025,8427692574.81,-2127253331.52,13449560756.71,19750000000,1,0
kabupaten,11,1106,17,2024,2025,5216084022.36,-1589548468.18,-2956535554.17,670000000,0,0
kabupaten,11,1107,1,2021,2022,130284959640.45,-28973046450.79,-30791913189.66,70520000000,0,0
kabupaten,11,1107,2,2021,2022,11746255384.99,243901325.3,-8280156710.29,3710000000,0,1
kabupaten,11,1107,3,2021,2022,9338289878.83,-49232299.17,-1529057579.66,7760000000,0,0
kabupaten,11,1107,4,2021,2022,424563447.65,-179197166.7,94633719.05,340000000,1,0
kabupaten,11,1107,5,2021,2022,36222675.1,40437503.96,-6660179.06,70000000,0,1
kabupaten,11,1107,6,2021,2022,26446343565.99,-40629951605.85,25693608039.85,11510000000,1,0
kabupaten,11,1107,7,2021,2022,50412276275.63,25765850619.84,271873104.54,76450000000,1,1
kabupaten,11,1107,8,2021,2022,19989441132.98,14357997953.59,5882560913.43,40230000000,1,1
kabupaten,11,1107,9,2021,2022,3666914062.74,24540952784.56,-1297866847.3,26910000000,0,1
kabupaten,11,1107,10,2021,2022,9271320049.29,15486159508.23,-3407479557.51,21350000000,0,1
kabupaten,11,1107,11,2021,2022,4962927682.21,-11950574620.03,37646937.83,-6950000000,1,0
kabupaten,11,1107,12,2021,2022,11413091012.88,-620005380.28,1856914367.4,12650000000,1,0
kabupaten,11,1107,13,2021,2022,1829245092.41,3191796438.34,-1021041530.74,4000000000,0,1
kabupaten,11,1107,14,2021,2022,30588364343.96,-31041729738.6,1593365394.63,1140000000,1,0
kabupaten,11,1107,15,2021,2022,8131569365.42,-736075273.74,-2865494091.68,4530000000,0,0
kabupaten,11,1107,16,2021,2022,11321691937.34,15034555344.28,113752718.37,26470000000,1,1
kabupaten,11,1107,17,2021,2022,6043290026.67,13457351211.86,-2590641238.54,16910000000,0,1
kabupaten,11,1107,1,2022,2023,133774942062.84,78836191830.2,26558866106.96,239170000000,1,1
kabupaten,11,1107,2,2022,2023,11948940617.16,-25602550561.14,27003609943.98,13350000000,1,0
kabupaten,11,1107,3,2022,2023,9702832384.09,-13286506283.56,3673899.47,-3580000000,1,0
kabupaten,11,1107,4,2022,2023,440595779.15,322884125.43,-83479904.59,680000000,0,1
kabupaten,11,1107,5,2022,2023,39323807.54,1725156,28951036.45,70000000,1,1
kabupaten,11,1107,6,2022,2023,27036174778.34,-3589538229.86,-74976636548.49,-51530000000,0,0
kabupaten,11,1107,7,2022,2023,53841480751.1,61448074345.78,-20089555096.89,95200000000,0,1
kabupaten,11,1107,8,2022,2023,21768475913.96,16735016904.88,-3883492818.84,34620000000,0,1
kabupaten,11,1107,9,2022,2023,4819069189.06,4488049514.46,1052881296.47,10360000000,1,1
kabupaten,11,1107,10,2022,2023,10210236352.4,1504788100.23,-3165024452.63,8550000000,0,1
kabupaten,11,1107,11,2022,2023,4688412667.22,-16791552088.24,-3996860578.98,-16100000000,0,0
kabupaten,11,1107,12,2022,2023,11992492791.11,-1639454993.01,4396962201.9,14750000000,1,0
kabupaten,11,1107,13,2022,2023,2005514184.76,-2500264889.21,-545249295.55,-1040000000,0,0
kabupaten,11,1107,14,2022,2023,30755868702.73,-17356705684.71,-34879163018.01,-21480000000,0,0
kabupaten,11,1107,15,2022,2023,8354829174.93,-4765541093.39,250711918.46,3840000000,1,0
kabupaten,11,1107,16,2022,2023,12485097477.01,-13734007701.4,-7241089775.62,-8490000000,0,0
kabupaten,11,1107,17,2022,2023,6781876873.16,2285354397.78,-267231270.94,8800000000,0,1
kabupaten,11,1107,1,2023,2024,158597969543.84,-118128008567.23,-24899960976.61,15570000000,0,0
kabupaten,11,1107,2,2023,2024,13792708352.47,19223038724.45,-15135747076.92,17880000000,0,1
kabupaten,11,1107,3,2023,2024,10527927585.8,-3865688616.55,2937761030.75,9600000000,1,0
kabupaten,11,1107,4,2023,2024,517331427.7,98016414.8,-355347842.5,260000000,0,1
kabupaten,11,1107,5,2023,2024,46606434.93,-27609344.39,11002909.46,30000000,1,0
kabupaten,11,1107,6,2023,2024,27398524900.89,-1711257019.14,59502732118.25,85190000000,1,0
kabupaten,11,1107,7,2023,2024,63782770455.82,-28877214048.96,13524443593.14,48430000000,1,0
kabupaten,11,1107,8,2023,2024,25607439606.62,66646598377.36,-16384037983.98,75870000000,0,1
kabupaten,11,1107,9,2023,2024,5794578054.55,-2287481196.08,4112903141.53,7620000000,1,0
kabupaten,11,1107,10,2023,2024,11652540860.6,-7022114073.49,-1130426787.11,3500000000,0,0
kabupaten,11,1107,11,2023,2024,4417357902.44,16476451507.03,-3203809409.47,17690000000,0,1
kabupaten,11,1107,12,2023,2024,13905961989.35,-3350197161.15,-3375764828.2,7180000000,0,0
kabupaten,11,1107,13,2023,2024,2162072516.29,-157209411.33,-244863104.96,1760000000,0,0
kabupaten,11,1107,14,2023,2024,32899016351.05,19926384406.59,-6765400757.64,46060000000,0,1
kabupaten,11,1107,15,2023,2024,9387934187.47,-540127365.21,-2067806822.25,6780000000,0,0
kabupaten,11,1107,16,2023,2024,13365793408.54,-6972356758.08,826563349.54,7220000000,1,0
kabupaten,11,1107,17,2023,2024,7885342725.4,-978231908.53,-197110816.87,6710000000,0,0
kabupaten,11,1107,1,2024,2025,101365079129.02,21687630763.85,84997290107.14,208050000000,1,1
kabupaten,11,1107,2,2024,2025,9305391892.99,-6130640023.96,-18754751869.03,-15580000000,0,0
kabupaten,11,1107,3,2024,2025,6982750420.24,3927958219.09,-5190708639.33,5720000000,0,1
kabupaten,11,1107,4,2024,2025,336846765.36,-634285678.31,327438912.95,30000000,1,0
kabupaten,11,1107,5,2024,2025,30541564.11,-36077338.38,5535774.27,-0,1,0
kabupaten,11,1107,6,2024,2025,19957577807.33,-36620942145.78,-61686635661.55,-78350000000,0,0
kabupaten,11,1107,7,2024,2025,42016000097.54,21407231016.06,1426768886.4,64850000000,1,1
kabupaten,11,1107,8,2024,2025,18541694616.68,18992415391.65,-14464110008.33,23070000000,0,1
kabupaten,11,1107,9,2024,2025,3912581926.84,2438193956.38,-4030775883.22,2320000000,0,1
kabupaten,11,1107,10,2024,2025,7517376052.23,-2773663186.54,-1533712865.69,3210000000,0,0
kabupaten,11,1107,11,2024,2025,3334960889.06,996747007.06,2778292103.88,7110000000,1,1
kabupaten,11,1107,12,2024,2025,9060169819.97,4574173631.15,-4084343451.12,9550000000,0,1
kabupaten,11,1107,13,2024,2025,1427743992.25,-1675720013.51,-1112023978.74,-1360000000,0,0
kabupaten,11,1107,14,2024,2025,22296824402.31,-3170859645.14,13434035242.83,32560000000,1,0
kabupaten,11,1107,15,2024,2025,6173843751.32,1054263027.78,-2018106779.1,5210000000,0,1
kabupaten,11,1107,16,2024,2025,8717689173.85,-2200452042.31,-5397237131.54,1120000000,0,0
kabupaten,11,1107,17,2024,2025,5215787502.32,-1589458106.72,-2616329395.6,1010000000,0,0
kabupaten,11,1108,1,2021,2022,212960267192.43,-47358557200.82,-32651709991.61,132950000000,0,0
kabupaten,11,1108,2,2021,2022,167283895088.81,3473512398.31,244522592512.88,415280000000,1,1
kabupaten,11,1108,3,2021,2022,67172844998.2,-354141244.71,-40568703753.49,26250000000,0,0
kabupaten,11,1108,4,2021,2022,770784830.56,-325328189.55,-195456641,250000000,0,0
kabupaten,11,1108,5,2021,2022,148681445.46,165981847.65,-4663293.11,310000000,0,1
kabupaten,11,1108,6,2021,2022,36763066866.34,-56479702909.95,6546636043.61,-13170000000,1,0
kabupaten,11,1108,7,2021,2022,82770497372.59,42304224855.31,-30714722227.9,94360000000,0,1
kabupaten,11,1108,8,2021,2022,36688936740.56,26352896768.65,-30261833509.21,32780000000,0,1
kabupaten,11,1108,9,2021,2022,3115150058.36,20848252560.83,-8803402619.19,15160000000,0,1
kabupaten,11,1108,10,2021,2022,14022808395.46,23422710726.3,-37445519121.77,0,0,1
kabupaten,11,1108,11,2021,2022,8865710326.98,-21348353150.9,7372642823.93,-5110000000,1,0
kabupaten,11,1108,12,2021,2022,19318058061.99,-1049435242.51,541377180.52,18810000000,1,0
kabupaten,11,1108,13,2021,2022,2060480541.57,3595272432.96,-3215752974.53,2440000000,0,1
kabupaten,11,1108,14,2021,2022,21326310560.4,-21642398439.26,246087878.86,-70000000,1,0
kabupaten,11,1108,15,2021,2022,12717107316.38,-1151161335.34,-5565945981.04,6000000000,0,0
kabupaten,11,1108,16,2021,2022,19116727379.47,25385913817.37,1917358803.15,46420000000,1,1
kabupaten,11,1108,17,2021,2022,7816095136.95,17405078508.4,-3941173645.35,21280000000,0,1
kabupaten,11,1108,1,2022,2023,219412469651.71,129304063082.86,-56976532734.57,291740000000,0,1
kabupaten,11,1108,2,2022,2023,185495897063.03,-397455158210.44,-105790738852.59,-317750000000,0,0
kabupaten,11,1108,3,2022,2023,68544779242.93,-93861318434.19,-96303460808.73,-121620000000,0,0
kabupaten,11,1108,4,2022,2023,784361967.69,574808111.98,-409170079.66,950000000,0,1
kabupaten,11,1108,5,2022,2023,162369269.86,7123224.78,100507505.36,270000000,1,1
kabupaten,11,1108,6,2022,2023,36349574616.75,-4826059484.95,-40603515131.8,-9080000000,0,0
kabupaten,11,1108,7,2022,2023,87083206061.93,99386109849.01,-13049315910.94,173420000000,0,1
kabupaten,11,1108,8,2022,2023,38218089730.07,29381036147.54,-30359125877.61,37240000000,0,1
kabupaten,11,1108,9,2022,2023,3768320138.01,3509475938.66,682203923.33,7960000000,1,1
kabupaten,11,1108,10,2022,2023,14077500264.24,2074746768.59,-3512247032.82,12640000000,0,1
kabupaten,11,1108,11,2022,2023,8684218917.7,-31102533981.63,2238315063.93,-20180000000,1,0
kabupaten,11,1108,12,2022,2023,20188758225.94,-2759939993.52,3481181767.58,20910000000,1,0
kabupaten,11,1108,13,2022,2023,2171688984.38,-2707434212.73,-224254771.65,-760000000,0,0
kabupaten,11,1108,14,2022,2023,21406527749.9,-12080517233.24,-12586010516.66,-3260000000,0,0
kabupaten,11,1108,15,2022,2023,13020408663.58,-7426757775.64,4836349112.06,10430000000,1,0
kabupaten,11,1108,16,2022,2023,21154094275.66,-23270182249.91,-2063912025.75,-4180000000,0,0
kabupaten,11,1108,17,2022,2023,8746375903.82,2947350565.38,496273530.8,12190000000,1,1
kabupaten,11,1108,1,2023,2024,255440548551.21,-190258950946.61,170008402395.41,235190000000,1,0
kabupaten,11,1108,2,2023,2024,189650438943.05,264317756799.17,-468918195742.22,-14950000000,0,1
kabupaten,11,1108,3,2023,2024,69884018852.19,-25660307211.83,-13003711640.36,31220000000,0,0
kabupaten,11,1108,4,2023,2024,908825481.09,172190998.97,488983519.94,1570000000,1,1
kabupaten,11,1108,5,2023,2024,191552447.55,-113474405.45,651921957.9,730000000,1,0
kabupaten,11,1108,6,2023,2024,39642501420.72,-2475991282.66,2243489861.94,39410000000,1,0
kabupaten,11,1108,7,2023,2024,104068440678.54,-47116276319.44,20337835640.89,77290000000,1,0
kabupaten,11,1108,8,2023,2024,43860849846.02,114153405771.24,-12364255617.26,145650000000,0,1
kabupaten,11,1108,9,2023,2024,4524552702.77,-1786123015.48,-48429687.29,2690000000,0,0
kabupaten,11,1108,10,2023,2024,16105785717.93,-9705751381.39,2989965663.46,9390000000,1,0
kabupaten,11,1108,11,2023,2024,8631511748.59,32194965384.07,-1346477132.66,39480000000,0,1
kabupaten,11,1108,12,2023,2024,23227248974.87,-5595863388.41,-1841385586.46,15790000000,0,0
kabupaten,11,1108,13,2023,2024,2358285607.34,-171476529.71,-206809077.62,1980000000,0,0
kabupaten,11,1108,14,2023,2024,23443036768.58,14199055598.63,2267907632.79,39910000000,1,1
kabupaten,11,1108,15,2023,2024,14837624623.55,-853670992.35,-3593953631.2,10390000000,0,0
kabupaten,11,1108,16,2023,2024,23121918431.93,-12061705527.75,-2190212904.18,8870000000,0,0
kabupaten,11,1108,17,2023,2024,10208673506.54,-1266457339.34,277783832.8,9220000000,1,0
kabupaten,11,1108,1,2024,2025,169490558302.26,36263461519.51,-33524019821.77,172230000000,0,1
kabupaten,11,1108,2,2024,2025,120216340667.38,-79201727138.98,-352004613528.4,-310990000000,0,0
kabupaten,11,1108,3,2024,2025,45387432951.51,25531478225.02,50291088823.47,121210000000,1,1
kabupaten,11,1108,4,2024,2025,624767724.13,-1176443595.24,911675871.11,360000000,1,0
kabupaten,11,1108,5,2024,2025,143515699.32,-169528463.85,-143987235.47,-170000000,0,0
kabupaten,11,1108,6,2024,2025,26389987033.47,-48424022078.74,-40065964954.72,-62100000000,0,0
kabupaten,11,1108,7,2024,2025,68502356143.98,34902079201.13,-26544435345.11,76860000000,0,1
kabupaten,11,1108,8,2024,2025,32224018819.03,33007336365.53,-9221355184.56,56010000000,0,1
kabupaten,11,1108,9,2024,2025,2958380438.35,1843566586.04,-511947024.39,4290000000,0,1
kabupaten,11,1108,10,2024,2025,10525275337.25,-3883478560.65,2788203223.4,9430000000,1,0
kabupaten,11,1108,11,2024,2025,6662212257.08,1991189806.58,196597936.34,8850000000,1,1
kabupaten,11,1108,12,2024,2025,15245874372.89,7697126866.93,-2443001239.82,20500000000,0,1
kabupaten,11,1108,13,2024,2025,1559102369.94,-1829893215.17,190790845.23,-80000000,1,0
kabupaten,11,1108,14,2024,2025,16098369487.68,-2289369519.17,38421000031.49,52230000000,1,0
kabupaten,11,1108,15,2024,2025,9748096312.6,1664612508.44,-2152708821.04,9260000000,0,1
kabupaten,11,1108,16,2024,2025,14973668976.24,-3779538341.25,905869365.01,12100000000,1,0
kabupaten,11,1108,17,2024,2025,6768366431.37,-2062590718.82,-665775712.56,4040000000,0,0
kabupaten,11,1109,1,2021,2022,23245269952.76,-5169332576.54,7594062623.78,25670000000,1,0
kabupaten,11,1109,2,2021,2022,1204614543.93,25012829.55,-1129627373.47,100000000,0,1
kabupaten,11,1109,3,2021,2022,924099408.87,-4871934.71,300772525.83,1220000000,1,0
kabupaten,11,1109,4,2021,2022,139415179.73,-58843514.07,-571665.67,80000000,0,0
kabupaten,11,1109,5,2021,2022,7160296.24,7993460.09,-5153756.33,10000000,0,1
kabupaten,11,1109,6,2021,2022,6865881706.5,-10548166735.05,3752285028.55,70000000,1,0
kabupaten,11,1109,7,2021,2022,9023236844.26,4611800732.14,-1215037576.4,12420000000,0,1
kabupaten,11,1109,8,2021,2022,1755957354.42,1261267482.85,-857224837.27,2160000000,0,1
kabupaten,11,1109,9,2021,2022,935892837.98,6263496104.67,-2979388942.65,4220000000,0,1
kabupaten,11,1109,10,2021,2022,3575093793.31,5971584676.81,673321529.88,10220000000,1,1
kabupaten,11,1109,11,2021,2022,1199139023.27,-2887489259.38,1708350236.1,20000000,1,0
kabupaten,11,1109,12,2021,2022,2566755605.14,-139436571.85,-347319033.29,2080000000,0,0
kabupaten,11,1109,13,2021,2022,109089219.19,190346598.56,-109435817.74,190000000,0,1
kabupaten,11,1109,14,2021,2022,11400876389.88,-11569854461.59,-381021928.29,-550000000,0,0
kabupaten,11,1109,15,2021,2022,2497679806.12,-226091700.68,-1121588105.44,1150000000,0,0
kabupaten,11,1109,16,2021,2022,3625637060.89,4814637366.21,99725572.91,8540000000,1,1
kabupaten,11,1109,17,2021,2022,716872011.81,1596348742.86,-303220754.67,2010000000,0,1
kabupaten,11,1109,1,2022,2023,24421352994.96,14391981336.53,10936665668.51,49750000000,1,1
kabupaten,11,1109,2,2022,2023,1213541157.55,-2600209494.69,2626668337.14,1240000000,1,0
kabupaten,11,1109,3,2022,2023,979289658.85,-1340983507.77,691693848.92,330000000,1,0
kabupaten,11,1109,4,2022,2023,143341621.05,105045795.13,-88387416.18,160000000,0,1
kabupaten,11,1109,5,2022,2023,7611059.52,333901.16,2055039.31,10000000,1,1
kabupaten,11,1109,6,2022,2023,6895619929.39,-915517507.86,2239897578.47,8220000000,1,0
kabupaten,11,1109,7,2022,2023,9583592451.53,10937539110.11,-9541131561.65,10980000000,0,1
kabupaten,11,1109,8,2022,2023,1854138667.55,1425411777.47,-699550445.02,2580000000,0,1
kabupaten,11,1109,9,2022,2023,1117980076.85,1041186532.97,800833390.18,2960000000,1,1
kabupaten,11,1109,10,2022,2023,4021176448.89,592642350.32,-353818799.21,4260000000,0,1
kabupaten,11,1109,11,2022,2023,1204661588.11,-4314496022.67,9834434.57,-3100000000,1,0
kabupaten,11,1109,12,2022,2023,2664716506.93,-364284795.36,-330431711.57,1970000000,0,0
kabupaten,11,1109,13,2022,2023,117548585.99,-146547256.84,-21001329.15,-50000000,0,0
kabupaten,11,1109,14,2022,2023,11422086163.39,-6445917355.14,-5856168808.25,-880000000,0,0
kabupaten,11,1109,15,2022,2023,2556047490.38,-1457953130.7,-288094359.68,810000000,0,0
kabupaten,11,1109,16,2022,2023,4000880290.16,-4401096652.91,-109783637.24,-510000000,0,0
kabupaten,11,1109,17,2022,2023,804658126.42,271153402.27,174188471.31,1250000000,1,1
kabupaten,11,1109,1,2023,2024,29236682694.43,-21776263048.88,20699580354.45,28160000000,1,0
kabupaten,11,1109,2,2023,2024,1395396661.73,1944778601.78,-3020175263.51,320000000,0,1
kabupaten,11,1109,3,2023,2024,1094785156.45,-401987806.47,-502797349.98,190000000,0,0
kabupaten,11,1109,4,2023,2024,165452843.99,31347592.12,13199563.89,210000000,1,1
kabupaten,11,1109,5,2023,2024,8855222.64,-5245775.43,-3609447.2,0,0,0
kabupaten,11,1109,6,2023,2024,7983682303.1,-498644814.97,-3485037488.12,4000000000,0,0
kabupaten,11,1109,7,2023,2024,11075087131.85,-5014170118.85,7839082987.01,13900000000,1,0
kabupaten,11,1109,8,2023,2024,2163936773.69,5631918976.89,-4225855750.58,3570000000,0,1
kabupaten,11,1109,9,2023,2024,1370229186.87,-540914881.08,-209314305.79,620000000,0,0
kabupaten,11,1109,10,2023,2024,4630815374.41,-2790645765.7,4369830391.3,6210000000,1,0
kabupaten,11,1109,11,2023,2024,1183337382.81,4413769822.36,-2777107205.17,2820000000,0,1
kabupaten,11,1109,12,2023,2024,3028952205.94,-729729240.55,810777034.61,3110000000,1,0
kabupaten,11,1109,13,2023,2024,127235567.35,-9251599.33,-27983968.02,90000000,0,0
kabupaten,11,1109,14,2023,2024,12548782604.26,7600587912.39,-9379370516.64,10770000000,0,1
kabupaten,11,1109,15,2023,2024,2855110203.66,-164266506.44,779156302.78,3470000000,1,0
kabupaten,11,1109,16,2023,2024,4386131591.04,-2288055284.55,-498076306.49,1600000000,0,0
kabupaten,11,1109,17,2023,2024,945178500.33,-117256002.75,142077502.42,970000000,1,0
kabupaten,11,1109,1,2024,2025,19435999057.1,4158441691.15,9355559251.75,32950000000,1,1
kabupaten,11,1109,2,2024,2025,897269640.82,-591145137.74,-236124503.08,70000000,0,0
kabupaten,11,1109,3,2024,2025,702159454.55,394980893.58,232859651.88,1330000000,1,1
kabupaten,11,1109,4,2024,2025,111491535.01,-209939625.92,98448090.91,-0,1,0
kabupaten,11,1109,5,2024,2025,5633880.76,-6655043,21021162.24,20000000,1,0
kabupaten,11,1109,6,2024,2025,5197996299.92,-9538007247.73,4420010947.81,80000000,1,0
kabupaten,11,1109,7,2024,2025,7458368564.28,3800052801.03,-888421365.31,10370000000,0,1
kabupaten,11,1109,8,2024,2025,1482600199.64,1518639985.9,-851240185.53,2150000000,0,1
kabupaten,11,1109,9,2024,2025,890153159.86,554714532.55,-154867692.42,1290000000,0,1
kabupaten,11,1109,10,2024,2025,3130362061.51,-1155000089.16,1374638027.65,3350000000,1,0
kabupaten,11,1109,11,2024,2025,836483032.63,250006517.91,553510449.46,1640000000,1,1
kabupaten,11,1109,12,2024,2025,2019301471.9,1019477088.14,-458778560.04,2580000000,0,1
kabupaten,11,1109,13,2024,2025,83618651.26,-98141857.49,14523206.23,0,1,0
kabupaten,11,1109,14,2024,2025,8303154158.04,-1180802071.72,3317647913.69,10440000000,1,0
kabupaten,11,1109,15,2024,2025,1919374218.45,327757772.38,1032868009.17,3280000000,1,1
kabupaten,11,1109,16,2024,2025,2837993302.14,-716344438.67,-251648863.47,1870000000,0,0
kabupaten,11,1109,17,2024,2025,630105084.84,-192018105.56,31913020.71,470000000,1,0
kabupaten,11,1110,1,2021,2022,20842779967.24,-4635061743.28,2382281776.04,18590000000,1,0
kabupaten,11,1110,2,2021,2022,1007916994.27,20928566.82,-1008845561.09,20000000,0,1
kabupaten,11,1110,3,2021,2022,3350176252.59,-17662428.74,2027486176.15,5360000000,1,0
kabupaten,11,1110,4,2021,2022,191643222.9,-80887609.97,-30755612.93,80000000,0,0
kabupaten,11,1110,5,2021,2022,33695511.72,37616282.75,8688205.53,80000000,1,1
kabupaten,11,1110,6,2021,2022,8115985191.25,-12468721232.91,-187263958.34,-4540000000,0,0
kabupaten,11,1110,7,2021,2022,9772961979.99,4994987274.79,-1097949254.78,13670000000,0,1
kabupaten,11,1110,8,2021,2022,4024507680.85,2890719788.59,-1345227469.44,5570000000,0,1
kabupaten,11,1110,9,2021,2022,772469606.14,5169780313.22,-2932249919.36,3010000000,0,1
kabupaten,11,1110,10,2021,2022,3694712859.91,6171387934.13,-1106100794.04,8760000000,0,1
kabupaten,11,1110,11,2021,2022,1586216214.14,-3819559027.33,33342813.19,-2200000000,1,0
kabupaten,11,1110,12,2021,2022,2565492023.45,-139367928.97,3875905.52,2430000000,1,0
kabupaten,11,1110,13,2021,2022,496166410.05,865746305.4,-401912715.45,960000000,0,1
kabupaten,11,1110,14,2021,2022,11394137287.54,-11563015475.66,-1001121811.88,-1170000000,0,0
kabupaten,11,1110,15,2021,2022,2478304886.88,-224337869.61,-143967017.27,2110000000,0,0
kabupaten,11,1110,16,2021,2022,3738517025.14,4964535462.64,-3052487.79,8700000000,0,1
kabupaten,11,1110,17,2021,2022,924941796.67,2059683806.89,-204625603.56,2780000000,0,1
kabupaten,11,1110,1,2022,2023,21710124457.6,12794201290.65,-8124325748.25,26380000000,0,1
kabupaten,11,1110,2,2022,2023,1012693753.43,-2169861233.37,2017167479.95,860000000,1,0
kabupaten,11,1110,3,2022,2023,3589883075.82,-4915781511.63,1855898435.81,530000000,1,0
kabupaten,11,1110,4,2022,2023,195773364.44,143469625.79,-139242990.23,200000000,0,1
kabupaten,11,1110,5,2022,2023,37209624.34,1632405.68,-18842030.02,20000000,0,1
kabupaten,11,1110,6,2022,2023,7955671386.53,-1056258395.29,-1679412991.24,5220000000,0,0
kabupaten,11,1110,7,2022,2023,10389096251.23,11856842529.69,-9235938780.93,13010000000,0,1
kabupaten,11,1110,8,2022,2023,4275724106.33,3287061321.28,-2852785427.61,4710000000,0,1
kabupaten,11,1110,9,2022,2023,902756226.96,840746311.61,-13502538.57,1730000000,0,1
kabupaten,11,1110,10,2022,2023,4079527905.25,601242207.77,-280770113.02,4400000000,0,1
kabupaten,11,1110,11,2022,2023,1499378726.37,-5370025586.66,2310646860.29,-1560000000,1,0
kabupaten,11,1110,12,2022,2023,2678247279.42,-366134543.6,137887264.19,2450000000,1,0
kabupaten,11,1110,13,2022,2023,538693879.69,-671587069.12,102893189.43,-30000000,1,0
kabupaten,11,1110,14,2022,2023,11389104905.45,-6427304777.73,-1800127.72,4960000000,0,0
kabupaten,11,1110,15,2022,2023,2577189322.4,-1470012296.38,-507177026.01,600000000,0,0
kabupaten,11,1110,16,2022,2023,4120965895.99,-4533194671.24,552228775.25,140000000,1,0
kabupaten,11,1110,17,2022,2023,1046097848.01,352513671.68,21388480.31,1420000000,1,1
kabupaten,11,1110,1,2023,2024,25159085702.62,-18739159775.95,-3179925926.67,3240000000,0,0
kabupaten,11,1110,2,2023,2024,1156305650.55,1611555013.7,-2467860664.25,300000000,0,1
kabupaten,11,1110,3,2023,2024,3981587735.87,-1461976087.97,930388352.11,3450000000,1,0
kabupaten,11,1110,4,2023,2024,225109080.7,42650385.9,32240533.4,300000000,1,1
kabupaten,11,1110,5,2023,2024,41945791.43,-24848409.95,2902618.52,20000000,1,0
kabupaten,11,1110,6,2023,2024,9012286321.95,-562889362.94,-3159396959.01,5290000000,0,0
kabupaten,11,1110,7,2023,2024,12057550780.12,-5458973830.95,-218576949.17,6380000000,0,0
kabupaten,11,1110,8,2023,2024,4932359008.39,12837087773.51,-2949446781.9,14820000000,0,1
kabupaten,11,1110,9,2023,2024,1075676518.13,-424636580.11,-1039938.02,650000000,0,0
kabupaten,11,1110,10,2023,2024,4701657155.5,-2833336803.99,-38320351.51,1830000000,0,0
kabupaten,11,1110,11,2023,2024,1579958144.05,5893138912.09,-1173097056.14,6300000000,0,1
kabupaten,11,1110,12,2023,2024,3066237353.89,-738711905.46,-387525448.43,1940000000,0,0
kabupaten,11,1110,13,2023,2024,592367787.93,-43072464.28,-149295323.65,400000000,0,0
kabupaten,11,1110,14,2023,2024,12784611164.99,7743425330.54,-5498036495.53,15030000000,0,1
kabupaten,11,1110,15,2023,2024,2868626069.79,-165044131.11,-123581938.69,2580000000,0,0
kabupaten,11,1110,16,2023,2024,4548788048.93,-2372906128.7,194118079.76,2370000000,1,0
kabupaten,11,1110,17,2023,2024,1219224337.71,-151253305.32,112028967.61,1180000000,1,0
kabupaten,11,1110,1,2024,2025,16102817288.28,3445288639.9,20581894071.82,40130000000,1,1
kabupaten,11,1110,2,2024,2025,744561820.26,-490537158.25,-164024662.01,90000000,0,0
kabupaten,11,1110,3,2024,2025,2635470114.87,1482512745.82,-767982860.69,3350000000,0,1
kabupaten,11,1110,4,2024,2025,152114780.48,-286433585.36,144318804.88,10000000,1,0
kabupaten,11,1110,5,2024,2025,27279843.67,-32224418.75,-15055424.92,-20000000,0,0
kabupaten,11,1110,6,2024,2025,5890667113.19,-10809016085.76,-5831651027.43,-10750000000,0,0
kabupaten,11,1110,7,2024,2025,7860449738.43,4004913914.94,-4205363653.36,7660000000,0,1
kabupaten,11,1110,8,2024,2025,3577514281.72,3664478285.98,1058007432.31,8300000000,1,1
kabupaten,11,1110,9,2024,2025,703642054.75,438486870.67,-382128925.42,760000000,0,1
kabupaten,11,1110,10,2024,2025,3045557330.09,-1123709947.5,348152617.41,2270000000,1,0
kabupaten,11,1110,11,2024,2025,1192010560.51,356265934.77,-708276495.28,840000000,0,1
kabupaten,11,1110,12,2024,2025,2008330230.43,1013938079,-192268309.42,2830000000,0,1
kabupaten,11,1110,13,2024,2025,388737772.34,-456255231.09,57517458.75,-10000000,1,0
kabupaten,11,1110,14,2024,2025,8579510835.25,-1220103104.89,-949407730.36,6410000000,0,0
kabupaten,11,1110,15,2024,2025,1901583016.05,324719696.32,-266302712.38,1960000000,0,1
kabupaten,11,1110,16,2024,2025,2964310839.15,-748228539.69,803917700.54,3020000000,1,0
kabupaten,11,1110,17,2024,2025,810685789.16,-247048235.58,6362446.42,570000000,1,0
kabupaten,11,1111,1,2021,2022,132080930415.03,-29372438251.81,7851507836.78,110560000000,1,0
kabupaten,11,1111,2,2021,2022,10235432878.33,212530339.43,-6287963217.76,4160000000,0,1
kabupaten,11,1111,3,2021,2022,6328017100.69,-33361871.94,-734655228.76,5560000000,0,0
kabupaten,11,1111,4,2021,2022,448992693.65,-189508114.79,360515421.14,620000000,1,0
kabupaten,11,1111,5,2021,2022,227023510.2,253439705.06,29536784.74,510000000,1,1
kabupaten,11,1111,6,2021,2022,41035236558.32,-63043107314.2,29097870755.88,7090000000,1,0
kabupaten,11,1111,7,2021,2022,109666676020.03,56050934436.23,-19507610456.26,146210000000,0,1
kabupaten,11,1111,8,2021,2022,39065733898.39,28060100511.92,-17655834410.31,49470000000,0,1
kabupaten,11,1111,9,2021,2022,4517304539.73,30232221297.31,-1939525837.04,32810000000,0,1
kabupaten,11,1111,10,2021,2022,13813053835.02,23072351493.38,-3055405328.4,33830000000,0,1
kabupaten,11,1111,11,2021,2022,4562372286.66,-10986049756.79,4643677470.13,-1780000000,1,0
kabupaten,11,1111,12,2021,2022,13624358969.39,-740130421.66,-1604228547.73,11280000000,0,0
kabupaten,11,1111,13,2021,2022,1288432129.33,2248147664.03,-166579793.35,3370000000,0,1
kabupaten,11,1111,14,2021,2022,35007530705.82,-35526394767.82,-161135938,-680000000,0,0
kabupaten,11,1111,15,2021,2022,7827888566.05,-708585878.09,-1069302687.96,6050000000,0,0
kabupaten,11,1111,16,2021,2022,11419408921.33,15164317875.53,116273203.14,26700000000,1,1
kabupaten,11,1111,17,2021,2022,5629677620.33,12536308635.19,-2805986255.52,15360000000,0,1
kabupaten,11,1111,1,2022,2023,137270955404.52,80896460922.42,-84777416326.95,133390000000,0,1
kabupaten,11,1111,2,2022,2023,10451253237.35,-22393511526.23,18292258288.88,6350000000,1,0
kabupaten,11,1111,3,2022,2023,6587794855.28,-9020951231.01,-306843624.27,-2740000000,0,0
kabupaten,11,1111,4,2022,2023,476959730.22,349532911.22,-376492641.43,450000000,0,1
kabupaten,11,1111,5,2022,2023,249473617.75,10944538.07,-70418155.83,190000000,0,1
kabupaten,11,1111,6,2022,2023,41495073692.1,-5509216987.6,-11835856704.5,24150000000,0,0
kabupaten,11,1111,7,2022,2023,116276693378.88,132703982129.64,-35980675508.53,213000000000,0,1
kabupaten,11,1111,8,2022,2023,41309871243.66,31757914349.79,-32497785593.45,40570000000,0,1
kabupaten,11,1111,9,2022,2023,5922249983.51,5515453321.01,1762296695.48,13200000000,1,1
kabupaten,11,1111,10,2022,2023,15297383971.39,2254533643.52,-1961917614.92,15590000000,0,1
kabupaten,11,1111,11,2022,2023,4504901565.35,-16134306993.88,4139405428.53,-7490000000,1,0
kabupaten,11,1111,12,2022,2023,14154456532.77,-1935010080.07,-5089446452.69,7130000000,0,0
kabupaten,11,1111,13,2022,2023,1435953230.33,-1790195986.46,-95757243.87,-450000000,0,0
kabupaten,11,1111,14,2022,2023,35115314463.83,-19816906622.46,8861592158.64,24160000000,1,0
kabupaten,11,1111,15,2022,2023,8114235126.62,-4628307787.96,-5927338.67,3480000000,0,0
kabupaten,11,1111,16,2022,2023,12592920820.28,-13852616837.57,-2040303982.71,-3300000000,0,0
kabupaten,11,1111,17,2022,2023,6301111613.18,2123346295.64,-1804457908.82,6620000000,0,1
kabupaten,11,1111,1,2023,2024,157521360897.01,-117326121658.95,-6255239238.06,33940000000,0,0
kabupaten,11,1111,2,2023,2024,11815663382.85,16467610925.94,-25413274308.79,2870000000,0,1
kabupaten,11,1111,3,2023,2024,7133580930.02,-2619338171.89,-2024242758.13,2490000000,0,0
kabupaten,11,1111,4,2023,2024,546693481.7,103579508.61,79727009.69,730000000,1,1
kabupaten,11,1111,5,2023,2024,283833188.71,-168140907.35,-45692281.36,70000000,0,0
kabupaten,11,1111,6,2023,2024,46862770319.7,-2926954824.61,2144184504.91,46080000000,1,0
kabupaten,11,1111,7,2023,2024,138091138175.69,-62519820429.03,65768682253.33,141340000000,1,0
kabupaten,11,1111,8,2023,2024,47423911796.23,123426724870.59,-430636666.82,170420000000,0,1
kabupaten,11,1111,9,2023,2024,7142902217,-2819748798.44,-3013153418.56,1310000000,0,0
kabupaten,11,1111,10,2023,2024,17587870348.63,-10598892840.22,-1368977508.41,5620000000,0,0
kabupaten,11,1111,11,2023,2024,4616367379.58,17218743635.48,-4805111015.06,17030000000,0,1
kabupaten,11,1111,12,2023,2024,15933807973.05,-3838741848.89,-3785066124.16,8310000000,0,0
kabupaten,11,1111,13,2023,2024,1561781634.42,-113560840.13,-58220794.29,1390000000,0,0
kabupaten,11,1111,14,2023,2024,39831257482.18,24125127010.45,-2036384492.63,61920000000,0,1
kabupaten,11,1111,15,2023,2024,9105965256.16,-523904505.86,-3372060750.29,5210000000,0,0
kabupaten,11,1111,16,2023,2024,13726527214.88,-7160535994.1,-5991220.78,6560000000,0,0
kabupaten,11,1111,17,2023,2024,7253825532.13,-899887784.4,-553937747.73,5800000000,0,0
kabupaten,11,1111,1,2024,2025,101224825150.13,21657622633.5,70767552216.37,193650000000,1,1
kabupaten,11,1111,2,2024,2025,7602477303.69,-5008714536.18,-10143762767.51,-7550000000,0,0
kabupaten,11,1111,3,2024,2025,4612369221.07,2594564104.54,1333066674.39,8540000000,1,1
kabupaten,11,1111,4,2024,2025,369463969.75,-695704185.89,-133759783.86,-460000000,0,0
kabupaten,11,1111,5,2024,2025,182656344.6,-215763499.45,-276892845.15,-310000000,0,0
kabupaten,11,1111,6,2024,2025,31181454358.65,-57216073368.88,-49585380989.77,-75620000000,0,0
kabupaten,11,1111,7,2024,2025,92047529914.39,46898389488.78,-56745919403.18,82200000000,0,1
kabupaten,11,1111,8,2024,2025,35225394663.17,36081671152.98,45922934183.85,117230000000,1,1
kabupaten,11,1111,9,2024,2025,4583310257.15,2856170063.19,-1749480320.34,5690000000,0,1
kabupaten,11,1111,10,2024,2025,11356421009.17,-4190143830.13,83722820.96,7250000000,1,0
kabupaten,11,1111,11,2024,2025,3442004623.47,1028740042.49,6489255334.03,10960000000,1,1
kabupaten,11,1111,12,2024,2025,10383835278.21,5242447599.05,-3126282877.26,12500000000,0,1
kabupaten,11,1111,13,2024,2025,1034854939.35,-1214592491.62,-400262447.73,-580000000,0,0
kabupaten,11,1111,14,2024,2025,27177544259.51,-3864952999.21,3677408739.69,26990000000,1,0
kabupaten,11,1111,15,2024,2025,5947895480.9,1015679461.8,-1713574942.7,5250000000,0,1
kabupaten,11,1111,16,2024,2025,8927625362.12,-2253442520.06,-1974182842.06,4700000000,0,0
kabupaten,11,1111,17,2024,2025,4787019524.58,-1458795433.48,-9078224091.1,-5750000000,0,0
kabupaten,11,1112,1,2021,2022,37476990520.87,-8334212868.42,-11632777652.45,17510000000,0,0
kabupaten,11,1112,2,2021,2022,1751745415.45,36373551.78,-1218118967.23,570000000,0,1
kabupaten,11,1112,3,2021,2022,3176644367.24,-16747553.13,1740103185.88,4900000000,1,0
kabupaten,11,1112,4,2021,2022,165108007.42,-69687787.05,14579779.63,110000000,1,0
kabupaten,11,1112,5,2021,2022,8423877.93,9404070.69,2172051.38,20000000,1,1
kabupaten,11,1112,6,2021,2022,19403560422.98,-29810008290.91,13136447867.94,2730000000,1,0
kabupaten,11,1112,7,2021,2022,22847241720.58,11677286977.27,4665471302.14,39190000000,1,1
kabupaten,11,1112,8,2021,2022,8140414437.24,5847089623.65,-3637504060.9,10350000000,0,1
kabupaten,11,1112,9,2021,2022,834806302.82,5586970872.85,-2191777175.67,4230000000,0,1
kabupaten,11,1112,10,2021,2022,3669441226.12,6129175978.36,-1478617204.48,8320000000,0,1
kabupaten,11,1112,11,2021,2022,2478304886.88,-5967680647.06,2669375760.18,-820000000,1,0
kabupaten,11,1112,12,2021,2022,3835391621.33,-208354024.16,-1527037597.17,2100000000,0,0
kabupaten,11,1112,13,2021,2022,409821661.27,715085870.25,-234907531.52,890000000,0,1
kabupaten,11,1112,14,2021,2022,12329187737.72,-12511924774.63,162737036.91,-20000000,1,0
kabupaten,11,1112,15,2021,2022,3449578012.16,-312258183.57,1572680171.41,4710000000,1,0
kabupaten,11,1112,16,2021,2022,5249760725.71,6971380126.9,-531140852.61,11690000000,0,1
kabupaten,11,1112,17,2021,2022,4072102591.15,9067861131.61,-749963722.76,12390000000,0,1
kabupaten,11,1112,1,2022,2023,38363545534.32,22608388300.47,-40271933834.79,20700000000,0,1
kabupaten,11,1112,2,2022,2023,1782679275.34,-3819680567.81,3697001292.47,1660000000,1,0
kabupaten,11,1112,3,2022,2023,3396223894.58,-4650595653.88,3464371759.3,2210000000,1,0
kabupaten,11,1112,4,2022,2023,170403166.03,124877449.66,-45280615.69,250000000,0,1
kabupaten,11,1112,5,2022,2023,9302406.09,408101.42,289492.49,10000000,1,1
kabupaten,11,1112,6,2022,2023,19594672746.37,-2601545059.58,2336872313.21,19330000000,1,0
kabupaten,11,1112,7,2022,2023,24593447507.55,28067950022.57,-3601397530.12,49060000000,0,1
kabupaten,11,1112,8,2022,2023,8609799669.01,6618981667.71,-3888781336.72,11340000000,0,1
kabupaten,11,1112,9,2022,2023,1016922119.83,947070201.13,-73992320.96,1890000000,0,1
kabupaten,11,1112,10,2022,2023,4035552894.66,594761155.78,-490314050.44,4140000000,0,1
kabupaten,11,1112,11,2022,2023,2453298186.8,-8786488565.66,2183190378.86,-4150000000,1,0
kabupaten,11,1112,12,2022,2023,3939146140.68,-538507958.36,-1140638182.32,2260000000,0,0
kabupaten,11,1112,13,2022,2023,449052511.96,-559831607.07,-69220904.89,-180000000,0,0
kabupaten,11,1112,14,2022,2023,12376428460.46,-6984488986.23,4178060525.77,9570000000,1,0
kabupaten,11,1112,15,2022,2023,3662188141.31,-2088888679.08,316700537.77,1890000000,1,0
kabupaten,11,1112,16,2022,2023,5764531916.69,-6341170013.65,416638096.96,-160000000,1,0
kabupaten,11,1112,17,2022,2023,4611879235.34,1554109384.42,-945988619.75,5220000000,0,1
kabupaten,11,1112,1,2023,2024,43250305548.47,-32213984069.65,23183678521.19,34220000000,1,0
kabupaten,11,1112,2,2023,2024,2042293978.53,2846366009.68,-2678659988.21,2210000000,0,1
kabupaten,11,1112,3,2023,2024,3846429074.58,-1412347963.72,415918889.14,2850000000,1,0
kabupaten,11,1112,4,2023,2024,199475541.49,37793716.7,-17269258.19,220000000,0,1
kabupaten,11,1112,5,2023,2024,10719480.03,-6350149.21,15630669.18,20000000,1,0
kabupaten,11,1112,6,2023,2024,22498790396.95,-1405229410.28,-14093560986.67,7000000000,0,0
kabupaten,11,1112,7,2023,2024,29394212444.49,-13308029088.33,6523816643.84,22610000000,1,0
kabupaten,11,1112,8,2023,2024,10018519252.04,26074462702.38,-20262981954.42,15830000000,0,1
kabupaten,11,1112,9,2023,2024,1208970922.02,-477256190.99,528285268.97,1260000000,1,0
kabupaten,11,1112,10,2023,2024,4641068790.09,-2796824731.77,1435755941.68,3280000000,1,0
kabupaten,11,1112,11,2023,2024,2510688649.55,9364701864.14,-3635390513.69,8240000000,0,1
kabupaten,11,1112,12,2023,2024,4447186020.79,-1071407357.03,-1755778663.76,1620000000,0,0
kabupaten,11,1112,13,2023,2024,486571180.64,-35379742.49,-1191438.15,450000000,0,0
kabupaten,11,1112,14,2023,2024,14087727085.57,8532700866.4,2569572048.04,25190000000,1,1
kabupaten,11,1112,15,2023,2024,4124669491.09,-237309595.5,1782640104.41,5670000000,1,0
kabupaten,11,1112,16,2023,2024,6346398244.09,-3310641675.66,1884243431.57,4920000000,1,0
kabupaten,11,1112,17,2023,2024,5326649447.88,-660808114.11,414158666.23,5080000000,1,0
kabupaten,11,1112,1,2024,2025,28531454761.82,6104465772.1,33864079466.08,68500000000,1,1
kabupaten,11,1112,2,2024,2025,1364881743.78,-899220445.81,1484338702.02,1950000000,1,0
kabupaten,11,1112,3,2024,2025,2531688100.9,1424132968.47,1184178930.63,5140000000,1,1
kabupaten,11,1112,4,2024,2025,133434017.97,-251257531.02,247823513.05,130000000,1,0
kabupaten,11,1112,5,2024,2025,7413001,-8756635.53,21343634.53,20000000,1,0
kabupaten,11,1112,6,2024,2025,14521772435.39,-26646569706.23,-31945202729.16,-44070000000,0,0
kabupaten,11,1112,7,2024,2025,19371654208.43,9869894226.97,17738451564.59,46980000000,1,1
kabupaten,11,1112,8,2024,2025,6843386001.48,7009738446.91,7116875551.61,20970000000,1,1
kabupaten,11,1112,9,2024,2025,806534508.6,502606105.45,610859385.95,1920000000,1,1
kabupaten,11,1112,10,2024,2025,3050005130.69,-1125351038.84,-54654091.84,1870000000,0,0
kabupaten,11,1112,11,2024,2025,1841685967.99,550439731.56,407874300.45,2800000000,1,1
kabupaten,11,1112,12,2024,2025,2877430467.45,1452717424.86,3089852107.69,7420000000,1,1
kabupaten,11,1112,13,2024,2025,322910323.48,-378994619.88,126084296.4,70000000,1,0
kabupaten,11,1112,14,2024,2025,9709845227.45,-1380849390.78,4251004163.33,12580000000,1,0
kabupaten,11,1112,15,2024,2025,2792329215.99,476826037.78,3150844746.23,6420000000,1,1
kabupaten,11,1112,16,2024,2025,4183601243.33,-1055992444.39,1662391201.06,4790000000,1,0
kabupaten,11,1112,17,2024,2025,3539559716.61,-1078644765.2,1689085048.59,4150000000,1,0
kabupaten,11,1113,1,2021,2022,33033394913.02,-7346036625.28,7192641712.26,32880000000,1,0
kabupaten,11,1113,2,2021,2022,1255157811.51,26062318.9,-1221220130.4,60000000,0,1
kabupaten,11,1113,3,2021,2022,8842544662.67,-46618686.07,-385925976.6,8410000000,0,0
kabupaten,11,1113,4,2021,2022,88029524.36,-37154968.1,19125443.73,70000000,1,0
kabupaten,11,1113,5,2021,2022,23165664.31,25861194.39,-9026858.7,40000000,0,1
kabupaten,11,1113,6,2021,2022,6793857550.2,-10437514841.81,4333657291.61,690000000,1,0
kabupaten,11,1113,7,2021,2022,10194155876.47,5210260613.36,-6044416489.83,9360000000,0,1
kabupaten,11,1113,8,2021,2022,1833878225.27,1317236416.48,-1091114641.75,2060000000,0,1
kabupaten,11,1113,9,2021,2022,827224812.68,5536231480.46,-4763456293.14,1600000000,0,1
kabupaten,11,1113,10,2021,2022,1479232964.43,2470806477.96,-1020039442.39,2930000000,0,1
kabupaten,11,1113,11,2021,2022,906409265.22,-2182605158.48,86195893.25,-1190000000,1,0
kabupaten,11,1113,12,2021,2022,2592448432.83,-140832310.43,-1591616122.4,860000000,0,0
kabupaten,11,1113,13,2021,2022,140257567.53,244731341,-314988908.53,70000000,0,1
kabupaten,11,1113,14,2021,2022,8580140865.17,-8707311409.68,87170544.51,-40000000,1,0
kabupaten,11,1113,15,2021,2022,2610138576.48,-236271546.22,-833867030.26,1540000000,0,0
kabupaten,11,1113,16,2021,2022,3884671307.22,5158619938.26,166708754.52,9210000000,1,1
kabupaten,11,1113,17,2021,2022,390867935.93,870394614.2,-171262550.14,1090000000,0,1
kabupaten,11,1113,1,2022,2023,34552518895.64,20362475706.35,-29554994601.99,25360000000,0,1
kabupaten,11,1113,2,2022,2023,1262590207.82,-2705305070.09,1762714862.26,320000000,1,0
kabupaten,11,1113,3,2022,2023,9232638040.12,-12642648917.14,7690010877.02,4280000000,1,0
kabupaten,11,1113,4,2022,2023,91332714.3,66931834.06,-68264548.36,90000000,0,1
kabupaten,11,1113,5,2022,2023,24947361.78,1094453.81,3958184.42,30000000,1,1
kabupaten,11,1113,6,2022,2023,6849530735.6,-909398338.84,169867603.24,6110000000,1,0
kabupaten,11,1113,7,2022,2023,10629690299.54,12131427120.63,848882579.82,23610000000,1,1
kabupaten,11,1113,8,2022,2023,1928135079.59,1482298222.41,-1010433302.01,2400000000,0,1
kabupaten,11,1113,9,2022,2023,898105023.92,836414597.59,265480378.49,2000000000,1,1
kabupaten,11,1113,10,2022,2023,1608893416.2,237119257.94,103987325.87,1950000000,1,1
kabupaten,11,1113,11,2022,2023,859626889.65,-3078754094.1,249127204.45,-1970000000,1,0
kabupaten,11,1113,12,2022,2023,2638923471.87,-360758712.76,761835240.89,3040000000,1,0
kabupaten,11,1113,13,2022,2023,143764457.69,-179230458.01,45466000.32,10000000,1,0
kabupaten,11,1113,14,2022,2023,8611913852.21,-4860030310.3,10218116458.09,13970000000,1,0
kabupaten,11,1113,15,2022,2023,2685435502.3,-1531755224.66,516319722.36,1670000000,1,0
kabupaten,11,1113,16,2022,2023,4289254878.82,-4718317950.45,-1160936928.37,-1590000000,0,0
kabupaten,11,1113,17,2022,2023,438481595.95,147759368.45,-186240964.4,400000000,0,1
kabupaten,11,1113,1,2023,2024,39266853555.2,-29247002509.04,-19909851046.17,-9890000000,0,0
kabupaten,11,1113,2,2023,2024,1406582206.12,1960368009.41,-3476950215.52,-110000000,0,1
kabupaten,11,1113,3,2023,2024,10375990607.93,-3809899759.63,1003909151.69,7570000000,1,0
kabupaten,11,1113,4,2023,2024,104864478.59,19868192.19,35267329.22,160000000,1,1
kabupaten,11,1113,5,2023,2024,28895989.66,-17117793.52,8221803.87,20000000,1,0
kabupaten,11,1113,6,2023,2024,7834541711.33,-489329792.16,4054788080.83,11400000000,1,0
kabupaten,11,1113,7,2023,2024,12816769605.09,-5802704972.79,3125935367.7,10140000000,1,0
kabupaten,11,1113,8,2023,2024,2237108876.52,5822358623.53,-489467500.06,7570000000,0,1
kabupaten,11,1113,9,2023,2024,1083133547.72,-427580334.57,14446786.85,670000000,1,0
kabupaten,11,1113,10,2023,2024,1864257397.1,-1123448375.89,249190978.78,990000000,1,0
kabupaten,11,1113,11,2023,2024,855694145.27,3191682313.45,-87376458.72,3960000000,0,1
kabupaten,11,1113,12,2023,2024,3050391166.01,-734894272.87,334503106.86,2650000000,1,0
kabupaten,11,1113,13,2023,2024,158927943.1,-11556027,42628083.9,190000000,1,0
kabupaten,11,1113,14,2023,2024,10143424497.64,6143702704.74,12902872797.61,29190000000,1,1
kabupaten,11,1113,15,2023,2024,3037807428.58,-174777846.72,-83029581.86,2780000000,0,0
kabupaten,11,1113,16,2023,2024,4653652527.52,-2427609394.99,-506043132.54,1720000000,0,0
kabupaten,11,1113,17,2023,2024,501951304.17,-62270569.51,90319265.34,530000000,1,0
kabupaten,11,1113,1,2024,2025,24689148084.45,5282382573.27,11398469342.28,41370000000,1,1
kabupaten,11,1113,2,2024,2025,891635760.06,-587433387.04,-374202373.02,-70000000,0,0
kabupaten,11,1113,3,2024,2025,6825891319.12,3839721355.62,-2865612674.74,7800000000,0,1
kabupaten,11,1113,4,2024,2025,71461329.62,-134562366.61,-346898963.01,-410000000,0,0
kabupaten,11,1113,5,2024,2025,18977282.56,-22416986.96,363439704.4,360000000,1,0
kabupaten,11,1113,6,2024,2025,5322534716.69,-9766527672.37,-11056007044.32,-15500000000,0,0
kabupaten,11,1113,7,2024,2025,8454972418.48,4307824337.79,-8902796756.27,3860000000,0,1
kabupaten,11,1113,8,2024,2025,1647761861.87,1687816480.33,-905578342.2,2430000000,0,1
kabupaten,11,1113,9,2024,2025,708979415.47,441812940.49,-1060792355.95,90000000,0,1
kabupaten,11,1113,10,2024,2025,1215435643.66,-448455561.76,243019918.1,1010000000,1,0
kabupaten,11,1113,11,2024,2025,661832729.12,197807354.83,-179640083.95,680000000,0,1
kabupaten,11,1113,12,2024,2025,2019301471.9,1019477088.14,861221439.96,3900000000,1,1
kabupaten,11,1113,13,2024,2025,106747214.37,-125287477.65,418540263.27,400000000,1,0
kabupaten,11,1113,14,2024,2025,7319004145.52,-1040844851.67,-11108159293.85,-4830000000,0,0
kabupaten,11,1113,15,2024,2025,2015150191.34,344112748.51,680737060.14,3040000000,1,1
kabupaten,11,1113,16,2024,2025,3011754045.54,-760203788.9,1178449743.36,3430000000,1,0
kabupaten,11,1113,17,2024,2025,335067645.12,-102108451.43,467040806.31,700000000,1,0
kabupaten,11,1114,1,2021,2022,25566469516.25,-5685525872.83,10119056356.58,30000000000,1,0
kabupaten,11,1114,2,2021,2022,3158954223.59,65593084.47,-4224547308.06,-1000000000,0,1
kabupaten,11,1114,3,2021,2022,2990476665,-15766060.35,3025289395.36,6000000000,1,0
kabupaten,11,1114,4,2021,2022,126358168.94,-53332490.09,926974321.15,1000000000,1,0
kabupaten,11,1114,6,2021,2022,14152114921.68,-21742126390.87,8590011469.19,1000000000,1,0
kabupaten,11,1114,7,2021,2022,9139907553.59,4671431446.92,188660999.49,14000000000,1,1
kabupaten,11,1114,8,2021,2022,6949699291.9,4991823810.75,-4941523102.64,7000000000,0,1
kabupaten,11,1114,9,2021,2022,631790844.72,4228282698.92,-2860073543.64,2000000000,0,1
kabupaten,11,1114,10,2021,2022,3074715444.29,5135787952.48,-2210503396.78,6000000000,0,1
kabupaten,11,1114,11,2021,2022,379074506.83,-912799555.12,533725048.29,0,1,0
kabupaten,11,1114,12,2021,2022,3453789951.12,-187623874.17,-2266166076.96,1000000000,0,0
kabupaten,11,1114,13,2021,2022,126358168.94,220478685.59,-346836854.53,0,0,1
kabupaten,11,1114,14,2021,2022,10445608632.67,-10600428204.8,154819572.13,0,1,0
kabupaten,11,1114,15,2021,2022,2737760327.11,-247823955.21,-489936371.9,2000000000,0,0
kabupaten,11,1114,16,2021,2022,2232327651.34,2964402653.45,-196730304.79,5000000000,0,1
kabupaten,11,1114,17,2021,2022,463313286.13,1031717753.91,-495031040.03,1000000000,0,1
kabupaten,11,1114,1,2022,2023,26934693984.68,15873142377.19,-11807836361.87,31000000000,0,1
kabupaten,11,1114,2,2022,2023,3128991137.94,-6704372913.14,5575381775.2,2000000000,1,0
kabupaten,11,1114,3,2022,2023,3255842130.02,-4458364857.43,1202522727.41,0,1,0
kabupaten,11,1114,4,2022,2023,169134656.1,123947840.86,-293082496.96,0,0,1
kabupaten,11,1114,6,2022,2023,14249594776.82,-1891889870.91,-3357704905.91,9000000000,0,0
kabupaten,11,1114,7,2022,2023,9767526390.05,11147458788.6,-2914985178.65,18000000000,0,1
kabupaten,11,1114,8,2022,2023,7272790212.5,5591124874.01,-2863915086.52,10000000000,0,1
kabupaten,11,1114,9,2022,2023,718822288.45,669446711.82,-388269000.26,1000000000,0,1
kabupaten,11,1114,10,2022,2023,3340409458.07,492310680.08,167279861.85,4000000000,1,1
kabupaten,11,1114,11,2022,2023,380552976.24,-1362950656.51,982397680.28,0,1,0
kabupaten,11,1114,12,2022,2023,3509544114.17,-479778451.52,-29765662.65,3000000000,0,0
kabupaten,11,1114,13,2022,2023,126850992.08,-158144521.77,31293529.69,0,1,0
kabupaten,11,1114,14,2022,2023,10486348678.49,-5917845126.7,3431496448.21,8000000000,1,0
kabupaten,11,1114,15,2022,2023,2833005489.75,-1615928201.11,-217077288.64,1000000000,0,0
kabupaten,11,1114,16,2022,2023,2452452513.52,-2697776430.66,245323917.14,-0,1,0
kabupaten,11,1114,17,2022,2023,507403968.31,170984804.37,321611227.31,1000000000,1,1
kabupaten,11,1114,1,2023,2024,31133098531.64,-23188764273.89,-5944334257.75,2000000000,0,0
kabupaten,11,1114,2,2023,2024,3542089054.5,4936645749.34,-7478734803.83,1000000000,0,1
kabupaten,11,1114,3,2023,2024,3588695489.43,-1317712264.7,-270983224.72,2000000000,0,0
kabupaten,11,1114,4,2023,2024,186425739.71,35321230.56,-221746970.27,0,0,1
kabupaten,11,1114,6,2023,2024,16125826484.95,-1007186841.69,14881360356.74,30000000000,1,0
kabupaten,11,1114,7,2023,2024,11605002296.97,-5254085593.55,5649083296.57,12000000000,1,0
kabupaten,11,1114,8,2023,2024,8482371156.82,22076443114.22,-26558814271.05,4000000000,0,1
kabupaten,11,1114,9,2023,2024,838915828.7,-331172376.17,492256547.47,1000000000,1,0
kabupaten,11,1114,10,2023,2024,3868334098.99,-2331155379.97,462821280.98,2000000000,1,0
kabupaten,11,1114,11,2023,2024,419457914.35,1564550153.65,-984008068,1000000000,0,1
kabupaten,11,1114,12,2023,2024,4008153403.77,-965636477.72,-42516926.05,3000000000,0,0
kabupaten,11,1114,13,2023,2024,139819304.78,-10166592.67,-129652712.11,0,0,0
kabupaten,11,1114,14,2023,2024,11931247341.47,7226557123.75,2842195534.78,22000000000,1,1
kabupaten,11,1114,15,2023,2024,3169237575.08,-182339576.2,-1986897998.87,1000000000,0,0
kabupaten,11,1114,16,2023,2024,2703173225.8,-1410128642.05,706955416.25,2000000000,1,0
kabupaten,11,1114,17,2023,2024,605883654.06,-75164104.33,-530719549.73,-0,0,0
kabupaten,11,1114,1,2024,2025,19866842675.11,4250623114.82,-10117465789.93,14000000000,0,1
kabupaten,11,1114,2,2024,2025,2283204307.44,-1504235809.84,221031502.41,1000000000,1,0
kabupaten,11,1114,3,2024,2025,2342508315.42,1317714974.34,339776710.23,4000000000,1,1
kabupaten,11,1114,4,2024,2025,118608015.97,-223340027.57,104732011.6,0,1,0
kabupaten,11,1114,6,2024,2025,11149153501.26,-20458018968.31,11308865467.06,2000000000,1,0
kabupaten,11,1114,7,2024,2025,7739173042.1,3943123210.22,-682296252.32,11000000000,0,1
kabupaten,11,1114,8,2024,2025,5515272742.64,5649340747.55,-4164613490.19,7000000000,0,1
kabupaten,11,1114,9,2024,2025,563388075.86,351085147.19,-914473223.05,0,0,1
kabupaten,11,1114,10,2024,2025,2520420339.38,-929951762.61,409531423.23,2000000000,1,0
kabupaten,11,1114,11,2024,2025,296520039.93,88623366.86,614856593.21,1000000000,1,1
kabupaten,11,1114,12,2024,2025,2639028355.35,1332356253.22,-971384608.57,3000000000,0,1
kabupaten,11,1114,13,2024,2025,88956011.98,-104406231.37,15450219.39,-0,1,0
kabupaten,11,1114,14,2024,2025,8243257109.97,-1172284036.64,15929026926.66,23000000000,1,0
kabupaten,11,1114,15,2024,2025,2045988275.5,349378747.02,604632977.48,3000000000,1,1
kabupaten,11,1114,16,2024,2025,1779120239.56,-449071845.37,-330048394.19,1000000000,0,0
kabupaten,11,1114,17,2024,2025,385476051.91,-117469899.87,731993847.97,1000000000,1,0
kabupaten,11,1115,1,2021,2022,123314200653.73,-27422874239.99,7438673586.27,103330000000,1,0
kabupaten,11,1115,2,2021,2022,56840537523.68,1180246979.01,-79000784502.69,-20980000000,0,1
kabupaten,11,1115,3,2021,2022,9170654708.03,-48348511.56,7697693803.53,16820000000,1,0
kabupaten,11,1115,4,2021,2022,271670063.23,-114664853.69,12994790.47,170000000,1,0
kabupaten,11,1115,5,2021,2022,22744470.41,25390990.86,-8135461.27,40000000,0,1
kabupaten,11,1115,6,2021,2022,27217970784.34,-41815415163.82,17067444379.48,2470000000,1,0
kabupaten,11,1115,7,2021,2022,28241893146.68,14434507897.65,4643598955.67,47320000000,1,1
kabupaten,11,1115,8,2021,2022,8854338091.77,6359886069.67,6845775838.56,22060000000,1,1
kabupaten,11,1115,9,2021,2022,816694965.27,5465760102.14,447544932.58,6730000000,1,1
kabupaten,11,1115,10,2021,2022,6517975548.01,10887166926.67,1174857525.33,18580000000,1,1
kabupaten,11,1115,11,2021,2022,3142527661.63,-7567108311.98,104580650.35,-4320000000,1,0
kabupaten,11,1115,12,2021,2022,6132583132.73,-333146781.44,860563648.72,6660000000,1,0
kabupaten,11,1115,13,2021,2022,689915602.43,1203813623.3,-73729225.73,1820000000,0,1
kabupaten,11,1115,14,2021,2022,13104605701.14,-13298835594.19,124229893.05,-70000000,1,0
kabupaten,11,1115,15,2021,2022,5424134998.85,-490996445.42,296861446.57,5230000000,1,0
kabupaten,11,1115,16,2021,2022,5302831156.67,7041854605.08,145314238.25,12490000000,1,1
kabupaten,11,1115,17,2021,2022,1346978080.94,2999484888.17,103537030.89,4450000000,1,1
kabupaten,11,1115,1,2022,2023,128164322683.21,75529744009.12,215075933307.68,418770000000,1,1
kabupaten,11,1115,2,2022,2023,56175116168.71,-120364331706.68,38149215537.98,-26040000000,1,0
kabupaten,11,1115,3,2022,2023,9917633397.34,-13580642562.47,21593009165.13,17930000000,1,0
kabupaten,11,1115,4,2022,2023,279917855.85,205133676.62,24948467.53,510000000,1,1
kabupaten,11,1115,5,2022,2023,24524525.14,1075903.74,-5600428.88,20000000,0,1
kabupaten,11,1115,6,2022,2023,27428567180.51,-3641635375.26,-5726931805.24,18060000000,0,0
kabupaten,11,1115,7,2022,2023,30352905384.56,34641090116.06,-33013995500.61,31980000000,0,1
kabupaten,11,1115,8,2022,2023,9821649480,7550619103.11,-9102268583.12,8270000000,0,1
kabupaten,11,1115,9,2022,2023,1104449304.36,1028585183.1,-983034487.46,1150000000,0,1
kabupaten,11,1115,10,2022,2023,7329027485.66,1080154559.21,-629182044.87,7780000000,0,1
kabupaten,11,1115,11,2022,2023,2972118744.4,-10644644627.37,7452525882.97,-220000000,1,0
kabupaten,11,1115,12,2022,2023,6438110684.63,-880133337.69,822022653.06,6380000000,1,0
kabupaten,11,1115,13,2022,2023,769562685.28,-959410098.75,369847413.47,180000000,1,0
kabupaten,11,1115,14,2022,2023,13152756531.98,-7422600423.84,509843891.85,6240000000,1,0
kabupaten,11,1115,15,2022,2023,5666433816.15,-3232097585.53,-104336230.62,2330000000,0,0
kabupaten,11,1115,16,2022,2023,5851636264.58,-6436987590.33,1615351325.74,1030000000,1,0
kabupaten,11,1115,17,2022,2023,1540393880.47,519081368.61,-609475249.08,1450000000,0,1
kabupaten,11,1115,1,2023,2024,160784277406.29,-119756429124.24,-50417848282.05,-9390000000,0,0
kabupaten,11,1115,2,2023,2024,60704415428.85,84604364763.83,122341219807.31,267650000000,1,1
kabupaten,11,1115,3,2023,2024,11767192690.52,-4320727176.53,-3626465513.99,3820000000,0,0
kabupaten,11,1115,4,2023,2024,332303881.03,62960093.47,404736025.5,800000000,1,1
kabupaten,11,1115,5,2023,2024,27963860.96,-16565606.64,-11398254.32,-0,0,0
kabupaten,11,1115,6,2023,2024,31074374423.63,-1940843222.04,-43363531201.59,-14230000000,0,0
kabupaten,11,1115,7,2023,2024,34946437037.42,-15821760882.54,10155323845.12,29280000000,1,0
kabupaten,11,1115,8,2023,2024,11211177921.83,29178507643.55,-25149685565.39,15240000000,0,1
kabupaten,11,1115,9,2023,2024,1270957480.48,-501726149.9,-309231330.58,460000000,0,0
kabupaten,11,1115,10,2023,2024,8440891429.74,-5086693383.93,-1554198045.81,1800000000,0,0
kabupaten,11,1115,11,2023,2024,3265712895.38,12180892140.72,-5646605036.1,9800000000,0,1
kabupaten,11,1115,12,2023,2024,7393644836.91,-1781262451.47,4757617614.55,10370000000,1,0
kabupaten,11,1115,13,2023,2024,856626273.97,-62287324.43,-604338949.54,190000000,0,0
kabupaten,11,1115,14,2023,2024,14788221802.53,8956978810.03,-12765200612.56,10980000000,0,1
kabupaten,11,1115,15,2023,2024,6354321338.03,-365590850.29,1611269512.26,7600000000,1,0
kabupaten,11,1115,16,2023,2024,6497869157.61,-3389657504.75,71788347.14,3180000000,1,0
kabupaten,11,1115,17,2023,2024,1765451755.06,-219016636.3,453564881.24,2000000000,1,0
kabupaten,11,1115,1,2024,2025,102015940616.66,21826886252.46,41807173130.88,165650000000,1,1
kabupaten,11,1115,2,2024,2025,46557797549.1,-30673517071.02,153675719521.91,169560000000,1,0
kabupaten,11,1115,3,2024,2025,7599808623.33,4275067695.24,-15124876318.57,-3250000000,0,1
kabupaten,11,1115,4,2024,2025,235140391.66,-442771604.66,197631213,-10000000,1,0
kabupaten,11,1115,5,2024,2025,17791202.4,-21015925.27,13224722.88,10000000,1,0
kabupaten,11,1115,6,2024,2025,19348229125.28,-35502824353.76,-17435404771.52,-33590000000,0,0
kabupaten,11,1115,7,2024,2025,23101876310.72,11770449398.8,-34752325709.51,120000000,0,1
kabupaten,11,1115,8,2024,2025,7584686101.29,7769058439.86,-4573744541.16,10780000000,0,1
kabupaten,11,1115,9,2024,2025,822250070.72,512399533.24,-794649603.95,540000000,0,1
kabupaten,11,1115,10,2024,2025,5423648050.31,-2001146787.04,217498736.74,3640000000,1,0
kabupaten,11,1115,11,2024,2025,2368305558.9,707834831.1,-676140390,2400000000,0,1
kabupaten,11,1115,12,2024,2025,5011485194.81,2530129554.57,-1731614749.38,5810000000,0,1
kabupaten,11,1115,13,2024,2025,550637714.14,-646274572.19,125636858.04,30000000,1,0
kabupaten,11,1115,14,2024,2025,9734159870.72,-1384307207,-6669852663.72,1680000000,0,0
kabupaten,11,1115,15,2024,2025,4268109454.71,728834447.04,-3066943901.75,1930000000,0,1
kabupaten,11,1115,16,2024,2025,4228375769.36,-1067294085.83,-1531081683.53,1630000000,0,0
kabupaten,11,1115,17,2024,2025,1182521919.23,-360361508.22,-382160411.01,440000000,0,0
kabupaten,11,1116,1,2021,2022,104774508912.43,-23299978155.24,-90484530757.19,-9010000000,0,0
kabupaten,11,1116,2,2021,2022,32212066814.89,668857055.23,42099076129.88,74980000000,1,1
kabupaten,11,1116,3,2021,2022,15452340480.11,-81466120.59,27289125640.48,42660000000,1,0
kabupaten,11,1116,4,2021,2022,278409165.57,-117509253.17,-130899912.41,30000000,0,0
kabupaten,11,1116,5,2021,2022,98980565.67,110497830.59,-19478396.26,190000000,0,1
kabupaten,11,1116,6,2021,2022,15057681799.11,-23133363645.05,12165681845.94,4090000000,1,0
kabupaten,11,1116,7,2021,2022,24801581400.25,12676155268.23,-28307736668.47,9170000000,0,1
kabupaten,11,1116,8,2021,2022,8512749841.73,6114530366,-5897280207.73,8730000000,0,1
kabupaten,11,1116,9,2021,2022,2714173468.91,18164702474.58,-5858875943.49,15020000000,0,1
kabupaten,11,1116,10,2021,2022,10306193452.93,17214739097.17,-16980932550.1,10540000000,0,1
kabupaten,11,1116,11,2021,2022,2733969582.04,-6583313235.9,3669343653.86,-180000000,1,0
kabupaten,11,1116,12,2021,2022,10519738758.45,-571474863.56,491736105.11,10440000000,1,0
kabupaten,11,1116,13,2021,2022,859235548.82,1499255061.99,-838490610.8,1520000000,0,1
kabupaten,11,1116,14,2021,2022,9899320148.94,-10046042907.15,116722758.22,-30000000,1,0
kabupaten,11,1116,15,2021,2022,4950291865.31,-448103837.78,-4302188027.53,200000000,0,0
kabupaten,11,1116,16,2021,2022,7739437847.79,10277528067.38,-46965915.18,17970000000,0,1
kabupaten,11,1116,17,2021,2022,4438962474.99,9884794007.65,-2213756482.64,12110000000,0,1
kabupaten,11,1116,1,2022,2023,104802175472.1,61761973373.6,-112334148845.7,54230000000,0,1
kabupaten,11,1116,2,2022,2023,35508129702.63,-76081948615.39,14183818912.76,-26390000000,1,0
kabupaten,11,1116,3,2022,2023,17316428928.64,-23712131948.87,15255703020.23,8860000000,1,0
kabupaten,11,1116,4,2022,2023,280763529.13,205753415.82,-186516944.96,300000000,0,1
kabupaten,11,1116,5,2022,2023,107400506.63,4711716.39,-12112223.02,100000000,0,1
kabupaten,11,1116,6,2022,2023,15289350075.23,-2029936078.41,-4199413996.82,9060000000,0,0
kabupaten,11,1116,7,2022,2023,25286053924.3,28858406191.22,-2524460115.51,51620000000,0,1
kabupaten,11,1116,8,2022,2023,8915087723.28,6853678886.26,-6968766609.54,8800000000,0,1
kabupaten,11,1116,9,2022,2023,3359859943.52,3129072689.47,-728932632.99,5760000000,0,1
kabupaten,11,1116,10,2022,2023,10792059569.4,1590537403.5,-1162596972.9,11220000000,0,1
kabupaten,11,1116,11,2022,2023,2737021572.41,-9802643999.57,1365622427.15,-5700000000,1,0
kabupaten,11,1116,12,2022,2023,11002209379.61,-1504076543.19,91867163.58,9590000000,1,0
kabupaten,11,1116,13,2022,2023,926857915.45,-1155509305.75,218651390.29,-10000000,1,0
kabupaten,11,1116,14,2022,2023,9936661046.15,-5607635503.12,1670974456.97,6000000000,1,0
kabupaten,11,1116,15,2022,2023,4978055765.8,-2839451151,-298604614.81,1840000000,0,0
kabupaten,11,1116,16,2022,2023,8529460707.36,-9382680372.29,-326780335.07,-1180000000,0,0
kabupaten,11,1116,17,2022,2023,4968330523.08,1674226209.49,297443267.44,6940000000,1,1
kabupaten,11,1116,1,2023,2024,118043846255.93,-87922213140.16,70698366884.22,100820000000,1,0
kabupaten,11,1116,2,2023,2024,37908275977.06,52833152014.96,-36041427992.02,54700000000,0,1
kabupaten,11,1116,3,2023,2024,19499666309.36,-7159969278.31,5580302968.95,17920000000,1,0
kabupaten,11,1116,4,2023,2024,323448658.4,61282335.02,-74730993.42,310000000,0,1
kabupaten,11,1116,5,2023,2024,123040988.21,-72888669.19,9847680.99,60000000,1,0
kabupaten,11,1116,6,2023,2024,17274675105.92,-1078941626.8,-5485733479.12,10710000000,0,0
kabupaten,11,1116,7,2023,2024,30276938322.02,-13707677205.36,-6959261116.66,9610000000,0,0
kabupaten,11,1116,8,2023,2024,10236637367.5,26642142668.18,-9478780035.68,27400000000,0,1
kabupaten,11,1116,9,2023,2024,3971800384.53,-1567917216.52,-393883168.01,2010000000,0,0
kabupaten,11,1116,10,2023,2024,12418284586.46,-7483570493.88,2825285907.42,7760000000,1,0
kabupaten,11,1116,11,2023,2024,2751177853.78,10261710618.91,-1202888472.68,11810000000,0,1
kabupaten,11,1116,12,2023,2024,12573950079.12,-3029291457.27,695341378.15,10240000000,1,0
kabupaten,11,1116,13,2023,2024,1021146989.26,-74250015.14,-266896974.13,680000000,0,0
kabupaten,11,1116,14,2023,2024,11232150817.55,6803126042.28,-8045276859.84,9990000000,0,1
kabupaten,11,1116,15,2023,2024,5572731424.29,-320622693.04,577891268.74,5830000000,1,0
kabupaten,11,1116,16,2023,2024,9346454460.38,-4875641342.72,-10813117.66,4460000000,0,0
kabupaten,11,1116,17,2023,2024,5799704762.39,-719493934.02,3489789171.63,8570000000,1,0
kabupaten,11,1116,1,2024,2025,78091517715.19,16708120948.04,800361336.78,95600000000,1,1
kabupaten,11,1116,2,2024,2025,25740015105.95,-16958207525.34,-35271807580.61,-26490000000,0,0
kabupaten,11,1116,3,2024,2025,12937465862.06,7277623043.74,-22825088905.79,-2610000000,0,1
kabupaten,11,1116,4,2024,2025,214977028.95,-404803799.97,99826771.03,-90000000,1,0
kabupaten,11,1116,5,2024,2025,80060410.78,-94571663.72,-35488747.06,-50000000,0,0
kabupaten,11,1116,6,2024,2025,11308088242.66,-20749654557.86,-18138433684.8,-27580000000,0,0
kabupaten,11,1116,7,2024,2025,19547787112.15,9959634272.45,-35237421384.6,-5730000000,0,1
kabupaten,11,1116,8,2024,2025,7325231066.36,7503296442.33,-2008527508.69,12820000000,0,1
kabupaten,11,1116,9,2024,2025,2586544308.28,1611850388.9,-5318394697.18,-1120000000,0,1
kabupaten,11,1116,10,2024,2025,8130876014.84,-3000024386.17,-1690851628.67,3440000000,0,0
kabupaten,11,1116,11,2024,2025,2100547962.84,627807930.83,-978355893.67,1750000000,0,1
kabupaten,11,1116,12,2024,2025,8303450678.08,4192131703.26,-3155582381.33,9340000000,0,1
kabupaten,11,1116,13,2024,2025,669838770.2,-786178922.23,-643659847.97,-760000000,0,0
kabupaten,11,1116,14,2024,2025,7442356482.13,-1058386943.72,-6943969538.4,-560000000,0,0
kabupaten,11,1116,15,2024,2025,3718361300.69,634957896.76,1066680802.56,5420000000,1,1
kabupaten,11,1116,16,2024,2025,6078660818.5,-1534328805.01,-4994332013.49,-450000000,0,0
kabupaten,11,1116,17,2024,2025,3944013051.07,-1201897798.61,-2252115252.46,490000000,0,0
kabupaten,11,1117,1,2021,2022,79538255411.02,-17687886422.18,15559631011.16,77410000000,1,0
kabupaten,11,1117,2,2021,2022,1211774840.17,25161507.2,-796936347.37,440000000,0,1
kabupaten,11,1117,3,2021,2022,3485800687.26,-18377452.89,-1837423234.37,1630000000,0,0
kabupaten,11,1117,4,2021,2022,163844425.73,-69154462.15,-14689963.58,80000000,0,0
kabupaten,11,1117,5,2021,2022,32853123.93,36675875.69,471000.39,70000000,1,1
kabupaten,11,1117,6,2021,2022,24278037386.92,-37298747240.96,18520709854.04,5500000000,1,0
kabupaten,11,1117,7,2021,2022,10502469808.69,5367840697.19,-5770310505.88,10100000000,0,1
kabupaten,11,1117,8,2021,2022,7333828125.49,5267735526.83,-2481563652.32,10120000000,0,1
kabupaten,11,1117,9,2021,2022,598516526.9,4005593143.45,-3604109670.34,1000000000,0,1
kabupaten,11,1117,10,2021,2022,2423128486.44,4047423026.11,-3580551512.56,2890000000,0,1
kabupaten,11,1117,11,2021,2022,3409143398.1,-8209110665.75,5609967267.65,810000000,1,0
kabupaten,11,1117,12,2021,2022,3208233909.48,-174284274.33,-2033949635.15,1000000000,0,0
kabupaten,11,1117,13,2021,2022,342430637.84,597497237.94,-539927875.78,400000000,0,1
kabupaten,11,1117,14,2021,2022,12674566732.83,-12862422803.99,487856071.15,300000000,1,0
kabupaten,11,1117,15,2021,2022,3115571252.25,-282023661.03,-333547591.22,2500000000,0,0
kabupaten,11,1117,16,2021,2022,3983651872.89,5290060433.27,-273712306.16,9000000000,0,1
kabupaten,11,1117,17,2021,2022,1817451663.31,4047147371.01,-764599034.31,5100000000,0,1
kabupaten,11,1117,1,2022,2023,83121649579.31,48985215096.55,19613135324.13,151720000000,1,1
kabupaten,11,1117,2,2022,2023,1235105826.2,-2646415308.01,2481309481.81,1070000000,1,0
kabupaten,11,1117,3,2022,2023,3568318407.17,-4886252082.06,2327933674.89,1010000000,1,0
kabupaten,11,1117,4,2022,2023,167866146.18,123018232.05,-80884378.23,210000000,0,1
kabupaten,11,1117,5,2022,2023,35941114.42,1576755.48,-7517869.91,30000000,0,1
kabupaten,11,1117,6,2022,2023,24605286933.48,-3266794168.49,-6428492764.98,14910000000,0,0
kabupaten,11,1117,7,2022,2023,10970496631.59,12520381743.3,-4510878374.89,18980000000,0,1
kabupaten,11,1117,8,2022,2023,7790342260.18,5989004923.19,-4579347183.37,9200000000,0,1
kabupaten,11,1117,9,2022,2023,643134529.84,598957910.99,-432092440.82,810000000,0,1
kabupaten,11,1117,10,2022,2023,2554778980.46,376524193.55,1058696825.99,3990000000,1,1
kabupaten,11,1117,11,2022,2023,3456689534.14,-12380135130,-1746554404.15,-10670000000,0,0
kabupaten,11,1117,12,2022,2023,3263030352.9,-446078350.65,-26952002.25,2790000000,0,0
kabupaten,11,1117,13,2022,2023,360679654.14,-449657590.24,48977936.09,-40000000,1,0
kabupaten,11,1117,14,2022,2023,12736685277.97,-7187795601.07,2601110323.1,8150000000,1,0
kabupaten,11,1117,15,2022,2023,3233431788.08,-1844328799.09,140897011.01,1530000000,1,0
kabupaten,11,1117,16,2022,2023,4379741919.83,-4817856598.06,-3281885321.77,-3720000000,0,0
kabupaten,11,1117,17,2022,2023,2040186789.26,687501400.92,82311809.82,2810000000,1,1
kabupaten,11,1117,1,2023,2024,98690524152.25,-73507341336.66,-9683182815.58,15500000000,0,0
kabupaten,11,1117,2,2023,2024,1411242849.61,1966863595.92,-1298106445.53,2080000000,0,1
kabupaten,11,1117,3,2023,2024,3980189542.82,-1461462693.58,1681273150.76,4200000000,1,0
kabupaten,11,1117,4,2023,2024,194814898,36910685.93,38274416.07,270000000,1,1
kabupaten,11,1117,5,2023,2024,41013662.74,-24296223.06,3282560.33,20000000,1,0
kabupaten,11,1117,6,2023,2024,27815652493.49,-1737309973.57,6361657480.08,32440000000,1,0
kabupaten,11,1117,7,2023,2024,12976629676.89,-5875080529.36,4408450852.47,11510000000,1,0
kabupaten,11,1117,8,2023,2024,9015548772.4,23464105252.83,-15889654025.23,16590000000,0,1
kabupaten,11,1117,9,2023,2024,746635087.54,-294743414.79,898108327.25,1350000000,1,0
kabupaten,11,1117,10,2023,2024,3001920473.69,-1809032747.27,3157112273.59,4350000000,1,0
kabupaten,11,1117,11,2023,2024,3312785394.65,12356469435.74,10745169.6,15680000000,1,1
kabupaten,11,1117,12,2023,2024,3726650536.81,-897817357.66,3521166820.85,6350000000,1,0
kabupaten,11,1117,13,2023,2024,395688632.54,-28771457.26,103082824.72,470000000,1,0
kabupaten,11,1117,14,2023,2024,14418632773.55,8733124911.63,-10271757685.18,12880000000,0,1
kabupaten,11,1117,15,2023,2024,3635301924.35,-209154219.76,-2576147704.59,850000000,0,0
kabupaten,11,1117,16,2023,2024,4654118591.87,-2427852520.61,3503733928.74,5730000000,1,0
kabupaten,11,1117,17,2023,2024,2379724567.4,-295221474.37,1425496906.97,3510000000,1,0
kabupaten,11,1117,1,2024,2025,63248614076.56,13532397944.18,8348987979.26,85130000000,1,1
kabupaten,11,1117,2,2024,2025,959538849.2,-632169750.73,-387369098.47,-60000000,0,0
kabupaten,11,1117,3,2024,2025,2656819557.75,1494522300.01,-191341857.76,3960000000,0,1
kabupaten,11,1117,4,2024,2025,131951417.77,-248465780.67,-3485637.09,-120000000,0,0
kabupaten,11,1117,5,2024,2025,26686803.59,-31523887.91,4837084.31,-0,1,0
kabupaten,11,1117,6,2024,2025,18658820032.45,-34237800574.47,348980542.02,-15230000000,1,0
kabupaten,11,1117,7,2024,2025,8597302037.64,4380341546.26,-13557643583.9,-580000000,0,1
kabupaten,11,1117,8,2024,2025,6227810398.59,6379199124.77,-3067009523.36,9540000000,0,1
kabupaten,11,1117,9,2024,2025,515055309.35,320965737.19,-196021046.54,640000000,0,1
kabupaten,11,1117,10,2024,2025,2038871794.54,-752276272.9,383404478.37,1670000000,1,0
kabupaten,11,1117,11,2024,2025,2572607866.41,768896330.86,448495802.73,3790000000,1,1
kabupaten,11,1117,12,2024,2025,2559264464.61,1292086159.73,-871350624.34,2980000000,0,1
kabupaten,11,1117,13,2024,2025,265681955.77,-311826611.03,36144655.25,-10000000,1,0
kabupaten,11,1117,14,2024,2025,9555358286.65,-1358879607.22,-5946478679.43,2250000000,0,0
kabupaten,11,1117,15,2024,2025,2338060514.82,399253829.02,392685656.15,3130000000,1,1
kabupaten,11,1117,16,2024,2025,3130955101.59,-790291602.54,-60663499.05,2280000000,0,0
kabupaten,11,1117,17,2024,2025,1618109857.88,-493102495.08,-175007362.81,950000000,0,0
kabupaten,11,1118,1,2021,2022,49876096445.41,-11091552417.75,-314544027.66,38470000000,0,0
kabupaten,11,1118,2,2021,2022,1666664248.37,34606911.37,-411271159.73,1290000000,0,1
kabupaten,11,1118,3,2021,2022,3266358667.19,-17220534.94,860861867.74,4110000000,1,0
kabupaten,11,1118,4,2021,2022,152050996.63,-64176763.08,122125766.45,210000000,1,0
kabupaten,11,1118,5,2021,2022,16847755.86,18808141.38,44344102.76,80000000,1,1
kabupaten,11,1118,6,2021,2022,8800425273.02,-13520237762.23,-2210187510.8,-6930000000,0,0
kabupaten,11,1118,7,2021,2022,12078998563.21,6173608803.45,-312607366.66,17940000000,0,1
kabupaten,11,1118,8,2021,2022,4796556093.1,3445266033.74,-1611822126.84,6630000000,0,1
kabupaten,11,1118,9,2021,2022,962428053.45,6441083978.03,-283512031.48,7120000000,0,1
kabupaten,11,1118,10,2021,2022,4003026792.13,6686373794.58,430599413.29,11120000000,1,1
kabupaten,11,1118,11,2021,2022,840281823.47,-2023372347.19,-86909476.28,-1270000000,0,0
kabupaten,11,1118,12,2021,2022,4538785428.45,-246565227.81,-12220200.65,4280000000,0,0
kabupaten,11,1118,13,2021,2022,323055718.6,563690506.15,-6746224.75,880000000,0,1
kabupaten,11,1118,14,2021,2022,11884406983.04,-12060551702.69,-1283855280.35,-1460000000,0,0
kabupaten,11,1118,15,2021,2022,4087265571.43,-369982101.75,-1277283469.68,2440000000,0,0
kabupaten,11,1118,16,2021,2022,3008166808.65,3994672405.84,-162839214.49,6840000000,0,1
kabupaten,11,1118,17,2021,2022,705078582.71,1570086836.4,-15165419.1,2260000000,0,1
kabupaten,11,1118,1,2022,2023,51697276148.33,30466216741.95,-34533492890.29,47630000000,0,1
kabupaten,11,1118,2,2022,2023,1727710512.11,-3701901043.66,3624190531.55,1650000000,1,0
kabupaten,11,1118,3,2022,2023,3452884004.38,-4728182782.57,7725298778.19,6450000000,1,0
kabupaten,11,1118,4,2022,2023,161523596.58,118370188.02,-39893784.6,240000000,0,1
kabupaten,11,1118,5,2022,2023,20296158.73,890403.1,-1186561.83,20000000,0,1
kabupaten,11,1118,6,2022,2023,8541722969.93,-1134067278.41,-8097655691.52,-690000000,0,0
kabupaten,11,1118,7,2022,2023,12884678102.06,14704994121.48,-2719672223.54,24870000000,0,1
kabupaten,11,1118,8,2022,2023,5095604351.8,3917363131.21,2997032517,12010000000,1,1
kabupaten,11,1118,9,2022,2023,1267241410.86,1180195173.72,692563415.42,3140000000,1,1
kabupaten,11,1118,10,2022,2023,4488833773.02,661565845.53,-240399618.55,4910000000,0,1
kabupaten,11,1118,11,2022,2023,789858844.01,-2828879807.07,349020963.07,-1690000000,1,0
kabupaten,11,1118,12,2022,2023,4737461717.49,-647643104.92,3660181387.42,7750000000,1,0
kabupaten,11,1118,13,2022,2023,361525327.42,-450711887.05,159186559.63,70000000,1,0
kabupaten,11,1118,14,2022,2023,11869024492.15,-6698141641.39,-140882850.76,5030000000,0,0
kabupaten,11,1118,15,2022,2023,4206378897.32,-2399291603.68,2912706.35,1810000000,1,0
kabupaten,11,1118,16,2022,2023,3309119546.69,-3640137645.92,111018099.23,-220000000,1,0
kabupaten,11,1118,17,2022,2023,803389616.5,270725940.26,1585884443.24,2660000000,1,1
kabupaten,11,1118,1,2023,2024,59202290031.14,-44095448662.5,20943158631.37,36050000000,1,0
kabupaten,11,1118,2,2023,2024,1981239548.77,2761273826.37,-4722513375.14,20000000,0,1
kabupaten,11,1118,3,2023,2024,4106492981.47,-1507839320.04,731346338.57,3330000000,1,0
kabupaten,11,1118,4,2023,2024,189222125.81,35851049.02,-135073174.82,90000000,0,1
kabupaten,11,1118,5,2023,2024,23303217.46,-13804672.2,501454.73,10000000,1,0
kabupaten,11,1118,6,2023,2024,9382807479.63,-586031372.74,-6726776106.88,2070000000,0,0
kabupaten,11,1118,7,2023,2024,15361014887.79,-6954594661.75,12163579773.97,20570000000,1,0
kabupaten,11,1118,8,2023,2024,6176284756.61,16074561766.47,-4140846523.07,18110000000,0,1
kabupaten,11,1118,9,2023,2024,1543139060.45,-609173187.5,1246034127.05,2180000000,1,0
kabupaten,11,1118,10,2023,2024,5176576727.41,-3119535277.75,3132958550.34,5190000000,1,0
kabupaten,11,1118,11,2023,2024,791843329.42,2953523012.29,364633658.29,4110000000,1,1
kabupaten,11,1118,12,2023,2024,5582984839.98,-1345041786.82,-1557943053.16,2680000000,0,0
kabupaten,11,1118,13,2023,2024,401747469.08,-29212009.61,-42535459.47,330000000,0,0
kabupaten,11,1118,14,2023,2024,13316856651.86,8065797527.23,1877345820.91,23260000000,1,1
kabupaten,11,1118,15,2023,2024,4720765793.82,-271605524.61,1740839730.79,6190000000,1,0
kabupaten,11,1118,16,2023,2024,3637166181.75,-1897352400.45,2260186218.7,4000000000,1,0
kabupaten,11,1118,17,2023,2024,1009495380.53,-125234961.51,315739580.98,1200000000,1,0
kabupaten,11,1118,1,2024,2025,38734709335.71,8287509673.31,-13062219009.02,33960000000,0,1
kabupaten,11,1118,2,2024,2025,1261099729.81,-830846090.81,2349746361,2780000000,1,0
kabupaten,11,1118,3,2024,2025,2711379245.09,1525213382.96,-1136592628.05,3100000000,0,1
kabupaten,11,1118,4,2024,2025,123055816.57,-231715278.61,78659462.04,-30000000,1,0
kabupaten,11,1118,5,2024,2025,15122522.04,-17863536.48,12741014.44,10000000,1,0
kabupaten,11,1118,6,2024,2025,6030921092.08,-11066373611.61,905452519.53,-4130000000,1,0
kabupaten,11,1118,7,2024,2025,10382945718.09,5290130357.44,-10193076075.53,5480000000,0,1
kabupaten,11,1118,8,2024,2025,4466481361.42,4575054821.52,-391536182.94,8650000000,0,1
kabupaten,11,1118,9,2024,2025,1046419220.9,652094465.48,-1298513686.39,400000000,0,1
kabupaten,11,1118,10,2024,2025,3447341984.19,-1271955199.07,1064613214.88,3240000000,1,0
kabupaten,11,1118,11,2024,2025,625657284.25,186995304.07,-462652588.32,350000000,0,1
kabupaten,11,1118,12,2024,2025,3631480928.99,1833412026.2,3055107044.81,8520000000,1,1
kabupaten,11,1118,13,2024,2025,265385435.73,-311478590.26,6093154.52,-40000000,1,0
kabupaten,11,1118,14,2024,2025,9162172713.71,-1302964188.78,5490791475.07,13350000000,1,0
kabupaten,11,1118,15,2024,2025,3186997389.14,544220691.73,-3691218080.87,40000000,0,1
kabupaten,11,1118,16,2024,2025,2432650407.56,-614030903.24,-98619504.33,1720000000,0,0
kabupaten,11,1118,17,2024,2025,677844811.27,-206566300.85,-801278510.42,-330000000,0,0
kabupaten,11,1171,1,2021,2022,7164929373,-1593352234.31,1968422861.32,7540000000,1,0
kabupaten,11,1171,3,2021,2022,13308042353.14,-70161189.15,-5247881163.99,7990000000,0,0
kabupaten,11,1171,4,2021,2022,2891074905.43,-1220247373.27,-100827532.16,1570000000,0,0
kabupaten,11,1171,5,2021,2022,702130225.43,783829291.89,-355959517.32,1130000000,0,1
kabupaten,11,1171,6,2021,2022,42928924316.89,-65952410893.17,26343486576.28,3320000000,1,0
kabupaten,11,1171,7,2021,2022,129440465878.01,66157371861.97,5382162260.02,200980000000,1,1
kabupaten,11,1171,8,2021,2022,72329100678.89,51952481944.04,-19761582622.92,104520000000,0,1
kabupaten,11,1171,9,2021,2022,19021958752.77,127305135499.22,-16887094251.98,129440000000,0,1
kabupaten,11,1171,10,2021,2022,56899925863.09,95041625489.98,-26301551353.07,125640000000,0,1
kabupaten,11,1171,11,2021,2022,16882293758.65,-40652035298.33,18049741539.67,-5720000000,1,0
kabupaten,11,1171,12,2021,2022,47808455607.59,-2597149156.69,3488693549.1,48700000000,1,0
kabupaten,11,1171,13,2021,2022,14667656250.97,25593165822.84,-13100822073.81,27160000000,0,1
kabupaten,11,1171,14,2021,2022,140096671458.91,-142173114057.43,17736442598.52,15660000000,1,0
kabupaten,11,1171,15,2021,2022,44862204301.73,-4060957710.38,-3291246591.35,37510000000,0,0
kabupaten,11,1171,16,2021,2022,28466810687.4,37802286365.28,-1869097052.68,64400000000,0,1
kabupaten,11,1171,17,2021,2022,13268871320.76,29547458546.64,-5206329867.41,37610000000,0,1
kabupaten,11,1171,1,2022,2023,7511692914.25,4426787666.1,53251519419.65,65190000000,1,1
kabupaten,11,1171,3,2022,2023,13697792961.28,-18756977864.47,4959184903.19,-100000000,1,0
kabupaten,11,1171,4,2022,2023,2968736051.28,2175594476.65,-2234330527.93,2910000000,0,1
kabupaten,11,1171,5,2022,2023,752649219.67,33019114.86,-35668334.52,750000000,0,1
kabupaten,11,1171,6,2022,2023,43236737813.33,-5740454209.5,93716396.17,37590000000,1,0
kabupaten,11,1171,7,2022,2023,138443481407.97,158002440118.11,-29175921526.08,267270000000,0,1
kabupaten,11,1171,8,2022,2023,77030687776.34,59219114246.99,-58719802023.33,77530000000,0,1
kabupaten,11,1171,9,2022,2023,24569345819.05,22881688609.94,64098965571.01,111550000000,1,1
kabupaten,11,1171,10,2022,2023,62434366954.5,9201598199.69,51354034845.81,122990000000,1,1
kabupaten,11,1171,11,2022,2023,16706275656.75,-59833533820.93,147258164.19,-42980000000,1,0
kabupaten,11,1171,12,2022,2023,50054132964.28,-6842739006.68,-5811393957.6,37400000000,0,0
kabupaten,11,1171,13,2022,2023,15873287475.43,-19789151157.71,845863682.28,-3070000000,1,0
kabupaten,11,1171,14,2022,2023,141305239789.26,-79743917573.44,23778677784.18,85340000000,1,0
kabupaten,11,1171,15,2022,2023,46623236465.19,-26593595707.31,6140359242.12,26170000000,1,0
kabupaten,11,1171,16,2022,2023,31300905132.02,-34431999664.83,12321094532.81,9190000000,1,0
kabupaten,11,1171,17,2022,2023,14910911282.19,5024673451.18,4874415266.63,24810000000,1,1
kabupaten,11,1171,1,2023,2024,11317906657.82,-8429879515.38,26751972857.56,29640000000,1,0
kabupaten,11,1171,3,2023,2024,15093493951.3,-5542092427.59,15978598476.29,25530000000,1,0
kabupaten,11,1171,4,2023,2024,3407862521.91,645672094.61,-1393534616.51,2660000000,0,1
kabupaten,11,1171,5,2023,2024,864549367.91,-512153338.47,497603970.56,850000000,1,0
kabupaten,11,1171,6,2023,2024,49408879859.8,-3085979729.7,28627099869.9,74950000000,1,0
kabupaten,11,1171,7,2023,2024,165053426845.66,-74726812624.7,1533385779.04,91860000000,1,0
kabupaten,11,1171,8,2023,2024,88519135793.65,230382239793.49,4398624412.87,323300000000,1,1
kabupaten,11,1171,9,2023,2024,32280082895.21,-12742961081.1,20242878185.9,39780000000,1,0
kabupaten,11,1171,10,2023,2024,74549322988.45,-44925296241.28,49415973252.83,79040000000,1,0
kabupaten,11,1171,11,2023,2024,16411057866.71,61212155567.16,-17553213433.86,60070000000,0,1
kabupaten,11,1171,12,2023,2024,56914380140.54,-13711701133.75,11027320993.21,54230000000,1,0
kabupaten,11,1171,13,2023,2024,17352973916.59,-1261775816.36,5438801899.77,21530000000,1,0
kabupaten,11,1171,14,2023,2024,159728641655.18,96744968919.49,-107553610574.68,148920000000,0,1
kabupaten,11,1171,15,2023,2024,52609343746.28,-3026836964.97,5577493218.69,55160000000,1,0
kabupaten,11,1171,16,2023,2024,34929192656.49,-18221050186,-7838142470.5,8870000000,0,0
kabupaten,11,1171,17,2023,2024,17591598863.42,-2182360859.82,6100761996.4,21510000000,1,0
kabupaten,11,1171,1,2024,2025,8079578047.93,1728671322.87,-8408249370.81,1400000000,0,1
kabupaten,11,1171,3,2024,2025,10359817154.97,5827636173.87,3712546671.16,19900000000,1,1
kabupaten,11,1171,4,2024,2025,2247028862.57,-4231176822.36,-1355852040.21,-3340000000,0,0
kabupaten,11,1171,5,2024,2025,575248877.46,-679514917.1,434266039.64,330000000,1,0
kabupaten,11,1171,6,2024,2025,33657396692.04,-61759277049.34,60581880357.3,32480000000,1,0
kabupaten,11,1171,7,2024,2025,107734329586.65,54890843404.13,-34975172990.78,127650000000,0,1
kabupaten,11,1171,8,2024,2025,65904247554.14,67506280925.2,65079471520.65,198490000000,1,1
kabupaten,11,1171,9,2024,2025,21716831204.22,13533223734.1,-2000054938.31,33250000000,0,1
kabupaten,11,1171,10,2024,2025,49773557382.11,-18364796814.06,25291239431.95,56700000000,1,0
kabupaten,11,1171,11,2024,2025,12222259525.75,3652966558.54,4324773915.7,20200000000,1,1
kabupaten,11,1171,12,2024,2025,37818165892.29,19093114217.52,7948719890.19,64860000000,1,1
kabupaten,11,1171,13,2024,2025,11678738292.57,-13707146095.96,3498407803.39,1470000000,1,0
kabupaten,11,1171,14,2024,2025,106038531478.31,-15079873897.18,104801342418.87,195760000000,1,0
kabupaten,11,1171,15,2024,2025,35106786647.2,5994934222.03,33008279130.77,74110000000,1,1
kabupaten,11,1171,16,2024,2025,22485707667.75,-5675669363.01,12869961695.26,29680000000,1,0
kabupaten,11,1171,17,2024,2025,11829963512.93,-3605060865.59,-3144902647.34,5080000000,0,0
kabupaten,11,1174,1,2021,2022,14183283270.02,-3154108702.5,-6429174567.52,4600000000,0,0
kabupaten,11,1174,2,2021,2022,704236194.91,14622884.96,-818859079.88,-100000000,0,1
kabupaten,11,1174,3,2021,2022,13455039023.01,-70936168.74,-3774102854.27,9610000000,0,0
kabupaten,11,1174,4,2021,2022,194170386.28,-81954259.77,147783873.5,260000000,1,0
kabupaten,11,1174,5,2021,2022,80869228.12,90279078.61,-1148306.73,170000000,0,1
kabupaten,11,1174,6,2021,2022,17011179090.98,-26134553591.5,12283374500.53,3160000000,1,0
kabupaten,11,1174,7,2021,2022,47507301971.61,24281110403.74,-22028412375.35,49760000000,0,1
kabupaten,11,1174,8,2021,2022,13118083905.83,9422445611.25,-4270529517.08,18270000000,0,1
kabupaten,11,1174,9,2021,2022,4557317959.9,30500012534.91,-1207330494.81,33850000000,0,1
kabupaten,11,1174,10,2021,2022,11675494810.39,19501923567.51,-4957418377.9,26220000000,0,1
kabupaten,11,1174,11,2021,2022,4491190518.15,-10814646284.77,113455766.62,-6210000000,1,0
kabupaten,11,1174,12,2021,2022,7285812021.29,-395794850.65,879982829.36,7770000000,1,0
kabupaten,11,1174,13,2021,2022,1520509966.29,2653093516.55,-1103603482.84,3070000000,0,1
kabupaten,11,1174,14,2021,2022,13037214677.7,-13230445734.81,103231057.1,-90000000,1,0
kabupaten,11,1174,15,2021,2022,3467268155.81,-313859507.58,-1023408648.23,2130000000,0,0
kabupaten,11,1174,16,2021,2022,10232905714.95,13588709899.16,-621615614.11,23200000000,0,1
kabupaten,11,1174,17,2021,2022,4385892044.03,9766615428.57,-572507472.6,13580000000,0,1
kabupaten,11,1174,1,2022,2023,14433105878.7,8505711803.82,-1328817682.51,21610000000,0,1
kabupaten,11,1174,2,2022,2023,702754496.12,-1505765916.44,703011420.32,-100000000,1,0
kabupaten,11,1174,3,2022,2023,13913862484.46,-19052851168.65,6348988684.19,1210000000,1,0
kabupaten,11,1174,4,2022,2023,205921443.81,150906496.24,-116827940.05,240000000,0,1
kabupaten,11,1174,5,2022,2023,88372857.81,3876963.49,7750178.7,100000000,1,1
kabupaten,11,1174,6,2022,2023,17211142605.22,-2285088584.74,-5926054020.48,9000000000,0,0
kabupaten,11,1174,7,2022,2023,49796625450.36,56831771714.97,-9628397165.33,97000000000,0,1
kabupaten,11,1174,8,2022,2023,13941769702.71,10718056357.32,-4209826060.04,20450000000,0,1
kabupaten,11,1174,9,2022,2023,6006394474.92,5593817965.51,-500212440.43,11100000000,0,1
kabupaten,11,1174,10,2022,2023,12829709338.82,1890846918.34,-3220556257.17,11500000000,0,1
kabupaten,11,1174,11,2022,2023,4246125541.51,-15207500547.45,2021375005.94,-8940000000,1,0
kabupaten,11,1174,12,2022,2023,7642772272.73,-1044818736.29,-1597953536.44,5000000000,0,0
kabupaten,11,1174,13,2022,2023,1656251119.91,-2064840305.93,-91410813.97,-500000000,0,0
kabupaten,11,1174,14,2022,2023,13084256996.26,-7383943532.28,-1600313463.98,4100000000,0,0
kabupaten,11,1174,15,2022,2023,3570855427.01,-2036793083.34,-644062343.67,890000000,0,0
kabupaten,11,1174,16,2022,2023,11253797180.57,-12379537879.66,-2794259300.91,-3920000000,0,0
kabupaten,11,1174,17,2022,2023,4977210092.52,1677218443.56,-374428536.09,6280000000,0,1
kabupaten,11,1174,1,2023,2024,16915805556.97,-12599344301.21,-7416461255.76,-3100000000,0,0
kabupaten,11,1174,2,2023,2024,769938305,1073070891.83,-2913009196.83,-1070000000,0,1
kabupaten,11,1174,3,2023,2024,15392707263.54,-5651958826.8,-5390748436.73,4350000000,0,0
kabupaten,11,1174,4,2023,2024,238158882.48,45122872.04,-93281754.52,190000000,0,1
kabupaten,11,1174,5,2023,2024,102068092.49,-60464464.22,58396371.73,100000000,1,0
kabupaten,11,1174,6,2023,2024,19390141187.28,-1211069403.51,-17179071783.77,1000000000,0,0
kabupaten,11,1174,7,2023,2024,59408290473.52,-26896698089.88,50718407616.36,83230000000,1,0
kabupaten,11,1174,8,2023,2024,16320175318.6,42475319150.04,-25325494468.64,33470000000,0,1
kabupaten,11,1174,9,2023,2024,7137775509.16,-2817724967.26,1239949458.09,5560000000,1,0
kabupaten,11,1174,10,2023,2024,14677298487.4,-8844909063.36,4067610575.96,9900000000,1,0
kabupaten,11,1174,11,2023,2024,4263556667.18,15902783117.36,-1746339784.53,18420000000,0,1
kabupaten,11,1174,12,2023,2024,8657145287.8,-2085662508.57,388517220.77,6960000000,1,0
kabupaten,11,1174,13,2023,2024,1802270838.65,-131047379.53,218776540.88,1890000000,1,0
kabupaten,11,1174,14,2023,2024,14612981607.2,8850838752.27,-7663820359.47,15800000000,0,1
kabupaten,11,1174,15,2023,2024,3977393156.72,-228836168.13,221443011.41,3970000000,1,0
kabupaten,11,1174,16,2023,2024,12221605431.07,-6375483341.48,-1696122089.58,4150000000,0,0
kabupaten,11,1174,17,2023,2024,5778731866.67,-716892099.64,1968160232.97,7030000000,1,0
kabupaten,11,1174,1,2024,2025,10670273636.77,2282965265.47,-10873238902.25,2080000000,0,1
kabupaten,11,1174,2,2024,2025,458123461.69,-301823938.47,-796299523.22,-640000000,0,0
kabupaten,11,1174,3,2024,2025,9922153576.04,5581440312.84,1946406111.12,17450000000,1,1
kabupaten,11,1174,4,2024,2025,157155621.16,-295925536.53,88769915.37,-50000000,1,0
kabupaten,11,1174,5,2024,2025,67903089.14,-80210781.45,-127692307.69,-140000000,0,0
kabupaten,11,1174,6,2024,2025,12366071745.12,-22690989974.85,-14065081770.26,-24390000000,0,0
kabupaten,11,1174,7,2024,2025,40264752741.73,20514967196.92,-7159719938.65,53620000000,0,1
kabupaten,11,1174,8,2024,2025,11375694811.76,11652220883.81,-16627915695.57,6400000000,0,1
kabupaten,11,1174,9,2024,2025,4706069553.68,2932669668.95,5641260777.37,13280000000,1,1
kabupaten,11,1174,10,2024,2025,9631563936.91,-3553728606.24,1042164669.33,7120000000,1,0
kabupaten,11,1174,11,2024,2025,3258755238.8,973970801.78,-2192726040.57,2040000000,0,1
kabupaten,11,1174,12,2024,2025,5714237689.43,2884925545.6,4860836764.97,13460000000,1,1
kabupaten,11,1174,13,2024,2025,1202685281.94,-1411572248.14,1818886966.19,1610000000,1,0
kabupaten,11,1174,14,2024,2025,9765590994.96,-1388777067,4633186072.04,13010000000,1,0
kabupaten,11,1174,15,2024,2025,2648220476.59,452217621.68,2529561901.73,5630000000,1,1
kabupaten,11,1174,16,2024,2025,7898700823.58,-1993729302.83,2725028479.25,8630000000,1,0
kabupaten,11,1174,17,2024,2025,3885005563.12,-1183915867.78,2848910304.66,5550000000,1,0
kabupaten,11,1173,1,2021,2022,25806550037.24,-5738915489.76,-29867634547.48,-9800000000,0,0
kabupaten,11,1173,2,2021,2022,1272005567.37,26412148.68,-1198417716.05,100000000,0,1
kabupaten,11,1173,3,2021,2022,56077755377.16,-295646940.22,-18182108436.94,37600000000,0,0
kabupaten,11,1173,4,2021,2022,610731149.89,-257773702.1,-52957447.79,300000000,0,0
kabupaten,11,1173,5,2021,2022,37907450.68,42318318.1,19774231.22,100000000,1,1
kabupaten,11,1173,6,2021,2022,43269248985.25,-66475257265.9,30706008280.65,7500000000,1,0
kabupaten,11,1173,7,2021,2022,66860319127.01,34172489764.25,-7132808891.26,93900000000,0,1
kabupaten,11,1173,8,2021,2022,35708818543.45,25648898343.94,-20957716887.4,40400000000,0,1
kabupaten,11,1173,9,2021,2022,4443595607.85,29738921649.1,-2782517256.95,31400000000,0,1
kabupaten,11,1173,10,2021,2022,13532959893.86,22604502316.89,-3937462210.75,32200000000,0,1
kabupaten,11,1173,11,2021,2022,7172932057.03,-17272196026.41,2999263969.38,-7100000000,1,0
kabupaten,11,1173,12,2021,2022,14417467076.46,-783215269.84,-834251806.62,12800000000,0,0
kabupaten,11,1173,13,2021,2022,3062079627.4,5342933480.7,-805013108.1,7600000000,0,1
kabupaten,11,1173,14,2021,2022,12955924255.68,-13147950466.92,-407973788.76,-600000000,0,0
kabupaten,11,1173,15,2021,2022,4262482232.36,-385842834.88,-876639397.48,3000000000,0,0
kabupaten,11,1173,16,2021,2022,11831336552.08,15711334063.28,1557329384.64,29100000000,1,1
kabupaten,11,1173,17,2021,2022,4157183758.24,9257322028.23,-814505786.48,12600000000,0,1
kabupaten,11,1173,1,2022,2023,25492821041.39,15023418428.9,-34716239470.28,5800000000,0,1
kabupaten,11,1173,2,2022,2023,1281195019.99,-2745168909.03,2563973889.04,1100000000,1,0
kabupaten,11,1173,3,2022,2023,57886336051.85,-79266253114.56,39879917062.71,18500000000,1,0
kabupaten,11,1173,4,2022,2023,625798227.59,458607011.17,-84405238.76,1000000000,0,1
kabupaten,11,1173,5,2022,2023,42283664.03,1855006.45,55861329.52,100000000,1,1
kabupaten,11,1173,6,2022,2023,43755135534.3,-5809280826.17,-38345854708.12,-400000000,0,0
kabupaten,11,1173,7,2022,2023,71091524327.22,81135162170.01,6473313502.76,158700000000,1,1
kabupaten,11,1173,8,2022,2023,37556350388.06,28872308797.08,-3528659185.14,62900000000,0,1
kabupaten,11,1173,9,2022,2023,5788633605.18,5391014991.05,2320351403.76,13500000000,1,1
kabupaten,11,1173,10,2022,2023,14947275233.26,2202934498.83,10949790267.92,28100000000,1,1
kabupaten,11,1173,11,2022,2023,6900693969.07,-24714838571.44,514144602.37,-17300000000,1,0
kabupaten,11,1173,12,2022,2023,15014929095.7,-2052642507.64,4637713411.94,17600000000,1,0
kabupaten,11,1173,13,2022,2023,3395378221.3,-4233001699.42,637623478.12,-200000000,1,0
kabupaten,11,1173,14,2022,2023,12981084856.04,-7325719572.17,8044634716.13,13700000000,1,0
kabupaten,11,1173,15,2022,2023,4405957791.53,-2513130127.7,3007172336.17,4900000000,1,0
kabupaten,11,1173,16,2022,2023,13107935848.12,-14419149888.01,2311214039.89,1000000000,1,0
kabupaten,11,1173,17,2022,2023,4706171806.11,1585884060.56,1907944133.32,8200000000,1,1
kabupaten,11,1173,1,2023,2024,28369336940.43,-21130240738.8,29760903798.37,37000000000,1,0
kabupaten,11,1173,2,2023,2024,1463442056.73,2039614164.86,-2703056221.58,800000000,0,1
kabupaten,11,1173,3,2023,2024,64666428462.05,-23744490484.12,-33021937977.93,7900000000,0,0
kabupaten,11,1173,4,2023,2024,736381671.86,139518860.71,24099467.44,900000000,1,1
kabupaten,11,1173,5,2023,2024,51267078.42,-30370278.83,-20896799.59,0,0,0
kabupaten,11,1173,6,2023,2024,48209696289.11,-3011081124.4,-14198615164.72,31000000000,0,0
kabupaten,11,1173,7,2023,2024,85755840266.79,-38825371454.31,7969531187.52,54900000000,1,0
kabupaten,11,1173,8,2023,2024,44327380259.64,115367610142.52,-27394990402.16,132300000000,0,1
kabupaten,11,1173,9,2023,2024,7009607813.11,-2767129187.56,-1842478625.55,2400000000,0,0
kabupaten,11,1173,10,2023,2024,17785015568.37,-10717697505.97,-967318062.4,6100000000,0,0
kabupaten,11,1173,11,2023,2024,6799878855.94,25363096379.78,-2362975235.72,29800000000,0,1
kabupaten,11,1173,12,2023,2024,17370218297.52,-4184799014.51,-4885419283.01,8300000000,0,0
kabupaten,11,1173,13,2023,2024,3733175437.7,-271448024.31,1138272586.61,4600000000,1,0
kabupaten,11,1173,14,2023,2024,14946683681.28,9052956521.83,-5799640203.11,18200000000,0,1
kabupaten,11,1173,15,2023,2024,5084762050.6,-292547761.23,-92214289.37,4700000000,0,0
kabupaten,11,1173,16,2023,2024,14494601262.48,-7561207028.95,166605766.46,7100000000,1,0
kabupaten,11,1173,17,2023,2024,5569468973.85,-690931574.38,-378537399.47,4500000000,0,0
kabupaten,11,1173,1,2024,2025,19146298978.09,4096458724.24,-36342757702.33,-13100000000,0,1
kabupaten,11,1173,2,2024,2025,954794528.57,-629044065.93,-725750462.63,-400000000,0,0
kabupaten,11,1173,3,2024,2025,41376406371.42,23275183230.35,-40851589601.76,23800000000,0,1
kabupaten,11,1173,4,2024,2025,495188466.68,-932444615.11,637256148.44,200000000,1,0
kabupaten,11,1173,5,2024,2025,32617204.39,-38529196.33,5911991.94,-0,1,0
kabupaten,11,1173,6,2024,2025,31591245053.83,-57968014385.21,20376769331.38,-6000000000,1,0
kabupaten,11,1173,7,2024,2025,56187582365.77,28627678816.3,11584738817.92,96400000000,1,1
kabupaten,11,1173,8,2024,2025,32124981125.7,32905891214.47,25669127659.84,90700000000,1,1
kabupaten,11,1173,9,2024,2025,4530826210.09,2823463710,3345710079.91,10700000000,1,1
kabupaten,11,1173,10,2024,2025,11496081947.97,-4241674098.39,9345592150.42,16600000000,1,0
kabupaten,11,1173,11,2024,2025,5209857101.52,1557112555.7,633030342.78,7400000000,1,1
kabupaten,11,1173,12,2024,2025,11297413521.22,5703682387.39,2498904091.39,19500000000,1,1
kabupaten,11,1173,13,2024,2025,2511524738.18,-2947735932.38,336211194.2,-100000000,1,0
kabupaten,11,1173,14,2024,2025,10049064153.13,-1429090143.94,4980025990.82,13600000000,1,0
kabupaten,11,1173,15,2024,2025,3374398054.37,576221759.58,2049380186.05,6000000000,1,1
kabupaten,11,1173,16,2024,2025,9432302470.08,-2380829233.53,2648526763.46,9700000000,1,0
kabupaten,11,1173,17,2024,2025,3676848495.1,-1120482121.85,143633626.75,2700000000,1,0
kabupaten,11,1172,1,2021,2022,3265095085.5,-726098790.22,-618996295.28,1920000000,0,0
kabupaten,11,1172,2,2021,2022,381601670.21,7923644.6,-379525314.81,10000000,0,1
kabupaten,11,1172,3,2021,2022,1110267111.12,-5853427.48,5586316.36,1110000000,1,0
kabupaten,11,1172,4,2021,2022,97295790.09,-41066017.37,53770227.28,110000000,1,0
kabupaten,11,1172,5,2021,2022,76236095.26,85106839.73,-11342934.99,150000000,0,1
kabupaten,11,1172,6,2021,2022,15161716691.54,-23293194157.51,6191477465.97,-1940000000,1,0
kabupaten,11,1172,7,2021,2022,7177143996,3668257689.2,-1895401685.19,8950000000,0,1
kabupaten,11,1172,8,2021,2022,1591270540.9,1142976385.27,35753073.83,2770000000,1,1
kabupaten,11,1172,9,2021,2022,1309070630.26,8761001752.17,1229927617.57,11300000000,1,1
kabupaten,11,1172,10,2021,2022,1159967990.9,1937528770.02,152503239.08,3250000000,1,1
kabupaten,11,1172,11,2021,2022,1091313385.78,-2627848497.03,-253464888.75,-1790000000,0,0
kabupaten,11,1172,12,2021,2022,1818294051.1,-98777105.46,-1109516945.64,610000000,0,0
kabupaten,11,1172,13,2021,2022,119197872.7,207984893.4,-77182766.11,250000000,0,1
kabupaten,11,1172,14,2021,2022,7685103835.15,-7799008589.71,-7836095245.44,-7950000000,0,0
kabupaten,11,1172,15,2021,2022,2175466475.31,-196924727.49,-1508541747.82,470000000,0,0
kabupaten,11,1172,16,2021,2022,3478640391.02,4619434248.08,21925360.9,8120000000,1,1
kabupaten,11,1172,17,2021,2022,860920324.4,1917119171.8,-518039496.21,2260000000,0,1
kabupaten,11,1172,1,2022,2023,3359014270.24,1979532857.84,1551452871.92,6890000000,1,1
kabupaten,11,1172,2,2022,2023,383512832.72,-821738680.03,948225847.31,510000000,1,0
kabupaten,11,1172,3,2022,2023,1161532250.8,-1590536138.1,1249003887.3,820000000,1,0
kabupaten,11,1172,4,2022,2023,102326466.94,74988443.72,2685089.34,180000000,1,1
kabupaten,11,1172,5,2022,2023,82875981.49,3635812.65,53488205.86,140000000,1,1
kabupaten,11,1172,6,2022,2023,15138820231.29,-2009950535.56,-14308869695.74,-1180000000,0,0
kabupaten,11,1172,7,2022,2023,7583575143.1,8654964215.3,-618539358.4,15620000000,0,1
kabupaten,11,1172,8,2022,2023,1714602576.26,1318140195.59,-3142742771.85,-110000000,0,1
kabupaten,11,1172,9,2022,2023,1791981681.43,1668891273.34,-400872954.77,3060000000,0,1
kabupaten,11,1172,10,2022,2023,1301914015.37,191876529.62,226209455.02,1720000000,1,1
kabupaten,11,1172,11,2022,2023,1019881976.31,-3652707759.46,2802825783.14,170000000,1,0
kabupaten,11,1172,12,2022,2023,1851178811.07,-253068682.02,701889870.95,2300000000,1,0
kabupaten,11,1172,13,2022,2023,130233685.2,-162361709.02,22128023.82,-10000000,1,0
kabupaten,11,1172,14,2022,2023,7378922209.21,-4164206262.34,-3344715946.87,-130000000,0,0
kabupaten,11,1172,15,2022,2023,2203824569.04,-1257047430.48,2273222861.43,3220000000,1,0
kabupaten,11,1172,16,2022,2023,3835551163.82,-4219229310.78,763678146.96,380000000,1,0
kabupaten,11,1172,17,2022,2023,959839173.39,323446254.94,196714571.67,1480000000,1,1
kabupaten,11,1172,1,2023,2024,4023533527.3,-2996835358.93,1563301831.63,2590000000,1,0
kabupaten,11,1172,2,2023,2024,446489646.61,622277187.88,-1028766834.48,40000000,0,1
kabupaten,11,1172,3,2023,2024,1318496044.1,-484130908.68,195634864.58,1030000000,1,0
kabupaten,11,1172,4,2023,2024,121176730.81,22958799.86,-34135530.67,110000000,0,1
kabupaten,11,1172,5,2023,2024,97873513.35,-57979623.22,-39893890.12,0,0,0
kabupaten,11,1172,6,2023,2024,16631506303.92,-1038770590.91,-5952735713,9640000000,0,0
kabupaten,11,1172,7,2023,2024,9086856617.83,-4114012321.98,7577155704.15,12550000000,1,0
kabupaten,11,1172,8,2023,2024,1884764228.47,4905337140.33,-3740101368.8,3050000000,0,1
kabupaten,11,1172,9,2023,2024,2117796403.11,-836026265.18,-361770137.93,920000000,0,0
kabupaten,11,1172,10,2023,2024,1515175199.5,-913082667.5,-142092531.99,460000000,0,0
kabupaten,11,1172,11,2023,2024,1132070304.39,4222547025.8,-2494617330.2,2860000000,0,1
kabupaten,11,1172,12,2023,2024,2147624521.46,-517401498.76,-420223022.7,1210000000,0,0
kabupaten,11,1172,13,2023,2024,143081755.23,-10403813.17,-62677942.06,70000000,0,0
kabupaten,11,1172,14,2023,2024,8127230122.68,4922527465.78,-2739757588.46,10310000000,0,1
kabupaten,11,1172,15,2023,2024,2579200108.89,-148392237.46,-940807871.44,1490000000,0,0
kabupaten,11,1172,16,2023,2024,4245380157.56,-2214631344.91,879251187.35,2910000000,1,0
kabupaten,11,1172,17,2023,2024,1126943596.55,-139805234.05,452861637.5,1440000000,1,0
kabupaten,11,1172,1,2024,2025,2636656195.03,564127473.69,-1220783668.72,1980000000,0,1
kabupaten,11,1172,2,2024,2025,285252278.41,-187931798.58,-117320479.83,-20000000,0,0
kabupaten,11,1172,3,2024,2025,869396757.07,489055734.78,-318452491.85,1040000000,0,1
kabupaten,11,1172,4,2024,2025,80356930.82,-151312868.68,50955937.86,-20000000,1,0
kabupaten,11,1172,5,2024,2025,62269208.38,-73555738.45,71286530.06,60000000,1,0
kabupaten,11,1172,6,2024,2025,10867162943.29,-19940583435.36,12823420492.08,3750000000,1,0
kabupaten,11,1172,7,2024,2025,6153383868.57,3135160645.92,7511455485.51,16800000000,1,1
kabupaten,11,1172,8,2024,2025,1289565653.64,1320913059.74,-1380478713.38,1230000000,0,1
kabupaten,11,1172,9,2024,2025,1374666905.1,856647759.13,158685335.76,2390000000,1,1
kabupaten,11,1172,10,2024,2025,977626571.64,-360711877.8,873085306.16,1490000000,1,0
kabupaten,11,1172,11,2024,2025,805051908.4,240612441.02,-45664349.42,1000000000,0,1
kabupaten,11,1172,12,2024,2025,1402243268.81,707945249.61,469811481.58,2580000000,1,1
kabupaten,11,1172,13,2024,2025,93107292.54,-109278522.17,86171229.63,70000000,1,0
kabupaten,11,1172,14,2024,2025,5476428617.41,-778809851.53,1672381234.12,6370000000,1,0
kabupaten,11,1172,15,2024,2025,1685123386.91,287756437.58,1247120175.51,3220000000,1,1
kabupaten,11,1172,16,2024,2025,2787288375.31,-703545891.08,1116257515.76,3200000000,1,0
kabupaten,11,1172,17,2024,2025,759684342.29,-231506064.21,991821721.91,1520000000,1,0
kabupaten,11,1175,1,2021,2022,13751980720.03,-3058194724.02,-1983785996.01,8710000000,0,0
kabupaten,11,1175,2,2021,2022,1363825836.8,28318721,-3832144557.8,-2440000000,0,1
kabupaten,11,1175,3,2021,2022,8417981215.02,-44380349.61,5456399134.59,13830000000,1,0
kabupaten,11,1175,4,2021,2022,64442666.16,-27199569.95,12756903.78,50000000,1,0
kabupaten,11,1175,5,2021,2022,10529847.41,11755088.36,-22284935.77,-0,0,1
kabupaten,11,1175,6,2021,2022,9595639349.58,-14741938197.52,11926298847.95,6780000000,1,0
kabupaten,11,1175,7,2021,2022,11015905168.5,5630258896.9,-636164065.4,16010000000,0,1
kabupaten,11,1175,8,2021,2022,3247826135.75,2332845660.89,-2180671796.64,3400000000,0,1
kabupaten,11,1175,9,2021,2022,477633878.61,3196581720.39,-884215598.99,2790000000,0,1
kabupaten,11,1175,10,2021,2022,2065956062.23,3450827384.51,-1516783446.74,4000000000,0,1
kabupaten,11,1175,11,2021,2022,1120375764.63,-2697829796.26,297454031.62,-1280000000,1,0
kabupaten,11,1175,12,2021,2022,1996459069.31,-108455751.65,-498003317.66,1390000000,0,0
kabupaten,11,1175,13,2021,2022,196697549.66,343211820.56,-69909370.22,470000000,0,1
kabupaten,11,1175,14,2021,2022,4232998659.61,-4295738042.67,772739383.06,710000000,1,0
kabupaten,11,1175,15,2021,2022,1439219544.27,-130279146.92,-268940397.35,1040000000,0,0
kabupaten,11,1175,16,2021,2022,1233676922.79,1638251956.97,-71928879.76,2800000000,0,1
kabupaten,11,1175,17,2021,2022,379074506.83,844132707.74,-203207214.57,1020000000,0,1
kabupaten,11,1175,1,2022,2023,14173907018.22,8352960841.85,1633132139.93,24160000000,1,1
kabupaten,11,1175,2,2022,2023,1265972900.94,-2712553040.8,1166580139.86,-280000000,1,0
kabupaten,11,1175,3,2022,2023,9035596165.76,-12372830992,15177234826.25,11840000000,1,0
kabupaten,11,1175,4,2022,2023,66808189.16,48959397.14,-45767586.3,70000000,0,1
kabupaten,11,1175,5,2022,2023,10570916.01,463751.61,-11034667.62,0,0,1
kabupaten,11,1175,6,2022,2023,9919747580.54,-1317024818.15,-3212722762.39,5390000000,0,0
kabupaten,11,1175,7,2022,2023,11735830950.47,13393840635.39,-8299671585.86,16830000000,0,1
kabupaten,11,1175,8,2022,2023,3404257790.75,2617101532.6,-3841359323.35,2180000000,0,1
kabupaten,11,1175,9,2022,2023,597468172.69,556428355.18,-373896527.87,780000000,0,1
kabupaten,11,1175,10,2022,2023,2243148376.59,330595969.34,-1323744345.93,1250000000,0,1
kabupaten,11,1175,11,2022,2023,1070622373.14,-3834434513.66,3812140.51,-2760000000,1,0
kabupaten,11,1175,12,2022,2023,2063019967.84,-282028803.01,-580991164.83,1200000000,0,0
kabupaten,11,1175,13,2022,2023,217338033.09,-270954280.64,-16383752.46,-70000000,0,0
kabupaten,11,1175,14,2022,2023,4279529636.09,-2415101230.94,-2214428405.15,-350000000,0,0
kabupaten,11,1175,15,2022,2023,1488807810.36,-849206447.18,-129601363.18,510000000,0,0
kabupaten,11,1175,16,2022,2023,1356882778.6,-1492614580.34,-234268198.26,-370000000,0,0
kabupaten,11,1175,17,2022,2023,423682313.54,142772311.65,-156454625.19,410000000,0,1
kabupaten,11,1175,1,2023,2024,16748954519.93,-12475069187.29,7876114667.35,12150000000,1,0
kabupaten,11,1175,2,2023,2024,1382346859.95,1926590959.54,-4168937819.5,-860000000,0,1
kabupaten,11,1175,3,2023,2024,10511149269.22,-3859527883.88,3148378614.66,9800000000,1,0
kabupaten,11,1175,4,2023,2024,76900617.63,14570007.61,-21470625.24,70000000,0,1
kabupaten,11,1175,5,2023,2024,11651608.73,-6902336.1,5250727.37,10000000,1,0
kabupaten,11,1175,6,2023,2024,11185078318.28,-698597601.55,-1766480716.73,8720000000,0,0
kabupaten,11,1175,7,2023,2024,13720002313.99,-6211637417.78,411635103.8,7920000000,1,0
kabupaten,11,1175,8,2023,2024,3853886104.16,10030225720.41,-2824111824.58,11060000000,0,1
kabupaten,11,1175,9,2023,2024,694901944.77,-274321118.26,79419173.49,500000000,1,0
kabupaten,11,1175,10,2023,2024,2530729416.57,-1525081170.27,184351753.7,1190000000,1,0
kabupaten,11,1175,11,2023,2024,1051441171.97,3921805718.49,66753109.54,5040000000,1,1
kabupaten,11,1175,12,2023,2024,2329855682.03,-561304273.51,-438551408.53,1330000000,0,0
kabupaten,11,1175,13,2023,2024,236294625.08,-17181541.61,-29113083.47,190000000,0,0
kabupaten,11,1175,14,2023,2024,4700725026.8,2847150591.8,-2927875618.6,4620000000,0,1
kabupaten,11,1175,15,2023,2024,1664781855.61,-95781906.79,-88999948.82,1480000000,0,0
kabupaten,11,1175,16,2023,2024,1478356115.9,-771194491.83,-197161624.08,510000000,0,0
kabupaten,11,1175,17,2023,2024,486105116.29,-60304739.09,4199622.79,430000000,1,0
kabupaten,11,1175,1,2024,2025,11016312523.37,2357002238.24,12576685238.4,25950000000,1,1
kabupaten,11,1175,2,2024,2025,853977714.99,-562623263.94,-1321354451.05,-1030000000,0,0
kabupaten,11,1175,3,2024,2025,6978006099.6,3925289429.27,1856704471.13,12760000000,1,1
kabupaten,11,1175,4,2024,2025,51001446.87,-96036211.86,75034764.99,30000000,1,0
kabupaten,11,1175,5,2024,2025,7709521.04,-9106900.95,1397379.91,-0,1,0
kabupaten,11,1175,6,2024,2025,7374749913.03,-13532217812.79,2847467899.76,-3310000000,1,0
kabupaten,11,1175,7,2024,2025,8963800806.99,4567073358.05,-2350874165.04,11180000000,0,1
kabupaten,11,1175,8,2024,2025,2779875374.32,2847449973.56,532674652.12,6160000000,1,1
kabupaten,11,1175,9,2024,2025,456937381.53,284748532.53,-121685914.06,620000000,0,1
kabupaten,11,1175,10,2024,2025,1645389701.56,-607094391.85,491704690.29,1530000000,1,0
kabupaten,11,1175,11,2024,2025,818395310.2,244600492.53,97004197.27,1160000000,1,1
kabupaten,11,1175,12,2024,2025,1521740844.91,768275538.37,299983616.72,2590000000,1,1
kabupaten,11,1175,13,2024,2025,155969541,-183058925.67,67089384.67,40000000,1,0
kabupaten,11,1175,14,2024,2025,3127693381.15,-444793238.07,-472900143.08,2210000000,0,0
kabupaten,11,1175,15,2024,2025,1103054548.53,188360715.78,258584735.69,1550000000,1,1
kabupaten,11,1175,16,2024,2025,955684088.68,-241226426.27,65542337.59,780000000,1,0
kabupaten,11,1175,17,2024,2025,322020763.36,-98132547.12,-3888216.24,220000000,0,0
kabupaten,13,1301,1,2021,2022,156991822746.76,-30088026190.74,10536203443.99,137440000000,1,0
kabupaten,13,1301,2,2021,2022,15153201466.97,-8420362599.85,807161132.88,7540000000,1,0
kabupaten,13,1301,3,2021,2022,31622859651.92,-18962407184.24,3159547532.32,15820000000,1,0
kabupaten,13,1301,4,2021,2022,134261148.72,-35206578.38,40945429.66,140000000,1,0
kabupaten,13,1301,5,2021,2022,290317938.47,-29259141.44,-141058797.03,120000000,0,0
kabupaten,13,1301,6,2021,2022,42890770149.58,-18147726669.98,1836956520.4,26580000000,1,0
kabupaten,13,1301,7,2021,2022,56565355329.35,16072434515.78,2852210154.87,75490000000,1,1
kabupaten,13,1301,8,2021,2022,16673229472.13,5259865780.12,-5203095252.25,16730000000,0,1
kabupaten,13,1301,9,2021,2022,4411437743.68,11565118549.97,-4746556293.65,11230000000,0,1
kabupaten,13,1301,10,2021,2022,37135413180.24,22635798646.31,1628788173.45,61400000000,1,1
kabupaten,13,1301,11,2021,2022,9012061651.46,366882048.24,-1758943699.7,7620000000,0,1
kabupaten,13,1301,12,2021,2022,6014725097.56,1961585776.76,-2996310874.32,4980000000,0,1
kabupaten,13,1301,13,2021,2022,219700061.54,149654603.98,-149354665.52,220000000,0,1
kabupaten,13,1301,14,2021,2022,25174401297.94,-20041018200.63,-11593383097.32,-6460000000,0,0
kabupaten,13,1301,15,2021,2022,13611813733.61,2407180755.16,-828994488.77,15190000000,0,1
kabupaten,13,1301,16,2021,2022,6427534538.59,259903318.38,112562143.03,6800000000,1,1
kabupaten,13,1301,17,2021,2022,4362615507.78,7530733910.16,256650582.06,12150000000,1,1
kabupaten,13,1301,1,2022,2023,172813066843.89,-40314717484.88,-14748349359.01,117750000000,0,0
kabupaten,13,1301,2,2022,2023,16415644434.65,111909854.18,-1677554288.83,14850000000,0,1
kabupaten,13,1301,3,2022,2023,34261348669.98,-11399080724.17,-4572267945.81,18290000000,0,0
kabupaten,13,1301,4,2022,2023,148829753.01,-15055928.36,6226175.35,140000000,1,0
kabupaten,13,1301,5,2022,2023,313374448.89,-165296191.79,161921742.9,310000000,1,0
kabupaten,13,1301,6,2022,2023,46706196806.12,12481875333.02,871927860.87,60060000000,1,1
kabupaten,13,1301,7,2022,2023,63466183371.18,-165322002.86,4279138631.68,67580000000,1,0
kabupaten,13,1301,8,2022,2023,18452116148.22,4584405983.88,-1096522132.1,21940000000,0,1
kabupaten,13,1301,9,2022,2023,5196561841.95,3466840035.74,-413401877.69,8250000000,0,1
kabupaten,13,1301,10,2022,2023,42213109759.45,27557835768.84,-3210945528.29,66560000000,0,1
kabupaten,13,1301,11,2022,2023,9907809271.91,-3939735368.74,2691926096.83,8660000000,1,0
kabupaten,13,1301,12,2022,2023,6607671270.35,2423783474.7,-1241454745.05,7790000000,0,1
kabupaten,13,1301,13,2022,2023,243119410.2,118997292.32,-102116702.52,260000000,0,1
kabupaten,13,1301,14,2022,2023,26394170949.45,-12906399643.88,-4657771305.57,8830000000,0,0
kabupaten,13,1301,15,2022,2023,15134876591.19,-9120678620.47,-354197970.72,5660000000,0,0
kabupaten,13,1301,16,2022,2023,7129499814.3,4115722727.43,-445222541.72,10800000000,0,1
kabupaten,13,1301,17,2022,2023,5187317757.91,3854315524.1,58366717.98,9100000000,1,1
kabupaten,13,1301,1,2023,2024,168549126358.35,-89316829434.54,-16452296923.81,62780000000,0,0
kabupaten,13,1301,2,2023,2024,16170776179.23,-1491559338.17,2760783158.95,17440000000,1,0
kabupaten,13,1301,3,2023,2024,33195084043.49,-13437633059.05,5712549015.56,25470000000,1,0
kabupaten,13,1301,4,2023,2024,146844160.87,901025.58,22254813.56,170000000,1,1
kabupaten,13,1301,5,2023,2024,309858660.88,-74841424.07,-125017236.81,110000000,0,0
kabupaten,13,1301,6,2023,2024,46787783719.88,2188821672.04,-5596605391.92,43380000000,0,1
kabupaten,13,1301,7,2023,2024,62963804333.43,640933142.15,9465262524.42,73070000000,1,1
kabupaten,13,1301,8,2023,2024,18406216306.7,5025992532.55,7791160.75,23440000000,1,1
kabupaten,13,1301,9,2023,2024,5274152777.79,1200804162.37,1205043059.85,7680000000,1,1
kabupaten,13,1301,10,2023,2024,42823428412.68,10601218457.24,-2854646869.92,50570000000,0,1
kabupaten,13,1301,11,2023,2024,9746781177.51,3761056033.03,1392162789.46,14900000000,1,1
kabupaten,13,1301,12,2023,2024,6588320610.3,2263536033.67,-401856643.97,8450000000,0,1
kabupaten,13,1301,13,2023,2024,241243978.57,19355771.05,-20599749.62,240000000,0,1
kabupaten,13,1301,14,2023,2024,25342854762.87,33988310423.34,-6131165186.21,53200000000,0,1
kabupaten,13,1301,15,2023,2024,14558112626.85,-3791093873.87,-897018752.98,9870000000,0,0
kabupaten,13,1301,16,2023,2024,7213282366.37,2025234890.89,-1728517257.27,7510000000,0,1
kabupaten,13,1301,17,2023,2024,5302560130.34,3516426024.85,-168986155.19,8650000000,0,1
kabupaten,13,1301,1,2024,2025,132034677002.24,30355341223.36,-5060018225.6,157330000000,0,1
kabupaten,13,1301,2,2024,2025,13052144349.04,-9353726479.17,-4408417869.87,-710000000,0,0
kabupaten,13,1301,3,2024,2025,26445204173.14,15758629628.5,23626166198.35,65830000000,1,1
kabupaten,13,1301,4,2024,2025,118916168.67,-88785084.43,49868915.76,80000000,1,0
kabupaten,13,1301,5,2024,2025,242548559.33,-215197429.97,-37351129.36,-10000000,0,0
kabupaten,13,1301,6,2024,2025,37525967731.62,-53110658193.5,-15309538.12,-15600000000,0,0
kabupaten,13,1301,7,2024,2025,50994823980.51,5184223379.2,-689047359.71,55490000000,0,1
kabupaten,13,1301,8,2024,2025,14977373538.74,-15036588562.63,5769215023.89,5710000000,1,0
kabupaten,13,1301,9,2024,2025,4324101816.09,-192481530.41,668379714.32,4800000000,1,0
kabupaten,13,1301,10,2024,2025,34712404443.37,19678937864.2,-4171342307.57,50220000000,0,1
kabupaten,13,1301,11,2024,2025,8014882393.92,9941682005.6,333435600.48,18290000000,1,1
kabupaten,13,1301,12,2024,2025,5363018145.22,3832169878.56,-1555188023.78,7640000000,0,1
kabupaten,13,1301,13,2024,2025,194038847.47,106626150.75,-30664998.21,270000000,0,1
kabupaten,13,1301,14,2024,2025,21326755825.24,-8890296097.28,4223540272.04,16660000000,1,0
kabupaten,13,1301,15,2024,2025,11554070122.17,3368577636.21,-2802647758.38,12120000000,0,1
kabupaten,13,1301,16,2024,2025,5813080471.98,8139721985.29,-3262802457.27,10690000000,0,1
kabupaten,13,1301,17,2024,2025,4378675241.94,6669367826.83,-1408043068.77,9640000000,0,1
kabupaten,13,1302,1,2021,2022,161398465449.41,-30932574516.45,-12075890932.96,118390000000,0,0
kabupaten,13,1302,2,2021,2022,21637840585.05,-12023760391.56,36185919806.5,45800000000,1,0
kabupaten,13,1302,3,2021,2022,22226758805.58,-13328106803.01,-1668652002.57,7230000000,0,0
kabupaten,13,1302,4,2021,2022,100695861.54,-26404933.79,55709072.25,130000000,1,0
kabupaten,13,1302,5,2021,2022,248906220.52,-25085540.18,-153820680.33,70000000,0,0
kabupaten,13,1302,6,2021,2022,37821104046.92,-16002675079.2,32561571032.28,54380000000,1,0
kabupaten,13,1302,7,2021,2022,50497012954.86,14348180599.84,-125193554.7,64720000000,0,1
kabupaten,13,1302,8,2021,2022,44866762965.01,14154015667.98,-36670778632.99,22350000000,0,1
kabupaten,13,1302,9,2021,2022,3434993025.71,9005250412.43,-4360243438.14,8080000000,0,1
kabupaten,13,1302,10,2021,2022,36904815298.18,22495238281.43,-5290053579.61,54110000000,0,1
kabupaten,13,1302,11,2021,2022,7491597733.48,304983790.32,-186581523.8,7610000000,0,1
kabupaten,13,1302,12,2021,2022,3622871451.36,1181529162.97,-734400614.33,4070000000,0,1
kabupaten,13,1302,13,2021,2022,287702461.54,195976267.11,-63678728.66,420000000,0,1
kabupaten,13,1302,14,2021,2022,24270318108.18,-19321289161.33,7350971053.15,12300000000,1,0
kabupaten,13,1302,15,2021,2022,15554677174.67,2750766376.94,-1235443551.62,17070000000,0,1
kabupaten,13,1302,16,2021,2022,6694749097.57,270708386.82,1454542515.61,8420000000,1,1
kabupaten,13,1302,17,2021,2022,3847366553.92,6641312698.95,-2228679252.87,8260000000,0,1
kabupaten,13,1302,1,2022,2023,176604990116.27,-41199316770.35,-21945673345.92,113460000000,0,0
kabupaten,13,1302,2,2022,2023,25059787418.57,170839297.05,-2230626715.62,23000000000,0,1
kabupaten,13,1302,3,2022,2023,23901503688.61,-7952260507.89,4560756819.28,20510000000,1,0
kabupaten,13,1302,4,2022,2023,112777825.26,-11408840.12,-1368985.14,100000000,0,0
kabupaten,13,1302,5,2022,2023,267154028.7,-140916222.5,-16237806.2,110000000,0,0
kabupaten,13,1302,6,2022,2023,42615689619.31,11388718444.94,-8634408064.25,45370000000,0,1
kabupaten,13,1302,7,2022,2023,56534044751.1,-147264590.55,8383219839.45,64770000000,1,0
kabupaten,13,1302,8,2022,2023,48605856075.92,12076066270.99,2408077653.09,63090000000,1,1
kabupaten,13,1302,9,2022,2023,4015630106.1,2678991926.58,335377967.32,7030000000,1,1
kabupaten,13,1302,10,2022,2023,41631656873.46,27178247929.16,2250095197.37,71060000000,1,1
kabupaten,13,1302,11,2022,2023,8295178811.48,-3298489954.41,1833311142.93,6830000000,1,0
kabupaten,13,1302,12,2022,2023,4029496232.16,1478073890.07,22429877.77,5530000000,1,1
kabupaten,13,1302,13,2022,2023,324467349.73,158813876.82,-33281226.55,450000000,0,1
kabupaten,13,1302,14,2022,2023,26302654517.48,-12861649322.03,-1781005195.45,11660000000,0,0
kabupaten,13,1302,15,2022,2023,17281815109.01,-10414480794.6,102665685.59,6970000000,1,0
kabupaten,13,1302,16,2022,2023,7487708070.77,4322509444.69,459782484.55,12270000000,1,1
kabupaten,13,1302,17,2022,2023,4461194956.73,3314786905.34,34018137.93,7810000000,1,1
kabupaten,13,1302,1,2023,2024,171947082759.35,-91117459902.65,-27869622856.7,52960000000,0,0
kabupaten,13,1302,2,2023,2024,24700411559.08,-2278315469.17,5237903910.09,27660000000,1,0
kabupaten,13,1302,3,2023,2024,23496376847.21,-9511519533.32,11265142686.11,25250000000,1,0
kabupaten,13,1302,4,2023,2024,111007193.04,681132.43,-51688325.47,60000000,0,1
kabupaten,13,1302,5,2023,2024,257414317.71,-62174328.32,-145239989.39,50000000,0,0
kabupaten,13,1302,6,2023,2024,42278007243.75,1977845735.54,-5625852979.29,38630000000,0,1
kabupaten,13,1302,7,2023,2024,56286328339.74,572960507.46,11640711152.79,68500000000,1,1
kabupaten,13,1302,8,2023,2024,48716424439.84,13302483322.33,-5058907762.17,56960000000,0,1
kabupaten,13,1302,9,2023,2024,4104206888.98,934434196.95,2801358914.07,7840000000,1,1
kabupaten,13,1302,10,2023,2024,42470303168.69,10513800004.47,955896826.84,53940000000,1,1
kabupaten,13,1302,11,2023,2024,8141984276.61,3141802255.19,-1553786531.81,9730000000,0,1
kabupaten,13,1302,12,2023,2024,4051762545.81,1392055891.75,96181562.44,5540000000,1,1
kabupaten,13,1302,13,2023,2024,326466036.21,26193407.56,7340556.23,360000000,1,1
kabupaten,13,1302,14,2023,2024,25380002839.28,34038131186.01,-9298134025.3,50120000000,0,1
kabupaten,13,1302,15,2023,2024,16645397484.88,-4334645984.04,-330751500.85,11980000000,0,0
kabupaten,13,1302,16,2023,2024,7616229736.37,2138368278.92,185401984.71,9940000000,1,1
kabupaten,13,1302,17,2023,2024,4559598602.14,3023726425.23,2776674972.63,10360000000,1,1
kabupaten,13,1302,1,2024,2025,134323055284.94,30881449251.92,-40354504536.86,124850000000,0,1
kabupaten,13,1302,2,2024,2025,19971178876.98,-14312203396.34,6841024519.36,12500000000,1,0
kabupaten,13,1302,3,2024,2025,18961907371.76,11299352176.11,18998740452.13,49260000000,1,1
kabupaten,13,1302,4,2024,2025,87586979.76,-65394113.18,77807133.42,100000000,1,0
kabupaten,13,1302,5,2024,2025,200102561.45,-177537879.72,-132564681.72,-110000000,0,0
kabupaten,13,1302,6,2024,2025,33889760579.63,-47964319089.04,5904558509.41,-8170000000,1,0
kabupaten,13,1302,7,2024,2025,45693790467.11,4645311000.86,10510898532.02,60850000000,1,1
kabupaten,13,1302,8,2024,2025,39470061809.26,-39626111910.23,-3113949899.03,-3270000000,0,0
kabupaten,13,1302,9,2024,2025,3427682765.56,-152578651.6,254895886.04,3530000000,1,0
kabupaten,13,1302,10,2024,2025,34553737260.8,19588987263.64,-9142724524.44,45000000000,0,1
kabupaten,13,1302,11,2024,2025,6603721400.81,8191274056.65,-224995457.46,14570000000,0,1
kabupaten,13,1302,12,2024,2025,3309777215.88,2365016900.56,-44794116.44,5630000000,0,1
kabupaten,13,1302,13,2024,2025,263771558.27,144944923.67,-78716481.94,330000000,0,1
kabupaten,13,1302,14,2024,2025,21251633146.45,-8858980370.52,-8692652775.93,3700000000,0,0
kabupaten,13,1302,15,2024,2025,13234055768.54,3858375778.13,-1892431546.67,15200000000,0,1
kabupaten,13,1302,16,2024,2025,6205537515.9,8689256994.15,-1994794510.05,12900000000,0,1
kabupaten,13,1302,17,2024,2025,3863596426.36,5884826866.13,-758423292.48,8990000000,0,1
kabupaten,13,1303,1,2021,2022,83090214545.27,-15924527199.52,-20245687345.75,46920000000,0,0
kabupaten,13,1303,2,2021,2022,41086526985.44,-22831047019.33,8424520033.89,26680000000,1,0
kabupaten,13,1303,3,2021,2022,9328098446.34,-5593523259.48,2545424813.14,6280000000,1,0
kabupaten,13,1303,4,2021,2022,109414117.95,-28691075.24,-10723042.71,70000000,0,0
kabupaten,13,1303,5,2021,2022,127722456.41,-12872264.93,5149808.52,120000000,1,0
kabupaten,13,1303,6,2021,2022,39390826113.61,-16666847975.02,27806021861.4,50530000000,1,0
kabupaten,13,1303,7,2021,2022,38685955082.83,10992196126.57,3461848790.6,53140000000,1,1
kabupaten,13,1303,8,2021,2022,22096856785.06,6970845153.08,-12157701938.14,16910000000,0,1
kabupaten,13,1303,9,2021,2022,2043995215.43,5358581114.7,-3512576330.13,3890000000,0,1
kabupaten,13,1303,10,2021,2022,14202039692.59,8656817935.17,-1028857627.76,21830000000,0,1
kabupaten,13,1303,11,2021,2022,6778008446.29,275933489.8,-213941936.09,6840000000,0,1
kabupaten,13,1303,12,2021,2022,3703951235.97,1207971760.05,-3171922996.02,1740000000,0,1
kabupaten,13,1303,13,2021,2022,56668666.67,38601385.95,-35270052.61,60000000,0,1
kabupaten,13,1303,14,2021,2022,14181115877.21,-11289404583.52,-4141711293.69,-1250000000,0,0
kabupaten,13,1303,15,2021,2022,13974929113.1,2471395882.59,3533675004.31,19980000000,1,1
kabupaten,13,1303,16,2021,2022,6341659712.95,256430890.19,111909396.86,6710000000,1,1
kabupaten,13,1303,17,2021,2022,5259724092.41,9079320079.93,-3969044172.35,10370000000,0,1
kabupaten,13,1303,1,2022,2023,90270329447.72,-21058724872,19938395424.28,89150000000,1,0
kabupaten,13,1303,2,2022,2023,44797755656.47,305398324.33,-53933153980.8,-8830000000,0,1
kabupaten,13,1303,3,2022,2023,10180971955.23,-3387307437.49,476335482.25,7270000000,1,0
kabupaten,13,1303,4,2022,2023,119248684.09,-12063445.71,-7185238.38,100000000,0,0
kabupaten,13,1303,5,2022,2023,140972281.58,-74358906.34,93386624.76,160000000,1,0
kabupaten,13,1303,6,2022,2023,44102138332.62,11785960541.22,4731901126.17,60620000000,1,1
kabupaten,13,1303,7,2022,2023,43475389434.84,-113248317.05,4947858882.21,48310000000,1,0
kabupaten,13,1303,8,2022,2023,24211180503.88,6015238571.4,-1016419075.28,29210000000,0,1
kabupaten,13,1303,9,2022,2023,2347072937.24,1565828844.75,-352901781.99,3560000000,0,1
kabupaten,13,1303,10,2022,2023,16067604670.62,10489357766.69,763037562.69,27320000000,1,1
kabupaten,13,1303,11,2022,2023,7502960809.43,-2983472860.64,2600512051.21,7120000000,1,0
kabupaten,13,1303,12,2022,2023,4007772634.67,1470105379.76,-807878014.43,4670000000,0,1
kabupaten,13,1303,13,2022,2023,62859771.46,30767360.75,-13627132.21,80000000,0,1
kabupaten,13,1303,14,2022,2023,14978651570.95,-7324362021.88,35710450.93,7690000000,1,0
kabupaten,13,1303,15,2022,2023,15741288504.08,-9486118545.65,364830041.57,6620000000,1,0
kabupaten,13,1303,16,2022,2023,7034285748.7,4060757483.87,224956767.43,11320000000,1,1
kabupaten,13,1303,17,2022,2023,6056261657.49,4499964030.32,233774312.19,10790000000,1,1
kabupaten,13,1303,1,2023,2024,89251094309.49,-47295556728.89,13464462419.4,55420000000,1,0
kabupaten,13,1303,2,2023,2024,41972518944.81,-3871459346.47,-23091059598.33,15010000000,0,0
kabupaten,13,1303,3,2023,2024,9944321536.77,-4025540157.01,1281218620.24,7200000000,1,0
kabupaten,13,1303,4,2023,2024,117125699.74,718675.16,22155625.1,140000000,1,1
kabupaten,13,1303,5,2023,2024,140288617.97,-33884481.14,-36404136.83,70000000,0,0
kabupaten,13,1303,6,2023,2024,44349995835.02,2074777309.81,-1824773144.84,44600000000,0,1
kabupaten,13,1303,7,2023,2024,43219383203.59,439946972.26,7930669824.15,51590000000,1,1
kabupaten,13,1303,8,2023,2024,24169412584.52,6599688123.93,-4879100708.45,25890000000,0,1
kabupaten,13,1303,9,2023,2024,2374854673.06,540700183.82,634445143.12,3550000000,1,1
kabupaten,13,1303,10,2023,2024,16386672058.6,4056627335.07,-2063299393.67,18380000000,0,1
kabupaten,13,1303,11,2023,2024,7405578291.32,2857640322.83,776781385.86,11040000000,1,1
kabupaten,13,1303,12,2023,2024,3993636732.14,1372085723.1,-235722455.23,5130000000,0,1
kabupaten,13,1303,13,2023,2024,62933211.8,5049331.58,-7982543.38,60000000,0,1
kabupaten,13,1303,14,2023,2024,14499112740.79,19445336735.27,-7884449476.06,26060000000,0,1
kabupaten,13,1303,15,2023,2024,15173459586.68,-3951337042.03,-1942122544.65,9280000000,0,0
kabupaten,13,1303,16,2023,2024,7145978792.64,2006338424.78,-1242317217.42,7910000000,0,1
kabupaten,13,1303,17,2023,2024,6198047289.91,4110273954.05,-1418321243.95,8890000000,0,1
kabupaten,13,1303,1,2024,2025,70662817158.32,16245686173.85,-4478503332.18,82430000000,0,1
kabupaten,13,1303,2,2024,2025,32858592329.47,-23547876649.33,10389284319.86,19700000000,1,0
kabupaten,13,1303,3,2024,2025,7907756780.21,4712212069.75,7400031150.04,20020000000,1,1
kabupaten,13,1303,4,2024,2025,94998185.74,-70927461.22,75929275.48,100000000,1,0
kabupaten,13,1303,5,2024,2025,110494343.7,-98034384.76,77540041.07,90000000,1,0
kabupaten,13,1303,6,2024,2025,35687988648.68,-50509358753.63,8091370104.95,-6730000000,1,0
kabupaten,13,1303,7,2024,2025,35051972426.43,3563445086.3,6074582487.27,44690000000,1,1
kabupaten,13,1303,8,2024,2025,19502251662.27,-19579356389.29,18577104727.02,18500000000,1,0
kabupaten,13,1303,9,2024,2025,1950157791.63,-86808630.38,196650838.75,2060000000,1,0
kabupaten,13,1303,10,2024,2025,13250225672.5,7511734547.84,-5241960220.33,15520000000,0,1
kabupaten,13,1303,11,2024,2025,6080220760.25,7541922432.71,-62143192.96,13560000000,0,1
kabupaten,13,1303,12,2024,2025,3251161314.04,2323132631.78,195706054.17,5770000000,1,1
kabupaten,13,1303,13,2024,2025,50530949.86,27767226.76,1701823.38,80000000,1,1
kabupaten,13,1303,14,2024,2025,12053989652.79,-5024840066.86,6230850414.07,13260000000,1,0
kabupaten,13,1303,15,2024,2025,12008511797.92,3501069654.15,-2939581452.06,12570000000,0,1
kabupaten,13,1303,16,2024,2025,5774676950.09,8085947744.08,-2220624694.17,11640000000,0,1
kabupaten,13,1303,17,2024,2025,5077012969.01,7733039122.8,-1700052091.81,11110000000,0,1
kabupaten,13,1304,1,2021,2022,128662720366.7,-24658655670.3,-11704064696.4,92300000000,0,0
kabupaten,13,1304,2,2021,2022,12087862513.06,-6717008655.83,159146142.76,5530000000,1,0
kabupaten,13,1304,3,2021,2022,48246830975.33,-28930845102.99,16584014127.66,35900000000,1,0
kabupaten,13,1304,4,2021,2022,87618476.92,-22975721.61,-4642755.32,60000000,0,0
kabupaten,13,1304,5,2021,2022,514813041.04,-51884453.52,-102928587.52,360000000,0,0
kabupaten,13,1304,6,2021,2022,41407358821.35,-17520073139.16,13232714317.81,37120000000,1,0
kabupaten,13,1304,7,2021,2022,59301580103.76,16849903219.92,8068516676.32,84220000000,1,1
kabupaten,13,1304,8,2021,2022,37398268611.01,11797946740.4,-13296215351.42,35900000000,0,1
kabupaten,13,1304,9,2021,2022,2693069405.18,7060207747.2,-1063277152.39,8690000000,0,1
kabupaten,13,1304,10,2021,2022,28838248554.43,17578282606.47,893468839.1,47310000000,1,1
kabupaten,13,1304,11,2021,2022,10880384000.22,442941662.18,946674337.6,12270000000,1,1
kabupaten,13,1304,12,2021,2022,6603643318.08,2153650016.83,-1437293334.91,7320000000,0,1
kabupaten,13,1304,13,2021,2022,151261748.72,103036007.1,-34297755.83,220000000,0,1
kabupaten,13,1304,14,2021,2022,26832613667.21,-21361099813.67,-5731513853.53,-260000000,0,0
kabupaten,13,1304,15,2021,2022,13816256846.43,2443335490.77,1710407662.8,17970000000,1,1
kabupaten,13,1304,16,2021,2022,6549154215.52,264821122.78,506024661.7,7320000000,1,1
kabupaten,13,1304,17,2021,2022,7022555538.6,12122314477.68,105129983.71,19250000000,1,1
kabupaten,13,1304,1,2022,2023,140688950403.49,-32820639042.79,-11398311360.7,96470000000,0,0
kabupaten,13,1304,2,2022,2023,13072521442.31,89118887.42,-1671640329.74,11490000000,0,1
kabupaten,13,1304,3,2022,2023,52816074151.02,-17572416619.68,-3183657531.34,32060000000,0,0
kabupaten,13,1304,4,2022,2023,95676269.79,-9678811.09,-15997458.7,70000000,0,0
kabupaten,13,1304,5,2022,2023,562502513.71,-296704226.26,164201712.55,430000000,1,0
kabupaten,13,1304,6,2022,2023,45620479135.85,12191725555.6,687795308.54,58500000000,1,1
kabupaten,13,1304,7,2022,2023,66770943414.76,-173930517.19,6322987102.43,72920000000,1,0
kabupaten,13,1304,8,2022,2023,41313198178.36,10264214219.15,4662587602.49,56240000000,1,1
kabupaten,13,1304,9,2022,2023,3257153010.78,2172980675.25,199866313.97,5630000000,1,1
kabupaten,13,1304,10,2022,2023,32764269260.03,21389382504.6,2276348235.37,56430000000,1,1
kabupaten,13,1304,11,2022,2023,12103741435.13,-4812924524.22,2949183089.09,10240000000,1,0
kabupaten,13,1304,12,2022,2023,7340264930.36,2692508769,-72773699.36,9960000000,0,1
kabupaten,13,1304,13,2022,2023,170553350.5,83479089.1,-4032439.6,250000000,0,1
kabupaten,13,1304,14,2022,2023,28438962338.66,-13906275522.08,-372686816.57,14160000000,0,0
kabupaten,13,1304,15,2022,2023,15480143130.01,-9328745407.14,-361397722.87,5790000000,0,0
kabupaten,13,1304,16,2022,2023,7282489405.12,4204040667.31,303469927.56,11790000000,1,1
kabupaten,13,1304,17,2022,2023,8335852781.25,6193761068.98,386149.76,14530000000,1,1
kabupaten,13,1304,1,2023,2024,137244223849.82,-72727869893.6,-53136353956.22,11380000000,0,0
kabupaten,13,1304,2,2023,2024,12862849233.99,-1186442918.87,2123593684.88,13800000000,1,0
kabupaten,13,1304,3,2023,2024,51341263815.32,-20783350421.24,-4217913394.09,26340000000,0,0
kabupaten,13,1304,4,2023,2024,93525745.31,573867.48,5900387.21,100000000,1,1
kabupaten,13,1304,5,2023,2024,550665603.25,-133004505.4,-127661097.85,290000000,0,0
kabupaten,13,1304,6,2023,2024,45693008056.28,2137605980.5,11389385963.22,59220000000,1,1
kabupaten,13,1304,7,2023,2024,66321990440.86,675117429.4,14922892129.74,81920000000,1,1
kabupaten,13,1304,8,2023,2024,41521497593.57,11337840073.6,2610662332.82,55470000000,1,1
kabupaten,13,1304,9,2023,2024,3325845429.15,757219064.93,696935505.92,4780000000,1,1
kabupaten,13,1304,10,2023,2024,33446379854.5,8279869047.95,2683751097.55,44410000000,1,1
kabupaten,13,1304,11,2023,2024,11892191849.22,4588920084.06,-131111933.28,16350000000,0,1
kabupaten,13,1304,12,2023,2024,7375859830.19,2534109296.2,-59969126.39,9850000000,0,1
kabupaten,13,1304,13,2023,2024,172192260.06,13815532.24,-6007792.3,180000000,0,1
kabupaten,13,1304,14,2023,2024,27509243171.84,36893740077.21,-9322983249.05,55080000000,0,1
kabupaten,13,1304,15,2023,2024,14890260133.58,-3877588765.78,-192671367.8,10820000000,0,0
kabupaten,13,1304,16,2023,2024,7401207929.39,2077997750.82,-1209205680.21,8270000000,0,1
kabupaten,13,1304,17,2023,2024,8516961330.26,5648076351.47,2134962318.28,16300000000,1,1
kabupaten,13,1304,1,2024,2025,106172936863.49,24409615718.77,-80492552582.27,50090000000,0,1
kabupaten,13,1304,2,2024,2025,10379730847.4,-7438560337.49,2798829490.09,5740000000,1,0
kabupaten,13,1304,3,2024,2025,40461815918.53,24111092770.62,-652908689.15,63920000000,0,1
kabupaten,13,1304,4,2024,2025,75459551.79,-56339543.66,50879991.87,70000000,1,0
kabupaten,13,1304,5,2024,2025,434229295.8,-385263176.71,141033880.9,190000000,1,0
kabupaten,13,1304,6,2024,2025,37215707699.47,-52671545879.69,9335838180.22,-6120000000,1,0
kabupaten,13,1304,7,2024,2025,53881488709.56,5477686786.03,-11049175495.59,48310000000,0,1
kabupaten,13,1304,8,2024,2025,33873927548.68,-34007852593.94,13093925045.26,12960000000,1,0
kabupaten,13,1304,9,2024,2025,2724628816.49,-121283158.14,-403345658.35,2200000000,0,0
kabupaten,13,1304,10,2024,2025,27276943607.85,15463673202.47,-2250616810.33,40490000000,0,1
kabupaten,13,1304,11,2024,2025,9717438531.23,12053537287.06,919024181.72,22690000000,1,1
kabupaten,13,1304,12,2024,2025,6017225509.42,4299636832.34,1113137658.24,11430000000,1,1
kabupaten,13,1304,13,2024,2025,138791675.62,76267316.16,-5058991.78,210000000,0,1
kabupaten,13,1304,14,2024,2025,23059967405.47,-9612804681.04,-11257162724.43,2190000000,0,0
kabupaten,13,1304,15,2024,2025,11842096536.37,3452551450.39,-2814647986.77,12480000000,0,1
kabupaten,13,1304,16,2024,2025,5983538209.52,8378404143.64,-2831942353.16,11530000000,0,1
kabupaten,13,1304,17,2024,2025,7114083994.4,10835798566.47,860117439.13,18810000000,1,1
kabupaten,13,1305,1,2021,2022,124448315217.89,-23850950337.14,76052635119.24,176650000000,1,0
kabupaten,13,1305,2,2021,2022,35542587734.05,-19750379291.79,2067791557.74,17860000000,1,0
kabupaten,13,1305,3,2021,2022,72999268663.01,-43773456030.74,15704187367.73,44930000000,1,0
kabupaten,13,1305,4,2021,2022,173493302.57,-45494214.92,12000912.36,140000000,1,0
kabupaten,13,1305,5,2021,2022,333037394.88,-33564540.63,-79472854.25,220000000,0,0
kabupaten,13,1305,6,2021,2022,51350530257.45,-21727177763.9,-5863352493.54,23760000000,0,0
kabupaten,13,1305,7,2021,2022,62125859267.92,17652391627.46,-1338250895.38,78440000000,0,1
kabupaten,13,1305,8,2021,2022,59236193180.68,18687107136.41,251716699682.91,329640000000,1,1
kabupaten,13,1305,9,2021,2022,5104975041.13,13383310606.59,18291714352.28,36780000000,1,1
kabupaten,13,1305,10,2021,2022,29183491508.28,17788724589.42,-2972216097.71,44000000000,0,1
kabupaten,13,1305,11,2021,2022,9553465374.55,388922654.99,3557611970.46,13500000000,1,1
kabupaten,13,1305,12,2021,2022,6154653112.94,2007220581.4,-41873694.34,8120000000,0,1
kabupaten,13,1305,13,2021,2022,495632876.93,337613660.17,-13246537.1,820000000,0,1
kabupaten,13,1305,14,2021,2022,30582335749.33,-24346205501.23,-11936130248.11,-5700000000,0,0
kabupaten,13,1305,15,2021,2022,32176033021.16,5690169508.77,1003797470.07,38870000000,1,1
kabupaten,13,1305,16,2021,2022,4434105210.35,179297155.28,16597634.38,4630000000,1,1
kabupaten,13,1305,17,2021,2022,7733965261.69,13350347825.14,-294313086.84,20790000000,0,1
kabupaten,13,1305,1,2022,2023,140119052622.55,-32687690369.09,10008637746.55,117440000000,1,0
kabupaten,13,1305,2,2022,2023,38511778510.64,262545130.93,-4134323641.57,34640000000,0,1
kabupaten,13,1305,3,2022,2023,79478785741.78,-26443357593.89,14604571852.11,67640000000,1,0
kabupaten,13,1305,4,2022,2023,190428131.18,-19264107.1,-31164024.09,140000000,0,0
kabupaten,13,1305,5,2022,2023,363292502.69,-191626558.62,48334055.93,220000000,1,0
kabupaten,13,1305,6,2022,2023,55545852167.44,14844205896.24,22929941936.33,93320000000,1,1
kabupaten,13,1305,7,2022,2023,69498410410.17,-181035250.49,-2807375159.67,66510000000,0,0
kabupaten,13,1305,8,2022,2023,78045028307.49,19390193076.54,103884778615.97,201320000000,1,1
kabupaten,13,1305,9,2022,2023,7112860463.03,4745281625.01,1991857911.97,13850000000,1,1
kabupaten,13,1305,10,2022,2023,32977345397.1,21528484248.71,-7215829645.82,47290000000,0,1
kabupaten,13,1305,11,2022,2023,10753642961.39,-4276072172.47,3752429211.09,10230000000,1,0
kabupaten,13,1305,12,2022,2023,6901170938.56,2531443135.19,-1212614073.75,8220000000,0,1
kabupaten,13,1305,13,2022,2023,563426922.12,275775093.79,-109202015.91,730000000,0,1
kabupaten,13,1305,14,2022,2023,32163403797.56,-15727478014.51,-3775925783.04,12660000000,0,0
kabupaten,13,1305,15,2022,2023,35913266487.57,-21642288251.95,-220978235.61,14050000000,0,0
kabupaten,13,1305,16,2022,2023,4915541687.2,2837647403.97,166810908.84,7920000000,1,1
kabupaten,13,1305,17,2022,2023,9161349485.84,6807127149.89,-518476635.74,15450000000,0,1
kabupaten,13,1305,1,2023,2024,137621823120.62,-72927965678.1,-4653857442.52,60040000000,0,0
kabupaten,13,1305,2,2023,2024,37928623050.47,-3498458655.78,21109835605.32,55540000000,1,0
kabupaten,13,1305,3,2023,2024,78107108422.78,-31618376411.21,8751267988.43,55240000000,1,0
kabupaten,13,1305,4,2023,2024,186177418.24,1142371.71,-47319789.95,140000000,0,1
kabupaten,13,1305,5,2023,2024,353125243.99,-85291778.06,-17833465.92,250000000,0,0
kabupaten,13,1305,6,2023,2024,56599683290.16,2647841029.56,61032475680.28,120280000000,1,1
kabupaten,13,1305,7,2023,2024,68620800816.33,698517917.55,8360681266.12,77680000000,1,1
kabupaten,13,1305,8,2023,2024,82593721980.68,22553001822.5,-15886723803.18,89260000000,0,1
kabupaten,13,1305,9,2023,2024,7330845102.3,1669066044.04,-2879911146.35,6120000000,0,1
kabupaten,13,1305,10,2023,2024,33248402459.04,8230858455,-3439260914.04,38040000000,0,1
kabupaten,13,1305,11,2023,2024,10615172093.11,4096147878.5,1928680028.39,16640000000,1,1
kabupaten,13,1305,12,2023,2024,6884631149.19,2365338848.32,-239969997.51,9010000000,0,1
kabupaten,13,1305,13,2023,2024,564650761.43,45303724.99,-69954486.42,540000000,0,1
kabupaten,13,1305,14,2023,2024,30965325386.52,41528829385.82,-14544154772.34,57950000000,0,1
kabupaten,13,1305,15,2023,2024,34571748051.61,-9002866347.24,-4438881704.37,21130000000,0,0
kabupaten,13,1305,16,2023,2024,4994012578.04,1402142326.46,-1116154904.5,5280000000,0,1
kabupaten,13,1305,17,2023,2024,9337715300.81,6192364497.41,-240079798.22,15290000000,0,1
kabupaten,13,1305,1,2024,2025,108103219148.17,24853395934.24,-62416615082.41,70540000000,0,1
kabupaten,13,1305,2,2024,2025,31106852734.3,-22292504919,-30774347815.3,-21960000000,0,0
kabupaten,13,1305,3,2024,2025,62066828841,36985464794.19,27706364.8,99080000000,1,1
kabupaten,13,1305,4,2024,2025,148224119.59,-110666960.77,82442841.17,120000000,1,0
kabupaten,13,1305,5,2024,2025,280615208.23,-248971471.06,-181643737.17,-150000000,0,0
kabupaten,13,1305,6,2024,2025,47679656796.64,-67481216554.37,-42278440242.27,-62080000000,0,0
kabupaten,13,1305,7,2024,2025,55510606533.07,5643305765.55,386087701.39,61540000000,1,1
kabupaten,13,1305,8,2024,2025,66671208992.32,-66934802420.31,-34136406572.01,-34400000000,0,0
kabupaten,13,1305,9,2024,2025,5856873961.86,-260710804.58,-2606163157.28,2990000000,0,0
kabupaten,13,1305,10,2024,2025,26909752038.86,15255507269.11,-6215259307.97,35950000000,0,1
kabupaten,13,1305,11,2024,2025,8742864944.91,10844673549.57,2812461505.51,22400000000,1,1
kabupaten,13,1305,12,2024,2025,5610282926.54,4008854092.81,870862980.65,10490000000,1,1
kabupaten,13,1305,13,2024,2025,453431056.75,249164581.43,-112595638.18,590000000,0,1
kabupaten,13,1305,14,2024,2025,25820641632.86,-10763622532.13,-7477019100.73,7580000000,0,0
kabupaten,13,1305,15,2024,2025,27360151238.62,7976824842.77,643023918.6,35980000000,1,1
kabupaten,13,1305,16,2024,2025,4027316703.9,5639219769.01,-1666536472.92,8000000000,0,1
kabupaten,13,1305,17,2024,2025,7712707313.75,11747590121.19,-1030297434.94,18430000000,0,1
kabupaten,13,1306,1,2021,2022,195986404106.52,-37561472671.72,-58424931434.79,100000000000,0,0
kabupaten,13,1306,2,2021,2022,22623875385.07,-12571682266.04,5947806880.97,16000000000,1,0
kabupaten,13,1306,3,2021,2022,71533293847.6,-42894395386.71,59361101539.12,88000000000,1,0
kabupaten,13,1306,4,2021,2022,174365128.21,-45722829.07,-128642299.14,0,0,0
kabupaten,13,1306,5,2021,2022,348730256.42,-35146115.85,-313584140.57,0,0,0
kabupaten,13,1306,6,2021,2022,48168366667.64,-20380756731,16212390063.36,44000000000,1,0
kabupaten,13,1306,7,2021,2022,126501900515.37,35944148150.7,-7446048666.07,155000000000,0,1
kabupaten,13,1306,8,2021,2022,42806638975.22,13504113038.45,-17310752013.67,39000000000,0,1
kabupaten,13,1306,9,2021,2022,4097580512.9,10742303791.47,1160115695.62,16000000000,1,1
kabupaten,13,1306,10,2021,2022,49955609231.78,30450317230.51,6594073537.71,87000000000,1,1
kabupaten,13,1306,11,2021,2022,8195161025.81,333625931.45,-1528786957.26,7000000000,0,1
kabupaten,13,1306,12,2021,2022,12031193846.4,3923740211.53,45065942.08,16000000000,1,1
kabupaten,13,1306,13,2021,2022,261547692.31,178160242.83,-439707935.14,-0,0,1
kabupaten,13,1306,14,2021,2022,24367526667.16,-19398675649.17,-9968851017.99,-5000000000,0,0
kabupaten,13,1306,15,2021,2022,31429314359.61,5558116071.45,6012569568.94,43000000000,1,1
kabupaten,13,1306,16,2021,2022,8195161025.81,331378934.25,1473460039.94,10000000000,1,1
kabupaten,13,1306,17,2021,2022,4751449743.69,8201938411.34,-953388155.03,12000000000,0,1
kabupaten,13,1306,1,2022,2023,212429051192.87,-49556537250.49,-20872513942.38,142000000000,0,0
kabupaten,13,1306,2,2022,2023,24727924801.61,168576900.51,-4896501702.12,20000000000,0,1
kabupaten,13,1306,3,2022,2023,79915106508.37,-26588525715.79,60673419207.42,114000000000,1,0
kabupaten,13,1306,4,2022,2023,184881680.76,-18703016.6,-166178664.16,0,0,0
kabupaten,13,1306,5,2022,2023,369763361.52,-195039754.32,-174723607.2,0,0,0
kabupaten,13,1306,6,2022,2023,53107262798.22,14192511462.17,1700225739.61,69000000000,1,1
kabupaten,13,1306,7,2022,2023,141295824520.58,-368059137.39,-8927765383.19,132000000000,0,0
kabupaten,13,1306,8,2022,2023,47191049013.91,11724559164.22,-915608178.12,58000000000,0,1
kabupaten,13,1306,9,2022,2023,5084246220.89,3391909667.63,523844111.48,9000000000,1,1
kabupaten,13,1306,10,2022,2023,56989778094.17,37204436114.06,-7194214208.23,87000000000,0,1
kabupaten,13,1306,11,2022,2023,9012981937.03,-3583916761.08,-429065175.96,5000000000,0,0
kabupaten,13,1306,12,2022,2023,13496362695.46,4950648955.03,552988349.51,19000000000,1,1
kabupaten,13,1306,13,2022,2023,277322521.14,135738356.26,-413060877.39,0,0,1
kabupaten,13,1306,14,2022,2023,25606112785.22,-12521049650.14,-1085063135.08,12000000000,0,0
kabupaten,13,1306,15,2022,2023,35312401025.1,-21280190765.11,967789740.01,15000000000,1,0
kabupaten,13,1306,16,2022,2023,9151643197.6,5283067099.06,-3434710296.67,11000000000,0,1
kabupaten,13,1306,17,2022,2023,5592670842.98,4155503683.65,251825473.37,10000000000,1,1
kabupaten,13,1306,1,2023,2024,207067748269.44,-109728452191.76,-12339296077.68,85000000000,0,0
kabupaten,13,1306,2,2023,2024,24255508714.55,-2237278540.27,2981769825.72,25000000000,1,0
kabupaten,13,1306,3,2023,2024,80545770380.03,-32605566095.49,16059795715.46,64000000000,1,0
kabupaten,13,1306,4,2023,2024,174814477.22,1072649.5,-175887126.72,0,0,1
kabupaten,13,1306,5,2023,2024,349628954.44,-84447305.01,734818350.57,1000000000,1,0
kabupaten,13,1306,6,2023,2024,53231008314.09,2490247995.5,-17721256309.59,38000000000,0,1
kabupaten,13,1306,7,2023,2024,139370841965.23,1418710203.59,20210447831.18,161000000000,1,1
kabupaten,13,1306,8,2023,2024,47156205230.63,12876450618.82,21967344150.55,82000000000,1,1
kabupaten,13,1306,9,2023,2024,5200730697.35,1184087631.1,-384818328.46,6000000000,0,1
kabupaten,13,1306,10,2023,2024,57688777483.25,14281232383.77,8029990132.98,80000000000,1,1
kabupaten,13,1306,11,2023,2024,8740723861.1,3372841927.21,-113565788.31,12000000000,0,1
kabupaten,13,1306,12,2023,2024,13591825604.01,4669716129.17,-1261541733.18,17000000000,0,1
kabupaten,13,1306,13,2023,2024,262221715.83,21038881.58,-283260597.41,0,0,1
kabupaten,13,1306,14,2023,2024,24736248526.91,33174766675.19,-7911015202.1,50000000000,0,1
kabupaten,13,1306,15,2023,2024,34045119438.98,-8865726419.95,-1179393019.03,24000000000,0,0
kabupaten,13,1306,16,2023,2024,9134056434.85,2564520401.07,301423164.08,12000000000,1,1
kabupaten,13,1306,17,2023,2024,5725174129.02,3796685150.05,5478140720.93,15000000000,1,1
kabupaten,13,1306,1,2024,2025,162473847452.38,37353437682.17,-87827285134.55,112000000000,0,1
kabupaten,13,1306,2,2024,2025,19538633946.17,-14002223146,1463589199.83,7000000000,1,0
kabupaten,13,1306,3,2024,2025,64241680923.01,38281453595.52,-11523134518.53,91000000000,0,1
kabupaten,13,1306,4,2024,2025,134749199.63,-100606327.97,-34142871.66,0,0,0
kabupaten,13,1306,5,2024,2025,303185699.16,-268996787.46,-34188911.7,0,0,0
kabupaten,13,1306,6,2024,2025,42311248683.43,-59883286225.62,1572037542.19,-16000000000,1,0
kabupaten,13,1306,7,2024,2025,112852454689.09,11472778771.09,-8325233460.18,116000000000,0,1
kabupaten,13,1306,8,2024,2025,39110955192.25,-39265585517.79,18154630325.55,18000000000,1,0
kabupaten,13,1306,9,2024,2025,4210912488.4,-187443060.93,-1023469427.47,3000000000,0,0
kabupaten,13,1306,10,2024,2025,47162219870.07,26736908872.88,-7899128742.95,66000000000,0,1
kabupaten,13,1306,11,2024,2025,7141707580.32,8858593582.67,1999698837.01,18000000000,1,1
kabupaten,13,1306,12,2024,2025,11049434369.56,7895425377.94,1055140252.51,20000000000,1,1
kabupaten,13,1306,13,2024,2025,202123799.44,111068907.03,686807293.53,1000000000,1,1
kabupaten,13,1306,14,2024,2025,20751376742.83,-8650442907.57,899066164.74,13000000000,1,0
kabupaten,13,1306,15,2024,2025,27050901825.47,7886663484.38,-3937565309.86,31000000000,0,1
kabupaten,13,1306,16,2024,2025,7444893279.49,10424655532.85,-2869548812.34,15000000000,0,1
kabupaten,13,1306,17,2024,2025,4918345786.45,7491365615.61,-1409711402.06,11000000000,0,1
kabupaten,13,1307,1,2021,2022,161768991346.85,-31003587087.12,-20225404259.74,110540000000,0,0
kabupaten,13,1307,2,2021,2022,37571326000.76,-20877712803.66,36246386802.91,52940000000,1,0
kabupaten,13,1307,3,2021,2022,35703439564.82,-21409295881.47,4015856316.64,18310000000,1,0
kabupaten,13,1307,4,2021,2022,77592482.05,-20346658.94,22754176.88,80000000,1,0
kabupaten,13,1307,5,2021,2022,164775046.16,-16606539.74,101831493.58,250000000,1,0
kabupaten,13,1307,6,2021,2022,24659152344.09,-10433656357.61,4504013.52,14230000000,1,0
kabupaten,13,1307,7,2021,2022,78530566442.61,22313611914.7,1565821642.69,102410000000,1,1
kabupaten,13,1307,8,2021,2022,49858836585.62,15728853779.14,-22717690364.76,42870000000,0,1
kabupaten,13,1307,9,2021,2022,2991669687.24,7843024566.05,-1854694253.29,8980000000,0,1
kabupaten,13,1307,10,2021,2022,34935797087.88,21295028133.7,-4530825221.58,51700000000,0,1
kabupaten,13,1307,11,2021,2022,8314601138.63,338488351.94,176910509.43,8830000000,1,1
kabupaten,13,1307,12,2021,2022,5739228194.99,1871737812.5,-260966007.49,7350000000,0,1
kabupaten,13,1307,13,2021,2022,142107579.49,96800398.61,1092021.9,240000000,1,1
kabupaten,13,1307,14,2021,2022,28026578882.62,-22311600218.02,-12204978664.59,-6490000000,0,0
kabupaten,13,1307,15,2021,2022,15344567195.18,2713609484.48,2351823320.34,20410000000,1,1
kabupaten,13,1307,16,2021,2022,8392629533.5,339363756.45,-31993289.95,8700000000,0,1
kabupaten,13,1307,17,2021,2022,6061803682.17,10463867481.48,1464328836.35,17990000000,1,1
kabupaten,13,1307,1,2022,2023,176635033389.39,-41206325419,-3628707970.39,131800000000,0,0
kabupaten,13,1307,2,2022,2023,42284289206.55,288263348.91,-10952552555.45,31620000000,0,1
kabupaten,13,1307,3,2022,2023,38703131050.23,-12876904507.44,12263773457.21,38090000000,1,0
kabupaten,13,1307,4,2022,2023,85969981.55,-8696902.72,-7273078.84,70000000,0,0
kabupaten,13,1307,5,2022,2023,186268293.37,-98251276.24,81982982.87,170000000,1,0
kabupaten,13,1307,6,2022,2023,26804146076.54,7163203870.44,2812650053.02,36780000000,1,1
kabupaten,13,1307,7,2022,2023,88000444612.19,-229230890.89,16998786278.7,104770000000,1,0
kabupaten,13,1307,8,2022,2023,54847461618.37,13626785633.91,1085752747.73,69560000000,1,1
kabupaten,13,1307,9,2022,2023,3587166810.94,2393146448.22,269686740.84,6250000000,1,1
kabupaten,13,1307,10,2022,2023,39432489280.83,25742573095.18,454937624,65630000000,1,1
kabupaten,13,1307,11,2022,2023,9224209257.3,-3667909066.71,-536300190.59,5020000000,0,0
kabupaten,13,1307,12,2022,2023,6425100610.6,2356814079.59,198085309.81,8980000000,1,1
kabupaten,13,1307,13,2022,2023,161771470.66,79180707.82,-10952178.48,230000000,0,1
kabupaten,13,1307,14,2022,2023,29416986429.87,-14384516335.43,-6492470094.44,8540000000,0,0
kabupaten,13,1307,15,2022,2023,17213408887.13,-10373257388.41,119848501.28,6960000000,1,0
kabupaten,13,1307,16,2022,2023,9300935154.82,5369250466.39,-560185621.2,14110000000,0,1
kabupaten,13,1307,17,2022,2023,7258916990.83,5393569037.34,-542486028.17,12110000000,0,1
kabupaten,13,1307,1,2023,2024,172777014489.96,-91557253762.32,-5509760727.64,75710000000,0,0
kabupaten,13,1307,2,2023,2024,41363727527.88,-3815305670.68,9271578142.8,46820000000,1,0
kabupaten,13,1307,3,2023,2024,38260333521,-15488086184.64,17737752663.65,40510000000,1,0
kabupaten,13,1307,4,2023,2024,84347985.26,517553.38,-4865538.64,80000000,0,1
kabupaten,13,1307,5,2023,2024,183555201.08,-44334835.13,-149220365.95,-10000000,0,0
kabupaten,13,1307,6,2023,2024,26952022025.7,1260866944.85,-4992888970.55,23220000000,0,1
kabupaten,13,1307,7,2023,2024,87787460098.95,893622824.07,18358917076.98,107040000000,1,1
kabupaten,13,1307,8,2023,2024,54900923607.76,14991219677.35,-11692143285.11,58200000000,0,1
kabupaten,13,1307,9,2023,2024,3664985514.96,834433518.86,1000580966.18,5500000000,1,1
kabupaten,13,1307,10,2023,2024,40153574309.31,9940278694.87,-10163853004.18,39930000000,0,1
kabupaten,13,1307,11,2023,2024,8941323473.71,3450248649.44,-4571572123.15,7820000000,0,1
kabupaten,13,1307,12,2023,2024,6467698621.02,2222094179.92,-179792800.94,8510000000,0,1
kabupaten,13,1307,13,2023,2024,163014500.01,13079171.38,3906328.61,180000000,1,1
kabupaten,13,1307,14,2023,2024,28188397415.85,37804580844.23,-11462978260.08,54530000000,0,1
kabupaten,13,1307,15,2023,2024,16580279092.12,-4317688432.86,-1982590659.26,10280000000,0,0
kabupaten,13,1307,16,2023,2024,9411137381.25,2642314943.38,-103452324.63,11950000000,0,1
kabupaten,13,1307,17,2023,2024,7392904241.72,4902650839.56,-1415555081.28,10880000000,0,1
kabupaten,13,1307,1,2024,2025,135729163183.06,31204719517.08,-28303882700.14,138630000000,0,1
kabupaten,13,1307,2,2024,2025,33460921251.81,-23979531390.45,12918610138.64,22400000000,1,0
kabupaten,13,1307,3,2024,2025,30856219222.99,18387142231.44,14946638545.57,64190000000,1,1
kabupaten,13,1307,4,2024,2025,67711472.81,-50554679.8,52843206.99,70000000,1,0
kabupaten,13,1307,5,2024,2025,141149786.61,-125232948.83,24083162.22,40000000,1,0
kabupaten,13,1307,6,2024,2025,21557176956.61,-30509962198.65,4192785242.04,-4760000000,1,0
kabupaten,13,1307,7,2024,2025,71273567905.64,7245796106.61,7900635987.75,86420000000,1,1
kabupaten,13,1307,8,2024,2025,44278923871.01,-44453986443.1,9415062572.09,9240000000,1,0
kabupaten,13,1307,9,2024,2025,3010297119.71,-133999295.4,1173702175.69,4050000000,1,0
kabupaten,13,1307,10,2024,2025,32296014421.02,18309053240.31,-6035067661.33,44570000000,0,1
kabupaten,13,1307,11,2024,2025,7155519373.29,8875725768.37,-1521245141.66,14510000000,0,1
kabupaten,13,1307,12,2024,2025,5272062435.48,3767177047.7,220760516.82,9260000000,1,1
kabupaten,13,1307,13,2024,2025,131717342.64,72379904.41,-4097247.05,200000000,0,1
kabupaten,13,1307,14,2024,2025,23564940031.08,-9823308153.74,-6721631877.34,7020000000,0,0
kabupaten,13,1307,15,2024,2025,13126593281.84,3827045197.17,-3973638479,12980000000,0,1
kabupaten,13,1307,16,2024,2025,7656786395.91,10721357267.25,-1978143663.15,16400000000,0,1
kabupaten,13,1307,17,2024,2025,6065061475.29,9237982639.96,-563044115.25,14740000000,0,1
kabupaten,13,1308,1,2021,2022,133694462053.98,-25623006379.93,13568544325.95,121640000000,1,0
kabupaten,13,1308,2,2021,2022,5145514933.44,-2859270471.45,553755538.01,2840000000,1,0
kabupaten,13,1308,3,2021,2022,11515073066.9,-6904925950.86,2279852883.96,6890000000,1,0
kabupaten,13,1308,4,2021,2022,40975805.13,-10744864.83,19769059.7,50000000,1,0
kabupaten,13,1308,5,2021,2022,285522897.44,-28775882.35,-266747015.09,-10000000,0,0
kabupaten,13,1308,6,2021,2022,12826734743.85,-5427183410.04,4200448666.19,11600000000,1,0
kabupaten,13,1308,7,2021,2022,38953169641.81,11068122256.19,4198708102,54220000000,1,1
kabupaten,13,1308,8,2021,2022,12229534179.73,3858023332.93,-5287557512.66,10800000000,0,1
kabupaten,13,1308,9,2021,2022,2099356143.63,5503716495.72,-3593072639.35,4010000000,0,1
kabupaten,13,1308,10,2021,2022,17469642195.22,10648576905.15,-568219100.37,27550000000,0,1
kabupaten,13,1308,11,2021,2022,6261015841.15,254886662.42,-2325902503.57,4190000000,0,1
kabupaten,13,1308,12,2021,2022,3698284369.31,1206123621.54,-1244407990.85,3660000000,0,1
kabupaten,13,1308,13,2021,2022,139056189.75,94721862.44,-33778052.19,200000000,0,1
kabupaten,13,1308,14,2021,2022,18979208292.69,-15109104455.98,-8950103836.71,-5080000000,0,0
kabupaten,13,1308,15,2021,2022,6935372974.5,1226485807.17,-401858781.67,7760000000,0,1
kabupaten,13,1308,16,2021,2022,3146854651.35,127245985.45,-164100636.79,3110000000,0,1
kabupaten,13,1308,17,2021,2022,2423675282.1,4183741061.2,-1737416343.3,4870000000,0,1
kabupaten,13,1308,1,2022,2023,147380280634.38,-34381626836.03,-358653798.35,112640000000,0,0
kabupaten,13,1308,2,2022,2023,5587124392.56,38088926.61,-355213319.16,5270000000,0,1
kabupaten,13,1308,3,2022,2023,12528044892.48,-4168201211.84,520156319.36,8880000000,1,0
kabupaten,13,1308,4,2022,2023,45758215.99,-4628996.61,8870780.62,50000000,1,0
kabupaten,13,1308,5,2022,2023,302281548.04,-159444999.16,117163451.12,260000000,1,0
kabupaten,13,1308,6,2022,2023,14136515515.09,3777876092.87,1535608392.05,19450000000,1,1
kabupaten,13,1308,7,2022,2023,43808638664.41,-114116392.41,7075477728,50770000000,1,0
kabupaten,13,1308,8,2022,2023,13466319422.33,3345690805.58,407989772.09,17220000000,1,1
kabupaten,13,1308,9,2022,2023,2411319321.31,1608690248.73,-450009570.04,3570000000,0,1
kabupaten,13,1308,10,2022,2023,19796668171.54,12923789158.16,749542670.29,33470000000,1,1
kabupaten,13,1308,11,2022,2023,6832302512.47,-2716792695.5,-405509816.97,3710000000,0,0
kabupaten,13,1308,12,2022,2023,4090507186.81,1500453536.03,-520960722.84,5070000000,0,1
kabupaten,13,1308,13,2022,2023,156687224.44,76692171.28,-23379395.73,210000000,0,1
kabupaten,13,1308,14,2022,2023,19889109011.92,-9725510604.6,6146401592.68,16310000000,1,0
kabupaten,13,1308,15,2022,2023,7712339312.89,-4647660511.87,305321198.98,3370000000,1,0
kabupaten,13,1308,16,2022,2023,3480397640.3,2009166427.07,70435932.63,5560000000,1,1
kabupaten,13,1308,17,2022,2023,2794948808.88,2076721551.66,-61670360.54,4810000000,0,1
kabupaten,13,1308,1,2023,2024,144277884340.85,-76455117064.5,2007232723.66,69830000000,1,0
kabupaten,13,1308,2,2023,2024,5513211575.39,-508527365.51,985315790.12,5990000000,1,0
kabupaten,13,1308,3,2023,2024,12233954152.19,-4952401582.81,-201552569.38,7080000000,0,0
kabupaten,13,1308,4,2023,2024,45451764.08,278888.87,4269347.05,50000000,1,1
kabupaten,13,1308,5,2023,2024,297184611.28,-71780209.26,34595597.98,260000000,1,0
kabupaten,13,1308,6,2023,2024,14216787360.08,665088401.42,78124238.5,14960000000,1,1
kabupaten,13,1308,7,2023,2024,43641997202.28,444248925.12,12943753872.61,57030000000,1,1
kabupaten,13,1308,8,2023,2024,13485625809.1,3682378468.44,81995722.46,17250000000,1,1
kabupaten,13,1308,9,2023,2024,2436039740.09,554630626.54,609329633.38,3600000000,1,1
kabupaten,13,1308,10,2023,2024,20181457322.89,4996051128.92,-927508451.81,24250000000,0,1
kabupaten,13,1308,11,2023,2024,6622409433.36,2555433686.15,2412156880.49,11590000000,1,1
kabupaten,13,1308,12,2023,2024,4089347658.42,1404968933.14,-34316591.55,5460000000,0,1
kabupaten,13,1308,13,2023,2024,157333029.5,12623328.95,43641.55,170000000,1,1
kabupaten,13,1308,14,2023,2024,19518910454.22,26177587089.18,-6276497543.4,39420000000,0,1
kabupaten,13,1308,15,2023,2024,7439667114.37,-1937371769.53,37704655.16,5540000000,1,0
kabupaten,13,1308,16,2023,2024,3533874657.04,992187175.27,-6061832.31,4520000000,0,1
kabupaten,13,1308,17,2023,2024,2852972268.26,1891966462.56,-334938730.82,4410000000,0,1
kabupaten,13,1308,1,2024,2025,113563593590.13,26108759548.98,-5712353139.11,133960000000,0,1
kabupaten,13,1308,2,2024,2025,4451439809.74,-3190092700.88,408652891.15,1670000000,1,0
kabupaten,13,1308,3,2024,2025,9668591946.36,5761489248.27,-1460081194.63,13970000000,0,1
kabupaten,13,1308,4,2024,2025,36719156.9,-27415224.37,30696067.47,40000000,1,0
kabupaten,13,1308,5,2024,2025,237832337.34,-211013035.5,123180698.15,150000000,1,0
kabupaten,13,1308,6,2024,2025,11462440666.42,-16222839945.17,1320399278.75,-3440000000,1,0
kabupaten,13,1308,7,2024,2025,35560987528.03,3615192455.62,1183820016.35,40360000000,1,1
kabupaten,13,1308,8,2024,2025,10975996055.76,-11019391105.43,8843395049.67,8800000000,1,0
kabupaten,13,1308,9,2024,2025,1999004376.49,-88982969.88,-50021406.61,1860000000,0,0
kabupaten,13,1308,10,2024,2025,16373038373.89,9282099871.06,-3215138244.95,22440000000,0,1
kabupaten,13,1308,11,2024,2025,5495072360.86,6816102760.4,-2721175121.26,9590000000,0,1
kabupaten,13,1308,12,2024,2025,3336053309.81,2383792607.25,-549845917.06,5170000000,0,1
kabupaten,13,1308,13,2024,2025,127001120.65,69788296.58,-36789417.23,160000000,0,1
kabupaten,13,1308,14,2024,2025,16373375246.89,-6825424140.9,-7927951105.99,1620000000,0,0
kabupaten,13,1308,15,2024,2025,5921216704.69,1726324832.69,-987541537.38,6660000000,0,1
kabupaten,13,1308,16,2024,2025,2876221666.08,4027407644.32,-1373629310.4,5530000000,0,1
kabupaten,13,1308,17,2024,2025,2347667930.53,3575844313.37,-893512243.9,5030000000,0,1
kabupaten,13,1309,1,2021,2022,63832893873.08,-12233795041.56,2050901168.47,53650000000,1,0
kabupaten,13,1309,2,2021,2022,2115049005.17,-1175294843.06,1420245837.89,2360000000,1,0
kabupaten,13,1309,3,2021,2022,4075784871.88,-2444013387.36,-761771484.52,870000000,0,0
kabupaten,13,1309,4,2021,2022,33129374.36,-8687337.52,15557963.16,40000000,1,0
kabupaten,13,1309,5,2021,2022,6102779.49,-615057.03,-5487722.46,-0,0,0
kabupaten,13,1309,6,2021,2022,17938248477.28,-7589941359.61,17711692882.33,28060000000,1,0
kabupaten,13,1309,7,2021,2022,18659684195.25,5301947642.1,-181631837.35,23780000000,0,1
kabupaten,13,1309,8,2021,2022,8793233415.56,2773981346.35,16152785238.09,27720000000,1,1
kabupaten,13,1309,9,2021,2022,900595887.2,2361021237.57,-601617124.77,2660000000,0,1
kabupaten,13,1309,10,2021,2022,1828654282.09,1114651664.76,146694053.15,3090000000,1,1
kabupaten,13,1309,11,2021,2022,161723656.41,6583788.33,-58307444.74,110000000,0,1
kabupaten,13,1309,12,2021,2022,1268942220.54,413840860.72,-52783081.25,1630000000,0,1
kabupaten,13,1309,13,2021,2022,63643271.8,43352325.76,-56995597.55,50000000,0,1
kabupaten,13,1309,14,2021,2022,9235249015.57,-7352063368.57,-833185647,1050000000,0,0
kabupaten,13,1309,15,2021,2022,1578876235.93,279216316.38,-148092552.31,1710000000,0,1
kabupaten,13,1309,16,2021,2022,976880630.79,39501074.02,23618295.19,1040000000,1,1
kabupaten,13,1309,17,2021,2022,1090653876.95,1882683477.54,-453337354.48,2520000000,0,1
kabupaten,13,1309,1,2022,2023,70162597848.3,-16367890240.7,22995292392.4,76790000000,1,0
kabupaten,13,1309,2,2022,2023,2351694979.26,16032135.88,-727727115.15,1640000000,0,1
kabupaten,13,1309,3,2022,2023,4361821053.32,-1451219879.58,-420601173.74,2490000000,0,0
kabupaten,13,1309,4,2022,2023,36976336.15,-3740603.32,16764267.17,50000000,1,0
kabupaten,13,1309,5,2022,2023,6470858.83,-3413195.7,6942336.87,10000000,1,0
kabupaten,13,1309,6,2022,2023,20317110102.88,5429592918.56,-2216703021.44,23530000000,0,1
kabupaten,13,1309,7,2022,2023,20884234658.61,-54400994.65,-69833663.96,20760000000,0,0
kabupaten,13,1309,8,2022,2023,10604813208.38,2634753040.78,-25219566249.16,-11980000000,0,1
kabupaten,13,1309,9,2022,2023,1077860198.83,719084849.54,403054951.63,2200000000,1,1
kabupaten,13,1309,10,2022,2023,2081767725.35,1359033092.11,-220800817.47,3220000000,0,1
kabupaten,13,1309,11,2022,2023,176562005.13,-70208010.4,33646005.27,140000000,1,0
kabupaten,13,1309,12,2022,2023,1420815716.64,521174482.46,18009800.9,1960000000,1,1
kabupaten,13,1309,13,2022,2023,69792834.49,34160819.66,-13953654.14,90000000,0,1
kabupaten,13,1309,14,2022,2023,9840789662.64,-4812015669.69,-1528773992.94,3500000000,0,0
kabupaten,13,1309,15,2022,2023,1753140537.8,-1056489051.99,-226651485.81,470000000,0,0
kabupaten,13,1309,16,2022,2023,1083868853.45,625696583.2,-49565436.65,1660000000,0,1
kabupaten,13,1309,17,2022,2023,1272910372.03,945806375.6,101283252.37,2320000000,1,1
kabupaten,13,1309,1,2023,2024,69698095032.21,-36934115295.67,9446020263.46,42210000000,1,0
kabupaten,13,1309,2,2023,2024,2295314085.92,-211715079.16,86400993.24,2170000000,1,0
kabupaten,13,1309,3,2023,2024,4233132565.93,-1713605606.08,520473040.15,3040000000,1,0
kabupaten,13,1309,4,2023,2024,37148076.41,227938.02,12623985.57,50000000,1,1
kabupaten,13,1309,5,2023,2024,6555542.9,-1583386.97,-4972155.93,-0,0,0
kabupaten,13,1309,6,2023,2024,20239146100.38,946825818.32,-2995971918.7,18190000000,0,1
kabupaten,13,1309,7,2023,2024,20654330483.78,210248492.39,4275421023.84,25140000000,1,1
kabupaten,13,1309,8,2023,2024,9503789054.17,2595100047.79,1021110898.03,13120000000,1,1
kabupaten,13,1309,9,2023,2024,1115316364.68,253932070.13,310751565.19,1680000000,1,1
kabupaten,13,1309,10,2023,2024,2109136667.68,522130511.24,-381267178.93,2250000000,0,1
kabupaten,13,1309,11,2023,2024,173066332.45,66782270.16,-9848602.61,230000000,0,1
kabupaten,13,1309,12,2023,2024,1429108351.29,490995875.96,-320104227.25,1600000000,0,1
kabupaten,13,1309,13,2023,2024,69925790.89,5610368.42,4463840.69,80000000,1,1
kabupaten,13,1309,14,2023,2024,9457900253.9,12684366176.99,-5322266430.9,16820000000,0,1
kabupaten,13,1309,15,2023,2024,1678218981.33,-437026822.24,-61192159.09,1180000000,0,0
kabupaten,13,1309,16,2023,2024,1097397880.76,308110561.1,-135508441.87,1270000000,0,1
kabupaten,13,1309,17,2023,2024,1304990072.46,865412355.58,609597571.96,2780000000,1,1
kabupaten,13,1309,1,2024,2025,55146109948.07,12678328319.66,-22734438267.73,45090000000,0,1
kabupaten,13,1309,2,2024,2025,1842358431.92,-1320313075.61,487954643.69,1010000000,1,0
kabupaten,13,1309,3,2024,2025,3365361260.73,2005410180.49,919228558.78,6290000000,1,1
kabupaten,13,1309,4,2024,2025,30318569.92,-22636423.79,12317853.88,20000000,1,0
kabupaten,13,1309,5,2024,2025,5053094.99,-4483279.79,-569815.2,0,0,0
kabupaten,13,1309,6,2024,2025,16213360572.33,-22946836646.12,7903476073.79,1170000000,1,0
kabupaten,13,1309,7,2024,2025,16767516655.81,1704615195.68,1937868148.52,20410000000,1,1
kabupaten,13,1309,8,2024,2025,7767617612.6,-7798327914.46,6700710301.86,6670000000,1,0
kabupaten,13,1309,9,2024,2025,916294557.48,-40787610.06,64493052.58,940000000,1,0
kabupaten,13,1309,10,2024,2025,1701545518.31,964629476.55,13825005.14,2680000000,1,1
kabupaten,13,1309,11,2024,2025,141149786.61,175082580.71,3767632.67,320000000,1,1
kabupaten,13,1309,12,2024,2025,1155474386.82,825649666.05,-121124052.86,1860000000,0,1
kabupaten,13,1309,13,2024,2025,56594663.84,31099293.97,-17693957.81,70000000,0,1
kabupaten,13,1309,14,2024,2025,7856888957.35,-3275231817.1,4508342859.74,9090000000,1,0
kabupaten,13,1309,15,2024,2025,1333343330.33,388734919.94,-372078250.27,1350000000,0,1
kabupaten,13,1309,16,2024,2025,888670971.55,1244354809.76,-693025781.31,1440000000,0,1
kabupaten,13,1309,17,2024,2025,1099553468.97,1674782011.6,-4335480.57,2770000000,0,1
kabupaten,13,1310,1,2021,2022,98229902714.8,-18826100836.89,-35313801877.92,44090000000,0,0
kabupaten,13,1310,2,2021,2022,20251637815.79,-11253472345.2,-2058165470.6,6940000000,0,0
kabupaten,13,1310,3,2021,2022,19026286877.31,-11408968162.36,-557318714.94,7060000000,0,0
kabupaten,13,1310,4,2021,2022,54053189.74,-14174077.01,120887.27,40000000,1,0
kabupaten,13,1310,5,2021,2022,41847630.77,-4217533.9,-57630096.87,-20000000,0,0
kabupaten,13,1310,6,2021,2022,44509750365,-18832741425.63,-4867008939.37,20810000000,0,0
kabupaten,13,1310,7,2021,2022,48099056529.18,13666827191.92,2694116278.9,64460000000,1,1
kabupaten,13,1310,8,2021,2022,20447798585.03,6450620513.32,-6338419098.34,20560000000,0,1
kabupaten,13,1310,9,2021,2022,2574937030.82,6750509414.49,-165446445.31,9160000000,0,1
kabupaten,13,1310,10,2021,2022,30305095195.48,18472395324.45,-5067490519.93,43710000000,0,1
kabupaten,13,1310,11,2021,2022,7115840882.19,289686686.44,1894472431.37,9300000000,1,1
kabupaten,13,1310,12,2021,2022,7096660718.09,2314438066.8,-2851098784.89,6560000000,0,1
kabupaten,13,1310,13,2021,2022,61463707.69,41867657.07,-13331364.76,90000000,0,1
kabupaten,13,1310,14,2021,2022,20213277487.59,-16091531124.36,69608253636.77,73730000000,1,0
kabupaten,13,1310,15,2021,2022,9197324600.19,1626500568.54,-1213825168.72,9610000000,0,1
kabupaten,13,1310,16,2021,2022,6316812682.18,255426177.46,-222238859.64,6350000000,0,1
kabupaten,13,1310,17,2021,2022,2493421333.38,4304136487.42,-237557820.8,6560000000,0,1
kabupaten,13,1310,1,2022,2023,106192339794.74,-24773093007.78,-11729246786.96,69690000000,0,0
kabupaten,13,1310,2,2022,2023,21793852527.95,148574542.3,-10912427070.25,11030000000,0,1
kabupaten,13,1310,3,2022,2023,20500142966.83,-6820595032.23,-5859547934.61,7820000000,0,0
kabupaten,13,1310,4,2022,2023,59162137.84,-5984965.31,6822827.47,60000000,1,0
kabupaten,13,1310,5,2022,2023,43447194.98,-22917171.13,-30530023.85,-10000000,0,0
kabupaten,13,1310,6,2022,2023,48156131387.47,12869359305.66,2524509306.87,63550000000,1,1
kabupaten,13,1310,7,2022,2023,53979442127.2,-140610148.77,8201168021.57,62040000000,1,0
kabupaten,13,1310,8,2022,2023,22631366541.79,5622735699.48,-1484102241.27,26770000000,0,1
kabupaten,13,1310,9,2022,2023,3153619269.56,2103909060.2,-767528329.76,4490000000,0,1
kabupaten,13,1310,10,2022,2023,34153192886.74,22296108624.01,1770698489.26,58220000000,1,1
kabupaten,13,1310,11,2022,2023,7974871299.57,-3171123066.44,1926251766.87,6730000000,1,0
kabupaten,13,1310,12,2022,2023,7827890363.36,2871376393.92,-199266757.28,10500000000,0,1
kabupaten,13,1310,13,2022,2023,69330630.28,33934589.06,-3265219.35,100000000,0,1
kabupaten,13,1310,14,2022,2023,24840240422.67,-12146548219.27,-3503692203.4,9190000000,0,0
kabupaten,13,1310,15,2022,2023,10196224693.9,-6144515815.16,448291121.27,4500000000,1,0
kabupaten,13,1310,16,2022,2023,6991300757.93,4035943077.8,-747243835.73,10280000000,0,1
kabupaten,13,1310,17,2022,2023,2947013991.31,2189710040.25,-726724031.56,4410000000,0,1
kabupaten,13,1310,1,2023,2024,103455644656.16,-54822771066.45,2157126410.29,50790000000,1,0
kabupaten,13,1310,2,2023,2024,21089181495.87,-1945222990.29,-38353958505.58,-19210000000,0,0
kabupaten,13,1310,3,2023,2024,19725628573.54,-7985090752.69,-4980537820.85,6760000000,0,0
kabupaten,13,1310,4,2023,2024,58562849.87,359337.58,1077812.55,60000000,1,1
kabupaten,13,1310,5,2023,2024,40644365.95,-9816999.21,-30827366.75,-0,0,0
kabupaten,13,1310,6,2023,2024,48311291888.87,2260094287.08,1168613824.05,51740000000,1,1
kabupaten,13,1310,7,2023,2024,53751518420.02,547157687.83,14141323892.15,68440000000,1,1
kabupaten,13,1310,8,2023,2024,22568986045.55,6162676426.38,-1721662471.93,27010000000,0,1
kabupaten,13,1310,9,2023,2024,3178127195.9,723586996.08,528285808.02,4430000000,1,1
kabupaten,13,1310,10,2023,2024,34837903093.18,8624349683.63,1377747223.18,44840000000,1,1
kabupaten,13,1310,11,2023,2024,7834747832.9,3023246861.45,1602005305.65,12460000000,1,1
kabupaten,13,1310,12,2023,2024,7860532968.29,2700627469.43,-961160437.71,9600000000,0,1
kabupaten,13,1310,13,2023,2024,69925790.89,5610368.42,-5536159.31,70000000,0,1
kabupaten,13,1310,14,2023,2024,23889272384.77,32038853286.21,-9318125670.98,46610000000,0,1
kabupaten,13,1310,15,2023,2024,9837684705.67,-2561842127.25,-335842578.41,6940000000,0,0
kabupaten,13,1310,16,2023,2024,7059882662.61,1982165672.67,-412048335.28,8630000000,0,1
kabupaten,13,1310,17,2023,2024,2979275728.06,1975725394.5,-115001122.55,4840000000,0,1
kabupaten,13,1310,1,2024,2025,81455891175.59,18727060401.3,46517048423.11,146700000000,1,1
kabupaten,13,1310,2,2024,2025,15608673539,-11185844952.53,-20372828586.46,-15950000000,0,0
kabupaten,13,1310,3,2024,2025,15432488960.48,9196180758.6,8011330280.92,32640000000,1,1
kabupaten,13,1310,4,2024,2025,47162219.87,-35212214.79,-11950005.08,-0,0,0
kabupaten,13,1310,5,2024,2025,31329188.91,-27796334.7,-3532854.21,0,0,0
kabupaten,13,1310,6,2024,2025,38981932833.6,-55171291657.41,19739358823.8,3550000000,1,0
kabupaten,13,1310,7,2024,2025,43737905834.5,4446472333.57,12775621831.93,60960000000,1,1
kabupaten,13,1310,8,2024,2025,18306352515.57,-18378729097.4,5932376581.83,5860000000,1,0
kabupaten,13,1310,9,2024,2025,2598975187.84,-115689857.2,-113285330.63,2370000000,0,0
kabupaten,13,1310,10,2024,2025,28364032775.86,16079958951.99,4596008272.15,49040000000,1,1
kabupaten,13,1310,11,2024,2025,6458866011.21,8011595035.87,539538952.92,15010000000,1,1
kabupaten,13,1310,12,2024,2025,6382395840.42,4560571012.51,-1802966852.93,9140000000,0,1
kabupaten,13,1310,13,2024,2025,56257790.85,30914179.12,-17171969.97,70000000,0,1
kabupaten,13,1310,14,2024,2025,19984316923.94,-8330685464.38,-11283631459.56,370000000,0,0
kabupaten,13,1310,15,2024,2025,7816801070.46,2278980566.52,-2625781636.99,7470000000,0,1
kabupaten,13,1310,16,2024,2025,5732567825.21,8026984760.29,-5739552585.5,8020000000,0,1
kabupaten,13,1310,17,2024,2025,2459509766.22,3746195915.04,-1155705681.26,5050000000,0,1
kabupaten,13,1311,1,2021,2022,52869686436.96,-10132658391.88,-18117028045.08,24620000000,0,0
kabupaten,13,1311,2,2021,2022,13886874723.36,-7716687513.47,1809812790.12,7980000000,1,0
kabupaten,13,1311,3,2021,2022,8602739512.99,-5158567294.07,-1094172218.92,2350000000,0,0
kabupaten,13,1311,4,2021,2022,43591282.05,-11430707.27,37839425.22,70000000,1,0
kabupaten,13,1311,5,2021,2022,91541692.31,-9225855.41,-82315836.9,0,0,0
kabupaten,13,1311,6,2021,2022,20481363872.21,-8665971538.51,10034607666.31,21850000000,1,0
kabupaten,13,1311,7,2021,2022,36142403775.09,10269473506.1,10178122718.81,56590000000,1,1
kabupaten,13,1311,8,2021,2022,11324579164.33,3572539232.44,-4157118396.77,10740000000,0,1
kabupaten,13,1311,9,2021,2022,1290737861.56,3383825694.31,-1574563555.88,3100000000,0,1
kabupaten,13,1311,10,2021,2022,12263971292.56,7475473167.22,540555540.23,20280000000,1,1
kabupaten,13,1311,11,2021,2022,1374869035.93,55971073.82,149159890.26,1580000000,1,1
kabupaten,13,1311,12,2021,2022,1448102389.77,472270470.39,-60372860.16,1860000000,0,1
kabupaten,13,1311,13,2021,2022,26154769.23,17816024.28,-3970793.51,40000000,0,1
kabupaten,13,1311,14,2021,2022,8359500159.14,-6654890928.87,-3294609230.27,-1590000000,0,0
kabupaten,13,1311,15,2021,2022,4344307169.32,768268859.47,1717423971.21,6830000000,1,1
kabupaten,13,1311,16,2021,2022,2424547107.74,98038810.23,277414082.03,2800000000,1,1
kabupaten,13,1311,17,2021,2022,1985146984.66,3426754818.83,-1191901803.49,4220000000,0,1
kabupaten,13,1311,1,2022,2023,57196383372.42,-13343065307.09,-8473318065.33,35380000000,0,0
kabupaten,13,1311,2,2022,2023,15093278213.02,102894928.72,-1356173141.73,13840000000,0,1
kabupaten,13,1311,3,2022,2023,9230217911.93,-3070982409.16,-649235502.76,5510000000,0,0
kabupaten,13,1311,4,2022,2023,49455849.6,-5003056.94,445547207.34,490000000,1,0
kabupaten,13,1311,5,2022,2023,97062882.4,-51197935.51,104135053.11,150000000,1,0
kabupaten,13,1311,6,2022,2023,22726580607.38,6073505557.83,3819913834.79,32620000000,1,1
kabupaten,13,1311,7,2022,2023,40937888366.41,-106638422.83,838750056.41,41670000000,1,0
kabupaten,13,1311,8,2022,2023,12504010273.98,3106606259.25,729383466.77,16340000000,1,1
kabupaten,13,1311,9,2022,2023,1511869944.41,1008630592.98,259499462.61,2780000000,1,1
kabupaten,13,1311,10,2022,2023,13941003137.68,9101055977.88,947940884.44,23990000000,1,1
kabupaten,13,1311,11,2022,2023,1530820316.69,-608714477.57,207894160.88,1130000000,1,0
kabupaten,13,1311,12,2022,2023,1621412340.26,594756045.69,-26168385.96,2190000000,0,1
kabupaten,13,1311,13,2022,2023,29581068.92,14478758,-4059826.92,40000000,0,1
kabupaten,13,1311,14,2022,2023,8790199511.72,-4298291015.28,-991908496.44,3500000000,0,0
kabupaten,13,1311,15,2022,2023,4922012546.02,-2966135490.28,304122944.26,2260000000,1,0
kabupaten,13,1311,16,2022,2023,2700196947.5,1558771615.79,61031436.71,4320000000,1,1
kabupaten,13,1311,17,2022,2023,2299928108.65,1708907961.15,1041163930.2,5050000000,1,1
kabupaten,13,1311,1,2023,2024,55628151833,-29478231399.81,360079566.81,26510000000,1,0
kabupaten,13,1311,2,2023,2024,14876274975.4,-1372157193.38,135882217.98,13640000000,1,0
kabupaten,13,1311,3,2023,2024,8968419717.68,-3630487367.58,-2857932350.1,2480000000,0,0
kabupaten,13,1311,4,2023,2024,68177646.12,418333.3,21404020.58,90000000,1,1
kabupaten,13,1311,5,2023,2024,98333143.44,-23750804.54,-4582338.9,70000000,0,0
kabupaten,13,1311,6,2023,2024,22914681674.26,1071992470.44,503325855.3,24490000000,1,1
kabupaten,13,1311,7,2023,2024,40529862471.53,412569290.88,6217568237.59,47160000000,1,1
kabupaten,13,1311,8,2023,2024,12537257270.17,3423417413.36,189325316.47,16150000000,1,1
kabupaten,13,1311,9,2023,2024,1551041449.15,353136722.92,575821827.92,2480000000,1,1
kabupaten,13,1311,10,2023,2024,14230335482.06,3522812179.15,-1133147661.21,16620000000,0,1
kabupaten,13,1311,11,2023,2024,1496848961.21,577599180.03,-494448141.25,1580000000,0,1
kabupaten,13,1311,12,2023,2024,1628833891.52,559615177.28,-98449068.8,2090000000,0,1
kabupaten,13,1311,13,2023,2024,29718461.13,2384406.58,-2102867.71,30000000,0,1
kabupaten,13,1311,14,2023,2024,8464516987.09,11352100370.41,-4366617357.5,15450000000,0,1
kabupaten,13,1311,15,2023,2024,4752768599.47,-1237673617.68,424905018.2,3940000000,1,0
kabupaten,13,1311,16,2023,2024,2741965075.23,769846937.62,58187987.15,3570000000,1,1
kabupaten,13,1311,17,2023,2024,2395395374.13,1588521473.85,316083152.02,4300000000,1,1
kabupaten,13,1311,1,2024,2025,43771930007.41,10063355336.24,13844714656.35,67680000000,1,1
kabupaten,13,1311,2,2024,2025,11926314786.14,-8546908724.79,15280593938.65,18660000000,1,0
kabupaten,13,1311,3,2024,2025,6996515317.72,4169205609.47,1654279072.81,12820000000,1,1
kabupaten,13,1311,4,2024,2025,55584044.85,-41500110.29,25916065.44,40000000,1,0
kabupaten,13,1311,5,2024,2025,78154535.78,-69341394.1,81186858.32,90000000,1,0
kabupaten,13,1311,6,2024,2025,18487927062.07,-26166040058.51,7848112996.44,170000000,1,0
kabupaten,13,1311,7,2024,2025,32829621251.55,3337516962.26,5652861786.18,41820000000,1,1
kabupaten,13,1311,8,2024,2025,10207925617.88,-10248283999.66,8190358381.78,8150000000,1,0
kabupaten,13,1311,9,2024,2025,1279106777.48,-56937704.19,37830926.71,1260000000,1,0
kabupaten,13,1311,10,2024,2025,11528804647.24,6535837373.98,-1214642021.21,16850000000,0,1
kabupaten,13,1311,11,2024,2025,1207015955.67,1497185887.11,455798157.22,3160000000,1,1
kabupaten,13,1311,12,2024,2025,1325932124.35,947451045.35,-43383169.7,2230000000,0,1
kabupaten,13,1311,13,2024,2025,23917982.93,13143154,-7061136.93,30000000,0,1
kabupaten,13,1311,14,2024,2025,7045025029.59,-2936797281.27,-11128227748.32,-7020000000,0,0
kabupaten,13,1311,15,2024,2025,3796221826.54,1106784692.47,-413006519.01,4490000000,0,1
kabupaten,13,1311,16,2024,2025,2233804856.85,3127868363.72,-1941673220.57,3420000000,0,1
kabupaten,13,1311,17,2024,2025,1991256297.51,3032976859.85,-94233157.37,4930000000,0,1
kabupaten,13,1312,1,2021,2022,218441581230.05,-41865085086.62,-40406496143.42,136170000000,0,0
kabupaten,13,1312,2,2021,2022,7593601333.49,-4219628228.79,3956026895.31,7330000000,1,0
kabupaten,13,1312,3,2021,2022,72742516011.72,-43619496256.93,7266980245.21,36390000000,1,0
kabupaten,13,1312,4,2021,2022,95464907.69,-25033248.92,39568341.22,110000000,1,0
kabupaten,13,1312,5,2021,2022,62335533.33,-6282368.21,-66053165.13,-10000000,0,0
kabupaten,13,1312,6,2021,2022,31449802262.17,-13306881953.58,27897079691.41,46040000000,1,0
kabupaten,13,1312,7,2021,2022,59762339955.05,16980823153.05,22586836891.89,99330000000,1,1
kabupaten,13,1312,8,2021,2022,24057592651.77,7589394037.46,-6696986689.23,24950000000,0,1
kabupaten,13,1312,9,2021,2022,2503883241.08,6564233295.56,-698116536.63,8370000000,0,1
kabupaten,13,1312,10,2021,2022,36837248811,22454053297.39,13188697891.61,72480000000,1,1
kabupaten,13,1312,11,2021,2022,9021215820.69,367254715.5,2541529463.8,11930000000,1,1
kabupaten,13,1312,12,2021,2022,7060044041.17,2302496248.76,1417459710.07,10780000000,1,1
kabupaten,13,1312,13,2021,2022,265470907.7,180832646.47,43696445.83,490000000,1,1
kabupaten,13,1312,14,2021,2022,17477924538.81,-13913951702.21,-9793972836.61,-6230000000,0,0
kabupaten,13,1312,15,2021,2022,12144531179.73,2147699219.84,3997769600.43,18290000000,1,1
kabupaten,13,1312,16,2021,2022,6586206805.26,266319378.6,1387473816.14,8240000000,1,1
kabupaten,13,1312,17,2021,2022,2869178184.67,4952766846.19,158054969.14,7980000000,1,1
kabupaten,13,1312,1,2022,2023,237910368843.57,-55500949562.54,14340580718.97,196750000000,1,0
kabupaten,13,1312,2,2022,2023,8390392877.08,57199560.28,-327592437.36,8120000000,0,1
kabupaten,13,1312,3,2022,2023,78811825078.44,-26221453356.71,-21140371721.72,31450000000,0,0
kabupaten,13,1312,4,2022,2023,106306966.44,-10754234.54,-15552731.89,80000000,0,0
kabupaten,13,1312,5,2022,2023,65632996.67,-34619556.39,18986559.72,50000000,1,0
kabupaten,13,1312,6,2022,2023,35474634699.96,9480325911.51,-334960611.48,44620000000,0,1
kabupaten,13,1312,7,2022,2023,67957883805.24,-177022358.43,9199138553.19,76980000000,1,0
kabupaten,13,1312,8,2022,2023,26661787182.35,6624088842.59,2414123975.05,35700000000,1,1
kabupaten,13,1312,9,2022,2023,3041765852.7,2029287047.51,238947099.79,5310000000,1,1
kabupaten,13,1312,10,2022,2023,42409084341.06,27685773164.72,2145142494.22,72240000000,1,1
kabupaten,13,1312,11,2022,2023,10116725571.17,-4022808721.36,2056083150.19,8150000000,1,0
kabupaten,13,1312,12,2022,2023,7984115383.61,2928681851,337202765.39,11250000000,1,1
kabupaten,13,1312,13,2022,2023,304130364.85,148859730.69,7009904.46,460000000,1,1
kabupaten,13,1312,14,2022,2023,18244124257.36,-8921134869.86,2127010612.49,11450000000,1,0
kabupaten,13,1312,15,2022,2023,13722380550.19,-8269470989.86,887090439.68,6340000000,1,0
kabupaten,13,1312,16,2022,2023,7364299548.86,4251268085.32,-395567634.18,11220000000,0,1
kabupaten,13,1312,17,2022,2023,3411067010.02,2534513816.97,144419173.01,6090000000,1,1
kabupaten,13,1312,1,2023,2024,233554326749.54,-123764106149.3,73919779399.77,183710000000,1,0
kabupaten,13,1312,2,2023,2024,8288391401.29,-764504279.57,1776112878.28,9300000000,1,0
kabupaten,13,1312,3,2023,2024,75894831213.54,-30722829066.8,-892002146.74,44280000000,0,0
kabupaten,13,1312,4,2023,2024,104014613.95,638226.45,5347159.6,110000000,1,1
kabupaten,13,1312,5,2023,2024,64244320.38,-15517192.3,-28727128.08,20000000,0,0
kabupaten,13,1312,6,2023,2024,35493020346.57,1660431120.35,286548533.08,37440000000,1,1
kabupaten,13,1312,7,2023,2024,67621736079.01,688348047.6,7079915873.39,75390000000,1,1
kabupaten,13,1312,8,2023,2024,26770214969.39,7309861966.68,-790076936.07,33290000000,0,1
kabupaten,13,1312,9,2023,2024,3108201405.01,707666490.12,1234132104.87,5050000000,1,1
kabupaten,13,1312,10,2023,2024,43256968316.19,10708544082.43,-6065512398.62,47900000000,0,1
kabupaten,13,1312,11,2023,2024,9922032690.93,3828681513.67,-960714204.6,12790000000,0,1
kabupaten,13,1312,12,2023,2024,8041028916.02,2762640098.41,-213669014.43,10590000000,0,1
kabupaten,13,1312,13,2023,2024,307673479.91,24685621.05,7640899.04,340000000,1,1
kabupaten,13,1312,14,2023,2024,17751099053.31,23806704912.48,-7957803965.79,33600000000,0,1
kabupaten,13,1312,15,2023,2024,13252248482.01,-3451032377.82,-1921216104.19,7880000000,0,0
kabupaten,13,1312,16,2023,2024,7453652272.55,2092722269.87,353625457.58,9900000000,1,1
kabupaten,13,1312,17,2023,2024,3491482146.32,2315398294.94,73119558.74,5880000000,1,1
kabupaten,13,1312,1,2024,2025,186215308934.97,42811701986.73,37312989078.3,266340000000,1,1
kabupaten,13,1312,2,2024,2025,6702088316.54,-4803003956.72,-3389084359.82,-1490000000,0,0
kabupaten,13,1312,3,2024,2025,59992364912.72,35749297037.29,-1801661950.01,93940000000,0,1
kabupaten,13,1312,4,2024,2025,83881376.77,-62627439.16,28746062.39,50000000,1,0
kabupaten,13,1312,5,2024,2025,50194076.86,-44533912.59,-35660164.27,-30000000,0,0
kabupaten,13,1312,6,2024,2025,28619719382.15,-40505607865.21,-3034111516.94,-14920000000,0,0
kabupaten,13,1312,7,2024,2025,54663370940.4,5557174307.01,-4230545247.41,55990000000,0,1
kabupaten,13,1312,8,2024,2025,21756268899.06,-21842285180.84,8266016281.78,8180000000,1,0
kabupaten,13,1312,9,2024,2025,2565961633.93,-114220303.61,-131741330.32,2320000000,0,0
kabupaten,13,1312,10,2024,2025,34956637367.69,19817396856.58,-7404034224.28,47370000000,0,1
kabupaten,13,1312,11,2024,2025,8078888263.74,10021075061.3,-1409963325.04,16690000000,0,1
kabupaten,13,1312,12,2024,2025,6554874815.94,4683816676.95,-3368691492.89,7870000000,0,1
kabupaten,13,1312,13,2024,2025,248612273.32,136614755.64,-85227028.96,300000000,0,1
kabupaten,13,1312,14,2024,2025,14814663880.19,-6175657917.96,-4419005962.23,4220000000,0,0
kabupaten,13,1312,15,2024,2025,10480455874.13,3055566471.52,-4156022345.64,9380000000,0,1
kabupaten,13,1312,16,2024,2025,6078873268.25,8511896338.93,-3180769607.18,11410000000,0,1
kabupaten,13,1312,17,2024,2025,2889359713.04,4400920745.55,-1430280458.59,5860000000,0,1
kabupaten,13,1371,1,2021,2022,93449682724.96,-17909955131.11,-25659727593.85,49880000000,0,0
kabupaten,13,1371,2,2021,2022,57599776452.44,-32007163928.82,17837387476.37,43430000000,1,0
kabupaten,13,1371,3,2021,2022,247908851984.49,-148656656850.51,-75482195133.98,23770000000,0,0
kabupaten,13,1371,4,2021,2022,1869194174.4,-490148727.63,120954553.23,1500000000,1,0
kabupaten,13,1371,5,2021,2022,3310321959.04,-333624504.66,-1626697454.38,1350000000,0,0
kabupaten,13,1371,6,2021,2022,188784688398.68,-79877626645.27,100632938246.59,209540000000,1,0
kabupaten,13,1371,7,2021,2022,343963549724.89,97733526052.83,115222924222.29,556920000000,1,1
kabupaten,13,1371,8,2021,2022,317800062237.18,100255662832.15,-170735725069.33,247320000000,0,1
kabupaten,13,1371,9,2021,2022,18250362056.78,47845535408.26,-605897465.04,65490000000,0,1
kabupaten,13,1371,10,2021,2022,217693990742.85,132694830054.81,5261179202.34,355650000000,1,1
kabupaten,13,1371,11,2021,2022,97566007489.15,3971923190.31,-25747930679.46,75790000000,0,1
kabupaten,13,1371,12,2021,2022,58973773662.73,19233150932.5,-626924595.23,77580000000,0,1
kabupaten,13,1371,13,2021,2022,27592845626.2,18795608684.98,-5938454311.18,40450000000,0,1
kabupaten,13,1371,14,2021,2022,113428875027.93,-90299273536.13,-46919601491.8,-23790000000,0,0
kabupaten,13,1371,15,2021,2022,101585995520,17964972059.96,-57080967579.96,62470000000,0,1
kabupaten,13,1371,16,2021,2022,37080488164.85,1499383918.27,-319872083.12,38260000000,0,1
kabupaten,13,1371,17,2021,2022,44628754565,77038023353.52,2043222081.48,123710000000,1,1
kabupaten,13,1371,1,2022,2023,101391424749.62,-23653110952.9,8491686203.29,86230000000,1,0
kabupaten,13,1371,2,2022,2023,63081167271,430041248.7,-2951208519.7,60560000000,0,1
kabupaten,13,1371,3,2022,2023,263959735458.41,-87821946573.18,-134097788885.23,42040000000,0,0
kabupaten,13,1371,4,2022,2023,2051262248.03,-207509969.15,196247721.12,2040000000,1,0
kabupaten,13,1371,5,2022,2023,3572376276.48,-1884327826.45,661951549.97,2350000000,1,0
kabupaten,13,1371,6,2022,2023,209855960400.9,56082406933.88,37451632665.23,303390000000,1,1
kabupaten,13,1371,7,2022,2023,390450234983.75,-1017077306.93,30856842323.17,420290000000,1,0
kabupaten,13,1371,8,2022,2023,348398896694.97,86559285339.14,-65598182034.11,369360000000,0,1
kabupaten,13,1371,9,2022,2023,22378078639.15,14929336224.34,4012585136.51,41320000000,1,1
kabupaten,13,1371,10,2022,2023,247262146460.6,161419276211.58,-4981422672.18,403700000000,0,1
kabupaten,13,1371,11,2022,2023,106953590115.27,-42528961774.17,-51804628341.1,12620000000,0,0
kabupaten,13,1371,12,2022,2023,66116462264.87,24252415425.41,2691122309.72,93060000000,1,1
kabupaten,13,1371,13,2022,2023,31126679772.7,15235273106.1,-2771952878.8,43590000000,0,1
kabupaten,13,1371,14,2022,2023,119170571579.87,-58272829464.7,7382257884.83,68280000000,1,0
kabupaten,13,1371,15,2022,2023,110600381268.26,-66650727329.75,-2839653938.5,41110000000,0,0
kabupaten,13,1371,16,2022,2023,41085331506.82,23717769415.94,-1253100922.76,63550000000,0,1
kabupaten,13,1371,17,2022,2023,53038394372.13,39408942413.48,-5727336785.61,86720000000,0,1
kabupaten,13,1371,1,2023,2024,99639007582.21,-52800275133.59,14611267551.38,61450000000,1,0
kabupaten,13,1371,2,2023,2024,62292953777.09,-5745774715.99,4692820938.91,61240000000,1,0
kabupaten,13,1371,3,2023,2024,251423862611.17,-101778371870.71,-47405490740.45,102240000000,0,0
kabupaten,13,1371,4,2023,2024,2028722008.16,12448097.39,118829894.45,2160000000,1,1
kabupaten,13,1371,5,2023,2024,3480556241.49,-840672921.42,-319883320.07,2320000000,0,0
kabupaten,13,1371,6,2023,2024,211688094902.42,9903172430.83,-8561267333.24,213030000000,0,1
kabupaten,13,1371,7,2023,2024,387557577494.43,3945099863.91,2307322641.66,393810000000,1,1
kabupaten,13,1371,8,2023,2024,345570199319.07,94361231678.93,-1861430997.99,438070000000,0,1
kabupaten,13,1371,9,2023,2024,22965377872.65,5228692171.36,-6744070044.02,21450000000,0,1
kabupaten,13,1371,10,2023,2024,251441344058.89,62245941447.34,-6777285506.23,306910000000,0,1
kabupaten,13,1371,11,2023,2024,101681277712.36,39236438781.3,-10877716493.66,130040000000,0,1
kabupaten,13,1371,12,2023,2024,66583338084.31,22875903270.44,3260758645.25,92720000000,1,1
kabupaten,13,1371,13,2023,2024,31336806150.62,2514251542.81,3748942306.57,37600000000,1,1
kabupaten,13,1371,14,2023,2024,115665561817.73,155123685043.99,-60699246861.72,210090000000,0,1
kabupaten,13,1371,15,2023,2024,106374609389.58,-27701127222.27,66517832.7,78740000000,1,0
kabupaten,13,1371,16,2023,2024,41625512207.52,11686973473.68,-3152485681.2,50160000000,0,1
kabupaten,13,1371,17,2023,2024,53940318055.42,35770860402.66,3628821541.92,93340000000,1,1
kabupaten,13,1371,1,2024,2025,78873085891.7,18133262336.39,-23926348228.09,73080000000,0,1
kabupaten,13,1371,2,2024,2025,50079203169.03,-35888905011.41,19699701842.38,33890000000,1,0
kabupaten,13,1371,3,2024,2025,197244867797.59,117537712977.91,-17272580775.5,297510000000,0,1
kabupaten,13,1371,4,2024,2025,1636529029.49,-1221863853.19,155334823.7,570000000,1,0
kabupaten,13,1371,5,2024,2025,2761011100.39,-2449664077.81,-511347022.59,-200000000,0,0
kabupaten,13,1371,6,2024,2025,170348253805.69,-241094592055.26,-3883661750.43,-74630000000,0,0
kabupaten,13,1371,7,2024,2025,312000654931.43,31718534615.18,43810810453.39,387530000000,1,1
kabupaten,13,1371,8,2024,2025,281127255185.49,-282238728908.79,84131473723.3,83020000000,1,0
kabupaten,13,1371,9,2024,2025,18424594938.24,-820145866.51,-4414449071.73,13190000000,0,0
kabupaten,13,1371,10,2024,2025,204153122389.55,115737203305.58,43909674304.87,363800000000,1,1
kabupaten,13,1371,11,2024,2025,82757905317,102653131721.03,6198962961.97,191610000000,1,1
kabupaten,13,1371,12,2024,2025,54446761602,38905189978.16,15108048419.85,108460000000,1,1
kabupaten,13,1371,13,2024,2025,25421447128.96,13969321551.77,6829231319.27,46220000000,1,1
kabupaten,13,1371,14,2024,2025,96233835898.87,-40116148125.32,34372312226.45,90490000000,1,0
kabupaten,13,1371,15,2024,2025,84647425968.79,24678872731.95,10673701299.26,120000000000,1,1
kabupaten,13,1371,16,2024,2025,33775223759.95,47293501736.61,-15608725496.55,65460000000,0,1
kabupaten,13,1371,17,2024,2025,44722248737.79,68118577056.96,20919174205.25,133760000000,1,1
kabupaten,13,1372,1,2021,2022,6568770292.44,-1258927561.59,-69842730.85,5240000000,0,0
kabupaten,13,1372,2,2021,2022,728846235.91,-405006796.7,436160560.79,760000000,1,0
kabupaten,13,1372,3,2021,2022,6186474748.84,-3709672512.66,413197763.82,2890000000,1,0
kabupaten,13,1372,4,2021,2022,64515097.44,-16917446.76,2402349.32,50000000,1,0
kabupaten,13,1372,5,2021,2022,241931615.39,-24382617.87,92451002.48,310000000,1,0
kabupaten,13,1372,6,2021,2022,15577344641.34,-6591007617.94,3143662976.6,12130000000,1,0
kabupaten,13,1372,7,2021,2022,32648126605.79,9276612404.88,795260989.34,42720000000,1,1
kabupaten,13,1372,8,2021,2022,20078144513.23,6334006584.02,-9912151097.25,16500000000,0,1
kabupaten,13,1372,9,2021,2022,2503011415.44,6561947699,-1004959114.44,8060000000,0,1
kabupaten,13,1372,10,2021,2022,11780543974.6,7180801249.17,-2701345223.76,16260000000,0,1
kabupaten,13,1372,11,2021,2022,5487706497.55,223405151.65,1058888350.8,6770000000,1,1
kabupaten,13,1372,12,2021,2022,3233165389.81,1054434099.6,-297599489.41,3990000000,0,1
kabupaten,13,1372,13,2021,2022,20051989.74,13658951.95,-3710941.69,30000000,0,1
kabupaten,13,1372,14,2021,2022,10334621148.93,-8227259432.74,-4377361716.18,-2270000000,0,0
kabupaten,13,1372,15,2021,2022,6955424964.24,1230031900.64,2854543135.12,11040000000,1,1
kabupaten,13,1372,16,2021,2022,2129870041.07,86123269.83,-25993310.9,2190000000,0,1
kabupaten,13,1372,17,2021,2022,3470737876.99,5991177397.35,-1121915274.34,8340000000,0,1
kabupaten,13,1372,1,2022,2023,7207150120.21,-1681320899.36,-2655829220.85,2870000000,0,0
kabupaten,13,1372,2,2022,2023,807932944.92,5507895.74,-153440840.66,660000000,0,1
kabupaten,13,1372,3,2022,2023,6693179047.7,-2226885141.07,273706093.36,4740000000,1,0
kabupaten,13,1372,4,2022,2023,70717242.89,-7153903.85,-3563339.04,60000000,0,0
kabupaten,13,1372,5,2022,2023,270851662.31,-142866620.04,2014957.73,130000000,1,0
kabupaten,13,1372,6,2022,2023,17077520851.77,4563837367.31,758641780.92,22400000000,1,1
kabupaten,13,1372,7,2022,2023,36591782255.96,-95317323.48,693535067.53,37190000000,1,0
kabupaten,13,1372,8,2022,2023,22051762472.61,5478733768.12,-1080496240.73,26450000000,0,1
kabupaten,13,1372,9,2022,2023,3026513114.04,2019111318.51,244375567.45,5290000000,1,1
kabupaten,13,1372,10,2022,2023,13242612588.61,8645128135.47,-197740724.09,21690000000,0,1
kabupaten,13,1372,11,2022,2023,6131600942.39,-2438166141.15,2026565198.76,5720000000,1,0
kabupaten,13,1372,12,2022,2023,3612588042.04,1325146309.33,-227734351.38,4710000000,0,1
kabupaten,13,1372,13,2022,2023,22648005.89,11085299.09,-3733304.99,30000000,0,1
kabupaten,13,1372,14,2022,2023,10853016864.79,-5306981350.81,-3246035513.98,2300000000,0,0
kabupaten,13,1372,15,2022,2023,7885203684.4,-4751833173.47,-183370510.93,2950000000,0,0
kabupaten,13,1372,16,2022,2023,2359552450.7,1362124118.22,-21676568.91,3700000000,0,1
kabupaten,13,1372,17,2022,2023,4065548159.91,3020810776.98,-256358936.88,6830000000,0,1
kabupaten,13,1372,1,2023,2024,6940134745.71,-3677686409.47,-1132448336.25,2130000000,0,0
kabupaten,13,1372,2,2023,2024,792783654.2,-73124743.64,-39658910.56,680000000,0,0
kabupaten,13,1372,3,2023,2024,6535876267.14,-2645774503.3,309898236.16,4200000000,1,0
kabupaten,13,1372,4,2023,2024,69488754.7,426378.17,84867.13,70000000,1,1
kabupaten,13,1372,5,2023,2024,261784679.64,-63229919.63,-58554760.01,140000000,0,0
kabupaten,13,1372,6,2023,2024,17126574333.44,801213780.36,-2267788113.8,15660000000,0,1
kabupaten,13,1372,7,2023,2024,36224618933.75,368744536.36,176636529.89,36770000000,1,1
kabupaten,13,1372,8,2023,2024,22006957501.28,6009209183.6,-6646166684.88,21370000000,0,1
kabupaten,13,1372,9,2023,2024,3092905138.25,704183879.44,722910982.31,4520000000,1,1
kabupaten,13,1372,10,2023,2024,13469455469.95,3334451379.3,-1643906849.25,15160000000,0,1
kabupaten,13,1372,11,2023,2024,6047706839.49,2333669329.43,1568623831.07,9950000000,1,1
kabupaten,13,1372,12,2023,2024,3621718931.85,1244306674.03,-316025605.88,4550000000,0,1
kabupaten,13,1372,13,2023,2024,22725882.04,1823369.74,5450748.22,30000000,1,1
kabupaten,13,1372,14,2023,2024,10362565173.53,13897648279.78,-7380213453.3,16880000000,0,1
kabupaten,13,1372,15,2023,2024,7584763130.47,-1975156380.21,-569606750.26,5040000000,0,0
kabupaten,13,1372,16,2023,2024,2392773156.98,671806181.62,-464579338.6,2600000000,0,1
kabupaten,13,1372,17,2023,2024,4142666073.97,2747235002.85,-179901076.82,6710000000,0,1
kabupaten,13,1372,1,2024,2025,5421297174.06,1246379582.46,-3357676756.52,3310000000,0,1
kabupaten,13,1372,2,2024,2025,633994984.25,-454347999.32,160353015.07,340000000,1,0
kabupaten,13,1372,3,2024,2025,5179422360.73,3086404557.06,1524173082.21,9790000000,1,1
kabupaten,13,1372,4,2024,2025,55920917.85,-41751626.11,-14169291.74,-0,0,0
kabupaten,13,1372,5,2024,2025,206503148.43,-183216700.79,-43286447.64,-20000000,0,0
kabupaten,13,1372,6,2024,2025,13728922204.18,-19430600691.39,7481678487.22,1780000000,1,0
kabupaten,13,1372,7,2024,2025,29161074291.66,2964566034.45,3754359673.89,35880000000,1,1
kabupaten,13,1372,8,2024,2025,17683137467.28,-17753050086.13,7469912618.85,7400000000,1,0
kabupaten,13,1372,9,2024,2025,2536316810.01,-112900704.46,1656583894.45,4080000000,1,0
kabupaten,13,1372,10,2024,2025,10893125297.99,6175462037.95,281412664.06,17350000000,1,1
kabupaten,13,1372,11,2024,2025,4996837195.23,6198090500.55,1625072304.21,12820000000,1,1
kabupaten,13,1372,12,2024,2025,2944943757.89,2104323434.57,-369267192.46,4680000000,0,1
kabupaten,13,1372,13,2024,2025,18528014.95,10181316.48,-8709331.43,20000000,0,1
kabupaten,13,1372,14,2024,2025,8556237303.43,-3566762977.43,240525674,5230000000,1,0
kabupaten,13,1372,15,2024,2025,6016214890.43,1754021459.12,-1270236349.55,6500000000,0,1
kabupaten,13,1372,16,2024,2025,1931966649.68,2705221695.97,-687188345.65,3950000000,0,1
kabupaten,13,1372,17,2024,2025,3419260940.58,5208038424.55,-307299365.13,8320000000,0,1
kabupaten,13,1373,1,2021,2022,10246130846.36,-1963706439.39,3297575593.03,11580000000,1,0
kabupaten,13,1373,2,2021,2022,6424483148.85,-3569970197.24,-7344512951.6,-4490000000,0,0
kabupaten,13,1373,3,2021,2022,13895592979.77,-8332386604.16,2586793624.39,8150000000,1,0
kabupaten,13,1373,4,2021,2022,2492113594.92,-653493534.48,-698620060.44,1140000000,0,0
kabupaten,13,1373,5,2021,2022,472965410.27,-47666919.61,-505298490.65,-80000000,0,0
kabupaten,13,1373,6,2021,2022,12877736543.85,-5448763034.82,2001026490.97,9430000000,1,0
kabupaten,13,1373,7,2021,2022,19983551431.17,5678110212.52,-2391661643.69,23270000000,0,1
kabupaten,13,1373,8,2021,2022,10630605954.06,3353613082.17,-5374219036.23,8610000000,0,1
kabupaten,13,1373,9,2021,2022,2180000015.43,5715134176.72,-2085134192.15,5810000000,0,1
kabupaten,13,1373,10,2021,2022,12234765133.58,7457670625.73,-3502435759.31,16190000000,0,1
kabupaten,13,1373,11,2021,2022,4137684492.39,168445603.26,963869904.35,5270000000,1,1
kabupaten,13,1373,12,2021,2022,2166050805.17,706415402.58,77533792.25,2950000000,1,1
kabupaten,13,1373,13,2021,2022,159544092.31,108677748.13,-88221840.44,180000000,0,1
kabupaten,13,1373,14,2021,2022,14434817138.75,-11491372906.02,3856555767.27,6800000000,1,0
kabupaten,13,1373,15,2021,2022,3850853856.49,681004124.48,-1001857980.97,3530000000,0,1
kabupaten,13,1373,16,2021,2022,1547490512.85,62574213.65,-20064726.5,1590000000,0,1
kabupaten,13,1373,17,2021,2022,5601479743.7,9669257668.42,-3300737412.12,11970000000,0,1
kabupaten,13,1373,1,2022,2023,11399342231.44,-2659296949.98,-2660045281.46,6080000000,0,0
kabupaten,13,1373,2,2022,2023,6604435840.94,45024211.8,-7889460052.74,-1240000000,0,1
kabupaten,13,1373,3,2022,2023,15110379768.49,-5027368899.37,6486989130.88,16570000000,1,0
kabupaten,13,1373,4,2022,2023,2695112701.27,-272643224.45,-132469476.82,2290000000,0,0
kabupaten,13,1373,5,2022,2023,497793925.45,-262572269.26,154778343.81,390000000,1,0
kabupaten,13,1373,6,2022,2023,14090295094.9,3765524037.63,-65819132.53,17790000000,0,1
kabupaten,13,1373,7,2022,2023,22264376405.48,-57996102.87,1223619697.39,23430000000,1,0
kabupaten,13,1373,8,2022,2023,11669731689.55,2899330751.99,-419062441.54,14150000000,0,1
kabupaten,13,1373,9,2022,2023,2580023855,1721239978.61,-1001263833.61,3300000000,0,1
kabupaten,13,1373,10,2022,2023,13720993937.58,8957428146.65,161577915.77,22840000000,1,1
kabupaten,13,1373,11,2022,2023,4630823898.83,-1841398052.78,850574153.95,3640000000,1,0
kabupaten,13,1373,12,2022,2023,2433042918.8,892473154.09,-25516072.88,3300000000,0,1
kabupaten,13,1373,13,2022,2023,177486413.53,86872548,-64358961.53,200000000,0,1
kabupaten,13,1373,14,2022,2023,15619728798.98,-7637840286.58,-4571888512.4,3410000000,0,0
kabupaten,13,1373,15,2022,2023,4246270002.85,-2558915085.85,92645083,1780000000,1,0
kabupaten,13,1373,16,2022,2023,1714315384.84,989641205.58,-53956590.42,2650000000,0,1
kabupaten,13,1373,17,2022,2023,6492582424.08,4824162003.66,-816744427.74,10500000000,0,1
kabupaten,13,1373,1,2023,2024,11044341634.69,-5852570104.13,-1341771530.56,3850000000,0,0
kabupaten,13,1373,2,2023,2024,6190617674.62,-571009919.33,-14309607755.29,-8690000000,0,0
kabupaten,13,1373,3,2023,2024,15011756195.24,-6076877861.17,1825121665.93,10760000000,1,0
kabupaten,13,1373,4,2023,2024,2648439329.91,16250639.85,-134689969.77,2530000000,0,1
kabupaten,13,1373,5,2023,2024,487732391.45,-117803990.49,-129928400.95,240000000,0,0
kabupaten,13,1373,6,2023,2024,14100535732.73,659649928.79,-3170185661.52,11590000000,0,1
kabupaten,13,1373,7,2023,2024,22076009219.79,224720315.19,3319270465.03,25620000000,1,1
kabupaten,13,1373,8,2023,2024,11652696015.42,3181879544.48,-514575559.91,14320000000,0,1
kabupaten,13,1373,9,2023,2024,2583757973.34,588262695.39,637979331.27,3810000000,1,1
kabupaten,13,1373,10,2023,2024,13972047091.97,3458871206.89,-2640918298.85,14790000000,0,1
kabupaten,13,1373,11,2023,2024,4537746792.49,1751010886.51,-1538757679,4750000000,0,1
kabupaten,13,1373,12,2023,2024,2444780463.95,839948296.67,-514728760.62,2770000000,0,1
kabupaten,13,1373,13,2023,2024,176562621.99,14166180.26,19271197.74,210000000,1,1
kabupaten,13,1373,14,2023,2024,14918230449.93,20007432163.56,-16015662613.49,18910000000,0,1
kabupaten,13,1373,15,2023,2024,4092843947.96,-1065821924.55,-277022023.41,2750000000,0,0
kabupaten,13,1373,16,2023,2024,1736781831.2,487626989.18,-224408820.38,2000000000,0,1
kabupaten,13,1373,17,2023,2024,6597935406.55,4375462267.96,2316602325.48,13290000000,1,1
kabupaten,13,1373,1,2024,2025,8642813664.19,1987020106.1,-5039833770.29,5590000000,0,1
kabupaten,13,1373,2,2024,2025,4479063395.66,-3209888947.4,3000825551.74,4270000000,1,0
kabupaten,13,1373,3,2024,2025,11933725992.12,7111276841.22,2194997166.65,21240000000,1,1
kabupaten,13,1373,4,2024,2025,2126679243.14,-1587819371.18,-468859871.96,70000000,0,0
kabupaten,13,1373,5,2024,2025,384035218.94,-340729264.12,76694045.17,120000000,1,0
kabupaten,13,1373,6,2024,2025,11259306247.98,-15935342957.95,316036709.97,-4360000000,1,0
kabupaten,13,1373,7,2024,2025,17879534425.74,1817664875.45,4002800698.81,23700000000,1,1
kabupaten,13,1373,8,2024,2025,9464446908.93,-9501865849.46,4907418940.54,4870000000,1,0
kabupaten,13,1373,9,2024,2025,2119941783.16,-94366334.59,354424551.43,2380000000,1,0
kabupaten,13,1373,10,2024,2025,11268064945.96,6388020463.49,-916085409.45,16740000000,0,1
kabupaten,13,1373,11,2024,2025,3657767023.92,4537104203.8,-514871227.72,7680000000,0,1
kabupaten,13,1373,12,2024,2025,1977781377.55,1413232999.81,-311014377.36,3080000000,0,1
kabupaten,13,1373,13,2024,2025,143171024.61,78673809.14,-1844833.75,220000000,0,1
kabupaten,13,1373,14,2024,2025,12136186664.56,-5059104808.25,522918143.68,7600000000,1,0
kabupaten,13,1373,15,2024,2025,3247455711.05,946792478.08,-84248189.13,4110000000,0,1
kabupaten,13,1373,16,2024,2025,1406107898.13,1968891954.48,-3574999852.61,-200000000,0,1
kabupaten,13,1373,17,2024,2025,5533475882.76,8428299424.8,-1411775307.55,12550000000,0,1
kabupaten,13,1374,1,2021,2022,5661635712.93,-1085072079.76,2473436366.83,7050000000,1,0
kabupaten,13,1374,2,2021,2022,265906820.52,-147759656.69,11852836.17,130000000,1,0
kabupaten,13,1374,3,2021,2022,10522935487.39,-6309998200.09,1567062712.7,5780000000,1,0
kabupaten,13,1374,4,2021,2022,67566487.18,-17717596.26,151109.08,50000000,1,0
kabupaten,13,1374,5,2021,2022,299036194.88,-30137794.34,21101599.46,290000000,1,0
kabupaten,13,1374,6,2021,2022,10396520769.44,-4398923511.62,-147597257.82,5850000000,0,0
kabupaten,13,1374,7,2021,2022,21035409067.09,5976984194.21,-1532393261.3,25480000000,0,1
kabupaten,13,1374,8,2021,2022,14654953113.12,4623164727.49,-8548117840.61,10730000000,0,1
kabupaten,13,1374,9,2021,2022,2461163784.67,6452239064.54,-3003402849.2,5910000000,0,1
kabupaten,13,1374,10,2021,2022,14017212656.69,8544157075.6,-1571369732.3,20990000000,0,1
kabupaten,13,1374,11,2021,2022,4634625107.79,188676111.87,-13301219.66,4810000000,0,1
kabupaten,13,1374,12,2021,2022,3947626502.64,1287441715.78,-325068218.43,4910000000,0,1
kabupaten,13,1374,13,2021,2022,86746651.28,59089813.87,-15836465.16,130000000,0,1
kabupaten,13,1374,14,2021,2022,10031661738.66,-7986077329.41,-4475584409.25,-2430000000,0,0
kabupaten,13,1374,15,2021,2022,10221719728.41,1807659691.53,190620580.06,12220000000,1,1
kabupaten,13,1374,16,2021,2022,1747138584.65,70647168.54,-37785753.19,1780000000,0,1
kabupaten,13,1374,17,2021,2022,4653369359.07,8032632343.22,-916001702.29,11770000000,0,1
kabupaten,13,1374,1,2022,2023,6328962136.61,-1476452707.94,-2292509428.66,2560000000,0,0
kabupaten,13,1374,2,2022,2023,287953217.78,1963054.37,-9916272.16,280000000,0,1
kabupaten,13,1374,3,2022,2023,11424763462.54,-3801128852.76,4216365390.22,11840000000,1,0
kabupaten,13,1374,4,2022,2023,73952672.3,-7481206.64,-6471465.66,60000000,0,0
kabupaten,13,1374,5,2022,2023,330476004.36,-174316780.43,3840776.07,160000000,1,0
kabupaten,13,1374,6,2022,2023,11293959673.41,3018224696.07,1397815630.53,15710000000,1,1
kabupaten,13,1374,7,2022,2023,23481822273.29,-61167407.31,-1620654865.97,21800000000,0,0
kabupaten,13,1374,8,2022,2023,16034788172.29,3983823766.16,-498611938.45,19520000000,0,1
kabupaten,13,1374,9,2022,2023,2882767607.25,1923212781.54,-735980388.79,4070000000,0,1
kabupaten,13,1374,10,2022,2023,15832804936.06,10336074282.95,-448879219,25720000000,0,1
kabupaten,13,1374,11,2022,2023,5136475295.71,-2042464972.61,875989676.9,3970000000,1,0
kabupaten,13,1374,12,2022,2023,4412663515.53,1618624848.41,-151288363.95,5880000000,0,1
kabupaten,13,1374,13,2022,2023,97987290.8,47960885.88,-5948176.68,140000000,0,1
kabupaten,13,1374,14,2022,2023,10524389677.24,-5146287013.24,-1038102664,4340000000,0,0
kabupaten,13,1374,15,2022,2023,11403039865.05,-6871774690.66,-281265174.4,4250000000,0,0
kabupaten,13,1374,16,2022,2023,1934786789.15,1116915094.78,58298116.07,3110000000,1,1
kabupaten,13,1374,17,2022,2023,5478044200.91,4070333029.64,81622769.45,9630000000,1,1
kabupaten,13,1374,1,2023,2024,6096217856.92,-3230481594.81,-2665736262.11,200000000,0,0
kabupaten,13,1374,2,2023,2024,284510561.68,-26242672.61,-88267889.07,170000000,0,0
kabupaten,13,1374,3,2023,2024,11320111472.51,-4582470824.77,-1387640647.74,5350000000,0,0
kabupaten,13,1374,4,2023,2024,72548008.05,445149.54,-12993157.59,60000000,0,1
kabupaten,13,1374,5,2023,2024,319473457.12,-77163724.96,57690267.83,300000000,1,0
kabupaten,13,1374,6,2023,2024,11365563236.59,531702704.19,472734059.22,12370000000,1,1
kabupaten,13,1374,7,2023,2024,23155925652.82,235713206.11,-2301638858.93,21090000000,0,1
kabupaten,13,1374,8,2023,2024,16014754258.31,4372981060.94,-7307735319.25,13080000000,0,1
kabupaten,13,1374,9,2023,2024,2903668466.66,661099010.17,1385232523.17,4950000000,1,1
kabupaten,13,1374,10,2023,2024,16094731881.63,3984355643.92,640912474.45,20720000000,1,1
kabupaten,13,1374,11,2023,2024,5030286582.06,1941070529.11,868642888.83,7840000000,1,1
kabupaten,13,1374,12,2023,2024,4429361816.61,1521786912.19,-71148728.8,5880000000,0,1
kabupaten,13,1374,13,2023,2024,98770179.63,7924645.39,-6694825.02,100000000,0,1
kabupaten,13,1374,14,2023,2024,10140987823.65,13600482083.59,-4721469907.24,19020000000,0,1
kabupaten,13,1374,15,2023,2024,10967860300.91,-2856152377.86,-1371707923.05,6740000000,0,0
kabupaten,13,1374,16,2023,2024,1965351760.17,551801351.37,-457153111.54,2060000000,0,1
kabupaten,13,1374,17,2023,2024,5600618814,3714085511.29,825295674.71,10140000000,1,1
kabupaten,13,1374,1,2024,2025,4705778924.04,1081878853.37,-287657777.41,5500000000,0,1
kabupaten,13,1374,2,2024,2025,225031163.38,-161266983.82,26235820.44,90000000,1,0
kabupaten,13,1374,3,2024,2025,8905911476.46,5307009904.06,1437078619.47,15650000000,1,1
kabupaten,13,1374,4,2024,2025,57942155.84,-43260721.03,-24681434.81,-10000000,0,0
kabupaten,13,1374,5,2024,2025,256360352.29,-227451728.06,-158908624.23,-130000000,0,0
kabupaten,13,1374,6,2024,2025,9177431113.72,-12988856422.33,2081425308.61,-1730000000,1,0
kabupaten,13,1374,7,2024,2025,18559344137.87,1886775524.88,3103880337.25,23550000000,1,1
kabupaten,13,1374,8,2024,2025,12785004060.78,-12835551262.46,5430547201.68,5380000000,1,0
kabupaten,13,1374,9,2024,2025,2404936340.37,-107052480.96,1202116140.58,3500000000,1,0
kabupaten,13,1374,10,2024,2025,13104022790.9,7428850130.33,-832872921.23,19700000000,0,1
kabupaten,13,1374,11,2024,2025,4141516650.59,5137148561.57,-608665212.16,8670000000,0,1
kabupaten,13,1374,12,2024,2025,3612289169.05,2581178241.7,-133467410.74,6060000000,0,1
kabupaten,13,1374,13,2024,2025,79502027.78,43687103.43,-3189131.21,120000000,0,1
kabupaten,13,1374,14,2024,2025,8457533514.7,-3525617201.91,-5581916312.79,-650000000,0,0
kabupaten,13,1374,15,2024,2025,8681217186.08,2531000224.07,-2812217410.15,8400000000,0,1
kabupaten,13,1374,16,2024,2025,1584313714.64,2218423301.85,-1952737016.49,1850000000,0,1
kabupaten,13,1374,17,2024,2025,4658616704.17,7095759938.24,935623357.6,12690000000,1,1
kabupaten,13,1375,1,2021,2022,3142059610.32,-602186599.24,-559873011.08,1980000000,0,0
kabupaten,13,1375,2,2021,2022,5230953.85,-2906747.34,-2324206.5,-0,0,0
kabupaten,13,1375,3,2021,2022,15879432225.96,-9521980713.88,5722548487.92,12080000000,1,0
kabupaten,13,1375,4,2021,2022,1834321148.75,-481004161.81,176683013.06,1530000000,1,0
kabupaten,13,1375,5,2021,2022,390577887.19,-39363649.75,-361214237.44,-10000000,0,0
kabupaten,13,1375,6,2021,2022,17608698384.97,-7450503784.15,-2378194600.82,7780000000,0,0
kabupaten,13,1375,7,2021,2022,91652850078.77,26042167020.76,-14285017099.53,103410000000,0,1
kabupaten,13,1375,8,2021,2022,29956364939.07,9450266314.82,-18716631253.89,20690000000,0,1
kabupaten,13,1375,9,2021,2022,10151101851.49,26612343445.96,-4833445297.45,31930000000,0,1
kabupaten,13,1375,10,2021,2022,25979968190.27,15836024926.89,-3775993117.15,38040000000,0,1
kabupaten,13,1375,11,2021,2022,15536804749.03,632505077.07,-1619309826.1,14550000000,0,1
kabupaten,13,1375,12,2021,2022,8848158430.95,2885655029.48,-1743813460.42,9990000000,0,1
kabupaten,13,1375,13,2021,2022,1731445723.11,1179420807.54,-150866530.66,2760000000,0,1
kabupaten,13,1375,14,2021,2022,14723391425.94,-11721103197.25,-5092288228.69,-2090000000,0,0
kabupaten,13,1375,15,2021,2022,15367670574.67,2717695200.87,-6135365775.54,11950000000,0,1
kabupaten,13,1375,16,2021,2022,10585706933.55,428042874.44,-1073749807.99,9940000000,0,1
kabupaten,13,1375,17,2021,2022,9620160036.09,16606291633.02,1553548330.89,27780000000,1,1
kabupaten,13,1375,1,2022,2023,3423084319.27,-798554645.08,-2284529674.19,340000000,0,0
kabupaten,13,1375,2,2022,2023,5546450.42,37811.64,-5584262.06,0,0,1
kabupaten,13,1375,3,2022,2023,17395517342.68,-5787656181.84,12142138839.16,23750000000,1,0
kabupaten,13,1375,4,2022,2023,2015672524.48,-203909638.45,-221762886.03,1590000000,0,0
kabupaten,13,1375,5,2022,2023,413672760.7,-218200725.15,24527964.45,220000000,1,0
kabupaten,13,1375,6,2022,2023,19030333604.8,5085711700.89,363954694.32,24480000000,1,1
kabupaten,13,1375,7,2022,2023,101960398122.15,-265594941.03,-5674803181.13,96020000000,0,0
kabupaten,13,1375,8,2022,2023,32719435452.44,8129104243.24,-248539695.68,40600000000,0,1
kabupaten,13,1375,9,2022,2023,12239167266.29,8165251636.25,-6734418902.54,13670000000,0,1
kabupaten,13,1375,10,2022,2023,29305133013.01,19131166771.61,-5966299784.63,42470000000,0,1
kabupaten,13,1375,11,2022,2023,17146389277.85,-6818080004.39,-748309273.46,9580000000,0,0
kabupaten,13,1375,12,2022,2023,9843562887.85,3610752424.5,-1194315312.35,12260000000,0,1
kabupaten,13,1375,13,2022,2023,1963443449.67,961027562.29,-34471011.96,2890000000,0,1
kabupaten,13,1375,14,2022,2023,15514808445.15,-7586535624.66,-3148272820.49,4780000000,0,0
kabupaten,13,1375,15,2022,2023,16846880955.02,-10152377921.43,-1164503033.59,5530000000,0,0
kabupaten,13,1375,16,2022,2023,11683597815.61,6744715663.14,-1158313478.74,17270000000,0,1
kabupaten,13,1375,17,2022,2023,11484387804.59,8533206613.87,-1417594418.45,18600000000,0,1
kabupaten,13,1375,1,2023,2024,3251549276.33,-1723047033.15,-1068502243.18,460000000,0,0
kabupaten,13,1375,2,2023,2024,5244434.32,-483735.9,-4760698.42,0,0,0
kabupaten,13,1375,3,2023,2024,17486255120.32,-7078574634,1532319513.68,11940000000,1,0
kabupaten,13,1375,4,2023,2024,1975403592.61,12120939.3,72475468.1,2060000000,1,1
kabupaten,13,1375,5,2023,2024,400762189.03,-96797723.37,116035534.34,420000000,1,0
kabupaten,13,1375,6,2023,2024,19063955777.25,891848175.79,-4085803953.04,15870000000,0,1
kabupaten,13,1375,7,2023,2024,100604857568.87,1024096116.17,-738953685.03,100890000000,0,1
kabupaten,13,1375,8,2023,2024,32712159050.16,8932366346.79,-4324525396.95,37320000000,0,1
kabupaten,13,1375,9,2023,2024,12170146868,2770864559.95,-9081011427.95,5860000000,0,1
kabupaten,13,1375,10,2023,2024,29565498460.17,7319131596.68,-8444630056.85,28440000000,0,1
kabupaten,13,1375,11,2023,2024,16631412326.71,6417674976.99,1940912696.3,24990000000,1,1
kabupaten,13,1375,12,2023,2024,9843366176.18,3381865478.37,-475231654.54,12750000000,0,1
kabupaten,13,1375,13,2023,2024,1982833207.89,159089009.52,108077782.59,2250000000,1,1
kabupaten,13,1375,14,2023,2024,14878897192.56,19954680767.79,-7763577960.35,27070000000,0,1
kabupaten,13,1375,15,2023,2024,16171213215.42,-4211163144.94,-1210050070.48,10750000000,0,0
kabupaten,13,1375,16,2023,2024,11802162393.45,3313630307.7,-315792701.15,14800000000,0,1
kabupaten,13,1375,17,2023,2024,11671925607.92,7740310710.11,-4462236318.03,14950000000,0,1
kabupaten,13,1375,1,2024,2025,2521831271.05,579779876.61,-2321611147.66,780000000,0,1
kabupaten,13,1375,2,2024,2025,4042475.99,-2897011.69,-1145464.3,0,0,0
kabupaten,13,1375,3,2024,2025,13880851926.76,8271564212.92,-3602416139.68,18550000000,0,1
kabupaten,13,1375,4,2024,2025,1592061793.61,-1188663764.96,-173398028.66,230000000,0,0
kabupaten,13,1375,5,2024,2025,323061206.11,-286631021.31,-236430184.8,-200000000,0,0
kabupaten,13,1375,6,2024,2025,15229354542.04,-21554168819.17,634814277.13,-5690000000,1,0
kabupaten,13,1375,7,2024,2025,80946202327.99,8229133112.15,-4095335440.14,85080000000,0,1
kabupaten,13,1375,8,2024,2025,26472154013.07,-26576815169.33,10604661156.26,10500000000,1,0
kabupaten,13,1375,9,2024,2025,9578309982.61,-426365484.11,-2381944498.5,6770000000,0,0
kabupaten,13,1375,10,2024,2025,23747525196.58,13462797529.18,-1300322725.75,35910000000,0,1
kabupaten,13,1375,11,2024,2025,13661547604.36,16945820950.54,-5837368554.9,24770000000,0,1
kabupaten,13,1375,12,2024,2025,8016903631.91,5728516254.39,-3605419886.31,10140000000,0,1
kabupaten,13,1375,13,2024,2025,1604189221.58,881516892.11,-775706113.69,1710000000,0,1
kabupaten,13,1375,14,2024,2025,12380756461.89,-5161056456.8,800299994.91,8020000000,1,0
kabupaten,13,1375,15,2024,2025,12827113185.66,3739732073.41,603154740.93,17170000000,1,1
kabupaten,13,1375,16,2024,2025,9595827378.56,13436484744.49,-2682312123.05,20350000000,0,1
kabupaten,13,1375,17,2024,2025,9500492319.83,14470650211.74,-2581142531.57,21390000000,0,1
kabupaten,13,1376,1,2021,2022,12122299625.89,-2323280679.56,-2809018946.33,6990000000,0,0
kabupaten,13,1376,2,2021,2022,993881230.79,-552281995.5,608400764.71,1050000000,1,0
kabupaten,13,1376,3,2021,2022,10542551564.32,-6321760831.37,929209267.05,5150000000,1,0
kabupaten,13,1376,4,2021,2022,115952810.26,-30405681.33,-5547128.93,80000000,0,0
kabupaten,13,1376,5,2021,2022,625098984.63,-62999412.65,327900428.02,890000000,1,0
kabupaten,13,1376,6,2021,2022,24741103954.35,-10468331310.24,4827227355.89,19100000000,1,0
kabupaten,13,1376,7,2021,2022,47545447247.11,13509525096.3,-514972343.41,60540000000,0,1
kabupaten,13,1376,8,2021,2022,25365331113.33,8001943315.63,-14637274428.96,18730000000,0,1
kabupaten,13,1376,9,2021,2022,5141155805.23,13478162863.47,-799318668.7,17820000000,0,1
kabupaten,13,1376,10,2021,2022,22114729210.7,13479978130.35,-1104707341.05,34490000000,0,1
kabupaten,13,1376,11,2021,2022,11916112861.78,485106301.18,-1431219162.96,10970000000,0,1
kabupaten,13,1376,12,2021,2022,5457628512.93,1779899545.23,-817528058.16,6420000000,0,1
kabupaten,13,1376,13,2021,2022,500863830.78,341176865.02,-72040695.8,770000000,0,1
kabupaten,13,1376,14,2021,2022,13204671159.24,-10512069459.12,-5902601700.13,-3210000000,0,0
kabupaten,13,1376,15,2021,2022,8949290205.31,1582636934.08,348072860.62,10880000000,1,1
kabupaten,13,1376,16,2021,2022,3540483928.28,143162750.21,-103646678.49,3580000000,0,1
kabupaten,13,1376,17,2021,2022,6430585928.33,11100458297.63,-5601044225.96,11930000000,0,1
kabupaten,13,1376,1,2022,2023,13176517387.74,-3073885474.19,-7552631913.55,2550000000,0,0
kabupaten,13,1376,2,2022,2023,1102357021.53,7515063.7,-419872085.23,690000000,0,1
kabupaten,13,1376,3,2022,2023,11416443786.91,-3798360816.54,-898082970.37,6720000000,0,0
kabupaten,13,1376,4,2022,2023,126643951.32,-12811566.37,-13832384.95,100000000,0,0
kabupaten,13,1376,5,2022,2023,703936999.49,-371306932.29,137369932.8,470000000,1,0
kabupaten,13,1376,6,2022,2023,27116133912.82,7246580243.26,-92714156.08,34270000000,0,1
kabupaten,13,1376,7,2022,2023,53211258743.64,-138609120.68,627350377.04,53700000000,1,0
kabupaten,13,1376,8,2022,2023,27760908774.47,6897164275.43,-1098073049.9,33560000000,0,1
kabupaten,13,1376,9,2022,2023,6274884244.98,4186233240.7,-1011117485.68,9450000000,0,1
kabupaten,13,1376,10,2022,2023,25042685863.1,16348528411.16,-3041214274.26,38350000000,0,1
kabupaten,13,1376,11,2022,2023,13141852072.6,-5225718218.86,1233866146.26,9150000000,1,0
kabupaten,13,1376,12,2022,2023,6083531705.4,2231521970.76,-495053676.16,7820000000,0,1
kabupaten,13,1376,13,2022,2023,566662351.53,277358707.95,-44021059.48,800000000,0,1
kabupaten,13,1376,14,2022,2023,13852722135.12,-6773797456.03,-1438924679.09,5640000000,0,0
kabupaten,13,1376,15,2022,2023,9991930436.66,-6021402669.64,-380527767.02,3590000000,0,0
kabupaten,13,1376,16,2022,2023,3919491632.11,2262646919.19,-382138551.3,5800000000,0,1
kabupaten,13,1376,17,2022,2023,7369845999.28,5475992250.9,-1165838250.18,11680000000,0,1
kabupaten,13,1376,1,2023,2024,12570472020.84,-6661290566.47,-6009181454.37,-100000000,0,0
kabupaten,13,1376,2,2023,2024,1072486817.76,-98923991.67,-513562826.08,460000000,0,0
kabupaten,13,1376,3,2023,2024,11088482290.19,-4488705496.34,980223206.15,7580000000,1,0
kabupaten,13,1376,4,2023,2024,124118278.83,761581.14,5120140.03,130000000,1,1
kabupaten,13,1376,5,2023,2024,686146823.1,-165727836.09,-250418987.01,270000000,0,0
kabupaten,13,1376,6,2023,2024,27137325371.55,1269535788.44,-5476861160,22930000000,0,1
kabupaten,13,1376,7,2023,2024,52660676082.16,536053577.87,953270339.98,54150000000,1,1
kabupaten,13,1376,8,2023,2024,27715961291.16,7568107000.41,-9224068291.57,26060000000,0,1
kabupaten,13,1376,9,2023,2024,6346202559.35,1444885419.43,1988912021.22,9780000000,1,1
kabupaten,13,1376,10,2023,2024,25355091776.28,6276818014.97,-3811909791.25,27820000000,0,1
kabupaten,13,1376,11,2023,2024,12826138193.78,4949308243.98,2934553562.24,20710000000,1,1
kabupaten,13,1376,12,2023,2024,6094032675.96,2093714524.28,-367747200.24,7820000000,0,1
kabupaten,13,1376,13,2023,2024,570769268.13,45794632.23,3436099.64,620000000,1,1
kabupaten,13,1376,14,2023,2024,13344900154.93,17897376332.63,-5872276487.57,25370000000,0,1
kabupaten,13,1376,15,2023,2024,9604744414.77,-2501181893.85,-283562520.92,6820000000,0,0
kabupaten,13,1376,16,2023,2024,3959547909.08,1111701188.22,-191249097.29,4880000000,0,1
kabupaten,13,1376,17,2023,2024,7479000371.75,4959746028.46,-998746400.21,11440000000,0,1
kabupaten,13,1376,1,2024,2025,9686109342.31,2226878278.41,-7702987620.72,4210000000,0,1
kabupaten,13,1376,2,2024,2025,842182497.68,-603544101.12,-158638396.56,80000000,0,0
kabupaten,13,1376,3,2024,2025,8802491465.75,5245382183.8,6482126350.45,20530000000,1,1
kabupaten,13,1376,4,2024,2025,100051280.72,-74700198.52,-25351082.21,-0,0,0
kabupaten,13,1376,5,2024,2025,537986179.52,-477319855.08,59333675.56,120000000,1,0
kabupaten,13,1376,6,2024,2025,21690241791.24,-30698289412.49,10958047621.25,1950000000,1,0
kabupaten,13,1376,7,2024,2025,42415679313.14,4312052462.89,3362268223.97,50090000000,1,1
kabupaten,13,1376,8,2024,2025,22241702890.72,-22329638399.89,1907935509.16,1820000000,1,0
kabupaten,13,1376,9,2024,2025,5221194612.62,-232414400.11,1961219787.49,6950000000,1,0
kabupaten,13,1376,10,2024,2025,20481204597.57,11611075611.81,577719790.61,32670000000,1,1
kabupaten,13,1376,11,2024,2025,10584212757.84,13128686404.42,-342899162.26,23370000000,0,1
kabupaten,13,1376,12,2024,2025,4960791784.33,3544757137.67,54451078,8560000000,1,1
kabupaten,13,1376,13,2024,2025,460842262.73,253237108.02,-104079370.75,610000000,0,1
kabupaten,13,1376,14,2024,2025,11141063825.31,-4644276750.64,-2246787074.67,4250000000,0,0
kabupaten,13,1376,15,2024,2025,7633205285.97,2225453398.41,-1128658684.38,8730000000,0,1
kabupaten,13,1376,16,2024,2025,3216463395.14,4503828553.29,-900291948.43,6820000000,0,1
kabupaten,13,1376,17,2024,2025,6150290344.06,9367798770.15,-748089114.21,14770000000,0,1
kabupaten,13,1377,1,2021,2022,26371853815.92,-5054257058.93,-14037596756.99,7280000000,0,0
kabupaten,13,1377,2,2021,2022,2719224174.41,-1511024161.38,451799986.97,1660000000,1,0
kabupaten,13,1377,3,2021,2022,11913061472.04,-7143576669.86,1540515197.82,6310000000,1,0
kabupaten,13,1377,4,2021,2022,86310738.46,-22632800.39,-3677938.07,60000000,0,0
kabupaten,13,1377,5,2021,2022,57104579.49,-5755176.47,18650596.98,70000000,1,0
kabupaten,13,1377,6,2021,2022,22998324497.9,-9730935243.17,-1887389254.73,11380000000,0,0
kabupaten,13,1377,7,2021,2022,24988266523.58,7100145928.98,-5438412452.56,26650000000,0,1
kabupaten,13,1377,8,2021,2022,15775249061.86,4976581942.45,-3311831004.31,17440000000,0,1
kabupaten,13,1377,9,2021,2022,2686966625.7,7044208571.35,-3591175197.04,6140000000,0,1
kabupaten,13,1377,10,2021,2022,16842363646.49,10266220827.53,-3418584474.03,23690000000,0,1
kabupaten,13,1377,11,2021,2022,4507338564.19,183494262.3,-250832826.49,4440000000,0,1
kabupaten,13,1377,12,2021,2022,4432361559.06,1445528640.25,-267890199.31,5610000000,0,1
kabupaten,13,1377,13,2021,2022,219700061.54,149654603.98,-49354665.52,320000000,0,1
kabupaten,13,1377,14,2021,2022,8714333195.05,-6937368960.69,-3856964234.36,-2080000000,0,0
kabupaten,13,1377,15,2021,2022,6526922661.67,1154253424.94,3488823913.39,11170000000,1,1
kabupaten,13,1377,16,2021,2022,2098484317.99,84854159.02,416661522.99,2600000000,1,1
kabupaten,13,1377,17,2021,2022,4609342164.2,7956632730.42,284025105.39,12850000000,1,1
kabupaten,13,1377,1,2022,2023,28298914465.48,-6601715730.41,5322801264.93,27020000000,1,0
kabupaten,13,1377,2,2022,2023,2959955708.96,20178812.54,-1660134521.5,1320000000,0,1
kabupaten,13,1377,3,2022,2023,12923229485.1,-4299682932.41,-633546552.69,7990000000,0,0
kabupaten,13,1377,4,2022,2023,94289657.19,-9538538.46,15248881.28,100000000,1,0
kabupaten,13,1377,5,2022,2023,63784179.86,-33644357.62,49860177.76,80000000,1,0
kabupaten,13,1377,6,2022,2023,24911419869.76,6657387208.67,-20128807078.43,11440000000,0,1
kabupaten,13,1377,7,2022,2023,27727167867.73,-72226037.27,1675058169.54,29330000000,1,0
kabupaten,13,1377,8,2022,2023,17532791990.64,4356001006.62,-4848792997.27,17040000000,0,1
kabupaten,13,1377,9,2022,2023,3132820080.47,2090033066.11,5107146853.42,10330000000,1,1
kabupaten,13,1377,10,2022,2023,18953145503.08,12373115225.41,-4636260728.49,26690000000,0,1
kabupaten,13,1377,11,2022,2023,4984410113.28,-1981997864.18,-772412249.1,2230000000,0,0
kabupaten,13,1377,12,2022,2023,4958988882.18,1819024405.43,-228013287.61,6550000000,0,1
kabupaten,13,1377,13,2022,2023,247741452.22,121259598.25,-59001050.47,310000000,0,1
kabupaten,13,1377,14,2022,2023,9143785726.17,-4471189986.08,-2242595740.09,2430000000,0,0
kabupaten,13,1377,15,2022,2023,7436865608.56,-4481652740.98,274787132.42,3230000000,1,0
kabupaten,13,1377,16,2022,2023,2345224120.44,1353852649.53,923230.04,3700000000,1,1
kabupaten,13,1377,17,2022,2023,5481279630.32,4072737040.04,95983329.64,9650000000,1,1
kabupaten,13,1377,1,2023,2024,27938849749.62,-14805235313.88,13856385564.26,26990000000,1,0
kabupaten,13,1377,2,2023,2024,2856468557.81,-263474820.53,137006262.72,2730000000,1,0
kabupaten,13,1377,3,2023,2024,12568723876.07,-5087919019.75,1799195143.68,9280000000,1,0
kabupaten,13,1377,4,2023,2024,93525745.31,573867.48,-14099612.79,80000000,0,1
kabupaten,13,1377,5,2023,2024,63807284.19,-15411633.17,-48395651.02,0,0,0
kabupaten,13,1377,6,2023,2024,24054909101.94,1125334482.1,5209756415.96,30390000000,1,1
kabupaten,13,1377,7,2023,2024,27499191339.4,279925002.92,-399116342.32,27380000000,0,1
kabupaten,13,1377,8,2023,2024,17322803584.12,4730156377.92,-3402959962.04,18650000000,0,1
kabupaten,13,1377,9,2023,2024,3413689703.95,777219200.55,1219091095.5,5410000000,1,1
kabupaten,13,1377,10,2023,2024,19087555731.68,4725248669.4,10807195598.92,34620000000,1,1
kabupaten,13,1377,11,2023,2024,4810457376.96,1856243554.64,1443299068.41,8110000000,1,1
kabupaten,13,1377,12,2023,2024,4975220021.74,1709326315.58,-214546337.31,6470000000,0,1
kabupaten,13,1377,13,2023,2024,247799521.46,19881743.09,-17681264.55,250000000,0,1
kabupaten,13,1377,14,2023,2024,8752086802.12,11737771686.17,-3529858488.29,16960000000,0,1
kabupaten,13,1377,15,2023,2024,7173075036.61,-1867948237.88,1064873201.27,6370000000,1,0
kabupaten,13,1377,16,2023,2024,2379225034.99,668002347.53,-307227382.52,2740000000,0,1
kabupaten,13,1377,17,2023,2024,5604552139.74,3716693920.94,1568753939.33,10890000000,1,1
kabupaten,13,1377,1,2024,2025,22444837309.16,5160164819.51,3604997871.33,31210000000,1,1
kabupaten,13,1377,2,2024,2025,2293768250.68,-1643812713.81,3450044463.13,4100000000,1,0
kabupaten,13,1377,3,2024,2025,10000748723.45,5959420623.44,12529830653.11,28490000000,1,1
kabupaten,13,1377,4,2024,2025,74785805.79,-55836512.02,31050706.23,50000000,1,0
kabupaten,13,1377,5,2024,2025,49183457.86,-43637256.63,-5546201.23,0,0,0
kabupaten,13,1377,6,2024,2025,19565583786.1,-27691252101.78,29065668315.69,20940000000,1,0
kabupaten,13,1377,7,2024,2025,22119081119.06,2248664639.13,35812254241.8,60180000000,1,1
kabupaten,13,1377,8,2024,2025,13980903207.48,-14036178554.35,26075275346.86,26020000000,1,0
kabupaten,13,1377,9,2024,2025,2813563288.25,-125241955.59,7241678667.34,9930000000,1,0
kabupaten,13,1377,10,2024,2025,15879182557.25,9002126239.58,22658691203.17,47540000000,1,1
kabupaten,13,1377,11,2024,2025,3981165103.03,4938248064.15,80586832.82,9000000000,1,1
kabupaten,13,1377,12,2024,2025,4052919051.83,2896032400.06,111048548.11,7060000000,1,1
kabupaten,13,1377,13,2024,2025,199428815.45,109587988.27,30983196.28,340000000,1,1
kabupaten,13,1377,14,2024,2025,7317555285.84,-3050404559.06,1752849273.22,6020000000,1,0
kabupaten,13,1377,15,2024,2025,5743684634.18,1674565534.36,-528250168.53,6890000000,0,1
kabupaten,13,1377,16,2024,2025,1926239808.69,2697202730.17,-713442538.87,3910000000,0,1
kabupaten,13,1377,17,2024,2025,4686914036.09,7138860945.89,1214225018.02,13040000000,1,1
kabupaten,14,1401,1,2021,2022,827072199651.9,-314185248397.57,352983048745.67,865870000000,1,0
kabupaten,14,1401,2,2021,2022,481131350475.09,-337461509444.71,167460158969.62,311130000000,1,0
kabupaten,14,1401,3,2021,2022,754416434528.82,28945031738.83,-54611466267.64,728750000000,0,1
kabupaten,14,1401,4,2021,2022,1397856706.41,3004807089.83,-1292663796.23,3110000000,0,1
kabupaten,14,1401,5,2021,2022,142972966.06,-1748941.01,108775974.95,250000000,1,0
kabupaten,14,1401,6,2021,2022,160596888433.16,7311623538.72,132161488028.12,300070000000,1,1
kabupaten,14,1401,7,2021,2022,76967265172.91,124131057611.32,34581677215.77,235680000000,1,1
kabupaten,14,1401,8,2021,2022,7549336870.43,23252109374.77,1428553754.8,32230000000,1,1
kabupaten,14,1401,9,2021,2022,1948803486.46,2714287759.84,-453091246.29,4210000000,0,1
kabupaten,14,1401,10,2021,2022,11971936932.1,5983233001.06,-275169933.16,17680000000,0,1
kabupaten,14,1401,11,2021,2022,11889522579.05,1050306144.89,-2999828723.94,9940000000,0,1
kabupaten,14,1401,12,2021,2022,24630053035.72,5025483866.01,2194463098.27,31850000000,1,1
kabupaten,14,1401,13,2021,2022,73307794.7,132328648.19,4363557.11,210000000,1,1
kabupaten,14,1401,14,2021,2022,36710358012.16,11492759236.93,-51263117249.09,-3060000000,0,1
kabupaten,14,1401,15,2021,2022,13194037062.39,-1821237409.66,127200347.27,11500000000,1,0
kabupaten,14,1401,16,2021,2022,5593248137.3,-2543110149.79,-40137987.51,3010000000,0,0
kabupaten,14,1401,17,2021,2022,6778922034.2,12472136189.54,-391058223.74,18860000000,0,1
kabupaten,14,1401,1,2022,2023,801247945932.89,-187026640914.28,442508694981.39,1056730000000,1,0
kabupaten,14,1401,2,2022,2023,458000626567.95,-183632149900.24,3611523332.29,277980000000,1,0
kabupaten,14,1401,3,2022,2023,728290059505.45,-100607665348.85,-136012394156.61,491670000000,0,0
kabupaten,14,1401,4,2022,2023,1423537707.82,-934982709.3,1261445001.47,1750000000,1,0
kabupaten,14,1401,5,2022,2023,142732707.17,44266748.02,23000544.81,210000000,1,1
kabupaten,14,1401,6,2022,2023,161137647670.26,189958426824.99,-30336074495.25,320760000000,0,1
kabupaten,14,1401,7,2022,2023,81094492817.15,36769048628.38,-13443541445.53,104420000000,0,1
kabupaten,14,1401,8,2022,2023,8337863717.24,8126767348.65,-5064631065.88,11400000000,0,1
kabupaten,14,1401,9,2022,2023,1979311080.88,3832003.86,316856915.26,2300000000,1,1
kabupaten,14,1401,10,2022,2023,11814815622.35,9697112092.45,-1451927714.8,20060000000,0,1
kabupaten,14,1401,11,2022,2023,11412722007.75,-392214665.94,-180507341.81,10840000000,0,0
kabupaten,14,1401,12,2022,2023,24116353986.56,-1548268749.34,-48085237.22,22520000000,0,0
kabupaten,14,1401,13,2022,2023,76629359.01,43672148.52,39698492.46,160000000,1,1
kabupaten,14,1401,14,2022,2023,33817125589.1,9546574854.71,-45253700443.8,-1890000000,0,1
kabupaten,14,1401,15,2022,2023,12684685159.28,-1365662063.57,-69023095.7,11250000000,0,0
kabupaten,14,1401,16,2022,2023,5298793863.63,3477216523.22,-46010386.84,8730000000,0,1
kabupaten,14,1401,17,2022,2023,7062532242.23,3437929434.52,1979538323.25,12480000000,1,1
kabupaten,14,1401,1,2023,2024,706358429263.35,-257542292468.44,43243863205.09,492060000000,1,0
kabupaten,14,1401,2,2023,2024,392295106903.42,-352243191147.46,80418084244.04,120470000000,1,0
kabupaten,14,1401,3,2023,2024,625553966445.41,37024506362.33,-220248472807.74,442330000000,0,1
kabupaten,14,1401,4,2023,2024,1250470741.39,1234435340.9,-344906082.29,2140000000,0,1
kabupaten,14,1401,5,2023,2024,126594338.27,6773416.99,26632244.74,160000000,1,1
kabupaten,14,1401,6,2023,2024,145860941605.64,124735238280.28,-26086179885.92,244510000000,0,1
kabupaten,14,1401,7,2023,2024,71401668342.7,51463870666.29,-19405539009,103460000000,0,1
kabupaten,14,1401,8,2023,2024,7364625629.05,6346643992.95,3318730378,17030000000,1,1
kabupaten,14,1401,9,2023,2024,1733990783.4,3540181669.16,-514172452.57,4760000000,0,1
kabupaten,14,1401,10,2023,2024,10573088802.4,12159716470.03,-572805272.43,22160000000,0,1
kabupaten,14,1401,11,2023,2024,9913039988.68,-6255234177.54,-7805811.14,3650000000,0,0
kabupaten,14,1401,12,2023,2024,20933780437.24,1985798415.72,-3519578852.96,19400000000,0,1
kabupaten,14,1401,13,2023,2024,69626886.05,95492765.87,-35119651.92,130000000,0,1
kabupaten,14,1401,14,2023,2024,28177438143.05,47541808087.73,-3089246230.78,72630000000,0,1
kabupaten,14,1401,15,2023,2024,10989795165.88,2813674023.57,-63469189.44,13740000000,0,1
kabupaten,14,1401,16,2023,2024,4732518345.78,4180101418.11,77380236.1,8990000000,1,1
kabupaten,14,1401,17,2023,2024,6337453234.34,7248804144.21,-2616257378.54,10970000000,0,1
kabupaten,14,1401,1,2024,2025,986266031218.02,21826215444.18,164657753337.81,1172750000000,1,1
kabupaten,14,1401,2,2024,2025,540425809369.71,-526883705796.84,125477896427.13,139020000000,1,0
kabupaten,14,1401,3,2024,2025,873755679770.71,291540970820.12,6213349409.17,1171510000000,1,1
kabupaten,14,1401,4,2024,2025,1806806235.14,63025513.21,-939831748.35,930000000,0,1
kabupaten,14,1401,5,2024,2025,180201364.57,81416758.41,-61618122.98,200000000,0,1
kabupaten,14,1401,6,2024,2025,210509700457.56,10557559870.91,26732739671.54,247800000000,1,1
kabupaten,14,1401,7,2024,2025,102270504757.63,9737649240.65,-15808153998.27,96200000000,0,1
kabupaten,14,1401,8,2024,2025,10853298143.52,-2690626989.28,4487328845.76,12650000000,1,0
kabupaten,14,1401,9,2024,2025,2591353133.54,-410311982.77,418958849.24,2600000000,1,0
kabupaten,14,1401,10,2024,2025,15471916628.43,3304742212.37,-696658840.8,18080000000,0,1
kabupaten,14,1401,11,2024,2025,13685239269.11,-881215724.81,-3064023544.3,9740000000,0,0
kabupaten,14,1401,12,2024,2025,29460047552.88,-5702911616.02,-1727135936.86,22030000000,0,0
kabupaten,14,1401,13,2024,2025,101123638.09,98012908.09,-19136546.18,180000000,0,1
kabupaten,14,1401,14,2024,2025,41883398011.08,213442704.21,4773159284.71,46870000000,1,1
kabupaten,14,1401,15,2024,2025,15636302447.7,13012768428.91,-359070876.61,28290000000,0,1
kabupaten,14,1401,16,2024,2025,6880720720.95,5714119166.71,-494839887.66,12100000000,0,1
kabupaten,14,1401,17,2024,2025,9162951832.82,12648850946.66,-3731802779.48,18080000000,0,1
kabupaten,14,1402,1,2021,2022,434345951634.71,-164997796760.99,35511845126.28,304860000000,1,0
kabupaten,14,1402,2,2021,2022,113410801025.47,-79545388309.45,100714587283.98,134580000000,1,0
kabupaten,14,1402,3,2021,2022,449695055730.14,17253650722.8,-86408706452.94,380540000000,0,1
kabupaten,14,1402,4,2021,2022,784985329.59,1687390040.02,-1582375369.61,890000000,0,1
kabupaten,14,1402,5,2021,2022,721239421.16,-8822683.32,-132416737.83,580000000,0,0
kabupaten,14,1402,6,2021,2022,174495317783.76,7944388495.64,-31059706279.41,151380000000,0,1
kabupaten,14,1402,7,2021,2022,132232235818.96,213261147393.54,-28413383212.5,317080000000,0,1
kabupaten,14,1402,8,2021,2022,12342573856.86,38015375682.86,-7417949539.72,42940000000,0,1
kabupaten,14,1402,9,2021,2022,10054095744.03,14003314959.11,-607410703.14,23450000000,0,1
kabupaten,14,1402,10,2021,2022,12175923839.09,6085179845.64,-1581103684.73,16680000000,0,1
kabupaten,14,1402,11,2021,2022,12510134530.46,1105130259.3,-165264789.76,13450000000,0,1
kabupaten,14,1402,12,2021,2022,17422212103.33,3554805412.26,-87017515.59,20890000000,0,1
kabupaten,14,1402,13,2021,2022,38702872.98,69862950.91,-68565823.89,40000000,0,1
kabupaten,14,1402,14,2021,2022,23358777490.34,7312835404.02,-33041612894.37,-2370000000,0,1
kabupaten,14,1402,15,2021,2022,10298151507.75,-1421504175.53,103352667.78,8980000000,1,0
kabupaten,14,1402,16,2021,2022,3235560181.02,-1471128355.94,-24431825.07,1740000000,0,0
kabupaten,14,1402,17,2021,2022,9084247279.97,16713567243.25,-837814523.22,24960000000,0,1
kabupaten,14,1402,1,2022,2023,414474308567.63,-96746254477.34,71911945909.71,389640000000,1,0
kabupaten,14,1402,2,2022,2023,110537008295.56,-44319040847.08,14472032551.53,80690000000,1,0
kabupaten,14,1402,3,2022,2023,431854015607.98,-59657307847.02,-128006707760.96,244190000000,0,0
kabupaten,14,1402,4,2022,2023,763346307.09,-501367539.77,1178021232.67,1440000000,1,0
kabupaten,14,1402,5,2022,2023,691348392.85,214412980.07,-85761372.92,820000000,0,1
kabupaten,14,1402,6,2022,2023,167729035666.69,197728738186.1,18692226147.21,384150000000,1,1
kabupaten,14,1402,7,2022,2023,135625123604.1,61493778329.35,7411098066.55,204530000000,1,1
kabupaten,14,1402,8,2022,2023,13221090672.37,12886361738.87,-5667452411.24,20440000000,0,1
kabupaten,14,1402,9,2022,2023,10284333644.26,19910769.23,1375755586.51,11680000000,1,1
kabupaten,14,1402,10,2022,2023,11961337693.43,9817371349.36,-1798709042.79,19980000000,0,1
kabupaten,14,1402,11,2022,2023,12134385311.86,-417015667.1,-4137369644.76,7580000000,0,0
kabupaten,14,1402,12,2022,2023,16989823598.34,-1090745846.11,560922247.77,16460000000,1,0
kabupaten,14,1402,13,2022,2023,37472598.64,21356160.54,-38828759.18,20000000,0,1
kabupaten,14,1402,14,2022,2023,21500008728.82,6069452655.45,-13039461384.28,14530000000,0,1
kabupaten,14,1402,15,2022,2023,9900765808.76,-1065938972.51,3115173163.76,11950000000,1,0
kabupaten,14,1402,16,2022,2023,3065174360.52,2011453022.57,-906627383.09,4170000000,0,1
kabupaten,14,1402,17,2022,2023,9451094625.1,4600643973.81,1038261401.09,15090000000,1,1
kabupaten,14,1402,1,2023,2024,359868670456.6,-131210159796.09,46651489339.49,275310000000,1,0
kabupaten,14,1402,2,2023,2024,95157447570.62,-85442215321.78,57764767751.16,67480000000,1,0
kabupaten,14,1402,3,2023,2024,369269355026.21,21855853080.54,-148645208106.75,242480000000,0,1
kabupaten,14,1402,4,2023,2024,688180888.89,679356007.35,-1337536896.24,30000000,0,1
kabupaten,14,1402,5,2023,2024,606246219.95,32437141.35,-978683361.3,-340000000,0,1
kabupaten,14,1402,6,2023,2024,153595152372.26,131349268138.2,18425579489.54,303370000000,1,1
kabupaten,14,1402,7,2023,2024,120465765697.08,86827587218.2,41586647084.72,248880000000,1,1
kabupaten,14,1402,8,2023,2024,11760965676.53,10135296201.33,2153738122.15,24050000000,1,1
kabupaten,14,1402,9,2023,2024,9000154149.35,18375057724.72,-13215211874.07,14160000000,0,1
kabupaten,14,1402,10,2023,2024,10692650121.88,12297219499.93,-2059869621.8,20930000000,0,1
kabupaten,14,1402,11,2023,2024,10401131492.91,-6563225133.14,-2717906359.76,1120000000,0,0
kabupaten,14,1402,12,2023,2024,14768636163.34,1400966938.74,-9149603102.08,7020000000,0,1
kabupaten,14,1402,13,2023,2024,32000235.51,43888089.37,14111675.13,90000000,1,1
kabupaten,14,1402,14,2023,2024,18467652397.49,31159170030.12,2203177572.39,51830000000,1,1
kabupaten,14,1402,15,2023,2024,8689294718.7,2224685944.01,-4613980662.71,6300000000,0,1
kabupaten,14,1402,16,2023,2024,2706657282.47,2390714862.18,-2967372144.65,2130000000,0,1
kabupaten,14,1402,17,2023,2024,8424149910.21,9635576078.05,-10619725988.25,7440000000,0,1
kabupaten,14,1402,1,2024,2025,503653228783.46,11145921620.16,201630849596.38,716430000000,1,1
kabupaten,14,1402,2,2024,2025,132922469314.96,-129591670127.7,-8180799187.26,-4850000000,0,0
kabupaten,14,1402,3,2024,2025,514891851121.43,171800966355.61,-139782817477.03,546910000000,0,1
kabupaten,14,1402,4,2024,2025,939347538.7,32766579.81,-952114118.51,20000000,0,1
kabupaten,14,1402,5,2024,2025,809947622.65,365942344.99,-535889967.64,640000000,0,1
kabupaten,14,1402,6,2024,2025,223871439936.56,11227682740.41,-202019122676.97,33080000000,0,1
kabupaten,14,1402,7,2024,2025,176108493147.56,16768106685.64,76333400166.81,269210000000,1,1
kabupaten,14,1402,8,2024,2025,17181433297.07,-4259426722.86,2907993425.79,15830000000,1,0
kabupaten,14,1402,9,2024,2025,12944784193.97,-2049662780.61,-5885121413.36,5010000000,0,0
kabupaten,14,1402,10,2024,2025,15575915820.21,3326956041.94,-692871862.16,18210000000,0,1
kabupaten,14,1402,11,2024,2025,14229198175.45,-916242159.68,4767043984.23,18080000000,1,0
kabupaten,14,1402,12,2024,2025,20464357093.02,-3961514982.98,-222842110.04,16280000000,0,0
kabupaten,14,1402,13,2024,2025,47925894.83,46451615.21,-64377510.04,30000000,0,1
kabupaten,14,1402,14,2024,2025,27653241317.73,140924158.19,5395834524.08,33190000000,1,1
kabupaten,14,1402,15,2024,2025,12144421750.28,10106772267.17,-2561194017.45,19690000000,0,1
kabupaten,14,1402,16,2024,2025,3790938281.17,3148198273.22,2120863445.61,9060000000,1,1
kabupaten,14,1402,17,2024,2025,11837696023.36,16341158971.83,-10408854995.19,17770000000,0,1
kabupaten,14,1403,1,2021,2022,453552138518.4,-172293774789.71,-178258363728.7,103000000000,0,0
kabupaten,14,1403,2,2021,2022,1774549492468.4,-1244654187928.9,-604895304539.45,-75000000000,0,0
kabupaten,14,1403,3,2021,2022,694830401946.68,26658867857.26,-93489269803.93,628000000000,0,1
kabupaten,14,1403,4,2021,2022,956188626.53,2055405501.18,-1011594127.72,2000000000,0,1
kabupaten,14,1403,5,2021,2022,591926292.62,-7240838.59,-584685454.03,0,0,0
kabupaten,14,1403,6,2021,2022,112010667679.48,5099599639.71,49889732680.81,167000000000,1,1
kabupaten,14,1403,7,2021,2022,219103793851.08,353365623636.05,22530582512.88,595000000000,1,1
kabupaten,14,1403,8,2021,2022,8560164847.05,26365479870.06,-5925644717.11,29000000000,0,1
kabupaten,14,1403,9,2021,2022,8651230430.53,12049408279.66,4299361289.82,25000000000,1,1
kabupaten,14,1403,10,2021,2022,20854018616.75,10422244378.68,-3276262995.43,28000000000,0,1
kabupaten,14,1403,11,2021,2022,11792993060.56,1041778843.16,-2834771903.73,10000000000,0,1
kabupaten,14,1403,12,2021,2022,12521517728.4,2554874130.02,1923608141.58,17000000000,1,1
kabupaten,14,1403,13,2021,2022,136598375.22,246575120.86,-383173496.08,0,0,1
kabupaten,14,1403,14,2021,2022,37655618768.67,11788688094.04,23555693137.29,73000000000,1,1
kabupaten,14,1403,15,2021,2022,11428730726.65,-1577563549.8,-1851167176.85,8000000000,0,0
kabupaten,14,1403,16,2021,2022,4006885673.09,-1821830781.35,-1185054891.73,1000000000,0,0
kabupaten,14,1403,17,2021,2022,8696763222.27,16000658330.21,12302578447.52,37000000000,1,1
kabupaten,14,1403,1,2022,2023,423735092916.5,-98907899193.93,66172806277.43,391000000000,1,0
kabupaten,14,1403,2,2022,2023,1637763080710,-656649659612.23,-172113421097.82,809000000000,0,0
kabupaten,14,1403,3,2022,2023,668949041758.48,-92410160553.84,-383538881204.63,193000000000,0,0
kabupaten,14,1403,4,2022,2023,968392998.52,-636042659.38,667649660.87,1000000000,1,0
kabupaten,14,1403,5,2022,2023,547352564.38,169754490.92,1282892944.7,2000000000,1,1
kabupaten,14,1403,6,2022,2023,110607322048.06,130390341396.62,-30997663444.68,210000000000,0,1
kabupaten,14,1403,7,2022,2023,227656562738.42,103221747064.53,-19878309802.95,311000000000,0,1
kabupaten,14,1403,8,2022,2023,9136577420.79,8905259378.16,-7041836798.95,11000000000,0,1
kabupaten,14,1403,9,2022,2023,9052369333.97,17525650.48,-1069894984.44,8000000000,0,1
kabupaten,14,1403,10,2022,2023,20462565099.11,16794827258.23,6742607642.67,44000000000,1,1
kabupaten,14,1403,11,2022,2023,11325987678.31,-389233915.51,1063246237.19,12000000000,1,0
kabupaten,14,1403,12,2022,2023,12294380676.83,-789298639.63,-2505082037.2,9000000000,0,0
kabupaten,14,1403,13,2022,2023,126312130.24,71987058.01,-198299188.25,0,0,1
kabupaten,14,1403,14,2022,2023,37893639072.42,10697374647.32,21408986280.26,70000000000,1,1
kabupaten,14,1403,15,2022,2023,10904947244.17,-1174051430.5,-1730895813.68,8000000000,0,0
kabupaten,14,1403,16,2022,2023,3747259863.83,2459056579.79,-206316443.62,6000000000,0,1
kabupaten,14,1403,17,2022,2023,9599721898.35,4672993389,727284712.65,15000000000,1,1
kabupaten,14,1403,1,2023,2024,367651057401.95,-134047662247.75,-113603395154.2,120000000000,0,0
kabupaten,14,1403,2,2023,2024,1396300386060.2,-1253743151854.7,-64557234205.48,78000000000,0,0
kabupaten,14,1403,3,2023,2024,565489876047.9,33469508046.67,-590959384094.57,8000000000,0,1
kabupaten,14,1403,4,2023,2024,843962255.16,833139712.64,1322898032.2,3000000000,1,1
kabupaten,14,1403,5,2023,2024,527476409.47,28222570.78,-555698980.25,0,0,1
kabupaten,14,1403,6,2023,2024,99763371578.13,85314188901.14,29922439520.73,215000000000,1,1
kabupaten,14,1403,7,2023,2024,201074007290.71,144927239737.54,-268001247028.24,78000000000,0,1
kabupaten,14,1403,8,2023,2024,8017641423.97,6909396124.69,-1927037548.66,13000000000,0,1
kabupaten,14,1403,9,2023,2024,7841815954.15,16010150318.88,3148033726.97,27000000000,1,1
kabupaten,14,1403,10,2023,2024,18637499801.34,21434295836.36,-3071795637.7,37000000000,0,1
kabupaten,14,1403,11,2023,2024,9881391404.11,-6235263582.44,1353872178.33,5000000000,1,0
kabupaten,14,1403,12,2023,2024,10584693283.4,1004074119.15,411232597.44,12000000000,1,1
kabupaten,14,1403,13,2023,2024,105495281.89,144686008.9,749818709.21,1000000000,1,1
kabupaten,14,1403,14,2023,2024,34110141145.85,57551640286.41,1338218567.74,93000000000,1,1
kabupaten,14,1403,15,2023,2024,9389080088.6,2403849239.38,3207070672.02,15000000000,1,1
kabupaten,14,1403,16,2023,2024,3340683926.66,2950732907.72,-2291416834.37,4000000000,0,1
kabupaten,14,1403,17,2023,2024,8545117833.45,9773939668.42,-4319057501.86,14000000000,0,1
kabupaten,14,1403,1,2024,2025,506816337842.33,11215921698.85,-152032259541.18,366000000000,0,1
kabupaten,14,1403,2,2024,2025,1906731725868.3,-1858952441330.6,-260779284537.68,-213000000000,0,0
kabupaten,14,1403,3,2024,2025,771079721942.81,257281681732.71,328638596324.48,1357000000000,1,1
kabupaten,14,1403,4,2024,2025,1293999160.45,45137635.45,-3339136795.9,-2000000000,0,1
kabupaten,14,1403,5,2024,2025,718888422.47,324800897.92,-1043689320.39,0,0,1
kabupaten,14,1403,6,2024,2025,146269831025.51,7335778327.57,119394390646.92,273000000000,1,1
kabupaten,14,1403,7,2024,2025,277778486442.95,26448578443.9,-26227064886.84,278000000000,0,1
kabupaten,14,1403,8,2024,2025,11550140654.37,-2863380307.42,8313239653.04,17000000000,1,0
kabupaten,14,1403,9,2024,2025,11981473707.86,-1897133266.02,4915659558.16,15000000000,1,0
kabupaten,14,1403,10,2024,2025,27173982369.42,5804258694.71,28021758935.87,61000000000,1,1
kabupaten,14,1403,11,2024,2025,13706805921.79,-882604438.09,6175798516.3,19000000000,1,0
kabupaten,14,1403,12,2024,2025,15000805082.24,-2903873980.5,10903068898.26,23000000000,1,0
kabupaten,14,1403,13,2024,2025,191703579.33,185806460.83,-377510040.16,-0,0,1
kabupaten,14,1403,14,2024,2025,50945226205.81,259622842.56,16795150951.63,68000000000,1,1
kabupaten,14,1403,15,2024,2025,13515102342.46,11247473478.06,6237424179.48,31000000000,1,1
kabupaten,14,1403,16,2024,2025,4744663588.31,3940222870.41,-8684886458.72,0,0,1
kabupaten,14,1403,17,2024,2025,12316954971.68,17002744355.31,-17319699326.98,12000000000,0,1
kabupaten,14,1404,1,2021,2022,1002150337169.9,-380693309179.01,333762972009.07,955220000000,1,0
kabupaten,14,1404,2,2021,2022,24715654684.19,-17335353699.99,145929699015.8,153310000000,1,0
kabupaten,14,1404,3,2021,2022,592667111136.73,22739123324.01,-6356234460.74,609050000000,0,1
kabupaten,14,1404,4,2021,2022,1025853797.89,2205156473.41,-1121010271.31,2110000000,0,1
kabupaten,14,1404,5,2021,2022,327836100.53,-4010310.6,-113825789.92,210000000,0,0
kabupaten,14,1404,6,2021,2022,107565756549.86,4897232600.35,17067010849.79,129530000000,1,1
kabupaten,14,1404,7,2021,2022,281231011540.21,453562989631.52,-258144001171.73,476650000000,0,1
kabupaten,14,1404,8,2021,2022,17777367878.9,54754650562.07,-37122018440.97,35410000000,0,1
kabupaten,14,1404,9,2021,2022,8770071016.97,12214929098.66,2294999884.38,23280000000,1,1
kabupaten,14,1404,10,2021,2022,15737498808.97,7865153547.17,-7922652356.14,15680000000,0,1
kabupaten,14,1404,11,2021,2022,11996979967.56,1059798801.53,-2586778769.09,10470000000,0,1
kabupaten,14,1404,12,2021,2022,17333878487.36,3536781936.58,-4220660423.94,16650000000,0,1
kabupaten,14,1404,13,2021,2022,49630743,89588960.58,30780296.43,170000000,1,1
kabupaten,14,1404,14,2021,2022,34300307345.38,10738254689.39,-41358562034.77,3680000000,0,1
kabupaten,14,1404,15,2021,2022,10681992942.12,-1474487684.39,-1647505257.72,7560000000,0,0
kabupaten,14,1404,16,2021,2022,3615758992.04,-1643995253.95,-1011763738.1,960000000,0,0
kabupaten,14,1404,17,2021,2022,7834372146.72,14413996190.03,4371631663.25,26620000000,1,1
kabupaten,14,1404,1,2022,2023,966904199542.32,-225693988289.43,-62360211252.89,678850000000,0,0
kabupaten,14,1404,2,2022,2023,29309466701.22,-11751425807.22,10081959106.01,27640000000,1,0
kabupaten,14,1404,3,2022,2023,573681064806.94,-79249622910.22,-328631441896.72,165800000000,0,0
kabupaten,14,1404,4,2022,2023,1037443629.72,-681395266.4,253951636.69,610000000,1,0
kabupaten,14,1404,5,2022,2023,311990961.7,96760059.82,-1018751021.52,-610000000,0,1
kabupaten,14,1404,6,2022,2023,104919486823.29,123685190570.86,152205322605.85,380810000000,1,1
kabupaten,14,1404,7,2022,2023,280122411236.36,127010283964.31,-236112695200.67,171020000000,0,1
kabupaten,14,1404,8,2022,2023,17929585847.33,17475648173.25,-2175234020.58,33230000000,0,1
kabupaten,14,1404,9,2022,2023,9089841932.61,17598198.52,16872559868.88,25980000000,1,1
kabupaten,14,1404,10,2022,2023,15212611925.84,12485882791.5,-14868494717.34,12830000000,0,1
kabupaten,14,1404,11,2022,2023,11534402693.21,-396396398.34,-5418006294.87,5720000000,0,0
kabupaten,14,1404,12,2022,2023,16729620610.04,-1074040826.95,-1925579783.09,13730000000,0,0
kabupaten,14,1404,13,2022,2023,53051094.7,30234564.36,-63285659.06,20000000,0,1
kabupaten,14,1404,14,2022,2023,31872339823.81,8997561815.86,-26879901639.68,13990000000,0,1
kabupaten,14,1404,15,2022,2023,10195915153.09,-1097715422.43,-1428199730.66,7670000000,0,0
kabupaten,14,1404,16,2022,2023,3383901969.17,2220610981.1,4955487049.74,10560000000,1,1
kabupaten,14,1404,17,2022,2023,8365231345.45,4072062835.65,7792705818.9,20230000000,1,1
kabupaten,14,1404,1,2023,2024,831425547505.73,-303142473637.31,-281163073868.43,247120000000,0,0
kabupaten,14,1404,2,2023,2024,25451088407.96,-22852624060.91,8301535652.94,10900000000,1,0
kabupaten,14,1404,3,2023,2024,484966030679.79,28703563323.96,106280405996.25,619950000000,1,1
kabupaten,14,1404,4,2023,2024,887918622.61,876532406.01,-64451028.62,1700000000,0,1
kabupaten,14,1404,5,2023,2024,239122638.96,12794232.09,-41916871.05,210000000,0,1
kabupaten,14,1404,6,2023,2024,101019468734.55,86388359795.59,-81357828530.14,106050000000,0,1
kabupaten,14,1404,7,2023,2024,239970821027.05,172962727393.79,-11733548420.84,401200000000,0,1
kabupaten,14,1404,8,2023,2024,16143239686.42,13911826662.11,2484933651.47,32540000000,1,1
kabupaten,14,1404,9,2023,2024,8505381277.27,17364910572.32,-13860291849.58,12010000000,0,1
kabupaten,14,1404,10,2023,2024,13156668255.99,15130995177.77,-7207663433.75,21080000000,0,1
kabupaten,14,1404,11,2023,2024,9834621829.13,-6205751480.78,-1068870348.35,2560000000,0,0
kabupaten,14,1404,12,2023,2024,14455315176.11,1371245010.5,-4356560186.61,11470000000,0,1
kabupaten,14,1404,13,2023,2024,45011320.27,61732697.13,-56744017.4,50000000,0,1
kabupaten,14,1404,14,2023,2024,27111584144.98,45743467657.75,1894948197.27,74750000000,1,1
kabupaten,14,1404,15,2023,2024,8785295425.23,2249264627.25,-4954560052.47,6080000000,0,1
kabupaten,14,1404,16,2023,2024,3197561994.22,2824317297.88,11138120707.9,17160000000,1,1
kabupaten,14,1404,17,2023,2024,7697990719.83,8804992316.1,-2752983035.94,13750000000,0,1
kabupaten,14,1404,1,2024,2025,1144978862318.6,25338554240.92,-270727416559.53,899590000000,0,1
kabupaten,14,1404,2,2024,2025,35209237896.86,-34326957409.78,-34282280487.08,-33400000000,0,0
kabupaten,14,1404,3,2024,2025,690663425228.32,230449644177.25,-332243069405.57,588870000000,0,1
kabupaten,14,1404,4,2024,2025,1291602865.71,45054047.24,-1006656912.95,330000000,0,1
kabupaten,14,1404,5,2024,2025,335960522.77,151790286.29,-237750809.06,250000000,0,1
kabupaten,14,1404,6,2024,2025,142760217747.01,7159762912.45,62170019340.54,212090000000,1,1
kabupaten,14,1404,7,2024,2025,346279926443.4,32970918357.88,-5840844801.28,373410000000,0,1
kabupaten,14,1404,8,2024,2025,23560849158.08,-5840939389.75,1910090231.67,19630000000,1,0
kabupaten,14,1404,9,2024,2025,12167426179.8,-1926576774.31,-2160849405.5,8080000000,0,0
kabupaten,14,1404,10,2024,2025,18941272155.28,4045783282.76,-4767055438.03,18220000000,0,1
kabupaten,14,1404,11,2024,2025,13526125298.27,-870970106.86,-8995155191.41,3660000000,0,0
kabupaten,14,1404,12,2024,2025,20250607602.07,-3920137098.15,-4080470503.92,12250000000,0,0
kabupaten,14,1404,13,2024,2025,63741440.13,61780648.23,-45522088.35,80000000,0,1
kabupaten,14,1404,14,2024,2025,40532367035.78,206557692.04,5701075272.18,46440000000,1,1
kabupaten,14,1404,15,2024,2025,12264715746.31,10206882758.05,-5361598504.36,17110000000,0,1
kabupaten,14,1404,16,2024,2025,5180309972.33,4302006970.33,-3632316942.66,5850000000,0,1
kabupaten,14,1404,17,2024,2025,11150438691.48,15392445531.93,6067115776.59,32610000000,1,1
kabupaten,14,1405,1,2021,2022,625285892483.16,-237531383030.41,41345490547.25,429100000000,1,0
kabupaten,14,1405,2,2021,2022,27087457805.9,-18998916593.51,-5438541212.39,2650000000,0,0
kabupaten,14,1405,3,2021,2022,870633876837.12,33403998169.38,-3417875006.49,900620000000,0,1
kabupaten,14,1405,4,2021,2022,535920958.78,1152005845.19,-317926803.96,1370000000,0,1
kabupaten,14,1405,5,2021,2022,108823372.26,-1331200.32,2507828.07,110000000,1,0
kabupaten,14,1405,6,2021,2022,36097031307.42,1643418539.18,19569550153.4,57310000000,1,1
kabupaten,14,1405,7,2021,2022,41012751503.63,66144434367.77,11322814128.6,118480000000,1,1
kabupaten,14,1405,8,2021,2022,3108979019.98,9575717901.74,205303078.27,12890000000,1,1
kabupaten,14,1405,9,2021,2022,2357687956.28,3283780845.9,1318531197.82,6960000000,1,1
kabupaten,14,1405,10,2021,2022,10558143748.58,5276659446.57,-2844803195.15,12990000000,0,1
kabupaten,14,1405,11,2021,2022,8709512403.96,769387865.33,-2018900269.28,7460000000,0,1
kabupaten,14,1405,12,2021,2022,9989894507.67,2038325033.19,1491780459.14,13520000000,1,1
kabupaten,14,1405,13,2021,2022,14570493.36,26301346.22,-871839.58,40000000,0,1
kabupaten,14,1405,14,2021,2022,16771093181.46,5250456451.85,-2611549633.31,19410000000,0,1
kabupaten,14,1405,15,2021,2022,4872464044.06,-672570021.77,-579894022.29,3620000000,0,0
kabupaten,14,1405,16,2021,2022,2590360522.07,-1177772194.9,-652588327.17,760000000,0,0
kabupaten,14,1405,17,2021,2022,3980021325.96,7322604945.78,3677373728.26,14980000000,1,1
kabupaten,14,1405,1,2022,2023,596266936815.4,-139180141237.04,-13106795578.36,443980000000,0,0
kabupaten,14,1405,2,2022,2023,25159271141.92,-10087433906.66,-1131837235.26,13940000000,0,0
kabupaten,14,1405,3,2022,2023,842992420815.93,-116452913585.91,392170492769.97,1118710000000,1,0
kabupaten,14,1405,4,2022,2023,553247130.46,-363373936.71,840126806.25,1030000000,1,0
kabupaten,14,1405,5,2022,2023,105260108.53,32645094.41,62094797.06,200000000,1,1
kabupaten,14,1405,6,2022,2023,35791805225.2,42193460759.21,-1095265984.41,76890000000,0,1
kabupaten,14,1405,7,2022,2023,42912862087.78,19457117962.94,4180019949.28,66550000000,1,1
kabupaten,14,1405,8,2022,2023,3417585203.9,3331059464.17,-2598644668.07,4150000000,0,1
kabupaten,14,1405,9,2022,2023,2473191510.13,4788170.74,42020319.13,2520000000,1,1
kabupaten,14,1405,10,2022,2023,10310017110.74,8462035701.07,-4072052811.81,14700000000,0,1
kabupaten,14,1405,11,2022,2023,8367757588.06,-287570068.28,-530187519.78,7550000000,0,0
kabupaten,14,1405,12,2022,2023,9806873791.94,-629600818.98,-517272972.96,8660000000,0,0
kabupaten,14,1405,13,2022,2023,15157455.63,8638446.96,-3795902.59,20000000,0,1
kabupaten,14,1405,14,2022,2023,16325421793.27,4608666717.5,-4754088510.77,16180000000,0,1
kabupaten,14,1405,15,2022,2023,4657970322.87,-501487682.45,-196482640.41,3960000000,0,0
kabupaten,14,1405,16,2022,2023,2427298102.81,1592860807.02,-130158909.83,3890000000,0,1
kabupaten,14,1405,17,2022,2023,4311033005.14,2098542952.19,430424042.67,6840000000,1,1
kabupaten,14,1405,1,2023,2024,513611867874.45,-187265802192.43,64853934317.98,391200000000,1,0
kabupaten,14,1405,2,2023,2024,21503103308.53,-19307714003.26,-865389305.27,1330000000,0,0
kabupaten,14,1405,3,2023,2024,743402745849.63,43999592632.89,339607661517.48,1127010000000,1,1
kabupaten,14,1405,4,2023,2024,498289381.48,491899572.01,19811046.51,1010000000,1,1
kabupaten,14,1405,5,2023,2024,94945753.7,5080062.74,29974183.55,130000000,1,1
kabupaten,14,1405,6,2023,2024,32596987152.55,27875817301.97,-5672804454.52,54800000000,0,1
kabupaten,14,1405,7,2023,2024,38180852423.22,27519447327.29,4579700249.5,70280000000,1,1
kabupaten,14,1405,8,2023,2024,3000285817.08,2585568760.34,374145422.58,5960000000,1,1
kabupaten,14,1405,9,2023,2024,2154213656.28,4398124701.95,-492338358.23,6060000000,0,1
kabupaten,14,1405,10,2023,2024,9127803440.44,10497547491.03,-3365350931.47,16260000000,0,1
kabupaten,14,1405,11,2023,2024,7254207234,-4577482293.31,433275059.31,3110000000,1,0
kabupaten,14,1405,12,2023,2024,8495183400.02,805861214.97,-521044614.98,8780000000,0,1
kabupaten,14,1405,13,2023,2024,13362735.71,18326894.46,8310369.83,40000000,1,1
kabupaten,14,1405,14,2023,2024,14203884754.26,23965214994.32,-2309099748.58,35860000000,0,1
kabupaten,14,1405,15,2023,2024,4029568117.43,1031674473.19,-41242590.61,5020000000,0,1
kabupaten,14,1405,16,2023,2024,2164059882.59,1911453717.27,-365513599.87,3710000000,0,1
kabupaten,14,1405,17,2023,2024,3841083213.77,4393446213.91,555470572.31,8790000000,1,1
kabupaten,14,1405,1,2024,2025,718741289974.26,15905852728.43,-241327142702.68,493320000000,0,1
kabupaten,14,1405,2,2024,2025,29369946870.59,-28633988565.95,-155958304.65,580000000,0,0
kabupaten,14,1405,3,2024,2025,1067183632792.4,356080949802.01,-29784582594.46,1393480000000,0,1
kabupaten,14,1405,4,2024,2025,727515083.54,25377381.71,-532892465.25,220000000,0,1
kabupaten,14,1405,5,2024,2025,135630282.37,61279102.74,-16909385.11,180000000,0,1
kabupaten,14,1405,6,2024,2025,47052205768.65,2359779517.91,-7211985286.56,42200000000,0,1
kabupaten,14,1405,7,2024,2025,55404251460.92,5275295828.9,6470452710.18,67150000000,1,1
kabupaten,14,1405,8,2024,2025,4374675680.21,-1084520142.99,429844462.78,3720000000,1,0
kabupaten,14,1405,9,2024,2025,3226371240.05,-510860045.87,-1055511194.18,1660000000,0,0
kabupaten,14,1405,10,2024,2025,13219399571.35,2823613184.77,-4273012756.12,11770000000,0,1
kabupaten,14,1405,11,2024,2025,10035682377.7,-646214578.1,-3399467799.6,5990000000,0,0
kabupaten,14,1405,12,2024,2025,11998727030,-2322728082.29,-165998947.7,9510000000,0,0
kabupaten,14,1405,13,2024,2025,20128875.83,19509678.39,-9638554.22,30000000,0,1
kabupaten,14,1405,14,2024,2025,21076850028.96,107410097.56,-9524260126.52,11660000000,0,1
kabupaten,14,1405,15,2024,2025,5732416280.79,4770603910.32,-263020191.11,10240000000,0,1
kabupaten,14,1405,16,2024,2025,3127164637.75,2596965073.68,-2704129711.43,3020000000,0,1
kabupaten,14,1405,17,2024,2025,5656214108,7808030695.77,-1494244803.78,11970000000,0,1
kabupaten,14,1406,1,2021,2022,656408466293.03,-249354115782.57,318115649489.54,725170000000,1,0
kabupaten,14,1406,2,2021,2022,42916022198.35,-30100939413.15,4534917214.8,17350000000,1,0
kabupaten,14,1406,3,2021,2022,339968312884.32,13043715852.74,-28032028737.06,324980000000,0,1
kabupaten,14,1406,4,2021,2022,937520181.92,2015276155.69,-1872796337.6,1080000000,0,1
kabupaten,14,1406,5,2021,2022,80593041.38,-985868.02,-19607173.36,60000000,0,0
kabupaten,14,1406,6,2021,2022,35363498032.5,1610022380.56,17086479586.94,54060000000,1,1
kabupaten,14,1406,7,2021,2022,55193028835.1,89014063663.07,9712907501.83,153920000000,1,1
kabupaten,14,1406,8,2021,2022,5617835844.83,17303047374.3,-3010883219.14,19910000000,0,1
kabupaten,14,1406,9,2021,2022,2804819971.16,3906545000.14,-401364971.3,6310000000,0,1
kabupaten,14,1406,10,2021,2022,14957066758.55,7475115842.69,-9822182601.24,12610000000,0,1
kabupaten,14,1406,11,2021,2022,10783986395.61,952644406.23,-4016630801.85,7720000000,0,1
kabupaten,14,1406,12,2021,2022,7662713521.86,1563490063.06,-1556203584.92,7670000000,0,1
kabupaten,14,1406,13,2021,2022,44166807.99,79725955.74,-3892763.73,120000000,0,1
kabupaten,14,1406,14,2021,2022,33360965851.79,10444178951.32,-48715144803.11,-4910000000,0,1
kabupaten,14,1406,15,2021,2022,4590160735.27,-633602316.55,-16558418.72,3940000000,0,0
kabupaten,14,1406,16,2021,2022,2591271177.9,-1178186247.35,356915069.45,1770000000,1,0
kabupaten,14,1406,17,2021,2022,4764095999.72,8765177387.91,-2529273387.62,11000000000,0,1
kabupaten,14,1406,1,2022,2023,637511636703.13,-148807445387.62,82185808684.49,570890000000,1,0
kabupaten,14,1406,2,2022,2023,40414829192.04,-16204043273.91,-9130785918.13,15080000000,0,0
kabupaten,14,1406,3,2022,2023,328050706975.59,-45317679836.61,-26663027138.99,256070000000,0,0
kabupaten,14,1406,4,2022,2023,912394620.78,-599262801.25,1196868180.48,1510000000,1,0
kabupaten,14,1406,5,2022,2023,77050399.45,23896209.11,-30946608.55,70000000,0,1
kabupaten,14,1406,6,2022,2023,34976670944.71,41232533081.46,-9929204026.17,66280000000,0,1
kabupaten,14,1406,7,2022,2023,57517491626.73,26079002076.92,71623506296.35,155220000000,1,1
kabupaten,14,1406,8,2022,2023,6033088380.76,5880343853.9,-3193432234.66,8720000000,0,1
kabupaten,14,1406,9,2022,2023,2859285588.23,5535660.11,-274821248.34,2590000000,0,1
kabupaten,14,1406,10,2022,2023,14361689208.45,11787480612.72,-6849169821.17,19300000000,0,1
kabupaten,14,1406,11,2022,2023,10296964857.28,-353870060.88,-903094796.4,9040000000,0,0
kabupaten,14,1406,12,2022,2023,7408627479.09,-475633522.7,-1392993956.39,5540000000,0,0
kabupaten,14,1406,13,2022,2023,45893407.32,26155297.74,37951294.94,110000000,1,1
kabupaten,14,1406,14,2022,2023,30642059675.26,8650253718.98,-9162313394.24,30130000000,0,1
kabupaten,14,1406,15,2022,2023,4410398547.6,-474833541.87,-185565005.73,3750000000,0,0
kabupaten,14,1406,16,2022,2023,2470665267.52,1621319551.71,1528015180.77,5620000000,1,1
kabupaten,14,1406,17,2022,2023,4868490539.94,2369904498.12,-68395038.05,7170000000,0,1
kabupaten,14,1406,1,2023,2024,552522044346.5,-201452673381.06,-87499370965.44,263570000000,0,0
kabupaten,14,1406,2,2023,2024,34284560011.92,-30784230068.56,20539670056.64,24040000000,1,0
kabupaten,14,1406,3,2023,2024,282991093681.7,16749323176.77,-121240416858.47,178500000000,0,1
kabupaten,14,1406,4,2023,2024,815126878.1,804674105.8,100199016.1,1720000000,1,1
kabupaten,14,1406,5,2023,2024,66813678.53,3574858.97,29611462.5,100000000,1,1
kabupaten,14,1406,6,2023,2024,31543089286.42,26974560255.31,-8017649541.74,50500000000,0,1
kabupaten,14,1406,7,2023,2024,53496657448.65,38558553657.35,-16055211105.99,76000000000,0,1
kabupaten,14,1406,8,2023,2024,5345445933.59,4606567126.82,1937986939.6,11890000000,1,1
kabupaten,14,1406,9,2023,2024,2479139124.52,5061504921.44,-340644045.96,7200000000,0,1
kabupaten,14,1406,10,2023,2024,12673499864.91,14575321168.73,-1348821033.64,25900000000,0,1
kabupaten,14,1406,11,2023,2024,8917867829.47,-5627269909.27,5409402079.8,8700000000,1,0
kabupaten,14,1406,12,2023,2024,6382464554.61,605446686.47,112088758.92,7100000000,1,1
kabupaten,14,1406,13,2023,2024,42198112.76,57874403.56,-72516.32,100000000,0,1
kabupaten,14,1406,14,2023,2024,26651624715.92,44967410487.7,49280964796.38,120900000000,1,1
kabupaten,14,1406,15,2023,2024,3815412695.18,976845102.9,-292257798.08,4500000000,0,1
kabupaten,14,1406,16,2023,2024,2261115541.94,1997180273.33,-758295815.27,3500000000,0,1
kabupaten,14,1406,17,2023,2024,4318273538.88,4939258400.34,-1657531939.21,7600000000,0,1
kabupaten,14,1406,1,2024,2025,765654510647.9,16944049350.02,328431440002.09,1111030000000,1,1
kabupaten,14,1406,2,2024,2025,47877968936.59,-46678232723.12,5590263786.52,6790000000,1,0
kabupaten,14,1406,3,2024,2025,394238410883.31,131543235374.06,92018353742.63,617800000000,1,1
kabupaten,14,1406,4,2024,2025,1193354781.3,41626930.48,-564981711.78,670000000,0,1
kabupaten,14,1406,5,2024,2025,95851789.66,43306786.39,-89158576.05,50000000,0,1
kabupaten,14,1406,6,2024,2025,45409785352.78,2277408245.53,-4427193598.31,43260000000,0,1
kabupaten,14,1406,7,2024,2025,76552031814.24,7288874111.19,77199094074.58,161040000000,1,1
kabupaten,14,1406,8,2024,2025,7855054162.87,-1947336233.96,1102282071.09,7010000000,1,0
kabupaten,14,1406,9,2024,2025,3723842028.4,-589629019.08,-1224213009.32,1910000000,0,0
kabupaten,14,1406,10,2024,2025,18513773173.38,3954471135.39,-10198244308.77,12270000000,0,1
kabupaten,14,1406,11,2024,2025,12570962214.28,-809465538.85,-6511496675.43,5250000000,0,0
kabupaten,14,1406,12,2024,2025,9038823765.21,-1749746430.42,-2539077334.78,4750000000,0,0
kabupaten,14,1406,13,2024,2025,62303663.28,60387099.77,-62690763.05,60000000,0,1
kabupaten,14,1406,14,2024,2025,42117276377.86,214634575.77,3558089046.37,45890000000,1,1
kabupaten,14,1406,15,2024,2025,5415626115.95,4506966322.77,-4472592438.72,5450000000,0,1
kabupaten,14,1406,16,2024,2025,3249375669.57,2698455662.76,-1397831332.33,4550000000,0,1
kabupaten,14,1406,17,2024,2025,6249536686.02,8627073400.51,-3516610086.53,11360000000,0,1
kabupaten,14,1407,1,2021,2022,819876652573.29,-311451829541.03,-103694823032.26,404730000000,0,0
kabupaten,14,1407,2,2021,2022,602574591291.35,-422640783913.62,-155873807377.74,24060000000,0,0
kabupaten,14,1407,3,2021,2022,507131029886.34,19457322354.03,-78318352240.37,448270000000,0,1
kabupaten,14,1407,4,2021,2022,578721783.01,1244009710.48,-862731493.49,960000000,0,1
kabupaten,14,1407,5,2021,2022,165284034.01,-2021864.93,-33262169.09,130000000,0,0
kabupaten,14,1407,6,2021,2022,27990373066.1,1274340197.77,-4514713263.87,24750000000,0,1
kabupaten,14,1407,7,2021,2022,109212222299.16,176134992293.44,-32017214592.6,253330000000,0,1
kabupaten,14,1407,8,2021,2022,3107613036.23,9571510644.32,-5249123680.55,7430000000,0,1
kabupaten,14,1407,9,2021,2022,3800622126.51,5293495311.07,-1154117437.57,7940000000,0,1
kabupaten,14,1407,10,2021,2022,7312111025.47,3654384770.25,-4366495795.71,6600000000,0,1
kabupaten,14,1407,11,2021,2022,8095730371.31,715167097.74,-1640897469.04,7170000000,0,1
kabupaten,14,1407,12,2021,2022,8737287406.92,1782744715.67,-3080032122.59,7440000000,0,1
kabupaten,14,1407,13,2021,2022,4097951.26,7397253.63,-1495204.88,10000000,0,1
kabupaten,14,1407,14,2021,2022,16317131247.81,5108336475.67,6564532276.51,27990000000,1,1
kabupaten,14,1407,15,2021,2022,6656438824.42,-918820778.27,-2647618046.15,3090000000,0,0
kabupaten,14,1407,16,2021,2022,1920573155.58,-873236617.7,-157336537.88,890000000,0,0
kabupaten,14,1407,17,2021,2022,4086568058.63,7518633953.6,-645202012.23,10960000000,0,1
kabupaten,14,1407,1,2022,2023,775178385372.36,-180941505387.26,-82596879985.1,511640000000,0,0
kabupaten,14,1407,2,2022,2023,558212039256.7,-223811215362.39,-67290823894.32,267110000000,0,0
kabupaten,14,1407,3,2022,2023,487816604911.43,-67388108759.67,-136048496151.76,284380000000,0,0
kabupaten,14,1407,4,2022,2023,575562273.47,-378030571.9,842468298.44,1040000000,1,0
kabupaten,14,1407,5,2022,2023,158311203.24,49098221.99,2590574.78,210000000,1,1
kabupaten,14,1407,6,2022,2023,26924693682.26,31740394182.07,-3225087864.33,55440000000,0,1
kabupaten,14,1407,7,2022,2023,111654449607.76,50625236616.98,2110313775.26,164390000000,1,1
kabupaten,14,1407,8,2022,2023,3186434005.56,3105760505.71,-2092194511.27,4200000000,0,1
kabupaten,14,1407,9,2022,2023,3848730608.46,7451254.47,13818137.08,3870000000,1,1
kabupaten,14,1407,10,2022,2023,7039375018.35,5777627920.38,-907002938.73,11910000000,0,1
kabupaten,14,1407,11,2022,2023,7787984910.25,-267645343.31,-1280339566.94,6240000000,0,0
kabupaten,14,1407,12,2022,2023,8392598973.67,-538804444.65,-503794529.03,7350000000,0,0
kabupaten,14,1407,13,2022,2023,4210404.34,2399568.6,3390027.06,10000000,1,1
kabupaten,14,1407,14,2022,2023,16266897172.92,4592145216.66,5120957610.42,25980000000,1,1
kabupaten,14,1407,15,2022,2023,6285291600.81,-676688793.61,-1318602807.2,4290000000,0,0
kabupaten,14,1407,16,2022,2023,1813421149.83,1190017605.52,-53438755.35,2950000000,0,1
kabupaten,14,1407,17,2022,2023,4240298212.2,2064110369.33,875591418.47,7180000000,1,1
kabupaten,14,1407,1,2023,2024,665417116963.9,-242614857628.79,-116612259335.11,306190000000,0,0
kabupaten,14,1407,2,2023,2024,475608950826.69,-427050992044.96,-33477958781.73,15080000000,0,0
kabupaten,14,1407,3,2023,2024,417422324795.96,24705870874.75,-242048195670.71,200080000000,0,1
kabupaten,14,1407,4,2023,2024,517278532.22,510645215.54,72076252.24,1100000000,1,1
kabupaten,14,1407,5,2023,2024,139605423.04,7469573.73,-7074996.77,140000000,0,1
kabupaten,14,1407,6,2023,2024,24436927098.02,20897615844.62,-1414542942.63,43920000000,0,1
kabupaten,14,1407,7,2023,2024,99034047529.3,71380340710.6,-204388239.9,170210000000,0,1
kabupaten,14,1407,8,2023,2024,2808987705.91,2420712993.16,-59700699.07,5170000000,0,1
kabupaten,14,1407,9,2023,2024,3350530152.97,6840570055.53,458899791.51,10650000000,1,1
kabupaten,14,1407,10,2023,2024,6298068329.1,7243174309.99,-911242639.08,12630000000,0,1
kabupaten,14,1407,11,2023,2024,6723917617.01,-4242863877.57,-11053739.44,2470000000,0,0
kabupaten,14,1407,12,2023,2024,7267921620.64,689441989.86,-1217363610.5,6740000000,0,1
kabupaten,14,1407,13,2023,2024,3868160.34,5305153.66,826686,10000000,1,1
kabupaten,14,1407,14,2023,2024,14499623194.5,24464193648.76,3706183156.74,42670000000,1,1
kabupaten,14,1407,15,2023,2024,5400303480.17,1382618455.78,-702921935.95,6080000000,0,1
kabupaten,14,1407,16,2023,2024,1618297624.26,1429397141.19,-907694765.45,2140000000,0,1
kabupaten,14,1407,17,2023,2024,3793961987.86,4339548768.83,-273510756.69,7860000000,0,1
kabupaten,14,1407,1,2024,2025,921559842829.27,20394257773.89,-165084100603.16,776870000000,0,1
kabupaten,14,1407,2,2024,2025,648921887865.94,-632661066743.37,32939178877.43,49200000000,1,0
kabupaten,14,1407,3,2024,2025,578486638009.04,193020268658.95,-7606906667.98,763900000000,0,1
kabupaten,14,1407,4,2024,2025,757708397.28,26430593.21,35861009.51,820000000,1,1
kabupaten,14,1407,5,2024,2025,196975427.76,88995446.03,-85970873.79,200000000,0,1
kabupaten,14,1407,6,2024,2025,35409568137.25,1775873676.13,7584558186.62,44770000000,1,1
kabupaten,14,1407,7,2024,2025,143129247137.21,13627999666.21,-1787246803.42,154970000000,0,1
kabupaten,14,1407,8,2024,2025,4076097355.41,-1010499979.86,394402624.45,3460000000,1,0
kabupaten,14,1407,9,2024,2025,5076790039.49,-803853307.48,37063267.98,4310000000,1,0
kabupaten,14,1407,10,2024,2025,9188831816.03,1962699328.99,-2151531145.02,9000000000,0,1
kabupaten,14,1407,11,2024,2025,9282287310.95,-597702194.3,-1514585116.65,7170000000,0,0
kabupaten,14,1407,12,2024,2025,10228344474.92,-1980015287.28,-1028329187.64,7220000000,0,0
kabupaten,14,1407,13,2024,2025,5751107.38,5574193.83,-1325301.2,10000000,0,1
kabupaten,14,1407,14,2024,2025,21806282148.3,111127369.11,7332590482.59,29250000000,1,1
kabupaten,14,1407,15,2024,2025,7651369109.84,6367585605.58,-4918954715.41,9100000000,0,1
kabupaten,14,1407,16,2024,2025,2308111095.08,1916779125.64,305109779.27,4530000000,1,1
kabupaten,14,1407,17,2024,2025,5547422326.74,7657850813.72,-3755273140.46,9450000000,0,1
kabupaten,14,1408,1,2021,2022,626055396663.56,-237823699544.2,35248302880.65,423480000000,1,0
kabupaten,14,1408,2,2021,2022,449431876193.88,-315227763028.11,-674113165.77,133530000000,0,0
kabupaten,14,1408,3,2021,2022,1152742305274.1,44227778035.73,-119370083309.88,1077600000000,0,1
kabupaten,14,1408,4,2021,2022,220834039.94,474700794.32,-155534834.26,540000000,0,1
kabupaten,14,1408,5,2021,2022,116108618.94,-1420318.34,-34688300.6,80000000,0,0
kabupaten,14,1408,6,2021,2022,111839009054.62,5091784399.62,23179206545.77,140110000000,1,1
kabupaten,14,1408,7,2021,2022,51763498961.28,83482995755.28,11703505283.44,146950000000,1,1
kabupaten,14,1408,8,2021,2022,3006074910.65,9258771175.65,-3024846086.3,9240000000,0,1
kabupaten,14,1408,9,2021,2022,1053173472.94,1466856913.2,529969613.86,3050000000,1,1
kabupaten,14,1408,10,2021,2022,8583841898.75,4289959629.41,-1803801528.16,11070000000,0,1
kabupaten,14,1408,11,2021,2022,10066844925.71,889292990.1,-2806137915.81,8150000000,0,1
kabupaten,14,1408,12,2021,2022,11653662717.84,2377798126.69,-1761460844.52,12270000000,0,1
kabupaten,14,1408,13,2021,2022,114742635.18,207123101.52,28134263.3,350000000,1,1
kabupaten,14,1408,14,2021,2022,23969372227.57,7503991761.15,2496636011.28,33970000000,1,1
kabupaten,14,1408,15,2021,2022,13737698595.76,-1896281667.77,498583072.01,12340000000,1,0
kabupaten,14,1408,16,2021,2022,6635493740.22,-3016993179.17,-748500561.05,2870000000,0,0
kabupaten,14,1408,17,2021,2022,12519696416.73,23034246149.09,11506057434.19,47060000000,1,1
kabupaten,14,1408,1,2022,2023,596741870425.11,-139290999852.2,71969129427.09,529420000000,1,0
kabupaten,14,1408,2,2022,2023,421210534473.41,-168881419629.47,-53829114843.94,198500000000,0,0
kabupaten,14,1408,3,2022,2023,1111308858279.1,-153518763923.36,324769905644.3,1282560000000,1,0
kabupaten,14,1408,4,2022,2023,226940794,-149055214.53,402114420.52,480000000,1,0
kabupaten,14,1408,5,2022,2023,110733634.18,34342639.32,-5076273.49,140000000,0,1
kabupaten,14,1408,6,2022,2023,109316412076.99,128868541675.56,10685046247.45,248870000000,1,1
kabupaten,14,1408,7,2022,2023,54052749894.2,24508053756.98,10639196348.82,89200000000,1,1
kabupaten,14,1408,8,2022,2023,3168750307.32,3088524519.82,-1507274827.14,4750000000,0,1
kabupaten,14,1408,9,2022,2023,1102283856.57,2134053.63,355582089.8,1460000000,1,1
kabupaten,14,1408,10,2022,2023,8403546024.96,6897283070.92,-2110829095.89,13190000000,0,1
kabupaten,14,1408,11,2022,2023,9651930912.18,-331702538.25,-600228373.93,8720000000,0,0
kabupaten,14,1408,12,2022,2023,11292725484.02,-724992425.12,332266941.1,10900000000,1,0
kabupaten,14,1408,13,2022,2023,120838604.6,68867618.83,293776.58,190000000,1,1
kabupaten,14,1408,14,2022,2023,23594684888.66,6660779754.01,3004535357.33,33260000000,1,1
kabupaten,14,1408,15,2022,2023,13222774834.1,-1423594022.19,-139180811.91,11660000000,0,0
kabupaten,14,1408,16,2022,2023,6256660851.29,4105795592.77,-452456444.06,9910000000,0,1
kabupaten,14,1408,17,2022,2023,13558344060.11,6599988294.42,701667645.47,20860000000,1,1
kabupaten,14,1408,1,2023,2024,517013035762.73,-188505887308.89,76592851546.16,405100000000,1,0
kabupaten,14,1408,2,2023,2024,358773277779.6,-322143819893.81,19250542114.22,55880000000,1,0
kabupaten,14,1408,3,2023,2024,973261140805.22,57604164041.54,628334695153.24,1659200000000,1,1
kabupaten,14,1408,4,2023,2024,206419101.57,203772088.05,99808810.38,510000000,1,1
kabupaten,14,1408,5,2023,2024,97407310.28,5211768.07,17380921.65,120000000,1,1
kabupaten,14,1408,6,2023,2024,100052076999.58,85561079803.81,13946843196.61,199560000000,1,1
kabupaten,14,1408,7,2023,2024,48281322362.73,34799519217.78,17029158419.5,100110000000,1,1
kabupaten,14,1408,8,2023,2024,2813559168.12,2424652561.12,1101788270.75,6340000000,1,1
kabupaten,14,1408,9,2023,2024,971963197.19,1984397106.79,-136360303.97,2820000000,0,1
kabupaten,14,1408,10,2023,2024,7482428693.83,8605263147.28,252308158.89,16340000000,1,1
kabupaten,14,1408,11,2023,2024,8367885759.86,-5280225345.47,232339585.61,3320000000,1,0
kabupaten,14,1408,12,2023,2024,9814929376.51,931053579.39,564017044.09,11310000000,1,1
kabupaten,14,1408,13,2023,2024,107605187.53,147579729.07,14815083.39,270000000,1,1
kabupaten,14,1408,14,2023,2024,20875758032.2,35222197171.16,12632044796.64,68730000000,1,1
kabupaten,14,1408,15,2023,2024,11453622755.27,2932425976.63,133951268.1,14520000000,1,1
kabupaten,14,1408,16,2023,2024,5574019044.36,4923375507.39,242605448.25,10740000000,1,1
kabupaten,14,1408,17,2023,2024,12057407418.65,13791310425.95,721282155.4,26570000000,1,1
kabupaten,14,1408,1,2024,2025,724042852460.51,16023177102.74,192403970436.75,932470000000,1,1
kabupaten,14,1408,2,2024,2025,491643958056.6,-479324240371.87,217250282315.27,229570000000,1,0
kabupaten,14,1408,3,2024,2025,1405959322623.1,469118261936.46,224572415440.39,2099650000000,1,1
kabupaten,14,1408,4,2024,2025,305767209.02,10665856.08,-186433065.11,130000000,0,1
kabupaten,14,1408,5,2024,2025,138505836.06,62578306.33,-91084142.39,110000000,0,1
kabupaten,14,1408,6,2024,2025,145923326805.88,7318400320.59,3448272873.53,156690000000,1,1
kabupaten,14,1408,7,2024,2025,70599635676.17,6722118858.82,9528245465.01,86850000000,1,1
kabupaten,14,1408,8,2024,2025,4138401018.69,-1025945599.77,1507544581.08,4620000000,1,0
kabupaten,14,1408,9,2024,2025,1459822756.57,-231146717.13,351323960.57,1580000000,1,0
kabupaten,14,1408,10,2024,2025,10980781023.78,2345452825.63,-1856233849.41,11470000000,0,1
kabupaten,14,1408,11,2024,2025,11563559904.93,-744597198.68,-1718962706.25,9100000000,0,0
kabupaten,14,1408,12,2024,2025,13918638376.94,-2694386841.59,-814251535.36,10410000000,0,0
kabupaten,14,1408,13,2024,2025,159593229.79,154683878.65,25722891.57,340000000,1,1
kabupaten,14,1408,14,2024,2025,31745154218.44,161777025.83,-19706931244.27,12200000000,0,1
kabupaten,14,1408,15,2024,2025,16305827198.5,13569957097.31,-13885784295.8,15990000000,0,1
kabupaten,14,1408,16,2024,2025,8111457700.22,6736189099.16,-1517646799.37,13330000000,0,1
kabupaten,14,1408,17,2024,2025,17706221845.47,24442271992.48,-4888493837.95,37260000000,0,1
kabupaten,14,1409,1,2021,2022,558093151712.99,-212006443420.21,18973291707.21,365060000000,1,0
kabupaten,14,1409,2,2021,2022,40524184648.27,-28423324538.96,178289139890.69,190390000000,1,0
kabupaten,14,1409,3,2021,2022,351219921051.1,13475411320.38,-34145332371.48,330550000000,0,1
kabupaten,14,1409,4,2021,2022,473996362.01,1018893869.87,567109768.12,2060000000,1,1
kabupaten,14,1409,5,2021,2022,224476663.28,-2745948.79,-211730714.49,10000000,0,0
kabupaten,14,1409,6,2021,2022,75048513329,3416793948.85,40364692722.15,118830000000,1,1
kabupaten,14,1409,7,2021,2022,38025345037.6,61326413052.98,558241909.42,99910000000,1,1
kabupaten,14,1409,8,2021,2022,4714465256.72,14520647796.52,994886946.76,20230000000,1,1
kabupaten,14,1409,9,2021,2022,2109989569.21,2938787261.47,-168776830.68,4880000000,0,1
kabupaten,14,1409,10,2021,2022,4974912825.47,2486319696.1,-61232521.57,7400000000,0,1
kabupaten,14,1409,11,2021,2022,5943850633.69,525072626.2,-8923259.89,6460000000,0,1
kabupaten,14,1409,12,2021,2022,7671364752.29,1565255248.82,-796620001.12,8440000000,0,1
kabupaten,14,1409,13,2021,2022,8195902.51,14794507.25,-2990409.76,20000000,0,1
kabupaten,14,1409,14,2021,2022,25296197778.87,7919375523.01,-29325573301.87,3890000000,0,1
kabupaten,14,1409,15,2021,2022,6138730982.34,-847359035,-41371947.34,5250000000,0,0
kabupaten,14,1409,16,2021,2022,2240213353.59,-1018569027.76,-51644325.83,1170000000,0,0
kabupaten,14,1409,17,2021,2022,4121628308.27,7583139225.4,-184767533.67,11520000000,0,1
kabupaten,14,1409,1,2022,2023,531437657009.43,-124047743710.73,-50679913298.71,356710000000,0,0
kabupaten,14,1409,2,2022,2023,45488787463.84,-18238411377.15,34469623913.32,61720000000,1,0
kabupaten,14,1409,3,2022,2023,338689556665.39,-46787355023.46,-270732201641.93,21170000000,0,0
kabupaten,14,1409,4,2022,2023,525037421.37,-344845737.5,799808316.13,980000000,1,0
kabupaten,14,1409,5,2022,2023,207993974.46,64506706.55,-212500681.01,60000000,0,1
kabupaten,14,1409,6,2022,2023,74400370954.79,87707482553.6,-8387853508.39,153720000000,0,1
kabupaten,14,1409,7,2022,2023,39368543713.21,17850088802.99,2861367483.81,60080000000,1,1
kabupaten,14,1409,8,2022,2023,5211217453.33,5079280890.48,-1600498343.81,8690000000,0,1
kabupaten,14,1409,9,2022,2023,2156569103.65,4175180.55,5449255715.8,7610000000,1,1
kabupaten,14,1409,10,2022,2023,4911857704.65,4031449687.13,-183307391.78,8760000000,0,1
kabupaten,14,1409,11,2022,2023,5768253947.69,-198234373.32,-30019574.37,5540000000,0,0
kabupaten,14,1409,12,2022,2023,7449047360.77,-478228477.13,899181116.36,7870000000,1,0
kabupaten,14,1409,13,2022,2023,8420808.68,4799137.2,-3219945.88,10000000,0,1
kabupaten,14,1409,14,2022,2023,23555107087.85,6649606940.49,-1094714028.35,29110000000,0,1
kabupaten,14,1409,15,2022,2023,5897513360.97,-634939706.06,37426345.09,5300000000,1,0
kabupaten,14,1409,16,2022,2023,2120780666.75,1391715504.76,5117503828.48,8630000000,1,1
kabupaten,14,1409,17,2022,2023,4296296589.94,2091369497.43,1522333912.63,7910000000,1,1
kabupaten,14,1409,1,2023,2024,456397908342.79,-166405267811.39,-56052640531.39,233940000000,0,0
kabupaten,14,1409,2,2023,2024,40162405468.13,-36061968699.85,57309563231.71,61410000000,1,0
kabupaten,14,1409,3,2023,2024,283616329052.4,16786328826.48,-124032657878.88,176370000000,0,1
kabupaten,14,1409,4,2023,2024,472970513.83,466905380.63,230124105.55,1170000000,1,1
kabupaten,14,1409,5,2023,2024,175825469.82,9407523.59,44767006.58,230000000,1,1
kabupaten,14,1409,6,2023,2024,67544409185.7,57761645314.6,36073945499.69,161380000000,1,1
kabupaten,14,1409,7,2023,2024,34993136655.31,25221851265.34,26055012079.35,86270000000,1,1
kabupaten,14,1409,8,2023,2024,4657968346.58,4014116713.49,2427914939.93,11100000000,1,1
kabupaten,14,1409,9,2023,2024,2068762477.95,4223664319.55,-1442426797.5,4850000000,0,1
kabupaten,14,1409,10,2023,2024,4410406085.06,5072244120.37,177349794.56,9660000000,1,1
kabupaten,14,1409,11,2023,2024,5012432493.74,-3162898473.45,470465979.71,2320000000,1,0
kabupaten,14,1409,12,2023,2024,6498157713.75,616421450.09,35420836.15,7150000000,1,1
kabupaten,14,1409,13,2023,2024,7384669.73,10128020.62,12487309.64,30000000,1,1
kabupaten,14,1409,14,2023,2024,20696767703.92,34920199388.63,-1226967092.55,54390000000,0,1
kabupaten,14,1409,15,2023,2024,5111949709.66,1308792374.27,209257916.07,6630000000,1,1
kabupaten,14,1409,16,2023,2024,2074740543.92,1832560437.43,5232699018.65,9140000000,1,1
kabupaten,14,1409,17,2023,2024,3866402081.43,4422406035.15,-2938808116.58,5350000000,0,1
kabupaten,14,1409,1,2024,2025,633228553603.39,14013443025.39,50888003371.22,698130000000,1,1
kabupaten,14,1409,2,2024,2025,57679772947.52,-56234421068,-45315351879.52,-43870000000,0,0
kabupaten,14,1409,3,2024,2025,394988451137.42,131793496939.05,12108051923.53,538890000000,1,1
kabupaten,14,1409,4,2024,2025,700676582.44,24441193.72,-455117776.15,270000000,0,1
kabupaten,14,1409,5,2024,2025,250652429.97,113247246.41,-363899676.38,0,0,1
kabupaten,14,1409,6,2024,2025,99789381182.2,5004673722.98,28805945094.82,133600000000,1,1
kabupaten,14,1409,7,2024,2025,51826104152.81,4934603822.92,-7410707975.73,49350000000,0,1
kabupaten,14,1409,8,2024,2025,6880241462,-1705671688.52,7105430226.52,12280000000,1,0
kabupaten,14,1409,9,2024,2025,3051920982.87,-483237785.52,361316802.65,2930000000,1,0
kabupaten,14,1409,10,2024,2025,6473829873.83,1382785298.91,-386615172.74,7470000000,0,1
kabupaten,14,1409,11,2024,2025,6942545125.28,-447042233.92,-335502891.36,6160000000,0,0
kabupaten,14,1409,12,2024,2025,9198896253.94,-1780733456.28,41837202.34,7460000000,1,0
kabupaten,14,1409,13,2024,2025,11502214.76,11148387.65,-2650602.41,20000000,0,1
kabupaten,14,1409,14,2024,2025,30813954081.87,157031520.81,-26850985602.68,4120000000,0,1
kabupaten,14,1409,15,2024,2025,7284736014.38,6062467973.99,-177203988.37,13170000000,0,1
kabupaten,14,1409,16,2024,2025,3265670473.81,2711987741.31,2632341784.88,8610000000,1,1
kabupaten,14,1409,17,2024,2025,5525855674.06,7628079471.47,8186064854.47,21340000000,1,1
kabupaten,14,1410,1,2021,2022,237385209734.53,-90177049981.54,-48008159752.99,99200000000,0,0
kabupaten,14,1410,2,2021,2022,69055031952.32,-48434622467.17,50179590514.86,70800000000,1,0
kabupaten,14,1410,3,2021,2022,177837424697.45,6823167771.3,-136660592468.76,48000000000,0,1
kabupaten,14,1410,4,2021,2022,236770517.05,508957552.67,-145728069.72,600000000,0,1
kabupaten,14,1410,5,2021,2022,31872954.22,-389891.31,-31483062.91,-0,0,0
kabupaten,14,1410,6,2021,2022,26099396225.15,1188248176.21,11712355598.63,39000000000,1,1
kabupaten,14,1410,7,2021,2022,48187353498.04,77715469554.04,-46802823052.08,79100000000,0,1
kabupaten,14,1410,8,2021,2022,8327947609.18,25650246107.63,2821806283.19,36800000000,1,1
kabupaten,14,1410,9,2021,2022,1334110797.97,1858145592.6,307743609.43,3500000000,1,1
kabupaten,14,1410,10,2021,2022,4589705407.35,2293804002.99,-83509410.35,6800000000,0,1
kabupaten,14,1410,11,2021,2022,1743905923.63,154054554.8,102039521.57,2000000000,1,1
kabupaten,14,1410,12,2021,2022,2763840458.6,563930398.88,372229142.52,3700000000,1,1
kabupaten,14,1410,13,2021,2022,18213116.7,32876682.78,48910200.52,100000000,1,1
kabupaten,14,1410,14,2021,2022,11424177447.47,3576519761.54,699302790.99,15700000000,1,1
kabupaten,14,1410,15,2021,2022,1197512422.75,-165298491.47,-132213931.28,900000000,0,0
kabupaten,14,1410,16,2021,2022,446221359.05,-202885700.65,-143335658.4,100000000,0,0
kabupaten,14,1410,17,2021,2022,1643733781.8,3024208197.49,2132058020.71,6800000000,1,1
kabupaten,14,1410,1,2022,2023,223686151444.5,-52212638716.97,-12873512727.53,158600000000,0,0
kabupaten,14,1410,2,2022,2023,66835958515.07,-26797410398.18,85161451883.11,125200000000,1,0
kabupaten,14,1410,3,2022,2023,166466756445.15,-22996100942.96,-29070655502.19,114400000000,0,0
kabupaten,14,1410,4,2022,2023,244203451.8,-160393366.28,316189914.48,400000000,1,0
kabupaten,14,1410,5,2022,2023,29472830.39,9140626.43,-38613456.82,0,0,1
kabupaten,14,1410,6,2022,2023,25776095377.93,30386359727.07,51437544895,107600000000,1,1
kabupaten,14,1410,7,2022,2023,47889138978.86,21713411339.23,26997449681.92,96600000000,1,1
kabupaten,14,1410,8,2022,2023,9250258338.01,9016062144.61,-3666320482.63,14600000000,0,1
kabupaten,14,1410,9,2022,2023,1381012623.97,2673680.63,1016313695.4,2400000000,1,1
kabupaten,14,1410,10,2022,2023,4530395071.33,3718360932.07,751243996.61,9000000000,1,1
kabupaten,14,1410,11,2022,2023,1696792949.58,-58312739.01,461519789.44,2100000000,1,0
kabupaten,14,1410,12,2022,2023,2711500395.85,-174078193.12,162577797.27,2700000000,1,0
kabupaten,14,1410,13,2022,2023,21052021.71,11997843,-33049864.71,-0,0,1
kabupaten,14,1410,14,2022,2023,11224937974.12,3168800089.97,-8593738064.09,5800000000,0,1
kabupaten,14,1410,15,2022,2023,1145229980.86,-123298065.29,278068084.43,1300000000,1,0
kabupaten,14,1410,16,2022,2023,416830029.8,273535507.19,109634463.01,800000000,1,1
kabupaten,14,1410,17,2022,2023,1806263462.45,879260598.19,1714475939.35,4400000000,1,1
kabupaten,14,1410,1,2023,2024,192398778609.59,-70149686700.73,143350908091.14,265600000000,1,0
kabupaten,14,1410,2,2023,2024,60223739924.11,-54075113251.22,-107048626672.89,-100900000000,0,0
kabupaten,14,1410,3,2023,2024,143055118758.19,8466967581.91,-35722086340.1,115800000000,0,1
kabupaten,14,1410,4,2023,2024,218023582.58,215227759.1,66748658.32,500000000,1,1
kabupaten,14,1410,5,2023,2024,24615565.78,1317053.3,-25932619.08,0,0,1
kabupaten,14,1410,6,2023,2024,25311834635.86,21645806546.01,39342358818.13,86300000000,1,1
kabupaten,14,1410,7,2023,2024,43393725952.56,31276707561.41,-24370433513.96,50300000000,0,1
kabupaten,14,1410,8,2023,2024,8239181515.95,7100313649.19,-3439495165.14,11900000000,0,1
kabupaten,14,1410,9,2023,2024,1237811307.56,2527162740.92,-1164974048.48,2600000000,0,1
kabupaten,14,1410,10,2023,2024,4100249956.3,4715545084,284204959.71,9100000000,1,1
kabupaten,14,1410,11,2023,2024,1490999984.11,-940836924.89,649836940.79,1200000000,1,0
kabupaten,14,1410,12,2023,2024,2359577805.04,223831805.3,-283409610.34,2300000000,0,1
kabupaten,14,1410,13,2023,2024,17582546.98,24114334.82,-41696881.8,-0,0,1
kabupaten,14,1410,14,2023,2024,9578971596.01,16161924550.53,-6440896146.54,19300000000,0,1
kabupaten,14,1410,15,2023,2024,1002205178,256590649.15,-158795827.14,1100000000,0,1
kabupaten,14,1410,16,2023,2024,376266505.42,332345706.45,-208612211.87,500000000,0,1
kabupaten,14,1410,17,2023,2024,1663308944.53,1902499367.56,-665808312.09,2900000000,0,1
kabupaten,14,1410,1,2024,2025,274946066058.41,6084597748.85,-117430663807.26,163600000000,0,1
kabupaten,14,1410,2,2024,2025,77242164699.81,-75306614294.14,-72935550405.67,-71000000000,0,0
kabupaten,14,1410,3,2024,2025,200517151385.2,66905390527.78,24577458087.02,292000000000,1,1
kabupaten,14,1410,4,2024,2025,321103495.37,11200820.65,-132304316.02,200000000,0,1
kabupaten,14,1410,5,2024,2025,33548126.38,15157375.24,-48705501.62,0,0,1
kabupaten,14,1410,6,2024,2025,38633063823.61,1937539616.6,4829396559.79,45400000000,1,1
kabupaten,14,1410,7,2024,2025,61551226732,5860577863.27,-21111804595.27,46300000000,0,1
kabupaten,14,1410,8,2024,2025,11799355307.5,-2925162787.08,-374192520.42,8500000000,0,0
kabupaten,14,1410,9,2024,2025,1811598824.63,-286846549.82,-124752274.81,1400000000,0,0
kabupaten,14,1410,10,2024,2025,6024284980.31,1286764229.14,-1111049209.46,6200000000,0,1
kabupaten,14,1410,11,2024,2025,2089569014.65,-134550886.37,-55018128.28,1900000000,0,0
kabupaten,14,1410,12,2024,2025,3326057101.3,-643862154.14,-582194947.16,2100000000,0,0
kabupaten,14,1410,13,2024,2025,23962947.42,23225807.6,52811244.98,100000000,1,1
kabupaten,14,1410,14,2024,2025,13979983522.33,71243634.22,7648772843.45,21700000000,1,1
kabupaten,14,1410,15,2024,2025,1418606487.01,1180585868.62,-499192355.63,2100000000,0,1
kabupaten,14,1410,16,2024,2025,536770022.11,445762587.36,-482532609.47,500000000,0,1
kabupaten,14,1410,17,2024,2025,2405879920.54,3321158625.04,-927038545.58,4800000000,0,1
kabupaten,14,1471,1,2021,2022,50852387798.57,-19317624384.94,-5214763413.63,26320000000,0,0
kabupaten,14,1471,2,2021,2022,484924232.03,-340121804.88,25197572.85,170000000,1,0
kabupaten,14,1471,3,2021,2022,741582561849.09,28452628823.08,-379955190672.17,390080000000,0,1
kabupaten,14,1471,4,2021,2022,8117586111.34,17449413940.54,-17797000051.88,7770000000,0,1
kabupaten,14,1471,5,2021,2022,583275062.18,-7135010.95,-446140051.24,130000000,0,0
kabupaten,14,1471,6,2021,2022,941663210639.26,42871857379.24,-45875068018.51,938660000000,0,1
kabupaten,14,1471,7,2021,2022,905893560104.45,1461004564036.8,158271875858.79,2525170000000,1,1
kabupaten,14,1471,8,2021,2022,60238517487.77,185535845232.44,80205637279.79,325980000000,1,1
kabupaten,14,1471,9,2021,2022,47499353014.86,66156959069.76,10283687915.38,123940000000,1,1
kabupaten,14,1471,10,2021,2022,136482721927.86,68210176059.66,-80402897987.52,124290000000,0,1
kabupaten,14,1471,11,2021,2022,122688107342.42,10838120049.82,16303772607.76,149830000000,1,1
kabupaten,14,1471,12,2021,2022,93403692335.08,19057967442.27,-6031659777.35,106430000000,0,1
kabupaten,14,1471,13,2021,2022,510877923.32,922190952.01,56931124.67,1490000000,1,1
kabupaten,14,1471,14,2021,2022,105497657149.04,33027713139.51,-27055370288.56,111470000000,0,1
kabupaten,14,1471,15,2021,2022,33412417906.45,-4612079316.65,3379661410.19,32180000000,1,0
kabupaten,14,1471,16,2021,2022,25338543275.18,-11520802403.59,-3957740871.6,9860000000,0,0
kabupaten,14,1471,17,2021,2022,32300507132.17,59427785407.7,-45488292539.87,46240000000,0,1
kabupaten,14,1471,1,2022,2023,48131237228.49,-11234754070.3,693516841.82,37590000000,1,0
kabupaten,14,1471,2,2022,2023,455565749.74,-182655903.05,117090153.32,390000000,1,0
kabupaten,14,1471,3,2022,2023,702163237445.89,-96998446005.41,76335208559.53,681500000000,1,0
kabupaten,14,1471,4,2022,2023,7833457277.14,-5145032033.85,-2488425243.29,200000000,0,0
kabupaten,14,1471,5,2022,2023,544826321.77,168971008.65,156202669.57,870000000,1,1
kabupaten,14,1471,6,2022,2023,910274682191.19,1073084714265.5,-143179396456.68,1840180000000,0,1
kabupaten,14,1471,7,2022,2023,943997073682.61,428017650786.03,-69624724468.64,1302390000000,0,1
kabupaten,14,1471,8,2022,2023,69427462387.19,67669711758.58,-36737174145.77,100360000000,0,1
kabupaten,14,1471,9,2022,2023,49140892189.55,95138197.4,6083969613.05,55320000000,1,1
kabupaten,14,1471,10,2022,2023,131438297527.03,107879119327.92,-29897416854.95,209420000000,0,1
kabupaten,14,1471,11,2022,2023,119757793803.18,-4115649453.12,-21602144350.06,94040000000,0,0
kabupaten,14,1471,12,2022,2023,90851262797.43,-5832646639.1,-138616158.33,84880000000,0,0
kabupaten,14,1471,13,2022,2023,535142391.79,304985169.09,39872439.12,880000000,1,1
kabupaten,14,1471,14,2022,2023,102246722147.38,28864250572,44789027280.62,175900000000,1,1
kabupaten,14,1471,15,2022,2023,32251276214.54,-3472245773.15,-979030441.39,27800000000,0,0
kabupaten,14,1471,16,2022,2023,23845624987.41,15648165100.7,-9193790088.11,30300000000,0,1
kabupaten,14,1471,17,2022,2023,31815078324.77,15487078923.39,6857842751.84,54160000000,1,1
kabupaten,14,1471,1,2023,2024,41520833047.99,-15138731393.82,23357898345.83,49740000000,1,0
kabupaten,14,1471,2,2023,2024,394200703.35,-353954233.06,359753529.72,400000000,1,0
kabupaten,14,1471,3,2023,2024,610408360474.77,36128087164.79,7213552360.44,653750000000,1,1
kabupaten,14,1471,4,2023,2024,6549498750.94,6465511311.67,-3205010062.61,9810000000,0,1
kabupaten,14,1471,5,2023,2024,485629947.65,25983580.16,-331613527.82,180000000,0,1
kabupaten,14,1471,6,2023,2024,824967126348.16,705483386749.61,-512080513097.77,1018370000000,0,1
kabupaten,14,1471,7,2023,2024,834220469174.05,601277467729.34,-251597936903.39,1183900000000,0,1
kabupaten,14,1471,8,2023,2024,61514650523.56,53011735679.3,-11086386202.85,103440000000,0,1
kabupaten,14,1471,9,2023,2024,42987569117.27,87765059449.82,-462628567.08,130290000000,0,1
kabupaten,14,1471,10,2023,2024,117140906062.71,134719402379.64,-52720308442.35,199140000000,0,1
kabupaten,14,1471,11,2023,2024,103328057153.34,-65201108372.69,-7926948780.65,30200000000,0,0
kabupaten,14,1471,12,2023,2024,78863349631.09,7481052704.51,-8584402335.6,77760000000,0,1
kabupaten,14,1471,13,2023,2024,477893626.98,655427620.3,-253321247.28,880000000,0,1
kabupaten,14,1471,14,2023,2024,91581509165.34,154519034378.46,-24240543543.79,221860000000,0,1
kabupaten,14,1471,15,2023,2024,27913699938.32,7146634785.51,-2280334723.82,32780000000,0,1
kabupaten,14,1471,16,2023,2024,20981253314.1,18532155677.79,-7963408991.89,31550000000,0,1
kabupaten,14,1471,17,2023,2024,28476341441.75,32571352280.19,-15867693721.94,45180000000,0,1
kabupaten,14,1471,1,2024,2025,58971855072.17,1305056012.48,9463088915.34,69740000000,1,1
kabupaten,14,1471,2,2024,2025,556419638.99,-542476758.67,216057119.68,230000000,1,0
kabupaten,14,1471,3,2024,2025,863246489552.08,288034430502.49,-90480920054.57,1060800000000,0,1
kabupaten,14,1471,4,2024,2025,9396350940.65,327766103.97,-704117044.62,9020000000,0,1
kabupaten,14,1471,5,2024,2025,670483268.69,302930970.79,-473414239.48,500000000,0,1
kabupaten,14,1471,6,2024,2025,1173139638862.6,58835730359.73,291684630777.66,1523660000000,1,1
kabupaten,14,1471,7,2024,2025,1193684032200,113656194787.27,-96110226987.26,1211230000000,0,1
kabupaten,14,1471,8,2024,2025,88794701648.92,-22012978691.14,-18571722957.78,48210000000,0,0
kabupaten,14,1471,9,2024,2025,64831274974.26,-10265312217.09,9364037242.83,63930000000,1,0
kabupaten,14,1471,10,2024,2025,169193265782.33,36139034413.62,-1162300195.95,204170000000,0,1
kabupaten,14,1471,11,2024,2025,142271373619.73,-9161094604.14,12049720984.41,145160000000,1,0
kabupaten,14,1471,12,2024,2025,111208204884.74,-21527818727.89,849613843.15,90530000000,1,0
kabupaten,14,1471,13,2024,2025,693487698.21,672154872.07,-25642570.28,1340000000,0,1
kabupaten,14,1471,14,2024,2025,135447684713.63,690257273.2,-45217941986.83,90920000000,0,1
kabupaten,14,1471,15,2024,2025,39614106890.81,32967461534.61,308431574.57,72890000000,1,1
kabupaten,14,1471,16,2024,2025,30107047133.1,25002505123.13,-2389552256.23,52720000000,0,1
kabupaten,14,1471,17,2024,2025,40975202304.02,56563565530.96,7971232165.02,105510000000,1,1
kabupaten,14,1472,1,2021,2022,61531648773.18,-23374424097.74,-36217224675.44,1940000000,0,0
kabupaten,14,1472,2,2021,2022,3550191771.94,-2490074847.53,549883075.59,1610000000,1,0
kabupaten,14,1472,3,2021,2022,728799685896.1,27962182521.49,478268131582.4,1235030000000,1,1
kabupaten,14,1472,4,2021,2022,2632250690.47,5658237715.4,16499511594.13,24790000000,1,1
kabupaten,14,1472,5,2021,2022,201710267.41,-2467455,160757187.59,360000000,1,0
kabupaten,14,1472,6,2021,2022,108595252971.09,4944103310.86,3570643718.05,117110000000,1,1
kabupaten,14,1472,7,2021,2022,185169570151.28,298637278181.51,-348306848332.8,135500000000,0,1
kabupaten,14,1472,8,2021,2022,21283848170.77,65554680374.8,-44108528545.57,42730000000,0,1
kabupaten,14,1472,9,2021,2022,7894475431.82,10995402144.88,-10959877576.69,7930000000,0,1
kabupaten,14,1472,10,2021,2022,15963341456,7978023267.95,-14031364723.95,9910000000,0,1
kabupaten,14,1472,11,2021,2022,13321984207.18,1176848084.68,231167708.14,14730000000,1,1
kabupaten,14,1472,12,2021,2022,5158865304.1,1052608141.57,-141473445.67,6070000000,0,1
kabupaten,14,1472,13,2021,2022,48264759.24,87123209.37,-115387968.61,20000000,0,1
kabupaten,14,1472,14,2021,2022,20133689851.43,6303170618.41,13563139530.16,40000000000,1,1
kabupaten,14,1472,15,2021,2022,5080093574.39,-701230140.44,-1948863433.95,2430000000,0,0
kabupaten,14,1472,16,2021,2022,2315797787.88,-1052935381.13,967137593.26,2230000000,1,0
kabupaten,14,1472,17,2021,2022,5280437858.04,9715164118.09,224398023.87,15220000000,1,1
kabupaten,14,1472,1,2022,2023,56979822992.33,-13300183729.94,-18219639262.39,25460000000,0,0
kabupaten,14,1472,2,2022,2023,3350639774.87,-1343415597.51,2012775822.64,4020000000,1,0
kabupaten,14,1472,3,2022,2023,725918759780.39,-100280088546.08,386621328765.69,1012260000000,1,0
kabupaten,14,1472,4,2022,2023,3477793985.98,-2284222768.05,-803571217.93,390000000,0,0
kabupaten,14,1472,5,2022,2023,201678367.95,62548000.88,435773631.16,700000000,1,1
kabupaten,14,1472,6,2022,2023,105348527025.67,124190968103.72,24520504870.6,254060000000,1,1
kabupaten,14,1472,7,2022,2023,176930874354.78,80222216047.16,13356909598.06,270510000000,1,1
kabupaten,14,1472,8,2022,2023,21480219828.42,20936387912.23,-11946607740.65,30470000000,0,1
kabupaten,14,1472,9,2022,2023,7633884111.36,14779421.8,2201336466.84,9850000000,1,1
kabupaten,14,1472,10,2022,2023,15178507650.68,12457891412.74,-10876399063.41,16760000000,0,1
kabupaten,14,1472,11,2022,2023,12938993581.5,-444667191.72,-2544326389.77,9950000000,0,0
kabupaten,14,1472,12,2022,2023,5025959662.31,-322666365.11,156706702.81,4860000000,1,0
kabupaten,14,1472,13,2022,2023,45472366.89,25915340.88,-1387707.77,70000000,0,1
kabupaten,14,1472,14,2022,2023,20301727653.27,5731177897.16,-4582905550.43,21450000000,0,1
kabupaten,14,1472,15,2022,2023,4799860949.17,-516763950.1,1326903000.93,5610000000,1,0
kabupaten,14,1472,16,2022,2023,2235303664.84,1466868694.62,97827640.54,3800000000,1,1
kabupaten,14,1472,17,2022,2023,5523629455.46,2688815801.33,-1702445256.79,6510000000,0,1
kabupaten,14,1472,1,2023,2024,48484576605.84,-17677751819.93,-3356824785.92,27450000000,0,0
kabupaten,14,1472,2,2023,2024,2939801855.46,-2639658687.26,3339856831.8,3640000000,1,0
kabupaten,14,1472,3,2023,2024,641880064620.44,37990795057.12,41749140322.44,721620000000,1,1
kabupaten,14,1472,4,2023,2024,2918351148.14,2880927698.02,-1649278846.15,4150000000,0,1
kabupaten,14,1472,5,2023,2024,193056365.87,10329460.9,516614173.23,720000000,1,1
kabupaten,14,1472,6,2023,2024,96920625382.01,82883170561.07,41356204056.91,221160000000,1,1
kabupaten,14,1472,7,2023,2024,157284322380.11,113365138556.08,65800539063.82,336450000000,1,1
kabupaten,14,1472,8,2023,2024,19011656401.13,16383754038.82,-18105410439.95,17290000000,0,1
kabupaten,14,1472,9,2023,2024,6722159362.31,13724216748.68,7193623889.01,27640000000,1,1
kabupaten,14,1472,10,2023,2024,13266383349.16,15257174428.73,3646442222.11,32170000000,1,1
kabupaten,14,1472,11,2023,2024,11156477711.27,-7039856669.62,2823378958.35,6940000000,1,0
kabupaten,14,1472,12,2023,2024,4368559623.25,414405740.27,1517034636.48,6300000000,1,1
kabupaten,14,1472,13,2023,2024,40439858.06,55462970.08,-5902828.14,90000000,0,1
kabupaten,14,1472,14,2023,2024,17710196273.49,29881167626.23,1738636100.28,49330000000,1,1
kabupaten,14,1472,15,2023,2024,4206096889.13,1076870440.16,607032670.71,5890000000,1,1
kabupaten,14,1472,16,2023,2024,2000542195.66,1767023106.53,252434697.82,4020000000,1,1
kabupaten,14,1472,17,2023,2024,4842233438.95,5538565812.1,-680799251.05,9700000000,0,1
kabupaten,14,1472,1,2024,2025,67394351829.85,1491447131.1,-50315798960.95,18570000000,0,1
kabupaten,14,1472,2,2024,2025,4181055065.09,-4076285308.07,4025230242.98,4130000000,1,0
kabupaten,14,1472,3,2024,2025,909391458131.57,303431353520.67,37647188347.76,1250470000000,1,1
kabupaten,14,1472,4,2024,2025,4176262475.61,145677539.02,7728059985.37,12050000000,1,1
kabupaten,14,1472,5,2024,2025,297619806.9,134467571.74,787912621.36,1220000000,1,1
kabupaten,14,1472,6,2024,2025,142690725199.5,7156277696.67,-154687002896.17,-4840000000,0,1
kabupaten,14,1472,7,2024,2025,230484734164.35,21945520870.71,22459744964.95,274890000000,1,1
kabupaten,14,1472,8,2024,2025,26739294503.3,-6628903630.36,5089609127.06,25200000000,1,0
kabupaten,14,1472,9,2024,2025,10486185789.12,-1660371034.42,4914185245.3,13740000000,1,0
kabupaten,14,1472,10,2024,2025,19622299120.83,4191248037.7,2966452841.47,26780000000,1,1
kabupaten,14,1472,11,2024,2025,15537575104.35,-1000490765.14,-1697084339.21,12840000000,0,0
kabupaten,14,1472,12,2024,2025,6255767052.35,-1210998947.84,1315231895.5,6360000000,1,0
kabupaten,14,1472,13,2024,2025,59428109.59,57600002.86,-7028112.45,110000000,0,1
kabupaten,14,1472,14,2024,2025,26501102805.99,135052725.33,8813844468.69,35450000000,1,1
kabupaten,14,1472,15,2024,2025,6014699801.34,5005524544.31,1369775654.34,12390000000,1,1
kabupaten,14,1472,16,2024,2025,2919166254.18,2424232071.08,1706601674.74,7050000000,1,1
kabupaten,14,1472,17,2024,2025,7064276898.15,9751768552.42,-1046045450.57,15770000000,0,1
kabupaten,15,1501,1,2021,2022,165988286034.86,-4071152137.59,-55527133897.27,106390000000,0,0
kabupaten,15,1501,2,2021,2022,6206170176.63,3192170541.68,-1978340718.31,7420000000,0,1
kabupaten,15,1501,3,2021,2022,9558475388.01,-3793260993.98,974785605.97,6740000000,1,0
kabupaten,15,1501,4,2021,2022,151632387.31,193456805.92,-95089193.23,250000000,0,1
kabupaten,15,1501,5,2021,2022,1161319669.04,-448493500.46,-942826168.58,-230000000,0,0
kabupaten,15,1501,6,2021,2022,43172199571.25,-50601096511.87,83358896940.63,75930000000,1,0
kabupaten,15,1501,7,2021,2022,31073369424.19,1703420479.59,-8726789903.77,24050000000,0,1
kabupaten,15,1501,8,2021,2022,8634849731.51,19960272364.81,-15355122096.32,13240000000,0,1
kabupaten,15,1501,9,2021,2022,2827739114.73,3291196982.48,-3478936097.22,2640000000,0,1
kabupaten,15,1501,10,2021,2022,26989540398.34,11201364195.19,3689095406.47,41880000000,1,1
kabupaten,15,1501,11,2021,2022,3651984084.95,-4164986014.59,2473001929.64,1960000000,1,0
kabupaten,15,1501,12,2021,2022,5699533585.24,-1005679199.46,-3313854385.78,1380000000,0,0
kabupaten,15,1501,13,2021,2022,131653795.74,257241614.24,-228895409.99,160000000,0,1
kabupaten,15,1501,14,2021,2022,17673881738.66,-19898917321.81,4505035583.15,2280000000,1,0
kabupaten,15,1501,15,2021,2022,14900443411.28,-9028990357.24,-231453054.04,5640000000,0,0
kabupaten,15,1501,16,2021,2022,6187728399.79,-8978928734.36,10661200334.57,7870000000,1,0
kabupaten,15,1501,17,2021,2022,5501796755.84,2885728633.13,-3757525388.97,4630000000,0,1
kabupaten,15,1501,1,2022,2023,155754126955.13,32195535909.53,-65979662864.66,121970000000,0,1
kabupaten,15,1501,2,2022,2023,5983723358.31,-5930528238.47,476804880.16,530000000,1,0
kabupaten,15,1501,3,2022,2023,8997691816.61,-894146225.31,2786454408.7,10890000000,1,0
kabupaten,15,1501,4,2022,2023,149395286.46,240688201.48,-10083487.94,380000000,0,1
kabupaten,15,1501,5,2022,2023,1044370787.59,-996382799.6,-97987987.99,-50000000,0,0
kabupaten,15,1501,6,2022,2023,42756372497.83,30580756533.86,91802870968.31,165140000000,1,1
kabupaten,15,1501,7,2022,2023,29349890810.07,25921507392.89,-28111398202.96,27160000000,0,1
kabupaten,15,1501,8,2022,2023,8461078840.64,6607220496.39,-6548299337.03,8520000000,0,1
kabupaten,15,1501,9,2022,2023,2691907591.54,2376927258.91,-1758834850.46,3310000000,0,1
kabupaten,15,1501,10,2022,2023,26469493838.42,16200592543.96,6139913617.62,48810000000,1,1
kabupaten,15,1501,11,2022,2023,3409098047.73,-2514715634.07,175617586.35,1070000000,1,0
kabupaten,15,1501,12,2022,2023,5242331796.53,-1530434597.4,1458102800.87,5170000000,1,0
kabupaten,15,1501,13,2022,2023,127055804.37,332572758.03,-79628562.41,380000000,0,1
kabupaten,15,1501,14,2022,2023,16163080696.18,-5646898595.48,-2276182100.7,8240000000,0,0
kabupaten,15,1501,15,2022,2023,13799749653.67,-6261959476.23,-6867790177.44,670000000,0,0
kabupaten,15,1501,16,2022,2023,5987912011.2,7158452.4,-2975070463.6,3020000000,0,1
kabupaten,15,1501,17,2022,2023,5213942038.05,4359023989.25,-6442966027.29,3130000000,0,1
kabupaten,15,1501,1,2023,2024,155938073349.7,-8336668354.29,-50011404995.41,97590000000,0,0
kabupaten,15,1501,2,2023,2024,5803957005.55,-6990720998.24,14206763992.69,13020000000,1,0
kabupaten,15,1501,3,2023,2024,9181131678.34,477105543.5,-3848237221.84,5810000000,0,1
kabupaten,15,1501,4,2023,2024,161395860.96,113108320.64,-94504181.6,180000000,0,1
kabupaten,15,1501,5,2023,2024,1006588670.44,-567429533.1,-139159137.34,300000000,0,0
kabupaten,15,1501,6,2023,2024,48725815037.36,57762616357.58,-51408431394.94,55080000000,0,1
kabupaten,15,1501,7,2023,2024,29572307348.41,10901053367.47,-6863360715.88,33610000000,0,1
kabupaten,15,1501,8,2023,2024,8556228484.09,7026385323.32,-3622613807.41,11960000000,0,1
kabupaten,15,1501,9,2023,2024,2749124484.04,3148246414.76,-1747370898.8,4150000000,0,1
kabupaten,15,1501,10,2023,2024,27763235079.6,4595794760.42,-9099029840.02,23260000000,0,1
kabupaten,15,1501,11,2023,2024,3341209021.32,-1614025884.2,1142816862.88,2870000000,1,0
kabupaten,15,1501,12,2023,2024,5296391749.22,946210792.55,-1522602541.77,4720000000,0,1
kabupaten,15,1501,13,2023,2024,139816470.08,156451200.47,-106267670.55,190000000,0,1
kabupaten,15,1501,14,2023,2024,15983585082.75,24607970623.87,4628444293.38,45220000000,1,1
kabupaten,15,1501,15,2023,2024,13360340378.85,11770612651.32,-3340953030.17,21790000000,0,1
kabupaten,15,1501,16,2023,2024,5919946231.53,8511823536.35,1808230232.12,16240000000,1,1
kabupaten,15,1501,17,2023,2024,5177255528.73,4260445070.61,-1477700599.34,7960000000,0,1
kabupaten,15,1501,1,2024,2025,175695332849.09,20169286280.68,123735380870.22,319600000000,1,1
kabupaten,15,1501,2,2024,2025,7001820066.94,1496397252.68,-4168217319.62,4330000000,0,1
kabupaten,15,1501,3,2024,2025,10347539182.8,369905249.09,2272555568.12,12990000000,1,1
kabupaten,15,1501,4,2024,2025,185736431.55,80445588.42,-156182019.98,110000000,0,1
kabupaten,15,1501,5,2024,2025,1117867276.38,-715737873.52,-252129402.86,150000000,0,0
kabupaten,15,1501,6,2024,2025,56110631103.55,-103254233982.35,-77156397121.19,-124300000000,0,0
kabupaten,15,1501,7,2024,2025,34063174741.63,19611857759.67,-2785032501.3,50890000000,0,1
kabupaten,15,1501,8,2024,2025,9965720258.52,8003036648.65,10661243092.83,28630000000,1,1
kabupaten,15,1501,9,2024,2025,3217132355.55,-1230477623.23,1043345267.68,3030000000,1,0
kabupaten,15,1501,10,2024,2025,31570759337.84,22834152802.26,-4904912140.11,49500000000,0,1
kabupaten,15,1501,11,2024,2025,3802916485.84,2970193530.1,-1873110015.93,4900000000,0,1
kabupaten,15,1501,12,2024,2025,6036680360.27,-1033599791.37,796919431.1,5800000000,1,0
kabupaten,15,1501,13,2024,2025,162580961.31,68050987.33,29368051.36,260000000,1,1
kabupaten,15,1501,14,2024,2025,19743733407.16,-30258083537.9,-395649869.26,-10910000000,0,0
kabupaten,15,1501,15,2024,2025,15714681584.23,-5379656933.13,-495024651.1,9840000000,0,0
kabupaten,15,1501,16,2024,2025,7287568423.17,-1220939005.95,-936629417.23,5130000000,0,0
kabupaten,15,1501,17,2024,2025,6065747865.48,-2187786501.33,132038635.86,4010000000,1,0
kabupaten,15,1502,1,2021,2022,259781626204.04,-6371597346.36,82919971142.32,336330000000,1,0
kabupaten,15,1502,2,2021,2022,12664377970.01,6513977724.42,5931644305.58,25110000000,1,1
kabupaten,15,1502,3,2021,2022,41132846416.22,-16323484190.54,10470637774.32,35280000000,1,0
kabupaten,15,1502,4,2021,2022,329902896.72,420899266.94,-250802163.66,500000000,0,1
kabupaten,15,1502,5,2021,2022,977926443.85,-377668324.83,79741880.98,680000000,1,0
kabupaten,15,1502,6,2021,2022,39325040014.79,-46091933347.93,706893333.14,-6060000000,1,0
kabupaten,15,1502,7,2021,2022,59004464984.28,3234583693.49,24500951322.23,86740000000,1,1
kabupaten,15,1502,8,2021,2022,10296658733,23801701146.93,-10208359879.93,23890000000,0,1
kabupaten,15,1502,9,2021,2022,10492346476.08,12212010252.76,-10584356728.84,12120000000,0,1
kabupaten,15,1502,10,2021,2022,25489609215.74,10578853578.26,-908462794,35160000000,0,1
kabupaten,15,1502,11,2021,2022,8166121236.95,-9313233561.3,167112324.35,-980000000,1,0
kabupaten,15,1502,12,2021,2022,11605512616.72,-2047785571.07,5302272954.35,14860000000,1,0
kabupaten,15,1502,13,2021,2022,683882557.64,1336255077.89,-480137635.53,1540000000,0,1
kabupaten,15,1502,14,2021,2022,17109870730.45,-19263900714.43,1414029983.97,-740000000,1,0
kabupaten,15,1502,15,2021,2022,18510421226.77,-11216472567.41,10546051340.64,17840000000,1,0
kabupaten,15,1502,16,2021,2022,8578499857.85,-12448144762.45,3399644904.6,-470000000,1,0
kabupaten,15,1502,17,2021,2022,7608257487.69,3990581160.08,-128838647.76,11470000000,0,1
kabupaten,15,1502,1,2022,2023,251668227891.89,52021693593.5,-41859921485.39,261830000000,0,1
kabupaten,15,1502,2,2022,2023,12674398243.51,-12561723226.12,-33952675017.4,-33840000000,0,0
kabupaten,15,1502,3,2022,2023,39011716812.91,-3876791964.22,35645075151.31,70780000000,1,0
kabupaten,15,1502,4,2022,2023,322991678.51,520366391.99,26641929.5,870000000,1,1
kabupaten,15,1502,5,2022,2023,920107418.48,-877829231.2,27721812.72,70000000,1,0
kabupaten,15,1502,6,2022,2023,35445311578.82,25351646557.8,-25106958136.62,35690000000,0,1
kabupaten,15,1502,7,2022,2023,57643310279.76,50909950678.75,15936739041.49,124490000000,1,1
kabupaten,15,1502,8,2022,2023,10466512763.87,8173255321.42,-3999768085.28,14640000000,0,1
kabupaten,15,1502,9,2022,2023,10096515091.79,8915121015.71,-361636107.5,18650000000,0,1
kabupaten,15,1502,10,2022,2023,24794032681.85,15175130414.37,-2119163096.22,37850000000,0,1
kabupaten,15,1502,11,2022,2023,7373425306.5,-5438995193.26,-3364430113.25,-1430000000,0,0
kabupaten,15,1502,12,2022,2023,11235363272.38,-3280026776.98,-1925336495.4,6030000000,0,0
kabupaten,15,1502,13,2022,2023,692989350.59,1813922478.8,433088170.61,2940000000,1,1
kabupaten,15,1502,14,2022,2023,15510116250.99,-5418772282.32,5458656031.33,15550000000,1,0
kabupaten,15,1502,15,2022,2023,17647260037.36,-8007857388.28,3920597350.91,13560000000,1,0
kabupaten,15,1502,16,2022,2023,7771812737.06,9291077,1688896185.94,9470000000,1,1
kabupaten,15,1502,17,2022,2023,7446028623.29,6225120485.94,-6361149109.22,7310000000,0,1
kabupaten,15,1502,1,2023,2024,254876433541.96,-13626052009.75,-36820381532.21,204430000000,0,0
kabupaten,15,1502,2,2023,2024,10721810273.07,-12914152214.34,12062341941.27,9870000000,1,0
kabupaten,15,1502,3,2023,2024,40866421050.45,2123659338.44,-29970080388.9,13020000000,0,1
kabupaten,15,1502,4,2023,2024,351114672.45,246065733.76,-167180406.21,430000000,0,1
kabupaten,15,1502,5,2023,2024,891948156.39,-502804910.08,-379143246.31,10000000,0,0
kabupaten,15,1502,6,2023,2024,35843817823.04,42491494418.62,-44855312241.66,33480000000,0,1
kabupaten,15,1502,7,2023,2024,61278726540.77,22588790940.17,2132482519.06,86000000000,1,1
kabupaten,15,1502,8,2023,2024,10768565619.98,8843159292.22,-4671724912.2,14940000000,0,1
kabupaten,15,1502,9,2023,2024,10591434786.5,12129114846.35,-4450549632.85,18270000000,0,1
kabupaten,15,1502,10,2023,2024,25652051338.47,4246319378.75,5581629282.79,35480000000,1,1
kabupaten,15,1502,11,2023,2024,7058259100.47,-3409607963.13,-2378651137.35,1270000000,0,0
kabupaten,15,1502,12,2023,2024,11124175998.86,1987355899.4,-6931531898.26,6180000000,0,1
kabupaten,15,1502,13,2023,2024,801584457.08,896953345.47,-1318537802.55,380000000,0,1
kabupaten,15,1502,14,2023,2024,15681473610.42,24142846548.28,-4514320158.71,35310000000,0,1
kabupaten,15,1502,15,2023,2024,17656437446.62,15555523294.57,18698039258.8,51910000000,1,1
kabupaten,15,1502,16,2023,2024,7933123572.42,11406412372.61,5610464054.98,24950000000,1,1
kabupaten,15,1502,17,2023,2024,7521316863.12,6189410040.93,-90726904.04,13620000000,0,1
kabupaten,15,1502,1,2024,2025,289382287055.85,33220200545.69,3267512398.46,325870000000,1,1
kabupaten,15,1502,2,2024,2025,12235941681.85,2615010003.35,-1190951685.21,13660000000,0,1
kabupaten,15,1502,3,2024,2025,45425613258.65,1623881049.45,-16599494308.1,30450000000,0,1
kabupaten,15,1502,4,2024,2025,405959733.69,175828023.51,-351787757.19,230000000,0,1
kabupaten,15,1502,5,2024,2025,977949115.74,-626152348.58,718203232.84,1070000000,1,0
kabupaten,15,1502,6,2024,2025,40929510674.15,-75318084805.23,61788574131.08,27400000000,1,0
kabupaten,15,1502,7,2024,2025,71390285448.89,41102925204.88,-19573210653.77,92920000000,0,1
kabupaten,15,1502,8,2024,2025,12536962795.06,10067889736.91,11585147468.03,34190000000,1,1
kabupaten,15,1502,9,2024,2025,12506909950.7,-4783599531.92,506689581.22,8230000000,1,0
kabupaten,15,1502,10,2024,2025,29859225217.91,21596253162.2,-18485478380.1,32970000000,0,1
kabupaten,15,1502,11,2024,2025,7797481438.18,6090070346.01,-4737551784.19,9150000000,0,1
kabupaten,15,1502,12,2024,2025,12495085880.78,-2139407321.37,-4235678559.42,6120000000,0,0
kabupaten,15,1502,13,2024,2025,897151304.66,375517720.99,-302669025.66,970000000,0,1
kabupaten,15,1502,14,2024,2025,18924423896.09,-29002458012.67,16488034116.58,6410000000,1,0
kabupaten,15,1502,15,2024,2025,21906552862.12,-7499339923.25,10912787061.13,25320000000,1,0
kabupaten,15,1502,16,2024,2025,9922858005.08,-1662448115.11,-6350409889.97,1910000000,0,0
kabupaten,15,1502,17,2024,2025,8913378036.24,-3214866259.1,-1668511777.14,4030000000,0,0
kabupaten,15,1503,1,2021,2022,151590893313.92,-3718030977.34,-20162862336.57,127710000000,0,0
kabupaten,15,1503,2,2021,2022,182214488291.96,93722812175.27,274642699532.78,550580000000,1,1
kabupaten,15,1503,3,2021,2022,21530262183.54,-8544239579.6,-7346022603.94,5640000000,0,0
kabupaten,15,1503,4,2021,2022,185954583.09,237246015.37,476799401.54,900000000,1,1
kabupaten,15,1503,5,2021,2022,731523814.46,-282509359.8,30985545.34,480000000,1,0
kabupaten,15,1503,6,2021,2022,74371587803.81,-87169148886.92,-16942438916.89,-29740000000,0,0
kabupaten,15,1503,7,2021,2022,32354048371.08,1773626407.89,-9067674778.96,25060000000,0,1
kabupaten,15,1503,8,2021,2022,10912921442.24,25226250723.04,-12329172165.28,23810000000,0,1
kabupaten,15,1503,9,2021,2022,10755141795.98,12517876928.85,-12353018724.83,10920000000,0,1
kabupaten,15,1503,10,2021,2022,21628618326.66,8976441515.49,-375059842.15,30230000000,0,1
kabupaten,15,1503,11,2021,2022,14108471550.52,-16090318393.57,791846843.05,-1190000000,1,0
kabupaten,15,1503,12,2021,2022,7329069477.26,-1293209806.46,-1435859670.8,4600000000,0,0
kabupaten,15,1503,13,2021,2022,1245332207.96,2433285463.93,-448617671.88,3230000000,0,1
kabupaten,15,1503,14,2021,2022,20805397899.6,-23424672563.34,5029274663.75,2410000000,1,0
kabupaten,15,1503,15,2021,2022,17017149574.7,-10311617928.18,634468353.48,7340000000,1,0
kabupaten,15,1503,16,2021,2022,8743451306.21,-12687503571.33,3424052265.12,-520000000,1,0
kabupaten,15,1503,17,2021,2022,8309045007.42,4358148829.55,-7467193836.97,5200000000,0,1
kabupaten,15,1503,1,2022,2023,143666140116.41,29696859168.52,747000715.07,174110000000,1,1
kabupaten,15,1503,2,2022,2023,191168721746.07,-189469237586.41,49550515840.33,51250000000,1,0
kabupaten,15,1503,3,2022,2023,19823032511.51,-1969915179.99,-3313117331.52,14540000000,0,0
kabupaten,15,1503,4,2022,2023,210828862.2,339662789.01,29508348.79,580000000,1,1
kabupaten,15,1503,5,2022,2023,686939074.19,-655374782.63,338435708.44,370000000,1,0
kabupaten,15,1503,6,2022,2023,66183508119.45,47336610430.66,-36950118550.11,76570000000,0,1
kabupaten,15,1503,7,2022,2023,30560411495.69,26990626222.14,11098962282.17,68650000000,1,1
kabupaten,15,1503,8,2022,2023,11022672786.67,8607558318.84,979768894.49,20610000000,1,1
kabupaten,15,1503,9,2022,2023,10279419601.38,9076623853.32,3513956545.3,22870000000,1,1
kabupaten,15,1503,10,2022,2023,21056823490.97,12887780164.2,-944603655.17,33000000000,0,1
kabupaten,15,1503,11,2022,2023,12762359954.23,-9414134077.48,3031774123.25,6380000000,1,0
kabupaten,15,1503,12,2022,2023,6872648583.04,-2006385626.76,133737043.72,5000000000,1,0
kabupaten,15,1503,13,2022,2023,1281727784.77,3354964745.88,-66692530.65,4570000000,0,1
kabupaten,15,1503,14,2022,2023,19014157097.59,-6642979703.37,1238822605.77,13610000000,1,0
kabupaten,15,1503,15,2022,2023,15801925735.76,-7170493747.14,-951431988.62,7680000000,0,0
kabupaten,15,1503,16,2022,2023,7919346400.02,9467451.12,-708813851.13,7220000000,0,1
kabupaten,15,1503,17,2022,2023,7790894378.01,6513439398.37,-2474333776.38,11830000000,0,1
kabupaten,15,1503,1,2023,2024,146605436364.56,-7837732477.09,9752296112.53,148520000000,1,0
kabupaten,15,1503,2,2023,2024,186968338294.47,-225198685529.89,20920347235.42,-17310000000,1,0
kabupaten,15,1503,3,2023,2024,19802238127.3,1029040636.3,-6391278763.6,14440000000,0,1
kabupaten,15,1503,4,2023,2024,229730598.75,160998194.56,-120728793.31,270000000,0,1
kabupaten,15,1503,5,2023,2024,680200383.38,-383439429.91,353239046.54,650000000,1,0
kabupaten,15,1503,6,2023,2024,67374005323.2,79869342749.29,-63863348072.49,83380000000,0,1
kabupaten,15,1503,7,2023,2024,32606909190.97,12019679528.26,1963411280.77,46590000000,1,1
kabupaten,15,1503,8,2023,2024,11574196212.85,9504744123,-828940335.84,20250000000,0,1
kabupaten,15,1503,9,2023,2024,10957834860.82,12548709421.66,-2566544282.48,20940000000,0,1
kabupaten,15,1503,10,2023,2024,21823957310.41,3612634780.17,-786592090.58,24650000000,0,1
kabupaten,15,1503,11,2023,2024,12614952252.18,-6093859837.29,1928907585.1,8450000000,1,0
kabupaten,15,1503,12,2023,2024,6863595011.91,1226194734.73,-29789746.64,8060000000,0,1
kabupaten,15,1503,13,2023,2024,1443571335.77,1615320915.49,-208892251.26,2850000000,0,1
kabupaten,15,1503,14,2023,2024,18979074279.34,29219758891.16,-13788833170.49,34410000000,0,1
kabupaten,15,1503,15,2023,2024,15609542307.49,13752185270.43,4418272422.08,33780000000,1,1
kabupaten,15,1503,16,2023,2024,7974484071.61,11465881370.58,9159634557.81,28600000000,1,1
kabupaten,15,1503,17,2023,2024,8057654640.62,6630770840.62,-1068425481.24,13620000000,0,1
kabupaten,15,1503,1,2024,2025,167977171213.25,19283264955.76,-14080436169.01,173180000000,0,1
kabupaten,15,1503,2,2024,2025,204039599109.37,43606418420.82,23193982469.81,270840000000,1,1
kabupaten,15,1503,3,2024,2025,22412031850.91,801188386.72,-8953220237.62,14260000000,0,1
kabupaten,15,1503,4,2024,2025,265056233.89,114800335.74,-179856569.62,200000000,0,1
kabupaten,15,1503,5,2024,2025,777432596.79,-497767458.97,-99665137.82,180000000,0,0
kabupaten,15,1503,6,2024,2025,77940820180.81,-143425934184.81,41295114004,-24190000000,1,0
kabupaten,15,1503,7,2024,2025,38028179519.2,21894707502.94,-10662887022.14,49260000000,0,1
kabupaten,15,1503,8,2024,2025,13681434228.74,10986964985.82,-48399214.56,24620000000,0,1
kabupaten,15,1503,9,2024,2025,13039978435.95,-4987485716.96,227507281.01,8280000000,1,0
kabupaten,15,1503,10,2024,2025,25130582591.78,18176172348.91,-15306754940.7,28000000000,0,1
kabupaten,15,1503,11,2024,2025,14240614201.72,11122353152.93,-9452967354.65,15910000000,0,1
kabupaten,15,1503,12,2024,2025,7918678154.79,-1355835260.48,2257157105.69,8820000000,1,0
kabupaten,15,1503,13,2024,2025,1722372850.69,720928035.47,-263300886.16,2180000000,0,1
kabupaten,15,1503,14,2024,2025,22493815001.14,-34472696695.94,42148881694.8,30170000000,1,0
kabupaten,15,1503,15,2024,2025,18770218317.64,-6425668542.35,3445450224.72,15790000000,1,0
kabupaten,15,1503,16,2024,2025,10148008003.01,-1700169121.45,-447838881.56,8000000000,0,0
kabupaten,15,1503,17,2024,2025,9501132844.84,-3426856942.67,-2124275902.17,3950000000,0,0
kabupaten,15,1504,1,2021,2022,242442770077.89,-5946331667.27,-76406438410.61,160090000000,0,0
kabupaten,15,1504,2,2021,2022,110488783192.42,56830384738.81,1106740832068.8,1274060000000,1,1
kabupaten,15,1504,3,2021,2022,67170586221.23,-26656506849.95,-49404079371.29,-8890000000,0,0
kabupaten,15,1504,4,2021,2022,330415168.3,421552837.23,-91968005.52,660000000,0,1
kabupaten,15,1504,5,2021,2022,514320665.07,-198627028.88,-115693636.19,200000000,0,0
kabupaten,15,1504,6,2021,2022,41839268923.32,-49038800566.12,-25550468357.2,-32750000000,0,0
kabupaten,15,1504,7,2021,2022,43717768802.62,2396577650.9,225653546.48,46340000000,1,1
kabupaten,15,1504,8,2021,2022,9333075893.36,21574288218.71,-9017364112.06,21890000000,0,1
kabupaten,15,1504,9,2021,2022,2362596521.22,2749818928.12,-2622415449.34,2490000000,0,1
kabupaten,15,1504,10,2021,2022,20056456851.46,8323953440.57,-1520410292.03,26860000000,0,1
kabupaten,15,1504,11,2021,2022,11186474465.3,-12757862196.74,-6878612268.56,-8450000000,0,0
kabupaten,15,1504,12,2021,2022,7226615161.51,-1275131805.39,-2211483356.12,3740000000,0,0
kabupaten,15,1504,13,2021,2022,428771311.42,837786891.53,-136558202.95,1130000000,0,1
kabupaten,15,1504,14,2021,2022,23244322886.06,-26170643560.39,1796320674.34,-1130000000,1,0
kabupaten,15,1504,15,2021,2022,29624665399.46,-17951198554.65,-4273466844.82,7400000000,0,0
kabupaten,15,1504,16,2021,2022,10159882221.47,-14742867256.28,4242985034.81,-340000000,1,0
kabupaten,15,1504,17,2021,2022,6269179580.82,3288225978.79,-3237405559.61,6320000000,0,1
kabupaten,15,1504,1,2022,2023,227713322005.95,47070036467.38,34896641526.68,309680000000,1,1
kabupaten,15,1504,2,2022,2023,159676102279.11,-158256586554.88,-60029515724.24,-58610000000,0,0
kabupaten,15,1504,3,2022,2023,60611668962.13,-6023288651.9,12981619689.77,67570000000,1,0
kabupaten,15,1504,4,2022,2023,330903578.42,533113119.17,45983302.41,910000000,1,1
kabupaten,15,1504,5,2022,2023,476575617.87,-454677355.97,8101738.1,30000000,1,0
kabupaten,15,1504,6,2022,2023,36487355337.03,26096950347.76,-26684305684.78,35900000000,0,1
kabupaten,15,1504,7,2022,2023,41874893767.13,36983455079.45,3301651153.42,82160000000,1,1
kabupaten,15,1504,8,2022,2023,9498003134.2,7416950269,-894953403.19,16020000000,0,1
kabupaten,15,1504,9,2022,2023,2262337967.24,1997621612.31,-209959579.54,4050000000,0,1
kabupaten,15,1504,10,2022,2023,19471651074.51,11917579049.38,6020769876.12,37410000000,1,1
kabupaten,15,1504,11,2022,2023,9769800166.26,-7206677213.71,-2123122952.55,440000000,0,0
kabupaten,15,1504,12,2022,2023,6739542502.27,-1967526935.81,-1412015566.46,3360000000,0,0
kabupaten,15,1504,13,2022,2023,442135582.98,1157304469.35,-199440052.33,1400000000,0,1
kabupaten,15,1504,14,2022,2023,21065200796.75,-7359553232.99,6034352436.24,19740000000,1,0
kabupaten,15,1504,15,2022,2023,27258822205.51,-12369328741.79,-3819493463.71,11070000000,0,0
kabupaten,15,1504,16,2022,2023,9214570955.21,11015871.22,-265586826.43,8960000000,0,1
kabupaten,15,1504,17,2022,2023,5989773634.71,5007644268.64,-4127417903.35,6870000000,0,1
kabupaten,15,1504,1,2023,2024,233887778486.88,-12503969040.29,142306190553.41,363690000000,1,0
kabupaten,15,1504,2,2023,2024,151608258483.67,-182608354106.59,-327019904377.08,-358020000000,0,0
kabupaten,15,1504,3,2023,2024,61587132002.1,3200429218.96,38122438778.94,102910000000,1,1
kabupaten,15,1504,4,2023,2024,360555655.96,252682097.92,36762246.12,650000000,1,1
kabupaten,15,1504,5,2023,2024,461709050.71,-260272501.34,178563450.62,380000000,1,0
kabupaten,15,1504,6,2023,2024,36859847476.99,43695959260.6,-22355806737.59,58200000000,0,1
kabupaten,15,1504,7,2023,2024,44143791040.42,16272447607.98,11263761351.6,71680000000,1,1
kabupaten,15,1504,8,2023,2024,9895049859.96,8125827078.94,2709123061.1,20730000000,1,1
kabupaten,15,1504,9,2023,2024,2367439007.84,2711147280.48,141413711.68,5220000000,1,1
kabupaten,15,1504,10,2023,2024,20490980352.9,3391980072.63,-3102960425.52,20780000000,0,1
kabupaten,15,1504,11,2023,2024,9457168053.35,-4568440325.63,1731272272.28,6620000000,1,0
kabupaten,15,1504,12,2023,2024,6661288222.4,1190052229.29,-1521340451.69,6330000000,0,1
kabupaten,15,1504,13,2023,2024,490032001.24,548333789.44,-38365790.68,1000000000,0,1
kabupaten,15,1504,14,2023,2024,21235918908.92,32694346479.6,13899734611.49,67830000000,1,1
kabupaten,15,1504,15,2023,2024,26829027282.74,23636679830.17,32594292887.09,83060000000,1,1
kabupaten,15,1504,16,2023,2024,9303864463.97,13377292533.78,4388843002.25,27070000000,1,1
kabupaten,15,1504,17,2023,2024,6094829211.79,5015530898.08,-740360109.87,10370000000,0,1
kabupaten,15,1504,1,2024,2025,274227770783.75,31480508476.58,-33688279260.33,272020000000,0,1
kabupaten,15,1504,2,2024,2025,148503913405.35,31737583358.08,68788503236.57,249030000000,1,1
kabupaten,15,1504,3,2024,2025,72561361039.88,2593933480.75,-7985294520.63,67170000000,0,1
kabupaten,15,1504,4,2024,2025,427144525.61,185003515.02,47851959.36,660000000,1,1
kabupaten,15,1504,5,2024,2025,524693102.4,-335945718.51,371252616.11,560000000,1,0
kabupaten,15,1504,6,2024,2025,43260823125.37,-79608143152.28,39487320026.91,3140000000,1,0
kabupaten,15,1504,7,2024,2025,51907174249.4,29885532567.27,-24732706816.67,57060000000,0,1
kabupaten,15,1504,8,2024,2025,11864961488.32,9528234704.84,5416803806.84,26810000000,1,1
kabupaten,15,1504,9,2024,2025,2851571527.4,-1090659185.8,2319087658.4,4080000000,1,0
kabupaten,15,1504,10,2024,2025,23479154160.57,16981745292.64,-19370899453.21,21090000000,0,1
kabupaten,15,1504,11,2024,2025,10689944540.7,8349172071,-12099116611.7,6940000000,0,1
kabupaten,15,1504,12,2024,2025,7611745006.63,-1303282198.37,171537191.74,6480000000,1,0
kabupaten,15,1504,13,2024,2025,586276799.86,245395984.62,-251672784.48,580000000,0,1
kabupaten,15,1504,14,2024,2025,26613518026.73,-40786311032.66,39842793005.92,25670000000,1,0
kabupaten,15,1504,15,2024,2025,33493156037.9,-11465818643.92,-4037337393.98,17990000000,0,0
kabupaten,15,1504,16,2024,2025,11529453504.54,-1931612670.17,-3177840834.37,6420000000,0,0
kabupaten,15,1504,17,2024,2025,7190019846.39,-2593287540.65,-1636732305.74,2960000000,0,0
kabupaten,15,1505,1,2021,2022,362458780092.01,-8889933576.69,51001153484.68,404570000000,1,0
kabupaten,15,1505,2,2021,2022,111455439661.54,57327588685.34,527466971653.13,696250000000,1,1
kabupaten,15,1505,3,2021,2022,139307133126.93,-55283744825.65,-35093388301.27,48930000000,0,0
kabupaten,15,1505,4,2021,2022,353467389.34,450963500.29,-114430889.63,690000000,0,1
kabupaten,15,1505,5,2021,2022,840125389.16,-324450525.26,-135674863.9,380000000,0,0
kabupaten,15,1505,6,2021,2022,50263062764.39,-58912126673.69,-14590936090.7,-23240000000,0,0
kabupaten,15,1505,7,2021,2022,42481145211.5,2328786806.53,4890067981.96,49700000000,1,1
kabupaten,15,1505,8,2021,2022,28417241288.34,65689142672.83,-4056383961.17,90050000000,0,1
kabupaten,15,1505,9,2021,2022,5210826499.11,6064865164.1,-3945691663.21,7330000000,0,1
kabupaten,15,1505,10,2021,2022,23678216913.26,9827078461.64,-2995295374.9,30510000000,0,1
kabupaten,15,1505,11,2021,2022,15630942682.58,-17826654266.11,-24288416.47,-2220000000,0,0
kabupaten,15,1505,12,2021,2022,10537938646.59,-1859412799.94,131474153.34,8810000000,1,0
kabupaten,15,1505,13,2021,2022,9074891017.66,17731654460.49,-5996545478.15,20810000000,0,1
kabupaten,15,1505,14,2021,2022,24293967350.93,-27352431960.51,338464609.58,-2720000000,1,0
kabupaten,15,1505,15,2021,2022,15876833040.39,-9620638021.86,-236195018.53,6020000000,0,0
kabupaten,15,1505,16,2021,2022,10620926642.35,-15411882560.61,210955918.26,-4580000000,1,0
kabupaten,15,1505,17,2021,2022,11403677614.69,5981304013.23,5005018372.08,22390000000,1,1
kabupaten,15,1505,1,2022,2023,348127784516.29,71960601022.98,-83528385539.28,336560000000,0,1
kabupaten,15,1505,2,2022,2023,133662706199.98,-132474448780.83,159601742580.85,160790000000,1,0
kabupaten,15,1505,3,2022,2023,128839705098.47,-12803454300.51,-52516250797.96,63520000000,0,0
kabupaten,15,1505,4,2022,2023,353243060.51,569103878.27,207653061.22,1130000000,1,1
kabupaten,15,1505,5,2022,2023,780951061.31,-745066995.42,244115934.12,280000000,1,0
kabupaten,15,1505,6,2022,2023,44583090564.36,31887285062.48,245029624373.17,321500000000,1,1
kabupaten,15,1505,7,2022,2023,40907780355.09,36129310932.13,8852908712.78,85890000000,1,1
kabupaten,15,1505,8,2022,2023,30008440125.78,23433463320.48,-15421903446.26,38020000000,0,1
kabupaten,15,1505,9,2022,2023,5075251086.75,4481395532.23,1053353381.01,10610000000,1,1
kabupaten,15,1505,10,2022,2023,22931943768.69,14035443197.57,3622613033.74,40590000000,1,1
kabupaten,15,1505,11,2022,2023,14097609414.84,-10399078671.9,691469257.07,4390000000,1,0
kabupaten,15,1505,12,2022,2023,9983886869.6,-2914673560.32,830786690.72,7900000000,1,0
kabupaten,15,1505,13,2022,2023,9213174737.58,24115788710.75,-6168963448.33,27160000000,0,1
kabupaten,15,1505,14,2022,2023,21944817903.95,-7666865230.04,-5847952673.91,8430000000,0,0
kabupaten,15,1505,15,2022,2023,14704498678.21,-6672510527.52,2138011849.31,10170000000,1,0
kabupaten,15,1505,16,2022,2023,9436104152.58,11280710.59,-2987384863.17,6460000000,0,1
kabupaten,15,1505,17,2022,2023,11402443982.16,9532811544.81,-3185255526.97,17750000000,0,1
kabupaten,15,1505,1,2023,2024,351413636928.13,-18787066450.89,-54456570477.24,278170000000,0,0
kabupaten,15,1505,2,2023,2024,136343536859.62,-164222378833.6,-26991158026.02,-54870000000,0,0
kabupaten,15,1505,3,2023,2024,127311662634.88,6615861979.04,-21077524613.92,112850000000,0,1
kabupaten,15,1505,4,2023,2024,392025600.99,274736645.12,293237753.88,960000000,1,1
kabupaten,15,1505,5,2023,2024,766967517.54,-432351399.49,-384616118.05,-50000000,0,0
kabupaten,15,1505,6,2023,2024,57519866391.78,68187632629.23,451222500978.99,576930000000,1,1
kabupaten,15,1505,7,2023,2024,43377273093.52,15989890925.89,-8597164019.41,50770000000,0,1
kabupaten,15,1505,8,2023,2024,30696683527.41,25208154154.92,-26524837682.32,29380000000,0,1
kabupaten,15,1505,9,2023,2024,5379562318.23,6160575077.52,-2360137395.76,9180000000,0,1
kabupaten,15,1505,10,2023,2024,23976501550.73,3968956783.46,-135458334.19,27810000000,0,1
kabupaten,15,1505,11,2023,2024,13815305869.91,-6673710363.5,-791595506.41,6350000000,0,0
kabupaten,15,1505,12,2023,2024,9999350249.22,1786403569.13,384246181.65,12170000000,1,1
kabupaten,15,1505,13,2023,2024,10120734322.92,11324853456.71,-1825587779.63,19620000000,0,1
kabupaten,15,1505,14,2023,2024,21577143027.21,33219687511.39,-27586830538.61,27210000000,0,1
kabupaten,15,1505,15,2023,2024,14661397820.68,12916859135.37,19231743043.95,46810000000,1,1
kabupaten,15,1505,16,2023,2024,9405467429.36,13523379420.11,5071153150.52,28000000000,1,1
kabupaten,15,1505,17,2023,2024,11812468653.82,9720666397.21,-1553135051.03,19980000000,0,1
kabupaten,15,1505,1,2024,2025,398807156728.47,45781840555.5,84011002716.03,528600000000,1,1
kabupaten,15,1505,2,2024,2025,146711088804.76,31354429009.46,-30165517814.23,147900000000,0,1
kabupaten,15,1505,3,2024,2025,145076411139.26,5186211431.65,-26352622570.91,123910000000,0,1
kabupaten,15,1505,4,2024,2025,476904153.17,206555250.91,-13459404.08,670000000,0,1
kabupaten,15,1505,5,2024,2025,838030955.1,-536566823.65,-91464131.45,210000000,0,0
kabupaten,15,1505,6,2024,2025,91457702769.92,-168299569182.66,-89018133587.27,-165860000000,0,0
kabupaten,15,1505,7,2024,2025,50037000524.8,28808780874.25,7794218600.96,86640000000,1,1
kabupaten,15,1505,8,2024,2025,35086942128.28,28176797708.31,-9653739836.6,53610000000,0,1
kabupaten,15,1505,9,2024,2025,6347554865.07,-2427790765.35,3250235900.28,7170000000,1,0
kabupaten,15,1505,10,2024,2025,27645168126.66,19994894215.03,-420062341.69,47220000000,0,1
kabupaten,15,1505,11,2024,2025,15452581367.82,12068936399.99,-8151517767.81,19370000000,0,1
kabupaten,15,1505,12,2024,2025,11557535670.58,-1978880070.65,811344400.07,10390000000,1,0
kabupaten,15,1505,13,2024,2025,12057595293.99,5046908678.54,-3244503972.54,13860000000,0,1
kabupaten,15,1505,14,2024,2025,24986230404.93,-38292425819.29,6226195414.36,-7080000000,1,0
kabupaten,15,1505,15,2024,2025,18373126636.39,-6289730884.01,-2033395752.37,10050000000,0,0
kabupaten,15,1505,16,2024,2025,11686615100.47,-1957943088.16,-3938672012.31,5790000000,0,0
kabupaten,15,1505,17,2024,2025,13929247027.34,-5023983735.56,494736708.22,9400000000,1,0
kabupaten,15,1506,1,2021,2022,363635467908.42,-8918793897.1,13403325988.68,368120000000,1,0
kabupaten,15,1506,2,2021,2022,661614112110.83,340304087469.25,-1012758199580.1,-10840000000,0,1
kabupaten,15,1506,3,2021,2022,274999165722.57,-109132844555.94,79233678833.37,245100000000,1,0
kabupaten,15,1506,4,2021,2022,261770776.74,333974418.33,464254804.93,1060000000,1,1
kabupaten,15,1506,5,2021,2022,865226696.52,-334144473.88,-51082222.64,480000000,0,0
kabupaten,15,1506,6,2021,2022,77846838194.09,-91242406264.3,2145568070.21,-11250000000,1,0
kabupaten,15,1506,7,2021,2022,51188737507.2,2806130954.25,-3644868461.45,50350000000,0,1
kabupaten,15,1506,8,2021,2022,12461518424.82,28805979208.97,-8867497633.79,32400000000,0,1
kabupaten,15,1506,9,2021,2022,6422861054.44,7475548508.4,391590437.15,14290000000,1,1
kabupaten,15,1506,10,2021,2022,30205069098.19,12535892590.84,4639038310.97,47380000000,1,1
kabupaten,15,1506,11,2021,2022,16688783492.72,-19033092212.54,-35691280.17,-2380000000,0,0
kabupaten,15,1506,12,2021,2022,10608632124.46,-1871886620.67,-1036745503.79,7700000000,0,0
kabupaten,15,1506,13,2021,2022,16568399671.71,32373406729.64,-7361806401.35,41580000000,0,1
kabupaten,15,1506,14,2021,2022,22885220509.35,-25766332350.79,-998888158.56,-3880000000,0,0
kabupaten,15,1506,15,2021,2022,28278927962.07,-17135742932.94,2456814970.87,13600000000,1,0
kabupaten,15,1506,16,2021,2022,8937089962.98,-12968489999.15,-1248599963.83,-5280000000,0,0
kabupaten,15,1506,17,2021,2022,8272673725.33,4339071852.55,-1911745577.88,10700000000,0,1
kabupaten,15,1506,1,2022,2023,347500417394.34,71830919575.06,84988663030.6,504320000000,1,1
kabupaten,15,1506,2,2022,2023,600581152122.39,-595242003828.13,-36429148294.26,-31090000000,0,0
kabupaten,15,1506,3,2022,2023,261247677054.53,-25961505358.35,62213828303.82,297500000000,1,0
kabupaten,15,1506,4,2022,2023,287155426,462631215.93,250213358.07,1000000000,1,1
kabupaten,15,1506,5,2022,2023,808410008.04,-771264225.9,142854217.85,180000000,1,0
kabupaten,15,1506,6,2022,2023,70201357054.06,50210307446.6,1038335499.34,121450000000,1,1
kabupaten,15,1506,7,2022,2023,48849000831.31,43142911310.25,5058087858.44,97050000000,1,1
kabupaten,15,1506,8,2022,2023,12829378400.5,10018407051.9,-7907785452.39,14940000000,0,1
kabupaten,15,1506,9,2022,2023,6500323881.58,5739720440.05,-650044321.63,11590000000,0,1
kabupaten,15,1506,10,2022,2023,29646819759.48,18145267532.49,-1812087291.97,45980000000,0,1
kabupaten,15,1506,11,2022,2023,15051226056.45,-11102512437.67,341286381.22,4290000000,1,0
kabupaten,15,1506,12,2022,2023,9996452828.28,-2918342038.14,591889209.86,7670000000,1,0
kabupaten,15,1506,13,2022,2023,16987779909.91,44466074142.81,-11373854052.71,50080000000,0,1
kabupaten,15,1506,14,2022,2023,20610964660.97,-7200856667.32,-580107993.65,12830000000,0,0
kabupaten,15,1506,15,2022,2023,26324752610.72,-11945472795.32,-309279815.4,14070000000,0,0
kabupaten,15,1506,16,2022,2023,7873736624.09,9412925.36,-773149549.45,7110000000,0,1
kabupaten,15,1506,17,2022,2023,8013823793.01,6699815591.43,-1343639384.44,13370000000,0,1
kabupaten,15,1506,1,2023,2024,358349612813.61,-19157873460.55,-52951739353.07,286240000000,0,0
kabupaten,15,1506,2,2023,2024,578748923288.3,-697088597808.96,511769674520.67,393430000000,1,0
kabupaten,15,1506,3,2023,2024,265733564578.67,13809077268.07,38107358153.26,317650000000,1,1
kabupaten,15,1506,4,2023,2024,322342151.28,225901576.32,241756272.4,790000000,1,1
kabupaten,15,1506,5,2023,2024,788996479.07,-444769464.31,25772985.24,370000000,1,0
kabupaten,15,1506,6,2023,2024,73272821734.5,86862167170.35,-11904988904.84,148230000000,0,1
kabupaten,15,1506,7,2023,2024,51550017818.84,19002558329.88,-14282576148.72,56270000000,0,1
kabupaten,15,1506,8,2023,2024,13064522895.53,10728602222.35,-6173125117.87,17620000000,0,1
kabupaten,15,1506,9,2023,2024,6800205551.2,7787469381.8,-117674933,14470000000,0,1
kabupaten,15,1506,10,2023,2024,30705225369.63,5082797932.83,-4258023302.46,31530000000,0,1
kabupaten,15,1506,11,2023,2024,14731980411.68,-7116525053.74,334544642.06,7950000000,1,0
kabupaten,15,1506,12,2023,2024,10001148531.79,1786724835.84,1082126632.36,12870000000,1,1
kabupaten,15,1506,13,2023,2024,18661227834.49,20881456207.11,-1592684041.6,37950000000,0,1
kabupaten,15,1506,14,2023,2024,20486484646.46,31540534226.62,1392981126.92,53420000000,1,1
kabupaten,15,1506,15,2023,2024,26061610194.55,22960576599.95,-2272186794.5,46750000000,0,1
kabupaten,15,1506,16,2023,2024,7925480871.48,11395423536.02,4649095592.49,23970000000,1,1
kabupaten,15,1506,17,2023,2024,8342232857.86,6864954735.17,-1687187593.03,13520000000,0,1
kabupaten,15,1506,1,2024,2025,406805647355.18,46700042790.28,-93355690145.46,360150000000,0,1
kabupaten,15,1506,2,2024,2025,653614878018.94,139687609568.8,77307512412.26,870610000000,1,1
kabupaten,15,1506,3,2024,2025,306858262387.57,10969611226.2,89282126386.24,407110000000,1,1
kabupaten,15,1506,4,2024,2025,392164985.45,169853284.84,57981729.7,620000000,1,1
kabupaten,15,1506,5,2024,2025,882863886.85,-565272044.67,-217591842.19,100000000,0,0
kabupaten,15,1506,6,2024,2025,87600099960.74,-161200846262.66,7730746301.92,-65870000000,1,0
kabupaten,15,1506,7,2024,2025,59264209083.32,34121342112.04,23514448804.65,116900000000,1,1
kabupaten,15,1506,8,2024,2025,15185061786.04,12194462902.15,6790475311.81,34170000000,1,1
kabupaten,15,1506,9,2024,2025,8165012944.65,-3122925826.93,-642087117.72,4400000000,0,0
kabupaten,15,1506,10,2024,2025,35202226809.94,25460680795.05,-38372907604.98,22290000000,0,1
kabupaten,15,1506,11,2024,2025,16535961773.62,12915089473.28,-6321051246.9,23130000000,0,1
kabupaten,15,1506,12,2024,2025,11593993219.48,-1985122328.43,4411129108.95,14020000000,1,0
kabupaten,15,1506,13,2024,2025,22319902639.5,9342369484.87,-7252272124.37,24410000000,0,1
kabupaten,15,1506,14,2024,2025,25082300972.97,-38439657916.35,57356943.38,-13300000000,1,0
kabupaten,15,1506,15,2024,2025,30863285821.37,-10565526807.42,-5927759013.96,14370000000,0,0
kabupaten,15,1506,16,2024,2025,9866201003.41,-1652955958.16,-4683245045.25,3530000000,0,0
kabupaten,15,1506,17,2024,2025,9808065993.01,-3537561214.14,-1950504778.86,4320000000,0,0
kabupaten,15,1507,1,2021,2022,144829420745.92,-3552194073.09,-70607226672.83,70670000000,0,0
kabupaten,15,1507,2,2021,2022,490708018919.91,252397797349.9,-858495816269.81,-115390000000,0,1
kabupaten,15,1507,3,2021,2022,63153864772.21,-25062479332.19,-14831385440.01,23260000000,0,0
kabupaten,15,1507,4,2021,2022,125506536.8,160124721.12,-35631257.91,250000000,0,1
kabupaten,15,1507,5,2021,2022,587575500.83,-226917532,149342031.16,510000000,1,0
kabupaten,15,1507,6,2021,2022,43841738524.68,-51385847011.91,6324108487.23,-1220000000,1,0
kabupaten,15,1507,7,2021,2022,50763552096.83,2782822586.05,-5176374682.88,48370000000,0,1
kabupaten,15,1507,8,2021,2022,10000053488.9,23116070054.19,-14826123543.09,18290000000,0,1
kabupaten,15,1507,9,2021,2022,2904579851.55,3380631683.09,-2395211534.64,3890000000,0,1
kabupaten,15,1507,10,2021,2022,13893317487.44,5766089631.74,-1059407119.18,18600000000,0,1
kabupaten,15,1507,11,2021,2022,6662604153.3,-7598514252.45,425910099.15,-510000000,1,0
kabupaten,15,1507,12,2021,2022,5200581067.53,-917639334.25,-2862941733.28,1420000000,0,0
kabupaten,15,1507,13,2021,2022,9069256030.3,17720644119.02,-8669900149.32,18120000000,0,1
kabupaten,15,1507,14,2021,2022,15297453884.81,-17223311471.08,1265857586.27,-660000000,1,0
kabupaten,15,1507,15,2021,2022,25782116287.21,-15622788726.56,1560672439.34,11720000000,1,0
kabupaten,15,1507,16,2021,2022,4620177368.8,-6704276699.66,924099330.86,-1160000000,1,0
kabupaten,15,1507,17,2021,2022,2555722906.41,1340493496.34,-1696216402.75,2200000000,0,1
kabupaten,15,1507,1,2022,2023,134868572826.83,27878336609.12,-18616909435.94,144130000000,0,1
kabupaten,15,1507,2,2022,2023,440444763431.1,-436529222793.37,-6255540637.73,-2340000000,0,0
kabupaten,15,1507,3,2022,2023,58458701375.95,-5809337354.21,-26039364021.74,26610000000,0,0
kabupaten,15,1507,4,2022,2023,125659586.74,202448019.94,-188107606.68,140000000,0,1
kabupaten,15,1507,5,2022,2023,557556240.43,-531936984.81,-435619255.62,-410000000,0,0
kabupaten,15,1507,6,2022,2023,39774051639.15,28447703078.74,16148245282.12,84370000000,1,1
kabupaten,15,1507,7,2022,2023,48370563589.94,42720360692.61,-7440924282.55,83650000000,0,1
kabupaten,15,1507,8,2022,2023,9936415470.17,7759304598.35,-8155720068.51,9540000000,0,1
kabupaten,15,1507,9,2022,2023,2819894207.67,2489938150.37,330167641.96,5640000000,1,1
kabupaten,15,1507,10,2022,2023,13487927716.2,8255254993.78,-783182709.98,20960000000,0,1
kabupaten,15,1507,11,2022,2023,6029333134.24,-4447527786.95,1988194652.71,3570000000,1,0
kabupaten,15,1507,12,2022,2023,4790888096.01,-1398641135.09,3587753039.08,6980000000,1,0
kabupaten,15,1507,13,2022,2023,9082861092.07,23774688446.1,-6637549538.17,26220000000,0,1
kabupaten,15,1507,14,2022,2023,13867233505.81,-4844798023.29,-22435482.52,9000000000,0,0
kabupaten,15,1507,15,2022,2023,23968868062.25,-10876435026.99,-4212433035.25,8880000000,0,0
kabupaten,15,1507,16,2022,2023,4143508521.35,4953497.72,1781537980.92,5930000000,1,1
kabupaten,15,1507,17,2022,2023,2424299212.37,2026792462.73,-1841091675.1,2610000000,0,1
kabupaten,15,1507,1,2023,2024,136759389704.72,-7311348997.79,-46128040706.92,83320000000,0,0
kabupaten,15,1507,2,2023,2024,425353621497.34,-512327794750.55,464144173253.2,377170000000,1,0
kabupaten,15,1507,3,2023,2024,57665976850.87,2996662959.51,-22972639810.38,37690000000,0,1
kabupaten,15,1507,4,2023,2024,127678062.71,89478448.64,62843488.65,280000000,1,1
kabupaten,15,1507,5,2023,2024,520153234.35,-293218387.58,73065153.23,300000000,1,0
kabupaten,15,1507,6,2023,2024,42213784268.55,50042849438.97,-11756633707.52,80500000000,0,1
kabupaten,15,1507,7,2023,2024,50485434535.41,18610127700.44,11974437764.16,81070000000,1,1
kabupaten,15,1507,8,2023,2024,10027223629.11,8234368340.23,-2311591969.34,15950000000,0,1
kabupaten,15,1507,9,2023,2024,2977506370.86,3409785119.38,-1317291490.23,5070000000,0,1
kabupaten,15,1507,10,2023,2024,13971306883.15,2312744130.35,-1034051013.49,15250000000,0,1
kabupaten,15,1507,11,2023,2024,5984684404.17,-2891000076.76,966315672.59,4060000000,1,0
kabupaten,15,1507,12,2023,2024,4941680511.62,882840933,705478555.38,6530000000,1,1
kabupaten,15,1507,13,2023,2024,9952594902.31,11136709569.32,-319304471.63,20770000000,0,1
kabupaten,15,1507,14,2023,2024,13800020468.03,21246203309.71,2953776222.25,38000000000,1,1
kabupaten,15,1507,15,2023,2024,23552556434.06,20750071545.54,13507372020.41,57810000000,1,1
kabupaten,15,1507,16,2023,2024,4269122829.18,6138234834.54,1412642336.28,11820000000,1,1
kabupaten,15,1507,17,2023,2024,2459151419.08,2023674412.66,-1582825831.75,2900000000,0,1
kabupaten,15,1507,1,2024,2025,153975009088.11,17675859614.53,31819131297.36,203470000000,1,1
kabupaten,15,1507,2,2024,2025,484712966004.56,103590658391.07,-193363624395.63,394940000000,0,1
kabupaten,15,1507,3,2024,2025,65051105966.67,2325455852.93,-5056561819.6,62320000000,0,1
kabupaten,15,1507,4,2024,2025,153712908.87,66575659.39,-20288568.26,200000000,0,1
kabupaten,15,1507,5,2024,2025,584798791.12,-374429641.19,589630850.07,800000000,1,0
kabupaten,15,1507,6,2024,2025,50226678312.99,-92426641666.44,30979963353.46,-11220000000,1,0
kabupaten,15,1507,7,2024,2025,59319388076.24,34153111392.76,24527500531,118000000000,1,1
kabupaten,15,1507,8,2024,2025,11774310285.66,9455436665.32,9730253049.02,30960000000,1,1
kabupaten,15,1507,9,2024,2025,3512734103.38,-1343538354.31,1220804250.93,3390000000,1,0
kabupaten,15,1507,10,2024,2025,16062013637.93,11617157186.36,-319170824.3,27360000000,0,1
kabupaten,15,1507,11,2024,2025,6758441294.56,5278548367.13,-2126989661.69,9910000000,0,1
kabupaten,15,1507,12,2024,2025,5737137255.8,-982312051.78,1105174795.98,5860000000,1,0
kabupaten,15,1507,13,2024,2025,11929993872.85,4993498964.25,4146507162.91,21070000000,1,1
kabupaten,15,1507,14,2024,2025,16995129821.92,-26045735489.04,1600605667.12,-7450000000,1,0
kabupaten,15,1507,15,2024,2025,28658589452.14,-9810786086.48,5882196634.34,24730000000,1,0
kabupaten,15,1507,16,2024,2025,5260725772.22,-881367408.43,-519358363.79,3860000000,0,0
kabupaten,15,1507,17,2024,2025,2837776779.17,-1023525848.58,425749069.41,2240000000,1,0
kabupaten,15,1508,1,2021,2022,136897919892.04,-3357660185.02,-12670259707.01,120870000000,0,0
kabupaten,15,1508,2,2021,2022,152525276673.57,78452037440.37,15872685886.07,246850000000,1,1
kabupaten,15,1508,3,2021,2022,43963146888.85,-17446683021.76,-19046463867.09,7470000000,0,0
kabupaten,15,1508,4,2021,2022,287896627.26,367306503.13,-225203130.39,430000000,0,1
kabupaten,15,1508,5,2021,2022,1457924913.14,-563040362.74,-224884550.4,670000000,0,0
kabupaten,15,1508,6,2021,2022,80933274456.09,-94859943955.74,34206669499.65,20280000000,1,0
kabupaten,15,1508,7,2021,2022,79532723959.77,4359928559.43,-5392652519.21,78500000000,0,1
kabupaten,15,1508,8,2021,2022,16802507783.2,38840586946.24,-30173094729.44,25470000000,0,1
kabupaten,15,1508,9,2021,2022,16276917143.4,18944654514.75,-10691571658.15,24530000000,0,1
kabupaten,15,1508,10,2021,2022,36912753150.43,15319756668.04,11467490181.53,63700000000,1,1
kabupaten,15,1508,11,2021,2022,27046402543.58,-30845667921.47,-1900734622.12,-5700000000,0,0
kabupaten,15,1508,12,2021,2022,15580740067.87,-2749212012.54,4888471944.68,17720000000,1,0
kabupaten,15,1508,13,2021,2022,1230476332.17,2404258200.06,-264734532.23,3370000000,0,1
kabupaten,15,1508,14,2021,2022,18874646319.27,-21250850952.79,3196204633.52,820000000,1,0
kabupaten,15,1508,15,2021,2022,33414450539.1,-20247635817.44,-2196814721.66,10970000000,0,0
kabupaten,15,1508,16,2021,2022,5925957623.05,-8599076711.58,1163119088.53,-1510000000,1,0
kabupaten,15,1508,17,2021,2022,4108418061.62,2154892331.26,-943310392.88,5320000000,0,1
kabupaten,15,1508,1,2022,2023,129999031137.63,26871766142.04,-60797279.68,156810000000,0,1
kabupaten,15,1508,2,2022,2023,150059886052.2,-148725858199.64,105805972147.44,107140000000,1,0
kabupaten,15,1508,3,2022,2023,40288790538.91,-4003701251.05,-665089287.86,35620000000,0,0
kabupaten,15,1508,4,2022,2023,281570555.48,453633526.15,-145204081.63,590000000,0,1
kabupaten,15,1508,5,2022,2023,1355727319.18,-1293432751.89,1357705432.71,1420000000,1,0
kabupaten,15,1508,6,2022,2023,74472852191.54,53265420525.74,-58898272717.28,68840000000,0,1
kabupaten,15,1508,7,2022,2023,75910025539.17,67042916818.38,18987057642.45,161940000000,1,1
kabupaten,15,1508,8,2022,2023,16450701528.05,12846282887.02,-3266984415.07,26030000000,0,1
kabupaten,15,1508,9,2022,2023,15929446946.01,14065541025.38,-1314987971.39,28680000000,0,1
kabupaten,15,1508,10,2022,2023,36500386701.58,22339977343.69,-1220364045.27,57620000000,0,1
kabupaten,15,1508,11,2022,2023,24306752728.82,-17929836644.46,-5546916084.36,830000000,0,0
kabupaten,15,1508,12,2022,2023,14980018957.29,-4373233166.42,653214209.13,11260000000,1,0
kabupaten,15,1508,13,2022,2023,1274746696.62,3336691517.41,-1151438214.03,3460000000,0,1
kabupaten,15,1508,14,2022,2023,17186042813.43,-6004291066.12,1578248252.68,12760000000,1,0
kabupaten,15,1508,15,2022,2023,30868044780.27,-14007097981.89,-3140946798.38,13720000000,0,0
kabupaten,15,1508,16,2022,2023,5313538895.69,6352250.2,1440108854.12,6760000000,1,1
kabupaten,15,1508,17,2022,2023,3980151058.59,3327534870.66,-1357685929.25,5950000000,0,1
kabupaten,15,1508,1,2023,2024,132625587639.18,-7090350135.09,56454762495.91,181990000000,1,0
kabupaten,15,1508,2,2023,2024,149770863264.33,-180395257536.51,-203405605727.82,-234030000000,0,0
kabupaten,15,1508,3,2023,2024,40519352513.79,2105623618.16,2805023868.04,45430000000,1,1
kabupaten,15,1508,4,2023,2024,298514907.18,209203133.44,-57718040.62,450000000,0,1
kabupaten,15,1508,5,2023,2024,1373438315.41,-774228326.76,-829209988.65,-230000000,0,0
kabupaten,15,1508,6,2023,2024,75033789944.47,88949728580.09,-85413518524.56,78570000000,0,1
kabupaten,15,1508,7,2023,2024,80607566780.62,29713859556.01,-21461426336.63,88860000000,0,1
kabupaten,15,1508,8,2023,2024,17061205914.84,14010683218.79,2118110866.37,33190000000,1,1
kabupaten,15,1508,9,2023,2024,16676823014.78,19097988676.31,12815188308.91,48590000000,1,1
kabupaten,15,1508,10,2023,2024,37848902892.34,6265328557.76,-2034231450.11,42080000000,0,1
kabupaten,15,1508,11,2023,2024,23517040353.23,-11360292519.19,1173252165.95,13330000000,1,0
kabupaten,15,1508,12,2023,2024,14976546841.66,2675589519.76,-1042136361.42,16610000000,0,1
kabupaten,15,1508,13,2023,2024,1386925434.71,1551935541.66,371139023.63,3310000000,1,1
kabupaten,15,1508,14,2023,2024,17174947287.6,26442165267.17,16972887445.23,60590000000,1,1
kabupaten,15,1508,15,2023,2024,30434583842.34,26813216389.28,21742199768.38,78990000000,1,1
kabupaten,15,1508,16,2023,2024,5436657789.94,7816941223.05,5036400987.01,18290000000,1,1
kabupaten,15,1508,17,2023,2024,4112222674.65,3384012770.14,1333764555.21,8830000000,1,1
kabupaten,15,1508,1,2024,2025,154306083045.68,17713865891.2,-48959948936.88,123060000000,0,1
kabupaten,15,1508,2,2024,2025,152598982951.96,32612763062.86,-106011746014.82,79200000000,0,1
kabupaten,15,1508,3,2024,2025,46642014450.97,1667365126.01,50500620423.02,98810000000,1,1
kabupaten,15,1508,4,2024,2025,349302732.02,151288918.28,-300591650.3,200000000,0,1
kabupaten,15,1508,5,2024,2025,1493774165.7,-956420111.29,-887354054.42,-350000000,0,0
kabupaten,15,1508,6,2024,2025,86097950412.18,-158436605370.82,17348654958.64,-54990000000,1,0
kabupaten,15,1508,7,2024,2025,92713024859.04,53379482969.39,26787492171.57,172880000000,1,1
kabupaten,15,1508,8,2024,2025,20331980885.34,16327729852.35,16210289262.31,52870000000,1,1
kabupaten,15,1508,9,2024,2025,20669459547.45,-7905583186.09,10976123638.64,23740000000,1,0
kabupaten,15,1508,10,2024,2025,43550512838.24,31498737617.42,-16209250455.66,58840000000,0,1
kabupaten,15,1508,11,2024,2025,26428274264.76,20641286634.93,5510439100.31,52580000000,1,1
kabupaten,15,1508,12,2024,2025,17230625881.02,-2950225993.91,6399600112.88,20680000000,1,0
kabupaten,15,1508,13,2024,2025,1682959284.31,704430826.42,-317390110.74,2070000000,0,1
kabupaten,15,1508,14,2024,2025,21806540937.43,-33419420924.63,7662879987.19,-3950000000,1,0
kabupaten,15,1508,15,2024,2025,37243849548.29,-12749805483.81,-334044064.47,24160000000,0,0
kabupaten,15,1508,16,2024,2025,6858945888.82,-1149128775.07,3100182886.25,8810000000,1,0
kabupaten,15,1508,17,2024,2025,4941475884.56,-1782285462.02,630809577.46,3790000000,1,0
kabupaten,15,1509,1,2021,2022,282017286351.53,-6916965682.3,-133430320669.23,141670000000,0,0
kabupaten,15,1509,2,2021,2022,47962451104.19,24669694701.23,316357854194.57,388990000000,1,1
kabupaten,15,1509,3,2021,2022,33916988957.86,-13459886229.17,-6887102728.69,13570000000,0,0
kabupaten,15,1509,4,2021,2022,358077833.55,456845632.9,-204923466.45,610000000,0,1
kabupaten,15,1509,5,2021,2022,244353543.07,-94367622.29,-69985920.78,80000000,0,0
kabupaten,15,1509,6,2021,2022,38262076488.87,-44846059371.21,6673982882.34,90000000,1,0
kabupaten,15,1509,7,2021,2022,45174669172.6,2476443914.94,-1111113087.54,46540000000,0,1
kabupaten,15,1509,8,2021,2022,8072887809.62,18661244197.74,-13314132007.36,13420000000,0,1
kabupaten,15,1509,9,2021,2022,2019374563.46,2350343932.06,-1409718495.51,2960000000,0,1
kabupaten,15,1509,10,2021,2022,22738198566.25,9436946295.63,2174855138.12,34350000000,1,1
kabupaten,15,1509,11,2021,2022,7043221936.32,-8032598220.59,1449376284.27,460000000,1,0
kabupaten,15,1509,12,2021,2022,9934482726.82,-1752933373.64,1938450646.82,10120000000,1,0
kabupaten,15,1509,13,2021,2022,291994799.89,570535875.95,-382530675.84,480000000,0,1
kabupaten,15,1509,14,2021,2022,16668292629.57,-18766730582.22,3988437952.65,1890000000,1,0
kabupaten,15,1509,15,2021,2022,12440515290.09,-7538385905.23,-2062129384.86,2840000000,0,0
kabupaten,15,1509,16,2021,2022,5894709056.75,-8553732340.95,2049023284.2,-610000000,1,0
kabupaten,15,1509,17,2021,2022,9658880617.45,5066146496.99,-5605027114.43,9120000000,0,1
kabupaten,15,1509,1,2022,2023,262810044583.03,54324789931.23,-50914834514.26,266220000000,0,1
kabupaten,15,1509,2,2022,2023,61678379231.81,-61130060304.21,27221681072.4,27770000000,1,0
kabupaten,15,1509,3,2022,2023,31445613473.4,-3124909939.45,11389296466.05,39710000000,1,0
kabupaten,15,1509,4,2022,2023,353708466.39,569853685.75,6437847.87,930000000,1,1
kabupaten,15,1509,5,2022,2023,225721850.26,-215350114.89,159628264.63,170000000,1,0
kabupaten,15,1509,6,2022,2023,34765818998.66,24865651232.51,-21381470231.17,38250000000,0,1
kabupaten,15,1509,7,2022,2023,43207816198.35,38160677811.85,-1908494010.2,79460000000,0,1
kabupaten,15,1509,8,2022,2023,7958905899.55,6215075781.56,-1653981681.11,12520000000,0,1
kabupaten,15,1509,9,2022,2023,1972390105.97,1741600574.56,-73990680.54,3640000000,0,1
kabupaten,15,1509,10,2022,2023,22256639841.42,13622124989.23,-308764830.64,35570000000,0,1
kabupaten,15,1509,11,2022,2023,6420274070.77,-4735904733.38,-804369337.39,880000000,0,0
kabupaten,15,1509,12,2022,2023,9496606916.57,-2772418142.75,-454188773.82,6270000000,0,0
kabupaten,15,1509,13,2022,2023,287620831.88,752857012.69,-170477844.57,870000000,0,1
kabupaten,15,1509,14,2022,2023,15231338130.78,-5321375517.12,-9609962613.65,300000000,0,0
kabupaten,15,1509,15,2022,2023,11434556987.66,-5188697931.66,-2745859056,3500000000,0,0
kabupaten,15,1509,16,2022,2023,5327035666.11,6368385.37,136595948.52,5470000000,1,1
kabupaten,15,1509,17,2022,2023,9199677967.15,7691227992.09,-11740905959.25,5150000000,0,1
kabupaten,15,1509,1,2023,2024,265836516256,-14211993420.72,22465477164.72,274090000000,1,0
kabupaten,15,1509,2,2023,2024,60828256756.14,-73266113340.44,-111432143415.7,-123870000000,0,0
kabupaten,15,1509,3,2023,2024,32160935112.78,1671271142.17,24147793745.06,57980000000,1,1
kabupaten,15,1509,4,2023,2024,383483758.77,268750410.88,227765830.35,880000000,1,1
kabupaten,15,1509,5,2023,2024,225684462.96,-127221806.89,491537343.93,590000000,1,0
kabupaten,15,1509,6,2023,2024,35302534768.45,41849823768.29,-40302358536.74,36850000000,0,1
kabupaten,15,1509,7,2023,2024,45309977289.25,16702331498.51,38937691212.24,100950000000,1,1
kabupaten,15,1509,8,2023,2024,8250970017.26,6775706696.03,1313323286.71,16340000000,1,1
kabupaten,15,1509,9,2023,2024,2068924100.66,2369293540.6,-1428217641.26,3010000000,0,1
kabupaten,15,1509,10,2023,2024,23098490084.28,3823614913.7,-2642104997.98,24280000000,0,1
kabupaten,15,1509,11,2023,2024,6241389241.52,-3015005563.83,-426383677.69,2800000000,0,0
kabupaten,15,1509,12,2023,2024,9455369770.77,1689220387.82,-7024590158.6,4120000000,0,1
kabupaten,15,1509,13,2023,2024,316947303.56,354656258.31,68396438.14,740000000,1,1
kabupaten,15,1509,14,2023,2024,14726585563.96,22672722237.96,-3559307801.92,33840000000,0,1
kabupaten,15,1509,15,2023,2024,11202850861.45,9869839715.27,9167309423.29,30240000000,1,1
kabupaten,15,1509,16,2023,2024,5391700725.6,7752301007.86,-4514001733.46,8630000000,0,1
kabupaten,15,1509,17,2023,2024,9118191788.27,7503503553.5,698304658.23,17320000000,1,1
kabupaten,15,1509,1,2024,2025,304825015032.08,34992978436.01,-11737993468.09,328080000000,0,1
kabupaten,15,1509,2,2024,2025,60556974060.49,12941962053.97,-9988936114.46,63510000000,0,1
kabupaten,15,1509,3,2024,2025,38100601947.41,1362025541.03,46127372511.56,85590000000,1,1
kabupaten,15,1509,4,2024,2025,463602074.51,200793895.78,115604029.71,780000000,1,1
kabupaten,15,1509,5,2024,2025,276387634.22,-176962955.95,380575321.73,480000000,1,0
kabupaten,15,1509,6,2024,2025,40502366148.53,-74532057631.33,12759691482.79,-21270000000,1,0
kabupaten,15,1509,7,2024,2025,54627202999.02,31451587914.27,3901209086.71,89980000000,1,1
kabupaten,15,1509,8,2024,2025,9846986889.8,7907687042.55,7535326067.65,25290000000,1,1
kabupaten,15,1509,9,2024,2025,2415558949.35,-923894607.46,-31664341.89,1460000000,0,0
kabupaten,15,1509,10,2024,2025,26509072075.83,19173191114.86,-19262263190.69,26420000000,0,1
kabupaten,15,1509,11,2024,2025,6977679257.53,5449779889.46,-7327459147,5100000000,0,1
kabupaten,15,1509,12,2024,2025,10564806467.45,-1808905078.44,-3325901389.01,5430000000,0,0
kabupaten,15,1509,13,2024,2025,383789602.6,160641573.12,-134431175.72,410000000,0,1
kabupaten,15,1509,14,2024,2025,17805571280.55,-27287770359.16,7082199078.6,-2400000000,1,0
kabupaten,15,1509,15,2024,2025,13766666066.03,-4712786584.4,6266120518.37,15320000000,1,0
kabupaten,15,1509,16,2024,2025,6333760116.84,-1061140607.12,257380490.27,5530000000,1,0
kabupaten,15,1509,17,2024,2025,10845628127.89,-3911787852.53,5326159724.64,12260000000,1,0
kabupaten,15,1571,1,2021,2022,8537005859.97,-209384954.12,-6287620905.85,2040000000,0,0
kabupaten,15,1571,2,2021,2022,23215123406.07,11940799389.82,-35845922795.89,-690000000,0,1
kabupaten,15,1571,3,2021,2022,115947549135.65,-46013542707.36,10355993571.71,80290000000,1,0
kabupaten,15,1571,4,2021,2022,2010153675.04,2564609819.03,45236505.93,4620000000,1,1
kabupaten,15,1571,5,2021,2022,2422020024.36,-935367124.04,523347099.68,2010000000,1,0
kabupaten,15,1571,6,2021,2022,103396895456.13,-121189013716.32,-1047881739.81,-18840000000,0,0
kabupaten,15,1571,7,2021,2022,279402652213.56,15316658883.5,2530688902.95,297250000000,1,1
kabupaten,15,1571,8,2021,2022,102230453071.3,236315367461.98,-1045820533.28,337500000000,0,1
kabupaten,15,1571,9,2021,2022,23505581391.22,27358074916.9,56246343691.88,107110000000,1,1
kabupaten,15,1571,10,2021,2022,60236990402.77,24999924324.93,21073085272.3,106310000000,1,1
kabupaten,15,1571,11,2021,2022,65090763611.48,-74234200865.69,-4356562745.8,-13500000000,0,0
kabupaten,15,1571,12,2021,2022,26877352922.59,-4742492410.39,815139487.8,22950000000,1,0
kabupaten,15,1571,13,2021,2022,26637609823.74,52047885988.77,20734504187.5,99420000000,1,1
kabupaten,15,1571,14,2021,2022,67768919425.22,-76300619443.48,921700018.26,-7610000000,1,0
kabupaten,15,1571,15,2021,2022,49022341000.64,-29705306880.26,8712965879.62,28030000000,1,0
kabupaten,15,1571,16,2021,2022,34579868380.77,-50178377875.3,438509494.53,-15160000000,1,0
kabupaten,15,1571,17,2021,2022,7746058542.37,4062858720.81,3101082736.82,14910000000,1,1
kabupaten,15,1571,1,2022,2023,7850931736.12,1622845953.27,-7573777689.39,1900000000,0,1
kabupaten,15,1571,2,2022,2023,21059150520.35,-20871935308.58,-107215211.77,80000000,0,0
kabupaten,15,1571,3,2022,2023,109076709945.07,-10839505337,-55627204608.07,42610000000,0,0
kabupaten,15,1571,4,2022,2023,2041270175.74,3288655612.75,-49925788.5,5280000000,0,1
kabupaten,15,1571,5,2022,2023,2293985566.86,-2188578796.45,14593229.59,120000000,1,0
kabupaten,15,1571,6,2022,2023,93060697505.97,66560055660.61,-44930753166.58,114690000000,0,1
kabupaten,15,1571,7,2022,2023,267675397619.33,236408027654.53,13556574726.14,517640000000,1,1
kabupaten,15,1571,8,2022,2023,108585241339.14,84793753337.44,82571005323.42,275950000000,1,1
kabupaten,15,1571,9,2022,2023,26340111004.66,23258052411.03,3161836584.31,52760000000,1,1
kabupaten,15,1571,10,2022,2023,59673876120.33,36523257998.28,-2477134118.61,93720000000,0,1
kabupaten,15,1571,11,2022,2023,58507568993.02,-43158013174.9,-1909555818.12,13440000000,0,0
kabupaten,15,1571,12,2022,2023,25486556626.57,-7440488230.01,-346068396.55,17700000000,0,0
kabupaten,15,1571,13,2022,2023,28827705416.28,75457469616.71,-20895175032.99,83390000000,0,1
kabupaten,15,1571,14,2022,2023,61214834978.49,-21386638609.32,-31948196369.18,7880000000,0,0
kabupaten,15,1571,15,2022,2023,45842013461.16,-20801886831.79,6449873370.63,31490000000,1,0
kabupaten,15,1571,16,2022,2023,30710737593.9,36714192.33,2702548213.77,33450000000,1,1
kabupaten,15,1571,17,2022,2023,7731322425.78,6463635321.73,2045042252.49,16240000000,1,1
kabupaten,15,1571,1,2023,2024,7669225604.78,-410007569.21,-589218035.57,6670000000,0,0
kabupaten,15,1571,2,2023,2024,20346218605.74,-24506511248.45,-3849707357.3,-8010000000,0,0
kabupaten,15,1571,3,2023,2024,107281042620.76,5574953278.1,-18115995898.86,94740000000,0,1
kabupaten,15,1571,4,2023,2024,2209190141.38,1548229213.45,-457419354.84,3300000000,0,1
kabupaten,15,1571,5,2023,2024,2221328548.75,-1252197107.21,1020868558.46,1990000000,1,0
kabupaten,15,1571,6,2023,2024,95050473268.64,112678751865.16,-123619225133.8,84110000000,0,1
kabupaten,15,1571,7,2023,2024,281839432876.41,103892694697.33,-189872127573.74,195860000000,0,1
kabupaten,15,1571,8,2023,2024,117296577413.14,96324093208.12,-50940670621.27,162680000000,0,1
kabupaten,15,1571,9,2023,2024,27815834844.87,31854178605.76,829986549.36,60500000000,1,1
kabupaten,15,1571,10,2023,2024,61856874388.11,10239494727.24,-22546369115.34,49550000000,0,1
kabupaten,15,1571,11,2023,2024,57121097231.14,-27593284010.9,-14567813220.24,14960000000,0,0
kabupaten,15,1571,12,2023,2024,25415127609.42,4540462484.04,-3715590093.46,26240000000,0,1
kabupaten,15,1571,13,2023,2024,31595824814.09,35354952955.64,-5690777769.73,61260000000,0,1
kabupaten,15,1571,14,2023,2024,59486288385.76,91583761061.21,26989950553.03,178060000000,1,1
kabupaten,15,1571,15,2023,2024,45697956754.45,40260422463.89,-28088379218.34,57870000000,0,1
kabupaten,15,1571,16,2023,2024,31169631844.21,44816353996.24,-14925985840.44,61060000000,0,1
kabupaten,15,1571,17,2023,2024,8198370251.99,6746567932.24,705061815.77,15650000000,1,1
kabupaten,15,1571,1,2024,2025,8733060970.06,1002528661.15,-1205589631.22,8530000000,0,1
kabupaten,15,1571,2,2024,2025,21902118835.9,4680821577.92,-19722940413.82,6860000000,0,1
kabupaten,15,1571,3,2024,2025,122233293406.11,4369612527.72,-47722905933.82,78880000000,0,1
kabupaten,15,1571,4,2024,2025,2583559276.04,1118983198.14,-1072542474.17,2630000000,0,1
kabupaten,15,1571,5,2024,2025,2532321639.75,-1621371824.54,859050184.8,1770000000,1,0
kabupaten,15,1571,6,2024,2025,108306509726.67,-199304578779.22,73268069052.56,-17730000000,1,0
kabupaten,15,1571,7,2024,2025,318507927269.56,183380797953.15,-3338725222.7,498550000000,0,1
kabupaten,15,1571,8,2024,2025,136556183427.64,109662333702.14,-35508517129.78,210710000000,0,1
kabupaten,15,1571,9,2024,2025,33463103193.54,-12798851627.15,-1634251566.38,19030000000,0,0
kabupaten,15,1571,10,2024,2025,70228077910.34,50793794499.95,5968127589.71,126990000000,1,1
kabupaten,15,1571,11,2024,2025,63334152481.36,49465900877.67,18869946640.98,131670000000,1,1
kabupaten,15,1571,12,2024,2025,29144361657.74,-4990094610.15,-6914267047.59,17240000000,0,0
kabupaten,15,1571,13,2024,2025,37642911907.86,15756071933.19,1341016158.95,54740000000,1,1
kabupaten,15,1571,14,2024,2025,73961527985.43,-113349083793.97,-5282444191.47,-44670000000,0,0
kabupaten,15,1571,15,2024,2025,52929956296.9,-18119680302.57,5879724005.68,40690000000,1,0
kabupaten,15,1571,16,2024,2025,37166007754.69,-6226689881.73,590682127.04,31530000000,1,0
kabupaten,15,1571,17,2024,2025,9755350347.98,-3518547799.94,1903197451.96,8140000000,1,0
kabupaten,15,1572,1,2021,2022,12235094387.01,-300087023.35,-2945007363.66,8990000000,0,0
kabupaten,15,1572,2,2021,2022,1974294664.53,1015487021.68,-1099781686.2,1890000000,0,1
kabupaten,15,1572,3,2021,2022,1621339546.76,-643425212.82,-137914333.95,840000000,0,0
kabupaten,15,1572,4,2021,2022,60448046.29,77121294.25,-17569340.55,120000000,0,1
kabupaten,15,1572,5,2021,2022,846784919.68,-327022389.18,-399762530.5,120000000,0,0
kabupaten,15,1572,6,2021,2022,31444254047.21,-36855053705.58,27150799658.38,21740000000,1,0
kabupaten,15,1572,7,2021,2022,62446417721.94,3423269146.39,-6759686868.34,59110000000,0,1
kabupaten,15,1572,8,2021,2022,9355615842.82,21626391445.1,-8162007287.92,22820000000,0,1
kabupaten,15,1572,9,2021,2022,2725284798.98,3171950715,-997235513.98,4900000000,0,1
kabupaten,15,1572,10,2021,2022,39130889086.44,16240341016.16,-24661230102.6,30710000000,0,1
kabupaten,15,1572,11,2021,2022,13390266797.1,-15271225899.19,10990959102.08,9110000000,1,0
kabupaten,15,1572,12,2021,2022,6368560267.1,-1123728546.44,-1684831720.66,3560000000,0,0
kabupaten,15,1572,13,2021,2022,14405076794.62,28146436546.94,-22971513341.56,19580000000,0,1
kabupaten,15,1572,14,2021,2022,12808326283.64,-14420817651.58,1572491367.94,-40000000,1,0
kabupaten,15,1572,15,2021,2022,22694143210.47,-13751617623.54,6667474413.07,15610000000,1,0
kabupaten,15,1572,16,2021,2022,7049881466.84,-10229987353.45,7640105886.61,4460000000,1,0
kabupaten,15,1572,17,2021,2022,5737441682.07,3009325948.89,-976767630.95,7770000000,0,1
kabupaten,15,1572,1,2022,2023,11534153845.3,2384195344.11,-15148349189.41,-1230000000,0,1
kabupaten,15,1572,2,2022,2023,1881635959.99,-1864908273.17,793272313.17,810000000,1,0
kabupaten,15,1572,3,2022,2023,1512103693.8,-150265405.58,578161711.78,1940000000,1,0
kabupaten,15,1572,4,2022,2023,60502763.99,97474972.56,-67977736.55,90000000,0,1
kabupaten,15,1572,5,2022,2023,774900784.91,-739294724.3,-1265606060.61,-1230000000,0,0
kabupaten,15,1572,6,2022,2023,29579335907.35,21156108831.77,-22645444739.12,28090000000,0,1
kabupaten,15,1572,7,2022,2023,59484455928.47,52536030682.02,-25470486610.49,86550000000,0,1
kabupaten,15,1572,8,2022,2023,9561763739.32,7466740654.48,7271495606.2,24300000000,1,1
kabupaten,15,1572,9,2022,2023,2704008144.34,2387611925.01,-731620069.35,4360000000,0,1
kabupaten,15,1572,10,2022,2023,36980220160.58,22633658303.58,-21073878464.16,38540000000,0,1
kabupaten,15,1572,11,2022,2023,12589228968.05,-9286424286.92,-1492804681.14,1810000000,0,0
kabupaten,15,1572,12,2022,2023,5951610352.81,-1737499789.73,-1254110563.08,2960000000,0,0
kabupaten,15,1572,13,2022,2023,13998477963.07,36641477714.78,-21729955677.86,28910000000,0,1
kabupaten,15,1572,14,2022,2023,11634681514.69,-4064810906.97,-5169870607.72,2400000000,0,0
kabupaten,15,1572,15,2022,2023,21344444322.84,-9685541313.92,3971096991.07,15630000000,1,0
kabupaten,15,1572,16,2022,2023,6612486697.9,7905121.38,-1280391819.28,5340000000,0,1
kabupaten,15,1572,17,2022,2023,5574166186.71,4660183015.19,-4634349201.9,5600000000,0,1
kabupaten,15,1572,1,2023,2024,11086412064.82,-592695155.44,4636283090.62,15130000000,1,0
kabupaten,15,1572,2,2023,2024,1854029333.14,-2233131943.98,5379102610.83,5000000000,1,0
kabupaten,15,1572,3,2023,2024,1547871725.03,80436508.97,71691766,1700000000,1,1
kabupaten,15,1572,4,2023,2024,62490319.42,43794029.44,-46284348.86,60000000,0,1
kabupaten,15,1572,5,2023,2024,693237932.03,-390788896.85,-1132449035.19,-830000000,0,0
kabupaten,15,1572,6,2023,2024,29835755745.41,35369163379.6,-48374919125.01,16830000000,0,1
kabupaten,15,1572,7,2023,2024,61351556984.99,22615637968.03,-31167194953.02,52800000000,0,1
kabupaten,15,1572,8,2023,2024,10328885530.79,8482093463.81,16269021005.4,35080000000,1,1
kabupaten,15,1572,9,2023,2024,2808018238.32,3215690450.8,3026291310.89,9050000000,1,1
kabupaten,15,1572,10,2023,2024,37454629438.13,6200062393,-3844691831.13,39810000000,0,1
kabupaten,15,1572,11,2023,2024,12242258188.85,-5913823849.93,-8818434338.92,-2490000000,0,0
kabupaten,15,1572,12,2023,2024,5882182297.49,1050863424.98,-3973045722.47,2960000000,0,1
kabupaten,15,1572,13,2023,2024,14821894540.35,16585336425.65,-14067230966,17340000000,0,1
kabupaten,15,1572,14,2023,2024,11346713467.32,17469146642.36,-9415860109.68,19400000000,0,1
kabupaten,15,1572,15,2023,2024,21320887760.51,18783945924.66,-11734833685.17,28370000000,0,1
kabupaten,15,1572,16,2023,2024,6627570424.15,9529260523.46,2893169052.39,19050000000,1,1
kabupaten,15,1572,17,2023,2024,5636267155.58,4638172963.72,1065559880.69,11340000000,1,1
kabupaten,15,1572,1,2024,2025,12894640909.93,1480265296.65,26285093793.42,40660000000,1,1
kabupaten,15,1572,2,2024,2025,2278104136.61,486866091.78,1315029771.61,4080000000,1,1
kabupaten,15,1572,3,2024,2025,1780015191.52,63632227.06,1766352581.42,3610000000,1,1
kabupaten,15,1572,4,2024,2025,71437089.06,30940610.93,-12377699.99,90000000,0,1
kabupaten,15,1572,5,2024,2025,718804916.81,-460229862.26,141424945.45,400000000,1,0
kabupaten,15,1572,6,2024,2025,33525179560.58,-61692707185.21,23457527624.63,-4710000000,1,0
kabupaten,15,1572,7,2024,2025,69834434916.14,40207144950.25,-71031579866.39,39010000000,0,1
kabupaten,15,1572,8,2024,2025,13047368479.65,10477774350.71,9324857169.64,32850000000,1,1
kabupaten,15,1572,9,2024,2025,3523080164.56,-1347495479.9,-1995584684.66,180000000,0,0
kabupaten,15,1572,10,2024,2025,43006605622.24,31105346367.38,-7591951989.61,66520000000,0,1
kabupaten,15,1572,11,2024,2025,13293210599.92,10382402102.49,9114387297.59,32790000000,1,1
kabupaten,15,1572,12,2024,2025,6591918976.61,-1128667690.24,1776748713.63,7240000000,1,0
kabupaten,15,1572,13,2024,2025,17097112424.92,7156283070.67,-763395495.59,23490000000,0,1
kabupaten,15,1572,14,2024,2025,13390266507.13,-20521134185.32,-3389132321.81,-10520000000,0,0
kabupaten,15,1572,15,2024,2025,24762558415.74,-8477045389.01,-26675513026.73,-10390000000,0,0
kabupaten,15,1572,16,2024,2025,8201470493.55,-1374051624.66,4142581131.11,10970000000,1,0
kabupaten,15,1572,17,2024,2025,6735285824.31,-2429274631.23,533988806.92,4840000000,1,0
kabupaten,12,1201,1,2021,2022,166576998526.84,10706565480.89,-33983564007.73,143300000000,0,1
kabupaten,12,1201,2,2021,2022,1008329049.71,-450157347.27,521828297.56,1080000000,1,0
kabupaten,12,1201,3,2021,2022,36578152167.44,-21233812253.42,-864339914.02,14480000000,0,0
kabupaten,12,1201,4,2021,2022,1895696413.98,34225504.59,-19921918.57,1910000000,0,1
kabupaten,12,1201,5,2021,2022,380840306.5,-206187857.7,455347551.2,630000000,1,0
kabupaten,12,1201,6,2021,2022,34127260517.56,-12229721094.34,-157539423.22,21740000000,0,0
kabupaten,12,1201,7,2021,2022,39895620891.92,15596821443,11297557665.09,66790000000,1,1
kabupaten,12,1201,8,2021,2022,6877805832.99,11991361610.25,-1729167443.24,17140000000,0,1
kabupaten,12,1201,9,2021,2022,4857367680.9,2603071920.21,459560398.89,7920000000,1,1
kabupaten,12,1201,10,2021,2022,2861027364.58,1739726308.31,-80753672.89,4520000000,0,1
kabupaten,12,1201,11,2021,2022,3439847929.66,-663275161.88,403427232.22,3180000000,1,0
kabupaten,12,1201,12,2021,2022,7100356433.93,-295688659.72,1755332225.79,8560000000,1,0
kabupaten,12,1201,13,2021,2022,963913430.84,826537207.02,-320450637.86,1470000000,0,1
kabupaten,12,1201,14,2021,2022,26024717619.5,-30061993848.21,3907276228.71,-130000000,1,0
kabupaten,12,1201,15,2021,2022,3765877472.45,327509707.87,46612819.69,4140000000,1,1
kabupaten,12,1201,16,2021,2022,1140630893.16,25295722.29,264073384.55,1430000000,1,1
kabupaten,12,1201,17,2021,2022,313744371.61,265444001.02,-159188372.63,420000000,0,1
kabupaten,12,1201,1,2022,2023,183695181420.46,-72078394804.47,6023213384.01,117640000000,1,0
kabupaten,12,1201,2,2022,2023,1122593069.31,-330690626.65,368097557.34,1160000000,1,0
kabupaten,12,1201,3,2022,2023,39486535253.73,-12189809726.99,4553274473.27,31850000000,1,0
kabupaten,12,1201,4,2022,2023,2104486472.04,-1195133490.31,-119352981.73,790000000,0,0
kabupaten,12,1201,5,2022,2023,435117474.23,-184008341.65,68890867.42,320000000,1,0
kabupaten,12,1201,6,2022,2023,37252865457.92,10317157689.32,-8840023147.24,38730000000,0,1
kabupaten,12,1201,7,2022,2023,45621241000.91,7198555721.64,-1929796722.55,50890000000,0,1
kabupaten,12,1201,8,2022,2023,8146560766.13,13032950919.99,-609511686.13,20570000000,0,1
kabupaten,12,1201,9,2022,2023,5543867289.65,5767975380.03,-2621842669.68,8690000000,0,1
kabupaten,12,1201,10,2022,2023,3258123595.9,1818467836.08,-1776591431.98,3300000000,0,1
kabupaten,12,1201,11,2022,2023,3804398813.83,373873839.85,-778272653.69,3400000000,0,1
kabupaten,12,1201,12,2022,2023,7952785780.49,-2885299204.47,3582513423.99,8650000000,1,0
kabupaten,12,1201,13,2022,2023,1095053988.66,365768361.66,289177649.68,1750000000,1,1
kabupaten,12,1201,14,2022,2023,27571626833.88,-16986018995.35,8554392161.47,19140000000,1,0
kabupaten,12,1201,15,2022,2023,4197957311.82,1985934787.35,-523892099.17,5660000000,0,1
kabupaten,12,1201,16,2022,2023,1280316894.84,361751887.22,-12068782.06,1630000000,0,1
kabupaten,12,1201,17,2022,2023,353501653.4,315364366.76,-108866020.16,560000000,0,1
kabupaten,12,1201,1,2023,2024,190426177225.87,-49744135088.72,-41942042137.15,98740000000,0,0
kabupaten,12,1201,2,2023,2024,1185910699.54,-237493731.17,-828416968.37,120000000,0,0
kabupaten,12,1201,3,2023,2024,41263456002.71,-3343172958.5,-3220283044.2,34700000000,0,0
kabupaten,12,1201,4,2023,2024,2153549455.23,-1010006673.85,1236457218.62,2380000000,1,0
kabupaten,12,1201,5,2023,2024,453140602.33,-223100677.04,169960074.71,400000000,1,0
kabupaten,12,1201,6,2023,2024,39365898297.3,11674205934.48,4969895768.22,56010000000,1,1
kabupaten,12,1201,7,2023,2024,48382943645.91,-5630958490.92,6378014845.01,49130000000,1,0
kabupaten,12,1201,8,2023,2024,9217211785.6,2566281116.17,-6643492901.77,5140000000,0,1
kabupaten,12,1201,9,2023,2024,6005496040.37,8324397247.01,-6089893287.38,8240000000,0,1
kabupaten,12,1201,10,2023,2024,3438537511.77,1629765524.97,-1828303036.73,3240000000,0,1
kabupaten,12,1201,11,2023,2024,3992264263.33,-918249690.26,325985426.92,3400000000,1,0
kabupaten,12,1201,12,2023,2024,8423084137.35,628535874.41,-3001620011.76,6050000000,0,1
kabupaten,12,1201,13,2023,2024,1187922422.52,24600405.85,537477171.62,1750000000,1,1
kabupaten,12,1201,14,2023,2024,28656490987.72,6010664063.74,10882844948.54,45550000000,1,1
kabupaten,12,1201,15,2023,2024,4501230178.49,568580591,-369810769.48,4700000000,0,1
kabupaten,12,1201,16,2023,2024,1367971629.66,29130901.31,242897469.03,1640000000,1,1
kabupaten,12,1201,17,2023,2024,383233228.6,115030923.96,151735847.44,650000000,1,1
kabupaten,12,1201,1,2024,2025,114668929110.2,75069569865.17,-10338498975.37,179400000000,0,1
kabupaten,12,1201,2,2024,2025,699512137.47,-296426354.57,276914217.1,680000000,1,0
kabupaten,12,1201,3,2024,2025,25240286897.76,4563653829.78,-13743940727.54,16060000000,0,1
kabupaten,12,1201,4,2024,2025,1334090658.8,160033770.48,-1364124429.28,130000000,0,1
kabupaten,12,1201,5,2024,2025,277738785.38,301964634.89,-589703420.27,-10000000,0,1
kabupaten,12,1201,6,2024,2025,24755645999.14,-24951362680.65,85716681.51,-110000000,1,0
kabupaten,12,1201,7,2024,2025,29844375434.62,32292196162.08,-21996571596.7,40140000000,0,1
kabupaten,12,1201,8,2024,2025,5560973916.47,-49297401255.91,45676427339.45,1940000000,1,0
kabupaten,12,1201,9,2024,2025,3767625499.91,1815541507.69,306832992.4,5890000000,1,1
kabupaten,12,1201,10,2024,2025,2113589205.23,2556431273.31,-2050020478.54,2620000000,0,1
kabupaten,12,1201,11,2024,2025,2443274883.53,123799663.14,-1327074546.66,1240000000,0,1
kabupaten,12,1201,12,2024,2025,5121786549.15,9875386041.04,-3037172590.19,11960000000,0,1
kabupaten,12,1201,13,2024,2025,748802655.17,1901144765.63,-1239947420.8,1410000000,0,1
kabupaten,12,1201,14,2024,2025,18161932433.31,-21830619019.26,1438686585.96,-2230000000,1,0
kabupaten,12,1201,15,2024,2025,2780339381.83,1141255016.97,-2491594398.8,1430000000,0,1
kabupaten,12,1201,16,2024,2025,851220676.99,1554152786.21,24626536.81,2430000000,1,1
kabupaten,12,1201,17,2024,2025,244091366.11,33929177.72,-118020543.83,160000000,0,1
kabupaten,12,1202,1,2021,2022,131486769591.61,8451177058.98,-6347946650.59,133590000000,0,1
kabupaten,12,1202,2,2021,2022,233890758.95,-104417941.38,90527182.42,220000000,1,0
kabupaten,12,1202,3,2021,2022,6092499890.81,-3536728652.75,2544228761.95,5100000000,1,0
kabupaten,12,1202,4,2021,2022,377060253.83,6807565.47,-193867819.3,190000000,0,1
kabupaten,12,1202,5,2021,2022,302404213.6,-163722368.4,151318154.8,290000000,1,0
kabupaten,12,1202,6,2021,2022,38621270635.56,-13840178233.44,7928907597.88,32710000000,1,0
kabupaten,12,1202,7,2021,2022,40469716391.17,15821258731.92,-17760975123.09,38530000000,0,1
kabupaten,12,1202,8,2021,2022,13327048194.52,23235528594.2,-15332576788.72,21230000000,0,1
kabupaten,12,1202,9,2021,2022,6550358770.46,3510348835.59,-170707606.05,9890000000,0,1
kabupaten,12,1202,10,2021,2022,2839292061.72,1726509560.14,-1665801621.86,2900000000,0,1
kabupaten,12,1202,11,2021,2022,4424079143.6,-853055678.66,-601023464.94,2970000000,0,0
kabupaten,12,1202,12,2021,2022,5834038789.5,-242953875.13,398915085.63,5990000000,1,0
kabupaten,12,1202,13,2021,2022,811293804.29,695668815.9,-376962620.19,1130000000,0,1
kabupaten,12,1202,14,2021,2022,27497993147.62,-31763822106.66,-844171040.96,-5110000000,0,0
kabupaten,12,1202,15,2021,2022,4962736649.07,431597799.46,-644334448.54,4750000000,0,1
kabupaten,12,1202,16,2021,2022,2061546224.88,45718822.02,322734953.1,2430000000,1,1
kabupaten,12,1202,17,2021,2022,368555135.32,311816748.19,-110371883.51,570000000,0,1
kabupaten,12,1202,1,2022,2023,146024222647.25,-57297047693.88,27542825046.63,116270000000,1,0
kabupaten,12,1202,2,2022,2023,258867358.09,-76256491.52,57389133.43,240000000,1,0
kabupaten,12,1202,3,2022,2023,6711524309.11,-2071901314.73,2610377005.61,7250000000,1,0
kabupaten,12,1202,4,2022,2023,409080525.26,-232315979.44,93235454.18,270000000,1,0
kabupaten,12,1202,5,2022,2023,334975362.79,-141658895.93,136683533.15,330000000,1,0
kabupaten,12,1202,6,2022,2023,42564403049.02,11788184688.9,-14932587737.92,39420000000,0,1
kabupaten,12,1202,7,2022,2023,44814596293.21,7071275605,6294128101.79,58180000000,1,1
kabupaten,12,1202,8,2022,2023,15185549779.68,24293997265,-17779547044.67,21700000000,0,1
kabupaten,12,1202,9,2022,2023,7436553195.98,7737172177.04,-4723725373.03,10450000000,0,1
kabupaten,12,1202,10,2022,2023,3153975799.99,1760339465.11,-2604315265.11,2310000000,0,1
kabupaten,12,1202,11,2022,2023,4836863982.84,475338417.08,-1512202399.92,3800000000,0,1
kabupaten,12,1202,12,2022,2023,6482198873.9,-2351765000.38,679566126.48,4810000000,1,0
kabupaten,12,1202,13,2022,2023,916300319.73,306061317.71,-412361637.44,810000000,0,1
kabupaten,12,1202,14,2022,2023,28883488493.82,-17794216030.99,15130727537.17,26220000000,1,0
kabupaten,12,1202,15,2022,2023,5496800497.27,2600380736.58,-2617181233.86,5480000000,0,1
kabupaten,12,1202,16,2022,2023,2306272826.6,651634412.41,-677907239.01,2280000000,0,1
kabupaten,12,1202,17,2022,2023,419094736.4,373880984.38,-382975720.78,410000000,0,1
kabupaten,12,1202,1,2023,2024,152519281023.3,-39841894792.95,-23067386230.35,89610000000,0,0
kabupaten,12,1202,2,2023,2024,272085533.69,-54488595.66,42403061.96,260000000,1,0
kabupaten,12,1202,3,2023,2024,7105908513.06,-575722042.89,-270186470.17,6260000000,0,0
kabupaten,12,1202,4,2023,2024,424473549.79,-199076513.95,-155397035.84,70000000,0,0
kabupaten,12,1202,5,2023,2024,353057383.83,-173825388.77,-89231995.07,90000000,0,0
kabupaten,12,1202,6,2023,2024,44735689874.47,13266651564.04,-23792341438.51,34210000000,0,1
kabupaten,12,1202,7,2023,2024,47939358727.76,-5579332689.07,31629973961.31,73990000000,1,0
kabupaten,12,1202,8,2023,2024,16344243390,4550608594.6,2805148015.4,23700000000,1,1
kabupaten,12,1202,9,2023,2024,7995090072.34,11082232898.06,-3727322970.39,15350000000,0,1
kabupaten,12,1202,10,2023,2024,3284137772.68,1556584595.29,-380722367.98,4460000000,0,1
kabupaten,12,1202,11,2023,2024,5049424691.85,-1161404244.17,1061979552.32,4950000000,1,0
kabupaten,12,1202,12,2023,2024,6752851129.22,503902029.24,-2956753158.46,4300000000,0,1
kabupaten,12,1202,13,2023,2024,961100655.99,19903207.28,368996136.74,1350000000,1,1
kabupaten,12,1202,14,2023,2024,30330244511.07,6361731825.62,10878023663.31,47570000000,1,1
kabupaten,12,1202,15,2023,2024,5796779780.7,732230155.51,-499009936.21,6030000000,0,1
kabupaten,12,1202,16,2023,2024,2431167227.13,51771609.16,-12938836.29,2470000000,0,1
kabupaten,12,1202,17,2023,2024,441573195.16,132542193.22,45884611.62,620000000,1,1
kabupaten,12,1202,1,2024,2025,92153197714.96,60329340893.33,-32712538608.28,119770000000,0,1
kabupaten,12,1202,2,2024,2025,167351637.95,-70917191.16,153565553.21,250000000,1,0
kabupaten,12,1202,3,2024,2025,4354979573.14,787416533.26,3807603893.6,8950000000,1,1
kabupaten,12,1202,4,2024,2025,251175033.33,30130251.92,998694714.75,1280000000,1,1
kabupaten,12,1202,5,2024,2025,209853641.24,228158188.53,-348011829.77,90000000,0,1
kabupaten,12,1202,6,2024,2025,27263559346.01,-27479103442.96,145544096.95,-70000000,1,0
kabupaten,12,1202,7,2024,2025,30317800526.81,32804451343.25,15117748129.93,78240000000,1,1
kabupaten,12,1202,8,2024,2025,10291387851.99,-91231982749.92,129790594897.93,48850000000,1,0
kabupaten,12,1202,9,2024,2025,5145103620.4,2479319981.36,7175576398.24,14800000000,1,1
kabupaten,12,1202,10,2024,2025,2058985937.12,2490387454.63,-49373391.75,4500000000,0,1
kabupaten,12,1202,11,2024,2025,3109434754.52,157553690.64,33011554.83,3300000000,1,1
kabupaten,12,1202,12,2024,2025,4089932358.18,7885853994.74,-6945786352.92,5030000000,0,1
kabupaten,12,1202,13,2024,2025,603882630.07,1533205435.74,-967088065.81,1170000000,0,1
kabupaten,12,1202,14,2024,2025,19203821819.49,-23082968698.11,21599146878.61,17720000000,1,0
kabupaten,12,1202,15,2024,2025,3579908318.71,1469456698.6,4390634982.69,9440000000,1,1
kabupaten,12,1202,16,2024,2025,1499671379.95,2738089565.44,-627760945.38,3610000000,0,1
kabupaten,12,1202,17,2024,2025,277443632.58,38565208.05,33991159.37,350000000,1,1
kabupaten,12,1203,1,2021,2022,217772614369.01,13997111103.61,86070274527.37,317840000000,1,1
kabupaten,12,1203,2,2021,2022,55703801157.68,-24868345674.73,-30095455482.95,740000000,0,0
kabupaten,12,1203,3,2021,2022,28143437141.01,-16337415233.08,14283978092.07,26090000000,1,0
kabupaten,12,1203,4,2021,2022,334534661.29,6039794.93,99425543.78,440000000,1,1
kabupaten,12,1203,5,2021,2022,404465635.69,-218978667.73,374513032.04,560000000,1,0
kabupaten,12,1203,6,2021,2022,53388046390.75,-19131946345.2,-26746100045.55,7510000000,0,0
kabupaten,12,1203,7,2021,2022,53414034252.86,20881719250.57,-6585753503.42,67710000000,0,1
kabupaten,12,1203,8,2021,2022,6810237391.52,11873556944.8,-5943794336.32,12740000000,0,1
kabupaten,12,1203,9,2021,2022,6398684157.07,3429066142.36,222249700.56,10050000000,1,1
kabupaten,12,1203,10,2021,2022,3579709878.45,2176740959.83,273549161.72,6030000000,1,1
kabupaten,12,1203,11,2021,2022,4036623744.93,-778346113.73,1031722368.79,4290000000,1,0
kabupaten,12,1203,12,2021,2022,9357520384.48,-389686445.54,-2927833938.94,6040000000,0,0
kabupaten,12,1203,13,2021,2022,226803160.2,194479342.83,-281282503.02,140000000,0,1
kabupaten,12,1203,14,2021,2022,27146448249.31,-31357741213.69,17311292964.37,13100000000,1,0
kabupaten,12,1203,15,2021,2022,3662871037.19,318551474.95,-441422512.14,3540000000,0,1
kabupaten,12,1203,16,2021,2022,3710594202.15,82289688.13,-1482883890.28,2310000000,0,1
kabupaten,12,1203,17,2021,2022,151202106.8,127924819.77,-109126926.57,170000000,0,1
kabupaten,12,1203,1,2022,2023,246686071651.68,-96794787581.14,101018715929.46,250910000000,1,0
kabupaten,12,1203,2,2022,2023,59065820173.1,-17399459894.13,-54306360278.96,-12640000000,0,0
kabupaten,12,1203,3,2022,2023,31129676053.55,-9609980351.97,15330304298.42,36850000000,1,0
kabupaten,12,1203,4,2022,2023,376534339.04,-213833067.98,307298728.94,470000000,1,0
kabupaten,12,1203,5,2022,2023,456648028.19,-193113472.48,356465444.29,620000000,1,0
kabupaten,12,1203,6,2022,2023,56950818779.36,15772493489.03,7226687731.62,79950000000,1,1
kabupaten,12,1203,7,2022,2023,59992635414.53,9466211778.65,18981152806.82,88440000000,1,1
kabupaten,12,1203,8,2022,2023,7854646511.27,12565943520.71,-70590031.98,20350000000,0,1
kabupaten,12,1203,9,2022,2023,7283836476.03,7578281959.3,-1802118435.32,13060000000,0,1
kabupaten,12,1203,10,2022,2023,4095311647.59,2285730510.42,138957841.99,6520000000,1,1
kabupaten,12,1203,11,2022,2023,4492375119.47,441484086.75,96140793.78,5030000000,1,1
kabupaten,12,1203,12,2022,2023,10218501051.95,-3707308831.13,3198807779.18,9710000000,1,0
kabupaten,12,1203,13,2022,2023,247351015.27,82619831.12,29153.61,330000000,1,1
kabupaten,12,1203,14,2022,2023,29422753763.96,-18126440537.63,15243686773.67,26540000000,1,0
kabupaten,12,1203,15,2022,2023,4058759776.91,1920084373.36,401155849.73,6380000000,1,1
kabupaten,12,1203,16,2022,2023,4047744144.65,1143684887.09,-151429031.74,5040000000,0,1
kabupaten,12,1203,17,2022,2023,168739457.79,150535115.58,-49274573.36,270000000,0,1
kabupaten,12,1203,1,2023,2024,260398931944.65,-68022788863.99,76883856919.34,269260000000,1,0
kabupaten,12,1203,2,2023,2024,58692018081.52,-11753824608.9,-16968193472.62,29970000000,0,0
kabupaten,12,1203,3,2023,2024,33121007221.73,-2683470228.35,5152463006.62,35590000000,1,0
kabupaten,12,1203,4,2023,2024,401841666.21,-188462244.84,86620578.63,300000000,1,0
kabupaten,12,1203,5,2023,2024,489854546.8,-241176536.55,121321989.75,370000000,1,0
kabupaten,12,1203,6,2023,2024,61224274388.63,18156445510.38,-42750719899.02,36630000000,0,1
kabupaten,12,1203,7,2023,2024,64706566875.32,-7530752879.18,36334186003.86,93510000000,1,0
kabupaten,12,1203,8,2023,2024,8912938684.15,2481564573.62,5565496742.23,16960000000,1,1
kabupaten,12,1203,9,2023,2024,7972961119.51,11051559296.27,-2174520415.78,16850000000,0,1
kabupaten,12,1203,10,2023,2024,4441381419.69,2105084006.29,473534574.02,7020000000,1,1
kabupaten,12,1203,11,2023,2024,4765268820.24,-1096046336,-629222484.24,3040000000,0,0
kabupaten,12,1203,12,2023,2024,10752156423.01,802332723.84,-1224489146.85,10330000000,0,1
kabupaten,12,1203,13,2023,2024,265044503.25,5488744.24,19466752.52,290000000,1,1
kabupaten,12,1203,14,2023,2024,30887994708.61,6478719249.87,-4386713958.48,32980000000,0,1
kabupaten,12,1203,15,2023,2024,4397626444.77,555493708.12,1016879847.11,5970000000,1,1
kabupaten,12,1203,16,2023,2024,4319169248.36,91976536.93,2738854214.71,7150000000,1,1
kabupaten,12,1203,17,2023,2024,183066791.62,54949155.28,11984053.11,250000000,1,1
kabupaten,12,1203,1,2024,2025,160766483816.53,105247959342.53,44135556840.94,310150000000,1,1
kabupaten,12,1203,2,2024,2025,35328904775.73,-14971031798.83,-21567872976.9,-1210000000,0,0
kabupaten,12,1203,3,2024,2025,20488031654.99,3704406550.75,4277561794.26,28470000000,1,1
kabupaten,12,1203,4,2024,2025,244681671.71,29351326.49,-194032998.2,80000000,0,1
kabupaten,12,1203,5,2024,2025,298399481.43,324427466.39,-102826947.82,520000000,0,1
kabupaten,12,1203,6,2024,2025,37011570892.06,-37304182195.06,8842611303,8550000000,1,0
kabupaten,12,1203,7,2024,2025,40734038013.47,44075023412.24,2010938574.29,86820000000,1,1
kabupaten,12,1203,8,2024,2025,5731277082.43,-50807119451.59,66095842369.16,21020000000,1,0
kabupaten,12,1203,9,2024,2025,5176389817.26,2494396158.39,2969214024.34,10640000000,1,1
kabupaten,12,1203,10,2024,2025,2813691648.3,3403220126.86,1283088224.84,7500000000,1,1
kabupaten,12,1203,11,2024,2025,2886299237.26,146247512.18,-1252546749.44,1780000000,0,1
kabupaten,12,1203,12,2024,2025,6614964567.48,12754402809.42,-859367376.9,18510000000,0,1
kabupaten,12,1203,13,2024,2025,164104957.14,416648202.48,-753159.62,580000000,0,1
kabupaten,12,1203,14,2024,2025,19100518339.28,-22958798050.06,9998279710.79,6140000000,1,0
kabupaten,12,1203,15,2024,2025,2757022310.58,1131683982.33,-978706292.91,2910000000,0,1
kabupaten,12,1203,16,2024,2025,2745806504.16,5013274400.17,-759080904.33,7000000000,0,1
kabupaten,12,1203,17,2024,2025,114814439.44,15959431.84,29226128.72,160000000,1,1
kabupaten,12,1204,1,2021,2022,63788388805.56,4099933170.29,-14888321975.85,53000000000,0,1
kabupaten,12,1204,2,2021,2022,11387408668.25,-5083782600.4,2696373932.15,9000000000,1,0
kabupaten,12,1204,3,2021,2022,236253291.87,-137146294.9,900893003.02,1000000000,1,0
kabupaten,12,1204,4,2021,2022,141751975.12,2559235.14,-144311210.26,0,0,1
kabupaten,12,1204,6,2021,2022,13277435003.23,-4758053370.68,-7519381632.55,1000000000,0,0
kabupaten,12,1204,7,2021,2022,10725899451.01,4193190500.94,-4919089951.95,10000000000,0,1
kabupaten,12,1204,8,2021,2022,1748274359.86,3048092742.37,-3796367102.23,1000000000,0,1
kabupaten,12,1204,9,2021,2022,2268031601.98,1215442141.73,-2483473743.71,1000000000,0,1
kabupaten,12,1204,10,2021,2022,330754608.62,201124428.71,468120962.67,1000000000,1,1
kabupaten,12,1204,11,2021,2022,1748274359.86,-337104134.47,-411170225.38,1000000000,0,0
kabupaten,12,1204,12,2021,2022,2362532918.72,-98385792.15,-2264147126.58,-0,0,0
kabupaten,12,1204,13,2021,2022,94501316.75,81033059.51,-175534376.26,0,0,1
kabupaten,12,1204,14,2021,2022,14931208046.34,-17247521798.24,4316313751.9,2000000000,1,0
kabupaten,12,1204,15,2021,2022,1748274359.86,152043402.65,99682237.5,2000000000,1,1
kabupaten,12,1204,16,2021,2022,945013167.49,20957516.4,34029316.11,1000000000,1,1
kabupaten,12,1204,17,2021,2022,236253291.87,199882530.89,-436135822.76,0,0,1
kabupaten,12,1204,1,2022,2023,70249691179.39,-27564604234.94,9314913055.55,52000000000,1,0
kabupaten,12,1204,2,2022,2023,12517763930.75,-3687451233.88,5169687303.13,14000000000,1,0
kabupaten,12,1204,3,2022,2023,300426334.34,-92744015.88,-207682318.46,-0,0,0
kabupaten,12,1204,4,2022,2023,150213167.17,-85305745.2,-64907421.96,-0,0,0
kabupaten,12,1204,6,2022,2023,14120037713.89,3910535575.79,-10030573289.68,8000000000,0,1
kabupaten,12,1204,7,2022,2023,11866840206.35,1872463540.91,-1739303747.26,12000000000,0,1
kabupaten,12,1204,8,2022,2023,1902700117.47,3043959034.79,-2946659152.26,2000000000,0,1
kabupaten,12,1204,9,2022,2023,2453481730.43,2552662514.65,-3006144245.07,2000000000,0,1
kabupaten,12,1204,10,2022,2023,400568445.78,223570657.58,-624139103.36,0,0,1
kabupaten,12,1204,11,2022,2023,1902700117.47,186986126.8,-89686244.28,2000000000,0,1
kabupaten,12,1204,12,2022,2023,2503552786.15,-908297930.01,-595254856.14,1000000000,0,0
kabupaten,12,1204,13,2022,2023,100142111.45,33449324.34,-133591435.79,0,0,1
kabupaten,12,1204,14,2022,2023,15922595719.92,-9809414402.11,2886818682.19,9000000000,1,0
kabupaten,12,1204,15,2022,2023,1952771173.2,923800771.79,-1876571944.98,1000000000,0,1
kabupaten,12,1204,16,2022,2023,1051492170.18,297097756.42,-1348589926.6,0,0,1
kabupaten,12,1204,17,2022,2023,250355278.62,223345868.81,-473701147.42,0,0,1
kabupaten,12,1204,1,2023,2024,73176423572.07,-19115533129.46,-10060890442.61,44000000000,0,0
kabupaten,12,1204,2,2023,2024,13277371699.67,-2658962893.53,2381591193.85,13000000000,1,0
kabupaten,12,1204,3,2023,2024,301758447.72,-24448526.13,-277309921.59,0,0,0
kabupaten,12,1204,4,2023,2024,150879223.86,-70761794.06,-80117429.8,0,0,0
kabupaten,12,1204,6,2023,2024,14584991639.79,4325271448.65,-5910263088.44,13000000000,0,1
kabupaten,12,1204,7,2023,2024,12522975580.38,-1457463113.28,-4065512467.09,7000000000,0,0
kabupaten,12,1204,8,2023,2024,2011722984.8,560109372.22,-571832357.02,2000000000,0,1
kabupaten,12,1204,9,2023,2024,2564946805.62,3555349297.36,-5120296102.98,1000000000,0,1
kabupaten,12,1204,10,2023,2024,402344596.96,190699491,406955912.04,1000000000,1,1
kabupaten,12,1204,11,2023,2024,2011722984.8,-462710854.25,-549012130.55,1000000000,0,0
kabupaten,12,1204,12,2023,2024,2564946805.62,191397955.55,-1756344761.16,1000000000,0,1
kabupaten,12,1204,13,2023,2024,100586149.24,2083014.89,-102669164.13,0,0,1
kabupaten,12,1204,14,2023,2024,16445835400.73,3449493934.33,5104670664.94,25000000000,1,1
kabupaten,12,1204,15,2023,2024,2011722984.8,254114230.61,-265837215.41,2000000000,0,1
kabupaten,12,1204,16,2023,2024,1056154567.02,22490769.39,-78645336.41,1000000000,0,1
kabupaten,12,1204,17,2023,2024,251465373.1,75479608.9,673055018,1000000000,1,1
kabupaten,12,1204,1,2024,2025,44243404812.83,28964545099.03,-17207949911.86,56000000000,0,1
kabupaten,12,1204,2,2024,2025,8175732577.15,-3464561190.57,9288828613.41,14000000000,1,0
kabupaten,12,1204,3,2024,2025,177091680.37,32019648.93,-209111329.3,0,0,1
kabupaten,12,1204,4,2024,2025,88545840.19,10621710.43,-99167550.62,0,0,1
kabupaten,12,1204,6,2024,2025,8943129858.76,-9013833717.53,-5929296141.24,-6000000000,0,0
kabupaten,12,1204,7,2024,2025,7555911695.85,8175643789.24,-2731555485.1,13000000000,0,1
kabupaten,12,1204,8,2024,2025,1239641762.6,-10989283226.73,11749641464.13,2000000000,1,0
kabupaten,12,1204,9,2024,2025,1534794563.22,739586043.09,725619393.69,3000000000,1,1
kabupaten,12,1204,10,2024,2025,265637520.56,321294253.03,-586931773.59,0,0,1
kabupaten,12,1204,11,2024,2025,1210126482.54,61316576.33,728556941.13,2000000000,1,1
kabupaten,12,1204,12,2024,2025,1534794563.22,2959258192.44,-494052755.66,4000000000,0,1
kabupaten,12,1204,13,2024,2025,59030560.12,149873454.13,-208904014.25,0,0,1
kabupaten,12,1204,14,2024,2025,10389378581.8,-12488019460.43,23098640878.63,21000000000,1,0
kabupaten,12,1204,15,2024,2025,1239641762.6,508839816.48,-748481579.08,1000000000,0,1
kabupaten,12,1204,16,2024,2025,649336161.36,1185553443.01,-834889604.38,1000000000,0,1
kabupaten,12,1204,17,2024,2025,177091680.37,24616090.24,-201707770.61,0,0,1
kabupaten,12,1205,1,2021,2022,631246588073.73,40572726064.05,110020685862.22,781840000000,1,1
kabupaten,12,1205,2,2021,2022,141179297143.97,-63027935087.46,56888637943.5,135040000000,1,0
kabupaten,12,1205,3,2021,2022,196201271301.31,-113895883521.51,2864612220.2,85170000000,1,0
kabupaten,12,1205,4,2021,2022,3462528245.68,62513583.65,-505041829.34,3020000000,0,1
kabupaten,12,1205,5,2021,2022,603863414.03,-326933104.39,83069690.37,360000000,1,0
kabupaten,12,1205,6,2021,2022,101503864320.08,-36374556053.03,84590691732.96,149720000000,1,0
kabupaten,12,1205,7,2021,2022,135981252216.19,53160604171.49,-87641856387.68,101500000000,0,1
kabupaten,12,1205,8,2021,2022,27355296159.33,47693589520.74,-26198885680.07,48850000000,0,1
kabupaten,12,1205,9,2021,2022,28415128426.67,15227717516.12,-6222845942.79,37420000000,0,1
kabupaten,12,1205,10,2021,2022,22841440764.81,13889365725.86,-33040806490.67,3690000000,0,1
kabupaten,12,1205,11,2021,2022,26742927626.79,-5156599946.7,-1416327680.09,20170000000,0,0
kabupaten,12,1205,12,2021,2022,38629303247.48,-1608686410.26,-10230616837.22,26790000000,0,0
kabupaten,12,1205,13,2021,2022,6869300714.48,5890293095.88,-2089593810.36,10670000000,0,1
kabupaten,12,1205,14,2021,2022,41185563865.54,-47574778165.24,-2070785700.29,-8460000000,0,0
kabupaten,12,1205,15,2021,2022,17595672672.08,1530255208.43,-7215927880.51,11910000000,0,1
kabupaten,12,1205,16,2021,2022,6709593489.18,148798366.41,-108391855.59,6750000000,0,1
kabupaten,12,1205,17,2021,2022,2686672435.17,2273064141.27,-1309736576.44,3650000000,0,1
kabupaten,12,1205,1,2022,2023,708073325269.75,-277834117882.97,227660792613.22,657900000000,1,0
kabupaten,12,1205,2,2022,2023,156367901338.51,-46062460829.22,62944559490.71,173250000000,1,0
kabupaten,12,1205,3,2022,2023,212177100047.38,-65500770360.92,-21166329686.46,125510000000,0,0
kabupaten,12,1205,4,2022,2023,3820421551.67,-2169609453.03,739187901.36,2390000000,1,0
kabupaten,12,1205,5,2022,2023,657933672.2,-278235858.38,-439697813.82,-60000000,0,0
kabupaten,12,1205,6,2022,2023,115059280367.03,31865595426.68,36095124206.3,183020000000,1,1
kabupaten,12,1205,7,2022,2023,149180201289.47,23539078902.44,-29869280191.92,142850000000,0,1
kabupaten,12,1205,8,2022,2023,31434108072.35,50288606380.22,-36132714452.57,45590000000,0,1
kabupaten,12,1205,9,2022,2023,31984889685.3,33277863014.91,-9762752700.21,55500000000,0,1
kabupaten,12,1205,10,2022,2023,24389611242.68,13612658413.35,-12412269656.03,25590000000,0,1
kabupaten,12,1205,11,2022,2023,29349149312.04,2884261005.92,-8063410317.97,24170000000,0,1
kabupaten,12,1205,12,2022,2023,42276494478.61,-15338063824.91,-3208430653.7,23730000000,0,0
kabupaten,12,1205,13,2022,2023,7813588245.58,2609883531.62,-5503471777.2,4920000000,0,1
kabupaten,12,1205,14,2022,2023,43220333878.99,-26626699130.85,43186365251.86,59780000000,1,0
kabupaten,12,1205,15,2022,2023,19242306714.35,9102990681.99,-6725297396.35,21620000000,0,1
kabupaten,12,1205,16,2022,2023,7448069538.8,2104442441.3,-502511980.1,9050000000,0,1
kabupaten,12,1205,17,2022,2023,3029799581.8,2702931704.3,-912731286.1,4820000000,0,1
kabupaten,12,1205,1,2023,2024,744300790431.23,-194430196547.68,199229406116.45,749100000000,1,0
kabupaten,12,1205,2,2023,2024,165774523770.14,-33198461063.5,-9566062706.64,123010000000,0,0
kabupaten,12,1205,3,2023,2024,219430193359.21,-17778275495.63,-6641917863.58,195010000000,0,0
kabupaten,12,1205,4,2023,2024,3957562041.85,-1856081858.13,-201480183.72,1900000000,0,0
kabupaten,12,1205,5,2023,2024,657833416.03,-323879784.2,-153953631.83,180000000,0,0
kabupaten,12,1205,6,2023,2024,124774100547.69,37002548095.89,-107686648643.58,54090000000,0,1
kabupaten,12,1205,7,2023,2024,157026043439.99,-18275182656.82,42709139216.83,181460000000,1,0
kabupaten,12,1205,8,2023,2024,33866350587.6,9429161226.64,6274488185.76,49570000000,1,1
kabupaten,12,1205,9,2023,2024,34917978777.91,48400852228.66,-18288831006.57,65030000000,0,1
kabupaten,12,1205,10,2023,2024,25784756426.92,12221215255.15,1714028317.93,39720000000,1,1
kabupaten,12,1205,11,2023,2024,30694869302.07,-7060042214.13,28175172912.07,51810000000,1,0
kabupaten,12,1205,12,2023,2024,43657406354.62,3257743319.42,-29265149674.04,17650000000,0,1
kabupaten,12,1205,13,2023,2024,8095676221.58,167651453.44,-1333327675.02,6930000000,0,1
kabupaten,12,1205,14,2023,2024,46418496151.26,9736223001.93,19365280846.82,75520000000,1,1
kabupaten,12,1205,15,2023,2024,20414964849.74,2578751212.26,3196283938,26190000000,1,1
kabupaten,12,1205,16,2023,2024,7936247175.03,169002067.15,4834750757.81,12940000000,1,1
kabupaten,12,1205,17,2023,2024,3285646564.92,986216569.83,988136865.25,5260000000,1,1
kabupaten,12,1205,1,2024,2025,458914495056.51,300434599120.36,-3929094176.86,755420000000,0,1
kabupaten,12,1205,2,2024,2025,100918055282.15,-42765192532.73,-13512862749.42,44640000000,0,0
kabupaten,12,1205,3,2024,2025,134531827133.48,24324473434.52,55253699432,214110000000,1,1
kabupaten,12,1205,4,2024,2025,2378636420.19,285334547.85,1516029031.96,4180000000,1,1
kabupaten,12,1205,5,2024,2025,391372613.62,425510208.15,-396882821.77,420000000,0,1
kabupaten,12,1205,6,2024,2025,74822120415.39,-75413659699.47,51539284.08,-540000000,1,0
kabupaten,12,1205,7,2024,2025,97509040435,105506683100.18,-18505723535.18,184510000000,0,1
kabupaten,12,1205,8,2024,2025,21338071720.77,-189159578780.13,232251507059.35,64430000000,1,0
kabupaten,12,1205,9,2024,2025,22411542456.62,10799662966.09,-16501205422.71,16710000000,0,1
kabupaten,12,1205,10,2024,2025,16304535859.01,19720684257.6,-7725220116.61,28300000000,0,1
kabupaten,12,1205,11,2024,2025,19542952387.41,990232797.21,8346814815.38,28880000000,1,1
kabupaten,12,1205,12,2024,2025,26141978703.65,50404703338.96,-14916682042.61,61630000000,0,1
kabupaten,12,1205,13,2024,2025,4955615522.4,12581876474.15,-12647491996.55,4890000000,0,1
kabupaten,12,1205,14,2024,2025,29470416836.24,-35423402474.01,-12397014362.23,-18350000000,0,0
kabupaten,12,1205,15,2024,2025,12753847667.56,5235113645.25,8521038687.19,26510000000,1,1
kabupaten,12,1205,16,2024,2025,5039438917.77,9200972493.65,129588588.57,14370000000,1,1
kabupaten,12,1205,17,2024,2025,2083483619.57,289608301.71,-1703091921.29,670000000,0,1
kabupaten,12,1206,1,2021,2022,383030847020.62,24618914262.44,-92249761283.06,315400000000,0,1
kabupaten,12,1206,2,2021,2022,1572501910.7,-702026078.59,759524167.89,1630000000,1,0
kabupaten,12,1206,3,2021,2022,22717644039.87,-13187713424.52,16610069384.65,26140000000,1,0
kabupaten,12,1206,4,2021,2022,678991960.84,12258736.31,-101250697.16,590000000,0,1
kabupaten,12,1206,5,2021,2022,578820565.09,-313374845.76,4554280.67,270000000,1,0
kabupaten,12,1206,6,2021,2022,45388509927.95,-16265261520.8,-1403248407.15,27720000000,0,0
kabupaten,12,1206,7,2021,2022,71812023104.13,28074241652.99,-15236264757.12,84650000000,0,1
kabupaten,12,1206,8,2021,2022,30939258597.03,53942179642.6,-27901438239.63,56980000000,0,1
kabupaten,12,1206,9,2021,2022,17732699581.36,9502985028.56,-5635684609.92,21600000000,0,1
kabupaten,12,1206,10,2021,2022,7501514523.53,4561502043.06,-1823016566.6,10240000000,0,1
kabupaten,12,1206,11,2021,2022,9227581073.95,-1779272065.43,911690991.48,8360000000,1,0
kabupaten,12,1206,12,2021,2022,22177096508.07,-923547430.89,-333549077.17,20920000000,0,0
kabupaten,12,1206,13,2021,2022,1292778013.13,1108532254.12,-1191310267.24,1210000000,0,1
kabupaten,12,1206,14,2021,2022,38554647207.25,-44535721159.78,8711073952.54,2730000000,1,0
kabupaten,12,1206,15,2021,2022,18250566797.15,1587209845.21,-1357776642.36,18480000000,0,1
kabupaten,12,1206,16,2021,2022,8481020671.64,188083230.89,-669103902.53,8000000000,0,1
kabupaten,12,1206,17,2021,2022,9088191631.75,7689081198.23,-6487272829.98,10290000000,0,1
kabupaten,12,1206,1,2022,2023,421686414245.84,-165461497763.09,89615083517.25,345840000000,1,0
kabupaten,12,1206,2,2022,2023,1747980555.29,-514915690.3,616935135.01,1850000000,1,0
kabupaten,12,1206,3,2022,2023,25382520277.67,-7835787328.22,3953267050.55,21500000000,1,0
kabupaten,12,1206,4,2022,2023,749062993.62,-425391316.09,236328322.47,560000000,1,0
kabupaten,12,1206,5,2022,2023,626889617.65,-265107530.21,-11782087.45,350000000,0,0
kabupaten,12,1206,6,2022,2023,49485725081.61,13705040478.41,-440765560.02,62750000000,0,1
kabupaten,12,1206,7,2022,2023,80337006065.35,12676341151.25,28236652783.4,121250000000,1,1
kabupaten,12,1206,8,2022,2023,35639075331.97,57015755847.1,-10904831179.07,81750000000,0,1
kabupaten,12,1206,9,2022,2023,19872701305.91,20676045417.1,-18528746723,22020000000,0,1
kabupaten,12,1206,10,2022,2023,8462008417.19,4722930141.36,-354938558.55,12830000000,0,1
kabupaten,12,1206,11,2022,2023,10196970497.99,1002098019.03,780931482.98,11980000000,1,1
kabupaten,12,1206,12,2022,2023,24548336489.32,-8906224522.92,9417888033.6,25060000000,1,0
kabupaten,12,1206,13,2022,2023,1430530062.01,477823598.2,-388353660.2,1520000000,0,1
kabupaten,12,1206,14,2022,2023,40992672609.87,-25254306531.01,-12908366078.86,2830000000,0,0
kabupaten,12,1206,15,2022,2023,20265258382.78,9586920163.21,617821454.01,30470000000,1,1
kabupaten,12,1206,16,2022,2023,9387822237.51,2652517064.33,2919660698.16,14960000000,1,1
kabupaten,12,1206,17,2022,2023,10145898021.15,9051314679.26,-7587212700.41,11610000000,0,1
kabupaten,12,1206,1,2023,2024,440949561038.14,-115187180938.75,-103162380099.38,222600000000,0,0
kabupaten,12,1206,2,2023,2024,1848773423.03,-370240439.27,761467016.24,2240000000,1,0
kabupaten,12,1206,3,2023,2024,26576369421.44,-2153222444.07,-8173146977.37,16250000000,0,0
kabupaten,12,1206,4,2023,2024,780548518.1,-366074347.92,-4474170.18,410000000,0,0
kabupaten,12,1206,5,2023,2024,647271870.36,-318679879.41,51408009.05,380000000,1,0
kabupaten,12,1206,6,2023,2024,52861039010.08,15676275202.81,7262685787.11,75800000000,1,1
kabupaten,12,1206,7,2023,2024,86791261802.45,-10101038832.21,11229777029.76,87920000000,1,0
kabupaten,12,1206,8,2023,2024,39908560572.45,11111449726.1,19799989701.45,70820000000,1,1
kabupaten,12,1206,9,2023,2024,21068271889.06,29203360277.56,-9541632166.62,40730000000,0,1
kabupaten,12,1206,10,2023,2024,9144789758.15,4334361056.09,1840849185.76,15320000000,1,1
kabupaten,12,1206,11,2023,2024,10844695680.31,-2494358537.54,4089662857.24,12440000000,1,0
kabupaten,12,1206,12,2023,2024,25917530143.91,1933982518.26,-1011512662.17,26840000000,0,1
kabupaten,12,1206,13,2023,2024,1513318615.32,31338959.02,365342425.66,1910000000,1,1
kabupaten,12,1206,14,2023,2024,41316766661.81,8666141458.51,4367091879.69,54350000000,1,1
kabupaten,12,1206,15,2023,2024,21887546074.62,2764762829.07,6727691096.32,31380000000,1,1
kabupaten,12,1206,16,2023,2024,10181832956.82,216821726.84,-6358654683.65,4040000000,0,1
kabupaten,12,1206,17,2023,2024,10774788306.58,3234150281.96,-2928938588.54,11080000000,0,1
kabupaten,12,1206,1,2024,2025,265348270812.76,173713844796.07,-160282115608.83,278780000000,0,1
kabupaten,12,1206,2,2024,2025,1151095922.42,-487790203.73,-883305718.69,-220000000,0,0
kabupaten,12,1206,3,2024,2025,16076382744.13,2906743729.83,-3143126473.96,15840000000,0,1
kabupaten,12,1206,4,2024,2025,470178411.39,56401282.38,-326579693.77,200000000,0,1
kabupaten,12,1206,5,2024,2025,391077460.82,425189310.55,93733228.63,910000000,1,1
kabupaten,12,1206,6,2024,2025,33259588490.59,-33522536841.36,422948350.77,160000000,1,0
kabupaten,12,1206,7,2024,2025,53529797378.72,57920284552.68,48469918068.61,159920000000,1,1
kabupaten,12,1206,8,2024,2025,25511237168.73,-226154215814.12,336522978645.39,135880000000,1,0
kabupaten,12,1206,9,2024,2025,13566403327.67,6537371708.55,-453775036.21,19650000000,0,1
kabupaten,12,1206,10,2024,2025,5818937464.21,7038129109.51,4762933426.28,17620000000,1,1
kabupaten,12,1206,11,2024,2025,6731549923.72,341084672.28,-642634596.01,6430000000,0,1
kabupaten,12,1206,12,2024,2025,16002299391.18,30854250272.98,-21216549664.16,25640000000,0,1
kabupaten,12,1206,13,2024,2025,944488961.98,2397975266.07,-1312464228.05,2030000000,0,1
kabupaten,12,1206,14,2024,2025,25851548347.84,-31073527286.38,-6048021061.46,-11270000000,0,0
kabupaten,12,1206,15,2024,2025,13771239371.3,5652725751.78,11706034876.92,31130000000,1,1
kabupaten,12,1206,16,2024,2025,6094610179.99,11127496838.55,-2312107018.54,14910000000,0,1
kabupaten,12,1206,17,2024,2025,6650382903.55,924416242.27,-1004799145.83,6570000000,0,1
kabupaten,12,1207,1,2021,2022,417778036176.05,26852254154.86,6059709669.09,450690000000,1,1
kabupaten,12,1207,2,2021,2022,28139657088.34,-12562638547.06,12952981458.72,28530000000,1,0
kabupaten,12,1207,3,2021,2022,1053447285873.6,-611531763133.46,-216405522740.18,225510000000,0,0
kabupaten,12,1207,4,2021,2022,5666298952.27,102301159.28,-218600111.54,5550000000,0,1
kabupaten,12,1207,5,2021,2022,1641015365.35,-888449664.75,-432565700.6,320000000,0,0
kabupaten,12,1207,6,2021,2022,530283271285.46,-190030386572.63,-47142884712.83,293110000000,0,0
kabupaten,12,1207,7,2021,2022,598820823764.24,234103424280.64,133745751955.13,966670000000,1,1
kabupaten,12,1207,8,2021,2022,229850827662.7,400741814736.67,202857357600.63,833450000000,1,1
kabupaten,12,1207,9,2021,2022,88627587406.44,47495680642.23,36156731951.32,172280000000,1,1
kabupaten,12,1207,10,2021,2022,62529158759.88,38022573246.96,14938267993.16,115490000000,1,1
kabupaten,12,1207,11,2021,2022,91264174143.74,-17597655802.43,19003481658.69,92670000000,1,0
kabupaten,12,1207,12,2021,2022,121661467689.22,-5066494429.62,-26504973259.6,90090000000,0,0
kabupaten,12,1207,13,2021,2022,15402769616.92,13207578369.75,-5420347986.67,23190000000,0,1
kabupaten,12,1207,14,2021,2022,61413570715.66,-70940803740.64,6167233024.99,-3360000000,1,0
kabupaten,12,1207,15,2021,2022,62355748843.64,5422936151.53,-20418684995.17,47360000000,0,1
kabupaten,12,1207,16,2021,2022,32250464366.92,715217162.04,7454318471.04,40420000000,1,1
kabupaten,12,1207,17,2021,2022,9119377066.28,7715465692.31,-3784842758.59,13050000000,0,1
kabupaten,12,1207,1,2022,2023,465281780332.2,-182567466379.79,-69694313952.4,213020000000,0,0
kabupaten,12,1207,2,2022,2023,31247843745.06,-9204910766.11,-692932978.95,21350000000,0,0
kabupaten,12,1207,3,2022,2023,1127619201883.4,-348105080051.71,-328604121831.71,450910000000,0,0
kabupaten,12,1207,4,2022,2023,6282415361.57,-3567770616.93,65355255.36,2780000000,1,0
kabupaten,12,1207,5,2022,2023,1754990503.09,-742174036.24,-482816466.85,530000000,0,0
kabupaten,12,1207,6,2022,2023,576612269179.53,159692405767.89,-54554674947.42,681750000000,0,1
kabupaten,12,1207,7,2022,2023,682966696509.11,107765017193.36,-136401713702.47,654330000000,0,1
kabupaten,12,1207,8,2022,2023,285302371956.94,456429641638.42,631887986404.64,1373620000000,1,1
kabupaten,12,1207,9,2022,2023,102544019989.06,106689311226.92,-21633331215.98,187600000000,0,1
kabupaten,12,1207,10,2022,2023,72044237816.5,40210300618.89,-16054538435.39,96200000000,0,1
kabupaten,12,1207,11,2022,2023,101351828152.29,9960258905.99,-14652087058.28,96660000000,0,1
kabupaten,12,1207,12,2022,2023,133434356396.26,-48410463073.7,-17143893322.56,67880000000,0,0
kabupaten,12,1207,13,2022,2023,17483310526.8,5839750289.89,-3343060816.69,19980000000,0,1
kabupaten,12,1207,14,2022,2023,64911115218.2,-39989712712.59,-5461402505.61,19460000000,0,0
kabupaten,12,1207,15,2022,2023,68449136015.59,32381348899.07,-12830484914.65,88000000000,0,1
kabupaten,12,1207,16,2022,2023,36199370445.51,10228085427.64,242544126.85,46670000000,1,1
kabupaten,12,1207,17,2022,2023,10317141031.73,9204083253.52,-5231224285.25,14290000000,0,1
kabupaten,12,1207,1,2023,2024,478058306146.49,-124880923976.26,44182617829.77,397360000000,1,0
kabupaten,12,1207,2,2023,2024,32460156221.23,-6500559964.93,6310403743.7,32270000000,1,0
kabupaten,12,1207,3,2023,2024,1155296802087.2,-93602363978.7,-201324438108.51,860370000000,0,0
kabupaten,12,1207,4,2023,2024,6450086820.01,-3025066695.95,-1265020124.06,2160000000,0,0
kabupaten,12,1207,5,2023,2024,1789427594.98,-881012440.5,-248415154.47,660000000,0,0
kabupaten,12,1207,6,2023,2024,613456315776.91,181924347517.81,121039336705.28,916420000000,1,1
kabupaten,12,1207,7,2023,2024,718903290678.89,-83668216188.4,252884925509.51,888120000000,1,0
kabupaten,12,1207,8,2023,2024,355650997690.41,99021315832.73,-210732313523.15,243940000000,0,1
kabupaten,12,1207,9,2023,2024,112433688828.19,155847690758.67,68418620413.15,336700000000,1,1
kabupaten,12,1207,10,2023,2024,77201881264.65,36591418333.25,7416700402.1,121210000000,1,1
kabupaten,12,1207,11,2023,2024,106662558515.55,-24533160847.72,-8469397667.83,73660000000,0,0
kabupaten,12,1207,12,2023,2024,137439908459.99,10255853038.33,-89695761498.32,58000000000,0,1
kabupaten,12,1207,13,2023,2024,18565688495.97,384472473.36,2339839030.67,21290000000,1,1
kabupaten,12,1207,14,2023,2024,66177639307.95,13880679200.46,77151681491.58,157210000000,1,1
kabupaten,12,1207,15,2023,2024,73178435295.06,9243659252.78,-2362094547.83,80060000000,0,1
kabupaten,12,1207,16,2023,2024,38707059019.78,824265278.48,19138675701.75,58670000000,1,1
kabupaten,12,1207,17,2023,2024,11081576061.77,3326235404.81,2182188533.42,16590000000,1,1
kabupaten,12,1207,1,2024,2025,292284210550.08,191347823116.83,-271992033666.91,211640000000,0,1
kabupaten,12,1207,2,2024,2025,20002210145.17,-8476167773.42,5413957628.25,16940000000,1,0
kabupaten,12,1207,3,2024,2025,703398119240.69,127180231101.66,303381649657.65,1133960000000,1,1
kabupaten,12,1207,4,2024,2025,3849087672.88,461725752.39,-2880813425.26,1430000000,0,1
kabupaten,12,1207,5,2024,2025,1069633749.44,1162932876.56,-452566626.01,1780000000,0,1
kabupaten,12,1207,6,2024,2025,387064858496.15,-390124970506.03,1890112009.87,-1170000000,1,0
kabupaten,12,1207,7,2024,2025,448112788012.24,484866774475.8,211040437511.96,1144020000000,1,1
kabupaten,12,1207,8,2024,2025,215919326445.85,-1914100269952,2261470943506.1,563290000000,1,0
kabupaten,12,1207,9,2024,2025,75921269444.9,36584903674.05,50013826881.05,162520000000,1,1
kabupaten,12,1207,10,2024,2025,48884682602.57,59127067398.58,1008249998.85,109020000000,1,1
kabupaten,12,1207,11,2024,2025,64770691790.3,3281902449.4,-412594239.71,67640000000,0,1
kabupaten,12,1207,12,2024,2025,82370653291.23,158819972659.57,12259374049.2,253450000000,1,1
kabupaten,12,1207,13,2024,2025,11523945947.38,29258295715.11,-4602241662.49,36180000000,0,1
kabupaten,12,1207,14,2024,2025,43477483295.23,-52259878028.94,-19417605266.29,-28200000000,0,0
kabupaten,12,1207,15,2024,2025,45308906423.07,18598095292.47,28012998284.46,91920000000,1,1
kabupaten,12,1207,16,2024,2025,24447506475.3,44636087129.51,-21773593604.81,47310000000,0,1
kabupaten,12,1207,17,2024,2025,6993055305.07,972048376.89,-4735103681.97,3230000000,0,1
kabupaten,12,1208,1,2021,2022,787337720494.1,50605323271.5,118056956234.4,956000000000,1,1
kabupaten,12,1208,2,2021,2022,3024042135.97,-1350050151.14,1326008015.18,3000000000,1,0
kabupaten,12,1208,3,2021,2022,131876587523.2,-76555061810.43,678474287.23,56000000000,1,0
kabupaten,12,1208,4,2021,2022,1134015800.99,20473881.11,-154489682.1,1000000000,0,1
kabupaten,12,1208,5,2021,2022,1086765142.61,-588377261.42,501612118.81,1000000000,1,0
kabupaten,12,1208,6,2021,2022,113826836024.14,-40790571423.41,-32036264600.74,41000000000,0,0
kabupaten,12,1208,7,2021,2022,179458000506.31,70157434020.07,-51615434526.38,198000000000,0,1
kabupaten,12,1208,8,2021,2022,20601287051.28,35918065829,-24519352880.28,32000000000,0,1
kabupaten,12,1208,9,2021,2022,10631398134.26,5697385039.37,-3328783173.63,13000000000,0,1
kabupaten,12,1208,10,2021,2022,9780886283.52,5947536677.46,-3728422960.98,12000000000,0,1
kabupaten,12,1208,11,2021,2022,12379672494.12,-2387061708.96,7389214.84,10000000000,1,0
kabupaten,12,1208,12,2021,2022,11481909985,-478154949.84,-3003755035.16,8000000000,0,0
kabupaten,12,1208,13,2021,2022,1039514484.24,891363654.62,69121861.14,2000000000,1,1
kabupaten,12,1208,14,2021,2022,50274700510.46,-58073934156.1,-200766354.36,-8000000000,0,0
kabupaten,12,1208,15,2021,2022,13560938953.48,1179363690.81,-1740302644.29,13000000000,0,1
kabupaten,12,1208,16,2021,2022,4819567154.2,106883333.62,-1926450487.82,3000000000,0,1
kabupaten,12,1208,17,2021,2022,1323018434.49,1119342172.98,-442360607.46,2000000000,0,1
kabupaten,12,1208,1,2022,2023,882201930783.77,-346158775492.05,354956844708.28,891000000000,1,0
kabupaten,12,1208,2,2022,2023,3354760733.44,-988236930.68,633476197.24,3000000000,1,0
kabupaten,12,1208,3,2022,2023,142552295643.42,-44007035534.36,-10545260109.06,88000000000,0,0
kabupaten,12,1208,4,2022,2023,1251776393.08,-710881210.04,459104816.96,1000000000,1,0
kabupaten,12,1208,5,2022,2023,1201705337.35,-508193348.64,-693511988.72,0,0,0
kabupaten,12,1208,6,2022,2023,122674086521.38,33974511208.12,-27648597729.5,129000000000,0,1
kabupaten,12,1208,7,2022,2023,200083938669.16,31571157423.94,42344903906.9,274000000000,1,1
kabupaten,12,1208,8,2022,2023,23433254078.37,37488758638.95,-12922012717.32,48000000000,0,1
kabupaten,12,1208,9,2022,2023,11916911262.08,12398646499.71,-315557761.79,24000000000,0,1
kabupaten,12,1208,10,2022,2023,10965561203.34,6120246751.23,-85807954.57,17000000000,0,1
kabupaten,12,1208,11,2022,2023,13619327156.66,1338427012.9,-957754169.56,14000000000,0,1
kabupaten,12,1208,12,2022,2023,12567834986.48,-4559655608.65,-2008179377.82,6000000000,0,0
kabupaten,12,1208,13,2022,2023,1201705337.35,401391892.08,-603097229.43,1000000000,0,1
kabupaten,12,1208,14,2022,2023,52875034843.5,-32574659146.62,-19300375696.88,1000000000,0,0
kabupaten,12,1208,15,2022,2023,15021316716.9,7106159782.98,-8127476499.88,14000000000,0,1
kabupaten,12,1208,16,2022,2023,5257460850.92,1485488782.09,1257050366.99,8000000000,1,1
kabupaten,12,1208,17,2022,2023,1502131671.69,1340075212.84,-842206884.53,2000000000,0,1
kabupaten,12,1208,1,2023,2024,930924811215.83,-243181112183.07,279256300967.24,967000000000,1,0
kabupaten,12,1208,2,2023,2024,3520515223.4,-705028039.95,184512816.55,3000000000,1,0
kabupaten,12,1208,3,2023,2024,147610174009.64,-11959404033.36,-65650769976.28,70000000000,0,0
kabupaten,12,1208,4,2023,2024,1307619940.12,-613268881.83,305648941.71,1000000000,1,0
kabupaten,12,1208,5,2023,2024,1207033790.88,-594274833.39,387241042.51,1000000000,1,0
kabupaten,12,1208,6,2023,2024,129705839444.93,38465086434.7,-162170925879.62,6000000000,0,1
kabupaten,12,1208,7,2023,2024,214751428627.32,-24993443749.84,79242015122.53,269000000000,1,0
kabupaten,12,1208,8,2023,2024,25951226503.91,7225410901.64,23823362594.45,57000000000,1,1
kabupaten,12,1208,9,2023,2024,13176785550.43,18264735606.03,558478843.54,32000000000,1,1
kabupaten,12,1208,10,2023,2024,11869165610.32,5625634984.53,2505199405.16,20000000000,1,1
kabupaten,12,1208,11,2023,2024,14383819341.31,-3308382607.88,924563266.57,12000000000,1,0
kabupaten,12,1208,12,2023,2024,12925320177.33,964495579.9,110184242.76,14000000000,1,1
kabupaten,12,1208,13,2023,2024,1257326865.5,26037686.13,-283364551.63,1000000000,0,1
kabupaten,12,1208,14,2023,2024,53159779873.32,11150199047.67,-6309978920.99,58000000000,0,1
kabupaten,12,1208,15,2023,2024,15792025430.67,1994796710.31,1213177859.01,19000000000,1,1
kabupaten,12,1208,16,2023,2024,5683117432.06,121021759.12,4195860808.83,10000000000,1,1
kabupaten,12,1208,17,2023,2024,1609378387.84,483069496.93,907552115.23,3000000000,1,1
kabupaten,12,1208,1,2024,2025,574869109766.21,376345860502.88,-154214970269.09,797000000000,0,1
kabupaten,12,1208,2,2024,2025,2154615444.52,-913043201.85,758427757.33,2000000000,1,0
kabupaten,12,1208,3,2024,2025,88693416586.1,16036507505.58,136270075908.32,241000000000,1,1
kabupaten,12,1208,4,2024,2025,796912561.67,95595393.87,107492044.46,1000000000,1,1
kabupaten,12,1208,5,2024,2025,737882001.55,802243982.18,-540125983.73,1000000000,0,1
kabupaten,12,1208,6,2024,2025,76296998960.09,-76900198547.21,121603199587.12,121000000000,1,0
kabupaten,12,1208,7,2024,2025,133969856201.1,144957996716.31,-1927852917.41,277000000000,0,1
kabupaten,12,1208,8,2024,2025,16912255475.49,-149925221164.69,180012965689.2,47000000000,1,0
kabupaten,12,1208,9,2024,2025,8677492338.21,4181505705.14,-858998043.35,12000000000,0,1
kabupaten,12,1208,10,2024,2025,7555911695.85,9139036530.74,-1694948226.59,15000000000,0,1
kabupaten,12,1208,11,2024,2025,8795553458.46,445666823.08,-5241220281.54,4000000000,0,1
kabupaten,12,1208,12,2024,2025,7998640896.78,15422287887.52,-1420928784.31,22000000000,0,1
kabupaten,12,1208,13,2024,2025,767397281.61,1948354903.68,-1715752185.29,1000000000,0,1
kabupaten,12,1208,14,2024,2025,32909537269.05,-39557220734.03,3647683464.98,-3000000000,1,0
kabupaten,12,1208,15,2024,2025,9828588260.62,4034372830.69,3137038908.69,17000000000,1,1
kabupaten,12,1208,16,2024,2025,3630379447.62,6628321522.31,-3258700969.93,7000000000,0,1
kabupaten,12,1208,17,2024,2025,1033034802.17,143593859.75,-1176628661.92,0,0,1
kabupaten,12,1209,1,2022,2023,642742113894.03,-252199428882.53,178947314988.5,569490000000,1,0
kabupaten,12,1209,2,2022,2023,2800974857.15,-825104088.09,-65870769.05,1910000000,0,0
kabupaten,12,1209,3,2022,2023,281252624970.07,-86824938211.79,4442313241.73,198870000000,1,0
kabupaten,12,1209,4,2022,2023,1398484586.34,-794196487.85,-44288098.49,560000000,0,0
kabupaten,12,1209,5,2022,2023,793626233.21,-335619357.33,-458006875.88,0,0,0
kabupaten,12,1209,6,2022,2023,82433481168.47,22829900831.53,1606618000,106870000000,1,1
kabupaten,12,1209,7,2022,2023,242363938121.67,38242500098.81,9373561779.52,289980000000,1,1
kabupaten,12,1209,8,2022,2023,47435315349.75,75887500820.92,-17332816170.68,105990000000,0,1
kabupaten,12,1209,9,2022,2023,11080724631.5,11528657438.59,-3719382070.1,18890000000,0,1
kabupaten,12,1209,10,2022,2023,8309792407.79,4637973291.48,-3167765699.27,9780000000,0,1
kabupaten,12,1209,11,2022,2023,19058045229.29,1872912094.3,-810957323.59,20120000000,0,1
kabupaten,12,1209,12,2022,2023,22421818752.77,-8134716261.17,1812897508.41,16100000000,1,0
kabupaten,12,1209,13,2022,2023,539265270.14,180124611.57,-179389881.71,540000000,0,1
kabupaten,12,1209,14,2022,2023,39294262399.75,-24207968994.79,-1176293404.96,13910000000,0,0
kabupaten,12,1209,15,2022,2023,11853821731.87,5607707556.74,-1801529288.61,15660000000,0,1
kabupaten,12,1209,16,2022,2023,8175101267.9,2309864318.59,-1624965586.49,8860000000,0,1
kabupaten,12,1209,17,2022,2023,7616308286.03,6794628020.84,-1440936306.86,12970000000,0,1
kabupaten,12,1209,1,2023,2024,674233484732.17,-176126843664.31,243083358932.14,741190000000,1,0
kabupaten,12,1209,2,2023,2024,2909454366.77,-582655315.87,-1266799050.89,1060000000,0,0
kabupaten,12,1209,3,2023,2024,292501504405.33,-23698526846.26,-71852977559.07,196950000000,0,0
kabupaten,12,1209,4,2023,2024,1432849695.92,-672001170.9,139151474.98,900000000,1,0
kabupaten,12,1209,5,2023,2024,797145232.73,-392469004.55,-144676228.17,260000000,0,0
kabupaten,12,1209,6,2023,2024,88173818423.75,26148503116.44,-93512321540.19,20810000000,0,1
kabupaten,12,1209,7,2023,2024,258022584168.85,-30029476333.8,-6803107835.06,221190000000,0,0
kabupaten,12,1209,8,2023,2024,52976210150.96,14749780180.7,14554009668.35,82280000000,1,1
kabupaten,12,1209,9,2023,2024,12079893592.97,16744300935.92,-9624194528.9,19200000000,0,1
kabupaten,12,1209,10,2023,2024,8838504933.72,4189191068.56,-4067696002.28,8960000000,0,1
kabupaten,12,1209,11,2023,2024,20154446723.21,-4635668693.3,-2168778029.92,13350000000,0,0
kabupaten,12,1209,12,2023,2024,23330957316.21,1740970815.24,-8401928131.45,16670000000,0,1
kabupaten,12,1209,13,2023,2024,568814673.95,11779449.2,-190594123.16,390000000,0,1
kabupaten,12,1209,14,2023,2024,40168072837.49,8425204328.66,-8823277166.15,39770000000,0,1
kabupaten,12,1209,15,2023,2024,12693972034.08,1603460795.17,1962567170.75,16260000000,1,1
kabupaten,12,1209,16,2023,2024,8656946934.34,184349339.79,1778703725.87,10620000000,1,1
kabupaten,12,1209,17,2023,2024,8302380758.27,2492034767.3,-664415525.56,10130000000,0,1
kabupaten,12,1209,1,2024,2025,417560931314.54,273361927677.53,-37902858992.07,653020000000,0,1
kabupaten,12,1209,2,2024,2025,1738745148.45,-736813356.45,48068208,1050000000,1,0
kabupaten,12,1209,3,2024,2025,177472132331.58,32088437808.73,33809429859.69,243370000000,1,1
kabupaten,12,1209,4,2024,2025,867454081.02,104057356.51,-791511437.53,180000000,0,1
kabupaten,12,1209,5,2024,2025,475491161.8,516966022.12,-972457183.91,20000000,0,1
kabupaten,12,1209,6,2024,2025,52360401982.66,-52774360241.68,2303958259.02,1890000000,1,0
kabupaten,12,1209,7,2024,2025,157953087321.02,170908320442.19,-10331407763.21,318530000000,0,1
kabupaten,12,1209,8,2024,2025,33518437496.73,-297137135970.78,384138698474.05,120520000000,1,0
kabupaten,12,1209,9,2024,2025,7655968495.26,3689254302.24,7814777202.5,19160000000,1,1
kabupaten,12,1209,10,2024,2025,5451472227.44,6593672059.48,-2475144286.92,9570000000,0,1
kabupaten,12,1209,11,2024,2025,12221982320.84,619282465.67,1518735213.48,14360000000,1,1
kabupaten,12,1209,12,2024,2025,14184158139.36,27348667491.17,-27302825630.53,14230000000,0,1
kabupaten,12,1209,13,2024,2025,345328776.72,876759706.66,-542088483.38,680000000,0,1
kabupaten,12,1209,14,2024,2025,24747086567.93,-29745965672.15,24338879104.23,19340000000,1,0
kabupaten,12,1209,15,2024,2025,7929575141.44,3254878692.77,4825546165.79,16010000000,1,1
kabupaten,12,1209,16,2024,2025,5393917431.32,9848176895.95,-11572094327.27,3670000000,0,1
kabupaten,12,1209,17,2024,2025,5171372219.65,718830861.92,1109796918.43,7000000000,1,1
kabupaten,12,1210,1,2021,2022,351616246800.34,22599773100.77,169453980098.9,543670000000,1,1
kabupaten,12,1210,2,2021,2022,8447472704.19,-3771280719.08,6113808014.89,10790000000,1,0
kabupaten,12,1210,3,2021,2022,362731964182.94,-210567838159.74,101565873976.8,253730000000,1,0
kabupaten,12,1210,4,2021,2022,891147416.94,16089058.24,192763524.82,1100000000,1,1
kabupaten,12,1210,5,2021,2022,382257826.25,-206955306.3,284697480.05,460000000,1,0
kabupaten,12,1210,6,2021,2022,86991769613.52,-31174054516.6,-44687715096.92,11130000000,0,0
kabupaten,12,1210,7,2021,2022,186554576887.57,72931774466.48,-59146351354.05,200340000000,0,1
kabupaten,12,1210,8,2021,2022,19196997484.39,33469705928.92,-17476703413.3,35190000000,0,1
kabupaten,12,1210,9,2021,2022,15127770785.18,8106999085.36,1055230129.46,24290000000,1,1
kabupaten,12,1210,10,2021,2022,10627618081.59,6462415214.95,-1620033296.54,15470000000,0,1
kabupaten,12,1210,11,2021,2022,12942427835.36,-2495572796.57,-446855038.79,10000000000,0,0
kabupaten,12,1210,12,2021,2022,26771278021.82,-1114868442.31,3883590420.49,29540000000,1,0
kabupaten,12,1210,13,2021,2022,1707638793.65,1464267385.37,-1371906179.02,1800000000,0,1
kabupaten,12,1210,14,2021,2022,30446434230.19,-35169661854.16,4163227623.97,-560000000,1,0
kabupaten,12,1210,15,2021,2022,20882428468.61,1816096805.41,-5428525274.02,17270000000,0,1
kabupaten,12,1210,16,2021,2022,4603159138.84,102084062.36,-2075243201.21,2630000000,0,1
kabupaten,12,1210,17,2021,2022,1066447359.51,902269744.43,-378717103.94,1590000000,0,1
kabupaten,12,1210,1,2022,2023,399826392738.29,-156884053061.11,132287660322.82,375230000000,1,0
kabupaten,12,1210,2,2022,2023,9491970033.41,-2796120521.63,-455849511.79,6240000000,0,0
kabupaten,12,1210,3,2022,2023,397088006700.8,-122584248414.07,85216241713.28,359720000000,1,0
kabupaten,12,1210,4,2022,2023,999418272.23,-567567558.09,288149285.86,720000000,1,0
kabupaten,12,1210,5,2022,2023,428107526.43,-181043880.45,322936354.02,570000000,1,0
kabupaten,12,1210,6,2022,2023,92741609410.16,25684730473.34,-3496339883.5,114930000000,0,1
kabupaten,12,1210,7,2022,2023,207721276798.59,32776249676.66,43792473524.75,284290000000,1,1
kabupaten,12,1210,8,2022,2023,22104868970.04,35363594607.55,-32288463577.59,25180000000,0,1
kabupaten,12,1210,9,2022,2023,17246975143.79,17944175574.89,-16331150718.68,18860000000,0,1
kabupaten,12,1210,10,2022,2023,12036581085.26,6718018796.93,-8974599882.18,9780000000,0,1
kabupaten,12,1210,11,2022,2023,14215673430.32,1397032401.59,-4562705831.91,11050000000,0,1
kabupaten,12,1210,12,2022,2023,29848357737.6,-10829091240.76,-649266496.85,18370000000,0,0
kabupaten,12,1210,13,2022,2023,1899695854.13,634533682.73,-1074229536.86,1460000000,0,1
kabupaten,12,1210,14,2022,2023,32235745674.48,-19859437082,12683691407.53,25060000000,1,0
kabupaten,12,1210,15,2022,2023,22993630209.12,10877635651.79,-18171265860.92,15700000000,0,1
kabupaten,12,1210,16,2022,2023,5009609125.09,1415458596.65,-1575067721.74,4850000000,0,1
kabupaten,12,1210,17,2022,2023,1209716706.27,1079207238.07,-998923944.34,1290000000,0,1
kabupaten,12,1210,1,2023,2024,420470723983.63,-109837590605.43,46186866621.8,356820000000,1,0
kabupaten,12,1210,2,2023,2024,9847886941.34,-1972164864.33,4277922.99,7880000000,1,0
kabupaten,12,1210,3,2023,2024,416940150145.3,-33780569305.42,-135639580839.89,247520000000,0,0
kabupaten,12,1210,4,2023,2024,1040060783.14,-487784633.7,387723850.56,940000000,1,0
kabupaten,12,1210,5,2023,2024,458672840.53,-225824436.69,67151596.15,300000000,1,0
kabupaten,12,1210,6,2023,2024,98933015877.2,29339211119.92,-8162226997.12,120110000000,0,1
kabupaten,12,1210,7,2023,2024,222940147036.94,-25946472441.02,203496325404.08,400490000000,1,0
kabupaten,12,1210,8,2023,2024,23469263271.41,6534375963.66,-11123639235.07,18880000000,0,1
kabupaten,12,1210,9,2023,2024,18271976940.18,25327332416.13,-23929309356.32,19670000000,0,1
kabupaten,12,1210,10,2023,2024,12581818477.68,5963411457.96,-7225229935.64,11320000000,0,1
kabupaten,12,1210,11,2023,2024,14834445289.91,-3412029839.23,-1872415450.68,9550000000,0,0
kabupaten,12,1210,12,2023,2024,30904591423.23,2306120190.26,5889288386.51,39100000000,1,1
kabupaten,12,1210,13,2023,2024,1981547140.03,41035393.34,-582582533.36,1440000000,0,1
kabupaten,12,1210,14,2023,2024,33639025890.32,7055744687.82,22355229421.86,63050000000,1,1
kabupaten,12,1210,15,2023,2024,23885186998.52,3017098260.07,13397714741.41,40300000000,1,1
kabupaten,12,1210,16,2023,2024,5275743527.64,112346748.06,1141909724.3,6530000000,1,1
kabupaten,12,1210,17,2023,2024,1279958749.08,384191209.28,15850041.64,1680000000,1,1
kabupaten,12,1210,1,2024,2025,257291484814.26,168439360556.12,-216300845370.38,209430000000,0,1
kabupaten,12,1210,2,2024,2025,6011967395.81,-2547640681.97,4395673286.16,7860000000,1,0
kabupaten,12,1210,3,2024,2025,251993492043.14,45562519542.64,127163988414.22,424720000000,1,1
kabupaten,12,1210,4,2024,2025,638120354.94,76547126.5,345332518.56,1060000000,1,1
kabupaten,12,1210,5,2024,2025,278033938.18,302285532.48,-7200319470.67,-6620000000,0,1
kabupaten,12,1210,6,2024,2025,61605473156.46,-62092522404.52,-272950751.94,-760000000,0,0
kabupaten,12,1210,7,2024,2025,142656498276.13,154357112824.17,56886388899.71,353900000000,1,1
kabupaten,12,1210,8,2024,2025,14330553928.47,-127038730597.02,160188176668.55,47480000000,1,0
kabupaten,12,1210,9,2024,2025,11303761958.12,5447051207.33,14139186834.55,30890000000,1,1
kabupaten,12,1210,10,2024,2025,7717950583.39,9335026025.09,3047023391.52,20100000000,1,1
kabupaten,12,1210,11,2024,2025,8987697931.66,455402698.98,6696899369.36,16140000000,1,1
kabupaten,12,1210,12,2024,2025,19290891895.68,37195030038.4,15564078065.92,72050000000,1,1
kabupaten,12,1210,13,2024,2025,1205404037.73,3060415933.32,-1805819971.05,2460000000,0,1
kabupaten,12,1210,14,2024,2025,21602528630.13,-25966211145.69,-46346317484.44,-50710000000,0,0
kabupaten,12,1210,15,2024,2025,15206862593.51,6242010720.2,2521126686.29,23970000000,1,1
kabupaten,12,1210,16,2024,2025,3288887657.3,6004828188.87,-2473715846.17,6820000000,0,1
kabupaten,12,1210,17,2024,2025,800749548.08,111305754.72,707944697.2,1620000000,1,1
kabupaten,12,1211,1,2021,2022,141733547366.7,9109778175.5,-15413325542.2,135430000000,0,1
kabupaten,12,1211,2,2021,2022,201760311.26,-90073658.52,-1686652.74,110000000,0,0
kabupaten,12,1211,3,2021,2022,1031954378.9,-599055016.1,-52899362.8,380000000,0,0
kabupaten,12,1211,4,2021,2022,296734134.59,5357332.22,7908533.18,310000000,1,1
kabupaten,12,1211,5,2021,2022,281141417.33,-152210639.37,-58930777.96,70000000,0,0
kabupaten,12,1211,6,2021,2022,39633379737.94,-14202873974.36,-18030505763.58,7400000000,0,0
kabupaten,12,1211,7,2021,2022,54190362569.95,21185217576.25,1064419853.8,76440000000,1,1
kabupaten,12,1211,8,2021,2022,11555148505.48,20146245409.36,-12071393914.85,19630000000,0,1
kabupaten,12,1211,9,2021,2022,8819807892.18,4726550628.66,-2676358520.85,10870000000,0,1
kabupaten,12,1211,10,2021,2022,4052688968.78,2464348892.88,2962138.34,6520000000,1,1
kabupaten,12,1211,11,2021,2022,6506415658.17,-1254574035.59,-1411841622.58,3840000000,0,0
kabupaten,12,1211,12,2021,2022,8499448428.4,-353952725.83,-2015495702.57,6130000000,0,0
kabupaten,12,1211,13,2021,2022,187585113.75,160850623.13,-298435736.88,50000000,0,1
kabupaten,12,1211,14,2021,2022,28602713540.41,-33039920396.67,8487206856.25,4050000000,1,0
kabupaten,12,1211,15,2021,2022,6261657247.79,544561938.35,-6219186.14,6800000000,0,1
kabupaten,12,1211,16,2021,2022,1907981585.16,42313225.6,-210294810.76,1740000000,0,1
kabupaten,12,1211,17,2021,2022,61425855.89,51969458.03,-103395313.92,10000000,0,1
kabupaten,12,1211,1,2022,2023,156974762533.88,-61593825274.91,51619062741.03,147000000000,1,0
kabupaten,12,1211,2,2022,2023,219311224.07,-64604145.62,15292921.55,170000000,1,0
kabupaten,12,1211,3,2022,2023,1112578858.17,-343462005.47,50883147.3,820000000,1,0
kabupaten,12,1211,4,2022,2023,329968257.21,-187388286.97,37420029.75,180000000,1,0
kabupaten,12,1211,5,2022,2023,301427755.45,-127471831.62,-13955923.84,160000000,0,0
kabupaten,12,1211,6,2022,2023,42369626642.26,11734241485.39,-11353868127.64,42750000000,0,1
kabupaten,12,1211,7,2022,2023,61252423176.52,9664993140.21,1962583683.27,72880000000,1,1
kabupaten,12,1211,8,2022,2023,13227771500.91,21161923626.57,-8219695127.48,26170000000,0,1
kabupaten,12,1211,9,2022,2023,9890535636.97,10290355643.22,-4100891280.19,16080000000,0,1
kabupaten,12,1211,10,2022,2023,4621057732.68,2579166998.5,-1660224731.17,5540000000,0,1
kabupaten,12,1211,11,2022,2023,7087057227.04,696474115.46,-1653531342.5,6130000000,0,1
kabupaten,12,1211,12,2022,2023,9313717075.04,-3379049959.22,-1144667115.81,4790000000,0,0
kabupaten,12,1211,13,2022,2023,201285644.01,67233141.92,-78518785.93,190000000,0,1
kabupaten,12,1211,14,2022,2023,30512800647.05,-18797984410.38,2445183763.33,14160000000,1,0
kabupaten,12,1211,15,2022,2023,6975899483.33,3300100603.21,-1266000086.54,9010000000,0,1
kabupaten,12,1211,16,2022,2023,2108992867.05,595893214.3,-4886081.36,2700000000,0,1
kabupaten,12,1211,17,2022,2023,65593083,58516617.63,-44109700.62,80000000,0,1
kabupaten,12,1211,1,2023,2024,165063882625.76,-43118862097.75,18764979471.99,140710000000,1,0
kabupaten,12,1211,2,2023,2024,228833489.52,-45826822.6,96993333.08,280000000,1,0
kabupaten,12,1211,3,2023,2024,1158752439.24,-93882340.35,285129901.11,1350000000,1,0
kabupaten,12,1211,4,2023,2024,340484115.18,-159685781.92,59201666.75,240000000,1,0
kabupaten,12,1211,5,2023,2024,310811201.15,-153025769.6,12214568.45,170000000,1,0
kabupaten,12,1211,6,2023,2024,44707525752.69,13258299315.73,-8105825068.41,49860000000,0,1
kabupaten,12,1211,7,2023,2024,65189380391.67,-7586944228.13,23317563836.46,80920000000,1,0
kabupaten,12,1211,8,2023,2024,14602594215.91,4065693905.6,-4268288121.51,14400000000,0,1
kabupaten,12,1211,9,2023,2024,10743103669.57,14891336537.42,-18874440206.99,6760000000,0,1
kabupaten,12,1211,10,2023,2024,4920171490.07,2332016400.58,-3892187890.65,3360000000,0,1
kabupaten,12,1211,11,2023,2024,7426778329.13,-1708212796.17,-158565532.96,5560000000,0,0
kabupaten,12,1211,12,2023,2024,9595918637.49,716053527.8,-2001972165.3,8310000000,0,1
kabupaten,12,1211,13,2023,2024,211733844.15,4384746.34,-26118590.49,190000000,0,1
kabupaten,12,1211,14,2023,2024,31360246679.29,6577773525.24,451979795.47,38390000000,1,1
kabupaten,12,1211,15,2023,2024,7459971758.38,942319095.67,437709145.95,8840000000,1,1
kabupaten,12,1211,16,2023,2024,2254135604.47,48001727.82,-652137332.29,1650000000,0,1
kabupaten,12,1211,17,2023,2024,69907373.72,20983331.27,-30890704.99,60000000,0,1
kabupaten,12,1211,1,2024,2025,101023424831.97,66136355395.4,-39909780227.37,127250000000,0,1
kabupaten,12,1211,2,2024,2025,142558802.7,-60410940.62,87852137.92,170000000,1,0
kabupaten,12,1211,3,2024,2025,719877680.71,130159872.9,759962446.39,1610000000,1,1
kabupaten,12,1211,4,2024,2025,206902113.23,24819396.7,-241721509.94,-10000000,0,1
kabupaten,12,1211,5,2024,2025,187422028.39,203769971.47,258808000.13,650000000,1,1
kabupaten,12,1211,6,2024,2025,27708944922.14,-27928010211.27,419065289.13,200000000,1,0
kabupaten,12,1211,7,2024,2025,40645787326.08,43979534447.67,59264678226.24,143890000000,1,1
kabupaten,12,1211,8,2024,2025,8994781598.87,-79737715793.96,97992934195.09,27250000000,1,0
kabupaten,12,1211,9,2024,2025,6504282267.25,3134280313.75,6991437419,16630000000,1,1
kabupaten,12,1211,10,2024,2025,2986651189.47,3612418384.94,-3789069574.41,2810000000,0,1
kabupaten,12,1211,11,2024,2025,4522626363.89,229159487.59,18214148.52,4770000000,1,1
kabupaten,12,1211,12,2024,2025,5876787413.13,11331113436.48,-7317900849.61,9890000000,0,1
kabupaten,12,1211,13,2024,2025,129867232.27,329721599.08,140411168.64,600000000,1,1
kabupaten,12,1211,14,2024,2025,19537344484.19,-23483862504.65,4006518020.46,60000000,1,0
kabupaten,12,1211,15,2024,2025,4638916567.33,1904151284.68,1286932147.98,7830000000,1,1
kabupaten,12,1211,16,2024,2025,1371575064.48,2504212204.4,-345787268.88,3530000000,0,1
kabupaten,12,1211,17,2024,2025,42797156.09,5948888.48,501253955.43,550000000,1,1
kabupaten,12,1212,1,2021,2022,86630774583.54,5568104053.63,-33128878637.17,59070000000,0,1
kabupaten,12,1212,2,2021,2022,802788685.78,-358396126.06,385607440.28,830000000,1,0
kabupaten,12,1212,3,2021,2022,28114141732.82,-16320409092.51,21786267359.69,33580000000,1,0
kabupaten,12,1212,4,2021,2022,240033344.54,4333638.17,25633017.29,270000000,1,1
kabupaten,12,1212,5,2021,2022,130884323.7,-70861087.57,89976763.87,150000000,1,0
kabupaten,12,1212,6,2021,2022,36040439675.14,-12915321026.65,22694881351.51,45820000000,1,0
kabupaten,12,1212,7,2021,2022,45076183076.09,17622113982.74,-4628297058.84,58070000000,0,1
kabupaten,12,1212,8,2021,2022,7807698789.8,13612617425.65,-12170316215.45,9250000000,0,1
kabupaten,12,1212,9,2021,2022,7774150822.35,4166181157.9,-5910331980.26,6030000000,0,1
kabupaten,12,1212,10,2021,2022,4296502365.99,2612606328.9,-1189108694.89,5720000000,0,1
kabupaten,12,1212,11,2021,2022,4704748054.35,-907174558.63,-327573495.72,3470000000,0,0
kabupaten,12,1212,12,2021,2022,7820456467.56,-325676649.17,-2384779818.39,5110000000,0,0
kabupaten,12,1212,13,2021,2022,2208495772.42,1893742600.78,-2122238373.2,1980000000,0,1
kabupaten,12,1212,14,2021,2022,24735719659.04,-28573030573.98,6317310914.94,2480000000,1,0
kabupaten,12,1212,15,2021,2022,7914485277.73,688304593.07,-2472789870.8,6130000000,0,1
kabupaten,12,1212,16,2021,2022,2216528384.35,49155854.71,-1325684239.05,940000000,0,1
kabupaten,12,1212,17,2021,2022,409190701.52,346196543.5,-365387245.02,390000000,0,1
kabupaten,12,1212,1,2022,2023,94759472955.8,-37181763018.26,-17167709937.54,40410000000,0,0
kabupaten,12,1212,2,2022,2023,892266212.98,-262841523.95,610575310.97,1240000000,1,0
kabupaten,12,1212,3,2022,2023,31473664206.37,-9716172250.15,10092508043.78,31850000000,1,0
kabupaten,12,1212,4,2022,2023,267880148.12,-152128578.95,334248430.83,450000000,1,0
kabupaten,12,1212,5,2022,2023,146207482.71,-61830190.75,165622708.04,250000000,1,0
kabupaten,12,1212,6,2022,2023,40485953525.96,11212559399,19911487075.04,71610000000,1,1
kabupaten,12,1212,7,2022,2023,50674411944.48,7995893361.09,22409694694.44,81080000000,1,1
kabupaten,12,1212,8,2022,2023,8736898513.11,13977379262.63,-7424277775.74,15290000000,0,1
kabupaten,12,1212,9,2022,2023,8540119264.12,8885349357.1,-4355468621.22,13070000000,0,1
kabupaten,12,1212,10,2022,2023,4839367535.63,2701013006.88,359619457.49,7900000000,1,1
kabupaten,12,1212,11,2022,2023,5159321581.7,507027644.89,13650773.41,5680000000,1,1
kabupaten,12,1212,12,2022,2023,8543123527.46,-3099475856.37,3206352328.91,8650000000,1,0
kabupaten,12,1212,13,2022,2023,2439461834.83,814825540.92,-394287375.75,2860000000,0,1
kabupaten,12,1212,14,2022,2023,26336373889.19,-16225018198.81,-7411355690.38,2700000000,0,0
kabupaten,12,1212,15,2022,2023,8693837405.19,4112808410.39,-7286645815.58,5520000000,0,1
kabupaten,12,1212,16,2022,2023,2395900016.35,676958459.27,-1612858475.61,1460000000,0,1
kabupaten,12,1212,17,2022,2023,453143054.29,404256022.54,-297399076.83,560000000,0,1
kabupaten,12,1212,1,2023,2024,97211986863.71,-25394230337.64,-20637756526.06,51180000000,0,0
kabupaten,12,1212,2,2023,2024,958586002.26,-191969063.45,73383061.19,840000000,1,0
kabupaten,12,1212,3,2023,2024,33215055271.27,-2691090019,22556034747.72,53080000000,1,0
kabupaten,12,1212,4,2023,2024,291699832.8,-136806135.18,245106302.38,400000000,1,0
kabupaten,12,1212,5,2023,2024,159429046.55,-78493800.91,109064754.37,190000000,1,0
kabupaten,12,1212,6,2023,2024,44266958419.01,13127646288.52,-7964604707.53,49430000000,0,1
kabupaten,12,1212,7,2023,2024,54976868659.34,-6398380132.61,15311511473.28,63890000000,1,0
kabupaten,12,1212,8,2023,2024,9544619701.38,2657438916.5,-2462058617.88,9740000000,0,1
kabupaten,12,1212,9,2023,2024,9235317292.47,12801348852.42,-13776666144.89,8260000000,0,1
kabupaten,12,1212,10,2023,2024,5258140951.52,2492203973.02,-470344924.54,7280000000,0,1
kabupaten,12,1212,11,2023,2024,5467863072.68,-1257648101.85,329785029.16,4540000000,1,0
kabupaten,12,1212,12,2023,2024,9016039487.12,672782578.25,-2098822065.37,7590000000,0,1
kabupaten,12,1212,13,2023,2024,2594116788.9,53720954.02,-617837742.92,2030000000,0,1
kabupaten,12,1212,14,2023,2024,26588942690.09,5576998327.84,-985941017.93,31180000000,0,1
kabupaten,12,1212,15,2023,2024,9010004318.17,1138114110.36,-3488118428.53,6660000000,0,1
kabupaten,12,1212,16,2023,2024,2479951509.51,52810468.51,67238021.98,2600000000,1,1
kabupaten,12,1212,17,2023,2024,483316447.1,145071808.3,-338388255.4,290000000,0,1
kabupaten,12,1212,1,2024,2025,58560972018.07,38337734680.14,-9418706698.22,87480000000,0,1
kabupaten,12,1212,2,2024,2025,587354073.23,-248898078.31,511544005.08,850000000,1,0
kabupaten,12,1212,3,2024,2025,21059447476.99,3807723284.63,-39597170761.62,-14730000000,0,1
kabupaten,12,1212,4,2024,2025,182994736.38,21951534.89,-4946271.27,200000000,0,1
kabupaten,12,1212,5,2024,2025,99171341.01,107821591.2,-56992932.21,150000000,0,1
kabupaten,12,1212,6,2024,2025,27437699498.37,-27654620337.13,66920838.76,-150000000,1,0
kabupaten,12,1212,7,2024,2025,34149769337.25,36950716316.52,55149514346.22,126250000000,1,1
kabupaten,12,1212,8,2024,2025,5888888677.96,-52204328318.99,57335439641.03,11020000000,1,0
kabupaten,12,1212,9,2024,2025,5663687091.08,2729214727.07,10437098181.84,18830000000,1,1
kabupaten,12,1212,10,2024,2025,3300693769.33,3992259590.75,77046639.92,7370000000,1,1
kabupaten,12,1212,11,2024,2025,3342900619.81,169383303.3,2457716076.89,5970000000,1,1
kabupaten,12,1212,12,2024,2025,5515225232.37,10633980496.91,-5909205729.28,10240000000,0,1
kabupaten,12,1212,13,2024,2025,1582314164.12,4017357937.93,-3549672102.05,2050000000,0,1
kabupaten,12,1212,14,2024,2025,16524424695.47,-19862336861.13,3237912165.65,-100000000,1,0
kabupaten,12,1212,15,2024,2025,5484234188.31,2251131578.59,-985365766.9,6750000000,0,1
kabupaten,12,1212,16,2024,2025,1532138188.01,2797367237.59,-1469505425.6,2860000000,0,1
kabupaten,12,1212,17,2024,2025,292201272.61,40616548.9,67182178.49,400000000,1,1
kabupaten,12,1213,1,2021,2022,224933451645.67,14457366564.32,31779181790.01,271170000000,1,1
kabupaten,12,1213,2,2021,2022,3433705344.07,-1532939757.56,1089234413.48,2990000000,1,0
kabupaten,12,1213,3,2021,2022,46115697560.33,-26770408178.34,14684710618.01,34030000000,1,0
kabupaten,12,1213,4,2021,2022,417695820.03,7541212.88,-95237032.91,330000000,0,1
kabupaten,12,1213,5,2021,2022,90248757.5,-48860894.32,28612136.82,70000000,1,0
kabupaten,12,1213,6,2021,2022,52352311959.18,-18760784317.14,-17831527642.04,15760000000,0,0
kabupaten,12,1213,7,2021,2022,54735162661.01,21398202098.17,-28113364759.18,48020000000,0,1
kabupaten,12,1213,8,2021,2022,7772260796.02,13550831761.96,-9333092557.98,11990000000,0,1
kabupaten,12,1213,9,2021,2022,3263130467.34,1748717381.42,-401847848.76,4610000000,0,1
kabupaten,12,1213,10,2021,2022,4010635882.83,2438777358.37,-969413241.2,5480000000,0,1
kabupaten,12,1213,11,2021,2022,6977032215.58,-1345318824.22,1828286608.64,7460000000,1,0
kabupaten,12,1213,12,2021,2022,9517700116.37,-396357002.25,-1751343114.13,7370000000,0,0
kabupaten,12,1213,13,2021,2022,443683682.14,380450214.41,-324133896.54,500000000,0,1
kabupaten,12,1213,14,2021,2022,29189094210.84,-33717267692.6,3978173481.76,-550000000,1,0
kabupaten,12,1213,15,2021,2022,5722054729.15,497633947.59,-1339688676.74,4880000000,0,1
kabupaten,12,1213,16,2021,2022,3815490663.74,84615972.45,-2150106636.19,1750000000,0,1
kabupaten,12,1213,17,2021,2022,149784587.05,126725524.58,-66510111.63,210000000,0,1
kabupaten,12,1213,1,2022,2023,251937523975.91,-98855354717.4,70947830741.48,224030000000,1,0
kabupaten,12,1213,2,2022,2023,3788376076,-1115970241.42,2727594165.42,5400000000,1,0
kabupaten,12,1213,3,2022,2023,50572266990.8,-15612063912.91,16519796922.11,51480000000,1,0
kabupaten,12,1213,4,2022,2023,459151580.98,-260751227.84,11599646.86,210000000,1,0
kabupaten,12,1213,5,2022,2023,99140690.33,-41925951.26,42785260.93,100000000,1,0
kabupaten,12,1213,6,2022,2023,56266347447.62,15582929583.63,-7759277031.25,64090000000,0,1
kabupaten,12,1213,7,2022,2023,60406723045.36,9531550485.33,961726469.31,70900000000,1,1
kabupaten,12,1213,8,2022,2023,8836539914,14136786591.03,-10163326505.03,12810000000,0,1
kabupaten,12,1213,9,2022,2023,3688734675.11,3837849948.04,-126584623.15,7400000000,0,1
kabupaten,12,1213,10,2022,2023,4524420595.13,2525230577.36,-1079651172.49,5970000000,0,1
kabupaten,12,1213,11,2022,2023,7767022163.75,763297052.36,-5910319216.11,2620000000,0,1
kabupaten,12,1213,12,2022,2023,10454836434.97,-3793052155.72,308215720.76,6970000000,1,0
kabupaten,12,1213,13,2022,2023,495202741.1,165406908.86,-260609649.96,400000000,0,1
kabupaten,12,1213,14,2022,2023,30903855592.24,-19038901160.32,14575045568.07,26440000000,1,0
kabupaten,12,1213,15,2022,2023,6307951599.99,2984113364.86,-622064964.85,8670000000,0,1
kabupaten,12,1213,16,2022,2023,4130862097.15,1167169757.36,-138031854.51,5160000000,0,1
kabupaten,12,1213,17,2022,2023,169240168.34,150981807.31,-90221975.66,230000000,0,1
kabupaten,12,1213,1,2023,2024,264321791765.01,-69047539093.61,10035747328.61,205310000000,1,0
kabupaten,12,1213,2,2023,2024,4076756628.7,-816422470.26,2069665841.57,5330000000,1,0
kabupaten,12,1213,3,2023,2024,53385595778.36,-4325311000.81,4489715222.45,53550000000,1,0
kabupaten,12,1213,4,2023,2024,471749039.94,-221248542.75,299499502.82,550000000,1,0
kabupaten,12,1213,5,2023,2024,104609595.21,-51503818.89,16894223.68,70000000,1,0
kabupaten,12,1213,6,2023,2024,59739119895.1,17716013559.08,-20885133454.18,56570000000,0,1
kabupaten,12,1213,7,2023,2024,64240350073.59,-7476493107.86,36596143034.26,93360000000,1,0
kabupaten,12,1213,8,2023,2024,9519976094.82,2650577576.69,179446328.5,12350000000,1,1
kabupaten,12,1213,9,2023,2024,4077259559.44,5651611128.17,-2448870687.61,7280000000,0,1
kabupaten,12,1213,10,2023,2024,4844731878.14,2296260246.01,-1180992124.16,5960000000,0,1
kabupaten,12,1213,11,2023,2024,7933229590.56,-1824700253.73,-11708529336.82,-5600000000,0,0
kabupaten,12,1213,12,2023,2024,10851736710.75,809763468,-641500178.75,11020000000,0,1
kabupaten,12,1213,13,2023,2024,517515737.84,10717111.61,61767150.55,590000000,1,1
kabupaten,12,1213,14,2023,2024,32370634548.4,6789701149.52,9709664302.08,48870000000,1,1
kabupaten,12,1213,15,2023,2024,6771962497.58,855412028.8,-877374526.38,6750000000,0,1
kabupaten,12,1213,16,2023,2024,4408690921.19,93882897.38,27426181.43,4530000000,1,1
kabupaten,12,1213,17,2023,2024,181557999.38,54496277.62,73945723,310000000,1,1
kabupaten,12,1213,1,2024,2025,161181173501.4,105519441569.78,-22810615071.17,243890000000,0,1
kabupaten,12,1213,2,2024,2025,2549825044.55,-1080517838.46,3040692793.91,4510000000,1,0
kabupaten,12,1213,3,2024,2025,32910717880.25,5950531557.08,6868750562.67,45730000000,1,1
kabupaten,12,1213,4,2024,2025,293086731.01,35157861.52,16031755407.46,16360000000,1,1
kabupaten,12,1213,5,2024,2025,63457852.13,68992982.47,-142450834.6,-10000000,0,1
kabupaten,12,1213,6,2024,2025,36728519356.26,-37018892870.47,-1019626485.79,-1310000000,0,0
kabupaten,12,1213,7,2024,2025,40456004075.29,43774185269.69,-2160189344.97,82070000000,0,1
kabupaten,12,1213,8,2024,2025,5951461071.69,-52759025472.34,69817564400.65,23010000000,1,0
kabupaten,12,1213,9,2024,2025,2607674993.47,1256585132.82,3175739873.71,7040000000,1,1
kabupaten,12,1213,10,2024,2025,3019117997.53,3651687682.54,1109194319.93,7780000000,1,1
kabupaten,12,1213,11,2024,2025,4490454708.62,227529363.97,-8507984072.6,-3790000000,0,1
kabupaten,12,1213,12,2024,2025,6693770365.25,12906349335.84,-1810119701.08,17790000000,0,1
kabupaten,12,1213,13,2024,2025,321126247.07,815311590.46,-676437837.54,460000000,0,1
kabupaten,12,1213,14,2024,2025,20439626595.69,-24568404422,34648777826.31,30520000000,1,0
kabupaten,12,1213,15,2024,2025,4173460600.76,1713094048.83,-1306554649.58,4580000000,0,1
kabupaten,12,1213,16,2024,2025,2721013668.91,4968007814.16,-4609021483.07,3080000000,0,1
kabupaten,12,1213,17,2024,2025,115699897.84,16082512.29,208217589.86,340000000,1,1
kabupaten,12,1214,1,2021,2022,96310544458.14,6190261319.75,-35160805777.89,67340000000,0,1
kabupaten,12,1214,2,2021,2022,12726964833.17,-5681812628.29,1814847795.12,8860000000,1,0
kabupaten,12,1214,3,2021,2022,331227115.21,-192279105.44,-28948009.76,110000000,0,0
kabupaten,12,1214,4,2021,2022,177662475.49,3207574.71,-10870050.2,170000000,0,1
kabupaten,12,1214,5,2021,2022,53865750.55,-29163046.87,-4702703.68,20000000,0,0
kabupaten,12,1214,6,2021,2022,26077638356.88,-9345087741.21,-3882550615.67,12850000000,0,0
kabupaten,12,1214,7,2021,2022,17412340117.58,6807192209.25,-5509532326.83,18710000000,0,1
kabupaten,12,1214,8,2021,2022,6930726570.37,12083628201.37,-11354354771.74,7660000000,0,1
kabupaten,12,1214,9,2021,2022,4089544482.31,2191594111.81,-321138594.12,5960000000,0,1
kabupaten,12,1214,10,2021,2022,2214165851.43,1346384389.88,-340550241.31,3220000000,0,1
kabupaten,12,1214,11,2021,2022,2975846464.43,-573805902.41,-1742040562.02,660000000,0,0
kabupaten,12,1214,12,2021,2022,9394375898.02,-391221263.9,-7603154634.12,1400000000,0,0
kabupaten,12,1214,13,2021,2022,71348494.15,61179959.93,-92528454.08,40000000,0,1
kabupaten,12,1214,14,2021,2022,18295927429.19,-21134218087.01,3298290657.83,460000000,1,0
kabupaten,12,1214,15,2021,2022,5663463912.77,492538438.96,-1796002351.72,4360000000,0,1
kabupaten,12,1214,16,2021,2022,1743549294.02,38666617.75,-392215911.77,1390000000,0,1
kabupaten,12,1214,17,2021,2022,250900995.97,212275247.8,-213176243.77,250000000,0,1
kabupaten,12,1214,1,2022,2023,105431117062.05,-41369107352.25,-6842009709.8,57220000000,0,0
kabupaten,12,1214,2,2022,2023,13930268412.7,-4103543231.11,663274818.41,10490000000,1,0
kabupaten,12,1214,3,2022,2023,356505916.75,-110056232.18,-16449684.57,230000000,0,0
kabupaten,12,1214,4,2022,2023,196779248.99,-111750526.22,74971277.23,160000000,1,0
kabupaten,12,1214,5,2022,2023,58082424.64,-24562678.52,-3519746.12,30000000,0,0
kabupaten,12,1214,6,2022,2023,28277628719.57,7831471512.16,-9819100231.73,26290000000,0,1
kabupaten,12,1214,7,2022,2023,19388514197.07,3059305199.62,-2207819396.69,20240000000,0,1
kabupaten,12,1214,8,2022,2023,7727966740.29,12363279932.34,-12831246672.63,7260000000,0,1
kabupaten,12,1214,9,2022,2023,4632073364.94,4819322637.34,-4401396002.28,5050000000,0,1
kabupaten,12,1214,10,2022,2023,2507558470.61,1399552316.45,-1157110787.05,2750000000,0,1
kabupaten,12,1214,11,2022,2023,3186521986.21,313152555.52,-49674541.73,3450000000,0,1
kabupaten,12,1214,12,2022,2023,10025226776.86,-3637188230.93,1421961454.07,7810000000,1,0
kabupaten,12,1214,13,2022,2023,77610136.37,25923226.36,-23533362.73,80000000,0,1
kabupaten,12,1214,14,2022,2023,19411046172.14,-11958539878.19,7967493706.05,15420000000,1,0
kabupaten,12,1214,15,2022,2023,6219826541.91,2942423894.14,-5002250436.05,4160000000,0,1
kabupaten,12,1214,16,2022,2023,1917220723.63,541708242.54,-218928966.17,2240000000,0,1
kabupaten,12,1214,17,2022,2023,278395069.82,248360606.11,-206755675.93,320000000,0,1
kabupaten,12,1214,1,2023,2024,108776376441.82,-28415141463.27,-15931234978.55,64430000000,0,0
kabupaten,12,1214,2,2023,2024,14519610642.79,-2907737073.34,1928126430.55,13540000000,1,0
kabupaten,12,1214,3,2023,2024,369654098.46,-29949444.51,-79704653.94,260000000,0,0
kabupaten,12,1214,4,2023,2024,205698675.2,-96471912.56,110773237.37,220000000,1,0
kabupaten,12,1214,5,2023,2024,59848758.8,-29466127.16,-10382631.64,20000000,0,0
kabupaten,12,1214,6,2023,2024,29725218823.39,8815201506.93,-14800420330.32,23740000000,0,1
kabupaten,12,1214,7,2023,2024,20492416184.66,-2384971566.82,1602555382.16,19710000000,1,0
kabupaten,12,1214,8,2023,2024,8127360858.59,2262841863.77,-3740202722.36,6650000000,0,1
kabupaten,12,1214,9,2023,2024,4906592359.93,6801174067.65,-7197766427.57,4510000000,0,1
kabupaten,12,1214,10,2023,2024,2656983132.17,1259331763.7,-696314895.87,3220000000,0,1
kabupaten,12,1214,11,2023,2024,3374162376.25,-776081780.29,-498080595.97,2100000000,0,0
kabupaten,12,1214,12,2023,2024,10462468313.19,780716013.57,-2523184326.76,8720000000,0,1
kabupaten,12,1214,13,2023,2024,81977711.63,1697657.14,-53675368.77,30000000,0,1
kabupaten,12,1214,14,2023,2024,20272635448.57,4252160581.01,-1434796029.58,23090000000,0,1
kabupaten,12,1214,15,2023,2024,6456624919.71,815579623.15,-3442204542.87,3830000000,0,1
kabupaten,12,1214,16,2023,2024,2038378314.35,43407184.93,598214500.72,2680000000,1,1
kabupaten,12,1214,17,2023,2024,295723278.77,88764020.06,-104487298.83,280000000,0,1
kabupaten,12,1214,1,2024,2025,65738792976.34,43036792533.8,-35865585510.14,72910000000,0,1
kabupaten,12,1214,2,2024,2025,8920698245.92,-3780249004.47,5329550758.55,10470000000,1,0
kabupaten,12,1214,3,2024,2025,224611281.27,40611588.06,-15222869.33,250000000,0,1
kabupaten,12,1214,4,2024,2025,127210857.07,15259857.32,17529285.62,160000000,1,1
kabupaten,12,1214,5,2024,2025,35713488.87,38828608.74,-34542097.61,40000000,0,1
kabupaten,12,1214,6,2024,2025,18145403876.47,-18288860372.48,-1176543504,-1320000000,0,0
kabupaten,12,1214,7,2024,2025,12608042184.05,13642147490.04,949810325.9,27200000000,1,1
kabupaten,12,1214,8,2024,2025,4965945870.42,-44022545307.08,51626599436.66,12570000000,1,0
kabupaten,12,1214,9,2024,2025,3012624635.92,1451722065.73,5865653298.35,10330000000,1,1
kabupaten,12,1214,10,2024,2025,1654331447.47,2000949209.17,-995280656.64,2660000000,0,1
kabupaten,12,1214,11,2024,2025,2042162227.48,103475461.37,-925637688.86,1220000000,0,1
kabupaten,12,1214,12,2024,2025,6397436953.42,12334984869.45,-11032421822.87,7700000000,0,1
kabupaten,12,1214,13,2024,2025,48995364.9,124394966.93,-133390331.83,40000000,0,1
kabupaten,12,1214,14,2024,2025,12578822056.79,-15119727652.4,-1279094404.39,-3820000000,0,0
kabupaten,12,1214,15,2024,2025,3902215176.99,1601755050.89,-2153970227.87,3350000000,0,1
kabupaten,12,1214,16,2024,2025,1275355251.48,2328534739.67,-1703889991.14,1900000000,0,1
kabupaten,12,1214,17,2024,2025,181814125.18,25272519.32,62913355.5,270000000,1,1
kabupaten,12,1215,1,2021,2022,24734302139.29,1589771864.19,-3314074003.48,23010000000,0,1
kabupaten,12,1215,2,2021,2022,17955250.18,-8015922.77,60672.59,10000000,1,0
kabupaten,12,1215,3,2021,2022,66150921.72,-38400962.57,2250040.85,30000000,1,0
kabupaten,12,1215,4,2021,2022,108676514.26,1962080.27,-20638594.53,90000000,0,1
kabupaten,12,1215,5,2021,2022,26460368.69,-14325707.23,7865338.54,20000000,1,0
kabupaten,12,1215,6,2021,2022,3588687503.54,-1286029016.03,917341512.48,3220000000,1,0
kabupaten,12,1215,7,2021,2022,4635762093.12,1812308017.83,151929889.05,6600000000,1,1
kabupaten,12,1215,8,2021,2022,808931271.37,1410360749.98,-799292021.35,1420000000,0,1
kabupaten,12,1215,9,2021,2022,925640397.56,496052324.09,-1692721.65,1420000000,0,1
kabupaten,12,1215,10,2021,2022,384620359.17,233878978.52,-298499337.69,320000000,0,1
kabupaten,12,1215,11,2021,2022,343039779.8,-66145297.74,-76894482.06,200000000,0,0
kabupaten,12,1215,12,2021,2022,551887689.81,-22982921.05,-268904768.77,260000000,0,0
kabupaten,12,1215,13,2021,2022,6615092.17,5672314.17,-2287406.34,10000000,0,1
kabupaten,12,1215,14,2021,2022,4311622576.67,-4980494823.07,618872246.4,-50000000,1,0
kabupaten,12,1215,15,2021,2022,549525156.9,47790939.81,-37316096.7,560000000,0,1
kabupaten,12,1215,16,2021,2022,152619626.55,3384638.9,-66004265.45,90000000,0,1
kabupaten,12,1215,17,2021,2022,8505118.51,7195771.11,-5700889.62,10000000,0,1
kabupaten,12,1215,1,2022,2023,27362830531.51,-10736639288.89,7233808757.37,23860000000,1,0
kabupaten,12,1215,2,2022,2023,19527711.73,-5752423.92,16224712.19,30000000,1,0
kabupaten,12,1215,3,2022,2023,71601609.68,-22103990.45,502380.77,50000000,1,0
kabupaten,12,1215,4,2022,2023,119669823.18,-67960243.68,78290420.5,130000000,1,0
kabupaten,12,1215,5,2022,2023,29041212.32,-12281339.26,63240126.94,80000000,1,0
kabupaten,12,1215,6,2022,2023,3964125481.59,1097862062.18,4358012456.23,9420000000,1,1
kabupaten,12,1215,7,2022,2023,5242940244.76,827281254.72,3139778500.52,9210000000,1,1
kabupaten,12,1215,8,2022,2023,928317373.1,1485131592.24,-1083448965.34,1330000000,0,1
kabupaten,12,1215,9,2022,2023,1051992880.74,1094519172.1,193487947.16,2340000000,1,1
kabupaten,12,1215,10,2022,2023,423601131.42,236425970.39,-140027101.81,520000000,0,1
kabupaten,12,1215,11,2022,2023,373530075.69,36708329.1,-380238404.8,30000000,0,1
kabupaten,12,1215,12,2022,2023,597848405.33,-216901545.69,-40946859.65,340000000,0,0
kabupaten,12,1215,13,2022,2023,7510658.36,2508699.33,-10019357.68,0,0,1
kabupaten,12,1215,14,2022,2023,4566480281.94,-2813266017.21,-3253214264.73,-1500000000,0,0
kabupaten,12,1215,15,2022,2023,610366169.26,288746959.18,-549113128.45,350000000,0,1
kabupaten,12,1215,16,2022,2023,166235905,46969740.54,-13205645.54,200000000,0,1
kabupaten,12,1215,17,2022,2023,9513500.59,8487143.01,-8000643.6,10000000,0,1
kabupaten,12,1215,1,2023,2024,28684152178.76,-7493026230.28,508874051.52,21700000000,1,0
kabupaten,12,1215,2,2023,2024,21123091.34,-4230168.24,-6892923.1,10000000,0,0
kabupaten,12,1215,3,2023,2024,74433750.44,-6030636.45,-38403113.99,30000000,0,0
kabupaten,12,1215,4,2023,2024,126738548.04,-59439907.01,-7298641.03,60000000,0,0
kabupaten,12,1215,5,2023,2024,33193429.25,-16342557.92,13149128.67,30000000,1,0
kabupaten,12,1215,6,2023,2024,4455463480.58,1321295853.92,-906759334.5,4870000000,0,1
kabupaten,12,1215,7,2023,2024,5729387060.71,-666804007.49,3947416946.78,9010000000,1,0
kabupaten,12,1215,8,2023,2024,999323392.7,278234330.65,-327557723.35,950000000,0,1
kabupaten,12,1215,9,2023,2024,1174343292.38,1627792276.34,-1142135568.72,1660000000,0,1
kabupaten,12,1215,10,2023,2024,451631810.09,214060178.65,-165691988.74,500000000,0,1
kabupaten,12,1215,11,2023,2024,376695128.9,-86642607.46,-260052521.45,30000000,0,0
kabupaten,12,1215,12,2023,2024,617598956.33,46085625.37,-463684581.71,200000000,0,1
kabupaten,12,1215,13,2023,2024,7543961.19,156226.12,-7700187.31,0,0,1
kabupaten,12,1215,14,2023,2024,4511288793.41,946237326.94,2782473879.65,8240000000,1,1
kabupaten,12,1215,15,2023,2024,630675155.73,79664811.3,-300339967.03,410000000,0,1
kabupaten,12,1215,16,2023,2024,177031622.66,3769881.35,59198495.99,240000000,1,1
kabupaten,12,1215,17,2023,2024,10058614.92,3019184.36,6922200.72,20000000,1,1
kabupaten,12,1215,1,2024,2025,17474226407.87,11439739346.52,-1513965754.38,27400000000,0,1
kabupaten,12,1215,2,2024,2025,12691570.43,-5378199.68,2686629.26,10000000,1,0
kabupaten,12,1215,3,2024,2025,44568072.89,8058278.31,57373648.79,110000000,1,1
kabupaten,12,1215,4,2024,2025,76149422.56,9134670.97,-5284093.53,80000000,0,1
kabupaten,12,1215,5,2024,2025,20365543.24,22141933.91,-12507477.15,30000000,0,1
kabupaten,12,1215,6,2024,2025,2758498074.59,-2780306598.15,5921808523.56,5900000000,1,0
kabupaten,12,1215,7,2024,2025,3628313378.01,3925905824.26,4085780797.72,11640000000,1,1
kabupaten,12,1215,8,2024,2025,614508130.89,-5447544685.25,6373036554.36,1540000000,1,0
kabupaten,12,1215,9,2024,2025,738177154.35,355712441.11,-743889595.46,350000000,0,1
kabupaten,12,1215,10,2024,2025,279804854.99,338429946.53,-138234801.52,480000000,0,1
kabupaten,12,1215,11,2024,2025,221954906.07,11246357.41,-213201263.48,20000000,0,1
kabupaten,12,1215,12,2024,2025,368350695.17,710221966.19,-888572661.36,190000000,0,1
kabupaten,12,1215,13,2024,2025,4427292.01,11240509.06,-5667801.07,10000000,0,1
kabupaten,12,1215,14,2024,2025,2890726529.27,-3474649505.55,6783922976.29,6200000000,1,0
kabupaten,12,1215,15,2024,2025,382222876.8,156892276.75,250884846.45,790000000,1,1
kabupaten,12,1215,16,2024,2025,110977453.03,202621861.17,-133599314.2,180000000,0,1
kabupaten,12,1215,17,2024,2025,6493361.61,902589.98,-7395951.59,0,0,1
kabupaten,12,1216,1,2021,2022,89094423911.18,5726452583.63,-30350876494.81,64470000000,0,1
kabupaten,12,1216,2,2021,2022,1271515216.86,-567653899.49,806138682.63,1510000000,1,0
kabupaten,12,1216,3,2021,2022,3078380393.1,-1787016222.48,918635829.38,2210000000,1,0
kabupaten,12,1216,4,2021,2022,196090232.25,3540275.28,-9630507.53,190000000,0,1
kabupaten,12,1216,5,2021,2022,133246856.62,-72140168.57,8893311.96,70000000,1,0
kabupaten,12,1216,6,2021,2022,26810496068.27,-9607711968.18,10837215899.92,28040000000,1,0
kabupaten,12,1216,7,2021,2022,32306220143.81,12629815900,-2196036043.81,42740000000,0,1
kabupaten,12,1216,8,2021,2022,4931078707.96,8597269151.18,-4058347859.14,9470000000,0,1
kabupaten,12,1216,9,2021,2022,6703923410.17,3592644397.27,-256567807.44,10040000000,0,1
kabupaten,12,1216,10,2021,2022,2519877611.11,1532280826.13,-752158437.24,3300000000,0,1
kabupaten,12,1216,11,2021,2022,2275591707.32,-438782030.17,313190322.85,2150000000,1,0
kabupaten,12,1216,12,2021,2022,5656848820.59,-235574940.72,318726120.13,5740000000,1,0
kabupaten,12,1216,13,2021,2022,238615824.79,204608475.27,-183224300.06,260000000,0,1
kabupaten,12,1216,14,2021,2022,20534191116.39,-23719708933.79,6315517817.41,3130000000,1,0
kabupaten,12,1216,15,2021,2022,2025635724.51,176164883.01,-11800607.53,2190000000,0,1
kabupaten,12,1216,16,2021,2022,1255922499.59,27852539.29,56224961.12,1340000000,1,1
kabupaten,12,1216,17,2021,2022,325084529.62,275038362.5,-40122892.12,560000000,0,1
kabupaten,12,1216,1,2022,2023,97640561502.1,-38312245789.23,-818315712.87,58510000000,0,0
kabupaten,12,1216,2,2022,2023,1423019403.65,-419189456.27,626170052.62,1630000000,1,0
kabupaten,12,1216,3,2022,2023,3372786313.5,-1041206151.6,148419838.09,2480000000,1,0
kabupaten,12,1216,4,2022,2023,217308381.84,-123408978.06,106100596.22,200000000,1,0
kabupaten,12,1216,5,2022,2023,144705351.04,-61194949.06,26489598.03,110000000,1,0
kabupaten,12,1216,6,2022,2023,29814810130.27,8257192938.32,-11752003068.58,26320000000,0,1
kabupaten,12,1216,7,2022,2023,36374619140.54,5739535290.84,2475845568.62,44590000000,1,1
kabupaten,12,1216,8,2022,2023,5699588272.95,9118259392.89,-4517847665.84,10300000000,0,1
kabupaten,12,1216,9,2022,2023,7606794785.44,7914295698.47,-2991090483.91,12530000000,0,1
kabupaten,12,1216,10,2022,2023,2835523885.59,1582600792.34,-2448124677.93,1970000000,0,1
kabupaten,12,1216,11,2022,2023,2519074813.42,247559790.51,-2306634603.94,460000000,0,1
kabupaten,12,1216,12,2022,2023,6281914651.01,-2279101165.98,437186514.97,4440000000,1,0
kabupaten,12,1216,13,2022,2023,265877305.89,88807956.12,-394685262.01,-40000000,0,1
kabupaten,12,1216,14,2022,2023,21916601800.52,-13502134521.84,17205532721.32,25620000000,1,0
kabupaten,12,1216,15,2022,2023,2256201770.88,1067345199.4,-1073546970.28,2250000000,0,1
kabupaten,12,1216,16,2022,2023,1397983875.79,394998540.91,-1182982416.7,610000000,0,1
kabupaten,12,1216,17,2022,2023,372528654.58,332338652.78,-114867307.36,590000000,0,1
kabupaten,12,1216,1,2023,2024,101016155027.96,-26387975303.91,2911820275.95,77540000000,1,0
kabupaten,12,1216,2,2023,2024,1511306892.33,-302658465.72,-578648426.61,630000000,0,0
kabupaten,12,1216,3,2023,2024,3512468331.46,-284580844.19,-797887487.27,2430000000,0,0
kabupaten,12,1216,4,2023,2024,228330558.77,-107086181.67,88755622.9,210000000,1,0
kabupaten,12,1216,5,2023,2024,150879223.86,-74284354.17,-46594869.69,30000000,0,0
kabupaten,12,1216,6,2023,2024,31270725006.47,9273531133.19,2495743860.34,43040000000,1,1
kabupaten,12,1216,7,2023,2024,38778475185.74,-4513160375.48,24834685189.75,59100000000,1,0
kabupaten,12,1216,8,2023,2024,6242879352.58,1738159409.34,-1051038761.92,6930000000,0,1
kabupaten,12,1216,9,2023,2024,8270696121.26,11464258665.69,-13394954786.95,6340000000,0,1
kabupaten,12,1216,10,2023,2024,2947174172.73,1396873771.58,-4074047944.31,270000000,0,1
kabupaten,12,1216,11,2023,2024,2553379398.46,-587295751.76,-1236083646.7,730000000,0,0
kabupaten,12,1216,12,2023,2024,6533070393.14,487501851.48,-4650572244.61,2370000000,0,1
kabupaten,12,1216,13,2023,2024,265044503.25,5488744.24,-533247.48,270000000,0,1
kabupaten,12,1216,14,2023,2024,23302290263.68,4887626986.53,-10779917250.2,17410000000,0,1
kabupaten,12,1216,15,2023,2024,2379365360.27,300553606.26,-869918966.53,1810000000,0,1
kabupaten,12,1216,16,2023,2024,1434861418.91,30555316.7,-1355416735.61,110000000,0,1
kabupaten,12,1216,17,2023,2024,403853389.2,121220251.89,14926358.92,540000000,1,1
kabupaten,12,1216,1,2024,2025,61571530584.39,40308637682.21,-25120168266.6,76760000000,0,1
kabupaten,12,1216,2,2024,2025,905528792.3,-383728293.6,78199501.3,600000000,1,0
kabupaten,12,1216,3,2024,2025,2133069290.08,385676671.36,-598745961.43,1920000000,0,1
kabupaten,12,1216,4,2024,2025,140197580.29,16817708.18,-57015288.47,100000000,0,1
kabupaten,12,1216,5,2024,2025,89431298.59,97231970.64,-126663269.23,60000000,0,1
kabupaten,12,1216,6,2024,2025,19622053337.97,-19777184137.78,3165130799.81,3010000000,1,0
kabupaten,12,1216,7,2024,2025,24502109743.41,26511760514.22,10346129742.37,61360000000,1,1
kabupaten,12,1216,8,2024,2025,3868272604.92,-34291796659.41,36313524054.5,5890000000,1,0
kabupaten,12,1216,9,2024,2025,5040914681.78,2429113467.28,969971850.94,8440000000,1,1
kabupaten,12,1216,10,2024,2025,1737564537.25,2101621408.46,-349185945.7,3490000000,0,1
kabupaten,12,1216,11,2024,2025,1520036923.19,77019601.98,-227056525.17,1370000000,0,1
kabupaten,12,1216,12,2024,2025,3903986093.79,7527328482.96,-7071314576.75,4360000000,0,1
kabupaten,12,1216,13,2024,2025,163514651.54,415149467.94,-408664119.48,170000000,0,1
kabupaten,12,1216,14,2024,2025,14189175736.97,-17055370668.77,14676194931.8,11810000000,1,0
kabupaten,12,1216,15,2024,2025,1449790556.64,595100280.61,325109162.75,2370000000,1,1
kabupaten,12,1216,16,2024,2025,845317620.97,1543375027.63,-1478692648.61,910000000,0,1
kabupaten,12,1216,17,2024,2025,252945950.13,35159982.23,31894067.64,320000000,1,1
kabupaten,12,1217,1,2021,2022,77585581050.91,4986733530.08,-7572314580.99,75000000000,0,1
kabupaten,12,1217,2,2021,2022,992263825.86,-442985205.84,450721379.98,1000000000,1,0
kabupaten,12,1217,3,2021,2022,756010533.99,-438868143.66,-317142390.33,0,0,0
kabupaten,12,1217,4,2021,2022,94501316.75,1706156.76,-96207473.51,0,0,1
kabupaten,12,1217,5,2021,2022,94501316.75,-51163240.12,-43338076.63,0,0,0
kabupaten,12,1217,6,2021,2022,16490479772.7,-5909468421.24,4418988648.54,15000000000,1,0
kabupaten,12,1217,7,2021,2022,16962986356.44,6631521541.13,1405492102.43,25000000000,1,1
kabupaten,12,1217,8,2021,2022,4677815179.07,8155707607.96,-4833522787.04,8000000000,0,1
kabupaten,12,1217,9,2021,2022,7465604023.17,4000830383.2,-466434406.37,11000000000,0,1
kabupaten,12,1217,10,2021,2022,1842775676.61,1120550388.51,36673934.89,3000000000,1,1
kabupaten,12,1217,11,2021,2022,1464770409.61,-282438599.15,-182331810.46,1000000000,0,0
kabupaten,12,1217,12,2021,2022,3024042135.97,-125933813.95,-898108322.02,2000000000,0,0
kabupaten,12,1217,13,2021,2022,189002633.5,162066119.02,-351068752.52,0,0,1
kabupaten,12,1217,14,2021,2022,15450965288.46,-17847910215.27,2396944926.81,-0,1,0
kabupaten,12,1217,15,2021,2022,1464770409.61,127387715.73,-1592158125.34,-0,0,1
kabupaten,12,1217,16,2021,2022,756010533.99,16766013.12,-772776547.11,0,0,1
kabupaten,12,1217,17,2021,2022,94501316.75,79953012.36,825545670.9,1000000000,1,1
kabupaten,12,1217,1,2022,2023,85972002676.41,-33733731626.08,24761728949.66,77000000000,1,0
kabupaten,12,1217,2,2022,2023,1101563225.91,-324495708.58,222932482.68,1000000000,1,0
kabupaten,12,1217,3,2022,2023,801136891.57,-247317375.68,446180484.11,1000000000,1,0
kabupaten,12,1217,4,2022,2023,100142111.45,-56870496.8,956728385.36,1000000000,1,0
kabupaten,12,1217,5,2022,2023,100142111.45,-42349445.72,-57792665.73,0,0,0
kabupaten,12,1217,6,2022,2023,18225864283.18,5047641665.21,-1273505948.38,22000000000,0,1
kabupaten,12,1217,7,2022,2023,19227285397.64,3033864977.68,2738849624.69,25000000000,1,1
kabupaten,12,1217,8,2022,2023,5357602962.36,8571147808.48,-5928750770.84,8000000000,0,1
kabupaten,12,1217,9,2022,2023,8462008417.19,8804080917.86,-1266089335.05,16000000000,0,1
kabupaten,12,1217,10,2022,2023,2102984340.37,1173745952.29,-1276730292.66,2000000000,0,1
kabupaten,12,1217,11,2022,2023,1602273783.14,157462001.52,-1759735784.65,0,0,1
kabupaten,12,1217,12,2022,2023,3304689677.72,-1198953267.61,-1105736410.11,1000000000,0,0
kabupaten,12,1217,13,2022,2023,200284222.89,66898648.68,-267182871.57,0,0,1
kabupaten,12,1217,14,2022,2023,16373235221.43,-10087039338.02,5713804116.59,12000000000,1,0
kabupaten,12,1217,15,2022,2023,1552202727.41,734303177.57,-1286505904.99,1000000000,0,1
kabupaten,12,1217,16,2022,2023,801136891.57,226360195.37,-27497086.93,1000000000,0,1
kabupaten,12,1217,17,2022,2023,150213167.17,134007521.28,-284220688.45,0,0,1
kabupaten,12,1217,1,2023,2024,90225775868.24,-23569255281.28,-26656520586.97,40000000000,0,0
kabupaten,12,1217,2,2023,2024,1156740716.26,-231652070.27,74911354.01,1000000000,1,0
kabupaten,12,1217,3,2023,2024,854982268.54,-69270824.04,214288555.5,1000000000,1,0
kabupaten,12,1217,4,2023,2024,150879223.86,-70761794.06,-80117429.8,0,0,0
kabupaten,12,1217,5,2023,2024,100586149.24,-49522902.78,-51063246.46,0,0,0
kabupaten,12,1217,6,2023,2024,19413126803.31,5757085445.44,1829787751.25,27000000000,1,1
kabupaten,12,1217,7,2023,2024,20569867519.57,-2393985595.71,21824118076.14,40000000000,1,0
kabupaten,12,1217,8,2023,2024,5783703581.3,1610314445.13,4605981973.57,12000000000,1,1
kabupaten,12,1217,9,2023,2024,9304218804.7,12896855294.33,4798925900.97,27000000000,1,1
kabupaten,12,1217,10,2023,2024,2212895283.28,1048847200.5,-1261742483.78,2000000000,0,1
kabupaten,12,1217,11,2023,2024,1609378387.84,-370168683.4,-1239209704.44,0,0,0
kabupaten,12,1217,12,2023,2024,3369635999.54,251444372.97,-2621080372.51,1000000000,0,1
kabupaten,12,1217,13,2023,2024,201172298.48,4166029.78,-205338328.26,0,0,1
kabupaten,12,1217,14,2023,2024,17049352296.17,3576080867.7,374566836.13,21000000000,1,1
kabupaten,12,1217,15,2023,2024,1609378387.84,203291384.49,-812669772.33,1000000000,0,1
kabupaten,12,1217,16,2023,2024,854982268.54,18206813.32,126810918.14,1000000000,1,1
kabupaten,12,1217,17,2023,2024,150879223.86,45287765.34,-196166989.2,0,0,1
kabupaten,12,1217,1,2024,2025,54131023633.58,35437608880.33,-49568632513.91,40000000000,0,1
kabupaten,12,1217,2,2024,2025,708366721.49,-300178586.91,-408188134.58,0,0,0
kabupaten,12,1217,3,2024,2025,531275041.11,96058946.79,-627333987.9,0,0,1
kabupaten,12,1217,4,2024,2025,88545840.19,10621710.43,-99167550.62,0,0,1
kabupaten,12,1217,5,2024,2025,59030560.12,64179518.57,-123210078.7,0,0,1
kabupaten,12,1217,6,2024,2025,12189810665.58,-12286182591.88,96371926.3,0,1,0
kabupaten,12,1217,7,2024,2025,13252360747.81,14339312739.73,35408326512.47,63000000000,1,1
kabupaten,12,1217,8,2024,2025,3748440567.87,-33229499280.83,34481058712.96,5000000000,1,0
kabupaten,12,1217,9,2024,2025,6257239373.13,3015235406.43,3727525220.44,13000000000,1,1
kabupaten,12,1217,10,2024,2025,1357702882.85,1642170626.62,126490.53,3000000000,1,1
kabupaten,12,1217,11,2024,2025,944488961.98,47856840.06,-992345802.04,-0,0,1
kabupaten,12,1217,12,2024,2025,2007039044.21,3869799174.73,-3876838218.94,2000000000,0,1
kabupaten,12,1217,13,2024,2025,118061120.25,299746908.26,-417808028.51,0,0,1
kabupaten,12,1217,14,2024,2025,10625500822.29,-12771838084.53,25146337262.24,23000000000,1,0
kabupaten,12,1217,15,2024,2025,974004242.04,399802712.95,-1373806954.99,0,0,1
kabupaten,12,1217,16,2024,2025,531275041.11,969998271.56,-1501273312.67,-0,0,1
kabupaten,12,1217,17,2024,2025,88545840.19,12308045.12,-100853885.31,0,0,1
kabupaten,12,1218,1,2021,2022,408374682652.94,26247863265.81,98397454081.24,533020000000,1,1
kabupaten,12,1218,2,2021,2022,8765942141.64,-3913457875.63,6497515733.99,11350000000,1,0
kabupaten,12,1218,3,2021,2022,165316350961.41,-95967022682.47,37940671721.06,107290000000,1,0
kabupaten,12,1218,4,2021,2022,1128345721.98,20371511.7,11282766.31,1160000000,1,1
kabupaten,12,1218,5,2021,2022,117654139.35,-63698233.95,6044094.6,60000000,1,0
kabupaten,12,1218,6,2021,2022,87138719161.06,-31226714822.59,-39262004338.48,16650000000,0,0
kabupaten,12,1218,7,2021,2022,141835136282.2,55449125630.35,-26324261912.56,170960000000,0,1
kabupaten,12,1218,8,2021,2022,7011525196.19,12224499514.6,-9346024710.79,9890000000,0,1
kabupaten,12,1218,9,2021,2022,26291683839.32,14089759810.93,-37581443650.24,2800000000,0,1
kabupaten,12,1218,10,2021,2022,6766766785.81,4114718490.72,-661485276.53,10220000000,0,1
kabupaten,12,1218,11,2021,2022,4594654020.34,-885946109.08,-458707911.25,3250000000,0,0
kabupaten,12,1218,12,2021,2022,22829155593.63,-950701909.53,-18458453684.11,3420000000,0,0
kabupaten,12,1218,13,2021,2022,4159475456.71,3566670114.39,-6686145571.1,1040000000,0,1
kabupaten,12,1218,14,2021,2022,27127075479.38,-31335363099.96,1058287620.58,-3150000000,1,0
kabupaten,12,1218,15,2021,2022,14174725005.76,1232743252.98,-2027468258.75,13380000000,0,1
kabupaten,12,1218,16,2021,2022,8249964952.19,182959118.14,-6562924070.32,1870000000,0,1
kabupaten,12,1218,17,2021,2022,4669782567.15,3950878105.55,-6010660672.7,2610000000,0,1
kabupaten,12,1218,1,2022,2023,459439489550.44,-180275065793.81,250445576243.38,529610000000,1,0
kabupaten,12,1218,2,2022,2023,9857488740.19,-2903794097.65,4996305357.47,11950000000,1,0
kabupaten,12,1218,3,2022,2023,180556226937.19,-55739153542.99,8412926605.8,133230000000,1,0
kabupaten,12,1218,4,2022,2023,1253779235.3,-712018619.97,688239384.67,1230000000,1,0
kabupaten,12,1218,5,2022,2023,127681192.09,-53995543.29,46314351.2,120000000,1,0
kabupaten,12,1218,6,2022,2023,93173722621.05,25804403955.67,-54938126576.73,64040000000,0,1
kabupaten,12,1218,7,2022,2023,158861439913.52,25066677322.84,-10248117236.36,173680000000,0,1
kabupaten,12,1218,8,2022,2023,7925246699.84,12678890421.74,-9424137121.57,11180000000,0,1
kabupaten,12,1218,9,2022,2023,28001236491.98,29133172613.58,-15424409105.56,41710000000,0,1
kabupaten,12,1218,10,2022,2023,7682402079.58,4287805749.04,3609792171.37,15580000000,1,1
kabupaten,12,1218,11,2022,2023,5031640389.61,494479891.64,4083879718.75,9610000000,1,1
kabupaten,12,1218,12,2022,2023,24363073583.15,-8839010476.1,7255936892.96,22780000000,1,0
kabupaten,12,1218,13,2022,2023,4459828933.25,1489665659.48,-1469494592.73,4480000000,0,1
kabupaten,12,1218,14,2022,2023,28588569975.61,-17612525934.05,-17956044041.56,-6980000000,0,0
kabupaten,12,1218,15,2022,2023,15690766731.92,7422857637.3,-4753624369.22,18360000000,0,1
kabupaten,12,1218,16,2022,2023,8836039203.44,2496611479.77,-2162650683.21,9170000000,0,1
kabupaten,12,1218,17,2022,2023,5079207892.54,4531240986.35,-6380448878.89,3230000000,0,1
kabupaten,12,1218,1,2023,2024,488112394693.77,-127507306263.49,150024911569.72,510630000000,1,0
kabupaten,12,1218,2,2023,2024,10502199842.14,-2103199361.47,7700999519.32,16100000000,1,0
kabupaten,12,1218,3,2023,2024,188057373411.27,-15236443728.67,-63920929682.59,108900000000,0,0
kabupaten,12,1218,4,2023,2024,1321199070.27,-619637443.3,828438373.03,1530000000,1,0
kabupaten,12,1218,5,2023,2024,134282509.24,-66113075.21,21830565.98,90000000,1,0
kabupaten,12,1218,6,2023,2024,96807630543.76,28708914666.75,-40686545210.51,84830000000,0,1
kabupaten,12,1218,7,2023,2024,168300744908.3,-19587367720.02,41346622811.71,190060000000,1,0
kabupaten,12,1218,8,2023,2024,8522664425.1,2372903355.41,-3075567780.51,7820000000,0,1
kabupaten,12,1218,9,2023,2024,30223120262.13,41893168759.87,-13996289022,58120000000,0,1
kabupaten,12,1218,10,2023,2024,8500032541.52,4028765121.76,8731202336.72,21260000000,1,1
kabupaten,12,1218,11,2023,2024,5537267515.66,-1273611626.32,2456344110.66,6720000000,1,0
kabupaten,12,1218,12,2023,2024,25616777557.69,1911540169.74,3011682272.57,30540000000,1,1
kabupaten,12,1218,13,2023,2024,4704917130.7,97433021.49,1197649847.81,6000000000,1,1
kabupaten,12,1218,14,2023,2024,28364288224.18,5949374890.17,-16753663114.34,17560000000,0,1
kabupaten,12,1218,15,2023,2024,16683721643.69,2107432843.03,148845513.28,18940000000,1,1
kabupaten,12,1218,16,2023,2024,9336406372.45,198818401.44,-2865224773.89,6670000000,0,1
kabupaten,12,1218,17,2023,2024,5264176120.47,1580090132.62,-1094266253.09,5750000000,0,1
kabupaten,12,1218,1,2024,2025,301527805959.88,197399268236.32,148022925803.81,646950000000,1,1
kabupaten,12,1218,2,2024,2025,6638576791.53,-2813173656.98,6774596865.45,10600000000,1,0
kabupaten,12,1218,3,2024,2025,113578634664.71,20535961939.25,-28454596603.97,105660000000,0,1
kabupaten,12,1218,4,2024,2025,820524785.72,98427849.98,-398952635.71,520000000,0,1
kabupaten,12,1218,5,2024,2025,81462172.97,88567735.63,-50029908.6,120000000,0,1
kabupaten,12,1218,6,2024,2025,59316858340.46,-59785813934.37,27738955593.9,27270000000,1,0
kabupaten,12,1218,7,2024,2025,104379607327.81,112940770448.86,-6980377776.67,210340000000,0,1
kabupaten,12,1218,8,2024,2025,5232468849.38,-46385241200.83,62792772351.45,21640000000,1,0
kabupaten,12,1218,9,2024,2025,19452340477.62,9373684183.78,16293975338.6,45120000000,1,1
kabupaten,12,1218,10,2024,2025,5615872337.38,6792517502.75,1701610159.87,14110000000,1,1
kabupaten,12,1218,11,2024,2025,3447975016.83,174707376.75,1787317606.41,5410000000,1,1
kabupaten,12,1218,12,2024,2025,15935004552.64,30724498183.01,-13559502735.64,33100000000,0,1
kabupaten,12,1218,13,2024,2025,2938246130.17,7459951179.28,-3478197309.45,6920000000,0,1
kabupaten,12,1218,14,2024,2025,17164315967.21,-20631485332.44,1827169365.22,-1640000000,1,0
kabupaten,12,1218,15,2024,2025,10350123259.32,4248449010.62,2191427730.06,16790000000,1,1
kabupaten,12,1218,16,2024,2025,5676083508.71,10363353755.74,-1629437264.45,14410000000,0,1
kabupaten,12,1218,17,2024,2025,3259077224.44,453018114.11,-852095338.55,2860000000,0,1
kabupaten,12,1219,1,2021,2022,266515448534.97,17130006703.47,68564544761.56,352210000000,1,1
kabupaten,12,1219,2,2021,2022,1628257687.58,-726917628.26,688659940.67,1590000000,1,0
kabupaten,12,1219,3,2021,2022,519500198537.82,-301572633600.31,75092435062.49,293020000000,1,0
kabupaten,12,1219,4,2021,2022,766405678.83,13836931.32,-210242610.15,570000000,0,1
kabupaten,12,1219,5,2021,2022,340204740.3,-184187664.45,-126017075.85,30000000,0,0
kabupaten,12,1219,6,2021,2022,71212412249.36,-25519421338.17,-32132990911.19,13560000000,0,0
kabupaten,12,1219,7,2021,2022,191743644190.26,74960392003.1,-1934036193.36,264770000000,0,1
kabupaten,12,1219,8,2021,2022,37783043955.99,65874227015.7,-71947270971.69,31710000000,0,1
kabupaten,12,1219,9,2021,2022,12623958397.91,6765201604.31,-7669160002.22,11720000000,0,1
kabupaten,12,1219,10,2021,2022,8048204640.93,4893931991.65,-5182136632.58,7760000000,0,1
kabupaten,12,1219,11,2021,2022,3406299962.22,-656806406.87,180506444.65,2930000000,1,0
kabupaten,12,1219,12,2021,2022,12946207888.03,-539134463.81,-5387073424.21,7020000000,0,0
kabupaten,12,1219,13,2021,2022,1013526622.13,869079563.26,-1092606185.39,790000000,0,1
kabupaten,12,1219,14,2021,2022,19820233668.35,-22894993571.86,2734759903.51,-340000000,1,0
kabupaten,12,1219,15,2021,2022,5352554580.66,465499368.97,-2398053949.63,3420000000,0,1
kabupaten,12,1219,16,2021,2022,3270690572.68,72533964.25,486775463.07,3830000000,1,1
kabupaten,12,1219,17,2021,2022,1009746569.46,854297937.02,-274044506.48,1590000000,0,1
kabupaten,12,1219,1,2022,2023,300059313499.63,-117737403321.87,7038089822.24,189360000000,1,0
kabupaten,12,1219,2,2022,2023,1805061558.81,-531730467.93,46668909.11,1320000000,1,0
kabupaten,12,1219,3,2022,2023,565181047157.97,-174475916458.34,82174869300.38,472880000000,1,0
kabupaten,12,1219,4,2022,2023,840693025.59,-477427820.66,86734795.07,450000000,1,0
kabupaten,12,1219,5,2022,2023,362013732.88,-153093246.28,-58920486.6,150000000,0,0
kabupaten,12,1219,6,2022,2023,76142053016.87,21087493756.72,-54169546773.59,43060000000,0,1
kabupaten,12,1219,7,2022,2023,216446158258.33,34152944917.18,5310896824.49,255910000000,1,1
kabupaten,12,1219,8,2022,2023,41626071464.77,66593813262.61,-93769884727.38,14450000000,0,1
kabupaten,12,1219,9,2022,2023,13964316730.59,14528817320.6,-7713134051.19,20780000000,0,1
kabupaten,12,1219,10,2022,2023,8917154313.71,4976962301.03,-3074116614.74,10820000000,0,1
kabupaten,12,1219,11,2022,2023,3756330600.34,369149979.81,574519419.85,4700000000,1,1
kabupaten,12,1219,12,2022,2023,14070467368.72,-5104816026.24,-805651342.48,8160000000,0,0
kabupaten,12,1219,13,2022,2023,1113580279.28,371956486.66,-405536765.94,1080000000,0,1
kabupaten,12,1219,14,2022,2023,20986281585.19,-12928993265.27,-2207288319.92,5850000000,0,0
kabupaten,12,1219,15,2022,2023,5843292202.88,2764296155.58,-4597588358.45,4010000000,0,1
kabupaten,12,1219,16,2022,2023,3657690620.57,1033475766.97,68833612.46,4760000000,1,1
kabupaten,12,1219,17,2022,2023,1149631439.4,1025604229.56,564764331.04,2740000000,1,1
kabupaten,12,1219,1,2023,2024,310913296092.96,-81218418743.88,-106334877349.08,123360000000,0,0
kabupaten,12,1219,2,2023,2024,1879452198.55,-376384255.04,-1083067943.51,420000000,0,0
kabupaten,12,1219,3,2023,2024,591469692345.29,-47920985607.55,128521293262.26,672070000000,1,0
kabupaten,12,1219,4,2023,2024,867052606.45,-406644443.18,339591836.73,800000000,1,0
kabupaten,12,1219,5,2023,2024,371162890.7,-182739511.27,-28423379.43,160000000,0,0
kabupaten,12,1219,6,2023,2024,78645292506.25,23322758534.85,-108548051041.1,-6580000000,0,1
kabupaten,12,1219,7,2023,2024,230276397831.76,-26800288281.72,-14136109550.03,189340000000,0,0
kabupaten,12,1219,8,2023,2024,42537379582.83,11843372648.25,-37120752231.08,17260000000,0,1
kabupaten,12,1219,9,2023,2024,15071325671.37,20890814194.88,-18822139866.25,17140000000,0,1
kabupaten,12,1219,10,2023,2024,9500864726.46,4503130105.62,-3423994832.08,10580000000,0,1
kabupaten,12,1219,11,2023,2024,4009363908.7,-922182732.52,242818823.81,3330000000,1,0
kabupaten,12,1219,12,2023,2024,14543248387.86,1085226407.94,-9018474795.8,6610000000,0,1
kabupaten,12,1219,13,2023,2024,1172834500.14,24287953.62,-687122453.76,510000000,0,1
kabupaten,12,1219,14,2023,2024,21373550852,4483076245.3,19083372902.7,44940000000,1,1
kabupaten,12,1219,15,2023,2024,6070877037.38,766853219.43,-2737730256.81,4100000000,0,1
kabupaten,12,1219,16,2023,2024,3913304136.18,83333655.55,1413362208.27,5410000000,1,1
kabupaten,12,1219,17,2023,2024,1292532017.73,387965189.72,349502792.54,2030000000,1,1
kabupaten,12,1219,1,2024,2025,186105351749.69,121836392943.28,-168381744692.97,139560000000,0,1
kabupaten,12,1219,2,2024,2025,1115382433.54,-472656199.97,-782726233.57,-140000000,0,0
kabupaten,12,1219,3,2024,2025,366949604828.35,66347540984.49,-109487145812.83,323810000000,0,1
kabupaten,12,1219,4,2024,2025,532455652.32,63871885.39,-156327537.7,440000000,0,1
kabupaten,12,1219,5,2024,2025,222545211.67,241956785.02,-304501996.69,160000000,0,1
kabupaten,12,1219,6,2024,2025,45960013501.23,-46323370665.29,-18056642835.94,-18420000000,0,0
kabupaten,12,1219,7,2024,2025,140729740793.68,152272323657.91,26807935548.41,319810000000,1,1
kabupaten,12,1219,8,2024,2025,25473162457.45,-225816687829.29,308393525371.85,108050000000,1,0
kabupaten,12,1219,9,2024,2025,9350735876.42,4505927967.51,4163336156.07,18020000000,1,1
kabupaten,12,1219,10,2024,2025,5888003219.55,7121665615.3,-1929668834.86,11080000000,0,1
kabupaten,12,1219,11,2024,2025,2451244009.14,124203455.23,-785447464.37,1790000000,0,1
kabupaten,12,1219,12,2024,2025,8730029536.72,16832488233.84,-7122517770.56,18440000000,0,1
kabupaten,12,1219,13,2024,2025,703349123.88,1785742205.95,-909091329.83,1580000000,0,1
kabupaten,12,1219,14,2024,2025,13869820406.7,-16671505979.67,-1708314427.03,-4510000000,0,0
kabupaten,12,1219,15,2024,2025,3683802104.53,1512102321.32,1924095574.15,7120000000,1,1
kabupaten,12,1219,16,2024,2025,2456261606.75,4484625342.17,509113051.08,7450000000,1,1
kabupaten,12,1219,17,2024,2025,818458716.12,113767363.74,637773920.14,1570000000,1,1
kabupaten,12,1220,1,2021,2022,185412528474.66,11917199821.39,45090271703.95,242420000000,1,1
kabupaten,12,1220,2,2021,2022,1232297170.41,-550145436.59,347848266.18,1030000000,1,0
kabupaten,12,1220,3,2021,2022,70032563309.75,-40654276195.75,13421712886,42800000000,1,0
kabupaten,12,1220,4,2021,2022,994626358.78,17957299.89,-192583658.67,820000000,0,1
kabupaten,12,1220,5,2021,2022,178607488.66,-96698523.83,-101908964.82,-20000000,0,0
kabupaten,12,1220,6,2021,2022,55187823968.24,-19776908099.26,-28400915868.98,7010000000,0,0
kabupaten,12,1220,7,2021,2022,41143510779.59,16084672373.08,-18258183152.67,38970000000,0,1
kabupaten,12,1220,8,2021,2022,7672561906.85,13377008094.76,-19299570001.61,1750000000,0,1
kabupaten,12,1220,9,2021,2022,3430870304.57,1838609456.48,-3029479761.06,2240000000,0,1
kabupaten,12,1220,10,2021,2022,2852522246.07,1734554537.29,-1887076783.36,2700000000,0,1
kabupaten,12,1220,11,2021,2022,2955528681.32,-569888205.71,-1745640475.62,640000000,0,0
kabupaten,12,1220,12,2021,2022,15468448032.06,-644171135.51,-2474276896.55,12350000000,0,0
kabupaten,12,1220,13,2021,2022,192310179.58,164902276.11,-137212455.69,220000000,0,1
kabupaten,12,1220,14,2021,2022,14212053025.88,-16416802552.13,2324749526.26,120000000,1,0
kabupaten,12,1220,15,2021,2022,3093973110.36,269075729.88,-2923048840.24,440000000,0,1
kabupaten,12,1220,16,2021,2022,1874906124.3,41579712.53,-1476485836.83,440000000,0,1
kabupaten,12,1220,17,2021,2022,120489178.85,101940090.75,-182429269.61,40000000,0,1
kabupaten,12,1220,1,2022,2023,208618049406.59,-81857640533.58,69999591126.99,196760000000,1,0
kabupaten,12,1220,2,2022,2023,1357426320.65,-399867211.8,-357559108.85,600000000,0,0
kabupaten,12,1220,3,2022,2023,76355856424.81,-23571664502.32,5145808077.52,57930000000,1,0
kabupaten,12,1220,4,2022,2023,1095053988.66,-621878882.54,166824893.88,640000000,1,0
kabupaten,12,1220,5,2022,2023,188267169.52,-79616957.95,11349788.43,120000000,1,0
kabupaten,12,1220,6,2022,2023,58832989763.98,16293759560.99,6143250675.03,81270000000,1,1
kabupaten,12,1220,7,2022,2023,45550640812.34,7187415748.68,401943438.99,53140000000,1,1
kabupaten,12,1220,8,2022,2023,8218162375.82,13147499904.72,-11755662280.54,9610000000,0,1
kabupaten,12,1220,9,2022,2023,3747818520.87,3899322229,-697140749.87,6950000000,0,1
kabupaten,12,1220,10,2022,2023,3157981484.45,1762575171.69,-1130556656.14,3790000000,0,1
kabupaten,12,1220,11,2022,2023,3163990011.14,310938246.12,-2084928257.26,1390000000,0,1
kabupaten,12,1220,12,2022,2023,17010139050.22,-6171339455.66,2311200405.44,13150000000,1,0
kabupaten,12,1220,13,2022,2023,214804829.05,71748800.71,43446370.24,330000000,1,1
kabupaten,12,1220,14,2022,2023,15066380667.05,-9281927023.88,1815546356.83,7600000000,1,0
kabupaten,12,1220,15,2022,2023,3300683993.26,1561460176.31,-892144169.57,3970000000,0,1
kabupaten,12,1220,16,2022,2023,2008850755.61,567598189.88,-166448945.49,2410000000,0,1
kabupaten,12,1220,17,2022,2023,129684034.32,115693160.04,-65377194.36,180000000,0,1
kabupaten,12,1220,1,2023,2024,219438743181.9,-57322951306.17,33404208124.27,195520000000,1,0
kabupaten,12,1220,2,2023,2024,1393621097.72,-279090385.53,-394530712.19,720000000,0,0
kabupaten,12,1220,3,2023,2024,79607901954.47,-6449847174.22,931945219.74,74090000000,1,0
kabupaten,12,1220,4,2023,2024,1132097109.7,-530949328.08,458852218.38,1060000000,1,0
kabupaten,12,1220,5,2023,2024,195137129.53,-96074431.4,-29062698.13,70000000,0,0
kabupaten,12,1220,6,2023,2024,63181177922.1,18736777620.96,-19137955543.05,62780000000,0,1
kabupaten,12,1220,7,2023,2024,48425189828.59,-5635875233.95,29230685405.36,72020000000,1,0
kabupaten,12,1220,8,2023,2024,8737918784.48,2432835058.24,-2280753842.71,8890000000,0,1
kabupaten,12,1220,9,2023,2024,4113973503.91,5702501422.03,-816474925.95,9000000000,0,1
kabupaten,12,1220,10,2023,2024,3362594969.09,1593770996.04,93634034.87,5050000000,1,1
kabupaten,12,1220,11,2023,2024,3247926758.96,-747046674.19,-2120880084.77,380000000,0,0
kabupaten,12,1220,12,2023,2024,17746917241.15,1324286207.32,-6291203448.47,12780000000,0,1
kabupaten,12,1220,13,2023,2024,232354004.74,4811764.4,-37165769.14,200000000,0,1
kabupaten,12,1220,14,2023,2024,15515413520.26,3254339078.72,410247401.02,19180000000,1,1
kabupaten,12,1220,15,2023,2024,3514982985.19,444001089.44,-338984074.63,3620000000,0,1
kabupaten,12,1220,16,2023,2024,2138964463.59,45549162.97,815486373.45,3000000000,1,1
kabupaten,12,1220,17,2023,2024,139311816.7,41815703.33,-51127520.03,130000000,0,1
kabupaten,12,1220,1,2024,2025,134551897523.92,88086224839.13,-15128122363.05,207510000000,0,1
kabupaten,12,1220,2,2024,2025,839119412.16,-355586551.08,-533532861.09,-50000000,0,0
kabupaten,12,1220,3,2024,2025,48905933604.22,8842599614.48,9711466781.3,67460000000,1,1
kabupaten,12,1220,4,2024,2025,695675151.06,83451238.28,230873610.66,1010000000,1,1
kabupaten,12,1220,5,2024,2025,116585356.24,126754549.18,-63339905.43,180000000,0,1
kabupaten,12,1220,6,2024,2025,38931835012.89,-39239627811.11,6027792798.22,5720000000,1,0
kabupaten,12,1220,7,2024,2025,30544773030.49,33050040018.02,20715186951.49,84310000000,1,1
kabupaten,12,1220,8,2024,2025,5390375597.71,-47785066564.24,55944690966.53,13550000000,1,0
kabupaten,12,1220,9,2024,2025,2679987429.62,1291431013.7,3038581556.68,7010000000,1,1
kabupaten,12,1220,10,2024,2025,2122443789.25,2567141081.74,-1019584870.99,3670000000,0,1
kabupaten,12,1220,11,2024,2025,1917312592.82,97149385.33,85538021.85,2100000000,1,1
kabupaten,12,1220,12,2024,2025,10792262154.64,20808706885.88,-15300969040.52,16300000000,0,1
kabupaten,12,1220,13,2024,2025,142263649.9,361195024.45,-283458674.35,220000000,0,1
kabupaten,12,1220,14,2024,2025,9671566970.69,-11625210843.16,6753643872.47,4800000000,1,0
kabupaten,12,1220,15,2024,2025,2169668237.35,890590831.18,859740931.46,3920000000,1,1
kabupaten,12,1220,16,2024,2025,1343830701.22,2453556739.11,-1057387440.33,2740000000,0,1
kabupaten,12,1220,17,2024,2025,85594312.18,11897776.95,22507910.87,120000000,1,1
kabupaten,12,1221,1,2021,2022,212377534195.81,13650347867.03,3892117937.15,229920000000,1,1
kabupaten,12,1221,2,2021,2022,2083281527.73,-930057986.94,2496776459.2,3650000000,1,0
kabupaten,12,1221,3,2021,2022,56528797652.9,-32815268272.13,21066470619.23,44780000000,1,0
kabupaten,12,1221,4,2021,2022,1134015800.99,20473881.11,-114489682.1,1040000000,0,1
kabupaten,12,1221,5,2021,2022,5670079,-3069794.41,7399715.4,10000000,1,0
kabupaten,12,1221,6,2021,2022,56630386568.41,-20293859591.81,13103473023.4,49440000000,1,0
kabupaten,12,1221,7,2021,2022,25602769240.22,10009164197.94,-12041933438.16,23570000000,0,1
kabupaten,12,1221,8,2021,2022,4344698037.53,7574922369.21,-7289620406.75,4630000000,0,1
kabupaten,12,1221,9,2021,2022,3998350711.65,2142723209.03,-2661073920.68,3480000000,0,1
kabupaten,12,1221,10,2021,2022,3203594637.79,1948033752.33,-1531628390.12,3620000000,0,1
kabupaten,12,1221,11,2021,2022,2993329208.02,-577176943.75,763847735.73,3180000000,1,0
kabupaten,12,1221,12,2021,2022,11515930459.03,-479571705.25,-2996358753.78,8040000000,0,0
kabupaten,12,1221,13,2021,2022,189002633.5,162066119.02,-251068752.52,100000000,0,1
kabupaten,12,1221,14,2021,2022,10853476228.62,-12537201762.83,8613725534.21,6930000000,1,0
kabupaten,12,1221,15,2021,2022,1566831831.7,136263763.02,-673095594.72,1030000000,0,1
kabupaten,12,1221,16,2021,2022,1966099894.96,43602112.86,280297992.18,2290000000,1,1
kabupaten,12,1221,17,2021,2022,122851711.77,103938916.06,-116790627.84,110000000,0,1
kabupaten,12,1221,1,2022,2023,236566711290.06,-92824148581.94,104737437291.88,248480000000,1,0
kabupaten,12,1221,2,2022,2023,2390392200.22,-704155687.62,183763487.4,1870000000,1,0
kabupaten,12,1221,3,2022,2023,62145190100.06,-19184717977.91,-590472122.15,42370000000,0,0
kabupaten,12,1221,4,2022,2023,1253779235.3,-712018619.97,878239384.67,1420000000,1,0
kabupaten,12,1221,5,2022,2023,6509237.24,-2752713.97,-13756523.27,-10000000,0,0
kabupaten,12,1221,6,2022,2023,62486173989.53,17305506637.62,1968319372.85,81760000000,1,1
kabupaten,12,1221,7,2022,2023,28311176326.91,4467208165.83,-868384492.73,31910000000,0,1
kabupaten,12,1221,8,2022,2023,4835862561.73,7736462199.46,-3452324761.19,9120000000,0,1
kabupaten,12,1221,9,2022,2023,4411260009.2,4589583011.03,-1480843020.22,7520000000,0,1
kabupaten,12,1221,10,2022,2023,3576074799.74,1995927045.54,-122001845.27,5450000000,0,1
kabupaten,12,1221,11,2022,2023,3331227337.25,327373342.53,-58600679.78,3600000000,0,1
kabupaten,12,1221,12,2022,2023,12605888988.83,-4573461737.19,5217572748.36,13250000000,1,0
kabupaten,12,1221,13,2022,2023,205291328.46,68571114.9,-53862443.36,220000000,0,1
kabupaten,12,1221,14,2022,2023,11848313915.74,-7299376509.34,-2058937406.39,2490000000,0,0
kabupaten,12,1221,15,2022,2023,1711929395.17,809865343.27,-341794738.44,2180000000,0,1
kabupaten,12,1221,16,2022,2023,2198119346.24,621075786.04,-69195132.28,2750000000,0,1
kabupaten,12,1221,17,2022,2023,135692561.01,121053460.89,-76746021.9,180000000,0,1
kabupaten,12,1221,1,2023,2024,250112489392.62,-65335709832.4,61013220439.77,245790000000,1,0
kabupaten,12,1221,2,2023,2024,2495039431.9,-499663443.74,-475375988.15,1520000000,0,0
kabupaten,12,1221,3,2023,2024,64551664205.49,-5229987962.81,1428323757.32,60750000000,1,0
kabupaten,12,1221,4,2023,2024,1330754754.44,-624119023.59,1553364269.14,2260000000,1,0
kabupaten,12,1221,5,2023,2024,6035168.95,-2971374.17,6936205.21,10000000,1,0
kabupaten,12,1221,6,2023,2024,66875204252.93,19832264475.8,-29477468728.73,57230000000,0,1
kabupaten,12,1221,7,2023,2024,30041562262.75,-3496331090.19,6414768827.43,32960000000,1,0
kabupaten,12,1221,8,2023,2024,5315977987.33,1480089016.09,-1266067003.42,5530000000,0,1
kabupaten,12,1221,9,2023,2024,4809023795.16,6665931368.89,-4434955164.05,7040000000,0,1
kabupaten,12,1221,10,2023,2024,3866028646.04,1832383734.15,-998412380.19,4700000000,0,1
kabupaten,12,1221,11,2023,2024,3527053323.1,-811247805.21,1294194482.11,4010000000,1,0
kabupaten,12,1221,12,2023,2024,13328167705.04,994556317.63,2597275977.33,16920000000,1,1
kabupaten,12,1221,13,2023,2024,217266082.36,4499312.16,118234605.48,340000000,1,1
kabupaten,12,1221,14,2023,2024,12026080003.13,2522455625.62,-2768535628.75,11780000000,0,1
kabupaten,12,1221,15,2023,2024,1829159123.93,231053364.18,429787511.89,2490000000,1,1
kabupaten,12,1221,16,2023,2024,2346171931.02,49961637.72,1253866431.25,3650000000,1,1
kabupaten,12,1221,17,2023,2024,145346985.65,43627213.94,31025800.41,220000000,1,1
kabupaten,12,1221,1,2024,2025,154036999962.41,100842411455.56,-7639411417.96,247240000000,0,1
kabupaten,12,1221,2,2024,2025,1509116269.57,-639505464.53,1530389194.96,2400000000,1,0
kabupaten,12,1221,3,2024,2025,39676210376.05,7173788878.35,13080000745.6,59930000000,1,1
kabupaten,12,1221,4,2024,2025,847678843.38,101685174.52,190635982.11,1140000000,1,1
kabupaten,12,1221,5,2024,2025,3836986.41,4171668.71,1991344.88,10000000,1,1
kabupaten,12,1221,6,2024,2025,40935922529.09,-41259559525.37,7273636996.27,6950000000,1,0
kabupaten,12,1221,7,2024,2025,18603185870.23,20129009859.07,377804270.7,39110000000,1,1
kabupaten,12,1221,8,2024,2025,3282984601.29,-29103285078.79,35620300477.5,9800000000,1,0
kabupaten,12,1221,9,2024,2025,3030038651.16,1460113522.76,2869847826.09,7360000000,1,1
kabupaten,12,1221,10,2024,2025,2407561394.65,2911996913.33,-549558307.98,4770000000,0,1
kabupaten,12,1221,11,2024,2025,2188262863.79,110878316.32,2090858819.89,4390000000,1,1
kabupaten,12,1221,12,2024,2025,8321242907.86,16044301196.05,-6585544103.91,17780000000,0,1
kabupaten,12,1221,13,2024,2025,137541205.09,349205148.12,-186746353.21,300000000,0,1
kabupaten,12,1221,14,2024,2025,7405383767.54,-8901261598.36,685877830.82,-810000000,1,0
kabupaten,12,1221,15,2024,2025,1146963783.21,470797982.58,792238234.21,2410000000,1,1
kabupaten,12,1221,16,2024,2025,1484618587.12,2710606281.07,-815224868.19,3380000000,0,1
kabupaten,12,1221,17,2024,2025,91792520.99,12759340.11,85448138.9,190000000,1,1
kabupaten,12,1222,1,2021,2022,314446988896.63,20210757227.38,107212253875.99,441870000000,1,1
kabupaten,12,1222,2,2021,2022,2966396332.75,-1324314820.14,157918487.39,1800000000,1,0
kabupaten,12,1222,3,2021,2022,366940580324.35,-213010962257,102970381932.64,256900000000,1,0
kabupaten,12,1222,4,2021,2022,598665841.6,10808503.07,130525655.33,740000000,1,1
kabupaten,12,1222,5,2021,2022,176717462.32,-95675259.03,-61042203.29,20000000,0,0
kabupaten,12,1222,6,2021,2022,57093443020.48,-20459798819.68,17016355799.2,53650000000,1,0
kabupaten,12,1222,7,2021,2022,112077616651.12,43815700459.96,-52923317111.08,102970000000,0,1
kabupaten,12,1222,8,2021,2022,8834928102.86,15403577864.01,-9878505966.87,14360000000,0,1
kabupaten,12,1222,9,2021,2022,7593180800.78,4069199003.68,-1762379804.46,9900000000,0,1
kabupaten,12,1222,10,2021,2022,5242933053.23,3188109515.61,-951042568.84,7480000000,0,1
kabupaten,12,1222,11,2021,2022,7959373403.18,-1534734904.1,-4638499.08,6420000000,0,0
kabupaten,12,1222,12,2021,2022,21148922181.84,-880729934.15,5581807752.31,25850000000,1,0
kabupaten,12,1222,13,2021,2022,1116533057.39,957405598.13,-1023938655.52,1050000000,0,1
kabupaten,12,1222,14,2021,2022,12680659187.96,-14647839952.51,1907180764.55,-60000000,1,0
kabupaten,12,1222,15,2021,2022,4450067005.71,387012098.96,-1527079104.67,3310000000,0,1
kabupaten,12,1222,16,2021,2022,3049557491.49,67629905.41,-1017187396.9,2100000000,0,1
kabupaten,12,1222,17,2021,2022,699782250.53,592052056.49,-181834307.02,1110000000,0,1
kabupaten,12,1222,1,2022,2023,355341263991.74,-139428958986.63,119607694994.9,335520000000,1,0
kabupaten,12,1222,2,2022,2023,3233588778.59,-952542402.74,-331046375.86,1950000000,0,0
kabupaten,12,1222,3,2022,2023,401706560880.69,-124010033084.85,84703472204.16,362400000000,1,0
kabupaten,12,1222,4,2022,2023,671452857.25,-381316681.06,199863823.82,490000000,1,0
kabupaten,12,1222,5,2022,2023,188267169.52,-79616957.95,31349788.43,140000000,1,0
kabupaten,12,1222,6,2022,2023,63187669480.21,17499785373.14,5242545146.65,85930000000,1,1
kabupaten,12,1222,7,2022,2023,123923359361.67,19553812829.42,1192827808.91,144670000000,1,1
kabupaten,12,1222,8,2022,2023,10081306359.27,16128176633.26,-11419482992.53,14790000000,0,1
kabupaten,12,1222,9,2022,2023,8542122106.35,8887433163.24,-5159555269.58,12270000000,0,1
kabupaten,12,1222,10,2022,2023,5930415839.83,3309963585.46,409620574.71,9650000000,1,1
kabupaten,12,1222,11,2022,2023,8755925514.28,860480631.42,-2006406145.7,7610000000,0,1
kabupaten,12,1222,12,2022,2023,23705640621.5,-8600491439.68,6194850818.18,21300000000,1,0
kabupaten,12,1222,13,2022,2023,1235753655.24,412764662.35,-638518317.6,1010000000,0,1
kabupaten,12,1222,14,2022,2023,13434564961.04,-8276616283.74,192051322.7,5350000000,1,0
kabupaten,12,1222,15,2022,2023,4881427222.44,2309265057.47,-250692279.91,6940000000,0,1
kabupaten,12,1222,16,2022,2023,3336735153.38,942790213.7,-159525367.08,4120000000,0,1
kabupaten,12,1222,17,2022,2023,797131207.11,711133246.28,-178264453.39,1330000000,0,1
kabupaten,12,1222,1,2023,2024,373791206775.09,-97643719764.12,52382512989.02,328530000000,1,0
kabupaten,12,1222,2,2023,2024,3345998254.47,-670078792.83,794080538.36,3470000000,1,0
kabupaten,12,1222,3,2023,2024,421713968788.23,-34167344988.84,-31036623799.39,356510000000,0,0
kabupaten,12,1222,4,2023,2024,699073737.22,-327862979.13,168789241.91,540000000,1,0
kabupaten,12,1222,5,2023,2024,196142991.02,-96569660.43,20426669.41,120000000,1,0
kabupaten,12,1222,6,2023,2024,67789532349.52,20103414251.44,-9062946600.96,78830000000,0,1
kabupaten,12,1222,7,2023,2024,131748744135.99,-15333331408.89,53104587272.9,169520000000,1,0
kabupaten,12,1222,8,2023,2024,10869842217.62,3026410965.45,6403746816.94,20300000000,1,1
kabupaten,12,1222,9,2023,2024,9197094555.76,12748367176.62,-6215461732.38,15730000000,0,1
kabupaten,12,1222,10,2023,2024,6442039928.07,3053337225.29,-135377153.36,9360000000,0,1
kabupaten,12,1222,11,2023,2024,9177480256.65,-2110886917.08,1683406660.43,8750000000,1,0
kabupaten,12,1222,12,2023,2024,24881995737.49,1856710284.83,4741293977.68,31480000000,1,1
kabupaten,12,1222,13,2023,2024,1292029086.99,26756326.26,61214586.75,1380000000,1,1
kabupaten,12,1222,14,2023,2024,13763202800.5,2886815015.5,1419982183.99,18070000000,1,1
kabupaten,12,1222,15,2023,2024,5252105782.56,663428727.57,1014465489.86,6930000000,1,1
kabupaten,12,1222,16,2023,2024,3558737960.11,75783182.96,25478856.93,3660000000,1,1
kabupaten,12,1222,17,2023,2024,867555537.19,260404650.69,-57960187.88,1070000000,0,1
kabupaten,12,1223,1,2021,2022,352286733642.67,22642867953.87,118580398403.46,493510000000,1,1
kabupaten,12,1223,2,2021,2022,5838291348.75,-2606440573.05,218149224.3,3450000000,1,0
kabupaten,12,1223,3,2021,2022,221088193067.15,-128342874225.76,39514681158.61,132260000000,1,0
kabupaten,12,1223,4,2021,2022,728132645.55,13145937.83,-291278583.38,450000000,0,1
kabupaten,12,1223,5,2021,2022,137499415.87,-74442514.38,-3056901.49,60000000,0,0
kabupaten,12,1223,6,2021,2022,54369915071.77,-19483805238.59,-16156109833.18,18730000000,0,0
kabupaten,12,1223,7,2021,2022,131848237128.17,51544840413.27,-69973077541.44,113420000000,0,1
kabupaten,12,1223,8,2021,2022,8782007365.48,15311311272.89,-7563318638.37,16530000000,0,1
kabupaten,12,1223,9,2021,2022,8589224679.31,4602980677.59,-1252205356.9,11940000000,0,1
kabupaten,12,1223,10,2021,2022,4651827316.97,2828671429.45,-1250498746.42,6230000000,0,1
kabupaten,12,1223,11,2021,2022,6801732273.01,-1311517301.54,-780214971.46,4710000000,0,0
kabupaten,12,1223,12,2021,2022,24970082924.58,-1039859114.37,-2120223810.21,21810000000,0,0
kabupaten,12,1223,13,2021,2022,1278602815.61,1096377295.19,-2014980110.8,360000000,0,1
kabupaten,12,1223,14,2021,2022,17760104963.22,-20515272209.82,2105167246.6,-650000000,1,0
kabupaten,12,1223,15,2021,2022,5617158267.56,488511343.43,-1735669610.99,4370000000,0,1
kabupaten,12,1223,16,2021,2022,3352434211.67,74346789.41,-1696781001.08,1730000000,0,1
kabupaten,12,1223,17,2021,2022,959188365,811523075.41,-910711440.41,860000000,0,1
kabupaten,12,1223,1,2022,2023,398025336863.93,-156177353977.48,102792017113.54,344640000000,1,0
kabupaten,12,1223,2,2022,2023,6359524787.38,-1873372724.86,13847937.48,4500000000,1,0
kabupaten,12,1223,3,2022,2023,240907371110.69,-74370035172.75,25962664062.06,192500000000,1,0
kabupaten,12,1223,4,2022,2023,794126943.77,-450983039.65,56856095.88,400000000,1,0
kabupaten,12,1223,5,2022,2023,148711035.5,-62888926.89,44177891.4,130000000,1,0
kabupaten,12,1223,6,2022,2023,58553092562.49,16216242206.85,3460665230.66,78230000000,1,1
kabupaten,12,1223,7,2022,2023,145397333029.6,22942181769.46,6280485200.94,174620000000,1,1
kabupaten,12,1223,8,2022,2023,10133880967.78,16212286027.64,-3466166995.42,22880000000,0,1
kabupaten,12,1223,9,2022,2023,9699764914.66,10091873108.92,78361976.42,19870000000,1,1
kabupaten,12,1223,10,2022,2023,5241438113.09,2925422054.42,-716860167.51,7450000000,0,1
kabupaten,12,1223,11,2022,2023,7443563143.78,731509410.8,-1415072554.58,6760000000,0,1
kabupaten,12,1223,12,2022,2023,27552599832.7,-9996182038.94,-1216417793.77,16340000000,0,0
kabupaten,12,1223,13,2022,2023,1372948347.93,458590236.7,-691538584.63,1140000000,0,1
kabupaten,12,1223,14,2022,2023,18787661528.39,-11574492050.19,4296830521.8,11510000000,1,0
kabupaten,12,1223,15,2022,2023,6171257617.86,2919447310.84,-1570704928.7,7520000000,0,1
kabupaten,12,1223,16,2022,2023,3639164329.95,1028241187.45,-637405517.4,4030000000,0,1
kabupaten,12,1223,17,2022,2023,1059503539.1,945199716.79,-274703255.89,1730000000,0,1
kabupaten,12,1223,1,2023,2024,417123216936.92,-108963137076.15,78599920139.23,386760000000,1,0
kabupaten,12,1223,2,2023,2024,6614042243.27,-1324546250.49,-2209495992.79,3080000000,0,0
kabupaten,12,1223,3,2023,2024,251656989714.2,-20389296591.54,-61427693122.66,169840000000,0,0
kabupaten,12,1223,4,2023,2024,817765393.32,-383528923.79,105763530.47,540000000,1,0
kabupaten,12,1223,5,2023,2024,155908531.32,-76760499.31,30851967.99,110000000,1,0
kabupaten,12,1223,6,2023,2024,62747148688.13,18608063508.54,-90875212196.66,-9520000000,0,1
kabupaten,12,1223,7,2023,2024,154824212633.13,-18018926692.57,62384714059.44,199190000000,1,0
kabupaten,12,1223,8,2023,2024,11329520919.64,3154395957,2426083123.36,16910000000,1,1
kabupaten,12,1223,9,2023,2024,10742097808.08,14889942282.79,-13412040090.87,12220000000,0,1
kabupaten,12,1223,10,2023,2024,5639362457.14,2672891740.74,-1762254197.88,6550000000,0,1
kabupaten,12,1223,11,2023,2024,7816549657.44,-1797863024.19,81313366.75,6100000000,1,0
kabupaten,12,1223,12,2023,2024,28496559010.43,2126431286.11,-18882990296.53,11740000000,0,1
kabupaten,12,1223,13,2023,2024,1436370211.15,29745452.63,-106115663.78,1360000000,0,1
kabupaten,12,1223,14,2023,2024,19449840747.78,4079580395.18,-4639421142.97,18890000000,0,1
kabupaten,12,1223,15,2023,2024,6576825368.05,830762948.43,-547588316.49,6860000000,0,1
kabupaten,12,1223,16,2023,2024,3857981754.1,82155567.63,-1260137321.72,2680000000,0,1
kabupaten,12,1223,17,2023,2024,1151208478.05,345545649.52,-336754127.58,1160000000,0,1
kabupaten,12,1223,1,2024,2025,256210635258.39,167731767733.22,-76912402991.61,347030000000,0,1
kabupaten,12,1223,2,2024,2025,3972461543.54,-1683376500.5,1170914956.97,3460000000,1,0
kabupaten,12,1223,3,2024,2025,152701728692.4,27609742780.78,50388528526.81,230700000000,1,1
kabupaten,12,1223,4,2024,2025,495856705.04,59481578.41,-235338283.45,320000000,0,1
kabupaten,12,1223,5,2024,2025,94744049,103008127.31,-27752176.31,170000000,0,1
kabupaten,12,1223,6,2024,2025,36543163397.48,-36832071498.37,-5331091899.1,-5620000000,0,0
kabupaten,12,1223,7,2024,2025,96740167389.38,104674747472.41,-7214914861.79,194200000000,0,1
kabupaten,12,1223,8,2024,2025,7148010525.4,-63366300282.14,72048289756.74,15830000000,1,0
kabupaten,12,1223,9,2024,2025,6664845390.78,3211652392.1,-1226497782.89,8650000000,0,1
kabupaten,12,1223,10,2024,2025,3502873437.75,4236800216.67,-719673654.42,7020000000,0,1
kabupaten,12,1223,11,2024,2025,4767308035.6,241557400.22,-3268865435.82,1740000000,0,1
kabupaten,12,1223,12,2024,2025,17070162223.82,32913211069.19,-14283373293,35700000000,0,1
kabupaten,12,1223,13,2024,2025,883097179.45,2242106873.77,-1715204053.23,1410000000,0,1
kabupaten,12,1223,14,2024,2025,11971987898.72,-14390313788.46,2038325889.74,-380000000,1,0
kabupaten,12,1223,15,2024,2025,4062187994.92,1667419617.68,-479607612.6,5250000000,0,1
kabupaten,12,1223,16,2024,2025,2343218084.12,4278231265.5,-1531449349.61,5090000000,0,1
kabupaten,12,1223,17,2024,2025,709842485.49,98669495.06,-568511980.55,240000000,0,1
kabupaten,12,1224,1,2021,2022,63062618692.93,4053285041.77,-17725903734.7,49390000000,0,1
kabupaten,12,1224,2,2021,2022,6914661346.52,-3086974048.72,472312702.2,4300000000,1,0
kabupaten,12,1224,3,2021,2022,253736035.47,-147295120.72,23559085.25,130000000,1,0
kabupaten,12,1224,4,2021,2022,173882422.82,3139328.44,-37021751.25,140000000,0,1
kabupaten,12,1224,5,2021,2022,55283270.3,-29930495.47,-25352774.83,0,0,0
kabupaten,12,1224,6,2021,2022,9627794150.39,-3450181333.85,-5547612816.54,630000000,0,0
kabupaten,12,1224,7,2021,2022,11703043066.19,4575195697.23,-4628238763.43,11650000000,0,1
kabupaten,12,1224,8,2021,2022,1909871611.5,3329835368.83,-4129706980.32,1110000000,0,1
kabupaten,12,1224,9,2021,2022,3033964774.23,1625907081.68,-4019871855.91,640000000,0,1
kabupaten,12,1224,10,2021,2022,521647268.45,317201956.13,-178849224.59,660000000,0,1
kabupaten,12,1224,11,2021,2022,2096039205.49,-404160524.46,-141878681.03,1550000000,0,0
kabupaten,12,1224,12,2021,2022,3836753460.01,-159778526.45,-2926974933.56,750000000,0,0
kabupaten,12,1224,13,2021,2022,74656040.23,64016117.01,-108672157.25,30000000,0,1
kabupaten,12,1224,14,2021,2022,7207142921.86,-8325204113.56,1428061191.7,310000000,1,0
kabupaten,12,1224,15,2021,2022,2422541254.86,210682844.7,-823224099.56,1810000000,0,1
kabupaten,12,1224,16,2021,2022,1013526622.13,22476936.33,-976003558.47,60000000,0,1
kabupaten,12,1224,17,2021,2022,308074292.6,260646820.28,-478721112.88,90000000,0,1
kabupaten,12,1224,1,2022,2023,69299843252.32,-27191902494.14,2692059241.82,44800000000,1,0
kabupaten,12,1224,2,2022,2023,7542703834.11,-2221910615.49,2519206781.37,7840000000,1,0
kabupaten,12,1224,3,2022,2023,275390806.48,-85015347.89,-40375458.59,150000000,0,0
kabupaten,12,1224,4,2022,2023,191271432.86,-108622648.89,-22648783.97,60000000,0,0
kabupaten,12,1224,5,2022,2023,58583135.2,-24774425.75,-23808709.45,10000000,0,0
kabupaten,12,1224,6,2022,2023,10234023079.23,2834306263.6,-2418329342.83,10650000000,0,1
kabupaten,12,1224,7,2022,2023,12984926880.65,2048885949.64,-2813812830.29,12220000000,0,1
kabupaten,12,1224,8,2022,2023,2079450944.18,3326726808.28,-4166177752.46,1240000000,0,1
kabupaten,12,1224,9,2022,2023,3247107963.64,3378370695.4,-3365478659.04,3260000000,0,1
kabupaten,12,1224,10,2022,2023,585831351.96,326972086.71,-272803438.67,640000000,0,1
kabupaten,12,1224,11,2022,2023,2298762168.24,225908765.3,-374670933.55,2150000000,0,1
kabupaten,12,1224,12,2022,2023,4103323016.5,-1488700307.29,-414622709.21,2200000000,0,0
kabupaten,12,1224,13,2022,2023,80614399.71,26926706.09,-57541105.81,50000000,0,1
kabupaten,12,1224,14,2022,2023,7652860156.71,-4714688356.03,2631828199.33,5570000000,1,0
kabupaten,12,1224,15,2022,2023,2657771637.78,1257316537.6,-1735088175.38,2180000000,0,1
kabupaten,12,1224,16,2022,2023,1077028408.6,304312987.65,-421341396.25,960000000,0,1
kabupaten,12,1224,17,2022,2023,330969678.33,295263238.56,-306232916.89,320000000,0,1
kabupaten,12,1224,1,2023,2024,71860253809.27,-18771716289.6,-12438537519.66,40650000000,0,0
kabupaten,12,1224,2,2023,2024,7970446465.77,-1596183482.45,1475737016.67,7850000000,1,0
kabupaten,12,1224,3,2023,2024,284155871.6,-23022362.11,-31133509.49,230000000,0,0
kabupaten,12,1224,4,2023,2024,195137129.53,-91518586.98,-43618542.54,60000000,0,0
kabupaten,12,1224,5,2023,2024,59345828.05,-29218512.64,-10127315.41,20000000,0,0
kabupaten,12,1224,6,2023,2024,10815022766.28,3207263352.82,-2082286119.1,11940000000,0,1
kabupaten,12,1224,7,2023,2024,13657084413.06,-1589454250.65,2742369837.59,14810000000,1,0
kabupaten,12,1224,8,2023,2024,2151034801.5,598896946.25,-1209931747.74,1540000000,0,1
kabupaten,12,1224,9,2023,2024,3425461312.37,4748134130.25,-6783595442.62,1390000000,0,1
kabupaten,12,1224,10,2023,2024,620616540.81,294153964.87,-454770505.68,460000000,0,1
kabupaten,12,1224,11,2023,2024,2417085166.24,-555947091.38,-981138074.86,880000000,0,0
kabupaten,12,1224,12,2023,2024,4232162229.27,315806626.65,-3437968855.92,1110000000,0,1
kabupaten,12,1224,13,2023,2024,83486503.87,1728902.36,-65215406.23,20000000,0,1
kabupaten,12,1224,14,2023,2024,7966925950.55,1671053009.59,462021039.85,10100000000,1,1
kabupaten,12,1224,15,2023,2024,2779195303.5,351058809.59,-1370254113.09,1760000000,0,1
kabupaten,12,1224,16,2023,2024,1130085386.71,24065123.25,-174150509.96,980000000,0,1
kabupaten,12,1224,17,2023,2024,348531007.12,104614737.93,-103145745.05,350000000,0,1
kabupaten,12,1224,1,2024,2025,43372113745.4,28394142583.14,-25146256328.54,46620000000,0,1
kabupaten,12,1224,2,2024,2025,4909276532.7,-2080362681.69,-2008913851.01,820000000,0,0
kabupaten,12,1224,3,2024,2025,173549846.76,31379255.95,-74929102.72,130000000,0,1
kabupaten,12,1224,4,2024,2025,116290203.44,13949846.36,-20240049.81,110000000,0,1
kabupaten,12,1224,5,2024,2025,35418336.07,38507711.14,-23926047.22,50000000,0,1
kabupaten,12,1224,6,2024,2025,6699378268.46,-6752343159.09,3762964890.63,3710000000,1,0
kabupaten,12,1224,7,2024,2025,8451995598.53,9145224044.87,1892780356.59,19490000000,1,1
kabupaten,12,1224,8,2024,2025,1307822059.54,-11593693804.2,11895871744.66,1610000000,1,0
kabupaten,12,1224,9,2024,2025,2051311964.3,988485192.2,2400202843.49,5440000000,1,1
kabupaten,12,1224,10,2024,2025,377795584.79,456951826.54,-374747411.33,460000000,0,1
kabupaten,12,1224,11,2024,2025,1444477806.23,73191054.77,-17668861,1500000000,0,1
kabupaten,12,1224,12,2024,2025,2516472778.08,4852045259.37,-5848518037.45,1520000000,0,1
kabupaten,12,1224,13,2024,2025,49585670.5,125893701.47,-135479371.97,40000000,0,1
kabupaten,12,1224,14,2024,2025,4973619843.24,-5978284543.4,6984664700.16,5980000000,1,0
kabupaten,12,1224,15,2024,2025,1682961269.13,690810627.04,146228103.82,2520000000,1,1
kabupaten,12,1224,16,2024,2025,692133317.45,1263692192.67,-1275825510.12,680000000,0,1
kabupaten,12,1224,17,2024,2025,214871238.85,29867522.83,75261238.32,320000000,1,1
kabupaten,12,1225,1,2021,2022,35154489830.62,2259518724.96,-15414008555.58,22000000000,0,1
kabupaten,12,1225,2,2021,2022,2031778310.1,-907064945.3,-124713364.8,1000000000,0,0
kabupaten,12,1225,3,2021,2022,141751975.12,-82287776.94,-59464198.19,0,0,0
kabupaten,12,1225,4,2021,2022,94501316.75,1706156.76,-96207473.51,0,0,1
kabupaten,12,1225,6,2021,2022,5150321762.82,-1845650595.75,-304671167.07,3000000000,0,0
kabupaten,12,1225,7,2021,2022,7182100072.92,2807775137.19,-2989875210.11,7000000000,0,1
kabupaten,12,1225,8,2021,2022,897762509.12,1565236813.65,-1462999322.76,1000000000,0,1
kabupaten,12,1225,9,2021,2022,992263825.86,531755937.01,-524019762.87,1000000000,0,1
kabupaten,12,1225,10,2021,2022,330754608.62,201124428.71,-531879037.33,0,0,1
kabupaten,12,1225,11,2021,2022,1086765142.61,-209551218.73,-877213923.89,0,0,0
kabupaten,12,1225,12,2021,2022,1464770409.61,-60999191.13,-403771218.48,1000000000,0,0
kabupaten,12,1225,13,2021,2022,47250658.37,40516529.76,-87767188.13,0,0,1
kabupaten,12,1225,14,2021,2022,4536063203.95,-5239753457.69,703690253.74,-0,1,0
kabupaten,12,1225,15,2021,2022,1134015800.99,98622747.66,-232638548.65,1000000000,0,1
kabupaten,12,1225,16,2021,2022,425255925.37,9430882.38,-434686807.75,0,0,1
kabupaten,12,1225,17,2021,2022,141751975.12,119929518.53,-261681493.66,0,0,1
kabupaten,12,1225,1,2022,2023,38354428683.83,-15049527329.98,-3304901353.85,20000000000,0,0
kabupaten,12,1225,2,2022,2023,2203126451.81,-648991417.16,2445864965.35,4000000000,1,0
kabupaten,12,1225,3,2022,2023,150213167.17,-46372007.94,-103841159.23,-0,0,0
kabupaten,12,1225,4,2022,2023,100142111.45,-56870496.8,-43271614.64,0,0,0
kabupaten,12,1225,6,2022,2023,5607958240.98,1553120512.37,-161078753.35,7000000000,0,1
kabupaten,12,1225,7,2022,2023,7961297859.96,1256209717.32,-1217507577.28,8000000000,0,1
kabupaten,12,1225,8,2022,2023,1001421114.46,1602083702.52,-1603504816.98,1000000000,0,1
kabupaten,12,1225,9,2022,2023,1101563225.91,1146093373.92,-1247656599.83,1000000000,0,1
kabupaten,12,1225,10,2022,2023,350497390.06,195624325.38,-546121715.44,0,0,1
kabupaten,12,1225,11,2022,2023,1151634281.63,113175813.59,735189904.78,2000000000,1,1
kabupaten,12,1225,12,2022,2023,1602273783.14,-581310675.21,-20963107.93,1000000000,0,0
kabupaten,12,1225,13,2022,2023,50071055.72,16724662.17,-66795717.89,0,0,1
kabupaten,12,1225,14,2022,2023,4806821349.41,-2961332649.69,1154511300.28,3000000000,1,0
kabupaten,12,1225,15,2022,2023,1251776393.08,592179981.91,-843956374.99,1000000000,0,1
kabupaten,12,1225,16,2022,2023,450639501.51,127327609.89,422032888.6,1000000000,1,1
kabupaten,12,1225,17,2022,2023,150213167.17,134007521.28,-284220688.45,0,0,1
kabupaten,12,1225,1,2023,2024,39530356651.3,-10326329236.95,-4204027414.36,25000000000,0,0
kabupaten,12,1225,2,2023,2024,2414067581.76,-483447798.82,69380217.06,2000000000,1,0
kabupaten,12,1225,3,2023,2024,150879223.86,-12224263.07,-138654960.79,0,0,0
kabupaten,12,1225,4,2023,2024,100586149.24,-47174529.37,-53411619.87,0,0,0
kabupaten,12,1225,6,2023,2024,5984875879.78,1774852766.86,-759728646.64,7000000000,0,1
kabupaten,12,1225,7,2023,2024,8398943461.54,-977495341.04,578551879.5,8000000000,1,0
kabupaten,12,1225,8,2023,2024,1056154567.02,294057420.42,-1350211987.44,0,0,1
kabupaten,12,1225,9,2023,2024,1156740716.26,1603392820.38,-1760133536.64,1000000000,0,1
kabupaten,12,1225,10,2023,2024,352051522.34,166862054.63,481086423.03,1000000000,1,1
kabupaten,12,1225,11,2023,2024,1257326865.5,-289194283.91,-968132581.59,-0,0,0
kabupaten,12,1225,12,2023,2024,1659671462.46,123845735.94,-783517198.4,1000000000,0,1
kabupaten,12,1225,13,2023,2024,50293074.62,1041507.45,-51334582.07,0,0,1
kabupaten,12,1225,14,2023,2024,4979014387.38,1044342200.3,-23356587.68,6000000000,0,1
kabupaten,12,1225,15,2023,2024,1307619940.12,165174249.9,-472794190.02,1000000000,0,1
kabupaten,12,1225,16,2023,2024,502930746.2,10709890.19,-513640636.39,0,0,1
kabupaten,12,1225,17,2023,2024,150879223.86,45287765.34,-196166989.2,0,0,1
kabupaten,12,1225,1,2024,2025,23936892130.23,15670611124.29,-16607503254.52,23000000000,0,1
kabupaten,12,1225,2,2024,2025,1475764003.1,-625372056.06,149608052.96,1000000000,1,0
kabupaten,12,1225,3,2024,2025,88545840.19,16009824.46,-104555664.65,0,0,1
kabupaten,12,1225,4,2024,2025,59030560.12,7081140.29,-66111700.41,0,0,1
kabupaten,12,1225,6,2024,2025,3718925287.8,-3748326892.44,29401604.63,0,1,0
kabupaten,12,1225,7,2024,2025,5165174010.84,5588818996.55,-8753993007.39,2000000000,0,1
kabupaten,12,1225,8,2024,2025,619820881.3,-5494641613.37,6874820732.07,2000000000,1,0
kabupaten,12,1225,9,2024,2025,708366721.49,341347404.5,-49714125.99,1000000000,0,1
kabupaten,12,1225,10,2024,2025,236122240.5,285594891.59,-521717132.08,-0,0,1
kabupaten,12,1225,11,2024,2025,737882001.55,37388156.3,224729842.15,1000000000,1,1
kabupaten,12,1225,12,2024,2025,1003519522.11,1934899587.36,-938419109.47,2000000000,0,1
kabupaten,12,1225,13,2024,2025,29515280.06,74936727.06,-104452007.13,0,0,1
kabupaten,12,1225,14,2024,2025,3099104406.5,-3725119441.32,626015034.82,0,1,0
kabupaten,12,1225,15,2024,2025,796912561.67,327111310.6,-124023872.27,1000000000,0,1
kabupaten,12,1225,16,2024,2025,295152800.62,538887928.64,-834040729.26,0,0,1
kabupaten,12,1225,17,2024,2025,88545840.19,12308045.12,899146114.69,1000000000,1,1
kabupaten,12,1271,1,2021,2022,64660635959.15,4155995960.16,-54546631919.31,14270000000,0,1
kabupaten,12,1271,2,2021,2022,89776250.91,-40079613.86,-19696637.05,30000000,0,0
kabupaten,12,1271,3,2021,2022,992909742364.24,-576389396529.54,43579654165.31,460100000000,1,0
kabupaten,12,1271,4,2021,2022,8765469635.05,158254570.19,-2733724205.24,6190000000,0,1
kabupaten,12,1271,5,2021,2022,14391605527.7,-7791649838.45,3250044310.75,9850000000,1,0
kabupaten,12,1271,6,2021,2022,1466707686602.5,-525604038004.95,-114163648597.54,826940000000,0,0
kabupaten,12,1271,7,2021,2022,1969231668599.5,769852781543.42,-745324450142.94,1993760000000,0,1
kabupaten,12,1271,8,2021,2022,389865654754.49,679725505357.27,-107091160111.75,962500000000,0,1
kabupaten,12,1271,9,2021,2022,170559756521.22,91403274795.22,129246968683.55,391210000000,1,1
kabupaten,12,1271,10,2021,2022,585223029297.23,355860944534.88,204386026167.9,1145470000000,1,1
kabupaten,12,1271,11,2021,2022,461658305088.69,-89017448823.77,-118900856264.91,253740000000,0,0
kabupaten,12,1271,12,2021,2022,601451267915.95,-25046956579.28,-35744311336.67,540660000000,0,0
kabupaten,12,1271,13,2021,2022,171548712801,147099718096.24,75981569102.76,394630000000,1,1
kabupaten,12,1271,14,2021,2022,129858984410.61,-150004316956.02,-1424667454.59,-21570000000,0,0
kabupaten,12,1271,15,2021,2022,228264150554.48,19851608505.95,-75655759060.43,172460000000,0,1
kabupaten,12,1271,16,2021,2022,114144360448.42,2531374575.38,19894264976.2,136570000000,1,1
kabupaten,12,1271,17,2021,2022,81596216933.74,69034628988.26,-6820845922,143810000000,0,1
kabupaten,12,1271,1,2022,2023,69234750879.88,-27166361520.87,-5048389359.02,37020000000,0,0
kabupaten,12,1271,2,2022,2023,96637137.55,-28467123.53,21829985.98,90000000,1,0
kabupaten,12,1271,3,2022,2023,1075214334253.2,-331927277641.94,-171667056611.22,571620000000,0,0
kabupaten,12,1271,4,2022,2023,9598621382.1,-5451037118.55,1292415736.45,5440000000,1,0
kabupaten,12,1271,5,2022,2023,15743842050.99,-6657968108.81,-3105873942.17,5980000000,0,0
kabupaten,12,1271,6,2022,2023,1595661399517.6,441917422330.44,-633718821848.08,1403860000000,0,1
kabupaten,12,1271,7,2022,2023,2186605006266.2,345023450337.76,-225238456603.97,2306390000000,0,1
kabupaten,12,1271,8,2022,2023,461330172614.54,738040710699.81,-171060883314.34,1028310000000,0,1
kabupaten,12,1271,9,2022,2023,200328786131.65,208426978126.96,97374235741.39,506130000000,1,1
kabupaten,12,1271,10,2022,2023,677509952856.42,378140982572.86,57879064570.72,1113530000000,1,1
kabupaten,12,1271,11,2022,2023,501919773225.84,49325710078.49,-307965483304.33,243280000000,0,1
kabupaten,12,1271,12,2022,2023,664423381732.65,-241055185900.92,-74258195831.73,349110000000,0,0
kabupaten,12,1271,13,2022,2023,201548016338.5,67320779153.03,43621204508.47,312490000000,1,1
kabupaten,12,1271,14,2022,2023,136530249771.61,-84112026832.26,-165888222939.35,-113470000000,0,0
kabupaten,12,1271,15,2022,2023,250524518783.41,118516059116.49,-55590577899.9,313450000000,0,1
kabupaten,12,1271,16,2022,2023,127795854811.29,36108553939.52,-115724408750.81,48180000000,0,1
kabupaten,12,1271,17,2022,2023,93667423230.48,83562176663.59,17040400105.93,194270000000,1,1
kabupaten,12,1271,1,2023,2024,71403592691.72,-18652424852.62,-30681167839.1,22070000000,0,0
kabupaten,12,1271,2,2023,2024,101592010.73,-20345094.87,-51246915.87,30000000,0,0
kabupaten,12,1271,3,2023,2024,1108730444296.6,-89829548920.95,-312410895375.61,706490000000,0,0
kabupaten,12,1271,4,2023,2024,9914776730.58,-4649993360.16,6175216629.58,11440000000,1,0
kabupaten,12,1271,5,2023,2024,16114404038.99,-7933816640.3,-4900587398.69,3280000000,0,0
kabupaten,12,1271,6,2023,2024,1673341120141.1,496239884776.23,-400991004917.28,1768590000000,0,1
kabupaten,12,1271,7,2023,2024,2312296024750.3,-269112252230.32,-677913772519.97,1365270000000,0,0
kabupaten,12,1271,8,2023,2024,515092617504.4,143413484264.74,315193898230.85,973700000000,1,1
kabupaten,12,1271,9,2023,2024,226671893173.74,314196674317.12,112471432509.14,653340000000,1,1
kabupaten,12,1271,10,2023,2024,736516931272.3,349087336995.29,37235731732.41,1122840000000,1,1
kabupaten,12,1271,11,2023,2024,516380623145.42,-118771282656.08,-50449340489.34,347160000000,0,0
kabupaten,12,1271,12,2023,2024,684927301188.61,51109709120.46,37622989690.92,773660000000,1,1
kabupaten,12,1271,13,2023,2024,218157778571.33,4517778089.88,175354443338.8,398030000000,1,1
kabupaten,12,1271,14,2023,2024,131428880181.41,27567047458.2,-109015927639.61,49980000000,0,1
kabupaten,12,1271,15,2023,2024,267399727931.75,33777054118.75,-28356782050.5,272820000000,0,1
kabupaten,12,1271,16,2023,2024,130785631757.02,2785074813.51,14789293429.47,148360000000,1,1
kabupaten,12,1271,17,2023,2024,103853187367.27,31172474636.99,44804337995.74,179830000000,1,1
kabupaten,12,1271,1,2024,2025,42555721098.89,27859680063.16,-2495401162.06,67920000000,0,1
kabupaten,12,1271,2,2024,2025,60506324.13,-25640254.3,35133930.17,70000000,1,0
kabupaten,12,1271,3,2024,2025,671528110135.42,121417868348.13,-133015978483.55,659930000000,0,1
kabupaten,12,1271,4,2024,2025,6156297115.32,738492120.49,-6014789235.81,880000000,0,1
kabupaten,12,1271,5,2024,2025,9553801003.25,10387134183.64,6989064813.11,26930000000,1,1
kabupaten,12,1271,6,2024,2025,1034226924329.2,-1042403461575.2,-63703462754.09,-71880000000,0,0
kabupaten,12,1271,7,2024,2025,1397303534107.9,1511909670223.5,591026795668.65,3500240000000,1,1
kabupaten,12,1271,8,2024,2025,331029213840.18,-2934536328930.2,3863647115090,1260140000000,1,0
kabupaten,12,1271,9,2024,2025,152309470620.38,73394812178.9,-60784282799.28,164920000000,0,1
kabupaten,12,1271,10,2024,2025,465377455931.67,562883969736.68,-62671425668.35,965590000000,0,1
kabupaten,12,1271,11,2024,2025,313292596592.56,15874397998.8,103153005408.65,432320000000,1,1
kabupaten,12,1271,12,2024,2025,424795126457.72,819053238917.49,-47818365375.21,1196030000000,0,1
kabupaten,12,1271,13,2024,2025,139777282706.09,354882354563.56,34510362730.36,529170000000,1,1
kabupaten,12,1271,14,2024,2025,78606274472.13,-94484639056.24,64348364584.1,48470000000,1,0
kabupaten,12,1271,15,2024,2025,164980085198.17,67719916195.39,-68880001393.55,163820000000,0,1
kabupaten,12,1271,16,2024,2025,81132487292.63,148131130489.21,9996382218.16,239260000000,1,1
kabupaten,12,1271,17,2024,2025,66255605530.22,9209658869.57,38674735600.21,114140000000,1,1
kabupaten,12,1272,1,2021,2022,7660749242.26,492386788.81,-6033136031.07,2120000000,0,1
kabupaten,12,1272,2,2021,2022,45360632.04,-20250752.27,-25109879.77,-0,0,0
kabupaten,12,1272,3,2021,2022,90485010787.15,-52527030944.81,-3907979842.33,34050000000,0,0
kabupaten,12,1272,4,2021,2022,1446342652.84,26112729.2,-222455382.04,1250000000,0,1
kabupaten,12,1272,5,2021,2022,1384444290.37,-749541467.81,-104902822.56,530000000,0,0
kabupaten,12,1272,6,2021,2022,40028867748.53,-14344599621.03,-7624268127.51,18060000000,0,0
kabupaten,12,1272,7,2021,2022,123164038625.53,48149833883.9,-20893872509.43,150420000000,0,1
kabupaten,12,1272,8,2021,2022,33432675839.45,58289418940.3,-70032094779.75,21690000000,0,1
kabupaten,12,1272,9,2021,2022,25097659702.19,13449880166.73,-5867539868.92,32680000000,0,1
kabupaten,12,1272,10,2021,2022,11171945666.06,6793408560.48,-11665354226.54,6300000000,0,1
kabupaten,12,1272,11,2021,2022,17805465595.26,-3433268945.75,-932196649.51,13440000000,0,0
kabupaten,12,1272,12,2021,2022,30756398549.12,-1280825596.5,-10475572952.62,19000000000,0,0
kabupaten,12,1272,13,2021,2022,3977087915.38,3410276309.53,-3867364224.92,3520000000,0,1
kabupaten,12,1272,14,2021,2022,21587880798.14,-24936859997.4,3168979199.27,-180000000,1,0
kabupaten,12,1272,15,2021,2022,35172445080.8,3058866704.41,-17381311785.21,20850000000,0,1
kabupaten,12,1272,16,2021,2022,5371927350.6,119133001.95,-251060352.55,5240000000,0,1
kabupaten,12,1272,17,2021,2022,2546810486.38,2154733682.98,-2501544169.37,2200000000,0,1
kabupaten,12,1272,1,2022,2023,8224170902.5,-3227003738.84,-5097167163.67,-100000000,0,0
kabupaten,12,1272,2,2022,2023,48068213.49,-14159812.74,-13908400.76,20000000,0,0
kabupaten,12,1272,3,2022,2023,97590991156.94,-30127120691.34,-86643870465.6,-19180000000,0,0
kabupaten,12,1272,4,2022,2023,1595263835.34,-905947014.07,-119316821.27,570000000,0,0
kabupaten,12,1272,5,2022,2023,1493619592.22,-631641982.91,-391977609.31,470000000,0,0
kabupaten,12,1272,6,2022,2023,43322478832.67,11998133301.01,5629387866.32,60950000000,1,1
kabupaten,12,1272,7,2022,2023,138047402760.02,21782439477.61,-22319842237.63,137510000000,0,1
kabupaten,12,1272,8,2022,2023,36514317386.01,58415977003.1,-45390294389.11,49540000000,0,1
kabupaten,12,1272,9,2022,2023,28232064058.86,29373331270.57,-19545395329.43,38060000000,0,1
kabupaten,12,1272,10,2022,2023,12154248066.2,6783692677.59,-6057940743.8,12880000000,0,1
kabupaten,12,1272,11,2022,2023,19541230917.02,1920396729.13,-8841627646.15,12620000000,0,1
kabupaten,12,1272,12,2022,2023,33543601649.96,-12169738985.45,6486137335.49,27860000000,1,0
kabupaten,12,1272,13,2022,2023,4390730876.35,1466585625.68,-2097316502.04,3760000000,0,1
kabupaten,12,1272,14,2022,2023,22867451148.7,-14087923136.61,36100471987.91,44880000000,1,0
kabupaten,12,1272,15,2022,2023,38315873970.92,18126155502.42,-18502029473.34,37940000000,0,1
kabupaten,12,1272,16,2022,2023,5954950657.14,1682563627.18,-1767514284.32,5870000000,0,1
kabupaten,12,1272,17,2022,2023,2808986226.06,2505940648.01,-1994926874.07,3320000000,0,1
kabupaten,12,1272,1,2023,2024,8255608198.87,-2156573720.41,-3119034478.46,2980000000,0,0
kabupaten,12,1272,2,2023,2024,49287213.13,-9870392.56,-19416820.57,20000000,0,0
kabupaten,12,1272,3,2023,2024,97059095916.86,-7863746188.03,-113285349728.83,-24090000000,0,0
kabupaten,12,1272,4,2023,2024,1631004409.93,-764934993.76,-376069416.17,490000000,0,0
kabupaten,12,1272,5,2023,2024,1523880160.99,-750271977.16,-663608183.83,110000000,0,0
kabupaten,12,1272,6,2023,2024,46579936920.79,13813574681.36,-1483511602.14,58910000000,0,1
kabupaten,12,1272,7,2023,2024,145575316210.52,-16942511164.32,84797194953.81,213430000000,1,0
kabupaten,12,1272,8,2023,2024,39167743583.29,10905189449.78,-18282933033.07,31790000000,0,1
kabupaten,12,1272,9,2023,2024,30271401613.77,41960092981.94,-32191494595.71,40040000000,0,1
kabupaten,12,1272,10,2023,2024,12855915734.36,6093325486.21,-4059241220.56,14890000000,0,1
kabupaten,12,1272,11,2023,2024,20262576833.64,-4660539401.71,5917962568.07,21520000000,1,0
kabupaten,12,1272,12,2023,2024,35093501608.33,2618699321.97,5307799069.7,43020000000,1,1
kabupaten,12,1272,13,2023,2024,4599301674,95245855.86,-2294547529.85,2400000000,0,1
kabupaten,12,1272,14,2023,2024,25226000367.89,5291122836.64,302876795.47,30820000000,1,1
kabupaten,12,1272,15,2023,2024,40393888742.53,5102423165.04,-16646311907.56,28850000000,0,1
kabupaten,12,1272,16,2023,2024,6276575712.57,133659429.54,-450235142.11,5960000000,0,1
kabupaten,12,1272,17,2023,2024,2988414493.92,896999672.11,-885414166.03,3000000000,0,1
kabupaten,12,1272,1,2024,2025,4932888756.75,3229382536.63,-1862271293.38,6300000000,0,1
kabupaten,12,1272,2,2024,2025,29515280.06,-12507441.12,-17007838.94,-0,0,0
kabupaten,12,1272,3,2024,2025,56249630436.42,10170401089.51,-48440031525.94,17980000000,0,1
kabupaten,12,1272,4,2024,2025,971643019.64,116555569.12,-738198588.76,350000000,0,1
kabupaten,12,1272,5,2024,2025,897559666.68,975849579.92,-1553409246.6,320000000,0,1
kabupaten,12,1272,6,2024,2025,29074912083.41,-29304776628.58,32979864545.18,32750000000,1,0
kabupaten,12,1272,7,2024,2025,91732604974.08,99256467295.52,48230927730.4,239220000000,1,1
kabupaten,12,1272,8,2024,2025,23924495712.6,-212087933283.9,229343437571.3,41180000000,1,0
kabupaten,12,1272,9,2024,2025,18947038882.96,9130189701.9,11482771415.14,39560000000,1,1
kabupaten,12,1272,10,2024,2025,7984178409.55,9657034265.35,-12481212674.91,5160000000,0,1
kabupaten,12,1272,11,2024,2025,12526580011.08,634716296.59,-1881296307.68,11280000000,0,1
kabupaten,12,1272,12,2024,2025,21864919469.88,42158047479.99,-32672966949.87,31350000000,0,1
kabupaten,12,1272,13,2024,2025,2770009033.81,7032811835.01,-8182820868.83,1620000000,0,1
kabupaten,12,1272,14,2024,2025,15713935104.97,-18888129433.9,-3435805671.07,-6610000000,0,0
kabupaten,12,1272,15,2024,2025,24557303317.13,10080116764.54,-21097420081.66,13540000000,0,1
kabupaten,12,1272,16,2024,2025,3859418020.9,7046498554.94,-5765916575.84,5140000000,0,1
kabupaten,12,1272,17,2024,2025,1842343781.47,256089392.17,-758433173.63,1340000000,0,1
kabupaten,12,1273,1,2021,2022,32017046114.55,2057862752.73,-20744908867.28,13330000000,0,1
kabupaten,12,1273,2,2021,2022,4725065.84,-2109453.36,-2615612.48,0,0,0
kabupaten,12,1273,3,2021,2022,7890387441.96,-4580411956.91,3520024514.95,6830000000,1,0
kabupaten,12,1273,4,2021,2022,228693186.53,4128899.36,-42822085.89,190000000,0,1
kabupaten,12,1273,5,2021,2022,543382571.31,-294188630.71,230806059.41,480000000,1,0
kabupaten,12,1273,6,2021,2022,19227237905.75,-6890203123.13,-4287034782.62,8050000000,0,0
kabupaten,12,1273,7,2021,2022,46453539767.71,18160578754.12,-8974118521.83,55640000000,0,1
kabupaten,12,1273,8,2021,2022,15056894797.61,26251492791.45,-18178387589.06,23130000000,0,1
kabupaten,12,1273,9,2021,2022,8512206106.16,4561706288.19,2896087605.64,15970000000,1,1
kabupaten,12,1273,10,2021,2022,2959308733.99,1799488995.7,-1448797729.69,3310000000,0,1
kabupaten,12,1273,11,2021,2022,4359818248.21,-840664823.99,860846575.78,4380000000,1,0
kabupaten,12,1273,12,2021,2022,7992921370.63,-332858812,-2420062558.63,5240000000,0,0
kabupaten,12,1273,13,2021,2022,917135279.05,786425842.56,16438878.39,1720000000,1,1
kabupaten,12,1273,14,2021,2022,12452438508.01,-14384214856.67,1591776348.66,-340000000,1,0
kabupaten,12,1273,15,2021,2022,8520711224.67,741026670.26,-1041737894.93,8220000000,0,1
kabupaten,12,1273,16,2021,2022,2153685008.71,47762179.87,-11447188.58,2190000000,0,1
kabupaten,12,1273,17,2021,2022,609060986.45,515297164.63,-74358151.08,1050000000,0,1
kabupaten,12,1273,1,2022,2023,34595594530.7,-13574634357.84,-5390960172.86,15630000000,0,0
kabupaten,12,1273,2,2022,2023,5007105.57,-1474980.49,-3532125.08,-0,0,0
kabupaten,12,1273,3,2022,2023,8703350905.77,-2686794140,663443234.23,6680000000,1,0
kabupaten,12,1273,4,2022,2023,251857410.29,-143029299.46,1171889.17,110000000,1,0
kabupaten,12,1273,5,2022,2023,599851247.56,-253673179.86,-66178067.7,280000000,0,0
kabupaten,12,1273,6,2022,2023,20777985993.38,5754450169.81,-10232436163.19,16300000000,0,1
kabupaten,12,1273,7,2022,2023,52012310553.39,8206999799.12,-5249310352.51,54970000000,0,1
kabupaten,12,1273,8,2022,2023,17113786135.57,27378809434.2,-21522595569.77,22970000000,0,1
kabupaten,12,1273,9,2022,2023,9819935448.4,10216901476.99,-8106836925.38,11930000000,0,1
kabupaten,12,1273,10,2022,2023,3301685414.38,1842781145.1,-3214466559.47,1930000000,0,1
kabupaten,12,1273,11,2022,2023,4839367535.63,475584451.46,-804951987.09,4510000000,0,1
kabupaten,12,1273,12,2022,2023,8732392118.09,-3168143179.88,-1354248938.22,4210000000,0,0
kabupaten,12,1273,13,2022,2023,1058001407.43,353392111.65,-571393519.08,840000000,0,1
kabupaten,12,1273,14,2022,2023,13178701866.3,-8118987014.57,1500285148.28,6560000000,1,0
kabupaten,12,1273,15,2022,2023,9440897556.57,4466221423.6,-6657118980.17,7250000000,0,1
kabupaten,12,1273,16,2022,2023,2391894331.89,675826658.29,-477720990.18,2590000000,0,1
kabupaten,12,1273,17,2022,2023,697990516.78,622688282.23,-760678799.01,560000000,0,1
kabupaten,12,1273,1,2023,2024,35535074803.49,-9282660541.55,-7622414261.94,18630000000,0,0
kabupaten,12,1273,2,2023,2024,5029307.46,-1007182.91,-4022124.55,0,0,0
kabupaten,12,1273,3,2023,2024,9077899968.91,-735493161.17,-1082406807.74,7260000000,0,0
kabupaten,12,1273,4,2023,2024,258506403.55,-121238540.48,-47267863.06,90000000,0,0
kabupaten,12,1273,5,2023,2024,616593094.84,-303575394.06,-63017700.78,250000000,0,0
kabupaten,12,1273,6,2023,2024,21689894291.36,6432275233.3,-15532169524.66,12590000000,0,1
kabupaten,12,1273,7,2023,2024,55007547434.86,-6401950624.58,3204403189.72,51810000000,1,0
kabupaten,12,1273,8,2023,2024,18344901898.38,5107637365.27,-4512539263.66,18940000000,0,1
kabupaten,12,1273,9,2023,2024,10463474174.69,14503733751.28,-13597207925.96,11370000000,0,1
kabupaten,12,1273,10,2023,2024,3413390974.46,1617846806.78,-4391237781.24,640000000,0,1
kabupaten,12,1273,11,2023,2024,5087647428.56,-1170195750.4,1242548321.84,5160000000,1,0
kabupaten,12,1273,12,2023,2024,8982846057.87,670305663.53,-5863151721.4,3790000000,0,1
kabupaten,12,1273,13,2023,2024,1104938849.4,22881918.57,-157820767.97,970000000,0,1
kabupaten,12,1273,14,2023,2024,13567059809.49,2845674262.16,-5702734071.64,10710000000,0,1
kabupaten,12,1273,15,2023,2024,9847384010.59,1243889158.85,-3271273169.44,7820000000,0,1
kabupaten,12,1273,16,2023,2024,2532759237.86,53935006.98,-336694244.84,2250000000,0,1
kabupaten,12,1273,17,2023,2024,729249581.99,218890865.8,-338140447.79,610000000,0,1
kabupaten,12,1273,1,2024,2025,21404185948.11,14012540667.36,-30456726615.47,4960000000,0,1
kabupaten,12,1273,2,2024,2025,2951528.01,-1250744.11,-1700783.89,-0,0,0
kabupaten,12,1273,3,2024,2025,5541788984.43,1002001547.17,-1413790531.6,5130000000,0,1
kabupaten,12,1273,4,2024,2025,154364914.72,18517181.85,-222882096.57,-50000000,0,1
kabupaten,12,1273,5,2024,2025,369236153.57,401442888.68,-810679042.26,-40000000,0,1
kabupaten,12,1273,6,2024,2025,13100652208.29,-13204225194.26,-66427014.03,-170000000,0,0
kabupaten,12,1273,7,2024,2025,33811229074.94,36584409151.44,-13605638226.38,56790000000,0,1
kabupaten,12,1273,8,2024,2025,11325012959.76,-100394951764.21,111789938804.45,22720000000,1,0
kabupaten,12,1273,9,2024,2025,6476242751.19,3120768645.66,-317011396.84,9280000000,0,1
kabupaten,12,1273,10,2024,2025,2022091837.04,2445763252.82,-3177855089.86,1290000000,0,1
kabupaten,12,1273,11,2024,2025,3138064576.18,159004351.11,-1947068927.29,1350000000,0,1
kabupaten,12,1273,12,2024,2025,5383587083.3,10380167198.1,-10813754281.39,4950000000,0,1
kabupaten,12,1273,13,2024,2025,677080524.62,1719048518.86,-1356129043.48,1040000000,0,1
kabupaten,12,1273,14,2024,2025,8278150598.97,-9950326187.69,4612175588.72,2940000000,1,0
kabupaten,12,1273,15,2024,2025,6009901326.21,2466903891.25,-566805217.46,7910000000,0,1
kabupaten,12,1273,16,2024,2025,1552798884.06,2835089392.59,-857888276.65,3530000000,0,1
kabupaten,12,1273,17,2024,2025,445975881.74,61991520.6,532032597.67,1040000000,1,1
kabupaten,12,1274,1,2021,2022,44828589626.21,2881311552.58,-28189901178.79,19520000000,0,1
kabupaten,12,1274,2,2021,2022,5964450606.61,-2662762977.79,-251687628.82,3050000000,0,0
kabupaten,12,1274,3,2021,2022,55413209608.68,-32167663467.64,9784453858.96,33030000000,1,0
kabupaten,12,1274,4,2021,2022,2037920895.69,36793270.51,715285833.8,2790000000,1,1
kabupaten,12,1274,5,2021,2022,488571807.59,-264513951.44,-104057856.15,120000000,0,0
kabupaten,12,1274,6,2021,2022,40232045579.54,-14417409690.4,-8404635889.14,17410000000,0,0
kabupaten,12,1274,7,2021,2022,62535301345.47,24447593674.8,16257104979.73,103240000000,1,1
kabupaten,12,1274,8,2021,2022,16785323880.95,29264985562.15,-22140309443.1,23910000000,0,1
kabupaten,12,1274,9,2021,2022,6669902936.14,3574412765.15,-2004315701.29,8240000000,0,1
kabupaten,12,1274,10,2021,2022,3606642753.72,2193118234.74,-1839760988.46,3960000000,0,1
kabupaten,12,1274,11,2021,2022,4980691899.25,-960382346.34,-60309552.91,3960000000,0,0
kabupaten,12,1274,12,2021,2022,8963922400.22,-373295372.57,-2860627027.66,5730000000,0,0
kabupaten,12,1274,13,2021,2022,866577074.59,743073155.72,-289650230.31,1320000000,0,1
kabupaten,12,1274,14,2021,2022,15724074093.86,-18163387038.03,-3550687055.83,-5990000000,0,0
kabupaten,12,1274,15,2021,2022,4606466684.93,400613819.57,692919495.5,5700000000,1,1
kabupaten,12,1274,16,2021,2022,2131004692.69,47259199.47,141736107.84,2320000000,1,1
kabupaten,12,1274,17,2021,2022,2887960239.85,2443364057.59,-1411324297.43,3920000000,0,1
kabupaten,12,1274,1,2022,2023,48481800414.36,-19023309833.58,-1408490580.78,28050000000,0,0
kabupaten,12,1274,2,2022,2023,6473186083.87,-1906854782.06,-196331301.81,4370000000,0,0
kabupaten,12,1274,3,2022,2023,60374677569.69,-18638146577.67,12723469007.97,54460000000,1,0
kabupaten,12,1274,4,2022,2023,2299262878.8,-1305746606.59,-493516272.21,500000000,0,0
kabupaten,12,1274,5,2022,2023,523743242.86,-221487601.11,7744358.25,310000000,1,0
kabupaten,12,1274,6,2022,2023,43505238186.05,12048748389.14,-16963986575.2,38590000000,0,1
kabupaten,12,1274,7,2022,2023,71437376621.14,11272072502.47,-8709449123.61,74000000000,0,1
kabupaten,12,1274,8,2022,2023,18984440777.38,30371501790.5,-27165942567.88,22190000000,0,1
kabupaten,12,1274,9,2022,2023,7480615725.02,7783015912,-3303631637.02,11960000000,0,1
kabupaten,12,1274,10,2022,2023,4020205064,2243811012.13,-1904016076.13,4360000000,0,1
kabupaten,12,1274,11,2022,2023,5476271364.43,538175597.06,-384446961.49,5630000000,0,1
kabupaten,12,1274,12,2022,2023,9785887130.51,-3550354948.82,864467818.32,7100000000,1,0
kabupaten,12,1274,13,2022,2023,984396955.51,328806858.26,-373203813.78,940000000,0,1
kabupaten,12,1274,14,2022,2023,16362720299.72,-10080561422.85,26067841123.12,32350000000,1,0
kabupaten,12,1274,15,2022,2023,5166832240.06,2444282093.35,-1381114333.41,6230000000,0,1
kabupaten,12,1274,16,2022,2023,2374369462.39,670875029.02,-1635244491.4,1410000000,0,1
kabupaten,12,1274,17,2022,2023,3256621464.22,2905283061.44,-901904525.66,5260000000,0,1
kabupaten,12,1274,1,2023,2024,50107493174.63,-13089344888.12,-37128148286.51,-110000000,0,0
kabupaten,12,1274,2,2023,2024,6721669422.96,-1346099964.85,-1355569458.11,4020000000,0,0
kabupaten,12,1274,3,2023,2024,63381344359.08,-5135168428.96,46863824069.88,105110000000,1,0
kabupaten,12,1274,4,2023,2024,2334604523.86,-1094920826.71,1180316302.86,2420000000,1,0
kabupaten,12,1274,5,2023,2024,541656413.66,-266680831.48,145024417.83,420000000,1,0
kabupaten,12,1274,6,2023,2024,45638953494.65,13534520099.27,-8223473593.92,50950000000,0,1
kabupaten,12,1274,7,2023,2024,75475822943.7,-8784112623.95,21008289680.25,87700000000,1,0
kabupaten,12,1274,8,2023,2024,20184622567.98,5619857386.17,-5154479954.15,20650000000,0,1
kabupaten,12,1274,9,2023,2024,8115290520.68,11248846325.91,-11124136846.59,8240000000,0,1
kabupaten,12,1274,10,2023,2024,4257308766.58,2017838989.15,-2145147755.73,4130000000,0,1
kabupaten,12,1274,11,2023,2024,5783703581.3,-1330293705.97,-2403409875.33,2050000000,0,0
kabupaten,12,1274,12,2023,2024,10186359333.53,760112586.59,-4636471920.12,6310000000,0,1
kabupaten,12,1274,13,2023,2024,1036037337.17,21455053.37,-387492390.54,670000000,0,1
kabupaten,12,1274,14,2023,2024,18062254819.02,3788535937.54,-10560790756.56,11290000000,0,1
kabupaten,12,1274,15,2023,2024,5503068224.92,695129477.84,-2338197702.76,3860000000,0,1
kabupaten,12,1274,16,2023,2024,2455810833.69,52296393.78,601892772.52,3110000000,1,1
kabupaten,12,1274,17,2023,2024,3535603145.78,1061243301.07,183153553.14,4780000000,1,1
kabupaten,12,1274,1,2024,2025,29403121997.69,19249152653.54,-35762274651.23,12890000000,0,1
kabupaten,12,1274,2,2024,2025,4063368606.13,-1721899419.15,1368530813.03,3710000000,1,0
kabupaten,12,1274,3,2024,2025,40298687632.56,7286337944.34,37754974423.1,85340000000,1,1
kabupaten,12,1274,4,2024,2025,1441526278.22,172921445.8,85552275.98,1700000000,1,1
kabupaten,12,1274,5,2024,2025,330275983.89,359084406.42,-279360390.32,410000000,0,1
kabupaten,12,1274,6,2024,2025,28287739564.15,-28511380769.68,9603641205.53,9380000000,1,0
kabupaten,12,1274,7,2024,2025,46882661155.97,50727953545.74,26599385298.29,124210000000,1,1
kabupaten,12,1274,8,2024,2025,12455153033.33,-110413514972.58,133228361939.24,35270000000,1,0
kabupaten,12,1274,9,2024,2025,5005791498.5,2412188325.14,4932020176.35,12350000000,1,1
kabupaten,12,1274,10,2024,2025,2620366563.9,3169389309.37,-2379755873.27,3410000000,0,1
kabupaten,12,1274,11,2024,2025,3454763531.25,175051347.79,-199814879.04,3430000000,0,1
kabupaten,12,1274,12,2024,2025,6164266240.93,11885405259.44,-3449671500.38,14600000000,0,1
kabupaten,12,1274,13,2024,2025,627790006.92,1593904184.66,-921694191.58,1300000000,0,1
kabupaten,12,1274,14,2024,2025,10933345193.34,-13141866615.7,2478521422.36,270000000,1,0
kabupaten,12,1274,15,2024,2025,3343490925.42,1372413676.46,1184095398.13,5900000000,1,1
kabupaten,12,1274,16,2024,2025,1533023646.42,2798983901.37,-1692007547.79,2640000000,0,1
kabupaten,12,1274,17,2024,2025,2216007227.05,308029342.58,1745963430.37,4270000000,1,1
kabupaten,12,1275,1,2021,2022,12068763162.01,775707355.82,-5924470517.83,6920000000,0,1
kabupaten,12,1275,2,2021,2022,11566488663.49,-5163730882.79,-722757780.7,5680000000,0,0
kabupaten,12,1275,3,2021,2022,41060349620.85,-23835751760.17,7575402139.33,24800000000,1,0
kabupaten,12,1275,4,2021,2022,685134546.43,12369636.5,252495817.07,950000000,1,1
kabupaten,12,1275,5,2021,2022,462111438.9,-250188244.21,-151923194.7,60000000,0,0
kabupaten,12,1275,6,2021,2022,44782756487.59,-16048185918.62,-24544570568.97,4190000000,0,0
kabupaten,12,1275,7,2021,2022,118835878318.42,46457779919.65,-27753658238.07,137540000000,0,1
kabupaten,12,1275,8,2021,2022,29750432032.33,51869476577.79,-45149908610.12,36470000000,0,1
kabupaten,12,1275,9,2021,2022,21588825811.3,11569489886.62,10551684302.08,43710000000,1,1
kabupaten,12,1275,10,2021,2022,13921933983.46,8465614524.87,-957548508.33,21430000000,0,1
kabupaten,12,1275,11,2021,2022,12910769894.25,-2489468478.46,4608698584.21,15030000000,1,0
kabupaten,12,1275,12,2021,2022,27648250241.25,-1151389248.35,2433139007.1,28930000000,1,0
kabupaten,12,1275,13,2021,2022,2743373225.22,2352389717.61,-1135762942.84,3960000000,0,1
kabupaten,12,1275,14,2021,2022,23276146821.86,-26887030737.44,1380883915.58,-2230000000,1,0
kabupaten,12,1275,15,2021,2022,18694250479.28,1625795995.23,-11410046474.52,8910000000,0,1
kabupaten,12,1275,16,2021,2022,3752647288.1,83222297.61,-465869585.71,3370000000,0,1
kabupaten,12,1275,17,2021,2022,1947672138.2,1647831584.65,-2485503722.84,1110000000,0,1
kabupaten,12,1275,1,2022,2023,13135640758.38,-5154168406.98,-421472351.4,7560000000,0,0
kabupaten,12,1275,2,2022,2023,12541297326.94,-3694383642.2,-4716913684.74,4130000000,0,0
kabupaten,12,1275,3,2022,2023,44753008894.67,-13815612325.34,-1847396569.33,29090000000,0,0
kabupaten,12,1275,4,2022,2023,773597810.92,-439324587.8,355726776.88,690000000,1,0
kabupaten,12,1275,5,2022,2023,492699188.31,-208359272.94,-24339915.37,260000000,0,0
kabupaten,12,1275,6,2022,2023,47665642206.08,13200969669.26,-32676611875.34,28190000000,0,1
kabupaten,12,1275,7,2022,2023,132815978858.08,20956975381.6,-7092954239.68,146680000000,0,1
kabupaten,12,1275,8,2022,2023,33352330217.1,53357397712.4,-32079727929.5,54630000000,0,1
kabupaten,12,1275,9,2022,2023,25066071205.5,26079354723.61,-3815425929.11,47330000000,0,1
kabupaten,12,1275,10,2022,2023,15825958582.37,8832997217.63,-5538955800,19120000000,0,1
kabupaten,12,1275,11,2022,2023,14433983233.27,1418486599.3,-4172469832.57,11680000000,0,1
kabupaten,12,1275,12,2022,2023,30747133187.83,-11155170197.63,-381962990.2,19210000000,0,0
kabupaten,12,1275,13,2022,2023,3105406875.94,1037263547.78,-292670423.72,3850000000,0,1
kabupaten,12,1275,14,2022,2023,24553844305.45,-15126857341.21,-2926986964.24,6500000000,0,0
kabupaten,12,1275,15,2022,2023,20256245592.74,9582656467.34,-10558902060.09,19280000000,0,1
kabupaten,12,1275,16,2022,2023,4145382703.31,1171272535.9,-1486655239.21,3830000000,0,1
kabupaten,12,1275,17,2022,2023,2119507788.76,1890846125.32,-2500353914.07,1510000000,0,1
kabupaten,12,1275,1,2023,2024,13574100839.93,-3545898550.96,601797711.02,10630000000,1,0
kabupaten,12,1275,2,2023,2024,12804616798.25,-2564287699.59,-18910329098.65,-8670000000,0,0
kabupaten,12,1275,3,2023,2024,46414472705.29,-3760509299.59,-11233963405.69,31420000000,0,0
kabupaten,12,1275,4,2023,2024,811730224.37,-380698452.03,18968227.66,450000000,1,0
kabupaten,12,1275,5,2023,2024,507960053.66,-250090659.05,-207869394.61,50000000,0,0
kabupaten,12,1275,6,2023,2024,49294757088.77,14618671759.97,-33553428848.75,30360000000,0,1
kabupaten,12,1275,7,2023,2024,140781883268.49,-16384636428.07,32522753159.58,156920000000,1,0
kabupaten,12,1275,8,2023,2024,36247727670.86,10092190696,11890081633.14,58230000000,1,1
kabupaten,12,1275,9,2023,2024,27557587307.27,38198393999.88,-11445981307.15,54310000000,0,1
kabupaten,12,1275,10,2023,2024,16857735681.87,7990070298.57,52194019.56,24900000000,1,1
kabupaten,12,1275,11,2023,2024,15085407732.26,-3469753018.3,-4685654713.96,6930000000,0,0
kabupaten,12,1275,12,2023,2024,31849598295.34,2376637201.72,-21326235497.06,12900000000,0,1
kabupaten,12,1275,13,2023,2024,3312804825.22,68604095.41,-651408920.63,2730000000,0,1
kabupaten,12,1275,14,2023,2024,24989622917.18,5241542954.41,-18721165871.58,11510000000,0,1
kabupaten,12,1275,15,2023,2024,21315713816.19,2692530859.02,-7738244675.2,16270000000,0,1
kabupaten,12,1275,16,2023,2024,4356386123.58,92769068.8,-759155192.38,3690000000,0,1
kabupaten,12,1275,17,2023,2024,2204848391.34,661805210.8,-536653602.14,2330000000,0,1
kabupaten,12,1275,1,2024,2025,8279921515.77,5420562933.04,7679515551.18,21380000000,1,1
kabupaten,12,1275,2,2024,2025,7258692825.63,-3075954994.93,-10522737830.7,-6340000000,0,0
kabupaten,12,1275,3,2024,2025,28166431763.1,5092725162.26,-2659156925.36,30600000000,0,1
kabupaten,12,1275,4,2024,2025,489658496.23,58738058.68,-328396554.9,220000000,0,1
kabupaten,12,1275,5,2024,2025,299580092.63,325711056.76,-115291149.39,510000000,0,1
kabupaten,12,1275,6,2024,2025,29825485655.38,-30061284191.08,-244201464.3,-480000000,0,0
kabupaten,12,1275,7,2024,2025,87251595155.07,94407927295.2,-10439522450.27,171220000000,0,1
kabupaten,12,1275,8,2024,2025,22991222557.04,-203814572911.77,264783350354.73,83960000000,1,0
kabupaten,12,1275,9,2024,2025,17775577417.3,8565686431.71,3448736150.99,29790000000,1,1
kabupaten,12,1275,10,2024,2025,10628157197.5,12854983063.88,-3673140261.38,19810000000,0,1
kabupaten,12,1275,11,2024,2025,9057649145.41,458947096.2,-6586596241.61,2930000000,0,1
kabupaten,12,1275,12,2024,2025,19072183670.42,36773335745.98,-9355519416.4,46490000000,0,1
kabupaten,12,1275,13,2024,2025,2024748212.25,5140659476.63,-2055407688.88,5110000000,0,1
kabupaten,12,1275,14,2024,2025,15005273230.68,-18036318788.32,-8388954442.37,-11420000000,0,0
kabupaten,12,1275,15,2024,2025,12989674755.26,5331914362.72,-981589117.98,17340000000,0,1
kabupaten,12,1275,16,2024,2025,2665524942.39,4866696883.58,-1762221825.97,5770000000,0,1
kabupaten,12,1275,17,2024,2025,1362720480.46,189420814.42,1077858705.12,2630000000,1,1
kabupaten,12,1276,1,2021,2022,26994301129.35,1735030977.92,-540699332107.26,-511970000000,0,1
kabupaten,12,1276,2,2021,2022,325557036.2,-145341336.58,69784300.38,250000000,1,0
kabupaten,12,1276,3,2021,2022,23646591983.51,-13726972656.05,-3759619327.47,6160000000,0,0
kabupaten,12,1276,4,2021,2022,386510385.5,6978181.14,-23488566.65,370000000,0,1
kabupaten,12,1276,5,2021,2022,444156188.72,-240467228.58,116311039.86,320000000,1,0
kabupaten,12,1276,6,2021,2022,27669513037.52,-9915546168.46,-4853966869.05,12900000000,0,0
kabupaten,12,1276,7,2021,2022,45737692293.34,17880724850.64,-23938417143.98,39680000000,0,1
kabupaten,12,1276,8,2021,2022,15014841711.66,26178173803.86,-11543015515.52,29650000000,0,1
kabupaten,12,1276,9,2021,2022,8317533393.66,4457380837.69,1345085768.65,14120000000,1,1
kabupaten,12,1276,10,2021,2022,5619993307.06,3417391364.34,2082615328.6,11120000000,1,1
kabupaten,12,1276,11,2021,2022,9384453259.76,-1809520328.31,695067068.55,8270000000,1,0
kabupaten,12,1276,12,2021,2022,15304488247.5,-637343161.54,492854914.04,15160000000,1,0
kabupaten,12,1276,13,2021,2022,792393540.94,679462204,-481855744.94,990000000,0,1
kabupaten,12,1276,14,2021,2022,18832222401.74,-21753709771.86,3271487370.12,350000000,1,0
kabupaten,12,1276,15,2021,2022,11855662692.74,1031059734.01,-546722426.75,12340000000,0,1
kabupaten,12,1276,16,2021,2022,2239681206.95,49669313.86,1930649479.19,4220000000,1,1
kabupaten,12,1276,17,2021,2022,1902311506.16,1609454138.72,-81765644.87,3430000000,0,1
kabupaten,12,1276,1,2022,2023,2970715736.05,-1165650726.49,44934990.44,1850000000,1,0
kabupaten,12,1276,2,2022,2023,357507337.86,-105313607.24,77806269.38,330000000,1,0
kabupaten,12,1276,3,2022,2023,25366497539.84,-7830840980.7,-20225656559.13,-2690000000,0,0
kabupaten,12,1276,4,2022,2023,428107526.43,-243121373.83,-124986152.6,60000000,0,0
kabupaten,12,1276,5,2022,2023,486690661.63,-205818306.2,-80872355.43,200000000,0,0
kabupaten,12,1276,6,2022,2023,29967026139.67,8299349066.51,-21256375206.17,17010000000,0,1
kabupaten,12,1276,7,2022,2023,50454600009.85,7961209331.78,-16065809341.63,42350000000,0,1
kabupaten,12,1276,8,2022,2023,17395686179.29,27829795996.46,-24125482175.75,21100000000,0,1
kabupaten,12,1276,9,2022,2023,9521011245.73,9905893411.43,-9076904657.16,10350000000,0,1
kabupaten,12,1276,10,2022,2023,6512241507.34,3634699965.59,433058527.07,10580000000,1,1
kabupaten,12,1276,11,2022,2023,10358700007.98,1017991839.81,-566691847.79,10810000000,0,1
kabupaten,12,1276,12,2022,2023,16977092153.44,-6159349922.99,2062257769.54,12880000000,1,0
kabupaten,12,1276,13,2022,2023,889261949.64,297030000.14,243708050.22,1430000000,1,1
kabupaten,12,1276,14,2022,2023,19973844838.47,-12305262575.93,5111417737.46,12780000000,1,0
kabupaten,12,1276,15,2022,2023,13181205419.08,6235655209.56,483139371.36,19900000000,1,1
kabupaten,12,1276,16,2022,2023,2584667896.42,730294580.3,125037523.28,3440000000,1,1
kabupaten,12,1276,17,2022,2023,2187604424.54,1951596201.63,-79200626.17,4060000000,0,1
kabupaten,12,1276,1,2023,2024,3076930305.25,-803772039.08,-2033158266.17,240000000,0,0
kabupaten,12,1276,2,2023,2024,375689267.41,-75236563.69,-170452703.72,130000000,0,0
kabupaten,12,1276,3,2023,2024,25343686162.5,-2053350214.82,-32980335947.68,-9690000000,0,0
kabupaten,12,1276,4,2023,2024,433023372.48,-203086348.94,-49937023.53,180000000,0,0
kabupaten,12,1276,5,2023,2024,498907300.23,-245633597.8,-33273702.43,220000000,0,0
kabupaten,12,1276,6,2023,2024,30955387428.6,9180015781.53,-31945403210.12,8190000000,0,1
kabupaten,12,1276,7,2023,2024,52808231281.73,-6145987323.6,19647756041.87,66310000000,1,0
kabupaten,12,1276,8,2023,2024,18534003858.96,5160287646.26,-14874291505.22,8820000000,0,1
kabupaten,12,1276,9,2023,2024,10083761461.31,13977402629.8,-11201164091.11,12860000000,0,1
kabupaten,12,1276,10,2023,2024,7073218014.55,3352497051.8,-2885715066.35,7540000000,0,1
kabupaten,12,1276,11,2023,2024,10948299414.02,-2518188146.54,549888732.51,8980000000,1,0
kabupaten,12,1276,12,2023,2024,17700144681.76,1320796009.31,-7370940691.06,11650000000,0,1
kabupaten,12,1276,13,2023,2024,965124101.96,19986527.87,-275110629.83,710000000,0,1
kabupaten,12,1276,14,2023,2024,20705155890.3,4342881216.59,-10298037106.89,14750000000,0,1
kabupaten,12,1276,15,2023,2024,14240484078.65,1798811109.95,-5709295188.6,10330000000,0,1
kabupaten,12,1276,16,2023,2024,2769136688.58,58968655.37,-208105343.95,2620000000,0,1
kabupaten,12,1276,17,2023,2024,2401494313.1,720830264.95,-162324578.06,2960000000,0,1
kabupaten,12,1276,1,2024,2025,1812828501.4,1186792768.5,-1149621269.9,1850000000,0,1
kabupaten,12,1276,2,2024,2025,224316128.47,-95056552.52,-49259575.95,80000000,0,0
kabupaten,12,1276,3,2024,2025,14587336865.01,2637511848.41,-13294848713.42,3930000000,0,1
kabupaten,12,1276,4,2024,2025,259439311.74,31121611.56,-300560923.3,-10000000,0,1
kabupaten,12,1276,5,2024,2025,299284939.83,325390159.17,-804675099,-180000000,0,1
kabupaten,12,1276,6,2024,2025,18408385021.83,-18553920631.3,18145535609.48,18000000000,1,0
kabupaten,12,1276,7,2024,2025,32948497438.73,35650916698.47,5690585862.8,74290000000,1,1
kabupaten,12,1276,8,2024,2025,11137295778.57,-98730860304.16,95723564525.59,8130000000,1,0
kabupaten,12,1276,9,2024,2025,6297380154.01,3034578426.02,2158041419.97,11490000000,1,1
kabupaten,12,1276,10,2024,2025,4373574199.58,5289931379.39,-7033505578.97,2630000000,0,1
kabupaten,12,1276,11,2024,2025,6690228531.64,338990935.53,-5839219467.17,1190000000,0,1
kabupaten,12,1276,12,2024,2025,10731460677.72,20691474734.41,-24822935412.13,6600000000,0,1
kabupaten,12,1276,13,2024,2025,587354073.23,1491240868.59,-1868594941.82,210000000,0,1
kabupaten,12,1276,14,2024,2025,12586496029.61,-15128951757.69,1282455728.08,-1260000000,1,0
kabupaten,12,1276,15,2024,2025,8662144392.58,3555578793.85,-5397723186.42,6820000000,0,1
kabupaten,12,1276,16,2024,2025,1702441353.97,3108305572.41,-3190746926.39,1620000000,0,1
kabupaten,12,1276,17,2024,2025,1496719851.94,208046989.37,1095233158.69,2800000000,1,1
kabupaten,12,1277,1,2021,2022,23883790288.55,1535106088.58,-6638896377.13,18780000000,0,1
kabupaten,12,1277,2,2021,2022,944068154.32,-421468781.56,267400627.24,790000000,1,0
kabupaten,12,1277,3,2021,2022,7665946814.68,-4450122976.76,854176162.08,4070000000,1,0
kabupaten,12,1277,4,2021,2022,495186899.76,8940261.42,-4127161.18,500000000,0,1
kabupaten,12,1277,5,2021,2022,429508484.62,-232536926.36,-36971558.26,160000000,0,0
kabupaten,12,1277,6,2021,2022,24397877451.67,-8743134725.81,5365257274.14,21020000000,1,0
kabupaten,12,1277,7,2021,2022,46810754745.02,18300228622.79,-9320983367.81,55790000000,0,1
kabupaten,12,1277,8,2021,2022,13418714471.77,23395347510.96,-15074061982.73,21740000000,0,1
kabupaten,12,1277,9,2021,2022,12742557550.43,6828759099.64,8638683349.93,28210000000,1,1
kabupaten,12,1277,10,2021,2022,7339444765.31,4462951073,1407604161.69,13210000000,1,1
kabupaten,12,1277,11,2021,2022,11398748826.26,-2197918956.75,-1720829869.51,7480000000,0,0
kabupaten,12,1277,12,2021,2022,8563709323.79,-356628819.38,-787080504.41,7420000000,0,0
kabupaten,12,1277,13,2021,2022,981868681.02,841933488.32,-1083802169.34,740000000,0,1
kabupaten,12,1277,14,2021,2022,19354814683.36,-22357373034.79,532558351.44,-2470000000,1,0
kabupaten,12,1277,15,2021,2022,23544058054.84,2047572612.74,878369332.42,26470000000,1,1
kabupaten,12,1277,16,2021,2022,2511372492.6,55694599.82,-467067092.43,2100000000,0,1
kabupaten,12,1277,17,2021,2022,906267627.62,766749388.49,-463017016.11,1210000000,0,1
kabupaten,12,1277,1,2022,2023,26249750962.79,-10299888645.88,4810137683.09,20760000000,1,0
kabupaten,12,1277,2,2022,2023,1039975827.37,-306353448.51,356377621.14,1090000000,1,0
kabupaten,12,1277,3,2022,2023,8327317277.29,-2570709546.79,-2866607730.5,2890000000,0,0
kabupaten,12,1277,4,2022,2023,549780191.84,-312219027.45,-17561164.39,220000000,0,0
kabupaten,12,1277,5,2022,2023,463157265.44,-195866186.45,-147291078.98,120000000,0,0
kabupaten,12,1277,6,2022,2023,26906683213.88,7451789015.47,-13918472229.35,20440000000,0,1
kabupaten,12,1277,7,2022,2023,52398358393.02,8267914119.37,10973727487.61,71640000000,1,1
kabupaten,12,1277,8,2022,2023,15308223866.2,24490252518.56,-23428476384.75,16370000000,0,1
kabupaten,12,1277,9,2022,2023,14915666789.33,15518625234.45,-5424292023.77,25010000000,0,1
kabupaten,12,1277,10,2022,2023,8438975731.56,4710074828.55,1730949439.9,14880000000,1,1
kabupaten,12,1277,11,2022,2023,12453672979.43,1223873406.79,-3287546386.22,10390000000,0,1
kabupaten,12,1277,12,2022,2023,9446405372.7,-3427189749.52,-2029215623.19,3990000000,0,0
kabupaten,12,1277,13,2022,2023,1077529119.16,359914729.9,-1257443849.06,180000000,0,1
kabupaten,12,1277,14,2022,2023,20386430337.62,-12559443628.36,-8366986709.27,-540000000,0,0
kabupaten,12,1277,15,2022,2023,26274786490.65,12429857820.39,1435355688.96,40140000000,1,1
kabupaten,12,1277,16,2022,2023,2766425828.7,781650049.63,-898075878.32,2650000000,0,1
kabupaten,12,1277,17,2022,2023,1020948826.19,910804452.99,-511753279.19,1420000000,0,1
kabupaten,12,1277,1,2023,2024,27410228598.64,-7160245162.12,-9199983436.51,11050000000,0,0
kabupaten,12,1277,2,2023,2024,1099406611.19,-220170185.05,630763573.85,1510000000,1,0
kabupaten,12,1277,3,2023,2024,8509588225.7,-689448436.95,1179860211.25,9000000000,1,0
kabupaten,12,1277,4,2023,2024,563282435.74,-264177364.48,894928.74,300000000,1,0
kabupaten,12,1277,5,2023,2024,471246109.19,-232014799.54,10768690.35,250000000,1,0
kabupaten,12,1277,6,2023,2024,28053979953.77,8319585057.83,-53213565011.6,-16840000000,0,1
kabupaten,12,1277,7,2023,2024,56233692594.09,-6544653237.84,22910960643.75,72600000000,1,0
kabupaten,12,1277,8,2023,2024,16199399335.1,4510280719.8,2680319945.1,23390000000,1,1
kabupaten,12,1277,9,2023,2024,16239633794.79,22510240943.46,-12419874738.25,26330000000,0,1
kabupaten,12,1277,10,2023,2024,9224755746.8,4372262579.92,-737018326.72,12860000000,0,1
kabupaten,12,1277,11,2023,2024,13031438564.78,-2997325236.11,5455886671.33,15490000000,1,0
kabupaten,12,1277,12,2023,2024,9688960825.54,722996394.82,1138042779.64,11550000000,1,1
kabupaten,12,1277,13,2023,2024,1091359719.25,22600711.56,56039569.19,1170000000,1,1
kabupaten,12,1277,14,2023,2024,20449667071.23,4289292748.13,3721040180.64,28460000000,1,1
kabupaten,12,1277,15,2023,2024,28410054922.08,3588664693.27,6091280384.65,38090000000,1,1
kabupaten,12,1277,16,2023,2024,2911969020.5,62010264.18,86020715.32,3060000000,1,1
kabupaten,12,1277,17,2023,2024,1096891957.46,329242054,-146134011.46,1280000000,0,1
kabupaten,12,1277,1,2024,2025,16412266631.24,10744512973.83,-4936779605.06,22220000000,0,1
kabupaten,12,1277,2,2024,2025,689772095.05,-292298899,782526803.95,1180000000,1,0
kabupaten,12,1277,3,2024,2025,5259622907.04,950983573.21,1129393519.75,7340000000,1,1
kabupaten,12,1277,4,2024,2025,339425720.71,40716556.65,-30142277.36,350000000,0,1
kabupaten,12,1277,5,2024,2025,283936994.2,308703484.34,-332640478.54,260000000,0,1
kabupaten,12,1277,6,2024,2025,15966881055.1,-16093114277.79,-2903766777.31,-3030000000,0,0
kabupaten,12,1277,7,2024,2025,35144434275.34,38026963174.72,4058602549.94,77230000000,1,1
kabupaten,12,1277,8,2024,2025,10197234108.6,-90397320523.89,104280086415.29,24080000000,1,0
kabupaten,12,1277,9,2024,2025,10307621256.03,4967031419.75,2285347324.22,17560000000,1,1
kabupaten,12,1277,10,2024,2025,5793259170.56,7007070665.05,-3650329835.61,9150000000,0,1
kabupaten,12,1277,11,2024,2025,8104895905.01,410671508.79,3854432586.21,12370000000,1,1
kabupaten,12,1277,12,2024,2025,6027020188.65,11620779286.47,-9837799475.11,7810000000,0,1
kabupaten,12,1277,13,2024,2025,675014455.02,1713802947.97,-1648817402.98,740000000,0,1
kabupaten,12,1277,14,2024,2025,12841212896.54,-15435121098.44,12073908201.89,9480000000,1,0
kabupaten,12,1277,15,2024,2025,17797123571.74,7305243631.98,27157632796.28,52260000000,1,1
kabupaten,12,1277,16,2024,2025,1799251472.58,3285060813.01,-2184312285.58,2900000000,0,1
kabupaten,12,1277,17,2024,2025,681507816.63,94730920.62,-206238737.25,570000000,0,1
kabupaten,12,1278,1,2021,2022,24000499414.74,1542607447.79,-14153106862.53,11390000000,0,1
kabupaten,12,1278,2,2021,2022,4352258142.87,-1943017490.97,-279240651.91,2130000000,0,0
kabupaten,12,1278,3,2021,2022,297206641.18,-172530038.98,75323397.8,200000000,1,0
kabupaten,12,1278,4,2021,2022,201287804.68,3634113.9,-4921918.57,200000000,0,1
kabupaten,12,1278,5,2021,2022,174827435.99,-94651994.23,-40175441.76,40000000,0,0
kabupaten,12,1278,6,2021,2022,32659655068.45,-11703795337.43,-14635859731.02,6320000000,0,0
kabupaten,12,1278,7,2021,2022,48488625623.9,18956176617.01,-31234802240.91,36210000000,0,1
kabupaten,12,1278,8,2021,2022,13536841117.71,23601299723.28,-16288140840.99,20850000000,0,1
kabupaten,12,1278,9,2021,2022,5963978100.03,3196106398.53,-1360084498.56,7800000000,0,1
kabupaten,12,1278,10,2021,2022,3996933191.9,2430445060.61,-647378252.51,5780000000,0,1
kabupaten,12,1278,11,2021,2022,5402167771.96,-1041651775.52,119484003.56,4480000000,1,0
kabupaten,12,1278,12,2021,2022,7727845177.15,-321819926.12,-2356025251.03,5050000000,0,0
kabupaten,12,1278,13,2021,2022,464473971.82,398277487.5,-432751459.32,430000000,0,1
kabupaten,12,1278,14,2021,2022,7713669979.64,-8910309916.34,1176639936.7,-20000000,1,0
kabupaten,12,1278,15,2021,2022,9674099795.59,841334223.19,-3775434018.79,6740000000,0,1
kabupaten,12,1278,16,2021,2022,1105192899.38,24509815.42,30297285.2,1160000000,1,1
kabupaten,12,1278,17,2021,2022,522119775.04,441740393.26,-343860168.3,620000000,0,1
kabupaten,12,1278,1,2022,2023,26003401368.63,-10203225885.48,-5390175483.15,10410000000,0,0
kabupaten,12,1278,2,2022,2023,4718696291.34,-1390021617.12,-698674674.21,2630000000,0,0
kabupaten,12,1278,3,2022,2023,324961151.64,-100318110.51,155356958.87,380000000,1,0
kabupaten,12,1278,4,2022,2023,223316908.52,-126821207.87,43504299.35,140000000,1,0
kabupaten,12,1278,5,2022,2023,187265748.4,-79193463.5,-28072284.91,80000000,0,0
kabupaten,12,1278,6,2022,2023,34925562787.92,9672612676.69,-30188175464.6,14410000000,0,1
kabupaten,12,1278,7,2022,2023,53195990310.69,8393772111.8,-17139762422.49,44450000000,0,1
kabupaten,12,1278,8,2022,2023,15388838265.91,24619220256.61,-14548058522.52,25460000000,0,1
kabupaten,12,1278,9,2022,2023,6710522888,6981792453.32,-4962315341.32,8730000000,0,1
kabupaten,12,1278,10,2022,2023,4524921305.69,2525510040.68,-2670431346.37,4380000000,0,1
kabupaten,12,1278,11,2022,2023,5948942130.45,584626887.51,-383569017.96,6150000000,0,1
kabupaten,12,1278,12,2022,2023,8441979994.9,-3062780620,-1189199374.9,4190000000,0,0
kabupaten,12,1278,13,2022,2023,513729031.72,171595033.86,-285324065.58,400000000,0,1
kabupaten,12,1278,14,2022,2023,8173098425.67,-5035190920.93,1592092495.26,4730000000,1,0
kabupaten,12,1278,15,2022,2023,10589026864.3,5009368903.01,-9528395767.32,6070000000,0,1
kabupaten,12,1278,16,2022,2023,1229244418,347321424.77,-746565842.77,830000000,0,1
kabupaten,12,1278,17,2022,2023,584329220.29,521289257.79,-485618478.08,620000000,0,1
kabupaten,12,1278,1,2023,2024,26642253349.19,-6959630597.94,-9092622751.25,10590000000,0,0
kabupaten,12,1278,2,2023,2024,4871890138.44,-975658089,-1806232049.44,2090000000,0,0
kabupaten,12,1278,3,2023,2024,345513422.64,-27993562.42,-27519860.22,290000000,0,0
kabupaten,12,1278,4,2023,2024,231348143.25,-108501417.55,37153274.3,160000000,1,0
kabupaten,12,1278,5,2023,2024,192119545.05,-94588744.31,-17530800.73,80000000,0,0
kabupaten,12,1278,6,2023,2024,35805148614.2,10618243111.85,-18623391726.05,27800000000,0,1
kabupaten,12,1278,7,2023,2024,55667392573.87,-6478745468.14,2861352894.27,52050000000,1,0
kabupaten,12,1278,8,2023,2024,16737535233.53,4660109976.87,-5897645210.4,15500000000,0,1
kabupaten,12,1278,9,2023,2024,7179336402,9951492396.03,-11230828798.04,5900000000,0,1
kabupaten,12,1278,10,2023,2024,4765268820.24,2258597096.54,-3013865916.78,4010000000,0,1
kabupaten,12,1278,11,2023,2024,6284622604.51,-1445508708.67,-269113895.84,4570000000,0,0
kabupaten,12,1278,12,2023,2024,8690140363.59,648463779.19,-3538604142.78,5800000000,0,1
kabupaten,12,1278,13,2023,2024,536124175.45,11102469.36,-147226644.81,400000000,0,1
kabupaten,12,1278,14,2023,2024,8447224813.17,1771795110.73,-2359019923.91,7860000000,0,1
kabupaten,12,1278,15,2023,2024,10941258383.58,1382063771.75,-6853322155.32,5470000000,0,1
kabupaten,12,1278,16,2023,2024,1276438233.86,27181701.3,26380064.85,1330000000,1,1
kabupaten,12,1278,17,2023,2024,618101887.08,185528878.67,-403630765.74,400000000,0,1
kabupaten,12,1278,1,2024,2025,15947991275.86,10440568814.78,-17868560090.65,8520000000,0,1
kabupaten,12,1278,2,2024,2025,2920832114.93,-1237736373.35,1466904258.42,3150000000,1,0
kabupaten,12,1278,3,2024,2025,211329405.24,38210114.39,120460480.37,370000000,1,1
kabupaten,12,1278,4,2024,2025,140492733.09,16853113.88,-97345846.98,60000000,0,1
kabupaten,12,1278,5,2024,2025,115109592.24,125150061.22,-170259653.46,70000000,0,1
kabupaten,12,1278,6,2024,2025,21833338120.21,-22005951207.48,-977386912.73,-1150000000,0,0
kabupaten,12,1278,7,2024,2025,34205553216.57,37011075561.69,813371221.74,72030000000,1,1
kabupaten,12,1278,8,2024,2025,10280172045.57,-91132555901.68,98242383856.11,17390000000,1,0
kabupaten,12,1278,9,2024,2025,4387446381.21,2114220486.63,3788333132.16,10290000000,1,1
kabupaten,12,1278,10,2024,2025,2914929058.92,3525668936.62,-8100597995.54,-1660000000,0,1
kabupaten,12,1278,11,2024,2025,3823114226.42,193715515.42,1083170258.16,5100000000,1,1
kabupaten,12,1278,12,2024,2025,5271133866.26,10163344626.69,-7004478492.95,8430000000,0,1
kabupaten,12,1278,13,2024,2025,326438997.48,828800201.33,-615239198.82,540000000,0,1
kabupaten,12,1278,14,2024,2025,5189376540.49,-6237623811.17,-361752729.32,-1410000000,0,0
kabupaten,12,1278,15,2024,2025,6582497759.41,2701939425.53,945562815.06,10230000000,1,1
kabupaten,12,1278,16,2024,2025,788353130.45,1439369657.41,-857722787.86,1370000000,0,1
kabupaten,12,1278,17,2024,2025,374548903.99,52063030.86,243388065.15,670000000,1,1
