tingkat_wilayah,provinsi_id,kabupaten_id,sektor_id,tahun,pertumbuhan,kontribusi
provinsi,19,,1,2021,0,19.45
provinsi,19,,2,2021,0,11.65
provinsi,19,,3,2021,0,21.44
provinsi,19,,4,2021,0,0.11
provinsi,19,,5,2021,0,0.02
provinsi,19,,6,2021,0,8.85
provinsi,19,,7,2021,0,13.84
provinsi,19,,8,2021,0,3.39
provinsi,19,,9,2021,0,2.56
provinsi,19,,10,2021,0,2.84
provinsi,19,,11,2021,0,1.76
provinsi,19,,12,2021,0,3.48
provinsi,19,,13,2021,0,0.23
provinsi,19,,14,2021,0,5.67
provinsi,19,,15,2021,0,2.53
provinsi,19,,16,2021,0,1.45
provinsi,19,,17,2021,0,0.73
provinsi,19,,1,2022,0.99,18.81
provinsi,19,,2,2022,0.51,11.22
provinsi,19,,3,2022,5.14,21.6
provinsi,19,,4,2022,-3.39,0.1
provinsi,19,,5,2022,4.02,0.02
provinsi,19,,6,2022,-1.06,8.38
provinsi,19,,7,2022,10.77,14.69
provinsi,19,,8,2022,20.98,3.93
provinsi,19,,9,2022,10.39,2.7
provinsi,19,,10,2022,9.86,2.99
provinsi,19,,11,2022,5.57,1.78
provinsi,19,,12,2022,5.11,3.51
provinsi,19,,13,2022,11,0.24
provinsi,19,,14,2022,-1.37,5.35
provinsi,19,,15,2022,3.03,2.5
provinsi,19,,16,2022,2.16,1.42
provinsi,19,,17,2022,7.88,0.76
provinsi,19,,1,2023,3.73,18.7
provinsi,19,,2,2023,-1.2,10.62
provinsi,19,,3,2023,1.92,21.09
provinsi,19,,4,2023,2.39,0.1
provinsi,19,,5,2023,0.28,0.02
provinsi,19,,6,2023,8.94,8.75
provinsi,19,,7,2023,2.36,14.4
provinsi,19,,8,2023,9.48,4.13
provinsi,19,,9,2023,9.92,2.85
provinsi,19,,10,2023,13.82,3.26
provinsi,19,,11,2023,13.91,1.94
provinsi,19,,12,2023,4.14,3.5
provinsi,19,,13,2023,8.86,0.25
provinsi,19,,14,2023,6.63,5.47
provinsi,19,,15,2023,10.74,2.65
provinsi,19,,16,2023,8.82,1.48
provinsi,19,,17,2023,10.97,0.81
provinsi,19,,1,2024,3.13,19.14
provinsi,19,,2,2024,-4.01,10.11
provinsi,19,,3,2024,-3.93,20.1
provinsi,19,,4,2024,5.04,0.1
provinsi,19,,5,2024,3.85,0.02
provinsi,19,,6,2024,-0.57,8.63
provinsi,19,,7,2024,-0.34,14.24
provinsi,19,,8,2024,2.38,4.19
provinsi,19,,9,2024,3.64,2.93
provinsi,19,,10,2024,9.83,3.55
provinsi,19,,11,2024,0.81,1.94
provinsi,19,,12,2024,3.54,3.6
provinsi,19,,13,2024,6.89,0.27
provinsi,19,,14,2024,8.82,5.91
provinsi,19,,15,2024,10.7,2.91
provinsi,19,,16,2024,1.64,1.5
provinsi,19,,17,2024,8.13,0.87
provinsi,19,,1,2025,3.17,18.97
provinsi,19,,2,2025,6.67,10.36
provinsi,19,,3,2025,4.33,20.15
provinsi,19,,4,2025,4.62,0.1
provinsi,19,,5,2025,2.35,0.02
provinsi,19,,6,2025,-1.26,8.19
provinsi,19,,7,2025,4.97,14.36
provinsi,19,,8,2025,5.51,4.25
provinsi,19,,9,2025,9.17,3.07
provinsi,19,,10,2025,8.97,3.72
provinsi,19,,11,2025,0.81,1.88
provinsi,19,,12,2025,3.79,3.58
provinsi,19,,13,2025,7.09,0.27
provinsi,19,,14,2025,-0.12,5.67
provinsi,19,,15,2025,6.72,2.99
provinsi,19,,16,2025,5.53,1.52
provinsi,19,,17,2025,9.05,0.91
provinsi,21,,1,2021,0,2.94
provinsi,21,,2,2021,0,13.68
provinsi,21,,3,2021,0,41.96
provinsi,21,,4,2021,0,0.91
provinsi,21,,5,2021,0,0.12
provinsi,21,,6,2021,0,18.38
provinsi,21,,7,2021,0,7.51
provinsi,21,,8,2021,0,1.39
provinsi,21,,9,2021,0,1.3
provinsi,21,,10,2021,0,3.27
provinsi,21,,11,2021,0,2.67
provinsi,21,,12,2021,0,1.24
provinsi,21,,13,2021,0,0
provinsi,21,,14,2021,0,2.23
provinsi,21,,15,2021,0,1.21
provinsi,21,,16,2021,0,1.04
provinsi,21,,17,2021,0,0.15
provinsi,21,,1,2022,5.26,2.95
provinsi,21,,2,2022,-7,12.11
provinsi,21,,3,2022,4.51,41.74
provinsi,21,,4,2022,16.38,1.01
provinsi,21,,5,2022,8.82,0.13
provinsi,21,,6,2022,5,18.37
provinsi,21,,7,2022,13.86,8.14
provinsi,21,,8,2022,38.37,1.83
provinsi,21,,9,2022,49.71,1.86
provinsi,21,,10,2022,8.66,3.38
provinsi,21,,11,2022,4.17,2.65
provinsi,21,,12,2022,4.64,1.24
provinsi,21,,13,2022,15.16,0
provinsi,21,,14,2022,3.36,2.19
provinsi,21,,15,2022,3.32,1.19
provinsi,21,,16,2022,-0.02,0.99
provinsi,21,,17,2022,69.97,0.24
provinsi,21,,1,2023,1.53,2.85
provinsi,21,,2,2023,-2.65,11.21
provinsi,21,,3,2023,2.46,40.67
provinsi,21,,4,2023,8.03,1.04
provinsi,21,,5,2023,4.45,0.12
provinsi,21,,6,2023,10.49,19.3
provinsi,21,,7,2023,5.87,8.2
provinsi,21,,8,2023,14.92,2
provinsi,21,,9,2023,27.31,2.25
provinsi,21,,10,2023,19.96,3.85
provinsi,21,,11,2023,8.65,2.74
provinsi,21,,12,2023,5.25,1.24
provinsi,21,,13,2023,18.31,0
provinsi,21,,14,2023,5.13,2.19
provinsi,21,,15,2023,3.87,1.17
provinsi,21,,16,2023,-4.82,0.9
provinsi,21,,17,2023,21.51,0.28
provinsi,21,,1,2024,0.57,2.72
provinsi,21,,2,2024,-7.83,9.84
provinsi,21,,3,2024,7.77,41.73
provinsi,21,,4,2024,7.2,1.06
provinsi,21,,5,2024,1.98,0.12
provinsi,21,,6,2024,5.75,19.43
provinsi,21,,7,2024,5.59,8.24
provinsi,21,,8,2024,2.51,1.95
provinsi,21,,9,2024,4.21,2.23
provinsi,21,,10,2024,-0.06,3.67
provinsi,21,,11,2024,7.41,2.8
provinsi,21,,12,2024,5.59,1.25
provinsi,21,,13,2024,4.99,0
provinsi,21,,14,2024,17.86,2.46
provinsi,21,,15,2024,3.94,1.16
provinsi,21,,16,2024,19.6,1.02
provinsi,21,,17,2024,15.95,0.31
provinsi,21,,1,2025,3.49,2.64
provinsi,21,,2,2025,16.01,10.67
provinsi,21,,3,2025,7.52,41.96
provinsi,21,,4,2025,10.37,1.09
provinsi,21,,5,2025,11.7,0.13
provinsi,21,,6,2025,5.3,19.14
provinsi,21,,7,2025,7.55,8.29
provinsi,21,,8,2025,7.18,1.96
provinsi,21,,9,2025,2.87,2.15
provinsi,21,,10,2025,-2.65,3.34
provinsi,21,,11,2025,4.11,2.72
provinsi,21,,12,2025,5.71,1.23
provinsi,21,,13,2025,16.81,0
provinsi,21,,14,2025,-1.46,2.26
provinsi,21,,15,2025,5.48,1.14
provinsi,21,,16,2025,2.67,0.98
provinsi,21,,17,2025,1.96,0.3
provinsi,16,,1,2021,0,16.8
provinsi,16,,2,2021,0,22.08
provinsi,16,,3,2021,0,18.56
provinsi,16,,4,2021,0,0.13
provinsi,16,,5,2021,0,0.11
provinsi,16,,6,2021,0,11.24
provinsi,16,,7,2021,0,10.73
provinsi,16,,8,2021,0,1.83
provinsi,16,,9,2021,0,1.4
provinsi,16,,10,2021,0,3.97
provinsi,16,,11,2021,0,2.39
provinsi,16,,12,2021,0,3.31
provinsi,16,,13,2021,0,0.11
provinsi,16,,14,2021,0,3.14
provinsi,16,,15,2021,0,2.64
provinsi,16,,16,2021,0,0.74
provinsi,16,,17,2021,0,0.84
provinsi,16,,1,2022,3.82,16.57
provinsi,16,,2,2022,6.28,22.3
provinsi,16,,3,2022,4.52,18.43
provinsi,16,,4,2022,1.46,0.12
provinsi,16,,5,2022,0.66,0.11
provinsi,16,,6,2022,1.27,10.81
provinsi,16,,7,2022,10.27,11.25
provinsi,16,,8,2022,11.63,1.94
provinsi,16,,9,2022,14.67,1.52
provinsi,16,,10,2022,8.12,4.08
provinsi,16,,11,2022,-0.6,2.25
provinsi,16,,12,2022,5.23,3.31
provinsi,16,,13,2022,2.9,0.11
provinsi,16,,14,2022,3.7,3.1
provinsi,16,,15,2022,2.24,2.56
provinsi,16,,16,2022,4.15,0.73
provinsi,16,,17,2022,2.05,0.81
provinsi,16,,1,2023,2.16,16.11
provinsi,16,,2,2023,7.95,22.91
provinsi,16,,3,2023,3.88,18.22
provinsi,16,,4,2023,4.3,0.12
provinsi,16,,5,2023,0.11,0.1
provinsi,16,,6,2023,3.55,10.65
provinsi,16,,7,2023,7.19,11.47
provinsi,16,,8,2023,7.5,1.99
provinsi,16,,9,2023,13.14,1.64
provinsi,16,,10,2023,6.35,4.13
provinsi,16,,11,2023,4.6,2.24
provinsi,16,,12,2023,4.28,3.29
provinsi,16,,13,2023,2.03,0.1
provinsi,16,,14,2023,3.73,3.06
provinsi,16,,15,2023,2.23,2.49
provinsi,16,,16,2023,-0.02,0.69
provinsi,16,,17,2023,1.95,0.79
provinsi,16,,1,2024,2.41,15.71
provinsi,16,,2,2024,3.31,22.53
provinsi,16,,3,2024,4.53,18.13
provinsi,16,,4,2024,8.58,0.13
provinsi,16,,5,2024,2.88,0.1
provinsi,16,,6,2024,5.89,10.74
provinsi,16,,7,2024,7.49,11.74
provinsi,16,,8,2024,3.43,1.96
provinsi,16,,9,2024,9.39,1.71
provinsi,16,,10,2024,8.84,4.28
provinsi,16,,11,2024,7.06,2.29
provinsi,16,,12,2024,8.17,3.38
provinsi,16,,13,2024,5.18,0.1
provinsi,16,,14,2024,9.35,3.18
provinsi,16,,15,2024,6.76,2.54
provinsi,16,,16,2024,7.34,0.71
provinsi,16,,17,2024,4.12,0.78
provinsi,16,,1,2025,5.79,15.77
provinsi,16,,2,2025,3.42,22.12
provinsi,16,,3,2025,4.56,18
provinsi,16,,4,2025,6.88,0.13
provinsi,16,,5,2025,1.15,0.1
provinsi,16,,6,2025,6.03,10.81
provinsi,16,,7,2025,8.48,12.09
provinsi,16,,8,2025,5.03,1.95
provinsi,16,,9,2025,9.66,1.78
provinsi,16,,10,2025,6.1,4.31
provinsi,16,,11,2025,4.47,2.27
provinsi,16,,12,2025,7.79,3.46
provinsi,16,,13,2025,6.11,0.11
provinsi,16,,14,2025,3.4,3.12
provinsi,16,,15,2025,4.28,2.51
provinsi,16,,16,2025,5.79,0.71
provinsi,16,,17,2025,4.11,0.77
provinsi,18,,1,2021,0,27.52
provinsi,18,,2,2021,0,5.18
provinsi,18,,3,2021,0,18.79
provinsi,18,,4,2021,0,0.16
provinsi,18,,5,2021,0,0.11
provinsi,18,,6,2021,0,10.25
provinsi,18,,7,2021,0,12.38
provinsi,18,,8,2021,0,5.05
provinsi,18,,9,2021,0,1.39
provinsi,18,,10,2021,0,5.59
provinsi,18,,11,2021,0,2.11
provinsi,18,,12,2021,0,3.01
provinsi,18,,13,2021,0,0.13
provinsi,18,,14,2021,0,3.29
provinsi,18,,15,2021,0,3.03
provinsi,18,,16,2021,0,1.12
provinsi,18,,17,2021,0,0.87
provinsi,18,,1,2022,1.98,26.92
provinsi,18,,2,2022,-3.73,4.78
provinsi,18,,3,2022,0.38,18.09
provinsi,18,,4,2022,6.26,0.17
provinsi,18,,5,2022,3.72,0.11
provinsi,18,,6,2022,3.86,10.21
provinsi,18,,7,2022,15.42,13.7
provinsi,18,,8,2022,20.31,5.83
provinsi,18,,9,2022,12.61,1.5
provinsi,18,,10,2022,0.48,5.39
provinsi,18,,11,2022,-3.65,1.95
provinsi,18,,12,2022,3.42,2.98
provinsi,18,,13,2022,17.49,0.15
provinsi,18,,14,2022,-1.26,3.12
provinsi,18,,15,2022,2.68,2.98
provinsi,18,,16,2022,-0.1,1.07
provinsi,18,,17,2022,25.45,1.05
provinsi,18,,1,2023,0.55,25.89
provinsi,18,,2,2023,2.96,4.71
provinsi,18,,3,2023,1.43,17.55
provinsi,18,,4,2023,1.36,0.16
provinsi,18,,5,2023,0.51,0.11
provinsi,18,,6,2023,7.02,10.45
provinsi,18,,7,2023,9.77,14.39
provinsi,18,,8,2023,16.54,6.49
provinsi,18,,9,2023,13.38,1.62
provinsi,18,,10,2023,7.5,5.54
provinsi,18,,11,2023,3.19,1.92
provinsi,18,,12,2023,0.86,2.88
provinsi,18,,13,2023,5.79,0.15
provinsi,18,,14,2023,0.12,2.98
provinsi,18,,15,2023,2.23,2.92
provinsi,18,,16,2023,3.87,1.07
provinsi,18,,17,2023,15.38,1.16
provinsi,18,,1,2024,-1.95,24.27
provinsi,18,,2,2024,4.86,4.72
provinsi,18,,3,2024,8.96,18.29
provinsi,18,,4,2024,-6.43,0.14
provinsi,18,,5,2024,-0.31,0.1
provinsi,18,,6,2024,2.76,10.27
provinsi,18,,7,2024,7.2,14.75
provinsi,18,,8,2024,9.84,6.82
provinsi,18,,9,2024,5.54,1.64
provinsi,18,,10,2024,8.62,5.76
provinsi,18,,11,2024,4.81,1.93
provinsi,18,,12,2024,6.76,2.94
provinsi,18,,13,2024,8.99,0.16
provinsi,18,,14,2024,7.06,3.05
provinsi,18,,15,2024,1.49,2.83
provinsi,18,,16,2024,7.29,1.09
provinsi,18,,17,2024,10.63,1.23
provinsi,18,,1,2025,5.91,24.42
provinsi,18,,2,2025,-1.17,4.43
provinsi,18,,3,2025,6.32,18.47
provinsi,18,,4,2025,-3.05,0.13
provinsi,18,,5,2025,2.55,0.1
provinsi,18,,6,2025,5.55,10.3
provinsi,18,,7,2025,5.4,14.77
provinsi,18,,8,2025,7.32,6.95
provinsi,18,,9,2025,7.83,1.68
provinsi,18,,10,2025,4.53,5.72
provinsi,18,,11,2025,5.96,1.94
provinsi,18,,12,2025,3.96,2.9
provinsi,18,,13,2025,4.26,0.16
provinsi,18,,14,2025,2.76,2.98
provinsi,18,,15,2025,1.85,2.74
provinsi,18,,16,2025,2.25,1.06
provinsi,18,,17,2025,7.38,1.25
provinsi,11,,1,2021,0,27.92
provinsi,11,,2,2021,0,7.69
provinsi,11,,3,2021,0,4.59
provinsi,11,,4,2021,0,0.16
provinsi,11,,5,2021,0,0.04
provinsi,11,,6,2021,0,10.23
provinsi,11,,7,2021,0,14.82
provinsi,11,,8,2021,0,6.23
provinsi,11,,9,2021,0,1.15
provinsi,11,,10,2021,0,4.13
provinsi,11,,11,2021,0,1.65
provinsi,11,,12,2021,0,4.19
provinsi,11,,13,2021,0,0.62
provinsi,11,,14,2021,0,9.01
provinsi,11,,15,2021,0,2.73
provinsi,11,,16,2021,0,3.38
provinsi,11,,17,2021,0,1.45
provinsi,11,,1,2022,3.28,27.67
provinsi,11,,2,2022,4.3,7.7
provinsi,11,,3,2022,4.19,4.59
provinsi,11,,4,2022,2.43,0.16
provinsi,11,,5,2022,8.91,0.04
provinsi,11,,6,2022,-2.26,9.59
provinsi,11,,7,2022,6.36,15.13
provinsi,11,,8,2022,7.24,6.42
provinsi,11,,9,2022,32.4,1.46
provinsi,11,,10,2022,11.25,4.4
provinsi,11,,11,2022,-5.93,1.49
provinsi,11,,12,2022,3.98,4.18
provinsi,11,,13,2022,11.56,0.67
provinsi,11,,14,2022,-0.06,8.64
provinsi,11,,15,2022,3.83,2.72
provinsi,11,,16,2022,9.81,3.56
provinsi,11,,17,2022,13.59,1.58
provinsi,11,,1,2023,6.72,28.33
provinsi,11,,2,2023,-4.83,7.03
provinsi,11,,3,2023,-1.56,4.34
provinsi,11,,4,2023,7.33,0.16
provinsi,11,,5,2023,4.41,0.04
provinsi,11,,6,2023,3.67,9.54
provinsi,11,,7,2023,9.05,15.83
provinsi,11,,8,2023,7.48,6.62
provinsi,11,,9,2023,8.17,1.51
provinsi,11,,10,2023,4.85,4.43
provinsi,11,,11,2023,-10.92,1.28
provinsi,11,,12,2023,3.65,4.16
provinsi,11,,13,2023,-1.04,0.63
provinsi,11,,14,2023,1.84,8.44
provinsi,11,,15,2023,1.82,2.66
provinsi,11,,16,2023,-0.42,3.4
provinsi,11,,17,2023,5.65,1.6
provinsi,11,,1,2024,1.19,27.39
provinsi,11,,2,2024,11.16,7.47
provinsi,11,,3,2024,2.95,4.27
provinsi,11,,4,2024,5.54,0.16
provinsi,11,,5,2024,1.9,0.04
provinsi,11,,6,2024,4.37,9.52
provinsi,11,,7,2024,2.55,15.51
provinsi,11,,8,2024,16.79,7.38
provinsi,11,,9,2024,2.82,1.48
provinsi,11,,10,2024,1.85,4.31
provinsi,11,,11,2024,22.04,1.49
provinsi,11,,12,2024,3.54,4.11
provinsi,11,,13,2024,4.32,0.63
provinsi,11,,14,2024,7.48,8.67
provinsi,11,,15,2024,4.39,2.65
provinsi,11,,16,2024,2.23,3.33
provinsi,11,,17,2024,4.08,1.59
provinsi,11,,1,2025,3.6,27.56
provinsi,11,,2,2025,1.01,7.33
provinsi,11,,3,2025,4.63,4.33
provinsi,11,,4,2025,-2.62,0.15
provinsi,11,,5,2025,-0.54,0.04
provinsi,11,,6,2025,-2.48,9.01
provinsi,11,,7,2025,4.48,15.74
provinsi,11,,8,2025,6,7.6
provinsi,11,,9,2025,4.81,1.51
provinsi,11,,10,2025,1.87,4.27
provinsi,11,,11,2025,3.85,1.5
provinsi,11,,12,2025,4.46,4.17
provinsi,11,,13,2025,-0.52,0.61
provinsi,11,,14,2025,2.54,8.64
provinsi,11,,15,2025,3.47,2.67
provinsi,11,,16,2025,2.22,3.3
provinsi,11,,17,2025,2.06,1.58
provinsi,13,,1,2021,0,22.18
provinsi,13,,2,2021,0,3.95
provinsi,13,,3,2021,0,9.5
provinsi,13,,4,2021,0,0.1
provinsi,13,,5,2021,0,0.1
provinsi,13,,6,2021,0,9.26
provinsi,13,,7,2021,0,16.55
provinsi,13,,8,2021,0,10.28
provinsi,13,,9,2021,0,1.01
provinsi,13,,10,2021,0,8.49
provinsi,13,,11,2021,0,3
provinsi,13,,12,2021,0,1.98
provinsi,13,,13,2021,0,0.43
provinsi,13,,14,2021,0,5.62
provinsi,13,,15,2021,0,4.21
provinsi,13,,16,2021,0,1.64
provinsi,13,,17,2021,0,1.71
provinsi,13,,1,2022,3.52,22.01
provinsi,13,,2,2022,1.94,3.85
provinsi,13,,3,2022,1.75,9.26
provinsi,13,,4,2022,3.22,0.1
provinsi,13,,5,2022,3.92,0.1
provinsi,13,,6,2022,2.51,9.09
provinsi,13,,7,2022,5.6,16.74
provinsi,13,,8,2022,5.73,10.42
provinsi,13,,9,2022,15.79,1.12
provinsi,13,,10,2022,7.02,8.71
provinsi,13,,11,2022,4.54,3
provinsi,13,,12,2022,5.78,2.01
provinsi,13,,13,2022,7.33,0.44
provinsi,13,,14,2022,0.89,5.44
provinsi,13,,15,2022,5.13,4.24
provinsi,13,,16,2022,4.54,1.64
provinsi,13,,17,2022,11.88,1.83
provinsi,13,,1,2023,3.54,21.78
provinsi,13,,2,2023,4.65,3.86
provinsi,13,,3,2023,3.08,9.13
provinsi,13,,4,2023,4.15,0.1
provinsi,13,,5,2023,2.18,0.1
provinsi,13,,6,2023,5.86,9.2
provinsi,13,,7,2023,4.61,16.74
provinsi,13,,8,2023,5.77,10.53
provinsi,13,,9,2023,7.71,1.15
provinsi,13,,10,2023,7.64,8.96
provinsi,13,,11,2023,2.78,2.95
provinsi,13,,12,2023,6.32,2.04
provinsi,13,,13,2023,6.88,0.45
provinsi,13,,14,2023,2.36,5.32
provinsi,13,,15,2023,1.84,4.13
provinsi,13,,16,2023,7.29,1.68
provinsi,13,,17,2023,8.06,1.89
provinsi,13,,1,2024,2.05,21.3
provinsi,13,,2,2024,3.97,3.84
provinsi,13,,3,2024,2.6,8.97
provinsi,13,,4,2024,4.4,0.1
provinsi,13,,5,2024,3.31,0.1
provinsi,13,,6,2024,4.57,9.22
provinsi,13,,7,2024,4.41,16.75
provinsi,13,,8,2024,5.56,10.66
provinsi,13,,9,2024,5.37,1.16
provinsi,13,,10,2024,5.45,9.05
provinsi,13,,11,2024,6.06,3
provinsi,13,,12,2024,5.87,2.07
provinsi,13,,13,2024,4.72,0.45
provinsi,13,,14,2024,10.23,5.62
provinsi,13,,15,2024,3.23,4.08
provinsi,13,,16,2024,5.6,1.7
provinsi,13,,17,2024,7.27,1.94
provinsi,13,,1,2025,4.14,21.46
provinsi,13,,2,2025,0.95,3.75
provinsi,13,,3,2025,5.38,9.15
provinsi,13,,4,2025,0.85,0.1
provinsi,13,,5,2025,0.38,0.09
provinsi,13,,6,2025,-1.4,8.79
provinsi,13,,7,2025,3.71,16.8
provinsi,13,,8,2025,-0.01,10.31
provinsi,13,,9,2025,3.22,1.16
provinsi,13,,10,2025,5.28,9.22
provinsi,13,,11,2025,7.55,3.12
provinsi,13,,12,2025,5.78,2.12
provinsi,13,,13,2025,5.22,0.46
provinsi,13,,14,2025,1.96,5.54
provinsi,13,,15,2025,4.35,4.12
provinsi,13,,16,2025,8.09,1.78
provinsi,13,,17,2025,8.5,2.04
provinsi,14,,1,2021,0,27.78
provinsi,14,,2,2021,0,15.34
provinsi,14,,3,2021,0,32.07
provinsi,14,,4,2021,0,0.08
provinsi,14,,5,2021,0,0.01
provinsi,14,,6,2021,0,8.42
provinsi,14,,7,2021,0,9.25
provinsi,14,,8,2021,0,0.66
provinsi,14,,9,2021,0,0.43
provinsi,14,,10,2021,0,1.13
provinsi,14,,11,2021,0,0.99
provinsi,14,,12,2021,0,0.96
provinsi,14,,13,2021,0,0
provinsi,14,,14,2021,0,1.65
provinsi,14,,15,2021,0,0.53
provinsi,14,,16,2021,0,0.26
provinsi,14,,17,2021,0,0.44
provinsi,14,,1,2022,2.82,27.32
provinsi,14,,2,2022,1.36,14.87
provinsi,14,,3,2022,4.73,32.13
provinsi,14,,4,2022,14.34,0.08
provinsi,14,,5,2022,4.5,0.01
provinsi,14,,6,2022,4.76,8.43
provinsi,14,,7,2022,11.9,9.9
provinsi,14,,8,2022,18.58,0.75
provinsi,14,,9,2022,10.9,0.45
provinsi,14,,10,2022,6.83,1.15
provinsi,14,,11,2022,4.96,1
provinsi,14,,12,2022,5.48,0.96
provinsi,14,,13,2022,12.77,0
provinsi,14,,14,2022,5.98,1.68
provinsi,14,,15,2022,3.92,0.52
provinsi,14,,16,2022,2.48,0.26
provinsi,14,,17,2022,12.93,0.47
provinsi,14,,1,2023,3.23,27.07
provinsi,14,,2,2023,2.52,14.63
provinsi,14,,3,2023,3.63,31.95
provinsi,14,,4,2023,1.45,0.08
provinsi,14,,5,2023,5.52,0.01
provinsi,14,,6,2023,9.17,8.84
provinsi,14,,7,2023,6.12,10.08
provinsi,14,,8,2023,8.31,0.78
provinsi,14,,9,2023,4.22,0.45
provinsi,14,,10,2023,7.67,1.19
provinsi,14,,11,2023,4.07,1
provinsi,14,,12,2023,3.94,0.96
provinsi,14,,13,2023,6.61,0
provinsi,14,,14,2023,5.4,1.7
provinsi,14,,15,2023,3.76,0.52
provinsi,14,,16,2023,6.97,0.26
provinsi,14,,17,2023,6.26,0.48
provinsi,14,,1,2024,2.23,26.73
provinsi,14,,2,2024,0.36,14.18
provinsi,14,,3,2024,3.72,32.01
provinsi,14,,4,2024,6.99,0.08
provinsi,14,,5,2024,3.7,0.01
provinsi,14,,6,2024,6.52,9.09
provinsi,14,,7,2024,6.05,10.33
provinsi,14,,8,2024,6.55,0.8
provinsi,14,,9,2024,10.7,0.48
provinsi,14,,10,2024,7.56,1.24
provinsi,14,,11,2024,1.3,0.97
provinsi,14,,12,2024,3.85,0.96
provinsi,14,,13,2024,8.34,0.01
provinsi,14,,14,2024,9.45,1.79
provinsi,14,,15,2024,4.42,0.53
provinsi,14,,16,2024,6.62,0.27
provinsi,14,,17,2024,7.54,0.5
provinsi,14,,1,2025,4.9,26.76
provinsi,14,,2,2025,0.12,13.55
provinsi,14,,3,2025,6.39,32.5
provinsi,14,,4,2025,4.96,0.08
provinsi,14,,5,2025,6.96,0.01
provinsi,14,,6,2025,5.03,9.11
provinsi,14,,7,2025,5.25,10.37
provinsi,14,,8,2025,3.6,0.79
provinsi,14,,9,2025,4.03,0.48
provinsi,14,,10,2025,5.82,1.25
provinsi,14,,11,2025,4.48,0.97
provinsi,14,,12,2025,3.86,0.96
provinsi,14,,13,2025,9.44,0.01
provinsi,14,,14,2025,4.82,1.79
provinsi,14,,15,2025,8.78,0.55
provinsi,14,,16,2025,8.77,0.28
provinsi,14,,17,2025,11.41,0.53
provinsi,15,,1,2021,0,26.79
provinsi,15,,2,2021,0,23.22
provinsi,15,,3,2021,0,10.22
provinsi,15,,4,2021,0,0.06
provinsi,15,,5,2021,0,0.14
provinsi,15,,6,2021,0,7.82
provinsi,15,,7,2021,0,9.78
provinsi,15,,8,2021,0,2.88
provinsi,15,,9,2021,0,1.08
provinsi,15,,10,2021,0,4.12
provinsi,15,,11,2021,0,2.39
provinsi,15,,12,2021,0,1.48
provinsi,15,,13,2021,0,1
provinsi,15,,14,2021,0,3.2
provinsi,15,,15,2021,0,3.39
provinsi,15,,16,2021,0,1.44
provinsi,15,,17,2021,0,0.99
provinsi,15,,1,2022,5,26.75
provinsi,15,,2,2022,7.76,23.81
provinsi,15,,3,2022,3.09,10.02
provinsi,15,,4,2022,11.66,0.06
provinsi,15,,5,2022,3.14,0.14
provinsi,15,,6,2022,-0.88,7.37
provinsi,15,,7,2022,5.4,9.81
provinsi,15,,8,2022,16.96,3.21
provinsi,15,,9,2022,11.09,1.14
provinsi,15,,10,2022,7.25,4.2
provinsi,15,,11,2022,-0.72,2.26
provinsi,15,,12,2022,4.22,1.47
provinsi,15,,13,2022,15.13,1.1
provinsi,15,,14,2022,-0.64,3.03
provinsi,15,,15,2022,2.02,3.29
provinsi,15,,16,2022,-2.31,1.34
provinsi,15,,17,2022,7.81,1.01
provinsi,15,,1,2023,5.62,27
provinsi,15,,2,2023,0.04,22.76
provinsi,15,,3,2023,4.19,9.98
provinsi,15,,4,2023,12.15,0.06
provinsi,15,,5,2023,0.21,0.13
provinsi,15,,6,2023,7.98,7.6
provinsi,15,,7,2023,8.76,10.19
provinsi,15,,8,2023,8.29,3.32
provinsi,15,,9,2023,8.76,1.19
provinsi,15,,10,2023,7.5,4.32
provinsi,15,,11,2023,1.22,2.18
provinsi,15,,12,2023,3.3,1.45
provinsi,15,,13,2023,16.84,1.22
provinsi,15,,14,2023,3.03,2.98
provinsi,15,,15,2023,2.54,3.22
provinsi,15,,16,2023,4.66,1.34
provinsi,15,,17,2023,8.55,1.05
provinsi,15,,1,2024,4.26,26.94
provinsi,15,,2,2024,-0.92,21.58
provinsi,15,,3,2024,4.73,10
provinsi,15,,4,2024,7.65,0.07
provinsi,15,,5,2024,1.96,0.13
provinsi,15,,6,2024,9.83,7.99
provinsi,15,,7,2024,6.15,10.35
provinsi,15,,8,2024,8.19,3.44
provinsi,15,,9,2024,9.64,1.24
provinsi,15,,10,2024,5.24,4.35
provinsi,15,,11,2024,2.32,2.14
provinsi,15,,12,2024,5.3,1.46
provinsi,15,,13,2024,9.53,1.28
provinsi,15,,14,2024,11.42,3.18
provinsi,15,,15,2024,8.46,3.35
provinsi,15,,16,2024,10.96,1.42
provinsi,15,,17,2024,8.2,1.09
provinsi,15,,1,2025,5.49,27.08
provinsi,15,,2,2025,5.98,21.79
provinsi,15,,3,2025,5.1,10.02
provinsi,15,,4,2025,7.06,0.07
provinsi,15,,5,2025,1.77,0.12
provinsi,15,,6,2025,-4.14,7.3
provinsi,15,,7,2025,7.76,10.63
provinsi,15,,8,2025,8.88,3.57
provinsi,15,,9,2025,3.04,1.22
provinsi,15,,10,2025,8.49,4.49
provinsi,15,,11,2025,8.77,2.21
provinsi,15,,12,2025,4.08,1.45
provinsi,15,,13,2025,6.99,1.31
provinsi,15,,14,2025,-2.62,2.95
provinsi,15,,15,2025,3.24,3.29
provinsi,15,,16,2025,4.1,1.41
provinsi,15,,17,2025,3.15,1.07
provinsi,17,,1,2021,0,27.4
provinsi,17,,2,2021,0,3.42
provinsi,17,,3,2021,0,5.8
provinsi,17,,4,2021,0,0.11
provinsi,17,,5,2021,0,0.21
provinsi,17,,6,2021,0,4.7
provinsi,17,,7,2021,0,15.81
provinsi,17,,8,2021,0,7.81
provinsi,17,,9,2021,0,1.71
provinsi,17,,10,2021,0,5
provinsi,17,,11,2021,0,3.6
provinsi,17,,12,2021,0,4.32
provinsi,17,,13,2021,0,2.12
provinsi,17,,14,2021,0,8.96
provinsi,17,,15,2021,0,6.24
provinsi,17,,16,2021,0,1.96
provinsi,17,,17,2021,0,0.82
provinsi,17,,1,2022,4.5,27.44
provinsi,17,,2,2022,-2.82,3.18
provinsi,17,,3,2022,3.08,5.74
provinsi,17,,4,2022,8.02,0.11
provinsi,17,,5,2022,5.24,0.21
provinsi,17,,6,2022,0.25,4.52
provinsi,17,,7,2022,4.11,15.78
provinsi,17,,8,2022,13.45,8.5
provinsi,17,,9,2022,8.39,1.77
provinsi,17,,10,2022,8.24,5.19
provinsi,17,,11,2022,-4.4,3.3
provinsi,17,,12,2022,3.86,4.3
provinsi,17,,13,2022,11.34,2.27
provinsi,17,,14,2022,0.2,8.61
provinsi,17,,15,2022,4.9,6.28
provinsi,17,,16,2022,3.38,1.94
provinsi,17,,17,2022,8.13,0.85
provinsi,17,,1,2023,2.06,26.87
provinsi,17,,2,2023,7.85,3.29
provinsi,17,,3,2023,1.83,5.6
provinsi,17,,4,2023,3.95,0.11
provinsi,17,,5,2023,4.57,0.22
provinsi,17,,6,2023,5.04,4.55
provinsi,17,,7,2023,3.05,15.6
provinsi,17,,8,2023,7.22,8.74
provinsi,17,,9,2023,9.88,1.87
provinsi,17,,10,2023,9.61,5.46
provinsi,17,,11,2023,-5.09,3
provinsi,17,,12,2023,5.26,4.34
provinsi,17,,13,2023,7.84,2.34
provinsi,17,,14,2023,6.16,8.77
provinsi,17,,15,2023,4.88,6.32
provinsi,17,,16,2023,8.61,2.03
provinsi,17,,17,2023,9.93,0.89
provinsi,17,,1,2024,2.57,26.34
provinsi,17,,2,2024,2.83,3.23
provinsi,17,,3,2024,1.49,5.43
provinsi,17,,4,2024,4.04,0.11
provinsi,17,,5,2024,6.09,0.22
provinsi,17,,6,2024,5.63,4.59
provinsi,17,,7,2024,3.32,15.41
provinsi,17,,8,2024,3.97,8.68
provinsi,17,,9,2024,9.39,1.95
provinsi,17,,10,2024,9.23,5.7
provinsi,17,,11,2024,5.46,3.02
provinsi,17,,12,2024,4.27,4.33
provinsi,17,,13,2024,8.21,2.42
provinsi,17,,14,2024,8.41,9.08
provinsi,17,,15,2024,6.42,6.43
provinsi,17,,16,2024,9.07,2.11
provinsi,17,,17,2024,9.37,0.93
provinsi,17,,1,2025,4.11,26.16
provinsi,17,,2,2025,-4.16,2.96
provinsi,17,,3,2025,9.41,5.67
provinsi,17,,4,2025,3.51,0.11
provinsi,17,,5,2025,0.03,0.21
provinsi,17,,6,2025,3.15,4.52
provinsi,17,,7,2025,3.25,15.18
provinsi,17,,8,2025,4.47,8.66
provinsi,17,,9,2025,11.6,2.08
provinsi,17,,10,2025,8.69,5.91
provinsi,17,,11,2025,9.45,3.16
provinsi,17,,12,2025,5.38,4.35
provinsi,17,,13,2025,7.74,2.49
provinsi,17,,14,2025,1.69,8.81
provinsi,17,,15,2025,7.24,6.58
provinsi,17,,16,2025,7.36,2.16
provinsi,17,,17,2025,10.52,0.99
provinsi,12,,1,2021,0,25.86
provinsi,12,,2,2021,0,1.29
provinsi,12,,3,2021,0,17.88
provinsi,12,,4,2021,0,0.14
provinsi,12,,5,2021,0,0.1
provinsi,12,,6,2021,0,12.47
provinsi,12,,7,2021,0,18
provinsi,12,,8,2021,0,3.96
provinsi,12,,9,2021,0,2.17
provinsi,12,,10,2021,0,3.17
provinsi,12,,11,2021,0,2.92
provinsi,12,,12,2021,0,4.33
provinsi,12,,13,2021,0,0.86
provinsi,12,,14,2021,0,3.32
provinsi,12,,15,2021,0,2.09
provinsi,12,,16,2021,0,0.93
provinsi,12,,17,2021,0,0.5
provinsi,12,,1,2022,5.03,25.93
provinsi,12,,2,2022,2.62,1.26
provinsi,12,,3,2022,1.98,17.41
provinsi,12,,4,2022,4.81,0.14
provinsi,12,,5,2022,2.17,0.1
provinsi,12,,6,2022,3.03,12.27
provinsi,12,,7,2022,6.57,18.31
provinsi,12,,8,2022,12.96,4.27
provinsi,12,,9,2022,7.26,2.22
provinsi,12,,10,2022,7.6,3.26
provinsi,12,,11,2022,3.81,2.9
provinsi,12,,12,2022,4.53,4.32
provinsi,12,,13,2022,8.78,0.89
provinsi,12,,14,2022,-0.73,3.15
provinsi,12,,15,2022,5.14,2.1
provinsi,12,,16,2022,4.83,0.93
provinsi,12,,17,2022,8.72,0.52
provinsi,12,,1,2023,3.04,25.45
provinsi,12,,2,2023,3.53,1.25
provinsi,12,,3,2023,3.46,17.16
provinsi,12,,4,2023,2.16,0.14
provinsi,12,,5,2023,2.89,0.1
provinsi,12,,6,2023,6.39,12.43
provinsi,12,,7,2023,5.8,18.45
provinsi,12,,8,2023,13.02,4.6
provinsi,12,,9,2023,10.22,2.33
provinsi,12,,10,2023,7.8,3.35
provinsi,12,,11,2023,5.5,2.91
provinsi,12,,12,2023,3.19,4.25
provinsi,12,,13,2023,6.68,0.91
provinsi,12,,14,2023,1.92,3.05
provinsi,12,,15,2023,7.38,2.14
provinsi,12,,16,2023,6.42,0.94
provinsi,12,,17,2023,9.47,0.54
provinsi,12,,1,2024,3.72,25.13
provinsi,12,,2,2024,4.02,1.24
provinsi,12,,3,2024,4.62,17.09
provinsi,12,,4,2024,2.67,0.14
provinsi,12,,5,2024,2.55,0.09
provinsi,12,,6,2024,6.52,12.61
provinsi,12,,7,2024,4.44,18.35
provinsi,12,,8,2024,6.43,4.66
provinsi,12,,9,2024,12,2.49
provinsi,12,,10,2024,7.41,3.42
provinsi,12,,11,2024,3.87,2.88
provinsi,12,,12,2024,5.4,4.26
provinsi,12,,13,2024,5.13,0.91
provinsi,12,,14,2024,6.08,3.08
provinsi,12,,15,2024,5.66,2.16
provinsi,12,,16,2024,5.14,0.94
provinsi,12,,17,2024,6.54,0.55
provinsi,12,,1,2025,4.88,25.6
provinsi,12,,2,2025,1.7,1.22
provinsi,12,,3,2025,3.49,17.18
provinsi,12,,4,2025,3.31,0.14
provinsi,12,,5,2025,6.16,0.1
provinsi,12,,6,2025,-0.02,12.24
provinsi,12,,7,2025,6.15,18.92
provinsi,12,,8,2025,-23.21,3.47
provinsi,12,,9,2025,4.37,2.52
provinsi,12,,10,2025,6.52,3.54
provinsi,12,,11,2025,3.1,2.89
provinsi,12,,12,2025,8.64,4.5
provinsi,12,,13,2025,10.45,0.97
provinsi,12,,14,2025,-0.6,2.98
provinsi,12,,15,2025,4.16,2.18
provinsi,12,,16,2025,8.34,0.99
provinsi,12,,17,2025,3.36,0.55
kabupaten,21,2171,1,2021,0,1
kabupaten,21,2171,2,2021,0,0.07
kabupaten,21,2171,3,2021,0,58.23
kabupaten,21,2171,4,2021,0,1.36
kabupaten,21,2171,5,2021,0,0.19
kabupaten,21,2171,6,2021,0,19.7
kabupaten,21,2171,7,2021,0,5.6
kabupaten,21,2171,8,2021,0,1.15
kabupaten,21,2171,9,2021,0,1.28
kabupaten,21,2171,10,2021,0,3.88
kabupaten,21,2171,11,2021,0,3.48
kabupaten,21,2171,12,2021,0,1.15
kabupaten,21,2171,13,2021,0,0
kabupaten,21,2171,14,2021,0,1.18
kabupaten,21,2171,15,2021,0,0.82
kabupaten,21,2171,16,2021,0,0.79
kabupaten,21,2171,17,2021,0,0.13
kabupaten,21,2171,1,2022,4.48,0.97
kabupaten,21,2171,2,2022,6.37,0.07
kabupaten,21,2171,3,2022,6.42,58
kabupaten,21,2171,4,2022,15.88,1.47
kabupaten,21,2171,5,2022,4.07,0.18
kabupaten,21,2171,6,2022,4.39,19.25
kabupaten,21,2171,7,2022,7.04,5.61
kabupaten,21,2171,8,2022,46.64,1.58
kabupaten,21,2171,9,2022,48.78,1.78
kabupaten,21,2171,10,2022,2.35,3.71
kabupaten,21,2171,11,2022,4.71,3.41
kabupaten,21,2171,12,2022,4.71,1.13
kabupaten,21,2171,13,2022,12.99,0
kabupaten,21,2171,14,2022,1.06,1.11
kabupaten,21,2171,15,2022,0.56,0.78
kabupaten,21,2171,16,2022,6.6,0.79
kabupaten,21,2171,17,2022,23.84,0.15
kabupaten,21,2171,1,2023,-8.65,0.83
kabupaten,21,2171,2,2023,8.49,0.07
kabupaten,21,2171,3,2023,4.49,56.62
kabupaten,21,2171,4,2023,9.1,1.5
kabupaten,21,2171,5,2023,1.76,0.18
kabupaten,21,2171,6,2023,9.86,19.76
kabupaten,21,2171,7,2023,9.5,5.74
kabupaten,21,2171,8,2023,15.48,1.7
kabupaten,21,2171,9,2023,30.95,2.18
kabupaten,21,2171,10,2023,18.5,4.11
kabupaten,21,2171,11,2023,9.24,3.48
kabupaten,21,2171,12,2023,3.12,1.09
kabupaten,21,2171,13,2023,9.77,0
kabupaten,21,2171,14,2023,3.24,1.07
kabupaten,21,2171,15,2023,2.06,0.74
kabupaten,21,2171,16,2023,2.5,0.76
kabupaten,21,2171,17,2023,25.81,0.17
kabupaten,21,2171,1,2024,-7.91,0.72
kabupaten,21,2171,2,2024,6.49,0.07
kabupaten,21,2171,3,2024,8.23,57.53
kabupaten,21,2171,4,2024,7.23,1.51
kabupaten,21,2171,5,2024,-89.41,0.02
kabupaten,21,2171,6,2024,1.59,18.84
kabupaten,21,2171,7,2024,9.05,5.88
kabupaten,21,2171,8,2024,6.71,1.7
kabupaten,21,2171,9,2024,4.54,2.14
kabupaten,21,2171,10,2024,6.25,4.1
kabupaten,21,2171,11,2024,8.55,3.54
kabupaten,21,2171,12,2024,6.86,1.09
kabupaten,21,2171,13,2024,4.45,0
kabupaten,21,2171,14,2024,11.74,1.13
kabupaten,21,2171,15,2024,5.29,0.73
kabupaten,21,2171,16,2024,14.03,0.81
kabupaten,21,2171,17,2024,13.12,0.19
kabupaten,21,2171,1,2025,9.05,0.73
kabupaten,21,2171,2,2025,0.03,0.06
kabupaten,21,2171,3,2025,6.89,57.51
kabupaten,21,2171,4,2025,11.9,1.58
kabupaten,21,2171,5,2025,978.15,0.18
kabupaten,21,2171,6,2025,6.6,18.78
kabupaten,21,2171,7,2025,8.95,5.99
kabupaten,21,2171,8,2025,2.92,1.64
kabupaten,21,2171,9,2025,0.28,2.01
kabupaten,21,2171,10,2025,2.83,3.94
kabupaten,21,2171,11,2025,8.05,3.58
kabupaten,21,2171,12,2025,14.7,1.17
kabupaten,21,2171,13,2025,9.02,0
kabupaten,21,2171,14,2025,8.3,1.14
kabupaten,21,2171,15,2025,5.33,0.72
kabupaten,21,2171,16,2025,2.2,0.78
kabupaten,21,2171,17,2025,6.13,0.18
kabupaten,21,2172,1,2021,0,0.78
kabupaten,21,2172,2,2021,0,0.01
kabupaten,21,2172,3,2021,0,6.88
kabupaten,21,2172,4,2021,0,0.26
kabupaten,21,2172,5,2021,0,0.08
kabupaten,21,2172,6,2021,0,31.4
kabupaten,21,2172,7,2021,0,25.8
kabupaten,21,2172,8,2021,0,4.16
kabupaten,21,2172,9,2021,0,1.07
kabupaten,21,2172,10,2021,0,4.17
kabupaten,21,2172,11,2021,0,3.5
kabupaten,21,2172,12,2021,0,3.52
kabupaten,21,2172,13,2021,0,0.01
kabupaten,21,2172,14,2021,0,10.24
kabupaten,21,2172,15,2021,0,4.32
kabupaten,21,2172,16,2021,0,2.82
kabupaten,21,2172,17,2021,0,0.98
kabupaten,21,2172,1,2022,2.7,0.77
kabupaten,21,2172,2,2022,2.02,0.01
kabupaten,21,2172,3,2022,2.26,6.76
kabupaten,21,2172,4,2022,3.65,0.26
kabupaten,21,2172,5,2022,2.69,0.08
kabupaten,21,2172,6,2022,0.52,30.31
kabupaten,21,2172,7,2022,4.77,25.96
kabupaten,21,2172,8,2022,29,5.15
kabupaten,21,2172,9,2022,33.88,1.37
kabupaten,21,2172,10,2022,4.22,4.18
kabupaten,21,2172,11,2022,1.98,3.43
kabupaten,21,2172,12,2022,2.76,3.47
kabupaten,21,2172,13,2022,5.85,0.01
kabupaten,21,2172,14,2022,3.36,10.17
kabupaten,21,2172,15,2022,2.27,4.24
kabupaten,21,2172,16,2022,1.57,2.75
kabupaten,21,2172,17,2022,14.13,1.08
kabupaten,21,2172,1,2023,2.3,0.75
kabupaten,21,2172,2,2023,-9.9,0.01
kabupaten,21,2172,3,2023,2.72,6.61
kabupaten,21,2172,4,2023,7.02,0.27
kabupaten,21,2172,5,2023,4.19,0.08
kabupaten,21,2172,6,2023,0.57,29.05
kabupaten,21,2172,7,2023,5.9,26.21
kabupaten,21,2172,8,2023,11.22,5.46
kabupaten,21,2172,9,2023,20.67,1.58
kabupaten,21,2172,10,2023,8.84,4.33
kabupaten,21,2172,11,2023,6.64,3.48
kabupaten,21,2172,12,2023,7.83,3.57
kabupaten,21,2172,13,2023,10.14,0.02
kabupaten,21,2172,14,2023,8.75,10.54
kabupaten,21,2172,15,2023,3.26,4.17
kabupaten,21,2172,16,2023,4.76,2.74
kabupaten,21,2172,17,2023,9.62,1.13
kabupaten,21,2172,1,2024,1.9,0.73
kabupaten,21,2172,2,2024,-5.49,0.01
kabupaten,21,2172,3,2024,0.65,6.41
kabupaten,21,2172,4,2024,5.34,0.27
kabupaten,21,2172,5,2024,-1.26,0.07
kabupaten,21,2172,6,2024,-0.54,27.85
kabupaten,21,2172,7,2024,7.87,27.24
kabupaten,21,2172,8,2024,8.02,5.69
kabupaten,21,2172,9,2024,5.41,1.6
kabupaten,21,2172,10,2024,6.18,4.43
kabupaten,21,2172,11,2024,4.39,3.5
kabupaten,21,2172,12,2024,4.74,3.6
kabupaten,21,2172,13,2024,1.67,0.02
kabupaten,21,2172,14,2024,3.37,10.5
kabupaten,21,2172,15,2024,0.57,4.05
kabupaten,21,2172,16,2024,6.71,2.82
kabupaten,21,2172,17,2024,11.02,1.21
kabupaten,21,2172,1,2025,2.29,0.73
kabupaten,21,2172,2,2025,-8.14,0
kabupaten,21,2172,3,2025,2.13,6.34
kabupaten,21,2172,4,2025,2.87,0.27
kabupaten,21,2172,5,2025,13.5,0.08
kabupaten,21,2172,6,2025,-3.44,26.03
kabupaten,21,2172,7,2025,10.26,29.07
kabupaten,21,2172,8,2025,6.4,5.86
kabupaten,21,2172,9,2025,12.29,1.74
kabupaten,21,2172,10,2025,4.97,4.51
kabupaten,21,2172,11,2025,4.93,3.56
kabupaten,21,2172,12,2025,-0.45,3.47
kabupaten,21,2172,13,2025,9.05,0.02
kabupaten,21,2172,14,2025,-2.78,9.88
kabupaten,21,2172,15,2025,6.88,4.19
kabupaten,21,2172,16,2025,13.18,3.09
kabupaten,21,2172,17,2025,0.89,1.18
kabupaten,21,2103,1,2021,0,11.69
kabupaten,21,2103,2,2021,0,71.6
kabupaten,21,2103,3,2021,0,0.79
kabupaten,21,2103,4,2021,0,0.08
kabupaten,21,2103,5,2021,0,0.01
kabupaten,21,2103,6,2021,0,7.27
kabupaten,21,2103,7,2021,0,3.12
kabupaten,21,2103,8,2021,0,0.54
kabupaten,21,2103,9,2021,0,0.49
kabupaten,21,2103,10,2021,0,0.96
kabupaten,21,2103,11,2021,0,0.14
kabupaten,21,2103,12,2021,0,0.75
kabupaten,21,2103,13,2021,0,0
kabupaten,21,2103,14,2021,0,1.97
kabupaten,21,2103,15,2021,0,0.18
kabupaten,21,2103,16,2021,0,0.33
kabupaten,21,2103,17,2021,0,0.07
kabupaten,21,2103,1,2022,3.28,12.06
kabupaten,21,2103,2,2022,-0.96,70.84
kabupaten,21,2103,3,2022,1.2,0.8
kabupaten,21,2103,4,2022,3.12,0.08
kabupaten,21,2103,5,2022,3.77,0.01
kabupaten,21,2103,6,2022,0.51,7.3
kabupaten,21,2103,7,2022,4.71,3.26
kabupaten,21,2103,8,2022,11.73,0.6
kabupaten,21,2103,9,2022,3.73,0.51
kabupaten,21,2103,10,2022,4.23,1
kabupaten,21,2103,11,2022,1.66,0.15
kabupaten,21,2103,12,2022,3.52,0.78
kabupaten,21,2103,13,2022,0,0
kabupaten,21,2103,14,2022,2.45,2.02
kabupaten,21,2103,15,2022,3.13,0.18
kabupaten,21,2103,16,2022,3.6,0.34
kabupaten,21,2103,17,2022,3.56,0.07
kabupaten,21,2103,1,2023,4,12.44
kabupaten,21,2103,2,2023,-0.22,70.09
kabupaten,21,2103,3,2023,0.03,0.79
kabupaten,21,2103,4,2023,6.21,0.09
kabupaten,21,2103,5,2023,2.73,0.01
kabupaten,21,2103,6,2023,4.02,7.53
kabupaten,21,2103,7,2023,3.82,3.36
kabupaten,21,2103,8,2023,4.73,0.63
kabupaten,21,2103,9,2023,3.46,0.52
kabupaten,21,2103,10,2023,0.08,0.99
kabupaten,21,2103,11,2023,2.85,0.15
kabupaten,21,2103,12,2023,3.23,0.8
kabupaten,21,2103,13,2023,0,0
kabupaten,21,2103,14,2023,0.73,2.02
kabupaten,21,2103,15,2023,0.6,0.18
kabupaten,21,2103,16,2023,1.03,0.34
kabupaten,21,2103,17,2023,4.52,0.07
kabupaten,21,2103,1,2024,1.18,13.05
kabupaten,21,2103,2,2024,-6.12,68.23
kabupaten,21,2103,3,2024,3.03,0.85
kabupaten,21,2103,4,2024,6.32,0.09
kabupaten,21,2103,5,2024,0,0.01
kabupaten,21,2103,6,2024,0.8,7.87
kabupaten,21,2103,7,2024,5.94,3.69
kabupaten,21,2103,8,2024,-2.24,0.64
kabupaten,21,2103,9,2024,3,0.56
kabupaten,21,2103,10,2024,0.01,1.03
kabupaten,21,2103,11,2024,2.31,0.16
kabupaten,21,2103,12,2024,6.83,0.88
kabupaten,21,2103,13,2024,0,0
kabupaten,21,2103,14,2024,9.67,2.29
kabupaten,21,2103,15,2024,4.39,0.2
kabupaten,21,2103,16,2024,5.4,0.38
kabupaten,21,2103,17,2024,3.86,0.08
kabupaten,21,2103,1,2025,-3.08,11.44
kabupaten,21,2103,2,2025,16.13,71.71
kabupaten,21,2103,3,2025,-0.21,0.77
kabupaten,21,2103,4,2025,4.09,0.09
kabupaten,21,2103,5,2025,0.88,0.01
kabupaten,21,2103,6,2025,-5.41,6.74
kabupaten,21,2103,7,2025,6.34,3.55
kabupaten,21,2103,8,2025,2.35,0.59
kabupaten,21,2103,9,2025,1.98,0.52
kabupaten,21,2103,10,2025,-13.44,0.8
kabupaten,21,2103,11,2025,2.44,0.15
kabupaten,21,2103,12,2025,-0.06,0.8
kabupaten,21,2103,13,2025,0,0
kabupaten,21,2103,14,2025,6.57,2.21
kabupaten,21,2103,15,2025,5.7,0.19
kabupaten,21,2103,16,2025,6.9,0.36
kabupaten,21,2103,17,2025,2.9,0.07
kabupaten,21,2105,1,2021,0,5.71
kabupaten,21,2105,2,2021,0,81.53
kabupaten,21,2105,3,2021,0,0.14
kabupaten,21,2105,4,2021,0,0.06
kabupaten,21,2105,5,2021,0,0
kabupaten,21,2105,6,2021,0,6.01
kabupaten,21,2105,7,2021,0,2.37
kabupaten,21,2105,8,2021,0,0.13
kabupaten,21,2105,9,2021,0,0.1
kabupaten,21,2105,10,2021,0,0.6
kabupaten,21,2105,11,2021,0,0.15
kabupaten,21,2105,12,2021,0,0.67
kabupaten,21,2105,13,2021,0,0
kabupaten,21,2105,14,2021,0,2.01
kabupaten,21,2105,15,2021,0,0.21
kabupaten,21,2105,16,2021,0,0.24
kabupaten,21,2105,17,2021,0,0.06
kabupaten,21,2105,1,2022,1.68,5.8
kabupaten,21,2105,2,2022,-0.72,80.87
kabupaten,21,2105,3,2022,3.11,0.15
kabupaten,21,2105,4,2022,2.84,0.06
kabupaten,21,2105,5,2022,6.25,0
kabupaten,21,2105,6,2022,2.87,6.18
kabupaten,21,2105,7,2022,10.15,2.6
kabupaten,21,2105,8,2022,10.44,0.14
kabupaten,21,2105,9,2022,10.91,0.12
kabupaten,21,2105,10,2022,3.16,0.62
kabupaten,21,2105,11,2022,1.26,0.15
kabupaten,21,2105,12,2022,3.19,0.69
kabupaten,21,2105,13,2022,0,0
kabupaten,21,2105,14,2022,3.08,2.07
kabupaten,21,2105,15,2022,3.86,0.22
kabupaten,21,2105,16,2022,5.45,0.25
kabupaten,21,2105,17,2022,8.6,0.07
kabupaten,21,2105,1,2023,2.77,5.93
kabupaten,21,2105,2,2023,-0.21,80.2
kabupaten,21,2105,3,2023,1.45,0.15
kabupaten,21,2105,4,2023,2.9,0.06
kabupaten,21,2105,5,2023,0,0
kabupaten,21,2105,6,2023,5.51,6.48
kabupaten,21,2105,7,2023,6.05,2.74
kabupaten,21,2105,8,2023,4.44,0.15
kabupaten,21,2105,9,2023,5.27,0.12
kabupaten,21,2105,10,2023,9.45,0.67
kabupaten,21,2105,11,2023,3.38,0.16
kabupaten,21,2105,12,2023,0.35,0.68
kabupaten,21,2105,13,2023,0,0
kabupaten,21,2105,14,2023,2.77,2.12
kabupaten,21,2105,15,2023,3.72,0.22
kabupaten,21,2105,16,2023,-6.82,0.23
kabupaten,21,2105,17,2023,1.95,0.07
kabupaten,21,2105,1,2024,0.49,6.32
kabupaten,21,2105,2,2024,-7.81,78.39
kabupaten,21,2105,3,2024,-0.18,0.16
kabupaten,21,2105,4,2024,2.68,0.07
kabupaten,21,2105,5,2024,2.94,0
kabupaten,21,2105,6,2024,2.72,7.05
kabupaten,21,2105,7,2024,9.02,3.17
kabupaten,21,2105,8,2024,-1.76,0.15
kabupaten,21,2105,9,2024,4.27,0.13
kabupaten,21,2105,10,2024,4.38,0.74
kabupaten,21,2105,11,2024,0,0.17
kabupaten,21,2105,12,2024,3.18,0.75
kabupaten,21,2105,13,2024,0,0
kabupaten,21,2105,14,2024,3.07,2.31
kabupaten,21,2105,15,2024,3.23,0.25
kabupaten,21,2105,16,2024,0.66,0.25
kabupaten,21,2105,17,2024,13.12,0.08
kabupaten,21,2105,1,2025,-0.86,5.42
kabupaten,21,2105,2,2025,19.04,80.76
kabupaten,21,2105,3,2025,2.14,0.14
kabupaten,21,2105,4,2025,1.51,0.06
kabupaten,21,2105,5,2025,-2.86,0
kabupaten,21,2105,6,2025,3.16,6.3
kabupaten,21,2105,7,2025,7.05,2.94
kabupaten,21,2105,8,2025,5.57,0.14
kabupaten,21,2105,9,2025,2.12,0.12
kabupaten,21,2105,10,2025,1.84,0.66
kabupaten,21,2105,11,2025,-4.19,0.14
kabupaten,21,2105,12,2025,1.2,0.66
kabupaten,21,2105,13,2025,0,0
kabupaten,21,2105,14,2025,8.02,2.16
kabupaten,21,2105,15,2025,2.24,0.22
kabupaten,21,2105,16,2025,1.45,0.22
kabupaten,21,2105,17,2025,1.58,0.07
kabupaten,21,2104,1,2021,0,23.08
kabupaten,21,2104,2,2021,0,4.88
kabupaten,21,2104,3,2021,0,0.76
kabupaten,21,2104,4,2021,0,0.28
kabupaten,21,2104,5,2021,0,0.03
kabupaten,21,2104,6,2021,0,20.14
kabupaten,21,2104,7,2021,0,21.21
kabupaten,21,2104,8,2021,0,1.29
kabupaten,21,2104,9,2021,0,2.29
kabupaten,21,2104,10,2021,0,4.14
kabupaten,21,2104,11,2021,0,0.89
kabupaten,21,2104,12,2021,0,2.61
kabupaten,21,2104,13,2021,0,0
kabupaten,21,2104,14,2021,0,7.6
kabupaten,21,2104,15,2021,0,6.83
kabupaten,21,2104,16,2021,0,3.27
kabupaten,21,2104,17,2021,0,0.71
kabupaten,21,2104,1,2022,1.52,22.58
kabupaten,21,2104,2,2022,1.14,4.75
kabupaten,21,2104,3,2022,2.94,0.75
kabupaten,21,2104,4,2022,3.8,0.28
kabupaten,21,2104,5,2022,5.49,0.03
kabupaten,21,2104,6,2022,5.1,20.4
kabupaten,21,2104,7,2022,4.94,21.46
kabupaten,21,2104,8,2022,11.22,1.38
kabupaten,21,2104,9,2022,8.58,2.39
kabupaten,21,2104,10,2022,4.45,4.17
kabupaten,21,2104,11,2022,2.27,0.88
kabupaten,21,2104,12,2022,4.26,2.62
kabupaten,21,2104,13,2022,0,0
kabupaten,21,2104,14,2022,3.23,7.56
kabupaten,21,2104,15,2022,2.43,6.75
kabupaten,21,2104,16,2022,3.77,3.27
kabupaten,21,2104,17,2022,5.17,0.72
kabupaten,21,2104,1,2023,2.11,22.11
kabupaten,21,2104,2,2023,1.11,4.61
kabupaten,21,2104,3,2023,3.5,0.74
kabupaten,21,2104,4,2023,9.05,0.3
kabupaten,21,2104,5,2023,2.08,0.03
kabupaten,21,2104,6,2023,3.14,20.17
kabupaten,21,2104,7,2023,4.65,21.53
kabupaten,21,2104,8,2023,18.86,1.58
kabupaten,21,2104,9,2023,20.29,2.76
kabupaten,21,2104,10,2023,19.28,4.77
kabupaten,21,2104,11,2023,6.29,0.89
kabupaten,21,2104,12,2023,0.02,2.51
kabupaten,21,2104,13,2023,0,0
kabupaten,21,2104,14,2023,3.03,7.47
kabupaten,21,2104,15,2023,3.81,6.72
kabupaten,21,2104,16,2023,-0.51,3.12
kabupaten,21,2104,17,2023,0.59,0.69
kabupaten,21,2104,1,2024,0.2,21.22
kabupaten,21,2104,2,2024,7.32,4.74
kabupaten,21,2104,3,2024,0.46,0.72
kabupaten,21,2104,4,2024,5.57,0.3
kabupaten,21,2104,5,2024,1.02,0.03
kabupaten,21,2104,6,2024,5.47,20.37
kabupaten,21,2104,7,2024,7.42,22.15
kabupaten,21,2104,8,2024,5.51,1.59
kabupaten,21,2104,9,2024,11.83,2.96
kabupaten,21,2104,10,2024,1.17,4.62
kabupaten,21,2104,11,2024,2.3,0.87
kabupaten,21,2104,12,2024,4.29,2.51
kabupaten,21,2104,13,2024,0,0
kabupaten,21,2104,14,2024,7.46,7.68
kabupaten,21,2104,15,2024,1.1,6.5
kabupaten,21,2104,16,2024,1.51,3.03
kabupaten,21,2104,17,2024,5.78,0.7
kabupaten,21,2102,1,2021,0,15.79
kabupaten,21,2102,2,2021,0,10.83
kabupaten,21,2102,3,2021,0,13.23
kabupaten,21,2102,4,2021,0,0.31
kabupaten,21,2102,5,2021,0,0.04
kabupaten,21,2102,6,2021,0,19.85
kabupaten,21,2102,7,2021,0,16.53
kabupaten,21,2102,8,2021,0,2.49
kabupaten,21,2102,9,2021,0,1.84
kabupaten,21,2102,10,2021,0,3.98
kabupaten,21,2102,11,2021,0,1.73
kabupaten,21,2102,12,2021,0,3.18
kabupaten,21,2102,13,2021,0,0.02
kabupaten,21,2102,14,2021,0,3.67
kabupaten,21,2102,15,2021,0,3.27
kabupaten,21,2102,16,2021,0,2.14
kabupaten,21,2102,17,2021,0,1.12
kabupaten,21,2102,1,2022,2.03,15.43
kabupaten,21,2102,2,2022,-3.44,10.02
kabupaten,21,2102,3,2022,2.79,13.03
kabupaten,21,2102,4,2022,10.48,0.32
kabupaten,21,2102,5,2022,5.3,0.04
kabupaten,21,2102,6,2022,3.81,19.74
kabupaten,21,2102,7,2022,8.66,17.21
kabupaten,21,2102,8,2022,21.94,2.91
kabupaten,21,2102,9,2022,28.13,2.26
kabupaten,21,2102,10,2022,5.2,4.01
kabupaten,21,2102,11,2022,2.38,1.69
kabupaten,21,2102,12,2022,3.46,3.15
kabupaten,21,2102,13,2022,7.6,0.02
kabupaten,21,2102,14,2022,2.01,3.58
kabupaten,21,2102,15,2022,2.55,3.21
kabupaten,21,2102,16,2022,2.49,2.1
kabupaten,21,2102,17,2022,18.94,1.27
kabupaten,21,2102,1,2023,3.28,15.11
kabupaten,21,2102,2,2023,-2.05,9.3
kabupaten,21,2102,3,2023,7.63,13.3
kabupaten,21,2102,4,2023,11.04,0.34
kabupaten,21,2102,5,2023,0.69,0.04
kabupaten,21,2102,6,2023,1.84,19.06
kabupaten,21,2102,7,2023,7.44,17.52
kabupaten,21,2102,8,2023,20.42,3.32
kabupaten,21,2102,9,2023,17.77,2.52
kabupaten,21,2102,10,2023,24.56,4.73
kabupaten,21,2102,11,2023,7.53,1.73
kabupaten,21,2102,12,2023,3.97,3.1
kabupaten,21,2102,13,2023,14.13,0.02
kabupaten,21,2102,14,2023,4.11,3.54
kabupaten,21,2102,15,2023,3.93,3.17
kabupaten,21,2102,16,2023,-8.94,1.82
kabupaten,21,2102,17,2023,16.12,1.4
kabupaten,21,2102,1,2024,-1.03,14.05
kabupaten,21,2102,2,2024,-0.95,8.65
kabupaten,21,2102,3,2024,26.23,15.77
kabupaten,21,2102,4,2024,9.63,0.35
kabupaten,21,2102,5,2024,3.41,0.04
kabupaten,21,2102,6,2024,2.65,18.38
kabupaten,21,2102,7,2024,4.85,17.26
kabupaten,21,2102,8,2024,4.88,3.27
kabupaten,21,2102,9,2024,9.77,2.6
kabupaten,21,2102,10,2024,4.87,4.66
kabupaten,21,2102,11,2024,5.34,1.71
kabupaten,21,2102,12,2024,4.99,3.06
kabupaten,21,2102,13,2024,0.48,0.02
kabupaten,21,2102,14,2024,17.03,3.89
kabupaten,21,2102,15,2024,3.11,3.07
kabupaten,21,2102,16,2024,7.28,1.83
kabupaten,21,2102,17,2024,7.07,1.41
kabupaten,21,2102,1,2025,6.75,14.22
kabupaten,21,2102,2,2025,0.48,8.25
kabupaten,21,2102,3,2025,6.8,15.97
kabupaten,21,2102,4,2025,10.56,0.37
kabupaten,21,2102,5,2025,10.55,0.04
kabupaten,21,2102,6,2025,5.24,18.34
kabupaten,21,2102,7,2025,7.4,17.58
kabupaten,21,2102,8,2025,10.35,3.42
kabupaten,21,2102,9,2025,7.27,2.64
kabupaten,21,2102,10,2025,1,4.46
kabupaten,21,2102,11,2025,3.44,1.68
kabupaten,21,2102,12,2025,5.16,3.05
kabupaten,21,2102,13,2025,7.58,0.02
kabupaten,21,2102,14,2025,1.33,3.74
kabupaten,21,2102,15,2025,5.23,3.06
kabupaten,21,2102,16,2025,3.54,1.8
kabupaten,21,2102,17,2025,1.93,1.36
kabupaten,21,2101,1,2021,0,6.7
kabupaten,21,2101,2,2021,0,4.79
kabupaten,21,2101,3,2021,0,40.1
kabupaten,21,2101,4,2021,0,0.15
kabupaten,21,2101,5,2021,0,0.06
kabupaten,21,2101,6,2021,0,21.9
kabupaten,21,2101,7,2021,0,9.77
kabupaten,21,2101,8,2021,0,2.26
kabupaten,21,2101,9,2021,0,3.79
kabupaten,21,2101,10,2021,0,1.6
kabupaten,21,2101,11,2021,0,1.86
kabupaten,21,2101,12,2021,0,1.3
kabupaten,21,2101,13,2021,0,0
kabupaten,21,2101,14,2021,0,2.49
kabupaten,21,2101,15,2021,0,1.93
kabupaten,21,2101,16,2021,0,1.14
kabupaten,21,2101,17,2021,0,0.16
kabupaten,21,2101,1,2022,3.88,6.47
kabupaten,21,2101,2,2022,-36.15,2.84
kabupaten,21,2101,3,2022,16.22,43.29
kabupaten,21,2101,4,2022,3.21,0.15
kabupaten,21,2101,5,2022,3.65,0.06
kabupaten,21,2101,6,2022,0.79,20.5
kabupaten,21,2101,7,2022,3.74,9.41
kabupaten,21,2101,8,2022,6.45,2.23
kabupaten,21,2101,9,2022,41.41,4.98
kabupaten,21,2101,10,2022,2.89,1.53
kabupaten,21,2101,11,2022,1.54,1.75
kabupaten,21,2101,12,2022,2.7,1.24
kabupaten,21,2101,13,2022,8.33,0
kabupaten,21,2101,14,2022,4.47,2.42
kabupaten,21,2101,15,2022,3.45,1.86
kabupaten,21,2101,16,2022,4.96,1.11
kabupaten,21,2101,17,2022,12.69,0.17
kabupaten,21,2101,1,2023,3.62,6.19
kabupaten,21,2101,2,2023,-11.21,2.33
kabupaten,21,2101,3,2023,10.61,44.2
kabupaten,21,2101,4,2023,8.93,0.15
kabupaten,21,2101,5,2023,3.52,0.06
kabupaten,21,2101,6,2023,2.18,19.34
kabupaten,21,2101,7,2023,10.7,9.62
kabupaten,21,2101,8,2023,26.2,2.6
kabupaten,21,2101,9,2023,32.59,6.09
kabupaten,21,2101,10,2023,-0.32,1.4
kabupaten,21,2101,11,2023,4.89,1.7
kabupaten,21,2101,12,2023,1.65,1.16
kabupaten,21,2101,13,2023,15.38,0
kabupaten,21,2101,14,2023,1.46,2.27
kabupaten,21,2101,15,2023,5.16,1.8
kabupaten,21,2101,16,2023,-12.12,0.9
kabupaten,21,2101,17,2023,25.19,0.2
kabupaten,21,2101,1,2024,1.88,5.79
kabupaten,21,2101,2,2024,-34.1,1.41
kabupaten,21,2101,3,2024,12.75,45.77
kabupaten,21,2101,4,2024,6.52,0.14
kabupaten,21,2101,5,2024,4.36,0.06
kabupaten,21,2101,6,2024,7.49,19.09
kabupaten,21,2101,7,2024,8.93,9.62
kabupaten,21,2101,8,2024,2.79,2.46
kabupaten,21,2101,9,2024,9.48,6.12
kabupaten,21,2101,10,2024,5.62,1.36
kabupaten,21,2101,11,2024,3.29,1.61
kabupaten,21,2101,12,2024,0.03,1.07
kabupaten,21,2101,13,2024,0,0
kabupaten,21,2101,14,2024,27.71,2.66
kabupaten,21,2101,15,2024,8.38,1.79
kabupaten,21,2101,16,2024,3.07,0.85
kabupaten,21,2101,17,2024,8.87,0.2
kabupaten,21,2101,1,2025,1.01,5.49
kabupaten,21,2101,2,2025,24.01,1.64
kabupaten,21,2101,3,2025,4.5,44.94
kabupaten,21,2101,4,2025,21.9,0.16
kabupaten,21,2101,5,2025,4.99,0.05
kabupaten,21,2101,6,2025,11.1,19.93
kabupaten,21,2101,7,2025,10.34,9.97
kabupaten,21,2101,8,2025,4.44,2.41
kabupaten,21,2101,9,2025,6.73,6.14
kabupaten,21,2101,10,2025,1.12,1.29
kabupaten,21,2101,11,2025,0.49,1.52
kabupaten,21,2101,12,2025,2.58,1.03
kabupaten,21,2101,13,2025,13.33,0
kabupaten,21,2101,14,2025,6.59,2.66
kabupaten,21,2101,15,2025,0.51,1.69
kabupaten,21,2101,16,2025,7.18,0.86
kabupaten,21,2101,17,2025,2.51,0.19
kabupaten,19,1971,1,2021,0,4.67
kabupaten,19,1971,2,2021,0,0
kabupaten,19,1971,3,2021,0,18.63
kabupaten,19,1971,4,2021,0,0.09
kabupaten,19,1971,5,2021,0,0.03
kabupaten,19,1971,6,2021,0,10.91
kabupaten,19,1971,7,2021,0,24.61
kabupaten,19,1971,8,2021,0,5.93
kabupaten,19,1971,9,2021,0,3.59
kabupaten,19,1971,10,2021,0,5.71
kabupaten,19,1971,11,2021,0,4.43
kabupaten,19,1971,12,2021,0,5.43
kabupaten,19,1971,13,2021,0,0.38
kabupaten,19,1971,14,2021,0,6.62
kabupaten,19,1971,15,2021,0,4.81
kabupaten,19,1971,16,2021,0,2.31
kabupaten,19,1971,17,2021,0,1.87
kabupaten,19,1971,1,2022,-0.59,4.37
kabupaten,19,1971,2,2022,0,0
kabupaten,19,1971,3,2022,9.31,19.17
kabupaten,19,1971,4,2022,-3.95,0.08
kabupaten,19,1971,5,2022,4.18,0.03
kabupaten,19,1971,6,2022,-2.01,10.06
kabupaten,19,1971,7,2022,9.36,25.35
kabupaten,19,1971,8,2022,10.76,6.18
kabupaten,19,1971,9,2022,11.16,3.75
kabupaten,19,1971,10,2022,10.91,5.96
kabupaten,19,1971,11,2022,4.24,4.35
kabupaten,19,1971,12,2022,5.79,5.41
kabupaten,19,1971,13,2022,10.3,0.4
kabupaten,19,1971,14,2022,-1.51,6.14
kabupaten,19,1971,15,2022,2.37,4.63
kabupaten,19,1971,16,2022,2.01,2.22
kabupaten,19,1971,17,2022,8.25,1.91
kabupaten,19,1971,1,2023,1.6,4.22
kabupaten,19,1971,2,2023,0,0
kabupaten,19,1971,3,2023,1.07,18.4
kabupaten,19,1971,4,2023,3.61,0.08
kabupaten,19,1971,5,2023,0.36,0.03
kabupaten,19,1971,6,2023,9.23,10.44
kabupaten,19,1971,7,2023,1.52,24.43
kabupaten,19,1971,8,2023,7.08,6.28
kabupaten,19,1971,9,2023,10.76,3.95
kabupaten,19,1971,10,2023,14.97,6.51
kabupaten,19,1971,11,2023,12.33,4.63
kabupaten,19,1971,12,2023,4.68,5.37
kabupaten,19,1971,13,2023,9.12,0.41
kabupaten,19,1971,14,2023,4.51,6.1
kabupaten,19,1971,15,2023,10.53,4.86
kabupaten,19,1971,16,2023,8.43,2.28
kabupaten,19,1971,17,2023,11.23,2.01
kabupaten,19,1971,1,2024,3.18,4.45
kabupaten,19,1971,2,2024,0,0
kabupaten,19,1971,3,2024,-30.27,13.13
kabupaten,19,1971,4,2024,3.73,0.08
kabupaten,19,1971,5,2024,4,0.03
kabupaten,19,1971,6,2024,-0.19,10.66
kabupaten,19,1971,7,2024,1.13,25.29
kabupaten,19,1971,8,2024,4.61,6.73
kabupaten,19,1971,9,2024,4.16,4.21
kabupaten,19,1971,10,2024,10.52,7.36
kabupaten,19,1971,11,2024,1.33,4.81
kabupaten,19,1971,12,2024,4.43,5.74
kabupaten,19,1971,13,2024,7.82,0.46
kabupaten,19,1971,14,2024,10.39,6.89
kabupaten,19,1971,15,2024,11.2,5.53
kabupaten,19,1971,16,2024,2.03,2.38
kabupaten,19,1971,17,2024,9.03,2.25
kabupaten,19,1971,1,2025,4.09,4.43
kabupaten,19,1971,2,2025,0,0
kabupaten,19,1971,3,2025,10.12,13.83
kabupaten,19,1971,4,2025,4.06,0.08
kabupaten,19,1971,5,2025,2.45,0.03
kabupaten,19,1971,6,2025,-3.1,9.88
kabupaten,19,1971,7,2025,2.74,24.85
kabupaten,19,1971,8,2025,8.81,7
kabupaten,19,1971,9,2025,9.67,4.42
kabupaten,19,1971,10,2025,9.17,7.69
kabupaten,19,1971,11,2025,1.13,4.65
kabupaten,19,1971,12,2025,3.9,5.71
kabupaten,19,1971,13,2025,7,0.47
kabupaten,19,1971,14,2025,-0.18,6.58
kabupaten,19,1971,15,2025,6.38,5.63
kabupaten,19,1971,16,2025,5.59,2.41
kabupaten,19,1971,17,2025,9.18,2.35
kabupaten,19,1906,1,2021,0,24.96
kabupaten,19,1906,2,2021,0,17.43
kabupaten,19,1906,3,2021,0,20.37
kabupaten,19,1906,4,2021,0,0.07
kabupaten,19,1906,5,2021,0,0.02
kabupaten,19,1906,6,2021,0,7.27
kabupaten,19,1906,7,2021,0,9.9
kabupaten,19,1906,8,2021,0,1.93
kabupaten,19,1906,9,2021,0,2.37
kabupaten,19,1906,10,2021,0,1.61
kabupaten,19,1906,11,2021,0,0.46
kabupaten,19,1906,12,2021,0,2.91
kabupaten,19,1906,13,2021,0,0.26
kabupaten,19,1906,14,2021,0,5.96
kabupaten,19,1906,15,2021,0,2.43
kabupaten,19,1906,16,2021,0,1.53
kabupaten,19,1906,17,2021,0,0.52
kabupaten,19,1906,1,2022,1.49,24.41
kabupaten,19,1906,2,2022,-0.14,16.77
kabupaten,19,1906,3,2022,5.95,20.79
kabupaten,19,1906,4,2022,-2.47,0.07
kabupaten,19,1906,5,2022,4.81,0.02
kabupaten,19,1906,6,2022,0.15,7.01
kabupaten,19,1906,7,2022,12.16,10.7
kabupaten,19,1906,8,2022,10.21,2.05
kabupaten,19,1906,9,2022,13.08,2.58
kabupaten,19,1906,10,2022,7.53,1.67
kabupaten,19,1906,11,2022,6.61,0.47
kabupaten,19,1906,12,2022,5.88,2.97
kabupaten,19,1906,13,2022,9.08,0.28
kabupaten,19,1906,14,2022,0.3,5.76
kabupaten,19,1906,15,2022,2.51,2.4
kabupaten,19,1906,16,2022,2.52,1.51
kabupaten,19,1906,17,2022,7.76,0.54
kabupaten,19,1906,1,2023,4.98,24.48
kabupaten,19,1906,2,2023,-1.88,15.72
kabupaten,19,1906,3,2023,3.7,20.59
kabupaten,19,1906,4,2023,3.54,0.07
kabupaten,19,1906,5,2023,0,0.02
kabupaten,19,1906,6,2023,9.9,7.36
kabupaten,19,1906,7,2023,4.95,10.72
kabupaten,19,1906,8,2023,5.37,2.06
kabupaten,19,1906,9,2023,11.8,2.76
kabupaten,19,1906,10,2023,14.13,1.82
kabupaten,19,1906,11,2023,14.48,0.51
kabupaten,19,1906,12,2023,5.65,3
kabupaten,19,1906,13,2023,7.96,0.29
kabupaten,19,1906,14,2023,8.81,5.98
kabupaten,19,1906,15,2023,8.85,2.49
kabupaten,19,1906,16,2023,9.26,1.58
kabupaten,19,1906,17,2023,6.64,0.55
kabupaten,19,1906,1,2024,6.41,26.06
kabupaten,19,1906,2,2024,-1.53,15.48
kabupaten,19,1906,3,2024,-16.6,17.18
kabupaten,19,1906,4,2024,6.6,0.07
kabupaten,19,1906,5,2024,4.59,0.02
kabupaten,19,1906,6,2024,3.74,7.64
kabupaten,19,1906,7,2024,0.14,10.74
kabupaten,19,1906,8,2024,5.34,2.17
kabupaten,19,1906,9,2024,5.93,2.92
kabupaten,19,1906,10,2024,10,2
kabupaten,19,1906,11,2024,2.3,0.52
kabupaten,19,1906,12,2024,4.59,3.14
kabupaten,19,1906,13,2024,7.93,0.31
kabupaten,19,1906,14,2024,12.77,6.75
kabupaten,19,1906,15,2024,11.38,2.78
kabupaten,19,1906,16,2024,2.51,1.62
kabupaten,19,1906,17,2024,7.92,0.59
kabupaten,19,1906,1,2025,3.04,25.74
kabupaten,19,1906,2,2025,8.52,16.11
kabupaten,19,1906,3,2025,3.83,17.1
kabupaten,19,1906,4,2025,2.98,0.07
kabupaten,19,1906,5,2025,2.63,0.02
kabupaten,19,1906,6,2025,-1.1,7.25
kabupaten,19,1906,7,2025,4.83,10.8
kabupaten,19,1906,8,2025,6.39,2.22
kabupaten,19,1906,9,2025,8.18,3.03
kabupaten,19,1906,10,2025,9.07,2.1
kabupaten,19,1906,11,2025,-0.31,0.5
kabupaten,19,1906,12,2025,4.24,3.13
kabupaten,19,1906,13,2025,6.83,0.32
kabupaten,19,1906,14,2025,0.55,6.51
kabupaten,19,1906,15,2025,6.77,2.84
kabupaten,19,1906,16,2025,6.4,1.65
kabupaten,19,1906,17,2025,8.91,0.62
kabupaten,19,1904,1,2021,0,16.35
kabupaten,19,1904,2,2021,0,17.3
kabupaten,19,1904,3,2021,0,5.77
kabupaten,19,1904,4,2021,0,0.07
kabupaten,19,1904,5,2021,0,0.01
kabupaten,19,1904,6,2021,0,11.18
kabupaten,19,1904,7,2021,0,17.35
kabupaten,19,1904,8,2021,0,8.07
kabupaten,19,1904,9,2021,0,3.27
kabupaten,19,1904,10,2021,0,3.35
kabupaten,19,1904,11,2021,0,0.68
kabupaten,19,1904,12,2021,0,3.17
kabupaten,19,1904,13,2021,0,0.25
kabupaten,19,1904,14,2021,0,8.01
kabupaten,19,1904,15,2021,0,3
kabupaten,19,1904,16,2021,0,1.73
kabupaten,19,1904,17,2021,0,0.45
kabupaten,19,1904,1,2022,1.05,15.57
kabupaten,19,1904,2,2022,-0.03,16.31
kabupaten,19,1904,3,2022,15.02,6.26
kabupaten,19,1904,4,2022,-0.48,0.07
kabupaten,19,1904,5,2022,2.33,0.01
kabupaten,19,1904,6,2022,-1.85,10.34
kabupaten,19,1904,7,2022,8.48,17.74
kabupaten,19,1904,8,2022,34.69,10.25
kabupaten,19,1904,9,2022,9.27,3.37
kabupaten,19,1904,10,2022,8.71,3.43
kabupaten,19,1904,11,2022,6.48,0.68
kabupaten,19,1904,12,2022,5.05,3.13
kabupaten,19,1904,13,2022,10.51,0.26
kabupaten,19,1904,14,2022,0.07,7.56
kabupaten,19,1904,15,2022,3.08,2.91
kabupaten,19,1904,16,2022,2.06,1.66
kabupaten,19,1904,17,2022,6.7,0.45
kabupaten,19,1904,1,2023,3.36,15.31
kabupaten,19,1904,2,2023,1.08,15.67
kabupaten,19,1904,3,2023,4.6,6.22
kabupaten,19,1904,4,2023,3.11,0.06
kabupaten,19,1904,5,2023,0,0.01
kabupaten,19,1904,6,2023,7.76,10.6
kabupaten,19,1904,7,2023,1.67,17.16
kabupaten,19,1904,8,2023,12.75,10.99
kabupaten,19,1904,9,2023,6.87,3.42
kabupaten,19,1904,10,2023,12.21,3.66
kabupaten,19,1904,11,2023,7.15,0.7
kabupaten,19,1904,12,2023,3.63,3.09
kabupaten,19,1904,13,2023,8.22,0.26
kabupaten,19,1904,14,2023,6.26,7.64
kabupaten,19,1904,15,2023,10.06,3.05
kabupaten,19,1904,16,2023,7.12,1.7
kabupaten,19,1904,17,2023,7.16,0.46
kabupaten,19,1904,1,2024,2.32,15.72
kabupaten,19,1904,2,2024,-7.13,14.61
kabupaten,19,1904,3,2024,-7.68,5.77
kabupaten,19,1904,4,2024,3.71,0.07
kabupaten,19,1904,5,2024,4.55,0.01
kabupaten,19,1904,6,2024,-5.81,10.02
kabupaten,19,1904,7,2024,0.03,17.22
kabupaten,19,1904,8,2024,0.75,11.11
kabupaten,19,1904,9,2024,2.48,3.52
kabupaten,19,1904,10,2024,8.05,3.97
kabupaten,19,1904,11,2024,0.09,0.7
kabupaten,19,1904,12,2024,2.03,3.16
kabupaten,19,1904,13,2024,8.05,0.29
kabupaten,19,1904,14,2024,8.55,8.32
kabupaten,19,1904,15,2024,8.73,3.33
kabupaten,19,1904,16,2024,0.02,1.7
kabupaten,19,1904,17,2024,8.39,0.5
kabupaten,19,1904,1,2025,2.09,15.13
kabupaten,19,1904,2,2025,4.66,14.41
kabupaten,19,1904,3,2025,53.87,8.37
kabupaten,19,1904,4,2025,4.7,0.07
kabupaten,19,1904,5,2025,2.17,0.01
kabupaten,19,1904,6,2025,-1.74,9.28
kabupaten,19,1904,7,2025,4.47,16.96
kabupaten,19,1904,8,2025,2.69,10.76
kabupaten,19,1904,9,2025,7.78,3.58
kabupaten,19,1904,10,2025,8.92,4.08
kabupaten,19,1904,11,2025,-1.76,0.65
kabupaten,19,1904,12,2025,2.73,3.06
kabupaten,19,1904,13,2025,6.87,0.29
kabupaten,19,1904,14,2025,0.03,7.85
kabupaten,19,1904,15,2025,6.16,3.33
kabupaten,19,1904,16,2025,4.62,1.68
kabupaten,19,1904,17,2025,8.13,0.51
kabupaten,19,1902,1,2021,0,27.66
kabupaten,19,1902,2,2021,0,7.58
kabupaten,19,1902,3,2021,0,11.48
kabupaten,19,1902,4,2021,0,0.16
kabupaten,19,1902,5,2021,0,0.03
kabupaten,19,1902,6,2021,0,12.51
kabupaten,19,1902,7,2021,0,10.45
kabupaten,19,1902,8,2021,0,5.12
kabupaten,19,1902,9,2021,0,3.42
kabupaten,19,1902,10,2021,0,4.6
kabupaten,19,1902,11,2021,0,2.31
kabupaten,19,1902,12,2021,0,3.31
kabupaten,19,1902,13,2021,0,0.28
kabupaten,19,1902,14,2021,0,6.27
kabupaten,19,1902,15,2021,0,1.91
kabupaten,19,1902,16,2021,0,2.22
kabupaten,19,1902,17,2021,0,0.72
kabupaten,19,1902,1,2022,0.54,26.3
kabupaten,19,1902,2,2022,-0.93,7.11
kabupaten,19,1902,3,2022,8.17,11.74
kabupaten,19,1902,4,2022,-4.08,0.14
kabupaten,19,1902,5,2022,5.09,0.03
kabupaten,19,1902,6,2022,-0.88,11.73
kabupaten,19,1902,7,2022,14.26,11.29
kabupaten,19,1902,8,2022,36.3,6.6
kabupaten,19,1902,9,2022,14.16,3.69
kabupaten,19,1902,10,2022,10.49,4.81
kabupaten,19,1902,11,2022,6.03,2.32
kabupaten,19,1902,12,2022,5.48,3.3
kabupaten,19,1902,13,2022,22.31,0.32
kabupaten,19,1902,14,2022,-1.44,5.84
kabupaten,19,1902,15,2022,2.91,1.86
kabupaten,19,1902,16,2022,2.82,2.16
kabupaten,19,1902,17,2022,12.21,0.76
kabupaten,19,1902,1,2023,2.77,25.56
kabupaten,19,1902,2,2023,-0.04,6.72
kabupaten,19,1902,3,2023,4.91,11.65
kabupaten,19,1902,4,2023,2.57,0.14
kabupaten,19,1902,5,2023,0.44,0.03
kabupaten,19,1902,6,2023,9.19,12.11
kabupaten,19,1902,7,2023,1.79,10.87
kabupaten,19,1902,8,2023,10.51,6.9
kabupaten,19,1902,9,2023,10.23,3.84
kabupaten,19,1902,10,2023,13.97,5.18
kabupaten,19,1902,11,2023,15.28,2.53
kabupaten,19,1902,12,2023,4.25,3.25
kabupaten,19,1902,13,2023,8.99,0.33
kabupaten,19,1902,14,2023,6.85,5.91
kabupaten,19,1902,15,2023,11.03,1.95
kabupaten,19,1902,16,2023,9.19,2.23
kabupaten,19,1902,17,2023,11.36,0.8
kabupaten,19,1902,1,2024,3.78,26.05
kabupaten,19,1902,2,2024,-1.68,6.48
kabupaten,19,1902,3,2024,-2.43,11.16
kabupaten,19,1902,4,2024,5.2,0.14
kabupaten,19,1902,5,2024,3.95,0.03
kabupaten,19,1902,6,2024,-2.11,11.64
kabupaten,19,1902,7,2024,-0.67,10.6
kabupaten,19,1902,8,2024,-0.78,6.72
kabupaten,19,1902,9,2024,4.32,3.94
kabupaten,19,1902,10,2024,10.04,5.6
kabupaten,19,1902,11,2024,0.32,2.49
kabupaten,19,1902,12,2024,4.5,3.34
kabupaten,19,1902,13,2024,9.38,0.35
kabupaten,19,1902,14,2024,7.91,6.26
kabupaten,19,1902,15,2024,10.83,2.12
kabupaten,19,1902,16,2024,1.53,2.22
kabupaten,19,1902,17,2024,8.23,0.85
kabupaten,19,1902,1,2025,3.69,25.96
kabupaten,19,1902,2,2025,12.29,7
kabupaten,19,1902,3,2025,2.01,10.94
kabupaten,19,1902,4,2025,2.56,0.14
kabupaten,19,1902,5,2025,2.95,0.03
kabupaten,19,1902,6,2025,-0.82,11.1
kabupaten,19,1902,7,2025,5.5,10.75
kabupaten,19,1902,8,2025,3.05,6.65
kabupaten,19,1902,9,2025,8.05,4.09
kabupaten,19,1902,10,2025,9.44,5.89
kabupaten,19,1902,11,2025,1.94,2.44
kabupaten,19,1902,12,2025,3.78,3.33
kabupaten,19,1902,13,2025,6.91,0.36
kabupaten,19,1902,14,2025,-0.1,6.01
kabupaten,19,1902,15,2025,6.28,2.17
kabupaten,19,1902,16,2025,5.54,2.25
kabupaten,19,1902,17,2025,9.64,0.9
kabupaten,19,1903,1,2021,0,39.93
kabupaten,19,1903,2,2021,0,21.04
kabupaten,19,1903,3,2021,0,4.69
kabupaten,19,1903,4,2021,0,0.07
kabupaten,19,1903,5,2021,0,0.02
kabupaten,19,1903,6,2021,0,7.87
kabupaten,19,1903,7,2021,0,9.91
kabupaten,19,1903,8,2021,0,0.75
kabupaten,19,1903,9,2021,0,2.11
kabupaten,19,1903,10,2021,0,0.83
kabupaten,19,1903,11,2021,0,0.51
kabupaten,19,1903,12,2021,0,3.23
kabupaten,19,1903,13,2021,0,0.12
kabupaten,19,1903,14,2021,0,5.42
kabupaten,19,1903,15,2021,0,2.43
kabupaten,19,1903,16,2021,0,0.73
kabupaten,19,1903,17,2021,0,0.35
kabupaten,19,1903,1,2022,2.76,39.82
kabupaten,19,1903,2,2022,-0.58,20.29
kabupaten,19,1903,3,2022,7.55,4.89
kabupaten,19,1903,4,2022,-0.46,0.07
kabupaten,19,1903,5,2022,3.88,0.02
kabupaten,19,1903,6,2022,-0.92,7.56
kabupaten,19,1903,7,2022,10.76,10.65
kabupaten,19,1903,8,2022,10.41,0.81
kabupaten,19,1903,9,2022,10.72,2.27
kabupaten,19,1903,10,2022,9.95,0.89
kabupaten,19,1903,11,2022,6.82,0.53
kabupaten,19,1903,12,2022,5.08,3.3
kabupaten,19,1903,13,2022,9.81,0.12
kabupaten,19,1903,14,2022,0.3,5.27
kabupaten,19,1903,15,2022,3.15,2.43
kabupaten,19,1903,16,2022,2.1,0.72
kabupaten,19,1903,17,2022,7.75,0.37
kabupaten,19,1903,1,2023,4,39.95
kabupaten,19,1903,2,2023,0.67,19.71
kabupaten,19,1903,3,2023,4.7,4.94
kabupaten,19,1903,4,2023,3.24,0.07
kabupaten,19,1903,5,2023,0,0.02
kabupaten,19,1903,6,2023,5.94,7.73
kabupaten,19,1903,7,2023,1.54,10.43
kabupaten,19,1903,8,2023,8.75,0.85
kabupaten,19,1903,9,2023,9.25,2.39
kabupaten,19,1903,10,2023,9.07,0.93
kabupaten,19,1903,11,2023,13.1,0.57
kabupaten,19,1903,12,2023,3.69,3.3
kabupaten,19,1903,13,2023,2.98,0.12
kabupaten,19,1903,14,2023,4.12,5.29
kabupaten,19,1903,15,2023,9.35,2.56
kabupaten,19,1903,16,2023,8.49,0.76
kabupaten,19,1903,17,2023,8.19,0.39
kabupaten,19,1903,1,2024,2.64,40.64
kabupaten,19,1903,2,2024,-3.48,18.85
kabupaten,19,1903,3,2024,-10.83,4.36
kabupaten,19,1903,4,2024,4.26,0.07
kabupaten,19,1903,5,2024,3.74,0.02
kabupaten,19,1903,6,2024,-0.29,7.64
kabupaten,19,1903,7,2024,0.19,10.36
kabupaten,19,1903,8,2024,4.6,0.88
kabupaten,19,1903,9,2024,3.45,2.45
kabupaten,19,1903,10,2024,7.24,0.99
kabupaten,19,1903,11,2024,0.62,0.57
kabupaten,19,1903,12,2024,3.49,3.38
kabupaten,19,1903,13,2024,5.78,0.13
kabupaten,19,1903,14,2024,9.24,5.73
kabupaten,19,1903,15,2024,8.48,2.75
kabupaten,19,1903,16,2024,0.97,0.76
kabupaten,19,1903,17,2024,8,0.41
kabupaten,19,1903,1,2025,4.57,40.93
kabupaten,19,1903,2,2025,2.02,18.52
kabupaten,19,1903,3,2025,3.71,4.36
kabupaten,19,1903,4,2025,4.09,0.07
kabupaten,19,1903,5,2025,1.8,0.02
kabupaten,19,1903,6,2025,-0.98,7.29
kabupaten,19,1903,7,2025,6.25,10.6
kabupaten,19,1903,8,2025,13.46,0.96
kabupaten,19,1903,9,2025,9.32,2.58
kabupaten,19,1903,10,2025,8.96,1.04
kabupaten,19,1903,11,2025,-0.57,0.55
kabupaten,19,1903,12,2025,3.77,3.38
kabupaten,19,1903,13,2025,8.31,0.14
kabupaten,19,1903,14,2025,-0.03,5.52
kabupaten,19,1903,15,2025,6.21,2.82
kabupaten,19,1903,16,2025,7.13,0.78
kabupaten,19,1903,17,2025,14.17,0.45
kabupaten,19,1905,1,2021,0,13
kabupaten,19,1905,2,2021,0,11.19
kabupaten,19,1905,3,2021,0,45.96
kabupaten,19,1905,4,2021,0,0.06
kabupaten,19,1905,5,2021,0,0.01
kabupaten,19,1905,6,2021,0,5.94
kabupaten,19,1905,7,2021,0,12.01
kabupaten,19,1905,8,2021,0,0.83
kabupaten,19,1905,9,2021,0,1.13
kabupaten,19,1905,10,2021,0,0.49
kabupaten,19,1905,11,2021,0,0.4
kabupaten,19,1905,12,2021,0,2.11
kabupaten,19,1905,13,2021,0,0.12
kabupaten,19,1905,14,2021,0,4.06
kabupaten,19,1905,15,2021,0,1.58
kabupaten,19,1905,16,2021,0,0.81
kabupaten,19,1905,17,2021,0,0.28
kabupaten,19,1905,1,2022,4.13,13.28
kabupaten,19,1905,2,2022,1.82,11.17
kabupaten,19,1905,3,2022,-1.03,44.6
kabupaten,19,1905,4,2022,-3.7,0.05
kabupaten,19,1905,5,2022,4.05,0.01
kabupaten,19,1905,6,2022,1.87,5.94
kabupaten,19,1905,7,2022,9.2,12.86
kabupaten,19,1905,8,2022,11.41,0.91
kabupaten,19,1905,9,2022,9.94,1.22
kabupaten,19,1905,10,2022,8.48,0.52
kabupaten,19,1905,11,2022,8.61,0.43
kabupaten,19,1905,12,2022,8.19,2.24
kabupaten,19,1905,13,2022,8.29,0.13
kabupaten,19,1905,14,2022,-0.93,3.94
kabupaten,19,1905,15,2022,3.04,1.6
kabupaten,19,1905,16,2022,2.66,0.82
kabupaten,19,1905,17,2022,7.37,0.29
kabupaten,19,1905,1,2023,4.63,13.55
kabupaten,19,1905,2,2023,-2.89,10.58
kabupaten,19,1905,3,2023,0.27,43.62
kabupaten,19,1905,4,2023,4.54,0.06
kabupaten,19,1905,5,2023,0,0.01
kabupaten,19,1905,6,2023,7.26,6.21
kabupaten,19,1905,7,2023,5.67,13.25
kabupaten,19,1905,8,2023,8.91,0.97
kabupaten,19,1905,9,2023,12.69,1.34
kabupaten,19,1905,10,2023,12.86,0.58
kabupaten,19,1905,11,2023,11.85,0.47
kabupaten,19,1905,12,2023,6.94,2.33
kabupaten,19,1905,13,2023,5.64,0.14
kabupaten,19,1905,14,2023,7.14,4.12
kabupaten,19,1905,15,2023,4.87,1.64
kabupaten,19,1905,16,2023,4.98,0.84
kabupaten,19,1905,17,2023,9.45,0.31
kabupaten,19,1905,1,2024,3.48,13.29
kabupaten,19,1905,2,2024,-2.67,9.77
kabupaten,19,1905,3,2024,11.99,46.31
kabupaten,19,1905,4,2024,3.34,0.05
kabupaten,19,1905,5,2024,3.9,0.01
kabupaten,19,1905,6,2024,-1.67,5.79
kabupaten,19,1905,7,2024,-3.72,12.1
kabupaten,19,1905,8,2024,3.57,0.95
kabupaten,19,1905,9,2024,2.97,1.31
kabupaten,19,1905,10,2024,7.79,0.59
kabupaten,19,1905,11,2024,1.56,0.45
kabupaten,19,1905,12,2024,3.01,2.28
kabupaten,19,1905,13,2024,3.9,0.13
kabupaten,19,1905,14,2024,6.54,4.16
kabupaten,19,1905,15,2024,9.69,1.7
kabupaten,19,1905,16,2024,-0.85,0.79
kabupaten,19,1905,17,2024,7.84,0.32
kabupaten,19,1905,1,2025,2.11,13.35
kabupaten,19,1905,2,2025,8.58,10.42
kabupaten,19,1905,3,2025,-0.84,45.15
kabupaten,19,1905,4,2025,4.85,0.06
kabupaten,19,1905,5,2025,3.75,0.01
kabupaten,19,1905,6,2025,-1.28,5.62
kabupaten,19,1905,7,2025,4.76,12.46
kabupaten,19,1905,8,2025,8.29,1.01
kabupaten,19,1905,9,2025,8.45,1.39
kabupaten,19,1905,10,2025,5.71,0.61
kabupaten,19,1905,11,2025,-1.46,0.44
kabupaten,19,1905,12,2025,4.54,2.34
kabupaten,19,1905,13,2025,6.71,0.14
kabupaten,19,1905,14,2025,-1.21,4.04
kabupaten,19,1905,15,2025,6.88,1.79
kabupaten,19,1905,16,2025,8.35,0.84
kabupaten,19,1905,17,2025,8.03,0.34
kabupaten,19,1901,1,2021,0,20.02
kabupaten,19,1901,2,2021,0,13.98
kabupaten,19,1901,3,2021,0,24.36
kabupaten,19,1901,4,2021,0,0.22
kabupaten,19,1901,5,2021,0,0.02
kabupaten,19,1901,6,2021,0,8.31
kabupaten,19,1901,7,2021,0,11.2
kabupaten,19,1901,8,2021,0,2.04
kabupaten,19,1901,9,2021,0,2.37
kabupaten,19,1901,10,2021,0,3.07
kabupaten,19,1901,11,2021,0,2.35
kabupaten,19,1901,12,2021,0,3.51
kabupaten,19,1901,13,2021,0,0.18
kabupaten,19,1901,14,2021,0,4.77
kabupaten,19,1901,15,2021,0,1.84
kabupaten,19,1901,16,2021,0,1.11
kabupaten,19,1901,17,2021,0,0.65
kabupaten,19,1901,1,2022,1.24,19.32
kabupaten,19,1901,2,2022,1.85,13.58
kabupaten,19,1901,3,2022,8.04,25.1
kabupaten,19,1901,4,2022,-4.07,0.2
kabupaten,19,1901,5,2022,3.74,0.02
kabupaten,19,1901,6,2022,0.2,7.94
kabupaten,19,1901,7,2022,10.79,11.83
kabupaten,19,1901,8,2022,9.12,2.12
kabupaten,19,1901,9,2022,11.72,2.52
kabupaten,19,1901,10,2022,9.49,3.21
kabupaten,19,1901,11,2022,6.63,2.39
kabupaten,19,1901,12,2022,4.69,3.5
kabupaten,19,1901,13,2022,10.6,0.19
kabupaten,19,1901,14,2022,-1.39,4.49
kabupaten,19,1901,15,2022,3.99,1.83
kabupaten,19,1901,16,2022,2.16,1.08
kabupaten,19,1901,17,2022,8.18,0.67
kabupaten,19,1901,1,2023,4.01,19.25
kabupaten,19,1901,2,2023,-1.35,12.83
kabupaten,19,1901,3,2023,3.07,24.78
kabupaten,19,1901,4,2023,0.71,0.19
kabupaten,19,1901,5,2023,6.76,0.02
kabupaten,19,1901,6,2023,8.47,8.25
kabupaten,19,1901,7,2023,2.59,11.62
kabupaten,19,1901,8,2023,8.4,2.21
kabupaten,19,1901,9,2023,10.92,2.68
kabupaten,19,1901,10,2023,12.79,3.47
kabupaten,19,1901,11,2023,17.17,2.68
kabupaten,19,1901,12,2023,4.42,3.5
kabupaten,19,1901,13,2023,9.45,0.2
kabupaten,19,1901,14,2023,5.74,4.54
kabupaten,19,1901,15,2023,11.18,1.94
kabupaten,19,1901,16,2023,9.09,1.13
kabupaten,19,1901,17,2023,11.01,0.71
kabupaten,19,1901,1,2024,2.39,19.79
kabupaten,19,1901,2,2024,-5.37,12.19
kabupaten,19,1901,3,2024,-6.73,23.21
kabupaten,19,1901,4,2024,6.23,0.21
kabupaten,19,1901,5,2024,3.8,0.02
kabupaten,19,1901,6,2024,-0.55,8.24
kabupaten,19,1901,7,2024,0.97,11.79
kabupaten,19,1901,8,2024,5.17,2.33
kabupaten,19,1901,9,2024,4.04,2.8
kabupaten,19,1901,10,2024,10.64,3.85
kabupaten,19,1901,11,2024,0.12,2.69
kabupaten,19,1901,12,2024,3.61,3.64
kabupaten,19,1901,13,2024,7.06,0.22
kabupaten,19,1901,14,2024,7.78,4.92
kabupaten,19,1901,15,2024,10.56,2.16
kabupaten,19,1901,16,2024,2.21,1.16
kabupaten,19,1901,17,2024,8.39,0.77
kabupaten,19,1901,1,2025,2.38,19.31
kabupaten,19,1901,2,2025,7.09,12.44
kabupaten,19,1901,3,2025,7.24,23.71
kabupaten,19,1901,4,2025,6.19,0.21
kabupaten,19,1901,5,2025,2.03,0.02
kabupaten,19,1901,6,2025,-1.23,7.75
kabupaten,19,1901,7,2025,5.37,11.83
kabupaten,19,1901,8,2025,8.31,2.4
kabupaten,19,1901,9,2025,9.62,2.93
kabupaten,19,1901,10,2025,9.74,4.03
kabupaten,19,1901,11,2025,0.66,2.58
kabupaten,19,1901,12,2025,4.19,3.62
kabupaten,19,1901,13,2025,8.7,0.22
kabupaten,19,1901,14,2025,0.74,4.72
kabupaten,19,1901,15,2025,7.91,2.22
kabupaten,19,1901,16,2025,7.52,1.19
kabupaten,19,1901,17,2025,10.21,0.81
kabupaten,16,1607,1,2021,0,34.92
kabupaten,16,1607,2,2021,0,6.69
kabupaten,16,1607,3,2021,0,23.19
kabupaten,16,1607,4,2021,0,0.08
kabupaten,16,1607,5,2021,0,0.01
kabupaten,16,1607,6,2021,0,13.79
kabupaten,16,1607,7,2021,0,11.11
kabupaten,16,1607,8,2021,0,0.47
kabupaten,16,1607,9,2021,0,0.41
kabupaten,16,1607,10,2021,0,2.18
kabupaten,16,1607,11,2021,0,0.29
kabupaten,16,1607,12,2021,0,0.86
kabupaten,16,1607,13,2021,0,0.01
kabupaten,16,1607,14,2021,0,2.42
kabupaten,16,1607,15,2021,0,2.67
kabupaten,16,1607,16,2021,0,0.5
kabupaten,16,1607,17,2021,0,0.37
kabupaten,16,1607,1,2022,2.32,33.93
kabupaten,16,1607,2,2022,1.03,6.42
kabupaten,16,1607,3,2022,6.37,23.43
kabupaten,16,1607,4,2022,3.42,0.08
kabupaten,16,1607,5,2022,0.99,0.01
kabupaten,16,1607,6,2022,9.65,14.36
kabupaten,16,1607,7,2022,10.35,11.64
kabupaten,16,1607,8,2022,7.61,0.48
kabupaten,16,1607,9,2022,11.91,0.44
kabupaten,16,1607,10,2022,7.93,2.23
kabupaten,16,1607,11,2022,0.71,0.28
kabupaten,16,1607,12,2022,3.78,0.84
kabupaten,16,1607,13,2022,0.69,0.01
kabupaten,16,1607,14,2022,1.77,2.34
kabupaten,16,1607,15,2022,4.18,2.64
kabupaten,16,1607,16,2022,3.27,0.49
kabupaten,16,1607,17,2022,2.8,0.36
kabupaten,16,1607,1,2023,3.56,33.44
kabupaten,16,1607,2,2023,1.31,6.19
kabupaten,16,1607,3,2023,5.11,23.44
kabupaten,16,1607,4,2023,3.76,0.08
kabupaten,16,1607,5,2023,1.31,0.01
kabupaten,16,1607,6,2023,7.07,14.63
kabupaten,16,1607,7,2023,9.12,12.09
kabupaten,16,1607,8,2023,4.77,0.48
kabupaten,16,1607,9,2023,9.16,0.46
kabupaten,16,1607,10,2023,4.21,2.21
kabupaten,16,1607,11,2023,3.2,0.28
kabupaten,16,1607,12,2023,6.79,0.86
kabupaten,16,1607,13,2023,1.03,0.01
kabupaten,16,1607,14,2023,5.98,2.36
kabupaten,16,1607,15,2023,4.56,2.63
kabupaten,16,1607,16,2023,0.01,0.47
kabupaten,16,1607,17,2023,2.63,0.35
kabupaten,16,1607,1,2024,3.99,33.08
kabupaten,16,1607,2,2024,1.08,5.95
kabupaten,16,1607,3,2024,2.36,22.82
kabupaten,16,1607,4,2024,8.22,0.08
kabupaten,16,1607,5,2024,0,0.01
kabupaten,16,1607,6,2024,8.53,15.11
kabupaten,16,1607,7,2024,10.88,12.75
kabupaten,16,1607,8,2024,0.33,0.46
kabupaten,16,1607,9,2024,8.68,0.47
kabupaten,16,1607,10,2024,7.85,2.27
kabupaten,16,1607,11,2024,5.54,0.28
kabupaten,16,1607,12,2024,6.47,0.87
kabupaten,16,1607,13,2024,2.38,0.01
kabupaten,16,1607,14,2024,6.25,2.39
kabupaten,16,1607,15,2024,4.94,2.62
kabupaten,16,1607,16,2024,5.1,0.47
kabupaten,16,1607,17,2024,8.37,0.37
kabupaten,16,1607,1,2025,4.88,32.91
kabupaten,16,1607,2,2025,2.67,5.8
kabupaten,16,1607,3,2025,5.59,22.86
kabupaten,16,1607,4,2025,4.7,0.08
kabupaten,16,1607,5,2025,2.59,0.01
kabupaten,16,1607,6,2025,3.77,14.87
kabupaten,16,1607,7,2025,10.6,13.38
kabupaten,16,1607,8,2025,3.12,0.45
kabupaten,16,1607,9,2025,9.24,0.49
kabupaten,16,1607,10,2025,6.06,2.28
kabupaten,16,1607,11,2025,4.75,0.27
kabupaten,16,1607,12,2025,5.82,0.87
kabupaten,16,1607,13,2025,0.33,0.01
kabupaten,16,1607,14,2025,3.04,2.33
kabupaten,16,1607,15,2025,2.64,2.56
kabupaten,16,1607,16,2025,5.29,0.47
kabupaten,16,1607,17,2025,0.01,0.35
kabupaten,16,1611,1,2021,0,39.75
kabupaten,16,1611,2,2021,0,3.51
kabupaten,16,1611,3,2021,0,9.51
kabupaten,16,1611,4,2021,0,0.09
kabupaten,16,1611,5,2021,0,0.04
kabupaten,16,1611,6,2021,0,10.34
kabupaten,16,1611,7,2021,0,16.73
kabupaten,16,1611,8,2021,0,1.53
kabupaten,16,1611,9,2021,0,1.31
kabupaten,16,1611,10,2021,0,1.35
kabupaten,16,1611,11,2021,0,2.25
kabupaten,16,1611,12,2021,0,5.05
kabupaten,16,1611,13,2021,0,0.02
kabupaten,16,1611,14,2021,0,4.68
kabupaten,16,1611,15,2021,0,1.93
kabupaten,16,1611,16,2021,0,0.9
kabupaten,16,1611,17,2021,0,1.01
kabupaten,16,1611,1,2022,4.15,39.44
kabupaten,16,1611,2,2022,5.05,3.51
kabupaten,16,1611,3,2022,9.34,9.9
kabupaten,16,1611,4,2022,5.79,0.09
kabupaten,16,1611,5,2022,-0.78,0.03
kabupaten,16,1611,6,2022,3.46,10.19
kabupaten,16,1611,7,2022,6.64,16.99
kabupaten,16,1611,8,2022,7.67,1.57
kabupaten,16,1611,9,2022,7.56,1.34
kabupaten,16,1611,10,2022,5.94,1.36
kabupaten,16,1611,11,2022,0.04,2.15
kabupaten,16,1611,12,2022,4.2,5.02
kabupaten,16,1611,13,2022,1.14,0.02
kabupaten,16,1611,14,2022,2.91,4.58
kabupaten,16,1611,15,2022,5.55,1.94
kabupaten,16,1611,16,2022,3.06,0.88
kabupaten,16,1611,17,2022,1.37,0.98
kabupaten,16,1611,1,2023,2.05,38.6
kabupaten,16,1611,2,2023,3.04,3.47
kabupaten,16,1611,3,2023,7.27,10.18
kabupaten,16,1611,4,2023,3.95,0.09
kabupaten,16,1611,5,2023,10.94,0.04
kabupaten,16,1611,6,2023,3.06,10.08
kabupaten,16,1611,7,2023,9.3,17.81
kabupaten,16,1611,8,2023,4.61,1.57
kabupaten,16,1611,9,2023,5.9,1.36
kabupaten,16,1611,10,2023,7.69,1.4
kabupaten,16,1611,11,2023,2.06,2.1
kabupaten,16,1611,12,2023,3.88,5
kabupaten,16,1611,13,2023,1.12,0.02
kabupaten,16,1611,14,2023,2.97,4.53
kabupaten,16,1611,15,2023,4.12,1.94
kabupaten,16,1611,16,2023,0.03,0.85
kabupaten,16,1611,17,2023,2.86,0.96
kabupaten,16,1611,1,2024,6.63,39.4
kabupaten,16,1611,2,2024,-0.64,3.3
kabupaten,16,1611,3,2024,1.64,9.91
kabupaten,16,1611,4,2024,7.6,0.09
kabupaten,16,1611,5,2024,2.11,0.04
kabupaten,16,1611,6,2024,2.3,9.87
kabupaten,16,1611,7,2024,4.95,17.9
kabupaten,16,1611,8,2024,-0.06,1.5
kabupaten,16,1611,9,2024,-0.09,1.3
kabupaten,16,1611,10,2024,6.13,1.42
kabupaten,16,1611,11,2024,4.84,2.11
kabupaten,16,1611,12,2024,1.72,4.87
kabupaten,16,1611,13,2024,7.78,0.02
kabupaten,16,1611,14,2024,4.28,4.52
kabupaten,16,1611,15,2024,4.91,1.95
kabupaten,16,1611,16,2024,0.27,0.81
kabupaten,16,1611,17,2024,5.67,0.98
kabupaten,16,1611,1,2025,6.21,39.73
kabupaten,16,1611,2,2025,2.09,3.2
kabupaten,16,1611,3,2025,5.11,9.89
kabupaten,16,1611,4,2025,11.68,0.09
kabupaten,16,1611,5,2025,1.38,0.03
kabupaten,16,1611,6,2025,3.72,9.72
kabupaten,16,1611,7,2025,7.77,18.31
kabupaten,16,1611,8,2025,1.15,1.44
kabupaten,16,1611,9,2025,7.46,1.33
kabupaten,16,1611,10,2025,5.04,1.42
kabupaten,16,1611,11,2025,3.11,2.06
kabupaten,16,1611,12,2025,1.8,4.71
kabupaten,16,1611,13,2025,0,0.02
kabupaten,16,1611,14,2025,0.65,4.32
kabupaten,16,1611,15,2025,6.91,1.98
kabupaten,16,1611,16,2025,1.61,0.78
kabupaten,16,1611,17,2025,2.66,0.95
kabupaten,16,1604,1,2021,0,22.41
kabupaten,16,1604,2,2021,0,39.15
kabupaten,16,1604,3,2021,0,4.22
kabupaten,16,1604,4,2021,0,0.57
kabupaten,16,1604,5,2021,0,0.03
kabupaten,16,1604,6,2021,0,7.49
kabupaten,16,1604,7,2021,0,10.05
kabupaten,16,1604,8,2021,0,0.89
kabupaten,16,1604,9,2021,0,1.01
kabupaten,16,1604,10,2021,0,1.04
kabupaten,16,1604,11,2021,0,1.48
kabupaten,16,1604,12,2021,0,2.41
kabupaten,16,1604,13,2021,0,0.04
kabupaten,16,1604,14,2021,0,5.1
kabupaten,16,1604,15,2021,0,2.77
kabupaten,16,1604,16,2021,0,0.84
kabupaten,16,1604,17,2021,0,0.51
kabupaten,16,1604,1,2022,1.84,21.33
kabupaten,16,1604,2,2022,14.95,42.07
kabupaten,16,1604,3,2022,0.89,3.98
kabupaten,16,1604,4,2022,6.88,0.57
kabupaten,16,1604,5,2022,0,0.03
kabupaten,16,1604,6,2022,0.73,7.06
kabupaten,16,1604,7,2022,2.21,9.6
kabupaten,16,1604,8,2022,6.71,0.89
kabupaten,16,1604,9,2022,5.1,0.99
kabupaten,16,1604,10,2022,4.21,1.01
kabupaten,16,1604,11,2022,0.67,1.4
kabupaten,16,1604,12,2022,3.19,2.32
kabupaten,16,1604,13,2022,3.85,0.04
kabupaten,16,1604,14,2022,0.63,4.8
kabupaten,16,1604,15,2022,0.94,2.61
kabupaten,16,1604,16,2022,4.22,0.82
kabupaten,16,1604,17,2022,2.24,0.49
kabupaten,16,1604,1,2023,1.04,20.2
kabupaten,16,1604,2,2023,12.43,44.32
kabupaten,16,1604,3,2023,1.77,3.79
kabupaten,16,1604,4,2023,6.82,0.57
kabupaten,16,1604,5,2023,2.63,0.03
kabupaten,16,1604,6,2023,1.95,6.74
kabupaten,16,1604,7,2023,5.21,9.46
kabupaten,16,1604,8,2023,5.08,0.88
kabupaten,16,1604,9,2023,12.38,1.04
kabupaten,16,1604,10,2023,5.11,1
kabupaten,16,1604,11,2023,3.65,1.36
kabupaten,16,1604,12,2023,4.11,2.27
kabupaten,16,1604,13,2023,3.7,0.04
kabupaten,16,1604,14,2023,2.23,4.6
kabupaten,16,1604,15,2023,1.62,2.49
kabupaten,16,1604,16,2023,0,0.76
kabupaten,16,1604,17,2023,2.34,0.47
kabupaten,16,1604,1,2024,0.08,19.23
kabupaten,16,1604,2,2024,7.28,45.23
kabupaten,16,1604,3,2024,0.71,3.63
kabupaten,16,1604,4,2024,9.46,0.59
kabupaten,16,1604,5,2024,5.13,0.03
kabupaten,16,1604,6,2024,3.91,6.66
kabupaten,16,1604,7,2024,4.79,9.44
kabupaten,16,1604,8,2024,1.69,0.85
kabupaten,16,1604,9,2024,9.79,1.09
kabupaten,16,1604,10,2024,9.65,1.04
kabupaten,16,1604,11,2024,8.92,1.4
kabupaten,16,1604,12,2024,7.74,2.32
kabupaten,16,1604,13,2024,7.14,0.04
kabupaten,16,1604,14,2024,7.51,4.7
kabupaten,16,1604,15,2024,5.35,2.49
kabupaten,16,1604,16,2024,8.18,0.79
kabupaten,16,1604,17,2024,3.99,0.47
kabupaten,16,1606,1,2021,0,13.28
kabupaten,16,1606,2,2021,0,58.81
kabupaten,16,1606,3,2021,0,7.76
kabupaten,16,1606,4,2021,0,0.03
kabupaten,16,1606,5,2021,0,0.02
kabupaten,16,1606,6,2021,0,6.94
kabupaten,16,1606,7,2021,0,3.24
kabupaten,16,1606,8,2021,0,0.22
kabupaten,16,1606,9,2021,0,0.12
kabupaten,16,1606,10,2021,0,0.3
kabupaten,16,1606,11,2021,0,1.76
kabupaten,16,1606,12,2021,0,1.68
kabupaten,16,1606,13,2021,0,0.03
kabupaten,16,1606,14,2021,0,2.99
kabupaten,16,1606,15,2021,0,1.89
kabupaten,16,1606,16,2021,0,0.34
kabupaten,16,1606,17,2021,0,0.58
kabupaten,16,1606,1,2022,5.1,13.38
kabupaten,16,1606,2,2022,2.54,57.84
kabupaten,16,1606,3,2022,10.31,8.21
kabupaten,16,1606,4,2022,8.47,0.03
kabupaten,16,1606,5,2022,3,0.01
kabupaten,16,1606,6,2022,4.93,6.99
kabupaten,16,1606,7,2022,9.42,3.4
kabupaten,16,1606,8,2022,4.59,0.22
kabupaten,16,1606,9,2022,12.44,0.13
kabupaten,16,1606,10,2022,12.97,0.32
kabupaten,16,1606,11,2022,0.62,1.7
kabupaten,16,1606,12,2022,10.89,1.78
kabupaten,16,1606,13,2022,5.08,0.03
kabupaten,16,1606,14,2022,5.27,3.02
kabupaten,16,1606,15,2022,7.94,1.96
kabupaten,16,1606,16,2022,8.64,0.36
kabupaten,16,1606,17,2022,7.94,0.6
kabupaten,16,1606,1,2023,6.87,13.69
kabupaten,16,1606,2,2023,1.9,56.39
kabupaten,16,1606,3,2023,9.61,8.61
kabupaten,16,1606,4,2023,8.3,0.03
kabupaten,16,1606,5,2023,4.58,0.01
kabupaten,16,1606,6,2023,9.45,7.32
kabupaten,16,1606,7,2023,10.57,3.6
kabupaten,16,1606,8,2023,3.37,0.22
kabupaten,16,1606,9,2023,15.54,0.14
kabupaten,16,1606,10,2023,12.52,0.35
kabupaten,16,1606,11,2023,3.02,1.68
kabupaten,16,1606,12,2023,12.07,1.91
kabupaten,16,1606,13,2023,4.77,0.03
kabupaten,16,1606,14,2023,5.97,3.06
kabupaten,16,1606,15,2023,6.62,2
kabupaten,16,1606,16,2023,0.03,0.34
kabupaten,16,1606,17,2023,5.82,0.61
kabupaten,16,1606,1,2024,4.58,13.64
kabupaten,16,1606,2,2024,2.81,55.24
kabupaten,16,1606,3,2024,3.16,8.47
kabupaten,16,1606,4,2024,7.47,0.03
kabupaten,16,1606,5,2024,-1.99,0.01
kabupaten,16,1606,6,2024,9.47,7.63
kabupaten,16,1606,7,2024,9.81,3.77
kabupaten,16,1606,8,2024,0.06,0.21
kabupaten,16,1606,9,2024,18.75,0.16
kabupaten,16,1606,10,2024,13.59,0.38
kabupaten,16,1606,11,2024,5.28,1.68
kabupaten,16,1606,12,2024,11.67,2.03
kabupaten,16,1606,13,2024,13.11,0.04
kabupaten,16,1606,14,2024,29,3.77
kabupaten,16,1606,15,2024,4.09,1.98
kabupaten,16,1606,16,2024,5.14,0.34
kabupaten,16,1606,17,2024,6.19,0.62
kabupaten,16,1606,1,2025,10.59,14.35
kabupaten,16,1606,2,2025,1.85,53.53
kabupaten,16,1606,3,2025,8.71,8.76
kabupaten,16,1606,4,2025,7.62,0.03
kabupaten,16,1606,5,2025,2.03,0.01
kabupaten,16,1606,6,2025,8.08,7.85
kabupaten,16,1606,7,2025,12.55,4.03
kabupaten,16,1606,8,2025,4.43,0.21
kabupaten,16,1606,9,2025,12.3,0.17
kabupaten,16,1606,10,2025,6.07,0.38
kabupaten,16,1606,11,2025,6.87,1.71
kabupaten,16,1606,12,2025,10.43,2.14
kabupaten,16,1606,13,2025,4.35,0.04
kabupaten,16,1606,14,2025,5.24,3.77
kabupaten,16,1606,15,2025,8.77,2.05
kabupaten,16,1606,16,2025,6.89,0.35
kabupaten,16,1606,17,2025,5.58,0.62
kabupaten,16,1605,1,2021,0,34.18
kabupaten,16,1605,2,2021,0,31.57
kabupaten,16,1605,3,2021,0,11.84
kabupaten,16,1605,4,2021,0,0.03
kabupaten,16,1605,5,2021,0,0.01
kabupaten,16,1605,6,2021,0,5.23
kabupaten,16,1605,7,2021,0,6.78
kabupaten,16,1605,8,2021,0,0.41
kabupaten,16,1605,9,2021,0,0.25
kabupaten,16,1605,10,2021,0,0.45
kabupaten,16,1605,11,2021,0,0.6
kabupaten,16,1605,12,2021,0,1.37
kabupaten,16,1605,13,2021,0,0.02
kabupaten,16,1605,14,2021,0,2.53
kabupaten,16,1605,15,2021,0,2.91
kabupaten,16,1605,16,2021,0,0.81
kabupaten,16,1605,17,2021,0,1.02
kabupaten,16,1605,1,2022,4.36,34.28
kabupaten,16,1605,2,2022,1.67,30.84
kabupaten,16,1605,3,2022,6.13,12.08
kabupaten,16,1605,4,2022,7.07,0.03
kabupaten,16,1605,5,2022,2.94,0.01
kabupaten,16,1605,6,2022,2.94,5.17
kabupaten,16,1605,7,2022,10.34,7.19
kabupaten,16,1605,8,2022,7.57,0.43
kabupaten,16,1605,9,2022,9.09,0.26
kabupaten,16,1605,10,2022,8.74,0.47
kabupaten,16,1605,11,2022,1.94,0.59
kabupaten,16,1605,12,2022,4.96,1.38
kabupaten,16,1605,13,2022,4.03,0.02
kabupaten,16,1605,14,2022,3.56,2.51
kabupaten,16,1605,15,2022,4.71,2.92
kabupaten,16,1605,16,2022,4.33,0.81
kabupaten,16,1605,17,2022,2.04,1
kabupaten,16,1605,1,2023,3.56,34.13
kabupaten,16,1605,2,2023,1.22,30.01
kabupaten,16,1605,3,2023,8.22,12.56
kabupaten,16,1605,4,2023,3.42,0.03
kabupaten,16,1605,5,2023,0.95,0.01
kabupaten,16,1605,6,2023,4.8,5.21
kabupaten,16,1605,7,2023,9.67,7.58
kabupaten,16,1605,8,2023,6.12,0.43
kabupaten,16,1605,9,2023,13.95,0.29
kabupaten,16,1605,10,2023,8.06,0.49
kabupaten,16,1605,11,2023,4.86,0.59
kabupaten,16,1605,12,2023,5.49,1.4
kabupaten,16,1605,13,2023,3.88,0.02
kabupaten,16,1605,14,2023,4.15,2.52
kabupaten,16,1605,15,2023,4.61,2.94
kabupaten,16,1605,16,2023,0.03,0.78
kabupaten,16,1605,17,2023,4.7,1.01
kabupaten,16,1605,1,2024,5.9,34.44
kabupaten,16,1605,2,2024,2.46,29.3
kabupaten,16,1605,3,2024,5.35,12.61
kabupaten,16,1605,4,2024,4.73,0.03
kabupaten,16,1605,5,2024,0,0.01
kabupaten,16,1605,6,2024,5.34,5.23
kabupaten,16,1605,7,2024,10.2,7.96
kabupaten,16,1605,8,2024,1.15,0.42
kabupaten,16,1605,9,2024,10.39,0.3
kabupaten,16,1605,10,2024,9.16,0.51
kabupaten,16,1605,11,2024,5.48,0.6
kabupaten,16,1605,12,2024,3.55,1.38
kabupaten,16,1605,13,2024,7.84,0.02
kabupaten,16,1605,14,2024,6.26,2.55
kabupaten,16,1605,15,2024,3.32,2.89
kabupaten,16,1605,16,2024,5.43,0.78
kabupaten,16,1605,17,2024,1.57,0.98
kabupaten,16,1605,1,2025,6.24,34.93
kabupaten,16,1605,2,2025,0.13,28
kabupaten,16,1605,3,2025,6.91,12.87
kabupaten,16,1605,4,2025,9.03,0.03
kabupaten,16,1605,5,2025,-0.94,0.01
kabupaten,16,1605,6,2025,5.32,5.26
kabupaten,16,1605,7,2025,12.19,8.53
kabupaten,16,1605,8,2025,8.54,0.43
kabupaten,16,1605,9,2025,10.51,0.32
kabupaten,16,1605,10,2025,3.64,0.5
kabupaten,16,1605,11,2025,5.64,0.6
kabupaten,16,1605,12,2025,4.78,1.38
kabupaten,16,1605,13,2025,1.04,0.02
kabupaten,16,1605,14,2025,0.86,2.45
kabupaten,16,1605,15,2025,4.92,2.9
kabupaten,16,1605,16,2025,6.95,0.8
kabupaten,16,1605,17,2025,4.02,0.97
kabupaten,16,1613,1,2021,0,51.73
kabupaten,16,1613,2,2021,0,21.82
kabupaten,16,1613,3,2021,0,5.73
kabupaten,16,1613,4,2021,0,0.02
kabupaten,16,1613,5,2021,0,0.01
kabupaten,16,1613,6,2021,0,4.6
kabupaten,16,1613,7,2021,0,5.43
kabupaten,16,1613,8,2021,0,0.97
kabupaten,16,1613,9,2021,0,0.23
kabupaten,16,1613,10,2021,0,0.34
kabupaten,16,1613,11,2021,0,0.65
kabupaten,16,1613,12,2021,0,1.41
kabupaten,16,1613,13,2021,0,0.05
kabupaten,16,1613,14,2021,0,2.25
kabupaten,16,1613,15,2021,0,3.15
kabupaten,16,1613,16,2021,0,0.71
kabupaten,16,1613,17,2021,0,0.89
kabupaten,16,1613,1,2022,5.36,52.17
kabupaten,16,1613,2,2022,2.26,21.36
kabupaten,16,1613,3,2022,5.33,5.78
kabupaten,16,1613,4,2022,6.84,0.02
kabupaten,16,1613,5,2022,2.44,0.01
kabupaten,16,1613,6,2022,0.93,4.44
kabupaten,16,1613,7,2022,7.52,5.59
kabupaten,16,1613,8,2022,2.35,0.95
kabupaten,16,1613,9,2022,7.7,0.24
kabupaten,16,1613,10,2022,8.23,0.35
kabupaten,16,1613,11,2022,1.02,0.63
kabupaten,16,1613,12,2022,3.86,1.4
kabupaten,16,1613,13,2022,0.75,0.04
kabupaten,16,1613,14,2022,3.89,2.24
kabupaten,16,1613,15,2022,5.65,3.19
kabupaten,16,1613,16,2022,4.69,0.71
kabupaten,16,1613,17,2022,1.87,0.87
kabupaten,16,1613,1,2023,3.9,51.95
kabupaten,16,1613,2,2023,2.83,21.05
kabupaten,16,1613,3,2023,5.92,5.87
kabupaten,16,1613,4,2023,1.6,0.02
kabupaten,16,1613,5,2023,4.76,0.01
kabupaten,16,1613,6,2023,5.38,4.49
kabupaten,16,1613,7,2023,9.41,5.86
kabupaten,16,1613,8,2023,3.36,0.94
kabupaten,16,1613,9,2023,8.88,0.25
kabupaten,16,1613,10,2023,6.41,0.36
kabupaten,16,1613,11,2023,1.94,0.62
kabupaten,16,1613,12,2023,4.02,1.4
kabupaten,16,1613,13,2023,5.97,0.05
kabupaten,16,1613,14,2023,5.61,2.27
kabupaten,16,1613,15,2023,9.21,3.34
kabupaten,16,1613,16,2023,0.05,0.68
kabupaten,16,1613,17,2023,2.8,0.85
kabupaten,16,1613,1,2024,6.27,52.82
kabupaten,16,1613,2,2024,0.67,20.27
kabupaten,16,1613,3,2024,4.75,5.88
kabupaten,16,1613,4,2024,7.09,0.02
kabupaten,16,1613,5,2024,0,0.01
kabupaten,16,1613,6,2024,3.55,4.45
kabupaten,16,1613,7,2024,5.28,5.91
kabupaten,16,1613,8,2024,0.29,0.9
kabupaten,16,1613,9,2024,9.5,0.26
kabupaten,16,1613,10,2024,5.44,0.36
kabupaten,16,1613,11,2024,2.58,0.61
kabupaten,16,1613,12,2024,5.22,1.41
kabupaten,16,1613,13,2024,5.28,0.05
kabupaten,16,1613,14,2024,1.92,2.21
kabupaten,16,1613,15,2024,3.93,3.32
kabupaten,16,1613,16,2024,3.88,0.67
kabupaten,16,1613,17,2024,3.59,0.85
kabupaten,16,1613,1,2025,7.01,53.82
kabupaten,16,1613,2,2025,1.63,19.62
kabupaten,16,1613,3,2025,3.1,5.77
kabupaten,16,1613,4,2025,1.47,0.02
kabupaten,16,1613,5,2025,1.14,0.01
kabupaten,16,1613,6,2025,2.86,4.35
kabupaten,16,1613,7,2025,8.96,6.13
kabupaten,16,1613,8,2025,2.18,0.88
kabupaten,16,1613,9,2025,10.77,0.28
kabupaten,16,1613,10,2025,5.97,0.36
kabupaten,16,1613,11,2025,1.04,0.58
kabupaten,16,1613,12,2025,3.5,1.39
kabupaten,16,1613,13,2025,2.34,0.04
kabupaten,16,1613,14,2025,-1.64,2.07
kabupaten,16,1613,15,2025,1.11,3.19
kabupaten,16,1613,16,2025,1.78,0.65
kabupaten,16,1613,17,2025,1.96,0.82
kabupaten,16,1610,1,2021,0,23.97
kabupaten,16,1610,2,2021,0,8
kabupaten,16,1610,3,2021,0,11.22
kabupaten,16,1610,4,2021,0,0.07
kabupaten,16,1610,5,2021,0,0.03
kabupaten,16,1610,6,2021,0,15.52
kabupaten,16,1610,7,2021,0,15.87
kabupaten,16,1610,8,2021,0,1.27
kabupaten,16,1610,9,2021,0,3.74
kabupaten,16,1610,10,2021,0,0.48
kabupaten,16,1610,11,2021,0,1.54
kabupaten,16,1610,12,2021,0,3.03
kabupaten,16,1610,13,2021,0,0.13
kabupaten,16,1610,14,2021,0,11.52
kabupaten,16,1610,15,2021,0,2.19
kabupaten,16,1610,16,2021,0,0.87
kabupaten,16,1610,17,2021,0,0.56
kabupaten,16,1610,1,2022,3.93,23.72
kabupaten,16,1610,2,2022,1.3,7.72
kabupaten,16,1610,3,2022,5.45,11.26
kabupaten,16,1610,4,2022,6.85,0.07
kabupaten,16,1610,5,2022,1.56,0.03
kabupaten,16,1610,6,2022,3.94,15.36
kabupaten,16,1610,7,2022,9.36,16.52
kabupaten,16,1610,8,2022,4.16,1.25
kabupaten,16,1610,9,2022,8.32,3.85
kabupaten,16,1610,10,2022,5.11,0.48
kabupaten,16,1610,11,2022,0.37,1.48
kabupaten,16,1610,12,2022,6.23,3.07
kabupaten,16,1610,13,2022,0.68,0.13
kabupaten,16,1610,14,2022,3.93,11.4
kabupaten,16,1610,15,2022,7.47,2.24
kabupaten,16,1610,16,2022,5.69,0.88
kabupaten,16,1610,17,2022,1.71,0.54
kabupaten,16,1610,1,2023,2.14,23.14
kabupaten,16,1610,2,2023,0.84,7.43
kabupaten,16,1610,3,2023,5.69,11.37
kabupaten,16,1610,4,2023,5.68,0.07
kabupaten,16,1610,5,2023,2.68,0.03
kabupaten,16,1610,6,2023,4.41,15.32
kabupaten,16,1610,7,2023,9.53,17.28
kabupaten,16,1610,8,2023,4.21,1.25
kabupaten,16,1610,9,2023,8.81,4
kabupaten,16,1610,10,2023,4.14,0.47
kabupaten,16,1610,11,2023,1.25,1.43
kabupaten,16,1610,12,2023,7.12,3.14
kabupaten,16,1610,13,2023,1.64,0.12
kabupaten,16,1610,14,2023,3.51,11.27
kabupaten,16,1610,15,2023,7.93,2.31
kabupaten,16,1610,16,2023,0.01,0.84
kabupaten,16,1610,17,2023,1.88,0.53
kabupaten,16,1610,1,2024,2.26,22.58
kabupaten,16,1610,2,2024,-0.1,7.08
kabupaten,16,1610,3,2024,2.45,11.11
kabupaten,16,1610,4,2024,5.72,0.07
kabupaten,16,1610,5,2024,1.87,0.03
kabupaten,16,1610,6,2024,6.79,15.6
kabupaten,16,1610,7,2024,6.17,17.51
kabupaten,16,1610,8,2024,5.17,1.25
kabupaten,16,1610,9,2024,9.99,4.2
kabupaten,16,1610,10,2024,9.65,0.5
kabupaten,16,1610,11,2024,6.06,1.44
kabupaten,16,1610,12,2024,6.35,3.18
kabupaten,16,1610,13,2024,3.9,0.12
kabupaten,16,1610,14,2024,8.33,11.65
kabupaten,16,1610,15,2024,3.85,2.29
kabupaten,16,1610,16,2024,4.12,0.83
kabupaten,16,1610,17,2024,8.51,0.54
kabupaten,16,1610,1,2025,3.07,22.29
kabupaten,16,1610,2,2025,-0.01,6.78
kabupaten,16,1610,3,2025,4.39,11.11
kabupaten,16,1610,4,2025,7.54,0.07
kabupaten,16,1610,5,2025,-3.3,0.03
kabupaten,16,1610,6,2025,5.04,15.7
kabupaten,16,1610,7,2025,8.09,18.13
kabupaten,16,1610,8,2025,3.48,1.24
kabupaten,16,1610,9,2025,12.38,4.52
kabupaten,16,1610,10,2025,5.2,0.5
kabupaten,16,1610,11,2025,1.86,1.41
kabupaten,16,1610,12,2025,4.88,3.2
kabupaten,16,1610,13,2025,5.76,0.12
kabupaten,16,1610,14,2025,5.62,11.78
kabupaten,16,1610,15,2025,3.34,2.27
kabupaten,16,1610,16,2025,4.8,0.84
kabupaten,16,1610,17,2025,-100,0
kabupaten,16,1601,1,2025,5.55,22.8
kabupaten,16,1601,2,2025,-1.01,12.21
kabupaten,16,1601,3,2025,6.32,17.46
kabupaten,16,1601,4,2025,8.02,0.09
kabupaten,16,1601,5,2025,-3.04,0.1
kabupaten,16,1601,6,2025,2.79,10.19
kabupaten,16,1601,7,2025,10,16.43
kabupaten,16,1601,8,2025,3.76,1.62
kabupaten,16,1601,9,2025,11.97,2.63
kabupaten,16,1601,10,2025,0.49,1.17
kabupaten,16,1601,11,2025,5.13,2.6
kabupaten,16,1601,12,2025,3.41,4.96
kabupaten,16,1601,13,2025,5.91,0.09
kabupaten,16,1601,14,2025,6.03,2.13
kabupaten,16,1601,15,2025,6.13,2.88
kabupaten,16,1601,16,2025,9.94,1.31
kabupaten,16,1601,17,2025,4.42,0.92
kabupaten,16,1601,1,2021,0,23.08
kabupaten,16,1601,2,2021,0,13.65
kabupaten,16,1601,3,2021,0,17.46
kabupaten,16,1601,4,2021,0,0.09
kabupaten,16,1601,5,2021,0,0.12
kabupaten,16,1601,6,2021,0,10.9
kabupaten,16,1601,7,2021,0,14.49
kabupaten,16,1601,8,2021,0,1.63
kabupaten,16,1601,9,2021,0,2.12
kabupaten,16,1601,10,2021,0,1.2
kabupaten,16,1601,11,2021,0,2.76
kabupaten,16,1601,12,2021,0,5.1
kabupaten,16,1601,13,2021,0,0.1
kabupaten,16,1601,14,2021,0,2.15
kabupaten,16,1601,15,2021,0,2.87
kabupaten,16,1601,16,2021,0,1.32
kabupaten,16,1601,17,2021,0,0.96
kabupaten,16,1601,1,2022,4.04,22.74
kabupaten,16,1601,2,2022,3.82,13.42
kabupaten,16,1601,3,2022,7.33,17.75
kabupaten,16,1601,4,2022,3.39,0.09
kabupaten,16,1601,5,2022,0.49,0.12
kabupaten,16,1601,6,2022,3.92,10.73
kabupaten,16,1601,7,2022,8.97,14.96
kabupaten,16,1601,8,2022,7.01,1.65
kabupaten,16,1601,9,2022,13.69,2.28
kabupaten,16,1601,10,2022,7.51,1.22
kabupaten,16,1601,11,2022,0.9,2.64
kabupaten,16,1601,12,2022,5.71,5.1
kabupaten,16,1601,13,2022,3.3,0.1
kabupaten,16,1601,14,2022,3.14,2.1
kabupaten,16,1601,15,2022,4.13,2.83
kabupaten,16,1601,16,2022,6.31,1.33
kabupaten,16,1601,17,2022,5.76,0.96
kabupaten,16,1601,1,2023,5.07,22.73
kabupaten,16,1601,2,2023,3.43,13.21
kabupaten,16,1601,3,2023,5.96,17.89
kabupaten,16,1601,4,2023,6.15,0.09
kabupaten,16,1601,5,2023,-0.16,0.11
kabupaten,16,1601,6,2023,2.66,10.48
kabupaten,16,1601,7,2023,7.47,15.29
kabupaten,16,1601,8,2023,3.08,1.62
kabupaten,16,1601,9,2023,11.5,2.42
kabupaten,16,1601,10,2023,5.32,1.22
kabupaten,16,1601,11,2023,3.53,2.6
kabupaten,16,1601,12,2023,5.26,5.11
kabupaten,16,1601,13,2023,3.29,0.1
kabupaten,16,1601,14,2023,4.55,2.09
kabupaten,16,1601,15,2023,5.77,2.84
kabupaten,16,1601,16,2023,0.04,1.26
kabupaten,16,1601,17,2023,2.82,0.94
kabupaten,16,1601,1,2024,5.54,22.83
kabupaten,16,1601,2,2024,3.67,13.03
kabupaten,16,1601,3,2024,1.93,17.36
kabupaten,16,1601,4,2024,0,0.09
kabupaten,16,1601,5,2024,4.22,0.11
kabupaten,16,1601,6,2024,5.09,10.48
kabupaten,16,1601,7,2024,8.43,15.78
kabupaten,16,1601,8,2024,7.39,1.65
kabupaten,16,1601,9,2024,7.66,2.48
kabupaten,16,1601,10,2024,6.37,1.23
kabupaten,16,1601,11,2024,5.54,2.61
kabupaten,16,1601,12,2024,4.15,5.07
kabupaten,16,1601,13,2024,1.64,0.09
kabupaten,16,1601,14,2024,6.62,2.12
kabupaten,16,1601,15,2024,5.78,2.86
kabupaten,16,1601,16,2024,5.24,1.26
kabupaten,16,1601,17,2024,4.14,0.93
kabupaten,16,1602,1,2021,0,60.38
kabupaten,16,1602,2,2021,0,1.13
kabupaten,16,1602,3,2021,0,6.42
kabupaten,16,1602,4,2021,0,0.03
kabupaten,16,1602,5,2021,0,0.02
kabupaten,16,1602,6,2021,0,10.46
kabupaten,16,1602,7,2021,0,10.07
kabupaten,16,1602,8,2021,0,0.54
kabupaten,16,1602,9,2021,0,0.72
kabupaten,16,1602,10,2021,0,0.65
kabupaten,16,1602,11,2021,0,1
kabupaten,16,1602,12,2021,0,1.64
kabupaten,16,1602,13,2021,0,0.07
kabupaten,16,1602,14,2021,0,4.51
kabupaten,16,1602,15,2021,0,1.61
kabupaten,16,1602,16,2021,0,0.17
kabupaten,16,1602,17,2021,0,0.58
kabupaten,16,1602,1,2022,3.35,52.09
kabupaten,16,1602,2,2022,2.37,0.97
kabupaten,16,1602,3,2022,234.39,17.93
kabupaten,16,1602,4,2022,2.78,0.03
kabupaten,16,1602,5,2022,5.56,0.02
kabupaten,16,1602,6,2022,10.71,9.67
kabupaten,16,1602,7,2022,9.97,9.24
kabupaten,16,1602,8,2022,4.91,0.47
kabupaten,16,1602,9,2022,9.39,0.66
kabupaten,16,1602,10,2022,9.95,0.6
kabupaten,16,1602,11,2022,0.57,0.84
kabupaten,16,1602,12,2022,7.8,1.47
kabupaten,16,1602,13,2022,2.84,0.06
kabupaten,16,1602,14,2022,2.65,3.86
kabupaten,16,1602,15,2022,6.9,1.43
kabupaten,16,1602,16,2022,8.45,0.15
kabupaten,16,1602,17,2022,4.26,0.51
kabupaten,16,1602,1,2023,3.21,51.06
kabupaten,16,1602,2,2023,1.86,0.94
kabupaten,16,1602,3,2023,7.62,18.33
kabupaten,16,1602,4,2023,5.41,0.03
kabupaten,16,1602,5,2023,5.26,0.02
kabupaten,16,1602,6,2023,7.03,9.83
kabupaten,16,1602,7,2023,9.31,9.59
kabupaten,16,1602,8,2023,5.11,0.47
kabupaten,16,1602,9,2023,11.79,0.7
kabupaten,16,1602,10,2023,7.92,0.62
kabupaten,16,1602,11,2023,7.9,0.86
kabupaten,16,1602,12,2023,8.15,1.51
kabupaten,16,1602,13,2023,2.76,0.06
kabupaten,16,1602,14,2023,5.2,3.86
kabupaten,16,1602,15,2023,8.55,1.48
kabupaten,16,1602,16,2023,0,0.15
kabupaten,16,1602,17,2023,6.36,0.51
kabupaten,16,1602,1,2024,3.5,50.26
kabupaten,16,1602,2,2024,4.1,0.93
kabupaten,16,1602,3,2024,7.49,18.74
kabupaten,16,1602,4,2024,7.69,0.03
kabupaten,16,1602,5,2024,2.5,0.01
kabupaten,16,1602,6,2024,8.74,10.16
kabupaten,16,1602,7,2024,7.34,9.8
kabupaten,16,1602,8,2024,5.59,0.47
kabupaten,16,1602,9,2024,5.79,0.71
kabupaten,16,1602,10,2024,5.55,0.62
kabupaten,16,1602,11,2024,3.31,0.85
kabupaten,16,1602,12,2024,3.71,1.49
kabupaten,16,1602,13,2024,2.68,0.06
kabupaten,16,1602,14,2024,3.85,3.81
kabupaten,16,1602,15,2024,2.05,1.44
kabupaten,16,1602,16,2024,1.82,0.14
kabupaten,16,1602,17,2024,0.22,0.49
kabupaten,16,1602,1,2025,4.47,49.9
kabupaten,16,1602,2,2025,5.73,0.93
kabupaten,16,1602,3,2025,4.55,18.62
kabupaten,16,1602,4,2025,5.95,0.03
kabupaten,16,1602,5,2025,2.44,0.01
kabupaten,16,1602,6,2025,6.57,10.29
kabupaten,16,1602,7,2025,9.57,10.2
kabupaten,16,1602,8,2025,1.61,0.45
kabupaten,16,1602,9,2025,12.27,0.75
kabupaten,16,1602,10,2025,4.56,0.61
kabupaten,16,1602,11,2025,6.15,0.85
kabupaten,16,1602,12,2025,7.39,1.52
kabupaten,16,1602,13,2025,2.61,0.05
kabupaten,16,1602,14,2025,3.37,3.75
kabupaten,16,1602,15,2025,1.48,1.38
kabupaten,16,1602,16,2025,1.02,0.14
kabupaten,16,1602,17,2025,5.45,0.49
kabupaten,16,1609,1,2021,0,35.64
kabupaten,16,1609,2,2021,0,1.9
kabupaten,16,1609,3,2021,0,7.42
kabupaten,16,1609,4,2021,0,0.07
kabupaten,16,1609,5,2021,0,0.03
kabupaten,16,1609,6,2021,0,16
kabupaten,16,1609,7,2021,0,18.12
kabupaten,16,1609,8,2021,0,0.76
kabupaten,16,1609,9,2021,0,0.89
kabupaten,16,1609,10,2021,0,0.71
kabupaten,16,1609,11,2021,0,0.92
kabupaten,16,1609,12,2021,0,5.41
kabupaten,16,1609,13,2021,0,0.02
kabupaten,16,1609,14,2021,0,5.51
kabupaten,16,1609,15,2021,0,4.35
kabupaten,16,1609,16,2021,0,1.3
kabupaten,16,1609,17,2021,0,0.94
kabupaten,16,1609,1,2022,2.19,34.74
kabupaten,16,1609,2,2022,6.84,1.93
kabupaten,16,1609,3,2022,4.86,7.42
kabupaten,16,1609,4,2022,5.34,0.07
kabupaten,16,1609,5,2022,0.41,0.03
kabupaten,16,1609,6,2022,6.47,16.25
kabupaten,16,1609,7,2022,8.34,18.72
kabupaten,16,1609,8,2022,7,0.78
kabupaten,16,1609,9,2022,10.67,0.94
kabupaten,16,1609,10,2022,7.94,0.73
kabupaten,16,1609,11,2022,0.42,0.88
kabupaten,16,1609,12,2022,5.93,5.47
kabupaten,16,1609,13,2022,1.1,0.02
kabupaten,16,1609,14,2022,4.17,5.48
kabupaten,16,1609,15,2022,4.06,4.32
kabupaten,16,1609,16,2022,3.11,1.27
kabupaten,16,1609,17,2022,5.74,0.95
kabupaten,16,1609,1,2023,0.57,33.54
kabupaten,16,1609,2,2023,1.72,1.89
kabupaten,16,1609,3,2023,8.38,7.72
kabupaten,16,1609,4,2023,4.75,0.07
kabupaten,16,1609,5,2023,2.24,0.03
kabupaten,16,1609,6,2023,5.83,16.51
kabupaten,16,1609,7,2023,8.52,19.5
kabupaten,16,1609,8,2023,4.23,0.78
kabupaten,16,1609,9,2023,11.22,1.01
kabupaten,16,1609,10,2023,6.81,0.75
kabupaten,16,1609,11,2023,3.58,0.88
kabupaten,16,1609,12,2023,5.79,5.55
kabupaten,16,1609,13,2023,4.54,0.02
kabupaten,16,1609,14,2023,2.68,5.4
kabupaten,16,1609,15,2023,0.93,4.18
kabupaten,16,1609,16,2023,-0.78,1.21
kabupaten,16,1609,17,2023,6.76,0.98
kabupaten,16,1609,1,2024,1.54,32.56
kabupaten,16,1609,2,2024,2.09,1.84
kabupaten,16,1609,3,2024,0.72,7.43
kabupaten,16,1609,4,2024,7.73,0.07
kabupaten,16,1609,5,2024,-0.67,0.03
kabupaten,16,1609,6,2024,7.26,16.93
kabupaten,16,1609,7,2024,8.54,20.23
kabupaten,16,1609,8,2024,1.86,0.76
kabupaten,16,1609,9,2024,7.33,1.03
kabupaten,16,1609,10,2024,5.46,0.76
kabupaten,16,1609,11,2024,3.19,0.86
kabupaten,16,1609,12,2024,3.87,5.52
kabupaten,16,1609,13,2024,1.2,0.02
kabupaten,16,1609,14,2024,6.04,5.47
kabupaten,16,1609,15,2024,5.23,4.21
kabupaten,16,1609,16,2024,9.56,1.27
kabupaten,16,1609,17,2024,7.44,1
kabupaten,16,1609,1,2025,4.08,32.22
kabupaten,16,1609,2,2025,3.93,1.82
kabupaten,16,1609,3,2025,4.95,7.42
kabupaten,16,1609,4,2025,10.03,0.07
kabupaten,16,1609,5,2025,0.15,0.03
kabupaten,16,1609,6,2025,5.34,16.96
kabupaten,16,1609,7,2025,7.76,20.73
kabupaten,16,1609,8,2025,4.14,0.75
kabupaten,16,1609,9,2025,10.25,1.08
kabupaten,16,1609,10,2025,5.95,0.76
kabupaten,16,1609,11,2025,5.42,0.87
kabupaten,16,1609,12,2025,7.01,5.61
kabupaten,16,1609,13,2025,5.47,0.02
kabupaten,16,1609,14,2025,1.1,5.26
kabupaten,16,1609,15,2025,3.92,4.16
kabupaten,16,1609,16,2025,2.49,1.24
kabupaten,16,1609,17,2025,4.57,1
kabupaten,16,1608,1,2021,0,39.89
kabupaten,16,1608,2,2021,0,2.35
kabupaten,16,1608,3,2021,0,7.85
kabupaten,16,1608,4,2021,0,0.06
kabupaten,16,1608,5,2021,0,0.02
kabupaten,16,1608,6,2021,0,16.08
kabupaten,16,1608,7,2021,0,14.34
kabupaten,16,1608,8,2021,0,1.17
kabupaten,16,1608,9,2021,0,1.33
kabupaten,16,1608,10,2021,0,1.42
kabupaten,16,1608,11,2021,0,0.91
kabupaten,16,1608,12,2021,0,2.87
kabupaten,16,1608,13,2021,0,0.04
kabupaten,16,1608,14,2021,0,7.64
kabupaten,16,1608,15,2021,0,2.1
kabupaten,16,1608,16,2021,0,1.09
kabupaten,16,1608,17,2021,0,0.84
kabupaten,16,1608,1,2022,3.46,39.14
kabupaten,16,1608,2,2022,2.56,2.29
kabupaten,16,1608,3,2022,8.01,8.04
kabupaten,16,1608,4,2022,2.06,0.06
kabupaten,16,1608,5,2022,8.18,0.02
kabupaten,16,1608,6,2022,4.5,15.93
kabupaten,16,1608,7,2022,8.64,14.77
kabupaten,16,1608,8,2022,7.8,1.19
kabupaten,16,1608,9,2022,10.63,1.39
kabupaten,16,1608,10,2022,9.2,1.47
kabupaten,16,1608,11,2022,0.68,0.87
kabupaten,16,1608,12,2022,8.67,2.96
kabupaten,16,1608,13,2022,3.79,0.04
kabupaten,16,1608,14,2022,7.17,7.76
kabupaten,16,1608,15,2022,6.38,2.12
kabupaten,16,1608,16,2022,4.55,1.08
kabupaten,16,1608,17,2022,6.89,0.85
kabupaten,16,1608,1,2023,3,38.38
kabupaten,16,1608,2,2023,2.14,2.22
kabupaten,16,1608,3,2023,8.29,8.29
kabupaten,16,1608,4,2023,5.9,0.06
kabupaten,16,1608,5,2023,0,0.01
kabupaten,16,1608,6,2023,4.77,15.89
kabupaten,16,1608,7,2023,8.1,15.2
kabupaten,16,1608,8,2023,4.49,1.19
kabupaten,16,1608,9,2023,13.87,1.51
kabupaten,16,1608,10,2023,6.66,1.49
kabupaten,16,1608,11,2023,5.53,0.88
kabupaten,16,1608,12,2023,9.67,3.09
kabupaten,16,1608,13,2023,4.57,0.04
kabupaten,16,1608,14,2023,4.89,7.75
kabupaten,16,1608,15,2023,2.49,2.06
kabupaten,16,1608,16,2023,0.02,1.03
kabupaten,16,1608,17,2023,9.52,0.89
kabupaten,16,1608,1,2024,3.64,37.83
kabupaten,16,1608,2,2024,-0.34,2.11
kabupaten,16,1608,3,2024,1.43,8
kabupaten,16,1608,4,2024,7.74,0.06
kabupaten,16,1608,5,2024,1.16,0.01
kabupaten,16,1608,6,2024,6.3,16.07
kabupaten,16,1608,7,2024,8.63,15.71
kabupaten,16,1608,8,2024,-2.61,1.1
kabupaten,16,1608,9,2024,8.65,1.56
kabupaten,16,1608,10,2024,8.99,1.55
kabupaten,16,1608,11,2024,6.4,0.89
kabupaten,16,1608,12,2024,1.68,2.99
kabupaten,16,1608,13,2024,7.86,0.04
kabupaten,16,1608,14,2024,8.02,7.97
kabupaten,16,1608,15,2024,10.18,2.16
kabupaten,16,1608,16,2024,6.23,1.04
kabupaten,16,1608,17,2024,7.04,0.91
kabupaten,16,1608,1,2025,6.96,38.25
kabupaten,16,1608,2,2025,4.75,2.09
kabupaten,16,1608,3,2025,5.08,7.94
kabupaten,16,1608,4,2025,4.67,0.06
kabupaten,16,1608,5,2025,-2.3,0.01
kabupaten,16,1608,6,2025,4.98,15.95
kabupaten,16,1608,7,2025,7,15.89
kabupaten,16,1608,8,2025,3.5,1.08
kabupaten,16,1608,9,2025,11.41,1.65
kabupaten,16,1608,10,2025,6.09,1.55
kabupaten,16,1608,11,2025,2.25,0.86
kabupaten,16,1608,12,2025,3.19,2.92
kabupaten,16,1608,13,2025,1.21,0.04
kabupaten,16,1608,14,2025,3.15,7.77
kabupaten,16,1608,15,2025,0.38,2.05
kabupaten,16,1608,16,2025,4.7,1.03
kabupaten,16,1608,17,2025,1.1,0.87
kabupaten,16,1673,1,2021,0,5.64
kabupaten,16,1673,2,2021,0,1.73
kabupaten,16,1673,3,2021,0,6.54
kabupaten,16,1673,4,2021,0,0.12
kabupaten,16,1673,5,2021,0,0.22
kabupaten,16,1673,6,2021,0,22.41
kabupaten,16,1673,7,2021,0,17.35
kabupaten,16,1673,8,2021,0,6.16
kabupaten,16,1673,9,2021,0,3.67
kabupaten,16,1673,10,2021,0,2.05
kabupaten,16,1673,11,2021,0,5.6
kabupaten,16,1673,12,2021,0,9.97
kabupaten,16,1673,13,2021,0,1.15
kabupaten,16,1673,14,2021,0,3.09
kabupaten,16,1673,15,2021,0,6.24
kabupaten,16,1673,16,2021,0,2.46
kabupaten,16,1673,17,2021,0,5.61
kabupaten,16,1673,1,2022,0.42,5.42
kabupaten,16,1673,2,2022,4.27,1.72
kabupaten,16,1673,3,2022,6.19,6.64
kabupaten,16,1673,4,2022,6.07,0.12
kabupaten,16,1673,5,2022,5.04,0.22
kabupaten,16,1673,6,2022,1.85,21.83
kabupaten,16,1673,7,2022,7.84,17.9
kabupaten,16,1673,8,2022,8.69,6.41
kabupaten,16,1673,9,2022,13.45,3.98
kabupaten,16,1673,10,2022,7.36,2.11
kabupaten,16,1673,11,2022,0.42,5.38
kabupaten,16,1673,12,2022,4.97,10.01
kabupaten,16,1673,13,2022,5.01,1.15
kabupaten,16,1673,14,2022,0.06,2.96
kabupaten,16,1673,15,2022,0.03,5.98
kabupaten,16,1673,16,2022,3.45,2.44
kabupaten,16,1673,17,2022,6.63,5.72
kabupaten,16,1673,1,2023,0.43,5.21
kabupaten,16,1673,2,2023,-1.13,1.63
kabupaten,16,1673,3,2023,5.24,6.69
kabupaten,16,1673,4,2023,3.47,0.12
kabupaten,16,1673,5,2023,3.72,0.22
kabupaten,16,1673,6,2023,1.78,21.28
kabupaten,16,1673,7,2023,6.82,18.31
kabupaten,16,1673,8,2023,7.77,6.61
kabupaten,16,1673,9,2023,12.1,4.27
kabupaten,16,1673,10,2023,6.35,2.15
kabupaten,16,1673,11,2023,2.6,5.29
kabupaten,16,1673,12,2023,4.66,10.03
kabupaten,16,1673,13,2023,4.36,1.15
kabupaten,16,1673,14,2023,0.25,2.84
kabupaten,16,1673,15,2023,4.59,5.98
kabupaten,16,1673,16,2023,0.01,2.33
kabupaten,16,1673,17,2023,7.27,5.88
kabupaten,16,1673,1,2024,4.19,5.19
kabupaten,16,1673,2,2024,3.31,1.61
kabupaten,16,1673,3,2024,1.38,6.49
kabupaten,16,1673,4,2024,4.19,0.12
kabupaten,16,1673,5,2024,-2.74,0.2
kabupaten,16,1673,6,2024,3.82,21.11
kabupaten,16,1673,7,2024,7.34,18.78
kabupaten,16,1673,8,2024,3.23,6.52
kabupaten,16,1673,9,2024,13.15,4.62
kabupaten,16,1673,10,2024,2.59,2.11
kabupaten,16,1673,11,2024,2.22,5.17
kabupaten,16,1673,12,2024,2.76,9.85
kabupaten,16,1673,13,2024,7.93,1.19
kabupaten,16,1673,14,2024,4.95,2.85
kabupaten,16,1673,15,2024,5,6.01
kabupaten,16,1673,16,2024,2.93,2.29
kabupaten,16,1673,17,2024,4.76,5.88
kabupaten,16,1673,1,2025,0.69,4.98
kabupaten,16,1673,2,2025,0.01,1.54
kabupaten,16,1673,3,2025,5.99,6.55
kabupaten,16,1673,4,2025,0.64,0.12
kabupaten,16,1673,5,2025,-0.68,0.19
kabupaten,16,1673,6,2025,3.67,20.86
kabupaten,16,1673,7,2025,8.9,19.49
kabupaten,16,1673,8,2025,5.62,6.56
kabupaten,16,1673,9,2025,9.53,4.82
kabupaten,16,1673,10,2025,3.3,2.07
kabupaten,16,1673,11,2025,3.67,5.1
kabupaten,16,1673,12,2025,2.55,9.63
kabupaten,16,1673,13,2025,2.67,1.16
kabupaten,16,1673,14,2025,3.35,2.8
kabupaten,16,1673,15,2025,4.05,5.96
kabupaten,16,1673,16,2025,5.46,2.31
kabupaten,16,1673,17,2025,4.29,5.85
kabupaten,16,1612,1,2021,0,19.06
kabupaten,16,1612,2,2021,0,42.83
kabupaten,16,1612,3,2021,0,2.37
kabupaten,16,1612,4,2021,0,0.02
kabupaten,16,1612,5,2021,0,0.07
kabupaten,16,1612,6,2021,0,13.85
kabupaten,16,1612,7,2021,0,11.19
kabupaten,16,1612,8,2021,0,0.11
kabupaten,16,1612,9,2021,0,1.49
kabupaten,16,1612,10,2021,0,1.05
kabupaten,16,1612,11,2021,0,0.96
kabupaten,16,1612,12,2021,0,2.89
kabupaten,16,1612,13,2021,0,0.03
kabupaten,16,1612,14,2021,0,1.78
kabupaten,16,1612,15,2021,0,2.09
kabupaten,16,1612,16,2021,0,0.16
kabupaten,16,1612,17,2021,0,0.07
kabupaten,16,1612,1,2022,2.95,18.79
kabupaten,16,1612,2,2022,2.46,42.02
kabupaten,16,1612,3,2022,2.98,2.33
kabupaten,16,1612,4,2022,5.66,0.02
kabupaten,16,1612,5,2022,1.25,0.06
kabupaten,16,1612,6,2022,7.96,14.31
kabupaten,16,1612,7,2022,9.39,11.72
kabupaten,16,1612,8,2022,5.06,0.11
kabupaten,16,1612,9,2022,12.63,1.61
kabupaten,16,1612,10,2022,7.2,1.07
kabupaten,16,1612,11,2022,0.86,0.93
kabupaten,16,1612,12,2022,4.79,2.9
kabupaten,16,1612,13,2022,0.74,0.03
kabupaten,16,1612,14,2022,3.65,1.77
kabupaten,16,1612,15,2022,4.78,2.1
kabupaten,16,1612,16,2022,4.01,0.15
kabupaten,16,1612,17,2022,1.86,0.07
kabupaten,16,1612,1,2023,3.79,18.64
kabupaten,16,1612,2,2023,3.49,41.55
kabupaten,16,1612,3,2023,8.39,2.42
kabupaten,16,1612,4,2023,5.36,0.02
kabupaten,16,1612,5,2023,8.05,0.07
kabupaten,16,1612,6,2023,5.05,14.37
kabupaten,16,1612,7,2023,7.93,12.09
kabupaten,16,1612,8,2023,3.57,0.11
kabupaten,16,1612,9,2023,12.14,1.72
kabupaten,16,1612,10,2023,6.78,1.09
kabupaten,16,1612,11,2023,2.93,0.91
kabupaten,16,1612,12,2023,5.8,2.93
kabupaten,16,1612,13,2023,3.68,0.03
kabupaten,16,1612,14,2023,4.24,1.76
kabupaten,16,1612,15,2023,3.71,2.08
kabupaten,16,1612,16,2023,0,0.15
kabupaten,16,1612,17,2023,3.35,0.06
kabupaten,16,1612,1,2024,4.93,18.63
kabupaten,16,1612,2,2024,4.28,41.27
kabupaten,16,1612,3,2024,0.34,2.31
kabupaten,16,1612,4,2024,7.63,0.02
kabupaten,16,1612,5,2024,4.58,0.07
kabupaten,16,1612,6,2024,4.11,14.25
kabupaten,16,1612,7,2024,7.98,12.43
kabupaten,16,1612,8,2024,1.2,0.11
kabupaten,16,1612,9,2024,8.55,1.78
kabupaten,16,1612,10,2024,7.66,1.12
kabupaten,16,1612,11,2024,8.48,0.94
kabupaten,16,1612,12,2024,3.26,2.88
kabupaten,16,1612,13,2024,7.8,0.03
kabupaten,16,1612,14,2024,7.34,1.8
kabupaten,16,1612,15,2024,7.97,2.14
kabupaten,16,1612,16,2024,4.11,0.15
kabupaten,16,1612,17,2024,2.95,0.06
kabupaten,16,1612,1,2025,3.79,18.41
kabupaten,16,1612,2,2025,3.77,40.78
kabupaten,16,1612,3,2025,7.9,2.37
kabupaten,16,1612,4,2025,7.87,0.02
kabupaten,16,1612,5,2025,1.1,0.06
kabupaten,16,1612,6,2025,6.81,14.49
kabupaten,16,1612,7,2025,8.29,12.82
kabupaten,16,1612,8,2025,2.38,0.1
kabupaten,16,1612,9,2025,9.06,1.85
kabupaten,16,1612,10,2025,5.93,1.13
kabupaten,16,1612,11,2025,1.86,0.92
kabupaten,16,1612,12,2025,5.59,2.9
kabupaten,16,1612,13,2025,5.92,0.03
kabupaten,16,1612,14,2025,3.17,1.77
kabupaten,16,1612,15,2025,4.29,2.13
kabupaten,16,1612,16,2025,4.57,0.15
kabupaten,16,1612,17,2025,4.3,0.06
kabupaten,16,1672,1,2021,0,24.86
kabupaten,16,1672,2,2021,0,2.23
kabupaten,16,1672,3,2021,0,1.33
kabupaten,16,1672,4,2021,0,0.07
kabupaten,16,1672,5,2021,0,0.06
kabupaten,16,1672,6,2021,0,16.97
kabupaten,16,1672,7,2021,0,19.01
kabupaten,16,1672,8,2021,0,2.88
kabupaten,16,1672,9,2021,0,3.02
kabupaten,16,1672,10,2021,0,2.02
kabupaten,16,1672,11,2021,0,3.73
kabupaten,16,1672,12,2021,0,5.94
kabupaten,16,1672,13,2021,0,0.09
kabupaten,16,1672,14,2021,0,3.03
kabupaten,16,1672,15,2021,0,10.27
kabupaten,16,1672,16,2021,0,2.17
kabupaten,16,1672,17,2021,0,2.34
kabupaten,16,1672,1,2022,4.12,24.69
kabupaten,16,1672,2,2022,2.6,2.18
kabupaten,16,1672,3,2022,4.24,1.32
kabupaten,16,1672,4,2022,5.39,0.07
kabupaten,16,1672,5,2022,3.57,0.06
kabupaten,16,1672,6,2022,4.04,16.83
kabupaten,16,1672,7,2022,6.9,19.37
kabupaten,16,1672,8,2022,5.51,2.9
kabupaten,16,1672,9,2022,10.78,3.19
kabupaten,16,1672,10,2022,8.16,2.09
kabupaten,16,1672,11,2022,0.01,3.55
kabupaten,16,1672,12,2022,4.58,5.92
kabupaten,16,1672,13,2022,2.82,0.09
kabupaten,16,1672,14,2022,2.14,2.95
kabupaten,16,1672,15,2022,5.46,10.33
kabupaten,16,1672,16,2022,3.89,2.15
kabupaten,16,1672,17,2022,3.63,2.31
kabupaten,16,1672,1,2023,3.07,24.38
kabupaten,16,1672,2,2023,2.66,2.15
kabupaten,16,1672,3,2023,4.44,1.32
kabupaten,16,1672,4,2023,2.27,0.07
kabupaten,16,1672,5,2023,-0.69,0.06
kabupaten,16,1672,6,2023,3.32,16.67
kabupaten,16,1672,7,2023,6.91,19.85
kabupaten,16,1672,8,2023,6.21,2.95
kabupaten,16,1672,9,2023,9.72,3.35
kabupaten,16,1672,10,2023,6.39,2.13
kabupaten,16,1672,11,2023,4.63,3.56
kabupaten,16,1672,12,2023,4.11,5.91
kabupaten,16,1672,13,2023,1.83,0.09
kabupaten,16,1672,14,2023,3.12,2.92
kabupaten,16,1672,15,2023,3.81,10.27
kabupaten,16,1672,16,2023,0,2.06
kabupaten,16,1672,17,2023,2.35,2.27
kabupaten,16,1672,1,2024,3.1,23.93
kabupaten,16,1672,2,2024,4.11,2.13
kabupaten,16,1672,3,2024,2.94,1.29
kabupaten,16,1672,4,2024,7.78,0.07
kabupaten,16,1672,5,2024,6.25,0.06
kabupaten,16,1672,6,2024,4.6,16.6
kabupaten,16,1672,7,2024,6.98,20.21
kabupaten,16,1672,8,2024,7.22,3.01
kabupaten,16,1672,9,2024,9.88,3.51
kabupaten,16,1672,10,2024,8.47,2.2
kabupaten,16,1672,11,2024,6.7,3.62
kabupaten,16,1672,12,2024,6.23,5.98
kabupaten,16,1672,13,2024,5.38,0.09
kabupaten,16,1672,14,2024,6.88,2.97
kabupaten,16,1672,15,2024,3.39,10.11
kabupaten,16,1672,16,2024,0.61,1.97
kabupaten,16,1672,17,2024,4.83,2.26
kabupaten,16,1672,1,2025,3.84,23.63
kabupaten,16,1672,2,2025,-0.14,2.02
kabupaten,16,1672,3,2025,6.93,1.31
kabupaten,16,1672,4,2025,6.7,0.07
kabupaten,16,1672,5,2025,0.65,0.05
kabupaten,16,1672,6,2025,3.97,16.41
kabupaten,16,1672,7,2025,10.08,21.16
kabupaten,16,1672,8,2025,8.3,3.1
kabupaten,16,1672,9,2025,10.81,3.69
kabupaten,16,1672,10,2025,5.69,2.21
kabupaten,16,1672,11,2025,2.79,3.54
kabupaten,16,1672,12,2025,1.14,5.75
kabupaten,16,1672,13,2025,6.38,0.09
kabupaten,16,1672,14,2025,3.75,2.93
kabupaten,16,1672,15,2025,2.39,9.84
kabupaten,16,1672,16,2025,4.59,1.96
kabupaten,16,1672,17,2025,4.64,2.25
kabupaten,16,1671,1,2021,0,0.47
kabupaten,16,1671,2,2021,0,0
kabupaten,16,1671,3,2021,0,34.53
kabupaten,16,1671,4,2021,0,0.17
kabupaten,16,1671,5,2021,0,0.28
kabupaten,16,1671,6,2021,0,15.28
kabupaten,16,1671,7,2021,0,14.69
kabupaten,16,1671,8,2021,0,3.79
kabupaten,16,1671,9,2021,0,2.51
kabupaten,16,1671,10,2021,0,10.26
kabupaten,16,1671,11,2021,0,4.69
kabupaten,16,1671,12,2021,0,5.22
kabupaten,16,1671,13,2021,0,0.17
kabupaten,16,1671,14,2021,0,2.71
kabupaten,16,1671,15,2021,0,3.24
kabupaten,16,1671,16,2021,0,0.86
kabupaten,16,1671,17,2021,0,1.12
kabupaten,16,1671,1,2022,-1.97,0.44
kabupaten,16,1671,2,2022,0.84,0
kabupaten,16,1671,3,2022,5.03,34.46
kabupaten,16,1671,4,2022,3.1,0.17
kabupaten,16,1671,5,2022,1,0.27
kabupaten,16,1671,6,2022,3.41,15.01
kabupaten,16,1671,7,2022,7.26,14.97
kabupaten,16,1671,8,2022,11.3,4.01
kabupaten,16,1671,9,2022,14.53,2.74
kabupaten,16,1671,10,2022,6.38,10.37
kabupaten,16,1671,11,2022,-0.74,4.42
kabupaten,16,1671,12,2022,4.44,5.18
kabupaten,16,1671,13,2022,3.29,0.16
kabupaten,16,1671,14,2022,4.95,2.7
kabupaten,16,1671,15,2022,2.33,3.15
kabupaten,16,1671,16,2022,5.07,0.86
kabupaten,16,1671,17,2022,2.36,1.09
kabupaten,16,1671,1,2023,1.63,0.42
kabupaten,16,1671,2,2023,-0.62,0
kabupaten,16,1671,3,2023,3.2,33.83
kabupaten,16,1671,4,2023,6.98,0.17
kabupaten,16,1671,5,2023,2.04,0.26
kabupaten,16,1671,6,2023,3.11,14.72
kabupaten,16,1671,7,2023,8.56,15.46
kabupaten,16,1671,8,2023,9.91,4.19
kabupaten,16,1671,9,2023,14.92,2.99
kabupaten,16,1671,10,2023,6.92,10.54
kabupaten,16,1671,11,2023,4.91,4.41
kabupaten,16,1671,12,2023,5.15,5.18
kabupaten,16,1671,13,2023,2.2,0.16
kabupaten,16,1671,14,2023,4.06,2.68
kabupaten,16,1671,15,2023,3.17,3.1
kabupaten,16,1671,16,2023,0.01,0.82
kabupaten,16,1671,17,2023,2.1,1.06
kabupaten,16,1671,1,2024,0.9,0.41
kabupaten,16,1671,2,2024,2.09,0
kabupaten,16,1671,3,2024,2.66,33.04
kabupaten,16,1671,4,2024,8.1,0.18
kabupaten,16,1671,5,2024,2.37,0.25
kabupaten,16,1671,6,2024,4.68,14.66
kabupaten,16,1671,7,2024,7.5,15.81
kabupaten,16,1671,8,2024,2.96,4.11
kabupaten,16,1671,9,2024,8.33,3.08
kabupaten,16,1671,10,2024,8.12,10.84
kabupaten,16,1671,11,2024,6.26,4.46
kabupaten,16,1671,12,2024,7.27,5.29
kabupaten,16,1671,13,2024,4.77,0.16
kabupaten,16,1671,14,2024,7.59,2.74
kabupaten,16,1671,15,2024,4.94,3.09
kabupaten,16,1671,16,2024,6.35,0.83
kabupaten,16,1671,17,2024,5.67,1.06
kabupaten,16,1671,1,2025,4.97,0.4
kabupaten,16,1671,2,2025,2.46,0
kabupaten,16,1671,3,2025,3.58,32.41
kabupaten,16,1671,4,2025,8.75,0.18
kabupaten,16,1671,5,2025,0.69,0.24
kabupaten,16,1671,6,2025,6,14.72
kabupaten,16,1671,7,2025,8.49,16.24
kabupaten,16,1671,8,2025,4.91,4.08
kabupaten,16,1671,9,2025,10.14,3.21
kabupaten,16,1671,10,2025,6.7,10.96
kabupaten,16,1671,11,2025,5.05,4.43
kabupaten,16,1671,12,2025,7.65,5.39
kabupaten,16,1671,13,2025,6.5,0.16
kabupaten,16,1671,14,2025,1.93,2.64
kabupaten,16,1671,15,2025,4.13,3.05
kabupaten,16,1671,16,2025,5.62,0.83
kabupaten,16,1671,17,2025,4.46,1.05
kabupaten,16,1674,1,2021,0,7.48
kabupaten,16,1674,2,2021,0,11.28
kabupaten,16,1674,3,2021,0,8.7
kabupaten,16,1674,4,2021,0,0.19
kabupaten,16,1674,5,2021,0,0.04
kabupaten,16,1674,6,2021,0,16.71
kabupaten,16,1674,7,2021,0,21.99
kabupaten,16,1674,8,2021,0,2.65
kabupaten,16,1674,9,2021,0,3.29
kabupaten,16,1674,10,2021,0,1.61
kabupaten,16,1674,11,2021,0,4.83
kabupaten,16,1674,12,2021,0,9.03
kabupaten,16,1674,13,2021,0,0.7
kabupaten,16,1674,14,2021,0,4.2
kabupaten,16,1674,15,2021,0,3.52
kabupaten,16,1674,16,2021,0,3.22
kabupaten,16,1674,17,2021,0,0.57
kabupaten,16,1674,1,2022,2.19,7.27
kabupaten,16,1674,2,2022,-0.52,10.68
kabupaten,16,1674,3,2022,5.27,8.72
kabupaten,16,1674,4,2022,4.36,0.19
kabupaten,16,1674,5,2022,4.24,0.04
kabupaten,16,1674,6,2022,3.86,16.51
kabupaten,16,1674,7,2022,9.22,22.86
kabupaten,16,1674,8,2022,9.73,2.77
kabupaten,16,1674,9,2022,12.86,3.54
kabupaten,16,1674,10,2022,6.69,1.63
kabupaten,16,1674,11,2022,1.01,4.64
kabupaten,16,1674,12,2022,4.3,8.96
kabupaten,16,1674,13,2022,5.22,0.7
kabupaten,16,1674,14,2022,3.23,4.13
kabupaten,16,1674,15,2022,5.88,3.55
kabupaten,16,1674,16,2022,5.63,3.23
kabupaten,16,1674,17,2022,5.02,0.57
kabupaten,16,1674,1,2023,1.62,7.05
kabupaten,16,1674,2,2023,2.77,10.47
kabupaten,16,1674,3,2023,5.19,8.75
kabupaten,16,1674,4,2023,7.63,0.19
kabupaten,16,1674,5,2023,-0.81,0.04
kabupaten,16,1674,6,2023,3.77,16.35
kabupaten,16,1674,7,2023,7.75,23.5
kabupaten,16,1674,8,2023,6.27,2.81
kabupaten,16,1674,9,2023,9.24,3.68
kabupaten,16,1674,10,2023,7.55,1.68
kabupaten,16,1674,11,2023,2.43,4.54
kabupaten,16,1674,12,2023,4.36,8.92
kabupaten,16,1674,13,2023,6.09,0.71
kabupaten,16,1674,14,2023,3.29,4.07
kabupaten,16,1674,15,2023,5.06,3.56
kabupaten,16,1674,16,2023,0.03,3.09
kabupaten,16,1674,17,2023,7.15,0.58
kabupaten,16,1674,1,2024,3.85,6.97
kabupaten,16,1674,2,2024,2.87,10.26
kabupaten,16,1674,3,2024,5.26,8.77
kabupaten,16,1674,4,2024,6.67,0.2
kabupaten,16,1674,5,2024,2.05,0.04
kabupaten,16,1674,6,2024,4.25,16.23
kabupaten,16,1674,7,2024,6.59,23.85
kabupaten,16,1674,8,2024,0.5,2.69
kabupaten,16,1674,9,2024,7.07,3.76
kabupaten,16,1674,10,2024,6.95,1.71
kabupaten,16,1674,11,2024,4.75,4.52
kabupaten,16,1674,12,2024,5.22,8.94
kabupaten,16,1674,13,2024,5.7,0.71
kabupaten,16,1674,14,2024,5.03,4.07
kabupaten,16,1674,15,2024,5.87,3.59
kabupaten,16,1674,16,2024,5.3,3.1
kabupaten,16,1674,17,2024,5.63,0.59
kabupaten,16,1674,1,2025,3.75,6.87
kabupaten,16,1674,2,2025,1.13,9.85
kabupaten,16,1674,3,2025,6.38,8.86
kabupaten,16,1674,4,2025,5.93,0.2
kabupaten,16,1674,5,2025,-0.4,0.04
kabupaten,16,1674,6,2025,5.13,16.2
kabupaten,16,1674,7,2025,7.49,24.33
kabupaten,16,1674,8,2025,5.54,2.69
kabupaten,16,1674,9,2025,9.28,3.9
kabupaten,16,1674,10,2025,6.65,1.73
kabupaten,16,1674,11,2025,3.95,4.46
kabupaten,16,1674,12,2025,5.67,8.97
kabupaten,16,1674,13,2025,6.51,0.72
kabupaten,16,1674,14,2025,1.35,3.91
kabupaten,16,1674,15,2025,5.43,3.59
kabupaten,16,1674,16,2025,5.79,3.11
kabupaten,16,1674,17,2025,5.73,0.59
kabupaten,17,1701,1,2021,0,32.55
kabupaten,17,1701,2,2021,0,2.28
kabupaten,17,1701,3,2021,0,3.08
kabupaten,17,1701,4,2021,0,0.1
kabupaten,17,1701,5,2021,0,0.15
kabupaten,17,1701,6,2021,0,5
kabupaten,17,1701,7,2021,0,16.75
kabupaten,17,1701,8,2021,0,6.42
kabupaten,17,1701,9,2021,0,1.92
kabupaten,17,1701,10,2021,0,3.75
kabupaten,17,1701,11,2021,0,6.39
kabupaten,17,1701,12,2021,0,4.35
kabupaten,17,1701,13,2021,0,0.24
kabupaten,17,1701,14,2021,0,9.68
kabupaten,17,1701,15,2021,0,5.14
kabupaten,17,1701,16,2021,0,1.56
kabupaten,17,1701,17,2021,0,0.63
kabupaten,17,1701,1,2022,4.02,32.73
kabupaten,17,1701,2,2022,1.36,2.23
kabupaten,17,1701,3,2022,2.8,3.06
kabupaten,17,1701,4,2022,6.96,0.11
kabupaten,17,1701,5,2022,4.17,0.15
kabupaten,17,1701,6,2022,1.53,4.91
kabupaten,17,1701,7,2022,4.36,16.9
kabupaten,17,1701,8,2022,6.24,6.6
kabupaten,17,1701,9,2022,8.56,2.01
kabupaten,17,1701,10,2022,8.13,3.92
kabupaten,17,1701,11,2022,-2.79,6
kabupaten,17,1701,12,2022,2.9,4.33
kabupaten,17,1701,13,2022,12.58,0.27
kabupaten,17,1701,14,2022,-0.14,9.34
kabupaten,17,1701,15,2022,5.02,5.22
kabupaten,17,1701,16,2022,3.73,1.56
kabupaten,17,1701,17,2022,7.99,0.65
kabupaten,17,1701,1,2023,1.38,32.16
kabupaten,17,1701,2,2023,5.39,2.28
kabupaten,17,1701,3,2023,-0.7,2.94
kabupaten,17,1701,4,2023,4.82,0.11
kabupaten,17,1701,5,2023,6.33,0.16
kabupaten,17,1701,6,2023,5.46,5.02
kabupaten,17,1701,7,2023,2.86,16.84
kabupaten,17,1701,8,2023,5.33,6.73
kabupaten,17,1701,9,2023,9.17,2.13
kabupaten,17,1701,10,2023,9.69,4.17
kabupaten,17,1701,11,2023,-6.72,5.43
kabupaten,17,1701,12,2023,5.48,4.42
kabupaten,17,1701,13,2023,7.77,0.28
kabupaten,17,1701,14,2023,6.8,9.67
kabupaten,17,1701,15,2023,5.21,5.33
kabupaten,17,1701,16,2023,9,1.65
kabupaten,17,1701,17,2023,7.44,0.68
kabupaten,17,1701,1,2024,1.86,31.38
kabupaten,17,1701,2,2024,5.6,2.31
kabupaten,17,1701,3,2024,3.16,2.91
kabupaten,17,1701,4,2024,5.06,0.11
kabupaten,17,1701,5,2024,4.08,0.16
kabupaten,17,1701,6,2024,6.22,5.11
kabupaten,17,1701,7,2024,2.52,16.55
kabupaten,17,1701,8,2024,3.68,6.69
kabupaten,17,1701,9,2024,9.71,2.24
kabupaten,17,1701,10,2024,9.25,4.37
kabupaten,17,1701,11,2024,6.65,5.55
kabupaten,17,1701,12,2024,4.62,4.44
kabupaten,17,1701,13,2024,8.21,0.29
kabupaten,17,1701,14,2024,8.58,10.06
kabupaten,17,1701,15,2024,6.58,5.44
kabupaten,17,1701,16,2024,8.21,1.71
kabupaten,17,1701,17,2024,9.06,0.71
kabupaten,17,1701,1,2025,3.55,31.09
kabupaten,17,1701,2,2025,5.2,2.32
kabupaten,17,1701,3,2025,10.39,3.07
kabupaten,17,1701,4,2025,4.16,0.11
kabupaten,17,1701,5,2025,-1.05,0.15
kabupaten,17,1701,6,2025,1.74,4.97
kabupaten,17,1701,7,2025,3.12,16.32
kabupaten,17,1701,8,2025,8.02,6.91
kabupaten,17,1701,9,2025,10.86,2.37
kabupaten,17,1701,10,2025,8.22,4.52
kabupaten,17,1701,11,2025,7.42,5.7
kabupaten,17,1701,12,2025,5.48,4.48
kabupaten,17,1701,13,2025,7.08,0.29
kabupaten,17,1701,14,2025,0.48,9.67
kabupaten,17,1701,15,2025,6.97,5.56
kabupaten,17,1701,16,2025,4.55,1.71
kabupaten,17,1701,17,2025,10.16,0.75
kabupaten,17,1709,1,2021,0,29.53
kabupaten,17,1709,2,2021,0,14.18
kabupaten,17,1709,3,2021,0,14.47
kabupaten,17,1709,4,2021,0,0.05
kabupaten,17,1709,5,2021,0,0.11
kabupaten,17,1709,6,2021,0,4.53
kabupaten,17,1709,7,2021,0,8.18
kabupaten,17,1709,8,2021,0,1.23
kabupaten,17,1709,9,2021,0,2.02
kabupaten,17,1709,10,2021,0,0.73
kabupaten,17,1709,11,2021,0,2.61
kabupaten,17,1709,12,2021,0,4.12
kabupaten,17,1709,13,2021,0,0.09
kabupaten,17,1709,14,2021,0,15.19
kabupaten,17,1709,15,2021,0,2.1
kabupaten,17,1709,16,2021,0,0.57
kabupaten,17,1709,17,2021,0,0.28
kabupaten,17,1709,1,2022,4.5,29.95
kabupaten,17,1709,2,2022,1.12,13.92
kabupaten,17,1709,3,2022,3.01,14.47
kabupaten,17,1709,4,2022,8.22,0.05
kabupaten,17,1709,5,2022,5.72,0.12
kabupaten,17,1709,6,2022,1.9,4.48
kabupaten,17,1709,7,2022,5.14,8.34
kabupaten,17,1709,8,2022,7.17,1.28
kabupaten,17,1709,9,2022,7.58,2.11
kabupaten,17,1709,10,2022,7.43,0.77
kabupaten,17,1709,11,2022,-0.86,2.52
kabupaten,17,1709,12,2022,3.5,4.14
kabupaten,17,1709,13,2022,11.07,0.09
kabupaten,17,1709,14,2022,0.16,14.77
kabupaten,17,1709,15,2022,4.41,2.13
kabupaten,17,1709,16,2022,4.63,0.58
kabupaten,17,1709,17,2022,8.82,0.29
kabupaten,17,1709,1,2023,1.73,29.35
kabupaten,17,1709,2,2023,7.73,14.44
kabupaten,17,1709,3,2023,1.46,14.14
kabupaten,17,1709,4,2023,3.8,0.05
kabupaten,17,1709,5,2023,4.56,0.12
kabupaten,17,1709,6,2023,5.43,4.55
kabupaten,17,1709,7,2023,3.09,8.29
kabupaten,17,1709,8,2023,6.53,1.31
kabupaten,17,1709,9,2023,9.39,2.22
kabupaten,17,1709,10,2023,8.12,0.8
kabupaten,17,1709,11,2023,-5.39,2.29
kabupaten,17,1709,12,2023,5.32,4.2
kabupaten,17,1709,13,2023,7.83,0.1
kabupaten,17,1709,14,2023,6.04,15.08
kabupaten,17,1709,15,2023,4.89,2.15
kabupaten,17,1709,16,2023,8.39,0.61
kabupaten,17,1709,17,2023,10.02,0.31
kabupaten,17,1709,1,2024,3.03,29.09
kabupaten,17,1709,2,2024,1.72,14.13
kabupaten,17,1709,3,2024,0.83,13.72
kabupaten,17,1709,4,2024,4.27,0.05
kabupaten,17,1709,5,2024,6.27,0.12
kabupaten,17,1709,6,2024,5,4.6
kabupaten,17,1709,7,2024,3.34,8.24
kabupaten,17,1709,8,2024,3.94,1.31
kabupaten,17,1709,9,2024,9.04,2.33
kabupaten,17,1709,10,2024,8.14,0.83
kabupaten,17,1709,11,2024,5.5,2.33
kabupaten,17,1709,12,2024,4.36,4.21
kabupaten,17,1709,13,2024,7.92,0.1
kabupaten,17,1709,14,2024,8.98,15.81
kabupaten,17,1709,15,2024,5.87,2.19
kabupaten,17,1709,16,2024,8.79,0.63
kabupaten,17,1709,17,2024,9.42,0.33
kabupaten,17,1709,1,2025,6.52,29.79
kabupaten,17,1709,2,2025,-9.33,12.32
kabupaten,17,1709,3,2025,9.73,14.47
kabupaten,17,1709,4,2025,3.51,0.05
kabupaten,17,1709,5,2025,0.51,0.11
kabupaten,17,1709,6,2025,4.07,4.6
kabupaten,17,1709,7,2025,3.73,8.21
kabupaten,17,1709,8,2025,11.15,1.4
kabupaten,17,1709,9,2025,12.69,2.52
kabupaten,17,1709,10,2025,9.81,0.88
kabupaten,17,1709,11,2025,10.79,2.48
kabupaten,17,1709,12,2025,5.94,4.29
kabupaten,17,1709,13,2025,7.95,0.1
kabupaten,17,1709,14,2025,2.06,15.52
kabupaten,17,1709,15,2025,7.33,2.26
kabupaten,17,1709,16,2025,7.74,0.66
kabupaten,17,1709,17,2025,11.04,0.35
kabupaten,17,1703,1,2021,0,35.39
kabupaten,17,1703,2,2021,0,17.13
kabupaten,17,1703,3,2021,0,7.64
kabupaten,17,1703,4,2021,0,0.09
kabupaten,17,1703,5,2021,0,0.16
kabupaten,17,1703,6,2021,0,4.39
kabupaten,17,1703,7,2021,0,8.54
kabupaten,17,1703,8,2021,0,2.31
kabupaten,17,1703,9,2021,0,0.7
kabupaten,17,1703,10,2021,0,1.94
kabupaten,17,1703,11,2021,0,3.8
kabupaten,17,1703,12,2021,0,2.44
kabupaten,17,1703,13,2021,0,0.11
kabupaten,17,1703,14,2021,0,8.3
kabupaten,17,1703,15,2021,0,5.19
kabupaten,17,1703,16,2021,0,1.36
kabupaten,17,1703,17,2021,0,0.52
kabupaten,17,1703,1,2022,11.48,31.56
kabupaten,17,1703,2,2022,101.02,27.56
kabupaten,17,1703,3,2022,6.66,6.52
kabupaten,17,1703,4,2022,10.27,0.08
kabupaten,17,1703,5,2022,6.42,0.14
kabupaten,17,1703,6,2022,7.13,3.77
kabupaten,17,1703,7,2022,12.45,7.69
kabupaten,17,1703,8,2022,15.13,2.13
kabupaten,17,1703,9,2022,10.51,0.62
kabupaten,17,1703,10,2022,12.49,1.74
kabupaten,17,1703,11,2022,5.93,3.22
kabupaten,17,1703,12,2022,5.57,2.06
kabupaten,17,1703,13,2022,13.91,0.1
kabupaten,17,1703,14,2022,0.79,6.69
kabupaten,17,1703,15,2022,9,4.52
kabupaten,17,1703,16,2022,6.93,1.16
kabupaten,17,1703,17,2022,11.04,0.46
kabupaten,17,1703,1,2023,10.12,34.28
kabupaten,17,1703,2,2023,-18.46,22.16
kabupaten,17,1703,3,2023,4.5,6.72
kabupaten,17,1703,4,2023,5.25,0.08
kabupaten,17,1703,5,2023,6.04,0.15
kabupaten,17,1703,6,2023,9.13,4.05
kabupaten,17,1703,7,2023,9.26,8.28
kabupaten,17,1703,8,2023,18.65,2.49
kabupaten,17,1703,9,2023,11.6,0.68
kabupaten,17,1703,10,2023,12.68,1.94
kabupaten,17,1703,11,2023,-2.89,3.08
kabupaten,17,1703,12,2023,8.15,2.2
kabupaten,17,1703,13,2023,11.88,0.11
kabupaten,17,1703,14,2023,7.82,7.11
kabupaten,17,1703,15,2023,8.73,4.85
kabupaten,17,1703,16,2023,14.52,1.31
kabupaten,17,1703,17,2023,13.45,0.52
kabupaten,17,1703,1,2024,15.76,38.78
kabupaten,17,1703,2,2024,-30.5,15.05
kabupaten,17,1703,3,2024,4.29,6.84
kabupaten,17,1703,4,2024,4.98,0.08
kabupaten,17,1703,5,2024,12.26,0.16
kabupaten,17,1703,6,2024,6.51,4.22
kabupaten,17,1703,7,2024,6.21,8.6
kabupaten,17,1703,8,2024,9.64,2.67
kabupaten,17,1703,9,2024,12.28,0.74
kabupaten,17,1703,10,2024,10.8,2.1
kabupaten,17,1703,11,2024,6.99,3.22
kabupaten,17,1703,12,2024,5.33,2.26
kabupaten,17,1703,13,2024,11.36,0.12
kabupaten,17,1703,14,2024,10.04,7.65
kabupaten,17,1703,15,2024,15.89,5.49
kabupaten,17,1703,16,2024,12.79,1.45
kabupaten,17,1703,17,2024,13.42,0.57
kabupaten,17,1703,1,2025,14.02,41.32
kabupaten,17,1703,2,2025,-15.52,11.88
kabupaten,17,1703,3,2025,13.29,7.25
kabupaten,17,1703,4,2025,3.49,0.08
kabupaten,17,1703,5,2025,2.78,0.15
kabupaten,17,1703,6,2025,4.38,4.11
kabupaten,17,1703,7,2025,5.41,8.47
kabupaten,17,1703,8,2025,11.09,2.77
kabupaten,17,1703,9,2025,15.36,0.8
kabupaten,17,1703,10,2025,10.19,2.16
kabupaten,17,1703,11,2025,12.7,3.39
kabupaten,17,1703,12,2025,5.46,2.23
kabupaten,17,1703,13,2025,9.93,0.12
kabupaten,17,1703,14,2025,4.77,7.49
kabupaten,17,1703,15,2025,10.59,5.68
kabupaten,17,1703,16,2025,10.14,1.49
kabupaten,17,1703,17,2025,12.7,0.6
kabupaten,17,1704,1,2021,0,49.06
kabupaten,17,1704,2,2021,0,4.31
kabupaten,17,1704,3,2021,0,3.73
kabupaten,17,1704,4,2021,0,0.08
kabupaten,17,1704,5,2021,0,0.24
kabupaten,17,1704,6,2021,0,6.26
kabupaten,17,1704,7,2021,0,9.8
kabupaten,17,1704,8,2021,0,4.74
kabupaten,17,1704,9,2021,0,1.28
kabupaten,17,1704,10,2021,0,3.42
kabupaten,17,1704,11,2021,0,1.25
kabupaten,17,1704,12,2021,0,4.31
kabupaten,17,1704,13,2021,0,0.05
kabupaten,17,1704,14,2021,0,7.93
kabupaten,17,1704,15,2021,0,2.76
kabupaten,17,1704,16,2021,0,0.55
kabupaten,17,1704,17,2021,0,0.24
kabupaten,17,1704,1,2022,4.03,49.18
kabupaten,17,1704,2,2022,0.63,4.17
kabupaten,17,1704,3,2022,3.82,3.73
kabupaten,17,1704,4,2022,8.15,0.08
kabupaten,17,1704,5,2022,4.36,0.24
kabupaten,17,1704,6,2022,0.68,6.07
kabupaten,17,1704,7,2022,5.58,9.97
kabupaten,17,1704,8,2022,7.68,4.92
kabupaten,17,1704,9,2022,9.21,1.35
kabupaten,17,1704,10,2022,7.81,3.55
kabupaten,17,1704,11,2022,-1.75,1.18
kabupaten,17,1704,12,2022,3.72,4.3
kabupaten,17,1704,13,2022,12.28,0.05
kabupaten,17,1704,14,2022,0.17,7.65
kabupaten,17,1704,15,2022,2.76,2.73
kabupaten,17,1704,16,2022,4.8,0.56
kabupaten,17,1704,17,2022,6.43,0.25
kabupaten,17,1704,1,2023,2.62,48.8
kabupaten,17,1704,2,2023,2.87,4.15
kabupaten,17,1704,3,2023,1.63,3.67
kabupaten,17,1704,4,2023,2.01,0.08
kabupaten,17,1704,5,2023,2.43,0.24
kabupaten,17,1704,6,2023,3.87,6.1
kabupaten,17,1704,7,2023,1.25,9.77
kabupaten,17,1704,8,2023,6.52,5.07
kabupaten,17,1704,9,2023,9.02,1.42
kabupaten,17,1704,10,2023,9.12,3.75
kabupaten,17,1704,11,2023,-5.24,1.08
kabupaten,17,1704,12,2023,4.59,4.35
kabupaten,17,1704,13,2023,7.81,0.06
kabupaten,17,1704,14,2023,6.05,7.85
kabupaten,17,1704,15,2023,4.85,2.77
kabupaten,17,1704,16,2023,7.98,0.58
kabupaten,17,1704,17,2023,8.56,0.26
kabupaten,17,1704,1,2024,2.81,48.17
kabupaten,17,1704,2,2024,3.22,4.12
kabupaten,17,1704,3,2024,2.7,3.62
kabupaten,17,1704,4,2024,3.94,0.08
kabupaten,17,1704,5,2024,6.11,0.24
kabupaten,17,1704,6,2024,5.69,6.19
kabupaten,17,1704,7,2024,2.94,9.65
kabupaten,17,1704,8,2024,5.19,5.12
kabupaten,17,1704,9,2024,9.34,1.5
kabupaten,17,1704,10,2024,9.22,3.93
kabupaten,17,1704,11,2024,5.2,1.09
kabupaten,17,1704,12,2024,4.18,4.35
kabupaten,17,1704,13,2024,7.97,0.06
kabupaten,17,1704,14,2024,8.37,8.17
kabupaten,17,1704,15,2024,6.14,2.82
kabupaten,17,1704,16,2024,9.1,0.61
kabupaten,17,1704,17,2024,9.27,0.27
kabupaten,17,1704,1,2025,4.02,47.9
kabupaten,17,1704,2,2025,4.21,4.1
kabupaten,17,1704,3,2025,10.22,3.81
kabupaten,17,1704,4,2025,3.79,0.08
kabupaten,17,1704,5,2025,0,0.23
kabupaten,17,1704,6,2025,3.11,6.1
kabupaten,17,1704,7,2025,2.75,9.48
kabupaten,17,1704,8,2025,8.48,5.31
kabupaten,17,1704,9,2025,12.08,1.6
kabupaten,17,1704,10,2025,8.78,4.09
kabupaten,17,1704,11,2025,9,1.14
kabupaten,17,1704,12,2025,5.2,4.38
kabupaten,17,1704,13,2025,7.38,0.06
kabupaten,17,1704,14,2025,1.34,7.91
kabupaten,17,1704,15,2025,7.24,2.89
kabupaten,17,1704,16,2025,6.83,0.62
kabupaten,17,1704,17,2025,9.62,0.28
kabupaten,17,1708,1,2021,0,41.37
kabupaten,17,1708,2,2021,0,2.34
kabupaten,17,1708,3,2021,0,7.35
kabupaten,17,1708,4,2021,0,0.17
kabupaten,17,1708,5,2021,0,0.17
kabupaten,17,1708,6,2021,0,5.36
kabupaten,17,1708,7,2021,0,10.13
kabupaten,17,1708,8,2021,0,2.9
kabupaten,17,1708,9,2021,0,1.96
kabupaten,17,1708,10,2021,0,2.29
kabupaten,17,1708,11,2021,0,1.25
kabupaten,17,1708,12,2021,0,3.37
kabupaten,17,1708,13,2021,0,0.13
kabupaten,17,1708,14,2021,0,13.95
kabupaten,17,1708,15,2021,0,5.12
kabupaten,17,1708,16,2021,0,1.5
kabupaten,17,1708,17,2021,0,0.63
kabupaten,17,1708,1,2022,5.32,41.82
kabupaten,17,1708,2,2022,0.6,2.26
kabupaten,17,1708,3,2022,4.02,7.34
kabupaten,17,1708,4,2022,8.69,0.18
kabupaten,17,1708,5,2022,6.05,0.17
kabupaten,17,1708,6,2022,1.29,5.21
kabupaten,17,1708,7,2022,4.87,10.19
kabupaten,17,1708,8,2022,7.62,3
kabupaten,17,1708,9,2022,9.01,2.05
kabupaten,17,1708,10,2022,8.73,2.39
kabupaten,17,1708,11,2022,-1.48,1.18
kabupaten,17,1708,12,2022,3.95,3.36
kabupaten,17,1708,13,2022,10.97,0.14
kabupaten,17,1708,14,2022,-0.02,13.39
kabupaten,17,1708,15,2022,4.99,5.16
kabupaten,17,1708,16,2022,3.56,1.49
kabupaten,17,1708,17,2022,9.05,0.66
kabupaten,17,1708,1,2023,2.41,41.18
kabupaten,17,1708,2,2023,4.94,2.28
kabupaten,17,1708,3,2023,3.03,7.27
kabupaten,17,1708,4,2023,5.35,0.18
kabupaten,17,1708,5,2023,4.33,0.17
kabupaten,17,1708,6,2023,5.21,5.27
kabupaten,17,1708,7,2023,3.1,10.11
kabupaten,17,1708,8,2023,7.3,3.09
kabupaten,17,1708,9,2023,9.96,2.16
kabupaten,17,1708,10,2023,9.58,2.52
kabupaten,17,1708,11,2023,-4.17,1.09
kabupaten,17,1708,12,2023,5.21,3.4
kabupaten,17,1708,13,2023,8.08,0.15
kabupaten,17,1708,14,2023,6.2,13.67
kabupaten,17,1708,15,2023,4.9,5.2
kabupaten,17,1708,16,2023,8.32,1.55
kabupaten,17,1708,17,2023,10.01,0.7
kabupaten,17,1708,1,2024,2.49,40.48
kabupaten,17,1708,2,2024,4.4,2.28
kabupaten,17,1708,3,2024,2.66,7.16
kabupaten,17,1708,4,2024,4.06,0.18
kabupaten,17,1708,5,2024,5.89,0.18
kabupaten,17,1708,6,2024,5.07,5.31
kabupaten,17,1708,7,2024,2.9,9.97
kabupaten,17,1708,8,2024,5.34,3.12
kabupaten,17,1708,9,2024,9.51,2.27
kabupaten,17,1708,10,2024,9.04,2.63
kabupaten,17,1708,11,2024,5.26,1.1
kabupaten,17,1708,12,2024,4.05,3.39
kabupaten,17,1708,13,2024,8.28,0.16
kabupaten,17,1708,14,2024,7.69,14.12
kabupaten,17,1708,15,2024,6.17,5.3
kabupaten,17,1708,16,2024,9.02,1.62
kabupaten,17,1708,17,2024,8.98,0.73
kabupaten,17,1707,1,2021,0,39.87
kabupaten,17,1707,2,2021,0,5.32
kabupaten,17,1707,3,2021,0,5.59
kabupaten,17,1707,4,2021,0,0.12
kabupaten,17,1707,5,2021,0,0.28
kabupaten,17,1707,6,2021,0,8.4
kabupaten,17,1707,7,2021,0,9.31
kabupaten,17,1707,8,2021,0,4.63
kabupaten,17,1707,9,2021,0,1.32
kabupaten,17,1707,10,2021,0,1.87
kabupaten,17,1707,11,2021,0,1.22
kabupaten,17,1707,12,2021,0,6.09
kabupaten,17,1707,13,2021,0,0.17
kabupaten,17,1707,14,2021,0,11.59
kabupaten,17,1707,15,2021,0,2.7
kabupaten,17,1707,16,2021,0,0.83
kabupaten,17,1707,17,2021,0,0.67
kabupaten,17,1707,1,2022,4.07,40.3
kabupaten,17,1707,2,2022,-2.36,5.04
kabupaten,17,1707,3,2022,3.04,5.59
kabupaten,17,1707,4,2022,8.05,0.12
kabupaten,17,1707,5,2022,5.5,0.29
kabupaten,17,1707,6,2022,0.27,8.18
kabupaten,17,1707,7,2022,4.76,9.47
kabupaten,17,1707,8,2022,4.25,4.69
kabupaten,17,1707,9,2022,7.61,1.38
kabupaten,17,1707,10,2022,7.45,1.96
kabupaten,17,1707,11,2022,-3.85,1.14
kabupaten,17,1707,12,2022,3.78,6.14
kabupaten,17,1707,13,2022,10.08,0.18
kabupaten,17,1707,14,2022,0.19,11.28
kabupaten,17,1707,15,2022,2.96,2.7
kabupaten,17,1707,16,2022,4.05,0.84
kabupaten,17,1707,17,2022,6.88,0.69
kabupaten,17,1707,1,2023,0.53,39.39
kabupaten,17,1707,2,2023,4.58,5.13
kabupaten,17,1707,3,2023,2.39,5.57
kabupaten,17,1707,4,2023,2.13,0.12
kabupaten,17,1707,5,2023,3.53,0.29
kabupaten,17,1707,6,2023,4.32,8.3
kabupaten,17,1707,7,2023,1.7,9.36
kabupaten,17,1707,8,2023,4.53,4.77
kabupaten,17,1707,9,2023,9.41,1.47
kabupaten,17,1707,10,2023,9.19,2.08
kabupaten,17,1707,11,2023,-4.67,1.06
kabupaten,17,1707,12,2023,5.09,6.27
kabupaten,17,1707,13,2023,7.47,0.19
kabupaten,17,1707,14,2023,6.12,11.64
kabupaten,17,1707,15,2023,4.3,2.74
kabupaten,17,1707,16,2023,8.25,0.89
kabupaten,17,1707,17,2023,9.5,0.74
kabupaten,17,1707,1,2024,2.5,38.71
kabupaten,17,1707,2,2024,5.54,5.19
kabupaten,17,1707,3,2024,2.38,5.47
kabupaten,17,1707,4,2024,4.17,0.12
kabupaten,17,1707,5,2024,6.07,0.3
kabupaten,17,1707,6,2024,5.5,8.39
kabupaten,17,1707,7,2024,2.9,9.24
kabupaten,17,1707,8,2024,5.36,4.82
kabupaten,17,1707,9,2024,9.51,1.55
kabupaten,17,1707,10,2024,8.79,2.17
kabupaten,17,1707,11,2024,5.34,1.07
kabupaten,17,1707,12,2024,4.09,6.26
kabupaten,17,1707,13,2024,8.07,0.2
kabupaten,17,1707,14,2024,7.93,12.04
kabupaten,17,1707,15,2024,6.09,2.78
kabupaten,17,1707,16,2024,9.03,0.93
kabupaten,17,1707,17,2024,9.38,0.78
kabupaten,17,1707,1,2025,2.29,38.07
kabupaten,17,1707,2,2025,4.89,5.23
kabupaten,17,1707,3,2025,10.61,5.81
kabupaten,17,1707,4,2025,3.67,0.12
kabupaten,17,1707,5,2025,-0.28,0.28
kabupaten,17,1707,6,2025,3.16,8.32
kabupaten,17,1707,7,2025,2.41,9.1
kabupaten,17,1707,8,2025,9.58,5.07
kabupaten,17,1707,9,2025,8.44,1.61
kabupaten,17,1707,10,2025,8.65,2.26
kabupaten,17,1707,11,2025,8.99,1.12
kabupaten,17,1707,12,2025,5.49,6.35
kabupaten,17,1707,13,2025,7.68,0.21
kabupaten,17,1707,14,2025,1.83,11.79
kabupaten,17,1707,15,2025,7.08,2.86
kabupaten,17,1707,16,2025,7.39,0.96
kabupaten,17,1707,17,2025,10.54,0.82
kabupaten,17,1702,1,2021,0,29.73
kabupaten,17,1702,2,2021,0,1.36
kabupaten,17,1702,3,2021,0,4.07
kabupaten,17,1702,4,2021,0,0.11
kabupaten,17,1702,5,2021,0,0.17
kabupaten,17,1702,6,2021,0,3.9
kabupaten,17,1702,7,2021,0,18.08
kabupaten,17,1702,8,2021,0,5.98
kabupaten,17,1702,9,2021,0,1.89
kabupaten,17,1702,10,2021,0,3.35
kabupaten,17,1702,11,2021,0,3.38
kabupaten,17,1702,12,2021,0,3.96
kabupaten,17,1702,13,2021,0,0.14
kabupaten,17,1702,14,2021,0,9.67
kabupaten,17,1702,15,2021,0,10
kabupaten,17,1702,16,2021,0,2.97
kabupaten,17,1702,17,2021,0,1.24
kabupaten,17,1702,1,2022,5.19,29.99
kabupaten,17,1702,2,2022,0.96,1.32
kabupaten,17,1702,3,2022,3.64,4.04
kabupaten,17,1702,4,2022,6.45,0.11
kabupaten,17,1702,5,2022,3.31,0.17
kabupaten,17,1702,6,2022,0.68,3.76
kabupaten,17,1702,7,2022,5.54,18.29
kabupaten,17,1702,8,2022,5.34,6.04
kabupaten,17,1702,9,2022,7.1,1.94
kabupaten,17,1702,10,2022,7.95,3.47
kabupaten,17,1702,11,2022,-1.32,3.2
kabupaten,17,1702,12,2022,3.18,3.91
kabupaten,17,1702,13,2022,10.97,0.15
kabupaten,17,1702,14,2022,-0.03,9.27
kabupaten,17,1702,15,2022,4.6,10.02
kabupaten,17,1702,16,2022,5.8,3.01
kabupaten,17,1702,17,2022,8.96,1.29
kabupaten,17,1702,1,2023,1.99,29.39
kabupaten,17,1702,2,2023,4.69,1.32
kabupaten,17,1702,3,2023,3.26,4.01
kabupaten,17,1702,4,2023,3.31,0.11
kabupaten,17,1702,5,2023,6.49,0.18
kabupaten,17,1702,6,2023,4.9,3.79
kabupaten,17,1702,7,2023,3.19,18.14
kabupaten,17,1702,8,2023,5.71,6.14
kabupaten,17,1702,9,2023,9.33,2.04
kabupaten,17,1702,10,2023,9.15,3.64
kabupaten,17,1702,11,2023,-5.52,2.91
kabupaten,17,1702,12,2023,5.94,3.98
kabupaten,17,1702,13,2023,7.67,0.16
kabupaten,17,1702,14,2023,6.77,9.51
kabupaten,17,1702,15,2023,4.35,10.05
kabupaten,17,1702,16,2023,10.07,3.19
kabupaten,17,1702,17,2023,15.27,1.43
kabupaten,17,1702,1,2024,2.92,29.01
kabupaten,17,1702,2,2024,2.24,1.3
kabupaten,17,1702,3,2024,1.56,3.91
kabupaten,17,1702,4,2024,3.6,0.11
kabupaten,17,1702,5,2024,6.02,0.18
kabupaten,17,1702,6,2024,4.37,3.79
kabupaten,17,1702,7,2024,2.72,17.87
kabupaten,17,1702,8,2024,1.25,5.96
kabupaten,17,1702,9,2024,9.6,2.15
kabupaten,17,1702,10,2024,9.7,3.83
kabupaten,17,1702,11,2024,5.14,2.93
kabupaten,17,1702,12,2024,3.69,3.96
kabupaten,17,1702,13,2024,8.43,0.16
kabupaten,17,1702,14,2024,7.07,9.77
kabupaten,17,1702,15,2024,6.37,10.25
kabupaten,17,1702,16,2024,8.65,3.32
kabupaten,17,1702,17,2024,9.92,1.51
kabupaten,17,1702,1,2025,2.31,28.48
kabupaten,17,1702,2,2025,5.33,1.31
kabupaten,17,1702,3,2025,10.45,4.14
kabupaten,17,1702,4,2025,2.96,0.11
kabupaten,17,1702,5,2025,0.08,0.17
kabupaten,17,1702,6,2025,2.72,3.74
kabupaten,17,1702,7,2025,2.86,17.64
kabupaten,17,1702,8,2025,4.78,5.99
kabupaten,17,1702,9,2025,11.19,2.29
kabupaten,17,1702,10,2025,7.65,3.95
kabupaten,17,1702,11,2025,9.18,3.07
kabupaten,17,1702,12,2025,5.3,4
kabupaten,17,1702,13,2025,7.26,0.17
kabupaten,17,1702,14,2025,0.94,9.46
kabupaten,17,1702,15,2025,6.21,10.45
kabupaten,17,1702,16,2025,7.43,3.42
kabupaten,17,1702,17,2025,10.02,1.59
kabupaten,17,1705,1,2021,0,47.43
kabupaten,17,1705,2,2021,0,3.49
kabupaten,17,1705,3,2021,0,8.26
kabupaten,17,1705,4,2021,0,0.12
kabupaten,17,1705,5,2021,0,0.18
kabupaten,17,1705,6,2021,0,5.29
kabupaten,17,1705,7,2021,0,8.42
kabupaten,17,1705,8,2021,0,2.28
kabupaten,17,1705,9,2021,0,1.55
kabupaten,17,1705,10,2021,0,1.22
kabupaten,17,1705,11,2021,0,0.84
kabupaten,17,1705,12,2021,0,4.51
kabupaten,17,1705,13,2021,0,0.12
kabupaten,17,1705,14,2021,0,9.36
kabupaten,17,1705,15,2021,0,5.27
kabupaten,17,1705,16,2021,0,1.01
kabupaten,17,1705,17,2021,0,0.66
kabupaten,17,1705,1,2022,2.25,47.12
kabupaten,17,1705,2,2022,2.56,3.48
kabupaten,17,1705,3,2022,5.3,8.45
kabupaten,17,1705,4,2022,5.54,0.13
kabupaten,17,1705,5,2022,4.04,0.18
kabupaten,17,1705,6,2022,3.9,5.34
kabupaten,17,1705,7,2022,5.52,8.63
kabupaten,17,1705,8,2022,4.84,2.33
kabupaten,17,1705,9,2022,7.68,1.63
kabupaten,17,1705,10,2022,11.5,1.32
kabupaten,17,1705,11,2022,2.06,0.84
kabupaten,17,1705,12,2022,5.57,4.62
kabupaten,17,1705,13,2022,11.21,0.13
kabupaten,17,1705,14,2022,0.19,9.11
kabupaten,17,1705,15,2022,-0.7,5.08
kabupaten,17,1705,16,2022,-1.19,0.97
kabupaten,17,1705,17,2022,3.37,0.66
kabupaten,17,1705,1,2023,0.99,46.38
kabupaten,17,1705,2,2023,-0.49,3.38
kabupaten,17,1705,3,2023,0.72,8.29
kabupaten,17,1705,4,2023,7.61,0.13
kabupaten,17,1705,5,2023,3.51,0.18
kabupaten,17,1705,6,2023,3.23,5.37
kabupaten,17,1705,7,2023,2.51,8.62
kabupaten,17,1705,8,2023,5.63,2.39
kabupaten,17,1705,9,2023,8.66,1.72
kabupaten,17,1705,10,2023,8.73,1.4
kabupaten,17,1705,11,2023,-1.43,0.8
kabupaten,17,1705,12,2023,8.06,4.87
kabupaten,17,1705,13,2023,8.53,0.14
kabupaten,17,1705,14,2023,6.09,9.42
kabupaten,17,1705,15,2023,4.85,5.2
kabupaten,17,1705,16,2023,8.5,1.02
kabupaten,17,1705,17,2023,8.44,0.7
kabupaten,17,1705,1,2024,2.23,45.56
kabupaten,17,1705,2,2024,3.28,3.35
kabupaten,17,1705,3,2024,4.75,8.35
kabupaten,17,1705,4,2024,4.63,0.13
kabupaten,17,1705,5,2024,6.43,0.18
kabupaten,17,1705,6,2024,4.66,5.4
kabupaten,17,1705,7,2024,4.13,8.63
kabupaten,17,1705,8,2024,5.23,2.42
kabupaten,17,1705,9,2024,11.03,1.84
kabupaten,17,1705,10,2024,9.35,1.47
kabupaten,17,1705,11,2024,5.11,0.81
kabupaten,17,1705,12,2024,4.38,4.88
kabupaten,17,1705,13,2024,8.57,0.14
kabupaten,17,1705,14,2024,7.54,9.74
kabupaten,17,1705,15,2024,6.4,5.31
kabupaten,17,1705,16,2024,7.4,1.05
kabupaten,17,1705,17,2024,10,0.74
kabupaten,17,1705,1,2025,1.66,44.64
kabupaten,17,1705,2,2025,3.62,3.35
kabupaten,17,1705,3,2025,10.6,8.9
kabupaten,17,1705,4,2025,3.26,0.13
kabupaten,17,1705,5,2025,0,0.18
kabupaten,17,1705,6,2025,0.63,5.24
kabupaten,17,1705,7,2025,3.14,8.57
kabupaten,17,1705,8,2025,9.29,2.55
kabupaten,17,1705,9,2025,12.84,2
kabupaten,17,1705,10,2025,9.44,1.55
kabupaten,17,1705,11,2025,8.27,0.85
kabupaten,17,1705,12,2025,5.2,4.95
kabupaten,17,1705,13,2025,7.68,0.15
kabupaten,17,1705,14,2025,1.75,9.55
kabupaten,17,1705,15,2025,7.9,5.52
kabupaten,17,1705,16,2025,7.5,1.09
kabupaten,17,1705,17,2025,10.57,0.79
kabupaten,17,1771,1,2021,0,7.68
kabupaten,17,1771,2,2021,0,0.14
kabupaten,17,1771,3,2021,0,3.22
kabupaten,17,1771,4,2021,0,0.12
kabupaten,17,1771,5,2021,0,0.27
kabupaten,17,1771,6,2021,0,4.42
kabupaten,17,1771,7,2021,0,21.61
kabupaten,17,1771,8,2021,0,14.98
kabupaten,17,1771,9,2021,0,2
kabupaten,17,1771,10,2021,0,9.98
kabupaten,17,1771,11,2021,0,4.97
kabupaten,17,1771,12,2021,0,5.35
kabupaten,17,1771,13,2021,0,6.06
kabupaten,17,1771,14,2021,0,6.95
kabupaten,17,1771,15,2021,0,8.05
kabupaten,17,1771,16,2021,0,3
kabupaten,17,1771,17,2021,0,1.21
kabupaten,17,1771,1,2022,3.57,7.53
kabupaten,17,1771,2,2022,0.75,0.13
kabupaten,17,1771,3,2022,2.51,3.12
kabupaten,17,1771,4,2022,6.18,0.12
kabupaten,17,1771,5,2022,4.08,0.27
kabupaten,17,1771,6,2022,0.21,4.19
kabupaten,17,1771,7,2022,4.12,21.29
kabupaten,17,1771,8,2022,16.42,16.5
kabupaten,17,1771,9,2022,8.6,2.05
kabupaten,17,1771,10,2022,7.56,10.16
kabupaten,17,1771,11,2022,-4.08,4.51
kabupaten,17,1771,12,2022,2.85,5.21
kabupaten,17,1771,13,2022,10.92,6.36
kabupaten,17,1771,14,2022,0.18,6.59
kabupaten,17,1771,15,2022,3.15,7.86
kabupaten,17,1771,16,2022,2.45,2.9
kabupaten,17,1771,17,2022,6.46,1.22
kabupaten,17,1771,1,2023,4.29,7.44
kabupaten,17,1771,2,2023,2.22,0.13
kabupaten,17,1771,3,2023,1.72,3.01
kabupaten,17,1771,4,2023,3.11,0.12
kabupaten,17,1771,5,2023,6.85,0.27
kabupaten,17,1771,6,2023,5.49,4.19
kabupaten,17,1771,7,2023,4.8,21.14
kabupaten,17,1771,8,2023,7,16.73
kabupaten,17,1771,9,2023,9.76,2.13
kabupaten,17,1771,10,2023,9.56,10.55
kabupaten,17,1771,11,2023,-5.11,4.06
kabupaten,17,1771,12,2023,4.41,5.15
kabupaten,17,1771,13,2023,7.92,6.51
kabupaten,17,1771,14,2023,5.98,6.62
kabupaten,17,1771,15,2023,3.65,7.72
kabupaten,17,1771,16,2023,8.45,2.98
kabupaten,17,1771,17,2023,9.69,1.27
kabupaten,17,1771,1,2024,4.62,7.38
kabupaten,17,1771,2,2024,4.43,0.12
kabupaten,17,1771,3,2024,2.13,2.91
kabupaten,17,1771,4,2024,3.8,0.11
kabupaten,17,1771,5,2024,6.11,0.27
kabupaten,17,1771,6,2024,5.06,4.18
kabupaten,17,1771,7,2024,3.17,20.7
kabupaten,17,1771,8,2024,3.93,16.5
kabupaten,17,1771,9,2024,9.43,2.21
kabupaten,17,1771,10,2024,9.01,10.91
kabupaten,17,1771,11,2024,5.14,4.05
kabupaten,17,1771,12,2024,4.24,5.09
kabupaten,17,1771,13,2024,8.02,6.67
kabupaten,17,1771,14,2024,6.92,6.71
kabupaten,17,1771,15,2024,5.92,7.75
kabupaten,17,1771,16,2024,9.32,3.1
kabupaten,17,1771,17,2024,9.35,1.32
kabupaten,17,1771,1,2025,5.68,7.39
kabupaten,17,1771,2,2025,5.11,0.12
kabupaten,17,1771,3,2025,9.28,3.02
kabupaten,17,1771,4,2025,3.33,0.11
kabupaten,17,1771,5,2025,0.56,0.26
kabupaten,17,1771,6,2025,4.04,4.12
kabupaten,17,1771,7,2025,3.59,20.31
kabupaten,17,1771,8,2025,2.49,16.02
kabupaten,17,1771,9,2025,11.96,2.35
kabupaten,17,1771,10,2025,8.67,11.23
kabupaten,17,1771,11,2025,10.27,4.23
kabupaten,17,1771,12,2025,5.43,5.09
kabupaten,17,1771,13,2025,7.79,6.81
kabupaten,17,1771,14,2025,1.12,6.43
kabupaten,17,1771,15,2025,8.12,7.94
kabupaten,17,1771,16,2025,8.48,3.18
kabupaten,17,1771,17,2025,11.2,1.39
kabupaten,18,1804,1,2021,0,47.17
kabupaten,18,1804,2,2021,0,2.25
kabupaten,18,1804,3,2021,0,4.91
kabupaten,18,1804,4,2021,0,0.02
kabupaten,18,1804,5,2021,0,0.11
kabupaten,18,1804,6,2021,0,4.44
kabupaten,18,1804,7,2021,0,13.17
kabupaten,18,1804,8,2021,0,2.6
kabupaten,18,1804,9,2021,0,1.11
kabupaten,18,1804,10,2021,0,4.08
kabupaten,18,1804,11,2021,0,1.81
kabupaten,18,1804,12,2021,0,4.6
kabupaten,18,1804,13,2021,0,0.17
kabupaten,18,1804,14,2021,0,6.27
kabupaten,18,1804,15,2021,0,4.29
kabupaten,18,1804,16,2021,0,1.54
kabupaten,18,1804,17,2021,0,1.46
kabupaten,18,1804,1,2022,0.6,45.6
kabupaten,18,1804,2,2022,2.92,2.23
kabupaten,18,1804,3,2022,0.77,4.75
kabupaten,18,1804,4,2022,3.23,0.02
kabupaten,18,1804,5,2022,-2.98,0.11
kabupaten,18,1804,6,2022,6.34,4.53
kabupaten,18,1804,7,2022,14.34,14.47
kabupaten,18,1804,8,2022,21.64,3.04
kabupaten,18,1804,9,2022,10.83,1.18
kabupaten,18,1804,10,2022,5.33,4.13
kabupaten,18,1804,11,2022,-2.54,1.69
kabupaten,18,1804,12,2022,2.53,4.54
kabupaten,18,1804,13,2022,3.3,0.17
kabupaten,18,1804,14,2022,-1.03,5.96
kabupaten,18,1804,15,2022,3.66,4.27
kabupaten,18,1804,16,2022,0.17,1.49
kabupaten,18,1804,17,2022,29.88,1.82
kabupaten,18,1804,1,2023,0.2,43.65
kabupaten,18,1804,2,2023,9.14,2.32
kabupaten,18,1804,3,2023,2.77,4.67
kabupaten,18,1804,4,2023,7.29,0.02
kabupaten,18,1804,5,2023,-0.9,0.1
kabupaten,18,1804,6,2023,8.49,4.7
kabupaten,18,1804,7,2023,10.33,15.25
kabupaten,18,1804,8,2023,18.5,3.44
kabupaten,18,1804,9,2023,12.02,1.27
kabupaten,18,1804,10,2023,8.18,4.27
kabupaten,18,1804,11,2023,4.04,1.68
kabupaten,18,1804,12,2023,0.88,4.37
kabupaten,18,1804,13,2023,1.43,0.17
kabupaten,18,1804,14,2023,13.17,6.45
kabupaten,18,1804,15,2023,2.39,4.18
kabupaten,18,1804,16,2023,2.24,1.45
kabupaten,18,1804,17,2023,16.33,2.02
kabupaten,18,1804,1,2024,0.14,41.89
kabupaten,18,1804,2,2024,9.56,2.44
kabupaten,18,1804,3,2024,11.88,5
kabupaten,18,1804,4,2024,6.8,0.02
kabupaten,18,1804,5,2024,-2,0.09
kabupaten,18,1804,6,2024,7.28,4.83
kabupaten,18,1804,7,2024,7.6,15.72
kabupaten,18,1804,8,2024,10.31,3.64
kabupaten,18,1804,9,2024,7.37,1.3
kabupaten,18,1804,10,2024,10.25,4.51
kabupaten,18,1804,11,2024,6.16,1.71
kabupaten,18,1804,12,2024,6.61,4.47
kabupaten,18,1804,13,2024,8.59,0.17
kabupaten,18,1804,14,2024,5.4,6.51
kabupaten,18,1804,15,2024,1.33,4.06
kabupaten,18,1804,16,2024,9.76,1.53
kabupaten,18,1804,17,2024,9.14,2.11
kabupaten,18,1804,1,2025,5.24,41.8
kabupaten,18,1804,2,2025,-2.93,2.24
kabupaten,18,1804,3,2025,11.85,5.31
kabupaten,18,1804,4,2025,5.45,0.02
kabupaten,18,1804,5,2025,-5.2,0.08
kabupaten,18,1804,6,2025,11.57,5.11
kabupaten,18,1804,7,2025,5.27,15.69
kabupaten,18,1804,8,2025,8.63,3.75
kabupaten,18,1804,9,2025,10.13,1.36
kabupaten,18,1804,10,2025,4.83,4.48
kabupaten,18,1804,11,2025,5.25,1.71
kabupaten,18,1804,12,2025,3.56,4.39
kabupaten,18,1804,13,2025,3.1,0.17
kabupaten,18,1804,14,2025,2.27,6.31
kabupaten,18,1804,15,2025,1.59,3.91
kabupaten,18,1804,16,2025,4.11,1.51
kabupaten,18,1804,17,2025,7.67,2.16
kabupaten,18,1801,1,2021,0,27.99
kabupaten,18,1801,2,2021,0,1.54
kabupaten,18,1801,3,2021,0,23.42
kabupaten,18,1801,4,2021,0,0.14
kabupaten,18,1801,5,2021,0,0.13
kabupaten,18,1801,6,2021,0,13.05
kabupaten,18,1801,7,2021,0,13.39
kabupaten,18,1801,8,2021,0,5.03
kabupaten,18,1801,9,2021,0,1.28
kabupaten,18,1801,10,2021,0,4.09
kabupaten,18,1801,11,2021,0,1.76
kabupaten,18,1801,12,2021,0,2.31
kabupaten,18,1801,13,2021,0,0.08
kabupaten,18,1801,14,2021,0,2.16
kabupaten,18,1801,15,2021,0,2.44
kabupaten,18,1801,16,2021,0,0.64
kabupaten,18,1801,17,2021,0,0.55
kabupaten,18,1801,1,2022,2.57,27.39
kabupaten,18,1801,2,2022,2.11,1.5
kabupaten,18,1801,3,2022,2.34,22.86
kabupaten,18,1801,4,2022,4.81,0.14
kabupaten,18,1801,5,2022,5.27,0.13
kabupaten,18,1801,6,2022,7.29,13.36
kabupaten,18,1801,7,2022,11.12,14.19
kabupaten,18,1801,8,2022,13.24,5.44
kabupaten,18,1801,9,2022,10.73,1.35
kabupaten,18,1801,10,2022,0.91,3.94
kabupaten,18,1801,11,2022,-1.77,1.65
kabupaten,18,1801,12,2022,2.29,2.26
kabupaten,18,1801,13,2022,14.84,0.09
kabupaten,18,1801,14,2022,-0.77,2.04
kabupaten,18,1801,15,2022,2.51,2.38
kabupaten,18,1801,16,2022,-0.1,0.61
kabupaten,18,1801,17,2022,25.19,0.66
kabupaten,18,1801,1,2023,0.08,26.15
kabupaten,18,1801,2,2023,1.94,1.46
kabupaten,18,1801,3,2023,2.42,22.34
kabupaten,18,1801,4,2023,2.91,0.14
kabupaten,18,1801,5,2023,4.48,0.13
kabupaten,18,1801,6,2023,8.26,13.8
kabupaten,18,1801,7,2023,13.37,15.35
kabupaten,18,1801,8,2023,11.27,5.77
kabupaten,18,1801,9,2023,11.55,1.44
kabupaten,18,1801,10,2023,4.5,3.93
kabupaten,18,1801,11,2023,0.7,1.58
kabupaten,18,1801,12,2023,1.47,2.19
kabupaten,18,1801,13,2023,1.81,0.09
kabupaten,18,1801,14,2023,1.48,1.98
kabupaten,18,1801,15,2023,2.54,2.33
kabupaten,18,1801,16,2023,3.7,0.61
kabupaten,18,1801,17,2023,15.32,0.73
kabupaten,18,1801,1,2024,-1.93,24.51
kabupaten,18,1801,2,2024,3.85,1.45
kabupaten,18,1801,3,2024,6.04,22.64
kabupaten,18,1801,4,2024,2.22,0.14
kabupaten,18,1801,5,2024,-0.85,0.12
kabupaten,18,1801,6,2024,5.41,13.9
kabupaten,18,1801,7,2024,9.94,16.13
kabupaten,18,1801,8,2024,9.81,6.06
kabupaten,18,1801,9,2024,5,1.45
kabupaten,18,1801,10,2024,7.19,4.02
kabupaten,18,1801,11,2024,6.24,1.61
kabupaten,18,1801,12,2024,6.47,2.23
kabupaten,18,1801,13,2024,9.22,0.09
kabupaten,18,1801,14,2024,7.13,2.03
kabupaten,18,1801,15,2024,1.14,2.25
kabupaten,18,1801,16,2024,6.08,0.62
kabupaten,18,1801,17,2024,9.86,0.76
kabupaten,18,1801,1,2025,6.3,24.65
kabupaten,18,1801,2,2025,1.63,1.39
kabupaten,18,1801,3,2025,6.37,22.78
kabupaten,18,1801,4,2025,4.83,0.14
kabupaten,18,1801,5,2025,1.86,0.11
kabupaten,18,1801,6,2025,4.73,13.77
kabupaten,18,1801,7,2025,5.89,16.16
kabupaten,18,1801,8,2025,7.94,6.18
kabupaten,18,1801,9,2025,9.39,1.5
kabupaten,18,1801,10,2025,4.08,3.96
kabupaten,18,1801,11,2025,5.22,1.6
kabupaten,18,1801,12,2025,4.14,2.19
kabupaten,18,1801,13,2025,5.22,0.09
kabupaten,18,1801,14,2025,0.25,1.92
kabupaten,18,1801,15,2025,2.26,2.18
kabupaten,18,1801,16,2025,-0.04,0.58
kabupaten,18,1801,17,2025,9.03,0.79
kabupaten,18,1807,1,2021,0,33.9
kabupaten,18,1807,2,2021,0,23.48
kabupaten,18,1807,3,2021,0,8.3
kabupaten,18,1807,4,2021,0,0.52
kabupaten,18,1807,5,2021,0,0.06
kabupaten,18,1807,6,2021,0,6.05
kabupaten,18,1807,7,2021,0,9.26
kabupaten,18,1807,8,2021,0,1.95
kabupaten,18,1807,9,2021,0,0.99
kabupaten,18,1807,10,2021,0,4.75
kabupaten,18,1807,11,2021,0,1.3
kabupaten,18,1807,12,2021,0,2.2
kabupaten,18,1807,13,2021,0,0.07
kabupaten,18,1807,14,2021,0,2.84
kabupaten,18,1807,15,2021,0,2.67
kabupaten,18,1807,16,2021,0,0.76
kabupaten,18,1807,17,2021,0,0.9
kabupaten,18,1807,1,2022,1.41,33.7
kabupaten,18,1807,2,2022,-8.43,21.07
kabupaten,18,1807,3,2022,2.17,8.31
kabupaten,18,1807,4,2022,11.1,0.56
kabupaten,18,1807,5,2022,4.76,0.06
kabupaten,18,1807,6,2022,7.72,6.38
kabupaten,18,1807,7,2022,19.24,10.82
kabupaten,18,1807,8,2022,24.19,2.37
kabupaten,18,1807,9,2022,13.62,1.1
kabupaten,18,1807,10,2022,1.17,4.71
kabupaten,18,1807,11,2022,-3.5,1.23
kabupaten,18,1807,12,2022,3.06,2.22
kabupaten,18,1807,13,2022,15.63,0.08
kabupaten,18,1807,14,2022,-0.49,2.77
kabupaten,18,1807,15,2022,2.42,2.68
kabupaten,18,1807,16,2022,-0.64,0.74
kabupaten,18,1807,17,2022,32.63,1.17
kabupaten,18,1807,1,2023,0.03,32.56
kabupaten,18,1807,2,2023,-0.56,20.25
kabupaten,18,1807,3,2023,2.06,8.2
kabupaten,18,1807,4,2023,-0.99,0.54
kabupaten,18,1807,5,2023,0.17,0.06
kabupaten,18,1807,6,2023,9.4,6.75
kabupaten,18,1807,7,2023,13.95,11.91
kabupaten,18,1807,8,2023,18.01,2.7
kabupaten,18,1807,9,2023,14.61,1.22
kabupaten,18,1807,10,2023,7.32,4.88
kabupaten,18,1807,11,2023,3.73,1.24
kabupaten,18,1807,12,2023,0.92,2.17
kabupaten,18,1807,13,2023,4.84,0.08
kabupaten,18,1807,14,2023,2.75,2.75
kabupaten,18,1807,15,2023,2.33,2.65
kabupaten,18,1807,16,2023,3.12,0.74
kabupaten,18,1807,17,2023,15.11,1.31
kabupaten,18,1807,1,2024,-0.82,30.87
kabupaten,18,1807,2,2024,3.78,20.08
kabupaten,18,1807,3,2024,12.73,8.83
kabupaten,18,1807,4,2024,-22.65,0.4
kabupaten,18,1807,5,2024,0.17,0.06
kabupaten,18,1807,6,2024,3.7,6.69
kabupaten,18,1807,7,2024,11.49,12.7
kabupaten,18,1807,8,2024,12.31,2.9
kabupaten,18,1807,9,2024,7.11,1.25
kabupaten,18,1807,10,2024,9,5.08
kabupaten,18,1807,11,2024,7.5,1.27
kabupaten,18,1807,12,2024,8.42,2.25
kabupaten,18,1807,13,2024,9.07,0.09
kabupaten,18,1807,14,2024,6.99,2.81
kabupaten,18,1807,15,2024,1.62,2.58
kabupaten,18,1807,16,2024,7.58,0.76
kabupaten,18,1807,17,2024,11.53,1.39
kabupaten,18,1807,1,2025,7.85,31.81
kabupaten,18,1807,2,2025,-6.13,18.01
kabupaten,18,1807,3,2025,7.25,9.05
kabupaten,18,1807,4,2025,-21.63,0.3
kabupaten,18,1807,5,2025,5.35,0.06
kabupaten,18,1807,6,2025,9.09,6.97
kabupaten,18,1807,7,2025,9.16,13.24
kabupaten,18,1807,8,2025,13.82,3.15
kabupaten,18,1807,9,2025,12.53,1.34
kabupaten,18,1807,10,2025,3.54,5.03
kabupaten,18,1807,11,2025,5.57,1.28
kabupaten,18,1807,12,2025,3.95,2.23
kabupaten,18,1807,13,2025,4.27,0.09
kabupaten,18,1807,14,2025,0.75,2.7
kabupaten,18,1807,15,2025,2.83,2.53
kabupaten,18,1807,16,2025,1.04,0.74
kabupaten,18,1807,17,2025,9.45,1.46
kabupaten,18,1803,1,2021,0,34.46
kabupaten,18,1803,2,2021,0,3.34
kabupaten,18,1803,3,2021,0,13.57
kabupaten,18,1803,4,2021,0,0.09
kabupaten,18,1803,5,2021,0,0.06
kabupaten,18,1803,6,2021,0,8.7
kabupaten,18,1803,7,2021,0,13.14
kabupaten,18,1803,8,2021,0,5.54
kabupaten,18,1803,9,2021,0,1.14
kabupaten,18,1803,10,2021,0,6.22
kabupaten,18,1803,11,2021,0,1.84
kabupaten,18,1803,12,2021,0,2.71
kabupaten,18,1803,13,2021,0,0.1
kabupaten,18,1803,14,2021,0,3.49
kabupaten,18,1803,15,2021,0,3.83
kabupaten,18,1803,16,2021,0,1.05
kabupaten,18,1803,17,2021,0,0.72
kabupaten,18,1803,1,2022,1.35,33.86
kabupaten,18,1803,2,2022,-0.18,3.23
kabupaten,18,1803,3,2022,4.67,13.77
kabupaten,18,1803,4,2022,0,0.09
kabupaten,18,1803,5,2022,0,0.06
kabupaten,18,1803,6,2022,1.31,8.54
kabupaten,18,1803,7,2022,5.73,13.47
kabupaten,18,1803,8,2022,9.71,5.89
kabupaten,18,1803,9,2022,2.11,1.12
kabupaten,18,1803,10,2022,6.15,6.4
kabupaten,18,1803,11,2022,-1.95,1.75
kabupaten,18,1803,12,2022,0.44,2.64
kabupaten,18,1803,13,2022,6.25,0.1
kabupaten,18,1803,14,2022,-0.34,3.37
kabupaten,18,1803,15,2022,3.13,3.82
kabupaten,18,1803,16,2022,-0.57,1.01
kabupaten,18,1803,17,2022,22.31,0.86
kabupaten,18,1803,1,2023,0.15,32.53
kabupaten,18,1803,2,2023,4.3,3.24
kabupaten,18,1803,3,2023,0.76,13.31
kabupaten,18,1803,4,2023,6.67,0.09
kabupaten,18,1803,5,2023,0,0.06
kabupaten,18,1803,6,2023,6.78,8.75
kabupaten,18,1803,7,2023,6.84,13.81
kabupaten,18,1803,8,2023,17.8,6.66
kabupaten,18,1803,9,2023,12.37,1.21
kabupaten,18,1803,10,2023,9.59,6.73
kabupaten,18,1803,11,2023,4.3,1.75
kabupaten,18,1803,12,2023,1.1,2.56
kabupaten,18,1803,13,2023,5.88,0.1
kabupaten,18,1803,14,2023,4.47,3.38
kabupaten,18,1803,15,2023,4.7,3.84
kabupaten,18,1803,16,2023,6.29,1.03
kabupaten,18,1803,17,2023,14.86,0.95
kabupaten,18,1803,1,2024,-5.28,29.61
kabupaten,18,1803,2,2024,3.26,3.21
kabupaten,18,1803,3,2024,8.35,13.86
kabupaten,18,1803,4,2024,6.25,0.09
kabupaten,18,1803,5,2024,0,0.05
kabupaten,18,1803,6,2024,11.37,9.36
kabupaten,18,1803,7,2024,5.56,14
kabupaten,18,1803,8,2024,19.37,7.64
kabupaten,18,1803,9,2024,5.96,1.23
kabupaten,18,1803,10,2024,9.91,7.11
kabupaten,18,1803,11,2024,2.86,1.73
kabupaten,18,1803,12,2024,5.43,2.59
kabupaten,18,1803,13,2024,5.56,0.1
kabupaten,18,1803,14,2024,9.21,3.55
kabupaten,18,1803,15,2024,2.89,3.8
kabupaten,18,1803,16,2024,8.06,1.07
kabupaten,18,1803,17,2024,9.41,0.99
kabupaten,18,1803,1,2025,4.62,29.47
kabupaten,18,1803,2,2025,4.33,3.19
kabupaten,18,1803,3,2025,6.67,14.06
kabupaten,18,1803,4,2025,5.88,0.09
kabupaten,18,1803,5,2025,0,0.05
kabupaten,18,1803,6,2025,4.05,9.27
kabupaten,18,1803,7,2025,4.46,13.92
kabupaten,18,1803,8,2025,8.6,7.89
kabupaten,18,1803,9,2025,12.99,1.33
kabupaten,18,1803,10,2025,5.79,7.15
kabupaten,18,1803,11,2025,4.32,1.72
kabupaten,18,1803,12,2025,3.09,2.54
kabupaten,18,1803,13,2025,5.26,0.1
kabupaten,18,1803,14,2025,2.26,3.45
kabupaten,18,1803,15,2025,3.8,3.75
kabupaten,18,1803,16,2025,1.49,1.04
kabupaten,18,1803,17,2025,4.3,0.99
kabupaten,18,1811,1,2021,0,41.38
kabupaten,18,1811,2,2021,0,0.57
kabupaten,18,1811,3,2021,0,23.93
kabupaten,18,1811,4,2021,0,0.14
kabupaten,18,1811,5,2021,0,0.03
kabupaten,18,1811,6,2021,0,8.33
kabupaten,18,1811,7,2021,0,11.97
kabupaten,18,1811,8,2021,0,1.74
kabupaten,18,1811,9,2021,0,0.87
kabupaten,18,1811,10,2021,0,2.75
kabupaten,18,1811,11,2021,0,0.35
kabupaten,18,1811,12,2021,0,2.38
kabupaten,18,1811,13,2021,0,0.02
kabupaten,18,1811,14,2021,0,2.56
kabupaten,18,1811,15,2021,0,2.1
kabupaten,18,1811,16,2021,0,0.5
kabupaten,18,1811,17,2021,0,0.38
kabupaten,18,1811,1,2022,0.36,40.12
kabupaten,18,1811,2,2022,2.26,0.57
kabupaten,18,1811,3,2022,0.89,23.33
kabupaten,18,1811,4,2022,4.77,0.15
kabupaten,18,1811,5,2022,3.41,0.03
kabupaten,18,1811,6,2022,4.03,8.38
kabupaten,18,1811,7,2022,16.53,13.48
kabupaten,18,1811,8,2022,23.13,2.08
kabupaten,18,1811,9,2022,14.27,0.96
kabupaten,18,1811,10,2022,0.49,2.67
kabupaten,18,1811,11,2022,-2.57,0.33
kabupaten,18,1811,12,2022,3.4,2.38
kabupaten,18,1811,13,2022,12.82,0.02
kabupaten,18,1811,14,2022,0.77,2.49
kabupaten,18,1811,15,2022,2.74,2.09
kabupaten,18,1811,16,2022,-0.62,0.48
kabupaten,18,1811,17,2022,27.62,0.47
kabupaten,18,1811,1,2023,0.01,38.56
kabupaten,18,1811,2,2023,7.22,0.58
kabupaten,18,1811,3,2023,3.12,23.12
kabupaten,18,1811,4,2023,6.6,0.15
kabupaten,18,1811,5,2023,2.83,0.03
kabupaten,18,1811,6,2023,8.63,8.75
kabupaten,18,1811,7,2023,11.87,14.49
kabupaten,18,1811,8,2023,18.26,2.36
kabupaten,18,1811,9,2023,14.3,1.05
kabupaten,18,1811,10,2023,7.89,2.76
kabupaten,18,1811,11,2023,3.85,0.32
kabupaten,18,1811,12,2023,1.56,2.33
kabupaten,18,1811,13,2023,5.3,0.02
kabupaten,18,1811,14,2023,0.8,2.41
kabupaten,18,1811,15,2023,2.94,2.07
kabupaten,18,1811,16,2023,4.18,0.48
kabupaten,18,1811,17,2023,15.58,0.52
kabupaten,18,1811,1,2024,-2.08,36.11
kabupaten,18,1811,2,2024,3.4,0.58
kabupaten,18,1811,3,2024,11.8,24.71
kabupaten,18,1811,4,2024,5.06,0.15
kabupaten,18,1811,5,2024,-1.83,0.03
kabupaten,18,1811,6,2024,4.98,8.78
kabupaten,18,1811,7,2024,8.46,15.03
kabupaten,18,1811,8,2024,10.57,2.49
kabupaten,18,1811,9,2024,5.46,1.06
kabupaten,18,1811,10,2024,8.59,2.87
kabupaten,18,1811,11,2024,4.67,0.32
kabupaten,18,1811,12,2024,6.35,2.36
kabupaten,18,1811,13,2024,10.07,0.02
kabupaten,18,1811,14,2024,6.18,2.45
kabupaten,18,1811,15,2024,1.51,2.01
kabupaten,18,1811,16,2024,6.05,0.49
kabupaten,18,1811,17,2024,8.96,0.54
kabupaten,18,1811,1,2025,4.03,35.68
kabupaten,18,1811,2,2025,-1.34,0.54
kabupaten,18,1811,3,2025,7.47,25.23
kabupaten,18,1811,4,2025,6.39,0.15
kabupaten,18,1811,5,2025,-3.27,0.02
kabupaten,18,1811,6,2025,5.45,8.79
kabupaten,18,1811,7,2025,5.94,15.12
kabupaten,18,1811,8,2025,6.15,2.52
kabupaten,18,1811,9,2025,7.06,1.08
kabupaten,18,1811,10,2025,5.51,2.88
kabupaten,18,1811,11,2025,5.31,0.32
kabupaten,18,1811,12,2025,3.72,2.33
kabupaten,18,1811,13,2025,5.88,0.02
kabupaten,18,1811,14,2025,2.15,2.37
kabupaten,18,1811,15,2025,1.51,1.93
kabupaten,18,1811,16,2025,1.36,0.47
kabupaten,18,1811,17,2025,5.05,0.54
kabupaten,18,1809,1,2021,0,40.5
kabupaten,18,1809,2,2021,0,1.15
kabupaten,18,1809,3,2021,0,14.11
kabupaten,18,1809,4,2021,0,0.06
kabupaten,18,1809,5,2021,0,0.07
kabupaten,18,1809,6,2021,0,10.64
kabupaten,18,1809,7,2021,0,14.7
kabupaten,18,1809,8,2021,0,2.7
kabupaten,18,1809,9,2021,0,1.2
kabupaten,18,1809,10,2021,0,3.96
kabupaten,18,1809,11,2021,0,0.43
kabupaten,18,1809,12,2021,0,2.17
kabupaten,18,1809,13,2021,0,0.06
kabupaten,18,1809,14,2021,0,3.41
kabupaten,18,1809,15,2021,0,3.41
kabupaten,18,1809,16,2021,0,0.71
kabupaten,18,1809,17,2021,0,0.71
kabupaten,18,1809,1,2022,1.63,39.38
kabupaten,18,1809,2,2022,-2.84,1.07
kabupaten,18,1809,3,2022,2.3,13.81
kabupaten,18,1809,4,2022,6.18,0.07
kabupaten,18,1809,5,2022,1.2,0.06
kabupaten,18,1809,6,2022,6.86,10.88
kabupaten,18,1809,7,2022,10.64,15.56
kabupaten,18,1809,8,2022,19.13,3.08
kabupaten,18,1809,9,2022,14.82,1.32
kabupaten,18,1809,10,2022,5.14,3.98
kabupaten,18,1809,11,2022,-7.06,0.38
kabupaten,18,1809,12,2022,7.59,2.24
kabupaten,18,1809,13,2022,14.31,0.06
kabupaten,18,1809,14,2022,-1.61,3.21
kabupaten,18,1809,15,2022,2.47,3.34
kabupaten,18,1809,16,2022,0.01,0.68
kabupaten,18,1809,17,2022,28.54,0.88
kabupaten,18,1809,1,2023,2.19,38.52
kabupaten,18,1809,2,2023,4.38,1.07
kabupaten,18,1809,3,2023,0.54,13.29
kabupaten,18,1809,4,2023,5.95,0.07
kabupaten,18,1809,5,2023,1.58,0.06
kabupaten,18,1809,6,2023,6.95,11.13
kabupaten,18,1809,7,2023,9.03,16.23
kabupaten,18,1809,8,2023,17.46,3.46
kabupaten,18,1809,9,2023,13.56,1.44
kabupaten,18,1809,10,2023,7.96,4.11
kabupaten,18,1809,11,2023,2.48,0.37
kabupaten,18,1809,12,2023,1.3,2.17
kabupaten,18,1809,13,2023,5.52,0.06
kabupaten,18,1809,14,2023,0.25,3.08
kabupaten,18,1809,15,2023,2.54,3.28
kabupaten,18,1809,16,2023,3.03,0.67
kabupaten,18,1809,17,2023,16.39,0.98
kabupaten,18,1809,1,2024,-2.43,36.17
kabupaten,18,1809,2,2024,4.58,1.07
kabupaten,18,1809,3,2024,6.14,13.58
kabupaten,18,1809,4,2024,5.26,0.07
kabupaten,18,1809,5,2024,0.13,0.06
kabupaten,18,1809,6,2024,8.1,11.58
kabupaten,18,1809,7,2024,9.43,17.1
kabupaten,18,1809,8,2024,11.01,3.7
kabupaten,18,1809,9,2024,9.8,1.52
kabupaten,18,1809,10,2024,9.56,4.34
kabupaten,18,1809,11,2024,4.99,0.38
kabupaten,18,1809,12,2024,7.2,2.24
kabupaten,18,1809,13,2024,9.44,0.07
kabupaten,18,1809,14,2024,5.91,3.14
kabupaten,18,1809,15,2024,2.22,3.23
kabupaten,18,1809,16,2024,10.25,0.71
kabupaten,18,1809,17,2024,11.12,1.04
kabupaten,18,1809,1,2025,3.96,35.68
kabupaten,18,1809,2,2025,-1.64,1
kabupaten,18,1809,3,2025,8.2,13.94
kabupaten,18,1809,4,2025,5.11,0.07
kabupaten,18,1809,5,2025,3.5,0.06
kabupaten,18,1809,6,2025,5.75,11.62
kabupaten,18,1809,7,2025,6.8,17.33
kabupaten,18,1809,8,2025,8.6,3.81
kabupaten,18,1809,9,2025,7.07,1.54
kabupaten,18,1809,10,2025,4.63,4.31
kabupaten,18,1809,11,2025,5,0.37
kabupaten,18,1809,12,2025,3.48,2.2
kabupaten,18,1809,13,2025,3.15,0.06
kabupaten,18,1809,14,2025,3.64,3.09
kabupaten,18,1809,15,2025,3.08,3.16
kabupaten,18,1809,16,2025,1.52,0.69
kabupaten,18,1809,17,2025,6.82,1.06
kabupaten,18,1813,1,2021,0,47.74
kabupaten,18,1813,2,2021,0,5.16
kabupaten,18,1813,3,2021,0,4.18
kabupaten,18,1813,4,2021,0,0.02
kabupaten,18,1813,5,2021,0,0.05
kabupaten,18,1813,6,2021,0,7.78
kabupaten,18,1813,7,2021,0,12.96
kabupaten,18,1813,8,2021,0,1.03
kabupaten,18,1813,9,2021,0,1.74
kabupaten,18,1813,10,2021,0,2.74
kabupaten,18,1813,11,2021,0,1.43
kabupaten,18,1813,12,2021,0,3.88
kabupaten,18,1813,13,2021,0,0.14
kabupaten,18,1813,14,2021,0,4.97
kabupaten,18,1813,15,2021,0,3.86
kabupaten,18,1813,16,2021,0,1.29
kabupaten,18,1813,17,2021,0,1.02
kabupaten,18,1813,1,2022,-3.61,44.76
kabupaten,18,1813,2,2022,5.71,5.3
kabupaten,18,1813,3,2022,-0.84,4.03
kabupaten,18,1813,4,2022,3.17,0.02
kabupaten,18,1813,5,2022,1.88,0.05
kabupaten,18,1813,6,2022,7.06,8.1
kabupaten,18,1813,7,2022,16.13,14.64
kabupaten,18,1813,8,2022,23.3,1.24
kabupaten,18,1813,9,2022,15.66,1.96
kabupaten,18,1813,10,2022,3.82,2.76
kabupaten,18,1813,11,2022,-3.26,1.35
kabupaten,18,1813,12,2022,6.68,4.03
kabupaten,18,1813,13,2022,4.22,0.14
kabupaten,18,1813,14,2022,6.55,5.15
kabupaten,18,1813,15,2022,4.66,3.93
kabupaten,18,1813,16,2022,2.22,1.28
kabupaten,18,1813,17,2022,26.86,1.26
kabupaten,18,1813,1,2023,-2.6,42.15
kabupaten,18,1813,2,2023,11.57,5.72
kabupaten,18,1813,3,2023,-1.15,3.85
kabupaten,18,1813,4,2023,10.77,0.02
kabupaten,18,1813,5,2023,3.68,0.05
kabupaten,18,1813,6,2023,8.93,8.53
kabupaten,18,1813,7,2023,11.63,15.8
kabupaten,18,1813,8,2023,17.39,1.41
kabupaten,18,1813,9,2023,12.51,2.13
kabupaten,18,1813,10,2023,6.61,2.85
kabupaten,18,1813,11,2023,2.03,1.33
kabupaten,18,1813,12,2023,1.12,3.94
kabupaten,18,1813,13,2023,2.02,0.14
kabupaten,18,1813,14,2023,8.44,5.4
kabupaten,18,1813,15,2023,0.55,3.82
kabupaten,18,1813,16,2023,5.78,1.31
kabupaten,18,1813,17,2023,27.02,1.54
kabupaten,18,1813,1,2024,-2.1,40.21
kabupaten,18,1813,2,2024,9.61,6.11
kabupaten,18,1813,3,2024,-5.96,3.53
kabupaten,18,1813,4,2024,5.56,0.02
kabupaten,18,1813,5,2024,-0.59,0.05
kabupaten,18,1813,6,2024,2.56,8.53
kabupaten,18,1813,7,2024,8.78,16.75
kabupaten,18,1813,8,2024,10.62,1.52
kabupaten,18,1813,9,2024,6.6,2.21
kabupaten,18,1813,10,2024,8.25,3
kabupaten,18,1813,11,2024,4.97,1.36
kabupaten,18,1813,12,2024,6.75,4.1
kabupaten,18,1813,13,2024,8.81,0.14
kabupaten,18,1813,14,2024,5.67,5.56
kabupaten,18,1813,15,2024,1.68,3.79
kabupaten,18,1813,16,2024,6.77,1.37
kabupaten,18,1813,17,2024,16.2,1.75
kabupaten,18,1813,1,2025,3.92,39.96
kabupaten,18,1813,2,2025,2.24,5.97
kabupaten,18,1813,3,2025,1.72,3.43
kabupaten,18,1813,4,2025,5.26,0.02
kabupaten,18,1813,5,2025,2.38,0.05
kabupaten,18,1813,6,2025,7.29,8.75
kabupaten,18,1813,7,2025,6.12,17
kabupaten,18,1813,8,2025,8.42,1.57
kabupaten,18,1813,9,2025,8.12,2.29
kabupaten,18,1813,10,2025,5.39,3.03
kabupaten,18,1813,11,2025,5.25,1.37
kabupaten,18,1813,12,2025,3.89,4.07
kabupaten,18,1813,13,2025,3.85,0.14
kabupaten,18,1813,14,2025,3.95,5.53
kabupaten,18,1813,15,2025,1.28,3.67
kabupaten,18,1813,16,2025,1.56,1.33
kabupaten,18,1813,17,2025,8.64,1.82
kabupaten,18,1810,1,2021,0,23.11
kabupaten,18,1810,2,2021,0,0.1
kabupaten,18,1810,3,2021,0,14.61
kabupaten,18,1810,4,2021,0,0.08
kabupaten,18,1810,5,2021,0,0.06
kabupaten,18,1810,6,2021,0,12.7
kabupaten,18,1810,7,2021,0,15.41
kabupaten,18,1810,8,2021,0,4.49
kabupaten,18,1810,9,2021,0,2.26
kabupaten,18,1810,10,2021,0,6.8
kabupaten,18,1810,11,2021,0,3.98
kabupaten,18,1810,12,2021,0,4.02
kabupaten,18,1810,13,2021,0,0.22
kabupaten,18,1810,14,2021,0,3.94
kabupaten,18,1810,15,2021,0,5.5
kabupaten,18,1810,16,2021,0,1.64
kabupaten,18,1810,17,2021,0,1.09
kabupaten,18,1810,1,2022,2.05,22.6
kabupaten,18,1810,2,2022,1.6,0.09
kabupaten,18,1810,3,2022,0.39,14.05
kabupaten,18,1810,4,2022,4.72,0.08
kabupaten,18,1810,5,2022,4.04,0.06
kabupaten,18,1810,6,2022,3.68,12.61
kabupaten,18,1810,7,2022,13.17,16.71
kabupaten,18,1810,8,2022,15.53,4.97
kabupaten,18,1810,9,2022,10.98,2.41
kabupaten,18,1810,10,2022,0.44,6.55
kabupaten,18,1810,11,2022,-3.56,3.68
kabupaten,18,1810,12,2022,3.14,3.97
kabupaten,18,1810,13,2022,16.47,0.24
kabupaten,18,1810,14,2022,-1.13,3.73
kabupaten,18,1810,15,2022,2.45,5.4
kabupaten,18,1810,16,2022,-1.13,1.55
kabupaten,18,1810,17,2022,24.62,1.3
kabupaten,18,1810,1,2023,0.09,21.59
kabupaten,18,1810,2,2023,4.2,0.09
kabupaten,18,1810,3,2023,1.31,13.58
kabupaten,18,1810,4,2023,6.25,0.08
kabupaten,18,1810,5,2023,1.08,0.05
kabupaten,18,1810,6,2023,7.01,12.88
kabupaten,18,1810,7,2023,9.69,17.49
kabupaten,18,1810,8,2023,16.9,5.54
kabupaten,18,1810,9,2023,13.15,2.6
kabupaten,18,1810,10,2023,6.2,6.64
kabupaten,18,1810,11,2023,2.53,3.6
kabupaten,18,1810,12,2023,0.81,3.82
kabupaten,18,1810,13,2023,4.23,0.24
kabupaten,18,1810,14,2023,0.14,3.57
kabupaten,18,1810,15,2023,2.22,5.26
kabupaten,18,1810,16,2023,3.79,1.54
kabupaten,18,1810,17,2023,14.18,1.42
kabupaten,18,1810,1,2024,0.15,20.67
kabupaten,18,1810,2,2024,7.43,0.09
kabupaten,18,1810,3,2024,5.7,13.73
kabupaten,18,1810,4,2024,2.87,0.08
kabupaten,18,1810,5,2024,1.28,0.05
kabupaten,18,1810,6,2024,2.73,12.65
kabupaten,18,1810,7,2024,7.25,17.94
kabupaten,18,1810,8,2024,9.44,5.8
kabupaten,18,1810,9,2024,5.54,2.62
kabupaten,18,1810,10,2024,7.33,6.81
kabupaten,18,1810,11,2024,4.45,3.59
kabupaten,18,1810,12,2024,6.78,3.9
kabupaten,18,1810,13,2024,9.17,0.25
kabupaten,18,1810,14,2024,6.47,3.63
kabupaten,18,1810,15,2024,1.51,5.11
kabupaten,18,1810,16,2024,6.6,1.57
kabupaten,18,1810,17,2024,9.72,1.49
kabupaten,18,1810,1,2025,6.65,20.91
kabupaten,18,1810,2,2025,3.17,0.09
kabupaten,18,1810,3,2025,7.37,13.98
kabupaten,18,1810,4,2025,5.19,0.08
kabupaten,18,1810,5,2025,1.68,0.05
kabupaten,18,1810,6,2025,4.22,12.51
kabupaten,18,1810,7,2025,5.27,17.91
kabupaten,18,1810,8,2025,8.4,5.96
kabupaten,18,1810,9,2025,7.77,2.68
kabupaten,18,1810,10,2025,4.1,6.72
kabupaten,18,1810,11,2025,5.4,3.59
kabupaten,18,1810,12,2025,2.82,3.8
kabupaten,18,1810,13,2025,3.68,0.25
kabupaten,18,1810,14,2025,2.22,3.52
kabupaten,18,1810,15,2025,0.75,4.88
kabupaten,18,1810,16,2025,4.47,1.55
kabupaten,18,1810,17,2025,6.47,1.5
kabupaten,18,1806,1,2021,0,39.56
kabupaten,18,1806,2,2021,0,6.77
kabupaten,18,1806,3,2021,0,6.51
kabupaten,18,1806,4,2021,0,0.08
kabupaten,18,1806,5,2021,0,0.13
kabupaten,18,1806,6,2021,0,7.47
kabupaten,18,1806,7,2021,0,11.54
kabupaten,18,1806,8,2021,0,5.21
kabupaten,18,1806,9,2021,0,1.65
kabupaten,18,1806,10,2021,0,4.45
kabupaten,18,1806,11,2021,0,1.9
kabupaten,18,1806,12,2021,0,2.97
kabupaten,18,1806,13,2021,0,0.08
kabupaten,18,1806,14,2021,0,4.49
kabupaten,18,1806,15,2021,0,4.43
kabupaten,18,1806,16,2021,0,1.65
kabupaten,18,1806,17,2021,0,1.12
kabupaten,18,1806,1,2022,2.38,38.88
kabupaten,18,1806,2,2022,-4.62,6.2
kabupaten,18,1806,3,2022,0.73,6.29
kabupaten,18,1806,4,2022,6.95,0.08
kabupaten,18,1806,5,2022,0.83,0.13
kabupaten,18,1806,6,2022,3.83,7.45
kabupaten,18,1806,7,2022,11.36,12.34
kabupaten,18,1806,8,2022,21.9,6.1
kabupaten,18,1806,9,2022,14.13,1.8
kabupaten,18,1806,10,2022,0.4,4.29
kabupaten,18,1806,11,2022,-0.2,1.82
kabupaten,18,1806,12,2022,3.77,2.96
kabupaten,18,1806,13,2022,17.8,0.09
kabupaten,18,1806,14,2022,-1.15,4.27
kabupaten,18,1806,15,2022,2.8,4.38
kabupaten,18,1806,16,2022,-0.16,1.58
kabupaten,18,1806,17,2022,26.71,1.36
kabupaten,18,1806,1,2023,0.99,37.5
kabupaten,18,1806,2,2023,3.97,6.16
kabupaten,18,1806,3,2023,0.77,6.06
kabupaten,18,1806,4,2023,1.12,0.08
kabupaten,18,1806,5,2023,2.95,0.13
kabupaten,18,1806,6,2023,8.29,7.71
kabupaten,18,1806,7,2023,10.45,13.02
kabupaten,18,1806,8,2023,15.33,6.72
kabupaten,18,1806,9,2023,16.2,2
kabupaten,18,1806,10,2023,7.47,4.4
kabupaten,18,1806,11,2023,3.82,1.81
kabupaten,18,1806,12,2023,0.57,2.84
kabupaten,18,1806,13,2023,5.57,0.09
kabupaten,18,1806,14,2023,1.41,4.13
kabupaten,18,1806,15,2023,2.04,4.26
kabupaten,18,1806,16,2023,5.13,1.58
kabupaten,18,1806,17,2023,17.65,1.53
kabupaten,18,1806,1,2024,0.23,36.14
kabupaten,18,1806,2,2024,6.67,6.31
kabupaten,18,1806,3,2024,3.15,6.01
kabupaten,18,1806,4,2024,-0.11,0.07
kabupaten,18,1806,5,2024,2.27,0.12
kabupaten,18,1806,6,2024,6.38,7.88
kabupaten,18,1806,7,2024,6.57,13.34
kabupaten,18,1806,8,2024,7.87,6.96
kabupaten,18,1806,9,2024,6.96,2.06
kabupaten,18,1806,10,2024,9.69,4.64
kabupaten,18,1806,11,2024,5.26,1.83
kabupaten,18,1806,12,2024,5.42,2.88
kabupaten,18,1806,13,2024,6.03,0.09
kabupaten,18,1806,14,2024,6,4.21
kabupaten,18,1806,15,2024,3.87,4.26
kabupaten,18,1806,16,2024,6.95,1.63
kabupaten,18,1806,17,2024,6.91,1.57
kabupaten,18,1806,1,2025,3.39,35.63
kabupaten,18,1806,2,2025,-1.03,5.96
kabupaten,18,1806,3,2025,0.3,5.74
kabupaten,18,1806,4,2025,-3.1,0.07
kabupaten,18,1806,5,2025,1.83,0.12
kabupaten,18,1806,6,2025,27.34,9.57
kabupaten,18,1806,7,2025,3.22,13.13
kabupaten,18,1806,8,2025,4.81,6.96
kabupaten,18,1806,9,2025,9.27,2.14
kabupaten,18,1806,10,2025,3.67,4.59
kabupaten,18,1806,11,2025,5.53,1.84
kabupaten,18,1806,12,2025,3.31,2.83
kabupaten,18,1806,13,2025,3.2,0.09
kabupaten,18,1806,14,2025,2.07,4.1
kabupaten,18,1806,15,2025,2.18,4.15
kabupaten,18,1806,16,2025,1.61,1.58
kabupaten,18,1806,17,2025,0.61,1.51
kabupaten,18,1812,1,2021,0,34.16
kabupaten,18,1812,2,2021,0,0.5
kabupaten,18,1812,3,2021,0,28.04
kabupaten,18,1812,4,2021,0,0.05
kabupaten,18,1812,5,2021,0,0.1
kabupaten,18,1812,6,2021,0,9.06
kabupaten,18,1812,7,2021,0,11.71
kabupaten,18,1812,8,2021,0,0.84
kabupaten,18,1812,9,2021,0,0.86
kabupaten,18,1812,10,2021,0,5.64
kabupaten,18,1812,11,2021,0,0.54
kabupaten,18,1812,12,2021,0,2.19
kabupaten,18,1812,13,2021,0,0.07
kabupaten,18,1812,14,2021,0,2.73
kabupaten,18,1812,15,2021,0,2.57
kabupaten,18,1812,16,2021,0,0.5
kabupaten,18,1812,17,2021,0,0.45
kabupaten,18,1812,1,2022,0.97,33.52
kabupaten,18,1812,2,2022,-5.43,0.46
kabupaten,18,1812,3,2022,5.8,28.83
kabupaten,18,1812,4,2022,3.13,0.05
kabupaten,18,1812,5,2022,3.46,0.1
kabupaten,18,1812,6,2022,2.06,8.99
kabupaten,18,1812,7,2022,3.23,11.75
kabupaten,18,1812,8,2022,2.12,0.84
kabupaten,18,1812,9,2022,0.18,0.83
kabupaten,18,1812,10,2022,3.15,5.65
kabupaten,18,1812,11,2022,2.82,0.54
kabupaten,18,1812,12,2022,1.65,2.17
kabupaten,18,1812,13,2022,2.07,0.07
kabupaten,18,1812,14,2022,2.5,2.72
kabupaten,18,1812,15,2022,1.61,2.54
kabupaten,18,1812,16,2022,4.38,0.51
kabupaten,18,1812,17,2022,1.09,0.44
kabupaten,18,1812,1,2023,4.54,33.54
kabupaten,18,1812,2,2023,2.76,0.45
kabupaten,18,1812,3,2023,0.62,27.77
kabupaten,18,1812,4,2023,3.79,0.05
kabupaten,18,1812,5,2023,3.73,0.1
kabupaten,18,1812,6,2023,4.85,9.02
kabupaten,18,1812,7,2023,15.11,12.94
kabupaten,18,1812,8,2023,14.47,0.92
kabupaten,18,1812,9,2023,10.18,0.88
kabupaten,18,1812,10,2023,0.87,5.46
kabupaten,18,1812,11,2023,-3.11,0.5
kabupaten,18,1812,12,2023,4.82,2.17
kabupaten,18,1812,13,2023,10.13,0.07
kabupaten,18,1812,14,2023,1.79,2.65
kabupaten,18,1812,15,2023,4,2.52
kabupaten,18,1812,16,2023,-0.15,0.49
kabupaten,18,1812,17,2023,12.84,0.48
kabupaten,18,1812,1,2024,0.07,32.11
kabupaten,18,1812,2,2024,9.58,0.47
kabupaten,18,1812,3,2024,3.05,27.37
kabupaten,18,1812,4,2024,6.81,0.05
kabupaten,18,1812,5,2024,1.86,0.09
kabupaten,18,1812,6,2024,7.12,9.24
kabupaten,18,1812,7,2024,15.41,14.29
kabupaten,18,1812,8,2024,18.37,1.04
kabupaten,18,1812,9,2024,15.44,0.97
kabupaten,18,1812,10,2024,7.36,5.61
kabupaten,18,1812,11,2024,4.24,0.5
kabupaten,18,1812,12,2024,1.47,2.11
kabupaten,18,1812,13,2024,7.02,0.07
kabupaten,18,1812,14,2024,1.14,2.56
kabupaten,18,1812,15,2024,3.16,2.49
kabupaten,18,1812,16,2024,4.86,0.49
kabupaten,18,1812,17,2024,16.77,0.53
kabupaten,18,1812,1,2025,-2.45,29.96
kabupaten,18,1812,2,2025,6.07,0.48
kabupaten,18,1812,3,2025,6.7,27.94
kabupaten,18,1812,4,2025,9.11,0.05
kabupaten,18,1812,5,2025,-0.73,0.09
kabupaten,18,1812,6,2025,8.18,9.56
kabupaten,18,1812,7,2025,9.54,14.97
kabupaten,18,1812,8,2025,10.44,1.1
kabupaten,18,1812,9,2025,8.59,1.01
kabupaten,18,1812,10,2025,9.92,5.89
kabupaten,18,1812,11,2025,5.82,0.51
kabupaten,18,1812,12,2025,9.71,2.22
kabupaten,18,1812,13,2025,7.5,0.08
kabupaten,18,1812,14,2025,7.86,2.64
kabupaten,18,1812,15,2025,1.9,2.43
kabupaten,18,1812,16,2025,9.14,0.51
kabupaten,18,1812,17,2025,11.9,0.57
kabupaten,18,1805,1,2021,0,36.55
kabupaten,18,1805,2,2021,0,1.07
kabupaten,18,1805,3,2021,0,24.53
kabupaten,18,1805,4,2021,0,0.13
kabupaten,18,1805,5,2021,0,0.05
kabupaten,18,1805,6,2021,0,9.07
kabupaten,18,1805,7,2021,0,10.85
kabupaten,18,1805,8,2021,0,3.69
kabupaten,18,1805,9,2021,0,1.25
kabupaten,18,1805,10,2021,0,4.27
kabupaten,18,1805,11,2021,0,1.22
kabupaten,18,1805,12,2021,0,2.04
kabupaten,18,1805,13,2021,0,0.04
kabupaten,18,1805,14,2021,0,2.63
kabupaten,18,1805,15,2021,0,1.8
kabupaten,18,1805,16,2021,0,0.45
kabupaten,18,1805,17,2021,0,0.36
kabupaten,18,1805,1,2022,0.44,35.34
kabupaten,18,1805,2,2022,2.26,1.05
kabupaten,18,1805,3,2022,4.76,24.74
kabupaten,18,1805,4,2022,3.1,0.13
kabupaten,18,1805,5,2022,2.85,0.05
kabupaten,18,1805,6,2022,5.42,9.2
kabupaten,18,1805,7,2022,9.24,11.41
kabupaten,18,1805,8,2022,10.89,3.94
kabupaten,18,1805,9,2022,7.28,1.29
kabupaten,18,1805,10,2022,6.04,4.36
kabupaten,18,1805,11,2022,-0.72,1.17
kabupaten,18,1805,12,2022,5.19,2.07
kabupaten,18,1805,13,2022,9.25,0.04
kabupaten,18,1805,14,2022,-0.78,2.51
kabupaten,18,1805,15,2022,3.69,1.8
kabupaten,18,1805,16,2022,0.78,0.44
kabupaten,18,1805,17,2022,31.08,0.46
kabupaten,18,1805,1,2023,1.81,34.5
kabupaten,18,1805,2,2023,3.46,1.04
kabupaten,18,1805,3,2023,1.77,24.15
kabupaten,18,1805,4,2023,2.38,0.12
kabupaten,18,1805,5,2023,0.23,0.05
kabupaten,18,1805,6,2023,5.76,9.33
kabupaten,18,1805,7,2023,11.46,12.2
kabupaten,18,1805,8,2023,17.13,4.42
kabupaten,18,1805,9,2023,9.13,1.35
kabupaten,18,1805,10,2023,7.91,4.51
kabupaten,18,1805,11,2023,1.32,1.14
kabupaten,18,1805,12,2023,0.08,1.99
kabupaten,18,1805,13,2023,2.28,0.04
kabupaten,18,1805,14,2023,1.96,2.46
kabupaten,18,1805,15,2023,2.68,1.77
kabupaten,18,1805,16,2023,2.67,0.43
kabupaten,18,1805,17,2023,12.95,0.5
kabupaten,18,1805,1,2024,0.17,33
kabupaten,18,1805,2,2024,2.24,1.02
kabupaten,18,1805,3,2024,6.62,24.58
kabupaten,18,1805,4,2024,0.56,0.12
kabupaten,18,1805,5,2024,-0.12,0.05
kabupaten,18,1805,6,2024,8.39,9.66
kabupaten,18,1805,7,2024,8.04,12.58
kabupaten,18,1805,8,2024,9.16,4.61
kabupaten,18,1805,9,2024,4.59,1.35
kabupaten,18,1805,10,2024,9.79,4.73
kabupaten,18,1805,11,2024,5.11,1.14
kabupaten,18,1805,12,2024,4.03,1.97
kabupaten,18,1805,13,2024,8.54,0.05
kabupaten,18,1805,14,2024,5.74,2.48
kabupaten,18,1805,15,2024,1.21,1.71
kabupaten,18,1805,16,2024,10.57,0.46
kabupaten,18,1805,17,2024,9.66,0.52
kabupaten,18,1805,1,2025,5.42,33.1
kabupaten,18,1805,2,2025,1.77,0.98
kabupaten,18,1805,3,2025,5.42,24.65
kabupaten,18,1805,4,2025,6.48,0.12
kabupaten,18,1805,5,2025,1.96,0.05
kabupaten,18,1805,6,2025,3.36,9.5
kabupaten,18,1805,7,2025,5,12.57
kabupaten,18,1805,8,2025,8.85,4.77
kabupaten,18,1805,9,2025,8.13,1.38
kabupaten,18,1805,10,2025,3.94,4.68
kabupaten,18,1805,11,2025,6.18,1.15
kabupaten,18,1805,12,2025,4.76,1.97
kabupaten,18,1805,13,2025,3.63,0.04
kabupaten,18,1805,14,2025,1.85,2.4
kabupaten,18,1805,15,2025,2.09,1.66
kabupaten,18,1805,16,2025,1.45,0.44
kabupaten,18,1805,17,2025,7.54,0.53
kabupaten,18,1808,1,2021,0,33.52
kabupaten,18,1808,2,2021,0,4.6
kabupaten,18,1808,3,2021,0,21.58
kabupaten,18,1808,4,2021,0,0.12
kabupaten,18,1808,5,2021,0,0.06
kabupaten,18,1808,6,2021,0,9.12
kabupaten,18,1808,7,2021,0,10.58
kabupaten,18,1808,8,2021,0,2.75
kabupaten,18,1808,9,2021,0,0.77
kabupaten,18,1808,10,2021,0,5.21
kabupaten,18,1808,11,2021,0,0.99
kabupaten,18,1808,12,2021,0,2.48
kabupaten,18,1808,13,2021,0,0.05
kabupaten,18,1808,14,2021,0,3.45
kabupaten,18,1808,15,2021,0,3.06
kabupaten,18,1808,16,2021,0,1.14
kabupaten,18,1808,17,2021,0,0.53
kabupaten,18,1808,1,2022,2.79,33
kabupaten,18,1808,2,2022,5.74,4.66
kabupaten,18,1808,3,2022,1.83,21.05
kabupaten,18,1808,4,2022,5.7,0.12
kabupaten,18,1808,5,2022,3.74,0.06
kabupaten,18,1808,6,2022,1.21,8.84
kabupaten,18,1808,7,2022,12.2,11.37
kabupaten,18,1808,8,2022,22.71,3.23
kabupaten,18,1808,9,2022,6.05,0.78
kabupaten,18,1808,10,2022,5.97,5.29
kabupaten,18,1808,11,2022,-1.38,0.93
kabupaten,18,1808,12,2022,0.02,2.38
kabupaten,18,1808,13,2022,0,0.05
kabupaten,18,1808,14,2022,0.08,3.3
kabupaten,18,1808,15,2022,9.89,3.22
kabupaten,18,1808,16,2022,-1.17,1.08
kabupaten,18,1808,17,2022,27.14,0.65
kabupaten,18,1808,1,2023,0.01,31.54
kabupaten,18,1808,2,2023,8.32,4.82
kabupaten,18,1808,3,2023,2.12,20.55
kabupaten,18,1808,4,2023,6.23,0.12
kabupaten,18,1808,5,2023,0.69,0.06
kabupaten,18,1808,6,2023,8.71,9.19
kabupaten,18,1808,7,2023,13.38,12.32
kabupaten,18,1808,8,2023,19.24,3.68
kabupaten,18,1808,9,2023,13.27,0.84
kabupaten,18,1808,10,2023,7.84,5.45
kabupaten,18,1808,11,2023,4.48,0.93
kabupaten,18,1808,12,2023,0.67,2.29
kabupaten,18,1808,13,2023,4.94,0.05
kabupaten,18,1808,14,2023,0.83,3.18
kabupaten,18,1808,15,2023,3.46,3.19
kabupaten,18,1808,16,2023,4.7,1.08
kabupaten,18,1808,17,2023,15.73,0.71
kabupaten,18,1808,1,2024,0.06,30.16
kabupaten,18,1808,2,2024,8.24,4.99
kabupaten,18,1808,3,2024,6.27,20.87
kabupaten,18,1808,4,2024,5.47,0.12
kabupaten,18,1808,5,2024,-1.19,0.05
kabupaten,18,1808,6,2024,4.21,9.15
kabupaten,18,1808,7,2024,8.53,12.78
kabupaten,18,1808,8,2024,9.75,3.86
kabupaten,18,1808,9,2024,4.3,0.84
kabupaten,18,1808,10,2024,9.52,5.71
kabupaten,18,1808,11,2024,5.63,0.94
kabupaten,18,1808,12,2024,7.27,2.35
kabupaten,18,1808,13,2024,9.02,0.05
kabupaten,18,1808,14,2024,5.34,3.2
kabupaten,18,1808,15,2024,1.37,3.09
kabupaten,18,1808,16,2024,7.46,1.11
kabupaten,18,1808,17,2024,9.59,0.75
kabupaten,18,1808,1,2025,5.13,30.1
kabupaten,18,1808,2,2025,2.89,4.87
kabupaten,18,1808,3,2025,6.32,21.06
kabupaten,18,1808,4,2025,5.86,0.12
kabupaten,18,1808,5,2025,2.76,0.05
kabupaten,18,1808,6,2025,5.2,9.14
kabupaten,18,1808,7,2025,6.72,12.94
kabupaten,18,1808,8,2025,8.36,3.97
kabupaten,18,1808,9,2025,7.75,0.86
kabupaten,18,1808,10,2025,4.27,5.65
kabupaten,18,1808,11,2025,6.12,0.95
kabupaten,18,1808,12,2025,3.57,2.31
kabupaten,18,1808,13,2025,4.14,0.05
kabupaten,18,1808,14,2025,2.69,3.12
kabupaten,18,1808,15,2025,1.99,2.99
kabupaten,18,1808,16,2025,1.23,1.07
kabupaten,18,1808,17,2025,7.18,0.76
kabupaten,18,1871,1,2021,0,3.73
kabupaten,18,1871,2,2021,0,2.7
kabupaten,18,1871,3,2021,0,20.09
kabupaten,18,1871,4,2021,0,0.16
kabupaten,18,1871,5,2021,0,0.3
kabupaten,18,1871,6,2021,0,11.48
kabupaten,18,1871,7,2021,0,14.55
kabupaten,18,1871,8,2021,0,12.94
kabupaten,18,1871,9,2021,0,2.21
kabupaten,18,1871,10,2021,0,8.26
kabupaten,18,1871,11,2021,0,4.64
kabupaten,18,1871,12,2021,0,6.09
kabupaten,18,1871,13,2021,0,0.33
kabupaten,18,1871,14,2021,0,5.37
kabupaten,18,1871,15,2021,0,3.3
kabupaten,18,1871,16,2021,0,2.17
kabupaten,18,1871,17,2021,0,1.66
kabupaten,18,1871,1,2022,0.33,3.57
kabupaten,18,1871,2,2022,1.55,2.61
kabupaten,18,1871,3,2022,0.64,19.27
kabupaten,18,1871,4,2022,5.05,0.16
kabupaten,18,1871,5,2022,3.81,0.29
kabupaten,18,1871,6,2022,3.97,11.38
kabupaten,18,1871,7,2022,8.38,15.03
kabupaten,18,1871,8,2022,17.91,14.54
kabupaten,18,1871,9,2022,13.01,2.39
kabupaten,18,1871,10,2022,0.76,7.94
kabupaten,18,1871,11,2022,-2.47,4.32
kabupaten,18,1871,12,2022,2.94,5.97
kabupaten,18,1871,13,2022,12.77,0.36
kabupaten,18,1871,14,2022,-1.35,5.05
kabupaten,18,1871,15,2022,2.6,3.23
kabupaten,18,1871,16,2022,-0.18,2.06
kabupaten,18,1871,17,2022,15.63,1.83
kabupaten,18,1871,1,2023,0.82,3.43
kabupaten,18,1871,2,2023,2.89,2.56
kabupaten,18,1871,3,2023,1.09,18.56
kabupaten,18,1871,4,2023,1.8,0.16
kabupaten,18,1871,5,2023,0.62,0.28
kabupaten,18,1871,6,2023,3.82,11.25
kabupaten,18,1871,7,2023,5.5,15.11
kabupaten,18,1871,8,2023,15.48,16
kabupaten,18,1871,9,2023,10.96,2.52
kabupaten,18,1871,10,2023,5.33,7.96
kabupaten,18,1871,11,2023,1.35,4.17
kabupaten,18,1871,12,2023,0.31,5.71
kabupaten,18,1871,13,2023,4.22,0.35
kabupaten,18,1871,14,2023,0.42,4.83
kabupaten,18,1871,15,2023,2.06,3.14
kabupaten,18,1871,16,2023,1.18,1.99
kabupaten,18,1871,17,2023,13.02,1.98
kabupaten,18,1871,1,2024,-3.7,3.14
kabupaten,18,1871,2,2024,1.6,2.48
kabupaten,18,1871,3,2024,4.16,18.42
kabupaten,18,1871,4,2024,5.6,0.16
kabupaten,18,1871,5,2024,0.54,0.27
kabupaten,18,1871,6,2024,4.3,11.18
kabupaten,18,1871,7,2024,3.08,14.83
kabupaten,18,1871,8,2024,8.23,16.5
kabupaten,18,1871,9,2024,6.8,2.57
kabupaten,18,1871,10,2024,7.38,8.15
kabupaten,18,1871,11,2024,4.63,4.15
kabupaten,18,1871,12,2024,7.28,5.83
kabupaten,18,1871,13,2024,9.16,0.37
kabupaten,18,1871,14,2024,5.18,4.84
kabupaten,18,1871,15,2024,1.06,3.02
kabupaten,18,1871,16,2024,7.29,2.03
kabupaten,18,1871,17,2024,9.64,2.06
kabupaten,18,1871,1,2025,2.22,3.05
kabupaten,18,1871,2,2025,2.83,2.42
kabupaten,18,1871,3,2025,7.68,18.83
kabupaten,18,1871,4,2025,6.6,0.16
kabupaten,18,1871,5,2025,2.3,0.26
kabupaten,18,1871,6,2025,7.14,11.38
kabupaten,18,1871,7,2025,3.61,14.59
kabupaten,18,1871,8,2025,6.84,16.73
kabupaten,18,1871,9,2025,5.75,2.58
kabupaten,18,1871,10,2025,4.33,8.07
kabupaten,18,1871,11,2025,4.18,4.11
kabupaten,18,1871,12,2025,2.86,5.7
kabupaten,18,1871,13,2025,6.14,0.37
kabupaten,18,1871,14,2025,2.15,4.7
kabupaten,18,1871,15,2025,1.48,2.91
kabupaten,18,1871,16,2025,2.93,1.99
kabupaten,18,1871,17,2025,10.06,2.16
kabupaten,18,1872,1,2021,0,5.09
kabupaten,18,1872,2,2021,0,0
kabupaten,18,1872,3,2021,0,15.68
kabupaten,18,1872,4,2021,0,0.17
kabupaten,18,1872,5,2021,0,0.06
kabupaten,18,1872,6,2021,0,7
kabupaten,18,1872,7,2021,0,17.84
kabupaten,18,1872,8,2021,0,7.67
kabupaten,18,1872,9,2021,0,2.29
kabupaten,18,1872,10,2021,0,9.36
kabupaten,18,1872,11,2021,0,6.99
kabupaten,18,1872,12,2021,0,6.4
kabupaten,18,1872,13,2021,0,0.64
kabupaten,18,1872,14,2021,0,6.88
kabupaten,18,1872,15,2021,0,5.73
kabupaten,18,1872,16,2021,0,6
kabupaten,18,1872,17,2021,0,2.21
kabupaten,18,1872,1,2022,3.64,5.05
kabupaten,18,1872,2,2022,0,0
kabupaten,18,1872,3,2022,4.26,15.65
kabupaten,18,1872,4,2022,1.78,0.16
kabupaten,18,1872,5,2022,1.82,0.06
kabupaten,18,1872,6,2022,6.88,7.16
kabupaten,18,1872,7,2022,6.91,18.25
kabupaten,18,1872,8,2022,8.72,7.98
kabupaten,18,1872,9,2022,14.41,2.5
kabupaten,18,1872,10,2022,2.81,9.2
kabupaten,18,1872,11,2022,-1.1,6.61
kabupaten,18,1872,12,2022,2.56,6.28
kabupaten,18,1872,13,2022,14.07,0.7
kabupaten,18,1872,14,2022,-0.35,6.56
kabupaten,18,1872,15,2022,1.85,5.58
kabupaten,18,1872,16,2022,2.16,5.87
kabupaten,18,1872,17,2022,12.93,2.38
kabupaten,18,1872,1,2023,0.11,4.82
kabupaten,18,1872,2,2023,0,0
kabupaten,18,1872,3,2023,1.37,15.13
kabupaten,18,1872,4,2023,5.52,0.16
kabupaten,18,1872,5,2023,0.71,0.06
kabupaten,18,1872,6,2023,6.94,7.3
kabupaten,18,1872,7,2023,5.79,18.41
kabupaten,18,1872,8,2023,13.26,8.62
kabupaten,18,1872,9,2023,13.65,2.71
kabupaten,18,1872,10,2023,6.85,9.38
kabupaten,18,1872,11,2023,2.88,6.49
kabupaten,18,1872,12,2023,0.92,6.04
kabupaten,18,1872,13,2023,5.55,0.7
kabupaten,18,1872,14,2023,0.24,6.27
kabupaten,18,1872,15,2023,3.14,5.49
kabupaten,18,1872,16,2023,4.07,5.82
kabupaten,18,1872,17,2023,13.67,2.58
kabupaten,18,1872,1,2024,-0.75,4.56
kabupaten,18,1872,2,2024,0,0
kabupaten,18,1872,3,2024,6.4,15.35
kabupaten,18,1872,4,2024,2.93,0.16
kabupaten,18,1872,5,2024,-1.42,0.06
kabupaten,18,1872,6,2024,1.56,7.07
kabupaten,18,1872,7,2024,6.38,18.68
kabupaten,18,1872,8,2024,8.37,8.91
kabupaten,18,1872,9,2024,1.02,2.61
kabupaten,18,1872,10,2024,6.82,9.55
kabupaten,18,1872,11,2024,1.24,6.26
kabupaten,18,1872,12,2024,3.42,5.96
kabupaten,18,1872,13,2024,7.05,0.72
kabupaten,18,1872,14,2024,2.46,6.13
kabupaten,18,1872,15,2024,1.08,5.29
kabupaten,18,1872,16,2024,9.85,6.1
kabupaten,18,1872,17,2024,5.57,2.6
kabupaten,18,1872,1,2025,9.11,4.73
kabupaten,18,1872,2,2025,0,0
kabupaten,18,1872,3,2025,9.17,15.93
kabupaten,18,1872,4,2025,6.2,0.16
kabupaten,18,1872,5,2025,1.8,0.05
kabupaten,18,1872,6,2025,4.59,7.03
kabupaten,18,1872,7,2025,3.47,18.37
kabupaten,18,1872,8,2025,3.75,8.79
kabupaten,18,1872,9,2025,10.85,2.76
kabupaten,18,1872,10,2025,4.57,9.5
kabupaten,18,1872,11,2025,6.93,6.36
kabupaten,18,1872,12,2025,3.6,5.87
kabupaten,18,1872,13,2025,5.53,0.72
kabupaten,18,1872,14,2025,4.4,6.08
kabupaten,18,1872,15,2025,1.76,5.12
kabupaten,18,1872,16,2025,3.16,5.98
kabupaten,18,1872,17,2025,3.74,2.57
kabupaten,18,1802,1,2021,0,32.82
kabupaten,18,1802,2,2021,0,4.59
kabupaten,18,1802,3,2021,0,23.38
kabupaten,18,1802,4,2021,0,0.13
kabupaten,18,1802,5,2021,0,0.04
kabupaten,18,1802,6,2021,0,11.61
kabupaten,18,1802,7,2021,0,10.62
kabupaten,18,1802,8,2021,0,2.68
kabupaten,18,1802,9,2021,0,0.94
kabupaten,18,1802,10,2021,0,4.48
kabupaten,18,1802,11,2021,0,1.57
kabupaten,18,1802,12,2021,0,1.9
kabupaten,18,1802,13,2021,0,0.1
kabupaten,18,1802,14,2021,0,1.6
kabupaten,18,1802,15,2021,0,2.42
kabupaten,18,1802,16,2021,0,0.59
kabupaten,18,1802,17,2021,0,0.53
kabupaten,18,1802,1,2022,2.85,32.25
kabupaten,18,1802,2,2022,1.81,4.46
kabupaten,18,1802,3,2022,0.65,22.49
kabupaten,18,1802,4,2022,4.61,0.13
kabupaten,18,1802,5,2022,3.83,0.04
kabupaten,18,1802,6,2022,5.2,11.67
kabupaten,18,1802,7,2022,17.58,11.94
kabupaten,18,1802,8,2022,22.42,3.13
kabupaten,18,1802,9,2022,12.31,1.01
kabupaten,18,1802,10,2022,0.98,4.32
kabupaten,18,1802,11,2022,-3.21,1.45
kabupaten,18,1802,12,2022,3.76,1.89
kabupaten,18,1802,13,2022,17.41,0.11
kabupaten,18,1802,14,2022,-1.24,1.51
kabupaten,18,1802,15,2022,3.46,2.4
kabupaten,18,1802,16,2022,-0.22,0.56
kabupaten,18,1802,17,2022,25.34,0.63
kabupaten,18,1802,1,2023,0.85,31.07
kabupaten,18,1802,2,2023,7.02,4.56
kabupaten,18,1802,3,2023,2.05,21.92
kabupaten,18,1802,4,2023,5.82,0.13
kabupaten,18,1802,5,2023,0.62,0.04
kabupaten,18,1802,6,2023,8.03,12.04
kabupaten,18,1802,7,2023,11.33,12.69
kabupaten,18,1802,8,2023,18.08,3.54
kabupaten,18,1802,9,2023,14.16,1.1
kabupaten,18,1802,10,2023,8.62,4.48
kabupaten,18,1802,11,2023,4.09,1.44
kabupaten,18,1802,12,2023,0.99,1.82
kabupaten,18,1802,13,2023,5.89,0.12
kabupaten,18,1802,14,2023,0.24,1.44
kabupaten,18,1802,15,2023,2.4,2.34
kabupaten,18,1802,16,2023,3.95,0.56
kabupaten,18,1802,17,2023,15.68,0.7
kabupaten,18,1802,1,2024,-2.86,28.85
kabupaten,18,1802,2,2024,7.72,4.7
kabupaten,18,1802,3,2024,10.56,23.17
kabupaten,18,1802,4,2024,-0.17,0.12
kabupaten,18,1802,5,2024,-1.81,0.03
kabupaten,18,1802,6,2024,2.82,11.83
kabupaten,18,1802,7,2024,9.2,13.25
kabupaten,18,1802,8,2024,11.3,3.76
kabupaten,18,1802,9,2024,5.06,1.1
kabupaten,18,1802,10,2024,9.08,4.68
kabupaten,18,1802,11,2024,4.51,1.44
kabupaten,18,1802,12,2024,6.74,1.86
kabupaten,18,1802,13,2024,9.21,0.12
kabupaten,18,1802,14,2024,7.88,1.49
kabupaten,18,1802,15,2024,1.65,2.28
kabupaten,18,1802,16,2024,7.24,0.57
kabupaten,18,1802,17,2024,10.78,0.74
kabupaten,18,1802,1,2025,5.45,28.83
kabupaten,18,1802,2,2025,3.02,4.59
kabupaten,18,1802,3,2025,7.02,23.49
kabupaten,18,1802,4,2025,4.51,0.12
kabupaten,18,1802,5,2025,0.74,0.03
kabupaten,18,1802,6,2025,6.12,11.9
kabupaten,18,1802,7,2025,4.85,13.16
kabupaten,18,1802,8,2025,7.09,3.82
kabupaten,18,1802,9,2025,9.42,1.14
kabupaten,18,1802,10,2025,4.07,4.61
kabupaten,18,1802,11,2025,4.42,1.43
kabupaten,18,1802,12,2025,4.7,1.84
kabupaten,18,1802,13,2025,3.68,0.12
kabupaten,18,1802,14,2025,0.77,1.42
kabupaten,18,1802,15,2025,1.4,2.19
kabupaten,18,1802,16,2025,3.3,0.56
kabupaten,18,1802,17,2025,6.26,0.75
kabupaten,11,1101,1,2021,0,24.48
kabupaten,11,1101,2,2021,0,3.89
kabupaten,11,1101,3,2021,0,2.94
kabupaten,11,1101,4,2021,0,0.09
kabupaten,11,1101,5,2021,0,0.02
kabupaten,11,1101,6,2021,0,16.45
kabupaten,11,1101,7,2021,0,14.61
kabupaten,11,1101,8,2021,0,4.53
kabupaten,11,1101,9,2021,0,0.41
kabupaten,11,1101,10,2021,0,5.66
kabupaten,11,1101,11,2021,0,1.93
kabupaten,11,1101,12,2021,0,3.68
kabupaten,11,1101,13,2021,0,0.62
kabupaten,11,1101,14,2021,0,13.64
kabupaten,11,1101,15,2021,0,3.34
kabupaten,11,1101,16,2021,0,2.14
kabupaten,11,1101,17,2021,0,1.56
kabupaten,11,1101,1,2022,3.76,24.63
kabupaten,11,1101,2,2022,-4.73,3.59
kabupaten,11,1101,3,2022,1.56,2.9
kabupaten,11,1101,4,2022,0,0.09
kabupaten,11,1101,5,2022,0,0.02
kabupaten,11,1101,6,2022,0.42,16.02
kabupaten,11,1101,7,2022,5.2,14.9
kabupaten,11,1101,8,2022,6.09,4.66
kabupaten,11,1101,9,2022,22.22,0.49
kabupaten,11,1101,10,2022,10.16,6.05
kabupaten,11,1101,11,2022,-2.38,1.83
kabupaten,11,1101,12,2022,3.13,3.68
kabupaten,11,1101,13,2022,11.11,0.67
kabupaten,11,1101,14,2022,-0.84,13.12
kabupaten,11,1101,15,2022,4.83,3.39
kabupaten,11,1101,16,2022,9.68,2.28
kabupaten,11,1101,17,2022,10.29,1.67
kabupaten,11,1101,1,2023,11.41,26.5
kabupaten,11,1101,2,2023,-2.48,3.38
kabupaten,11,1101,3,2023,-0.77,2.78
kabupaten,11,1101,4,2023,25,0.11
kabupaten,11,1101,5,2023,0,0.02
kabupaten,11,1101,6,2023,4.32,16.14
kabupaten,11,1101,7,2023,2.4,14.74
kabupaten,11,1101,8,2023,-1.44,4.44
kabupaten,11,1101,9,2023,0,0.47
kabupaten,11,1101,10,2023,2.95,6.01
kabupaten,11,1101,11,2023,-1.22,1.75
kabupaten,11,1101,12,2023,3.64,3.68
kabupaten,11,1101,13,2023,0,0.65
kabupaten,11,1101,14,2023,-3.06,12.28
kabupaten,11,1101,15,2023,-4.61,3.12
kabupaten,11,1101,16,2023,0.98,2.22
kabupaten,11,1101,17,2023,5.33,1.7
kabupaten,11,1101,1,2024,0.57,25.82
kabupaten,11,1101,2,2024,-2.55,3.19
kabupaten,11,1101,3,2024,0,2.69
kabupaten,11,1101,4,2024,0,0.1
kabupaten,11,1101,5,2024,0,0.02
kabupaten,11,1101,6,2024,1.07,15.8
kabupaten,11,1101,7,2024,4.24,14.89
kabupaten,11,1101,8,2024,16.5,5.01
kabupaten,11,1101,9,2024,4.55,0.48
kabupaten,11,1101,10,2024,4.66,6.1
kabupaten,11,1101,11,2024,11.11,1.88
kabupaten,11,1101,12,2024,1.17,3.61
kabupaten,11,1101,13,2024,3.33,0.65
kabupaten,11,1101,14,2024,6.67,12.69
kabupaten,11,1101,15,2024,4.83,3.17
kabupaten,11,1101,16,2024,1.94,2.19
kabupaten,11,1101,17,2024,2.53,1.69
kabupaten,11,1101,1,2025,6.79,26.78
kabupaten,11,1101,2,2025,0.65,3.12
kabupaten,11,1101,3,2025,5.43,2.76
kabupaten,11,1101,4,2025,0,0.1
kabupaten,11,1101,5,2025,0,0.02
kabupaten,11,1101,6,2025,-1.85,15.06
kabupaten,11,1101,7,2025,4.49,15.11
kabupaten,11,1101,8,2025,5.83,5.15
kabupaten,11,1101,9,2025,4.35,0.49
kabupaten,11,1101,10,2025,1.37,6
kabupaten,11,1101,11,2025,0,1.82
kabupaten,11,1101,12,2025,3.47,3.63
kabupaten,11,1101,13,2025,-3.23,0.61
kabupaten,11,1101,14,2025,0,12.33
kabupaten,11,1101,15,2025,0.66,3.1
kabupaten,11,1101,16,2025,2.86,2.19
kabupaten,11,1101,17,2025,4.94,1.72
kabupaten,11,1102,1,2021,0,40.22
kabupaten,11,1102,2,2021,0,1.11
kabupaten,11,1102,3,2021,0,1.39
kabupaten,11,1102,4,2021,0,0.15
kabupaten,11,1102,5,2021,0,0.02
kabupaten,11,1102,6,2021,0,6.81
kabupaten,11,1102,7,2021,0,13.97
kabupaten,11,1102,8,2021,0,4.18
kabupaten,11,1102,9,2021,0,0.59
kabupaten,11,1102,10,2021,0,2.41
kabupaten,11,1102,11,2021,0,2.58
kabupaten,11,1102,12,2021,0,3.82
kabupaten,11,1102,13,2021,0,0.41
kabupaten,11,1102,14,2021,0,12.85
kabupaten,11,1102,15,2021,0,3.01
kabupaten,11,1102,16,2021,0,4.58
kabupaten,11,1102,17,2021,0,1.89
kabupaten,11,1102,1,2022,1.07,39.59
kabupaten,11,1102,2,2022,1.78,1.1
kabupaten,11,1102,3,2022,4.77,1.42
kabupaten,11,1102,4,2022,3.18,0.15
kabupaten,11,1102,5,2022,7.27,0.02
kabupaten,11,1102,6,2022,0.25,6.64
kabupaten,11,1102,7,2022,5.78,14.39
kabupaten,11,1102,8,2022,4.88,4.27
kabupaten,11,1102,9,2022,13.88,0.65
kabupaten,11,1102,10,2022,9.88,2.58
kabupaten,11,1102,11,2022,-4.41,2.41
kabupaten,11,1102,12,2022,3.25,3.84
kabupaten,11,1102,13,2022,10.27,0.44
kabupaten,11,1102,14,2022,-0.02,12.52
kabupaten,11,1102,15,2022,4.23,3.06
kabupaten,11,1102,16,2022,9.22,4.87
kabupaten,11,1102,17,2022,11.73,2.06
kabupaten,11,1102,1,2023,4.01,39.96
kabupaten,11,1102,2,2023,2.82,1.1
kabupaten,11,1102,3,2023,0.89,1.39
kabupaten,11,1102,4,2023,4.17,0.16
kabupaten,11,1102,5,2023,1.69,0.02
kabupaten,11,1102,6,2023,1.87,6.57
kabupaten,11,1102,7,2023,5.57,14.75
kabupaten,11,1102,8,2023,4.99,4.35
kabupaten,11,1102,9,2023,8.42,0.69
kabupaten,11,1102,10,2023,3.21,2.58
kabupaten,11,1102,11,2023,-11.77,2.06
kabupaten,11,1102,12,2023,4.13,3.88
kabupaten,11,1102,13,2023,-3.08,0.42
kabupaten,11,1102,14,2023,1.61,12.34
kabupaten,11,1102,15,2023,2.14,3.03
kabupaten,11,1102,16,2023,-1.69,4.64
kabupaten,11,1102,17,2023,3.98,2.08
kabupaten,11,1102,1,2024,3.55,39.94
kabupaten,11,1102,2,2024,0.02,1.06
kabupaten,11,1102,3,2024,3.03,1.38
kabupaten,11,1102,4,2024,4.87,0.16
kabupaten,11,1102,5,2024,3.33,0.02
kabupaten,11,1102,6,2024,2.38,6.49
kabupaten,11,1102,7,2024,1.18,14.4
kabupaten,11,1102,8,2024,11.33,4.68
kabupaten,11,1102,9,2024,4.22,0.69
kabupaten,11,1102,10,2024,2.58,2.56
kabupaten,11,1102,11,2024,21.77,2.42
kabupaten,11,1102,12,2024,3.12,3.86
kabupaten,11,1102,13,2024,1.43,0.41
kabupaten,11,1102,14,2024,2.44,12.2
kabupaten,11,1102,15,2024,4.78,3.07
kabupaten,11,1102,16,2024,2.12,4.58
kabupaten,11,1102,17,2024,4.2,2.09
kabupaten,11,1102,1,2025,2.34,39.7
kabupaten,11,1102,2,2025,-3.9,0.99
kabupaten,11,1102,3,2025,3.11,1.38
kabupaten,11,1102,4,2025,1.66,0.16
kabupaten,11,1102,5,2025,0,0.02
kabupaten,11,1102,6,2025,-6.54,5.89
kabupaten,11,1102,7,2025,6.84,14.94
kabupaten,11,1102,8,2025,6.74,4.85
kabupaten,11,1102,9,2025,4.65,0.7
kabupaten,11,1102,10,2025,3.32,2.57
kabupaten,11,1102,11,2025,2.78,2.42
kabupaten,11,1102,12,2025,3.5,3.88
kabupaten,11,1102,13,2025,-0.06,0.4
kabupaten,11,1102,14,2025,3.85,12.31
kabupaten,11,1102,15,2025,4.23,3.11
kabupaten,11,1102,16,2025,3.94,4.62
kabupaten,11,1102,17,2025,2.54,2.08
kabupaten,11,1103,1,2021,0,42.21
kabupaten,11,1103,2,2021,0,6
kabupaten,11,1103,3,2021,0,3.4
kabupaten,11,1103,4,2021,0,0.15
kabupaten,11,1103,5,2021,0,0.03
kabupaten,11,1103,6,2021,0,7.96
kabupaten,11,1103,7,2021,0,9.8
kabupaten,11,1103,8,2021,0,5.4
kabupaten,11,1103,9,2021,0,1.01
kabupaten,11,1103,10,2021,0,2.97
kabupaten,11,1103,11,2021,0,1.65
kabupaten,11,1103,12,2021,0,4.2
kabupaten,11,1103,13,2021,0,0.28
kabupaten,11,1103,14,2021,0,8.3
kabupaten,11,1103,15,2021,0,1.93
kabupaten,11,1103,16,2021,0,3.26
kabupaten,11,1103,17,2021,0,1.45
kabupaten,11,1103,1,2022,2.51,41.71
kabupaten,11,1103,2,2022,10.96,6.41
kabupaten,11,1103,3,2022,4.85,3.44
kabupaten,11,1103,4,2022,2.51,0.14
kabupaten,11,1103,5,2022,7.58,0.03
kabupaten,11,1103,6,2022,0.44,7.71
kabupaten,11,1103,7,2022,5.27,9.94
kabupaten,11,1103,8,2022,5.02,5.47
kabupaten,11,1103,9,2022,14.76,1.12
kabupaten,11,1103,10,2022,8.5,3.11
kabupaten,11,1103,11,2022,-4.13,1.52
kabupaten,11,1103,12,2022,3.74,4.2
kabupaten,11,1103,13,2022,7.24,0.29
kabupaten,11,1103,14,2022,-0.35,7.97
kabupaten,11,1103,15,2022,3.39,1.92
kabupaten,11,1103,16,2022,9.64,3.45
kabupaten,11,1103,17,2022,11.25,1.55
kabupaten,11,1103,1,2023,3.39,42.24
kabupaten,11,1103,2,2023,-7.65,5.8
kabupaten,11,1103,3,2023,1.59,3.42
kabupaten,11,1103,4,2023,4.42,0.15
kabupaten,11,1103,5,2023,3.69,0.03
kabupaten,11,1103,6,2023,-1.07,7.47
kabupaten,11,1103,7,2023,6.56,10.38
kabupaten,11,1103,8,2023,5.07,5.63
kabupaten,11,1103,9,2023,5.86,1.16
kabupaten,11,1103,10,2023,4.73,3.19
kabupaten,11,1103,11,2023,-10.36,1.34
kabupaten,11,1103,12,2023,2.94,4.24
kabupaten,11,1103,13,2023,-1.09,0.28
kabupaten,11,1103,14,2023,-0.41,7.78
kabupaten,11,1103,15,2023,3.37,1.94
kabupaten,11,1103,16,2023,-1.2,3.33
kabupaten,11,1103,17,2023,5.86,1.61
kabupaten,11,1103,1,2024,3.68,41.86
kabupaten,11,1103,2,2024,6.93,5.93
kabupaten,11,1103,3,2024,1.94,3.33
kabupaten,11,1103,4,2024,4.99,0.15
kabupaten,11,1103,5,2024,4.53,0.03
kabupaten,11,1103,6,2024,3.58,7.39
kabupaten,11,1103,7,2024,4.32,10.35
kabupaten,11,1103,8,2024,8.61,5.85
kabupaten,11,1103,9,2024,4.2,1.16
kabupaten,11,1103,10,2024,2.27,3.12
kabupaten,11,1103,11,2024,21.36,1.55
kabupaten,11,1103,12,2024,2.87,4.17
kabupaten,11,1103,13,2024,4.18,0.28
kabupaten,11,1103,14,2024,7.53,7.99
kabupaten,11,1103,15,2024,3.22,1.92
kabupaten,11,1103,16,2024,4.1,3.32
kabupaten,11,1103,17,2024,4.68,1.61
kabupaten,11,1103,1,2025,4.8,42.83
kabupaten,11,1103,2,2025,-6.87,5.39
kabupaten,11,1103,3,2025,3.95,3.38
kabupaten,11,1103,4,2025,-2.88,0.14
kabupaten,11,1103,5,2025,-0.31,0.03
kabupaten,11,1103,6,2025,-3.6,6.96
kabupaten,11,1103,7,2025,2.23,10.33
kabupaten,11,1103,8,2025,4.86,5.99
kabupaten,11,1103,9,2025,5.25,1.19
kabupaten,11,1103,10,2025,2.48,3.12
kabupaten,11,1103,11,2025,2.12,1.55
kabupaten,11,1103,12,2025,3.82,4.22
kabupaten,11,1103,13,2025,-0.49,0.27
kabupaten,11,1103,14,2025,-0.14,7.8
kabupaten,11,1103,15,2025,2.31,1.92
kabupaten,11,1103,16,2025,1.22,3.28
kabupaten,11,1103,17,2025,1.56,1.6
kabupaten,11,1104,1,2021,0,41.07
kabupaten,11,1104,2,2021,0,1.1
kabupaten,11,1104,3,2021,0,1.56
kabupaten,11,1104,4,2021,0,0.11
kabupaten,11,1104,5,2021,0,0.04
kabupaten,11,1104,6,2021,0,14.15
kabupaten,11,1104,7,2021,0,12.63
kabupaten,11,1104,8,2021,0,3.9
kabupaten,11,1104,9,2021,0,1.37
kabupaten,11,1104,10,2021,0,3.24
kabupaten,11,1104,11,2021,0,1.82
kabupaten,11,1104,12,2021,0,2.84
kabupaten,11,1104,13,2021,0,0.49
kabupaten,11,1104,14,2021,0,9.62
kabupaten,11,1104,15,2021,0,1.81
kabupaten,11,1104,16,2021,0,2.91
kabupaten,11,1104,17,2021,0,1.34
kabupaten,11,1104,1,2022,5.32,41.22
kabupaten,11,1104,2,2022,2.17,1.08
kabupaten,11,1104,3,2022,12.47,1.67
kabupaten,11,1104,4,2022,4.54,0.11
kabupaten,11,1104,5,2022,8.53,0.04
kabupaten,11,1104,6,2022,0.32,13.53
kabupaten,11,1104,7,2022,6.26,12.79
kabupaten,11,1104,8,2022,5.8,3.93
kabupaten,11,1104,9,2022,34.59,1.76
kabupaten,11,1104,10,2022,12.61,3.48
kabupaten,11,1104,11,2022,-4.89,1.65
kabupaten,11,1104,12,2022,3.84,2.81
kabupaten,11,1104,13,2022,9.27,0.51
kabupaten,11,1104,14,2022,-0.35,9.14
kabupaten,11,1104,15,2022,2.19,1.76
kabupaten,11,1104,16,2022,9.8,3.04
kabupaten,11,1104,17,2022,16.18,1.49
kabupaten,11,1104,1,2023,7.31,41.89
kabupaten,11,1104,2,2023,2.14,1.04
kabupaten,11,1104,3,2023,10.87,1.75
kabupaten,11,1104,4,2023,4.34,0.11
kabupaten,11,1104,5,2023,7.42,0.04
kabupaten,11,1104,6,2023,2.09,13.08
kabupaten,11,1104,7,2023,8.52,13.15
kabupaten,11,1104,8,2023,6.03,3.94
kabupaten,11,1104,9,2023,9.36,1.83
kabupaten,11,1104,10,2023,7.52,3.54
kabupaten,11,1104,11,2023,-5.13,1.48
kabupaten,11,1104,12,2023,3.7,2.76
kabupaten,11,1104,13,2023,2.28,0.5
kabupaten,11,1104,14,2023,1.4,8.77
kabupaten,11,1104,15,2023,2.15,1.71
kabupaten,11,1104,16,2023,1.04,2.91
kabupaten,11,1104,17,2023,7.49,1.52
kabupaten,11,1104,1,2024,1.45,40.48
kabupaten,11,1104,2,2024,3.7,1.03
kabupaten,11,1104,3,2024,6.32,1.77
kabupaten,11,1104,4,2024,6.52,0.11
kabupaten,11,1104,5,2024,5.69,0.04
kabupaten,11,1104,6,2024,7.51,13.4
kabupaten,11,1104,7,2024,6.88,13.39
kabupaten,11,1104,8,2024,11.14,4.17
kabupaten,11,1104,9,2024,8.69,1.89
kabupaten,11,1104,10,2024,4.73,3.53
kabupaten,11,1104,11,2024,20.51,1.7
kabupaten,11,1104,12,2024,6.06,2.78
kabupaten,11,1104,13,2024,7.38,0.51
kabupaten,11,1104,14,2024,8.77,9.09
kabupaten,11,1104,15,2024,5.79,1.72
kabupaten,11,1104,16,2024,2,2.83
kabupaten,11,1104,17,2024,8.74,1.57
kabupaten,11,1104,1,2025,3.89,40.81
kabupaten,11,1104,2,2025,-1.74,0.98
kabupaten,11,1104,3,2025,5,1.81
kabupaten,11,1104,4,2025,4.17,0.11
kabupaten,11,1104,5,2025,15.38,0.04
kabupaten,11,1104,6,2025,-0.81,12.9
kabupaten,11,1104,7,2025,3.91,13.5
kabupaten,11,1104,8,2025,6.1,4.3
kabupaten,11,1104,9,2025,3.07,1.89
kabupaten,11,1104,10,2025,2.59,3.51
kabupaten,11,1104,11,2025,4.57,1.72
kabupaten,11,1104,12,2025,4.16,2.81
kabupaten,11,1104,13,2025,-0.57,0.49
kabupaten,11,1104,14,2025,2.21,9.02
kabupaten,11,1104,15,2025,4.07,1.74
kabupaten,11,1104,16,2025,3.08,2.83
kabupaten,11,1104,17,2025,1.12,1.54
kabupaten,11,1105,1,2021,0,25.25
kabupaten,11,1105,2,2021,0,25.5
kabupaten,11,1105,3,2021,0,1.45
kabupaten,11,1105,4,2021,0,0.13
kabupaten,11,1105,5,2021,0,0.01
kabupaten,11,1105,6,2021,0,10.18
kabupaten,11,1105,7,2021,0,12.74
kabupaten,11,1105,8,2021,0,4.13
kabupaten,11,1105,9,2021,0,0.92
kabupaten,11,1105,10,2021,0,3.08
kabupaten,11,1105,11,2021,0,1.68
kabupaten,11,1105,12,2021,0,2.84
kabupaten,11,1105,13,2021,0,0.37
kabupaten,11,1105,14,2021,0,6.85
kabupaten,11,1105,15,2021,0,1.85
kabupaten,11,1105,16,2021,0,2.45
kabupaten,11,1105,17,2021,0,0.57
kabupaten,11,1105,1,2022,5.82,25.87
kabupaten,11,1105,2,2022,-2.99,23.96
kabupaten,11,1105,3,2022,7.4,1.51
kabupaten,11,1105,4,2022,1.99,0.13
kabupaten,11,1105,5,2022,0,0.01
kabupaten,11,1105,6,2022,-0.47,9.81
kabupaten,11,1105,7,2022,7.88,13.3
kabupaten,11,1105,8,2022,7.79,4.31
kabupaten,11,1105,9,2022,29.27,1.15
kabupaten,11,1105,10,2022,12.83,3.36
kabupaten,11,1105,11,2022,-3.53,1.57
kabupaten,11,1105,12,2022,4.78,2.88
kabupaten,11,1105,13,2022,10.92,0.4
kabupaten,11,1105,14,2022,-0.21,6.62
kabupaten,11,1105,15,2022,4.82,1.87
kabupaten,11,1105,16,2022,10.83,2.63
kabupaten,11,1105,17,2022,11.56,0.62
kabupaten,11,1105,1,2023,6.51,26.47
kabupaten,11,1105,2,2023,2.34,23.55
kabupaten,11,1105,3,2023,-0.63,1.44
kabupaten,11,1105,4,2023,4.2,0.13
kabupaten,11,1105,5,2023,0.89,0.01
kabupaten,11,1105,6,2023,4.72,9.87
kabupaten,11,1105,7,2023,6.18,13.57
kabupaten,11,1105,8,2023,-2.17,4.05
kabupaten,11,1105,9,2023,4.73,1.15
kabupaten,11,1105,10,2023,3.13,3.33
kabupaten,11,1105,11,2023,-9.36,1.37
kabupaten,11,1105,12,2023,1.54,2.81
kabupaten,11,1105,13,2023,-1.68,0.38
kabupaten,11,1105,14,2023,8.04,6.87
kabupaten,11,1105,15,2023,2.28,1.84
kabupaten,11,1105,16,2023,0.27,2.53
kabupaten,11,1105,17,2023,3.03,0.61
kabupaten,11,1105,1,2024,-1.2,24.28
kabupaten,11,1105,2,2024,26.72,27.71
kabupaten,11,1105,3,2024,1.82,1.36
kabupaten,11,1105,4,2024,2.9,0.13
kabupaten,11,1105,5,2024,-3.54,0.01
kabupaten,11,1105,6,2024,4.47,9.57
kabupaten,11,1105,7,2024,0.2,12.62
kabupaten,11,1105,8,2024,9.67,4.13
kabupaten,11,1105,9,2024,1.65,1.09
kabupaten,11,1105,10,2024,1.43,3.14
kabupaten,11,1105,11,2024,22.43,1.56
kabupaten,11,1105,12,2024,2.6,2.67
kabupaten,11,1105,13,2024,4.41,0.37
kabupaten,11,1105,14,2024,4.48,6.67
kabupaten,11,1105,15,2024,2.2,1.75
kabupaten,11,1105,16,2024,0.86,2.37
kabupaten,11,1105,17,2024,3.65,0.59
kabupaten,11,1105,1,2025,4.76,24.35
kabupaten,11,1105,2,2025,13.54,30.12
kabupaten,11,1105,3,2025,0.84,1.31
kabupaten,11,1105,4,2025,0.27,0.12
kabupaten,11,1105,5,2025,1.83,0.01
kabupaten,11,1105,6,2025,-9.78,8.27
kabupaten,11,1105,7,2025,-0.01,12.09
kabupaten,11,1105,8,2025,4.58,4.13
kabupaten,11,1105,9,2025,1.92,1.06
kabupaten,11,1105,10,2025,0.11,3.01
kabupaten,11,1105,11,2025,1.03,1.51
kabupaten,11,1105,12,2025,3.42,2.65
kabupaten,11,1105,13,2025,-1.32,0.34
kabupaten,11,1105,14,2025,0.79,6.43
kabupaten,11,1105,15,2025,2.1,1.71
kabupaten,11,1105,16,2025,1.87,2.31
kabupaten,11,1105,17,2025,1.8,0.57
kabupaten,11,1106,1,2021,0,21.75
kabupaten,11,1106,2,2021,0,6.42
kabupaten,11,1106,3,2021,0,2.19
kabupaten,11,1106,4,2021,0,0.1
kabupaten,11,1106,5,2021,0,0.04
kabupaten,11,1106,6,2021,0,19.82
kabupaten,11,1106,7,2021,0,17.33
kabupaten,11,1106,8,2021,0,5.7
kabupaten,11,1106,9,2021,0,1.44
kabupaten,11,1106,10,2021,0,5.73
kabupaten,11,1106,11,2021,0,1.18
kabupaten,11,1106,12,2021,0,6.17
kabupaten,11,1106,13,2021,0,0.33
kabupaten,11,1106,14,2021,0,6.34
kabupaten,11,1106,15,2021,0,1.77
kabupaten,11,1106,16,2021,0,2.31
kabupaten,11,1106,17,2021,0,1.39
kabupaten,11,1106,1,2022,1.97,21.35
kabupaten,11,1106,2,2022,-3.11,5.99
kabupaten,11,1106,3,2022,2.72,2.16
kabupaten,11,1106,4,2022,0.92,0.09
kabupaten,11,1106,5,2022,9.84,0.05
kabupaten,11,1106,6,2022,-1.77,18.74
kabupaten,11,1106,7,2022,4.36,17.41
kabupaten,11,1106,8,2022,25.01,6.86
kabupaten,11,1106,9,2022,32.12,1.84
kabupaten,11,1106,10,2022,10.99,6.12
kabupaten,11,1106,11,2022,-5.33,1.08
kabupaten,11,1106,12,2022,4.02,6.17
kabupaten,11,1106,13,2022,9.72,0.35
kabupaten,11,1106,14,2022,-0.25,6.09
kabupaten,11,1106,15,2022,3.71,1.77
kabupaten,11,1106,16,2022,9.81,2.44
kabupaten,11,1106,17,2022,11.6,1.49
kabupaten,11,1106,1,2023,-1.36,20.18
kabupaten,11,1106,2,2023,2.22,5.87
kabupaten,11,1106,3,2023,2.41,2.12
kabupaten,11,1106,4,2023,4.94,0.09
kabupaten,11,1106,5,2023,5.83,0.05
kabupaten,11,1106,6,2023,4.31,18.73
kabupaten,11,1106,7,2023,7.76,17.98
kabupaten,11,1106,8,2023,22.46,8.05
kabupaten,11,1106,9,2023,9.17,1.92
kabupaten,11,1106,10,2023,3.43,6.07
kabupaten,11,1106,11,2023,-9.03,0.94
kabupaten,11,1106,12,2023,5.38,6.23
kabupaten,11,1106,13,2023,-0.79,0.33
kabupaten,11,1106,14,2023,-2.83,5.67
kabupaten,11,1106,15,2023,4.14,1.76
kabupaten,11,1106,16,2023,6.69,2.49
kabupaten,11,1106,17,2023,6.12,1.52
kabupaten,11,1106,1,2024,3.43,19.89
kabupaten,11,1106,2,2024,2.01,5.7
kabupaten,11,1106,3,2024,4.27,2.11
kabupaten,11,1106,4,2024,2.5,0.09
kabupaten,11,1106,5,2024,0.79,0.04
kabupaten,11,1106,6,2024,4.39,18.63
kabupaten,11,1106,7,2024,0.75,17.26
kabupaten,11,1106,8,2024,17.98,9.05
kabupaten,11,1106,9,2024,0.59,1.84
kabupaten,11,1106,10,2024,3.69,5.99
kabupaten,11,1106,11,2024,26.8,1.13
kabupaten,11,1106,12,2024,6.55,6.33
kabupaten,11,1106,13,2024,5.03,0.33
kabupaten,11,1106,14,2024,9.75,5.93
kabupaten,11,1106,15,2024,3.49,1.74
kabupaten,11,1106,16,2024,2.42,2.43
kabupaten,11,1106,17,2024,4.08,1.51
kabupaten,11,1106,1,2025,5.18,20.32
kabupaten,11,1106,2,2025,5.62,5.85
kabupaten,11,1106,3,2025,3.67,2.12
kabupaten,11,1106,4,2025,-1.78,0.09
kabupaten,11,1106,5,2025,1.76,0.04
kabupaten,11,1106,6,2025,-4.06,17.36
kabupaten,11,1106,7,2025,3.9,17.42
kabupaten,11,1106,8,2025,0.63,8.84
kabupaten,11,1106,9,2025,4.43,1.87
kabupaten,11,1106,10,2025,2.02,5.94
kabupaten,11,1106,11,2025,8.74,1.2
kabupaten,11,1106,12,2025,6.42,6.54
kabupaten,11,1106,13,2025,-0.13,0.32
kabupaten,11,1106,14,2025,9.62,6.31
kabupaten,11,1106,15,2025,5.96,1.79
kabupaten,11,1106,16,2025,6.95,2.53
kabupaten,11,1106,17,2025,0.38,1.47
kabupaten,11,1107,1,2021,0,38.79
kabupaten,11,1107,2,2021,0,3.5
kabupaten,11,1107,3,2021,0,2.78
kabupaten,11,1107,4,2021,0,0.13
kabupaten,11,1107,5,2021,0,0.01
kabupaten,11,1107,6,2021,0,7.87
kabupaten,11,1107,7,2021,0,15.01
kabupaten,11,1107,8,2021,0,5.95
kabupaten,11,1107,9,2021,0,1.09
kabupaten,11,1107,10,2021,0,2.76
kabupaten,11,1107,11,2021,0,1.48
kabupaten,11,1107,12,2021,0,3.4
kabupaten,11,1107,13,2021,0,0.54
kabupaten,11,1107,14,2021,0,9.11
kabupaten,11,1107,15,2021,0,2.42
kabupaten,11,1107,16,2021,0,3.37
kabupaten,11,1107,17,2021,0,1.8
kabupaten,11,1107,1,2022,2.28,38.15
kabupaten,11,1107,2,2022,1.33,3.41
kabupaten,11,1107,3,2022,3.5,2.77
kabupaten,11,1107,4,2022,3.37,0.13
kabupaten,11,1107,5,2022,8.14,0.01
kabupaten,11,1107,6,2022,1.83,7.71
kabupaten,11,1107,7,2022,6.39,15.35
kabupaten,11,1107,8,2022,8.48,6.21
kabupaten,11,1107,9,2022,30.91,1.37
kabupaten,11,1107,10,2022,9.7,2.91
kabupaten,11,1107,11,2022,-5.9,1.34
kabupaten,11,1107,12,2022,4.67,3.42
kabupaten,11,1107,13,2022,9.21,0.57
kabupaten,11,1107,14,2022,0.16,8.77
kabupaten,11,1107,15,2022,2.35,2.38
kabupaten,11,1107,16,2022,9.85,3.56
kabupaten,11,1107,17,2022,11.79,1.93
kabupaten,11,1107,1,2023,7.56,39.48
kabupaten,11,1107,2,2023,4.72,3.43
kabupaten,11,1107,3,2023,-1.56,2.62
kabupaten,11,1107,4,2023,6.53,0.13
kabupaten,11,1107,5,2023,7.53,0.01
kabupaten,11,1107,6,2023,-8.06,6.82
kabupaten,11,1107,7,2023,7.48,15.88
kabupaten,11,1107,8,2023,6.72,6.37
kabupaten,11,1107,9,2023,9.09,1.44
kabupaten,11,1107,10,2023,3.54,2.9
kabupaten,11,1107,11,2023,-14.52,1.1
kabupaten,11,1107,12,2023,5.2,3.46
kabupaten,11,1107,13,2023,-2.19,0.54
kabupaten,11,1107,14,2023,-2.95,8.19
kabupaten,11,1107,15,2023,1.94,2.34
kabupaten,11,1107,16,2023,-2.88,3.33
kabupaten,11,1107,17,2023,5.49,1.96
kabupaten,11,1107,1,2024,0.46,38.08
kabupaten,11,1107,2,2024,6.04,3.5
kabupaten,11,1107,3,2024,4.25,2.62
kabupaten,11,1107,4,2024,2.34,0.13
kabupaten,11,1107,5,2024,3,0.01
kabupaten,11,1107,6,2024,14.49,7.5
kabupaten,11,1107,7,2024,3.54,15.78
kabupaten,11,1107,8,2024,13.81,6.97
kabupaten,11,1107,9,2024,6.13,1.47
kabupaten,11,1107,10,2024,1.4,2.82
kabupaten,11,1107,11,2024,18.66,1.25
kabupaten,11,1107,12,2024,2.41,3.4
kabupaten,11,1107,13,2024,3.79,0.54
kabupaten,11,1107,14,2024,6.53,8.38
kabupaten,11,1107,15,2024,3.37,2.32
kabupaten,11,1107,16,2024,2.52,3.27
kabupaten,11,1107,17,2024,3.97,1.96
kabupaten,11,1107,1,2025,6.09,39.22
kabupaten,11,1107,2,2025,-4.96,3.23
kabupaten,11,1107,3,2025,2.43,2.61
kabupaten,11,1107,4,2025,0.26,0.12
kabupaten,11,1107,5,2025,0,0.01
kabupaten,11,1107,6,2025,-11.64,6.43
kabupaten,11,1107,7,2025,4.58,16.03
kabupaten,11,1107,8,2025,3.69,7.01
kabupaten,11,1107,9,2025,1.76,1.45
kabupaten,11,1107,10,2025,1.27,2.78
kabupaten,11,1107,11,2025,6.32,1.29
kabupaten,11,1107,12,2025,3.13,3.41
kabupaten,11,1107,13,2025,-2.82,0.51
kabupaten,11,1107,14,2025,4.33,8.49
kabupaten,11,1107,15,2025,2.5,2.31
kabupaten,11,1107,16,2025,0.38,3.19
kabupaten,11,1107,17,2025,0.57,1.91
kabupaten,11,1108,1,2021,0,29.87
kabupaten,11,1108,2,2021,0,23.46
kabupaten,11,1108,3,2021,0,9.42
kabupaten,11,1108,4,2021,0,0.11
kabupaten,11,1108,5,2021,0,0.02
kabupaten,11,1108,6,2021,0,5.16
kabupaten,11,1108,7,2021,0,11.61
kabupaten,11,1108,8,2021,0,5.15
kabupaten,11,1108,9,2021,0,0.44
kabupaten,11,1108,10,2021,0,1.97
kabupaten,11,1108,11,2021,0,1.24
kabupaten,11,1108,12,2021,0,2.71
kabupaten,11,1108,13,2021,0,0.29
kabupaten,11,1108,14,2021,0,2.99
kabupaten,11,1108,15,2021,0,1.78
kabupaten,11,1108,16,2021,0,2.68
kabupaten,11,1108,17,2021,0,1.1
kabupaten,11,1108,1,2022,2.63,29.28
kabupaten,11,1108,2,2022,10.46,24.76
kabupaten,11,1108,3,2022,1.65,9.15
kabupaten,11,1108,4,2022,1.37,0.1
kabupaten,11,1108,5,2022,8.78,0.02
kabupaten,11,1108,6,2022,-1.51,4.85
kabupaten,11,1108,7,2022,4.8,11.62
kabupaten,11,1108,8,2022,3.76,5.1
kabupaten,11,1108,9,2022,20.5,0.5
kabupaten,11,1108,10,2022,0,1.88
kabupaten,11,1108,11,2022,-2.43,1.16
kabupaten,11,1108,12,2022,4.1,2.69
kabupaten,11,1108,13,2022,4.99,0.29
kabupaten,11,1108,14,2022,-0.01,2.86
kabupaten,11,1108,15,2022,1.99,1.74
kabupaten,11,1108,16,2022,10.23,2.82
kabupaten,11,1108,17,2022,11.47,1.17
kabupaten,11,1108,1,2023,5.62,30.77
kabupaten,11,1108,2,2023,-7.24,22.85
kabupaten,11,1108,3,2023,-7.5,8.42
kabupaten,11,1108,4,2023,5.12,0.11
kabupaten,11,1108,5,2023,7.03,0.02
kabupaten,11,1108,6,2023,-1.06,4.78
kabupaten,11,1108,7,2023,8.42,12.54
kabupaten,11,1108,8,2023,4.12,5.28
kabupaten,11,1108,9,2023,8.93,0.55
kabupaten,11,1108,10,2023,3.8,1.94
kabupaten,11,1108,11,2023,-9.83,1.04
kabupaten,11,1108,12,2023,4.38,2.8
kabupaten,11,1108,13,2023,-1.48,0.28
kabupaten,11,1108,14,2023,-0.64,2.82
kabupaten,11,1108,15,2023,3.39,1.79
kabupaten,11,1108,16,2023,-0.84,2.79
kabupaten,11,1108,17,2023,5.89,1.23
kabupaten,11,1108,1,2024,4.29,30.96
kabupaten,11,1108,2,2024,-0.37,21.96
kabupaten,11,1108,3,2024,2.08,8.29
kabupaten,11,1108,4,2024,8.05,0.11
kabupaten,11,1108,5,2024,17.76,0.03
kabupaten,11,1108,6,2024,4.63,4.82
kabupaten,11,1108,7,2024,3.46,12.51
kabupaten,11,1108,8,2024,15.48,5.89
kabupaten,11,1108,9,2024,2.77,0.54
kabupaten,11,1108,10,2024,2.72,1.92
kabupaten,11,1108,11,2024,21.32,1.22
kabupaten,11,1108,12,2024,3.17,2.78
kabupaten,11,1108,13,2024,3.91,0.28
kabupaten,11,1108,14,2024,7.93,2.94
kabupaten,11,1108,15,2024,3.26,1.78
kabupaten,11,1108,16,2024,1.79,2.73
kabupaten,11,1108,17,2024,4.21,1.24
kabupaten,11,1108,1,2025,3.01,31.59
kabupaten,11,1108,2,2025,-7.67,20.08
kabupaten,11,1108,3,2025,7.92,8.86
kabupaten,11,1108,4,2025,1.71,0.11
kabupaten,11,1108,5,2025,-3.51,0.03
kabupaten,11,1108,6,2025,-6.98,4.44
kabupaten,11,1108,7,2025,3.33,12.81
kabupaten,11,1108,8,2025,5.15,6.13
kabupaten,11,1108,9,2025,4.3,0.56
kabupaten,11,1108,10,2025,2.66,1.96
kabupaten,11,1108,11,2025,3.94,1.25
kabupaten,11,1108,12,2025,3.99,2.87
kabupaten,11,1108,13,2025,-0.15,0.28
kabupaten,11,1108,14,2025,9.62,3.19
kabupaten,11,1108,15,2025,2.82,1.81
kabupaten,11,1108,16,2025,2.4,2.77
kabupaten,11,1108,17,2025,1.77,1.25
kabupaten,11,1109,1,2021,0,33.31
kabupaten,11,1109,2,2021,0,1.73
kabupaten,11,1109,3,2021,0,1.32
kabupaten,11,1109,4,2021,0,0.2
kabupaten,11,1109,5,2021,0,0.01
kabupaten,11,1109,6,2021,0,9.84
kabupaten,11,1109,7,2021,0,12.93
kabupaten,11,1109,8,2021,0,2.52
kabupaten,11,1109,9,2021,0,1.34
kabupaten,11,1109,10,2021,0,5.12
kabupaten,11,1109,11,2021,0,1.72
kabupaten,11,1109,12,2021,0,3.68
kabupaten,11,1109,13,2021,0,0.16
kabupaten,11,1109,14,2021,0,16.34
kabupaten,11,1109,15,2021,0,3.58
kabupaten,11,1109,16,2021,0,5.19
kabupaten,11,1109,17,2021,0,1.03
kabupaten,11,1109,1,2022,4.65,33.45
kabupaten,11,1109,2,2022,0.35,1.66
kabupaten,11,1109,3,2022,5.56,1.34
kabupaten,11,1109,4,2022,2.42,0.2
kabupaten,11,1109,5,2022,5.88,0.01
kabupaten,11,1109,6,2022,0.04,9.44
kabupaten,11,1109,7,2022,5.8,13.13
kabupaten,11,1109,8,2022,5.18,2.54
kabupaten,11,1109,9,2022,18.99,1.53
kabupaten,11,1109,10,2022,12.04,5.51
kabupaten,11,1109,11,2022,0.07,1.65
kabupaten,11,1109,12,2022,3.41,3.65
kabupaten,11,1109,13,2022,7.34,0.16
kabupaten,11,1109,14,2022,-0.2,15.64
kabupaten,11,1109,15,2022,1.94,3.5
kabupaten,11,1109,16,2022,9.92,5.48
kabupaten,11,1109,17,2022,11.81,1.1
kabupaten,11,1109,1,2023,8.61,34.72
kabupaten,11,1109,2,2023,4.32,1.66
kabupaten,11,1109,3,2023,1.42,1.3
kabupaten,11,1109,4,2023,4.72,0.2
kabupaten,11,1109,5,2023,5.56,0.01
kabupaten,11,1109,6,2023,5.04,9.48
kabupaten,11,1109,7,2023,4.84,13.15
kabupaten,11,1109,8,2023,5.88,2.57
kabupaten,11,1109,9,2023,11.2,1.63
kabupaten,11,1109,10,2023,4.48,5.5
kabupaten,11,1109,11,2023,-10.88,1.41
kabupaten,11,1109,12,2023,3.13,3.6
kabupaten,11,1109,13,2023,-1.8,0.15
kabupaten,11,1109,14,2023,-0.33,14.9
kabupaten,11,1109,15,2023,1.34,3.39
kabupaten,11,1109,16,2023,-0.54,5.21
kabupaten,11,1109,17,2023,6.57,1.12
kabupaten,11,1109,1,2024,4.49,34.74
kabupaten,11,1109,2,2024,1.07,1.6
kabupaten,11,1109,3,2024,0.81,1.26
kabupaten,11,1109,4,2024,5.92,0.2
kabupaten,11,1109,5,2024,0,0.01
kabupaten,11,1109,6,2024,2.34,9.29
kabupaten,11,1109,7,2024,5.85,13.33
kabupaten,11,1109,8,2024,7.69,2.65
kabupaten,11,1109,9,2024,2.11,1.59
kabupaten,11,1109,10,2024,6.25,5.6
kabupaten,11,1109,11,2024,11.11,1.5
kabupaten,11,1109,12,2024,4.79,3.61
kabupaten,11,1109,13,2024,3.3,0.15
kabupaten,11,1109,14,2024,4,14.84
kabupaten,11,1109,15,2024,5.66,3.43
kabupaten,11,1109,16,2024,1.7,5.07
kabupaten,11,1109,17,2024,4.78,1.13
kabupaten,11,1109,1,2025,5.03,35.15
kabupaten,11,1109,2,2025,0.23,1.55
kabupaten,11,1109,3,2025,5.62,1.28
kabupaten,11,1109,4,2025,0,0.19
kabupaten,11,1109,5,2025,10.53,0.01
kabupaten,11,1109,6,2025,0.05,8.95
kabupaten,11,1109,7,2025,4.12,13.37
kabupaten,11,1109,8,2025,4.3,2.66
kabupaten,11,1109,9,2025,4.3,1.6
kabupaten,11,1109,10,2025,3.17,5.56
kabupaten,11,1109,11,2025,5.81,1.52
kabupaten,11,1109,12,2025,3.79,3.61
kabupaten,11,1109,13,2025,0,0.14
kabupaten,11,1109,14,2025,3.73,14.83
kabupaten,11,1109,15,2025,5.07,3.47
kabupaten,11,1109,16,2025,1.95,4.98
kabupaten,11,1109,17,2025,2.21,1.11
kabupaten,11,1110,1,2021,0,27.79
kabupaten,11,1110,2,2021,0,1.34
kabupaten,11,1110,3,2021,0,4.47
kabupaten,11,1110,4,2021,0,0.26
kabupaten,11,1110,5,2021,0,0.04
kabupaten,11,1110,6,2021,0,10.82
kabupaten,11,1110,7,2021,0,13.03
kabupaten,11,1110,8,2021,0,5.37
kabupaten,11,1110,9,2021,0,1.03
kabupaten,11,1110,10,2021,0,4.93
kabupaten,11,1110,11,2021,0,2.12
kabupaten,11,1110,12,2021,0,3.42
kabupaten,11,1110,13,2021,0,0.66
kabupaten,11,1110,14,2021,0,15.19
kabupaten,11,1110,15,2021,0,3.3
kabupaten,11,1110,16,2021,0,4.99
kabupaten,11,1110,17,2021,0,1.23
kabupaten,11,1110,1,2022,3.76,27.83
kabupaten,11,1110,2,2022,0.08,1.3
kabupaten,11,1110,3,2022,6.74,4.6
kabupaten,11,1110,4,2022,1.76,0.25
kabupaten,11,1110,5,2022,10,0.05
kabupaten,11,1110,6,2022,-2.36,10.2
kabupaten,11,1110,7,2022,5.89,13.32
kabupaten,11,1110,8,2022,5.83,5.48
kabupaten,11,1110,9,2022,16.41,1.16
kabupaten,11,1110,10,2022,9.99,5.23
kabupaten,11,1110,11,2022,-5.84,1.92
kabupaten,11,1110,12,2022,3.99,3.43
kabupaten,11,1110,13,2022,8.15,0.69
kabupaten,11,1110,14,2022,-0.43,14.6
kabupaten,11,1110,15,2022,3.59,3.3
kabupaten,11,1110,16,2022,9.8,5.28
kabupaten,11,1110,17,2022,12.66,1.34
kabupaten,11,1110,1,2023,5.14,28.27
kabupaten,11,1110,2,2023,3.59,1.3
kabupaten,11,1110,3,2023,0.62,4.47
kabupaten,11,1110,4,2023,4.32,0.25
kabupaten,11,1110,5,2023,2.27,0.05
kabupaten,11,1110,6,2023,2.77,10.13
kabupaten,11,1110,7,2023,5.3,13.55
kabupaten,11,1110,8,2023,4.66,5.54
kabupaten,11,1110,9,2023,8.1,1.21
kabupaten,11,1110,10,2023,4.56,5.28
kabupaten,11,1110,11,2023,-4.4,1.78
kabupaten,11,1110,12,2023,3.87,3.45
kabupaten,11,1110,13,2023,-0.24,0.67
kabupaten,11,1110,14,2023,1.84,14.36
kabupaten,11,1110,15,2023,0.98,3.22
kabupaten,11,1110,16,2023,0.14,5.11
kabupaten,11,1110,17,2023,5.74,1.37
kabupaten,11,1110,1,2024,0.6,27.49
kabupaten,11,1110,2,2024,1.21,1.27
kabupaten,11,1110,3,2024,4.04,4.5
kabupaten,11,1110,4,2024,6.21,0.26
kabupaten,11,1110,5,2024,2.22,0.05
kabupaten,11,1110,6,2024,2.74,10.05
kabupaten,11,1110,7,2024,2.47,13.42
kabupaten,11,1110,8,2024,14,6.11
kabupaten,11,1110,9,2024,2.82,1.2
kabupaten,11,1110,10,2024,1.81,5.2
kabupaten,11,1110,11,2024,18.58,2.03
kabupaten,11,1110,12,2024,2.95,3.43
kabupaten,11,1110,13,2024,3.15,0.66
kabupaten,11,1110,14,2024,5.48,14.64
kabupaten,11,1110,15,2024,4.19,3.25
kabupaten,11,1110,16,2024,2.43,5.06
kabupaten,11,1110,17,2024,4.51,1.38
kabupaten,11,1110,1,2025,7.39,28.54
kabupaten,11,1110,2,2025,0.36,1.23
kabupaten,11,1110,3,2025,3.77,4.51
kabupaten,11,1110,4,2025,0.19,0.25
kabupaten,11,1110,5,2025,-2.17,0.04
kabupaten,11,1110,6,2025,-5.41,9.2
kabupaten,11,1110,7,2025,2.89,13.35
kabupaten,11,1110,8,2025,6.88,6.31
kabupaten,11,1110,9,2025,3.2,1.2
kabupaten,11,1110,10,2025,2.21,5.14
kabupaten,11,1110,11,2025,2.09,2.01
kabupaten,11,1110,12,2025,4.18,3.45
kabupaten,11,1110,13,2025,-0.08,0.64
kabupaten,11,1110,14,2025,2.22,14.47
kabupaten,11,1110,15,2025,3.06,3.23
kabupaten,11,1110,16,2025,3.02,5.04
kabupaten,11,1110,17,2025,2.08,1.37
kabupaten,11,1111,1,2021,0,30.24
kabupaten,11,1111,2,2021,0,2.34
kabupaten,11,1111,3,2021,0,1.45
kabupaten,11,1111,4,2021,0,0.1
kabupaten,11,1111,5,2021,0,0.05
kabupaten,11,1111,6,2021,0,9.39
kabupaten,11,1111,7,2021,0,25.11
kabupaten,11,1111,8,2021,0,8.94
kabupaten,11,1111,9,2021,0,1.03
kabupaten,11,1111,10,2021,0,3.16
kabupaten,11,1111,11,2021,0,1.04
kabupaten,11,1111,12,2021,0,3.12
kabupaten,11,1111,13,2021,0,0.29
kabupaten,11,1111,14,2021,0,8.01
kabupaten,11,1111,15,2021,0,1.79
kabupaten,11,1111,16,2021,0,2.61
kabupaten,11,1111,17,2021,0,1.29
kabupaten,11,1111,1,2022,3.53,30
kabupaten,11,1111,2,2022,1.71,2.28
kabupaten,11,1111,3,2022,3.7,1.44
kabupaten,11,1111,4,2022,5.82,0.1
kabupaten,11,1111,5,2022,9.46,0.05
kabupaten,11,1111,6,2022,0.73,9.07
kabupaten,11,1111,7,2022,5.62,25.41
kabupaten,11,1111,8,2022,5.33,9.03
kabupaten,11,1111,9,2022,30.59,1.29
kabupaten,11,1111,10,2022,10.32,3.34
kabupaten,11,1111,11,2022,-1.64,0.98
kabupaten,11,1111,12,2022,3.49,3.09
kabupaten,11,1111,13,2022,11.02,0.31
kabupaten,11,1111,14,2022,-0.08,7.67
kabupaten,11,1111,15,2022,3.26,1.77
kabupaten,11,1111,16,2022,9.85,2.75
kabupaten,11,1111,17,2022,11.49,1.38
kabupaten,11,1111,1,2023,4.11,29.92
kabupaten,11,1111,2,2023,2.57,2.24
kabupaten,11,1111,3,2023,-1.76,1.36
kabupaten,11,1111,4,2023,3.99,0.1
kabupaten,11,1111,5,2023,3.22,0.05
kabupaten,11,1111,6,2023,2.46,8.9
kabupaten,11,1111,7,2023,7.75,26.23
kabupaten,11,1111,8,2023,4.15,9.01
kabupaten,11,1111,9,2023,9.42,1.36
kabupaten,11,1111,10,2023,4.31,3.34
kabupaten,11,1111,11,2023,-7.03,0.88
kabupaten,11,1111,12,2023,2.13,3.03
kabupaten,11,1111,13,2023,-1.33,0.3
kabupaten,11,1111,14,2023,2.91,7.57
kabupaten,11,1111,15,2023,1.81,1.73
kabupaten,11,1111,16,2023,-1.11,2.61
kabupaten,11,1111,17,2023,4.44,1.38
kabupaten,11,1111,1,2024,1,28.91
kabupaten,11,1111,2,2024,1.13,2.17
kabupaten,11,1111,3,2024,1.63,1.32
kabupaten,11,1111,4,2024,6.22,0.11
kabupaten,11,1111,5,2024,1.15,0.05
kabupaten,11,1111,6,2024,4.58,8.91
kabupaten,11,1111,7,2024,4.77,26.29
kabupaten,11,1111,8,2024,16.75,10.06
kabupaten,11,1111,9,2024,0.85,1.31
kabupaten,11,1111,10,2024,1.49,3.24
kabupaten,11,1111,11,2024,17.19,0.98
kabupaten,11,1111,12,2024,2.43,2.97
kabupaten,11,1111,13,2024,4.15,0.3
kabupaten,11,1111,14,2024,7.25,7.76
kabupaten,11,1111,15,2024,2.67,1.7
kabupaten,11,1111,16,2024,2.23,2.55
kabupaten,11,1111,17,2024,3.73,1.37
kabupaten,11,1111,1,2025,5.67,29.59
kabupaten,11,1111,2,2025,-2.94,2.04
kabupaten,11,1111,3,2025,5.49,1.35
kabupaten,11,1111,4,2025,-3.69,0.1
kabupaten,11,1111,5,2025,-5.03,0.05
kabupaten,11,1111,6,2025,-7.19,8.01
kabupaten,11,1111,7,2025,2.65,26.14
kabupaten,11,1111,8,2025,9.87,10.71
kabupaten,11,1111,9,2025,3.68,1.31
kabupaten,11,1111,10,2025,1.89,3.2
kabupaten,11,1111,11,2025,9.44,1.04
kabupaten,11,1111,12,2025,3.57,2.98
kabupaten,11,1111,13,2025,-1.66,0.28
kabupaten,11,1111,14,2025,2.94,7.74
kabupaten,11,1111,15,2025,2.62,1.69
kabupaten,11,1111,16,2025,1.56,2.51
kabupaten,11,1111,17,2025,-3.56,1.28
kabupaten,11,1112,1,2021,0,28.98
kabupaten,11,1112,2,2021,0,1.35
kabupaten,11,1112,3,2021,0,2.46
kabupaten,11,1112,4,2021,0,0.13
kabupaten,11,1112,5,2021,0,0.01
kabupaten,11,1112,6,2021,0,15.01
kabupaten,11,1112,7,2021,0,17.67
kabupaten,11,1112,8,2021,0,6.3
kabupaten,11,1112,9,2021,0,0.65
kabupaten,11,1112,10,2021,0,2.84
kabupaten,11,1112,11,2021,0,1.92
kabupaten,11,1112,12,2021,0,2.97
kabupaten,11,1112,13,2021,0,0.32
kabupaten,11,1112,14,2021,0,9.54
kabupaten,11,1112,15,2021,0,2.67
kabupaten,11,1112,16,2021,0,4.06
kabupaten,11,1112,17,2021,0,3.15
kabupaten,11,1112,1,2022,1.97,28.45
kabupaten,11,1112,2,2022,1.37,1.32
kabupaten,11,1112,3,2022,6.5,2.52
kabupaten,11,1112,4,2022,2.81,0.13
kabupaten,11,1112,5,2022,10,0.01
kabupaten,11,1112,6,2022,0.59,14.53
kabupaten,11,1112,7,2022,7.22,18.24
kabupaten,11,1112,8,2022,5.36,6.39
kabupaten,11,1112,9,2022,21.34,0.75
kabupaten,11,1112,10,2022,9.55,2.99
kabupaten,11,1112,11,2022,-1.39,1.82
kabupaten,11,1112,12,2022,2.31,2.92
kabupaten,11,1112,13,2022,9.15,0.33
kabupaten,11,1112,14,2022,-0.01,9.18
kabupaten,11,1112,15,2022,5.75,2.72
kabupaten,11,1112,16,2022,9.38,4.28
kabupaten,11,1112,17,2022,12.82,3.42
kabupaten,11,1112,1,2023,2.28,28
kabupaten,11,1112,2,2023,3.94,1.32
kabupaten,11,1112,3,2023,2.75,2.49
kabupaten,11,1112,4,2023,6.2,0.13
kabupaten,11,1112,5,2023,4.55,0.01
kabupaten,11,1112,6,2023,4.17,14.57
kabupaten,11,1112,7,2023,8.43,19.03
kabupaten,11,1112,8,2023,5.57,6.49
kabupaten,11,1112,9,2023,7.86,0.78
kabupaten,11,1112,10,2023,4.34,3.01
kabupaten,11,1112,11,2023,-7.15,1.63
kabupaten,11,1112,12,2023,2.43,2.88
kabupaten,11,1112,13,2023,-1.69,0.32
kabupaten,11,1112,14,2023,3.27,9.12
kabupaten,11,1112,15,2023,2.18,2.67
kabupaten,11,1112,16,2023,-0.12,4.11
kabupaten,11,1112,17,2023,4.79,3.45
kabupaten,11,1112,1,2024,3.69,27.85
kabupaten,11,1112,2,2024,5.04,1.33
kabupaten,11,1112,3,2024,3.45,2.47
kabupaten,11,1112,4,2024,5.14,0.13
kabupaten,11,1112,5,2024,8.7,0.01
kabupaten,11,1112,6,2024,1.45,14.18
kabupaten,11,1112,7,2024,3.58,18.91
kabupaten,11,1112,8,2024,7.36,6.68
kabupaten,11,1112,9,2024,4.86,0.79
kabupaten,11,1112,10,2024,3.29,2.98
kabupaten,11,1112,11,2024,15.3,1.8
kabupaten,11,1112,12,2024,1.7,2.81
kabupaten,11,1112,13,2024,4.31,0.32
kabupaten,11,1112,14,2024,8.33,9.48
kabupaten,11,1112,15,2024,6.41,2.73
kabupaten,11,1112,16,2024,3.61,4.08
kabupaten,11,1112,17,2024,4.44,3.46
kabupaten,11,1112,1,2025,7.12,28.66
kabupaten,11,1112,2,2025,4.24,1.33
kabupaten,11,1112,3,2025,6.02,2.52
kabupaten,11,1112,4,2025,2.89,0.13
kabupaten,11,1112,5,2025,8,0.01
kabupaten,11,1112,6,2025,-9,12.39
kabupaten,11,1112,7,2025,7.19,19.47
kabupaten,11,1112,8,2025,9.09,7
kabupaten,11,1112,9,2025,7.06,0.81
kabupaten,11,1112,10,2025,1.82,2.91
kabupaten,11,1112,11,2025,4.51,1.81
kabupaten,11,1112,12,2025,7.65,2.9
kabupaten,11,1112,13,2025,0.64,0.3
kabupaten,11,1112,14,2025,3.84,9.46
kabupaten,11,1112,15,2025,6.82,2.8
kabupaten,11,1112,16,2025,3.39,4.06
kabupaten,11,1112,17,2025,3.48,3.43
kabupaten,11,1113,1,2021,0,39.57
kabupaten,11,1113,2,2021,0,1.5
kabupaten,11,1113,3,2021,0,10.59
kabupaten,11,1113,4,2021,0,0.11
kabupaten,11,1113,5,2021,0,0.03
kabupaten,11,1113,6,2021,0,8.14
kabupaten,11,1113,7,2021,0,12.21
kabupaten,11,1113,8,2021,0,2.2
kabupaten,11,1113,9,2021,0,0.99
kabupaten,11,1113,10,2021,0,1.77
kabupaten,11,1113,11,2021,0,1.09
kabupaten,11,1113,12,2021,0,3.11
kabupaten,11,1113,13,2021,0,0.17
kabupaten,11,1113,14,2021,0,10.28
kabupaten,11,1113,15,2021,0,3.13
kabupaten,11,1113,16,2021,0,4.65
kabupaten,11,1113,17,2021,0,0.47
kabupaten,11,1113,1,2022,4.19,39.83
kabupaten,11,1113,2,2022,0.2,1.46
kabupaten,11,1113,3,2022,4.01,10.64
kabupaten,11,1113,4,2022,3.35,0.11
kabupaten,11,1113,5,2022,7.27,0.03
kabupaten,11,1113,6,2022,0.43,7.9
kabupaten,11,1113,7,2022,3.87,12.25
kabupaten,11,1113,8,2022,4.73,2.22
kabupaten,11,1113,9,2022,8.15,1.04
kabupaten,11,1113,10,2022,8.34,1.85
kabupaten,11,1113,11,2022,-5.53,0.99
kabupaten,11,1113,12,2022,1.4,3.04
kabupaten,11,1113,13,2022,2.1,0.17
kabupaten,11,1113,14,2022,-0.02,9.93
kabupaten,11,1113,15,2022,2.49,3.1
kabupaten,11,1113,16,2022,9.99,4.94
kabupaten,11,1113,17,2022,11.75,0.51
kabupaten,11,1113,1,2023,3.1,39.5
kabupaten,11,1113,2,2023,1.07,1.41
kabupaten,11,1113,3,2023,1.96,10.44
kabupaten,11,1113,4,2023,4.17,0.11
kabupaten,11,1113,5,2023,5.08,0.03
kabupaten,11,1113,6,2023,3.77,7.88
kabupaten,11,1113,7,2023,9.39,12.89
kabupaten,11,1113,8,2023,5.26,2.25
kabupaten,11,1113,9,2023,9.42,1.09
kabupaten,11,1113,10,2023,5.12,1.88
kabupaten,11,1113,11,2023,-9.69,0.86
kabupaten,11,1113,12,2023,4.87,3.07
kabupaten,11,1113,13,2023,0.29,0.16
kabupaten,11,1113,14,2023,6.86,10.2
kabupaten,11,1113,15,2023,2.63,3.06
kabupaten,11,1113,16,2023,-1.57,4.68
kabupaten,11,1113,17,2023,3.86,0.5
kabupaten,11,1113,1,2024,-1.17,37.8
kabupaten,11,1113,2,2024,-0.36,1.37
kabupaten,11,1113,3,2024,3.4,10.45
kabupaten,11,1113,4,2024,7.11,0.11
kabupaten,11,1113,5,2024,3.23,0.03
kabupaten,11,1113,6,2024,6.78,8.15
kabupaten,11,1113,7,2024,3.69,12.94
kabupaten,11,1113,8,2024,15.77,2.52
kabupaten,11,1113,9,2024,2.88,1.09
kabupaten,11,1113,10,2024,2.48,1.86
kabupaten,11,1113,11,2024,21.57,1.01
kabupaten,11,1113,12,2024,4.05,3.09
kabupaten,11,1113,13,2024,5.57,0.16
kabupaten,11,1113,14,2024,13.41,11.21
kabupaten,11,1113,15,2024,4.27,3.09
kabupaten,11,1113,16,2024,1.72,4.61
kabupaten,11,1113,17,2024,4.92,0.51
kabupaten,11,1113,1,2025,4.97,38.83
kabupaten,11,1113,2,2025,-0.23,1.33
kabupaten,11,1113,3,2025,3.39,10.57
kabupaten,11,1113,4,2025,-17.01,0.09
kabupaten,11,1113,5,2025,56.25,0.04
kabupaten,11,1113,6,2025,-8.64,7.29
kabupaten,11,1113,7,2025,1.35,12.84
kabupaten,11,1113,8,2025,4.37,2.58
kabupaten,11,1113,9,2025,0.38,1.07
kabupaten,11,1113,10,2025,2.46,1.87
kabupaten,11,1113,11,2025,3.05,1.02
kabupaten,11,1113,12,2025,5.73,3.2
kabupaten,11,1113,13,2025,11.11,0.18
kabupaten,11,1113,14,2025,-1.96,10.75
kabupaten,11,1113,15,2025,4.47,3.15
kabupaten,11,1113,16,2025,3.38,4.66
kabupaten,11,1113,17,2025,6.19,0.53
kabupaten,11,1114,1,2021,0,29.86
kabupaten,11,1114,2,2021,0,3.69
kabupaten,11,1114,3,2021,0,3.49
kabupaten,11,1114,4,2021,0,0.15
kabupaten,11,1114,5,2021,0,0
kabupaten,11,1114,6,2021,0,16.53
kabupaten,11,1114,7,2021,0,10.67
kabupaten,11,1114,8,2021,0,8.12
kabupaten,11,1114,9,2021,0,0.74
kabupaten,11,1114,10,2021,0,3.59
kabupaten,11,1114,11,2021,0,0.44
kabupaten,11,1114,12,2021,0,4.03
kabupaten,11,1114,13,2021,0,0.15
kabupaten,11,1114,14,2021,0,12.2
kabupaten,11,1114,15,2021,0,3.2
kabupaten,11,1114,16,2021,0,2.61
kabupaten,11,1114,17,2021,0,0.54
kabupaten,11,1114,1,2022,4.94,30.22
kabupaten,11,1114,2,2022,-1.33,3.51
kabupaten,11,1114,3,2022,8.45,3.65
kabupaten,11,1114,4,2022,33.33,0.19
kabupaten,11,1114,5,2022,0,0
kabupaten,11,1114,6,2022,0.3,15.99
kabupaten,11,1114,7,2022,6.45,10.96
kabupaten,11,1114,8,2022,4.24,8.16
kabupaten,11,1114,9,2022,13.33,0.81
kabupaten,11,1114,10,2022,8.22,3.75
kabupaten,11,1114,11,2022,0,0.43
kabupaten,11,1114,12,2022,1.22,3.94
kabupaten,11,1114,13,2022,0,0.14
kabupaten,11,1114,14,2022,0,11.76
kabupaten,11,1114,15,2022,3.08,3.18
kabupaten,11,1114,16,2022,9.43,2.75
kabupaten,11,1114,17,2022,9.09,0.57
kabupaten,11,1114,1,2023,4.87,30.42
kabupaten,11,1114,2,2023,2.7,3.46
kabupaten,11,1114,3,2023,0,3.51
kabupaten,11,1114,4,2023,0,0.18
kabupaten,11,1114,5,2023,0,0
kabupaten,11,1114,6,2023,2.67,15.76
kabupaten,11,1114,7,2023,7.79,11.34
kabupaten,11,1114,8,2023,5.81,8.29
kabupaten,11,1114,9,2023,5.88,0.82
kabupaten,11,1114,10,2023,5.06,3.78
kabupaten,11,1114,11,2023,0,0.41
kabupaten,11,1114,12,2023,3.61,3.92
kabupaten,11,1114,13,2023,0,0.14
kabupaten,11,1114,14,2023,3.23,11.66
kabupaten,11,1114,15,2023,1.49,3.1
kabupaten,11,1114,16,2023,0,2.64
kabupaten,11,1114,17,2023,8.33,0.59
kabupaten,11,1114,1,2024,0.3,29.4
kabupaten,11,1114,2,2024,1.32,3.38
kabupaten,11,1114,3,2024,2.6,3.47
kabupaten,11,1114,4,2024,0,0.18
kabupaten,11,1114,5,2024,0,0
kabupaten,11,1114,6,2024,8.67,16.5
kabupaten,11,1114,7,2024,4.82,11.45
kabupaten,11,1114,8,2024,2.2,8.16
kabupaten,11,1114,9,2024,5.56,0.83
kabupaten,11,1114,10,2024,2.41,3.73
kabupaten,11,1114,11,2024,11.11,0.44
kabupaten,11,1114,12,2024,3.49,3.91
kabupaten,11,1114,13,2024,0,0.13
kabupaten,11,1114,14,2024,8.59,12.2
kabupaten,11,1114,15,2024,1.47,3.03
kabupaten,11,1114,16,2024,3.45,2.63
kabupaten,11,1114,17,2024,0,0.57
kabupaten,11,1114,1,2025,2.09,29.08
kabupaten,11,1114,2,2025,1.3,3.32
kabupaten,11,1114,3,2025,5.06,3.53
kabupaten,11,1114,4,2025,0,0.17
kabupaten,11,1114,5,2025,0,0
kabupaten,11,1114,6,2025,0.53,16.07
kabupaten,11,1114,7,2025,4.21,11.56
kabupaten,11,1114,8,2025,3.76,8.21
kabupaten,11,1114,9,2025,0,0.81
kabupaten,11,1114,10,2025,2.35,3.7
kabupaten,11,1114,11,2025,10,0.47
kabupaten,11,1114,12,2025,3.37,3.91
kabupaten,11,1114,13,2025,0,0.13
kabupaten,11,1114,14,2025,8.27,12.8
kabupaten,11,1114,15,2025,4.35,3.06
kabupaten,11,1114,16,2025,1.67,2.59
kabupaten,11,1114,17,2025,7.69,0.6
kabupaten,11,1115,1,2021,0,41.6
kabupaten,11,1115,2,2021,0,19.18
kabupaten,11,1115,3,2021,0,3.09
kabupaten,11,1115,4,2021,0,0.09
kabupaten,11,1115,5,2021,0,0.01
kabupaten,11,1115,6,2021,0,9.18
kabupaten,11,1115,7,2021,0,9.53
kabupaten,11,1115,8,2021,0,2.99
kabupaten,11,1115,9,2021,0,0.28
kabupaten,11,1115,10,2021,0,2.2
kabupaten,11,1115,11,2021,0,1.06
kabupaten,11,1115,12,2021,0,2.07
kabupaten,11,1115,13,2021,0,0.23
kabupaten,11,1115,14,2021,0,4.42
kabupaten,11,1115,15,2021,0,1.83
kabupaten,11,1115,16,2021,0,1.79
kabupaten,11,1115,17,2021,0,0.45
kabupaten,11,1115,1,2022,3.53,41.75
kabupaten,11,1115,2,2022,-1.55,18.3
kabupaten,11,1115,3,2022,7.73,3.23
kabupaten,11,1115,4,2022,2.64,0.09
kabupaten,11,1115,5,2022,7.41,0.01
kabupaten,11,1115,6,2022,0.38,8.93
kabupaten,11,1115,7,2022,7.06,9.89
kabupaten,11,1115,8,2022,10.49,3.2
kabupaten,11,1115,9,2022,34.71,0.36
kabupaten,11,1115,10,2022,12.01,2.39
kabupaten,11,1115,11,2022,-5.79,0.97
kabupaten,11,1115,12,2022,4.57,2.1
kabupaten,11,1115,13,2022,11.11,0.25
kabupaten,11,1115,14,2022,-0.02,4.28
kabupaten,11,1115,15,2022,4.06,1.85
kabupaten,11,1115,16,2022,9.92,1.91
kabupaten,11,1115,17,2022,13.91,0.5
kabupaten,11,1115,1,2023,13.82,44.48
kabupaten,11,1115,2,2023,-1.96,16.79
kabupaten,11,1115,3,2023,7.64,3.26
kabupaten,11,1115,4,2023,7.7,0.09
kabupaten,11,1115,5,2023,3.45,0.01
kabupaten,11,1115,6,2023,2.78,8.6
kabupaten,11,1115,7,2023,4.46,9.67
kabupaten,11,1115,8,2023,3.56,3.1
kabupaten,11,1115,9,2023,4.4,0.35
kabupaten,11,1115,10,2023,4.49,2.34
kabupaten,11,1115,11,2023,-0.31,0.9
kabupaten,11,1115,12,2023,4.19,2.05
kabupaten,11,1115,13,2023,0.99,0.24
kabupaten,11,1115,14,2023,2.01,4.09
kabupaten,11,1115,15,2023,1.74,1.76
kabupaten,11,1115,16,2023,0.74,1.8
kabupaten,11,1115,17,2023,3.98,0.49
kabupaten,11,1115,1,2024,-0.27,42.5
kabupaten,11,1115,2,2024,20.55,19.39
kabupaten,11,1115,3,2024,1.51,3.17
kabupaten,11,1115,4,2024,11.22,0.1
kabupaten,11,1115,5,2024,0,0.01
kabupaten,11,1115,6,2024,-2.13,8.06
kabupaten,11,1115,7,2024,3.9,9.62
kabupaten,11,1115,8,2024,6.34,3.16
kabupaten,11,1115,9,2024,1.69,0.34
kabupaten,11,1115,10,2024,0.99,2.26
kabupaten,11,1115,11,2024,13.99,0.99
kabupaten,11,1115,12,2024,6.54,2.09
kabupaten,11,1115,13,2024,1.03,0.23
kabupaten,11,1115,14,2024,3.46,4.06
kabupaten,11,1115,15,2024,5.57,1.78
kabupaten,11,1115,16,2024,2.28,1.76
kabupaten,11,1115,17,2024,5.28,0.49
kabupaten,11,1115,1,2025,4.81,42.81
kabupaten,11,1115,2,2025,10.8,20.65
kabupaten,11,1115,3,2025,-1.27,3
kabupaten,11,1115,4,2025,-0.13,0.09
kabupaten,11,1115,5,2025,1.67,0.01
kabupaten,11,1115,6,2025,-5.15,7.35
kabupaten,11,1115,7,2025,0.02,9.25
kabupaten,11,1115,8,2025,4.21,3.16
kabupaten,11,1115,9,2025,1.95,0.34
kabupaten,11,1115,10,2025,1.99,2.21
kabupaten,11,1115,11,2025,3,0.98
kabupaten,11,1115,12,2025,3.44,2.08
kabupaten,11,1115,13,2025,0.16,0.22
kabupaten,11,1115,14,2025,0.51,3.92
kabupaten,11,1115,15,2025,1.34,1.73
kabupaten,11,1115,16,2025,1.14,1.71
kabupaten,11,1115,17,2025,1.1,0.48
kabupaten,11,1116,1,2021,0,41.03
kabupaten,11,1116,2,2021,0,12.61
kabupaten,11,1116,3,2021,0,6.05
kabupaten,11,1116,4,2021,0,0.11
kabupaten,11,1116,5,2021,0,0.04
kabupaten,11,1116,6,2021,0,5.9
kabupaten,11,1116,7,2021,0,9.71
kabupaten,11,1116,8,2021,0,3.33
kabupaten,11,1116,9,2021,0,1.06
kabupaten,11,1116,10,2021,0,4.04
kabupaten,11,1116,11,2021,0,1.07
kabupaten,11,1116,12,2021,0,4.12
kabupaten,11,1116,13,2021,0,0.34
kabupaten,11,1116,14,2021,0,3.88
kabupaten,11,1116,15,2021,0,1.94
kabupaten,11,1116,16,2021,0,3.03
kabupaten,11,1116,17,2021,0,1.74
kabupaten,11,1116,1,2022,-0.36,39.59
kabupaten,11,1116,2,2022,9.8,13.41
kabupaten,11,1116,3,2022,11.63,6.54
kabupaten,11,1116,4,2022,0.45,0.11
kabupaten,11,1116,5,2022,8.09,0.04
kabupaten,11,1116,6,2022,1.14,5.78
kabupaten,11,1116,7,2022,1.56,9.55
kabupaten,11,1116,8,2022,4.32,3.37
kabupaten,11,1116,9,2022,23.31,1.27
kabupaten,11,1116,10,2022,4.31,4.08
kabupaten,11,1116,11,2022,-0.28,1.03
kabupaten,11,1116,12,2022,4.18,4.16
kabupaten,11,1116,13,2022,7.45,0.35
kabupaten,11,1116,14,2022,-0.01,3.75
kabupaten,11,1116,15,2022,0.17,1.88
kabupaten,11,1116,16,2022,9.78,3.22
kabupaten,11,1116,17,2022,11.49,1.88
kabupaten,11,1116,1,2023,2.19,39.56
kabupaten,11,1116,2,2023,-3.14,12.7
kabupaten,11,1116,3,2023,2.16,6.54
kabupaten,11,1116,4,2023,4.52,0.11
kabupaten,11,1116,5,2023,3.94,0.04
kabupaten,11,1116,6,2023,2.51,5.79
kabupaten,11,1116,7,2023,8.63,10.15
kabupaten,11,1116,8,2023,4.17,3.43
kabupaten,11,1116,9,2023,7.25,1.33
kabupaten,11,1116,10,2023,4.4,4.16
kabupaten,11,1116,11,2023,-8.81,0.92
kabupaten,11,1116,12,2023,3.69,4.21
kabupaten,11,1116,13,2023,-0.05,0.34
kabupaten,11,1116,14,2023,2.55,3.76
kabupaten,11,1116,15,2023,1.56,1.87
kabupaten,11,1116,16,2023,-0.58,3.13
kabupaten,11,1116,17,2023,5.91,1.94
kabupaten,11,1116,1,2024,3.98,39.4
kabupaten,11,1116,2,2024,6.73,12.99
kabupaten,11,1116,3,2024,4.28,6.53
kabupaten,11,1116,4,2024,4.47,0.11
kabupaten,11,1116,5,2024,2.27,0.04
kabupaten,11,1116,6,2024,2.89,5.7
kabupaten,11,1116,7,2024,1.48,9.86
kabupaten,11,1116,8,2024,12.47,3.7
kabupaten,11,1116,9,2024,2.36,1.3
kabupaten,11,1116,10,2024,2.91,4.1
kabupaten,11,1116,11,2024,20.01,1.06
kabupaten,11,1116,12,2024,3.8,4.19
kabupaten,11,1116,13,2024,3.1,0.34
kabupaten,11,1116,14,2024,4.15,3.75
kabupaten,11,1116,15,2024,4.88,1.88
kabupaten,11,1116,16,2024,2.22,3.07
kabupaten,11,1116,17,2024,6.89,1.99
kabupaten,11,1116,1,2025,3.63,40.44
kabupaten,11,1116,2,2025,-3.05,12.47
kabupaten,11,1116,3,2025,-0.6,6.43
kabupaten,11,1116,4,2025,-1.24,0.11
kabupaten,11,1116,5,2025,-1.85,0.04
kabupaten,11,1116,6,2025,-7.23,5.24
kabupaten,11,1116,7,2025,-0.87,9.68
kabupaten,11,1116,8,2025,5.19,3.85
kabupaten,11,1116,9,2025,-1.28,1.28
kabupaten,11,1116,10,2025,1.25,4.11
kabupaten,11,1116,11,2025,2.47,1.08
kabupaten,11,1116,12,2025,3.34,4.29
kabupaten,11,1116,13,2025,-3.36,0.32
kabupaten,11,1116,14,2025,-0.22,3.71
kabupaten,11,1116,15,2025,4.32,1.94
kabupaten,11,1116,16,2025,-0.22,3.03
kabupaten,11,1116,17,2025,0.37,1.98
kabupaten,11,1117,1,2021,0,50.3
kabupaten,11,1117,2,2021,0,0.77
kabupaten,11,1117,3,2021,0,2.2
kabupaten,11,1117,4,2021,0,0.1
kabupaten,11,1117,5,2021,0,0.02
kabupaten,11,1117,6,2021,0,15.35
kabupaten,11,1117,7,2021,0,6.64
kabupaten,11,1117,8,2021,0,4.64
kabupaten,11,1117,9,2021,0,0.38
kabupaten,11,1117,10,2021,0,1.53
kabupaten,11,1117,11,2021,0,2.16
kabupaten,11,1117,12,2021,0,2.03
kabupaten,11,1117,13,2021,0,0.22
kabupaten,11,1117,14,2021,0,8.02
kabupaten,11,1117,15,2021,0,1.97
kabupaten,11,1117,16,2021,0,2.52
kabupaten,11,1117,17,2021,0,1.15
kabupaten,11,1117,1,2022,4.1,50.63
kabupaten,11,1117,2,2022,1.53,0.75
kabupaten,11,1117,3,2022,1.97,2.17
kabupaten,11,1117,4,2022,2.06,0.1
kabupaten,11,1117,5,2022,8.97,0.02
kabupaten,11,1117,6,2022,0.95,14.99
kabupaten,11,1117,7,2022,4.05,6.68
kabupaten,11,1117,8,2022,5.81,4.75
kabupaten,11,1117,9,2022,7.04,0.39
kabupaten,11,1117,10,2022,5.02,1.56
kabupaten,11,1117,11,2022,1,2.11
kabupaten,11,1117,12,2022,1.31,1.99
kabupaten,11,1117,13,2022,4.92,0.22
kabupaten,11,1117,14,2022,0.1,7.76
kabupaten,11,1117,15,2022,3.38,1.97
kabupaten,11,1117,16,2022,9.52,2.67
kabupaten,11,1117,17,2022,11.82,1.24
kabupaten,11,1117,1,2023,7.72,51.83
kabupaten,11,1117,2,2023,3.66,0.74
kabupaten,11,1117,3,2023,1.2,2.09
kabupaten,11,1117,4,2023,5.29,0.1
kabupaten,11,1117,5,2023,3.53,0.02
kabupaten,11,1117,6,2023,2.56,14.61
kabupaten,11,1117,7,2023,7.32,6.82
kabupaten,11,1117,8,2023,4.99,4.74
kabupaten,11,1117,9,2023,5.33,0.39
kabupaten,11,1117,10,2023,6.6,1.58
kabupaten,11,1117,11,2023,-13.05,1.74
kabupaten,11,1117,12,2023,3.62,1.96
kabupaten,11,1117,13,2023,-0.47,0.21
kabupaten,11,1117,14,2023,2.71,7.57
kabupaten,11,1117,15,2023,2,1.91
kabupaten,11,1117,16,2023,-3.59,2.44
kabupaten,11,1117,17,2023,5.82,1.25
kabupaten,11,1117,1,2024,0.73,50.56
kabupaten,11,1117,2,2024,6.87,0.77
kabupaten,11,1117,3,2024,4.92,2.12
kabupaten,11,1117,4,2024,6.46,0.11
kabupaten,11,1117,5,2024,2.27,0.02
kabupaten,11,1117,6,2024,5.44,14.91
kabupaten,11,1117,7,2024,4.13,6.87
kabupaten,11,1117,8,2024,8.58,4.98
kabupaten,11,1117,9,2024,8.43,0.41
kabupaten,11,1117,10,2024,6.75,1.63
kabupaten,11,1117,11,2024,22.06,2.06
kabupaten,11,1117,12,2024,7.94,2.05
kabupaten,11,1117,13,2024,5.54,0.21
kabupaten,11,1117,14,2024,4.16,7.64
kabupaten,11,1117,15,2024,1.09,1.87
kabupaten,11,1117,16,2024,5.74,2.5
kabupaten,11,1117,17,2024,6.87,1.29
kabupaten,11,1117,1,2025,3.99,51.35
kabupaten,11,1117,2,2025,-0.19,0.75
kabupaten,11,1117,3,2025,4.42,2.17
kabupaten,11,1117,4,2025,-2.7,0.1
kabupaten,11,1117,5,2025,0,0.02
kabupaten,11,1117,6,2025,-2.42,14.22
kabupaten,11,1117,7,2025,-0.2,6.7
kabupaten,11,1117,8,2025,4.54,5.08
kabupaten,11,1117,9,2025,3.68,0.42
kabupaten,11,1117,10,2025,2.43,1.63
kabupaten,11,1117,11,2025,4.37,2.1
kabupaten,11,1117,12,2025,3.45,2.07
kabupaten,11,1117,13,2025,-0.11,0.21
kabupaten,11,1117,14,2025,0.7,7.51
kabupaten,11,1117,15,2025,3.97,1.9
kabupaten,11,1117,16,2025,2.16,2.5
kabupaten,11,1117,17,2025,1.74,1.29
kabupaten,11,1118,1,2021,0,44.93
kabupaten,11,1118,2,2021,0,1.5
kabupaten,11,1118,3,2021,0,2.94
kabupaten,11,1118,4,2021,0,0.14
kabupaten,11,1118,5,2021,0,0.02
kabupaten,11,1118,6,2021,0,7.93
kabupaten,11,1118,7,2021,0,10.88
kabupaten,11,1118,8,2021,0,4.32
kabupaten,11,1118,9,2021,0,0.87
kabupaten,11,1118,10,2021,0,3.61
kabupaten,11,1118,11,2021,0,0.76
kabupaten,11,1118,12,2021,0,4.09
kabupaten,11,1118,13,2021,0,0.29
kabupaten,11,1118,14,2021,0,10.71
kabupaten,11,1118,15,2021,0,3.68
kabupaten,11,1118,16,2021,0,2.71
kabupaten,11,1118,17,2021,0,0.64
kabupaten,11,1118,1,2022,3.25,44.79
kabupaten,11,1118,2,2022,3.26,1.5
kabupaten,11,1118,3,2022,5.3,2.99
kabupaten,11,1118,4,2022,5.82,0.14
kabupaten,11,1118,5,2022,20,0.02
kabupaten,11,1118,6,2022,-3.32,7.4
kabupaten,11,1118,7,2022,6.26,11.16
kabupaten,11,1118,8,2022,5.82,4.42
kabupaten,11,1118,9,2022,31.16,1.1
kabupaten,11,1118,10,2022,11.7,3.89
kabupaten,11,1118,11,2022,-6.37,0.68
kabupaten,11,1118,12,2022,3.97,4.1
kabupaten,11,1118,13,2022,11.47,0.31
kabupaten,11,1118,14,2022,-0.52,10.28
kabupaten,11,1118,15,2022,2.51,3.64
kabupaten,11,1118,16,2022,9.58,2.87
kabupaten,11,1118,17,2022,13.5,0.7
kabupaten,11,1118,1,2023,3.9,44.65
kabupaten,11,1118,2,2023,4.04,1.49
kabupaten,11,1118,3,2023,7.9,3.1
kabupaten,11,1118,4,2023,6.28,0.14
kabupaten,11,1118,5,2023,4.17,0.02
kabupaten,11,1118,6,2023,-0.34,7.08
kabupaten,11,1118,7,2023,8.16,11.58
kabupaten,11,1118,8,2023,9.97,4.66
kabupaten,11,1118,9,2023,10.48,1.16
kabupaten,11,1118,10,2023,4.63,3.9
kabupaten,11,1118,11,2023,-9.05,0.6
kabupaten,11,1118,12,2023,6.92,4.21
kabupaten,11,1118,13,2023,0.82,0.3
kabupaten,11,1118,14,2023,1.79,10.04
kabupaten,11,1118,15,2023,1.82,3.56
kabupaten,11,1118,16,2023,-0.28,2.74
kabupaten,11,1118,17,2023,14,0.76
kabupaten,11,1118,1,2024,2.84,43.92
kabupaten,11,1118,2,2024,0.05,1.43
kabupaten,11,1118,3,2024,3.78,3.07
kabupaten,11,1118,4,2024,2.22,0.14
kabupaten,11,1118,5,2024,2,0.02
kabupaten,11,1118,6,2024,1.03,6.84
kabupaten,11,1118,7,2024,6.24,11.77
kabupaten,11,1118,8,2024,13.67,5.06
kabupaten,11,1118,9,2024,6.58,1.19
kabupaten,11,1118,10,2024,4.67,3.91
kabupaten,11,1118,11,2024,24.19,0.71
kabupaten,11,1118,12,2024,2.24,4.12
kabupaten,11,1118,13,2024,3.83,0.3
kabupaten,11,1118,14,2024,8.14,10.39
kabupaten,11,1118,15,2024,6.11,3.61
kabupaten,11,1118,16,2024,5.13,2.76
kabupaten,11,1118,17,2024,5.54,0.77
kabupaten,11,1118,1,2025,2.6,43.92
kabupaten,11,1118,2,2025,6.54,1.48
kabupaten,11,1118,3,2025,3.39,3.1
kabupaten,11,1118,4,2025,-0.72,0.14
kabupaten,11,1118,5,2025,1.96,0.02
kabupaten,11,1118,6,2025,-2.03,6.53
kabupaten,11,1118,7,2025,1.56,11.65
kabupaten,11,1118,8,2025,5.74,5.22
kabupaten,11,1118,9,2025,1.13,1.17
kabupaten,11,1118,10,2025,2.79,3.92
kabupaten,11,1118,11,2025,1.66,0.7
kabupaten,11,1118,12,2025,6.96,4.29
kabupaten,11,1118,13,2025,-0.45,0.29
kabupaten,11,1118,14,2025,4.32,10.56
kabupaten,11,1118,15,2025,0.04,3.52
kabupaten,11,1118,16,2025,2.1,2.74
kabupaten,11,1118,17,2025,-1.44,0.74
kabupaten,11,1171,1,2021,0,1.1
kabupaten,11,1171,2,2021,0,0
kabupaten,11,1171,3,2021,0,2.05
kabupaten,11,1171,4,2021,0,0.44
kabupaten,11,1171,5,2021,0,0.11
kabupaten,11,1171,6,2021,0,6.6
kabupaten,11,1171,7,2021,0,19.89
kabupaten,11,1171,8,2021,0,11.11
kabupaten,11,1171,9,2021,0,2.92
kabupaten,11,1171,10,2021,0,8.74
kabupaten,11,1171,11,2021,0,2.59
kabupaten,11,1171,12,2021,0,7.35
kabupaten,11,1171,13,2021,0,2.25
kabupaten,11,1171,14,2021,0,21.53
kabupaten,11,1171,15,2021,0,6.89
kabupaten,11,1171,16,2021,0,4.37
kabupaten,11,1171,17,2021,0,2.04
kabupaten,11,1171,1,2022,4.43,1.09
kabupaten,11,1171,2,2022,0,0
kabupaten,11,1171,3,2022,2.53,1.99
kabupaten,11,1171,4,2022,2.29,0.43
kabupaten,11,1171,5,2022,6.78,0.11
kabupaten,11,1171,6,2022,0.33,6.29
kabupaten,11,1171,7,2022,6.54,20.14
kabupaten,11,1171,8,2022,6.09,11.21
kabupaten,11,1171,9,2022,28.66,3.57
kabupaten,11,1171,10,2022,9.3,9.08
kabupaten,11,1171,11,2022,-1.43,2.43
kabupaten,11,1171,12,2022,4.29,7.28
kabupaten,11,1171,13,2022,7.8,2.31
kabupaten,11,1171,14,2022,0.47,20.56
kabupaten,11,1171,15,2022,3.52,6.78
kabupaten,11,1171,16,2022,9.53,4.55
kabupaten,11,1171,17,2022,11.94,2.17
kabupaten,11,1171,1,2023,36.7,1.42
kabupaten,11,1171,2,2023,0,0
kabupaten,11,1171,3,2023,-0.03,1.9
kabupaten,11,1171,4,2023,4.14,0.43
kabupaten,11,1171,5,2023,4.21,0.11
kabupaten,11,1171,6,2023,3.68,6.21
kabupaten,11,1171,7,2023,8.16,20.73
kabupaten,11,1171,8,2023,4.26,11.12
kabupaten,11,1171,9,2023,19.2,4.06
kabupaten,11,1171,10,2023,8.33,9.37
kabupaten,11,1171,11,2023,-10.88,2.06
kabupaten,11,1171,12,2023,3.16,7.15
kabupaten,11,1171,13,2023,-0.82,2.18
kabupaten,11,1171,14,2023,2.55,20.07
kabupaten,11,1171,15,2023,2.37,6.61
kabupaten,11,1171,16,2023,1.24,4.39
kabupaten,11,1171,17,2023,7.04,2.21
kabupaten,11,1171,1,2024,12.21,1.5
kabupaten,11,1171,2,2024,0,0
kabupaten,11,1171,3,2024,7.88,1.93
kabupaten,11,1171,4,2024,3.64,0.42
kabupaten,11,1171,5,2024,4.58,0.11
kabupaten,11,1171,6,2024,7.07,6.27
kabupaten,11,1171,7,2024,2.59,20.05
kabupaten,11,1171,8,2024,17.02,12.27
kabupaten,11,1171,9,2024,5.74,4.04
kabupaten,11,1171,10,2024,4.94,9.26
kabupaten,11,1171,11,2024,17.06,2.28
kabupaten,11,1171,12,2024,4.44,7.04
kabupaten,11,1171,13,2024,5.78,2.17
kabupaten,11,1171,14,2024,4.35,19.74
kabupaten,11,1171,15,2024,4.89,6.53
kabupaten,11,1171,16,2024,1.18,4.19
kabupaten,11,1171,17,2024,5.7,2.2
kabupaten,11,1171,1,2025,0.51,1.44
kabupaten,11,1171,2,2025,0,0
kabupaten,11,1171,3,2025,5.7,1.95
kabupaten,11,1171,4,2025,-4.41,0.38
kabupaten,11,1171,5,2025,1.7,0.1
kabupaten,11,1171,6,2025,2.86,6.15
kabupaten,11,1171,7,2025,3.51,19.82
kabupaten,11,1171,8,2025,8.93,12.76
kabupaten,11,1171,9,2025,4.54,4.03
kabupaten,11,1171,10,2025,3.38,9.14
kabupaten,11,1171,11,2025,4.9,2.28
kabupaten,11,1171,12,2025,5.09,7.06
kabupaten,11,1171,13,2025,0.37,2.08
kabupaten,11,1171,14,2025,5.47,19.88
kabupaten,11,1171,15,2025,6.26,6.63
kabupaten,11,1171,16,2025,3.91,4.15
kabupaten,11,1171,17,2025,1.27,2.13
kabupaten,11,1174,1,2021,0,8.5
kabupaten,11,1174,2,2021,0,0.42
kabupaten,11,1174,3,2021,0,8.06
kabupaten,11,1174,4,2021,0,0.12
kabupaten,11,1174,5,2021,0,0.05
kabupaten,11,1174,6,2021,0,10.19
kabupaten,11,1174,7,2021,0,28.46
kabupaten,11,1174,8,2021,0,7.86
kabupaten,11,1174,9,2021,0,2.73
kabupaten,11,1174,10,2021,0,7
kabupaten,11,1174,11,2021,0,2.69
kabupaten,11,1174,12,2021,0,4.37
kabupaten,11,1174,13,2021,0,0.91
kabupaten,11,1174,14,2021,0,7.81
kabupaten,11,1174,15,2021,0,2.08
kabupaten,11,1174,16,2021,0,6.13
kabupaten,11,1174,17,2021,0,2.63
kabupaten,11,1174,1,2022,1.37,8.22
kabupaten,11,1174,2,2022,-0.6,0.4
kabupaten,11,1174,3,2022,3.01,7.93
kabupaten,11,1174,4,2022,5.64,0.12
kabupaten,11,1174,5,2022,8.85,0.05
kabupaten,11,1174,6,2022,0.78,9.8
kabupaten,11,1174,7,2022,4.41,28.36
kabupaten,11,1174,8,2022,5.87,7.94
kabupaten,11,1174,9,2022,31.28,3.42
kabupaten,11,1174,10,2022,9.46,7.31
kabupaten,11,1174,11,2022,-5.82,2.42
kabupaten,11,1174,12,2022,4.49,4.35
kabupaten,11,1174,13,2022,8.5,0.94
kabupaten,11,1174,14,2022,-0.03,7.45
kabupaten,11,1174,15,2022,2.59,2.03
kabupaten,11,1174,16,2022,9.55,6.41
kabupaten,11,1174,17,2022,13.04,2.84
kabupaten,11,1174,1,2023,6.33,8.39
kabupaten,11,1174,2,2023,-0.6,0.38
kabupaten,11,1174,3,2023,0.37,7.63
kabupaten,11,1174,4,2023,4.93,0.12
kabupaten,11,1174,5,2023,4.78,0.05
kabupaten,11,1174,6,2023,2.21,9.61
kabupaten,11,1174,7,2023,8.24,29.46
kabupaten,11,1174,8,2023,6.2,8.09
kabupaten,11,1174,9,2023,7.81,3.54
kabupaten,11,1174,10,2023,3.79,7.28
kabupaten,11,1174,11,2023,-8.9,2.11
kabupaten,11,1174,12,2023,2.77,4.29
kabupaten,11,1174,13,2023,-1.28,0.89
kabupaten,11,1174,14,2023,1.32,7.25
kabupaten,11,1174,15,2023,1.05,1.97
kabupaten,11,1174,16,2023,-1.47,6.06
kabupaten,11,1174,17,2023,5.34,2.87
kabupaten,11,1174,1,2024,-0.85,7.96
kabupaten,11,1174,2,2024,-6.48,0.34
kabupaten,11,1174,3,2024,1.32,7.4
kabupaten,11,1174,4,2024,3.72,0.12
kabupaten,11,1174,5,2024,4.57,0.05
kabupaten,11,1174,6,2024,0.24,9.23
kabupaten,11,1174,7,2024,6.53,30.05
kabupaten,11,1174,8,2024,9.56,8.49
kabupaten,11,1174,9,2024,3.63,3.51
kabupaten,11,1174,10,2024,3.14,7.19
kabupaten,11,1174,11,2024,20.14,2.43
kabupaten,11,1174,12,2024,3.75,4.26
kabupaten,11,1174,13,2024,4.89,0.9
kabupaten,11,1174,14,2024,5.04,7.29
kabupaten,11,1174,15,2024,4.65,1.98
kabupaten,11,1174,16,2024,1.58,5.89
kabupaten,11,1174,17,2024,5.67,2.9
kabupaten,11,1174,1,2025,0.58,7.79
kabupaten,11,1174,2,2025,-4.14,0.32
kabupaten,11,1174,3,2025,5.21,7.58
kabupaten,11,1174,4,2025,-0.94,0.11
kabupaten,11,1174,5,2025,-6.11,0.05
kabupaten,11,1174,6,2025,-5.85,8.46
kabupaten,11,1174,7,2025,3.95,30.4
kabupaten,11,1174,8,2025,1.67,8.4
kabupaten,11,1174,9,2025,8.37,3.7
kabupaten,11,1174,10,2025,2.19,7.15
kabupaten,11,1174,11,2025,1.86,2.41
kabupaten,11,1174,12,2025,6.98,4.44
kabupaten,11,1174,13,2025,3.97,0.91
kabupaten,11,1174,14,2025,3.95,7.37
kabupaten,11,1174,15,2025,6.3,2.04
kabupaten,11,1174,16,2025,3.24,5.92
kabupaten,11,1174,17,2025,4.24,2.94
kabupaten,11,1173,1,2021,0,8.45
kabupaten,11,1173,2,2021,0,0.42
kabupaten,11,1173,3,2021,0,18.36
kabupaten,11,1173,4,2021,0,0.2
kabupaten,11,1173,5,2021,0,0.01
kabupaten,11,1173,6,2021,0,14.16
kabupaten,11,1173,7,2021,0,21.89
kabupaten,11,1173,8,2021,0,11.69
kabupaten,11,1173,9,2021,0,1.45
kabupaten,11,1173,10,2021,0,4.43
kabupaten,11,1173,11,2021,0,2.35
kabupaten,11,1173,12,2021,0,4.72
kabupaten,11,1173,13,2021,0,1
kabupaten,11,1173,14,2021,0,4.24
kabupaten,11,1173,15,2021,0,1.4
kabupaten,11,1173,16,2021,0,3.87
kabupaten,11,1173,17,2021,0,1.36
kabupaten,11,1173,1,2022,-1.6,7.99
kabupaten,11,1173,2,2022,0.33,0.4
kabupaten,11,1173,3,2022,2.82,18.15
kabupaten,11,1173,4,2022,2.07,0.2
kabupaten,11,1173,5,2022,11.11,0.01
kabupaten,11,1173,6,2022,0.73,13.72
kabupaten,11,1173,7,2022,5.92,22.29
kabupaten,11,1173,8,2022,4.77,11.77
kabupaten,11,1173,9,2022,29.76,1.81
kabupaten,11,1173,10,2022,10.02,4.69
kabupaten,11,1173,11,2022,-4.17,2.16
kabupaten,11,1173,12,2022,3.74,4.71
kabupaten,11,1173,13,2022,10.45,1.06
kabupaten,11,1173,14,2022,-0.2,4.07
kabupaten,11,1173,15,2022,2.96,1.38
kabupaten,11,1173,16,2022,10.36,4.11
kabupaten,11,1173,17,2022,12.77,1.48
kabupaten,11,1173,1,2023,0.96,7.74
kabupaten,11,1173,2,2023,3.63,0.4
kabupaten,11,1173,3,2023,1.35,17.65
kabupaten,11,1173,4,2023,6.76,0.2
kabupaten,11,1173,5,2023,10,0.01
kabupaten,11,1173,6,2023,-0.04,13.16
kabupaten,11,1173,7,2023,9.44,23.41
kabupaten,11,1173,8,2023,7.08,12.1
kabupaten,11,1173,9,2023,9.86,1.91
kabupaten,11,1173,10,2023,7.95,4.85
kabupaten,11,1173,11,2023,-10.6,1.86
kabupaten,11,1173,12,2023,4.96,4.74
kabupaten,11,1173,13,2023,-0.25,1.02
kabupaten,11,1173,14,2023,4.46,4.08
kabupaten,11,1173,15,2023,4.7,1.39
kabupaten,11,1173,16,2023,0.32,3.96
kabupaten,11,1173,17,2023,7.37,1.52
kabupaten,11,1173,1,2024,6.08,7.86
kabupaten,11,1173,2,2024,2.55,0.39
kabupaten,11,1173,3,2024,0.57,16.99
kabupaten,11,1173,4,2024,5.7,0.2
kabupaten,11,1173,5,2024,0,0.01
kabupaten,11,1173,6,2024,3,12.97
kabupaten,11,1173,7,2024,2.98,23.08
kabupaten,11,1173,8,2024,13.91,13.19
kabupaten,11,1173,9,2024,1.6,1.86
kabupaten,11,1173,10,2024,1.6,4.72
kabupaten,11,1173,11,2024,20.42,2.14
kabupaten,11,1173,12,2024,2.23,4.64
kabupaten,11,1173,13,2024,5.74,1.03
kabupaten,11,1173,14,2024,5.68,4.13
kabupaten,11,1173,15,2024,4.31,1.39
kabupaten,11,1173,16,2024,2.28,3.87
kabupaten,11,1173,17,2024,3.77,1.51
kabupaten,11,1173,1,2025,-2.03,7.45
kabupaten,11,1173,2,2025,-1.24,0.37
kabupaten,11,1173,3,2025,1.71,16.72
kabupaten,11,1173,4,2025,1.2,0.2
kabupaten,11,1173,5,2025,0,0.01
kabupaten,11,1173,6,2025,-0.56,12.48
kabupaten,11,1173,7,2025,5.09,23.46
kabupaten,11,1173,8,2025,8.37,13.83
kabupaten,11,1173,9,2025,7,1.93
kabupaten,11,1173,10,2025,4.28,4.76
kabupaten,11,1173,11,2025,4.21,2.16
kabupaten,11,1173,12,2025,5.12,4.72
kabupaten,11,1173,13,2025,-0.12,1
kabupaten,11,1173,14,2025,4.01,4.15
kabupaten,11,1173,15,2025,5.27,1.41
kabupaten,11,1173,16,2025,3.05,3.86
kabupaten,11,1173,17,2025,2.18,1.49
kabupaten,11,1172,1,2021,0,6.72
kabupaten,11,1172,2,2021,0,0.79
kabupaten,11,1172,3,2021,0,2.29
kabupaten,11,1172,4,2021,0,0.2
kabupaten,11,1172,5,2021,0,0.16
kabupaten,11,1172,6,2021,0,31.22
kabupaten,11,1172,7,2021,0,14.78
kabupaten,11,1172,8,2021,0,3.28
kabupaten,11,1172,9,2021,0,2.7
kabupaten,11,1172,10,2021,0,2.39
kabupaten,11,1172,11,2021,0,2.25
kabupaten,11,1172,12,2021,0,3.74
kabupaten,11,1172,13,2021,0,0.25
kabupaten,11,1172,14,2021,0,15.83
kabupaten,11,1172,15,2021,0,4.48
kabupaten,11,1172,16,2021,0,7.16
kabupaten,11,1172,17,2021,0,1.77
kabupaten,11,1172,1,2022,2.48,6.72
kabupaten,11,1172,2,2022,0.11,0.77
kabupaten,11,1172,3,2022,4.21,2.32
kabupaten,11,1172,4,2022,4.76,0.2
kabupaten,11,1172,5,2022,8.29,0.17
kabupaten,11,1172,6,2022,-0.54,30.28
kabupaten,11,1172,7,2022,5.25,15.17
kabupaten,11,1172,8,2022,7.33,3.43
kabupaten,11,1172,9,2022,36.36,3.58
kabupaten,11,1172,10,2022,11.8,2.6
kabupaten,11,1172,11,2022,-6.91,2.04
kabupaten,11,1172,12,2022,1.41,3.7
kabupaten,11,1172,13,2022,8.83,0.26
kabupaten,11,1172,14,2022,-4.36,14.76
kabupaten,11,1172,15,2022,0.91,4.41
kabupaten,11,1172,16,2022,9.83,7.67
kabupaten,11,1172,17,2022,11.06,1.92
kabupaten,11,1172,1,2023,8.67,7.09
kabupaten,11,1172,2,2023,5.62,0.79
kabupaten,11,1172,3,2023,2.99,2.32
kabupaten,11,1172,4,2023,7.44,0.21
kabupaten,11,1172,5,2023,7.14,0.17
kabupaten,11,1172,6,2023,-0.33,29.31
kabupaten,11,1172,7,2023,8.71,16.01
kabupaten,11,1172,8,2023,-0.27,3.32
kabupaten,11,1172,9,2023,7.22,3.73
kabupaten,11,1172,10,2023,5.59,2.67
kabupaten,11,1172,11,2023,0.7,2
kabupaten,11,1172,12,2023,5.25,3.78
kabupaten,11,1172,13,2023,-0.32,0.25
kabupaten,11,1172,14,2023,-0.07,14.32
kabupaten,11,1172,15,2023,6.18,4.55
kabupaten,11,1172,16,2023,0.42,7.48
kabupaten,11,1172,17,2023,6.52,1.99
kabupaten,11,1172,1,2024,3,7.01
kabupaten,11,1172,2,2024,0.42,0.76
kabupaten,11,1172,3,2024,3.64,2.31
kabupaten,11,1172,4,2024,4.23,0.21
kabupaten,11,1172,5,2024,0,0.17
kabupaten,11,1172,6,2024,2.7,28.9
kabupaten,11,1172,7,2024,6.44,16.36
kabupaten,11,1172,8,2024,7.54,3.43
kabupaten,11,1172,9,2024,2.02,3.66
kabupaten,11,1172,10,2024,1.41,2.6
kabupaten,11,1172,11,2024,11.77,2.14
kabupaten,11,1172,12,2024,2.63,3.73
kabupaten,11,1172,13,2024,2.28,0.25
kabupaten,11,1172,14,2024,5.91,14.56
kabupaten,11,1172,15,2024,2.69,4.48
kabupaten,11,1172,16,2024,3.19,7.41
kabupaten,11,1172,17,2024,5.96,2.02
kabupaten,11,1172,1,2025,2.23,6.91
kabupaten,11,1172,2,2025,-0.21,0.73
kabupaten,11,1172,3,2025,3.55,2.31
kabupaten,11,1172,4,2025,-0.74,0.2
kabupaten,11,1172,5,2025,2.86,0.16
kabupaten,11,1172,6,2025,1.02,28.16
kabupaten,11,1172,7,2025,8.1,17.06
kabupaten,11,1172,8,2025,2.83,3.4
kabupaten,11,1172,9,2025,5.16,3.71
kabupaten,11,1172,10,2025,4.52,2.62
kabupaten,11,1172,11,2025,3.68,2.14
kabupaten,11,1172,12,2025,5.46,3.79
kabupaten,11,1172,13,2025,2.23,0.24
kabupaten,11,1172,14,2025,3.45,14.53
kabupaten,11,1172,15,2025,5.67,4.57
kabupaten,11,1172,16,2025,3.4,7.39
kabupaten,11,1172,17,2025,5.93,2.06
kabupaten,11,1175,1,2021,0,22.69
kabupaten,11,1175,2,2021,0,2.25
kabupaten,11,1175,3,2021,0,13.89
kabupaten,11,1175,4,2021,0,0.11
kabupaten,11,1175,5,2021,0,0.02
kabupaten,11,1175,6,2021,0,15.83
kabupaten,11,1175,7,2021,0,18.17
kabupaten,11,1175,8,2021,0,5.36
kabupaten,11,1175,9,2021,0,0.79
kabupaten,11,1175,10,2021,0,3.41
kabupaten,11,1175,11,2021,0,1.85
kabupaten,11,1175,12,2021,0,3.29
kabupaten,11,1175,13,2021,0,0.32
kabupaten,11,1175,14,2021,0,6.98
kabupaten,11,1175,15,2021,0,2.37
kabupaten,11,1175,16,2021,0,2.04
kabupaten,11,1175,17,2021,0,0.63
kabupaten,11,1175,1,2022,2.67,22.37
kabupaten,11,1175,2,2022,-7.54,2
kabupaten,11,1175,3,2022,6.92,14.26
kabupaten,11,1175,4,2022,3.27,0.11
kabupaten,11,1175,5,2022,0,0.02
kabupaten,11,1175,6,2022,2.98,15.66
kabupaten,11,1175,7,2022,6.12,18.52
kabupaten,11,1175,8,2022,4.41,5.37
kabupaten,11,1175,9,2022,24.6,0.94
kabupaten,11,1175,10,2022,8.15,3.54
kabupaten,11,1175,11,2022,-4.81,1.69
kabupaten,11,1175,12,2022,2.93,3.26
kabupaten,11,1175,13,2022,10.06,0.34
kabupaten,11,1175,14,2022,0.71,6.76
kabupaten,11,1175,15,2022,3.04,2.35
kabupaten,11,1175,16,2022,9.56,2.14
kabupaten,11,1175,17,2022,11.33,0.67
kabupaten,11,1175,1,2023,7.21,23.05
kabupaten,11,1175,2,2023,-0.94,1.9
kabupaten,11,1175,3,2023,5.54,14.47
kabupaten,11,1175,4,2023,4.43,0.11
kabupaten,11,1175,5,2023,0,0.02
kabupaten,11,1175,6,2023,2.3,15.39
kabupaten,11,1175,7,2023,6.06,18.88
kabupaten,11,1175,8,2023,2.71,5.3
kabupaten,11,1175,9,2023,5.52,0.96
kabupaten,11,1175,10,2023,2.36,3.48
kabupaten,11,1175,11,2023,-10.9,1.45
kabupaten,11,1175,12,2023,2.46,3.21
kabupaten,11,1175,13,2023,-1.36,0.33
kabupaten,11,1175,14,2023,-0.35,6.47
kabupaten,11,1175,15,2023,1.45,2.29
kabupaten,11,1175,16,2023,-1.15,2.03
kabupaten,11,1175,17,2023,4.09,0.67
kabupaten,11,1175,1,2024,3.38,22.89
kabupaten,11,1175,2,2024,-2.9,1.77
kabupaten,11,1175,3,2024,4.35,14.5
kabupaten,11,1175,4,2024,4.24,0.11
kabupaten,11,1175,5,2024,4,0.02
kabupaten,11,1175,6,2024,3.63,15.32
kabupaten,11,1175,7,2024,2.69,18.62
kabupaten,11,1175,8,2024,13.38,5.78
kabupaten,11,1175,9,2024,3.35,0.95
kabupaten,11,1175,10,2024,2.19,3.42
kabupaten,11,1175,11,2024,22.34,1.7
kabupaten,11,1175,12,2024,2.66,3.16
kabupaten,11,1175,13,2024,3.75,0.32
kabupaten,11,1175,14,2024,4.58,6.5
kabupaten,11,1175,15,2024,4.14,2.29
kabupaten,11,1175,16,2024,1.61,1.99
kabupaten,11,1175,17,2024,4.12,0.67
kabupaten,11,1175,1,2025,6.98,23.58
kabupaten,11,1175,2,2025,-3.58,1.65
kabupaten,11,1175,3,2025,5.42,14.72
kabupaten,11,1175,4,2025,1.74,0.1
kabupaten,11,1175,5,2025,0,0.02
kabupaten,11,1175,6,2025,-1.33,14.56
kabupaten,11,1175,7,2025,3.7,18.6
kabupaten,11,1175,8,2025,6.57,5.93
kabupaten,11,1175,9,2025,4.02,0.95
kabupaten,11,1175,10,2025,2.76,3.38
kabupaten,11,1175,11,2025,4.2,1.71
kabupaten,11,1175,12,2025,5.05,3.2
kabupaten,11,1175,13,2025,0.76,0.31
kabupaten,11,1175,14,2025,2.1,6.39
kabupaten,11,1175,15,2025,4.17,2.3
kabupaten,11,1175,16,2025,2.42,1.96
kabupaten,11,1175,17,2025,2.03,0.66
kabupaten,13,1301,1,2021,0,36.79
kabupaten,13,1301,2,2021,0,3.55
kabupaten,13,1301,3,2021,0,7.41
kabupaten,13,1301,4,2021,0,0.03
kabupaten,13,1301,5,2021,0,0.07
kabupaten,13,1301,6,2021,0,10.05
kabupaten,13,1301,7,2021,0,13.26
kabupaten,13,1301,8,2021,0,3.91
kabupaten,13,1301,9,2021,0,1.03
kabupaten,13,1301,10,2021,0,8.7
kabupaten,13,1301,11,2021,0,2.11
kabupaten,13,1301,12,2021,0,1.41
kabupaten,13,1301,13,2021,0,0.05
kabupaten,13,1301,14,2021,0,5.9
kabupaten,13,1301,15,2021,0,3.19
kabupaten,13,1301,16,2021,0,1.51
kabupaten,13,1301,17,2021,0,1.02
kabupaten,13,1301,1,2022,3.82,36.72
kabupaten,13,1301,2,2022,2.17,3.49
kabupaten,13,1301,3,2022,2.18,7.28
kabupaten,13,1301,4,2022,4.55,0.03
kabupaten,13,1301,5,2022,1.8,0.07
kabupaten,13,1301,6,2022,2.7,9.93
kabupaten,13,1301,7,2022,5.82,13.49
kabupaten,13,1301,8,2022,4.37,3.92
kabupaten,13,1301,9,2022,11.1,1.1
kabupaten,13,1301,10,2022,7.21,8.97
kabupaten,13,1301,11,2022,3.69,2.11
kabupaten,13,1301,12,2022,3.61,1.4
kabupaten,13,1301,13,2022,4.37,0.05
kabupaten,13,1301,14,2022,-1.12,5.61
kabupaten,13,1301,15,2022,4.86,3.22
kabupaten,13,1301,16,2022,4.61,1.52
kabupaten,13,1301,17,2022,12.14,1.1
kabupaten,13,1301,1,2023,3.15,36.35
kabupaten,13,1301,2,2023,4.18,3.49
kabupaten,13,1301,3,2023,2.47,7.16
kabupaten,13,1301,4,2023,4.35,0.03
kabupaten,13,1301,5,2023,4.57,0.07
kabupaten,13,1301,6,2023,5.94,10.09
kabupaten,13,1301,7,2023,4.92,13.58
kabupaten,13,1301,8,2023,5.5,3.97
kabupaten,13,1301,9,2023,7.34,1.14
kabupaten,13,1301,10,2023,7.29,9.24
kabupaten,13,1301,11,2023,4.04,2.1
kabupaten,13,1301,12,2023,5.45,1.42
kabupaten,13,1301,13,2023,4.94,0.05
kabupaten,13,1301,14,2023,1.55,5.47
kabupaten,13,1301,15,2023,1.73,3.14
kabupaten,13,1301,16,2023,7,1.56
kabupaten,13,1301,17,2023,8.11,1.14
kabupaten,13,1301,1,2024,1.63,35.58
kabupaten,13,1301,2,2024,4.71,3.52
kabupaten,13,1301,3,2024,3.35,7.13
kabupaten,13,1301,4,2024,5.06,0.03
kabupaten,13,1301,5,2024,1.55,0.07
kabupaten,13,1301,6,2024,4.05,10.11
kabupaten,13,1301,7,2024,5.07,13.74
kabupaten,13,1301,8,2024,5.57,4.04
kabupaten,13,1301,9,2024,6.36,1.17
kabupaten,13,1301,10,2024,5.16,9.35
kabupaten,13,1301,11,2024,6.68,2.16
kabupaten,13,1301,12,2024,5.61,1.45
kabupaten,13,1301,13,2024,4.35,0.05
kabupaten,13,1301,14,2024,9.17,5.75
kabupaten,13,1301,15,2024,2.96,3.11
kabupaten,13,1301,16,2024,4.55,1.57
kabupaten,13,1301,17,2024,7.13,1.18
kabupaten,13,1301,1,2025,4.01,35.72
kabupaten,13,1301,2,2025,-0.18,3.39
kabupaten,13,1301,3,2025,8.39,7.45
kabupaten,13,1301,4,2025,2.27,0.03
kabupaten,13,1301,5,2025,-0.14,0.06
kabupaten,13,1301,6,2025,-1.4,9.62
kabupaten,13,1301,7,2025,3.67,13.75
kabupaten,13,1301,8,2025,1.28,3.95
kabupaten,13,1301,9,2025,3.74,1.17
kabupaten,13,1301,10,2025,4.87,9.47
kabupaten,13,1301,11,2025,7.69,2.24
kabupaten,13,1301,12,2025,4.8,1.46
kabupaten,13,1301,13,2025,4.69,0.05
kabupaten,13,1301,14,2025,2.63,5.69
kabupaten,13,1301,15,2025,3.53,3.11
kabupaten,13,1301,16,2025,6.19,1.61
kabupaten,13,1301,17,2025,7.42,1.22
kabupaten,13,1302,1,2021,0,36.61
kabupaten,13,1302,2,2021,0,4.91
kabupaten,13,1302,3,2021,0,5.04
kabupaten,13,1302,4,2021,0,0.02
kabupaten,13,1302,5,2021,0,0.06
kabupaten,13,1302,6,2021,0,8.58
kabupaten,13,1302,7,2021,0,11.45
kabupaten,13,1302,8,2021,0,10.18
kabupaten,13,1302,9,2021,0,0.78
kabupaten,13,1302,10,2021,0,8.37
kabupaten,13,1302,11,2021,0,1.7
kabupaten,13,1302,12,2021,0,0.82
kabupaten,13,1302,13,2021,0,0.07
kabupaten,13,1302,14,2021,0,5.5
kabupaten,13,1302,15,2021,0,3.53
kabupaten,13,1302,16,2021,0,1.52
kabupaten,13,1302,17,2021,0,0.87
kabupaten,13,1302,1,2022,3.2,36.22
kabupaten,13,1302,2,2022,9.23,5.14
kabupaten,13,1302,3,2022,1.42,4.9
kabupaten,13,1302,4,2022,5.63,0.02
kabupaten,13,1302,5,2022,1.23,0.05
kabupaten,13,1302,6,2022,6.27,8.74
kabupaten,13,1302,7,2022,5.59,11.6
kabupaten,13,1302,8,2022,2.17,9.97
kabupaten,13,1302,9,2022,10.25,0.82
kabupaten,13,1302,10,2022,6.39,8.54
kabupaten,13,1302,11,2022,4.43,1.7
kabupaten,13,1302,12,2022,4.9,0.83
kabupaten,13,1302,13,2022,6.36,0.07
kabupaten,13,1302,14,2022,2.21,5.4
kabupaten,13,1302,15,2022,4.78,3.54
kabupaten,13,1302,16,2022,5.48,1.54
kabupaten,13,1302,17,2022,9.36,0.92
kabupaten,13,1302,1,2023,2.97,35.74
kabupaten,13,1302,2,2023,4.24,5.13
kabupaten,13,1302,3,2023,3.97,4.88
kabupaten,13,1302,4,2023,4.1,0.02
kabupaten,13,1302,5,2023,1.9,0.05
kabupaten,13,1302,6,2023,4.92,8.79
kabupaten,13,1302,7,2023,5.3,11.7
kabupaten,13,1302,8,2023,6,10.13
kabupaten,13,1302,9,2023,8.09,0.85
kabupaten,13,1302,10,2023,7.89,8.83
kabupaten,13,1302,11,2023,3.81,1.69
kabupaten,13,1302,12,2023,6.34,0.84
kabupaten,13,1302,13,2023,6.41,0.07
kabupaten,13,1302,14,2023,2.05,5.28
kabupaten,13,1302,15,2023,1.86,3.46
kabupaten,13,1302,16,2023,7.57,1.58
kabupaten,13,1302,17,2023,8.09,0.95
kabupaten,13,1302,1,2024,1.35,34.86
kabupaten,13,1302,2,2024,4.89,5.18
kabupaten,13,1302,3,2024,4.7,4.92
kabupaten,13,1302,4,2024,2.36,0.02
kabupaten,13,1302,5,2024,0.85,0.05
kabupaten,13,1302,6,2024,3.99,8.8
kabupaten,13,1302,7,2024,5.32,11.86
kabupaten,13,1302,8,2024,5.11,10.24
kabupaten,13,1302,9,2024,8.35,0.89
kabupaten,13,1302,10,2024,5.55,8.97
kabupaten,13,1302,11,2024,5.22,1.71
kabupaten,13,1302,12,2024,5.98,0.86
kabupaten,13,1302,13,2024,4.82,0.07
kabupaten,13,1302,14,2024,8.63,5.52
kabupaten,13,1302,15,2024,3.15,3.43
kabupaten,13,1302,16,2024,5.7,1.61
kabupaten,13,1302,17,2024,9.93,1
kabupaten,13,1302,1,2025,3.13,34.9
kabupaten,13,1302,2,2025,2.11,5.14
kabupaten,13,1302,3,2025,8.75,5.19
kabupaten,13,1302,4,2025,3.85,0.02
kabupaten,13,1302,5,2025,-1.85,0.05
kabupaten,13,1302,6,2025,-0.81,8.47
kabupaten,13,1302,7,2025,4.49,12.03
kabupaten,13,1302,8,2025,-0.28,9.92
kabupaten,13,1302,9,2025,3.47,0.89
kabupaten,13,1302,10,2025,4.39,9.09
kabupaten,13,1302,11,2025,7.43,1.79
kabupaten,13,1302,12,2025,5.73,0.88
kabupaten,13,1302,13,2025,4.21,0.07
kabupaten,13,1302,14,2025,0.59,5.38
kabupaten,13,1302,15,2025,3.87,3.46
kabupaten,13,1302,16,2025,7,1.67
kabupaten,13,1302,17,2025,7.84,1.05
kabupaten,13,1303,1,2021,0,27.65
kabupaten,13,1303,2,2021,0,13.67
kabupaten,13,1303,3,2021,0,3.1
kabupaten,13,1303,4,2021,0,0.04
kabupaten,13,1303,5,2021,0,0.04
kabupaten,13,1303,6,2021,0,13.11
kabupaten,13,1303,7,2021,0,12.88
kabupaten,13,1303,8,2021,0,7.35
kabupaten,13,1303,9,2021,0,0.68
kabupaten,13,1303,10,2021,0,4.73
kabupaten,13,1303,11,2021,0,2.26
kabupaten,13,1303,12,2021,0,1.23
kabupaten,13,1303,13,2021,0,0.02
kabupaten,13,1303,14,2021,0,4.72
kabupaten,13,1303,15,2021,0,4.65
kabupaten,13,1303,16,2021,0,2.11
kabupaten,13,1303,17,2021,0,1.75
kabupaten,13,1303,1,2022,2.46,27.26
kabupaten,13,1303,2,2022,2.83,13.53
kabupaten,13,1303,3,2022,2.93,3.07
kabupaten,13,1303,4,2022,2.79,0.04
kabupaten,13,1303,5,2022,4.1,0.04
kabupaten,13,1303,6,2022,5.59,13.32
kabupaten,13,1303,7,2022,5.99,13.13
kabupaten,13,1303,8,2022,3.34,7.31
kabupaten,13,1303,9,2022,8.3,0.71
kabupaten,13,1303,10,2022,6.7,4.85
kabupaten,13,1303,11,2022,4.4,2.27
kabupaten,13,1303,12,2022,2.05,1.21
kabupaten,13,1303,13,2022,4.62,0.02
kabupaten,13,1303,14,2022,-0.38,4.52
kabupaten,13,1303,15,2022,6.23,4.75
kabupaten,13,1303,16,2022,4.61,2.12
kabupaten,13,1303,17,2022,8.59,1.83
kabupaten,13,1303,1,2023,4.56,27.34
kabupaten,13,1303,2,2023,-0.91,12.86
kabupaten,13,1303,3,2023,3.3,3.05
kabupaten,13,1303,4,2023,3.88,0.04
kabupaten,13,1303,5,2023,5.25,0.04
kabupaten,13,1303,6,2023,6.35,13.59
kabupaten,13,1303,7,2023,5.14,13.24
kabupaten,13,1303,8,2023,5.58,7.4
kabupaten,13,1303,9,2023,7.01,0.73
kabupaten,13,1303,10,2023,7.86,5.02
kabupaten,13,1303,11,2023,4.39,2.27
kabupaten,13,1303,12,2023,5.39,1.22
kabupaten,13,1303,13,2023,5.88,0.02
kabupaten,13,1303,14,2023,2.37,4.44
kabupaten,13,1303,15,2023,1.94,4.65
kabupaten,13,1303,16,2023,7.44,2.19
kabupaten,13,1303,17,2023,8.23,1.9
kabupaten,13,1303,1,2024,2.71,27.04
kabupaten,13,1303,2,2024,1.56,12.57
kabupaten,13,1303,3,2024,3.16,3.03
kabupaten,13,1303,4,2024,5.22,0.04
kabupaten,13,1303,5,2024,2.18,0.04
kabupaten,13,1303,6,2024,4.39,13.65
kabupaten,13,1303,7,2024,5.22,13.41
kabupaten,13,1303,8,2024,4.68,7.46
kabupaten,13,1303,9,2024,6.53,0.75
kabupaten,13,1303,10,2024,4.9,5.07
kabupaten,13,1303,11,2024,6.52,2.33
kabupaten,13,1303,12,2024,5.61,1.24
kabupaten,13,1303,13,2024,4.17,0.02
kabupaten,13,1303,14,2024,7.86,4.61
kabupaten,13,1303,15,2024,2.67,4.59
kabupaten,13,1303,16,2024,4.84,2.21
kabupaten,13,1303,17,2024,6.27,1.94
kabupaten,13,1303,1,2025,3.93,27.17
kabupaten,13,1303,2,2025,2.02,12.4
kabupaten,13,1303,3,2025,8.53,3.18
kabupaten,13,1303,4,2025,3.55,0.04
kabupaten,13,1303,5,2025,2.74,0.04
kabupaten,13,1303,6,2025,-0.64,13.12
kabupaten,13,1303,7,2025,4.3,13.53
kabupaten,13,1303,8,2025,3.2,7.45
kabupaten,13,1303,9,2025,3.56,0.75
kabupaten,13,1303,10,2025,3.95,5.1
kabupaten,13,1303,11,2025,7.51,2.42
kabupaten,13,1303,12,2025,5.98,1.27
kabupaten,13,1303,13,2025,5.33,0.02
kabupaten,13,1303,14,2025,3.71,4.63
kabupaten,13,1303,15,2025,3.53,4.6
kabupaten,13,1303,16,2025,6.79,2.28
kabupaten,13,1303,17,2025,7.37,2.02
kabupaten,13,1304,1,2021,0,29.85
kabupaten,13,1304,2,2021,0,2.8
kabupaten,13,1304,3,2021,0,11.19
kabupaten,13,1304,4,2021,0,0.02
kabupaten,13,1304,5,2021,0,0.12
kabupaten,13,1304,6,2021,0,9.61
kabupaten,13,1304,7,2021,0,13.76
kabupaten,13,1304,8,2021,0,8.68
kabupaten,13,1304,9,2021,0,0.62
kabupaten,13,1304,10,2021,0,6.69
kabupaten,13,1304,11,2021,0,2.52
kabupaten,13,1304,12,2021,0,1.53
kabupaten,13,1304,13,2021,0,0.04
kabupaten,13,1304,14,2021,0,6.22
kabupaten,13,1304,15,2021,0,3.2
kabupaten,13,1304,16,2021,0,1.52
kabupaten,13,1304,17,2021,0,1.63
kabupaten,13,1304,1,2022,3.13,29.55
kabupaten,13,1304,2,2022,1.99,2.75
kabupaten,13,1304,3,2022,3.24,11.09
kabupaten,13,1304,4,2022,2.99,0.02
kabupaten,13,1304,5,2022,3.05,0.12
kabupaten,13,1304,6,2022,3.91,9.58
kabupaten,13,1304,7,2022,6.19,14.02
kabupaten,13,1304,8,2022,4.18,8.68
kabupaten,13,1304,9,2022,14.07,0.68
kabupaten,13,1304,10,2022,7.15,6.88
kabupaten,13,1304,11,2022,4.92,2.54
kabupaten,13,1304,12,2022,4.83,1.54
kabupaten,13,1304,13,2022,6.34,0.04
kabupaten,13,1304,14,2022,-0.04,5.97
kabupaten,13,1304,15,2022,5.67,3.25
kabupaten,13,1304,16,2022,4.87,1.53
kabupaten,13,1304,17,2022,11.95,1.75
kabupaten,13,1304,1,2023,3.17,29.19
kabupaten,13,1304,2,2023,4.06,2.74
kabupaten,13,1304,3,2023,2.81,10.92
kabupaten,13,1304,4,2023,3.38,0.02
kabupaten,13,1304,5,2023,3.53,0.12
kabupaten,13,1304,6,2023,5.93,9.72
kabupaten,13,1304,7,2023,5.05,14.11
kabupaten,13,1304,8,2023,6.29,8.83
kabupaten,13,1304,9,2023,7.99,0.71
kabupaten,13,1304,10,2023,7.96,7.11
kabupaten,13,1304,11,2023,3.91,2.53
kabupaten,13,1304,12,2023,6.27,1.57
kabupaten,13,1304,13,2023,6.78,0.04
kabupaten,13,1304,14,2023,2.3,5.85
kabupaten,13,1304,15,2023,1.73,3.17
kabupaten,13,1304,16,2023,7.48,1.57
kabupaten,13,1304,17,2023,8.06,1.81
kabupaten,13,1304,1,2024,0.36,28.21
kabupaten,13,1304,2,2024,4.69,2.76
kabupaten,13,1304,3,2024,2.24,10.75
kabupaten,13,1304,4,2024,4.67,0.02
kabupaten,13,1304,5,2024,2.3,0.12
kabupaten,13,1304,6,2024,5.66,9.89
kabupaten,13,1304,7,2024,5.4,14.32
kabupaten,13,1304,8,2024,5.84,9
kabupaten,13,1304,9,2024,6.28,0.72
kabupaten,13,1304,10,2024,5.8,7.25
kabupaten,13,1304,11,2024,6.01,2.58
kabupaten,13,1304,12,2024,5.84,1.6
kabupaten,13,1304,13,2024,4.57,0.04
kabupaten,13,1304,14,2024,8.75,6.13
kabupaten,13,1304,15,2024,3.18,3.15
kabupaten,13,1304,16,2024,4.88,1.59
kabupaten,13,1304,17,2024,8.36,1.89
kabupaten,13,1304,1,2025,1.59,27.92
kabupaten,13,1304,2,2025,1.86,2.74
kabupaten,13,1304,3,2025,5.32,11.03
kabupaten,13,1304,4,2025,3.13,0.02
kabupaten,13,1304,5,2025,1.47,0.11
kabupaten,13,1304,6,2025,-0.55,9.58
kabupaten,13,1304,7,2025,3.02,14.37
kabupaten,13,1304,8,2025,1.29,8.88
kabupaten,13,1304,9,2025,2.72,0.72
kabupaten,13,1304,10,2025,5,7.41
kabupaten,13,1304,11,2025,7.87,2.71
kabupaten,13,1304,12,2025,6.4,1.66
kabupaten,13,1304,13,2025,5.1,0.04
kabupaten,13,1304,14,2025,0.32,5.99
kabupaten,13,1304,15,2025,3.55,3.17
kabupaten,13,1304,16,2025,6.49,1.65
kabupaten,13,1304,17,2025,8.91,2.01
kabupaten,13,1305,1,2021,0,23.41
kabupaten,13,1305,2,2021,0,6.69
kabupaten,13,1305,3,2021,0,13.73
kabupaten,13,1305,4,2021,0,0.03
kabupaten,13,1305,5,2021,0,0.06
kabupaten,13,1305,6,2021,0,9.66
kabupaten,13,1305,7,2021,0,11.69
kabupaten,13,1305,8,2021,0,11.14
kabupaten,13,1305,9,2021,0,0.96
kabupaten,13,1305,10,2021,0,5.49
kabupaten,13,1305,11,2021,0,1.8
kabupaten,13,1305,12,2021,0,1.16
kabupaten,13,1305,13,2021,0,0.09
kabupaten,13,1305,14,2021,0,5.75
kabupaten,13,1305,15,2021,0,6.05
kabupaten,13,1305,16,2021,0,0.83
kabupaten,13,1305,17,2021,0,1.45
kabupaten,13,1305,1,2022,6.19,23.27
kabupaten,13,1305,2,2022,2.19,6.4
kabupaten,13,1305,3,2022,2.68,13.2
kabupaten,13,1305,4,2022,3.52,0.03
kabupaten,13,1305,5,2022,2.88,0.06
kabupaten,13,1305,6,2022,2.02,9.22
kabupaten,13,1305,7,2022,5.5,11.54
kabupaten,13,1305,8,2022,24.26,12.96
kabupaten,13,1305,9,2022,31.41,1.18
kabupaten,13,1305,10,2022,6.57,5.48
kabupaten,13,1305,11,2022,6.16,1.79
kabupaten,13,1305,12,2022,5.75,1.15
kabupaten,13,1305,13,2022,7.21,0.09
kabupaten,13,1305,14,2022,-0.81,5.34
kabupaten,13,1305,15,2022,5.27,5.96
kabupaten,13,1305,16,2022,4.55,0.82
kabupaten,13,1305,17,2022,11.72,1.52
kabupaten,13,1305,1,2023,3.87,22.92
kabupaten,13,1305,2,2023,4.16,6.32
kabupaten,13,1305,3,2023,3.93,13.01
kabupaten,13,1305,4,2023,3.4,0.03
kabupaten,13,1305,5,2023,2.8,0.06
kabupaten,13,1305,6,2023,7.77,9.43
kabupaten,13,1305,7,2023,4.42,11.43
kabupaten,13,1305,8,2023,11.92,13.75
kabupaten,13,1305,9,2023,9,1.22
kabupaten,13,1305,10,2023,6.63,5.54
kabupaten,13,1305,11,2023,4.4,1.77
kabupaten,13,1305,12,2023,5.51,1.15
kabupaten,13,1305,13,2023,5.99,0.09
kabupaten,13,1305,14,2023,1.82,5.16
kabupaten,13,1305,15,2023,1.81,5.76
kabupaten,13,1305,16,2023,7.45,0.83
kabupaten,13,1305,17,2023,7.79,1.55
kabupaten,13,1305,1,2024,1.91,22.33
kabupaten,13,1305,2,2024,6.4,6.43
kabupaten,13,1305,3,2024,3.09,12.82
kabupaten,13,1305,4,2024,3.29,0.03
kabupaten,13,1305,5,2024,3.09,0.06
kabupaten,13,1305,6,2024,9.29,9.85
kabupaten,13,1305,7,2024,4.95,11.47
kabupaten,13,1305,8,2024,4.72,13.77
kabupaten,13,1305,9,2024,3.65,1.21
kabupaten,13,1305,10,2024,5,5.56
kabupaten,13,1305,11,2024,6.85,1.81
kabupaten,13,1305,12,2024,5.72,1.16
kabupaten,13,1305,13,2024,4.18,0.09
kabupaten,13,1305,14,2024,8.18,5.33
kabupaten,13,1305,15,2024,2.67,5.65
kabupaten,13,1305,16,2024,4.62,0.83
kabupaten,13,1305,17,2024,7.16,1.59
kabupaten,13,1305,1,2025,2.2,22.43
kabupaten,13,1305,2,2025,-2.38,6.16
kabupaten,13,1305,3,2025,5.38,13.28
kabupaten,13,1305,4,2025,2.73,0.03
kabupaten,13,1305,5,2025,-1.8,0.06
kabupaten,13,1305,6,2025,-4.39,9.25
kabupaten,13,1305,7,2025,3.73,11.69
kabupaten,13,1305,8,2025,-1.74,13.3
kabupaten,13,1305,9,2025,1.72,1.21
kabupaten,13,1305,10,2025,4.5,5.71
kabupaten,13,1305,11,2025,8.63,1.93
kabupaten,13,1305,12,2025,6.3,1.21
kabupaten,13,1305,13,2025,4.38,0.1
kabupaten,13,1305,14,2025,0.99,5.29
kabupaten,13,1305,15,2025,4.43,5.8
kabupaten,13,1305,16,2025,6.69,0.87
kabupaten,13,1305,17,2025,8.05,1.69
kabupaten,13,1306,1,2021,0,30.09
kabupaten,13,1306,2,2021,0,3.47
kabupaten,13,1306,3,2021,0,10.98
kabupaten,13,1306,4,2021,0,0.03
kabupaten,13,1306,5,2021,0,0.05
kabupaten,13,1306,6,2021,0,7.39
kabupaten,13,1306,7,2021,0,19.42
kabupaten,13,1306,8,2021,0,6.57
kabupaten,13,1306,9,2021,0,0.63
kabupaten,13,1306,10,2021,0,7.67
kabupaten,13,1306,11,2021,0,1.26
kabupaten,13,1306,12,2021,0,1.85
kabupaten,13,1306,13,2021,0,0.04
kabupaten,13,1306,14,2021,0,3.74
kabupaten,13,1306,15,2021,0,4.82
kabupaten,13,1306,16,2021,0,1.26
kabupaten,13,1306,17,2021,0,0.73
kabupaten,13,1306,1,2022,2.22,29.51
kabupaten,13,1306,2,2022,3.08,3.44
kabupaten,13,1306,3,2022,5.36,11.1
kabupaten,13,1306,4,2022,0,0.03
kabupaten,13,1306,5,2022,0,0.05
kabupaten,13,1306,6,2022,3.98,7.38
kabupaten,13,1306,7,2022,5.34,19.63
kabupaten,13,1306,8,2022,3.97,6.56
kabupaten,13,1306,9,2022,17.02,0.71
kabupaten,13,1306,10,2022,7.59,7.92
kabupaten,13,1306,11,2022,3.72,1.25
kabupaten,13,1306,12,2022,5.8,1.88
kabupaten,13,1306,13,2022,0,0.04
kabupaten,13,1306,14,2022,-0.89,3.56
kabupaten,13,1306,15,2022,5.96,4.91
kabupaten,13,1306,16,2022,5.32,1.27
kabupaten,13,1306,17,2022,11.01,0.78
kabupaten,13,1306,1,2023,3.09,29.11
kabupaten,13,1306,2,2023,3.74,3.41
kabupaten,13,1306,3,2023,6.59,11.32
kabupaten,13,1306,4,2023,0,0.02
kabupaten,13,1306,5,2023,0,0.05
kabupaten,13,1306,6,2023,6.01,7.48
kabupaten,13,1306,7,2023,4.32,19.59
kabupaten,13,1306,8,2023,5.68,6.63
kabupaten,13,1306,9,2023,8.18,0.73
kabupaten,13,1306,10,2023,7.06,8.11
kabupaten,13,1306,11,2023,2.56,1.23
kabupaten,13,1306,12,2023,6.51,1.91
kabupaten,13,1306,13,2023,0,0.04
kabupaten,13,1306,14,2023,2.17,3.48
kabupaten,13,1306,15,2023,1.96,4.79
kabupaten,13,1306,16,2023,5.56,1.28
kabupaten,13,1306,17,2023,8.26,0.8
kabupaten,13,1306,1,2024,1.79,28.46
kabupaten,13,1306,2,2024,4.5,3.42
kabupaten,13,1306,3,2024,3.47,11.25
kabupaten,13,1306,4,2024,0,0.02
kabupaten,13,1306,5,2024,12.5,0.05
kabupaten,13,1306,6,2024,3.12,7.41
kabupaten,13,1306,7,2024,5.05,19.77
kabupaten,13,1306,8,2024,7.6,6.85
kabupaten,13,1306,9,2024,5.04,0.74
kabupaten,13,1306,10,2024,6.06,8.26
kabupaten,13,1306,11,2024,6,1.25
kabupaten,13,1306,12,2024,5.47,1.94
kabupaten,13,1306,13,2024,0,0.04
kabupaten,13,1306,14,2024,8.83,3.63
kabupaten,13,1306,15,2024,3.08,4.74
kabupaten,13,1306,16,2024,5.74,1.3
kabupaten,13,1306,17,2024,11.45,0.86
kabupaten,13,1306,1,2025,2.32,28.28
kabupaten,13,1306,2,2025,1.21,3.36
kabupaten,13,1306,3,2025,4.77,11.45
kabupaten,13,1306,4,2025,0,0.02
kabupaten,13,1306,5,2025,0,0.05
kabupaten,13,1306,6,2025,-1.27,7.1
kabupaten,13,1306,7,2025,3.46,19.86
kabupaten,13,1306,8,2025,1.55,6.76
kabupaten,13,1306,9,2025,2.4,0.73
kabupaten,13,1306,10,2025,4.71,8.4
kabupaten,13,1306,11,2025,8.49,1.32
kabupaten,13,1306,12,2025,6.1,1.99
kabupaten,13,1306,13,2025,16.67,0.04
kabupaten,13,1306,14,2025,2.11,3.6
kabupaten,13,1306,15,2025,3.86,4.78
kabupaten,13,1306,16,2025,6.79,1.35
kabupaten,13,1306,17,2025,7.53,0.9
kabupaten,13,1307,1,2021,0,32.47
kabupaten,13,1307,2,2021,0,7.54
kabupaten,13,1307,3,2021,0,7.17
kabupaten,13,1307,4,2021,0,0.02
kabupaten,13,1307,5,2021,0,0.03
kabupaten,13,1307,6,2021,0,4.95
kabupaten,13,1307,7,2021,0,15.76
kabupaten,13,1307,8,2021,0,10.01
kabupaten,13,1307,9,2021,0,0.6
kabupaten,13,1307,10,2021,0,7.01
kabupaten,13,1307,11,2021,0,1.67
kabupaten,13,1307,12,2021,0,1.15
kabupaten,13,1307,13,2021,0,0.03
kabupaten,13,1307,14,2021,0,5.62
kabupaten,13,1307,15,2021,0,3.08
kabupaten,13,1307,16,2021,0,1.68
kabupaten,13,1307,17,2021,0,1.22
kabupaten,13,1307,1,2022,2.98,32.14
kabupaten,13,1307,2,2022,6.14,7.69
kabupaten,13,1307,3,2022,2.24,7.04
kabupaten,13,1307,4,2022,4.49,0.02
kabupaten,13,1307,5,2022,6.61,0.03
kabupaten,13,1307,6,2022,2.52,4.88
kabupaten,13,1307,7,2022,5.68,16.01
kabupaten,13,1307,8,2022,3.75,9.98
kabupaten,13,1307,9,2022,13.08,0.65
kabupaten,13,1307,10,2022,6.45,7.18
kabupaten,13,1307,11,2022,4.63,1.68
kabupaten,13,1307,12,2022,5.58,1.17
kabupaten,13,1307,13,2022,7.36,0.03
kabupaten,13,1307,14,2022,-1.01,5.35
kabupaten,13,1307,15,2022,5.8,3.13
kabupaten,13,1307,16,2022,4.52,1.69
kabupaten,13,1307,17,2022,12.94,1.32
kabupaten,13,1307,1,2023,3.45,31.8
kabupaten,13,1307,2,2023,3.46,7.61
kabupaten,13,1307,3,2023,4.55,7.04
kabupaten,13,1307,4,2023,3.76,0.02
kabupaten,13,1307,5,2023,4.22,0.03
kabupaten,13,1307,6,2023,6.34,4.96
kabupaten,13,1307,7,2023,5.5,16.16
kabupaten,13,1307,8,2023,5.86,10.11
kabupaten,13,1307,9,2023,8.05,0.67
kabupaten,13,1307,10,2023,7.69,7.39
kabupaten,13,1307,11,2023,2.52,1.65
kabupaten,13,1307,12,2023,6.46,1.19
kabupaten,13,1307,13,2023,6.57,0.03
kabupaten,13,1307,14,2023,1.34,5.19
kabupaten,13,1307,15,2023,1.87,3.05
kabupaten,13,1307,16,2023,7.01,1.73
kabupaten,13,1307,17,2023,7.71,1.36
kabupaten,13,1307,1,2024,1.92,31.16
kabupaten,13,1307,2,2024,4.95,7.68
kabupaten,13,1307,3,2024,4.63,7.08
kabupaten,13,1307,4,2024,4.15,0.02
kabupaten,13,1307,5,2024,-0.24,0.03
kabupaten,13,1307,6,2024,3.77,4.95
kabupaten,13,1307,7,2024,5.33,16.36
kabupaten,13,1307,8,2024,4.63,10.16
kabupaten,13,1307,9,2024,6.56,0.69
kabupaten,13,1307,10,2024,4.35,7.41
kabupaten,13,1307,11,2024,3.82,1.64
kabupaten,13,1307,12,2024,5.75,1.21
kabupaten,13,1307,13,2024,4.83,0.03
kabupaten,13,1307,14,2024,8.45,5.41
kabupaten,13,1307,15,2024,2.71,3.01
kabupaten,13,1307,16,2024,5.55,1.76
kabupaten,13,1307,17,2024,6.43,1.39
kabupaten,13,1307,1,2025,3.44,31.17
kabupaten,13,1307,2,2025,2.26,7.6
kabupaten,13,1307,3,2025,7.01,7.33
kabupaten,13,1307,4,2025,3.48,0.02
kabupaten,13,1307,5,2025,0.95,0.03
kabupaten,13,1307,6,2025,-0.74,4.75
kabupaten,13,1307,7,2025,4.08,16.47
kabupaten,13,1307,8,2025,0.7,9.9
kabupaten,13,1307,9,2025,4.53,0.7
kabupaten,13,1307,10,2025,4.65,7.5
kabupaten,13,1307,11,2025,6.83,1.7
kabupaten,13,1307,12,2025,5.92,1.24
kabupaten,13,1307,13,2025,5.12,0.03
kabupaten,13,1307,14,2025,1,5.28
kabupaten,13,1307,15,2025,3.33,3.01
kabupaten,13,1307,16,2025,7.22,1.82
kabupaten,13,1307,17,2025,8.19,1.46
kabupaten,13,1308,1,2021,0,48.47
kabupaten,13,1308,2,2021,0,1.87
kabupaten,13,1308,3,2021,0,4.17
kabupaten,13,1308,4,2021,0,0.01
kabupaten,13,1308,5,2021,0,0.1
kabupaten,13,1308,6,2021,0,4.65
kabupaten,13,1308,7,2021,0,14.12
kabupaten,13,1308,8,2021,0,4.43
kabupaten,13,1308,9,2021,0,0.76
kabupaten,13,1308,10,2021,0,6.33
kabupaten,13,1308,11,2021,0,2.27
kabupaten,13,1308,12,2021,0,1.34
kabupaten,13,1308,13,2021,0,0.05
kabupaten,13,1308,14,2021,0,6.88
kabupaten,13,1308,15,2021,0,2.51
kabupaten,13,1308,16,2021,0,1.14
kabupaten,13,1308,17,2021,0,0.88
kabupaten,13,1308,1,2022,3.97,48.41
kabupaten,13,1308,2,2022,2.41,1.84
kabupaten,13,1308,3,2022,2.61,4.12
kabupaten,13,1308,4,2022,5.32,0.02
kabupaten,13,1308,5,2022,-0.15,0.1
kabupaten,13,1308,6,2022,3.94,4.64
kabupaten,13,1308,7,2022,6.07,14.39
kabupaten,13,1308,8,2022,3.85,4.42
kabupaten,13,1308,9,2022,8.33,0.79
kabupaten,13,1308,10,2022,6.87,6.5
kabupaten,13,1308,11,2022,2.92,2.24
kabupaten,13,1308,12,2022,4.31,1.34
kabupaten,13,1308,13,2022,6.27,0.05
kabupaten,13,1308,14,2022,-1.17,6.53
kabupaten,13,1308,15,2022,4.88,2.53
kabupaten,13,1308,16,2022,4.31,1.14
kabupaten,13,1308,17,2022,8.76,0.92
kabupaten,13,1308,1,2023,3.53,48.01
kabupaten,13,1308,2,2023,4.36,1.83
kabupaten,13,1308,3,2023,3.28,4.07
kabupaten,13,1308,4,2023,5.05,0.02
kabupaten,13,1308,5,2023,3.98,0.1
kabupaten,13,1308,6,2023,6.36,4.73
kabupaten,13,1308,7,2023,5.36,14.52
kabupaten,13,1308,8,2023,5.91,4.49
kabupaten,13,1308,9,2023,6.84,0.81
kabupaten,13,1308,10,2023,7.81,6.71
kabupaten,13,1308,11,2023,2.51,2.2
kabupaten,13,1308,12,2023,5.73,1.36
kabupaten,13,1308,13,2023,6.19,0.05
kabupaten,13,1308,14,2023,3.79,6.49
kabupaten,13,1308,15,2023,2.02,2.48
kabupaten,13,1308,16,2023,7.38,1.18
kabupaten,13,1308,17,2023,7.95,0.95
kabupaten,13,1308,1,2024,2.12,47.16
kabupaten,13,1308,2,2024,4.75,1.85
kabupaten,13,1308,3,2024,2.53,4.02
kabupaten,13,1308,4,2024,4.81,0.02
kabupaten,13,1308,5,2024,3.82,0.1
kabupaten,13,1308,6,2024,4.6,4.76
kabupaten,13,1308,7,2024,5.71,14.77
kabupaten,13,1308,8,2024,5.59,4.56
kabupaten,13,1308,9,2024,6.46,0.83
kabupaten,13,1308,10,2024,5.25,6.8
kabupaten,13,1308,11,2024,7.65,2.28
kabupaten,13,1308,12,2024,5.84,1.39
kabupaten,13,1308,13,2024,4.72,0.05
kabupaten,13,1308,14,2024,8.83,6.8
kabupaten,13,1308,15,2024,3.25,2.46
kabupaten,13,1308,16,2024,5.59,1.19
kabupaten,13,1308,17,2024,6.76,0.97
kabupaten,13,1308,1,2025,3.97,47.35
kabupaten,13,1308,2,2025,1.26,1.81
kabupaten,13,1308,3,2025,4.87,4.07
kabupaten,13,1308,4,2025,3.67,0.02
kabupaten,13,1308,5,2025,2.12,0.1
kabupaten,13,1308,6,2025,-1.01,4.55
kabupaten,13,1308,7,2025,3.82,14.81
kabupaten,13,1308,8,2025,2.7,4.52
kabupaten,13,1308,9,2025,3.13,0.83
kabupaten,13,1308,10,2025,4.62,6.87
kabupaten,13,1308,11,2025,5.88,2.33
kabupaten,13,1308,12,2025,5.22,1.41
kabupaten,13,1308,13,2025,4.24,0.05
kabupaten,13,1308,14,2025,0.33,6.59
kabupaten,13,1308,15,2025,3.79,2.46
kabupaten,13,1308,16,2025,6.48,1.23
kabupaten,13,1308,17,2025,7.22,1.01
kabupaten,13,1309,1,2021,0,48.15
kabupaten,13,1309,2,2021,0,1.6
kabupaten,13,1309,3,2021,0,3.07
kabupaten,13,1309,4,2021,0,0.02
kabupaten,13,1309,5,2021,0,0
kabupaten,13,1309,6,2021,0,13.53
kabupaten,13,1309,7,2021,0,14.08
kabupaten,13,1309,8,2021,0,6.63
kabupaten,13,1309,9,2021,0,0.68
kabupaten,13,1309,10,2021,0,1.38
kabupaten,13,1309,11,2021,0,0.12
kabupaten,13,1309,12,2021,0,0.96
kabupaten,13,1309,13,2021,0,0.05
kabupaten,13,1309,14,2021,0,6.97
kabupaten,13,1309,15,2021,0,1.19
kabupaten,13,1309,16,2021,0,0.74
kabupaten,13,1309,17,2021,0,0.82
kabupaten,13,1309,1,2022,3.66,47.57
kabupaten,13,1309,2,2022,4.86,1.59
kabupaten,13,1309,3,2022,0.93,2.96
kabupaten,13,1309,4,2022,5.26,0.03
kabupaten,13,1309,5,2022,0,0
kabupaten,13,1309,6,2022,6.82,13.77
kabupaten,13,1309,7,2022,5.56,14.16
kabupaten,13,1309,8,2022,13.74,7.19
kabupaten,13,1309,9,2022,12.88,0.73
kabupaten,13,1309,10,2022,7.37,1.41
kabupaten,13,1309,11,2022,2.96,0.12
kabupaten,13,1309,12,2022,5.6,0.96
kabupaten,13,1309,13,2022,3.42,0.05
kabupaten,13,1309,14,2022,0.5,6.67
kabupaten,13,1309,15,2022,4.72,1.19
kabupaten,13,1309,16,2022,4.64,0.73
kabupaten,13,1309,17,2022,10.07,0.86
kabupaten,13,1309,1,2023,5.06,48.03
kabupaten,13,1309,2,2023,3.22,1.58
kabupaten,13,1309,3,2023,2.64,2.92
kabupaten,13,1309,4,2023,6.25,0.03
kabupaten,13,1309,5,2023,7.14,0
kabupaten,13,1309,6,2023,5.35,13.95
kabupaten,13,1309,7,2023,4.59,14.23
kabupaten,13,1309,8,2023,-5.22,6.55
kabupaten,13,1309,9,2023,9.43,0.77
kabupaten,13,1309,10,2023,7.15,1.45
kabupaten,13,1309,11,2023,3.66,0.12
kabupaten,13,1309,12,2023,6.38,0.98
kabupaten,13,1309,13,2023,5.96,0.05
kabupaten,13,1309,14,2023,1.64,6.52
kabupaten,13,1309,15,2023,1.24,1.16
kabupaten,13,1309,16,2023,7.08,0.76
kabupaten,13,1309,17,2023,8.42,0.9
kabupaten,13,1309,1,2024,2.65,47.42
kabupaten,13,1309,2,2024,4.13,1.58
kabupaten,13,1309,3,2024,3.14,2.89
kabupaten,13,1309,4,2024,5.88,0.03
kabupaten,13,1309,5,2024,0,0
kabupaten,13,1309,6,2024,3.93,13.94
kabupaten,13,1309,7,2024,5.32,14.42
kabupaten,13,1309,8,2024,6.03,6.68
kabupaten,13,1309,9,2024,6.58,0.79
kabupaten,13,1309,10,2024,4.66,1.46
kabupaten,13,1309,11,2024,5.81,0.12
kabupaten,13,1309,12,2024,4.89,0.99
kabupaten,13,1309,13,2024,5,0.05
kabupaten,13,1309,14,2024,7.77,6.76
kabupaten,13,1309,15,2024,3.07,1.15
kabupaten,13,1309,16,2024,5.06,0.76
kabupaten,13,1309,17,2024,9.31,0.95
kabupaten,13,1309,1,2025,2.75,47.34
kabupaten,13,1309,2,2025,1.85,1.57
kabupaten,13,1309,3,2025,6.3,2.99
kabupaten,13,1309,4,2025,2.22,0.03
kabupaten,13,1309,5,2025,0,0
kabupaten,13,1309,6,2025,0.24,13.58
kabupaten,13,1309,7,2025,4.1,14.58
kabupaten,13,1309,8,2025,2.89,6.68
kabupaten,13,1309,9,2025,3.46,0.79
kabupaten,13,1309,10,2025,5.31,1.5
kabupaten,13,1309,11,2025,7.64,0.13
kabupaten,13,1309,12,2025,5.42,1.02
kabupaten,13,1309,13,2025,4.17,0.05
kabupaten,13,1309,14,2025,3.9,6.82
kabupaten,13,1309,15,2025,3.41,1.15
kabupaten,13,1309,16,2025,5.46,0.78
kabupaten,13,1309,17,2025,8.49,1
kabupaten,13,1310,1,2021,0,29.23
kabupaten,13,1310,2,2021,0,6.03
kabupaten,13,1310,3,2021,0,5.66
kabupaten,13,1310,4,2021,0,0.02
kabupaten,13,1310,5,2021,0,0.01
kabupaten,13,1310,6,2021,0,13.25
kabupaten,13,1310,7,2021,0,14.31
kabupaten,13,1310,8,2021,0,6.09
kabupaten,13,1310,9,2021,0,0.77
kabupaten,13,1310,10,2021,0,9.02
kabupaten,13,1310,11,2021,0,2.12
kabupaten,13,1310,12,2021,0,2.11
kabupaten,13,1310,13,2021,0,0.02
kabupaten,13,1310,14,2021,0,6.02
kabupaten,13,1310,15,2021,0,2.74
kabupaten,13,1310,16,2021,0,1.88
kabupaten,13,1310,17,2021,0,0.74
kabupaten,13,1310,1,2022,1.96,28.58
kabupaten,13,1310,2,2022,1.49,5.87
kabupaten,13,1310,3,2022,1.62,5.52
kabupaten,13,1310,4,2022,3.23,0.02
kabupaten,13,1310,5,2022,-2.08,0.01
kabupaten,13,1310,6,2022,2.04,12.96
kabupaten,13,1310,7,2022,5.84,14.53
kabupaten,13,1310,8,2022,4.38,6.09
kabupaten,13,1310,9,2022,15.51,0.85
kabupaten,13,1310,10,2022,6.29,9.19
kabupaten,13,1310,11,2022,5.7,2.15
kabupaten,13,1310,12,2022,4.03,2.11
kabupaten,13,1310,13,2022,6.38,0.02
kabupaten,13,1310,14,2022,15.9,6.69
kabupaten,13,1310,15,2022,4.55,2.74
kabupaten,13,1310,16,2022,4.38,1.88
kabupaten,13,1310,17,2022,11.47,0.79
kabupaten,13,1310,1,2023,3.03,28.22
kabupaten,13,1310,2,2023,2.34,5.75
kabupaten,13,1310,3,2023,1.76,5.38
kabupaten,13,1310,4,2023,4.69,0.02
kabupaten,13,1310,5,2023,-1.06,0.01
kabupaten,13,1310,6,2023,6.1,13.18
kabupaten,13,1310,7,2023,5.31,14.66
kabupaten,13,1310,8,2023,5.47,6.16
kabupaten,13,1310,9,2023,6.58,0.87
kabupaten,13,1310,10,2023,7.88,9.5
kabupaten,13,1310,11,2023,3.9,2.14
kabupaten,13,1310,12,2023,6.2,2.14
kabupaten,13,1310,13,2023,6.67,0.02
kabupaten,13,1310,14,2023,1.71,6.52
kabupaten,13,1310,15,2023,2.04,2.68
kabupaten,13,1310,16,2023,6.8,1.93
kabupaten,13,1310,17,2023,6.92,0.81
kabupaten,13,1310,1,2024,2.15,27.76
kabupaten,13,1310,2,2024,-3.98,5.32
kabupaten,13,1310,3,2024,1.5,5.26
kabupaten,13,1310,4,2024,4.48,0.02
kabupaten,13,1310,5,2024,0,0.01
kabupaten,13,1310,6,2024,4.68,13.28
kabupaten,13,1310,7,2024,5.56,14.9
kabupaten,13,1310,8,2024,5.23,6.24
kabupaten,13,1310,9,2024,6.09,0.89
kabupaten,13,1310,10,2024,5.63,9.67
kabupaten,13,1310,11,2024,6.95,2.2
kabupaten,13,1310,12,2024,5.34,2.17
kabupaten,13,1310,13,2024,4.38,0.02
kabupaten,13,1310,14,2024,8.53,6.81
kabupaten,13,1310,15,2024,3.08,2.66
kabupaten,13,1310,16,2024,5.34,1.95
kabupaten,13,1310,17,2024,7.1,0.84
kabupaten,13,1310,1,2025,6.07,28.37
kabupaten,13,1310,2,2025,-3.44,4.95
kabupaten,13,1310,3,2025,7.12,5.43
kabupaten,13,1310,4,2025,0,0.02
kabupaten,13,1310,5,2025,0,0.01
kabupaten,13,1310,6,2025,0.31,12.84
kabupaten,13,1310,7,2025,4.7,15.03
kabupaten,13,1310,8,2025,1.08,6.08
kabupaten,13,1310,9,2025,3.07,0.88
kabupaten,13,1310,10,2025,5.82,9.85
kabupaten,13,1310,11,2025,7.83,2.29
kabupaten,13,1310,12,2025,4.82,2.2
kabupaten,13,1310,13,2025,4.19,0.02
kabupaten,13,1310,14,2025,0.06,6.57
kabupaten,13,1310,15,2025,3.22,2.65
kabupaten,13,1310,16,2025,4.71,1.97
kabupaten,13,1310,17,2025,6.92,0.86
kabupaten,13,1311,1,2021,0,29.88
kabupaten,13,1311,2,2021,0,7.85
kabupaten,13,1311,3,2021,0,4.86
kabupaten,13,1311,4,2021,0,0.02
kabupaten,13,1311,5,2021,0,0.05
kabupaten,13,1311,6,2021,0,11.57
kabupaten,13,1311,7,2021,0,20.42
kabupaten,13,1311,8,2021,0,6.4
kabupaten,13,1311,9,2021,0,0.73
kabupaten,13,1311,10,2021,0,6.93
kabupaten,13,1311,11,2021,0,0.78
kabupaten,13,1311,12,2021,0,0.82
kabupaten,13,1311,13,2021,0,0.01
kabupaten,13,1311,14,2021,0,4.72
kabupaten,13,1311,15,2021,0,2.45
kabupaten,13,1311,16,2021,0,1.37
kabupaten,13,1311,17,2021,0,1.12
kabupaten,13,1311,1,2022,2.03,29.3
kabupaten,13,1311,2,2022,2.5,7.73
kabupaten,13,1311,3,2022,1.19,4.73
kabupaten,13,1311,4,2022,7,0.03
kabupaten,13,1311,5,2022,0,0.05
kabupaten,13,1311,6,2022,4.65,11.64
kabupaten,13,1311,7,2022,6.83,20.97
kabupaten,13,1311,8,2022,4.13,6.41
kabupaten,13,1311,9,2022,10.47,0.77
kabupaten,13,1311,10,2022,7.21,7.14
kabupaten,13,1311,11,2022,5.01,0.78
kabupaten,13,1311,12,2022,5.6,0.83
kabupaten,13,1311,13,2022,6.67,0.02
kabupaten,13,1311,14,2022,-0.83,4.5
kabupaten,13,1311,15,2022,6.85,2.52
kabupaten,13,1311,16,2022,5.03,1.38
kabupaten,13,1311,17,2022,9.27,1.18
kabupaten,13,1311,1,2023,2.86,28.84
kabupaten,13,1311,2,2023,4.24,7.71
kabupaten,13,1311,3,2023,2.76,4.65
kabupaten,13,1311,4,2023,45.79,0.04
kabupaten,13,1311,5,2023,7.14,0.05
kabupaten,13,1311,6,2023,6.63,11.88
kabupaten,13,1311,7,2023,4.7,21.01
kabupaten,13,1311,8,2023,6.04,6.5
kabupaten,13,1311,9,2023,8.5,0.8
kabupaten,13,1311,10,2023,7.95,7.38
kabupaten,13,1311,11,2023,3.41,0.78
kabupaten,13,1311,12,2023,6.24,0.84
kabupaten,13,1311,13,2023,6.25,0.02
kabupaten,13,1311,14,2023,1.84,4.39
kabupaten,13,1311,15,2023,2.12,2.46
kabupaten,13,1311,16,2023,7.39,1.42
kabupaten,13,1311,17,2023,10.15,1.24
kabupaten,13,1311,1,2024,2.08,28.28
kabupaten,13,1311,2,2024,4.01,7.71
kabupaten,13,1311,3,2024,1.21,4.52
kabupaten,13,1311,4,2024,5.77,0.04
kabupaten,13,1311,5,2024,3.11,0.05
kabupaten,13,1311,6,2024,4.67,11.94
kabupaten,13,1311,7,2024,5.09,21.21
kabupaten,13,1311,8,2024,5.63,6.59
kabupaten,13,1311,9,2024,6.99,0.83
kabupaten,13,1311,10,2024,5.1,7.45
kabupaten,13,1311,11,2024,4.61,0.78
kabupaten,13,1311,12,2024,5.61,0.86
kabupaten,13,1311,13,2024,4.41,0.02
kabupaten,13,1311,14,2024,7.98,4.55
kabupaten,13,1311,15,2024,3.62,2.45
kabupaten,13,1311,16,2024,5.69,1.44
kabupaten,13,1311,17,2024,7.85,1.29
kabupaten,13,1311,1,2025,5.21,28.64
kabupaten,13,1311,2,2025,5.27,7.81
kabupaten,13,1311,3,2025,6.17,4.62
kabupaten,13,1311,4,2025,2.42,0.04
kabupaten,13,1311,5,2025,3.88,0.05
kabupaten,13,1311,6,2025,0.03,11.5
kabupaten,13,1311,7,2025,4.29,21.29
kabupaten,13,1311,8,2025,2.69,6.52
kabupaten,13,1311,9,2025,3.32,0.82
kabupaten,13,1311,10,2025,4.92,7.52
kabupaten,13,1311,11,2025,8.82,0.82
kabupaten,13,1311,12,2025,5.67,0.87
kabupaten,13,1311,13,2025,4.23,0.02
kabupaten,13,1311,14,2025,-3.36,4.23
kabupaten,13,1311,15,2025,3.98,2.45
kabupaten,13,1311,16,2025,5.16,1.46
kabupaten,13,1311,17,2025,8.34,1.34
kabupaten,13,1312,1,2021,0,42.92
kabupaten,13,1312,2,2021,0,1.49
kabupaten,13,1312,3,2021,0,14.29
kabupaten,13,1312,4,2021,0,0.02
kabupaten,13,1312,5,2021,0,0.01
kabupaten,13,1312,6,2021,0,6.18
kabupaten,13,1312,7,2021,0,11.74
kabupaten,13,1312,8,2021,0,4.73
kabupaten,13,1312,9,2021,0,0.49
kabupaten,13,1312,10,2021,0,7.24
kabupaten,13,1312,11,2021,0,1.77
kabupaten,13,1312,12,2021,0,1.39
kabupaten,13,1312,13,2021,0,0.05
kabupaten,13,1312,14,2021,0,3.43
kabupaten,13,1312,15,2021,0,2.39
kabupaten,13,1312,16,2021,0,1.29
kabupaten,13,1312,17,2021,0,0.56
kabupaten,13,1312,1,2022,2.72,42.33
kabupaten,13,1312,2,2022,4.21,1.49
kabupaten,13,1312,3,2022,2.18,14.02
kabupaten,13,1312,4,2022,5.02,0.02
kabupaten,13,1312,5,2022,-0.7,0.01
kabupaten,13,1312,6,2022,6.38,6.31
kabupaten,13,1312,7,2022,7.25,12.09
kabupaten,13,1312,8,2022,4.52,4.74
kabupaten,13,1312,9,2022,14.57,0.54
kabupaten,13,1312,10,2022,8.58,7.55
kabupaten,13,1312,11,2022,5.76,1.8
kabupaten,13,1312,12,2022,6.66,1.42
kabupaten,13,1312,13,2022,8.05,0.05
kabupaten,13,1312,14,2022,-1.55,3.25
kabupaten,13,1312,15,2022,6.56,2.44
kabupaten,13,1312,16,2022,5.45,1.31
kabupaten,13,1312,17,2022,12.12,0.61
kabupaten,13,1312,1,2023,3.82,42.13
kabupaten,13,1312,2,2023,4.47,1.5
kabupaten,13,1312,3,2023,1.84,13.69
kabupaten,13,1312,4,2023,3.48,0.02
kabupaten,13,1312,5,2023,3.52,0.01
kabupaten,13,1312,6,2023,5.81,6.4
kabupaten,13,1312,7,2023,5.24,12.2
kabupaten,13,1312,8,2023,6.19,4.83
kabupaten,13,1312,9,2023,8.07,0.56
kabupaten,13,1312,10,2023,7.87,7.8
kabupaten,13,1312,11,2023,3.72,1.79
kabupaten,13,1312,12,2023,6.51,1.45
kabupaten,13,1312,13,2023,6.99,0.06
kabupaten,13,1312,14,2023,2.9,3.2
kabupaten,13,1312,15,2023,2.14,2.39
kabupaten,13,1312,16,2023,7.04,1.34
kabupaten,13,1312,17,2023,8.25,0.63
kabupaten,13,1312,1,2024,3.44,41.87
kabupaten,13,1312,2,2024,4.9,1.51
kabupaten,13,1312,3,2024,2.55,13.49
kabupaten,13,1312,4,2024,4.62,0.02
kabupaten,13,1312,5,2024,1.36,0.01
kabupaten,13,1312,6,2024,4.61,6.43
kabupaten,13,1312,7,2024,4.87,12.29
kabupaten,13,1312,8,2024,5.43,4.89
kabupaten,13,1312,9,2024,7.1,0.58
kabupaten,13,1312,10,2024,4.84,7.86
kabupaten,13,1312,11,2024,5.63,1.82
kabupaten,13,1312,12,2024,5.76,1.47
kabupaten,13,1312,13,2024,4.83,0.06
kabupaten,13,1312,14,2024,8.27,3.33
kabupaten,13,1312,15,2024,2.6,2.36
kabupaten,13,1312,16,2024,5.8,1.37
kabupaten,13,1312,17,2024,7.36,0.65
kabupaten,13,1312,1,2025,4.82,42.24
kabupaten,13,1312,2,2025,-0.75,1.44
kabupaten,13,1312,3,2025,5.27,13.67
kabupaten,13,1312,4,2025,2.01,0.02
kabupaten,13,1312,5,2025,-2.01,0.01
kabupaten,13,1312,6,2025,-1.76,6.09
kabupaten,13,1312,7,2025,3.45,12.24
kabupaten,13,1312,8,2025,1.27,4.77
kabupaten,13,1312,9,2025,3.05,0.57
kabupaten,13,1312,10,2025,4.56,7.91
kabupaten,13,1312,11,2025,6.96,1.87
kabupaten,13,1312,12,2025,4.04,1.48
kabupaten,13,1312,13,2025,4.07,0.06
kabupaten,13,1312,14,2025,0.96,3.24
kabupaten,13,1312,15,2025,3.02,2.34
kabupaten,13,1312,16,2025,6.32,1.4
kabupaten,13,1312,17,2025,6.83,0.67
kabupaten,13,1371,1,2021,0,4.74
kabupaten,13,1371,2,2021,0,2.92
kabupaten,13,1371,3,2021,0,12.57
kabupaten,13,1371,4,2021,0,0.09
kabupaten,13,1371,5,2021,0,0.17
kabupaten,13,1371,6,2021,0,9.58
kabupaten,13,1371,7,2021,0,17.45
kabupaten,13,1371,8,2021,0,16.12
kabupaten,13,1371,9,2021,0,0.93
kabupaten,13,1371,10,2021,0,11.04
kabupaten,13,1371,11,2021,0,4.95
kabupaten,13,1371,12,2021,0,2.99
kabupaten,13,1371,13,2021,0,1.4
kabupaten,13,1371,14,2021,0,5.75
kabupaten,13,1371,15,2021,0,5.15
kabupaten,13,1371,16,2021,0,1.88
kabupaten,13,1371,17,2021,0,2.26
kabupaten,13,1371,1,2022,2.33,4.65
kabupaten,13,1371,2,2022,3.29,2.89
kabupaten,13,1371,3,2022,0.42,12.11
kabupaten,13,1371,4,2022,3.5,0.09
kabupaten,13,1371,5,2022,1.78,0.16
kabupaten,13,1371,6,2022,4.84,9.62
kabupaten,13,1371,7,2022,7.06,17.91
kabupaten,13,1371,8,2022,3.39,15.98
kabupaten,13,1371,9,2022,15.64,1.03
kabupaten,13,1371,10,2022,7.12,11.34
kabupaten,13,1371,11,2022,3.39,4.91
kabupaten,13,1371,12,2022,5.73,3.03
kabupaten,13,1371,13,2022,6.39,1.43
kabupaten,13,1371,14,2022,-0.91,5.47
kabupaten,13,1371,15,2022,2.68,5.07
kabupaten,13,1371,16,2022,4.5,1.88
kabupaten,13,1371,17,2022,12.08,2.43
kabupaten,13,1371,1,2023,3.93,4.62
kabupaten,13,1371,2,2023,4.44,2.89
kabupaten,13,1371,3,2023,0.74,11.67
kabupaten,13,1371,4,2023,4.6,0.09
kabupaten,13,1371,5,2023,3.04,0.16
kabupaten,13,1371,6,2023,6.68,9.82
kabupaten,13,1371,7,2023,4.98,17.98
kabupaten,13,1371,8,2023,4.9,16.03
kabupaten,13,1371,9,2023,8.53,1.07
kabupaten,13,1371,10,2023,7.55,11.67
kabupaten,13,1371,11,2023,0.55,4.72
kabupaten,13,1371,12,2023,6.51,3.09
kabupaten,13,1371,13,2023,6.47,1.45
kabupaten,13,1371,14,2023,2.65,5.37
kabupaten,13,1371,15,2023,1.72,4.94
kabupaten,13,1371,16,2023,7.15,1.93
kabupaten,13,1371,17,2023,7.56,2.5
kabupaten,13,1371,1,2024,2.7,4.54
kabupaten,13,1371,2,2024,4.3,2.88
kabupaten,13,1371,3,2024,1.78,11.34
kabupaten,13,1371,4,2024,4.65,0.09
kabupaten,13,1371,5,2024,2.91,0.16
kabupaten,13,1371,6,2024,4.4,9.8
kabupaten,13,1371,7,2024,4.44,17.94
kabupaten,13,1371,8,2024,5.54,16.17
kabupaten,13,1371,9,2024,4.08,1.06
kabupaten,13,1371,10,2024,5.33,11.74
kabupaten,13,1371,11,2024,5.59,4.76
kabupaten,13,1371,12,2024,6.09,3.13
kabupaten,13,1371,13,2024,5.24,1.46
kabupaten,13,1371,14,2024,7.94,5.53
kabupaten,13,1371,15,2024,3.24,4.87
kabupaten,13,1371,16,2024,5.27,1.94
kabupaten,13,1371,17,2024,7.56,2.57
kabupaten,13,1371,1,2025,3.12,4.51
kabupaten,13,1371,2,2025,2.28,2.84
kabupaten,13,1371,3,2025,5.08,11.49
kabupaten,13,1371,4,2025,1.17,0.09
kabupaten,13,1371,5,2025,-0.24,0.15
kabupaten,13,1371,6,2025,-1.48,9.3
kabupaten,13,1371,7,2025,4.18,18.02
kabupaten,13,1371,8,2025,0.99,15.74
kabupaten,13,1371,9,2025,2.41,1.05
kabupaten,13,1371,10,2025,6,12
kabupaten,13,1371,11,2025,7.8,4.95
kabupaten,13,1371,12,2025,6.71,3.22
kabupaten,13,1371,13,2025,6.12,1.5
kabupaten,13,1371,14,2025,3.17,5.5
kabupaten,13,1371,15,2025,4.78,4.92
kabupaten,13,1371,16,2025,6.53,1.99
kabupaten,13,1371,17,2025,10.08,2.73
kabupaten,13,1372,1,2021,0,5.13
kabupaten,13,1372,2,2021,0,0.57
kabupaten,13,1372,3,2021,0,4.83
kabupaten,13,1372,4,2021,0,0.05
kabupaten,13,1372,5,2021,0,0.19
kabupaten,13,1372,6,2021,0,12.17
kabupaten,13,1372,7,2021,0,25.5
kabupaten,13,1372,8,2021,0,15.68
kabupaten,13,1372,9,2021,0,1.96
kabupaten,13,1372,10,2021,0,9.2
kabupaten,13,1372,11,2021,0,4.29
kabupaten,13,1372,12,2021,0,2.53
kabupaten,13,1372,13,2021,0,0.02
kabupaten,13,1372,14,2021,0,8.07
kabupaten,13,1372,15,2021,0,5.43
kabupaten,13,1372,16,2021,0,1.66
kabupaten,13,1372,17,2021,0,2.71
kabupaten,13,1372,1,2022,3.48,5.08
kabupaten,13,1372,2,2022,4.55,0.57
kabupaten,13,1372,3,2022,2.04,4.71
kabupaten,13,1372,4,2022,3.38,0.05
kabupaten,13,1372,5,2022,5.59,0.19
kabupaten,13,1372,6,2022,3.39,12.03
kabupaten,13,1372,7,2022,5.7,25.77
kabupaten,13,1372,8,2022,3.58,15.53
kabupaten,13,1372,9,2022,14.04,2.13
kabupaten,13,1372,10,2022,6.02,9.33
kabupaten,13,1372,11,2022,5.38,4.32
kabupaten,13,1372,12,2022,5.38,2.54
kabupaten,13,1372,13,2022,6.52,0.02
kabupaten,13,1372,14,2022,-0.96,7.64
kabupaten,13,1372,15,2022,6.92,5.55
kabupaten,13,1372,16,2022,4.48,1.66
kabupaten,13,1372,17,2022,10.47,2.86
kabupaten,13,1372,1,2023,1.84,4.93
kabupaten,13,1372,2,2023,3.78,0.56
kabupaten,13,1372,3,2023,3.27,4.65
kabupaten,13,1372,4,2023,3.92,0.05
kabupaten,13,1372,5,2023,2.22,0.19
kabupaten,13,1372,6,2023,6.06,12.17
kabupaten,13,1372,7,2023,4.7,25.75
kabupaten,13,1372,8,2023,5.54,15.64
kabupaten,13,1372,9,2023,8.08,2.2
kabupaten,13,1372,10,2023,7.57,9.57
kabupaten,13,1372,11,2023,4.31,4.3
kabupaten,13,1372,12,2023,6.03,2.57
kabupaten,13,1372,13,2023,6.12,0.02
kabupaten,13,1372,14,2023,0.98,7.37
kabupaten,13,1372,15,2023,1.73,5.39
kabupaten,13,1372,16,2023,7.25,1.7
kabupaten,13,1372,17,2023,7.76,2.94
kabupaten,13,1372,1,2024,1.34,4.78
kabupaten,13,1372,2,2024,3.75,0.56
kabupaten,13,1372,3,2024,2.81,4.57
kabupaten,13,1372,4,2024,4.4,0.05
kabupaten,13,1372,5,2024,2.34,0.18
kabupaten,13,1372,6,2024,4,12.11
kabupaten,13,1372,7,2024,4.44,25.72
kabupaten,13,1372,8,2024,4.24,15.6
kabupaten,13,1372,9,2024,6.39,2.24
kabupaten,13,1372,10,2024,4.92,9.61
kabupaten,13,1372,11,2024,7.19,4.41
kabupaten,13,1372,12,2024,5.49,2.6
kabupaten,13,1372,13,2024,5.77,0.02
kabupaten,13,1372,14,2024,7.12,7.55
kabupaten,13,1372,15,2024,2.9,5.31
kabupaten,13,1372,16,2024,4.75,1.7
kabupaten,13,1372,17,2024,7.08,3.02
kabupaten,13,1372,1,2025,2.06,4.71
kabupaten,13,1372,2,2025,1.81,0.55
kabupaten,13,1372,3,2025,6.37,4.69
kabupaten,13,1372,4,2025,0,0.05
kabupaten,13,1372,5,2025,-0.33,0.18
kabupaten,13,1372,6,2025,0.44,11.74
kabupaten,13,1372,7,2025,4.14,25.85
kabupaten,13,1372,8,2025,1.41,15.26
kabupaten,13,1372,9,2025,5.42,2.28
kabupaten,13,1372,10,2025,5.37,9.77
kabupaten,13,1372,11,2025,8.64,4.62
kabupaten,13,1372,12,2025,5.35,2.64
kabupaten,13,1372,13,2025,3.64,0.02
kabupaten,13,1372,14,2025,2.06,7.43
kabupaten,13,1372,15,2025,3.64,5.31
kabupaten,13,1372,16,2025,6.89,1.76
kabupaten,13,1372,17,2025,8.2,3.15
kabupaten,13,1373,1,2021,0,8.31
kabupaten,13,1373,2,2021,0,5.21
kabupaten,13,1373,3,2021,0,11.27
kabupaten,13,1373,4,2021,0,2.02
kabupaten,13,1373,5,2021,0,0.38
kabupaten,13,1373,6,2021,0,10.44
kabupaten,13,1373,7,2021,0,16.2
kabupaten,13,1373,8,2021,0,8.62
kabupaten,13,1373,9,2021,0,1.77
kabupaten,13,1373,10,2021,0,9.92
kabupaten,13,1373,11,2021,0,3.35
kabupaten,13,1373,12,2021,0,1.76
kabupaten,13,1373,13,2021,0,0.13
kabupaten,13,1373,14,2021,0,11.7
kabupaten,13,1373,15,2021,0,3.12
kabupaten,13,1373,16,2021,0,1.25
kabupaten,13,1373,17,2021,0,4.54
kabupaten,13,1373,1,2022,4.93,8.39
kabupaten,13,1373,2,2022,-3.05,4.86
kabupaten,13,1373,3,2022,2.56,11.11
kabupaten,13,1373,4,2022,1.99,1.98
kabupaten,13,1373,5,2022,-0.74,0.37
kabupaten,13,1373,6,2022,3.19,10.36
kabupaten,13,1373,7,2022,5.08,16.38
kabupaten,13,1373,8,2022,3.53,8.58
kabupaten,13,1373,9,2022,11.62,1.9
kabupaten,13,1373,10,2022,5.77,10.09
kabupaten,13,1373,11,2022,5.55,3.41
kabupaten,13,1373,12,2022,5.94,1.79
kabupaten,13,1373,13,2022,4.92,0.13
kabupaten,13,1373,14,2022,2.05,11.49
kabupaten,13,1373,15,2022,4,3.12
kabupaten,13,1373,16,2022,4.48,1.26
kabupaten,13,1373,17,2022,9.32,4.78
kabupaten,13,1373,1,2023,2.47,8.23
kabupaten,13,1373,2,2023,-0.87,4.61
kabupaten,13,1373,3,2023,5.07,11.18
kabupaten,13,1373,4,2023,3.93,1.97
kabupaten,13,1373,5,2023,3.62,0.36
kabupaten,13,1373,6,2023,5.84,10.5
kabupaten,13,1373,7,2023,4.86,16.44
kabupaten,13,1373,8,2023,5.6,8.68
kabupaten,13,1373,9,2023,5.91,1.92
kabupaten,13,1373,10,2023,7.69,10.41
kabupaten,13,1373,11,2023,3.63,3.38
kabupaten,13,1373,12,2023,6.27,1.82
kabupaten,13,1373,13,2023,5.21,0.13
kabupaten,13,1373,14,2023,1.01,11.11
kabupaten,13,1373,15,2023,1.94,3.05
kabupaten,13,1373,16,2023,7.14,1.29
kabupaten,13,1373,17,2023,7.47,4.91
kabupaten,13,1373,1,2024,1.52,8.03
kabupaten,13,1373,2,2024,-6.13,4.16
kabupaten,13,1373,3,2024,3.13,11.08
kabupaten,13,1373,4,2024,4.17,1.98
kabupaten,13,1373,5,2024,2.15,0.36
kabupaten,13,1373,6,2024,3.59,10.46
kabupaten,13,1373,7,2024,5.07,16.61
kabupaten,13,1373,8,2024,5.37,8.79
kabupaten,13,1373,9,2024,6.44,1.97
kabupaten,13,1373,10,2024,4.63,10.47
kabupaten,13,1373,11,2024,4.57,3.4
kabupaten,13,1373,12,2024,4.95,1.84
kabupaten,13,1373,13,2024,5.2,0.13
kabupaten,13,1373,14,2024,5.54,11.27
kabupaten,13,1373,15,2024,2.94,3.02
kabupaten,13,1373,16,2024,5.03,1.31
kabupaten,13,1373,17,2024,8.8,5.14
kabupaten,13,1373,1,2025,2.18,7.93
kabupaten,13,1373,2,2025,3.21,4.15
kabupaten,13,1373,3,2025,6,11.36
kabupaten,13,1373,4,2025,0.11,1.91
kabupaten,13,1373,5,2025,1.05,0.35
kabupaten,13,1373,6,2025,-1.3,9.98
kabupaten,13,1373,7,2025,4.47,16.77
kabupaten,13,1373,8,2025,1.73,8.65
kabupaten,13,1373,9,2025,3.78,1.98
kabupaten,13,1373,10,2025,5,10.63
kabupaten,13,1373,11,2025,7.07,3.52
kabupaten,13,1373,12,2025,5.25,1.87
kabupaten,13,1373,13,2025,5.18,0.14
kabupaten,13,1373,14,2025,2.11,11.13
kabupaten,13,1373,15,2025,4.26,3.04
kabupaten,13,1373,16,2025,-0.48,1.26
kabupaten,13,1373,17,2025,7.64,5.35
kabupaten,13,1374,1,2021,0,4.94
kabupaten,13,1374,2,2021,0,0.23
kabupaten,13,1374,3,2021,0,9.17
kabupaten,13,1374,4,2021,0,0.06
kabupaten,13,1374,5,2021,0,0.26
kabupaten,13,1374,6,2021,0,9.06
kabupaten,13,1374,7,2021,0,18.34
kabupaten,13,1374,8,2021,0,12.78
kabupaten,13,1374,9,2021,0,2.15
kabupaten,13,1374,10,2021,0,12.22
kabupaten,13,1374,11,2021,0,4.04
kabupaten,13,1374,12,2021,0,3.44
kabupaten,13,1374,13,2021,0,0.08
kabupaten,13,1374,14,2021,0,8.75
kabupaten,13,1374,15,2021,0,8.91
kabupaten,13,1374,16,2021,0,1.52
kabupaten,13,1374,17,2021,0,4.06
kabupaten,13,1374,1,2022,5.43,4.99
kabupaten,13,1374,2,2022,2.13,0.23
kabupaten,13,1374,3,2022,2.39,9
kabupaten,13,1374,4,2022,3.23,0.06
kabupaten,13,1374,5,2022,4.23,0.26
kabupaten,13,1374,6,2022,2.45,8.9
kabupaten,13,1374,7,2022,5.28,18.5
kabupaten,13,1374,8,2022,3.19,12.63
kabupaten,13,1374,9,2022,10.47,2.27
kabupaten,13,1374,10,2022,6.53,12.47
kabupaten,13,1374,11,2022,4.52,4.05
kabupaten,13,1374,12,2022,5.42,3.48
kabupaten,13,1374,13,2022,6.53,0.08
kabupaten,13,1374,14,2022,-1.06,8.29
kabupaten,13,1374,15,2022,5.21,8.98
kabupaten,13,1374,16,2022,4.44,1.52
kabupaten,13,1374,17,2022,11.03,4.31
kabupaten,13,1374,1,2023,1.87,4.84
kabupaten,13,1374,2,2023,4.49,0.23
kabupaten,13,1374,3,2023,4.79,8.99
kabupaten,13,1374,4,2023,3.75,0.06
kabupaten,13,1374,5,2023,2.24,0.25
kabupaten,13,1374,6,2023,6.43,9.03
kabupaten,13,1374,7,2023,4.29,18.4
kabupaten,13,1374,8,2023,5.63,12.72
kabupaten,13,1374,9,2023,6.53,2.31
kabupaten,13,1374,10,2023,7.51,12.79
kabupaten,13,1374,11,2023,3.57,4
kabupaten,13,1374,12,2023,6.16,3.52
kabupaten,13,1374,13,2023,6.6,0.08
kabupaten,13,1374,14,2023,1.91,8.06
kabupaten,13,1374,15,2023,1.72,8.71
kabupaten,13,1374,16,2023,7.43,1.56
kabupaten,13,1374,17,2023,8.13,4.45
kabupaten,13,1374,1,2024,0.14,4.64
kabupaten,13,1374,2,2024,2.61,0.22
kabupaten,13,1374,3,2024,2.07,8.78
kabupaten,13,1374,4,2024,3.61,0.06
kabupaten,13,1374,5,2024,4.1,0.25
kabupaten,13,1374,6,2024,4.76,9.05
kabupaten,13,1374,7,2024,3.98,18.3
kabupaten,13,1374,8,2024,3.57,12.61
kabupaten,13,1374,9,2024,7.45,2.37
kabupaten,13,1374,10,2024,5.63,12.92
kabupaten,13,1374,11,2024,6.81,4.08
kabupaten,13,1374,12,2024,5.8,3.56
kabupaten,13,1374,13,2024,4.42,0.08
kabupaten,13,1374,14,2024,8.2,8.34
kabupaten,13,1374,15,2024,2.69,8.56
kabupaten,13,1374,16,2024,4.58,1.56
kabupaten,13,1374,17,2024,7.91,4.59
kabupaten,13,1374,1,2025,3.94,4.66
kabupaten,13,1374,2,2025,1.35,0.22
kabupaten,13,1374,3,2025,5.92,8.98
kabupaten,13,1374,4,2025,-0.58,0.05
kabupaten,13,1374,5,2025,-1.71,0.24
kabupaten,13,1374,6,2025,-0.64,8.68
kabupaten,13,1374,7,2025,4.27,18.42
kabupaten,13,1374,8,2025,1.42,12.34
kabupaten,13,1374,9,2025,4.9,2.4
kabupaten,13,1374,10,2025,5.06,13.11
kabupaten,13,1374,11,2025,7.05,4.22
kabupaten,13,1374,12,2025,5.65,3.63
kabupaten,13,1374,13,2025,5.08,0.08
kabupaten,13,1374,14,2025,-0.26,8.03
kabupaten,13,1374,15,2025,3.26,8.53
kabupaten,13,1374,16,2025,3.93,1.57
kabupaten,13,1374,17,2025,9.18,4.84
kabupaten,13,1375,1,2021,0,1.15
kabupaten,13,1375,2,2021,0,0
kabupaten,13,1375,3,2021,0,5.82
kabupaten,13,1375,4,2021,0,0.67
kabupaten,13,1375,5,2021,0,0.14
kabupaten,13,1375,6,2021,0,6.45
kabupaten,13,1375,7,2021,0,33.57
kabupaten,13,1375,8,2021,0,10.97
kabupaten,13,1375,9,2021,0,3.72
kabupaten,13,1375,10,2021,0,9.52
kabupaten,13,1375,11,2021,0,5.69
kabupaten,13,1375,12,2021,0,3.24
kabupaten,13,1375,13,2021,0,0.63
kabupaten,13,1375,14,2021,0,5.39
kabupaten,13,1375,15,2021,0,5.63
kabupaten,13,1375,16,2021,0,3.88
kabupaten,13,1375,17,2021,0,3.52
kabupaten,13,1375,1,2022,2.75,1.13
kabupaten,13,1375,2,2022,0,0
kabupaten,13,1375,3,2022,3.32,5.74
kabupaten,13,1375,4,2022,3.64,0.67
kabupaten,13,1375,5,2022,-0.11,0.14
kabupaten,13,1375,6,2022,1.93,6.28
kabupaten,13,1375,7,2022,4.92,33.65
kabupaten,13,1375,8,2022,3.01,10.8
kabupaten,13,1375,9,2022,13.71,4.04
kabupaten,13,1375,10,2022,6.38,9.67
kabupaten,13,1375,11,2022,4.08,5.66
kabupaten,13,1375,12,2022,4.92,3.25
kabupaten,13,1375,13,2022,6.95,0.65
kabupaten,13,1375,14,2022,-0.62,5.12
kabupaten,13,1375,15,2022,3.39,5.56
kabupaten,13,1375,16,2022,4.09,3.86
kabupaten,13,1375,17,2022,12.59,3.79
kabupaten,13,1375,1,2023,0.46,1.08
kabupaten,13,1375,2,2023,0,0
kabupaten,13,1375,3,2023,6.31,5.82
kabupaten,13,1375,4,2023,3.65,0.66
kabupaten,13,1375,5,2023,2.46,0.13
kabupaten,13,1375,6,2023,5.95,6.35
kabupaten,13,1375,7,2023,4.35,33.51
kabupaten,13,1375,8,2023,5.74,10.9
kabupaten,13,1375,9,2023,5.16,4.05
kabupaten,13,1375,10,2023,6.7,9.85
kabupaten,13,1375,11,2023,2.58,5.54
kabupaten,13,1375,12,2023,5.76,3.28
kabupaten,13,1375,13,2023,6.8,0.66
kabupaten,13,1375,14,2023,1.42,4.96
kabupaten,13,1375,15,2023,1.52,5.39
kabupaten,13,1375,16,2023,6.83,3.93
kabupaten,13,1375,17,2023,7.49,3.89
kabupaten,13,1375,1,2024,0.62,1.04
kabupaten,13,1375,2,2024,0,0
kabupaten,13,1375,3,2024,2.98,5.74
kabupaten,13,1375,4,2024,4.56,0.66
kabupaten,13,1375,5,2024,4.58,0.13
kabupaten,13,1375,6,2024,3.64,6.3
kabupaten,13,1375,7,2024,4.38,33.47
kabupaten,13,1375,8,2024,4.99,10.94
kabupaten,13,1375,9,2024,2.1,3.96
kabupaten,13,1375,10,2024,4.2,9.82
kabupaten,13,1375,11,2024,6.57,5.65
kabupaten,13,1375,12,2024,5.66,3.31
kabupaten,13,1375,13,2024,4.96,0.66
kabupaten,13,1375,14,2024,7.95,5.12
kabupaten,13,1375,15,2024,2.91,5.3
kabupaten,13,1375,16,2024,5.48,3.97
kabupaten,13,1375,17,2024,5.6,3.93
kabupaten,13,1375,1,2025,1.04,1.02
kabupaten,13,1375,2,2025,0,0
kabupaten,13,1375,3,2025,4.5,5.79
kabupaten,13,1375,4,2025,0.49,0.64
kabupaten,13,1375,5,2025,-2.09,0.13
kabupaten,13,1375,6,2025,-1.26,6
kabupaten,13,1375,7,2025,3.54,33.46
kabupaten,13,1375,8,2025,1.34,10.71
kabupaten,13,1375,9,2025,2.38,3.91
kabupaten,13,1375,10,2025,5.09,9.96
kabupaten,13,1375,11,2025,6.11,5.79
kabupaten,13,1375,12,2025,4.26,3.34
kabupaten,13,1375,13,2025,3.59,0.66
kabupaten,13,1375,14,2025,2.18,5.05
kabupaten,13,1375,15,2025,4.51,5.35
kabupaten,13,1375,16,2025,7.14,4.1
kabupaten,13,1375,17,2025,7.58,4.08
kabupaten,13,1376,1,2021,0,6.08
kabupaten,13,1376,2,2021,0,0.5
kabupaten,13,1376,3,2021,0,5.29
kabupaten,13,1376,4,2021,0,0.06
kabupaten,13,1376,5,2021,0,0.31
kabupaten,13,1376,6,2021,0,12.41
kabupaten,13,1376,7,2021,0,23.86
kabupaten,13,1376,8,2021,0,12.73
kabupaten,13,1376,9,2021,0,2.58
kabupaten,13,1376,10,2021,0,11.1
kabupaten,13,1376,11,2021,0,5.98
kabupaten,13,1376,12,2021,0,2.74
kabupaten,13,1376,13,2021,0,0.25
kabupaten,13,1376,14,2021,0,6.63
kabupaten,13,1376,15,2021,0,4.49
kabupaten,13,1376,16,2021,0,1.78
kabupaten,13,1376,17,2021,0,3.23
kabupaten,13,1376,1,2022,2.51,5.97
kabupaten,13,1376,2,2022,4.61,0.5
kabupaten,13,1376,3,2022,2.13,5.17
kabupaten,13,1376,4,2022,3.01,0.06
kabupaten,13,1376,5,2022,6.21,0.32
kabupaten,13,1376,6,2022,3.37,12.28
kabupaten,13,1376,7,2022,5.55,24.09
kabupaten,13,1376,8,2022,3.22,12.57
kabupaten,13,1376,9,2022,15.11,2.84
kabupaten,13,1376,10,2022,6.8,11.34
kabupaten,13,1376,11,2022,4.01,5.95
kabupaten,13,1376,12,2022,5.13,2.75
kabupaten,13,1376,13,2022,6.7,0.26
kabupaten,13,1376,14,2022,-1.06,6.27
kabupaten,13,1376,15,2022,5.3,4.52
kabupaten,13,1376,16,2022,4.41,1.77
kabupaten,13,1376,17,2022,8.09,3.34
kabupaten,13,1376,1,2023,0.89,5.75
kabupaten,13,1376,2,2023,2.89,0.49
kabupaten,13,1376,3,2023,2.72,5.07
kabupaten,13,1376,4,2023,3.65,0.06
kabupaten,13,1376,5,2023,3.09,0.31
kabupaten,13,1376,6,2023,5.84,12.41
kabupaten,13,1376,7,2023,4.66,24.09
kabupaten,13,1376,8,2023,5.59,12.68
kabupaten,13,1376,9,2023,6.96,2.9
kabupaten,13,1376,10,2023,7.08,11.6
kabupaten,13,1376,11,2023,3.22,5.87
kabupaten,13,1376,12,2023,5.94,2.79
kabupaten,13,1376,13,2023,6.53,0.26
kabupaten,13,1376,14,2023,1.88,6.1
kabupaten,13,1376,15,2023,1.66,4.39
kabupaten,13,1376,16,2023,6.84,1.81
kabupaten,13,1376,17,2023,7.33,3.42
kabupaten,13,1376,1,2024,-0.03,5.5
kabupaten,13,1376,2,2024,1.87,0.48
kabupaten,13,1376,3,2024,2.99,5
kabupaten,13,1376,4,2024,4.58,0.06
kabupaten,13,1376,5,2024,1.72,0.31
kabupaten,13,1376,6,2024,3.69,12.31
kabupaten,13,1376,7,2024,4.49,24.08
kabupaten,13,1376,8,2024,4.11,12.63
kabupaten,13,1376,9,2024,6.74,2.96
kabupaten,13,1376,10,2024,4.8,11.63
kabupaten,13,1376,11,2024,7.06,6.01
kabupaten,13,1376,12,2024,5.61,2.82
kabupaten,13,1376,13,2024,4.75,0.26
kabupaten,13,1376,14,2024,8.31,6.32
kabupaten,13,1376,15,2024,3.1,4.33
kabupaten,13,1376,16,2024,5.39,1.83
kabupaten,13,1376,17,2024,6.68,3.49
kabupaten,13,1376,1,2025,1.46,5.39
kabupaten,13,1376,2,2025,0.32,0.46
kabupaten,13,1376,3,2025,7.86,5.2
kabupaten,13,1376,4,2025,0,0.05
kabupaten,13,1376,5,2025,0.75,0.3
kabupaten,13,1376,6,2025,0.3,11.93
kabupaten,13,1376,7,2025,3.98,24.18
kabupaten,13,1376,8,2025,0.28,12.23
kabupaten,13,1376,9,2025,4.48,2.99
kabupaten,13,1376,10,2025,5.37,11.83
kabupaten,13,1376,11,2025,7.44,6.23
kabupaten,13,1376,12,2025,5.81,2.88
kabupaten,13,1376,13,2025,4.46,0.26
kabupaten,13,1376,14,2025,1.29,6.19
kabupaten,13,1376,15,2025,3.85,4.35
kabupaten,13,1376,16,2025,7.14,1.89
kabupaten,13,1376,17,2025,8.09,3.64
kabupaten,13,1377,1,2021,0,16.95
kabupaten,13,1377,2,2021,0,1.75
kabupaten,13,1377,3,2021,0,7.66
kabupaten,13,1377,4,2021,0,0.06
kabupaten,13,1377,5,2021,0,0.04
kabupaten,13,1377,6,2021,0,14.79
kabupaten,13,1377,7,2021,0,16.06
kabupaten,13,1377,8,2021,0,10.14
kabupaten,13,1377,9,2021,0,1.73
kabupaten,13,1377,10,2021,0,10.83
kabupaten,13,1377,11,2021,0,2.9
kabupaten,13,1377,12,2021,0,2.85
kabupaten,13,1377,13,2021,0,0.14
kabupaten,13,1377,14,2021,0,5.6
kabupaten,13,1377,15,2021,0,4.2
kabupaten,13,1377,16,2021,0,1.35
kabupaten,13,1377,17,2021,0,2.96
kabupaten,13,1377,1,2022,1.2,16.53
kabupaten,13,1377,2,2022,2.66,1.73
kabupaten,13,1377,3,2022,2.31,7.55
kabupaten,13,1377,4,2022,3.03,0.06
kabupaten,13,1377,5,2022,5.34,0.04
kabupaten,13,1377,6,2022,2.16,14.55
kabupaten,13,1377,7,2022,4.65,16.2
kabupaten,13,1377,8,2022,4.82,10.24
kabupaten,13,1377,9,2022,9.96,1.83
kabupaten,13,1377,10,2022,6.13,11.07
kabupaten,13,1377,11,2022,4.29,2.91
kabupaten,13,1377,12,2022,5.52,2.9
kabupaten,13,1377,13,2022,6.35,0.14
kabupaten,13,1377,14,2022,-1.04,5.34
kabupaten,13,1377,15,2022,7.46,4.34
kabupaten,13,1377,16,2022,5.4,1.37
kabupaten,13,1377,17,2022,12.15,3.2
kabupaten,13,1377,1,2023,4.41,16.55
kabupaten,13,1377,2,2023,2.06,1.69
kabupaten,13,1377,3,2023,2.86,7.44
kabupaten,13,1377,4,2023,4.9,0.06
kabupaten,13,1377,5,2023,5.8,0.04
kabupaten,13,1377,6,2023,2.12,14.25
kabupaten,13,1377,7,2023,4.89,16.29
kabupaten,13,1377,8,2023,4.49,10.26
kabupaten,13,1377,9,2023,15.24,2.02
kabupaten,13,1377,10,2023,6.51,11.3
kabupaten,13,1377,11,2023,2.07,2.85
kabupaten,13,1377,12,2023,6.1,2.95
kabupaten,13,1377,13,2023,5.78,0.15
kabupaten,13,1377,14,2023,1.23,5.18
kabupaten,13,1377,15,2023,2.01,4.25
kabupaten,13,1377,16,2023,7.29,1.41
kabupaten,13,1377,17,2023,8.14,3.32
kabupaten,13,1377,1,2024,4.22,16.37
kabupaten,13,1377,2,2024,4.18,1.67
kabupaten,13,1377,3,2024,3.23,7.29
kabupaten,13,1377,4,2024,3.74,0.05
kabupaten,13,1377,5,2024,0,0.04
kabupaten,13,1377,6,2024,5.52,14.27
kabupaten,13,1377,7,2024,4.35,16.13
kabupaten,13,1377,8,2024,4.71,10.2
kabupaten,13,1377,9,2024,6.93,2.05
kabupaten,13,1377,10,2024,7.93,11.58
kabupaten,13,1377,11,2024,7.37,2.9
kabupaten,13,1377,12,2024,5.68,2.96
kabupaten,13,1377,13,2024,4.41,0.15
kabupaten,13,1377,14,2024,8.47,5.34
kabupaten,13,1377,15,2024,3.88,4.19
kabupaten,13,1377,16,2024,5.03,1.4
kabupaten,13,1377,17,2024,8.49,3.42
kabupaten,13,1377,1,2025,4.68,16.05
kabupaten,13,1377,2,2025,6.02,1.66
kabupaten,13,1377,3,2025,9.6,7.49
kabupaten,13,1377,4,2025,2.25,0.05
kabupaten,13,1377,5,2025,0,0.03
kabupaten,13,1377,6,2025,3.61,13.85
kabupaten,13,1377,7,2025,9.17,16.5
kabupaten,13,1377,8,2025,6.27,10.15
kabupaten,13,1377,9,2025,11.89,2.15
kabupaten,13,1377,10,2025,10.09,11.94
kabupaten,13,1377,11,2025,7.62,2.93
kabupaten,13,1377,12,2025,5.87,2.93
kabupaten,13,1377,13,2025,5.74,0.14
kabupaten,13,1377,14,2025,2.77,5.14
kabupaten,13,1377,15,2025,4.04,4.08
kabupaten,13,1377,16,2025,6.84,1.41
kabupaten,13,1377,17,2025,9.37,3.5
kabupaten,14,1401,1,2021,0,34.15
kabupaten,14,1401,2,2021,0,19.86
kabupaten,14,1401,3,2021,0,31.15
kabupaten,14,1401,4,2021,0,0.06
kabupaten,14,1401,5,2021,0,0.01
kabupaten,14,1401,6,2021,0,6.63
kabupaten,14,1401,7,2021,0,3.18
kabupaten,14,1401,8,2021,0,0.31
kabupaten,14,1401,9,2021,0,0.08
kabupaten,14,1401,10,2021,0,0.49
kabupaten,14,1401,11,2021,0,0.49
kabupaten,14,1401,12,2021,0,1.02
kabupaten,14,1401,13,2021,0,0
kabupaten,14,1401,14,2021,0,1.52
kabupaten,14,1401,15,2021,0,0.54
kabupaten,14,1401,16,2021,0,0.23
kabupaten,14,1401,17,2021,0,0.28
kabupaten,14,1401,1,2022,4.77,34.13
kabupaten,14,1401,2,2022,2.94,19.51
kabupaten,14,1401,3,2022,4.4,31.02
kabupaten,14,1401,4,2022,10.13,0.06
kabupaten,14,1401,5,2022,7.96,0.01
kabupaten,14,1401,6,2022,8.51,6.86
kabupaten,14,1401,7,2022,13.94,3.45
kabupaten,14,1401,8,2022,19.44,0.36
kabupaten,14,1401,9,2022,9.84,0.08
kabupaten,14,1401,10,2022,6.72,0.5
kabupaten,14,1401,11,2022,3.81,0.49
kabupaten,14,1401,12,2022,5.89,1.03
kabupaten,14,1401,13,2022,13.04,0
kabupaten,14,1401,14,2022,-0.38,1.44
kabupaten,14,1401,15,2022,3.97,0.54
kabupaten,14,1401,16,2022,2.45,0.23
kabupaten,14,1401,17,2022,12.67,0.3
kabupaten,14,1401,1,2023,5.55,34.56
kabupaten,14,1401,2,2023,2.56,19.2
kabupaten,14,1401,3,2023,2.84,30.61
kabupaten,14,1401,4,2023,5.18,0.06
kabupaten,14,1401,5,2023,6.19,0.01
kabupaten,14,1401,6,2023,8.38,7.14
kabupaten,14,1401,7,2023,5.42,3.49
kabupaten,14,1401,8,2023,5.76,0.36
kabupaten,14,1401,9,2023,4.89,0.08
kabupaten,14,1401,10,2023,7.15,0.52
kabupaten,14,1401,11,2023,4,0.49
kabupaten,14,1401,12,2023,3.93,1.02
kabupaten,14,1401,13,2023,8.79,0
kabupaten,14,1401,14,2023,-0.24,1.38
kabupaten,14,1401,15,2023,3.73,0.54
kabupaten,14,1401,16,2023,6.94,0.23
kabupaten,14,1401,17,2023,7.44,0.31
kabupaten,14,1401,1,2024,2.45,34.47
kabupaten,14,1401,2,2024,1.08,18.89
kabupaten,14,1401,3,2024,2.49,30.54
kabupaten,14,1401,4,2024,6.02,0.06
kabupaten,14,1401,5,2024,4.44,0.01
kabupaten,14,1401,6,2024,5.89,7.36
kabupaten,14,1401,7,2024,5.1,3.57
kabupaten,14,1401,8,2024,8.13,0.38
kabupaten,14,1401,9,2024,9.65,0.09
kabupaten,14,1401,10,2024,7.37,0.54
kabupaten,14,1401,11,2024,1.29,0.48
kabupaten,14,1401,12,2024,3.26,1.03
kabupaten,14,1401,13,2024,6.57,0
kabupaten,14,1401,14,2024,9.06,1.46
kabupaten,14,1401,15,2024,4.4,0.55
kabupaten,14,1401,16,2024,6.68,0.24
kabupaten,14,1401,17,2024,6.09,0.32
kabupaten,14,1401,1,2025,5.7,34.7
kabupaten,14,1401,2,2025,1.23,18.21
kabupaten,14,1401,3,2025,6.43,30.95
kabupaten,14,1401,4,2025,2.47,0.06
kabupaten,14,1401,5,2025,5.32,0.01
kabupaten,14,1401,6,2025,5.64,7.4
kabupaten,14,1401,7,2025,4.51,3.56
kabupaten,14,1401,8,2025,5.59,0.38
kabupaten,14,1401,9,2025,4.81,0.09
kabupaten,14,1401,10,2025,5.6,0.54
kabupaten,14,1401,11,2025,3.41,0.47
kabupaten,14,1401,12,2025,3.58,1.02
kabupaten,14,1401,13,2025,8.53,0
kabupaten,14,1401,14,2025,5.36,1.47
kabupaten,14,1401,15,2025,8.67,0.57
kabupaten,14,1401,16,2025,8.43,0.25
kabupaten,14,1401,17,2025,9.46,0.33
kabupaten,14,1402,1,2021,0,30.67
kabupaten,14,1402,2,2021,0,8.01
kabupaten,14,1402,3,2021,0,31.75
kabupaten,14,1402,4,2021,0,0.06
kabupaten,14,1402,5,2021,0,0.05
kabupaten,14,1402,6,2021,0,12.32
kabupaten,14,1402,7,2021,0,9.34
kabupaten,14,1402,8,2021,0,0.87
kabupaten,14,1402,9,2021,0,0.71
kabupaten,14,1402,10,2021,0,0.86
kabupaten,14,1402,11,2021,0,0.88
kabupaten,14,1402,12,2021,0,1.23
kabupaten,14,1402,13,2021,0,0
kabupaten,14,1402,14,2021,0,1.65
kabupaten,14,1402,15,2021,0,0.73
kabupaten,14,1402,16,2021,0,0.23
kabupaten,14,1402,17,2021,0,0.64
kabupaten,14,1402,1,2022,3.2,30.25
kabupaten,14,1402,2,2022,5.4,8.07
kabupaten,14,1402,3,2022,3.85,31.52
kabupaten,14,1402,4,2022,5.16,0.06
kabupaten,14,1402,5,2022,3.66,0.05
kabupaten,14,1402,6,2022,3.95,12.24
kabupaten,14,1402,7,2022,10.92,9.9
kabupaten,14,1402,8,2022,15.84,0.96
kabupaten,14,1402,9,2022,10.62,0.75
kabupaten,14,1402,10,2022,6.24,0.87
kabupaten,14,1402,11,2022,4.9,0.89
kabupaten,14,1402,12,2022,5.46,1.24
kabupaten,14,1402,13,2022,4.71,0
kabupaten,14,1402,14,2022,-0.46,1.57
kabupaten,14,1402,15,2022,3.97,0.72
kabupaten,14,1402,16,2022,2.45,0.22
kabupaten,14,1402,17,2022,12.51,0.69
kabupaten,14,1402,1,2023,3.96,30.12
kabupaten,14,1402,2,2023,3.07,7.97
kabupaten,14,1402,3,2023,2.38,30.91
kabupaten,14,1402,4,2023,7.94,0.06
kabupaten,14,1402,5,2023,4.99,0.05
kabupaten,14,1402,6,2023,9.64,12.86
kabupaten,14,1402,7,2023,6.35,10.08
kabupaten,14,1402,8,2023,6.51,0.98
kabupaten,14,1402,9,2023,4.78,0.75
kabupaten,14,1402,10,2023,7.03,0.9
kabupaten,14,1402,11,2023,2.63,0.87
kabupaten,14,1402,12,2023,4.08,1.24
kabupaten,14,1402,13,2023,2.25,0
kabupaten,14,1402,14,2023,2.85,1.55
kabupaten,14,1402,15,2023,5.08,0.73
kabupaten,14,1402,16,2023,5.73,0.23
kabupaten,14,1402,17,2023,6.72,0.71
kabupaten,14,1402,1,2024,2.69,29.82
kabupaten,14,1402,2,2024,2.49,7.87
kabupaten,14,1402,3,2024,2.31,30.48
kabupaten,14,1402,4,2024,0.15,0.06
kabupaten,14,1402,5,2024,-1.97,0.05
kabupaten,14,1402,6,2024,6.95,13.25
kabupaten,14,1402,7,2024,7.27,10.43
kabupaten,14,1402,8,2024,7.19,1.02
kabupaten,14,1402,9,2024,5.53,0.77
kabupaten,14,1402,10,2024,6.88,0.92
kabupaten,14,1402,11,2024,0.38,0.84
kabupaten,14,1402,12,2024,1.67,1.21
kabupaten,14,1402,13,2024,9.89,0
kabupaten,14,1402,14,2024,9.87,1.64
kabupaten,14,1402,15,2024,2.55,0.72
kabupaten,14,1402,16,2024,2.77,0.22
kabupaten,14,1402,17,2024,3.11,0.7
kabupaten,14,1402,1,2025,6.82,30.37
kabupaten,14,1402,2,2025,-0.17,7.49
kabupaten,14,1402,3,2025,5.09,30.55
kabupaten,14,1402,4,2025,0.1,0.05
kabupaten,14,1402,5,2025,3.79,0.05
kabupaten,14,1402,6,2025,0.71,12.73
kabupaten,14,1402,7,2025,7.33,10.67
kabupaten,14,1402,8,2025,4.42,1.01
kabupaten,14,1402,9,2025,1.85,0.74
kabupaten,14,1402,10,2025,5.6,0.93
kabupaten,14,1402,11,2025,6.09,0.85
kabupaten,14,1402,12,2025,3.81,1.2
kabupaten,14,1402,13,2025,3,0
kabupaten,14,1402,14,2025,5.75,1.65
kabupaten,14,1402,15,2025,7.77,0.74
kabupaten,14,1402,16,2025,11.45,0.24
kabupaten,14,1402,17,2025,7.19,0.72
kabupaten,14,1403,1,2021,0,13.42
kabupaten,14,1403,2,2021,0,52.5
kabupaten,14,1403,3,2021,0,20.56
kabupaten,14,1403,4,2021,0,0.03
kabupaten,14,1403,5,2021,0,0.02
kabupaten,14,1403,6,2021,0,3.31
kabupaten,14,1403,7,2021,0,6.48
kabupaten,14,1403,8,2021,0,0.25
kabupaten,14,1403,9,2021,0,0.26
kabupaten,14,1403,10,2021,0,0.62
kabupaten,14,1403,11,2021,0,0.35
kabupaten,14,1403,12,2021,0,0.37
kabupaten,14,1403,13,2021,0,0
kabupaten,14,1403,14,2021,0,1.11
kabupaten,14,1403,15,2021,0,0.34
kabupaten,14,1403,16,2021,0,0.12
kabupaten,14,1403,17,2021,0,0.26
kabupaten,14,1403,1,2022,1.03,13.26
kabupaten,14,1403,2,2022,-0.19,51.26
kabupaten,14,1403,3,2022,4.12,20.94
kabupaten,14,1403,4,2022,9.52,0.03
kabupaten,14,1403,5,2022,0,0.02
kabupaten,14,1403,6,2022,6.79,3.46
kabupaten,14,1403,7,2022,12.36,7.13
kabupaten,14,1403,8,2022,15.43,0.29
kabupaten,14,1403,9,2022,13.16,0.28
kabupaten,14,1403,10,2022,6.11,0.64
kabupaten,14,1403,11,2022,3.86,0.35
kabupaten,14,1403,12,2022,6.18,0.38
kabupaten,14,1403,13,2022,0,0
kabupaten,14,1403,14,2022,8.83,1.19
kabupaten,14,1403,15,2022,3.19,0.34
kabupaten,14,1403,16,2022,1.14,0.12
kabupaten,14,1403,17,2022,19.37,0.3
kabupaten,14,1403,1,2023,3.89,13.41
kabupaten,14,1403,2,2023,2.08,50.92
kabupaten,14,1403,3,2023,1.21,20.62
kabupaten,14,1403,4,2023,4.35,0.03
kabupaten,14,1403,5,2023,15.38,0.02
kabupaten,14,1403,6,2023,7.99,3.64
kabupaten,14,1403,7,2023,5.75,7.33
kabupaten,14,1403,8,2023,5.07,0.29
kabupaten,14,1403,9,2023,3.72,0.29
kabupaten,14,1403,10,2023,9.05,0.68
kabupaten,14,1403,11,2023,4.46,0.36
kabupaten,14,1403,12,2023,3.08,0.39
kabupaten,14,1403,13,2023,0,0
kabupaten,14,1403,14,2023,7.78,1.24
kabupaten,14,1403,15,2023,3.09,0.34
kabupaten,14,1403,16,2023,6.74,0.12
kabupaten,14,1403,17,2023,6.58,0.31
kabupaten,14,1403,1,2024,1.15,13.44
kabupaten,14,1403,2,2024,0.2,50.55
kabupaten,14,1403,3,2024,0.05,20.44
kabupaten,14,1403,4,2024,12.5,0.03
kabupaten,14,1403,5,2024,0,0.02
kabupaten,14,1403,6,2024,7.58,3.88
kabupaten,14,1403,7,2024,1.36,7.36
kabupaten,14,1403,8,2024,5.7,0.31
kabupaten,14,1403,9,2024,12.11,0.32
kabupaten,14,1403,10,2024,6.98,0.72
kabupaten,14,1403,11,2024,1.78,0.36
kabupaten,14,1403,12,2024,3.99,0.4
kabupaten,14,1403,13,2024,33.33,0.01
kabupaten,14,1403,14,2024,9.59,1.35
kabupaten,14,1403,15,2024,5.62,0.36
kabupaten,14,1403,16,2024,4.21,0.13
kabupaten,14,1403,17,2024,5.76,0.33
kabupaten,14,1403,1,2025,3.46,13.51
kabupaten,14,1403,2,2025,-0.54,48.85
kabupaten,14,1403,3,2025,8.43,21.54
kabupaten,14,1403,4,2025,-7.41,0.03
kabupaten,14,1403,5,2025,0,0.02
kabupaten,14,1403,6,2025,8.94,4.1
kabupaten,14,1403,7,2025,4.8,7.5
kabupaten,14,1403,8,2025,7.05,0.32
kabupaten,14,1403,9,2025,6,0.33
kabupaten,14,1403,10,2025,10.76,0.78
kabupaten,14,1403,11,2025,6.64,0.38
kabupaten,14,1403,12,2025,7.35,0.41
kabupaten,14,1403,13,2025,0,0
kabupaten,14,1403,14,2025,6.4,1.4
kabupaten,14,1403,15,2025,10.99,0.39
kabupaten,14,1403,16,2025,0,0.12
kabupaten,14,1403,17,2025,4.67,0.33
kabupaten,14,1404,1,2021,0,46.88
kabupaten,14,1404,2,2021,0,1.16
kabupaten,14,1404,3,2021,0,27.72
kabupaten,14,1404,4,2021,0,0.05
kabupaten,14,1404,5,2021,0,0.02
kabupaten,14,1404,6,2021,0,5.03
kabupaten,14,1404,7,2021,0,13.16
kabupaten,14,1404,8,2021,0,0.83
kabupaten,14,1404,9,2021,0,0.41
kabupaten,14,1404,10,2021,0,0.74
kabupaten,14,1404,11,2021,0,0.56
kabupaten,14,1404,12,2021,0,0.81
kabupaten,14,1404,13,2021,0,0
kabupaten,14,1404,14,2021,0,1.6
kabupaten,14,1404,15,2021,0,0.5
kabupaten,14,1404,16,2021,0,0.17
kabupaten,14,1404,17,2021,0,0.37
kabupaten,14,1404,1,2022,4.34,46.47
kabupaten,14,1404,2,2022,28.24,1.41
kabupaten,14,1404,3,2022,4.68,27.57
kabupaten,14,1404,4,2022,9.37,0.05
kabupaten,14,1404,5,2022,2.92,0.01
kabupaten,14,1404,6,2022,5.48,5.04
kabupaten,14,1404,7,2022,7.72,13.46
kabupaten,14,1404,8,2022,9.07,0.86
kabupaten,14,1404,9,2022,12.09,0.44
kabupaten,14,1404,10,2022,4.54,0.73
kabupaten,14,1404,11,2022,3.97,0.55
kabupaten,14,1404,12,2022,4.37,0.8
kabupaten,14,1404,13,2022,15.6,0
kabupaten,14,1404,14,2022,0.49,1.53
kabupaten,14,1404,15,2022,3.22,0.49
kabupaten,14,1404,16,2022,1.21,0.16
kabupaten,14,1404,17,2022,15.47,0.4
kabupaten,14,1404,1,2023,2.96,46.37
kabupaten,14,1404,2,2023,3.97,1.42
kabupaten,14,1404,3,2023,1.22,27.05
kabupaten,14,1404,4,2023,2.48,0.05
kabupaten,14,1404,5,2023,-8.23,0.01
kabupaten,14,1404,6,2023,15.28,5.63
kabupaten,14,1404,7,2023,2.57,13.38
kabupaten,14,1404,8,2023,7.8,0.9
kabupaten,14,1404,9,2023,12.03,0.47
kabupaten,14,1404,10,2023,3.55,0.73
kabupaten,14,1404,11,2023,2.09,0.55
kabupaten,14,1404,12,2023,3.46,0.81
kabupaten,14,1404,13,2023,1.59,0
kabupaten,14,1404,14,2023,1.85,1.51
kabupaten,14,1404,15,2023,3.17,0.49
kabupaten,14,1404,16,2023,13.14,0.18
kabupaten,14,1404,17,2023,10.18,0.43
kabupaten,14,1404,1,2024,1.05,45.45
kabupaten,14,1404,2,2024,1.51,1.4
kabupaten,14,1404,3,2024,4.5,27.42
kabupaten,14,1404,4,2024,6.73,0.05
kabupaten,14,1404,5,2024,3.09,0.01
kabupaten,14,1404,6,2024,3.69,5.67
kabupaten,14,1404,7,2024,5.88,13.75
kabupaten,14,1404,8,2024,7.09,0.94
kabupaten,14,1404,9,2024,4.97,0.48
kabupaten,14,1404,10,2024,5.63,0.75
kabupaten,14,1404,11,2024,0.92,0.54
kabupaten,14,1404,12,2024,2.79,0.8
kabupaten,14,1404,13,2024,3.91,0
kabupaten,14,1404,14,2024,9.7,1.61
kabupaten,14,1404,15,2024,2.43,0.49
kabupaten,14,1404,16,2024,18.87,0.21
kabupaten,14,1404,17,2024,6.28,0.44
kabupaten,14,1404,1,2025,3.77,45.26
kabupaten,14,1404,2,2025,-4.55,1.28
kabupaten,14,1404,3,2025,4.09,27.39
kabupaten,14,1404,4,2025,1.22,0.05
kabupaten,14,1404,5,2025,3.57,0.01
kabupaten,14,1404,6,2025,7.12,5.83
kabupaten,14,1404,7,2025,5.17,13.87
kabupaten,14,1404,8,2025,3.99,0.93
kabupaten,14,1404,9,2025,3.18,0.48
kabupaten,14,1404,10,2025,4.61,0.75
kabupaten,14,1404,11,2025,1.3,0.52
kabupaten,14,1404,12,2025,2.9,0.79
kabupaten,14,1404,13,2025,6.02,0
kabupaten,14,1404,14,2025,5.49,1.63
kabupaten,14,1404,15,2025,6.69,0.5
kabupaten,14,1404,16,2025,5.41,0.21
kabupaten,14,1404,17,2025,14.02,0.48
kabupaten,14,1405,1,2021,0,37.58
kabupaten,14,1405,2,2021,0,1.63
kabupaten,14,1405,3,2021,0,52.33
kabupaten,14,1405,4,2021,0,0.03
kabupaten,14,1405,5,2021,0,0.01
kabupaten,14,1405,6,2021,0,2.17
kabupaten,14,1405,7,2021,0,2.47
kabupaten,14,1405,8,2021,0,0.19
kabupaten,14,1405,9,2021,0,0.14
kabupaten,14,1405,10,2021,0,0.63
kabupaten,14,1405,11,2021,0,0.52
kabupaten,14,1405,12,2021,0,0.6
kabupaten,14,1405,13,2021,0,0
kabupaten,14,1405,14,2021,0,1.01
kabupaten,14,1405,15,2021,0,0.29
kabupaten,14,1405,16,2021,0,0.16
kabupaten,14,1405,17,2021,0,0.24
kabupaten,14,1405,1,2022,3.12,37.13
kabupaten,14,1405,2,2022,0.45,1.57
kabupaten,14,1405,3,2022,4.71,52.49
kabupaten,14,1405,4,2022,11.64,0.03
kabupaten,14,1405,5,2022,4.6,0.01
kabupaten,14,1405,6,2022,7.23,2.23
kabupaten,14,1405,7,2022,13.15,2.67
kabupaten,14,1405,8,2022,18.88,0.21
kabupaten,14,1405,9,2022,13.44,0.15
kabupaten,14,1405,10,2022,5.6,0.64
kabupaten,14,1405,11,2022,3.9,0.52
kabupaten,14,1405,12,2022,6.16,0.61
kabupaten,14,1405,13,2022,12.5,0
kabupaten,14,1405,14,2022,5.27,1.02
kabupaten,14,1405,15,2022,3.38,0.29
kabupaten,14,1405,16,2022,1.34,0.15
kabupaten,14,1405,17,2022,17.14,0.27
kabupaten,14,1405,1,2023,3.14,36.58
kabupaten,14,1405,2,2023,2.33,1.53
kabupaten,14,1405,3,2023,5.59,52.94
kabupaten,14,1405,4,2023,7.84,0.04
kabupaten,14,1405,5,2023,8,0.01
kabupaten,14,1405,6,2023,9.05,2.32
kabupaten,14,1405,7,2023,6.53,2.72
kabupaten,14,1405,8,2023,5.11,0.21
kabupaten,14,1405,9,2023,4.29,0.15
kabupaten,14,1405,10,2023,6,0.65
kabupaten,14,1405,11,2023,3.8,0.52
kabupaten,14,1405,12,2023,3.72,0.6
kabupaten,14,1405,13,2023,5.56,0
kabupaten,14,1405,14,2023,4.17,1.01
kabupaten,14,1405,15,2023,3.58,0.29
kabupaten,14,1405,16,2023,6.75,0.15
kabupaten,14,1405,17,2023,6.68,0.27
kabupaten,14,1405,1,2024,2.68,35.99
kabupaten,14,1405,2,2024,0.22,1.47
kabupaten,14,1405,3,2024,5.33,53.44
kabupaten,14,1405,4,2024,7.13,0.04
kabupaten,14,1405,5,2024,4.81,0.01
kabupaten,14,1405,6,2024,5.91,2.36
kabupaten,14,1405,7,2024,6.47,2.77
kabupaten,14,1405,8,2024,6.99,0.22
kabupaten,14,1405,9,2024,9.89,0.16
kabupaten,14,1405,10,2024,6.26,0.66
kabupaten,14,1405,11,2024,1.51,0.5
kabupaten,14,1405,12,2024,3.63,0.6
kabupaten,14,1405,13,2024,10.53,0
kabupaten,14,1405,14,2024,8.88,1.06
kabupaten,14,1405,15,2024,4.38,0.29
kabupaten,14,1405,16,2024,6.03,0.16
kabupaten,14,1405,17,2024,8.05,0.28
kabupaten,14,1405,1,2025,3.29,35.42
kabupaten,14,1405,2,2025,0.09,1.4
kabupaten,14,1405,3,2025,6.26,54.1
kabupaten,14,1405,4,2025,1.45,0.04
kabupaten,14,1405,5,2025,6.36,0.01
kabupaten,14,1405,6,2025,4.3,2.34
kabupaten,14,1405,7,2025,5.81,2.8
kabupaten,14,1405,8,2025,4.08,0.22
kabupaten,14,1405,9,2025,2.47,0.16
kabupaten,14,1405,10,2025,4.27,0.66
kabupaten,14,1405,11,2025,2.86,0.49
kabupaten,14,1405,12,2025,3.8,0.59
kabupaten,14,1405,13,2025,7.14,0
kabupaten,14,1405,14,2025,2.65,1.03
kabupaten,14,1405,15,2025,8.56,0.3
kabupaten,14,1405,16,2025,4.63,0.16
kabupaten,14,1405,17,2025,10.14,0.3
kabupaten,14,1406,1,2021,0,53.89
kabupaten,14,1406,2,2021,0,3.52
kabupaten,14,1406,3,2021,0,27.91
kabupaten,14,1406,4,2021,0,0.08
kabupaten,14,1406,5,2021,0,0.01
kabupaten,14,1406,6,2021,0,2.9
kabupaten,14,1406,7,2021,0,4.53
kabupaten,14,1406,8,2021,0,0.46
kabupaten,14,1406,9,2021,0,0.23
kabupaten,14,1406,10,2021,0,1.23
kabupaten,14,1406,11,2021,0,0.89
kabupaten,14,1406,12,2021,0,0.63
kabupaten,14,1406,13,2021,0,0
kabupaten,14,1406,14,2021,0,2.74
kabupaten,14,1406,15,2021,0,0.38
kabupaten,14,1406,16,2021,0,0.21
kabupaten,14,1406,17,2021,0,0.39
kabupaten,14,1406,1,2022,5.03,53.9
kabupaten,14,1406,2,2022,1.84,3.42
kabupaten,14,1406,3,2022,4.35,27.73
kabupaten,14,1406,4,2022,5.25,0.08
kabupaten,14,1406,5,2022,3.39,0.01
kabupaten,14,1406,6,2022,6.96,2.96
kabupaten,14,1406,7,2022,12.7,4.86
kabupaten,14,1406,8,2022,16.14,0.51
kabupaten,14,1406,9,2022,10.24,0.24
kabupaten,14,1406,10,2022,3.84,1.21
kabupaten,14,1406,11,2022,3.26,0.87
kabupaten,14,1406,12,2022,4.56,0.63
kabupaten,14,1406,13,2022,12.37,0
kabupaten,14,1406,14,2022,-0.67,2.59
kabupaten,14,1406,15,2022,3.91,0.37
kabupaten,14,1406,16,2022,3.11,0.21
kabupaten,14,1406,17,2022,10.51,0.41
kabupaten,14,1406,1,2023,3.77,53.72
kabupaten,14,1406,2,2023,1.57,3.33
kabupaten,14,1406,3,2023,3.29,27.51
kabupaten,14,1406,4,2023,6.97,0.08
kabupaten,14,1406,5,2023,3.83,0.01
kabupaten,14,1406,6,2023,7.98,3.07
kabupaten,14,1406,7,2023,11.36,5.2
kabupaten,14,1406,8,2023,6.09,0.52
kabupaten,14,1406,9,2023,3.81,0.24
kabupaten,14,1406,10,2023,5.66,1.23
kabupaten,14,1406,11,2023,3.7,0.87
kabupaten,14,1406,12,2023,3.15,0.62
kabupaten,14,1406,13,2023,10.09,0
kabupaten,14,1406,14,2023,4.14,2.59
kabupaten,14,1406,15,2023,3.58,0.37
kabupaten,14,1406,16,2023,9.58,0.22
kabupaten,14,1406,17,2023,6.2,0.42
kabupaten,14,1406,1,2024,1.68,53.18
kabupaten,14,1406,2,2024,2.47,3.33
kabupaten,14,1406,3,2024,2.22,27.38
kabupaten,14,1406,4,2024,7.42,0.08
kabupaten,14,1406,5,2024,5.26,0.01
kabupaten,14,1406,6,2024,5.63,3.15
kabupaten,14,1406,7,2024,5,5.32
kabupaten,14,1406,8,2024,7.82,0.55
kabupaten,14,1406,9,2024,10.21,0.26
kabupaten,14,1406,10,2024,7.19,1.29
kabupaten,14,1406,11,2024,3.43,0.87
kabupaten,14,1406,12,2024,3.91,0.63
kabupaten,14,1406,13,2024,8.33,0
kabupaten,14,1406,14,2024,15.95,2.93
kabupaten,14,1406,15,2024,4.15,0.38
kabupaten,14,1406,16,2024,5.44,0.23
kabupaten,14,1406,17,2024,6.19,0.43
kabupaten,14,1406,1,2025,6.95,53.26
kabupaten,14,1406,2,2025,0.68,3.14
kabupaten,14,1406,3,2025,7.51,27.57
kabupaten,14,1406,4,2025,2.69,0.08
kabupaten,14,1406,5,2025,2.5,0.01
kabupaten,14,1406,6,2025,4.57,3.09
kabupaten,14,1406,7,2025,10.08,5.48
kabupaten,14,1406,8,2025,4.28,0.53
kabupaten,14,1406,9,2025,2.46,0.25
kabupaten,14,1406,10,2025,3.18,1.24
kabupaten,14,1406,11,2025,2,0.83
kabupaten,14,1406,12,2025,2.52,0.6
kabupaten,14,1406,13,2025,4.62,0
kabupaten,14,1406,14,2025,5.22,2.88
kabupaten,14,1406,15,2025,4.82,0.37
kabupaten,14,1406,16,2025,6.71,0.23
kabupaten,14,1406,17,2025,8.71,0.44
kabupaten,14,1407,1,2021,0,38.54
kabupaten,14,1407,2,2021,0,28.32
kabupaten,14,1407,3,2021,0,23.84
kabupaten,14,1407,4,2021,0,0.03
kabupaten,14,1407,5,2021,0,0.01
kabupaten,14,1407,6,2021,0,1.32
kabupaten,14,1407,7,2021,0,5.13
kabupaten,14,1407,8,2021,0,0.15
kabupaten,14,1407,9,2021,0,0.18
kabupaten,14,1407,10,2021,0,0.34
kabupaten,14,1407,11,2021,0,0.38
kabupaten,14,1407,12,2021,0,0.41
kabupaten,14,1407,13,2021,0,0
kabupaten,14,1407,14,2021,0,0.77
kabupaten,14,1407,15,2021,0,0.31
kabupaten,14,1407,16,2021,0,0.09
kabupaten,14,1407,17,2021,0,0.19
kabupaten,14,1407,1,2022,2.25,38.39
kabupaten,14,1407,2,2022,0.18,27.64
kabupaten,14,1407,3,2022,4.02,24.16
kabupaten,14,1407,4,2022,7.55,0.03
kabupaten,14,1407,5,2022,3.58,0.01
kabupaten,14,1407,6,2022,4.03,1.33
kabupaten,14,1407,7,2022,10.56,5.53
kabupaten,14,1407,8,2022,10.89,0.16
kabupaten,14,1407,9,2022,9.51,0.19
kabupaten,14,1407,10,2022,4.11,0.35
kabupaten,14,1407,11,2022,4.03,0.39
kabupaten,14,1407,12,2022,3.88,0.42
kabupaten,14,1407,13,2022,11.11,0
kabupaten,14,1407,14,2022,7.81,0.81
kabupaten,14,1407,15,2022,2.11,0.31
kabupaten,14,1407,16,2022,2.11,0.09
kabupaten,14,1407,17,2022,12.21,0.21
kabupaten,14,1407,1,2023,2.78,38.37
kabupaten,14,1407,2,2023,2.01,27.42
kabupaten,14,1407,3,2023,2.45,24.07
kabupaten,14,1407,4,2023,7.61,0.03
kabupaten,14,1407,5,2023,5.59,0.01
kabupaten,14,1407,6,2023,8.67,1.41
kabupaten,14,1407,7,2023,6.2,5.71
kabupaten,14,1407,8,2023,5.55,0.16
kabupaten,14,1407,9,2023,4.23,0.19
kabupaten,14,1407,10,2023,7.12,0.36
kabupaten,14,1407,11,2023,3.37,0.39
kabupaten,14,1407,12,2023,3.69,0.42
kabupaten,14,1407,13,2023,10,0
kabupaten,14,1407,14,2023,6.72,0.84
kabupaten,14,1407,15,2023,2.87,0.31
kabupaten,14,1407,16,2023,6.85,0.09
kabupaten,14,1407,17,2023,7.13,0.22
kabupaten,14,1407,1,2024,1.62,38.34
kabupaten,14,1407,2,2024,0.11,27
kabupaten,14,1407,3,2024,1.69,24.07
kabupaten,14,1407,4,2024,7.48,0.03
kabupaten,14,1407,5,2024,3.53,0.01
kabupaten,14,1407,6,2024,6.32,1.47
kabupaten,14,1407,7,2024,6.04,5.95
kabupaten,14,1407,8,2024,6.47,0.17
kabupaten,14,1407,9,2024,11.18,0.21
kabupaten,14,1407,10,2024,7.05,0.38
kabupaten,14,1407,11,2024,1.29,0.39
kabupaten,14,1407,12,2024,3.26,0.43
kabupaten,14,1407,13,2024,9.09,0
kabupaten,14,1407,14,2024,10.35,0.91
kabupaten,14,1407,15,2024,3.96,0.32
kabupaten,14,1407,16,2024,4.65,0.1
kabupaten,14,1407,17,2024,7.29,0.23
kabupaten,14,1407,1,2025,4.04,38.45
kabupaten,14,1407,2,2025,0.36,26.12
kabupaten,14,1407,3,2025,6.33,24.67
kabupaten,14,1407,4,2025,5.19,0.03
kabupaten,14,1407,5,2025,4.87,0.01
kabupaten,14,1407,6,2025,6.06,1.51
kabupaten,14,1407,7,2025,5.19,6.04
kabupaten,14,1407,8,2025,4.07,0.17
kabupaten,14,1407,9,2025,4.07,0.21
kabupaten,14,1407,10,2025,4.69,0.39
kabupaten,14,1407,11,2025,3.7,0.39
kabupaten,14,1407,12,2025,3.38,0.42
kabupaten,14,1407,13,2025,8.33,0
kabupaten,14,1407,14,2025,6.43,0.93
kabupaten,14,1407,15,2025,5.7,0.32
kabupaten,14,1407,16,2025,9.41,0.1
kabupaten,14,1407,17,2025,8.16,0.24
kabupaten,14,1408,1,2021,0,25.21
kabupaten,14,1408,2,2021,0,18.1
kabupaten,14,1408,3,2021,0,46.42
kabupaten,14,1408,4,2021,0,0.01
kabupaten,14,1408,5,2021,0,0
kabupaten,14,1408,6,2021,0,4.5
kabupaten,14,1408,7,2021,0,2.08
kabupaten,14,1408,8,2021,0,0.12
kabupaten,14,1408,9,2021,0,0.04
kabupaten,14,1408,10,2021,0,0.35
kabupaten,14,1408,11,2021,0,0.41
kabupaten,14,1408,12,2021,0,0.47
kabupaten,14,1408,13,2021,0,0
kabupaten,14,1408,14,2021,0,0.97
kabupaten,14,1408,15,2021,0,0.55
kabupaten,14,1408,16,2021,0,0.27
kabupaten,14,1408,17,2021,0,0.5
kabupaten,14,1408,1,2022,3.08,25.04
kabupaten,14,1408,2,2022,1.35,17.67
kabupaten,14,1408,3,2022,4.26,46.63
kabupaten,14,1408,4,2022,11.13,0.01
kabupaten,14,1408,5,2022,3.14,0
kabupaten,14,1408,6,2022,5.7,4.59
kabupaten,14,1408,7,2022,12.93,2.27
kabupaten,14,1408,8,2022,14,0.13
kabupaten,14,1408,9,2022,13.19,0.05
kabupaten,14,1408,10,2022,5.87,0.35
kabupaten,14,1408,11,2022,3.69,0.4
kabupaten,14,1408,12,2022,4.79,0.47
kabupaten,14,1408,13,2022,13.89,0.01
kabupaten,14,1408,14,2022,6.45,0.99
kabupaten,14,1408,15,2022,4.09,0.55
kabupaten,14,1408,16,2022,1.97,0.26
kabupaten,14,1408,17,2022,17.12,0.57
kabupaten,14,1408,1,2023,3.74,24.89
kabupaten,14,1408,2,2023,1.98,17.27
kabupaten,14,1408,3,2023,4.86,46.85
kabupaten,14,1408,4,2023,8.91,0.01
kabupaten,14,1408,5,2023,5.32,0
kabupaten,14,1408,6,2023,9.59,4.82
kabupaten,14,1408,7,2023,6.95,2.32
kabupaten,14,1408,8,2023,6.31,0.14
kabupaten,14,1408,9,2023,5.58,0.05
kabupaten,14,1408,10,2023,6.61,0.36
kabupaten,14,1408,11,2023,3.8,0.4
kabupaten,14,1408,12,2023,4.06,0.47
kabupaten,14,1408,13,2023,6.62,0.01
kabupaten,14,1408,14,2023,5.94,1
kabupaten,14,1408,15,2023,3.71,0.55
kabupaten,14,1408,16,2023,6.67,0.27
kabupaten,14,1408,17,2023,6.48,0.58
kabupaten,14,1408,1,2024,2.76,24.5
kabupaten,14,1408,2,2024,0.55,16.64
kabupaten,14,1408,3,2024,5.99,47.58
kabupaten,14,1408,4,2024,8.69,0.01
kabupaten,14,1408,5,2024,4.33,0
kabupaten,14,1408,6,2024,7.01,4.94
kabupaten,14,1408,7,2024,7.29,2.39
kabupaten,14,1408,8,2024,7.92,0.14
kabupaten,14,1408,9,2024,10.2,0.05
kabupaten,14,1408,10,2024,7.68,0.37
kabupaten,14,1408,11,2024,1.4,0.39
kabupaten,14,1408,12,2024,4.05,0.47
kabupaten,14,1408,13,2024,8.82,0.01
kabupaten,14,1408,14,2024,11.58,1.07
kabupaten,14,1408,15,2024,4.46,0.55
kabupaten,14,1408,16,2024,6.78,0.27
kabupaten,14,1408,17,2024,7.75,0.6
kabupaten,14,1408,1,2025,6.17,24.57
kabupaten,14,1408,2,2025,2.24,16.07
kabupaten,14,1408,3,2025,7.16,48.16
kabupaten,14,1408,4,2025,2.04,0.01
kabupaten,14,1408,5,2025,3.81,0
kabupaten,14,1408,6,2025,5.15,4.9
kabupaten,14,1408,7,2025,5.9,2.39
kabupaten,14,1408,8,2025,5.35,0.14
kabupaten,14,1408,9,2025,5.19,0.05
kabupaten,14,1408,10,2025,5.01,0.37
kabupaten,14,1408,11,2025,3.77,0.38
kabupaten,14,1408,12,2025,3.58,0.46
kabupaten,14,1408,13,2025,10.21,0.01
kabupaten,14,1408,14,2025,1.84,1.03
kabupaten,14,1408,15,2025,4.7,0.55
kabupaten,14,1408,16,2025,7.88,0.28
kabupaten,14,1408,17,2025,10.09,0.62
kabupaten,14,1409,1,2021,0,49.53
kabupaten,14,1409,2,2021,0,3.6
kabupaten,14,1409,3,2021,0,31.17
kabupaten,14,1409,4,2021,0,0.04
kabupaten,14,1409,5,2021,0,0.02
kabupaten,14,1409,6,2021,0,6.66
kabupaten,14,1409,7,2021,0,3.37
kabupaten,14,1409,8,2021,0,0.42
kabupaten,14,1409,9,2021,0,0.19
kabupaten,14,1409,10,2021,0,0.44
kabupaten,14,1409,11,2021,0,0.53
kabupaten,14,1409,12,2021,0,0.68
kabupaten,14,1409,13,2021,0,0
kabupaten,14,1409,14,2021,0,2.24
kabupaten,14,1409,15,2021,0,0.54
kabupaten,14,1409,16,2021,0,0.2
kabupaten,14,1409,17,2021,0,0.37
kabupaten,14,1409,1,2022,2.98,48.69
kabupaten,14,1409,2,2022,21.39,4.17
kabupaten,14,1409,3,2022,4.29,31.03
kabupaten,14,1409,4,2022,19.79,0.05
kabupaten,14,1409,5,2022,0.2,0.02
kabupaten,14,1409,6,2022,7.21,6.82
kabupaten,14,1409,7,2022,11.96,3.61
kabupaten,14,1409,8,2022,19.54,0.48
kabupaten,14,1409,9,2022,10.53,0.2
kabupaten,14,1409,10,2022,6.77,0.45
kabupaten,14,1409,11,2022,4.95,0.53
kabupaten,14,1409,12,2022,5.01,0.68
kabupaten,14,1409,13,2022,11.11,0
kabupaten,14,1409,14,2022,0.7,2.16
kabupaten,14,1409,15,2022,3.89,0.54
kabupaten,14,1409,16,2022,2.38,0.19
kabupaten,14,1409,17,2022,12.73,0.39
kabupaten,14,1409,1,2023,2.83,48.67
kabupaten,14,1409,2,2023,5.71,4.28
kabupaten,14,1409,3,2023,0.26,30.24
kabupaten,14,1409,4,2023,7.86,0.05
kabupaten,14,1409,5,2023,1.21,0.02
kabupaten,14,1409,6,2023,8.7,7.2
kabupaten,14,1409,7,2023,6.43,3.73
kabupaten,14,1409,8,2023,7.02,0.5
kabupaten,14,1409,9,2023,14.86,0.22
kabupaten,14,1409,10,2023,7.51,0.47
kabupaten,14,1409,11,2023,4.04,0.53
kabupaten,14,1409,12,2023,4.45,0.69
kabupaten,14,1409,13,2023,5,0
kabupaten,14,1409,14,2023,5.2,2.21
kabupaten,14,1409,15,2023,3.78,0.55
kabupaten,14,1409,16,2023,17.13,0.22
kabupaten,14,1409,17,2023,7.75,0.41
kabupaten,14,1409,1,2024,1.8,48.05
kabupaten,14,1409,2,2024,5.38,4.38
kabupaten,14,1409,3,2024,2.19,29.97
kabupaten,14,1409,4,2024,8.7,0.05
kabupaten,14,1409,5,2024,4.6,0.02
kabupaten,14,1409,6,2024,8.4,7.57
kabupaten,14,1409,7,2024,8.67,3.93
kabupaten,14,1409,8,2024,8.38,0.52
kabupaten,14,1409,9,2024,8.24,0.23
kabupaten,14,1409,10,2024,7.7,0.49
kabupaten,14,1409,11,2024,1.63,0.53
kabupaten,14,1409,12,2024,3.87,0.7
kabupaten,14,1409,13,2024,14.29,0
kabupaten,14,1409,14,2024,9.24,2.34
kabupaten,14,1409,15,2024,4.56,0.55
kabupaten,14,1409,16,2024,15.49,0.25
kabupaten,14,1409,17,2024,4.87,0.42
kabupaten,14,1409,1,2025,5.28,48.04
kabupaten,14,1409,2,2025,-3.65,4
kabupaten,14,1409,3,2025,6.54,30.32
kabupaten,14,1409,4,2025,1.85,0.05
kabupaten,14,1409,5,2025,0,0.02
kabupaten,14,1409,6,2025,6.42,7.65
kabupaten,14,1409,7,2025,4.56,3.9
kabupaten,14,1409,8,2025,8.55,0.54
kabupaten,14,1409,9,2025,4.6,0.23
kabupaten,14,1409,10,2025,5.53,0.49
kabupaten,14,1409,11,2025,4.25,0.52
kabupaten,14,1409,12,2025,3.89,0.69
kabupaten,14,1409,13,2025,8.33,0
kabupaten,14,1409,14,2025,0.64,2.23
kabupaten,14,1409,15,2025,8.66,0.57
kabupaten,14,1409,16,2025,12.64,0.27
kabupaten,14,1409,17,2025,18.51,0.47
kabupaten,14,1410,1,2021,0,40.08
kabupaten,14,1410,2,2021,0,11.66
kabupaten,14,1410,3,2021,0,30.02
kabupaten,14,1410,4,2021,0,0.04
kabupaten,14,1410,5,2021,0,0.01
kabupaten,14,1410,6,2021,0,4.41
kabupaten,14,1410,7,2021,0,8.14
kabupaten,14,1410,8,2021,0,1.41
kabupaten,14,1410,9,2021,0,0.23
kabupaten,14,1410,10,2021,0,0.77
kabupaten,14,1410,11,2021,0,0.29
kabupaten,14,1410,12,2021,0,0.47
kabupaten,14,1410,13,2021,0,0
kabupaten,14,1410,14,2021,0,1.93
kabupaten,14,1410,15,2021,0,0.2
kabupaten,14,1410,16,2021,0,0.08
kabupaten,14,1410,17,2021,0,0.28
kabupaten,14,1410,1,2022,1.9,39.58
kabupaten,14,1410,2,2022,4.67,11.83
kabupaten,14,1410,3,2022,1.23,29.46
kabupaten,14,1410,4,2022,11.54,0.04
kabupaten,14,1410,5,2022,0,0.01
kabupaten,14,1410,6,2022,6.8,4.56
kabupaten,14,1410,7,2022,7.47,8.47
kabupaten,14,1410,8,2022,20.12,1.64
kabupaten,14,1410,9,2022,11.95,0.24
kabupaten,14,1410,10,2022,6.75,0.8
kabupaten,14,1410,11,2022,5.22,0.3
kabupaten,14,1410,12,2022,6.1,0.48
kabupaten,14,1410,13,2022,25,0
kabupaten,14,1410,14,2022,6.26,1.99
kabupaten,14,1410,15,2022,3.42,0.2
kabupaten,14,1410,16,2022,1.02,0.07
kabupaten,14,1410,17,2022,18.84,0.32
kabupaten,14,1410,1,2023,2.99,38.89
kabupaten,14,1410,2,2023,7.89,12.17
kabupaten,14,1410,3,2023,2.89,28.92
kabupaten,14,1410,4,2023,6.9,0.04
kabupaten,14,1410,5,2023,0,0
kabupaten,14,1410,6,2023,17.58,5.12
kabupaten,14,1410,7,2023,8.49,8.77
kabupaten,14,1410,8,2023,6.65,1.67
kabupaten,14,1410,9,2023,7.32,0.25
kabupaten,14,1410,10,2023,8.36,0.83
kabupaten,14,1410,11,2023,5.21,0.3
kabupaten,14,1410,12,2023,4.19,0.48
kabupaten,14,1410,13,2023,0,0
kabupaten,14,1410,14,2023,2.18,1.94
kabupaten,14,1410,15,2023,4.78,0.2
kabupaten,14,1410,16,2023,8.08,0.08
kabupaten,14,1410,17,2023,10.26,0.34
kabupaten,14,1410,1,2024,4.85,39.47
kabupaten,14,1410,2,2024,-5.89,11.09
kabupaten,14,1410,3,2024,2.85,28.78
kabupaten,14,1410,4,2024,8.06,0.05
kabupaten,14,1410,5,2024,0,0
kabupaten,14,1410,6,2024,11.99,5.55
kabupaten,14,1410,7,2024,4.08,8.84
kabupaten,14,1410,8,2024,5.08,1.69
kabupaten,14,1410,9,2024,7.39,0.26
kabupaten,14,1410,10,2024,7.8,0.86
kabupaten,14,1410,11,2024,2.83,0.3
kabupaten,14,1410,12,2024,3.43,0.48
kabupaten,14,1410,13,2024,0,0
kabupaten,14,1410,14,2024,7.09,2.01
kabupaten,14,1410,15,2024,3.86,0.2
kabupaten,14,1410,16,2024,4.67,0.08
kabupaten,14,1410,17,2024,6.13,0.35
kabupaten,14,1410,1,2025,2.85,39.17
kabupaten,14,1410,2,2025,-4.41,10.23
kabupaten,14,1410,3,2025,6.98,29.72
kabupaten,14,1410,4,2025,2.99,0.05
kabupaten,14,1410,5,2025,0,0
kabupaten,14,1410,6,2025,5.63,5.65
kabupaten,14,1410,7,2025,3.61,8.83
kabupaten,14,1410,8,2025,3.45,1.69
kabupaten,14,1410,9,2025,3.7,0.26
kabupaten,14,1410,10,2025,4.93,0.88
kabupaten,14,1410,11,2025,4.36,0.3
kabupaten,14,1410,12,2025,3.03,0.47
kabupaten,14,1410,13,2025,20,0
kabupaten,14,1410,14,2025,7.44,2.08
kabupaten,14,1410,15,2025,7.09,0.21
kabupaten,14,1410,16,2025,4.46,0.08
kabupaten,14,1410,17,2025,9.56,0.37
kabupaten,14,1471,1,2021,0,1.54
kabupaten,14,1471,2,2021,0,0.01
kabupaten,14,1471,3,2021,0,22.43
kabupaten,14,1471,4,2021,0,0.25
kabupaten,14,1471,5,2021,0,0.02
kabupaten,14,1471,6,2021,0,28.48
kabupaten,14,1471,7,2021,0,27.4
kabupaten,14,1471,8,2021,0,1.82
kabupaten,14,1471,9,2021,0,1.44
kabupaten,14,1471,10,2021,0,4.13
kabupaten,14,1471,11,2021,0,3.71
kabupaten,14,1471,12,2021,0,2.82
kabupaten,14,1471,13,2021,0,0.02
kabupaten,14,1471,14,2021,0,3.19
kabupaten,14,1471,15,2021,0,1.01
kabupaten,14,1471,16,2021,0,0.77
kabupaten,14,1471,17,2021,0,0.98
kabupaten,14,1471,1,2022,2.36,1.47
kabupaten,14,1471,2,2022,1.6,0.01
kabupaten,14,1471,3,2022,2.4,21.51
kabupaten,14,1471,4,2022,4.36,0.24
kabupaten,14,1471,5,2022,1.01,0.02
kabupaten,14,1471,6,2022,4.54,27.88
kabupaten,14,1471,7,2022,12.69,28.92
kabupaten,14,1471,8,2022,24.64,2.13
kabupaten,14,1471,9,2022,11.88,1.51
kabupaten,14,1471,10,2022,4.15,4.03
kabupaten,14,1471,11,2022,5.56,3.67
kabupaten,14,1471,12,2022,5.19,2.78
kabupaten,14,1471,13,2022,13.28,0.02
kabupaten,14,1471,14,2022,4.81,3.13
kabupaten,14,1471,15,2022,4.39,0.99
kabupaten,14,1471,16,2022,1.77,0.73
kabupaten,14,1471,17,2022,6.52,0.97
kabupaten,14,1471,1,2023,3.29,1.44
kabupaten,14,1471,2,2023,3.6,0.01
kabupaten,14,1471,3,2023,4.09,21.11
kabupaten,14,1471,4,2023,0.11,0.23
kabupaten,14,1471,5,2023,6.72,0.02
kabupaten,14,1471,6,2023,8.51,28.53
kabupaten,14,1471,7,2023,5.81,28.85
kabupaten,14,1471,8,2023,6.09,2.13
kabupaten,14,1471,9,2023,4.74,1.49
kabupaten,14,1471,10,2023,6.71,4.05
kabupaten,14,1471,11,2023,3.31,3.57
kabupaten,14,1471,12,2023,3.93,2.73
kabupaten,14,1471,13,2023,6.92,0.02
kabupaten,14,1471,14,2023,7.24,3.17
kabupaten,14,1471,15,2023,3.63,0.97
kabupaten,14,1471,16,2023,5.35,0.73
kabupaten,14,1471,17,2023,7.17,0.98
kabupaten,14,1471,1,2024,4.21,1.43
kabupaten,14,1471,2,2024,3.57,0.01
kabupaten,14,1471,3,2024,3.77,20.94
kabupaten,14,1471,4,2024,5.27,0.23
kabupaten,14,1471,5,2024,1.3,0.02
kabupaten,14,1471,6,2024,4.34,28.45
kabupaten,14,1471,7,2024,4.99,28.95
kabupaten,14,1471,8,2024,5.91,2.15
kabupaten,14,1471,9,2024,10.66,1.57
kabupaten,14,1471,10,2024,5.98,4.1
kabupaten,14,1471,11,2024,1.03,3.45
kabupaten,14,1471,12,2024,3.47,2.7
kabupaten,14,1471,13,2024,6.48,0.02
kabupaten,14,1471,14,2024,8.52,3.29
kabupaten,14,1471,15,2024,4.13,0.96
kabupaten,14,1471,16,2024,5.29,0.73
kabupaten,14,1471,17,2024,5.58,0.99
kabupaten,14,1471,1,2025,5.67,1.43
kabupaten,14,1471,2,2025,1.98,0.01
kabupaten,14,1471,3,2025,5.89,21.01
kabupaten,14,1471,4,2025,4.6,0.23
kabupaten,14,1471,5,2025,3.57,0.02
kabupaten,14,1471,6,2025,6.22,28.64
kabupaten,14,1471,7,2025,4.86,28.77
kabupaten,14,1471,8,2025,2.6,2.09
kabupaten,14,1471,9,2025,4.73,1.56
kabupaten,14,1471,10,2025,5.78,4.11
kabupaten,14,1471,11,2025,4.89,3.43
kabupaten,14,1471,12,2025,3.9,2.66
kabupaten,14,1471,13,2025,9.26,0.02
kabupaten,14,1471,14,2025,3.22,3.21
kabupaten,14,1471,15,2025,8.82,0.99
kabupaten,14,1471,16,2025,8.39,0.75
kabupaten,14,1471,17,2025,12.34,1.06
kabupaten,14,1472,1,2021,0,5.18
kabupaten,14,1472,2,2021,0,0.3
kabupaten,14,1472,3,2021,0,61.4
kabupaten,14,1472,4,2021,0,0.22
kabupaten,14,1472,5,2021,0,0.02
kabupaten,14,1472,6,2021,0,9.15
kabupaten,14,1472,7,2021,0,15.6
kabupaten,14,1472,8,2021,0,1.79
kabupaten,14,1472,9,2021,0,0.67
kabupaten,14,1472,10,2021,0,1.34
kabupaten,14,1472,11,2021,0,1.12
kabupaten,14,1472,12,2021,0,0.43
kabupaten,14,1472,13,2021,0,0
kabupaten,14,1472,14,2021,0,1.7
kabupaten,14,1472,15,2021,0,0.43
kabupaten,14,1472,16,2021,0,0.2
kabupaten,14,1472,17,2021,0,0.44
kabupaten,14,1472,1,2022,0.14,4.88
kabupaten,14,1472,2,2022,2.06,0.29
kabupaten,14,1472,3,2022,7.72,62.18
kabupaten,14,1472,4,2022,42.88,0.3
kabupaten,14,1472,5,2022,8.13,0.02
kabupaten,14,1472,6,2022,4.91,9.02
kabupaten,14,1472,7,2022,3.33,15.16
kabupaten,14,1472,8,2022,9.14,1.84
kabupaten,14,1472,9,2022,4.57,0.65
kabupaten,14,1472,10,2022,2.83,1.3
kabupaten,14,1472,11,2022,5.03,1.11
kabupaten,14,1472,12,2022,5.36,0.43
kabupaten,14,1472,13,2022,1.89,0
kabupaten,14,1472,14,2022,9.05,1.74
kabupaten,14,1472,15,2022,2.18,0.41
kabupaten,14,1472,16,2022,4.38,0.19
kabupaten,14,1472,17,2022,13.12,0.47
kabupaten,14,1472,1,2023,1.88,4.69
kabupaten,14,1472,2,2023,5.05,0.28
kabupaten,14,1472,3,2023,5.87,62.08
kabupaten,14,1472,4,2023,0.47,0.28
kabupaten,14,1472,5,2023,14.61,0.02
kabupaten,14,1472,6,2023,10.15,9.37
kabupaten,14,1472,7,2023,6.44,15.21
kabupaten,14,1472,8,2023,5.97,1.84
kabupaten,14,1472,9,2023,5.43,0.65
kabupaten,14,1472,10,2023,4.65,1.28
kabupaten,14,1472,11,2023,3.24,1.08
kabupaten,14,1472,12,2023,4.07,0.42
kabupaten,14,1472,13,2023,6.48,0
kabupaten,14,1472,14,2023,4.45,1.71
kabupaten,14,1472,15,2023,4.92,0.41
kabupaten,14,1472,16,2023,7.16,0.19
kabupaten,14,1472,17,2023,4.96,0.47
kabupaten,14,1472,1,2024,1.99,4.55
kabupaten,14,1472,2,2024,4.35,0.28
kabupaten,14,1472,3,2024,3.95,61.45
kabupaten,14,1472,4,2024,5,0.28
kabupaten,14,1472,5,2024,13.11,0.02
kabupaten,14,1472,6,2024,8.02,9.64
kabupaten,14,1472,7,2024,7.52,15.58
kabupaten,14,1472,8,2024,3.2,1.81
kabupaten,14,1472,9,2024,14.46,0.71
kabupaten,14,1472,10,2024,8.53,1.33
kabupaten,14,1472,11,2024,2.19,1.05
kabupaten,14,1472,12,2024,5.07,0.42
kabupaten,14,1472,13,2024,7.83,0
kabupaten,14,1472,14,2024,9.79,1.79
kabupaten,14,1472,15,2024,4.92,0.41
kabupaten,14,1472,16,2024,7.07,0.2
kabupaten,14,1472,17,2024,7.04,0.48
kabupaten,14,1472,1,2025,1.32,4.37
kabupaten,14,1472,2,2025,4.73,0.28
kabupaten,14,1472,3,2025,6.59,62.06
kabupaten,14,1472,4,2025,13.83,0.3
kabupaten,14,1472,5,2025,19.65,0.02
kabupaten,14,1472,6,2025,-0.16,9.12
kabupaten,14,1472,7,2025,5.72,15.6
kabupaten,14,1472,8,2025,4.52,1.79
kabupaten,14,1472,9,2025,6.28,0.71
kabupaten,14,1472,10,2025,6.54,1.34
kabupaten,14,1472,11,2025,3.96,1.03
kabupaten,14,1472,12,2025,4.87,0.42
kabupaten,14,1472,13,2025,8.87,0
kabupaten,14,1472,14,2025,6.41,1.81
kabupaten,14,1472,15,2025,9.87,0.42
kabupaten,14,1472,16,2025,11.57,0.21
kabupaten,14,1472,17,2025,10.7,0.5
kabupaten,15,1501,1,2021,0,47.49
kabupaten,15,1501,2,2021,0,1.78
kabupaten,15,1501,3,2021,0,2.73
kabupaten,15,1501,4,2021,0,0.04
kabupaten,15,1501,5,2021,0,0.33
kabupaten,15,1501,6,2021,0,12.35
kabupaten,15,1501,7,2021,0,8.89
kabupaten,15,1501,8,2021,0,2.47
kabupaten,15,1501,9,2021,0,0.81
kabupaten,15,1501,10,2021,0,7.72
kabupaten,15,1501,11,2021,0,1.04
kabupaten,15,1501,12,2021,0,1.63
kabupaten,15,1501,13,2021,0,0.04
kabupaten,15,1501,14,2021,0,5.06
kabupaten,15,1501,15,2021,0,4.26
kabupaten,15,1501,16,2021,0,1.77
kabupaten,15,1501,17,2021,0,1.57
kabupaten,15,1501,1,2022,3.28,46.97
kabupaten,15,1501,2,2022,6.12,1.8
kabupaten,15,1501,3,2022,3.61,2.71
kabupaten,15,1501,4,2022,8.45,0.05
kabupaten,15,1501,5,2022,-1.01,0.31
kabupaten,15,1501,6,2022,9.01,12.89
kabupaten,15,1501,7,2022,3.96,8.85
kabupaten,15,1501,8,2022,7.85,2.55
kabupaten,15,1501,9,2022,4.78,0.81
kabupaten,15,1501,10,2022,7.95,7.98
kabupaten,15,1501,11,2022,2.75,1.03
kabupaten,15,1501,12,2022,1.24,1.58
kabupaten,15,1501,13,2022,6.23,0.04
kabupaten,15,1501,14,2022,0.66,4.87
kabupaten,15,1501,15,2022,1.94,4.16
kabupaten,15,1501,16,2022,6.52,1.81
kabupaten,15,1501,17,2022,4.31,1.57
kabupaten,15,1501,1,2023,3.64,46.04
kabupaten,15,1501,2,2023,0.41,1.71
kabupaten,15,1501,3,2023,5.63,2.71
kabupaten,15,1501,4,2023,11.84,0.05
kabupaten,15,1501,5,2023,-0.22,0.3
kabupaten,15,1501,6,2023,17.98,14.39
kabupaten,15,1501,7,2023,4.31,8.73
kabupaten,15,1501,8,2023,4.69,2.53
kabupaten,15,1501,9,2023,5.72,0.81
kabupaten,15,1501,10,2023,8.58,8.2
kabupaten,15,1501,11,2023,1.46,0.99
kabupaten,15,1501,12,2023,4.59,1.56
kabupaten,15,1501,13,2023,13.92,0.04
kabupaten,15,1501,14,2023,2.37,4.72
kabupaten,15,1501,15,2023,0.23,3.94
kabupaten,15,1501,16,2023,2.35,1.75
kabupaten,15,1501,17,2023,2.79,1.53
kabupaten,15,1501,1,2024,2.81,45.27
kabupaten,15,1501,2,2024,10.09,1.8
kabupaten,15,1501,3,2024,2.84,2.67
kabupaten,15,1501,4,2024,5.01,0.05
kabupaten,15,1501,5,2024,1.34,0.29
kabupaten,15,1501,6,2024,5.08,14.46
kabupaten,15,1501,7,2024,5.11,8.78
kabupaten,15,1501,8,2024,6.28,2.57
kabupaten,15,1501,9,2024,6.79,0.83
kabupaten,15,1501,10,2024,3.77,8.13
kabupaten,15,1501,11,2024,3.86,0.98
kabupaten,15,1501,12,2024,4.01,1.56
kabupaten,15,1501,13,2024,6.11,0.04
kabupaten,15,1501,14,2024,12.72,5.09
kabupaten,15,1501,15,2024,7.33,4.05
kabupaten,15,1501,16,2024,12.33,1.88
kabupaten,15,1501,17,2024,6.91,1.56
kabupaten,15,1501,1,2025,8.96,47.15
kabupaten,15,1501,2,2025,3.05,1.78
kabupaten,15,1501,3,2025,6.18,2.71
kabupaten,15,1501,4,2025,2.92,0.05
kabupaten,15,1501,5,2025,0.66,0.28
kabupaten,15,1501,6,2025,-10.91,12.31
kabupaten,15,1501,7,2025,7.36,9.01
kabupaten,15,1501,8,2025,14.15,2.8
kabupaten,15,1501,9,2025,4.64,0.83
kabupaten,15,1501,10,2025,7.72,8.38
kabupaten,15,1501,11,2025,6.35,1
kabupaten,15,1501,12,2025,4.73,1.56
kabupaten,15,1501,13,2025,7.88,0.04
kabupaten,15,1501,14,2025,-2.72,4.73
kabupaten,15,1501,15,2025,3.08,3.99
kabupaten,15,1501,16,2025,3.47,1.86
kabupaten,15,1501,17,2025,3.26,1.54
kabupaten,15,1502,1,2021,0,48.85
kabupaten,15,1502,2,2021,0,2.38
kabupaten,15,1502,3,2021,0,7.74
kabupaten,15,1502,4,2021,0,0.06
kabupaten,15,1502,5,2021,0,0.18
kabupaten,15,1502,6,2021,0,7.4
kabupaten,15,1502,7,2021,0,11.1
kabupaten,15,1502,8,2021,0,1.94
kabupaten,15,1502,9,2021,0,1.97
kabupaten,15,1502,10,2021,0,4.79
kabupaten,15,1502,11,2021,0,1.54
kabupaten,15,1502,12,2021,0,2.18
kabupaten,15,1502,13,2021,0,0.13
kabupaten,15,1502,14,2021,0,3.22
kabupaten,15,1502,15,2021,0,3.48
kabupaten,15,1502,16,2021,0,1.61
kabupaten,15,1502,17,2021,0,1.43
kabupaten,15,1502,1,2022,6.63,49.28
kabupaten,15,1502,2,2022,10.16,2.48
kabupaten,15,1502,3,2022,4.39,7.64
kabupaten,15,1502,4,2022,7.76,0.06
kabupaten,15,1502,5,2022,3.56,0.18
kabupaten,15,1502,6,2022,-0.79,6.94
kabupaten,15,1502,7,2022,7.53,11.29
kabupaten,15,1502,8,2022,11.89,2.05
kabupaten,15,1502,9,2022,5.92,1.98
kabupaten,15,1502,10,2022,7.07,4.85
kabupaten,15,1502,11,2022,-0.61,1.44
kabupaten,15,1502,12,2022,6.56,2.2
kabupaten,15,1502,13,2022,11.54,0.14
kabupaten,15,1502,14,2022,-0.22,3.04
kabupaten,15,1502,15,2022,4.94,3.46
kabupaten,15,1502,16,2022,-0.28,1.52
kabupaten,15,1502,17,2022,7.72,1.46
kabupaten,15,1502,1,2023,4.84,49.05
kabupaten,15,1502,2,2023,-12.43,2.06
kabupaten,15,1502,3,2023,8.44,7.86
kabupaten,15,1502,4,2023,12.54,0.07
kabupaten,15,1502,5,2023,0.35,0.17
kabupaten,15,1502,6,2023,4.69,6.9
kabupaten,15,1502,7,2023,10.05,11.79
kabupaten,15,1502,8,2023,6.51,2.07
kabupaten,15,1502,9,2023,8.6,2.04
kabupaten,15,1502,10,2023,7.1,4.94
kabupaten,15,1502,11,2023,-0.9,1.36
kabupaten,15,1502,12,2023,2.5,2.14
kabupaten,15,1502,13,2023,19.74,0.15
kabupaten,15,1502,14,2023,4.67,3.02
kabupaten,15,1502,15,2023,3.58,3.4
kabupaten,15,1502,16,2023,5.67,1.53
kabupaten,15,1502,17,2023,4.57,1.45
kabupaten,15,1502,1,2024,3.61,48.51
kabupaten,15,1502,2,2024,4.14,2.05
kabupaten,15,1502,3,2024,1.43,7.62
kabupaten,15,1502,4,2024,5.51,0.07
kabupaten,15,1502,5,2024,0.05,0.16
kabupaten,15,1502,6,2024,4.2,6.86
kabupaten,15,1502,7,2024,6.31,11.97
kabupaten,15,1502,8,2024,6.24,2.1
kabupaten,15,1502,9,2024,7.75,2.1
kabupaten,15,1502,10,2024,6.22,5.01
kabupaten,15,1502,11,2024,0.81,1.31
kabupaten,15,1502,12,2024,2.5,2.09
kabupaten,15,1502,13,2024,2.13,0.15
kabupaten,15,1502,14,2024,10.12,3.17
kabupaten,15,1502,15,2024,13.22,3.67
kabupaten,15,1502,16,2024,14.14,1.66
kabupaten,15,1502,17,2024,8.14,1.49
kabupaten,15,1502,1,2025,5.55,48.71
kabupaten,15,1502,2,2025,5.5,2.06
kabupaten,15,1502,3,2025,3.3,7.48
kabupaten,15,1502,4,2025,2.79,0.07
kabupaten,15,1502,5,2025,5.39,0.16
kabupaten,15,1502,6,2025,3.3,6.74
kabupaten,15,1502,7,2025,6.41,12.11
kabupaten,15,1502,8,2025,13.44,2.27
kabupaten,15,1502,9,2025,3.24,2.06
kabupaten,15,1502,10,2025,5.44,5.02
kabupaten,15,1502,11,2025,5.78,1.32
kabupaten,15,1502,12,2025,2.41,2.04
kabupaten,15,1502,13,2025,5.33,0.15
kabupaten,15,1502,14,2025,1.67,3.07
kabupaten,15,1502,15,2025,5.69,3.69
kabupaten,15,1502,16,2025,0.95,1.6
kabupaten,15,1502,17,2025,2.23,1.45
kabupaten,15,1503,1,2021,0,25.96
kabupaten,15,1503,2,2021,0,31.21
kabupaten,15,1503,3,2021,0,3.69
kabupaten,15,1503,4,2021,0,0.03
kabupaten,15,1503,5,2021,0,0.13
kabupaten,15,1503,6,2021,0,12.74
kabupaten,15,1503,7,2021,0,5.54
kabupaten,15,1503,8,2021,0,1.87
kabupaten,15,1503,9,2021,0,1.84
kabupaten,15,1503,10,2021,0,3.7
kabupaten,15,1503,11,2021,0,2.42
kabupaten,15,1503,12,2021,0,1.26
kabupaten,15,1503,13,2021,0,0.21
kabupaten,15,1503,14,2021,0,3.56
kabupaten,15,1503,15,2021,0,2.91
kabupaten,15,1503,16,2021,0,1.5
kabupaten,15,1503,17,2021,0,1.42
kabupaten,15,1503,1,2022,4.32,25.38
kabupaten,15,1503,2,2022,15.48,33.77
kabupaten,15,1503,3,2022,1.34,3.5
kabupaten,15,1503,4,2022,24.79,0.04
kabupaten,15,1503,5,2022,3.36,0.12
kabupaten,15,1503,6,2022,-2.05,11.69
kabupaten,15,1503,7,2022,3.97,5.4
kabupaten,15,1503,8,2022,11.18,1.95
kabupaten,15,1503,9,2022,5.2,1.82
kabupaten,15,1503,10,2022,7.16,3.72
kabupaten,15,1503,11,2022,-0.43,2.25
kabupaten,15,1503,12,2022,3.22,1.21
kabupaten,15,1503,13,2022,13.29,0.23
kabupaten,15,1503,14,2022,0.59,3.36
kabupaten,15,1503,15,2022,2.21,2.79
kabupaten,15,1503,16,2022,-0.3,1.4
kabupaten,15,1503,17,2022,3.21,1.38
kabupaten,15,1503,1,2023,5.64,25.71
kabupaten,15,1503,2,2023,1.25,32.79
kabupaten,15,1503,3,2023,3.41,3.47
kabupaten,15,1503,4,2023,12.8,0.04
kabupaten,15,1503,5,2023,2.51,0.12
kabupaten,15,1503,6,2023,5.38,11.82
kabupaten,15,1503,7,2023,10.45,5.72
kabupaten,15,1503,8,2023,8.7,2.03
kabupaten,15,1503,9,2023,10.35,1.92
kabupaten,15,1503,10,2023,7.29,3.83
kabupaten,15,1503,11,2023,2.33,2.21
kabupaten,15,1503,12,2023,3.39,1.2
kabupaten,15,1503,13,2023,16.59,0.25
kabupaten,15,1503,14,2023,3.33,3.33
kabupaten,15,1503,15,2023,2.26,2.74
kabupaten,15,1503,16,2023,4.24,1.4
kabupaten,15,1503,17,2023,7.07,1.41
kabupaten,15,1503,1,2024,4.55,25.92
kabupaten,15,1503,2,2024,-0.42,31.48
kabupaten,15,1503,3,2024,3.28,3.46
kabupaten,15,1503,4,2024,5.28,0.04
kabupaten,15,1503,5,2024,4.3,0.12
kabupaten,15,1503,6,2024,5.56,12.03
kabupaten,15,1503,7,2024,6.42,5.87
kabupaten,15,1503,8,2024,7.87,2.11
kabupaten,15,1503,9,2024,8.59,2.01
kabupaten,15,1503,10,2024,5.08,3.88
kabupaten,15,1503,11,2024,3.01,2.2
kabupaten,15,1503,12,2024,5.28,1.22
kabupaten,15,1503,13,2024,8.88,0.27
kabupaten,15,1503,14,2024,8.15,3.47
kabupaten,15,1503,15,2024,9.73,2.9
kabupaten,15,1503,16,2024,16.12,1.57
kabupaten,15,1503,17,2024,7.6,1.47
kabupaten,15,1503,1,2025,5.08,25.99
kabupaten,15,1503,2,2025,6.54,32.01
kabupaten,15,1503,3,2025,3.13,3.4
kabupaten,15,1503,4,2025,3.72,0.04
kabupaten,15,1503,5,2025,1.14,0.12
kabupaten,15,1503,6,2025,-1.53,11.3
kabupaten,15,1503,7,2025,6.38,5.96
kabupaten,15,1503,8,2025,8.87,2.19
kabupaten,15,1503,9,2025,3.13,1.98
kabupaten,15,1503,10,2025,5.49,3.9
kabupaten,15,1503,11,2025,5.5,2.21
kabupaten,15,1503,12,2025,5.49,1.23
kabupaten,15,1503,13,2025,6.24,0.27
kabupaten,15,1503,14,2025,6.61,3.53
kabupaten,15,1503,15,2025,4.14,2.88
kabupaten,15,1503,16,2025,3.88,1.55
kabupaten,15,1503,17,2025,2.05,1.43
kabupaten,15,1504,1,2021,0,38.7
kabupaten,15,1504,2,2021,0,17.64
kabupaten,15,1504,3,2021,0,10.72
kabupaten,15,1504,4,2021,0,0.05
kabupaten,15,1504,5,2021,0,0.08
kabupaten,15,1504,6,2021,0,6.68
kabupaten,15,1504,7,2021,0,6.98
kabupaten,15,1504,8,2021,0,1.49
kabupaten,15,1504,9,2021,0,0.38
kabupaten,15,1504,10,2021,0,3.2
kabupaten,15,1504,11,2021,0,1.79
kabupaten,15,1504,12,2021,0,1.15
kabupaten,15,1504,13,2021,0,0.07
kabupaten,15,1504,14,2021,0,3.71
kabupaten,15,1504,15,2021,0,4.73
kabupaten,15,1504,16,2021,0,1.62
kabupaten,15,1504,17,2021,0,1
kabupaten,15,1504,1,2022,3.38,35.64
kabupaten,15,1504,2,2022,59.07,24.99
kabupaten,15,1504,3,2022,-0.68,9.49
kabupaten,15,1504,4,2022,10.23,0.05
kabupaten,15,1504,5,2022,1.99,0.07
kabupaten,15,1504,6,2022,-4.01,5.71
kabupaten,15,1504,7,2022,5.43,6.55
kabupaten,15,1504,8,2022,12.01,1.49
kabupaten,15,1504,9,2022,5.4,0.35
kabupaten,15,1504,10,2022,6.86,3.05
kabupaten,15,1504,11,2022,-3.87,1.53
kabupaten,15,1504,12,2022,2.65,1.05
kabupaten,15,1504,13,2022,13.5,0.07
kabupaten,15,1504,14,2022,-0.25,3.3
kabupaten,15,1504,15,2022,1.28,4.27
kabupaten,15,1504,16,2022,-0.17,1.44
kabupaten,15,1504,17,2022,5.16,0.94
kabupaten,15,1504,1,2023,6.33,36.45
kabupaten,15,1504,2,2023,-1.71,23.62
kabupaten,15,1504,3,2023,5.19,9.6
kabupaten,15,1504,4,2023,12.8,0.06
kabupaten,15,1504,5,2023,0.29,0.07
kabupaten,15,1504,6,2023,4.58,5.74
kabupaten,15,1504,7,2023,9.13,6.88
kabupaten,15,1504,8,2023,7.85,1.54
kabupaten,15,1504,9,2023,8.33,0.37
kabupaten,15,1504,10,2023,8.94,3.19
kabupaten,15,1504,11,2023,0.21,1.47
kabupaten,15,1504,12,2023,2.32,1.04
kabupaten,15,1504,13,2023,14.74,0.08
kabupaten,15,1504,14,2023,4.36,3.31
kabupaten,15,1504,15,2023,1.89,4.18
kabupaten,15,1504,16,2023,4.53,1.45
kabupaten,15,1504,17,2023,5.34,0.95
kabupaten,15,1504,1,2024,6.99,37.7
kabupaten,15,1504,2,2024,-10.62,20.42
kabupaten,15,1504,3,2024,7.51,9.98
kabupaten,15,1504,4,2024,8.1,0.06
kabupaten,15,1504,5,2024,3.7,0.07
kabupaten,15,1504,6,2024,7.1,5.95
kabupaten,15,1504,7,2024,7.3,7.14
kabupaten,15,1504,8,2024,9.42,1.63
kabupaten,15,1504,9,2024,9.91,0.39
kabupaten,15,1504,10,2024,4.56,3.23
kabupaten,15,1504,11,2024,3.15,1.47
kabupaten,15,1504,12,2024,4.27,1.05
kabupaten,15,1504,13,2024,9.17,0.08
kabupaten,15,1504,14,2024,14.36,3.66
kabupaten,15,1504,15,2024,13.92,4.6
kabupaten,15,1504,16,2024,13.08,1.59
kabupaten,15,1504,17,2024,7.65,0.99
kabupaten,15,1504,1,2025,4.89,37.59
kabupaten,15,1504,2,2025,8.26,21.01
kabupaten,15,1504,3,2025,4.56,9.92
kabupaten,15,1504,4,2025,7.61,0.06
kabupaten,15,1504,5,2025,5.26,0.07
kabupaten,15,1504,6,2025,0.36,5.67
kabupaten,15,1504,7,2025,5.42,7.15
kabupaten,15,1504,8,2025,11.13,1.72
kabupaten,15,1504,9,2025,7.05,0.4
kabupaten,15,1504,10,2025,4.43,3.2
kabupaten,15,1504,11,2025,3.2,1.44
kabupaten,15,1504,12,2025,4.19,1.04
kabupaten,15,1504,13,2025,4.87,0.08
kabupaten,15,1504,14,2025,4.75,3.64
kabupaten,15,1504,15,2025,2.65,4.49
kabupaten,15,1504,16,2025,2.74,1.55
kabupaten,15,1504,17,2025,2.03,0.96
kabupaten,15,1505,1,2021,0,42.05
kabupaten,15,1505,2,2021,0,12.93
kabupaten,15,1505,3,2021,0,16.16
kabupaten,15,1505,4,2021,0,0.04
kabupaten,15,1505,5,2021,0,0.1
kabupaten,15,1505,6,2021,0,5.83
kabupaten,15,1505,7,2021,0,4.93
kabupaten,15,1505,8,2021,0,3.3
kabupaten,15,1505,9,2021,0,0.6
kabupaten,15,1505,10,2021,0,2.75
kabupaten,15,1505,11,2021,0,1.81
kabupaten,15,1505,12,2021,0,1.22
kabupaten,15,1505,13,2021,0,1.05
kabupaten,15,1505,14,2021,0,2.82
kabupaten,15,1505,15,2021,0,1.84
kabupaten,15,1505,16,2021,0,1.23
kabupaten,15,1505,17,2021,0,1.32
kabupaten,15,1505,1,2022,5.72,41.15
kabupaten,15,1505,2,2022,32,15.8
kabupaten,15,1505,3,2022,1.8,15.23
kabupaten,15,1505,4,2022,10,0.04
kabupaten,15,1505,5,2022,2.32,0.09
kabupaten,15,1505,6,2022,-2.37,5.27
kabupaten,15,1505,7,2022,5.99,4.84
kabupaten,15,1505,8,2022,16.23,3.55
kabupaten,15,1505,9,2022,7.21,0.6
kabupaten,15,1505,10,2022,6.6,2.71
kabupaten,15,1505,11,2022,-0.73,1.67
kabupaten,15,1505,12,2022,4.28,1.18
kabupaten,15,1505,13,2022,11.75,1.09
kabupaten,15,1505,14,2022,-0.57,2.59
kabupaten,15,1505,15,2022,1.94,1.74
kabupaten,15,1505,16,2022,-2.21,1.12
kabupaten,15,1505,17,2022,10.06,1.35
kabupaten,15,1505,1,2023,4.5,40.46
kabupaten,15,1505,2,2023,5.6,15.7
kabupaten,15,1505,3,2023,2.29,14.66
kabupaten,15,1505,4,2023,14.89,0.05
kabupaten,15,1505,5,2023,1.67,0.09
kabupaten,15,1505,6,2023,33.56,6.62
kabupaten,15,1505,7,2023,9.77,4.99
kabupaten,15,1505,8,2023,5.9,3.53
kabupaten,15,1505,9,2023,9.73,0.62
kabupaten,15,1505,10,2023,8.24,2.76
kabupaten,15,1505,11,2023,1.45,1.59
kabupaten,15,1505,12,2023,3.68,1.15
kabupaten,15,1505,13,2023,13.72,1.17
kabupaten,15,1505,14,2023,1.79,2.48
kabupaten,15,1505,15,2023,3.22,1.69
kabupaten,15,1505,16,2023,3.19,1.08
kabupaten,15,1505,17,2023,7.24,1.36
kabupaten,15,1505,1,2024,3.56,39.47
kabupaten,15,1505,2,2024,-1.81,14.52
kabupaten,15,1505,3,2024,3.99,14.36
kabupaten,15,1505,4,2024,11.01,0.05
kabupaten,15,1505,5,2024,-0.29,0.08
kabupaten,15,1505,6,2024,45.09,9.05
kabupaten,15,1505,7,2024,5.26,4.95
kabupaten,15,1505,8,2024,4.3,3.47
kabupaten,15,1505,9,2024,7.67,0.63
kabupaten,15,1505,10,2024,5.21,2.74
kabupaten,15,1505,11,2024,2.07,1.53
kabupaten,15,1505,12,2024,5.47,1.14
kabupaten,15,1505,13,2024,8.72,1.19
kabupaten,15,1505,14,2024,5.67,2.47
kabupaten,15,1505,15,2024,14.35,1.82
kabupaten,15,1505,16,2024,13.38,1.16
kabupaten,15,1505,17,2024,7.6,1.38
kabupaten,15,1505,1,2025,6.53,40.29
kabupaten,15,1505,2,2025,4.97,14.6
kabupaten,15,1505,3,2025,4.21,14.34
kabupaten,15,1505,4,2025,6.92,0.05
kabupaten,15,1505,5,2025,1.23,0.08
kabupaten,15,1505,6,2025,-8.93,7.9
kabupaten,15,1505,7,2025,8.53,5.15
kabupaten,15,1505,8,2025,7.53,3.58
kabupaten,15,1505,9,2025,5.57,0.64
kabupaten,15,1505,10,2025,8.42,2.84
kabupaten,15,1505,11,2025,6.18,1.56
kabupaten,15,1505,12,2025,4.43,1.14
kabupaten,15,1505,13,2025,5.66,1.21
kabupaten,15,1505,14,2025,-1.4,2.34
kabupaten,15,1505,15,2025,2.69,1.79
kabupaten,15,1505,16,2025,2.44,1.14
kabupaten,15,1505,17,2025,3.32,1.36
kabupaten,15,1506,1,2021,0,22.85
kabupaten,15,1506,2,2021,0,41.57
kabupaten,15,1506,3,2021,0,17.28
kabupaten,15,1506,4,2021,0,0.02
kabupaten,15,1506,5,2021,0,0.05
kabupaten,15,1506,6,2021,0,4.89
kabupaten,15,1506,7,2021,0,3.22
kabupaten,15,1506,8,2021,0,0.78
kabupaten,15,1506,9,2021,0,0.4
kabupaten,15,1506,10,2021,0,1.9
kabupaten,15,1506,11,2021,0,1.05
kabupaten,15,1506,12,2021,0,0.67
kabupaten,15,1506,13,2021,0,1.04
kabupaten,15,1506,14,2021,0,1.44
kabupaten,15,1506,15,2021,0,1.78
kabupaten,15,1506,16,2021,0,0.56
kabupaten,15,1506,17,2021,0,0.52
kabupaten,15,1506,1,2022,5.19,23.43
kabupaten,15,1506,2,2022,-0.08,40.49
kabupaten,15,1506,3,2022,4.57,17.61
kabupaten,15,1506,4,2022,20.74,0.02
kabupaten,15,1506,5,2022,2.84,0.05
kabupaten,15,1506,6,2022,-0.74,4.73
kabupaten,15,1506,7,2022,5.04,3.29
kabupaten,15,1506,8,2022,13.32,0.86
kabupaten,15,1506,9,2022,11.4,0.44
kabupaten,15,1506,10,2022,8.04,2
kabupaten,15,1506,11,2022,-0.73,1.01
kabupaten,15,1506,12,2022,3.72,0.67
kabupaten,15,1506,13,2022,12.86,1.15
kabupaten,15,1506,14,2022,-0.87,1.39
kabupaten,15,1506,15,2022,2.46,1.77
kabupaten,15,1506,16,2022,-3.03,0.53
kabupaten,15,1506,17,2022,6.63,0.54
kabupaten,15,1506,1,2023,6.75,24.12
kabupaten,15,1506,2,2023,-0.24,38.96
kabupaten,15,1506,3,2023,5.3,17.89
kabupaten,15,1506,4,2023,16.21,0.02
kabupaten,15,1506,5,2023,1.04,0.05
kabupaten,15,1506,6,2023,8.05,4.93
kabupaten,15,1506,7,2023,9.25,3.47
kabupaten,15,1506,8,2023,5.42,0.88
kabupaten,15,1506,9,2023,8.3,0.46
kabupaten,15,1506,10,2023,7.22,2.07
kabupaten,15,1506,11,2023,1.33,0.99
kabupaten,15,1506,12,2023,3.57,0.67
kabupaten,15,1506,13,2023,13.72,1.26
kabupaten,15,1506,14,2023,2.9,1.38
kabupaten,15,1506,15,2023,2.49,1.75
kabupaten,15,1506,16,2023,4.2,0.53
kabupaten,15,1506,17,2023,7.76,0.56
kabupaten,15,1506,1,2024,3.59,23.93
kabupaten,15,1506,2,2024,3.06,38.45
kabupaten,15,1506,3,2024,5.37,18.05
kabupaten,15,1506,4,2024,11.02,0.02
kabupaten,15,1506,5,2024,2.11,0.05
kabupaten,15,1506,6,2024,9.09,5.15
kabupaten,15,1506,7,2024,4.91,3.49
kabupaten,15,1506,8,2024,6.06,0.89
kabupaten,15,1506,9,2024,9.57,0.48
kabupaten,15,1506,10,2024,4.62,2.07
kabupaten,15,1506,11,2024,2.43,0.97
kabupaten,15,1506,12,2024,5.79,0.68
kabupaten,15,1506,13,2024,9.14,1.31
kabupaten,15,1506,14,2024,11.72,1.48
kabupaten,15,1506,15,2024,8.06,1.82
kabupaten,15,1506,16,2024,13.6,0.58
kabupaten,15,1506,17,2024,7.29,0.58
kabupaten,15,1506,1,2025,4.36,23.72
kabupaten,15,1506,2,2025,6.56,38.92
kabupaten,15,1506,3,2025,6.54,18.27
kabupaten,15,1506,4,2025,7.79,0.02
kabupaten,15,1506,5,2025,0.56,0.05
kabupaten,15,1506,6,2025,-3.7,4.71
kabupaten,15,1506,7,2025,9.72,3.63
kabupaten,15,1506,8,2025,11.09,0.94
kabupaten,15,1506,9,2025,2.65,0.47
kabupaten,15,1506,10,2025,3.12,2.03
kabupaten,15,1506,11,2025,6.89,0.99
kabupaten,15,1506,12,2025,5.96,0.69
kabupaten,15,1506,13,2025,5.39,1.31
kabupaten,15,1506,14,2025,-2.61,1.36
kabupaten,15,1506,15,2025,2.29,1.76
kabupaten,15,1506,16,2025,1.76,0.56
kabupaten,15,1506,17,2025,2.17,0.56
kabupaten,15,1507,1,2021,0,16.27
kabupaten,15,1507,2,2021,0,55.14
kabupaten,15,1507,3,2021,0,7.1
kabupaten,15,1507,4,2021,0,0.01
kabupaten,15,1507,5,2021,0,0.07
kabupaten,15,1507,6,2021,0,4.93
kabupaten,15,1507,7,2021,0,5.7
kabupaten,15,1507,8,2021,0,1.12
kabupaten,15,1507,9,2021,0,0.33
kabupaten,15,1507,10,2021,0,1.56
kabupaten,15,1507,11,2021,0,0.75
kabupaten,15,1507,12,2021,0,0.58
kabupaten,15,1507,13,2021,0,1.02
kabupaten,15,1507,14,2021,0,1.72
kabupaten,15,1507,15,2021,0,2.9
kabupaten,15,1507,16,2021,0,0.52
kabupaten,15,1507,17,2021,0,0.29
kabupaten,15,1507,1,2022,2.5,16.59
kabupaten,15,1507,2,2022,-1.2,54.17
kabupaten,15,1507,3,2022,1.89,7.19
kabupaten,15,1507,4,2022,10.2,0.02
kabupaten,15,1507,5,2022,4.45,0.07
kabupaten,15,1507,6,2022,-0.14,4.89
kabupaten,15,1507,7,2022,4.88,5.95
kabupaten,15,1507,8,2022,9.37,1.22
kabupaten,15,1507,9,2022,6.86,0.35
kabupaten,15,1507,10,2022,6.86,1.66
kabupaten,15,1507,11,2022,-0.39,0.74
kabupaten,15,1507,12,2022,1.4,0.59
kabupaten,15,1507,13,2022,10.23,1.12
kabupaten,15,1507,14,2022,-0.22,1.71
kabupaten,15,1507,15,2022,2.33,2.95
kabupaten,15,1507,16,2022,-1.29,0.51
kabupaten,15,1507,17,2022,4.41,0.3
kabupaten,15,1507,1,2023,4.97,16.99
kabupaten,15,1507,2,2023,-0.02,52.83
kabupaten,15,1507,3,2023,2.12,7.16
kabupaten,15,1507,4,2023,5.19,0.02
kabupaten,15,1507,5,2023,-3.42,0.06
kabupaten,15,1507,6,2023,9.87,5.24
kabupaten,15,1507,7,2023,8.05,6.27
kabupaten,15,1507,8,2023,4.47,1.25
kabupaten,15,1507,9,2023,9.31,0.37
kabupaten,15,1507,10,2023,7.23,1.74
kabupaten,15,1507,11,2023,2.76,0.74
kabupaten,15,1507,12,2023,6.78,0.61
kabupaten,15,1507,13,2023,13.44,1.24
kabupaten,15,1507,14,2023,3.02,1.71
kabupaten,15,1507,15,2023,1.72,2.93
kabupaten,15,1507,16,2023,6.66,0.53
kabupaten,15,1507,17,2023,5.01,0.31
kabupaten,15,1507,1,2024,2.74,16.67
kabupaten,15,1507,2,2024,3.99,52.48
kabupaten,15,1507,3,2024,2.94,7.04
kabupaten,15,1507,4,2024,9.86,0.02
kabupaten,15,1507,5,2024,2.59,0.06
kabupaten,15,1507,6,2024,8.57,5.44
kabupaten,15,1507,7,2024,7.22,6.42
kabupaten,15,1507,8,2024,7.15,1.27
kabupaten,15,1507,9,2024,7.66,0.38
kabupaten,15,1507,10,2024,4.91,1.74
kabupaten,15,1507,11,2024,3.05,0.73
kabupaten,15,1507,12,2024,5.94,0.62
kabupaten,15,1507,13,2024,9.38,1.29
kabupaten,15,1507,14,2024,12.38,1.84
kabupaten,15,1507,15,2024,11.03,3.1
kabupaten,15,1507,16,2024,12.45,0.57
kabupaten,15,1507,17,2024,5.3,0.31
kabupaten,15,1507,1,2025,6.51,16.95
kabupaten,15,1507,2,2025,4.01,52.11
kabupaten,15,1507,3,2025,4.72,7.04
kabupaten,15,1507,4,2025,6.41,0.02
kabupaten,15,1507,5,2025,6.74,0.06
kabupaten,15,1507,6,2025,-1.1,5.13
kabupaten,15,1507,7,2025,9.8,6.73
kabupaten,15,1507,8,2025,12.95,1.37
kabupaten,15,1507,9,2025,4.75,0.38
kabupaten,15,1507,10,2025,8.39,1.8
kabupaten,15,1507,11,2025,7.22,0.75
kabupaten,15,1507,12,2025,5.03,0.62
kabupaten,15,1507,13,2025,8.7,1.34
kabupaten,15,1507,14,2025,-2.16,1.72
kabupaten,15,1507,15,2025,4.25,3.09
kabupaten,15,1507,16,2025,3.61,0.56
kabupaten,15,1507,17,2025,3.89,0.3
kabupaten,15,1508,1,2021,0,20.38
kabupaten,15,1508,2,2021,0,22.7
kabupaten,15,1508,3,2021,0,6.54
kabupaten,15,1508,4,2021,0,0.04
kabupaten,15,1508,5,2021,0,0.22
kabupaten,15,1508,6,2021,0,12.05
kabupaten,15,1508,7,2021,0,11.84
kabupaten,15,1508,8,2021,0,2.5
kabupaten,15,1508,9,2021,0,2.42
kabupaten,15,1508,10,2021,0,5.49
kabupaten,15,1508,11,2021,0,4.03
kabupaten,15,1508,12,2021,0,2.32
kabupaten,15,1508,13,2021,0,0.18
kabupaten,15,1508,14,2021,0,2.81
kabupaten,15,1508,15,2021,0,4.97
kabupaten,15,1508,16,2021,0,0.88
kabupaten,15,1508,17,2021,0,0.61
kabupaten,15,1508,1,2022,4.52,20.34
kabupaten,15,1508,2,2022,8.29,23.48
kabupaten,15,1508,3,2022,0.87,6.3
kabupaten,15,1508,4,2022,7.65,0.04
kabupaten,15,1508,5,2022,2.35,0.21
kabupaten,15,1508,6,2022,1.28,11.65
kabupaten,15,1508,7,2022,5.06,11.88
kabupaten,15,1508,8,2022,7.77,2.57
kabupaten,15,1508,9,2022,7.72,2.49
kabupaten,15,1508,10,2022,8.84,5.71
kabupaten,15,1508,11,2022,-1.08,3.8
kabupaten,15,1508,12,2022,5.83,2.34
kabupaten,15,1508,13,2022,14.03,0.2
kabupaten,15,1508,14,2022,0.22,2.69
kabupaten,15,1508,15,2022,1.68,4.83
kabupaten,15,1508,16,2022,-1.31,0.83
kabupaten,15,1508,17,2022,6.63,0.62
kabupaten,15,1508,1,2023,5.61,20.44
kabupaten,15,1508,2,2023,3.32,23.08
kabupaten,15,1508,3,2023,4.11,6.24
kabupaten,15,1508,4,2023,9.75,0.05
kabupaten,15,1508,5,2023,4.87,0.21
kabupaten,15,1508,6,2023,4.3,11.56
kabupaten,15,1508,7,2023,9.93,12.42
kabupaten,15,1508,8,2023,7.36,2.63
kabupaten,15,1508,9,2023,8.38,2.57
kabupaten,15,1508,10,2023,7.35,5.83
kabupaten,15,1508,11,2023,0.16,3.62
kabupaten,15,1508,12,2023,3.5,2.31
kabupaten,15,1508,13,2023,12.63,0.21
kabupaten,15,1508,14,2023,3.46,2.65
kabupaten,15,1508,15,2023,2.07,4.69
kabupaten,15,1508,16,2023,5.92,0.84
kabupaten,15,1508,17,2023,6.96,0.63
kabupaten,15,1508,1,2024,6.17,21
kabupaten,15,1508,2,2024,-7.02,20.76
kabupaten,15,1508,3,2024,5.04,6.35
kabupaten,15,1508,4,2024,6.78,0.05
kabupaten,15,1508,5,2024,-0.75,0.2
kabupaten,15,1508,6,2024,4.71,11.71
kabupaten,15,1508,7,2024,4.96,12.61
kabupaten,15,1508,8,2024,8.75,2.77
kabupaten,15,1508,9,2024,13.1,2.81
kabupaten,15,1508,10,2024,5,5.93
kabupaten,15,1508,11,2024,2.55,3.6
kabupaten,15,1508,12,2024,4.99,2.34
kabupaten,15,1508,13,2024,10.73,0.23
kabupaten,15,1508,14,2024,15.86,2.97
kabupaten,15,1508,15,2024,11.67,5.07
kabupaten,15,1508,16,2024,15.12,0.93
kabupaten,15,1508,17,2024,9.65,0.67
kabupaten,15,1508,1,2025,3.93,20.89
kabupaten,15,1508,2,2025,2.56,20.39
kabupaten,15,1508,3,2025,10.44,6.71
kabupaten,15,1508,4,2025,2.82,0.05
kabupaten,15,1508,5,2025,-1.15,0.19
kabupaten,15,1508,6,2025,-3.15,10.86
kabupaten,15,1508,7,2025,9.19,13.19
kabupaten,15,1508,8,2025,12.81,2.99
kabupaten,15,1508,9,2025,5.66,2.85
kabupaten,15,1508,10,2025,6.66,6.05
kabupaten,15,1508,11,2025,9.8,3.78
kabupaten,15,1508,12,2025,5.91,2.38
kabupaten,15,1508,13,2025,6.06,0.23
kabupaten,15,1508,14,2025,-0.89,2.82
kabupaten,15,1508,15,2025,3.2,5.01
kabupaten,15,1508,16,2025,6.33,0.95
kabupaten,15,1508,17,2025,3.78,0.67
kabupaten,15,1509,1,2021,0,51.97
kabupaten,15,1509,2,2021,0,8.84
kabupaten,15,1509,3,2021,0,6.25
kabupaten,15,1509,4,2021,0,0.07
kabupaten,15,1509,5,2021,0,0.05
kabupaten,15,1509,6,2021,0,7.05
kabupaten,15,1509,7,2021,0,8.32
kabupaten,15,1509,8,2021,0,1.49
kabupaten,15,1509,9,2021,0,0.37
kabupaten,15,1509,10,2021,0,4.19
kabupaten,15,1509,11,2021,0,1.3
kabupaten,15,1509,12,2021,0,1.83
kabupaten,15,1509,13,2021,0,0.05
kabupaten,15,1509,14,2021,0,3.07
kabupaten,15,1509,15,2021,0,2.29
kabupaten,15,1509,16,2021,0,1.09
kabupaten,15,1509,17,2021,0,1.78
kabupaten,15,1509,1,2022,2.57,50.15
kabupaten,15,1509,2,2022,41.55,11.77
kabupaten,15,1509,3,2022,2.05,6
kabupaten,15,1509,4,2022,8.73,0.07
kabupaten,15,1509,5,2022,1.68,0.04
kabupaten,15,1509,6,2022,0.01,6.63
kabupaten,15,1509,7,2022,5.28,8.24
kabupaten,15,1509,8,2022,8.52,1.52
kabupaten,15,1509,9,2022,7.51,0.38
kabupaten,15,1509,10,2022,7.74,4.25
kabupaten,15,1509,11,2022,0.33,1.23
kabupaten,15,1509,12,2022,5.22,1.81
kabupaten,15,1509,13,2022,8.42,0.05
kabupaten,15,1509,14,2022,0.58,2.91
kabupaten,15,1509,15,2022,1.17,2.18
kabupaten,15,1509,16,2022,-0.53,1.02
kabupaten,15,1509,17,2022,4.84,1.76
kabupaten,15,1509,1,2023,4.71,50.17
kabupaten,15,1509,2,2023,2.1,11.48
kabupaten,15,1509,3,2023,5.88,6.07
kabupaten,15,1509,4,2023,12.24,0.07
kabupaten,15,1509,5,2023,3.51,0.04
kabupaten,15,1509,6,2023,5.12,6.66
kabupaten,15,1509,7,2023,8.56,8.55
kabupaten,15,1509,8,2023,7.32,1.56
kabupaten,15,1509,9,2023,8.59,0.39
kabupaten,15,1509,10,2023,7.44,4.36
kabupaten,15,1509,11,2023,0.64,1.18
kabupaten,15,1509,12,2023,3.07,1.78
kabupaten,15,1509,13,2023,14.08,0.06
kabupaten,15,1509,14,2023,0.09,2.78
kabupaten,15,1509,15,2023,1.42,2.11
kabupaten,15,1509,16,2023,4.78,1.02
kabupaten,15,1509,17,2023,2.61,1.72
kabupaten,15,1509,1,2024,4.64,50.4
kabupaten,15,1509,2,2024,-9.16,10.01
kabupaten,15,1509,3,2024,8.1,6.3
kabupaten,15,1509,4,2024,10.32,0.08
kabupaten,15,1509,5,2024,11.75,0.05
kabupaten,15,1509,6,2024,4.69,6.7
kabupaten,15,1509,7,2024,10.02,9.03
kabupaten,15,1509,8,2024,8.9,1.63
kabupaten,15,1509,9,2024,6.54,0.4
kabupaten,15,1509,10,2024,4.73,4.38
kabupaten,15,1509,11,2024,2.02,1.15
kabupaten,15,1509,12,2024,1.96,1.75
kabupaten,15,1509,13,2024,10.5,0.06
kabupaten,15,1509,14,2024,10.33,2.94
kabupaten,15,1509,15,2024,12.14,2.28
kabupaten,15,1509,16,2024,7.2,1.05
kabupaten,15,1509,17,2024,8.54,1.79
kabupaten,15,1509,1,2025,5.3,50.44
kabupaten,15,1509,2,2025,5.17,10.01
kabupaten,15,1509,3,2025,11.07,6.65
kabupaten,15,1509,4,2025,8.29,0.08
kabupaten,15,1509,5,2025,8.56,0.05
kabupaten,15,1509,6,2025,-2.59,6.2
kabupaten,15,1509,7,2025,8.12,9.28
kabupaten,15,1509,8,2025,12.65,1.74
kabupaten,15,1509,9,2025,2.98,0.39
kabupaten,15,1509,10,2025,4.91,4.37
kabupaten,15,1509,11,2025,3.6,1.14
kabupaten,15,1509,12,2025,2.53,1.7
kabupaten,15,1509,13,2025,5.26,0.06
kabupaten,15,1509,14,2025,-0.66,2.78
kabupaten,15,1509,15,2025,5.48,2.28
kabupaten,15,1509,16,2025,4.3,1.04
kabupaten,15,1509,17,2025,5.57,1.8
kabupaten,15,1571,1,2021,0,0.85
kabupaten,15,1571,2,2021,0,2.32
kabupaten,15,1571,3,2021,0,11.61
kabupaten,15,1571,4,2021,0,0.2
kabupaten,15,1571,5,2021,0,0.24
kabupaten,15,1571,6,2021,0,10.35
kabupaten,15,1571,7,2021,0,27.98
kabupaten,15,1571,8,2021,0,10.24
kabupaten,15,1571,9,2021,0,2.35
kabupaten,15,1571,10,2021,0,6.03
kabupaten,15,1571,11,2021,0,6.52
kabupaten,15,1571,12,2021,0,2.69
kabupaten,15,1571,13,2021,0,2.67
kabupaten,15,1571,14,2021,0,6.79
kabupaten,15,1571,15,2021,0,4.91
kabupaten,15,1571,16,2021,0,3.46
kabupaten,15,1571,17,2021,0,0.78
kabupaten,15,1571,1,2022,1.22,0.82
kabupaten,15,1571,2,2022,-0.15,2.2
kabupaten,15,1571,3,2022,3.55,11.41
kabupaten,15,1571,4,2022,11.77,0.21
kabupaten,15,1571,5,2022,4.25,0.24
kabupaten,15,1571,6,2022,-0.93,9.73
kabupaten,15,1571,7,2022,5.45,28
kabupaten,15,1571,8,2022,16.91,11.36
kabupaten,15,1571,9,2022,23.34,2.76
kabupaten,15,1571,10,2022,9.04,6.24
kabupaten,15,1571,11,2022,-1.06,6.12
kabupaten,15,1571,12,2022,4.37,2.67
kabupaten,15,1571,13,2022,19.12,3.02
kabupaten,15,1571,14,2022,-0.58,6.4
kabupaten,15,1571,15,2022,2.93,4.8
kabupaten,15,1571,16,2022,-2.25,3.21
kabupaten,15,1571,17,2022,9.86,0.81
kabupaten,15,1571,1,2023,1.13,0.78
kabupaten,15,1571,2,2023,0.02,2.07
kabupaten,15,1571,3,2023,1.82,10.92
kabupaten,15,1571,4,2023,12.04,0.22
kabupaten,15,1571,5,2023,0.24,0.23
kabupaten,15,1571,6,2023,5.74,9.68
kabupaten,15,1571,7,2023,9,28.69
kabupaten,15,1571,8,2023,11.83,11.94
kabupaten,15,1571,9,2023,9.32,2.83
kabupaten,15,1571,10,2023,7.31,6.3
kabupaten,15,1571,11,2023,1.07,5.82
kabupaten,15,1571,12,2023,3.23,2.59
kabupaten,15,1571,13,2023,13.46,3.22
kabupaten,15,1571,14,2023,0.6,6.06
kabupaten,15,1571,15,2023,3.2,4.65
kabupaten,15,1571,16,2023,5.07,3.17
kabupaten,15,1571,17,2023,9.78,0.83
kabupaten,15,1571,1,2024,3.91,0.77
kabupaten,15,1571,2,2024,-1.77,1.94
kabupaten,15,1571,3,2024,3.97,10.83
kabupaten,15,1571,4,2024,6.72,0.23
kabupaten,15,1571,5,2024,4.03,0.22
kabupaten,15,1571,6,2024,3.98,9.59
kabupaten,15,1571,7,2024,3.12,28.21
kabupaten,15,1571,8,2024,6.24,12.1
kabupaten,15,1571,9,2024,9.78,2.96
kabupaten,15,1571,10,2024,3.6,6.22
kabupaten,15,1571,11,2024,1.18,5.61
kabupaten,15,1571,12,2024,4.64,2.58
kabupaten,15,1571,13,2024,8.72,3.33
kabupaten,15,1571,14,2024,13.46,6.55
kabupaten,15,1571,15,2024,5.69,4.69
kabupaten,15,1571,16,2024,8.81,3.29
kabupaten,15,1571,17,2024,8.58,0.86
kabupaten,15,1571,1,2025,4.81,0.77
kabupaten,15,1571,2,2025,1.54,1.87
kabupaten,15,1571,3,2025,3.18,10.63
kabupaten,15,1571,4,2025,5.02,0.23
kabupaten,15,1571,5,2025,3.44,0.22
kabupaten,15,1571,6,2025,-0.81,9.05
kabupaten,15,1571,7,2025,7.71,28.9
kabupaten,15,1571,8,2025,7.6,12.38
kabupaten,15,1571,9,2025,2.8,2.9
kabupaten,15,1571,10,2025,8.91,6.44
kabupaten,15,1571,11,2025,10.24,5.88
kabupaten,15,1571,12,2025,2.91,2.53
kabupaten,15,1571,13,2025,7.16,3.4
kabupaten,15,1571,14,2025,-2.98,6.05
kabupaten,15,1571,15,2025,3.79,4.63
kabupaten,15,1571,16,2025,4.18,3.26
kabupaten,15,1571,17,2025,4.11,0.86
kabupaten,15,1572,1,2021,0,5.01
kabupaten,15,1572,2,2021,0,0.81
kabupaten,15,1572,3,2021,0,0.66
kabupaten,15,1572,4,2021,0,0.02
kabupaten,15,1572,5,2021,0,0.35
kabupaten,15,1572,6,2021,0,12.87
kabupaten,15,1572,7,2021,0,25.56
kabupaten,15,1572,8,2021,0,3.83
kabupaten,15,1572,9,2021,0,1.12
kabupaten,15,1572,10,2021,0,16.02
kabupaten,15,1572,11,2021,0,5.48
kabupaten,15,1572,12,2021,0,2.61
kabupaten,15,1572,13,2021,0,5.9
kabupaten,15,1572,14,2021,0,5.24
kabupaten,15,1572,15,2021,0,9.29
kabupaten,15,1572,16,2021,0,2.89
kabupaten,15,1572,17,2021,0,2.35
kabupaten,15,1572,1,2022,3.76,4.98
kabupaten,15,1572,2,2022,4.9,0.81
kabupaten,15,1572,3,2022,2.65,0.65
kabupaten,15,1572,4,2022,10.17,0.03
kabupaten,15,1572,5,2022,0.73,0.33
kabupaten,15,1572,6,2022,3.54,12.76
kabupaten,15,1572,7,2022,4.85,25.66
kabupaten,15,1572,8,2022,12.5,4.13
kabupaten,15,1572,9,2022,9.21,1.17
kabupaten,15,1572,10,2022,4.02,15.96
kabupaten,15,1572,11,2022,3.49,5.43
kabupaten,15,1572,12,2022,2.86,2.57
kabupaten,15,1572,13,2022,6.96,6.04
kabupaten,15,1572,14,2022,-0.02,5.02
kabupaten,15,1572,15,2022,3.52,9.21
kabupaten,15,1572,16,2022,3.24,2.85
kabupaten,15,1572,17,2022,6.94,2.4
kabupaten,15,1572,1,2023,-0.5,4.72
kabupaten,15,1572,2,2023,2,0.79
kabupaten,15,1572,3,2023,5.97,0.66
kabupaten,15,1572,4,2023,6.92,0.03
kabupaten,15,1572,5,2023,-7.39,0.3
kabupaten,15,1572,6,2023,4.42,12.7
kabupaten,15,1572,7,2023,6.77,26.12
kabupaten,15,1572,8,2023,11.83,4.4
kabupaten,15,1572,9,2023,7.5,1.2
kabupaten,15,1572,10,2023,4.85,15.94
kabupaten,15,1572,11,2023,0.67,5.21
kabupaten,15,1572,12,2023,2.31,2.5
kabupaten,15,1572,13,2023,9.61,6.31
kabupaten,15,1572,14,2023,0.96,4.83
kabupaten,15,1572,15,2023,3.41,9.08
kabupaten,15,1572,16,2023,3.76,2.82
kabupaten,15,1572,17,2023,4.68,2.4
kabupaten,15,1572,1,2024,6.14,4.76
kabupaten,15,1572,2,2024,12.12,0.84
kabupaten,15,1572,3,2024,4.94,0.66
kabupaten,15,1572,4,2024,4.32,0.03
kabupaten,15,1572,5,2024,-5.38,0.27
kabupaten,15,1572,6,2024,2.54,12.38
kabupaten,15,1572,7,2024,3.87,25.79
kabupaten,15,1572,8,2024,15.27,4.82
kabupaten,15,1572,9,2024,14.49,1.3
kabupaten,15,1572,10,2024,4.78,15.88
kabupaten,15,1572,11,2024,-0.91,4.91
kabupaten,15,1572,12,2024,2.26,2.43
kabupaten,15,1572,13,2024,5.26,6.31
kabupaten,15,1572,14,2024,7.69,4.95
kabupaten,15,1572,15,2024,5.98,9.15
kabupaten,15,1572,16,2024,12.92,3.03
kabupaten,15,1572,17,2024,9.05,2.49
kabupaten,15,1572,1,2025,15.54,5.27
kabupaten,15,1572,2,2025,8.82,0.88
kabupaten,15,1572,3,2025,9.99,0.69
kabupaten,15,1572,4,2025,6.21,0.03
kabupaten,15,1572,5,2025,2.74,0.26
kabupaten,15,1572,6,2025,-0.69,11.78
kabupaten,15,1572,7,2025,2.75,25.39
kabupaten,15,1572,8,2025,12.4,5.19
kabupaten,15,1572,9,2025,0.25,1.25
kabupaten,15,1572,10,2025,7.62,16.38
kabupaten,15,1572,11,2025,12.15,5.27
kabupaten,15,1572,12,2025,5.41,2.46
kabupaten,15,1572,13,2025,6.77,6.46
kabupaten,15,1572,14,2025,-3.87,4.55
kabupaten,15,1572,15,2025,-2.07,8.58
kabupaten,15,1572,16,2025,6.59,3.09
kabupaten,15,1572,17,2025,3.54,2.47
kabupaten,12,1201,1,2021,0,49.31
kabupaten,12,1201,2,2021,0,0.3
kabupaten,12,1201,3,2021,0,10.83
kabupaten,12,1201,4,2021,0,0.56
kabupaten,12,1201,5,2021,0,0.11
kabupaten,12,1201,6,2021,0,10.1
kabupaten,12,1201,7,2021,0,11.81
kabupaten,12,1201,8,2021,0,2.04
kabupaten,12,1201,9,2021,0,1.44
kabupaten,12,1201,10,2021,0,0.85
kabupaten,12,1201,11,2021,0,1.02
kabupaten,12,1201,12,2021,0,2.1
kabupaten,12,1201,13,2021,0,0.29
kabupaten,12,1201,14,2021,0,7.7
kabupaten,12,1201,15,2021,0,1.11
kabupaten,12,1201,16,2021,0,0.34
kabupaten,12,1201,17,2021,0,0.09
kabupaten,12,1201,1,2022,4.06,49.26
kabupaten,12,1201,2,2022,5.06,0.3
kabupaten,12,1201,3,2022,1.87,10.59
kabupaten,12,1201,4,2022,4.76,0.56
kabupaten,12,1201,5,2022,7.82,0.12
kabupaten,12,1201,6,2022,3.01,9.99
kabupaten,12,1201,7,2022,7.91,12.23
kabupaten,12,1201,8,2022,11.78,2.18
kabupaten,12,1201,9,2022,7.7,1.49
kabupaten,12,1201,10,2022,7.46,0.87
kabupaten,12,1201,11,2022,4.37,1.02
kabupaten,12,1201,12,2022,5.7,2.13
kabupaten,12,1201,13,2022,7.21,0.29
kabupaten,12,1201,14,2022,-0.02,7.39
kabupaten,12,1201,15,2022,5.19,1.13
kabupaten,12,1201,16,2022,5.92,0.34
kabupaten,12,1201,17,2022,6.33,0.09
kabupaten,12,1201,1,2023,3.21,48.78
kabupaten,12,1201,2,2023,5.17,0.3
kabupaten,12,1201,3,2023,4.04,10.57
kabupaten,12,1201,4,2023,1.88,0.55
kabupaten,12,1201,5,2023,3.68,0.12
kabupaten,12,1201,6,2023,5.21,10.08
kabupaten,12,1201,7,2023,5.59,12.39
kabupaten,12,1201,8,2023,12.64,2.36
kabupaten,12,1201,9,2023,7.85,1.54
kabupaten,12,1201,10,2023,5.07,0.88
kabupaten,12,1201,11,2023,4.47,1.02
kabupaten,12,1201,12,2023,5.45,2.16
kabupaten,12,1201,13,2023,8,0.3
kabupaten,12,1201,14,2023,3.48,7.34
kabupaten,12,1201,15,2023,6.75,1.15
kabupaten,12,1201,16,2023,6.37,0.35
kabupaten,12,1201,17,2023,7.93,0.1
kabupaten,12,1201,1,2024,2.61,48.06
kabupaten,12,1201,2,2024,0.51,0.29
kabupaten,12,1201,3,2024,4.23,10.58
kabupaten,12,1201,4,2024,5.56,0.56
kabupaten,12,1201,5,2024,4.44,0.12
kabupaten,12,1201,6,2024,7.16,10.37
kabupaten,12,1201,7,2024,5.11,12.51
kabupaten,12,1201,8,2024,2.8,2.33
kabupaten,12,1201,9,2024,6.9,1.58
kabupaten,12,1201,10,2024,4.74,0.89
kabupaten,12,1201,11,2024,4.28,1.02
kabupaten,12,1201,12,2024,3.61,2.15
kabupaten,12,1201,13,2024,7.41,0.31
kabupaten,12,1201,14,2024,7.99,7.61
kabupaten,12,1201,15,2024,5.25,1.17
kabupaten,12,1201,16,2024,6.03,0.36
kabupaten,12,1201,17,2024,8.53,0.1
kabupaten,12,1201,1,2025,4.62,48.69
kabupaten,12,1201,2,2025,2.87,0.29
kabupaten,12,1201,3,2025,1.88,10.44
kabupaten,12,1201,4,2025,0.29,0.54
kabupaten,12,1201,5,2025,-0.11,0.11
kabupaten,12,1201,6,2025,-0.01,10.05
kabupaten,12,1201,7,2025,3.97,12.59
kabupaten,12,1201,8,2025,1.03,2.28
kabupaten,12,1201,9,2025,4.61,1.6
kabupaten,12,1201,10,2025,3.66,0.89
kabupaten,12,1201,11,2025,1.5,1.01
kabupaten,12,1201,12,2025,6.89,2.22
kabupaten,12,1201,13,2025,5.56,0.32
kabupaten,12,1201,14,2025,-0.36,7.34
kabupaten,12,1201,15,2025,1.52,1.15
kabupaten,12,1201,16,2025,8.43,0.37
kabupaten,12,1201,17,2025,1.93,0.1
kabupaten,12,1202,1,2021,0,45.93
kabupaten,12,1202,2,2021,0,0.08
kabupaten,12,1202,3,2021,0,2.13
kabupaten,12,1202,4,2021,0,0.13
kabupaten,12,1202,5,2021,0,0.11
kabupaten,12,1202,6,2021,0,13.49
kabupaten,12,1202,7,2021,0,14.14
kabupaten,12,1202,8,2021,0,4.66
kabupaten,12,1202,9,2021,0,2.29
kabupaten,12,1202,10,2021,0,0.99
kabupaten,12,1202,11,2021,0,1.55
kabupaten,12,1202,12,2021,0,2.04
kabupaten,12,1202,13,2021,0,0.28
kabupaten,12,1202,14,2021,0,9.61
kabupaten,12,1202,15,2021,0,1.73
kabupaten,12,1202,16,2021,0,0.72
kabupaten,12,1202,17,2021,0,0.13
kabupaten,12,1202,1,2022,4.8,46.18
kabupaten,12,1202,2,2022,4.44,0.08
kabupaten,12,1202,3,2022,3.96,2.12
kabupaten,12,1202,4,2022,2.38,0.13
kabupaten,12,1202,5,2022,4.53,0.11
kabupaten,12,1202,6,2022,4,13.46
kabupaten,12,1202,7,2022,4.5,14.17
kabupaten,12,1202,8,2022,7.53,4.8
kabupaten,12,1202,9,2022,7.13,2.35
kabupaten,12,1202,10,2022,4.83,1
kabupaten,12,1202,11,2022,3.17,1.53
kabupaten,12,1202,12,2022,4.85,2.05
kabupaten,12,1202,13,2022,6.58,0.29
kabupaten,12,1202,14,2022,-0.88,9.13
kabupaten,12,1202,15,2022,4.52,1.74
kabupaten,12,1202,16,2022,5.57,0.73
kabupaten,12,1202,17,2022,7.31,0.13
kabupaten,12,1202,1,2023,3.99,45.84
kabupaten,12,1202,2,2023,4.64,0.08
kabupaten,12,1202,3,2023,5.41,2.14
kabupaten,12,1202,4,2023,3.3,0.13
kabupaten,12,1202,5,2023,4.93,0.11
kabupaten,12,1202,6,2023,4.64,13.44
kabupaten,12,1202,7,2023,6.5,14.41
kabupaten,12,1202,8,2023,7.16,4.91
kabupaten,12,1202,9,2023,7.04,2.4
kabupaten,12,1202,10,2023,3.67,0.99
kabupaten,12,1202,11,2023,3.93,1.52
kabupaten,12,1202,12,2023,3.72,2.03
kabupaten,12,1202,13,2023,4.43,0.29
kabupaten,12,1202,14,2023,4.55,9.12
kabupaten,12,1202,15,2023,4.99,1.74
kabupaten,12,1202,16,2023,4.95,0.73
kabupaten,12,1202,17,2023,4.9,0.13
kabupaten,12,1202,1,2024,2.95,45.05
kabupaten,12,1202,2,2024,4.81,0.08
kabupaten,12,1202,3,2024,4.43,2.13
kabupaten,12,1202,4,2024,0.83,0.12
kabupaten,12,1202,5,2024,1.28,0.1
kabupaten,12,1202,6,2024,3.85,13.33
kabupaten,12,1202,7,2024,7.76,14.82
kabupaten,12,1202,8,2024,7.29,5.03
kabupaten,12,1202,9,2024,9.66,2.51
kabupaten,12,1202,10,2024,6.83,1.01
kabupaten,12,1202,11,2024,4.93,1.52
kabupaten,12,1202,12,2024,3.2,2
kabupaten,12,1202,13,2024,7.06,0.3
kabupaten,12,1202,14,2024,7.89,9.39
kabupaten,12,1202,15,2024,5.23,1.75
kabupaten,12,1202,16,2024,5.11,0.73
kabupaten,12,1202,17,2024,7.06,0.14
kabupaten,12,1202,1,2025,3.84,44.73
kabupaten,12,1202,2,2025,4.41,0.08
kabupaten,12,1202,3,2025,6.07,2.16
kabupaten,12,1202,4,2025,15.04,0.14
kabupaten,12,1202,5,2025,1.27,0.1
kabupaten,12,1202,6,2025,-0.01,12.74
kabupaten,12,1202,7,2025,7.62,15.25
kabupaten,12,1202,8,2025,14.01,5.48
kabupaten,12,1202,9,2025,8.49,2.61
kabupaten,12,1202,10,2025,6.45,1.02
kabupaten,12,1202,11,2025,3.13,1.5
kabupaten,12,1202,12,2025,3.63,1.98
kabupaten,12,1202,13,2025,5.72,0.3
kabupaten,12,1202,14,2025,2.72,9.22
kabupaten,12,1202,15,2025,7.78,1.8
kabupaten,12,1202,16,2025,7.1,0.75
kabupaten,12,1202,17,2025,3.72,0.13
kabupaten,12,1203,1,2021,0,45.92
kabupaten,12,1203,2,2021,0,11.75
kabupaten,12,1203,3,2021,0,5.93
kabupaten,12,1203,4,2021,0,0.07
kabupaten,12,1203,5,2021,0,0.09
kabupaten,12,1203,6,2021,0,11.26
kabupaten,12,1203,7,2021,0,11.26
kabupaten,12,1203,8,2021,0,1.44
kabupaten,12,1203,9,2021,0,1.35
kabupaten,12,1203,10,2021,0,0.75
kabupaten,12,1203,11,2021,0,0.85
kabupaten,12,1203,12,2021,0,1.97
kabupaten,12,1203,13,2021,0,0.05
kabupaten,12,1203,14,2021,0,5.72
kabupaten,12,1203,15,2021,0,0.77
kabupaten,12,1203,16,2021,0,0.78
kabupaten,12,1203,17,2021,0,0.03
kabupaten,12,1203,1,2022,6.9,46.85
kabupaten,12,1203,2,2022,0.06,11.22
kabupaten,12,1203,3,2022,4.38,5.91
kabupaten,12,1203,4,2022,6.21,0.07
kabupaten,12,1203,5,2022,6.54,0.09
kabupaten,12,1203,6,2022,0.66,10.82
kabupaten,12,1203,7,2022,5.99,11.39
kabupaten,12,1203,8,2022,8.84,1.49
kabupaten,12,1203,9,2022,7.42,1.38
kabupaten,12,1203,10,2022,7.96,0.78
kabupaten,12,1203,11,2022,5.02,0.85
kabupaten,12,1203,12,2022,3.05,1.94
kabupaten,12,1203,13,2022,2.92,0.05
kabupaten,12,1203,14,2022,2.28,5.59
kabupaten,12,1203,15,2022,4.57,0.77
kabupaten,12,1203,16,2022,2.94,0.77
kabupaten,12,1203,17,2022,5.31,0.03
kabupaten,12,1203,1,2023,5.09,46.84
kabupaten,12,1203,2,2023,-1.07,10.56
kabupaten,12,1203,3,2023,5.93,5.96
kabupaten,12,1203,4,2023,6.25,0.07
kabupaten,12,1203,5,2023,6.8,0.09
kabupaten,12,1203,6,2023,7.03,11.01
kabupaten,12,1203,7,2023,7.38,11.64
kabupaten,12,1203,8,2023,12.97,1.6
kabupaten,12,1203,9,2023,8.98,1.43
kabupaten,12,1203,10,2023,7.97,0.8
kabupaten,12,1203,11,2023,5.61,0.86
kabupaten,12,1203,12,2023,4.76,1.93
kabupaten,12,1203,13,2023,6.68,0.05
kabupaten,12,1203,14,2023,4.52,5.56
kabupaten,12,1203,15,2023,7.87,0.79
kabupaten,12,1203,16,2023,6.23,0.78
kabupaten,12,1203,17,2023,8.01,0.03
kabupaten,12,1203,1,2024,5.2,46.87
kabupaten,12,1203,2,2024,2.57,10.3
kabupaten,12,1203,3,2024,5.4,5.97
kabupaten,12,1203,4,2024,3.75,0.07
kabupaten,12,1203,5,2024,3.8,0.09
kabupaten,12,1203,6,2024,3.01,10.79
kabupaten,12,1203,7,2024,7.27,11.88
kabupaten,12,1203,8,2024,9.57,1.67
kabupaten,12,1203,9,2024,10.63,1.51
kabupaten,12,1203,10,2024,7.95,0.82
kabupaten,12,1203,11,2024,3.21,0.84
kabupaten,12,1203,12,2024,4.83,1.93
kabupaten,12,1203,13,2024,5.5,0.05
kabupaten,12,1203,14,2024,5.37,5.57
kabupaten,12,1203,15,2024,6.83,0.8
kabupaten,12,1203,16,2024,8.33,0.8
kabupaten,12,1203,17,2024,6.87,0.03
kabupaten,12,1203,1,2025,5.69,47.46
kabupaten,12,1203,2,2025,-0.1,9.86
kabupaten,12,1203,3,2025,4.1,5.96
kabupaten,12,1203,4,2025,0.97,0.07
kabupaten,12,1203,5,2025,5.14,0.09
kabupaten,12,1203,6,2025,0.68,10.41
kabupaten,12,1203,7,2025,6.29,12.09
kabupaten,12,1203,8,2025,10.83,1.77
kabupaten,12,1203,9,2025,6.07,1.53
kabupaten,12,1203,10,2025,7.87,0.85
kabupaten,12,1203,11,2025,1.82,0.82
kabupaten,12,1203,12,2025,8.26,2
kabupaten,12,1203,13,2025,10.43,0.05
kabupaten,12,1203,14,2025,0.95,5.39
kabupaten,12,1203,15,2025,3.12,0.79
kabupaten,12,1203,16,2025,7.52,0.82
kabupaten,12,1203,17,2025,4.11,0.03
kabupaten,12,1204,1,2021,0,50.64
kabupaten,12,1204,2,2021,0,9.04
kabupaten,12,1204,3,2021,0,0.19
kabupaten,12,1204,4,2021,0,0.11
kabupaten,12,1204,5,2021,0,0
kabupaten,12,1204,6,2021,0,10.54
kabupaten,12,1204,7,2021,0,8.51
kabupaten,12,1204,8,2021,0,1.39
kabupaten,12,1204,9,2021,0,1.8
kabupaten,12,1204,10,2021,0,0.26
kabupaten,12,1204,11,2021,0,1.39
kabupaten,12,1204,12,2021,0,1.88
kabupaten,12,1204,13,2021,0,0.08
kabupaten,12,1204,14,2021,0,11.85
kabupaten,12,1204,15,2021,0,1.39
kabupaten,12,1204,16,2021,0,0.75
kabupaten,12,1204,17,2021,0,0.19
kabupaten,12,1204,1,2022,3.93,51.04
kabupaten,12,1204,2,2022,3.73,9.09
kabupaten,12,1204,3,2022,20,0.22
kabupaten,12,1204,4,2022,0,0.11
kabupaten,12,1204,5,2022,0,0
kabupaten,12,1204,6,2022,0.36,10.26
kabupaten,12,1204,7,2022,4.41,8.62
kabupaten,12,1204,8,2022,2.7,1.38
kabupaten,12,1204,9,2022,2.08,1.78
kabupaten,12,1204,10,2022,14.29,0.29
kabupaten,12,1204,11,2022,2.7,1.38
kabupaten,12,1204,12,2022,0,1.82
kabupaten,12,1204,13,2022,0,0.07
kabupaten,12,1204,14,2022,0.63,11.57
kabupaten,12,1204,15,2022,5.41,1.42
kabupaten,12,1204,16,2022,5,0.76
kabupaten,12,1204,17,2022,0,0.18
kabupaten,12,1204,1,2023,3.71,51.02
kabupaten,12,1204,2,2023,5.6,9.26
kabupaten,12,1204,3,2023,0,0.21
kabupaten,12,1204,4,2023,0,0.11
kabupaten,12,1204,5,2023,0,0
kabupaten,12,1204,6,2023,2.84,10.17
kabupaten,12,1204,7,2023,5.06,8.73
kabupaten,12,1204,8,2023,5.26,1.4
kabupaten,12,1204,9,2023,4.08,1.79
kabupaten,12,1204,10,2023,0,0.28
kabupaten,12,1204,11,2023,5.26,1.4
kabupaten,12,1204,12,2023,2,1.79
kabupaten,12,1204,13,2023,0,0.07
kabupaten,12,1204,14,2023,2.83,11.47
kabupaten,12,1204,15,2023,2.56,1.4
kabupaten,12,1204,16,2023,0,0.74
kabupaten,12,1204,17,2023,0,0.18
kabupaten,12,1204,1,2024,3.02,50.57
kabupaten,12,1204,2,2024,4.92,9.35
kabupaten,12,1204,3,2024,0,0.2
kabupaten,12,1204,4,2024,0,0.1
kabupaten,12,1204,5,2024,0,0
kabupaten,12,1204,6,2024,4.48,10.22
kabupaten,12,1204,7,2024,2.81,8.64
kabupaten,12,1204,8,2024,5,1.42
kabupaten,12,1204,9,2024,1.96,1.75
kabupaten,12,1204,10,2024,12.5,0.3
kabupaten,12,1204,11,2024,2.5,1.38
kabupaten,12,1204,12,2024,1.96,1.75
kabupaten,12,1204,13,2024,0,0.07
kabupaten,12,1204,14,2024,7.65,11.88
kabupaten,12,1204,15,2024,5,1.42
kabupaten,12,1204,16,2024,4.76,0.74
kabupaten,12,1204,17,2024,20,0.2
kabupaten,12,1204,1,2025,3.74,50.57
kabupaten,12,1204,2,2025,5.05,9.46
kabupaten,12,1204,3,2025,0,0.2
kabupaten,12,1204,4,2025,0,0.1
kabupaten,12,1204,5,2025,0,0
kabupaten,12,1204,6,2025,-1.98,9.66
kabupaten,12,1204,7,2025,5.08,8.75
kabupaten,12,1204,8,2025,4.76,1.43
kabupaten,12,1204,9,2025,5.77,1.79
kabupaten,12,1204,10,2025,0,0.29
kabupaten,12,1204,11,2025,4.88,1.4
kabupaten,12,1204,12,2025,7.69,1.82
kabupaten,12,1204,13,2025,0,0.07
kabupaten,12,1204,14,2025,5.97,12.13
kabupaten,12,1204,15,2025,2.38,1.4
kabupaten,12,1204,16,2025,4.55,0.75
kabupaten,12,1204,17,2025,0,0.2
kabupaten,12,1205,1,2021,0,44.17
kabupaten,12,1205,2,2021,0,9.88
kabupaten,12,1205,3,2021,0,13.73
kabupaten,12,1205,4,2021,0,0.24
kabupaten,12,1205,5,2021,0,0.04
kabupaten,12,1205,6,2021,0,7.1
kabupaten,12,1205,7,2021,0,9.51
kabupaten,12,1205,8,2021,0,1.91
kabupaten,12,1205,9,2021,0,1.99
kabupaten,12,1205,10,2021,0,1.6
kabupaten,12,1205,11,2021,0,1.87
kabupaten,12,1205,12,2021,0,2.7
kabupaten,12,1205,13,2021,0,0.48
kabupaten,12,1205,14,2021,0,2.88
kabupaten,12,1205,15,2021,0,1.23
kabupaten,12,1205,16,2021,0,0.47
kabupaten,12,1205,17,2021,0,0.19
kabupaten,12,1205,1,2022,5.85,44.66
kabupaten,12,1205,2,2022,4.52,9.86
kabupaten,12,1205,3,2022,2.05,13.38
kabupaten,12,1205,4,2022,4.12,0.24
kabupaten,12,1205,5,2022,2.82,0.04
kabupaten,12,1205,6,2022,6.97,7.26
kabupaten,12,1205,7,2022,3.53,9.41
kabupaten,12,1205,8,2022,8.44,1.98
kabupaten,12,1205,9,2022,6.22,2.02
kabupaten,12,1205,10,2022,0.76,1.54
kabupaten,12,1205,11,2022,3.56,1.85
kabupaten,12,1205,12,2022,3.28,2.67
kabupaten,12,1205,13,2022,7.34,0.49
kabupaten,12,1205,14,2022,-0.97,2.73
kabupaten,12,1205,15,2022,3.2,1.21
kabupaten,12,1205,16,2022,4.75,0.47
kabupaten,12,1205,17,2022,6.42,0.19
kabupaten,12,1205,1,2023,4.65,44.54
kabupaten,12,1205,2,2023,5.55,9.92
kabupaten,12,1205,3,2023,2.96,13.13
kabupaten,12,1205,4,2023,3.13,0.24
kabupaten,12,1205,5,2023,-0.46,0.04
kabupaten,12,1205,6,2023,7.96,7.47
kabupaten,12,1205,7,2023,4.79,9.4
kabupaten,12,1205,8,2023,7.26,2.03
kabupaten,12,1205,9,2023,8.69,2.09
kabupaten,12,1205,10,2023,5.25,1.54
kabupaten,12,1205,11,2023,4.12,1.84
kabupaten,12,1205,12,2023,2.81,2.61
kabupaten,12,1205,13,2023,3.15,0.48
kabupaten,12,1205,14,2023,6.93,2.78
kabupaten,12,1205,15,2023,5.63,1.22
kabupaten,12,1205,16,2023,6.08,0.47
kabupaten,12,1205,17,2023,7.97,0.2
kabupaten,12,1205,1,2024,5.06,44.58
kabupaten,12,1205,2,2024,3.73,9.8
kabupaten,12,1205,3,2024,4.47,13.07
kabupaten,12,1205,4,2024,2.41,0.23
kabupaten,12,1205,5,2024,1.38,0.04
kabupaten,12,1205,6,2024,2.18,7.27
kabupaten,12,1205,7,2024,5.81,9.47
kabupaten,12,1205,8,2024,7.36,2.07
kabupaten,12,1205,9,2024,9.37,2.18
kabupaten,12,1205,10,2024,7.75,1.58
kabupaten,12,1205,11,2024,8.49,1.9
kabupaten,12,1205,12,2024,2.03,2.54
kabupaten,12,1205,13,2024,4.31,0.48
kabupaten,12,1205,14,2024,8.18,2.86
kabupaten,12,1205,15,2024,6.45,1.24
kabupaten,12,1205,16,2024,8.2,0.49
kabupaten,12,1205,17,2024,8.05,0.2
kabupaten,12,1205,1,2025,4.86,44.9
kabupaten,12,1205,2,2025,1.31,9.54
kabupaten,12,1205,3,2025,4.7,13.14
kabupaten,12,1205,4,2025,5.19,0.23
kabupaten,12,1205,5,2025,3.17,0.04
kabupaten,12,1205,6,2025,-0.02,6.98
kabupaten,12,1205,7,2025,5.58,9.61
kabupaten,12,1205,8,2025,8.91,2.17
kabupaten,12,1205,9,2025,2.2,2.14
kabupaten,12,1205,10,2025,5.12,1.6
kabupaten,12,1205,11,2025,4.36,1.9
kabupaten,12,1205,12,2025,6.96,2.61
kabupaten,12,1205,13,2025,2.91,0.48
kabupaten,12,1205,14,2025,-1.84,2.7
kabupaten,12,1205,15,2025,6.14,1.26
kabupaten,12,1205,16,2025,8.42,0.51
kabupaten,12,1205,17,2025,0.95,0.2
kabupaten,12,1206,1,2021,0,55.59
kabupaten,12,1206,2,2021,0,0.23
kabupaten,12,1206,3,2021,0,3.3
kabupaten,12,1206,4,2021,0,0.1
kabupaten,12,1206,5,2021,0,0.08
kabupaten,12,1206,6,2021,0,6.59
kabupaten,12,1206,7,2021,0,10.42
kabupaten,12,1206,8,2021,0,4.49
kabupaten,12,1206,9,2021,0,2.57
kabupaten,12,1206,10,2021,0,1.09
kabupaten,12,1206,11,2021,0,1.34
kabupaten,12,1206,12,2021,0,3.22
kabupaten,12,1206,13,2021,0,0.19
kabupaten,12,1206,14,2021,0,5.6
kabupaten,12,1206,15,2021,0,2.65
kabupaten,12,1206,16,2021,0,1.23
kabupaten,12,1206,17,2021,0,1.32
kabupaten,12,1206,1,2022,3.89,55.42
kabupaten,12,1206,2,2022,4.9,0.23
kabupaten,12,1206,3,2022,5.44,3.34
kabupaten,12,1206,4,2022,4.11,0.1
kabupaten,12,1206,5,2022,2.2,0.08
kabupaten,12,1206,6,2022,2.89,6.5
kabupaten,12,1206,7,2022,5.57,10.56
kabupaten,12,1206,8,2022,8.7,4.68
kabupaten,12,1206,9,2022,5.76,2.61
kabupaten,12,1206,10,2022,6.45,1.11
kabupaten,12,1206,11,2022,4.28,1.34
kabupaten,12,1206,12,2022,4.46,3.23
kabupaten,12,1206,13,2022,4.42,0.19
kabupaten,12,1206,14,2022,0.33,5.39
kabupaten,12,1206,15,2022,4.78,2.66
kabupaten,12,1206,16,2022,4.46,1.23
kabupaten,12,1206,17,2022,5.35,1.33
kabupaten,12,1206,1,2023,4.11,54.91
kabupaten,12,1206,2,2023,5.3,0.23
kabupaten,12,1206,3,2023,4.24,3.31
kabupaten,12,1206,4,2023,3.74,0.1
kabupaten,12,1206,5,2023,2.8,0.08
kabupaten,12,1206,6,2023,6.35,6.58
kabupaten,12,1206,7,2023,7.56,10.81
kabupaten,12,1206,8,2023,11.49,4.97
kabupaten,12,1206,9,2023,5.55,2.62
kabupaten,12,1206,10,2023,7.59,1.14
kabupaten,12,1206,11,2023,5.88,1.35
kabupaten,12,1206,12,2023,5.11,3.23
kabupaten,12,1206,13,2023,5.32,0.19
kabupaten,12,1206,14,2023,0.35,5.15
kabupaten,12,1206,15,2023,7.53,2.73
kabupaten,12,1206,16,2023,7.98,1.27
kabupaten,12,1206,17,2023,5.73,1.34
kabupaten,12,1206,1,2024,2.54,54.02
kabupaten,12,1206,2,2024,6.09,0.23
kabupaten,12,1206,3,2024,3.08,3.27
kabupaten,12,1206,4,2024,2.64,0.1
kabupaten,12,1206,5,2024,2.95,0.08
kabupaten,12,1206,6,2024,7.21,6.77
kabupaten,12,1206,7,2024,5.09,10.9
kabupaten,12,1206,8,2024,8.92,5.19
kabupaten,12,1206,9,2024,9.72,2.76
kabupaten,12,1206,10,2024,8.43,1.18
kabupaten,12,1206,11,2024,5.77,1.37
kabupaten,12,1206,12,2024,5.21,3.26
kabupaten,12,1206,13,2024,6.35,0.19
kabupaten,12,1206,14,2024,6.62,5.26
kabupaten,12,1206,15,2024,7.21,2.8
kabupaten,12,1206,16,2024,2,1.24
kabupaten,12,1206,17,2024,5.17,1.35
kabupaten,12,1206,1,2025,3.1,53.44
kabupaten,12,1206,2,2025,-0.56,0.22
kabupaten,12,1206,3,2025,2.91,3.23
kabupaten,12,1206,4,2025,1.26,0.09
kabupaten,12,1206,5,2025,6.87,0.08
kabupaten,12,1206,6,2025,0.01,6.5
kabupaten,12,1206,7,2025,8.82,11.38
kabupaten,12,1206,8,2025,15.72,5.77
kabupaten,12,1206,9,2025,4.28,2.76
kabupaten,12,1206,10,2025,8.94,1.24
kabupaten,12,1206,11,2025,2.82,1.35
kabupaten,12,1206,12,2025,4.73,3.27
kabupaten,12,1206,13,2025,6.34,0.2
kabupaten,12,1206,14,2025,-1.29,4.98
kabupaten,12,1206,15,2025,6.67,2.87
kabupaten,12,1206,16,2025,7.22,1.28
kabupaten,12,1206,17,2025,2.92,1.34
kabupaten,12,1207,1,2021,0,12.25
kabupaten,12,1207,2,2021,0,0.83
kabupaten,12,1207,3,2021,0,30.89
kabupaten,12,1207,4,2021,0,0.17
kabupaten,12,1207,5,2021,0,0.05
kabupaten,12,1207,6,2021,0,15.55
kabupaten,12,1207,7,2021,0,17.56
kabupaten,12,1207,8,2021,0,6.74
kabupaten,12,1207,9,2021,0,2.6
kabupaten,12,1207,10,2021,0,1.83
kabupaten,12,1207,11,2021,0,2.68
kabupaten,12,1207,12,2021,0,3.57
kabupaten,12,1207,13,2021,0,0.45
kabupaten,12,1207,14,2021,0,1.8
kabupaten,12,1207,15,2021,0,1.83
kabupaten,12,1207,16,2021,0,0.95
kabupaten,12,1207,17,2021,0,0.27
kabupaten,12,1207,1,2022,5.1,12.3
kabupaten,12,1207,2,2022,4.79,0.83
kabupaten,12,1207,3,2022,1.01,29.8
kabupaten,12,1207,4,2022,4.63,0.17
kabupaten,12,1207,5,2022,0.92,0.05
kabupaten,12,1207,6,2022,2.61,15.24
kabupaten,12,1207,7,2022,7.63,18.05
kabupaten,12,1207,8,2022,17.13,7.54
kabupaten,12,1207,9,2022,9.18,2.71
kabupaten,12,1207,10,2022,8.73,1.9
kabupaten,12,1207,11,2022,4.8,2.68
kabupaten,12,1207,12,2022,3.5,3.53
kabupaten,12,1207,13,2022,7.11,0.46
kabupaten,12,1207,14,2022,-0.26,1.72
kabupaten,12,1207,15,2022,3.59,1.81
kabupaten,12,1207,16,2022,5.92,0.96
kabupaten,12,1207,17,2022,6.76,0.27
kabupaten,12,1207,1,2023,2.29,11.94
kabupaten,12,1207,2,2023,3.42,0.81
kabupaten,12,1207,3,2023,2,28.86
kabupaten,12,1207,4,2023,2.22,0.16
kabupaten,12,1207,5,2023,1.51,0.04
kabupaten,12,1207,6,2023,5.92,15.32
kabupaten,12,1207,7,2023,4.8,17.96
kabupaten,12,1207,8,2023,24.11,8.88
kabupaten,12,1207,9,2023,9.16,2.81
kabupaten,12,1207,10,2023,6.69,1.93
kabupaten,12,1207,11,2023,4.78,2.66
kabupaten,12,1207,12,2023,2.55,3.43
kabupaten,12,1207,13,2023,5.72,0.46
kabupaten,12,1207,14,2023,1.5,1.65
kabupaten,12,1207,15,2023,6.44,1.83
kabupaten,12,1207,16,2023,6.46,0.97
kabupaten,12,1207,17,2023,6.94,0.28
kabupaten,12,1207,1,2024,4.18,11.81
kabupaten,12,1207,2,2024,5,0.81
kabupaten,12,1207,3,2024,3.75,28.42
kabupaten,12,1207,4,2024,1.68,0.16
kabupaten,12,1207,5,2024,1.85,0.04
kabupaten,12,1207,6,2024,7.51,15.64
kabupaten,12,1207,7,2024,6.21,18.1
kabupaten,12,1207,8,2024,3.45,8.72
kabupaten,12,1207,9,2024,15.06,3.07
kabupaten,12,1207,10,2024,7.9,1.97
kabupaten,12,1207,11,2024,3.47,2.62
kabupaten,12,1207,12,2024,2.12,3.33
kabupaten,12,1207,13,2024,5.77,0.47
kabupaten,12,1207,14,2024,11.95,1.76
kabupaten,12,1207,15,2024,5.5,1.83
kabupaten,12,1207,16,2024,7.62,0.99
kabupaten,12,1207,17,2024,7.53,0.28
kabupaten,12,1207,1,2025,2.14,11.54
kabupaten,12,1207,2,2025,2.5,0.79
kabupaten,12,1207,3,2025,4.76,28.47
kabupaten,12,1207,4,2025,1.1,0.15
kabupaten,12,1207,5,2025,4.91,0.04
kabupaten,12,1207,6,2025,-0.01,14.95
kabupaten,12,1207,7,2025,7.54,18.62
kabupaten,12,1207,8,2025,7.7,8.99
kabupaten,12,1207,9,2025,6.32,3.12
kabupaten,12,1207,10,2025,6.58,2.01
kabupaten,12,1207,11,2025,3.08,2.58
kabupaten,12,1207,12,2025,9.08,3.47
kabupaten,12,1207,13,2025,9.27,0.49
kabupaten,12,1207,14,2025,-1.91,1.65
kabupaten,12,1207,15,2025,5.99,1.86
kabupaten,12,1207,16,2025,5.71,1
kabupaten,12,1207,17,2025,1.36,0.27
kabupaten,12,1208,1,2021,0,58.16
kabupaten,12,1208,2,2021,0,0.22
kabupaten,12,1208,3,2021,0,9.74
kabupaten,12,1208,4,2021,0,0.08
kabupaten,12,1208,5,2021,0,0.08
kabupaten,12,1208,6,2021,0,8.41
kabupaten,12,1208,7,2021,0,13.26
kabupaten,12,1208,8,2021,0,1.52
kabupaten,12,1208,9,2021,0,0.79
kabupaten,12,1208,10,2021,0,0.72
kabupaten,12,1208,11,2021,0,0.91
kabupaten,12,1208,12,2021,0,0.85
kabupaten,12,1208,13,2021,0,0.08
kabupaten,12,1208,14,2021,0,3.71
kabupaten,12,1208,15,2021,0,1
kabupaten,12,1208,16,2021,0,0.36
kabupaten,12,1208,17,2021,0,0.1
kabupaten,12,1208,1,2022,5.74,58.75
kabupaten,12,1208,2,2022,4.69,0.22
kabupaten,12,1208,3,2022,2.01,9.49
kabupaten,12,1208,4,2022,4.17,0.08
kabupaten,12,1208,5,2022,4.35,0.08
kabupaten,12,1208,6,2022,1.7,8.17
kabupaten,12,1208,7,2022,5.21,13.32
kabupaten,12,1208,8,2022,7.34,1.56
kabupaten,12,1208,9,2022,5.78,0.79
kabupaten,12,1208,10,2022,5.8,0.73
kabupaten,12,1208,11,2022,3.82,0.91
kabupaten,12,1208,12,2022,3.29,0.84
kabupaten,12,1208,13,2022,9.09,0.08
kabupaten,12,1208,14,2022,-0.75,3.52
kabupaten,12,1208,15,2022,4.53,1
kabupaten,12,1208,16,2022,2.94,0.35
kabupaten,12,1208,17,2022,7.14,0.1
kabupaten,12,1208,1,2023,5.06,58.74
kabupaten,12,1208,2,2023,4.48,0.22
kabupaten,12,1208,3,2023,3.09,9.31
kabupaten,12,1208,4,2023,4,0.08
kabupaten,12,1208,5,2023,0,0.08
kabupaten,12,1208,6,2023,5.27,8.18
kabupaten,12,1208,7,2023,6.86,13.55
kabupaten,12,1208,8,2023,10.26,1.64
kabupaten,12,1208,9,2023,10.08,0.83
kabupaten,12,1208,10,2023,7.76,0.75
kabupaten,12,1208,11,2023,5.15,0.91
kabupaten,12,1208,12,2023,2.39,0.82
kabupaten,12,1208,13,2023,4.17,0.08
kabupaten,12,1208,14,2023,0.09,3.35
kabupaten,12,1208,15,2023,4.67,1
kabupaten,12,1208,16,2023,7.62,0.36
kabupaten,12,1208,17,2023,6.67,0.1
kabupaten,12,1208,1,2024,5.22,58.92
kabupaten,12,1208,2,2024,4.29,0.22
kabupaten,12,1208,3,2024,2.39,9.09
kabupaten,12,1208,4,2024,3.85,0.08
kabupaten,12,1208,5,2024,4.17,0.08
kabupaten,12,1208,6,2024,0.23,7.82
kabupaten,12,1208,7,2024,6.3,13.73
kabupaten,12,1208,8,2024,11.05,1.73
kabupaten,12,1208,9,2024,12.21,0.89
kabupaten,12,1208,10,2024,8.47,0.77
kabupaten,12,1208,11,2024,4.2,0.9
kabupaten,12,1208,12,2024,5.45,0.82
kabupaten,12,1208,13,2024,4,0.08
kabupaten,12,1208,14,2024,5.49,3.37
kabupaten,12,1208,15,2024,6.05,1.01
kabupaten,12,1208,16,2024,8.85,0.37
kabupaten,12,1208,17,2024,9.38,0.11
kabupaten,12,1208,1,2025,4.09,58.57
kabupaten,12,1208,2,2025,2.74,0.22
kabupaten,12,1208,3,2025,8.02,9.38
kabupaten,12,1208,4,2025,3.7,0.08
kabupaten,12,1208,5,2025,4,0.08
kabupaten,12,1208,6,2025,4.68,7.82
kabupaten,12,1208,7,2025,6.1,13.91
kabupaten,12,1208,8,2025,8.2,1.79
kabupaten,12,1208,9,2025,4.08,0.88
kabupaten,12,1208,10,2025,5.86,0.78
kabupaten,12,1208,11,2025,1.34,0.87
kabupaten,12,1208,12,2025,8.12,0.85
kabupaten,12,1208,13,2025,3.85,0.08
kabupaten,12,1208,14,2025,-0.27,3.21
kabupaten,12,1208,15,2025,5.11,1.01
kabupaten,12,1208,16,2025,5.69,0.38
kabupaten,12,1208,17,2025,0,0.1
kabupaten,12,1209,1,2022,0,44.96
kabupaten,12,1209,2,2022,0,0.2
kabupaten,12,1209,3,2022,0,19.67
kabupaten,12,1209,4,2022,0,0.1
kabupaten,12,1209,5,2022,0,0.06
kabupaten,12,1209,6,2022,0,5.77
kabupaten,12,1209,7,2022,0,16.95
kabupaten,12,1209,8,2022,0,3.32
kabupaten,12,1209,9,2022,0,0.78
kabupaten,12,1209,10,2022,0,0.58
kabupaten,12,1209,11,2022,0,1.33
kabupaten,12,1209,12,2022,0,1.57
kabupaten,12,1209,13,2022,0,0.04
kabupaten,12,1209,14,2022,0,2.75
kabupaten,12,1209,15,2022,0,0.83
kabupaten,12,1209,16,2022,0,0.57
kabupaten,12,1209,17,2022,0,0.53
kabupaten,12,1209,1,2023,4.44,44.77
kabupaten,12,1209,2,2023,3.41,0.19
kabupaten,12,1209,3,2023,3.54,19.42
kabupaten,12,1209,4,2023,2.01,0.1
kabupaten,12,1209,5,2023,0,0.05
kabupaten,12,1209,6,2023,6.49,5.86
kabupaten,12,1209,7,2023,5.99,17.13
kabupaten,12,1209,8,2023,11.19,3.52
kabupaten,12,1209,9,2023,8.54,0.8
kabupaten,12,1209,10,2023,5.89,0.59
kabupaten,12,1209,11,2023,5.29,1.34
kabupaten,12,1209,12,2023,3.6,1.55
kabupaten,12,1209,13,2023,5.01,0.04
kabupaten,12,1209,14,2023,1.77,2.67
kabupaten,12,1209,15,2023,6.61,0.84
kabupaten,12,1209,16,2023,5.43,0.57
kabupaten,12,1209,17,2023,8.53,0.55
kabupaten,12,1209,1,2024,5.53,45.14
kabupaten,12,1209,2,2024,1.83,0.19
kabupaten,12,1209,3,2024,3.39,19.19
kabupaten,12,1209,4,2024,3.16,0.09
kabupaten,12,1209,5,2024,1.64,0.05
kabupaten,12,1209,6,2024,1.19,5.66
kabupaten,12,1209,7,2024,4.31,17.08
kabupaten,12,1209,8,2024,7.81,3.62
kabupaten,12,1209,9,2024,7.99,0.83
kabupaten,12,1209,10,2024,5.1,0.59
kabupaten,12,1209,11,2024,3.33,1.32
kabupaten,12,1209,12,2024,3.59,1.53
kabupaten,12,1209,13,2024,3.45,0.04
kabupaten,12,1209,14,2024,4.98,2.68
kabupaten,12,1209,15,2024,6.44,0.86
kabupaten,12,1209,16,2024,6.17,0.58
kabupaten,12,1209,17,2024,6.14,0.56
kabupaten,12,1209,1,2025,4.62,45.15
kabupaten,12,1209,2,2025,1.78,0.18
kabupaten,12,1209,3,2025,4.05,19.08
kabupaten,12,1209,4,2025,0.61,0.09
kabupaten,12,1209,5,2025,0.12,0.05
kabupaten,12,1209,6,2025,0.11,5.42
kabupaten,12,1209,7,2025,5.95,17.3
kabupaten,12,1209,8,2025,10.61,3.83
kabupaten,12,1209,9,2025,7.39,0.85
kabupaten,12,1209,10,2025,5.18,0.59
kabupaten,12,1209,11,2025,3.47,1.31
kabupaten,12,1209,12,2025,2.96,1.51
kabupaten,12,1209,13,2025,5.81,0.04
kabupaten,12,1209,14,2025,2.31,2.62
kabupaten,12,1209,15,2025,5.96,0.87
kabupaten,12,1209,16,2025,2.01,0.57
kabupaten,12,1209,17,2025,4,0.56
kabupaten,12,1210,1,2021,0,30.82
kabupaten,12,1210,2,2021,0,0.74
kabupaten,12,1210,3,2021,0,31.79
kabupaten,12,1210,4,2021,0,0.08
kabupaten,12,1210,5,2021,0,0.03
kabupaten,12,1210,6,2021,0,7.62
kabupaten,12,1210,7,2021,0,16.35
kabupaten,12,1210,8,2021,0,1.68
kabupaten,12,1210,9,2021,0,1.33
kabupaten,12,1210,10,2021,0,0.93
kabupaten,12,1210,11,2021,0,1.13
kabupaten,12,1210,12,2021,0,2.35
kabupaten,12,1210,13,2021,0,0.15
kabupaten,12,1210,14,2021,0,2.67
kabupaten,12,1210,15,2021,0,1.83
kabupaten,12,1210,16,2021,0,0.4
kabupaten,12,1210,17,2021,0,0.09
kabupaten,12,1210,1,2022,7.31,31.55
kabupaten,12,1210,2,2022,6.04,0.75
kabupaten,12,1210,3,2022,3.31,31.34
kabupaten,12,1210,4,2022,5.83,0.08
kabupaten,12,1210,5,2022,5.69,0.03
kabupaten,12,1210,6,2022,0.6,7.32
kabupaten,12,1210,7,2022,5.07,16.39
kabupaten,12,1210,8,2022,8.66,1.74
kabupaten,12,1210,9,2022,7.59,1.36
kabupaten,12,1210,10,2022,6.88,0.95
kabupaten,12,1210,11,2022,3.65,1.12
kabupaten,12,1210,12,2022,5.21,2.36
kabupaten,12,1210,13,2022,4.98,0.15
kabupaten,12,1210,14,2022,-0.09,2.54
kabupaten,12,1210,15,2022,3.91,1.81
kabupaten,12,1210,16,2022,2.7,0.4
kabupaten,12,1210,17,2022,7.04,0.1
kabupaten,12,1210,1,2023,4.7,31.45
kabupaten,12,1210,2,2023,3.29,0.74
kabupaten,12,1210,3,2023,4.54,31.19
kabupaten,12,1210,4,2023,3.61,0.08
kabupaten,12,1210,5,2023,6.67,0.03
kabupaten,12,1210,6,2023,6.21,7.4
kabupaten,12,1210,7,2023,6.85,16.68
kabupaten,12,1210,8,2023,5.7,1.76
kabupaten,12,1210,9,2023,5.48,1.37
kabupaten,12,1210,10,2023,4.07,0.94
kabupaten,12,1210,11,2023,3.89,1.11
kabupaten,12,1210,12,2023,3.08,2.31
kabupaten,12,1210,13,2023,3.85,0.15
kabupaten,12,1210,14,2023,3.89,2.52
kabupaten,12,1210,15,2023,3.42,1.79
kabupaten,12,1210,16,2023,4.85,0.39
kabupaten,12,1210,17,2023,5.34,0.1
kabupaten,12,1210,1,2024,4.27,31.22
kabupaten,12,1210,2,2024,4.02,0.73
kabupaten,12,1210,3,2024,2.99,30.57
kabupaten,12,1210,4,2024,4.55,0.08
kabupaten,12,1210,5,2024,3.29,0.03
kabupaten,12,1210,6,2024,6.11,7.47
kabupaten,12,1210,7,2024,9.03,17.31
kabupaten,12,1210,8,2024,4.05,1.74
kabupaten,12,1210,9,2024,5.41,1.37
kabupaten,12,1210,10,2024,4.52,0.94
kabupaten,12,1210,11,2024,3.24,1.09
kabupaten,12,1210,12,2024,6.36,2.34
kabupaten,12,1210,13,2024,3.65,0.15
kabupaten,12,1210,14,2024,9.43,2.62
kabupaten,12,1210,15,2024,8.49,1.85
kabupaten,12,1210,16,2024,6.22,0.4
kabupaten,12,1210,17,2024,6.6,0.1
kabupaten,12,1210,1,2025,2.4,30.69
kabupaten,12,1210,2,2025,3.86,0.73
kabupaten,12,1210,3,2025,4.97,30.81
kabupaten,12,1210,4,2025,4.9,0.08
kabupaten,12,1210,5,2025,-70.28,0.01
kabupaten,12,1210,6,2025,-0.04,7.17
kabupaten,12,1210,7,2025,7.32,17.83
kabupaten,12,1210,8,2025,9.78,1.83
kabupaten,12,1210,9,2025,8.07,1.42
kabupaten,12,1210,10,2025,7.69,0.97
kabupaten,12,1210,11,2025,5.3,1.1
kabupaten,12,1210,12,2025,11.02,2.49
kabupaten,12,1210,13,2025,6.02,0.15
kabupaten,12,1210,14,2025,-6.93,2.34
kabupaten,12,1210,15,2025,4.65,1.85
kabupaten,12,1210,16,2025,6.12,0.41
kabupaten,12,1210,17,2025,5.97,0.1
kabupaten,12,1211,1,2021,0,45.16
kabupaten,12,1211,2,2021,0,0.06
kabupaten,12,1211,3,2021,0,0.33
kabupaten,12,1211,4,2021,0,0.09
kabupaten,12,1211,5,2021,0,0.09
kabupaten,12,1211,6,2021,0,12.63
kabupaten,12,1211,7,2021,0,17.27
kabupaten,12,1211,8,2021,0,3.68
kabupaten,12,1211,9,2021,0,2.81
kabupaten,12,1211,10,2021,0,1.29
kabupaten,12,1211,11,2021,0,2.07
kabupaten,12,1211,12,2021,0,2.71
kabupaten,12,1211,13,2021,0,0.06
kabupaten,12,1211,14,2021,0,9.11
kabupaten,12,1211,15,2021,0,2
kabupaten,12,1211,16,2021,0,0.61
kabupaten,12,1211,17,2021,0,0.02
kabupaten,12,1211,1,2022,4.51,45.29
kabupaten,12,1211,2,2022,2.58,0.06
kabupaten,12,1211,3,2022,1.74,0.32
kabupaten,12,1211,4,2022,4.94,0.1
kabupaten,12,1211,5,2022,1.18,0.09
kabupaten,12,1211,6,2022,0.88,12.23
kabupaten,12,1211,7,2022,6.67,17.67
kabupaten,12,1211,8,2022,8.03,3.82
kabupaten,12,1211,9,2022,5.82,2.85
kabupaten,12,1211,10,2022,7.6,1.33
kabupaten,12,1211,11,2022,2.79,2.04
kabupaten,12,1211,12,2022,3.41,2.69
kabupaten,12,1211,13,2022,1.26,0.06
kabupaten,12,1211,14,2022,0.67,8.8
kabupaten,12,1211,15,2022,5.13,2.01
kabupaten,12,1211,16,2022,4.31,0.61
kabupaten,12,1211,17,2022,0.77,0.02
kabupaten,12,1211,1,2023,4.69,45.14
kabupaten,12,1211,2,2023,3.88,0.06
kabupaten,12,1211,3,2023,3.69,0.32
kabupaten,12,1211,4,2023,2.73,0.09
kabupaten,12,1211,5,2023,2.66,0.09
kabupaten,12,1211,6,2023,5.05,12.23
kabupaten,12,1211,7,2023,5.96,17.83
kabupaten,12,1211,8,2023,9.91,3.99
kabupaten,12,1211,9,2023,8.14,2.94
kabupaten,12,1211,10,2023,6,1.35
kabupaten,12,1211,11,2023,4.33,2.03
kabupaten,12,1211,12,2023,2.58,2.62
kabupaten,12,1211,13,2023,4.73,0.06
kabupaten,12,1211,14,2023,2.32,8.58
kabupaten,12,1211,15,2023,6.47,2.04
kabupaten,12,1211,16,2023,6.41,0.62
kabupaten,12,1211,17,2023,6.11,0.02
kabupaten,12,1211,1,2024,4.29,44.85
kabupaten,12,1211,2,2024,6.15,0.06
kabupaten,12,1211,3,2024,5.86,0.32
kabupaten,12,1211,4,2024,3.55,0.09
kabupaten,12,1211,5,2024,2.75,0.08
kabupaten,12,1211,6,2024,5.61,12.3
kabupaten,12,1211,7,2024,6.24,18.05
kabupaten,12,1211,8,2024,4.96,3.99
kabupaten,12,1211,9,2024,3.16,2.89
kabupaten,12,1211,10,2024,3.43,1.33
kabupaten,12,1211,11,2024,3.77,2.01
kabupaten,12,1211,12,2024,4.36,2.61
kabupaten,12,1211,13,2024,4.51,0.06
kabupaten,12,1211,14,2024,6.16,8.67
kabupaten,12,1211,15,2024,5.96,2.06
kabupaten,12,1211,16,2024,3.68,0.61
kabupaten,12,1211,17,2024,4.32,0.02
kabupaten,12,1211,1,2025,3.72,44.49
kabupaten,12,1211,2,2025,3.52,0.06
kabupaten,12,1211,3,2025,6.6,0.33
kabupaten,12,1211,4,2025,-0.14,0.09
kabupaten,12,1211,5,2025,10.24,0.09
kabupaten,12,1211,6,2025,0.02,11.77
kabupaten,12,1211,7,2025,10.45,19.06
kabupaten,12,1211,8,2025,8.94,4.16
kabupaten,12,1211,9,2025,7.55,2.97
kabupaten,12,1211,10,2025,2.78,1.3
kabupaten,12,1211,11,2025,3.11,1.98
kabupaten,12,1211,12,2025,4.97,2.62
kabupaten,12,1211,13,2025,13.64,0.06
kabupaten,12,1211,14,2025,0.01,8.3
kabupaten,12,1211,15,2025,4.98,2.07
kabupaten,12,1211,16,2025,7.6,0.63
kabupaten,12,1211,17,2025,37.93,0.03
kabupaten,12,1212,1,2021,0,32.46
kabupaten,12,1212,2,2021,0,0.3
kabupaten,12,1212,3,2021,0,10.53
kabupaten,12,1212,4,2021,0,0.09
kabupaten,12,1212,5,2021,0,0.05
kabupaten,12,1212,6,2021,0,13.5
kabupaten,12,1212,7,2021,0,16.89
kabupaten,12,1212,8,2021,0,2.93
kabupaten,12,1212,9,2021,0,2.91
kabupaten,12,1212,10,2021,0,1.61
kabupaten,12,1212,11,2021,0,1.76
kabupaten,12,1212,12,2021,0,2.93
kabupaten,12,1212,13,2021,0,0.83
kabupaten,12,1212,14,2021,0,9.27
kabupaten,12,1212,15,2021,0,2.97
kabupaten,12,1212,16,2021,0,0.83
kabupaten,12,1212,17,2021,0,0.15
kabupaten,12,1212,1,2022,3.22,32.14
kabupaten,12,1212,2,2022,4.89,0.3
kabupaten,12,1212,3,2022,5.64,10.67
kabupaten,12,1212,4,2022,5.31,0.09
kabupaten,12,1212,5,2022,5.42,0.05
kabupaten,12,1212,6,2022,6.01,13.73
kabupaten,12,1212,7,2022,6.09,17.19
kabupaten,12,1212,8,2022,5.6,2.96
kabupaten,12,1212,9,2022,3.66,2.9
kabupaten,12,1212,10,2022,6.29,1.64
kabupaten,12,1212,11,2022,3.48,1.75
kabupaten,12,1212,12,2022,3.09,2.9
kabupaten,12,1212,13,2022,4.24,0.83
kabupaten,12,1212,14,2022,0.47,8.93
kabupaten,12,1212,15,2022,3.66,2.95
kabupaten,12,1212,16,2022,2,0.81
kabupaten,12,1212,17,2022,4.5,0.15
kabupaten,12,1212,1,2023,2.14,31.28
kabupaten,12,1212,2,2023,6.96,0.31
kabupaten,12,1212,3,2023,5.07,10.69
kabupaten,12,1212,4,2023,8.41,0.09
kabupaten,12,1212,5,2023,8.56,0.05
kabupaten,12,1212,6,2023,8.86,14.24
kabupaten,12,1212,7,2023,8.01,17.69
kabupaten,12,1212,8,2023,8.76,3.07
kabupaten,12,1212,9,2023,7.66,2.97
kabupaten,12,1212,10,2023,8.17,1.69
kabupaten,12,1212,11,2023,5.51,1.76
kabupaten,12,1212,12,2023,5.07,2.9
kabupaten,12,1212,13,2023,5.87,0.83
kabupaten,12,1212,14,2023,0.51,8.56
kabupaten,12,1212,15,2023,3.18,2.9
kabupaten,12,1212,16,2023,3.05,0.8
kabupaten,12,1212,17,2023,6.19,0.16
kabupaten,12,1212,1,2024,2.65,30.63
kabupaten,12,1212,2,2024,4.41,0.31
kabupaten,12,1212,3,2024,8.04,11.01
kabupaten,12,1212,4,2024,6.9,0.1
kabupaten,12,1212,5,2024,5.99,0.05
kabupaten,12,1212,6,2024,5.62,14.35
kabupaten,12,1212,7,2024,5.84,17.86
kabupaten,12,1212,8,2024,5.13,3.08
kabupaten,12,1212,9,2024,4.5,2.96
kabupaten,12,1212,10,2024,6.96,1.73
kabupaten,12,1212,11,2024,4.18,1.75
kabupaten,12,1212,12,2024,4.23,2.88
kabupaten,12,1212,13,2024,3.94,0.83
kabupaten,12,1212,14,2024,5.9,8.64
kabupaten,12,1212,15,2024,3.72,2.87
kabupaten,12,1212,16,2024,5.27,0.8
kabupaten,12,1212,17,2024,3.02,0.15
kabupaten,12,1212,1,2025,4.41,30.72
kabupaten,12,1212,2,2025,4.27,0.31
kabupaten,12,1212,3,2025,-2.06,10.36
kabupaten,12,1212,4,2025,3.23,0.09
kabupaten,12,1212,5,2025,4.46,0.05
kabupaten,12,1212,6,2025,-0.02,13.78
kabupaten,12,1212,7,2025,10.91,19.03
kabupaten,12,1212,8,2025,5.52,3.12
kabupaten,12,1212,9,2025,9.81,3.12
kabupaten,12,1212,10,2025,6.59,1.77
kabupaten,12,1212,11,2025,5.27,1.77
kabupaten,12,1212,12,2025,5.48,2.92
kabupaten,12,1212,13,2025,3.82,0.83
kabupaten,12,1212,14,2025,-0.02,8.3
kabupaten,12,1212,15,2025,3.63,2.86
kabupaten,12,1212,16,2025,5.51,0.81
kabupaten,12,1212,17,2025,4.04,0.15
kabupaten,12,1213,1,2021,0,49.66
kabupaten,12,1213,2,2021,0,0.76
kabupaten,12,1213,3,2021,0,10.18
kabupaten,12,1213,4,2021,0,0.09
kabupaten,12,1213,5,2021,0,0.02
kabupaten,12,1213,6,2021,0,11.56
kabupaten,12,1213,7,2021,0,12.08
kabupaten,12,1213,8,2021,0,1.72
kabupaten,12,1213,9,2021,0,0.72
kabupaten,12,1213,10,2021,0,0.89
kabupaten,12,1213,11,2021,0,1.54
kabupaten,12,1213,12,2021,0,2.1
kabupaten,12,1213,13,2021,0,0.1
kabupaten,12,1213,14,2021,0,6.44
kabupaten,12,1213,15,2021,0,1.26
kabupaten,12,1213,16,2021,0,0.84
kabupaten,12,1213,17,2021,0,0.03
kabupaten,12,1213,1,2022,5.7,50.31
kabupaten,12,1213,2,2022,4.11,0.76
kabupaten,12,1213,3,2022,3.49,10.1
kabupaten,12,1213,4,2022,3.73,0.09
kabupaten,12,1213,5,2022,3.66,0.02
kabupaten,12,1213,6,2022,1.42,11.24
kabupaten,12,1213,7,2022,4.15,12.06
kabupaten,12,1213,8,2022,7.29,1.76
kabupaten,12,1213,9,2022,6.68,0.74
kabupaten,12,1213,10,2022,6.46,0.9
kabupaten,12,1213,11,2022,5.05,1.55
kabupaten,12,1213,12,2022,3.66,2.09
kabupaten,12,1213,13,2022,5.32,0.1
kabupaten,12,1213,14,2022,-0.09,6.17
kabupaten,12,1213,15,2022,4.03,1.26
kabupaten,12,1213,16,2022,2.17,0.82
kabupaten,12,1213,17,2022,6.62,0.03
kabupaten,12,1213,1,2023,4.45,50.08
kabupaten,12,1213,2,2023,7.14,0.77
kabupaten,12,1213,3,2023,5.1,10.11
kabupaten,12,1213,4,2023,2.29,0.09
kabupaten,12,1213,5,2023,5.05,0.02
kabupaten,12,1213,6,2023,5.7,11.32
kabupaten,12,1213,7,2023,5.88,12.17
kabupaten,12,1213,8,2023,7.26,1.8
kabupaten,12,1213,9,2023,10.04,0.77
kabupaten,12,1213,10,2023,6.61,0.92
kabupaten,12,1213,11,2023,1.69,1.5
kabupaten,12,1213,12,2023,3.34,2.06
kabupaten,12,1213,13,2023,4.04,0.1
kabupaten,12,1213,14,2023,4.28,6.13
kabupaten,12,1213,15,2023,6.88,1.28
kabupaten,12,1213,16,2023,6.25,0.84
kabupaten,12,1213,17,2023,6.8,0.03
kabupaten,12,1213,1,2024,3.91,49.64
kabupaten,12,1213,2,2024,6.58,0.79
kabupaten,12,1213,3,2024,5.04,10.14
kabupaten,12,1213,4,2024,5.86,0.09
kabupaten,12,1213,5,2024,3.37,0.02
kabupaten,12,1213,6,2024,4.76,11.31
kabupaten,12,1213,7,2024,7.31,12.46
kabupaten,12,1213,8,2024,6.52,1.83
kabupaten,12,1213,9,2024,8.98,0.8
kabupaten,12,1213,10,2024,6.19,0.93
kabupaten,12,1213,11,2024,-3.55,1.38
kabupaten,12,1213,12,2024,5.11,2.06
kabupaten,12,1213,13,2024,5.73,0.1
kabupaten,12,1213,14,2024,7.59,6.29
kabupaten,12,1213,15,2024,5.01,1.29
kabupaten,12,1213,16,2024,5.17,0.84
kabupaten,12,1213,17,2024,8.59,0.04
kabupaten,12,1213,1,2025,4.47,49.68
kabupaten,12,1213,2,2025,5.22,0.79
kabupaten,12,1213,3,2025,4.1,10.11
kabupaten,12,1213,4,2025,164.75,0.23
kabupaten,12,1213,5,2025,-0.47,0.02
kabupaten,12,1213,6,2025,-0.11,10.82
kabupaten,12,1213,7,2025,5.99,12.65
kabupaten,12,1213,8,2025,11.41,1.96
kabupaten,12,1213,9,2025,7.97,0.83
kabupaten,12,1213,10,2025,7.61,0.96
kabupaten,12,1213,11,2025,-2.49,1.29
kabupaten,12,1213,12,2025,7.84,2.13
kabupaten,12,1213,13,2025,4.23,0.1
kabupaten,12,1213,14,2025,4.41,6.3
kabupaten,12,1213,15,2025,3.24,1.27
kabupaten,12,1213,16,2025,3.34,0.83
kabupaten,12,1213,17,2025,8.67,0.04
kabupaten,12,1214,1,2021,0,47.04
kabupaten,12,1214,2,2021,0,6.22
kabupaten,12,1214,3,2021,0,0.16
kabupaten,12,1214,4,2021,0,0.09
kabupaten,12,1214,5,2021,0,0.03
kabupaten,12,1214,6,2021,0,12.74
kabupaten,12,1214,7,2021,0,8.51
kabupaten,12,1214,8,2021,0,3.39
kabupaten,12,1214,9,2021,0,2
kabupaten,12,1214,10,2021,0,1.08
kabupaten,12,1214,11,2021,0,1.45
kabupaten,12,1214,12,2021,0,4.59
kabupaten,12,1214,13,2021,0,0.03
kabupaten,12,1214,14,2021,0,8.94
kabupaten,12,1214,15,2021,0,2.77
kabupaten,12,1214,16,2021,0,0.85
kabupaten,12,1214,17,2021,0,0.12
kabupaten,12,1214,1,2022,3.3,47.15
kabupaten,12,1214,2,2022,3.29,6.23
kabupaten,12,1214,3,2022,1.57,0.16
kabupaten,12,1214,4,2022,4.52,0.09
kabupaten,12,1214,5,2022,1.75,0.03
kabupaten,12,1214,6,2022,2.33,12.65
kabupaten,12,1214,7,2022,5.08,8.67
kabupaten,12,1214,8,2022,5.22,3.46
kabupaten,12,1214,9,2022,6.89,2.07
kabupaten,12,1214,10,2022,6.87,1.12
kabupaten,12,1214,11,2022,1.05,1.42
kabupaten,12,1214,12,2022,0.7,4.48
kabupaten,12,1214,13,2022,2.65,0.03
kabupaten,12,1214,14,2022,0.12,8.68
kabupaten,12,1214,15,2022,3.64,2.78
kabupaten,12,1214,16,2022,3.77,0.86
kabupaten,12,1214,17,2022,4.71,0.12
kabupaten,12,1214,1,2023,2.72,46.72
kabupaten,12,1214,2,2023,3.77,6.24
kabupaten,12,1214,3,2023,3.23,0.16
kabupaten,12,1214,4,2023,4.07,0.09
kabupaten,12,1214,5,2023,2.59,0.03
kabupaten,12,1214,6,2023,4.66,12.77
kabupaten,12,1214,7,2023,5.23,8.8
kabupaten,12,1214,8,2023,4.7,3.49
kabupaten,12,1214,9,2023,5.46,2.11
kabupaten,12,1214,10,2023,5.49,1.14
kabupaten,12,1214,11,2023,5.42,1.45
kabupaten,12,1214,12,2023,3.9,4.49
kabupaten,12,1214,13,2023,5.16,0.04
kabupaten,12,1214,14,2023,3.98,8.71
kabupaten,12,1214,15,2023,3.35,2.77
kabupaten,12,1214,16,2023,5.85,0.88
kabupaten,12,1214,17,2023,5.76,0.13
kabupaten,12,1214,1,2024,2.98,46.34
kabupaten,12,1214,2,2024,4.69,6.29
kabupaten,12,1214,3,2024,3.54,0.16
kabupaten,12,1214,4,2024,5.38,0.09
kabupaten,12,1214,5,2024,1.68,0.03
kabupaten,12,1214,6,2024,4.02,12.79
kabupaten,12,1214,7,2024,4.84,8.89
kabupaten,12,1214,8,2024,4.12,3.5
kabupaten,12,1214,9,2024,4.62,2.12
kabupaten,12,1214,10,2024,6.1,1.17
kabupaten,12,1214,11,2024,3.13,1.44
kabupaten,12,1214,12,2024,4.19,4.51
kabupaten,12,1214,13,2024,1.84,0.03
kabupaten,12,1214,14,2024,5.73,8.87
kabupaten,12,1214,15,2024,2.98,2.75
kabupaten,12,1214,16,2024,6.61,0.9
kabupaten,12,1214,17,2024,4.76,0.13
kabupaten,12,1214,1,2025,3.27,46.45
kabupaten,12,1214,2,2025,3.46,6.31
kabupaten,12,1214,3,2025,3.29,0.16
kabupaten,12,1214,4,2025,3.71,0.09
kabupaten,12,1214,5,2025,3.31,0.03
kabupaten,12,1214,6,2025,-0.21,12.39
kabupaten,12,1214,7,2025,6.37,9.18
kabupaten,12,1214,8,2025,7.47,3.65
kabupaten,12,1214,9,2025,10.12,2.27
kabupaten,12,1214,10,2025,4.75,1.19
kabupaten,12,1214,11,2025,1.76,1.42
kabupaten,12,1214,12,2025,3.55,4.53
kabupaten,12,1214,13,2025,2.41,0.03
kabupaten,12,1214,14,2025,-0.9,8.53
kabupaten,12,1214,15,2025,2.53,2.74
kabupaten,12,1214,16,2025,4.4,0.91
kabupaten,12,1214,17,2025,4.38,0.13
kabupaten,12,1215,1,2021,0,60
kabupaten,12,1215,2,2021,0,0.04
kabupaten,12,1215,3,2021,0,0.16
kabupaten,12,1215,4,2021,0,0.26
kabupaten,12,1215,5,2021,0,0.06
kabupaten,12,1215,6,2021,0,8.71
kabupaten,12,1215,7,2021,0,11.25
kabupaten,12,1215,8,2021,0,1.96
kabupaten,12,1215,9,2021,0,2.25
kabupaten,12,1215,10,2021,0,0.93
kabupaten,12,1215,11,2021,0,0.83
kabupaten,12,1215,12,2021,0,1.34
kabupaten,12,1215,13,2021,0,0.02
kabupaten,12,1215,14,2021,0,10.46
kabupaten,12,1215,15,2021,0,1.33
kabupaten,12,1215,16,2021,0,0.37
kabupaten,12,1215,17,2021,0,0.02
kabupaten,12,1215,1,2022,4.4,60.08
kabupaten,12,1215,2,2022,2.63,0.04
kabupaten,12,1215,3,2022,2.14,0.16
kabupaten,12,1215,4,2022,3.91,0.26
kabupaten,12,1215,5,2022,3.57,0.06
kabupaten,12,1215,6,2022,4.24,8.7
kabupaten,12,1215,7,2022,6.73,11.51
kabupaten,12,1215,8,2022,8.29,2.04
kabupaten,12,1215,9,2022,7.25,2.31
kabupaten,12,1215,10,2022,3.93,0.93
kabupaten,12,1215,11,2022,2.75,0.82
kabupaten,12,1215,12,2022,2.23,1.31
kabupaten,12,1215,13,2022,7.14,0.02
kabupaten,12,1215,14,2022,-0.05,10.03
kabupaten,12,1215,15,2022,4.82,1.34
kabupaten,12,1215,16,2022,2.79,0.36
kabupaten,12,1215,17,2022,5.56,0.02
kabupaten,12,1215,1,2023,4.37,59.66
kabupaten,12,1215,2,2023,7.69,0.04
kabupaten,12,1215,3,2023,3.5,0.15
kabupaten,12,1215,4,2023,5.44,0.26
kabupaten,12,1215,5,2023,13.79,0.07
kabupaten,12,1215,6,2023,11.9,9.27
kabupaten,12,1215,7,2023,8.8,11.92
kabupaten,12,1215,8,2023,7.17,2.08
kabupaten,12,1215,9,2023,11.14,2.44
kabupaten,12,1215,10,2023,6.15,0.94
kabupaten,12,1215,11,2023,0.4,0.78
kabupaten,12,1215,12,2023,2.85,1.28
kabupaten,12,1215,13,2023,0,0.02
kabupaten,12,1215,14,2023,-1.64,9.38
kabupaten,12,1215,15,2023,2.87,1.31
kabupaten,12,1215,16,2023,6.02,0.37
kabupaten,12,1215,17,2023,5.26,0.02
kabupaten,12,1215,1,2024,3.8,58.97
kabupaten,12,1215,2,2024,2.38,0.04
kabupaten,12,1215,3,2024,2.03,0.15
kabupaten,12,1215,4,2024,2.38,0.26
kabupaten,12,1215,5,2024,4.55,0.07
kabupaten,12,1215,6,2024,5.5,9.31
kabupaten,12,1215,7,2024,7.91,12.24
kabupaten,12,1215,8,2024,4.78,2.07
kabupaten,12,1215,9,2024,7.11,2.49
kabupaten,12,1215,10,2024,5.57,0.94
kabupaten,12,1215,11,2024,0.4,0.75
kabupaten,12,1215,12,2024,1.63,1.24
kabupaten,12,1215,13,2024,0,0.01
kabupaten,12,1215,14,2024,9.19,9.76
kabupaten,12,1215,15,2024,3.27,1.29
kabupaten,12,1215,16,2024,6.82,0.37
kabupaten,12,1215,17,2024,10,0.02
kabupaten,12,1215,1,2025,4.63,58.5
kabupaten,12,1215,2,2025,2.33,0.04
kabupaten,12,1215,3,2025,7.28,0.15
kabupaten,12,1215,4,2025,3.1,0.25
kabupaten,12,1215,5,2025,4.35,0.07
kabupaten,12,1215,6,2025,6.31,9.38
kabupaten,12,1215,7,2025,9.47,12.71
kabupaten,12,1215,8,2025,7.4,2.11
kabupaten,12,1215,9,2025,1.4,2.39
kabupaten,12,1215,10,2025,5.06,0.94
kabupaten,12,1215,11,2025,0.27,0.71
kabupaten,12,1215,12,2025,1.52,1.2
kabupaten,12,1215,13,2025,6.67,0.02
kabupaten,12,1215,14,2025,6.33,9.83
kabupaten,12,1215,15,2025,6.1,1.3
kabupaten,12,1215,16,2025,4.79,0.37
kabupaten,12,1215,17,2025,0,0.02
kabupaten,12,1216,1,2021,0,44.69
kabupaten,12,1216,2,2021,0,0.64
kabupaten,12,1216,3,2021,0,1.54
kabupaten,12,1216,4,2021,0,0.1
kabupaten,12,1216,5,2021,0,0.07
kabupaten,12,1216,6,2021,0,13.45
kabupaten,12,1216,7,2021,0,16.21
kabupaten,12,1216,8,2021,0,2.47
kabupaten,12,1216,9,2021,0,3.36
kabupaten,12,1216,10,2021,0,1.26
kabupaten,12,1216,11,2021,0,1.14
kabupaten,12,1216,12,2021,0,2.84
kabupaten,12,1216,13,2021,0,0.12
kabupaten,12,1216,14,2021,0,10.3
kabupaten,12,1216,15,2021,0,1.02
kabupaten,12,1216,16,2021,0,0.63
kabupaten,12,1216,17,2021,0,0.16
kabupaten,12,1216,1,2022,3.42,44.35
kabupaten,12,1216,2,2022,5.61,0.65
kabupaten,12,1216,3,2022,3.39,1.53
kabupaten,12,1216,4,2022,4.58,0.1
kabupaten,12,1216,5,2022,2.48,0.07
kabupaten,12,1216,6,2022,4.94,13.54
kabupaten,12,1216,7,2022,6.25,16.52
kabupaten,12,1216,8,2022,9.07,2.59
kabupaten,12,1216,9,2022,7.08,3.46
kabupaten,12,1216,10,2022,6.19,1.29
kabupaten,12,1216,11,2022,4.46,1.14
kabupaten,12,1216,12,2022,4.79,2.85
kabupaten,12,1216,13,2022,5.15,0.12
kabupaten,12,1216,14,2022,0.72,9.96
kabupaten,12,1216,15,2022,5.11,1.02
kabupaten,12,1216,16,2022,5.04,0.64
kabupaten,12,1216,17,2022,8.14,0.17
kabupaten,12,1216,1,2023,3,43.77
kabupaten,12,1216,2,2023,5.74,0.65
kabupaten,12,1216,3,2023,3.68,1.52
kabupaten,12,1216,4,2023,4.61,0.1
kabupaten,12,1216,5,2023,3.81,0.07
kabupaten,12,1216,6,2023,4.42,13.55
kabupaten,12,1216,7,2023,6.14,16.8
kabupaten,12,1216,8,2023,9.05,2.7
kabupaten,12,1216,9,2023,8.25,3.58
kabupaten,12,1216,10,2023,3.48,1.28
kabupaten,12,1216,11,2023,0.91,1.11
kabupaten,12,1216,12,2023,3.54,2.83
kabupaten,12,1216,13,2023,-0.75,0.11
kabupaten,12,1216,14,2023,5.85,10.1
kabupaten,12,1216,15,2023,4.99,1.03
kabupaten,12,1216,16,2023,2.18,0.62
kabupaten,12,1216,17,2023,7.93,0.17
kabupaten,12,1216,1,2024,3.86,43.38
kabupaten,12,1216,2,2024,2.1,0.64
kabupaten,12,1216,3,2024,3.48,1.5
kabupaten,12,1216,4,2024,4.63,0.1
kabupaten,12,1216,5,2024,1,0.06
kabupaten,12,1216,6,2024,6.92,13.82
kabupaten,12,1216,7,2024,7.66,17.26
kabupaten,12,1216,8,2024,5.58,2.73
kabupaten,12,1216,9,2024,3.86,3.55
kabupaten,12,1216,10,2024,0.46,1.22
kabupaten,12,1216,11,2024,1.44,1.07
kabupaten,12,1216,12,2024,1.82,2.75
kabupaten,12,1216,13,2024,5.12,0.12
kabupaten,12,1216,14,2024,3.76,10
kabupaten,12,1216,15,2024,3.83,1.02
kabupaten,12,1216,16,2024,0.39,0.6
kabupaten,12,1216,17,2024,6.72,0.18
kabupaten,12,1216,1,2025,3.68,43.33
kabupaten,12,1216,2,2025,1.96,0.63
kabupaten,12,1216,3,2025,2.66,1.49
kabupaten,12,1216,4,2025,2.11,0.1
kabupaten,12,1216,5,2025,1.98,0.06
kabupaten,12,1216,6,2025,0.45,13.38
kabupaten,12,1216,7,2025,7.39,17.86
kabupaten,12,1216,8,2025,4.49,2.74
kabupaten,12,1216,9,2025,4.94,3.59
kabupaten,12,1216,10,2025,5.93,1.25
kabupaten,12,1216,11,2025,2.66,1.06
kabupaten,12,1216,12,2025,3.3,2.74
kabupaten,12,1216,13,2025,3.07,0.11
kabupaten,12,1216,14,2025,2.46,9.87
kabupaten,12,1216,15,2025,4.82,1.03
kabupaten,12,1216,16,2025,3.18,0.59
kabupaten,12,1216,17,2025,3.73,0.18
kabupaten,12,1217,1,2021,0,51.93
kabupaten,12,1217,2,2021,0,0.66
kabupaten,12,1217,3,2021,0,0.51
kabupaten,12,1217,4,2021,0,0.06
kabupaten,12,1217,5,2021,0,0.06
kabupaten,12,1217,6,2021,0,11.04
kabupaten,12,1217,7,2021,0,11.35
kabupaten,12,1217,8,2021,0,3.13
kabupaten,12,1217,9,2021,0,5
kabupaten,12,1217,10,2021,0,1.23
kabupaten,12,1217,11,2021,0,0.98
kabupaten,12,1217,12,2021,0,2.02
kabupaten,12,1217,13,2021,0,0.13
kabupaten,12,1217,14,2021,0,10.34
kabupaten,12,1217,15,2021,0,0.98
kabupaten,12,1217,16,2021,0,0.51
kabupaten,12,1217,17,2021,0,0.06
kabupaten,12,1217,1,2022,4.57,51.97
kabupaten,12,1217,2,2022,4.76,0.67
kabupaten,12,1217,3,2022,0,0.48
kabupaten,12,1217,4,2022,0,0.06
kabupaten,12,1217,5,2022,0,0.06
kabupaten,12,1217,6,2022,4.3,11.02
kabupaten,12,1217,7,2022,6.96,11.62
kabupaten,12,1217,8,2022,8.08,3.24
kabupaten,12,1217,9,2022,6.96,5.12
kabupaten,12,1217,10,2022,7.69,1.27
kabupaten,12,1217,11,2022,3.23,0.97
kabupaten,12,1217,12,2022,3.13,2
kabupaten,12,1217,13,2022,0,0.12
kabupaten,12,1217,14,2022,0,9.9
kabupaten,12,1217,15,2022,0,0.94
kabupaten,12,1217,16,2022,0,0.48
kabupaten,12,1217,17,2022,50,0.09
kabupaten,12,1217,1,2023,4.48,51.67
kabupaten,12,1217,2,2023,4.55,0.66
kabupaten,12,1217,3,2023,6.25,0.49
kabupaten,12,1217,4,2023,50,0.09
kabupaten,12,1217,5,2023,0,0.06
kabupaten,12,1217,6,2023,6.04,11.12
kabupaten,12,1217,7,2023,6.51,11.78
kabupaten,12,1217,8,2023,7.48,3.31
kabupaten,12,1217,9,2023,9.47,5.33
kabupaten,12,1217,10,2023,4.76,1.27
kabupaten,12,1217,11,2023,0,0.92
kabupaten,12,1217,12,2023,1.52,1.93
kabupaten,12,1217,13,2023,0,0.12
kabupaten,12,1217,14,2023,3.67,9.76
kabupaten,12,1217,15,2023,3.23,0.92
kabupaten,12,1217,16,2023,6.25,0.49
kabupaten,12,1217,17,2023,0,0.09
kabupaten,12,1217,1,2024,2.23,50.3
kabupaten,12,1217,2,2024,4.35,0.66
kabupaten,12,1217,3,2024,5.88,0.49
kabupaten,12,1217,4,2024,0,0.08
kabupaten,12,1217,5,2024,0,0.05
kabupaten,12,1217,6,2024,6.99,11.33
kabupaten,12,1217,7,2024,9.78,12.31
kabupaten,12,1217,8,2024,10.43,3.48
kabupaten,12,1217,9,2024,14.59,5.81
kabupaten,12,1217,10,2024,4.55,1.26
kabupaten,12,1217,11,2024,0,0.88
kabupaten,12,1217,12,2024,1.49,1.87
kabupaten,12,1217,13,2024,0,0.11
kabupaten,12,1217,14,2024,6.19,9.87
kabupaten,12,1217,15,2024,3.13,0.91
kabupaten,12,1217,16,2024,5.88,0.49
kabupaten,12,1217,17,2024,0,0.08
kabupaten,12,1217,1,2025,2.18,49.38
kabupaten,12,1217,2,2025,0,0.63
kabupaten,12,1217,3,2025,0,0.47
kabupaten,12,1217,4,2025,0,0.08
kabupaten,12,1217,5,2025,0,0.05
kabupaten,12,1217,6,2025,0,10.88
kabupaten,12,1217,7,2025,14.03,13.49
kabupaten,12,1217,8,2025,3.94,3.48
kabupaten,12,1217,9,2025,6.13,5.93
kabupaten,12,1217,10,2025,6.52,1.29
kabupaten,12,1217,11,2025,0,0.84
kabupaten,12,1217,12,2025,2.94,1.84
kabupaten,12,1217,13,2025,0,0.11
kabupaten,12,1217,14,2025,6.39,10.09
kabupaten,12,1217,15,2025,0,0.87
kabupaten,12,1217,16,2025,0,0.47
kabupaten,12,1217,17,2025,0,0.08
kabupaten,12,1218,1,2021,0,43.51
kabupaten,12,1218,2,2021,0,0.93
kabupaten,12,1218,3,2021,0,17.61
kabupaten,12,1218,4,2021,0,0.12
kabupaten,12,1218,5,2021,0,0.01
kabupaten,12,1218,6,2021,0,9.28
kabupaten,12,1218,7,2021,0,15.11
kabupaten,12,1218,8,2021,0,0.75
kabupaten,12,1218,9,2021,0,2.8
kabupaten,12,1218,10,2021,0,0.72
kabupaten,12,1218,11,2021,0,0.49
kabupaten,12,1218,12,2021,0,2.43
kabupaten,12,1218,13,2021,0,0.44
kabupaten,12,1218,14,2021,0,2.89
kabupaten,12,1218,15,2021,0,1.51
kabupaten,12,1218,16,2021,0,0.88
kabupaten,12,1218,17,2021,0,0.5
kabupaten,12,1218,1,2022,6.17,44.22
kabupaten,12,1218,2,2022,6.12,0.95
kabupaten,12,1218,3,2022,3.07,17.38
kabupaten,12,1218,4,2022,4.86,0.12
kabupaten,12,1218,5,2022,2.41,0.01
kabupaten,12,1218,6,2022,0.9,8.97
kabupaten,12,1218,7,2022,5.7,15.29
kabupaten,12,1218,8,2022,6.66,0.76
kabupaten,12,1218,9,2022,0.5,2.7
kabupaten,12,1218,10,2022,7.14,0.74
kabupaten,12,1218,11,2022,3.34,0.48
kabupaten,12,1218,12,2022,0.71,2.35
kabupaten,12,1218,13,2022,1.18,0.43
kabupaten,12,1218,14,2022,-0.55,2.75
kabupaten,12,1218,15,2022,4.46,1.51
kabupaten,12,1218,16,2022,1.07,0.85
kabupaten,12,1218,17,2022,2.64,0.49
kabupaten,12,1218,1,2023,5.77,44.54
kabupaten,12,1218,2,2023,6.07,0.96
kabupaten,12,1218,3,2023,3.69,17.16
kabupaten,12,1218,4,2023,4.91,0.12
kabupaten,12,1218,5,2023,4.71,0.01
kabupaten,12,1218,6,2023,3.44,8.83
kabupaten,12,1218,7,2023,5.47,15.36
kabupaten,12,1218,8,2023,7.06,0.78
kabupaten,12,1218,9,2023,7.46,2.76
kabupaten,12,1218,10,2023,10.15,0.78
kabupaten,12,1218,11,2023,9.56,0.51
kabupaten,12,1218,12,2023,4.68,2.34
kabupaten,12,1218,13,2023,5.03,0.43
kabupaten,12,1218,14,2023,-1.22,2.59
kabupaten,12,1218,15,2023,5.86,1.52
kabupaten,12,1218,16,2023,5.2,0.85
kabupaten,12,1218,17,2023,3.18,0.48
kabupaten,12,1218,1,2024,5.26,44.64
kabupaten,12,1218,2,2024,7.71,0.98
kabupaten,12,1218,3,2024,2.91,16.82
kabupaten,12,1218,4,2024,5.82,0.12
kabupaten,12,1218,5,2024,3.37,0.01
kabupaten,12,1218,6,2024,4.41,8.78
kabupaten,12,1218,7,2024,5.68,15.45
kabupaten,12,1218,8,2024,4.61,0.77
kabupaten,12,1218,9,2024,9.67,2.88
kabupaten,12,1218,10,2024,12.58,0.83
kabupaten,12,1218,11,2024,6.1,0.51
kabupaten,12,1218,12,2024,6,2.36
kabupaten,12,1218,13,2024,6.41,0.44
kabupaten,12,1218,14,2024,3.11,2.54
kabupaten,12,1218,15,2024,5.71,1.53
kabupaten,12,1218,16,2024,3.59,0.84
kabupaten,12,1218,17,2024,5.49,0.48
kabupaten,12,1218,1,2025,6.33,45.18
kabupaten,12,1218,2,2025,4.71,0.98
kabupaten,12,1218,3,2025,2.75,16.44
kabupaten,12,1218,4,2025,1.87,0.12
kabupaten,12,1218,5,2025,4.35,0.01
kabupaten,12,1218,6,2025,1.36,8.47
kabupaten,12,1218,7,2025,5.95,15.58
kabupaten,12,1218,8,2025,12.21,0.83
kabupaten,12,1218,9,2025,6.85,2.93
kabupaten,12,1218,10,2025,7.42,0.85
kabupaten,12,1218,11,2025,4.63,0.51
kabupaten,12,1218,12,2025,6.13,2.38
kabupaten,12,1218,13,2025,6.95,0.44
kabupaten,12,1218,14,2025,-0.28,2.41
kabupaten,12,1218,15,2025,4.79,1.53
kabupaten,12,1218,16,2025,7.49,0.86
kabupaten,12,1218,17,2025,2.59,0.47
kabupaten,12,1219,1,2021,0,23.04
kabupaten,12,1219,2,2021,0,0.14
kabupaten,12,1219,3,2021,0,44.9
kabupaten,12,1219,4,2021,0,0.07
kabupaten,12,1219,5,2021,0,0.03
kabupaten,12,1219,6,2021,0,6.16
kabupaten,12,1219,7,2021,0,16.57
kabupaten,12,1219,8,2021,0,3.27
kabupaten,12,1219,9,2021,0,1.09
kabupaten,12,1219,10,2021,0,0.7
kabupaten,12,1219,11,2021,0,0.29
kabupaten,12,1219,12,2021,0,1.12
kabupaten,12,1219,13,2021,0,0.09
kabupaten,12,1219,14,2021,0,1.71
kabupaten,12,1219,15,2021,0,0.46
kabupaten,12,1219,16,2021,0,0.28
kabupaten,12,1219,17,2021,0,0.09
kabupaten,12,1219,1,2022,6.24,23.52
kabupaten,12,1219,2,2022,4.61,0.14
kabupaten,12,1219,3,2022,2.67,44.3
kabupaten,12,1219,4,2022,3.51,0.07
kabupaten,12,1219,5,2022,0.42,0.03
kabupaten,12,1219,6,2022,0.9,5.97
kabupaten,12,1219,7,2022,6.52,16.96
kabupaten,12,1219,8,2022,3.97,3.26
kabupaten,12,1219,9,2022,4.39,1.09
kabupaten,12,1219,10,2022,4.56,0.7
kabupaten,12,1219,11,2022,4.06,0.29
kabupaten,12,1219,12,2022,2.56,1.1
kabupaten,12,1219,13,2022,3.68,0.09
kabupaten,12,1219,14,2022,-0.08,1.64
kabupaten,12,1219,15,2022,3.02,0.46
kabupaten,12,1219,16,2022,5.53,0.29
kabupaten,12,1219,17,2022,7.44,0.09
kabupaten,12,1219,1,2023,3.16,23.31
kabupaten,12,1219,2,2023,3.66,0.14
kabupaten,12,1219,3,2023,4.19,44.34
kabupaten,12,1219,4,2023,2.68,0.07
kabupaten,12,1219,5,2023,2.07,0.03
kabupaten,12,1219,6,2023,2.83,5.9
kabupaten,12,1219,7,2023,5.92,17.26
kabupaten,12,1219,8,2023,1.74,3.19
kabupaten,12,1219,9,2023,7.45,1.13
kabupaten,12,1219,10,2023,6.08,0.71
kabupaten,12,1219,11,2023,6.26,0.3
kabupaten,12,1219,12,2023,2.9,1.09
kabupaten,12,1219,13,2023,4.86,0.09
kabupaten,12,1219,14,2023,1.4,1.6
kabupaten,12,1219,15,2023,3.44,0.46
kabupaten,12,1219,16,2023,6.52,0.29
kabupaten,12,1219,17,2023,11.93,0.1
kabupaten,12,1219,1,2024,2,22.83
kabupaten,12,1219,2,2024,1.12,0.14
kabupaten,12,1219,3,2024,5.71,45.02
kabupaten,12,1219,4,2024,4.64,0.07
kabupaten,12,1219,5,2024,2.17,0.03
kabupaten,12,1219,6,2024,-0.42,5.64
kabupaten,12,1219,7,2024,4.14,17.27
kabupaten,12,1219,8,2024,2.04,3.13
kabupaten,12,1219,9,2024,5.72,1.15
kabupaten,12,1219,10,2024,5.6,0.72
kabupaten,12,1219,11,2024,4.18,0.3
kabupaten,12,1219,12,2024,2.29,1.07
kabupaten,12,1219,13,2024,2.19,0.09
kabupaten,12,1219,14,2024,10.57,1.7
kabupaten,12,1219,15,2024,3.4,0.45
kabupaten,12,1219,16,2024,6.95,0.3
kabupaten,12,1219,17,2024,7.9,0.1
kabupaten,12,1219,1,2025,2.21,22.57
kabupaten,12,1219,2,2025,-0.37,0.13
kabupaten,12,1219,3,2025,2.6,44.68
kabupaten,12,1219,4,2025,2.44,0.06
kabupaten,12,1219,5,2025,2.12,0.03
kabupaten,12,1219,6,2025,-1.18,5.39
kabupaten,12,1219,7,2025,6.71,17.82
kabupaten,12,1219,8,2025,12.52,3.4
kabupaten,12,1219,9,2025,5.69,1.17
kabupaten,12,1219,10,2025,5.55,0.74
kabupaten,12,1219,11,2025,2.16,0.3
kabupaten,12,1219,12,2025,6.23,1.1
kabupaten,12,1219,13,2025,6.63,0.09
kabupaten,12,1219,14,2025,-0.96,1.63
kabupaten,12,1219,15,2025,5.7,0.46
kabupaten,12,1219,16,2025,8.95,0.32
kabupaten,12,1219,17,2025,5.66,0.1
kabupaten,12,1220,1,2021,0,45.66
kabupaten,12,1220,2,2021,0,0.3
kabupaten,12,1220,3,2021,0,17.25
kabupaten,12,1220,4,2021,0,0.24
kabupaten,12,1220,5,2021,0,0.04
kabupaten,12,1220,6,2021,0,13.59
kabupaten,12,1220,7,2021,0,10.13
kabupaten,12,1220,8,2021,0,1.89
kabupaten,12,1220,9,2021,0,0.84
kabupaten,12,1220,10,2021,0,0.7
kabupaten,12,1220,11,2021,0,0.73
kabupaten,12,1220,12,2021,0,3.81
kabupaten,12,1220,13,2021,0,0.05
kabupaten,12,1220,14,2021,0,3.5
kabupaten,12,1220,15,2021,0,0.76
kabupaten,12,1220,16,2021,0,0.46
kabupaten,12,1220,17,2021,0,0.03
kabupaten,12,1220,1,2022,6.18,46.56
kabupaten,12,1220,2,2022,3.95,0.3
kabupaten,12,1220,3,2022,2.89,17.04
kabupaten,12,1220,4,2022,3.9,0.24
kabupaten,12,1220,5,2022,-0.53,0.04
kabupaten,12,1220,6,2022,0.6,13.13
kabupaten,12,1220,7,2022,4.48,10.17
kabupaten,12,1220,8,2022,1.08,1.83
kabupaten,12,1220,9,2022,3.08,0.84
kabupaten,12,1220,10,2022,4.47,0.7
kabupaten,12,1220,11,2022,1.02,0.71
kabupaten,12,1220,12,2022,3.77,3.8
kabupaten,12,1220,13,2022,5.41,0.05
kabupaten,12,1220,14,2022,0.04,3.36
kabupaten,12,1220,15,2022,0.67,0.74
kabupaten,12,1220,16,2022,1.11,0.45
kabupaten,12,1220,17,2022,1.57,0.03
kabupaten,12,1220,1,2023,4.72,46.48
kabupaten,12,1220,2,2023,2.21,0.3
kabupaten,12,1220,3,2023,3.8,16.86
kabupaten,12,1220,4,2023,2.93,0.24
kabupaten,12,1220,5,2023,3.19,0.04
kabupaten,12,1220,6,2023,6.92,13.38
kabupaten,12,1220,7,2023,5.84,10.26
kabupaten,12,1220,8,2023,5.86,1.85
kabupaten,12,1220,9,2023,9.29,0.87
kabupaten,12,1220,10,2023,6.01,0.71
kabupaten,12,1220,11,2023,2.2,0.69
kabupaten,12,1220,12,2023,3.87,3.76
kabupaten,12,1220,13,2023,7.69,0.05
kabupaten,12,1220,14,2023,2.53,3.29
kabupaten,12,1220,15,2023,6.02,0.74
kabupaten,12,1220,16,2023,6.01,0.45
kabupaten,12,1220,17,2023,6.95,0.03
kabupaten,12,1220,1,2024,4.48,46.25
kabupaten,12,1220,2,2024,2.6,0.29
kabupaten,12,1220,3,2024,4.68,16.81
kabupaten,12,1220,4,2024,4.71,0.24
kabupaten,12,1220,5,2024,1.8,0.04
kabupaten,12,1220,6,2024,5,13.38
kabupaten,12,1220,7,2024,7.48,10.5
kabupaten,12,1220,8,2024,5.12,1.85
kabupaten,12,1220,9,2024,11,0.92
kabupaten,12,1220,10,2024,7.55,0.73
kabupaten,12,1220,11,2024,0.59,0.66
kabupaten,12,1220,12,2024,3.62,3.71
kabupaten,12,1220,13,2024,4.33,0.05
kabupaten,12,1220,14,2024,6.22,3.32
kabupaten,12,1220,15,2024,5.18,0.75
kabupaten,12,1220,16,2024,7.05,0.46
kabupaten,12,1220,17,2024,4.69,0.03
kabupaten,12,1220,1,2025,4.55,46.38
kabupaten,12,1220,2,2025,-0.18,0.28
kabupaten,12,1220,3,2025,4.07,16.78
kabupaten,12,1220,4,2025,4.29,0.24
kabupaten,12,1220,5,2025,4.56,0.04
kabupaten,12,1220,6,2025,0.43,12.89
kabupaten,12,1220,7,2025,8.15,10.89
kabupaten,12,1220,8,2025,7.42,1.91
kabupaten,12,1220,9,2025,7.72,0.95
kabupaten,12,1220,10,2025,5.1,0.74
kabupaten,12,1220,11,2025,3.23,0.65
kabupaten,12,1220,12,2025,4.46,3.72
kabupaten,12,1220,13,2025,4.56,0.05
kabupaten,12,1220,14,2025,1.46,3.24
kabupaten,12,1220,15,2025,5.33,0.75
kabupaten,12,1220,16,2025,6.02,0.47
kabupaten,12,1220,17,2025,4.14,0.03
kabupaten,12,1221,1,2021,0,53.75
kabupaten,12,1221,2,2021,0,0.53
kabupaten,12,1221,3,2021,0,14.31
kabupaten,12,1221,4,2021,0,0.29
kabupaten,12,1221,5,2021,0,0
kabupaten,12,1221,6,2021,0,14.33
kabupaten,12,1221,7,2021,0,6.48
kabupaten,12,1221,8,2021,0,1.1
kabupaten,12,1221,9,2021,0,1.01
kabupaten,12,1221,10,2021,0,0.81
kabupaten,12,1221,11,2021,0,0.76
kabupaten,12,1221,12,2021,0,2.91
kabupaten,12,1221,13,2021,0,0.05
kabupaten,12,1221,14,2021,0,2.75
kabupaten,12,1221,15,2021,0,0.4
kabupaten,12,1221,16,2021,0,0.5
kabupaten,12,1221,17,2021,0,0.03
kabupaten,12,1221,1,2022,5.12,54.01
kabupaten,12,1221,2,2022,8.28,0.55
kabupaten,12,1221,3,2022,3.74,14.19
kabupaten,12,1221,4,2022,4.33,0.29
kabupaten,12,1221,5,2022,8.33,0
kabupaten,12,1221,6,2022,4.13,14.27
kabupaten,12,1221,7,2022,4.35,6.46
kabupaten,12,1221,8,2022,5.04,1.1
kabupaten,12,1221,9,2022,4.11,1.01
kabupaten,12,1221,10,2022,5.34,0.82
kabupaten,12,1221,11,2022,5.02,0.76
kabupaten,12,1221,12,2022,3.3,2.88
kabupaten,12,1221,13,2022,2.5,0.05
kabupaten,12,1221,14,2022,3.02,2.7
kabupaten,12,1221,15,2022,3.11,0.39
kabupaten,12,1221,16,2022,5.5,0.5
kabupaten,12,1221,17,2022,4.23,0.03
kabupaten,12,1221,1,2023,5.26,54.04
kabupaten,12,1221,2,2023,3.92,0.54
kabupaten,12,1221,3,2023,3.41,13.95
kabupaten,12,1221,4,2023,5.67,0.29
kabupaten,12,1221,5,2023,-7.69,0
kabupaten,12,1221,6,2023,6.55,14.45
kabupaten,12,1221,7,2023,5.64,6.49
kabupaten,12,1221,8,2023,9.44,1.15
kabupaten,12,1221,9,2023,8.54,1.04
kabupaten,12,1221,10,2023,7.63,0.84
kabupaten,12,1221,11,2023,5.41,0.76
kabupaten,12,1221,12,2023,5.26,2.88
kabupaten,12,1221,13,2023,5.37,0.05
kabupaten,12,1221,14,2023,1.05,2.6
kabupaten,12,1221,15,2023,6.38,0.4
kabupaten,12,1221,16,2023,6.26,0.51
kabupaten,12,1221,17,2023,6.64,0.03
kabupaten,12,1221,1,2024,4.94,54.03
kabupaten,12,1221,2,2024,3.06,0.53
kabupaten,12,1221,3,2024,4.73,13.92
kabupaten,12,1221,4,2024,8.54,0.3
kabupaten,12,1221,5,2024,8.33,0
kabupaten,12,1221,6,2024,4.3,14.36
kabupaten,12,1221,7,2024,5.52,6.52
kabupaten,12,1221,8,2024,5.23,1.15
kabupaten,12,1221,9,2024,7.36,1.06
kabupaten,12,1221,10,2024,6.11,0.84
kabupaten,12,1221,11,2024,5.72,0.77
kabupaten,12,1221,12,2024,6.38,2.92
kabupaten,12,1221,13,2024,7.87,0.05
kabupaten,12,1221,14,2024,4.93,2.6
kabupaten,12,1221,15,2024,6.85,0.4
kabupaten,12,1221,16,2024,7.82,0.52
kabupaten,12,1221,17,2024,7.61,0.03
kabupaten,12,1221,1,2025,4.74,54.3
kabupaten,12,1221,2,2025,4.69,0.53
kabupaten,12,1221,3,2025,4.46,13.95
kabupaten,12,1221,4,2025,3.97,0.3
kabupaten,12,1221,5,2025,7.69,0
kabupaten,12,1221,6,2025,0.5,13.85
kabupaten,12,1221,7,2025,6.21,6.65
kabupaten,12,1221,8,2025,8.81,1.2
kabupaten,12,1221,9,2025,7.17,1.09
kabupaten,12,1221,10,2025,5.85,0.86
kabupaten,12,1221,11,2025,5.92,0.78
kabupaten,12,1221,12,2025,6.31,2.98
kabupaten,12,1221,13,2025,6.44,0.05
kabupaten,12,1221,14,2025,-0.32,2.48
kabupaten,12,1221,15,2025,6.2,0.41
kabupaten,12,1221,16,2025,6.72,0.53
kabupaten,12,1221,17,2025,6.11,0.03
kabupaten,12,1222,1,2021,0,33.92
kabupaten,12,1222,2,2021,0,0.32
kabupaten,12,1222,3,2021,0,39.58
kabupaten,12,1222,4,2021,0,0.06
kabupaten,12,1222,5,2021,0,0.02
kabupaten,12,1222,6,2021,0,6.16
kabupaten,12,1222,7,2021,0,12.09
kabupaten,12,1222,8,2021,0,0.95
kabupaten,12,1222,9,2021,0,0.82
kabupaten,12,1222,10,2021,0,0.57
kabupaten,12,1222,11,2021,0,0.86
kabupaten,12,1222,12,2021,0,2.28
kabupaten,12,1222,13,2021,0,0.12
kabupaten,12,1222,14,2021,0,1.37
kabupaten,12,1222,15,2021,0,0.48
kabupaten,12,1222,16,2021,0,0.33
kabupaten,12,1222,17,2021,0,0.08
kabupaten,12,1222,1,2022,6.64,34.53
kabupaten,12,1222,2,2022,2.87,0.31
kabupaten,12,1222,3,2022,3.31,39.04
kabupaten,12,1222,4,2022,5.84,0.07
kabupaten,12,1222,5,2022,0.53,0.02
kabupaten,12,1222,6,2022,4.44,6.14
kabupaten,12,1222,7,2022,4.34,12.04
kabupaten,12,1222,8,2022,7.68,0.98
kabupaten,12,1222,9,2022,6.16,0.83
kabupaten,12,1222,10,2022,6.74,0.58
kabupaten,12,1222,11,2022,3.81,0.85
kabupaten,12,1222,12,2022,5.78,2.3
kabupaten,12,1222,13,2022,4.44,0.12
kabupaten,12,1222,14,2022,-0.02,1.31
kabupaten,12,1222,15,2022,3.51,0.47
kabupaten,12,1222,16,2022,3.25,0.32
kabupaten,12,1222,17,2022,7.49,0.08
kabupaten,12,1222,1,2023,4.73,34.46
kabupaten,12,1222,2,2023,3.02,0.31
kabupaten,12,1222,3,2023,4.52,38.88
kabupaten,12,1222,4,2023,3.65,0.06
kabupaten,12,1222,5,2023,3.72,0.02
kabupaten,12,1222,6,2023,6.81,6.25
kabupaten,12,1222,7,2023,5.85,12.15
kabupaten,12,1222,8,2023,7.35,1
kabupaten,12,1222,9,2023,7.19,0.85
kabupaten,12,1222,10,2023,8.15,0.59
kabupaten,12,1222,11,2023,4.35,0.85
kabupaten,12,1222,12,2023,4.5,2.29
kabupaten,12,1222,13,2023,4.09,0.12
kabupaten,12,1222,14,2023,1.99,1.27
kabupaten,12,1222,15,2023,7.12,0.48
kabupaten,12,1222,16,2023,6.18,0.33
kabupaten,12,1222,17,2023,8.35,0.08
kabupaten,12,1222,1,2024,4.42,34.31
kabupaten,12,1222,2,2024,5.22,0.31
kabupaten,12,1222,3,2024,4.25,38.65
kabupaten,12,1222,4,2024,3.88,0.06
kabupaten,12,1222,5,2024,3.08,0.02
kabupaten,12,1222,6,2024,5.85,6.31
kabupaten,12,1222,7,2024,6.47,12.33
kabupaten,12,1222,8,2024,9.39,1.05
kabupaten,12,1222,9,2024,8.6,0.88
kabupaten,12,1222,10,2024,7.31,0.61
kabupaten,12,1222,11,2024,4.8,0.85
kabupaten,12,1222,12,2024,6.36,2.33
kabupaten,12,1222,13,2024,5.37,0.12
kabupaten,12,1222,14,2024,6.6,1.29
kabupaten,12,1222,15,2024,6.64,0.49
kabupaten,12,1222,16,2024,5.17,0.33
kabupaten,12,1222,17,2024,6.2,0.08
kabupaten,12,1223,1,2021,0,41.49
kabupaten,12,1223,2,2021,0,0.69
kabupaten,12,1223,3,2021,0,26.04
kabupaten,12,1223,4,2021,0,0.09
kabupaten,12,1223,5,2021,0,0.02
kabupaten,12,1223,6,2021,0,6.4
kabupaten,12,1223,7,2021,0,15.53
kabupaten,12,1223,8,2021,0,1.03
kabupaten,12,1223,9,2021,0,1.01
kabupaten,12,1223,10,2021,0,0.55
kabupaten,12,1223,11,2021,0,0.8
kabupaten,12,1223,12,2021,0,2.94
kabupaten,12,1223,13,2021,0,0.15
kabupaten,12,1223,14,2021,0,2.09
kabupaten,12,1223,15,2021,0,0.66
kabupaten,12,1223,16,2021,0,0.39
kabupaten,12,1223,17,2021,0,0.11
kabupaten,12,1223,1,2022,6.62,42.29
kabupaten,12,1223,2,2022,2.79,0.68
kabupaten,12,1223,3,2022,2.83,25.59
kabupaten,12,1223,4,2022,2.92,0.08
kabupaten,12,1223,5,2022,2.06,0.02
kabupaten,12,1223,6,2022,1.63,6.22
kabupaten,12,1223,7,2022,4.06,15.45
kabupaten,12,1223,8,2022,8.89,1.08
kabupaten,12,1223,9,2022,6.57,1.03
kabupaten,12,1223,10,2022,6.33,0.56
kabupaten,12,1223,11,2022,3.27,0.79
kabupaten,12,1223,12,2022,4.13,2.93
kabupaten,12,1223,13,2022,1.33,0.15
kabupaten,12,1223,14,2022,-0.17,2
kabupaten,12,1223,15,2022,3.68,0.66
kabupaten,12,1223,16,2022,2.44,0.39
kabupaten,12,1223,17,2022,4.24,0.11
kabupaten,12,1223,1,2023,4.34,42.12
kabupaten,12,1223,2,2023,3.54,0.67
kabupaten,12,1223,3,2023,4,25.41
kabupaten,12,1223,4,2023,2.52,0.08
kabupaten,12,1223,5,2023,4.38,0.02
kabupaten,12,1223,6,2023,6.69,6.34
kabupaten,12,1223,7,2023,6.01,15.63
kabupaten,12,1223,8,2023,11.3,1.14
kabupaten,12,1223,9,2023,10.26,1.08
kabupaten,12,1223,10,2023,7.12,0.57
kabupaten,12,1223,11,2023,4.55,0.79
kabupaten,12,1223,12,2023,2.97,2.88
kabupaten,12,1223,13,2023,4.16,0.15
kabupaten,12,1223,14,2023,3.07,1.96
kabupaten,12,1223,15,2023,6.1,0.66
kabupaten,12,1223,16,2023,5.54,0.39
kabupaten,12,1223,17,2023,8.18,0.12
kabupaten,12,1223,1,2024,4.66,42.29
kabupaten,12,1223,2,2024,2.34,0.66
kabupaten,12,1223,3,2024,3.39,25.2
kabupaten,12,1223,4,2024,3.32,0.08
kabupaten,12,1223,5,2024,3.55,0.02
kabupaten,12,1223,6,2024,-0.76,6.03
kabupaten,12,1223,7,2024,6.47,15.97
kabupaten,12,1223,8,2024,7.51,1.18
kabupaten,12,1223,9,2024,5.72,1.1
kabupaten,12,1223,10,2024,5.84,0.58
kabupaten,12,1223,11,2024,3.92,0.79
kabupaten,12,1223,12,2024,2.07,2.82
kabupaten,12,1223,13,2024,4.76,0.15
kabupaten,12,1223,14,2024,4.88,1.98
kabupaten,12,1223,15,2024,5.25,0.67
kabupaten,12,1223,16,2024,3.49,0.39
kabupaten,12,1223,17,2024,5.07,0.12
kabupaten,12,1223,1,2025,4,42.23
kabupaten,12,1223,2,2025,2.57,0.65
kabupaten,12,1223,3,2025,4.46,25.28
kabupaten,12,1223,4,2025,1.9,0.08
kabupaten,12,1223,5,2025,5.3,0.02
kabupaten,12,1223,6,2025,-0.45,5.77
kabupaten,12,1223,7,2025,5.93,16.24
kabupaten,12,1223,8,2025,6.54,1.21
kabupaten,12,1223,9,2025,3.83,1.1
kabupaten,12,1223,10,2025,5.92,0.59
kabupaten,12,1223,11,2025,1.08,0.76
kabupaten,12,1223,12,2025,6.17,2.87
kabupaten,12,1223,13,2025,4.71,0.15
kabupaten,12,1223,14,2025,-0.09,1.9
kabupaten,12,1223,15,2025,3.81,0.67
kabupaten,12,1223,16,2025,6.41,0.4
kabupaten,12,1223,17,2025,1,0.11
kabupaten,12,1224,1,2021,0,55.21
kabupaten,12,1224,2,2021,0,6.05
kabupaten,12,1224,3,2021,0,0.22
kabupaten,12,1224,4,2021,0,0.15
kabupaten,12,1224,5,2021,0,0.05
kabupaten,12,1224,6,2021,0,8.43
kabupaten,12,1224,7,2021,0,10.25
kabupaten,12,1224,8,2021,0,1.67
kabupaten,12,1224,9,2021,0,2.66
kabupaten,12,1224,10,2021,0,0.46
kabupaten,12,1224,11,2021,0,1.84
kabupaten,12,1224,12,2021,0,3.36
kabupaten,12,1224,13,2021,0,0.07
kabupaten,12,1224,14,2021,0,6.31
kabupaten,12,1224,15,2021,0,2.12
kabupaten,12,1224,16,2021,0,0.89
kabupaten,12,1224,17,2021,0,0.27
kabupaten,12,1224,1,2022,3.7,55.57
kabupaten,12,1224,2,2022,2.94,6.05
kabupaten,12,1224,3,2022,2.42,0.22
kabupaten,12,1224,4,2022,3.8,0.15
kabupaten,12,1224,5,2022,0,0.05
kabupaten,12,1224,6,2022,0.31,8.21
kabupaten,12,1224,7,2022,4.7,10.41
kabupaten,12,1224,8,2022,2.75,1.67
kabupaten,12,1224,9,2022,1,2.6
kabupaten,12,1224,10,2022,5.98,0.47
kabupaten,12,1224,11,2022,3.49,1.84
kabupaten,12,1224,12,2022,0.92,3.29
kabupaten,12,1224,13,2022,1.9,0.06
kabupaten,12,1224,14,2022,0.2,6.14
kabupaten,12,1224,15,2022,3.53,2.13
kabupaten,12,1224,16,2022,0.28,0.86
kabupaten,12,1224,17,2022,1.38,0.27
kabupaten,12,1224,1,2023,3.24,55.28
kabupaten,12,1224,2,2023,5.2,6.13
kabupaten,12,1224,3,2023,2.73,0.22
kabupaten,12,1224,4,2023,1.57,0.15
kabupaten,12,1224,5,2023,0.85,0.05
kabupaten,12,1224,6,2023,5.21,8.32
kabupaten,12,1224,7,2023,4.71,10.51
kabupaten,12,1224,8,2023,2.99,1.65
kabupaten,12,1224,9,2023,5.03,2.64
kabupaten,12,1224,10,2023,5.47,0.48
kabupaten,12,1224,11,2023,4.68,1.86
kabupaten,12,1224,12,2023,2.68,3.26
kabupaten,12,1224,13,2023,3.11,0.06
kabupaten,12,1224,14,2023,3.64,6.13
kabupaten,12,1224,15,2023,4.11,2.14
kabupaten,12,1224,16,2023,4.46,0.87
kabupaten,12,1224,17,2023,4.84,0.27
kabupaten,12,1224,1,2024,2.84,54.85
kabupaten,12,1224,2,2024,4.95,6.21
kabupaten,12,1224,3,2024,4.07,0.22
kabupaten,12,1224,4,2024,1.55,0.15
kabupaten,12,1224,5,2024,1.69,0.04
kabupaten,12,1224,6,2024,5.55,8.47
kabupaten,12,1224,7,2024,5.45,10.69
kabupaten,12,1224,8,2024,3.6,1.65
kabupaten,12,1224,9,2024,2.04,2.59
kabupaten,12,1224,10,2024,3.73,0.48
kabupaten,12,1224,11,2024,1.83,1.83
kabupaten,12,1224,12,2024,1.32,3.18
kabupaten,12,1224,13,2024,1.2,0.06
kabupaten,12,1224,14,2024,6.38,6.29
kabupaten,12,1224,15,2024,3.18,2.13
kabupaten,12,1224,16,2024,4.36,0.88
kabupaten,12,1224,17,2024,5.05,0.27
kabupaten,12,1224,1,2025,3.17,54.73
kabupaten,12,1224,2,2025,0.49,6.03
kabupaten,12,1224,3,2025,2.21,0.22
kabupaten,12,1224,4,2025,2.79,0.15
kabupaten,12,1224,5,2025,4.17,0.05
kabupaten,12,1224,6,2025,1.63,8.33
kabupaten,12,1224,7,2025,6.81,11.04
kabupaten,12,1224,8,2025,3.63,1.66
kabupaten,12,1224,9,2025,7.83,2.71
kabupaten,12,1224,10,2025,3.59,0.48
kabupaten,12,1224,11,2025,3.06,1.82
kabupaten,12,1224,12,2025,1.78,3.13
kabupaten,12,1224,13,2025,2.38,0.06
kabupaten,12,1224,14,2025,3.55,6.3
kabupaten,12,1224,15,2025,4.42,2.15
kabupaten,12,1224,16,2025,2.9,0.87
kabupaten,12,1224,17,2025,4.4,0.27
kabupaten,12,1225,1,2021,0,57.81
kabupaten,12,1225,2,2021,0,3.34
kabupaten,12,1225,3,2021,0,0.23
kabupaten,12,1225,4,2021,0,0.16
kabupaten,12,1225,5,2021,0,0
kabupaten,12,1225,6,2021,0,8.47
kabupaten,12,1225,7,2021,0,11.81
kabupaten,12,1225,8,2021,0,1.48
kabupaten,12,1225,9,2021,0,1.63
kabupaten,12,1225,10,2021,0,0.54
kabupaten,12,1225,11,2021,0,1.79
kabupaten,12,1225,12,2021,0,2.41
kabupaten,12,1225,13,2021,0,0.08
kabupaten,12,1225,14,2021,0,7.46
kabupaten,12,1225,15,2021,0,1.86
kabupaten,12,1225,16,2021,0,0.7
kabupaten,12,1225,17,2021,0,0.23
kabupaten,12,1225,1,2022,2.96,57.85
kabupaten,12,1225,2,2022,2.33,3.32
kabupaten,12,1225,3,2022,0,0.23
kabupaten,12,1225,4,2022,0,0.15
kabupaten,12,1225,5,2022,0,0
kabupaten,12,1225,6,2022,2.75,8.46
kabupaten,12,1225,7,2022,4.61,12.01
kabupaten,12,1225,8,2022,5.26,1.51
kabupaten,12,1225,9,2022,4.76,1.66
kabupaten,12,1225,10,2022,0,0.53
kabupaten,12,1225,11,2022,0,1.74
kabupaten,12,1225,12,2022,3.23,2.42
kabupaten,12,1225,13,2022,0,0.08
kabupaten,12,1225,14,2022,0,7.25
kabupaten,12,1225,15,2022,4.17,1.89
kabupaten,12,1225,16,2022,0,0.68
kabupaten,12,1225,17,2022,0,0.23
kabupaten,12,1225,1,2023,2.61,57.25
kabupaten,12,1225,2,2023,9.09,3.5
kabupaten,12,1225,3,2023,0,0.22
kabupaten,12,1225,4,2023,0,0.15
kabupaten,12,1225,5,2023,0,0
kabupaten,12,1225,6,2023,6.25,8.67
kabupaten,12,1225,7,2023,5.03,12.16
kabupaten,12,1225,8,2023,5,1.53
kabupaten,12,1225,9,2023,4.55,1.68
kabupaten,12,1225,10,2023,0,0.51
kabupaten,12,1225,11,2023,8.7,1.82
kabupaten,12,1225,12,2023,3.13,2.4
kabupaten,12,1225,13,2023,0,0.07
kabupaten,12,1225,14,2023,3.13,7.21
kabupaten,12,1225,15,2023,4,1.89
kabupaten,12,1225,16,2023,11.11,0.73
kabupaten,12,1225,17,2023,0,0.22
kabupaten,12,1225,1,2024,3.18,56.91
kabupaten,12,1225,2,2024,4.17,3.51
kabupaten,12,1225,3,2024,0,0.21
kabupaten,12,1225,4,2024,0,0.14
kabupaten,12,1225,5,2024,0,0
kabupaten,12,1225,6,2024,5.88,8.84
kabupaten,12,1225,7,2024,4.79,12.28
kabupaten,12,1225,8,2024,0,1.47
kabupaten,12,1225,9,2024,4.35,1.68
kabupaten,12,1225,10,2024,14.29,0.56
kabupaten,12,1225,11,2024,0,1.75
kabupaten,12,1225,12,2024,3.03,2.39
kabupaten,12,1225,13,2024,0,0.07
kabupaten,12,1225,14,2024,6.06,7.37
kabupaten,12,1225,15,2024,3.85,1.89
kabupaten,12,1225,16,2024,0,0.7
kabupaten,12,1225,17,2024,0,0.21
kabupaten,12,1225,1,2025,2.84,57.16
kabupaten,12,1225,2,2025,2,3.5
kabupaten,12,1225,3,2025,0,0.21
kabupaten,12,1225,4,2025,0,0.14
kabupaten,12,1225,5,2025,0,0
kabupaten,12,1225,6,2025,0,8.64
kabupaten,12,1225,7,2025,1.14,12.13
kabupaten,12,1225,8,2025,9.52,1.58
kabupaten,12,1225,9,2025,4.17,1.71
kabupaten,12,1225,10,2025,0,0.55
kabupaten,12,1225,11,2025,4,1.78
kabupaten,12,1225,12,2025,5.88,2.47
kabupaten,12,1225,13,2025,0,0.07
kabupaten,12,1225,14,2025,0,7.2
kabupaten,12,1225,15,2025,3.7,1.92
kabupaten,12,1225,16,2025,0,0.69
kabupaten,12,1225,17,2025,33.33,0.27
kabupaten,12,1271,1,2021,0,0.87
kabupaten,12,1271,2,2021,0,0
kabupaten,12,1271,3,2021,0,13.33
kabupaten,12,1271,4,2021,0,0.12
kabupaten,12,1271,5,2021,0,0.19
kabupaten,12,1271,6,2021,0,19.68
kabupaten,12,1271,7,2021,0,26.43
kabupaten,12,1271,8,2021,0,5.23
kabupaten,12,1271,9,2021,0,2.29
kabupaten,12,1271,10,2021,0,7.85
kabupaten,12,1271,11,2021,0,6.2
kabupaten,12,1271,12,2021,0,8.07
kabupaten,12,1271,13,2021,0,2.3
kabupaten,12,1271,14,2021,0,1.74
kabupaten,12,1271,15,2021,0,3.06
kabupaten,12,1271,16,2021,0,1.53
kabupaten,12,1271,17,2021,0,1.1
kabupaten,12,1271,1,2022,1.04,0.84
kabupaten,12,1271,2,2022,1.58,0
kabupaten,12,1271,3,2022,2.19,13
kabupaten,12,1271,4,2022,3.34,0.12
kabupaten,12,1271,5,2022,3.23,0.19
kabupaten,12,1271,6,2022,2.66,19.3
kabupaten,12,1271,7,2022,4.78,26.45
kabupaten,12,1271,8,2022,11.67,5.58
kabupaten,12,1271,9,2022,10.84,2.42
kabupaten,12,1271,10,2022,9.25,8.19
kabupaten,12,1271,11,2022,2.6,6.07
kabupaten,12,1271,12,2022,4.25,8.04
kabupaten,12,1271,13,2022,10.87,2.44
kabupaten,12,1271,14,2022,-0.78,1.65
kabupaten,12,1271,15,2022,3.57,3.03
kabupaten,12,1271,16,2022,5.65,1.55
kabupaten,12,1271,17,2022,8.33,1.13
kabupaten,12,1271,1,2023,2.68,0.82
kabupaten,12,1271,2,2023,4.66,0
kabupaten,12,1271,3,2023,2.66,12.71
kabupaten,12,1271,4,2023,2.84,0.11
kabupaten,12,1271,5,2023,1.9,0.18
kabupaten,12,1271,6,2023,4.41,19.18
kabupaten,12,1271,7,2023,5.28,26.51
kabupaten,12,1271,8,2023,11.16,5.9
kabupaten,12,1271,9,2023,12.65,2.6
kabupaten,12,1271,10,2023,8.23,8.44
kabupaten,12,1271,11,2023,2.43,5.92
kabupaten,12,1271,12,2023,2.63,7.85
kabupaten,12,1271,13,2023,7.76,2.5
kabupaten,12,1271,14,2023,-4.16,1.51
kabupaten,12,1271,15,2023,6.26,3.07
kabupaten,12,1271,16,2023,1.89,1.5
kabupaten,12,1271,17,2023,10.38,1.19
kabupaten,12,1271,1,2024,1.55,0.79
kabupaten,12,1271,2,2024,1.49,0
kabupaten,12,1271,3,2024,3.2,12.48
kabupaten,12,1271,4,2024,5.8,0.11
kabupaten,12,1271,5,2024,1.02,0.18
kabupaten,12,1271,6,2024,5.32,19.23
kabupaten,12,1271,7,2024,2.97,25.98
kabupaten,12,1271,8,2024,9.51,6.15
kabupaten,12,1271,9,2024,14.5,2.83
kabupaten,12,1271,10,2024,7.67,8.65
kabupaten,12,1271,11,2024,3.38,5.82
kabupaten,12,1271,12,2024,5.68,7.9
kabupaten,12,1271,13,2024,9.18,2.6
kabupaten,12,1271,14,2024,1.91,1.46
kabupaten,12,1271,15,2024,5.13,3.07
kabupaten,12,1271,16,2024,5.71,1.51
kabupaten,12,1271,17,2024,8.71,1.23
kabupaten,12,1271,1,2025,4.71,0.79
kabupaten,12,1271,2,2025,3.41,0
kabupaten,12,1271,3,2025,2.9,12.22
kabupaten,12,1271,4,2025,0.42,0.11
kabupaten,12,1271,5,2025,8.32,0.18
kabupaten,12,1271,6,2025,-0.21,18.26
kabupaten,12,1271,7,2025,7.39,26.54
kabupaten,12,1271,8,2025,11.24,6.51
kabupaten,12,1271,9,2025,3.2,2.78
kabupaten,12,1271,10,2025,6.12,8.74
kabupaten,12,1271,11,2025,4.07,5.77
kabupaten,12,1271,12,2025,8.31,8.14
kabupaten,12,1271,13,2025,11.17,2.75
kabupaten,12,1271,14,2025,1.82,1.42
kabupaten,12,1271,15,2025,2.93,3
kabupaten,12,1271,16,2025,8.7,1.56
kabupaten,12,1271,17,2025,5.08,1.23
kabupaten,12,1272,1,2021,0,1.7
kabupaten,12,1272,2,2021,0,0.01
kabupaten,12,1272,3,2021,0,20.06
kabupaten,12,1272,4,2021,0,0.32
kabupaten,12,1272,5,2021,0,0.31
kabupaten,12,1272,6,2021,0,8.87
kabupaten,12,1272,7,2021,0,27.3
kabupaten,12,1272,8,2021,0,7.41
kabupaten,12,1272,9,2021,0,5.56
kabupaten,12,1272,10,2021,0,2.48
kabupaten,12,1272,11,2021,0,3.95
kabupaten,12,1272,12,2021,0,6.82
kabupaten,12,1272,13,2021,0,0.88
kabupaten,12,1272,14,2021,0,4.79
kabupaten,12,1272,15,2021,0,7.8
kabupaten,12,1272,16,2021,0,1.19
kabupaten,12,1272,17,2021,0,0.56
kabupaten,12,1272,1,2022,1.31,1.66
kabupaten,12,1272,2,2022,0,0.01
kabupaten,12,1272,3,2022,1.78,19.73
kabupaten,12,1272,4,2022,4.08,0.32
kabupaten,12,1272,5,2022,1.81,0.3
kabupaten,12,1272,6,2022,2.13,8.76
kabupaten,12,1272,7,2022,5.77,27.91
kabupaten,12,1272,8,2022,3.07,7.38
kabupaten,12,1272,9,2022,6.15,5.71
kabupaten,12,1272,10,2022,2.66,2.46
kabupaten,12,1272,11,2022,3.57,3.95
kabupaten,12,1272,12,2022,2.92,6.78
kabupaten,12,1272,13,2022,4.18,0.89
kabupaten,12,1272,14,2022,-0.04,4.62
kabupaten,12,1272,15,2022,2.8,7.75
kabupaten,12,1272,16,2022,4.61,1.2
kabupaten,12,1272,17,2022,4.08,0.57
kabupaten,12,1272,1,2023,-0.06,1.59
kabupaten,12,1272,2,2023,2.08,0.01
kabupaten,12,1272,3,2023,-0.98,18.74
kabupaten,12,1272,4,2023,1.79,0.31
kabupaten,12,1272,5,2023,1.58,0.29
kabupaten,12,1272,6,2023,7.04,9
kabupaten,12,1272,7,2023,4.99,28.11
kabupaten,12,1272,8,2023,6.79,7.56
kabupaten,12,1272,9,2023,6.75,5.85
kabupaten,12,1272,10,2023,5.31,2.48
kabupaten,12,1272,11,2023,3.23,3.91
kabupaten,12,1272,12,2023,4.16,6.78
kabupaten,12,1272,13,2023,4.29,0.89
kabupaten,12,1272,14,2023,9.83,4.87
kabupaten,12,1272,15,2023,4.96,7.8
kabupaten,12,1272,16,2023,4.94,1.21
kabupaten,12,1272,17,2023,5.92,0.58
kabupaten,12,1272,1,2024,1.82,1.55
kabupaten,12,1272,2,2024,2.04,0.01
kabupaten,12,1272,3,2024,-1.25,17.7
kabupaten,12,1272,4,2024,1.51,0.31
kabupaten,12,1272,5,2024,0.36,0.28
kabupaten,12,1272,6,2024,6.36,9.15
kabupaten,12,1272,7,2024,7.37,28.86
kabupaten,12,1272,8,2024,4.08,7.53
kabupaten,12,1272,9,2024,6.65,5.96
kabupaten,12,1272,10,2024,5.83,2.51
kabupaten,12,1272,11,2024,5.34,3.94
kabupaten,12,1272,12,2024,6.17,6.88
kabupaten,12,1272,13,2024,2.62,0.87
kabupaten,12,1272,14,2024,6.14,4.94
kabupaten,12,1272,15,2024,3.59,7.73
kabupaten,12,1272,16,2024,4.78,1.21
kabupaten,12,1272,17,2024,5.05,0.58
kabupaten,12,1272,1,2025,3.77,1.55
kabupaten,12,1272,2,2025,0,0.01
kabupaten,12,1272,3,2025,0.94,17.16
kabupaten,12,1272,4,2025,1.06,0.3
kabupaten,12,1272,5,2025,1.05,0.27
kabupaten,12,1272,6,2025,3.32,9.08
kabupaten,12,1272,7,2025,7.7,29.86
kabupaten,12,1272,8,2025,5.08,7.6
kabupaten,12,1272,9,2025,6.16,6.08
kabupaten,12,1272,10,2025,1.91,2.46
kabupaten,12,1272,11,2025,2.66,3.89
kabupaten,12,1272,12,2025,4.23,6.89
kabupaten,12,1272,13,2025,1.73,0.85
kabupaten,12,1272,14,2025,-1.24,4.69
kabupaten,12,1272,15,2025,1.63,7.54
kabupaten,12,1272,16,2025,3.93,1.21
kabupaten,12,1272,17,2025,2.15,0.57
kabupaten,12,1273,1,2021,0,18.84
kabupaten,12,1273,2,2021,0,0
kabupaten,12,1273,3,2021,0,4.64
kabupaten,12,1273,4,2021,0,0.13
kabupaten,12,1273,5,2021,0,0.32
kabupaten,12,1273,6,2021,0,11.32
kabupaten,12,1273,7,2021,0,27.34
kabupaten,12,1273,8,2021,0,8.86
kabupaten,12,1273,9,2021,0,5.01
kabupaten,12,1273,10,2021,0,1.74
kabupaten,12,1273,11,2021,0,2.57
kabupaten,12,1273,12,2021,0,4.7
kabupaten,12,1273,13,2021,0,0.54
kabupaten,12,1273,14,2021,0,7.33
kabupaten,12,1273,15,2021,0,5.02
kabupaten,12,1273,16,2021,0,1.27
kabupaten,12,1273,17,2021,0,0.36
kabupaten,12,1273,1,2022,1.97,18.45
kabupaten,12,1273,2,2022,0,0
kabupaten,12,1273,3,2022,4.09,4.64
kabupaten,12,1273,4,2022,3.93,0.13
kabupaten,12,1273,5,2022,4.17,0.32
kabupaten,12,1273,6,2022,1.98,11.08
kabupaten,12,1273,7,2022,5.66,27.74
kabupaten,12,1273,8,2022,7.26,9.13
kabupaten,12,1273,9,2022,8.86,5.24
kabupaten,12,1273,10,2022,5.29,1.76
kabupaten,12,1273,11,2022,4.75,2.58
kabupaten,12,1273,12,2022,3.1,4.66
kabupaten,12,1273,13,2022,8.86,0.56
kabupaten,12,1273,14,2022,-0.13,7.03
kabupaten,12,1273,15,2022,4.56,5.03
kabupaten,12,1273,16,2022,4.8,1.28
kabupaten,12,1273,17,2022,8.15,0.37
kabupaten,12,1273,1,2023,2.26,18.11
kabupaten,12,1273,2,2023,0,0
kabupaten,12,1273,3,2023,3.84,4.63
kabupaten,12,1273,4,2023,2.19,0.13
kabupaten,12,1273,5,2023,2.34,0.31
kabupaten,12,1273,6,2023,3.93,11.05
kabupaten,12,1273,7,2023,5.29,28.03
kabupaten,12,1273,8,2023,6.72,9.35
kabupaten,12,1273,9,2023,6.08,5.33
kabupaten,12,1273,10,2023,2.93,1.74
kabupaten,12,1273,11,2023,4.67,2.59
kabupaten,12,1273,12,2023,2.41,4.58
kabupaten,12,1273,13,2023,3.98,0.56
kabupaten,12,1273,14,2023,2.49,6.91
kabupaten,12,1273,15,2023,3.85,5.02
kabupaten,12,1273,16,2023,5.42,1.29
kabupaten,12,1273,17,2023,4.02,0.37
kabupaten,12,1273,1,2024,2.64,17.88
kabupaten,12,1273,2,2024,0,0
kabupaten,12,1273,3,2024,4.02,4.63
kabupaten,12,1273,4,2024,1.75,0.13
kabupaten,12,1273,5,2024,2.04,0.31
kabupaten,12,1273,6,2024,2.92,10.95
kabupaten,12,1273,7,2024,4.74,28.25
kabupaten,12,1273,8,2024,5.19,9.46
kabupaten,12,1273,9,2024,5.47,5.41
kabupaten,12,1273,10,2024,0.94,1.69
kabupaten,12,1273,11,2024,5.1,2.62
kabupaten,12,1273,12,2024,2.12,4.5
kabupaten,12,1273,13,2024,4.42,0.57
kabupaten,12,1273,14,2024,3.97,6.92
kabupaten,12,1273,15,2024,3.99,5.02
kabupaten,12,1273,16,2024,4.47,1.3
kabupaten,12,1273,17,2024,4.21,0.37
kabupaten,12,1273,1,2025,0.68,17.48
kabupaten,12,1273,2,2025,0,0
kabupaten,12,1273,3,2025,2.73,4.62
kabupaten,12,1273,4,2025,-0.96,0.12
kabupaten,12,1273,5,2025,-0.32,0.3
kabupaten,12,1273,6,2025,-0.04,10.62
kabupaten,12,1273,7,2025,4.96,28.78
kabupaten,12,1273,8,2025,5.92,9.73
kabupaten,12,1273,9,2025,4.23,5.47
kabupaten,12,1273,10,2025,1.88,1.67
kabupaten,12,1273,11,2025,1.27,2.58
kabupaten,12,1273,12,2025,2.71,4.48
kabupaten,12,1273,13,2025,4.53,0.57
kabupaten,12,1273,14,2025,1.05,6.78
kabupaten,12,1273,15,2025,3.88,5.06
kabupaten,12,1273,16,2025,6.71,1.34
kabupaten,12,1273,17,2025,6.88,0.39
kabupaten,12,1274,1,2021,0,16.08
kabupaten,12,1274,2,2021,0,2.14
kabupaten,12,1274,3,2021,0,19.88
kabupaten,12,1274,4,2021,0,0.73
kabupaten,12,1274,5,2021,0,0.18
kabupaten,12,1274,6,2021,0,14.43
kabupaten,12,1274,7,2021,0,22.44
kabupaten,12,1274,8,2021,0,6.02
kabupaten,12,1274,9,2021,0,2.39
kabupaten,12,1274,10,2021,0,1.29
kabupaten,12,1274,11,2021,0,1.79
kabupaten,12,1274,12,2021,0,3.22
kabupaten,12,1274,13,2021,0,0.31
kabupaten,12,1274,14,2021,0,5.64
kabupaten,12,1274,15,2021,0,1.65
kabupaten,12,1274,16,2021,0,0.76
kabupaten,12,1274,17,2021,0,1.04
kabupaten,12,1274,1,2022,2.06,15.79
kabupaten,12,1274,2,2022,2.42,2.11
kabupaten,12,1274,3,2022,2.82,19.67
kabupaten,12,1274,4,2022,6.47,0.75
kabupaten,12,1274,5,2022,1.16,0.17
kabupaten,12,1274,6,2022,2.04,14.17
kabupaten,12,1274,7,2022,7.8,23.27
kabupaten,12,1274,8,2022,6.73,6.18
kabupaten,12,1274,9,2022,5.84,2.44
kabupaten,12,1274,10,2022,5.19,1.31
kabupaten,12,1274,11,2022,3.76,1.78
kabupaten,12,1274,12,2022,3.02,3.19
kabupaten,12,1274,13,2022,7.2,0.32
kabupaten,12,1274,14,2022,-1.8,5.33
kabupaten,12,1274,15,2022,5.85,1.68
kabupaten,12,1274,16,2022,5.14,0.77
kabupaten,12,1274,17,2022,6.41,1.06
kabupaten,12,1274,1,2023,2.9,15.5
kabupaten,12,1274,2,2023,3.38,2.08
kabupaten,12,1274,3,2023,4.52,19.6
kabupaten,12,1274,4,2023,1.09,0.72
kabupaten,12,1274,5,2023,2.96,0.17
kabupaten,12,1274,6,2023,4.44,14.12
kabupaten,12,1274,7,2023,5.19,23.34
kabupaten,12,1274,8,2023,5.85,6.24
kabupaten,12,1274,9,2023,8.01,2.51
kabupaten,12,1274,10,2023,5.43,1.32
kabupaten,12,1274,11,2023,5.15,1.79
kabupaten,12,1274,12,2023,3.63,3.15
kabupaten,12,1274,13,2023,4.78,0.32
kabupaten,12,1274,14,2023,9.9,5.59
kabupaten,12,1274,15,2023,6.04,1.7
kabupaten,12,1274,16,2023,2.97,0.76
kabupaten,12,1274,17,2023,8.09,1.09
kabupaten,12,1274,1,2024,-0.01,14.77
kabupaten,12,1274,2,2024,3.01,2.04
kabupaten,12,1274,3,2024,8.34,20.24
kabupaten,12,1274,4,2024,5.21,0.72
kabupaten,12,1274,5,2024,3.9,0.17
kabupaten,12,1274,6,2024,5.61,14.21
kabupaten,12,1274,7,2024,5.84,23.55
kabupaten,12,1274,8,2024,5.15,6.26
kabupaten,12,1274,9,2024,5.11,2.51
kabupaten,12,1274,10,2024,4.88,1.32
kabupaten,12,1274,11,2024,1.78,1.74
kabupaten,12,1274,12,2024,3.12,3.1
kabupaten,12,1274,13,2024,3.25,0.32
kabupaten,12,1274,14,2024,3.14,5.49
kabupaten,12,1274,15,2024,3.53,1.68
kabupaten,12,1274,16,2024,6.37,0.77
kabupaten,12,1274,17,2024,6.8,1.11
kabupaten,12,1274,1,2025,1.29,14.28
kabupaten,12,1274,2,2025,2.69,2
kabupaten,12,1274,3,2025,6.25,20.53
kabupaten,12,1274,4,2025,3.48,0.72
kabupaten,12,1274,5,2025,3.66,0.16
kabupaten,12,1274,6,2025,0.98,13.7
kabupaten,12,1274,7,2025,7.82,24.24
kabupaten,12,1274,8,2025,8.36,6.47
kabupaten,12,1274,9,2025,7.28,2.58
kabupaten,12,1274,10,2025,3.84,1.3
kabupaten,12,1274,11,2025,2.93,1.71
kabupaten,12,1274,12,2025,6.99,3.16
kabupaten,12,1274,13,2025,6.11,0.32
kabupaten,12,1274,14,2025,0.07,5.25
kabupaten,12,1274,15,2025,5.21,1.69
kabupaten,12,1274,16,2025,5.08,0.77
kabupaten,12,1274,17,2025,5.69,1.12
kabupaten,12,1275,1,2021,0,3.13
kabupaten,12,1275,2,2021,0,3
kabupaten,12,1275,3,2021,0,10.65
kabupaten,12,1275,4,2021,0,0.18
kabupaten,12,1275,5,2021,0,0.12
kabupaten,12,1275,6,2021,0,11.61
kabupaten,12,1275,7,2021,0,30.81
kabupaten,12,1275,8,2021,0,7.71
kabupaten,12,1275,9,2021,0,5.6
kabupaten,12,1275,10,2021,0,3.61
kabupaten,12,1275,11,2021,0,3.35
kabupaten,12,1275,12,2021,0,7.17
kabupaten,12,1275,13,2021,0,0.71
kabupaten,12,1275,14,2021,0,6.03
kabupaten,12,1275,15,2021,0,4.85
kabupaten,12,1275,16,2021,0,0.97
kabupaten,12,1275,17,2021,0,0.5
kabupaten,12,1275,1,2022,2.71,3.09
kabupaten,12,1275,2,2022,2.32,2.95
kabupaten,12,1275,3,2022,2.85,10.51
kabupaten,12,1275,4,2022,6.55,0.18
kabupaten,12,1275,5,2022,0.61,0.12
kabupaten,12,1275,6,2022,0.44,11.19
kabupaten,12,1275,7,2022,5.47,31.19
kabupaten,12,1275,8,2022,5.79,7.83
kabupaten,12,1275,9,2022,9.57,5.89
kabupaten,12,1275,10,2022,7.27,3.72
kabupaten,12,1275,11,2022,5.5,3.39
kabupaten,12,1275,12,2022,4.94,7.22
kabupaten,12,1275,13,2022,6.82,0.73
kabupaten,12,1275,14,2022,-0.45,5.77
kabupaten,12,1275,15,2022,2.25,4.76
kabupaten,12,1275,16,2022,4.24,0.97
kabupaten,12,1275,17,2022,2.69,0.5
kabupaten,12,1275,1,2023,2.88,3.03
kabupaten,12,1275,2,2023,1.65,2.86
kabupaten,12,1275,3,2023,3.25,10.36
kabupaten,12,1275,4,2023,4.47,0.18
kabupaten,12,1275,5,2023,2.64,0.11
kabupaten,12,1275,6,2023,2.96,11
kabupaten,12,1275,7,2023,5.53,31.43
kabupaten,12,1275,8,2023,8.2,8.09
kabupaten,12,1275,9,2023,9.45,6.15
kabupaten,12,1275,10,2023,6.05,3.76
kabupaten,12,1275,11,2023,4.05,3.37
kabupaten,12,1275,12,2023,3.13,7.11
kabupaten,12,1275,13,2023,6.21,0.74
kabupaten,12,1275,14,2023,1.33,5.58
kabupaten,12,1275,15,2023,4.77,4.76
kabupaten,12,1275,16,2023,4.63,0.97
kabupaten,12,1275,17,2023,3.57,0.49
kabupaten,12,1275,1,2024,3.94,3.01
kabupaten,12,1275,2,2024,-3.41,2.64
kabupaten,12,1275,3,2024,3.4,10.24
kabupaten,12,1275,4,2024,2.79,0.18
kabupaten,12,1275,5,2024,0.5,0.11
kabupaten,12,1275,6,2024,3.1,10.84
kabupaten,12,1275,7,2024,5.61,31.71
kabupaten,12,1275,8,2024,8.08,8.36
kabupaten,12,1275,9,2024,9.91,6.46
kabupaten,12,1275,10,2024,7.43,3.86
kabupaten,12,1275,11,2024,2.31,3.29
kabupaten,12,1275,12,2024,2.04,6.93
kabupaten,12,1275,13,2024,4.14,0.74
kabupaten,12,1275,14,2024,2.32,5.45
kabupaten,12,1275,15,2024,3.84,4.72
kabupaten,12,1275,16,2024,4.26,0.97
kabupaten,12,1275,17,2024,5.31,0.5
kabupaten,12,1275,1,2025,7.62,3.1
kabupaten,12,1275,2,2025,-2.58,2.46
kabupaten,12,1275,3,2025,3.21,10.11
kabupaten,12,1275,4,2025,1.33,0.17
kabupaten,12,1275,5,2025,5.02,0.11
kabupaten,12,1275,6,2025,-0.05,10.37
kabupaten,12,1275,7,2025,5.79,32.1
kabupaten,12,1275,8,2025,10.78,8.86
kabupaten,12,1275,9,2025,4.95,6.49
kabupaten,12,1275,10,2025,5.5,3.9
kabupaten,12,1275,11,2025,0.95,3.18
kabupaten,12,1275,12,2025,7.19,7.11
kabupaten,12,1275,13,2025,7.45,0.76
kabupaten,12,1275,14,2025,-2.25,5.1
kabupaten,12,1275,15,2025,3.94,4.7
kabupaten,12,1275,16,2025,6.39,0.99
kabupaten,12,1275,17,2025,5.7,0.5
kabupaten,12,1276,1,2021,0,12.59
kabupaten,12,1276,2,2021,0,0.15
kabupaten,12,1276,3,2021,0,11.03
kabupaten,12,1276,4,2021,0,0.18
kabupaten,12,1276,5,2021,0,0.21
kabupaten,12,1276,6,2021,0,12.9
kabupaten,12,1276,7,2021,0,21.33
kabupaten,12,1276,8,2021,0,7
kabupaten,12,1276,9,2021,0,3.88
kabupaten,12,1276,10,2021,0,2.62
kabupaten,12,1276,11,2021,0,4.38
kabupaten,12,1276,12,2021,0,7.14
kabupaten,12,1276,13,2021,0,0.37
kabupaten,12,1276,14,2021,0,8.78
kabupaten,12,1276,15,2021,0,5.53
kabupaten,12,1276,16,2021,0,1.04
kabupaten,12,1276,17,2021,0,0.89
kabupaten,12,1276,1,2022,-89.61,1.42
kabupaten,12,1276,2,2022,3.63,0.17
kabupaten,12,1276,3,2022,1.23,12.1
kabupaten,12,1276,4,2022,4.52,0.2
kabupaten,12,1276,5,2022,3.4,0.23
kabupaten,12,1276,6,2022,2.2,14.3
kabupaten,12,1276,7,2022,4.1,24.07
kabupaten,12,1276,8,2022,9.33,8.3
kabupaten,12,1276,9,2022,8.02,4.54
kabupaten,12,1276,10,2022,9.35,3.11
kabupaten,12,1276,11,2022,4.16,4.94
kabupaten,12,1276,12,2022,4.68,8.1
kabupaten,12,1276,13,2022,5.9,0.42
kabupaten,12,1276,14,2022,0.09,9.53
kabupaten,12,1276,15,2022,4.92,6.29
kabupaten,12,1276,16,2022,8.9,1.23
kabupaten,12,1276,17,2022,8.52,1.04
kabupaten,12,1276,1,2023,3.12,1.41
kabupaten,12,1276,2,2023,4.62,0.17
kabupaten,12,1276,3,2023,-0.53,11.58
kabupaten,12,1276,4,2023,0.7,0.2
kabupaten,12,1276,5,2023,2.06,0.23
kabupaten,12,1276,6,2023,2.84,14.14
kabupaten,12,1276,7,2023,4.2,24.12
kabupaten,12,1276,8,2023,6.07,8.47
kabupaten,12,1276,9,2023,5.44,4.61
kabupaten,12,1276,10,2023,8.13,3.23
kabupaten,12,1276,11,2023,5.23,5
kabupaten,12,1276,12,2023,3.8,8.09
kabupaten,12,1276,13,2023,8.05,0.44
kabupaten,12,1276,14,2023,3.2,9.46
kabupaten,12,1276,15,2023,7.56,6.51
kabupaten,12,1276,16,2023,6.66,1.26
kabupaten,12,1276,17,2023,9.29,1.1
kabupaten,12,1276,1,2024,0.39,1.37
kabupaten,12,1276,2,2024,1.74,0.17
kabupaten,12,1276,3,2024,-1.92,10.98
kabupaten,12,1276,4,2024,2.09,0.2
kabupaten,12,1276,5,2024,2.22,0.23
kabupaten,12,1276,6,2024,1.33,13.86
kabupaten,12,1276,7,2024,6.32,24.81
kabupaten,12,1276,8,2024,2.39,8.39
kabupaten,12,1276,9,2024,6.41,4.74
kabupaten,12,1276,10,2024,5.36,3.29
kabupaten,12,1276,11,2024,4.13,5.04
kabupaten,12,1276,12,2024,3.31,8.08
kabupaten,12,1276,13,2024,3.7,0.44
kabupaten,12,1276,14,2024,3.58,9.48
kabupaten,12,1276,15,2024,3.65,6.52
kabupaten,12,1276,16,2024,4.76,1.28
kabupaten,12,1276,17,2024,6.2,1.13
kabupaten,12,1276,1,2025,3.01,1.36
kabupaten,12,1276,2,2025,1.05,0.17
kabupaten,12,1276,3,2025,0.8,10.74
kabupaten,12,1276,4,2025,-0.11,0.19
kabupaten,12,1276,5,2025,-1.78,0.21
kabupaten,12,1276,6,2025,2.89,13.84
kabupaten,12,1276,7,2025,6.65,25.67
kabupaten,12,1276,8,2025,2.15,8.31
kabupaten,12,1276,9,2025,5.39,4.85
kabupaten,12,1276,10,2025,1.77,3.25
kabupaten,12,1276,11,2025,0.52,4.91
kabupaten,12,1276,12,2025,1.82,7.98
kabupaten,12,1276,13,2025,1.06,0.43
kabupaten,12,1276,14,2025,-0.3,9.17
kabupaten,12,1276,15,2025,2.32,6.48
kabupaten,12,1276,16,2025,2.81,1.28
kabupaten,12,1276,17,2025,5.52,1.15
kabupaten,12,1277,1,2021,0,11.63
kabupaten,12,1277,2,2021,0,0.46
kabupaten,12,1277,3,2021,0,3.73
kabupaten,12,1277,4,2021,0,0.24
kabupaten,12,1277,5,2021,0,0.21
kabupaten,12,1277,6,2021,0,11.88
kabupaten,12,1277,7,2021,0,22.79
kabupaten,12,1277,8,2021,0,6.53
kabupaten,12,1277,9,2021,0,6.2
kabupaten,12,1277,10,2021,0,3.57
kabupaten,12,1277,11,2021,0,5.55
kabupaten,12,1277,12,2021,0,4.17
kabupaten,12,1277,13,2021,0,0.48
kabupaten,12,1277,14,2021,0,9.42
kabupaten,12,1277,15,2021,0,11.46
kabupaten,12,1277,16,2021,0,1.22
kabupaten,12,1277,17,2021,0,0.44
kabupaten,12,1277,1,2022,3.72,11.51
kabupaten,12,1277,2,2022,3.95,0.46
kabupaten,12,1277,3,2022,2.51,3.65
kabupaten,12,1277,4,2022,4.77,0.24
kabupaten,12,1277,5,2022,1.76,0.2
kabupaten,12,1277,6,2022,4.07,11.8
kabupaten,12,1277,7,2022,5.63,22.98
kabupaten,12,1277,8,2022,7.66,6.71
kabupaten,12,1277,9,2022,10.46,6.54
kabupaten,12,1277,10,2022,8.5,3.7
kabupaten,12,1277,11,2022,3.1,5.46
kabupaten,12,1277,12,2022,4.09,4.14
kabupaten,12,1277,13,2022,3.56,0.47
kabupaten,12,1277,14,2022,-0.6,8.94
kabupaten,12,1277,15,2022,5.31,11.52
kabupaten,12,1277,16,2022,3.95,1.21
kabupaten,12,1277,17,2022,6.31,0.45
kabupaten,12,1277,1,2023,3.96,11.39
kabupaten,12,1277,2,2023,5.25,0.46
kabupaten,12,1277,3,2023,1.74,3.54
kabupaten,12,1277,4,2023,2,0.23
kabupaten,12,1277,5,2023,1.3,0.2
kabupaten,12,1277,6,2023,3.8,11.66
kabupaten,12,1277,7,2023,6.85,23.36
kabupaten,12,1277,8,2023,5.35,6.73
kabupaten,12,1277,9,2023,8.4,6.75
kabupaten,12,1277,10,2023,8.83,3.83
kabupaten,12,1277,11,2023,4.18,5.41
kabupaten,12,1277,12,2023,2.11,4.03
kabupaten,12,1277,13,2023,0.84,0.45
kabupaten,12,1277,14,2023,-0.13,8.5
kabupaten,12,1277,15,2023,7.65,11.8
kabupaten,12,1277,16,2023,4.8,1.21
kabupaten,12,1277,17,2023,6.96,0.46
kabupaten,12,1277,1,2024,2.03,11.07
kabupaten,12,1277,2,2024,6.91,0.47
kabupaten,12,1277,3,2024,5.32,3.55
kabupaten,12,1277,4,2024,2.68,0.23
kabupaten,12,1277,5,2024,2.67,0.19
kabupaten,12,1277,6,2024,-3.02,10.77
kabupaten,12,1277,7,2024,6.49,23.69
kabupaten,12,1277,8,2024,7.26,6.88
kabupaten,12,1277,9,2024,8.15,6.95
kabupaten,12,1277,10,2024,7.01,3.91
kabupaten,12,1277,11,2024,5.98,5.46
kabupaten,12,1277,12,2024,6,4.06
kabupaten,12,1277,13,2024,5.39,0.46
kabupaten,12,1277,14,2024,7,8.66
kabupaten,12,1277,15,2024,6.74,12
kabupaten,12,1277,16,2024,5.28,1.21
kabupaten,12,1277,17,2024,5.87,0.46
kabupaten,12,1277,1,2025,4,10.98
kabupaten,12,1277,2,2025,5.05,0.47
kabupaten,12,1277,3,2025,4.12,3.52
kabupaten,12,1277,4,2025,3.04,0.22
kabupaten,12,1277,5,2025,2.7,0.19
kabupaten,12,1277,6,2025,-0.56,10.21
kabupaten,12,1277,7,2025,6.49,24.07
kabupaten,12,1277,8,2025,6.97,7.02
kabupaten,12,1277,9,2025,5.03,6.96
kabupaten,12,1277,10,2025,4.66,3.9
kabupaten,12,1277,11,2025,4.5,5.45
kabupaten,12,1277,12,2025,3.82,4.02
kabupaten,12,1277,13,2025,3.24,0.45
kabupaten,12,1277,14,2025,2.18,8.44
kabupaten,12,1277,15,2025,8.67,12.44
kabupaten,12,1277,16,2025,4.76,1.21
kabupaten,12,1277,17,2025,2.47,0.45
kabupaten,12,1278,1,2021,0,14.43
kabupaten,12,1278,2,2021,0,2.62
kabupaten,12,1278,3,2021,0,0.18
kabupaten,12,1278,4,2021,0,0.12
kabupaten,12,1278,5,2021,0,0.11
kabupaten,12,1278,6,2021,0,19.64
kabupaten,12,1278,7,2021,0,29.16
kabupaten,12,1278,8,2021,0,8.14
kabupaten,12,1278,9,2021,0,3.59
kabupaten,12,1278,10,2021,0,2.4
kabupaten,12,1278,11,2021,0,3.25
kabupaten,12,1278,12,2021,0,4.65
kabupaten,12,1278,13,2021,0,0.28
kabupaten,12,1278,14,2021,0,4.64
kabupaten,12,1278,15,2021,0,5.82
kabupaten,12,1278,16,2021,0,0.66
kabupaten,12,1278,17,2021,0,0.31
kabupaten,12,1278,1,2022,2.24,14.31
kabupaten,12,1278,2,2022,2.31,2.6
kabupaten,12,1278,3,2022,3.18,0.18
kabupaten,12,1278,4,2022,4.69,0.12
kabupaten,12,1278,5,2022,1.08,0.1
kabupaten,12,1278,6,2022,0.91,19.22
kabupaten,12,1278,7,2022,3.53,29.28
kabupaten,12,1278,8,2022,7.28,8.47
kabupaten,12,1278,9,2022,6.18,3.69
kabupaten,12,1278,10,2022,6.83,2.49
kabupaten,12,1278,11,2022,3.92,3.27
kabupaten,12,1278,12,2022,3.09,4.65
kabupaten,12,1278,13,2022,4.37,0.28
kabupaten,12,1278,14,2022,-0.01,4.5
kabupaten,12,1278,15,2022,3.29,5.83
kabupaten,12,1278,16,2022,4.96,0.68
kabupaten,12,1278,17,2022,5.61,0.32
kabupaten,12,1278,1,2023,2,14.08
kabupaten,12,1278,2,2023,2.79,2.57
kabupaten,12,1278,3,2023,5.86,0.18
kabupaten,12,1278,4,2023,3.14,0.12
kabupaten,12,1278,5,2023,2.14,0.1
kabupaten,12,1278,6,2023,2.07,18.92
kabupaten,12,1278,7,2023,4.18,29.42
kabupaten,12,1278,8,2023,8.28,8.84
kabupaten,12,1278,9,2023,6.51,3.79
kabupaten,12,1278,10,2023,4.85,2.52
kabupaten,12,1278,11,2023,5.18,3.32
kabupaten,12,1278,12,2023,2.49,4.59
kabupaten,12,1278,13,2023,3.9,0.28
kabupaten,12,1278,14,2023,2.9,4.46
kabupaten,12,1278,15,2023,2.87,5.78
kabupaten,12,1278,16,2023,3.38,0.67
kabupaten,12,1278,17,2023,5.31,0.33
kabupaten,12,1278,1,2024,2,13.83
kabupaten,12,1278,2,2024,2.16,2.53
kabupaten,12,1278,3,2024,4.22,0.18
kabupaten,12,1278,4,2024,3.48,0.12
kabupaten,12,1278,5,2024,2.09,0.1
kabupaten,12,1278,6,2024,3.9,18.93
kabupaten,12,1278,7,2024,4.7,29.66
kabupaten,12,1278,8,2024,4.66,8.92
kabupaten,12,1278,9,2024,4.13,3.8
kabupaten,12,1278,10,2024,4.23,2.53
kabupaten,12,1278,11,2024,3.66,3.32
kabupaten,12,1278,12,2024,3.36,4.57
kabupaten,12,1278,13,2024,3.75,0.28
kabupaten,12,1278,14,2024,4.68,4.5
kabupaten,12,1278,15,2024,2.51,5.71
kabupaten,12,1278,16,2024,5.24,0.68
kabupaten,12,1278,17,2024,3.25,0.32
kabupaten,12,1278,1,2025,1.58,13.58
kabupaten,12,1278,2,2025,3.18,2.53
kabupaten,12,1278,3,2025,5.17,0.19
kabupaten,12,1278,4,2025,1.26,0.12
kabupaten,12,1278,5,2025,1.79,0.1
kabupaten,12,1278,6,2025,-0.16,18.28
kabupaten,12,1278,7,2025,6.22,30.46
kabupaten,12,1278,8,2025,4.99,9.05
kabupaten,12,1278,9,2025,6.92,3.93
kabupaten,12,1278,10,2025,-1.68,2.4
kabupaten,12,1278,11,2025,3.94,3.33
kabupaten,12,1278,12,2025,4.72,4.63
kabupaten,12,1278,13,2025,4.88,0.29
kabupaten,12,1278,14,2025,-0.8,4.32
kabupaten,12,1278,15,2025,4.59,5.77
kabupaten,12,1278,16,2025,5.13,0.69
kabupaten,12,1278,17,2025,5.28,0.33
