tingkat_wilayah,provinsi_id,kabupaten_id,sektor_id,tahun,nilai_lq,kategori_lq,shift_share_net,klasifikasi_sektor
provinsi,19,,1,2022,1.4672,Basis,-135857727458.57,"Maju tapi Tertekan"
provinsi,19,,2,2022,1.4636,Basis,-249796914549.88,"Maju tapi Tertekan"
provinsi,19,,3,2022,1.0091,Basis,29887181421.64,"Maju dan Tumbuh Cepat"
provinsi,19,,4,2022,0.0933,"Non Basis",-6103276052.55,"Relatif Tertinggal"
provinsi,19,,5,2022,0.2007,"Non Basis",80121883.6,"Potensial / Cepat Berkembang"
provinsi,19,,6,2022,0.8346,"Non Basis",-150639670522.3,"Relatif Tertinggal"
provinsi,19,,7,2022,1.0748,Basis,401819568478.1,"Maju dan Tumbuh Cepat"
provinsi,19,,8,2022,0.9047,"Non Basis",20897693636.62,"Potensial / Cepat Berkembang"
provinsi,19,,9,2022,0.8698,"Non Basis",-21937044207.07,"Relatif Tertinggal"
provinsi,19,,10,2022,0.4458,"Non Basis",33487792788.89,"Potensial / Cepat Berkembang"
provinsi,19,,11,2022,0.42,"Non Basis",35406420391.63,"Potensial / Cepat Berkembang"
provinsi,19,,12,2022,1.1584,Basis,65469571994.24,"Maju dan Tumbuh Cepat"
provinsi,19,,13,2022,0.1259,"Non Basis",2789802731.21,"Potensial / Cepat Berkembang"
provinsi,19,,14,2022,1.6052,Basis,-122132020581.66,"Maju tapi Tertekan"
provinsi,19,,15,2022,0.7939,"Non Basis",34757911133.29,"Potensial / Cepat Berkembang"
provinsi,19,,16,2022,0.9864,"Non Basis",-4732782185.5,"Relatif Tertinggal"
provinsi,19,,17,2022,0.3867,"Non Basis",-6443304459.96,"Relatif Tertinggal"
provinsi,19,,1,2023,1.5121,Basis,264188181298.76,"Maju dan Tumbuh Cepat"
provinsi,19,,2,2023,1.3714,Basis,-474511776314.21,"Maju tapi Tertekan"
provinsi,19,,3,2023,0.9892,"Non Basis",-339971944049.97,"Relatif Tertinggal"
provinsi,19,,4,2023,0.0916,"Non Basis",-1483111956.61,"Relatif Tertinggal"
provinsi,19,,5,2023,0.1931,"Non Basis",-489511918.83,"Relatif Tertinggal"
provinsi,19,,6,2023,0.8722,"Non Basis",195188801973.14,"Potensial / Cepat Berkembang"
provinsi,19,,7,2023,1.056,Basis,-211262169811.75,"Maju tapi Tertekan"
provinsi,19,,8,2023,0.8747,"Non Basis",-102050742574.36,"Relatif Tertinggal"
provinsi,19,,9,2023,0.8748,"Non Basis",-1278818011.89,"Relatif Tertinggal"
provinsi,19,,10,2023,0.4746,"Non Basis",107415047362.52,"Potensial / Cepat Berkembang"
provinsi,19,,11,2023,0.4596,"Non Basis",93856250006.86,"Potensial / Cepat Berkembang"
provinsi,19,,12,2023,1.197,Basis,54847585153.34,"Maju dan Tumbuh Cepat"
provinsi,19,,13,2023,0.1274,"Non Basis",854778380.5,"Potensial / Cepat Berkembang"
provinsi,19,,14,2023,1.697,Basis,158418718616.14,"Maju dan Tumbuh Cepat"
provinsi,19,,15,2023,0.8694,"Non Basis",129526178725.74,"Potensial / Cepat Berkembang"
provinsi,19,,16,2023,1.0322,Basis,34164624430.55,"Maju dan Tumbuh Cepat"
provinsi,19,,17,2023,0.3907,"Non Basis",1972687126.07,"Potensial / Cepat Berkembang"
provinsi,19,,1,2024,1.6157,Basis,276716932837.03,"Maju dan Tumbuh Cepat"
provinsi,19,,2,2024,1.3092,Basis,-570211471938.42,"Maju tapi Tertekan"
provinsi,19,,3,2024,0.9492,"Non Basis",-1063776475014.1,"Relatif Tertinggal"
provinsi,19,,4,2024,0.0958,"Non Basis",157468256.78,"Potensial / Cepat Berkembang"
provinsi,19,,5,2024,0.206,"Non Basis",242993157.38,"Potensial / Cepat Berkembang"
provinsi,19,,6,2024,0.8452,"Non Basis",-400694193054.12,"Relatif Tertinggal"
provinsi,19,,7,2024,1.0466,Basis,-454612306916.8,"Maju tapi Tertekan"
provinsi,19,,8,2024,0.8595,"Non Basis",-156879054902.46,"Relatif Tertinggal"
provinsi,19,,9,2024,0.872,"Non Basis",-82668203263.75,"Relatif Tertinggal"
provinsi,19,,10,2024,0.5054,"Non Basis",44364448816.47,"Potensial / Cepat Berkembang"
provinsi,19,,11,2024,0.4614,"Non Basis",-45970863144.37,"Relatif Tertinggal"
provinsi,19,,12,2024,1.2612,Basis,21992257480.27,"Maju dan Tumbuh Cepat"
provinsi,19,,13,2024,0.1311,"Non Basis",-2261105986.36,"Relatif Tertinggal"
provinsi,19,,14,2024,1.8098,Basis,78810030899.21,"Maju dan Tumbuh Cepat"
provinsi,19,,15,2024,0.9675,"Non Basis",111050293221.1,"Potensial / Cepat Berkembang"
provinsi,19,,16,2024,1.0121,Basis,-58022940849.51,"Maju tapi Tertekan"
provinsi,19,,17,2024,0.4014,"Non Basis",-8107727656.74,"Relatif Tertinggal"
provinsi,19,,1,2025,1.5989,Basis,-250782188863.7,"Maju tapi Tertekan"
provinsi,19,,2,2025,1.4202,Basis,450646289513.58,"Maju dan Tumbuh Cepat"
provinsi,19,,3,2025,0.9501,"Non Basis",-118631092359.27,"Relatif Tertinggal"
provinsi,19,,4,2025,0.0982,"Non Basis",963734172.79,"Potensial / Cepat Berkembang"
provinsi,19,,5,2025,0.211,"Non Basis",155983079.9,"Potensial / Cepat Berkembang"
provinsi,19,,6,2025,0.8121,"Non Basis",-266605570653.05,"Relatif Tertinggal"
provinsi,19,,7,2025,1.0521,Basis,-45040767283.8,"Maju tapi Tertekan"
provinsi,19,,8,2025,0.8423,"Non Basis",-83245435510.43,"Relatif Tertinggal"
provinsi,19,,9,2025,0.8954,"Non Basis",31313858401.25,"Potensial / Cepat Berkembang"
provinsi,19,,10,2025,0.5136,"Non Basis",13513335737.63,"Potensial / Cepat Berkembang"
provinsi,19,,11,2025,0.4521,"Non Basis",-37094400507.64,"Relatif Tertinggal"
provinsi,19,,12,2025,1.2768,Basis,4668104122.32,"Maju dan Tumbuh Cepat"
provinsi,19,,13,2025,0.13,"Non Basis",-3242906348.63,"Relatif Tertinggal"
provinsi,19,,14,2025,1.7584,Basis,-142903543378.23,"Maju tapi Tertekan"
provinsi,19,,15,2025,0.9935,"Non Basis",30662362404.43,"Potensial / Cepat Berkembang"
provinsi,19,,16,2025,1.0219,Basis,-548284430.43,"Maju tapi Tertekan"
provinsi,19,,17,2025,0.4023,"Non Basis",-4626696059.03,"Relatif Tertinggal"
provinsi,21,,1,2022,0.2298,"Non Basis",159806128934.46,"Potensial / Cepat Berkembang"
provinsi,21,,2,2022,1.5797,Basis,-2818386659786.3,"Maju tapi Tertekan"
provinsi,21,,3,2022,1.9501,Basis,-291718064030.12,"Maju tapi Tertekan"
provinsi,21,,4,2022,0.923,"Non Basis",161107529389.85,"Potensial / Cepat Berkembang"
provinsi,21,,5,2022,1.3687,Basis,12207671912.33,"Maju dan Tumbuh Cepat"
provinsi,21,,6,2022,1.8285,Basis,991369292797.75,"Maju dan Tumbuh Cepat"
provinsi,21,,7,2022,0.5958,"Non Basis",1132979861825.3,"Potensial / Cepat Berkembang"
provinsi,21,,8,2022,0.421,"Non Basis",465229718523.78,"Potensial / Cepat Berkembang"
provinsi,21,,9,2022,0.5977,"Non Basis",890507473398.78,"Potensial / Cepat Berkembang"
provinsi,21,,10,2022,0.504,"Non Basis",55098776998.51,"Potensial / Cepat Berkembang"
provinsi,21,,11,2022,0.6261,"Non Basis",108294873412.12,"Potensial / Cepat Berkembang"
provinsi,21,,12,2022,0.4087,"Non Basis",65688918258.33,"Potensial / Cepat Berkembang"
provinsi,21,,13,2022,0.0018,"Non Basis",366426037.27,"Potensial / Cepat Berkembang"
provinsi,21,,14,2022,0.6567,"Non Basis",33660521454.42,"Potensial / Cepat Berkembang"
provinsi,21,,15,2022,0.3768,"Non Basis",60507501015.23,"Potensial / Cepat Berkembang"
provinsi,21,,16,2022,0.6881,"Non Basis",-52174694997.31,"Relatif Tertinggal"
provinsi,21,,17,2022,0.1243,"Non Basis",165091196225.39,"Potensial / Cepat Berkembang"
provinsi,21,,1,2023,0.2301,"Non Basis",12622359879.13,"Potensial / Cepat Berkembang"
provinsi,21,,2,2023,1.4477,Basis,-2018286931065.2,"Maju tapi Tertekan"
provinsi,21,,3,2023,1.9076,Basis,-1726769904522.4,"Maju tapi Tertekan"
provinsi,21,,4,2023,0.9496,"Non Basis",59945977342.94,"Potensial / Cepat Berkembang"
provinsi,21,,5,2023,1.3616,Basis,-1051560433.98,"Maju tapi Tertekan"
provinsi,21,,6,2023,1.9239,Basis,1947307850826.1,"Maju dan Tumbuh Cepat"
provinsi,21,,7,2023,0.601,"Non Basis",157210943553.93,"Potensial / Cepat Berkembang"
provinsi,21,,8,2023,0.4241,"Non Basis",33242136927.47,"Potensial / Cepat Berkembang"
provinsi,21,,9,2023,0.6911,"Non Basis",611091889375.62,"Potensial / Cepat Berkembang"
provinsi,21,,10,2023,0.5614,"Non Basis",794085589686.52,"Potensial / Cepat Berkembang"
provinsi,21,,11,2023,0.6487,"Non Basis",194964759600.34,"Potensial / Cepat Berkembang"
provinsi,21,,12,2023,0.4236,"Non Basis",89738752597.6,"Potensial / Cepat Berkembang"
provinsi,21,,13,2023,0.002,"Non Basis",665008507.5,"Potensial / Cepat Berkembang"
provinsi,21,,14,2023,0.6794,"Non Basis",150581689134.4,"Potensial / Cepat Berkembang"
provinsi,21,,15,2023,0.3842,"Non Basis",47375607885,"Potensial / Cepat Berkembang"
provinsi,21,,16,2023,0.6252,"Non Basis",-178804538263.23,"Relatif Tertinggal"
provinsi,21,,17,2023,0.1365,"Non Basis",51005067324.66,"Potensial / Cepat Berkembang"
provinsi,21,,1,2024,0.2301,"Non Basis",-5952520341.3,"Relatif Tertinggal"
provinsi,21,,2,2024,1.2733,Basis,-2852131305754.8,"Maju tapi Tertekan"
provinsi,21,,3,2024,1.9705,Basis,2713332619032,"Maju dan Tumbuh Cepat"
provinsi,21,,4,2024,0.9725,"Non Basis",50323181919.73,"Potensial / Cepat Berkembang"
provinsi,21,,5,2024,1.3684,Basis,1028569473.54,"Maju dan Tumbuh Cepat"
provinsi,21,,6,2024,1.9029,Basis,-488042238031.31,"Maju tapi Tertekan"
provinsi,21,,7,2024,0.6056,"Non Basis",115549059046.03,"Potensial / Cepat Berkembang"
provinsi,21,,8,2024,0.4004,"Non Basis",-246994123234.74,"Relatif Tertinggal"
provinsi,21,,9,2024,0.6647,"Non Basis",-190831260891.11,"Relatif Tertinggal"
provinsi,21,,10,2024,0.5221,"Non Basis",-587867979981.78,"Relatif Tertinggal"
provinsi,21,,11,2024,0.6659,"Non Basis",146466778134.96,"Potensial / Cepat Berkembang"
provinsi,21,,12,2024,0.4368,"Non Basis",76636880744.99,"Potensial / Cepat Berkembang"
provinsi,21,,13,2024,0.0019,"Non Basis",-265505465.66,"Relatif Tertinggal"
provinsi,21,,14,2024,0.7531,"Non Basis",500339290821.88,"Potensial / Cepat Berkembang"
provinsi,21,,15,2024,0.3852,"Non Basis",4238785942.69,"Potensial / Cepat Berkembang"
provinsi,21,,16,2024,0.6922,"Non Basis",205934933546.19,"Potensial / Cepat Berkembang"
provinsi,21,,17,2024,0.1443,"Non Basis",34652294122.49,"Potensial / Cepat Berkembang"
provinsi,21,,1,2025,0.2223,"Non Basis",-104943339496.3,"Relatif Tertinggal"
provinsi,21,,2,2025,1.4622,Basis,3441732619583.6,"Maju dan Tumbuh Cepat"
provinsi,21,,3,2025,1.9786,Basis,1944743332828.5,"Maju dan Tumbuh Cepat"
provinsi,21,,4,2025,1.0238,Basis,161515189049.75,"Maju dan Tumbuh Cepat"
provinsi,21,,5,2025,1.4891,Basis,27263823612.98,"Maju dan Tumbuh Cepat"
provinsi,21,,6,2025,1.8981,Basis,606288264767.45,"Maju dan Tumbuh Cepat"
provinsi,21,,7,2025,0.6072,"Non Basis",355293355697.97,"Potensial / Cepat Berkembang"
provinsi,21,,8,2025,0.3879,"Non Basis",-65380759895.93,"Relatif Tertinggal"
provinsi,21,,9,2025,0.626,"Non Basis",-212409761891.34,"Relatif Tertinggal"
provinsi,21,,10,2025,0.4613,"Non Basis",-846400629063.22,"Relatif Tertinggal"
provinsi,21,,11,2025,0.6558,"Non Basis",9007073785.87,"Potensial / Cepat Berkembang"
provinsi,21,,12,2025,0.4384,"Non Basis",55787335232.02,"Potensial / Cepat Berkembang"
provinsi,21,,13,2025,0.002,"Non Basis",633258923.3,"Potensial / Cepat Berkembang"
provinsi,21,,14,2025,0.7027,"Non Basis",-274194503849.96,"Relatif Tertinggal"
provinsi,21,,15,2025,0.3806,"Non Basis",11956418083.51,"Potensial / Cepat Berkembang"
provinsi,21,,16,2025,0.6618,"Non Basis",-62843264588.07,"Relatif Tertinggal"
provinsi,21,,17,2025,0.1316,"Non Basis",-52034784585.58,"Relatif Tertinggal"
provinsi,16,,1,2022,1.2924,Basis,855767447119.19,"Maju dan Tumbuh Cepat"
provinsi,16,,2,2022,2.9096,Basis,1364838492051.1,"Maju dan Tumbuh Cepat"
provinsi,16,,3,2022,0.8611,"Non Basis",-227171241906.1,"Relatif Tertinggal"
provinsi,16,,4,2022,0.1129,"Non Basis",-21513699259.37,"Relatif Tertinggal"
provinsi,16,,5,2022,1.1639,Basis,-9336895043,"Maju tapi Tertekan"
provinsi,16,,6,2022,1.0763,Basis,-274240149809.84,"Maju tapi Tertekan"
provinsi,16,,7,2022,0.8231,"Non Basis",1662242819338.9,"Potensial / Cepat Berkembang"
provinsi,16,,8,2022,0.4464,"Non Basis",-491894646865.24,"Relatif Tertinggal"
provinsi,16,,9,2022,0.4897,"Non Basis",124336298240.06,"Potensial / Cepat Berkembang"
provinsi,16,,10,2022,0.6084,"Non Basis",51462198849.37,"Potensial / Cepat Berkembang"
provinsi,16,,11,2022,0.533,"Non Basis",-197475927995.08,"Relatif Tertinggal"
provinsi,16,,12,2022,1.0936,Basis,379329915783.26,"Maju dan Tumbuh Cepat"
provinsi,16,,13,2022,0.0564,"Non Basis",-21159355186.81,"Relatif Tertinggal"
provinsi,16,,14,2022,0.9288,"Non Basis",120950614171.83,"Potensial / Cepat Berkembang"
provinsi,16,,15,2022,0.8142,"Non Basis",146150855130.33,"Potensial / Cepat Berkembang"
provinsi,16,,16,2022,0.5048,"Non Basis",33502486346.61,"Potensial / Cepat Berkembang"
provinsi,16,,17,2022,0.4126,"Non Basis",-202166364848.5,"Relatif Tertinggal"
provinsi,16,,1,2023,1.3029,Basis,484395471950.75,"Maju dan Tumbuh Cepat"
provinsi,16,,2,2023,2.9589,Basis,1402791985877.5,"Maju dan Tumbuh Cepat"
provinsi,16,,3,2023,0.8545,"Non Basis",-483465726308.45,"Relatif Tertinggal"
provinsi,16,,4,2023,0.1122,"Non Basis",-2562338583.56,"Relatif Tertinggal"
provinsi,16,,5,2023,1.1104,Basis,-17512840987.88,"Maju tapi Tertekan"
provinsi,16,,6,2023,1.062,Basis,-505095304662.86,"Maju tapi Tertekan"
provinsi,16,,7,2023,0.8413,"Non Basis",904968652542.47,"Potensial / Cepat Berkembang"
provinsi,16,,8,2023,0.4209,"Non Basis",-430696187597.28,"Relatif Tertinggal"
provinsi,16,,9,2023,0.5035,"Non Basis",163979649497.23,"Potensial / Cepat Berkembang"
provinsi,16,,10,2023,0.6012,"Non Basis",-174973632185.78,"Relatif Tertinggal"
provinsi,16,,11,2023,0.532,"Non Basis",-13478824717,"Relatif Tertinggal"
provinsi,16,,12,2023,1.124,Basis,324518442655.47,"Maju dan Tumbuh Cepat"
provinsi,16,,13,2023,0.0531,"Non Basis",-23038168811.42,"Relatif Tertinggal"
provinsi,16,,14,2023,0.9488,"Non Basis",236156354078.63,"Potensial / Cepat Berkembang"
provinsi,16,,15,2023,0.8176,"Non Basis",39992683330.96,"Potensial / Cepat Berkembang"
provinsi,16,,16,2023,0.4821,"Non Basis",-117095306408.83,"Relatif Tertinggal"
provinsi,16,,17,2023,0.3805,"Non Basis",-238323910973.01,"Relatif Tertinggal"
provinsi,16,,1,2024,1.3264,Basis,1007244515222.1,"Maju dan Tumbuh Cepat"
provinsi,16,,2,2024,2.9166,Basis,-1311917429953.9,"Maju tapi Tertekan"
provinsi,16,,3,2024,0.8561,"Non Basis",68137584798.83,"Potensial / Cepat Berkembang"
provinsi,16,,4,2024,0.1163,"Non Basis",16826899350.38,"Potensial / Cepat Berkembang"
provinsi,16,,5,2024,1.1257,Basis,4804901829.35,"Maju dan Tumbuh Cepat"
provinsi,16,,6,2024,1.0517,Basis,-432711488005.87,"Maju tapi Tertekan"
provinsi,16,,7,2024,0.8628,"Non Basis",1077296661170.5,"Potensial / Cepat Berkembang"
provinsi,16,,8,2024,0.4009,"Non Basis",-376488535631.57,"Relatif Tertinggal"
provinsi,16,,9,2024,0.5082,"Non Basis",55191101618.29,"Potensial / Cepat Berkembang"
provinsi,16,,10,2024,0.6087,"Non Basis",189137991385.16,"Potensial / Cepat Berkembang"
provinsi,16,,11,2024,0.5442,"Non Basis",188382925256.65,"Potensial / Cepat Berkembang"
provinsi,16,,12,2024,1.1872,Basis,672694530481.17,"Maju dan Tumbuh Cepat"
provinsi,16,,13,2024,0.0516,"Non Basis",-12109029098.64,"Relatif Tertinggal"
provinsi,16,,14,2024,0.9756,"Non Basis",322100907109.27,"Potensial / Cepat Berkembang"
provinsi,16,,15,2024,0.8419,"Non Basis",269882766794.81,"Potensial / Cepat Berkembang"
provinsi,16,,16,2024,0.479,"Non Basis",-19553994568.39,"Relatif Tertinggal"
provinsi,16,,17,2024,0.3611,"Non Basis",-160951192686.46,"Relatif Tertinggal"
provinsi,16,,1,2025,1.3298,Basis,273887904443.9,"Maju dan Tumbuh Cepat"
provinsi,16,,2,2025,3.0312,Basis,3487348330044.5,"Maju dan Tumbuh Cepat"
provinsi,16,,3,2025,0.8486,"Non Basis",-510012318325.05,"Relatif Tertinggal"
provinsi,16,,4,2025,0.1204,"Non Basis",18132071456.27,"Potensial / Cepat Berkembang"
provinsi,16,,5,2025,1.1261,Basis,785235149.08,"Maju dan Tumbuh Cepat"
provinsi,16,,6,2025,1.0723,Basis,902282688042.15,"Maju dan Tumbuh Cepat"
provinsi,16,,7,2025,0.8858,"Non Basis",1332061007779.5,"Potensial / Cepat Berkembang"
provinsi,16,,8,2025,0.3864,"Non Basis",-278013751445.57,"Relatif Tertinggal"
provinsi,16,,9,2025,0.518,"Non Basis",145435135947.47,"Potensial / Cepat Berkembang"
provinsi,16,,10,2025,0.5951,"Non Basis",-364419044790.19,"Relatif Tertinggal"
provinsi,16,,11,2025,0.5459,"Non Basis",44565402049.96,"Potensial / Cepat Berkembang"
provinsi,16,,12,2025,1.2332,Basis,539559900540.41,"Maju dan Tumbuh Cepat"
provinsi,16,,13,2025,0.0501,"Non Basis",-11879200925.38,"Relatif Tertinggal"
provinsi,16,,14,2025,0.9697,"Non Basis",-55161727006.5,"Relatif Tertinggal"
provinsi,16,,15,2025,0.8348,"Non Basis",-68376088073.84,"Relatif Tertinggal"
provinsi,16,,16,2025,0.4791,"Non Basis",5350761176.08,"Potensial / Cepat Berkembang"
provinsi,16,,17,2025,0.3414,"Non Basis",-171812874214.54,"Relatif Tertinggal"
provinsi,18,,1,2022,2.099,Basis,-184813619898.83,"Maju tapi Tertekan"
provinsi,18,,2,2022,0.6242,"Non Basis",-1038847015346.7,"Relatif Tertinggal"
provinsi,18,,3,2022,0.8452,"Non Basis",-2096586364336,"Relatif Tertinggal"
provinsi,18,,4,2022,0.1523,"Non Basis",-1397336600.47,"Relatif Tertinggal"
provinsi,18,,5,2022,1.2017,Basis,1314790156.56,"Maju dan Tumbuh Cepat"
provinsi,18,,6,2022,1.0165,Basis,466595417507.58,"Maju dan Tumbuh Cepat"
provinsi,18,,7,2022,1.003,Basis,3023425003907.4,"Maju dan Tumbuh Cepat"
provinsi,18,,8,2022,1.3397,Basis,55402364738.05,"Maju dan Tumbuh Cepat"
provinsi,18,,9,2022,0.4823,"Non Basis",22915456661.83,"Potensial / Cepat Berkembang"
provinsi,18,,10,2022,0.8045,"Non Basis",-1000903931262.1,"Relatif Tertinggal"
provinsi,18,,11,2022,0.4609,"Non Basis",-290987586188.12,"Relatif Tertinggal"
provinsi,18,,12,2022,0.985,"Non Basis",125944409158.11,"Potensial / Cepat Berkembang"
provinsi,18,,13,2022,0.0794,"Non Basis",29033759045.23,"Potensial / Cepat Berkembang"
provinsi,18,,14,2022,0.9344,"Non Basis",-307192377125.83,"Relatif Tertinggal"
provinsi,18,,15,2022,0.9468,"Non Basis",159759496954.32,"Potensial / Cepat Berkembang"
provinsi,18,,16,2022,0.7449,"Non Basis",-78994993248.9,"Relatif Tertinggal"
provinsi,18,,17,2022,0.5347,"Non Basis",344304114533.22,"Potensial / Cepat Berkembang"
provinsi,18,,1,2023,2.0934,Basis,-524802089645.38,"Maju tapi Tertekan"
provinsi,18,,2,2023,0.6085,"Non Basis",-389332353299.54,"Relatif Tertinggal"
provinsi,18,,3,2023,0.8233,"Non Basis",-1493605733358.4,"Relatif Tertinggal"
provinsi,18,,4,2023,0.1478,"Non Basis",-15210323539.28,"Relatif Tertinggal"
provinsi,18,,5,2023,1.1571,Basis,-12407894747.12,"Maju tapi Tertekan"
provinsi,18,,6,2023,1.0419,Basis,553509991278.76,"Maju dan Tumbuh Cepat"
provinsi,18,,7,2023,1.0552,Basis,1737922367207.4,"Maju dan Tumbuh Cepat"
provinsi,18,,8,2023,1.3766,Basis,386101307160.09,"Maju dan Tumbuh Cepat"
provinsi,18,,9,2023,0.4995,"Non Basis",130243002076.16,"Potensial / Cepat Berkembang"
provinsi,18,,10,2023,0.8077,"Non Basis",-12761712341.02,"Relatif Tertinggal"
provinsi,18,,11,2023,0.4562,"Non Basis",-79523022179.21,"Relatif Tertinggal"
provinsi,18,,12,2023,0.9842,"Non Basis",-44191586711.97,"Relatif Tertinggal"
provinsi,18,,13,2023,0.078,"Non Basis",-9600645861.22,"Relatif Tertinggal"
provinsi,18,,14,2023,0.926,"Non Basis",-112090633916.8,"Relatif Tertinggal"
provinsi,18,,15,2023,0.9557,"Non Basis",35373419156.37,"Potensial / Cepat Berkembang"
provinsi,18,,16,2023,0.7429,"Non Basis",-21924083041.06,"Relatif Tertinggal"
provinsi,18,,17,2023,0.5609,"Non Basis",131424399096.73,"Potensial / Cepat Berkembang"
provinsi,18,,1,2024,2.0494,Basis,-1829919336599.4,"Maju tapi Tertekan"
provinsi,18,,2,2024,0.6115,"Non Basis",-4077125449.42,"Relatif Tertinggal"
provinsi,18,,3,2024,0.8635,"Non Basis",2143569080617.6,"Potensial / Cepat Berkembang"
provinsi,18,,4,2024,0.1327,"Non Basis",-48702127650.13,"Relatif Tertinggal"
provinsi,18,,5,2024,1.1415,Basis,-5355078620.3,"Maju tapi Tertekan"
provinsi,18,,6,2024,1.0057,Basis,-1197473037941.9,"Maju tapi Tertekan"
provinsi,18,,7,2024,1.084,Basis,895857175662.58,"Maju dan Tumbuh Cepat"
provinsi,18,,8,2024,1.3983,Basis,200977547412.85,"Maju dan Tumbuh Cepat"
provinsi,18,,9,2024,0.4885,"Non Basis",-127773838337.54,"Relatif Tertinggal"
provinsi,18,,10,2024,0.8198,"Non Basis",156685788785.3,"Potensial / Cepat Berkembang"
provinsi,18,,11,2024,0.4589,"Non Basis",3783498652.26,"Potensial / Cepat Berkembang"
provinsi,18,,12,2024,1.0304,Basis,330064873967.91,"Maju dan Tumbuh Cepat"
provinsi,18,,13,2024,0.0788,"Non Basis",2500004619.17,"Potensial / Cepat Berkembang"
provinsi,18,,14,2024,0.9363,"Non Basis",50429834112.96,"Potensial / Cepat Berkembang"
provinsi,18,,15,2024,0.9396,"Non Basis",-178096958215.66,"Relatif Tertinggal"
provinsi,18,,16,2024,0.741,"Non Basis",-23881575357.43,"Relatif Tertinggal"
provinsi,18,,17,2024,0.5681,"Non Basis",26084711624.92,"Potensial / Cepat Berkembang"
provinsi,18,,1,2025,2.0585,Basis,401699729079.91,"Maju dan Tumbuh Cepat"
provinsi,18,,2,2025,0.6077,"Non Basis",-68187021433.53,"Relatif Tertinggal"
provinsi,18,,3,2025,0.871,"Non Basis",528561369469.36,"Potensial / Cepat Berkembang"
provinsi,18,,4,2025,0.1246,"Non Basis",-25000334709.82,"Relatif Tertinggal"
provinsi,18,,5,2025,1.1583,Basis,4550577538.24,"Maju dan Tumbuh Cepat"
provinsi,18,,6,2025,1.0213,Basis,500800473849.75,"Maju dan Tumbuh Cepat"
provinsi,18,,7,2025,1.0819,Basis,-37447166548.37,"Maju tapi Tertekan"
provinsi,18,,8,2025,1.378,Basis,-280916940550.63,"Maju tapi Tertekan"
provinsi,18,,9,2025,0.4899,"Non Basis",19438425360.09,"Potensial / Cepat Berkembang"
provinsi,18,,10,2025,0.79,"Non Basis",-619010147868.57,"Relatif Tertinggal"
provinsi,18,,11,2025,0.4672,"Non Basis",108510668181.02,"Potensial / Cepat Berkembang"
provinsi,18,,12,2025,1.033,Basis,31275985109.58,"Maju dan Tumbuh Cepat"
provinsi,18,,13,2025,0.0752,"Non Basis",-21828935060.15,"Relatif Tertinggal"
provinsi,18,,14,2025,0.9253,"Non Basis",-95014491476.54,"Relatif Tertinggal"
provinsi,18,,15,2025,0.9105,"Non Basis",-250551015088.12,"Relatif Tertinggal"
provinsi,18,,16,2025,0.7168,"Non Basis",-102940051142.89,"Relatif Tertinggal"
provinsi,18,,17,2025,0.5544,"Non Basis",-87729252797.06,"Relatif Tertinggal"
provinsi,11,,1,2022,2.1577,Basis,385399097676.11,"Maju dan Tumbuh Cepat"
provinsi,11,,2,2022,1.0047,Basis,-8884546565.23,"Maju tapi Tertekan"
provinsi,11,,3,2022,0.2145,"Non Basis",-43646710838.75,"Relatif Tertinggal"
provinsi,11,,4,2022,0.1441,"Non Basis",-9054882984.75,"Relatif Tertinggal"
provinsi,11,,5,2022,0.4341,"Non Basis",2918319841.12,"Potensial / Cepat Berkembang"
provinsi,11,,6,2022,0.9551,"Non Basis",-591283649699.23,"Relatif Tertinggal"
provinsi,11,,7,2022,1.1072,Basis,167408100846.07,"Maju dan Tumbuh Cepat"
provinsi,11,,8,2022,1.4755,Basis,-1065427846787,"Maju tapi Tertekan"
provinsi,11,,9,2022,0.4686,"Non Basis",317083579598.99,"Potensial / Cepat Berkembang"
provinsi,11,,10,2022,0.6572,"Non Basis",196490074964.17,"Potensial / Cepat Berkembang"
provinsi,11,,11,2022,0.3528,"Non Basis",-175870461923.34,"Relatif Tertinggal"
provinsi,11,,12,2022,1.3805,Basis,128251541135.17,"Maju dan Tumbuh Cepat"
provinsi,11,,13,2022,0.3484,"Non Basis",23503934696.28,"Potensial / Cepat Berkembang"
provinsi,11,,14,2022,2.5913,Basis,-314762148522.46,"Maju tapi Tertekan"
provinsi,11,,15,2022,0.8646,"Non Basis",121379307773.91,"Potensial / Cepat Berkembang"
provinsi,11,,16,2022,2.4723,Basis,322752765341.17,"Maju dan Tumbuh Cepat"
provinsi,11,,17,2022,0.8035,"Non Basis",80737069165.61,"Potensial / Cepat Berkembang"
provinsi,11,,1,2023,2.291,Basis,2111911615355.9,"Maju dan Tumbuh Cepat"
provinsi,11,,2,2023,0.9082,"Non Basis",-1188998831500.4,"Relatif Tertinggal"
provinsi,11,,3,2023,0.2034,"Non Basis",-401382436593.8,"Relatif Tertinggal"
provinsi,11,,4,2023,0.1486,"Non Basis",5377344883.99,"Potensial / Cepat Berkembang"
provinsi,11,,5,2023,0.4355,"Non Basis",-270045897.99,"Relatif Tertinggal"
provinsi,11,,6,2023,0.9512,"Non Basis",-168595053051.18,"Relatif Tertinggal"
provinsi,11,,7,2023,1.1607,Basis,896590268975.17,"Maju dan Tumbuh Cepat"
provinsi,11,,8,2023,1.4026,Basis,-586423310677.22,"Maju tapi Tertekan"
provinsi,11,,9,2023,0.4645,"Non Basis",-37702085929.01,"Relatif Tertinggal"
provinsi,11,,10,2023,0.6455,"Non Basis",-170302190844.16,"Relatif Tertinggal"
provinsi,11,,11,2023,0.3023,"Non Basis",-330070408822.36,"Relatif Tertinggal"
provinsi,11,,12,2023,1.4219,Basis,130794717509.47,"Maju dan Tumbuh Cepat"
provinsi,11,,13,2023,0.321,"Non Basis",-87349674602.03,"Relatif Tertinggal"
provinsi,11,,14,2023,2.6203,Basis,40199063328.48,"Maju dan Tumbuh Cepat"
provinsi,11,,15,2023,0.8719,"Non Basis",1684029540.11,"Potensial / Cepat Berkembang"
provinsi,11,,16,2023,2.3708,Basis,-255629658490.44,"Maju tapi Tertekan"
provinsi,11,,17,2023,0.7742,"Non Basis",-108124803090.21,"Relatif Tertinggal"
provinsi,11,,1,2024,2.3127,Basis,213333016065.84,"Maju dan Tumbuh Cepat"
provinsi,11,,2,2024,0.9666,"Non Basis",646796242567.91,"Potensial / Cepat Berkembang"
provinsi,11,,3,2024,0.2014,"Non Basis",-94233968994.65,"Relatif Tertinggal"
provinsi,11,,4,2024,0.1504,"Non Basis",1833593758.39,"Potensial / Cepat Berkembang"
provinsi,11,,5,2024,0.4388,"Non Basis",192875017.46,"Potensial / Cepat Berkembang"
provinsi,11,,6,2024,0.9317,"Non Basis",-371226465051,"Relatif Tertinggal"
provinsi,11,,7,2024,1.1398,Basis,-543458480367.27,"Maju tapi Tertekan"
provinsi,11,,8,2024,1.5137,Basis,787814564575.35,"Maju dan Tumbuh Cepat"
provinsi,11,,9,2024,0.4422,"Non Basis",-125167632039.17,"Relatif Tertinggal"
provinsi,11,,10,2024,0.6138,"Non Basis",-372425445612.47,"Relatif Tertinggal"
provinsi,11,,11,2024,0.3538,"Non Basis",324382258252.51,"Potensial / Cepat Berkembang"
provinsi,11,,12,2024,1.4426,Basis,63503105234.96,"Maju dan Tumbuh Cepat"
provinsi,11,,13,2024,0.3104,"Non Basis",-37790179867.72,"Relatif Tertinggal"
provinsi,11,,14,2024,2.6577,Basis,130709185176.82,"Maju dan Tumbuh Cepat"
provinsi,11,,15,2024,0.881,"Non Basis",24724782416.77,"Potensial / Cepat Berkembang"
provinsi,11,,16,2024,2.2512,Basis,-294990657215.8,"Maju tapi Tertekan"
provinsi,11,,17,2024,0.7371,"Non Basis",-134248768003.89,"Relatif Tertinggal"
provinsi,11,,1,2025,2.3233,Basis,-727299976462.1,"Maju tapi Tertekan"
provinsi,11,,2,2025,1.0038,Basis,192051804036.22,"Maju dan Tumbuh Cepat"
provinsi,11,,3,2025,0.2044,"Non Basis",-43568038122.01,"Relatif Tertinggal"
provinsi,11,,4,2025,0.145,"Non Basis",-14394596215.88,"Relatif Tertinggal"
provinsi,11,,5,2025,0.4416,"Non Basis",-880467640.08,"Relatif Tertinggal"
provinsi,11,,6,2025,0.894,"Non Basis",-920506805031.42,"Relatif Tertinggal"
provinsi,11,,7,2025,1.1529,Basis,-242390740045.79,"Maju tapi Tertekan"
provinsi,11,,8,2025,1.5066,Basis,-315294692369.3,"Maju tapi Tertekan"
provinsi,11,,9,2025,0.4407,"Non Basis",-59257750935.74,"Relatif Tertinggal"
provinsi,11,,10,2025,0.5894,"Non Basis",-429408852809.54,"Relatif Tertinggal"
provinsi,11,,11,2025,0.361,"Non Basis",-2411998474.61,"Relatif Tertinggal"
provinsi,11,,12,2025,1.4859,Basis,55796564639.37,"Maju dan Tumbuh Cepat"
provinsi,11,,13,2025,0.2891,"Non Basis",-93304633584.03,"Relatif Tertinggal"
provinsi,11,,14,2025,2.6801,Basis,-175523290920.34,"Maju tapi Tertekan"
provinsi,11,,15,2025,0.8868,"Non Basis",-62014261859.58,"Relatif Tertinggal"
provinsi,11,,16,2025,2.2257,Basis,-172736171033.59,"Maju tapi Tertekan"
provinsi,11,,17,2025,0.6989,"Non Basis",-192245408034.63,"Relatif Tertinggal"
provinsi,13,,1,2022,1.7161,Basis,492573943966.59,"Maju dan Tumbuh Cepat"
provinsi,13,,2,2022,0.5029,"Non Basis",-169018030262.76,"Relatif Tertinggal"
provinsi,13,,3,2022,0.4328,"Non Basis",-523316790163.98,"Relatif Tertinggal"
provinsi,13,,4,2022,0.0906,"Non Basis",-5949638232.61,"Relatif Tertinggal"
provinsi,13,,5,2022,1.1048,Basis,1217533495.31,"Maju dan Tumbuh Cepat"
provinsi,13,,6,2022,0.9053,"Non Basis",81076118780.68,"Potensial / Cepat Berkembang"
provinsi,13,,7,2022,1.2253,Basis,19679206949.86,"Maju dan Tumbuh Cepat"
provinsi,13,,8,2022,2.3965,Basis,-2544114952789.4,"Maju tapi Tertekan"
provinsi,13,,9,2022,0.3591,"Non Basis",67616518252.06,"Potensial / Cepat Berkembang"
provinsi,13,,10,2022,1.2995,Basis,-105491537970.74,"Maju tapi Tertekan"
provinsi,13,,11,2022,0.7098,"Non Basis",136503362914.8,"Potensial / Cepat Berkembang"
provinsi,13,,12,2022,0.6639,"Non Basis",140932767201.68,"Potensial / Cepat Berkembang"
provinsi,13,,13,2022,0.2287,"Non Basis",-10762847594.73,"Relatif Tertinggal"
provinsi,13,,14,2022,1.63,Basis,-160476534051.38,"Maju tapi Tertekan"
provinsi,13,,15,2022,1.3471,Basis,337701925688.7,"Maju dan Tumbuh Cepat"
provinsi,13,,16,2022,1.1374,Basis,51111859471.43,"Maju dan Tumbuh Cepat"
provinsi,13,,17,2022,0.9314,"Non Basis",72155089055.71,"Potensial / Cepat Berkembang"
provinsi,13,,1,2023,1.7612,Basis,899427255913.07,"Maju dan Tumbuh Cepat"
provinsi,13,,2,2023,0.498,"Non Basis",-103329430759.27,"Relatif Tertinggal"
provinsi,13,,3,2023,0.4282,"Non Basis",-263172262216.98,"Relatif Tertinggal"
provinsi,13,,4,2023,0.0904,"Non Basis",-1361991100.18,"Relatif Tertinggal"
provinsi,13,,5,2023,1.0807,Basis,-5004904737.26,"Maju tapi Tertekan"
provinsi,13,,6,2023,0.9172,"Non Basis",156723360708.02,"Potensial / Cepat Berkembang"
provinsi,13,,7,2023,1.2276,Basis,-73434585856.23,"Maju tapi Tertekan"
provinsi,13,,8,2023,2.2334,Basis,-1559035442966.9,"Maju tapi Tertekan"
provinsi,13,,9,2023,0.3531,"Non Basis",-46818597264.49,"Relatif Tertinggal"
provinsi,13,,10,2023,1.3054,Basis,7090046127.05,"Maju dan Tumbuh Cepat"
provinsi,13,,11,2023,0.6992,"Non Basis",-109126724586.05,"Relatif Tertinggal"
provinsi,13,,12,2023,0.6988,"Non Basis",179401897134.91,"Potensial / Cepat Berkembang"
provinsi,13,,13,2023,0.2267,"Non Basis",-10879954169.56,"Relatif Tertinggal"
provinsi,13,,14,2023,1.6505,Basis,84363284509.53,"Maju dan Tumbuh Cepat"
provinsi,13,,15,2023,1.3535,Basis,4959399917.52,"Maju dan Tumbuh Cepat"
provinsi,13,,16,2023,1.1707,Basis,78600475574.46,"Maju dan Tumbuh Cepat"
provinsi,13,,17,2023,0.9145,"Non Basis",-82152075364.13,"Relatif Tertinggal"
provinsi,13,,1,2024,1.7981,Basis,573284313161.36,"Maju dan Tumbuh Cepat"
provinsi,13,,2,2024,0.4971,"Non Basis",-68361015061.94,"Relatif Tertinggal"
provinsi,13,,3,2024,0.4237,"Non Basis",-318664875688.24,"Relatif Tertinggal"
provinsi,13,,4,2024,0.0907,"Non Basis",-711883543.97,"Relatif Tertinggal"
provinsi,13,,5,2024,1.1071,Basis,3290494344.37,"Maju dan Tumbuh Cepat"
provinsi,13,,6,2024,0.9027,"Non Basis",-429398167407.96,"Relatif Tertinggal"
provinsi,13,,7,2024,1.2308,Basis,-151088819870.55,"Maju tapi Tertekan"
provinsi,13,,8,2024,2.1847,Basis,-628513734453.82,"Maju tapi Tertekan"
provinsi,13,,9,2024,0.3455,"Non Basis",-67895780077.75,"Relatif Tertinggal"
provinsi,13,,10,2024,1.2888,Basis,-363126737502.8,"Maju tapi Tertekan"
provinsi,13,,11,2024,0.713,"Non Basis",74457418603.38,"Potensial / Cepat Berkembang"
provinsi,13,,12,2024,0.7269,"Non Basis",131681024824.29,"Potensial / Cepat Berkembang"
provinsi,13,,13,2024,0.2206,"Non Basis",-31293729724.86,"Relatif Tertinggal"
provinsi,13,,14,2024,1.7216,Basis,386336451497.77,"Maju dan Tumbuh Cepat"
provinsi,13,,15,2024,1.3562,Basis,-41615611978.1,"Maju tapi Tertekan"
provinsi,13,,16,2024,1.1515,Basis,-81232388009.96,"Maju tapi Tertekan"
provinsi,13,,17,2024,0.8998,"Non Basis",-91257764479.69,"Relatif Tertinggal"
provinsi,13,,1,2025,1.8087,Basis,-502428677217.73,"Maju tapi Tertekan"
provinsi,13,,2,2025,0.5139,"Non Basis",123704587705,"Potensial / Cepat Berkembang"
provinsi,13,,3,2025,0.4313,"Non Basis",14087013643.94,"Potensial / Cepat Berkembang"
provinsi,13,,4,2025,0.0902,"Non Basis",-4423145246.97,"Relatif Tertinggal"
provinsi,13,,5,2025,1.12,Basis,-1093710048.49,"Maju tapi Tertekan"
provinsi,13,,6,2025,0.8722,"Non Basis",-958553219920.42,"Relatif Tertinggal"
provinsi,13,,7,2025,1.231,Basis,-594855831505.67,"Maju tapi Tertekan"
provinsi,13,,8,2025,2.0429,Basis,-1868353127982.5,"Maju tapi Tertekan"
provinsi,13,,9,2025,0.3378,"Non Basis",-96896411455.24,"Relatif Tertinggal"
provinsi,13,,10,2025,1.274,Basis,-554114304215.95,"Maju tapi Tertekan"
provinsi,13,,11,2025,0.7505,"Non Basis",214593384250.17,"Potensial / Cepat Berkembang"
provinsi,13,,12,2025,0.7552,"Non Basis",90743205135.3,"Potensial / Cepat Berkembang"
provinsi,13,,13,2025,0.2165,"Non Basis",-34688420619.91,"Relatif Tertinggal"
provinsi,13,,14,2025,1.7195,Basis,-212314093802.01,"Maju tapi Tertekan"
provinsi,13,,15,2025,1.3714,Basis,-52188269896.76,"Maju tapi Tertekan"
provinsi,13,,16,2025,1.1991,Basis,84520295744.06,"Maju dan Tumbuh Cepat"
provinsi,13,,17,2025,0.9035,"Non Basis",-55167431518.02,"Relatif Tertinggal"
provinsi,14,,1,2022,2.1308,Basis,800335911426.29,"Maju dan Tumbuh Cepat"
provinsi,14,,2,2022,1.9403,Basis,-2350144520851.8,"Maju tapi Tertekan"
provinsi,14,,3,2022,1.501,Basis,-266990254001,"Maju tapi Tertekan"
provinsi,14,,4,2022,0.0761,"Non Basis",29810903665.38,"Potensial / Cepat Berkembang"
provinsi,14,,5,2022,0.1516,"Non Basis",887721915.86,"Potensial / Cepat Berkembang"
provinsi,14,,6,2022,0.8396,"Non Basis",1170767541364.6,"Potensial / Cepat Berkembang"
provinsi,14,,7,2022,0.7246,"Non Basis",2983158445063.3,"Potensial / Cepat Berkembang"
provinsi,14,,8,2022,0.1724,"Non Basis",-43262581364.47,"Relatif Tertinggal"
provinsi,14,,9,2022,0.1458,"Non Basis",-22696987612.7,"Relatif Tertinggal"
provinsi,14,,10,2022,0.1718,"Non Basis",-51186671075.82,"Relatif Tertinggal"
provinsi,14,,11,2022,0.2356,"Non Basis",151925697925.5,"Potensial / Cepat Berkembang"
provinsi,14,,12,2022,0.3185,"Non Basis",182134490761.45,"Potensial / Cepat Berkembang"
provinsi,14,,13,2022,0.0026,"Non Basis",917458762.18,"Potensial / Cepat Berkembang"
provinsi,14,,14,2022,0.5026,"Non Basis",289692455852.71,"Potensial / Cepat Berkembang"
provinsi,14,,15,2022,0.1666,"Non Basis",90262053464.89,"Potensial / Cepat Berkembang"
provinsi,14,,16,2022,0.1771,"Non Basis",-3534403996.55,"Relatif Tertinggal"
provinsi,14,,17,2022,0.2408,"Non Basis",76791848837.39,"Potensial / Cepat Berkembang"
provinsi,14,,1,2023,2.1888,Basis,2780731794005.1,"Maju dan Tumbuh Cepat"
provinsi,14,,2,2023,1.8897,Basis,-2834303273706.4,"Maju tapi Tertekan"
provinsi,14,,3,2023,1.4985,Basis,-1719878134371.9,"Maju tapi Tertekan"
provinsi,14,,4,2023,0.0742,"Non Basis",-15261115058.24,"Relatif Tertinggal"
provinsi,14,,5,2023,0.1537,"Non Basis",455036278.94,"Potensial / Cepat Berkembang"
provinsi,14,,6,2023,0.8808,"Non Basis",1902643813386.6,"Potensial / Cepat Berkembang"
provinsi,14,,7,2023,0.7393,"Non Basis",665460511068.05,"Potensial / Cepat Berkembang"
provinsi,14,,8,2023,0.1652,"Non Basis",-224245241331.53,"Relatif Tertinggal"
provinsi,14,,9,2023,0.1392,"Non Basis",-138703544498.19,"Relatif Tertinggal"
provinsi,14,,10,2023,0.1733,"Non Basis",4344166092.02,"Potensial / Cepat Berkembang"
provinsi,14,,11,2023,0.2359,"Non Basis",-37403290337.18,"Relatif Tertinggal"
provinsi,14,,12,2023,0.329,"Non Basis",128141126991.76,"Potensial / Cepat Berkembang"
provinsi,14,,13,2023,0.0025,"Non Basis",-422969729.34,"Relatif Tertinggal"
provinsi,14,,14,2023,0.5261,"Non Basis",344977177259.98,"Potensial / Cepat Berkembang"
provinsi,14,,15,2023,0.1712,"Non Basis",55110850268.11,"Potensial / Cepat Berkembang"
provinsi,14,,16,2023,0.1825,"Non Basis",31199645702.88,"Potensial / Cepat Berkembang"
provinsi,14,,17,2023,0.2334,"Non Basis",-106551397285.36,"Relatif Tertinggal"
provinsi,14,,1,2024,2.257,Basis,2326439708899.1,"Maju dan Tumbuh Cepat"
provinsi,14,,2,2024,1.8359,Basis,-3662174058708.3,"Maju tapi Tertekan"
provinsi,14,,3,2024,1.5114,Basis,-1240608920604,"Maju tapi Tertekan"
provinsi,14,,4,2024,0.0769,"Non Basis",9897205639.09,"Potensial / Cepat Berkembang"
provinsi,14,,5,2024,0.1594,"Non Basis",1654020667.5,"Potensial / Cepat Berkembang"
provinsi,14,,6,2024,0.8903,"Non Basis",-240660673034.07,"Relatif Tertinggal"
provinsi,14,,7,2024,0.759,"Non Basis",647551657044.18,"Potensial / Cepat Berkembang"
provinsi,14,,8,2024,0.1644,"Non Basis",-91990613174.72,"Relatif Tertinggal"
provinsi,14,,9,2024,0.1443,"Non Basis",55895622122.06,"Potensial / Cepat Berkembang"
provinsi,14,,10,2024,0.1759,"Non Basis",-847662651.74,"Relatif Tertinggal"
provinsi,14,,11,2024,0.2317,"Non Basis",-188810894081.21,"Relatif Tertinggal"
provinsi,14,,12,2024,0.3385,"Non Basis",71758470401.74,"Potensial / Cepat Berkembang"
provinsi,14,,13,2024,0.0026,"Non Basis",-11872217.78,"Relatif Tertinggal"
provinsi,14,,14,2024,0.5493,"Non Basis",282480965032.43,"Potensial / Cepat Berkembang"
provinsi,14,,15,2024,0.1749,"Non Basis",18932296954.36,"Potensial / Cepat Berkembang"
provinsi,14,,16,2024,0.1827,"Non Basis",-21739415260.96,"Relatif Tertinggal"
provinsi,14,,17,2024,0.2322,"Non Basis",-60091783360.51,"Relatif Tertinggal"
provinsi,14,,1,2025,2.2558,Basis,-653012338760.59,"Maju tapi Tertekan"
provinsi,14,,2,2025,1.8569,Basis,632683999819.11,"Maju dan Tumbuh Cepat"
provinsi,14,,3,2025,1.5325,Basis,2000962588047.2,"Maju dan Tumbuh Cepat"
provinsi,14,,4,2025,0.0786,"Non Basis",8893856094.84,"Potensial / Cepat Berkembang"
provinsi,14,,5,2025,0.1695,"Non Basis",4833735804.44,"Potensial / Cepat Berkembang"
provinsi,14,,6,2025,0.9039,"Non Basis",632660927194.94,"Potensial / Cepat Berkembang"
provinsi,14,,7,2025,0.76,"Non Basis",-143558889725.68,"Relatif Tertinggal"
provinsi,14,,8,2025,0.1572,"Non Basis",-237102666669.98,"Relatif Tertinggal"
provinsi,14,,9,2025,0.1402,"Non Basis",-93369026139.91,"Relatif Tertinggal"
provinsi,14,,10,2025,0.1724,"Non Basis",-178700992023.81,"Relatif Tertinggal"
provinsi,14,,11,2025,0.2337,"Non Basis",29323040060.31,"Potensial / Cepat Berkembang"
provinsi,14,,12,2025,0.3406,"Non Basis",15706829115.91,"Potensial / Cepat Berkembang"
provinsi,14,,13,2025,0.0026,"Non Basis",102262683.09,"Potensial / Cepat Berkembang"
provinsi,14,,14,2025,0.5564,"Non Basis",98013616091.89,"Potensial / Cepat Berkembang"
provinsi,14,,15,2025,0.1819,"Non Basis",114011963531.85,"Potensial / Cepat Berkembang"
provinsi,14,,16,2025,0.1889,"Non Basis",49001094086.6,"Potensial / Cepat Berkembang"
provinsi,14,,17,2025,0.2361,"Non Basis",42422058505.25,"Potensial / Cepat Berkembang"
provinsi,15,,1,2022,2.0863,Basis,1130048823152.2,"Maju dan Tumbuh Cepat"
provinsi,15,,2,2022,3.1063,Basis,1205125172479.7,"Maju dan Tumbuh Cepat"
provinsi,15,,3,2022,0.4684,"Non Basis",-283495806984.41,"Relatif Tertinggal"
provinsi,15,,4,2022,0.0549,"Non Basis",4387719872.09,"Potensial / Cepat Berkembang"
provinsi,15,,5,2022,1.4859,Basis,-191218533.57,"Maju tapi Tertekan"
provinsi,15,,6,2022,0.7337,"Non Basis",-348214169962.99,"Relatif Tertinggal"
provinsi,15,,7,2022,0.7178,"Non Basis",-18996725991.73,"Relatif Tertinggal"
provinsi,15,,8,2022,0.7381,"Non Basis",-128922637218.03,"Relatif Tertinggal"
provinsi,15,,9,2022,0.3673,"Non Basis",-14284571670.76,"Relatif Tertinggal"
provinsi,15,,10,2022,0.6269,"Non Basis",-30239728437.41,"Relatif Tertinggal"
provinsi,15,,11,2022,0.5332,"Non Basis",-97500436221.6,"Relatif Tertinggal"
provinsi,15,,12,2022,0.4857,"Non Basis",57024165785.28,"Potensial / Cepat Berkembang"
provinsi,15,,13,2022,0.5727,"Non Basis",97948471289.92,"Potensial / Cepat Berkembang"
provinsi,15,,14,2022,0.908,"Non Basis",-155991926771.59,"Relatif Tertinggal"
provinsi,15,,15,2022,1.045,Basis,76764245006.56,"Maju dan Tumbuh Cepat"
provinsi,15,,16,2022,0.9268,"Non Basis",-111956306756.51,"Relatif Tertinggal"
provinsi,15,,17,2022,0.5167,"Non Basis",-25198407411.95,"Relatif Tertinggal"
provinsi,15,,1,2023,2.1834,Basis,1865002676351.6,"Maju dan Tumbuh Cepat"
provinsi,15,,2,2023,2.9395,Basis,-2341032600077.9,"Maju tapi Tertekan"
provinsi,15,,3,2023,0.4681,"Non Basis",-72668912081.81,"Relatif Tertinggal"
provinsi,15,,4,2023,0.0589,"Non Basis",7029319504.23,"Potensial / Cepat Berkembang"
provinsi,15,,5,2023,1.425,Basis,-10291388267.69,"Maju tapi Tertekan"
provinsi,15,,6,2023,0.758,"Non Basis",365821736281.01,"Potensial / Cepat Berkembang"
provinsi,15,,7,2023,0.7474,"Non Basis",620919589193.8,"Potensial / Cepat Berkembang"
provinsi,15,,8,2023,0.704,"Non Basis",-294515794185.27,"Relatif Tertinggal"
provinsi,15,,9,2023,0.3646,"Non Basis",-22881227374.89,"Relatif Tertinggal"
provinsi,15,,10,2023,0.6288,"Non Basis",-6270034899.82,"Relatif Tertinggal"
provinsi,15,,11,2023,0.5171,"Non Basis",-129624346871.93,"Relatif Tertinggal"
provinsi,15,,12,2023,0.4965,"Non Basis",44347944683.26,"Potensial / Cepat Berkembang"
provinsi,15,,13,2023,0.6205,"Non Basis",152355625875.12,"Potensial / Cepat Berkembang"
provinsi,15,,14,2023,0.9251,"Non Basis",74241477128.97,"Potensial / Cepat Berkembang"
provinsi,15,,15,2023,1.0569,Basis,40952240320.02,"Maju dan Tumbuh Cepat"
provinsi,15,,16,2023,0.9303,"Non Basis",-121116309.15,"Relatif Tertinggal"
provinsi,15,,17,2023,0.5094,"Non Basis",-32340659532.81,"Relatif Tertinggal"
provinsi,15,,1,2024,2.2744,Basis,1635354354996.9,"Maju dan Tumbuh Cepat"
provinsi,15,,2,2024,2.793,Basis,-2239662863923.4,"Maju tapi Tertekan"
provinsi,15,,3,2024,0.4723,"Non Basis",50840460103.71,"Potensial / Cepat Berkembang"
provinsi,15,,4,2024,0.0608,"Non Basis",3124567186.02,"Potensial / Cepat Berkembang"
provinsi,15,,5,2024,1.439,Basis,862926965.51,"Maju dan Tumbuh Cepat"
provinsi,15,,6,2024,0.7825,"Non Basis",361389688603.96,"Potensial / Cepat Berkembang"
provinsi,15,,7,2024,0.7609,"Non Basis",218379782811.03,"Potensial / Cepat Berkembang"
provinsi,15,,8,2024,0.7049,"Non Basis",-28027371343.39,"Relatif Tertinggal"
provinsi,15,,9,2024,0.3707,"Non Basis",23786480401.49,"Potensial / Cepat Berkembang"
provinsi,15,,10,2024,0.6188,"Non Basis",-170454479725.5,"Relatif Tertinggal"
provinsi,15,,11,2024,0.5082,"Non Basis",-89044460717.14,"Relatif Tertinggal"
provinsi,15,,12,2024,0.5131,"Non Basis",68804007482.01,"Potensial / Cepat Berkembang"
provinsi,15,,13,2024,0.6307,"Non Basis",23700390078.94,"Potensial / Cepat Berkembang"
provinsi,15,,14,2024,0.9742,"Non Basis",251644126288.15,"Potensial / Cepat Berkembang"
provinsi,15,,15,2024,1.1113,Basis,256303546911.87,"Maju dan Tumbuh Cepat"
provinsi,15,,16,2024,0.9603,"Non Basis",64081241043.25,"Potensial / Cepat Berkembang"
provinsi,15,,17,2024,0.5049,"Non Basis",-28533120868.53,"Relatif Tertinggal"
provinsi,15,,1,2025,2.2831,Basis,79071517451.03,"Maju dan Tumbuh Cepat"
provinsi,15,,2,2025,2.9864,Basis,2534238540998.6,"Maju dan Tumbuh Cepat"
provinsi,15,,3,2025,0.4725,"Non Basis",-34429478128.7,"Relatif Tertinggal"
provinsi,15,,4,2025,0.0633,"Non Basis",4637943284.33,"Potensial / Cepat Berkembang"
provinsi,15,,5,2025,1.4541,Basis,1866056131.47,"Maju dan Tumbuh Cepat"
provinsi,15,,6,2025,0.7242,"Non Basis",-1124327423631.8,"Relatif Tertinggal"
provinsi,15,,7,2025,0.7791,"Non Basis",415928675647.23,"Potensial / Cepat Berkembang"
provinsi,15,,8,2025,0.7072,"Non Basis",6291767034.63,"Potensial / Cepat Berkembang"
provinsi,15,,9,2025,0.3565,"Non Basis",-96109681220.64,"Relatif Tertinggal"
provinsi,15,,10,2025,0.621,"Non Basis",10898619063.53,"Potensial / Cepat Berkembang"
provinsi,15,,11,2025,0.533,"Non Basis",182021556227.35,"Potensial / Cepat Berkembang"
provinsi,15,,12,2025,0.5167,"Non Basis",13018576038.28,"Potensial / Cepat Berkembang"
provinsi,15,,13,2025,0.6199,"Non Basis",-47807055735.37,"Relatif Tertinggal"
provinsi,15,,14,2025,0.9154,"Non Basis",-364490063366.68,"Relatif Tertinggal"
provinsi,15,,15,2025,1.0952,Basis,-103669273000.55,"Maju tapi Tertekan"
provinsi,15,,16,2025,0.9489,"Non Basis",-37462579639.09,"Relatif Tertinggal"
provinsi,15,,17,2025,0.4749,"Non Basis",-130509831842.59,"Relatif Tertinggal"
provinsi,17,,1,2022,2.1402,Basis,294006398270.35,"Maju dan Tumbuh Cepat"
provinsi,17,,2,2022,0.4152,"Non Basis",-117684537248.84,"Relatif Tertinggal"
provinsi,17,,3,2022,0.268,"Non Basis",-50371169240.47,"Relatif Tertinggal"
provinsi,17,,4,2022,0.1052,"Non Basis",748148624.73,"Potensial / Cepat Berkembang"
provinsi,17,,5,2022,2.3501,Basis,2043159295.51,"Maju dan Tumbuh Cepat"
provinsi,17,,6,2022,0.4497,"Non Basis",-39674989797.44,"Relatif Tertinggal"
provinsi,17,,7,2022,1.1551,Basis,-107212361647.71,"Maju tapi Tertekan"
provinsi,17,,8,2022,1.9544,Basis,-239917226090.2,"Maju tapi Tertekan"
provinsi,17,,9,2022,0.5705,"Non Basis",-28995886368.43,"Relatif Tertinggal"
provinsi,17,,10,2022,0.7746,"Non Basis",12383762587.29,"Potensial / Cepat Berkembang"
provinsi,17,,11,2022,0.7792,"Non Basis",-108960104087.55,"Relatif Tertinggal"
provinsi,17,,12,2022,1.4214,Basis,44279335078.4,"Maju dan Tumbuh Cepat"
provinsi,17,,13,2022,1.183,Basis,26094783150.45,"Maju dan Tumbuh Cepat"
provinsi,17,,14,2022,2.5813,Basis,-99647414861.25,"Maju tapi Tertekan"
provinsi,17,,15,2022,1.9946,Basis,130222741407.63,"Maju dan Tumbuh Cepat"
provinsi,17,,16,2022,1.3489,Basis,5912093515.95,"Maju dan Tumbuh Cepat"
provinsi,17,,17,2022,0.4321,"Non Basis",-5227319144.19,"Relatif Tertinggal"
provinsi,17,,1,2023,2.1727,Basis,103467689350.14,"Maju dan Tumbuh Cepat"
provinsi,17,,2,2023,0.4252,"Non Basis",27484808642.25,"Potensial / Cepat Berkembang"
provinsi,17,,3,2023,0.2628,"Non Basis",-80323494696.45,"Relatif Tertinggal"
provinsi,17,,4,2023,0.105,"Non Basis",-546564218.28,"Relatif Tertinggal"
provinsi,17,,5,2023,2.3606,Basis,-352897139.68,"Maju tapi Tertekan"
provinsi,17,,6,2023,0.4537,"Non Basis",2756487162.38,"Potensial / Cepat Berkembang"
provinsi,17,,7,2023,1.144,Basis,-141789414536.71,"Maju tapi Tertekan"
provinsi,17,,8,2023,1.8528,Basis,-285848860117.35,"Maju tapi Tertekan"
provinsi,17,,9,2023,0.5743,"Non Basis",-1071350391.8,"Relatif Tertinggal"
provinsi,17,,10,2023,0.7951,"Non Basis",52240356624.32,"Potensial / Cepat Berkembang"
provinsi,17,,11,2023,0.7112,"Non Basis",-162335192260.19,"Relatif Tertinggal"
provinsi,17,,12,2023,1.4864,Basis,82359866333.31,"Maju dan Tumbuh Cepat"
provinsi,17,,13,2023,1.1876,Basis,-4539104576.05,"Maju tapi Tertekan"
provinsi,17,,14,2023,2.7201,Basis,199692643951.49,"Maju dan Tumbuh Cepat"
provinsi,17,,15,2023,2.0712,Basis,97487931165.34,"Maju dan Tumbuh Cepat"
provinsi,17,,16,2023,1.4105,Basis,38269296386.96,"Maju dan Tumbuh Cepat"
provinsi,17,,17,2023,0.4331,"Non Basis",-2478773450.34,"Relatif Tertinggal"
provinsi,17,,1,2024,2.2237,Basis,264965331762.87,"Maju dan Tumbuh Cepat"
provinsi,17,,2,2024,0.4187,"Non Basis",-35441969953.42,"Relatif Tertinggal"
provinsi,17,,3,2024,0.2566,"Non Basis",-85786709056.68,"Relatif Tertinggal"
provinsi,17,,4,2024,0.1047,"Non Basis",-439108317.34,"Relatif Tertinggal"
provinsi,17,,5,2024,2.4769,Basis,5069207931.85,"Maju dan Tumbuh Cepat"
provinsi,17,,6,2024,0.4499,"Non Basis",-32827754979.64,"Relatif Tertinggal"
provinsi,17,,7,2024,1.1321,Basis,-126902636501.19,"Maju tapi Tertekan"
provinsi,17,,8,2024,1.7806,Basis,-214407287067.3,"Maju tapi Tertekan"
provinsi,17,,9,2024,0.5819,"Non Basis",9094558282.26,"Potensial / Cepat Berkembang"
provinsi,17,,10,2024,0.8111,"Non Basis",47060896979.9,"Potensial / Cepat Berkembang"
provinsi,17,,11,2024,0.7194,"Non Basis",11362727568.77,"Potensial / Cepat Berkembang"
provinsi,17,,12,2024,1.5189,Basis,40024939060.35,"Maju dan Tumbuh Cepat"
provinsi,17,,13,2024,1.1911,Basis,-2096881622.02,"Maju tapi Tertekan"
provinsi,17,,14,2024,2.7833,Basis,90326285183.36,"Maju dan Tumbuh Cepat"
provinsi,17,,15,2024,2.134,Basis,87397231711.44,"Maju dan Tumbuh Cepat"
provinsi,17,,16,2024,1.4293,Basis,9969848961.36,"Maju dan Tumbuh Cepat"
provinsi,17,,17,2024,0.4333,"Non Basis",-1995073160.09,"Relatif Tertinggal"
provinsi,17,,1,2025,2.2056,Basis,-174738875438.68,"Maju tapi Tertekan"
provinsi,17,,2,2025,0.4054,"Non Basis",-61629800975.69,"Relatif Tertinggal"
provinsi,17,,3,2025,0.2675,"Non Basis",121799254130,"Potensial / Cepat Berkembang"
provinsi,17,,4,2025,0.1055,"Non Basis",254975831.05,"Potensial / Cepat Berkembang"
provinsi,17,,5,2025,2.4632,Basis,-1080276349.44,"Maju tapi Tertekan"
provinsi,17,,6,2025,0.4485,"Non Basis",-16598282877.31,"Relatif Tertinggal"
provinsi,17,,7,2025,1.1119,Basis,-187958699254.57,"Maju tapi Tertekan"
provinsi,17,,8,2025,1.7161,Basis,-203565952688.91,"Maju tapi Tertekan"
provinsi,17,,9,2025,0.6067,"Non Basis",44545424713.86,"Potensial / Cepat Berkembang"
provinsi,17,,10,2025,0.8164,"Non Basis",10459377306.78,"Potensial / Cepat Berkembang"
provinsi,17,,11,2025,0.76,"Non Basis",90435050398.63,"Potensial / Cepat Berkembang"
provinsi,17,,12,2025,1.5507,Basis,42488255231.1,"Maju dan Tumbuh Cepat"
provinsi,17,,13,2025,1.1804,Basis,-17927021194.71,"Maju tapi Tertekan"
provinsi,17,,14,2025,2.7346,Basis,-107344369975.62,"Maju tapi Tertekan"
provinsi,17,,15,2025,2.1873,Basis,78658114790.69,"Maju dan Tumbuh Cepat"
provinsi,17,,16,2025,1.4582,Basis,20287928663.83,"Maju dan Tumbuh Cepat"
provinsi,17,,17,2025,0.4372,"Non Basis",3025266034.87,"Potensial / Cepat Berkembang"
provinsi,12,,1,2022,2.0222,Basis,392790572656.25,"Maju dan Tumbuh Cepat"
provinsi,12,,2,2022,0.165,"Non Basis",-12506271636.1,"Relatif Tertinggal"
provinsi,12,,3,2022,0.8136,"Non Basis",-284990303146.24,"Relatif Tertinggal"
provinsi,12,,4,2022,0.1318,"Non Basis",-1418718078.62,"Relatif Tertinggal"
provinsi,12,,5,2022,1.0814,Basis,-592474841.97,"Maju tapi Tertekan"
provinsi,12,,6,2022,1.2215,Basis,69499507393.21,"Maju dan Tumbuh Cepat"
provinsi,12,,7,2022,1.3403,Basis,102750765926.92,"Maju dan Tumbuh Cepat"
provinsi,12,,8,2022,0.9819,"Non Basis",-149708122395.76,"Relatif Tertinggal"
provinsi,12,,9,2022,0.7157,"Non Basis",-55730307392.48,"Relatif Tertinggal"
provinsi,12,,10,2022,0.4868,"Non Basis",-2222797538.46,"Relatif Tertinggal"
provinsi,12,,11,2022,0.6855,"Non Basis",30113280314.96,"Potensial / Cepat Berkembang"
provinsi,12,,12,2022,1.4284,Basis,66638916041.6,"Maju dan Tumbuh Cepat"
provinsi,12,,13,2022,0.4667,"Non Basis",17210874.11,"Potensial / Cepat Berkembang"
provinsi,12,,14,2022,0.9432,"Non Basis",-59115328258.38,"Relatif Tertinggal"
provinsi,12,,15,2022,0.6654,"Non Basis",52451541052.87,"Potensial / Cepat Berkembang"
provinsi,12,,16,2022,0.6457,"Non Basis",10585759575.52,"Potensial / Cepat Berkembang"
provinsi,12,,17,2022,0.265,"Non Basis",-2039348901.65,"Relatif Tertinggal"
provinsi,12,,1,2023,2.0578,Basis,258276695182.91,"Maju dan Tumbuh Cepat"
provinsi,12,,2,2023,0.1611,"Non Basis",-18784445923.34,"Relatif Tertinggal"
provinsi,12,,3,2023,0.8048,"Non Basis",-117685235662.98,"Relatif Tertinggal"
provinsi,12,,4,2023,0.1284,"Non Basis",-2268373615.27,"Relatif Tertinggal"
provinsi,12,,5,2023,1.0612,Basis,-1138258815.83,"Maju tapi Tertekan"
provinsi,12,,6,2023,1.2393,Basis,104167410874.14,"Maju dan Tumbuh Cepat"
provinsi,12,,7,2023,1.353,Basis,99472440455.01,"Maju dan Tumbuh Cepat"
provinsi,12,,8,2023,0.9742,"Non Basis",-23145731541.11,"Relatif Tertinggal"
provinsi,12,,9,2023,0.7174,"Non Basis",2719996282.93,"Potensial / Cepat Berkembang"
provinsi,12,,10,2023,0.4879,"Non Basis",3870324697.36,"Potensial / Cepat Berkembang"
provinsi,12,,11,2023,0.6905,"Non Basis",12051098937.6,"Potensial / Cepat Berkembang"
provinsi,12,,12,2023,1.4538,Basis,43650716850.2,"Maju dan Tumbuh Cepat"
provinsi,12,,13,2023,0.4601,"Non Basis",-8021928935.3,"Relatif Tertinggal"
provinsi,12,,14,2023,0.9475,"Non Basis",7400786091.11,"Potensial / Cepat Berkembang"
provinsi,12,,15,2023,0.7024,"Non Basis",67333059040.52,"Potensial / Cepat Berkembang"
provinsi,12,,16,2023,0.6568,"Non Basis",9376919276.69,"Potensial / Cepat Berkembang"
provinsi,12,,17,2023,0.2626,"Non Basis",-3110898595.54,"Relatif Tertinggal"
provinsi,12,,1,2024,2.1216,Basis,465678289686.35,"Maju dan Tumbuh Cepat"
provinsi,12,,2,2024,0.1599,"Non Basis",-6557987762.76,"Relatif Tertinggal"
provinsi,12,,3,2024,0.8069,"Non Basis",19989450418.37,"Potensial / Cepat Berkembang"
provinsi,12,,4,2024,0.126,"Non Basis",-1777539034.96,"Relatif Tertinggal"
provinsi,12,,5,2024,1.0723,Basis,573989442.82,"Maju dan Tumbuh Cepat"
provinsi,12,,6,2024,1.2346,Basis,-37174810922.52,"Maju tapi Tertekan"
provinsi,12,,7,2024,1.3484,Basis,-49252094219.38,"Maju tapi Tertekan"
provinsi,12,,8,2024,0.9547,"Non Basis",-62450713154.38,"Relatif Tertinggal"
provinsi,12,,9,2024,0.7414,"Non Basis",49773551653.25,"Potensial / Cepat Berkembang"
provinsi,12,,10,2024,0.4876,"Non Basis",-3238442815.39,"Relatif Tertinggal"
provinsi,12,,11,2024,0.6854,"Non Basis",-15140427485.43,"Relatif Tertinggal"
provinsi,12,,12,2024,1.4962,Basis,74390142141.62,"Maju dan Tumbuh Cepat"
provinsi,12,,13,2024,0.4467,"Non Basis",-17761699745.9,"Relatif Tertinggal"
provinsi,12,,14,2024,0.9452,"Non Basis",-6358688741.32,"Relatif Tertinggal"
provinsi,12,,15,2024,0.7158,"Non Basis",24578216559.35,"Potensial / Cepat Berkembang"
provinsi,12,,16,2024,0.6392,"Non Basis",-16983301306.58,"Relatif Tertinggal"
provinsi,12,,17,2024,0.255,"Non Basis",-10643756576.59,"Relatif Tertinggal"
provinsi,12,,1,2025,2.1581,Basis,-70333268580.23,"Maju tapi Tertekan"
provinsi,12,,2,2025,0.1672,"Non Basis",18449387826.06,"Potensial / Cepat Berkembang"
provinsi,12,,3,2025,0.8101,"Non Basis",-195905157980.25,"Relatif Tertinggal"
provinsi,12,,4,2025,0.1289,"Non Basis",177547741.28,"Potensial / Cepat Berkembang"
provinsi,12,,5,2025,1.152,Basis,3123623651.48,"Maju dan Tumbuh Cepat"
provinsi,12,,6,2025,1.2145,Basis,-306104368985.74,"Maju tapi Tertekan"
provinsi,12,,7,2025,1.3859,Basis,75781001020.85,"Maju dan Tumbuh Cepat"
provinsi,12,,8,2025,0.6884,"Non Basis",-942295757185.38,"Relatif Tertinggal"
provinsi,12,,9,2025,0.736,"Non Basis",-47779537301.52,"Relatif Tertinggal"
provinsi,12,,10,2025,0.4897,"Non Basis",-39570991875.96,"Relatif Tertinggal"
provinsi,12,,11,2025,0.6943,"Non Basis",-15595148546.84,"Relatif Tertinggal"
provinsi,12,,12,2025,1.6031,Basis,136573284645.09,"Maju dan Tumbuh Cepat"
provinsi,12,,13,2025,0.4619,"Non Basis",7757394967.67,"Potensial / Cepat Berkembang"
provinsi,12,,14,2025,0.924,"Non Basis",-86920638554.15,"Relatif Tertinggal"
provinsi,12,,15,2025,0.7254,"Non Basis",-11298104942.42,"Relatif Tertinggal"
provinsi,12,,16,2025,0.6699,"Non Basis",16401464864.31,"Potensial / Cepat Berkembang"
provinsi,12,,17,2025,0.245,"Non Basis",-22836934612.62,"Relatif Tertinggal"
kabupaten,21,2171,1,2022,0.3308,"Non Basis",-8555926832.71,"Relatif Tertinggal"
kabupaten,21,2171,2,2022,0.0054,"Non Basis",9786344286.31,"Potensial / Cepat Berkembang"
kabupaten,21,2171,3,2022,1.3896,Basis,1236377263168.4,"Maju dan Tumbuh Cepat"
kabupaten,21,2171,4,2022,1.4576,Basis,-7525634805.6,"Maju tapi Tertekan"
kabupaten,21,2171,5,2022,1.4767,Basis,-10000848728.74,"Maju tapi Tertekan"
kabupaten,21,2171,6,2022,1.048,Basis,-133227040314.19,"Maju tapi Tertekan"
kabupaten,21,2171,7,2022,0.6891,"Non Basis",-424587812002.96,"Relatif Tertinggal"
kabupaten,21,2171,8,2022,0.8618,"Non Basis",105538510421.72,"Potensial / Cepat Berkembang"
kabupaten,21,2171,9,2022,0.9611,"Non Basis",-13291028478.13,"Relatif Tertinggal"
kabupaten,21,2171,10,2022,1.0997,Basis,-271635902985.9,"Maju tapi Tertekan"
kabupaten,21,2171,11,2022,1.2862,Basis,20729904432.84,"Maju dan Tumbuh Cepat"
kabupaten,21,2171,12,2022,0.9144,"Non Basis",913103491.23,"Potensial / Cepat Berkembang"
kabupaten,21,2171,13,2022,0.8435,"Non Basis",-66829268.29,"Relatif Tertinggal"
kabupaten,21,2171,14,2022,0.5082,"Non Basis",-29955324343.58,"Relatif Tertinggal"
kabupaten,21,2171,15,2022,0.6539,"Non Basis",-25283489146.52,"Relatif Tertinggal"
kabupaten,21,2171,16,2022,0.7981,"Non Basis",58305508313.72,"Potensial / Cepat Berkembang"
kabupaten,21,2171,17,2022,0.609,"Non Basis",-65676214908.74,"Relatif Tertinggal"
kabupaten,21,2171,1,2023,0.2924,"Non Basis",-117790829938.63,"Relatif Tertinggal"
kabupaten,21,2171,2,2023,0.0059,"Non Basis",8671383165.6,"Potensial / Cepat Berkembang"
kabupaten,21,2171,3,2023,1.3922,Basis,1395131907895.5,"Maju dan Tumbuh Cepat"
kabupaten,21,2171,4,2023,1.4462,Basis,18736329044.66,"Maju dan Tumbuh Cepat"
kabupaten,21,2171,5,2023,1.4133,Basis,-5900121028.74,"Maju tapi Tertekan"
kabupaten,21,2171,6,2023,1.0237,Basis,-143627737448.47,"Maju tapi Tertekan"
kabupaten,21,2171,7,2023,0.7002,"Non Basis",242001376658.69,"Potensial / Cepat Berkembang"
kabupaten,21,2171,8,2023,0.8507,"Non Basis",10472576496.89,"Potensial / Cepat Berkembang"
kabupaten,21,2171,9,2023,0.9711,"Non Basis",76965238420.33,"Potensial / Cepat Berkembang"
kabupaten,21,2171,10,2023,1.0672,Basis,-64550613226.35,"Maju tapi Tertekan"
kabupaten,21,2171,11,2023,1.2705,Basis,23871726110.32,"Maju dan Tumbuh Cepat"
kabupaten,21,2171,12,2023,0.8802,"Non Basis",-28534417477.59,"Relatif Tertinggal"
kabupaten,21,2171,13,2023,0.7688,"Non Basis",-297034795.76,"Relatif Tertinggal"
kabupaten,21,2171,14,2023,0.4903,"Non Basis",-24945075718.45,"Relatif Tertinggal"
kabupaten,21,2171,15,2023,0.6312,"Non Basis",-16727095432.74,"Relatif Tertinggal"
kabupaten,21,2171,16,2023,0.8444,"Non Basis",68780511361.53,"Potensial / Cepat Berkembang"
kabupaten,21,2171,17,2023,0.6195,"Non Basis",7567765319.76,"Potensial / Cepat Berkembang"
kabupaten,21,2171,1,2024,0.264,"Non Basis",-89595350418.36,"Relatif Tertinggal"
kabupaten,21,2171,2,2024,0.0068,"Non Basis",12097242542.93,"Potensial / Cepat Berkembang"
kabupaten,21,2171,3,2024,1.3784,Basis,334855804793.58,"Maju dan Tumbuh Cepat"
kabupaten,21,2171,4,2024,1.4262,Basis,564080226.9,"Maju dan Tumbuh Cepat"
kabupaten,21,2171,5,2024,0.1447,"Non Basis",-203992003540.39,"Relatif Tertinggal"
kabupaten,21,2171,6,2024,0.9695,"Non Basis",-1044443740903.7,"Relatif Tertinggal"
kabupaten,21,2171,7,2024,0.7129,"Non Basis",251717417463.71,"Potensial / Cepat Berkembang"
kabupaten,21,2171,8,2024,0.873,"Non Basis",90688632186.47,"Potensial / Cepat Berkembang"
kabupaten,21,2171,9,2024,0.9604,"Non Basis",9086483435.8,"Potensial / Cepat Berkembang"
kabupaten,21,2171,10,2024,1.1185,Basis,329357706000.87,"Maju dan Tumbuh Cepat"
kabupaten,21,2171,11,2024,1.2657,Basis,50059121450.43,"Maju dan Tumbuh Cepat"
kabupaten,21,2171,12,2024,0.8781,"Non Basis",17539135260.9,"Potensial / Cepat Berkembang"
kabupaten,21,2171,13,2024,0.7541,"Non Basis",-20511508.95,"Relatif Tertinggal"
kabupaten,21,2171,14,2024,0.4583,"Non Basis",-83435830125.27,"Relatif Tertinggal"
kabupaten,21,2171,15,2024,0.6304,"Non Basis",12723501822.47,"Potensial / Cepat Berkembang"
kabupaten,21,2171,16,2024,0.7937,"Non Basis",-53608357196.98,"Relatif Tertinggal"
kabupaten,21,2171,17,2024,0.5958,"Non Basis",-6261681276.17,"Relatif Tertinggal"
kabupaten,21,2171,1,2025,0.2782,"Non Basis",54042118171.31,"Potensial / Cepat Berkembang"
kabupaten,21,2171,2,2025,0.0058,"Non Basis",-14366841822.11,"Relatif Tertinggal"
kabupaten,21,2171,3,2025,1.3705,Basis,-485408500565.36,"Maju tapi Tertekan"
kabupaten,21,2171,4,2025,1.4461,Basis,31317164050.16,"Maju dan Tumbuh Cepat"
kabupaten,21,2171,5,2025,1.3966,Basis,228420481675.81,"Maju dan Tumbuh Cepat"
kabupaten,21,2171,6,2025,0.9815,"Non Basis",330668104486.58,"Potensial / Cepat Berkembang"
kabupaten,21,2171,7,2025,0.7223,"Non Basis",111252756865.45,"Potensial / Cepat Berkembang"
kabupaten,21,2171,8,2025,0.8383,"Non Basis",-98413269762.74,"Relatif Tertinggal"
kabupaten,21,2171,9,2025,0.9363,"Non Basis",-75078763942.03,"Relatif Tertinggal"
kabupaten,21,2171,10,2025,1.1816,Basis,304069930842.77,"Maju dan Tumbuh Cepat"
kabupaten,21,2171,11,2025,1.3137,Basis,188612550656.07,"Maju dan Tumbuh Cepat"
kabupaten,21,2171,12,2025,0.9528,"Non Basis",132927050196.24,"Potensial / Cepat Berkembang"
kabupaten,21,2171,13,2025,0.7039,"Non Basis",-310669914.74,"Relatif Tertinggal"
kabupaten,21,2171,14,2025,0.5037,"Non Basis",148663237496.54,"Potensial / Cepat Berkembang"
kabupaten,21,2171,15,2025,0.6295,"Non Basis",-1462242999.86,"Relatif Tertinggal"
kabupaten,21,2171,16,2025,0.7902,"Non Basis",-5115450759.53,"Relatif Tertinggal"
kabupaten,21,2171,17,2025,0.6203,"Non Basis",10467063495.71,"Potensial / Cepat Berkembang"
kabupaten,21,2172,1,2022,0.2603,"Non Basis",-2792843998.08,"Relatif Tertinggal"
kabupaten,21,2172,2,2022,0.0006,"Non Basis",89331705.51,"Potensial / Cepat Berkembang"
kabupaten,21,2172,3,2022,0.1619,"Non Basis",-21633205817.29,"Relatif Tertinggal"
kabupaten,21,2172,4,2022,0.2601,"Non Basis",-4706993565.52,"Relatif Tertinggal"
kabupaten,21,2172,5,2022,0.6267,"Non Basis",-683043716.85,"Relatif Tertinggal"
kabupaten,21,2172,6,2022,1.6503,Basis,-197148488610.94,"Maju tapi Tertekan"
kabupaten,21,2172,7,2022,3.189,Basis,-328967091763.54,"Maju tapi Tertekan"
kabupaten,21,2172,8,2022,2.8156,Basis,-54620152767.06,"Maju tapi Tertekan"
kabupaten,21,2172,9,2022,0.7376,"Non Basis",-23638374180.96,"Relatif Tertinggal"
kabupaten,21,2172,10,2022,1.2369,Basis,-25997837209.89,"Maju tapi Tertekan"
kabupaten,21,2172,11,2022,1.2937,Basis,-10763607013.91,"Maju tapi Tertekan"
kabupaten,21,2172,12,2022,2.8083,Basis,-9293253140.68,"Maju tapi Tertekan"
kabupaten,21,2172,13,2022,4.2755,Basis,-190714285.71,"Maju tapi Tertekan"
kabupaten,21,2172,14,2022,4.6439,Basis,98259087.6,"Maju dan Tumbuh Cepat"
kabupaten,21,2172,15,2022,3.5754,Basis,-6333270794.3,"Maju tapi Tertekan"
kabupaten,21,2172,16,2022,2.7695,Basis,6260706506.75,"Maju dan Tumbuh Cepat"
kabupaten,21,2172,17,2022,4.4247,Basis,-77090510151.73,"Maju tapi Tertekan"
kabupaten,21,2172,1,2023,0.2629,"Non Basis",865475788.4,"Potensial / Cepat Berkembang"
kabupaten,21,2172,2,2023,0.0005,"Non Basis",-73259735.46,"Relatif Tertinggal"
kabupaten,21,2172,3,2023,0.1626,"Non Basis",2574980228.91,"Potensial / Cepat Berkembang"
kabupaten,21,2172,4,2023,0.2583,"Non Basis",-388168586.93,"Relatif Tertinggal"
kabupaten,21,2172,5,2023,0.6265,"Non Basis",-30043704.82,"Relatif Tertinggal"
kabupaten,21,2172,6,2023,1.5055,Basis,-438879352443.46,"Maju tapi Tertekan"
kabupaten,21,2172,7,2023,3.1972,Basis,1418088414.11,"Maju dan Tumbuh Cepat"
kabupaten,21,2172,8,2023,2.731,Basis,-27842914037.27,"Maju tapi Tertekan"
kabupaten,21,2172,9,2023,0.7007,"Non Basis",-13291937531.69,"Relatif Tertinggal"
kabupaten,21,2172,10,2023,1.1247,Basis,-67825980015.95,"Maju tapi Tertekan"
kabupaten,21,2172,11,2023,1.2725,Basis,-10055299998.81,"Maju tapi Tertekan"
kabupaten,21,2172,12,2023,2.8835,Basis,13093413256.13,"Maju dan Tumbuh Cepat"
kabupaten,21,2172,13,2023,3.9892,Basis,-177231467.47,"Maju tapi Tertekan"
kabupaten,21,2172,14,2023,4.8144,Basis,53706573610.83,"Maju dan Tumbuh Cepat"
kabupaten,21,2172,15,2023,3.562,Basis,-3823120561.09,"Maju tapi Tertekan"
kabupaten,21,2172,16,2023,3.0548,Basis,38395252976.27,"Maju dan Tumbuh Cepat"
kabupaten,21,2172,17,2023,4.0006,Basis,-18740415283.11,"Maju tapi Tertekan"
kabupaten,21,2172,1,2024,0.2696,"Non Basis",1524580712.88,"Potensial / Cepat Berkembang"
kabupaten,21,2172,2,2024,0.0006,"Non Basis",21287921.32,"Potensial / Cepat Berkembang"
kabupaten,21,2172,3,2024,0.1537,"Non Basis",-72119473278.71,"Relatif Tertinggal"
kabupaten,21,2172,4,2024,0.2568,"Non Basis",-764337520.26,"Relatif Tertinggal"
kabupaten,21,2172,5,2024,0.6138,"Non Basis",-386622545.86,"Relatif Tertinggal"
kabupaten,21,2172,6,2024,1.4329,Basis,-279884850603.61,"Maju tapi Tertekan"
kabupaten,21,2172,7,2024,3.3053,Basis,91602132468.18,"Maju dan Tumbuh Cepat"
kabupaten,21,2172,8,2024,2.912,Basis,46079405752.92,"Maju dan Tumbuh Cepat"
kabupaten,21,2172,9,2024,0.7172,"Non Basis",2895508073.51,"Potensial / Cepat Berkembang"
kabupaten,21,2172,10,2024,1.2092,Basis,41386043246.16,"Maju dan Tumbuh Cepat"
kabupaten,21,2172,11,2024,1.2515,Basis,-16125824129.22,"Maju tapi Tertekan"
kabupaten,21,2172,12,2024,2.8944,Basis,-4652844574.78,"Maju tapi Tertekan"
kabupaten,21,2172,13,2024,3.9093,Basis,-79194373.4,"Maju tapi Tertekan"
kabupaten,21,2172,14,2024,4.2727,Basis,-233977273651.53,"Maju tapi Tertekan"
kabupaten,21,2172,15,2024,3.4876,Basis,-21556886870.57,"Maju tapi Tertekan"
kabupaten,21,2172,16,2024,2.7581,Basis,-54154288491.97,"Maju tapi Tertekan"
kabupaten,21,2172,17,2024,3.8763,Basis,-8504973206.05,"Maju tapi Tertekan"
kabupaten,21,2172,1,2025,0.2758,"Non Basis",-1406186581.87,"Relatif Tertinggal"
kabupaten,21,2172,2,2025,0.0005,"Non Basis",-207646292.02,"Relatif Tertinggal"
kabupaten,21,2172,3,2025,0.1511,"Non Basis",-54942852752.14,"Relatif Tertinggal"
kabupaten,21,2172,4,2025,0.2477,"Non Basis",-3240177238.43,"Relatif Tertinggal"
kabupaten,21,2172,5,2025,0.6456,"Non Basis",212127105.61,"Potensial / Cepat Berkembang"
kabupaten,21,2172,6,2025,1.36,Basis,-386888239341.17,"Maju tapi Tertekan"
kabupaten,21,2172,7,2025,3.5074,Basis,117352938736.07,"Maju dan Tumbuh Cepat"
kabupaten,21,2172,8,2025,2.9922,Basis,-7055725402.38,"Maju tapi Tertekan"
kabupaten,21,2172,9,2025,0.8103,"Non Basis",23940786902.61,"Potensial / Cepat Berkembang"
kabupaten,21,2172,10,2025,1.3495,Basis,53689811285.46,"Maju dan Tumbuh Cepat"
kabupaten,21,2172,11,2025,1.3055,Basis,4536990180.23,"Maju dan Tumbuh Cepat"
kabupaten,21,2172,12,2025,2.8214,Basis,-35282790975.23,"Maju tapi Tertekan"
kabupaten,21,2172,13,2025,3.7778,Basis,-188453105.97,"Maju tapi Tertekan"
kabupaten,21,2172,14,2025,4.3633,Basis,-22032232644.6,"Maju tapi Tertekan"
kabupaten,21,2172,15,2025,3.6578,Basis,9004241677.65,"Maju dan Tumbuh Cepat"
kabupaten,21,2172,16,2025,3.1472,Basis,47135214537.59,"Maju dan Tumbuh Cepat"
kabupaten,21,2172,17,2025,3.9702,Basis,-2052440353.21,"Maju tapi Tertekan"
kabupaten,21,2103,1,2022,4.0924,Basis,-33778395336.38,"Maju tapi Tertekan"
kabupaten,21,2103,2,2022,5.8511,Basis,633637841432.44,"Maju dan Tumbuh Cepat"
kabupaten,21,2103,3,2022,0.0192,"Non Basis",-3838523856.66,"Relatif Tertinggal"
kabupaten,21,2103,4,2022,0.0805,"Non Basis",-1531786795.07,"Relatif Tertinggal"
kabupaten,21,2103,5,2022,0.0599,"Non Basis",-53455277.12,"Relatif Tertinggal"
kabupaten,21,2103,6,2022,0.3975,"Non Basis",-47775178116.57,"Relatif Tertinggal"
kabupaten,21,2103,7,2022,0.4006,"Non Basis",-41799172219.78,"Relatif Tertinggal"
kabupaten,21,2103,8,2022,0.3304,"Non Basis",-21139091588.67,"Relatif Tertinggal"
kabupaten,21,2103,9,2022,0.2747,"Non Basis",-33146643864.37,"Relatif Tertinggal"
kabupaten,21,2103,10,2022,0.2955,"Non Basis",-6214808755.47,"Relatif Tertinggal"
kabupaten,21,2103,11,2022,0.0552,"Non Basis",-530010676.05,"Relatif Tertinggal"
kabupaten,21,2103,12,2022,0.6307,"Non Basis",-1240414783.44,"Relatif Tertinggal"
kabupaten,21,2103,13,2022,0.0588,"Non Basis",-4547038.33,"Relatif Tertinggal"
kabupaten,21,2103,14,2022,0.9221,"Non Basis",-2626729877.94,"Relatif Tertinggal"
kabupaten,21,2103,15,2022,0.1537,"Non Basis",-50173051.11,"Relatif Tertinggal"
kabupaten,21,2103,16,2022,0.3463,"Non Basis",1757475875.38,"Potensial / Cepat Berkembang"
kabupaten,21,2103,17,2022,0.2843,"Non Basis",-6521048889.54,"Relatif Tertinggal"
kabupaten,21,2103,1,2023,4.3708,Basis,43610023652.86,"Maju dan Tumbuh Cepat"
kabupaten,21,2103,2,2023,6.2532,Basis,252050405042.49,"Maju dan Tumbuh Cepat"
kabupaten,21,2103,3,2023,0.0195,"Non Basis",-2861495858.25,"Relatif Tertinggal"
kabupaten,21,2103,4,2023,0.0825,"Non Basis",-216456766.77,"Relatif Tertinggal"
kabupaten,21,2103,5,2023,0.0615,"Non Basis",-18999831.9,"Relatif Tertinggal"
kabupaten,21,2103,6,2023,0.3902,"Non Basis",-69232810469.66,"Relatif Tertinggal"
kabupaten,21,2103,7,2023,0.4097,"Non Basis",-9791267507.54,"Relatif Tertinggal"
kabupaten,21,2103,8,2023,0.314,"Non Basis",-9037828861.91,"Relatif Tertinggal"
kabupaten,21,2103,9,2023,0.2328,"Non Basis",-17835531102.43,"Relatif Tertinggal"
kabupaten,21,2103,10,2023,0.257,"Non Basis",-29087852088.11,"Relatif Tertinggal"
kabupaten,21,2103,11,2023,0.0545,"Non Basis",-1242974725.03,"Relatif Tertinggal"
kabupaten,21,2103,12,2023,0.645,"Non Basis",-2311458123.43,"Relatif Tertinggal"
kabupaten,21,2103,13,2023,0.0519,"Non Basis",-5491679.27,"Relatif Tertinggal"
kabupaten,21,2103,14,2023,0.9212,"Non Basis",-13025192040.26,"Relatif Tertinggal"
kabupaten,21,2103,15,2023,0.1552,"Non Basis",-875250973.12,"Relatif Tertinggal"
kabupaten,21,2103,16,2023,0.3833,"Non Basis",2946147209.33,"Potensial / Cepat Berkembang"
kabupaten,21,2103,17,2023,0.255,"Non Basis",-1728025788.09,"Relatif Tertinggal"
kabupaten,21,2103,1,2024,4.7886,Basis,11170508999.35,"Maju dan Tumbuh Cepat"
kabupaten,21,2103,2,2024,6.9365,Basis,177834313874.78,"Maju dan Tumbuh Cepat"
kabupaten,21,2103,3,2024,0.0203,"Non Basis",-5556911635.2,"Relatif Tertinggal"
kabupaten,21,2103,4,2024,0.0891,"Non Basis",-111076782.82,"Relatif Tertinggal"
kabupaten,21,2103,5,2024,0.0656,"Non Basis",-22412697.14,"Relatif Tertinggal"
kabupaten,21,2103,6,2024,0.405,"Non Basis",-55094908081.21,"Relatif Tertinggal"
kabupaten,21,2103,7,2024,0.4476,"Non Basis",1725527477.92,"Potensial / Cepat Berkembang"
kabupaten,21,2103,8,2024,0.3261,"Non Basis",-4410666389.93,"Relatif Tertinggal"
kabupaten,21,2103,9,2024,0.2505,"Non Basis",-939664844.37,"Relatif Tertinggal"
kabupaten,21,2103,10,2024,0.2801,"Non Basis",105169598.9,"Potensial / Cepat Berkembang"
kabupaten,21,2103,11,2024,0.0565,"Non Basis",-1123828143.57,"Relatif Tertinggal"
kabupaten,21,2103,12,2024,0.7106,"Non Basis",1463887690.56,"Potensial / Cepat Berkembang"
kabupaten,21,2103,13,2024,0.0538,"Non Basis",-1496163.68,"Relatif Tertinggal"
kabupaten,21,2103,14,2024,0.9335,"Non Basis",-24427256585,"Relatif Tertinggal"
kabupaten,21,2103,15,2024,0.1697,"Non Basis",120343622.22,"Potensial / Cepat Berkembang"
kabupaten,21,2103,16,2024,0.3679,"Non Basis",-7224033995.94,"Relatif Tertinggal"
kabupaten,21,2103,17,2024,0.2488,"Non Basis",-1285148875.01,"Relatif Tertinggal"
kabupaten,21,2103,1,2025,4.3403,Basis,-122238506023.42,"Maju tapi Tertekan"
kabupaten,21,2103,2,2025,6.7203,Basis,11695911319.51,"Maju dan Tumbuh Cepat"
kabupaten,21,2103,3,2025,0.0183,"Non Basis",-9352595522.61,"Relatif Tertinggal"
kabupaten,21,2103,4,2025,0.0813,"Non Basis",-844547184.84,"Relatif Tertinggal"
kabupaten,21,2103,5,2025,0.0574,"Non Basis",-122172866.78,"Relatif Tertinggal"
kabupaten,21,2103,6,2025,0.3521,"Non Basis",-120193021669.38,"Relatif Tertinggal"
kabupaten,21,2103,7,2025,0.4283,"Non Basis",-6347471636,"Relatif Tertinggal"
kabupaten,21,2103,8,2025,0.3013,"Non Basis",-4392311520.28,"Relatif Tertinggal"
kabupaten,21,2103,9,2025,0.2404,"Non Basis",-710308240.53,"Relatif Tertinggal"
kabupaten,21,2103,10,2025,0.2411,"Non Basis",-15804281513.04,"Relatif Tertinggal"
kabupaten,21,2103,11,2025,0.0538,"Non Basis",-376845334.33,"Relatif Tertinggal"
kabupaten,21,2103,12,2025,0.6502,"Non Basis",-7279259221.01,"Relatif Tertinggal"
kabupaten,21,2103,13,2025,0.0446,"Non Basis",-5042630.94,"Relatif Tertinggal"
kabupaten,21,2103,14,2025,0.9771,"Non Basis",26260129953.46,"Potensial / Cepat Berkembang"
kabupaten,21,2103,15,2025,0.1646,"Non Basis",61014655.22,"Potensial / Cepat Berkembang"
kabupaten,21,2103,16,2025,0.3707,"Non Basis",2269490056.88,"Potensial / Cepat Berkembang"
kabupaten,21,2103,17,2025,0.243,"Non Basis",103400211.19,"Potensial / Cepat Berkembang"
kabupaten,21,2105,1,2022,1.9699,Basis,-22699736661.62,"Maju tapi Tertekan"
kabupaten,21,2105,2,2022,6.6801,Basis,569469634334.08,"Maju dan Tumbuh Cepat"
kabupaten,21,2105,3,2022,0.0036,"Non Basis",-224906566.78,"Relatif Tertinggal"
kabupaten,21,2105,4,2022,0.0614,"Non Basis",-907400132.21,"Relatif Tertinggal"
kabupaten,21,2105,5,2022,0.0244,"Non Basis",-8212913.85,"Relatif Tertinggal"
kabupaten,21,2105,6,2022,0.3364,"Non Basis",-14215945748.79,"Relatif Tertinggal"
kabupaten,21,2105,7,2022,0.3199,"Non Basis",-9756409602.6,"Relatif Tertinggal"
kabupaten,21,2105,8,2022,0.0774,"Non Basis",-3985157975.94,"Relatif Tertinggal"
kabupaten,21,2105,9,2022,0.0625,"Non Basis",-4516357810.81,"Relatif Tertinggal"
kabupaten,21,2105,10,2022,0.1832,"Non Basis",-3665222567.24,"Relatif Tertinggal"
kabupaten,21,2105,11,2022,0.0573,"Non Basis",-485074846.12,"Relatif Tertinggal"
kabupaten,21,2105,12,2022,0.555,"Non Basis",-1074666936.55,"Relatif Tertinggal"
kabupaten,21,2105,13,2022,0.0517,"Non Basis",-3031358.89,"Relatif Tertinggal"
kabupaten,21,2105,14,2022,0.9471,"Non Basis",-626745244.26,"Relatif Tertinggal"
kabupaten,21,2105,15,2022,0.1834,"Non Basis",127105310.17,"Potensial / Cepat Berkembang"
kabupaten,21,2105,16,2022,0.2525,"Non Basis",1444060836.46,"Potensial / Cepat Berkembang"
kabupaten,21,2105,17,2022,0.2839,"Non Basis",-4350869310.27,"Relatif Tertinggal"
kabupaten,21,2105,1,2023,2.0838,Basis,7988748969.09,"Maju dan Tumbuh Cepat"
kabupaten,21,2105,2,2023,7.156,Basis,219395072709.35,"Maju dan Tumbuh Cepat"
kabupaten,21,2105,3,2023,0.0037,"Non Basis",-168460435.63,"Relatif Tertinggal"
kabupaten,21,2105,4,2023,0.0611,"Non Basis",-353315459.53,"Relatif Tertinggal"
kabupaten,21,2105,5,2023,0.0244,"Non Basis",-15145402.59,"Relatif Tertinggal"
kabupaten,21,2105,6,2023,0.3357,"Non Basis",-34208093936.92,"Relatif Tertinggal"
kabupaten,21,2105,7,2023,0.3349,"Non Basis",544731980.76,"Potensial / Cepat Berkembang"
kabupaten,21,2105,8,2023,0.0736,"Non Basis",-1651083600.58,"Relatif Tertinggal"
kabupaten,21,2105,9,2023,0.054,"Non Basis",-2846258445.2,"Relatif Tertinggal"
kabupaten,21,2105,10,2023,0.1747,"Non Basis",-7235595285.56,"Relatif Tertinggal"
kabupaten,21,2105,11,2023,0.0569,"Non Basis",-887823325.43,"Relatif Tertinggal"
kabupaten,21,2105,12,2023,0.553,"Non Basis",-3734993686.95,"Relatif Tertinggal"
kabupaten,21,2105,13,2023,0.0457,"Non Basis",-3661119.52,"Relatif Tertinggal"
kabupaten,21,2105,14,2023,0.9675,"Non Basis",-5447801318.62,"Relatif Tertinggal"
kabupaten,21,2105,15,2023,0.1914,"Non Basis",-36876956.22,"Relatif Tertinggal"
kabupaten,21,2105,16,2023,0.2583,"Non Basis",-558562640.86,"Relatif Tertinggal"
kabupaten,21,2105,17,2023,0.2489,"Non Basis",-1506617361.68,"Relatif Tertinggal"
kabupaten,21,2105,1,2024,2.3178,Basis,-574520670.3,"Maju tapi Tertekan"
kabupaten,21,2105,2,2024,7.9689,Basis,2469272212.32,"Maju dan Tumbuh Cepat"
kabupaten,21,2105,3,2024,0.0038,"Non Basis",-1336187850.97,"Relatif Tertinggal"
kabupaten,21,2105,4,2024,0.0652,"Non Basis",-320635129.66,"Relatif Tertinggal"
kabupaten,21,2105,5,2024,0.0275,"Non Basis",3256356.61,"Potensial / Cepat Berkembang"
kabupaten,21,2105,6,2024,0.363,"Non Basis",-21949186695.27,"Relatif Tertinggal"
kabupaten,21,2105,7,2024,0.3849,"Non Basis",10526370441.71,"Potensial / Cepat Berkembang"
kabupaten,21,2105,8,2024,0.0785,"Non Basis",-703124798.39,"Relatif Tertinggal"
kabupaten,21,2105,9,2024,0.0602,"Non Basis",7441576.39,"Potensial / Cepat Berkembang"
kabupaten,21,2105,10,2024,0.2031,"Non Basis",3343800344.81,"Potensial / Cepat Berkembang"
kabupaten,21,2105,11,2024,0.059,"Non Basis",-1292088227.87,"Relatif Tertinggal"
kabupaten,21,2105,12,2024,0.6016,"Non Basis",-1845862194.32,"Relatif Tertinggal"
kabupaten,21,2105,13,2024,0.0485,"Non Basis",-997442.46,"Relatif Tertinggal"
kabupaten,21,2105,14,2024,0.942,"Non Basis",-35049098809.91,"Relatif Tertinggal"
kabupaten,21,2105,15,2024,0.2116,"Non Basis",-178723634,"Relatif Tertinggal"
kabupaten,21,2105,16,2024,0.2421,"Non Basis",-4915992969.05,"Relatif Tertinggal"
kabupaten,21,2105,17,2024,0.2703,"Non Basis",-221826779.76,"Relatif Tertinggal"
kabupaten,21,2105,1,2025,2.0549,Basis,-29030646816.44,"Maju tapi Tertekan"
kabupaten,21,2105,2,2025,7.5683,Basis,250949113311.28,"Maju dan Tumbuh Cepat"
kabupaten,21,2105,3,2025,0.0034,"Non Basis",-902108786.58,"Relatif Tertinggal"
kabupaten,21,2105,4,2025,0.0555,"Non Basis",-644818104.51,"Relatif Tertinggal"
kabupaten,21,2105,5,2025,0.0221,"Non Basis",-50938498.56,"Relatif Tertinggal"
kabupaten,21,2105,6,2025,0.3291,"Non Basis",-15963762683.37,"Relatif Tertinggal"
kabupaten,21,2105,7,2025,0.3546,"Non Basis",-1672317721.91,"Relatif Tertinggal"
kabupaten,21,2105,8,2025,0.0715,"Non Basis",-261773268.15,"Relatif Tertinggal"
kabupaten,21,2105,9,2025,0.0553,"Non Basis",-107248936.73,"Relatif Tertinggal"
kabupaten,21,2105,10,2025,0.1967,"Non Basis",3530228255.22,"Potensial / Cepat Berkembang"
kabupaten,21,2105,11,2025,0.0503,"Non Basis",-1446404176.38,"Relatif Tertinggal"
kabupaten,21,2105,12,2025,0.5331,"Non Basis",-3567429135.39,"Relatif Tertinggal"
kabupaten,21,2105,13,2025,0.0384,"Non Basis",-3361753.96,"Relatif Tertinggal"
kabupaten,21,2105,14,2025,0.9557,"Non Basis",23155070607.92,"Potensial / Cepat Berkembang"
kabupaten,21,2105,15,2025,0.1898,"Non Basis",-840011415.38,"Relatif Tertinggal"
kabupaten,21,2105,16,2025,0.2214,"Non Basis",-316586870.14,"Relatif Tertinggal"
kabupaten,21,2105,17,2025,0.2493,"Non Basis",-34221569.26,"Relatif Tertinggal"
kabupaten,21,2104,1,2022,7.6638,Basis,-25633721310.4,"Maju tapi Tertekan"
kabupaten,21,2104,2,2022,0.3927,"Non Basis",11798340854.23,"Potensial / Cepat Berkembang"
kabupaten,21,2104,3,2022,0.018,"Non Basis",-353426593.36,"Relatif Tertinggal"
kabupaten,21,2104,4,2022,0.2805,"Non Basis",-1057482852.52,"Relatif Tertinggal"
kabupaten,21,2104,5,2022,0.2488,"Non Basis",-30230473.75,"Relatif Tertinggal"
kabupaten,21,2104,6,2022,1.1106,Basis,610774782.8,"Maju dan Tumbuh Cepat"
kabupaten,21,2104,7,2022,2.6359,Basis,-56245109284.35,"Maju tapi Tertekan"
kabupaten,21,2104,8,2022,0.7555,"Non Basis",-10406573596.19,"Relatif Tertinggal"
kabupaten,21,2104,9,2022,1.2889,Basis,-27948609385.27,"Maju tapi Tertekan"
kabupaten,21,2104,10,2022,1.2355,Basis,-5184680114.05,"Maju tapi Tertekan"
kabupaten,21,2104,11,2022,0.3308,"Non Basis",-502518119.28,"Relatif Tertinggal"
kabupaten,21,2104,12,2022,2.1183,Basis,-297603562.4,"Maju tapi Tertekan"
kabupaten,21,2104,13,2022,0.2799,"Non Basis",-4547038.33,"Relatif Tertinggal"
kabupaten,21,2104,14,2022,3.451,Basis,-293179587.37,"Maju tapi Tertekan"
kabupaten,21,2104,15,2022,5.6869,Basis,-1799017804.39,"Maju tapi Tertekan"
kabupaten,21,2104,16,2022,3.2947,Basis,3674928686.56,"Maju dan Tumbuh Cepat"
kabupaten,21,2104,17,2022,2.9492,Basis,-13666662024.48,"Maju tapi Tertekan"
kabupaten,21,2104,1,2023,7.7709,Basis,4050950880.6,"Maju dan Tumbuh Cepat"
kabupaten,21,2104,2,2023,0.4112,"Non Basis",5500250664.66,"Potensial / Cepat Berkembang"
kabupaten,21,2104,3,2023,0.0183,"Non Basis",239929162.82,"Potensial / Cepat Berkembang"
kabupaten,21,2104,4,2023,0.2855,"Non Basis",88919599.17,"Potensial / Cepat Berkembang"
kabupaten,21,2104,5,2023,0.2451,"Non Basis",-22763489.66,"Relatif Tertinggal"
kabupaten,21,2104,6,2023,1.0452,Basis,-46229416314.45,"Maju tapi Tertekan"
kabupaten,21,2104,7,2023,2.627,Basis,-8046961470.82,"Maju tapi Tertekan"
kabupaten,21,2104,8,2023,0.7878,"Non Basis",1680438204.77,"Potensial / Cepat Berkembang"
kabupaten,21,2104,9,2023,1.2278,Basis,-5182389472.28,"Maju tapi Tertekan"
kabupaten,21,2104,10,2023,1.2386,Basis,-880632662.21,"Maju tapi Tertekan"
kabupaten,21,2104,11,2023,0.3263,"Non Basis",-635457177.93,"Relatif Tertinggal"
kabupaten,21,2104,12,2023,2.0297,Basis,-4218421609.76,"Maju tapi Tertekan"
kabupaten,21,2104,13,2023,0.2385,"Non Basis",-5491679.27,"Relatif Tertinggal"
kabupaten,21,2104,14,2023,3.4098,Basis,-4889869603.33,"Maju tapi Tertekan"
kabupaten,21,2104,15,2023,5.73,Basis,-136212305.26,"Maju tapi Tertekan"
kabupaten,21,2104,16,2023,3.4722,Basis,4342776083.79,"Maju dan Tumbuh Cepat"
kabupaten,21,2104,17,2023,2.4613,Basis,-4641918582.09,"Maju tapi Tertekan"
kabupaten,21,2104,1,2024,7.7866,Basis,-2637078062.39,"Maju tapi Tertekan"
kabupaten,21,2104,2,2024,0.4815,"Non Basis",22458180419.22,"Potensial / Cepat Berkembang"
kabupaten,21,2104,3,2024,0.0172,"Non Basis",-1749881036.31,"Relatif Tertinggal"
kabupaten,21,2104,4,2024,0.2828,"Non Basis",-155648298.22,"Relatif Tertinggal"
kabupaten,21,2104,5,2024,0.2442,"Non Basis",-9437560.35,"Relatif Tertinggal"
kabupaten,21,2104,6,2024,1.0484,Basis,-1838813641.69,"Maju tapi Tertekan"
kabupaten,21,2104,7,2024,2.6877,Basis,12622298505.02,"Maju dan Tumbuh Cepat"
kabupaten,21,2104,8,2024,0.8155,"Non Basis",1518248266.45,"Potensial / Cepat Berkembang"
kabupaten,21,2104,9,2024,1.325,Basis,6760885938.5,"Maju dan Tumbuh Cepat"
kabupaten,21,2104,10,2024,1.261,Basis,1889246619.45,"Maju dan Tumbuh Cepat"
kabupaten,21,2104,11,2024,0.3125,"Non Basis",-1468276134.38,"Relatif Tertinggal"
kabupaten,21,2104,12,2024,2.0162,Basis,-1050795908.97,"Maju tapi Tertekan"
kabupaten,21,2104,13,2024,0.2285,"Non Basis",-1496163.68,"Relatif Tertinggal"
kabupaten,21,2104,14,2024,3.1266,Basis,-24975649476.01,"Maju tapi Tertekan"
kabupaten,21,2104,15,2024,5.6051,Basis,-6139170756.9,"Maju tapi Tertekan"
kabupaten,21,2104,16,2024,2.9638,Basis,-18136240278.12,"Maju tapi Tertekan"
kabupaten,21,2104,17,2024,2.2584,Basis,-2267739548.58,"Maju tapi Tertekan"
kabupaten,21,2102,1,2022,5.2373,Basis,-47507525577.55,"Maju tapi Tertekan"
kabupaten,21,2102,2,2022,0.8275,"Non Basis",35983469405.81,"Potensial / Cepat Berkembang"
kabupaten,21,2102,3,2022,0.3122,"Non Basis",-21219406191.74,"Relatif Tertinggal"
kabupaten,21,2102,4,2022,0.3205,"Non Basis",-1682959070.43,"Relatif Tertinggal"
kabupaten,21,2102,5,2022,0.3584,"Non Basis",-145886226.45,"Relatif Tertinggal"
kabupaten,21,2102,6,2022,1.0748,Basis,-21940957567.7,"Maju tapi Tertekan"
kabupaten,21,2102,7,2022,2.1133,Basis,-80297370716.36,"Maju tapi Tertekan"
kabupaten,21,2102,8,2022,1.588,Basis,-38148891742.94,"Maju tapi Tertekan"
kabupaten,21,2102,9,2022,1.2151,Basis,-37014211242.82,"Maju tapi Tertekan"
kabupaten,21,2102,10,2022,1.1865,Basis,-12852576415.74,"Maju tapi Tertekan"
kabupaten,21,2102,11,2022,0.6397,"Non Basis",-2890328329.8,"Relatif Tertinggal"
kabupaten,21,2102,12,2022,2.5439,Basis,-3497700229.55,"Maju tapi Tertekan"
kabupaten,21,2102,13,2022,5.4323,Basis,-129181184.67,"Maju tapi Tertekan"
kabupaten,21,2102,14,2022,1.6361,Basis,-4590391332.3,"Maju tapi Tertekan"
kabupaten,21,2102,15,2022,2.7092,Basis,-2353581901.55,"Maju tapi Tertekan"
kabupaten,21,2102,16,2022,2.1202,Basis,5010736887.87,"Maju dan Tumbuh Cepat"
kabupaten,21,2102,17,2022,5.2118,Basis,-53146703804.15,"Maju tapi Tertekan"
kabupaten,21,2102,1,2023,5.3104,Basis,26351310546.85,"Maju dan Tumbuh Cepat"
kabupaten,21,2102,2,2023,0.8298,"Non Basis",5808243935.31,"Potensial / Cepat Berkembang"
kabupaten,21,2102,3,2023,0.3269,"Non Basis",65653706510.65,"Potensial / Cepat Berkembang"
kabupaten,21,2102,4,2023,0.3284,"Non Basis",948722309.94,"Potensial / Cepat Berkembang"
kabupaten,21,2102,5,2023,0.3443,"Non Basis",-164662968.57,"Relatif Tertinggal"
kabupaten,21,2102,6,2023,0.9874,"Non Basis",-166439864631.42,"Relatif Tertinggal"
kabupaten,21,2102,7,2023,2.1377,Basis,26392422039.05,"Maju dan Tumbuh Cepat"
kabupaten,21,2102,8,2023,1.6586,Basis,15586577209.56,"Maju dan Tumbuh Cepat"
kabupaten,21,2102,9,2023,1.1203,Basis,-20986530306.42,"Maju tapi Tertekan"
kabupaten,21,2102,10,2023,1.2279,Basis,17941805790.89,"Maju dan Tumbuh Cepat"
kabupaten,21,2102,11,2023,0.6311,"Non Basis",-1842142235.78,"Relatif Tertinggal"
kabupaten,21,2102,12,2023,2.5048,Basis,-3914495274.78,"Maju tapi Tertekan"
kabupaten,21,2102,13,2023,5.2235,Basis,-76822995.46,"Maju tapi Tertekan"
kabupaten,21,2102,14,2023,1.615,Basis,-3542493605.06,"Maju tapi Tertekan"
kabupaten,21,2102,15,2023,2.702,Basis,192110373.2,"Maju dan Tumbuh Cepat"
kabupaten,21,2102,16,2023,2.0217,Basis,-8451645021.87,"Maju tapi Tertekan"
kabupaten,21,2102,17,2023,4.9643,Basis,-6677873560.74,"Maju tapi Tertekan"
kabupaten,21,2102,1,2024,5.1555,Basis,-24823746164.92,"Maju tapi Tertekan"
kabupaten,21,2102,2,2024,0.8798,"Non Basis",65843652738.12,"Potensial / Cepat Berkembang"
kabupaten,21,2102,3,2024,0.3778,"Non Basis",252303497348.68,"Potensial / Cepat Berkembang"
kabupaten,21,2102,4,2024,0.3313,"Non Basis",849234197.73,"Potensial / Cepat Berkembang"
kabupaten,21,2102,5,2024,0.3444,"Non Basis",62729320.89,"Potensial / Cepat Berkembang"
kabupaten,21,2102,6,2024,0.9455,"Non Basis",-60727557688.2,"Relatif Tertinggal"
kabupaten,21,2102,7,2024,2.094,Basis,-13407519321.94,"Maju tapi Tertekan"
kabupaten,21,2102,8,2024,1.6741,Basis,8091339231.46,"Maju dan Tumbuh Cepat"
kabupaten,21,2102,9,2024,1.1641,Basis,14384426199.23,"Maju dan Tumbuh Cepat"
kabupaten,21,2102,10,2024,1.2711,Basis,23962809131.13,"Maju dan Tumbuh Cepat"
kabupaten,21,2102,11,2024,0.6106,"Non Basis",-3687357404.79,"Relatif Tertinggal"
kabupaten,21,2102,12,2024,2.457,Basis,-1912587673.59,"Maju tapi Tertekan"
kabupaten,21,2102,13,2024,4.9316,Basis,-94731457.8,"Maju tapi Tertekan"
kabupaten,21,2102,14,2024,1.582,Basis,-3009142995.53,"Maju tapi Tertekan"
kabupaten,21,2102,15,2024,2.6442,Basis,-2705428215.35,"Maju tapi Tertekan"
kabupaten,21,2102,16,2024,1.789,Basis,-22984271610.99,"Maju tapi Tertekan"
kabupaten,21,2102,17,2024,4.5225,Basis,-12766337035.99,"Maju tapi Tertekan"
kabupaten,21,2102,1,2025,5.3936,Basis,50118473646.76,"Maju dan Tumbuh Cepat"
kabupaten,21,2102,2,2025,0.7729,"Non Basis",-147008567511.78,"Relatif Tertinggal"
kabupaten,21,2102,3,2025,0.3806,"Non Basis",-12401193923.21,"Relatif Tertinggal"
kabupaten,21,2102,4,2025,0.3366,"Non Basis",71652380.5,"Potensial / Cepat Berkembang"
kabupaten,21,2102,5,2025,0.3457,"Non Basis",-52200481.28,"Relatif Tertinggal"
kabupaten,21,2102,6,2025,0.9584,"Non Basis",-1278803911.81,"Relatif Tertinggal"
kabupaten,21,2102,7,2025,2.1209,Basis,-2800749098.65,"Maju tapi Tertekan"
kabupaten,21,2102,8,2025,1.7481,Basis,11323759470.94,"Maju dan Tumbuh Cepat"
kabupaten,21,2102,9,2025,1.2312,Basis,12503753501.52,"Maju dan Tumbuh Cepat"
kabupaten,21,2102,10,2025,1.3374,Basis,18584359451.31,"Maju dan Tumbuh Cepat"
kabupaten,21,2102,11,2025,0.6153,"Non Basis",-1254390408.28,"Relatif Tertinggal"
kabupaten,21,2102,12,2025,2.479,Basis,-1845649888.68,"Maju tapi Tertekan"
kabupaten,21,2102,13,2025,4.6067,Basis,-194665042.63,"Maju tapi Tertekan"
kabupaten,21,2102,14,2025,1.6499,Basis,11849900848.46,"Maju dan Tumbuh Cepat"
kabupaten,21,2102,15,2025,2.6754,Basis,-848742500.95,"Maju tapi Tertekan"
kabupaten,21,2102,16,2025,1.8299,Basis,1752523116.77,"Maju dan Tumbuh Cepat"
kabupaten,21,2102,17,2025,4.5853,Basis,-51410097.49,"Maju tapi Tertekan"
kabupaten,21,2101,1,2022,2.1943,Basis,-12817739611.62,"Maju tapi Tertekan"
kabupaten,21,2101,2,2022,0.2346,"Non Basis",-194509029844.66,"Relatif Tertinggal"
kabupaten,21,2101,3,2022,1.0372,Basis,654559844858.14,"Maju dan Tumbuh Cepat"
kabupaten,21,2101,4,2022,0.1442,"Non Basis",-2785818925,"Relatif Tertinggal"
kabupaten,21,2101,5,2022,0.4841,"Non Basis",-453210170.11,"Relatif Tertinggal"
kabupaten,21,2101,6,2022,1.1161,Basis,-128301830032.03,"Maju tapi Tertekan"
kabupaten,21,2101,7,2022,1.1559,Basis,-137810862871.87,"Maju tapi Tertekan"
kabupaten,21,2101,8,2022,1.2209,Basis,-100509484918.13,"Maju tapi Tertekan"
kabupaten,21,2101,9,2022,2.6799,Basis,-43844251574.46,"Maju tapi Tertekan"
kabupaten,21,2101,10,2022,0.452,"Non Basis",-12832965385.95,"Relatif Tertinggal"
kabupaten,21,2101,11,2022,0.6618,"Non Basis",-6830605534.58,"Relatif Tertinggal"
kabupaten,21,2101,12,2022,1.0015,Basis,-3511680887.22,"Maju tapi Tertekan"
kabupaten,21,2101,13,2022,0.2493,"Non Basis",-8188153.31,"Relatif Tertinggal"
kabupaten,21,2101,14,2022,1.1052,Basis,3878759622.57,"Maju dan Tumbuh Cepat"
kabupaten,21,2101,15,2022,1.5635,Basis,363713453.37,"Maju dan Tumbuh Cepat"
kabupaten,21,2101,16,2022,1.1184,Basis,7884380394.9,"Maju dan Tumbuh Cepat"
kabupaten,21,2101,17,2022,0.7039,"Non Basis",-13095130103.35,"Relatif Tertinggal"
kabupaten,21,2101,1,2023,2.174,Basis,20289415354.9,"Maju dan Tumbuh Cepat"
kabupaten,21,2101,2,2023,0.2077,"Non Basis",-36480373954.89,"Relatif Tertinggal"
kabupaten,21,2101,3,2023,1.0869,Basis,528757527615.01,"Maju dan Tumbuh Cepat"
kabupaten,21,2101,4,2023,0.1412,"Non Basis",196094392.42,"Potensial / Cepat Berkembang"
kabupaten,21,2101,5,2023,0.4658,"Non Basis",-84916792.74,"Relatif Tertinggal"
kabupaten,21,2101,6,2023,1.0019,Basis,-255694518653.53,"Maju tapi Tertekan"
kabupaten,21,2101,7,2023,1.1734,Basis,68294178756.17,"Maju dan Tumbuh Cepat"
kabupaten,21,2101,8,2023,1.3016,Basis,37828752140.88,"Maju dan Tumbuh Cepat"
kabupaten,21,2101,9,2023,2.7094,Basis,39405235927.49,"Maju dan Tumbuh Cepat"
kabupaten,21,2101,10,2023,0.3646,"Non Basis",-46458113475.53,"Relatif Tertinggal"
kabupaten,21,2101,11,2023,0.6203,"Non Basis",-9865472431.09,"Relatif Tertinggal"
kabupaten,21,2101,12,2023,0.939,"Non Basis",-6680467930.98,"Relatif Tertinggal"
kabupaten,21,2101,13,2023,0.236,"Non Basis",-3797276.85,"Relatif Tertinggal"
kabupaten,21,2101,14,2023,1.0354,Basis,-13332593906.5,"Maju tapi Tertekan"
kabupaten,21,2101,15,2023,1.5366,Basis,3592622959.54,"Maju dan Tumbuh Cepat"
kabupaten,21,2101,16,2023,1.0024,Basis,-12154129073.31,"Maju tapi Tertekan"
kabupaten,21,2101,17,2023,0.704,"Non Basis",947861917.29,"Potensial / Cepat Berkembang"
kabupaten,21,2101,1,2024,2.1239,Basis,13119805665.98,"Maju dan Tumbuh Cepat"
kabupaten,21,2101,2,2024,0.1432,"Non Basis",-99366159475.08,"Relatif Tertinggal"
kabupaten,21,2101,3,2024,1.0967,Basis,358217406084.6,"Maju dan Tumbuh Cepat"
kabupaten,21,2101,4,2024,0.1353,"Non Basis",-163400526.74,"Relatif Tertinggal"
kabupaten,21,2101,5,2024,0.4596,"Non Basis",223359752.17,"Potensial / Cepat Berkembang"
kabupaten,21,2101,6,2024,0.9822,"Non Basis",54628051204.96,"Potensial / Cepat Berkembang"
kabupaten,21,2101,7,2024,1.1674,Basis,52135133373.86,"Maju dan Tumbuh Cepat"
kabupaten,21,2101,8,2024,1.2588,Basis,1201236956.15,"Maju dan Tumbuh Cepat"
kabupaten,21,2101,9,2024,2.7451,Basis,52109714751.7,"Maju dan Tumbuh Cepat"
kabupaten,21,2101,10,2024,0.3716,"Non Basis",12972773611.95,"Potensial / Cepat Berkembang"
kabupaten,21,2101,11,2024,0.5753,"Non Basis",-11365832135.98,"Relatif Tertinggal"
kabupaten,21,2101,12,2024,0.8578,"Non Basis",-10519220329.12,"Relatif Tertinggal"
kabupaten,21,2101,13,2024,0.2168,"Non Basis",-7480818.41,"Relatif Tertinggal"
kabupaten,21,2101,14,2024,1.082,Basis,36263158700.39,"Maju dan Tumbuh Cepat"
kabupaten,21,2101,15,2024,1.5453,Basis,12997912146.07,"Maju dan Tumbuh Cepat"
kabupaten,21,2101,16,2024,0.8332,"Non Basis",-24173833207.05,"Relatif Tertinggal"
kabupaten,21,2101,17,2024,0.6375,"Non Basis",-2282855241.68,"Relatif Tertinggal"
kabupaten,21,2101,1,2025,2.0829,Basis,-25442702489.61,"Maju tapi Tertekan"
kabupaten,21,2101,2,2025,0.1538,"Non Basis",19941781774.14,"Potensial / Cepat Berkembang"
kabupaten,21,2101,3,2025,1.0711,Basis,-244298436302.49,"Maju tapi Tertekan"
kabupaten,21,2101,4,2025,0.1501,"Non Basis",2922652367,"Potensial / Cepat Berkembang"
kabupaten,21,2101,5,2025,0.4341,"Non Basis",-658617302.46,"Relatif Tertinggal"
kabupaten,21,2101,6,2025,1.0412,Basis,195846007686.37,"Maju dan Tumbuh Cepat"
kabupaten,21,2101,7,2025,1.2034,Basis,47490708767.73,"Maju dan Tumbuh Cepat"
kabupaten,21,2101,8,2025,1.2325,Basis,-11916456049.45,"Maju tapi Tertekan"
kabupaten,21,2101,9,2025,2.8617,Basis,41817383531.75,"Maju dan Tumbuh Cepat"
kabupaten,21,2101,10,2025,0.3879,"Non Basis",9080936766.08,"Potensial / Cepat Berkembang"
kabupaten,21,2101,11,2025,0.558,"Non Basis",-10299488571.96,"Relatif Tertinggal"
kabupaten,21,2101,12,2025,0.8364,"Non Basis",-5929318322.66,"Relatif Tertinggal"
kabupaten,21,2101,13,2025,0.2113,"Non Basis",-5213154.69,"Relatif Tertinggal"
kabupaten,21,2101,14,2025,1.176,Basis,37846716407.21,"Maju dan Tumbuh Cepat"
kabupaten,21,2101,15,2025,1.4795,Basis,-15779383035.42,"Maju tapi Tertekan"
kabupaten,21,2101,16,2025,0.874,"Non Basis",6809957702.72,"Potensial / Cepat Berkembang"
kabupaten,21,2101,17,2025,0.644,"Non Basis",191157736.87,"Potensial / Cepat Berkembang"
kabupaten,19,1971,1,2022,0.2322,"Non Basis",-7096501125.48,"Relatif Tertinggal"
kabupaten,19,1971,3,2022,0.8877,"Non Basis",74652015172.75,"Potensial / Cepat Berkembang"
kabupaten,19,1971,4,2022,0.7712,"Non Basis",-46447648.7,"Relatif Tertinggal"
kabupaten,19,1971,5,2022,1.4624,Basis,4284313.73,"Maju dan Tumbuh Cepat"
kabupaten,19,1971,6,2022,1.2005,Basis,-9901933260.92,"Maju tapi Tertekan"
kabupaten,19,1971,7,2022,1.7259,Basis,-33411804975.95,"Maju tapi Tertekan"
kabupaten,19,1971,8,2022,1.5708,Basis,-58215824186.93,"Maju tapi Tertekan"
kabupaten,19,1971,9,2022,1.3892,Basis,2626434518.34,"Maju dan Tumbuh Cepat"
kabupaten,19,1971,10,2022,1.9958,Basis,5777818427.06,"Maju dan Tumbuh Cepat"
kabupaten,19,1971,11,2022,2.4457,Basis,-5666721355.29,"Maju tapi Tertekan"
kabupaten,19,1971,12,2022,1.5413,Basis,3501216382.27,"Maju dan Tumbuh Cepat"
kabupaten,19,1971,13,2022,1.6581,Basis,-256326693.23,"Maju tapi Tertekan"
kabupaten,19,1971,14,2022,1.1475,Basis,-867948364.89,"Maju tapi Tertekan"
kabupaten,19,1971,15,2022,1.8531,Basis,-3023816229.47,"Maju tapi Tertekan"
kabupaten,19,1971,16,2022,1.56,Basis,-330604071.89,"Maju tapi Tertekan"
kabupaten,19,1971,17,2022,2.5108,Basis,667785564.98,"Maju dan Tumbuh Cepat"
kabupaten,19,1971,1,2023,0.2254,"Non Basis",-9539321348.18,"Relatif Tertinggal"
kabupaten,19,1971,3,2023,0.8725,"Non Basis",-16571585177.72,"Relatif Tertinggal"
kabupaten,19,1971,4,2023,0.7735,"Non Basis",97966417.91,"Potensial / Cepat Berkembang"
kabupaten,19,1971,5,2023,1.4505,Basis,2252591.89,"Maju dan Tumbuh Cepat"
kabupaten,19,1971,6,2023,1.193,Basis,3005094240.33,"Maju dan Tumbuh Cepat"
kabupaten,19,1971,7,2023,1.6965,Basis,-21746702847.5,"Maju tapi Tertekan"
kabupaten,19,1971,8,2023,1.5229,Basis,-15079357074.38,"Maju tapi Tertekan"
kabupaten,19,1971,9,2023,1.3873,Basis,3201021402.46,"Maju dan Tumbuh Cepat"
kabupaten,19,1971,10,2023,1.998,Basis,6994536814.49,"Maju dan Tumbuh Cepat"
kabupaten,19,1971,11,2023,2.3903,Basis,-7004010126.58,"Maju tapi Tertekan"
kabupaten,19,1971,12,2023,1.5356,Basis,2996600026.64,"Maju dan Tumbuh Cepat"
kabupaten,19,1971,13,2023,1.6473,Basis,106585786.07,"Maju dan Tumbuh Cepat"
kabupaten,19,1971,14,2023,1.1147,Basis,-13294881492.54,"Maju tapi Tertekan"
kabupaten,19,1971,15,2023,1.8331,Basis,-998854762.14,"Maju tapi Tertekan"
kabupaten,19,1971,16,2023,1.5405,Basis,-896110665.01,"Maju tapi Tertekan"
kabupaten,19,1971,17,2023,2.4943,Basis,507979940.73,"Maju dan Tumbuh Cepat"
kabupaten,19,1971,1,2024,0.2326,"Non Basis",248214588.35,"Potensial / Cepat Berkembang"
kabupaten,19,1971,3,2024,0.6532,"Non Basis",-520921988060.37,"Relatif Tertinggal"
kabupaten,19,1971,4,2024,0.7878,"Non Basis",-108963061.12,"Relatif Tertinggal"
kabupaten,19,1971,5,2024,1.4982,Basis,4031954.89,"Maju dan Tumbuh Cepat"
kabupaten,19,1971,6,2024,1.2352,Basis,4342314340,"Maju dan Tumbuh Cepat"
kabupaten,19,1971,7,2024,1.7757,Basis,38843280471.38,"Maju dan Tumbuh Cepat"
kabupaten,19,1971,8,2024,1.6048,Basis,15012891574.01,"Maju dan Tumbuh Cepat"
kabupaten,19,1971,9,2024,1.438,Basis,2192971798.67,"Maju dan Tumbuh Cepat"
kabupaten,19,1971,10,2024,2.0737,Basis,4830217995.3,"Maju dan Tumbuh Cepat"
kabupaten,19,1971,11,2024,2.4782,Basis,2613651368.93,"Maju dan Tumbuh Cepat"
kabupaten,19,1971,12,2024,1.5975,Basis,5152929574.26,"Maju dan Tumbuh Cepat"
kabupaten,19,1971,13,2024,1.7138,Basis,412672777.63,"Maju dan Tumbuh Cepat"
kabupaten,19,1971,14,2024,1.1663,Basis,10298654020.42,"Maju dan Tumbuh Cepat"
kabupaten,19,1971,15,2024,1.8992,Basis,2629189665.52,"Maju dan Tumbuh Cepat"
kabupaten,19,1971,16,2024,1.595,Basis,955936944.49,"Maju dan Tumbuh Cepat"
kabupaten,19,1971,17,2024,2.5939,Basis,1934444444.44,"Maju dan Tumbuh Cepat"
kabupaten,19,1971,1,2025,0.2337,"Non Basis",4283294367.4,"Potensial / Cepat Berkembang"
kabupaten,19,1971,3,2025,0.6865,"Non Basis",79845732004.22,"Potensial / Cepat Berkembang"
kabupaten,19,1971,4,2025,0.7802,"Non Basis",-48768333.07,"Relatif Tertinggal"
kabupaten,19,1971,5,2025,1.4932,Basis,2705882.35,"Maju dan Tumbuh Cepat"
kabupaten,19,1971,6,2025,1.2071,Basis,-20564803614.67,"Maju tapi Tertekan"
kabupaten,19,1971,7,2025,1.7305,Basis,-59307894356.97,"Maju tapi Tertekan"
kabupaten,19,1971,8,2025,1.6478,Basis,23259976224.11,"Maju dan Tumbuh Cepat"
kabupaten,19,1971,9,2025,1.4385,Basis,2226497631.37,"Maju dan Tumbuh Cepat"
kabupaten,19,1971,10,2025,2.0686,Basis,1538737108.39,"Maju dan Tumbuh Cepat"
kabupaten,19,1971,11,2025,2.4754,Basis,1602814333.68,"Maju dan Tumbuh Cepat"
kabupaten,19,1971,12,2025,1.5922,Basis,636570001.24,"Maju dan Tumbuh Cepat"
kabupaten,19,1971,13,2025,1.705,Basis,-44805971.99,"Maju tapi Tertekan"
kabupaten,19,1971,14,2025,1.1606,Basis,-449587077.01,"Maju tapi Tertekan"
kabupaten,19,1971,15,2025,1.885,Basis,-2000803538.66,"Maju tapi Tertekan"
kabupaten,19,1971,16,2025,1.589,Basis,137370615.22,"Maju dan Tumbuh Cepat"
kabupaten,19,1971,17,2025,2.586,Basis,310558890.58,"Maju dan Tumbuh Cepat"
kabupaten,19,1906,1,2022,1.2975,Basis,7099740804.85,"Maju dan Tumbuh Cepat"
kabupaten,19,1906,2,2022,1.4954,Basis,-6484072826.43,"Maju tapi Tertekan"
kabupaten,19,1906,3,2022,0.9627,"Non Basis",9386896256.67,"Potensial / Cepat Berkembang"
kabupaten,19,1906,4,2022,0.6529,"Non Basis",37366868.75,"Potensial / Cepat Berkembang"
kabupaten,19,1906,5,2022,1.0012,Basis,8196078.43,"Maju dan Tumbuh Cepat"
kabupaten,19,1906,6,2022,0.8368,"Non Basis",5039975069.32,"Potensial / Cepat Berkembang"
kabupaten,19,1906,7,2022,0.7285,"Non Basis",7822652082.8,"Potensial / Cepat Berkembang"
kabupaten,19,1906,8,2022,0.5207,"Non Basis",-11869983773.23,"Relatif Tertinggal"
kabupaten,19,1906,9,2022,0.9553,"Non Basis",3636017386.39,"Potensial / Cepat Berkembang"
kabupaten,19,1906,10,2022,0.5593,"Non Basis",-2143022949.53,"Relatif Tertinggal"
kabupaten,19,1906,11,2022,0.2634,"Non Basis",268604206.5,"Potensial / Cepat Berkembang"
kabupaten,19,1906,12,2022,0.847,"Non Basis",1280141081.68,"Potensial / Cepat Berkembang"
kabupaten,19,1906,13,2022,1.1516,Basis,-289298804.78,"Maju tapi Tertekan"
kabupaten,19,1906,14,2022,1.0758,Basis,5695856569.13,"Maju dan Tumbuh Cepat"
kabupaten,19,1906,15,2022,0.9593,"Non Basis",-717287862.48,"Relatif Tertinggal"
kabupaten,19,1906,16,2022,1.0625,Basis,309560742.78,"Maju dan Tumbuh Cepat"
kabupaten,19,1906,17,2022,0.7125,"Non Basis",-35525636.3,"Relatif Tertinggal"
kabupaten,19,1906,1,2023,1.3091,Basis,18070699579.24,"Maju dan Tumbuh Cepat"
kabupaten,19,1906,2,2023,1.4805,Basis,-6813457315.47,"Maju tapi Tertekan"
kabupaten,19,1906,3,2023,0.9765,"Non Basis",22013904428.77,"Potensial / Cepat Berkembang"
kabupaten,19,1906,4,2023,0.6583,"Non Basis",45537652.65,"Potensial / Cepat Berkembang"
kabupaten,19,1906,5,2023,0.9954,"Non Basis",-3081998.11,"Relatif Tertinggal"
kabupaten,19,1906,6,2023,0.8416,"Non Basis",4007001644.79,"Potensial / Cepat Berkembang"
kabupaten,19,1906,7,2023,0.7446,"Non Basis",16436578236.84,"Potensial / Cepat Berkembang"
kabupaten,19,1906,8,2023,0.4997,"Non Basis",-4992146105.07,"Relatif Tertinggal"
kabupaten,19,1906,9,2023,0.9686,"Non Basis",2869275018.09,"Potensial / Cepat Berkembang"
kabupaten,19,1906,10,2023,0.5591,"Non Basis",309794513.01,"Potensial / Cepat Berkembang"
kabupaten,19,1906,11,2023,0.2639,"Non Basis",157656864.65,"Potensial / Cepat Berkembang"
kabupaten,19,1906,12,2023,0.8566,"Non Basis",2663155363.51,"Potensial / Cepat Berkembang"
kabupaten,19,1906,13,2023,1.1386,Basis,-148122038.77,"Maju tapi Tertekan"
kabupaten,19,1906,14,2023,1.0944,Basis,7438989277.13,"Maju dan Tumbuh Cepat"
kabupaten,19,1906,15,2023,0.94,"Non Basis",-2689845668.33,"Relatif Tertinggal"
kabupaten,19,1906,16,2023,1.0636,Basis,394774436.09,"Maju dan Tumbuh Cepat"
kabupaten,19,1906,17,2023,0.6826,"Non Basis",-1386953954.87,"Relatif Tertinggal"
kabupaten,19,1906,1,2024,1.3617,Basis,49908616010.81,"Maju dan Tumbuh Cepat"
kabupaten,19,1906,2,2024,1.5309,Basis,24159985029.96,"Maju dan Tumbuh Cepat"
kabupaten,19,1906,3,2024,0.8546,"Non Basis",-161975817544.94,"Relatif Tertinggal"
kabupaten,19,1906,4,2024,0.6735,"Non Basis",64043399.04,"Potensial / Cepat Berkembang"
kabupaten,19,1906,5,2024,1.0105,Basis,7998120.3,"Maju dan Tumbuh Cepat"
kabupaten,19,1906,6,2024,0.8852,"Non Basis",19721203060.5,"Potensial / Cepat Berkembang"
kabupaten,19,1906,7,2024,0.7543,"Non Basis",3225271655.94,"Potensial / Cepat Berkembang"
kabupaten,19,1906,8,2024,0.5182,"Non Basis",3777398933.09,"Potensial / Cepat Berkembang"
kabupaten,19,1906,9,2024,0.998,"Non Basis",3912095996.37,"Potensial / Cepat Berkembang"
kabupaten,19,1906,10,2024,0.5645,"Non Basis",191940585.6,"Potensial / Cepat Berkembang"
kabupaten,19,1906,11,2024,0.27,"Non Basis",473834548.55,"Potensial / Cepat Berkembang"
kabupaten,19,1906,12,2024,0.8723,"Non Basis",1961444466.55,"Potensial / Cepat Berkembang"
kabupaten,19,1906,13,2024,1.159,Basis,185412160.38,"Maju dan Tumbuh Cepat"
kabupaten,19,1906,14,2024,1.1433,Basis,14696819941.02,"Maju dan Tumbuh Cepat"
kabupaten,19,1906,15,2024,0.9534,"Non Basis",1056260686.97,"Potensial / Cepat Berkembang"
kabupaten,19,1906,16,2024,1.0814,Basis,855258985.97,"Maju dan Tumbuh Cepat"
kabupaten,19,1906,17,2024,0.6868,"Non Basis",-71327417.27,"Relatif Tertinggal"
kabupaten,19,1906,1,2025,1.3573,Basis,-2040844464.31,"Maju tapi Tertekan"
kabupaten,19,1906,2,2025,1.5544,Basis,17795435399.84,"Maju dan Tumbuh Cepat"
kabupaten,19,1906,3,2025,0.8489,"Non Basis",-5310087763.93,"Relatif Tertinggal"
kabupaten,19,1906,4,2025,0.6616,"Non Basis",-71463491.56,"Relatif Tertinggal"
kabupaten,19,1906,5,2025,1.0112,Basis,3176470.59,"Maju dan Tumbuh Cepat"
kabupaten,19,1906,6,2025,0.8849,"Non Basis",769432344.94,"Potensial / Cepat Berkembang"
kabupaten,19,1906,7,2025,0.7517,"Non Basis",-956330151.8,"Relatif Tertinggal"
kabupaten,19,1906,8,2025,0.5215,"Non Basis",1184944091.34,"Potensial / Cepat Berkembang"
kabupaten,19,1906,9,2025,0.987,"Non Basis",-1794897415.58,"Relatif Tertinggal"
kabupaten,19,1906,10,2025,0.5639,"Non Basis",115941771.14,"Potensial / Cepat Berkembang"
kabupaten,19,1906,11,2025,0.2665,"Non Basis",-363813638.37,"Relatif Tertinggal"
kabupaten,19,1906,12,2025,0.8744,"Non Basis",874968914.26,"Potensial / Cepat Berkembang"
kabupaten,19,1906,13,2025,1.1538,Basis,-50787216.98,"Maju tapi Tertekan"
kabupaten,19,1906,14,2025,1.1487,Basis,2824262693.22,"Maju dan Tumbuh Cepat"
kabupaten,19,1906,15,2025,0.9519,"Non Basis",78575896.66,"Potensial / Cepat Berkembang"
kabupaten,19,1906,16,2025,1.088,Basis,865540473.65,"Maju dan Tumbuh Cepat"
kabupaten,19,1906,17,2025,0.6846,"Non Basis",-49008738.6,"Relatif Tertinggal"
kabupaten,19,1904,1,2022,0.8277,"Non Basis",557700005.2,"Potensial / Cepat Berkembang"
kabupaten,19,1904,2,2022,1.4536,Basis,-5647680353.08,"Maju tapi Tertekan"
kabupaten,19,1904,3,2022,0.2897,"Non Basis",34126803953.54,"Potensial / Cepat Berkembang"
kabupaten,19,1904,4,2022,0.6452,"Non Basis",122454530.56,"Potensial / Cepat Berkembang"
kabupaten,19,1904,5,2022,0.3774,"Non Basis",-7284313.73,"Relatif Tertinggal"
kabupaten,19,1904,6,2022,1.2336,Basis,-5276249147.54,"Maju tapi Tertekan"
kabupaten,19,1904,7,2022,1.2081,Basis,-23852228477.18,"Maju tapi Tertekan"
kabupaten,19,1904,8,2022,2.6046,Basis,66219585818.33,"Maju dan Tumbuh Cepat"
kabupaten,19,1904,9,2022,1.2466,Basis,-2202184606.69,"Maju tapi Tertekan"
kabupaten,19,1904,10,2022,1.1492,Basis,-2309744036.75,"Maju tapi Tertekan"
kabupaten,19,1904,11,2022,0.3843,"Non Basis",369825243.12,"Potensial / Cepat Berkembang"
kabupaten,19,1904,12,2022,0.8938,"Non Basis",-123332296.35,"Relatif Tertinggal"
kabupaten,19,1904,13,2022,1.0649,Basis,-71912350.6,"Maju tapi Tertekan"
kabupaten,19,1904,14,2022,1.4124,Basis,6939012813.16,"Maju dan Tumbuh Cepat"
kabupaten,19,1904,15,2022,1.1655,Basis,99301252.75,"Maju dan Tumbuh Cepat"
kabupaten,19,1904,16,2022,1.1707,Basis,-110584681.93,"Maju tapi Tertekan"
kabupaten,19,1904,17,2022,0.591,"Non Basis",-314352637.4,"Relatif Tertinggal"
kabupaten,19,1904,1,2023,0.8187,"Non Basis",-3713027378.52,"Relatif Tertinggal"
kabupaten,19,1904,2,2023,1.4763,Basis,23544614828.19,"Maju dan Tumbuh Cepat"
kabupaten,19,1904,3,2023,0.2952,"Non Basis",10682989854.8,"Potensial / Cepat Berkembang"
kabupaten,19,1904,4,2023,0.645,"Non Basis",30037313.43,"Potensial / Cepat Berkembang"
kabupaten,19,1904,5,2023,0.3736,"Non Basis",-1244109.33,"Relatif Tertinggal"
kabupaten,19,1904,6,2023,1.2114,Basis,-7760234460.61,"Maju tapi Tertekan"
kabupaten,19,1904,7,2023,1.1912,Basis,-7800273676.97,"Maju tapi Tertekan"
kabupaten,19,1904,8,2023,2.6631,Basis,21337534455.01,"Maju dan Tumbuh Cepat"
kabupaten,19,1904,9,2023,1.2032,Basis,-6526932335.45,"Maju tapi Tertekan"
kabupaten,19,1904,10,2023,1.1248,Basis,-3492873169.12,"Maju tapi Tertekan"
kabupaten,19,1904,11,2023,0.3589,"Non Basis",-2934215481.99,"Relatif Tertinggal"
kabupaten,19,1904,12,2023,0.8829,"Non Basis",-1014821018.99,"Relatif Tertinggal"
kabupaten,19,1904,13,2023,1.051,Basis,-103948312.99,"Maju tapi Tertekan"
kabupaten,19,1904,14,2023,1.3972,Basis,-1776704316.3,"Maju tapi Tertekan"
kabupaten,19,1904,15,2023,1.1499,Basis,-1257334006.95,"Maju tapi Tertekan"
kabupaten,19,1904,16,2023,1.144,Basis,-1797301627.86,"Maju tapi Tertekan"
kabupaten,19,1904,17,2023,0.5666,"Non Basis",-1084353544.56,"Relatif Tertinggal"
kabupaten,19,1904,1,2024,0.8214,"Non Basis",-8284766342.13,"Relatif Tertinggal"
kabupaten,19,1904,2,2024,1.4442,Basis,-32679991773.5,"Maju tapi Tertekan"
kabupaten,19,1904,3,2024,0.2868,"Non Basis",-15594219848.93,"Relatif Tertinggal"
kabupaten,19,1904,4,2024,0.644,"Non Basis",-57034951.13,"Relatif Tertinggal"
kabupaten,19,1904,5,2024,0.3803,"Non Basis",3045112.78,"Potensial / Cepat Berkembang"
kabupaten,19,1904,6,2024,1.1604,Basis,-37072801622.32,"Maju tapi Tertekan"
kabupaten,19,1904,7,2024,1.2091,Basis,4338858538.66,"Maju dan Tumbuh Cepat"
kabupaten,19,1904,8,2024,2.6498,Basis,-12007017160.49,"Maju tapi Tertekan"
kabupaten,19,1904,9,2024,1.203,Basis,-2662632765.27,"Maju tapi Tertekan"
kabupaten,19,1904,10,2024,1.119,Basis,-4352917290.02,"Maju tapi Tertekan"
kabupaten,19,1904,11,2024,0.3603,"Non Basis",-334575472.91,"Relatif Tertinggal"
kabupaten,19,1904,12,2024,0.8798,"Non Basis",-3113233104.08,"Relatif Tertinggal"
kabupaten,19,1904,13,2024,1.0743,Basis,204370878.4,"Maju dan Tumbuh Cepat"
kabupaten,19,1904,14,2024,1.4094,Basis,-1349188248.02,"Maju tapi Tertekan"
kabupaten,19,1904,15,2024,1.142,Basis,-4020733275.84,"Maju tapi Tertekan"
kabupaten,19,1904,16,2024,1.1384,Basis,-1836326904.8,"Maju tapi Tertekan"
kabupaten,19,1904,17,2024,0.5743,"Non Basis",77136665.23,"Potensial / Cepat Berkembang"
kabupaten,19,1904,1,2025,0.7977,"Non Basis",-11349280125.83,"Relatif Tertinggal"
kabupaten,19,1904,2,2025,1.3908,Basis,-19526639591.38,"Maju tapi Tertekan"
kabupaten,19,1904,3,2025,0.4152,"Non Basis",190134570326.5,"Potensial / Cepat Berkembang"
kabupaten,19,1904,4,2025,0.6325,"Non Basis",3453713.93,"Potensial / Cepat Berkembang"
kabupaten,19,1904,5,2025,0.3726,"Non Basis",-823529.41,"Relatif Tertinggal"
kabupaten,19,1904,6,2025,1.1333,Basis,-3188772113,"Maju tapi Tertekan"
kabupaten,19,1904,7,2025,1.181,Basis,-5773045263.21,"Maju tapi Tertekan"
kabupaten,19,1904,8,2025,2.5312,Basis,-20850757376.02,"Maju tapi Tertekan"
kabupaten,19,1904,9,2025,1.1656,Basis,-3264369967.01,"Maju tapi Tertekan"
kabupaten,19,1904,10,2025,1.0977,Basis,-134521168.65,"Maju tapi Tertekan"
kabupaten,19,1904,11,2025,0.3446,"Non Basis",-1197421480.18,"Relatif Tertinggal"
kabupaten,19,1904,12,2025,0.8546,"Non Basis",-2245529555.47,"Relatif Tertinggal"
kabupaten,19,1904,13,2025,1.0522,Basis,-42273428.34,"Maju tapi Tertekan"
kabupaten,19,1904,14,2025,1.3854,Basis,856474752.82,"Maju dan Tumbuh Cepat"
kabupaten,19,1904,15,2025,1.1149,Basis,-1255588243.6,"Maju tapi Tertekan"
kabupaten,19,1904,16,2025,1.1075,Basis,-1038896833.17,"Maju tapi Tertekan"
kabupaten,19,1904,17,2025,0.5589,"Non Basis",-303438069.91,"Relatif Tertinggal"
kabupaten,19,1902,1,2022,1.398,Basis,-8492977809.8,"Maju tapi Tertekan"
kabupaten,19,1902,2,2022,0.6335,"Non Basis",-7316422268.66,"Relatif Tertinggal"
kabupaten,19,1902,3,2022,0.5437,"Non Basis",23305695709.59,"Potensial / Cepat Berkembang"
kabupaten,19,1902,4,2022,1.3988,Basis,-72167786.33,"Maju tapi Tertekan"
kabupaten,19,1902,5,2022,1.7435,Basis,23176470.59,"Maju dan Tumbuh Cepat"
kabupaten,19,1902,6,2022,1.3993,Basis,1531030672.29,"Maju dan Tumbuh Cepat"
kabupaten,19,1902,7,2022,0.7688,"Non Basis",24406178832.51,"Potensial / Cepat Berkembang"
kabupaten,19,1902,8,2022,1.6772,Basis,52593793286.91,"Maju dan Tumbuh Cepat"
kabupaten,19,1902,9,2022,1.3649,Basis,8630252173.3,"Maju dan Tumbuh Cepat"
kabupaten,19,1902,10,2022,1.6097,Basis,1943105216.61,"Maju dan Tumbuh Cepat"
kabupaten,19,1902,11,2022,1.3042,Basis,699624581.1,"Maju dan Tumbuh Cepat"
kabupaten,19,1902,12,2022,0.9411,"Non Basis",808577517.15,"Potensial / Cepat Berkembang"
kabupaten,19,1902,13,2022,1.3215,Basis,2089035856.57,"Maju dan Tumbuh Cepat"
kabupaten,19,1902,14,2022,1.0918,Basis,-294006502.2,"Maju tapi Tertekan"
kabupaten,19,1902,15,2022,0.7427,"Non Basis",-141161560.35,"Relatif Tertinggal"
kabupaten,19,1902,16,2022,1.5171,Basis,971214109.93,"Maju dan Tumbuh Cepat"
kabupaten,19,1902,17,2022,1.0038,Basis,2084283782.12,"Maju dan Tumbuh Cepat"
kabupaten,19,1902,1,2023,1.3672,Basis,-18065369006.81,"Maju tapi Tertekan"
kabupaten,19,1902,2,2023,0.6327,"Non Basis",5832203068.3,"Potensial / Cepat Berkembang"
kabupaten,19,1902,3,2023,0.5525,"Non Basis",24953814470.81,"Potensial / Cepat Berkembang"
kabupaten,19,1902,4,2023,1.3832,Basis,17985074.63,"Maju dan Tumbuh Cepat"
kabupaten,19,1902,5,2023,1.7238,Basis,3581526.86,"Maju dan Tumbuh Cepat"
kabupaten,19,1902,6,2023,1.3845,Basis,2039368332.86,"Maju dan Tumbuh Cepat"
kabupaten,19,1902,7,2023,0.7547,"Non Basis",-4611935623.71,"Relatif Tertinggal"
kabupaten,19,1902,8,2023,1.6714,Basis,4855023702.93,"Maju dan Tumbuh Cepat"
kabupaten,19,1902,9,2023,1.3511,Basis,804506808.71,"Maju dan Tumbuh Cepat"
kabupaten,19,1902,10,2023,1.5911,Basis,509387593.17,"Maju dan Tumbuh Cepat"
kabupaten,19,1902,11,2023,1.3028,Basis,2242034664.07,"Maju dan Tumbuh Cepat"
kabupaten,19,1902,12,2023,0.9299,"Non Basis",257157464.82,"Potensial / Cepat Berkembang"
kabupaten,19,1902,13,2023,1.3061,Basis,28847092.61,"Maju dan Tumbuh Cepat"
kabupaten,19,1902,14,2023,1.08,Basis,915764820.7,"Maju dan Tumbuh Cepat"
kabupaten,19,1902,15,2023,0.7351,"Non Basis",390737054.83,"Potensial / Cepat Berkembang"
kabupaten,19,1902,16,2023,1.5027,Basis,560863566.68,"Maju dan Tumbuh Cepat"
kabupaten,19,1902,17,2023,0.9945,"Non Basis",213707772.97,"Potensial / Cepat Berkembang"
kabupaten,19,1902,1,2024,1.3613,Basis,12554673999.37,"Maju dan Tumbuh Cepat"
kabupaten,19,1902,2,2024,0.6411,"Non Basis",11701089690.66,"Potensial / Cepat Berkembang"
kabupaten,19,1902,3,2024,0.5553,"Non Basis",13163453140.95,"Potensial / Cepat Berkembang"
kabupaten,19,1902,4,2024,1.3707,Basis,17303296.34,"Maju dan Tumbuh Cepat"
kabupaten,19,1902,5,2024,1.7072,Basis,2142857.14,"Maju dan Tumbuh Cepat"
kabupaten,19,1902,6,2024,1.3486,Basis,-14002216894.9,"Maju tapi Tertekan"
kabupaten,19,1902,7,2024,0.7442,"Non Basis",-2670332708.04,"Relatif Tertinggal"
kabupaten,19,1902,8,2024,1.6025,Basis,-16392966128.93,"Maju tapi Tertekan"
kabupaten,19,1902,9,2024,1.3456,Basis,1961006732.91,"Maju dan Tumbuh Cepat"
kabupaten,19,1902,10,2024,1.5773,Basis,817262235.52,"Maju dan Tumbuh Cepat"
kabupaten,19,1902,11,2024,1.2829,Basis,-917239398.58,"Maju tapi Tertekan"
kabupaten,19,1902,12,2024,0.9287,"Non Basis",2351215398.17,"Potensial / Cepat Berkembang"
kabupaten,19,1902,13,2024,1.3224,Basis,613356634.13,"Maju dan Tumbuh Cepat"
kabupaten,19,1902,14,2024,1.0597,Basis,-4035200286.1,"Maju tapi Tertekan"
kabupaten,19,1902,15,2024,0.7282,"Non Basis",184328408.58,"Potensial / Cepat Berkembang"
kabupaten,19,1902,16,2024,1.4852,Basis,-178434568.73,"Maju tapi Tertekan"
kabupaten,19,1902,17,2024,0.9848,"Non Basis",55839649.97,"Potensial / Cepat Berkembang"
kabupaten,19,1902,1,2025,1.3686,Basis,10241125187.47,"Maju dan Tumbuh Cepat"
kabupaten,19,1902,2,2025,0.6752,"Non Basis",27854616994.5,"Potensial / Cepat Berkembang"
kabupaten,19,1902,3,2025,0.5431,"Non Basis",-19737397138.35,"Relatif Tertinggal"
kabupaten,19,1902,4,2025,1.3443,Basis,-224582873.36,"Maju tapi Tertekan"
kabupaten,19,1902,5,2025,1.7178,Basis,14235294.12,"Maju dan Tumbuh Cepat"
kabupaten,19,1902,6,2025,1.3552,Basis,3946991146.23,"Maju dan Tumbuh Cepat"
kabupaten,19,1902,7,2025,0.7483,"Non Basis",4262044841.7,"Potensial / Cepat Berkembang"
kabupaten,19,1902,8,2025,1.5657,Basis,-12623461550.53,"Maju tapi Tertekan"
kabupaten,19,1902,9,2025,1.3323,Basis,-3363466459.87,"Maju tapi Tertekan"
kabupaten,19,1902,10,2025,1.5846,Basis,1975024231.14,"Maju dan Tumbuh Cepat"
kabupaten,19,1902,11,2025,1.2978,Basis,2147530102.09,"Maju dan Tumbuh Cepat"
kabupaten,19,1902,12,2025,0.9289,"Non Basis",-24739717,"Relatif Tertinggal"
kabupaten,19,1902,13,2025,1.3206,Basis,-50636066.38,"Maju tapi Tertekan"
kabupaten,19,1902,14,2025,1.0603,Basis,115141735.13,"Maju dan Tumbuh Cepat"
kabupaten,19,1902,15,2025,0.7255,"Non Basis",-714271406.71,"Relatif Tertinggal"
kabupaten,19,1902,16,2025,1.4859,Basis,12149904.85,"Maju dan Tumbuh Cepat"
kabupaten,19,1902,17,2025,0.9906,"Non Basis",388110562.31,"Potensial / Cepat Berkembang"
kabupaten,19,1903,1,2022,2.1163,Basis,44373466632.99,"Maju dan Tumbuh Cepat"
kabupaten,19,1903,2,2022,1.8092,Basis,-14445467206.56,"Maju tapi Tertekan"
kabupaten,19,1903,3,2022,0.2264,"Non Basis",7071872810.33,"Potensial / Cepat Berkembang"
kabupaten,19,1903,4,2022,0.6547,"Non Basis",127203014.91,"Potensial / Cepat Berkembang"
kabupaten,19,1903,5,2022,0.9011,"Non Basis",-1401960.78,"Relatif Tertinggal"
kabupaten,19,1903,6,2022,0.9024,"Non Basis",693287644.1,"Potensial / Cepat Berkembang"
kabupaten,19,1903,7,2022,0.7252,"Non Basis",-52671813.3,"Relatif Tertinggal"
kabupaten,19,1903,8,2022,0.2051,"Non Basis",-5000043838.88,"Relatif Tertinggal"
kabupaten,19,1903,9,2022,0.8397,"Non Basis",430178175.14,"Potensial / Cepat Berkembang"
kabupaten,19,1903,10,2022,0.2967,"Non Basis",50674806.42,"Potensial / Cepat Berkembang"
kabupaten,19,1903,11,2022,0.2956,"Non Basis",397000760.71,"Potensial / Cepat Berkembang"
kabupaten,19,1903,12,2022,0.9402,"Non Basis",-61731244.85,"Relatif Tertinggal"
kabupaten,19,1903,13,2022,0.517,"Non Basis",-87107569.72,"Relatif Tertinggal"
kabupaten,19,1903,14,2022,0.9847,"Non Basis",5698167144.77,"Potensial / Cepat Berkembang"
kabupaten,19,1903,15,2022,0.9709,"Non Basis",184902995.34,"Potensial / Cepat Berkembang"
kabupaten,19,1903,16,2022,0.5083,"Non Basis",-30528749.35,"Relatif Tertinggal"
kabupaten,19,1903,17,2022,0.4872,"Non Basis",-29686462.56,"Relatif Tertinggal"
kabupaten,19,1903,1,2023,2.1364,Basis,6873577045.3,"Maju dan Tumbuh Cepat"
kabupaten,19,1903,2,2023,1.8561,Basis,24472141005.25,"Maju dan Tumbuh Cepat"
kabupaten,19,1903,3,2023,0.2341,"Non Basis",8787786822.61,"Potensial / Cepat Berkembang"
kabupaten,19,1903,4,2023,0.6647,"Non Basis",36689280.87,"Potensial / Cepat Berkembang"
kabupaten,19,1903,5,2023,0.9048,"Non Basis",-3025447.69,"Relatif Tertinggal"
kabupaten,19,1903,6,2023,0.8836,"Non Basis",-14689081226.43,"Relatif Tertinggal"
kabupaten,19,1903,7,2023,0.7244,"Non Basis",-5630177715.68,"Relatif Tertinggal"
kabupaten,19,1903,8,2023,0.2052,"Non Basis",-375959067.36,"Relatif Tertinggal"
kabupaten,19,1903,9,2023,0.8403,"Non Basis",-982697490.99,"Relatif Tertinggal"
kabupaten,19,1903,10,2023,0.2863,"Non Basis",-2720672929.35,"Relatif Tertinggal"
kabupaten,19,1903,11,2023,0.2955,"Non Basis",-277752872.44,"Relatif Tertinggal"
kabupaten,19,1903,12,2023,0.9426,"Non Basis",-952549832.04,"Relatif Tertinggal"
kabupaten,19,1903,13,2023,0.4925,"Non Basis",-474001435.75,"Relatif Tertinggal"
kabupaten,19,1903,14,2023,0.9681,"Non Basis",-8564535665.35,"Relatif Tertinggal"
kabupaten,19,1903,15,2023,0.9654,"Non Basis",-2177815134.19,"Relatif Tertinggal"
kabupaten,19,1903,16,2023,0.5103,"Non Basis",-155079202.86,"Relatif Tertinggal"
kabupaten,19,1903,17,2023,0.4783,"Non Basis",-663184864.37,"Relatif Tertinggal"
kabupaten,19,1903,1,2024,2.1237,Basis,-13027960969.27,"Maju tapi Tertekan"
kabupaten,19,1903,2,2024,1.8639,Basis,6917656838.06,"Maju dan Tumbuh Cepat"
kabupaten,19,1903,3,2024,0.2171,"Non Basis",-22839525055.39,"Relatif Tertinggal"
kabupaten,19,1903,4,2024,0.659,"Non Basis",-34588371.71,"Relatif Tertinggal"
kabupaten,19,1903,5,2024,0.9027,"Non Basis",-1231203.01,"Relatif Tertinggal"
kabupaten,19,1903,6,2024,0.8851,"Non Basis",1481904403.78,"Potensial / Cepat Berkembang"
kabupaten,19,1903,7,2024,0.7274,"Non Basis",3721462200.64,"Potensial / Cepat Berkembang"
kabupaten,19,1903,8,2024,0.2094,"Non Basis",1256335240.05,"Potensial / Cepat Berkembang"
kabupaten,19,1903,9,2024,0.8377,"Non Basis",-313957971.74,"Relatif Tertinggal"
kabupaten,19,1903,10,2024,0.2792,"Non Basis",-1617424663.39,"Relatif Tertinggal"
kabupaten,19,1903,11,2024,0.2947,"Non Basis",-69768354.29,"Relatif Tertinggal"
kabupaten,19,1903,12,2024,0.941,"Non Basis",-109241459.67,"Relatif Tertinggal"
kabupaten,19,1903,13,2024,0.4868,"Non Basis",-91979688.74,"Relatif Tertinggal"
kabupaten,19,1903,14,2024,0.9707,"Non Basis",1489813852.28,"Potensial / Cepat Berkembang"
kabupaten,19,1903,15,2024,0.9449,"Non Basis",-3810984513.27,"Relatif Tertinggal"
kabupaten,19,1903,16,2024,0.5063,"Non Basis",-341462686.57,"Relatif Tertinggal"
kabupaten,19,1903,17,2024,0.4771,"Non Basis",-34700396.46,"Relatif Tertinggal"
kabupaten,19,1903,1,2025,2.158,Basis,38449115793.36,"Maju dan Tumbuh Cepat"
kabupaten,19,1903,2,2025,1.7873,Basis,-59284711684.81,"Maju tapi Tertekan"
kabupaten,19,1903,3,2025,0.2163,"Non Basis",-1826536138.81,"Relatif Tertinggal"
kabupaten,19,1903,4,2025,0.6573,"Non Basis",-24863586.19,"Relatif Tertinggal"
kabupaten,19,1903,5,2025,0.9001,"Non Basis",-6117647.06,"Relatif Tertinggal"
kabupaten,19,1903,6,2025,0.8899,"Non Basis",1458074804.57,"Potensial / Cepat Berkembang"
kabupaten,19,1903,7,2025,0.7382,"Non Basis",8988687026.16,"Potensial / Cepat Berkembang"
kabupaten,19,1903,8,2025,0.2257,"Non Basis",4716039155.68,"Potensial / Cepat Berkembang"
kabupaten,19,1903,9,2025,0.841,"Non Basis",249850914.02,"Potensial / Cepat Berkembang"
kabupaten,19,1903,10,2025,0.2799,"Non Basis",-8181228.51,"Relatif Tertinggal"
kabupaten,19,1903,11,2025,0.2914,"Non Basis",-533801088.76,"Relatif Tertinggal"
kabupaten,19,1903,12,2025,0.9432,"Non Basis",-63139590.74,"Relatif Tertinggal"
kabupaten,19,1903,13,2025,0.4936,"Non Basis",107074464.8,"Potensial / Cepat Berkembang"
kabupaten,19,1903,14,2025,0.9741,"Non Basis",366651441.3,"Potensial / Cepat Berkembang"
kabupaten,19,1903,15,2025,0.9428,"Non Basis",-951185124.97,"Relatif Tertinggal"
kabupaten,19,1903,16,2025,0.5152,"Non Basis",815493504.64,"Potensial / Cepat Berkembang"
kabupaten,19,1903,17,2025,0.5008,"Non Basis",1431544452.89,"Potensial / Cepat Berkembang"
kabupaten,19,1905,1,2022,0.7056,"Non Basis",42113241982.33,"Potensial / Cepat Berkembang"
kabupaten,19,1905,2,2022,0.996,"Non Basis",15124887763.77,"Potensial / Cepat Berkembang"
kabupaten,19,1905,3,2022,2.0648,Basis,-293405699549.94,"Maju tapi Tertekan"
kabupaten,19,1905,4,2022,0.533,"Non Basis",-18189415.04,"Relatif Tertinggal"
kabupaten,19,1905,5,2022,0.398,"Non Basis",254901.96,"Potensial / Cepat Berkembang"
kabupaten,19,1905,6,2022,0.7082,"Non Basis",17999795123.31,"Potensial / Cepat Berkembang"
kabupaten,19,1905,7,2022,0.8754,"Non Basis",-19578445883.34,"Relatif Tertinggal"
kabupaten,19,1905,8,2022,0.231,"Non Basis",-8227778528.52,"Relatif Tertinggal"
kabupaten,19,1905,9,2022,0.4504,"Non Basis",-527116333.31,"Relatif Tertinggal"
kabupaten,19,1905,10,2022,0.1751,"Non Basis",-699215695.01,"Relatif Tertinggal"
kabupaten,19,1905,11,2022,0.2411,"Non Basis",1263563395.63,"Potensial / Cepat Berkembang"
kabupaten,19,1905,12,2022,0.6377,"Non Basis",6706733811.38,"Potensial / Cepat Berkembang"
kabupaten,19,1905,13,2022,0.5449,"Non Basis",-345290836.65,"Relatif Tertinggal"
kabupaten,19,1905,14,2022,0.7363,"Non Basis",1857593803.79,"Potensial / Cepat Berkembang"
kabupaten,19,1905,15,2022,0.6403,"Non Basis",26994602.53,"Potensial / Cepat Berkembang"
kabupaten,19,1905,16,2022,0.5767,"Non Basis",419200536.95,"Potensial / Cepat Berkembang"
kabupaten,19,1905,17,2022,0.3878,"Non Basis",-146956842.49,"Relatif Tertinggal"
kabupaten,19,1905,1,2023,0.7247,"Non Basis",12580361798.07,"Potensial / Cepat Berkembang"
kabupaten,19,1905,2,2023,0.9967,"Non Basis",-19977066457.12,"Relatif Tertinggal"
kabupaten,19,1905,3,2023,2.0683,Basis,-77576799311.48,"Maju tapi Tertekan"
kabupaten,19,1905,4,2023,0.5541,"Non Basis",122969810.04,"Potensial / Cepat Berkembang"
kabupaten,19,1905,5,2023,0.4041,"Non Basis",-2177191.33,"Relatif Tertinggal"
kabupaten,19,1905,6,2023,0.7099,"Non Basis",-10494882831.61,"Relatif Tertinggal"
kabupaten,19,1905,7,2023,0.9201,"Non Basis",44783723429.82,"Potensial / Cepat Berkembang"
kabupaten,19,1905,8,2023,0.234,"Non Basis",-545171637.39,"Relatif Tertinggal"
kabupaten,19,1905,9,2023,0.4701,"Non Basis",3553762044.09,"Potensial / Cepat Berkembang"
kabupaten,19,1905,10,2023,0.1768,"Non Basis",-526722459.36,"Relatif Tertinggal"
kabupaten,19,1905,11,2023,0.241,"Non Basis",-930481596.88,"Relatif Tertinggal"
kabupaten,19,1905,12,2023,0.6668,"Non Basis",6620153898.52,"Potensial / Cepat Berkembang"
kabupaten,19,1905,13,2023,0.5384,"Non Basis",-446027279.25,"Relatif Tertinggal"
kabupaten,19,1905,14,2023,0.7532,"Non Basis",2100720642.98,"Potensial / Cepat Berkembang"
kabupaten,19,1905,15,2023,0.6174,"Non Basis",-9892944482.12,"Relatif Tertinggal"
kabupaten,19,1905,16,2023,0.5664,"Non Basis",-3324691948.32,"Relatif Tertinggal"
kabupaten,19,1905,17,2023,0.3894,"Non Basis",-471805789.83,"Relatif Tertinggal"
kabupaten,19,1905,1,2024,0.6947,"Non Basis",5162092567.91,"Potensial / Cepat Berkembang"
kabupaten,19,1905,2,2024,0.9655,"Non Basis",15232713713.27,"Potensial / Cepat Berkembang"
kabupaten,19,1905,3,2024,2.3037,Basis,750424077645.33,"Maju dan Tumbuh Cepat"
kabupaten,19,1905,4,2024,0.5208,"Non Basis",-101633261.55,"Relatif Tertinggal"
kabupaten,19,1905,5,2024,0.3863,"Non Basis",328947.37,"Potensial / Cepat Berkembang"
kabupaten,19,1905,6,2024,0.6708,"Non Basis",-7343004601.36,"Relatif Tertinggal"
kabupaten,19,1905,7,2024,0.8493,"Non Basis",-48345193513.86,"Relatif Tertinggal"
kabupaten,19,1905,8,2024,0.2261,"Non Basis",1232757246.61,"Potensial / Cepat Berkembang"
kabupaten,19,1905,9,2024,0.4463,"Non Basis",-967798234.07,"Relatif Tertinggal"
kabupaten,19,1905,10,2024,0.1658,"Non Basis",-1266948065.83,"Relatif Tertinggal"
kabupaten,19,1905,11,2024,0.232,"Non Basis",383020967.78,"Potensial / Cepat Berkembang"
kabupaten,19,1905,12,2024,0.6338,"Non Basis",-1343735292.45,"Relatif Tertinggal"
kabupaten,19,1905,13,2024,0.5,"Non Basis",-437511210.76,"Relatif Tertinggal"
kabupaten,19,1905,14,2024,0.7046,"Non Basis",-10147743830.18,"Relatif Tertinggal"
kabupaten,19,1905,15,2024,0.5846,"Non Basis",-1780599220.04,"Relatif Tertinggal"
kabupaten,19,1905,16,2024,0.528,"Non Basis",-2257061099,"Relatif Tertinggal"
kabupaten,19,1905,17,2024,0.3711,"Non Basis",-100996076.5,"Relatif Tertinggal"
kabupaten,19,1905,1,2025,0.7037,"Non Basis",-16009743866.54,"Relatif Tertinggal"
kabupaten,19,1905,2,2025,1.0058,Basis,21251065985.64,"Maju dan Tumbuh Cepat"
kabupaten,19,1905,3,2025,2.2406,Basis,-272837170022.17,"Maju tapi Tertekan"
kabupaten,19,1905,4,2025,0.5341,"Non Basis",13977290.65,"Potensial / Cepat Berkembang"
kabupaten,19,1905,5,2025,0.4007,"Non Basis",11176470.59,"Potensial / Cepat Berkembang"
kabupaten,19,1905,6,2025,0.6864,"Non Basis",-93887486.4,"Relatif Tertinggal"
kabupaten,19,1905,7,2025,0.8674,"Non Basis",-2887169879.96,"Relatif Tertinggal"
kabupaten,19,1905,8,2025,0.2375,"Non Basis",3003684910.55,"Potensial / Cepat Berkembang"
kabupaten,19,1905,9,2025,0.4537,"Non Basis",-1067782816.62,"Relatif Tertinggal"
kabupaten,19,1905,10,2025,0.1646,"Non Basis",-2189078660.85,"Relatif Tertinggal"
kabupaten,19,1905,11,2025,0.2321,"Non Basis",-1166129294.85,"Relatif Tertinggal"
kabupaten,19,1905,12,2025,0.6533,"Non Basis",1949245570.45,"Potensial / Cepat Berkembang"
kabupaten,19,1905,13,2025,0.5098,"Non Basis",-57703744.83,"Relatif Tertinggal"
kabupaten,19,1905,14,2025,0.7132,"Non Basis",-5159502520.54,"Relatif Tertinggal"
kabupaten,19,1905,15,2025,0.5991,"Non Basis",313093169.39,"Potensial / Cepat Berkembang"
kabupaten,19,1905,16,2025,0.5547,"Non Basis",2531628185.81,"Potensial / Cepat Berkembang"
kabupaten,19,1905,17,2025,0.3762,"Non Basis",-371869680.85,"Relatif Tertinggal"
kabupaten,19,1901,1,2022,1.027,Basis,5240979800.76,"Maju dan Tumbuh Cepat"
kabupaten,19,1901,2,2022,1.2107,Basis,20131228506.14,"Maju dan Tumbuh Cepat"
kabupaten,19,1901,3,2022,1.1623,Basis,75834431695.68,"Maju dan Tumbuh Cepat"
kabupaten,19,1901,4,2022,1.9729,Basis,-159202031.79,"Maju tapi Tertekan"
kabupaten,19,1901,5,2022,1.0745,Basis,-6019607.84,"Maju tapi Tertekan"
kabupaten,19,1901,6,2022,0.9472,"Non Basis",11288129321.01,"Potensial / Cepat Berkembang"
kabupaten,19,1901,7,2022,0.8056,"Non Basis",171260090.35,"Potensial / Cepat Berkembang"
kabupaten,19,1901,8,2022,0.54,"Non Basis",-26000913859.79,"Relatif Tertinggal"
kabupaten,19,1901,9,2022,0.9342,"Non Basis",3362948759.63,"Potensial / Cepat Berkembang"
kabupaten,19,1901,10,2022,1.0747,Basis,-1198360320.92,"Maju tapi Tertekan"
kabupaten,19,1901,11,2022,1.3443,Basis,2667545796.58,"Maju dan Tumbuh Cepat"
kabupaten,19,1901,12,2022,0.9979,"Non Basis",-1605507007.42,"Relatif Tertinggal"
kabupaten,19,1901,13,2022,0.7923,"Non Basis",-76525896.41,"Relatif Tertinggal"
kabupaten,19,1901,14,2022,0.8384,"Non Basis",-65961751.77,"Relatif Tertinggal"
kabupaten,19,1901,15,2022,0.7308,"Non Basis",1897790817.89,"Potensial / Cepat Berkembang"
kabupaten,19,1901,16,2022,0.7597,"Non Basis",-4077112.39,"Relatif Tertinggal"
kabupaten,19,1901,17,2022,0.8812,"Non Basis",205284642.81,"Potensial / Cepat Berkembang"
kabupaten,19,1901,1,2023,1.0293,Basis,6015453010.75,"Maju dan Tumbuh Cepat"
kabupaten,19,1901,2,2023,1.2083,Basis,-2336151243.19,"Maju tapi Tertekan"
kabupaten,19,1901,3,2023,1.1749,Basis,32464113948.89,"Maju dan Tumbuh Cepat"
kabupaten,19,1901,4,2023,1.9396,Basis,-381663839.89,"Maju tapi Tertekan"
kabupaten,19,1901,5,2023,1.1434,Basis,143722902.92,"Maju dan Tumbuh Cepat"
kabupaten,19,1901,6,2023,0.9427,"Non Basis",-4215896144.74,"Relatif Tertinggal"
kabupaten,19,1901,7,2023,0.807,"Non Basis",2984650505.84,"Potensial / Cepat Berkembang"
kabupaten,19,1901,8,2023,0.5345,"Non Basis",-2577609037.9,"Relatif Tertinggal"
kabupaten,19,1901,9,2023,0.9423,"Non Basis",2839205170.39,"Potensial / Cepat Berkembang"
kabupaten,19,1901,10,2023,1.0646,Basis,-3722483102.92,"Maju tapi Tertekan"
kabupaten,19,1901,11,2023,1.3821,Basis,8745377215.19,"Maju dan Tumbuh Cepat"
kabupaten,19,1901,12,2023,1.0002,Basis,1126552525.27,"Maju dan Tumbuh Cepat"
kabupaten,19,1901,13,2023,0.7962,"Non Basis",126291457.29,"Potensial / Cepat Berkembang"
kabupaten,19,1901,14,2023,0.8311,"Non Basis",-4482008745.06,"Relatif Tertinggal"
kabupaten,19,1901,15,2023,0.7334,"Non Basis",913037081.12,"Potensial / Cepat Berkembang"
kabupaten,19,1901,16,2023,0.7612,"Non Basis",323559018.91,"Potensial / Cepat Berkembang"
kabupaten,19,1901,17,2023,0.8812,"Non Basis",34424891.73,"Potensial / Cepat Berkembang"
kabupaten,19,1901,1,2024,1.0344,Basis,-16617515733.19,"Maju tapi Tertekan"
kabupaten,19,1901,2,2024,1.2056,Basis,-20498933084.41,"Maju tapi Tertekan"
kabupaten,19,1901,3,2024,1.1545,Basis,-81453821012.4,"Maju tapi Tertekan"
kabupaten,19,1901,4,2024,1.9853,Basis,271376511.51,"Maju dan Tumbuh Cepat"
kabupaten,19,1901,5,2024,1.1567,Basis,-1325187.97,"Maju tapi Tertekan"
kabupaten,19,1901,6,2024,0.9544,"Non Basis",257108699.4,"Potensial / Cepat Berkembang"
kabupaten,19,1901,7,2024,0.8276,"Non Basis",17938422772.84,"Potensial / Cepat Berkembang"
kabupaten,19,1901,8,2024,0.5557,"Non Basis",7209210103.48,"Potensial / Cepat Berkembang"
kabupaten,19,1901,9,2024,0.9574,"Non Basis",1254341269.93,"Potensial / Cepat Berkembang"
kabupaten,19,1901,10,2024,1.0854,Basis,3284088480.44,"Maju dan Tumbuh Cepat"
kabupaten,19,1901,11,2024,1.3894,Basis,-2159004265.36,"Maju tapi Tertekan"
kabupaten,19,1901,12,2024,1.0131,Basis,288842721.54,"Maju dan Tumbuh Cepat"
kabupaten,19,1901,13,2024,0.8071,"Non Basis",39161171.19,"Potensial / Cepat Berkembang"
kabupaten,19,1901,14,2024,0.8331,"Non Basis",-5557698460.08,"Relatif Tertinggal"
kabupaten,19,1901,15,2024,0.7414,"Non Basis",-321475738.71,"Relatif Tertinggal"
kabupaten,19,1901,16,2024,0.7748,"Non Basis",756035664.37,"Potensial / Cepat Berkembang"
kabupaten,19,1901,17,2024,0.894,"Non Basis",213639407.57,"Potensial / Cepat Berkembang"
kabupaten,19,1901,1,2025,1.018,Basis,-18380838258.87,"Maju tapi Tertekan"
kabupaten,19,1901,2,2025,1.2004,Basis,5988254010.07,"Maju dan Tumbuh Cepat"
kabupaten,19,1901,3,2025,1.1769,Basis,79012569442.97,"Maju dan Tumbuh Cepat"
kabupaten,19,1901,4,2025,1.9985,Basis,380398990.7,"Maju dan Tumbuh Cepat"
kabupaten,19,1901,5,2025,1.1435,Basis,-7882352.94,"Maju tapi Tertekan"
kabupaten,19,1901,6,2025,0.9469,"Non Basis",333630923.23,"Potensial / Cepat Berkembang"
kabupaten,19,1901,7,2025,0.8239,"Non Basis",5511561837.78,"Potensial / Cepat Berkembang"
kabupaten,19,1901,8,2025,0.5657,"Non Basis",7619994507.22,"Potensial / Cepat Berkembang"
kabupaten,19,1901,9,2025,0.9534,"Non Basis",1474535012.45,"Potensial / Cepat Berkembang"
kabupaten,19,1901,10,2025,1.084,Basis,3455673514.4,"Maju dan Tumbuh Cepat"
kabupaten,19,1901,11,2025,1.3758,Basis,-489178933.62,"Maju tapi Tertekan"
kabupaten,19,1901,12,2025,1.0086,Basis,1702062363.61,"Maju dan Tumbuh Cepat"
kabupaten,19,1901,13,2025,0.8124,"Non Basis",403523351.22,"Potensial / Cepat Berkembang"
kabupaten,19,1901,14,2025,0.8334,"Non Basis",4942716000.56,"Potensial / Cepat Berkembang"
kabupaten,19,1901,15,2025,0.7434,"Non Basis",2988163541.83,"Potensial / Cepat Berkembang"
kabupaten,19,1901,16,2025,0.7829,"Non Basis",2697578180.86,"Potensial / Cepat Berkembang"
kabupaten,19,1901,17,2025,0.8961,"Non Basis",1055813829.79,"Potensial / Cepat Berkembang"
kabupaten,16,1607,1,2022,2.0473,Basis,-108213500257.96,"Maju tapi Tertekan"
kabupaten,16,1607,2,2022,0.288,"Non Basis",-72991027908.46,"Relatif Tertinggal"
kabupaten,16,1607,3,2022,1.2711,Basis,89401816196.48,"Maju dan Tumbuh Cepat"
kabupaten,16,1607,4,2022,0.6605,"Non Basis",338315144.55,"Potensial / Cepat Berkembang"
kabupaten,16,1607,5,2022,0.131,"Non Basis",9962006.5,"Potensial / Cepat Berkembang"
kabupaten,16,1607,6,2022,1.3283,Basis,240155209526.92,"Maju dan Tumbuh Cepat"
kabupaten,16,1607,7,2022,1.035,Basis,1642860802.44,"Maju dan Tumbuh Cepat"
kabupaten,16,1607,8,2022,0.2488,"Non Basis",-3947832013.85,"Relatif Tertinggal"
kabupaten,16,1607,9,2022,0.2894,"Non Basis",-2376485491.82,"Relatif Tertinggal"
kabupaten,16,1607,10,2022,0.5471,"Non Basis",-854781770.8,"Relatif Tertinggal"
kabupaten,16,1607,11,2022,0.1242,"Non Basis",795286636.06,"Potensial / Cepat Berkembang"
kabupaten,16,1607,12,2022,0.2548,"Non Basis",-2576695340.24,"Relatif Tertinggal"
kabupaten,16,1607,13,2022,0.1233,"Non Basis",-63820427.42,"Relatif Tertinggal"
kabupaten,16,1607,14,2022,0.7557,"Non Basis",-9684411926.95,"Relatif Tertinggal"
kabupaten,16,1607,15,2022,1.0303,Basis,10746604409.26,"Maju dan Tumbuh Cepat"
kabupaten,16,1607,16,2022,0.6747,"Non Basis",-911885723.33,"Relatif Tertinggal"
kabupaten,16,1607,17,2022,0.448,"Non Basis",578382781.86,"Potensial / Cepat Berkembang"
kabupaten,16,1607,1,2023,2.0758,Basis,103890633737.44,"Maju dan Tumbuh Cepat"
kabupaten,16,1607,2,2023,0.2703,"Non Basis",-93370243699.79,"Relatif Tertinggal"
kabupaten,16,1607,3,2023,1.2865,Basis,63228058587.27,"Maju dan Tumbuh Cepat"
kabupaten,16,1607,4,2023,0.6572,"Non Basis",-97134971.93,"Relatif Tertinggal"
kabupaten,16,1607,5,2023,0.1326,"Non Basis",36746711.16,"Potensial / Cepat Berkembang"
kabupaten,16,1607,6,2023,1.3737,Basis,110434480524.06,"Maju dan Tumbuh Cepat"
kabupaten,16,1607,7,2023,1.0539,Basis,49141203020.07,"Maju dan Tumbuh Cepat"
kabupaten,16,1607,8,2023,0.2425,"Non Basis",-2884070486.91,"Relatif Tertinggal"
kabupaten,16,1607,9,2023,0.2793,"Non Basis",-3835227668.09,"Relatif Tertinggal"
kabupaten,16,1607,10,2023,0.5362,"Non Basis",-10414053590.86,"Relatif Tertinggal"
kabupaten,16,1607,11,2023,0.1226,"Non Basis",-857291947.8,"Relatif Tertinggal"
kabupaten,16,1607,12,2023,0.261,"Non Basis",4626486014.77,"Potensial / Cepat Berkembang"
kabupaten,16,1607,13,2023,0.1221,"Non Basis",-29102629.8,"Relatif Tertinggal"
kabupaten,16,1607,14,2023,0.7722,"Non Basis",11515592691.31,"Potensial / Cepat Berkembang"
kabupaten,16,1607,15,2023,1.0541,Basis,13484454335.6,"Maju dan Tumbuh Cepat"
kabupaten,16,1607,16,2023,0.675,"Non Basis",30619681.8,"Potensial / Cepat Berkembang"
kabupaten,16,1607,17,2023,0.4511,"Non Basis",543553915.4,"Potensial / Cepat Berkembang"
kabupaten,16,1607,1,2024,2.1056,Basis,121715171737.47,"Maju dan Tumbuh Cepat"
kabupaten,16,1607,2,2024,0.2642,"Non Basis",-31692273632.31,"Relatif Tertinggal"
kabupaten,16,1607,3,2024,1.2584,Basis,-116874587748.72,"Maju tapi Tertekan"
kabupaten,16,1607,4,2024,0.6543,"Non Basis",-67339997.29,"Relatif Tertinggal"
kabupaten,16,1607,5,2024,0.1288,"Non Basis",-89064805.2,"Relatif Tertinggal"
kabupaten,16,1607,6,2024,1.4064,Basis,88740546244.26,"Maju dan Tumbuh Cepat"
kabupaten,16,1607,7,2024,1.086,Basis,94361942208.94,"Maju dan Tumbuh Cepat"
kabupaten,16,1607,8,2024,0.235,"Non Basis",-3439095987.97,"Relatif Tertinggal"
kabupaten,16,1607,9,2024,0.2772,"Non Basis",-753569618.71,"Relatif Tertinggal"
kabupaten,16,1607,10,2024,0.5308,"Non Basis",-5037619845.72,"Relatif Tertinggal"
kabupaten,16,1607,11,2024,0.1207,"Non Basis",-962663465.16,"Relatif Tertinggal"
kabupaten,16,1607,12,2024,0.2566,"Non Basis",-3346273312.04,"Relatif Tertinggal"
kabupaten,16,1607,13,2024,0.1187,"Non Basis",-82331606.22,"Relatif Tertinggal"
kabupaten,16,1607,14,2024,0.7496,"Non Basis",-16791516880.96,"Relatif Tertinggal"
kabupaten,16,1607,15,2024,1.035,Basis,-10953198905.26,"Maju tapi Tertekan"
kabupaten,16,1607,16,2024,0.6602,"Non Basis",-2406269831.43,"Relatif Tertinggal"
kabupaten,16,1607,17,2024,0.469,"Non Basis",3462792308.32,"Potensial / Cepat Berkembang"
kabupaten,16,1607,1,2025,2.0864,Basis,-72795629616.72,"Maju tapi Tertekan"
kabupaten,16,1607,2,2025,0.2622,"Non Basis",-10814202410.93,"Relatif Tertinggal"
kabupaten,16,1607,3,2025,1.2702,Basis,56874502848.85,"Maju dan Tumbuh Cepat"
kabupaten,16,1607,4,2025,0.6406,"Non Basis",-436864950.43,"Relatif Tertinggal"
kabupaten,16,1607,5,2025,0.1305,"Non Basis",44469554.13,"Potensial / Cepat Berkembang"
kabupaten,16,1607,6,2025,1.3757,Basis,-82617076917.3,"Maju tapi Tertekan"
kabupaten,16,1607,7,2025,1.1066,Basis,65166859163.88,"Maju dan Tumbuh Cepat"
kabupaten,16,1607,8,2025,0.2306,"Non Basis",-2123506304.47,"Relatif Tertinggal"
kabupaten,16,1607,9,2025,0.276,"Non Basis",-473164444.22,"Relatif Tertinggal"
kabupaten,16,1607,10,2025,0.5303,"Non Basis",-195393891.98,"Relatif Tertinggal"
kabupaten,16,1607,11,2025,0.121,"Non Basis",187995855.79,"Potensial / Cepat Berkembang"
kabupaten,16,1607,12,2025,0.2518,"Non Basis",-4121773547.34,"Relatif Tertinggal"
kabupaten,16,1607,13,2025,0.1122,"Non Basis",-173907459.54,"Relatif Tertinggal"
kabupaten,16,1607,14,2025,0.7466,"Non Basis",-2066372670.95,"Relatif Tertinggal"
kabupaten,16,1607,15,2025,1.0183,Basis,-10386718667.09,"Maju tapi Tertekan"
kabupaten,16,1607,16,2025,0.6567,"Non Basis",-569401838.43,"Relatif Tertinggal"
kabupaten,16,1607,17,2025,0.4504,"Non Basis",-3614330695.06,"Relatif Tertinggal"
kabupaten,16,1611,1,2022,2.3797,Basis,4761132943.06,"Maju dan Tumbuh Cepat"
kabupaten,16,1611,2,2022,0.1574,"Non Basis",-1547260305.68,"Relatif Tertinggal"
kabupaten,16,1611,3,2022,0.5372,"Non Basis",16510131950.02,"Potensial / Cepat Berkembang"
kabupaten,16,1611,4,2022,0.7044,"Non Basis",134597453.57,"Potensial / Cepat Berkembang"
kabupaten,16,1611,5,2022,0.3178,"Non Basis",-18559275.37,"Relatif Tertinggal"
kabupaten,16,1611,6,2022,0.943,"Non Basis",8177491719.76,"Potensial / Cepat Berkembang"
kabupaten,16,1611,7,2022,1.511,Basis,-21949170797.75,"Maju tapi Tertekan"
kabupaten,16,1611,8,2022,0.8069,"Non Basis",-2183990345.01,"Relatif Tertinggal"
kabupaten,16,1611,9,2022,0.8828,"Non Basis",-3363195113.17,"Relatif Tertinggal"
kabupaten,16,1611,10,2022,0.333,"Non Basis",-1059877236.67,"Relatif Tertinggal"
kabupaten,16,1611,11,2022,0.9521,"Non Basis",517769689.98,"Potensial / Cepat Berkembang"
kabupaten,16,1611,12,2022,1.5155,Basis,-1869936388.89,"Maju tapi Tertekan"
kabupaten,16,1611,13,2022,0.2179,"Non Basis",-15523175.13,"Relatif Tertinggal"
kabupaten,16,1611,14,2022,1.4802,Basis,-1335989692.47,"Maju tapi Tertekan"
kabupaten,16,1611,15,2022,0.7583,"Non Basis",2305881015.13,"Potensial / Cepat Berkembang"
kabupaten,16,1611,16,2022,1.2117,Basis,-352747256.41,"Maju tapi Tertekan"
kabupaten,16,1611,17,2022,1.208,Basis,-248292017.18,"Maju tapi Tertekan"
kabupaten,16,1611,1,2023,2.3956,Basis,-1658948488.7,"Maju tapi Tertekan"
kabupaten,16,1611,2,2023,0.1514,"Non Basis",-6522456369.53,"Relatif Tertinggal"
kabupaten,16,1611,3,2023,0.5591,"Non Basis",12727453244.56,"Potensial / Cepat Berkembang"
kabupaten,16,1611,4,2023,0.7075,"Non Basis",-11552106.43,"Relatif Tertinggal"
kabupaten,16,1611,5,2023,0.3549,"Non Basis",138634685.34,"Potensial / Cepat Berkembang"
kabupaten,16,1611,6,2023,0.9458,"Non Basis",-1889188961.25,"Relatif Tertinggal"
kabupaten,16,1611,7,2023,1.5527,Basis,13569857682.9,"Maju dan Tumbuh Cepat"
kabupaten,16,1611,8,2023,0.7913,"Non Basis",-1716692461.27,"Relatif Tertinggal"
kabupaten,16,1611,9,2023,0.8327,"Non Basis",-3678490862.85,"Relatif Tertinggal"
kabupaten,16,1611,10,2023,0.3398,"Non Basis",689741557.34,"Potensial / Cepat Berkembang"
kabupaten,16,1611,11,2023,0.9361,"Non Basis",-2066914188.76,"Relatif Tertinggal"
kabupaten,16,1611,12,2023,1.5214,Basis,-764848884.25,"Maju tapi Tertekan"
kabupaten,16,1611,13,2023,0.2176,"Non Basis",-8076062.04,"Relatif Tertinggal"
kabupaten,16,1611,14,2023,1.4807,Basis,-1324862217.27,"Maju tapi Tertekan"
kabupaten,16,1611,15,2023,0.7784,"Non Basis",1391550703.59,"Potensial / Cepat Berkembang"
kabupaten,16,1611,16,2023,1.2217,Basis,16407885.84,"Maju dan Tumbuh Cepat"
kabupaten,16,1611,17,2023,1.2283,Basis,338520049.76,"Maju dan Tumbuh Cepat"
kabupaten,16,1611,1,2024,2.5083,Basis,64242892923.43,"Maju dan Tumbuh Cepat"
kabupaten,16,1611,2,2024,0.1464,"Non Basis",-5398032514.32,"Relatif Tertinggal"
kabupaten,16,1611,3,2024,0.5467,"Non Basis",-11604954379.82,"Relatif Tertinggal"
kabupaten,16,1611,4,2024,0.705,"Non Basis",-33443394.09,"Relatif Tertinggal"
kabupaten,16,1611,5,2024,0.3542,"Non Basis",-10929457.41,"Relatif Tertinggal"
kabupaten,16,1611,6,2024,0.9188,"Non Basis",-14278088295.91,"Relatif Tertinggal"
kabupaten,16,1611,7,2024,1.5245,Basis,-17864109541.61,"Maju tapi Tertekan"
kabupaten,16,1611,8,2024,0.7688,"Non Basis",-2168537423.22,"Relatif Tertinggal"
kabupaten,16,1611,9,2024,0.7648,"Non Basis",-5105132390.4,"Relatif Tertinggal"
kabupaten,16,1611,10,2024,0.3332,"Non Basis",-1503195975.42,"Relatif Tertinggal"
kabupaten,16,1611,11,2024,0.9218,"Non Basis",-1843715209.84,"Relatif Tertinggal"
kabupaten,16,1611,12,2024,1.4386,Basis,-12725880994.48,"Maju tapi Tertekan"
kabupaten,16,1611,13,2024,0.2243,"Non Basis",23367875.65,"Potensial / Cepat Berkembang"
kabupaten,16,1611,14,2024,1.42,Basis,-9051819499.7,"Maju tapi Tertekan"
kabupaten,16,1611,15,2024,0.7692,"Non Basis",-1416894107.35,"Relatif Tertinggal"
kabupaten,16,1611,16,2024,1.1476,Basis,-2361286776.92,"Maju tapi Tertekan"
kabupaten,16,1611,17,2024,1.2536,Basis,590225087.19,"Maju dan Tumbuh Cepat"
kabupaten,16,1611,1,2025,2.5186,Basis,6823476789.97,"Maju dan Tumbuh Cepat"
kabupaten,16,1611,2,2025,0.1446,"Non Basis",-1812655642.81,"Relatif Tertinggal"
kabupaten,16,1611,3,2025,0.5497,"Non Basis",2279423768.11,"Potensial / Cepat Berkembang"
kabupaten,16,1611,4,2025,0.7368,"Non Basis",176909939.18,"Potensial / Cepat Berkembang"
kabupaten,16,1611,5,2025,0.355,"Non Basis",3327137.05,"Potensial / Cepat Berkembang"
kabupaten,16,1611,6,2025,0.8989,"Non Basis",-9400545875.85,"Relatif Tertinggal"
kabupaten,16,1611,7,2025,1.5146,Basis,-5297785453.11,"Maju tapi Tertekan"
kabupaten,16,1611,8,2025,0.7405,"Non Basis",-2406141691.81,"Relatif Tertinggal"
kabupaten,16,1611,9,2025,0.7495,"Non Basis",-1183043173.72,"Relatif Tertinggal"
kabupaten,16,1611,10,2025,0.3299,"Non Basis",-621953617.38,"Relatif Tertinggal"
kabupaten,16,1611,11,2025,0.9099,"Non Basis",-1185546929.14,"Relatif Tertinggal"
kabupaten,16,1611,12,2025,1.359,Basis,-12001730286.86,"Maju tapi Tertekan"
kabupaten,16,1611,13,2025,0.2114,"Non Basis",-59265859.05,"Relatif Tertinggal"
kabupaten,16,1611,14,2025,1.3824,Basis,-5129508052.6,"Maju tapi Tertekan"
kabupaten,16,1611,15,2025,0.7886,"Non Basis",2109917223.81,"Potensial / Cepat Berkembang"
kabupaten,16,1611,16,2025,1.1024,Basis,-1399167002.15,"Maju tapi Tertekan"
kabupaten,16,1611,17,2025,1.2363,Basis,-582425415.47,"Maju tapi Tertekan"
kabupaten,16,1604,1,2022,1.2873,Basis,-57765404736.76,"Maju tapi Tertekan"
kabupaten,16,1604,2,2022,1.8866,Basis,442452421498.65,"Maju dan Tumbuh Cepat"
kabupaten,16,1604,3,2022,0.2159,"Non Basis",-19940607682.63,"Relatif Tertinggal"
kabupaten,16,1604,4,2022,4.6017,Basis,4018222286.04,"Maju dan Tumbuh Cepat"
kabupaten,16,1604,5,2022,0.256,"Non Basis",-25213369.31,"Relatif Tertinggal"
kabupaten,16,1604,6,2022,0.6527,"Non Basis",-5271730595.23,"Relatif Tertinggal"
kabupaten,16,1604,7,2022,0.8537,"Non Basis",-105592744333.99,"Relatif Tertinggal"
kabupaten,16,1604,8,2022,0.4585,"Non Basis",-5729229375.56,"Relatif Tertinggal"
kabupaten,16,1604,9,2022,0.651,"Non Basis",-12580885457.59,"Relatif Tertinggal"
kabupaten,16,1604,10,2022,0.248,"Non Basis",-5291038971.57,"Relatif Tertinggal"
kabupaten,16,1604,11,2022,0.619,"Non Basis",2461156170.86,"Potensial / Cepat Berkembang"
kabupaten,16,1604,12,2022,0.7015,"Non Basis",-6415776943.82,"Relatif Tertinggal"
kabupaten,16,1604,13,2022,0.3588,"Non Basis",49181237.86,"Potensial / Cepat Berkembang"
kabupaten,16,1604,14,2022,1.5492,Basis,-20394823234.05,"Maju tapi Tertekan"
kabupaten,16,1604,15,2022,1.0192,Basis,-4699941952.94,"Maju tapi Tertekan"
kabupaten,16,1604,16,2022,1.1204,Basis,75795995.23,"Maju dan Tumbuh Cepat"
kabupaten,16,1604,17,2022,0.6066,"Non Basis",127175105.38,"Potensial / Cepat Berkembang"
kabupaten,16,1604,1,2023,1.2536,Basis,-33263522531.51,"Maju tapi Tertekan"
kabupaten,16,1604,2,2023,1.9347,Basis,262909991500.94,"Maju dan Tumbuh Cepat"
kabupaten,16,1604,3,2023,0.2082,"Non Basis",-11704547841.88,"Relatif Tertinggal"
kabupaten,16,1604,4,2023,4.6401,Basis,1992423456.15,"Maju dan Tumbuh Cepat"
kabupaten,16,1604,5,2023,0.2584,"Non Basis",95946722.1,"Potensial / Cepat Berkembang"
kabupaten,16,1604,6,2023,0.6327,"Non Basis",-15765894084.67,"Relatif Tertinggal"
kabupaten,16,1604,7,2023,0.825,"Non Basis",-26607866602.3,"Relatif Tertinggal"
kabupaten,16,1604,8,2023,0.4413,"Non Basis",-3010520236.94,"Relatif Tertinggal"
kabupaten,16,1604,9,2023,0.6367,"Non Basis",-1048358680.82,"Relatif Tertinggal"
kabupaten,16,1604,10,2023,0.2413,"Non Basis",-1746991833.69,"Relatif Tertinggal"
kabupaten,16,1604,11,2023,0.6039,"Non Basis",-1852400604.85,"Relatif Tertinggal"
kabupaten,16,1604,12,2023,0.6895,"Non Basis",-575809961.6,"Relatif Tertinggal"
kabupaten,16,1604,13,2023,0.359,"Non Basis",90325016.86,"Potensial / Cepat Berkembang"
kabupaten,16,1604,14,2023,1.5032,Basis,-10072496085.5,"Maju tapi Tertekan"
kabupaten,16,1604,15,2023,0.9975,"Non Basis",-2214309915.9,"Relatif Tertinggal"
kabupaten,16,1604,16,2023,1.1034,Basis,21833281.99,"Maju dan Tumbuh Cepat"
kabupaten,16,1604,17,2023,0.5995,"Non Basis",265008736.04,"Potensial / Cepat Berkembang"
kabupaten,16,1604,1,2024,1.2241,Basis,-70108288547.43,"Maju tapi Tertekan"
kabupaten,16,1604,2,2024,2.0075,Basis,262144531426.87,"Maju dan Tumbuh Cepat"
kabupaten,16,1604,3,2024,0.2004,"Non Basis",-21587587686.22,"Relatif Tertinggal"
kabupaten,16,1604,4,2024,4.6737,Basis,741137093.49,"Maju dan Tumbuh Cepat"
kabupaten,16,1604,5,2024,0.2638,"Non Basis",87588109.94,"Potensial / Cepat Berkembang"
kabupaten,16,1604,6,2024,0.6203,"Non Basis",-19909346055.16,"Relatif Tertinggal"
kabupaten,16,1604,7,2024,0.8036,"Non Basis",-37990408408.62,"Relatif Tertinggal"
kabupaten,16,1604,8,2024,0.4335,"Non Basis",-2276794838.52,"Relatif Tertinggal"
kabupaten,16,1604,9,2024,0.6385,"Non Basis",622583667.96,"Potensial / Cepat Berkembang"
kabupaten,16,1604,10,2024,0.2429,"Non Basis",1193698833.24,"Potensial / Cepat Berkembang"
kabupaten,16,1604,11,2024,0.6139,"Non Basis",3757607263.88,"Potensial / Cepat Berkembang"
kabupaten,16,1604,12,2024,0.6862,"Non Basis",-1448793832.19,"Relatif Tertinggal"
kabupaten,16,1604,13,2024,0.3654,"Non Basis",109844559.59,"Potensial / Cepat Berkembang"
kabupaten,16,1604,14,2024,1.4768,Basis,-12552282098.65,"Maju tapi Tertekan"
kabupaten,16,1604,15,2024,0.9835,"Non Basis",-5222893720.82,"Relatif Tertinggal"
kabupaten,16,1604,16,2024,1.111,Basis,950350313.5,"Maju dan Tumbuh Cepat"
kabupaten,16,1604,17,2024,0.5983,"Non Basis",-89737956.62,"Relatif Tertinggal"
kabupaten,16,1606,1,2022,0.8076,"Non Basis",78968394983.96,"Potensial / Cepat Berkembang"
kabupaten,16,1606,2,2022,2.5938,Basis,-1013093642303.9,"Maju tapi Tertekan"
kabupaten,16,1606,3,2022,0.4456,"Non Basis",207366101644.97,"Potensial / Cepat Berkembang"
kabupaten,16,1606,4,2022,0.2394,"Non Basis",918754547.2,"Potensial / Cepat Berkembang"
kabupaten,16,1606,5,2022,0.1406,"Non Basis",163620670.67,"Potensial / Cepat Berkembang"
kabupaten,16,1606,6,2022,0.6464,"Non Basis",117402906680.53,"Potensial / Cepat Berkembang"
kabupaten,16,1606,7,2022,0.3026,"Non Basis",-12729228391.19,"Relatif Tertinggal"
kabupaten,16,1606,8,2022,0.1129,"Non Basis",-7100291140.05,"Relatif Tertinggal"
kabupaten,16,1606,9,2022,0.0855,"Non Basis",-1239893761.77,"Relatif Tertinggal"
kabupaten,16,1606,10,2022,0.0792,"Non Basis",6660244947.59,"Potensial / Cepat Berkembang"
kabupaten,16,1606,11,2022,0.7553,"Non Basis",9959350510.66,"Potensial / Cepat Berkembang"
kabupaten,16,1606,12,2022,0.5385,"Non Basis",43808303197.86,"Potensial / Cepat Berkembang"
kabupaten,16,1606,13,2022,0.303,"Non Basis",325815986.68,"Potensial / Cepat Berkembang"
kabupaten,16,1606,14,2022,0.9757,"Non Basis",21760791251.07,"Potensial / Cepat Berkembang"
kabupaten,16,1606,15,2022,0.7634,"Non Basis",49650226116.54,"Potensial / Cepat Berkembang"
kabupaten,16,1606,16,2022,0.4937,"Non Basis",7144448698.83,"Potensial / Cepat Berkembang"
kabupaten,16,1606,17,2022,0.7417,"Non Basis",15766281693.34,"Potensial / Cepat Berkembang"
kabupaten,16,1606,1,2023,0.8495,"Non Basis",303303646713.94,"Potensial / Cepat Berkembang"
kabupaten,16,1606,2,2023,2.4617,Basis,-1683284290299.7,"Maju tapi Tertekan"
kabupaten,16,1606,3,2023,0.4728,"Non Basis",226339789976.28,"Potensial / Cepat Berkembang"
kabupaten,16,1606,4,2023,0.2499,"Non Basis",568615370.1,"Potensial / Cepat Berkembang"
kabupaten,16,1606,5,2023,0.1477,"Non Basis",322320105.02,"Potensial / Cepat Berkembang"
kabupaten,16,1606,6,2023,0.687,"Non Basis",198300201389.05,"Potensial / Cepat Berkembang"
kabupaten,16,1606,7,2023,0.3138,"Non Basis",55348557561.37,"Potensial / Cepat Berkembang"
kabupaten,16,1606,8,2023,0.1091,"Non Basis",-4355314402.63,"Relatif Tertinggal"
kabupaten,16,1606,9,2023,0.0878,"Non Basis",1502643965.88,"Potensial / Cepat Berkembang"
kabupaten,16,1606,10,2023,0.0843,"Non Basis",9583714599.1,"Potensial / Cepat Berkembang"
kabupaten,16,1606,11,2023,0.748,"Non Basis",-12937829493.2,"Relatif Tertinggal"
kabupaten,16,1606,12,2023,0.5819,"Non Basis",66731876045.78,"Potensial / Cepat Berkembang"
kabupaten,16,1606,13,2023,0.3128,"Non Basis",430520836.14,"Potensial / Cepat Berkembang"
kabupaten,16,1606,14,2023,1.0022,Basis,32504230521.98,"Maju dan Tumbuh Cepat"
kabupaten,16,1606,15,2023,0.8006,"Non Basis",41397067788.35,"Potensial / Cepat Berkembang"
kabupaten,16,1606,16,2023,0.4966,"Non Basis",83180059.77,"Potensial / Cepat Berkembang"
kabupaten,16,1606,17,2023,0.7741,"Non Basis",11190039761.57,"Potensial / Cepat Berkembang"
kabupaten,16,1606,1,2024,0.8682,"Non Basis",149144020578.99,"Potensial / Cepat Berkembang"
kabupaten,16,1606,2,2024,2.4517,Basis,-142460915755.13,"Maju tapi Tertekan"
kabupaten,16,1606,3,2024,0.4669,"Non Basis",-59615465849.53,"Relatif Tertinggal"
kabupaten,16,1606,4,2024,0.2476,"Non Basis",-170495273.42,"Relatif Tertinggal"
kabupaten,16,1606,5,2024,0.1408,"Non Basis",-367041418.5,"Relatif Tertinggal"
kabupaten,16,1606,6,2024,0.7107,"Non Basis",131591557067.37,"Potensial / Cepat Berkembang"
kabupaten,16,1606,7,2024,0.3208,"Non Basis",42083992877.23,"Potensial / Cepat Berkembang"
kabupaten,16,1606,8,2024,0.1057,"Non Basis",-3679359615.12,"Relatif Tertinggal"
kabupaten,16,1606,9,2024,0.0953,"Non Basis",6763799420.17,"Potensial / Cepat Berkembang"
kabupaten,16,1606,10,2024,0.088,"Non Basis",8293938900.71,"Potensial / Cepat Berkembang"
kabupaten,16,1606,11,2024,0.7361,"Non Basis",-15038675612.78,"Relatif Tertinggal"
kabupaten,16,1606,12,2024,0.6012,"Non Basis",33684303604.72,"Potensial / Cepat Berkembang"
kabupaten,16,1606,13,2024,0.3367,"Non Basis",1306113989.64,"Potensial / Cepat Berkembang"
kabupaten,16,1606,14,2024,1.1832,Basis,302687521788.1,"Maju dan Tumbuh Cepat"
kabupaten,16,1606,15,2024,0.7812,"Non Basis",-26749408669.03,"Relatif Tertinggal"
kabupaten,16,1606,16,2024,0.4868,"Non Basis",-3812642496.17,"Relatif Tertinggal"
kabupaten,16,1606,17,2024,0.7901,"Non Basis",6308104231.98,"Potensial / Cepat Berkembang"
kabupaten,16,1606,1,2025,0.9097,"Non Basis",345803339099.41,"Potensial / Cepat Berkembang"
kabupaten,16,1606,2,2025,2.42,Basis,-457620191043.69,"Maju tapi Tertekan"
kabupaten,16,1606,3,2025,0.4866,"Non Basis",185683712213.11,"Potensial / Cepat Berkembang"
kabupaten,16,1606,4,2025,0.2499,"Non Basis",122470215.78,"Potensial / Cepat Berkembang"
kabupaten,16,1606,5,2025,0.1424,"Non Basis",65140876.86,"Potensial / Cepat Berkembang"
kabupaten,16,1606,6,2025,0.7261,"Non Basis",82438478925.03,"Potensial / Cepat Berkembang"
kabupaten,16,1606,7,2025,0.3336,"Non Basis",80856780599.23,"Potensial / Cepat Berkembang"
kabupaten,16,1606,8,2025,0.1053,"Non Basis",-650908998.93,"Relatif Tertinggal"
kabupaten,16,1606,9,2025,0.0979,"Non Basis",2263537208.38,"Potensial / Cepat Berkembang"
kabupaten,16,1606,10,2025,0.0882,"Non Basis",-49833653.31,"Relatif Tertinggal"
kabupaten,16,1606,11,2025,0.7547,"Non Basis",21326589786.14,"Potensial / Cepat Berkembang"
kabupaten,16,1606,12,2025,0.6173,"Non Basis",28392233675.21,"Potensial / Cepat Berkembang"
kabupaten,16,1606,13,2025,0.3318,"Non Basis",-328882075,"Relatif Tertinggal"
kabupaten,16,1606,14,2025,1.207,Basis,36585953216.44,"Maju dan Tumbuh Cepat"
kabupaten,16,1606,15,2025,0.8167,"Non Basis",46897211786.76,"Potensial / Cepat Berkembang"
kabupaten,16,1606,16,2025,0.493,"Non Basis",1991603596.35,"Potensial / Cepat Berkembang"
kabupaten,16,1606,17,2025,0.803,"Non Basis",4770133844.05,"Potensial / Cepat Berkembang"
kabupaten,16,1605,1,2022,2.0687,Basis,26070707253.26,"Maju dan Tumbuh Cepat"
kabupaten,16,1605,2,2022,1.3831,Basis,-204035477962.29,"Maju tapi Tertekan"
kabupaten,16,1605,3,2022,0.6552,"Non Basis",26853718950.29,"Potensial / Cepat Berkembang"
kabupaten,16,1605,4,2022,0.227,"Non Basis",214232242.01,"Potensial / Cepat Berkembang"
kabupaten,16,1605,5,2022,0.0676,"Non Basis",23232200.87,"Potensial / Cepat Berkembang"
kabupaten,16,1605,6,2022,0.4783,"Non Basis",12251007311.91,"Potensial / Cepat Berkembang"
kabupaten,16,1605,7,2022,0.6395,"Non Basis",668610698.83,"Potensial / Cepat Berkembang"
kabupaten,16,1605,8,2022,0.2197,"Non Basis",-2353205470.83,"Relatif Tertinggal"
kabupaten,16,1605,9,2022,0.1723,"Non Basis",-1957438826.88,"Relatif Tertinggal"
kabupaten,16,1605,10,2022,0.1155,"Non Basis",392725021.72,"Potensial / Cepat Berkembang"
kabupaten,16,1605,11,2022,0.2617,"Non Basis",2147652912.57,"Potensial / Cepat Berkembang"
kabupaten,16,1605,12,2022,0.417,"Non Basis",-524530989.48,"Relatif Tertinggal"
kabupaten,16,1605,13,2022,0.1637,"Non Basis",28071051.9,"Potensial / Cepat Berkembang"
kabupaten,16,1605,14,2022,0.8118,"Non Basis",-492924176.89,"Relatif Tertinggal"
kabupaten,16,1605,15,2022,1.1404,Basis,10051328720.53,"Maju dan Tumbuh Cepat"
kabupaten,16,1605,16,2022,1.1155,Basis,208773446.55,"Maju dan Tumbuh Cepat"
kabupaten,16,1605,17,2022,1.2386,Basis,-10713863.81,"Maju tapi Tertekan"
kabupaten,16,1605,1,2023,2.1185,Basis,70293782590.36,"Maju dan Tumbuh Cepat"
kabupaten,16,1605,2,2023,1.31,Basis,-303431535517.85,"Maju tapi Tertekan"
kabupaten,16,1605,3,2023,0.6895,"Non Basis",76526391852.42,"Potensial / Cepat Berkembang"
kabupaten,16,1605,4,2023,0.2273,"Non Basis",-35972071.52,"Relatif Tertinggal"
kabupaten,16,1605,5,2023,0.0688,"Non Basis",8880015.32,"Potensial / Cepat Berkembang"
kabupaten,16,1605,6,2023,0.489,"Non Basis",9410783179.05,"Potensial / Cepat Berkembang"
kabupaten,16,1605,7,2023,0.6609,"Non Basis",26029101526.21,"Potensial / Cepat Berkembang"
kabupaten,16,1605,8,2023,0.2191,"Non Basis",-861015229.26,"Relatif Tertinggal"
kabupaten,16,1605,9,2023,0.1753,"Non Basis",310762587.15,"Potensial / Cepat Berkembang"
kabupaten,16,1605,10,2023,0.1186,"Non Basis",1176279231.18,"Potensial / Cepat Berkembang"
kabupaten,16,1605,11,2023,0.265,"Non Basis",226745569.85,"Potensial / Cepat Berkembang"
kabupaten,16,1605,12,2023,0.4261,"Non Basis",2433925501.21,"Potensial / Cepat Berkembang"
kabupaten,16,1605,13,2023,0.1684,"Non Basis",47599730.28,"Potensial / Cepat Berkembang"
kabupaten,16,1605,14,2023,0.8234,"Non Basis",1538339229.36,"Potensial / Cepat Berkembang"
kabupaten,16,1605,15,2023,1.1789,Basis,10173074984.93,"Maju dan Tumbuh Cepat"
kabupaten,16,1605,16,2023,1.1273,Basis,52760764.42,"Maju dan Tumbuh Cepat"
kabupaten,16,1605,17,2023,1.285,Basis,4035847144.43,"Maju dan Tumbuh Cepat"
kabupaten,16,1605,1,2024,2.1923,Basis,180799067538.41,"Maju dan Tumbuh Cepat"
kabupaten,16,1605,2,2024,1.3002,Basis,-38813353236.15,"Maju tapi Tertekan"
kabupaten,16,1605,3,2024,0.6954,"Non Basis",15586099340.54,"Potensial / Cepat Berkembang"
kabupaten,16,1605,4,2024,0.2194,"Non Basis",-162943145.33,"Relatif Tertinggal"
kabupaten,16,1605,5,2024,0.0669,"Non Basis",-30552975.25,"Relatif Tertinggal"
kabupaten,16,1605,6,2024,0.4868,"Non Basis",-4371671809.82,"Relatif Tertinggal"
kabupaten,16,1605,7,2024,0.6781,"Non Basis",31284536081.93,"Potensial / Cepat Berkembang"
kabupaten,16,1605,8,2024,0.2144,"Non Basis",-1508265605.68,"Relatif Tertinggal"
kabupaten,16,1605,9,2024,0.177,"Non Basis",433858722.68,"Potensial / Cepat Berkembang"
kabupaten,16,1605,10,2024,0.119,"Non Basis",238277734.8,"Potensial / Cepat Berkembang"
kabupaten,16,1605,11,2024,0.2613,"Non Basis",-1429066731.68,"Relatif Tertinggal"
kabupaten,16,1605,12,2024,0.4082,"Non Basis",-9814040617.89,"Relatif Tertinggal"
kabupaten,16,1605,13,2024,0.1727,"Non Basis",71139896.37,"Potensial / Cepat Berkembang"
kabupaten,16,1605,14,2024,0.8007,"Non Basis",-11819148073.89,"Relatif Tertinggal"
kabupaten,16,1605,15,2024,1.1418,Basis,-15340191179.02,"Maju tapi Tertekan"
kabupaten,16,1605,16,2024,1.1081,Basis,-2266547641.44,"Maju tapi Tertekan"
kabupaten,16,1605,17,2024,1.2543,Basis,-3921147193.55,"Maju tapi Tertekan"
kabupaten,16,1605,1,2025,2.2142,Basis,25004849927.66,"Maju dan Tumbuh Cepat"
kabupaten,16,1605,2,2025,1.2659,Basis,-153898431399.73,"Maju tapi Tertekan"
kabupaten,16,1605,3,2025,0.7151,"Non Basis",47298111260.45,"Potensial / Cepat Berkembang"
kabupaten,16,1605,4,2025,0.2251,"Non Basis",95329084.4,"Potensial / Cepat Berkembang"
kabupaten,16,1605,5,2025,0.0659,"Non Basis",-22188437.74,"Relatif Tertinggal"
kabupaten,16,1605,6,2025,0.4862,"Non Basis",-5915396398.42,"Relatif Tertinggal"
kabupaten,16,1605,7,2025,0.7053,"Non Basis",47048006318.33,"Potensial / Cepat Berkembang"
kabupaten,16,1605,8,2025,0.2228,"Non Basis",2348932387.61,"Potensial / Cepat Berkembang"
kabupaten,16,1605,9,2025,0.1794,"Non Basis",410695585.22,"Potensial / Cepat Berkembang"
kabupaten,16,1605,10,2025,0.1169,"Non Basis",-1998366441.45,"Relatif Tertinggal"
kabupaten,16,1605,11,2025,0.2657,"Non Basis",1109802475.23,"Potensial / Cepat Berkembang"
kabupaten,16,1605,12,2025,0.3991,"Non Basis",-6615364783.32,"Relatif Tertinggal"
kabupaten,16,1605,13,2025,0.1654,"Non Basis",-146575600.68,"Relatif Tertinggal"
kabupaten,16,1605,14,2025,0.7854,"Non Basis",-10326395266.46,"Relatif Tertinggal"
kabupaten,16,1605,15,2025,1.1553,Basis,2958095086.49,"Maju dan Tumbuh Cepat"
kabupaten,16,1605,16,2025,1.1265,Basis,1447816693.51,"Maju dan Tumbuh Cepat"
kabupaten,16,1605,17,2025,1.2604,Basis,-135346277.46,"Maju tapi Tertekan"
kabupaten,16,1613,1,2022,3.148,Basis,45577440224.25,"Maju dan Tumbuh Cepat"
kabupaten,16,1613,2,2022,0.9577,"Non Basis",-50016506153.8,"Relatif Tertinggal"
kabupaten,16,1613,3,2022,0.3137,"Non Basis",2668957556.22,"Potensial / Cepat Berkembang"
kabupaten,16,1613,4,2022,0.1699,"Non Basis",62919299.25,"Potensial / Cepat Berkembang"
kabupaten,16,1613,5,2022,0.1324,"Non Basis",14559220.31,"Potensial / Cepat Berkembang"
kabupaten,16,1613,6,2022,0.4109,"Non Basis",-883232496.16,"Relatif Tertinggal"
kabupaten,16,1613,7,2022,0.4972,"Non Basis",-8533273683.87,"Relatif Tertinggal"
kabupaten,16,1613,8,2022,0.4887,"Non Basis",-5127256431.64,"Relatif Tertinggal"
kabupaten,16,1613,9,2022,0.1589,"Non Basis",-933304774.9,"Relatif Tertinggal"
kabupaten,16,1613,10,2022,0.0861,"Non Basis",19735526.09,"Potensial / Cepat Berkembang"
kabupaten,16,1613,11,2022,0.2803,"Non Basis",604001622.41,"Potensial / Cepat Berkembang"
kabupaten,16,1613,12,2022,0.4236,"Non Basis",-1100367001.42,"Relatif Tertinggal"
kabupaten,16,1613,13,2022,0.4165,"Non Basis",-57149597.56,"Relatif Tertinggal"
kabupaten,16,1613,14,2022,0.7227,"Non Basis",249315722.69,"Potensial / Cepat Berkembang"
kabupaten,16,1613,15,2022,1.2437,Basis,6133042780.69,"Maju dan Tumbuh Cepat"
kabupaten,16,1613,16,2022,0.9732,"Non Basis",217578849.57,"Potensial / Cepat Berkembang"
kabupaten,16,1613,17,2022,1.0716,Basis,-90478330.58,"Maju tapi Tertekan"
kabupaten,16,1613,1,2023,3.2246,Basis,54252796619.44,"Maju dan Tumbuh Cepat"
kabupaten,16,1613,2,2023,0.9187,"Non Basis",-65273563002.06,"Relatif Tertinggal"
kabupaten,16,1613,3,2023,0.3222,"Non Basis",7060667881.79,"Potensial / Cepat Berkembang"
kabupaten,16,1613,4,2023,0.1667,"Non Basis",-33781195.45,"Relatif Tertinggal"
kabupaten,16,1613,5,2023,0.1395,"Non Basis",39104012.25,"Potensial / Cepat Berkembang"
kabupaten,16,1613,6,2023,0.4212,"Non Basis",4848702186.66,"Potensial / Cepat Berkembang"
kabupaten,16,1613,7,2023,0.5111,"Non Basis",7403728654.31,"Potensial / Cepat Berkembang"
kabupaten,16,1613,8,2023,0.4733,"Non Basis",-2342626264.29,"Relatif Tertinggal"
kabupaten,16,1613,9,2023,0.154,"Non Basis",-613684638.6,"Relatif Tertinggal"
kabupaten,16,1613,10,2023,0.0867,"Non Basis",12545608.79,"Potensial / Cepat Berkembang"
kabupaten,16,1613,11,2023,0.2751,"Non Basis",-1002974978.34,"Relatif Tertinggal"
kabupaten,16,1613,12,2023,0.4256,"Non Basis",-222263751.12,"Relatif Tertinggal"
kabupaten,16,1613,13,2023,0.4357,"Non Basis",105568712.07,"Potensial / Cepat Berkembang"
kabupaten,16,1613,14,2023,0.741,"Non Basis",2510054389.4,"Potensial / Cepat Berkembang"
kabupaten,16,1613,15,2023,1.3381,Basis,13277153754.36,"Maju dan Tumbuh Cepat"
kabupaten,16,1613,16,2023,0.9808,"Non Basis",28107310.16,"Potensial / Cepat Berkembang"
kabupaten,16,1613,17,2023,1.0883,Basis,441837984.17,"Maju dan Tumbuh Cepat"
kabupaten,16,1613,1,2024,3.3626,Basis,124819162777.89,"Maju dan Tumbuh Cepat"
kabupaten,16,1613,2,2024,0.8997,"Non Basis",-34515585861.54,"Relatif Tertinggal"
kabupaten,16,1613,3,2024,0.3244,"Non Basis",804628918.73,"Potensial / Cepat Berkembang"
kabupaten,16,1613,4,2024,0.1652,"Non Basis",-18968745.76,"Relatif Tertinggal"
kabupaten,16,1613,5,2024,0.1363,"Non Basis",-25364734.17,"Relatif Tertinggal"
kabupaten,16,1613,6,2024,0.4139,"Non Basis",-6545384347.54,"Relatif Tertinggal"
kabupaten,16,1613,7,2024,0.503,"Non Basis",-8052782465.31,"Relatif Tertinggal"
kabupaten,16,1613,8,2024,0.4611,"Non Basis",-1836661490.12,"Relatif Tertinggal"
kabupaten,16,1613,9,2024,0.1549,"Non Basis",16290836.02,"Potensial / Cepat Berkembang"
kabupaten,16,1613,10,2024,0.0844,"Non Basis",-758598272.42,"Relatif Tertinggal"
kabupaten,16,1613,11,2024,0.2649,"Non Basis",-1721491725.67,"Relatif Tertinggal"
kabupaten,16,1613,12,2024,0.416,"Non Basis",-2566150911.99,"Relatif Tertinggal"
kabupaten,16,1613,13,2024,0.4382,"Non Basis",2849740.93,"Potensial / Cepat Berkembang"
kabupaten,16,1613,14,2024,0.694,"Non Basis",-10475609763.17,"Relatif Tertinggal"
kabupaten,16,1613,15,2024,1.309,Basis,-5878497802.97,"Maju tapi Tertekan"
kabupaten,16,1613,16,2024,0.9538,"Non Basis",-1461927904.64,"Relatif Tertinggal"
kabupaten,16,1613,17,2024,1.088,Basis,-282243431.28,"Maju tapi Tertekan"
kabupaten,16,1613,1,2025,3.4118,Basis,42111337120.74,"Maju dan Tumbuh Cepat"
kabupaten,16,1613,2,2025,0.8868,"Non Basis",-23563601447.08,"Relatif Tertinggal"
kabupaten,16,1613,3,2025,0.3209,"Non Basis",-5571591237.76,"Relatif Tertinggal"
kabupaten,16,1613,4,2025,0.1573,"Non Basis",-73533283.35,"Relatif Tertinggal"
kabupaten,16,1613,5,2025,0.1367,"Non Basis",-118703.03,"Relatif Tertinggal"
kabupaten,16,1613,6,2025,0.4027,"Non Basis",-9148947718.81,"Relatif Tertinggal"
kabupaten,16,1613,7,2025,0.5067,"Non Basis",1809930553.64,"Potensial / Cepat Berkembang"
kabupaten,16,1613,8,2025,0.45,"Non Basis",-1668163750.39,"Relatif Tertinggal"
kabupaten,16,1613,9,2025,0.1569,"Non Basis",190775865.27,"Potensial / Cepat Berkembang"
kabupaten,16,1613,10,2025,0.0846,"Non Basis",-31683436.65,"Relatif Tertinggal"
kabupaten,16,1613,11,2025,0.2569,"Non Basis",-1351036630.29,"Relatif Tertinggal"
kabupaten,16,1613,12,2025,0.4006,"Non Basis",-3925346403.46,"Relatif Tertinggal"
kabupaten,16,1613,13,2025,0.4239,"Non Basis",-112685483.06,"Relatif Tertinggal"
kabupaten,16,1613,14,2025,0.6622,"Non Basis",-7237590234.96,"Relatif Tertinggal"
kabupaten,16,1613,15,2025,1.273,Basis,-6834762460.65,"Maju tapi Tertekan"
kabupaten,16,1613,16,2025,0.9204,"Non Basis",-1762296027.91,"Relatif Tertinggal"
kabupaten,16,1613,17,2025,1.0688,Basis,-1182229526.3,"Maju tapi Tertekan"
kabupaten,16,1610,1,2022,1.4315,Basis,2164032005.02,"Maju dan Tumbuh Cepat"
kabupaten,16,1610,2,2022,0.3461,"Non Basis",-30945177093.81,"Relatif Tertinggal"
kabupaten,16,1610,3,2022,0.6111,"Non Basis",8139963230.18,"Potensial / Cepat Berkembang"
kabupaten,16,1610,4,2022,0.5422,"Non Basis",275399674.52,"Potensial / Cepat Berkembang"
kabupaten,16,1610,5,2022,0.3005,"Non Basis",22947800.23,"Potensial / Cepat Berkembang"
kabupaten,16,1610,6,2022,1.4207,Basis,32239923346.8,"Maju dan Tumbuh Cepat"
kabupaten,16,1610,7,2022,1.4691,Basis,-11242046673.58,"Maju tapi Tertekan"
kabupaten,16,1610,8,2022,0.6465,"Non Basis",-7344118274.49,"Relatif Tertinggal"
kabupaten,16,1610,9,2022,2.5327,Basis,-18446692438.01,"Maju tapi Tertekan"
kabupaten,16,1610,10,2022,0.117,"Non Basis",-1117304233.02,"Relatif Tertinggal"
kabupaten,16,1610,11,2022,0.6549,"Non Basis",1171022116.86,"Potensial / Cepat Berkembang"
kabupaten,16,1610,12,2022,0.9266,"Non Basis",2367446571.29,"Potensial / Cepat Berkembang"
kabupaten,16,1610,13,2022,1.1752,Basis,-228157091.31,"Maju tapi Tertekan"
kabupaten,16,1610,14,2022,3.68,Basis,2050915631.46,"Maju dan Tumbuh Cepat"
kabupaten,16,1610,15,2022,0.8747,"Non Basis",8899340399.6,"Potensial / Cepat Berkembang"
kabupaten,16,1610,16,2022,1.207,Basis,1048026823.44,"Maju dan Tumbuh Cepat"
kabupaten,16,1610,17,2022,0.6665,"Non Basis",-147213700.55,"Relatif Tertinggal"
kabupaten,16,1610,1,2023,1.4364,Basis,-419099834.12,"Maju tapi Tertekan"
kabupaten,16,1610,2,2023,0.3244,"Non Basis",-44766429885.36,"Relatif Tertinggal"
kabupaten,16,1610,3,2023,0.624,"Non Basis",16656793990.49,"Potensial / Cepat Berkembang"
kabupaten,16,1610,4,2023,0.5513,"Non Basis",75083738.26,"Potensial / Cepat Berkembang"
kabupaten,16,1610,5,2023,0.3093,"Non Basis",67216038.07,"Potensial / Cepat Berkembang"
kabupaten,16,1610,6,2023,1.4376,Basis,10705745854.17,"Maju dan Tumbuh Cepat"
kabupaten,16,1610,7,2023,1.5065,Basis,31518263637.62,"Maju dan Tumbuh Cepat"
kabupaten,16,1610,8,2023,0.6289,"Non Basis",-3370991634.63,"Relatif Tertinggal"
kabupaten,16,1610,9,2023,2.4446,Basis,-13602813312.74,"Maju tapi Tertekan"
kabupaten,16,1610,10,2023,0.115,"Non Basis",-858989023.04,"Relatif Tertinggal"
kabupaten,16,1610,11,2023,0.6362,"Non Basis",-4042575667.38,"Relatif Tertinggal"
kabupaten,16,1610,12,2023,0.9552,"Non Basis",7106342236.53,"Potensial / Cepat Berkembang"
kabupaten,16,1610,13,2023,1.1749,Basis,-40210384.36,"Maju tapi Tertekan"
kabupaten,16,1610,14,2023,3.6852,Basis,-2098112498.75,"Maju tapi Tertekan"
kabupaten,16,1610,15,2023,0.9269,"Non Basis",10435030969.79,"Potensial / Cepat Berkembang"
kabupaten,16,1610,16,2023,1.2118,Basis,23762456.64,"Maju dan Tumbuh Cepat"
kabupaten,16,1610,17,2023,0.6685,"Non Basis",-28292193.65,"Relatif Tertinggal"
kabupaten,16,1610,1,2024,1.4372,Basis,-2984949945.37,"Maju tapi Tertekan"
kabupaten,16,1610,2,2024,0.3144,"Non Basis",-21669276765.03,"Relatif Tertinggal"
kabupaten,16,1610,3,2024,0.6129,"Non Basis",-20240530547.75,"Relatif Tertinggal"
kabupaten,16,1610,4,2024,0.5379,"Non Basis",-165078474.83,"Relatif Tertinggal"
kabupaten,16,1610,5,2024,0.3069,"Non Basis",-27247144.96,"Relatif Tertinggal"
kabupaten,16,1610,6,2024,1.4527,Basis,11691544650.48,"Maju dan Tumbuh Cepat"
kabupaten,16,1610,7,2024,1.4911,Basis,-19484081710.22,"Maju tapi Tertekan"
kabupaten,16,1610,8,2024,0.6408,"Non Basis",1857199069.62,"Potensial / Cepat Berkembang"
kabupaten,16,1610,9,2024,2.4629,Basis,2029571012.47,"Maju dan Tumbuh Cepat"
kabupaten,16,1610,10,2024,0.116,"Non Basis",326549775.46,"Potensial / Cepat Berkembang"
kabupaten,16,1610,11,2024,0.6316,"Non Basis",-1223222934.81,"Relatif Tertinggal"
kabupaten,16,1610,12,2024,0.9411,"Non Basis",-4867500196.03,"Relatif Tertinggal"
kabupaten,16,1610,13,2024,1.163,Basis,-135077720.21,"Maju tapi Tertekan"
kabupaten,16,1610,14,2024,3.6586,Basis,-9766874691.38,"Maju tapi Tertekan"
kabupaten,16,1610,15,2024,0.9035,"Non Basis",-5736669561.97,"Relatif Tertinggal"
kabupaten,16,1610,16,2024,1.1778,Basis,-2313877656.36,"Maju tapi Tertekan"
kabupaten,16,1610,17,2024,0.6981,"Non Basis",1970320369.28,"Potensial / Cepat Berkembang"
kabupaten,16,1610,1,2025,1.4131,Basis,-54923397351.17,"Maju tapi Tertekan"
kabupaten,16,1610,2,2025,0.3067,"Non Basis",-21763040698.89,"Relatif Tertinggal"
kabupaten,16,1610,3,2025,0.6175,"Non Basis",-1682216762.82,"Relatif Tertinggal"
kabupaten,16,1610,4,2025,0.5462,"Non Basis",40475714.4,"Potensial / Cepat Berkembang"
kabupaten,16,1610,5,2025,0.2961,"Non Basis",-121390976.45,"Relatif Tertinggal"
kabupaten,16,1610,6,2025,1.4523,Basis,-13865141854.94,"Maju tapi Tertekan"
kabupaten,16,1610,7,2025,1.4992,Basis,-6253475818.11,"Maju tapi Tertekan"
kabupaten,16,1610,8,2025,0.6371,"Non Basis",-1743354732.71,"Relatif Tertinggal"
kabupaten,16,1610,9,2025,2.5472,Basis,10243184607.01,"Maju dan Tumbuh Cepat"
kabupaten,16,1610,10,2025,0.1161,"Non Basis",-400255436.31,"Relatif Tertinggal"
kabupaten,16,1610,11,2025,0.6214,"Non Basis",-3383836223.94,"Relatif Tertinggal"
kabupaten,16,1610,12,2025,0.9242,"Non Basis",-8273644458.06,"Relatif Tertinggal"
kabupaten,16,1610,13,2025,1.1698,Basis,-37810143.76,"Maju tapi Tertekan"
kabupaten,16,1610,14,2025,3.7711,Basis,23112569731.63,"Maju dan Tumbuh Cepat"
kabupaten,16,1610,15,2025,0.9036,"Non Basis",-1919765821.22,"Relatif Tertinggal"
kabupaten,16,1610,16,2025,1.1773,Basis,-743873121.31,"Maju tapi Tertekan"
kabupaten,16,1610,17,2025,0,"Non Basis",-50689418327.02,"Relatif Tertinggal"
kabupaten,16,1601,1,2025,1.4456,Basis,-6321204417.14,"Maju tapi Tertekan"
kabupaten,16,1601,2,2025,0.5517,"Non Basis",-68092586646.16,"Relatif Tertinggal"
kabupaten,16,1601,3,2025,0.9702,"Non Basis",36154788439.4,"Potensial / Cepat Berkembang"
kabupaten,16,1601,4,2025,0.6978,"Non Basis",118184203.95,"Potensial / Cepat Berkembang"
kabupaten,16,1601,5,2025,1.0469,Basis,-537641076.03,"Maju tapi Tertekan"
kabupaten,16,1601,6,2025,0.9427,"Non Basis",-40105925624.6,"Relatif Tertinggal"
kabupaten,16,1601,7,2025,1.3585,Basis,28194789680.68,"Maju dan Tumbuh Cepat"
kabupaten,16,1601,8,2025,0.8317,"Non Basis",-2480054391.01,"Relatif Tertinggal"
kabupaten,16,1601,9,2025,1.4808,Basis,6757858229.63,"Maju dan Tumbuh Cepat"
kabupaten,16,1601,10,2025,0.2727,"Non Basis",-8167173407.97,"Relatif Tertinggal"
kabupaten,16,1601,11,2025,1.1459,Basis,2025719374.15,"Maju dan Tumbuh Cepat"
kabupaten,16,1601,12,2025,1.4321,Basis,-26137539928.26,"Maju tapi Tertekan"
kabupaten,16,1601,13,2025,0.8975,"Non Basis",-22473861.47,"Relatif Tertinggal"
kabupaten,16,1601,14,2025,0.6809,"Non Basis",6586188020.82,"Potensial / Cepat Berkembang"
kabupaten,16,1601,15,2025,1.1458,Basis,6238982631.15,"Maju dan Tumbuh Cepat"
kabupaten,16,1601,16,2025,1.85,Basis,6180944377.35,"Maju dan Tumbuh Cepat"
kabupaten,16,1601,17,2025,1.1912,Basis,344285922.33,"Maju dan Tumbuh Cepat"
kabupaten,16,1601,1,2022,1.3721,Basis,5196275078.86,"Maju dan Tumbuh Cepat"
kabupaten,16,1601,2,2022,0.6018,"Non Basis",-33965245289.79,"Relatif Tertinggal"
kabupaten,16,1601,3,2022,0.9629,"Non Basis",49651072406.76,"Potensial / Cepat Berkembang"
kabupaten,16,1601,4,2022,0.7395,"Non Basis",182332471.76,"Potensial / Cepat Berkembang"
kabupaten,16,1601,5,2022,1.0852,Basis,-21478993.45,"Maju tapi Tertekan"
kabupaten,16,1601,6,2022,0.9921,"Non Basis",29255863421.51,"Potensial / Cepat Berkembang"
kabupaten,16,1601,7,2022,1.3298,Basis,-19076268228.79,"Maju tapi Tertekan"
kabupaten,16,1601,8,2022,0.849,"Non Basis",-7606356253.47,"Relatif Tertinggal"
kabupaten,16,1601,9,2022,1.5011,Basis,-2116243542.53,"Maju tapi Tertekan"
kabupaten,16,1601,10,2022,0.2986,"Non Basis",-746947408.65,"Relatif Tertinggal"
kabupaten,16,1601,11,2022,1.1716,Basis,4209861992.66,"Maju dan Tumbuh Cepat"
kabupaten,16,1601,12,2022,1.5417,Basis,2493005618.13,"Maju dan Tumbuh Cepat"
kabupaten,16,1601,13,2022,0.9228,"Non Basis",41262836.53,"Potensial / Cepat Berkembang"
kabupaten,16,1601,14,2022,0.6783,"Non Basis",-1219349366.4,"Relatif Tertinggal"
kabupaten,16,1601,15,2022,1.1025,Basis,5463121422.85,"Maju dan Tumbuh Cepat"
kabupaten,16,1601,16,2022,1.8218,Basis,2885577841.29,"Maju dan Tumbuh Cepat"
kabupaten,16,1601,17,2022,1.1819,Basis,3589034166.99,"Maju dan Tumbuh Cepat"
kabupaten,16,1601,1,2023,1.411,Basis,70796583488.99,"Maju dan Tumbuh Cepat"
kabupaten,16,1601,2,2023,0.5765,"Non Basis",-64815378892.3,"Relatif Tertinggal"
kabupaten,16,1601,3,2023,0.982,"Non Basis",39440494643.54,"Potensial / Cepat Berkembang"
kabupaten,16,1601,4,2023,0.7524,"Non Basis",180506675.47,"Potensial / Cepat Berkembang"
kabupaten,16,1601,5,2023,1.082,Basis,-33162486.67,"Maju tapi Tertekan"
kabupaten,16,1601,6,2023,0.9834,"Non Basis",-10197499386.04,"Relatif Tertinggal"
kabupaten,16,1601,7,2023,1.3329,Basis,4496448532.87,"Maju dan Tumbuh Cepat"
kabupaten,16,1601,8,2023,0.8139,"Non Basis",-7786534063.72,"Relatif Tertinggal"
kabupaten,16,1601,9,2023,1.4789,Basis,-4008595946.32,"Maju tapi Tertekan"
kabupaten,16,1601,10,2023,0.2957,"Non Basis",-1332172255.12,"Relatif Tertinggal"
kabupaten,16,1601,11,2023,1.1593,Basis,-3031440918.17,"Maju tapi Tertekan"
kabupaten,16,1601,12,2023,1.5558,Basis,5338602382.65,"Maju dan Tumbuh Cepat"
kabupaten,16,1601,13,2023,0.9339,"Non Basis",133899662.85,"Potensial / Cepat Berkembang"
kabupaten,16,1601,14,2023,0.6835,"Non Basis",1833466532.71,"Potensial / Cepat Berkembang"
kabupaten,16,1601,15,2023,1.1404,Basis,10685855748.34,"Maju dan Tumbuh Cepat"
kabupaten,16,1601,16,2023,1.8224,Basis,77196549.94,"Maju dan Tumbuh Cepat"
kabupaten,16,1601,17,2023,1.1917,Basis,887257565.84,"Maju dan Tumbuh Cepat"
kabupaten,16,1601,1,2024,1.4535,Basis,79824619810.76,"Maju dan Tumbuh Cepat"
kabupaten,16,1601,2,2024,0.5783,"Non Basis",5373134550.3,"Potensial / Cepat Berkembang"
kabupaten,16,1601,3,2024,0.9573,"Non Basis",-52193048003.64,"Relatif Tertinggal"
kabupaten,16,1601,4,2024,0.6927,"Non Basis",-888052376.86,"Relatif Tertinggal"
kabupaten,16,1601,5,2024,1.0957,Basis,164893721.65,"Maju dan Tumbuh Cepat"
kabupaten,16,1601,6,2024,0.9756,"Non Basis",-9393250112.01,"Relatif Tertinggal"
kabupaten,16,1601,7,2024,1.3442,Basis,16184593642.63,"Maju dan Tumbuh Cepat"
kabupaten,16,1601,8,2024,0.8447,"Non Basis",7180594912.19,"Potensial / Cepat Berkembang"
kabupaten,16,1601,9,2024,1.455,Basis,-4708049241.72,"Maju tapi Tertekan"
kabupaten,16,1601,10,2024,0.2888,"Non Basis",-3393158372.55,"Relatif Tertinggal"
kabupaten,16,1601,11,2024,1.1425,Basis,-4437814526.53,"Maju tapi Tertekan"
kabupaten,16,1601,12,2024,1.4975,Basis,-23046674482.66,"Maju tapi Tertekan"
kabupaten,16,1601,13,2024,0.9021,"Non Basis",-389430051.81,"Relatif Tertinggal"
kabupaten,16,1601,14,2024,0.6662,"Non Basis",-6408783164.61,"Relatif Tertinggal"
kabupaten,16,1601,15,2024,1.1296,Basis,-3111992429.26,"Maju tapi Tertekan"
kabupaten,16,1601,16,2024,1.7861,Basis,-2974383180.15,"Maju tapi Tertekan"
kabupaten,16,1601,17,2024,1.1915,Basis,16217526.69,"Maju dan Tumbuh Cepat"
kabupaten,16,1602,1,2022,3.1431,Basis,-58808842092.75,"Maju tapi Tertekan"
kabupaten,16,1602,2,2022,0.0434,"Non Basis",-9248616218.1,"Relatif Tertinggal"
kabupaten,16,1602,3,2022,0.9729,"Non Basis",3087132722099,"Potensial / Cepat Berkembang"
kabupaten,16,1602,4,2022,0.2394,"Non Basis",94887995.4,"Potensial / Cepat Berkembang"
kabupaten,16,1602,5,2022,0.1425,"Non Basis",176113650.13,"Potensial / Cepat Berkembang"
kabupaten,16,1602,6,2022,0.8942,"Non Basis",206604496224.06,"Potensial / Cepat Berkembang"
kabupaten,16,1602,7,2022,0.8217,"Non Basis",-6352525400.14,"Relatif Tertinggal"
kabupaten,16,1602,8,2022,0.2417,"Non Basis",-7529008513,"Relatif Tertinggal"
kabupaten,16,1602,9,2022,0.4341,"Non Basis",-7986224362.15,"Relatif Tertinggal"
kabupaten,16,1602,10,2022,0.1472,"Non Basis",2495232613.35,"Potensial / Cepat Berkembang"
kabupaten,16,1602,11,2022,0.3723,"Non Basis",2455466320.28,"Potensial / Cepat Berkembang"
kabupaten,16,1602,12,2022,0.4451,"Non Basis",8793781377.63,"Potensial / Cepat Berkembang"
kabupaten,16,1602,13,2022,0.5364,"Non Basis",-8950874.27,"Relatif Tertinggal"
kabupaten,16,1602,14,2022,1.247,Basis,-9854378068.82,"Maju tapi Tertekan"
kabupaten,16,1602,15,2022,0.5594,"Non Basis",15660995855.44,"Potensial / Cepat Berkembang"
kabupaten,16,1602,16,2022,0.2112,"Non Basis",1527871290.84,"Potensial / Cepat Berkembang"
kabupaten,16,1602,17,2022,0.6277,"Non Basis",2698180303.99,"Potensial / Cepat Berkembang"
kabupaten,16,1602,1,2023,3.1692,Basis,137154028274.59,"Maju dan Tumbuh Cepat"
kabupaten,16,1602,2,2023,0.0408,"Non Basis",-14754353490.42,"Relatif Tertinggal"
kabupaten,16,1602,3,2023,1.006,Basis,168032546055.68,"Maju dan Tumbuh Cepat"
kabupaten,16,1602,4,2023,0.2415,"Non Basis",81615322.92,"Potensial / Cepat Berkembang"
kabupaten,16,1602,5,2023,0.1496,"Non Basis",195946722.1,"Potensial / Cepat Berkembang"
kabupaten,16,1602,6,2023,0.9224,"Non Basis",84164001262.38,"Potensial / Cepat Berkembang"
kabupaten,16,1602,7,2023,0.8363,"Non Basis",48914698413.48,"Potensial / Cepat Berkembang"
kabupaten,16,1602,8,2023,0.2359,"Non Basis",-2815359611.93,"Relatif Tertinggal"
kabupaten,16,1602,9,2023,0.4281,"Non Basis",-2235977739.38,"Relatif Tertinggal"
kabupaten,16,1602,10,2023,0.1491,"Non Basis",2362887428.34,"Potensial / Cepat Berkembang"
kabupaten,16,1602,11,2023,0.3833,"Non Basis",6929935215.11,"Potensial / Cepat Berkembang"
kabupaten,16,1602,12,2023,0.4607,"Non Basis",14287831254.01,"Potensial / Cepat Berkembang"
kabupaten,16,1602,13,2023,0.5392,"Non Basis",105502360.08,"Potensial / Cepat Berkembang"
kabupaten,16,1602,14,2023,1.2622,Basis,14199592478.91,"Maju dan Tumbuh Cepat"
kabupaten,16,1602,15,2023,0.5928,"Non Basis",22701481553.81,"Potensial / Cepat Berkembang"
kabupaten,16,1602,16,2023,0.2109,"Non Basis",7392975.87,"Potensial / Cepat Berkembang"
kabupaten,16,1602,17,2023,0.6536,"Non Basis",5619060030.63,"Potensial / Cepat Berkembang"
kabupaten,16,1602,1,2024,3.1997,Basis,146585058102.17,"Maju dan Tumbuh Cepat"
kabupaten,16,1602,2,2024,0.0411,"Non Basis",1940607833.16,"Potensial / Cepat Berkembang"
kabupaten,16,1602,3,2024,1.0335,Basis,143173693714.57,"Maju dan Tumbuh Cepat"
kabupaten,16,1602,4,2024,0.2393,"Non Basis",-69256863.72,"Relatif Tertinggal"
kabupaten,16,1602,5,2024,0.1489,"Non Basis",-15294246.22,"Relatif Tertinggal"
kabupaten,16,1602,6,2024,0.9463,"Non Basis",73712640184.07,"Potensial / Cepat Berkembang"
kabupaten,16,1602,7,2024,0.8343,"Non Basis",-3766374895.05,"Relatif Tertinggal"
kabupaten,16,1602,8,2024,0.2406,"Non Basis",2660090777.93,"Potensial / Cepat Berkembang"
kabupaten,16,1602,9,2024,0.4136,"Non Basis",-6667037885.27,"Relatif Tertinggal"
kabupaten,16,1602,10,2024,0.1444,"Non Basis",-5344413287.78,"Relatif Tertinggal"
kabupaten,16,1602,11,2024,0.3695,"Non Basis",-8514748004.72,"Relatif Tertinggal"
kabupaten,16,1602,12,2024,0.4413,"Non Basis",-17814111796.59,"Relatif Tertinggal"
kabupaten,16,1602,13,2024,0.5259,"Non Basis",-372020725.39,"Relatif Tertinggal"
kabupaten,16,1602,14,2024,1.1976,Basis,-55938484858.64,"Maju tapi Tertekan"
kabupaten,16,1602,15,2024,0.5661,"Non Basis",-18347356904.53,"Relatif Tertinggal"
kabupaten,16,1602,16,2024,0.1998,"Non Basis",-2127278038.08,"Relatif Tertinggal"
kabupaten,16,1602,17,2024,0.6285,"Non Basis",-5281605125.91,"Relatif Tertinggal"
kabupaten,16,1602,1,2025,3.1636,Basis,-182887830499.66,"Maju tapi Tertekan"
kabupaten,16,1602,2,2025,0.0421,"Non Basis",5916820830.2,"Potensial / Cepat Berkembang"
kabupaten,16,1602,3,2025,1.0346,Basis,-162679808.8,"Maju tapi Tertekan"
kabupaten,16,1602,4,2025,0.2375,"Non Basis",-77705573.61,"Relatif Tertinggal"
kabupaten,16,1602,5,2025,0.151,"Non Basis",52856042.7,"Potensial / Cepat Berkembang"
kabupaten,16,1602,6,2025,0.9522,"Non Basis",15170624261.91,"Potensial / Cepat Berkembang"
kabupaten,16,1602,7,2025,0.8436,"Non Basis",29474851942.93,"Potensial / Cepat Berkembang"
kabupaten,16,1602,8,2025,0.233,"Non Basis",-4458180707.11,"Relatif Tertinggal"
kabupaten,16,1602,9,2025,0.4239,"Non Basis",5109182726.8,"Potensial / Cepat Berkembang"
kabupaten,16,1602,10,2025,0.1425,"Non Basis",-2643298012.53,"Relatif Tertinggal"
kabupaten,16,1602,11,2025,0.3758,"Non Basis",3924983943.18,"Potensial / Cepat Berkembang"
kabupaten,16,1602,12,2025,0.4402,"Non Basis",-1632226956.19,"Relatif Tertinggal"
kabupaten,16,1602,13,2025,0.5091,"Non Basis",-534812003.62,"Relatif Tertinggal"
kabupaten,16,1602,14,2025,1.1985,Basis,-362782785.65,"Maju tapi Tertekan"
kabupaten,16,1602,15,2025,0.5516,"Non Basis",-11131341752.45,"Relatif Tertinggal"
kabupaten,16,1602,16,2025,0.191,"Non Basis",-1871148684.92,"Relatif Tertinggal"
kabupaten,16,1602,17,2025,0.6373,"Non Basis",1827581290.28,"Potensial / Cepat Berkembang"
kabupaten,16,1609,1,2022,2.0962,Basis,-34566025.32,"Maju tapi Tertekan"
kabupaten,16,1609,2,2022,0.0866,"Non Basis",635767.1,"Potensial / Cepat Berkembang"
kabupaten,16,1609,3,2022,0.4024,"Non Basis",1527566,"Potensial / Cepat Berkembang"
kabupaten,16,1609,4,2022,0.5318,"Non Basis",151553.16,"Potensial / Cepat Berkembang"
kabupaten,16,1609,5,2022,0.3066,"Non Basis",-5086.6,"Relatif Tertinggal"
kabupaten,16,1609,6,2022,1.503,Basis,49723760.14,"Maju dan Tumbuh Cepat"
kabupaten,16,1609,7,2022,1.6642,Basis,-20981273.46,"Maju tapi Tertekan"
kabupaten,16,1609,8,2022,0.4022,"Non Basis",-2117869.97,"Relatif Tertinggal"
kabupaten,16,1609,9,2022,0.6191,"Non Basis",-2136240.63,"Relatif Tertinggal"
kabupaten,16,1609,10,2022,0.1801,"Non Basis",-78179.43,"Relatif Tertinggal"
kabupaten,16,1609,11,2022,0.3907,"Non Basis",563444.64,"Potensial / Cepat Berkembang"
kabupaten,16,1609,12,2022,1.6518,Basis,2265006.45,"Maju dan Tumbuh Cepat"
kabupaten,16,1609,13,2022,0.2214,"Non Basis",-26595.93,"Relatif Tertinggal"
kabupaten,16,1609,14,2022,1.7682,Basis,1561930.46,"Maju dan Tumbuh Cepat"
kabupaten,16,1609,15,2022,1.683,Basis,4717762.33,"Maju dan Tumbuh Cepat"
kabupaten,16,1609,16,2022,1.7509,Basis,-805512.42,"Maju tapi Tertekan"
kabupaten,16,1609,17,2022,1.1762,Basis,2082565.43,"Maju dan Tumbuh Cepat"
kabupaten,16,1609,1,2023,2.0816,Basis,-34515889.98,"Maju tapi Tertekan"
kabupaten,16,1609,2,2023,0.0823,"Non Basis",-7540523.78,"Relatif Tertinggal"
kabupaten,16,1609,3,2023,0.4235,"Non Basis",20930715.53,"Potensial / Cepat Berkembang"
kabupaten,16,1609,4,2023,0.5387,"Non Basis",18249.35,"Potensial / Cepat Berkembang"
kabupaten,16,1609,5,2023,0.3158,"Non Basis",43639.71,"Potensial / Cepat Berkembang"
kabupaten,16,1609,6,2023,1.5494,Basis,23163185.24,"Maju dan Tumbuh Cepat"
kabupaten,16,1609,7,2023,1.6994,Basis,15550456.22,"Maju dan Tumbuh Cepat"
kabupaten,16,1609,8,2023,0.3933,"Non Basis",-1599362.98,"Relatif Tertinggal"
kabupaten,16,1609,9,2023,0.6138,"Non Basis",-1134550.75,"Relatif Tertinggal"
kabupaten,16,1609,10,2023,0.1825,"Non Basis",213686.15,"Potensial / Cepat Berkembang"
kabupaten,16,1609,11,2023,0.3903,"Non Basis",-562164.24,"Relatif Tertinggal"
kabupaten,16,1609,12,2023,1.6902,Basis,5156588.4,"Maju dan Tumbuh Cepat"
kabupaten,16,1609,13,2023,0.2289,"Non Basis",37564.44,"Potensial / Cepat Berkembang"
kabupaten,16,1609,14,2023,1.7656,Basis,-3602009.74,"Maju tapi Tertekan"
kabupaten,16,1609,15,2023,1.6761,Basis,-3513602.11,"Maju tapi Tertekan"
kabupaten,16,1609,16,2023,1.7526,Basis,-610144.39,"Maju tapi Tertekan"
kabupaten,16,1609,17,2023,1.2425,Basis,2871856.46,"Maju dan Tumbuh Cepat"
kabupaten,16,1609,1,2024,2.0726,Basis,-19062415.49,"Maju tapi Tertekan"
kabupaten,16,1609,2,2024,0.0817,"Non Basis",-1496551.29,"Relatif Tertinggal"
kabupaten,16,1609,3,2024,0.4098,"Non Basis",-19185569.75,"Relatif Tertinggal"
kabupaten,16,1609,4,2024,0.5368,"Non Basis",-36426.15,"Relatif Tertinggal"
kabupaten,16,1609,5,2024,0.3062,"Non Basis",-74177.5,"Relatif Tertinggal"
kabupaten,16,1609,6,2024,1.576,Basis,14702087.41,"Maju dan Tumbuh Cepat"
kabupaten,16,1609,7,2024,1.7233,Basis,13365928.67,"Maju dan Tumbuh Cepat"
kabupaten,16,1609,8,2024,0.389,"Non Basis",-802009.73,"Relatif Tertinggal"
kabupaten,16,1609,9,2024,0.6048,"Non Basis",-1351569.26,"Relatif Tertinggal"
kabupaten,16,1609,10,2024,0.1776,"Non Basis",-1664339.73,"Relatif Tertinggal"
kabupaten,16,1609,11,2024,0.3778,"Non Basis",-2213056.44,"Relatif Tertinggal"
kabupaten,16,1609,12,2024,1.6299,Basis,-15590704.99,"Maju tapi Tertekan"
kabupaten,16,1609,13,2024,0.2211,"Non Basis",-62289.64,"Relatif Tertinggal"
kabupaten,16,1609,14,2024,1.7194,Basis,-11653488.98,"Maju tapi Tertekan"
kabupaten,16,1609,15,2024,1.6591,Basis,-4168051.48,"Maju tapi Tertekan"
kabupaten,16,1609,16,2024,1.7964,Basis,1757005.53,"Maju dan Tumbuh Cepat"
kabupaten,16,1609,17,2024,1.2874,Basis,2110971.25,"Maju dan Tumbuh Cepat"
kabupaten,16,1609,1,2025,2.0426,Basis,-37917905.57,"Maju tapi Tertekan"
kabupaten,16,1609,2,2025,0.0822,"Non Basis",635582.57,"Potensial / Cepat Berkembang"
kabupaten,16,1609,3,2025,0.4121,"Non Basis",1994732.38,"Potensial / Cepat Berkembang"
kabupaten,16,1609,4,2025,0.5536,"Non Basis",146176.02,"Potensial / Cepat Berkembang"
kabupaten,16,1609,5,2025,0.3037,"Non Basis",-20700.14,"Relatif Tertinggal"
kabupaten,16,1609,6,2025,1.5684,Basis,-7993985.11,"Maju tapi Tertekan"
kabupaten,16,1609,7,2025,1.7147,Basis,-9978599.05,"Maju tapi Tertekan"
kabupaten,16,1609,8,2025,0.3864,"Non Basis",-461075.26,"Relatif Tertinggal"
kabupaten,16,1609,9,2025,0.6091,"Non Basis",414801.26,"Potensial / Cepat Berkembang"
kabupaten,16,1609,10,2025,0.1776,"Non Basis",-76011.37,"Relatif Tertinggal"
kabupaten,16,1609,11,2025,0.3818,"Non Basis",558638.62,"Potensial / Cepat Berkembang"
kabupaten,16,1609,12,2025,1.6209,Basis,-2927891.7,"Maju tapi Tertekan"
kabupaten,16,1609,13,2025,0.2202,"Non Basis",-10140.15,"Relatif Tertinggal"
kabupaten,16,1609,14,2025,1.6839,Basis,-8615821.36,"Maju tapi Tertekan"
kabupaten,16,1609,15,2025,1.6562,Basis,-1032947.48,"Maju tapi Tertekan"
kabupaten,16,1609,16,2025,1.7433,Basis,-2863274.4,"Maju tapi Tertekan"
kabupaten,16,1609,17,2025,1.2954,Basis,319868.67,"Maju dan Tumbuh Cepat"
kabupaten,16,1608,1,2022,2.3618,Basis,-14798410476.03,"Maju tapi Tertekan"
kabupaten,16,1608,2,2022,0.1025,"Non Basis",-9219968529.95,"Relatif Tertinggal"
kabupaten,16,1608,3,2022,0.4363,"Non Basis",28899565996.64,"Potensial / Cepat Berkembang"
kabupaten,16,1608,4,2022,0.5063,"Non Basis",40581562.32,"Potensial / Cepat Berkembang"
kabupaten,16,1608,5,2022,0.1453,"Non Basis",119450195.47,"Potensial / Cepat Berkembang"
kabupaten,16,1608,6,2022,1.4739,Basis,54849995926.01,"Maju dan Tumbuh Cepat"
kabupaten,16,1608,7,2022,1.3135,Basis,-24727358131.41,"Maju tapi Tertekan"
kabupaten,16,1608,8,2022,0.6144,"Non Basis",-4713296495,"Relatif Tertinggal"
kabupaten,16,1608,9,2022,0.9167,"Non Basis",-5675081878.71,"Relatif Tertinggal"
kabupaten,16,1608,10,2022,0.361,"Non Basis",1612123782.5,"Potensial / Cepat Berkembang"
kabupaten,16,1608,11,2022,0.3866,"Non Basis",1228415559.71,"Potensial / Cepat Berkembang"
kabupaten,16,1608,12,2022,0.8941,"Non Basis",10422682742,"Potensial / Cepat Berkembang"
kabupaten,16,1608,13,2022,0.3648,"Non Basis",37604773.8,"Potensial / Cepat Berkembang"
kabupaten,16,1608,14,2022,2.5065,Basis,27987361638.76,"Maju dan Tumbuh Cepat"
kabupaten,16,1608,15,2022,0.8253,"Non Basis",9155700395.88,"Potensial / Cepat Berkembang"
kabupaten,16,1608,16,2022,1.4892,Basis,469106510.45,"Maju dan Tumbuh Cepat"
kabupaten,16,1608,17,2022,1.0538,Basis,4300494766.54,"Maju dan Tumbuh Cepat"
kabupaten,16,1608,1,2023,2.3821,Basis,36511404679.31,"Maju dan Tumbuh Cepat"
kabupaten,16,1608,2,2023,0.097,"Non Basis",-14784287594.64,"Relatif Tertinggal"
kabupaten,16,1608,3,2023,0.455,"Non Basis",39469536935.61,"Potensial / Cepat Berkembang"
kabupaten,16,1608,4,2023,0.5142,"Non Basis",110976553.29,"Potensial / Cepat Berkembang"
kabupaten,16,1608,5,2023,0.1452,"Non Basis",-1834641.58,"Relatif Tertinggal"
kabupaten,16,1608,6,2023,1.4919,Basis,21647327935.53,"Maju dan Tumbuh Cepat"
kabupaten,16,1608,7,2023,1.3251,Basis,14907447384.94,"Maju dan Tumbuh Cepat"
kabupaten,16,1608,8,2023,0.5974,"Non Basis",-4001228075.96,"Relatif Tertinggal"
kabupaten,16,1608,9,2023,0.923,"Non Basis",1124964528.83,"Potensial / Cepat Berkembang"
kabupaten,16,1608,10,2023,0.3622,"Non Basis",522605934.93,"Potensial / Cepat Berkembang"
kabupaten,16,1608,11,2023,0.3901,"Non Basis",900361178.65,"Potensial / Cepat Berkembang"
kabupaten,16,1608,12,2023,0.9407,"Non Basis",17742855139.38,"Potensial / Cepat Berkembang"
kabupaten,16,1608,13,2023,0.374,"Non Basis",111041402.56,"Potensial / Cepat Berkembang"
kabupaten,16,1608,14,2023,2.5355,Basis,10013090825.7,"Maju dan Tumbuh Cepat"
kabupaten,16,1608,15,2023,0.8278,"Non Basis",628877264.26,"Potensial / Cepat Berkembang"
kabupaten,16,1608,16,2023,1.4904,Basis,53146735.37,"Maju dan Tumbuh Cepat"
kabupaten,16,1608,17,2023,1.1325,Basis,7190111375.55,"Maju dan Tumbuh Cepat"
kabupaten,16,1608,1,2024,2.4085,Basis,55323743207.31,"Maju dan Tumbuh Cepat"
kabupaten,16,1608,2,2024,0.0935,"Non Basis",-9479530440.03,"Relatif Tertinggal"
kabupaten,16,1608,3,2024,0.4411,"Non Basis",-30017260553.94,"Relatif Tertinggal"
kabupaten,16,1608,4,2024,0.5097,"Non Basis",-61503912.43,"Relatif Tertinggal"
kabupaten,16,1608,5,2024,0.1426,"Non Basis",-29576525.87,"Relatif Tertinggal"
kabupaten,16,1608,6,2024,1.4962,Basis,7619950878.53,"Maju dan Tumbuh Cepat"
kabupaten,16,1608,7,2024,1.3379,Basis,20336647416.18,"Maju dan Tumbuh Cepat"
kabupaten,16,1608,8,2024,0.5619,"Non Basis",-8377967765.88,"Relatif Tertinggal"
kabupaten,16,1608,9,2024,0.9158,"Non Basis",-1310264476.34,"Relatif Tertinggal"
kabupaten,16,1608,10,2024,0.3623,"Non Basis",258088753.52,"Potensial / Cepat Berkembang"
kabupaten,16,1608,11,2024,0.3874,"Non Basis",-673583425.41,"Relatif Tertinggal"
kabupaten,16,1608,12,2024,0.8834,"Non Basis",-23455477142.63,"Relatif Tertinggal"
kabupaten,16,1608,13,2024,0.3832,"Non Basis",122694300.52,"Potensial / Cepat Berkembang"
kabupaten,16,1608,14,2024,2.5021,Basis,-12061384616.64,"Maju tapi Tertekan"
kabupaten,16,1608,15,2024,0.8535,"Non Basis",8248290896,"Potensial / Cepat Berkembang"
kabupaten,16,1608,16,2024,1.4735,Basis,-1344153585.76,"Maju tapi Tertekan"
kabupaten,16,1608,17,2024,1.1631,Basis,3034448531.1,"Maju dan Tumbuh Cepat"
kabupaten,16,1608,1,2025,2.425,Basis,54591741397.24,"Maju dan Tumbuh Cepat"
kabupaten,16,1608,2,2025,0.0943,"Non Basis",3438047202.88,"Potensial / Cepat Berkembang"
kabupaten,16,1608,3,2025,0.4415,"Non Basis",5152687092.58,"Potensial / Cepat Berkembang"
kabupaten,16,1608,4,2025,0.4971,"Non Basis",-175381571.27,"Relatif Tertinggal"
kabupaten,16,1608,5,2025,0.1372,"Non Basis",-60007435.54,"Relatif Tertinggal"
kabupaten,16,1608,6,2025,1.4752,Basis,-20660067406.6,"Maju tapi Tertekan"
kabupaten,16,1608,7,2025,1.3141,Basis,-28660142484.78,"Maju tapi Tertekan"
kabupaten,16,1608,8,2025,0.5514,"Non Basis",-2058018788.64,"Relatif Tertinggal"
kabupaten,16,1608,9,2025,0.9265,"Non Basis",3355558574.13,"Potensial / Cepat Berkembang"
kabupaten,16,1608,10,2025,0.3608,"Non Basis",-19018953.06,"Relatif Tertinggal"
kabupaten,16,1608,11,2025,0.3776,"Non Basis",-2416434049.44,"Relatif Tertinggal"
kabupaten,16,1608,12,2025,0.8421,"Non Basis",-16888583908.97,"Relatif Tertinggal"
kabupaten,16,1608,13,2025,0.364,"Non Basis",-241828189.4,"Relatif Tertinggal"
kabupaten,16,1608,14,2025,2.4856,Basis,-2453731142.44,"Maju tapi Tertekan"
kabupaten,16,1608,15,2025,0.8181,"Non Basis",-10366628108.53,"Relatif Tertinggal"
kabupaten,16,1608,16,2025,1.4521,Basis,-1400630703.17,"Maju tapi Tertekan"
kabupaten,16,1608,17,2025,1.1248,Basis,-3349629727.47,"Maju tapi Tertekan"
kabupaten,16,1673,1,2022,0.3271,"Non Basis",-8552638144.25,"Relatif Tertinggal"
kabupaten,16,1673,2,2022,0.0773,"Non Basis",-1550129398.94,"Relatif Tertinggal"
kabupaten,16,1673,3,2022,0.3605,"Non Basis",4875493668.47,"Potensial / Cepat Berkembang"
kabupaten,16,1673,4,2022,1.0007,Basis,250582040.97,"Maju dan Tumbuh Cepat"
kabupaten,16,1673,5,2022,2.0552,Basis,425440504.38,"Maju dan Tumbuh Cepat"
kabupaten,16,1673,6,2022,2.0196,Basis,5795588446.23,"Maju dan Tumbuh Cepat"
kabupaten,16,1673,7,2022,1.5914,Basis,-18867602964.9,"Maju tapi Tertekan"
kabupaten,16,1673,8,2022,3.3009,Basis,-8092748072.69,"Maju tapi Tertekan"
kabupaten,16,1673,9,2022,2.6166,Basis,-2001217164.03,"Maju tapi Tertekan"
kabupaten,16,1673,10,2022,0.5175,"Non Basis",-698146991.72,"Relatif Tertinggal"
kabupaten,16,1673,11,2022,2.3881,Basis,2564577269.09,"Maju dan Tumbuh Cepat"
kabupaten,16,1673,12,2022,3.0238,Basis,-1162140460.74,"Maju tapi Tertekan"
kabupaten,16,1673,13,2022,10.6872,Basis,1081534832.08,"Maju dan Tumbuh Cepat"
kabupaten,16,1673,14,2022,0.9546,"Non Basis",-5026107211.57,"Relatif Tertinggal"
kabupaten,16,1673,15,2022,2.3311,Basis,-6172982818.07,"Maju tapi Tertekan"
kabupaten,16,1673,16,2022,3.347,Basis,-761110893.53,"Maju tapi Tertekan"
kabupaten,16,1673,17,2022,7.0653,Basis,11483790801,"Maju dan Tumbuh Cepat"
kabupaten,16,1673,1,2023,0.3236,"Non Basis",-4362235001.03,"Relatif Tertinggal"
kabupaten,16,1673,2,2023,0.0712,"Non Basis",-7316188243.1,"Relatif Tertinggal"
kabupaten,16,1673,3,2023,0.3675,"Non Basis",4229003957.03,"Potensial / Cepat Berkembang"
kabupaten,16,1673,4,2023,0.9988,"Non Basis",-48253998.21,"Relatif Tertinggal"
kabupaten,16,1673,5,2023,2.1424,Basis,369098815.74,"Maju dan Tumbuh Cepat"
kabupaten,16,1673,6,2023,1.9972,Basis,-18087621523.33,"Maju tapi Tertekan"
kabupaten,16,1673,7,2023,1.5957,Basis,-3074586356.62,"Maju tapi Tertekan"
kabupaten,16,1673,8,2023,3.3295,Basis,805215899.15,"Maju dan Tumbuh Cepat"
kabupaten,16,1673,9,2023,2.6086,Basis,-1927862275.78,"Maju tapi Tertekan"
kabupaten,16,1673,10,2023,0.5207,"Non Basis",5354715.98,"Potensial / Cepat Berkembang"
kabupaten,16,1673,11,2023,2.3568,Basis,-5031414820.85,"Maju tapi Tertekan"
kabupaten,16,1673,12,2023,3.0532,Basis,1742970561.16,"Maju dan Tumbuh Cepat"
kabupaten,16,1673,13,2023,10.9984,Basis,1255484288.6,"Maju dan Tumbuh Cepat"
kabupaten,16,1673,14,2023,0.9282,"Non Basis",-4804962058.06,"Relatif Tertinggal"
kabupaten,16,1673,15,2023,2.3996,Basis,6592443428.33,"Maju dan Tumbuh Cepat"
kabupaten,16,1673,16,2023,3.3685,Basis,31850564.27,"Maju dan Tumbuh Cepat"
kabupaten,16,1673,17,2023,7.4796,Basis,14220805621.27,"Maju dan Tumbuh Cepat"
kabupaten,16,1673,1,2024,0.3305,"Non Basis",4522755702.66,"Potensial / Cepat Berkembang"
kabupaten,16,1673,2,2024,0.0715,"Non Basis",4906763.31,"Potensial / Cepat Berkembang"
kabupaten,16,1673,3,2024,0.3577,"Non Basis",-10303729220.16,"Relatif Tertinggal"
kabupaten,16,1673,4,2024,0.9621,"Non Basis",-262238907.23,"Relatif Tertinggal"
kabupaten,16,1673,5,2024,2.0332,Basis,-595529752.47,"Maju tapi Tertekan"
kabupaten,16,1673,6,2024,1.9657,Basis,-21533341661.53,"Maju tapi Tertekan"
kabupaten,16,1673,7,2024,1.5996,Basis,-1343215037.45,"Maju tapi Tertekan"
kabupaten,16,1673,8,2024,3.3357,Basis,-663887600.57,"Maju tapi Tertekan"
kabupaten,16,1673,9,2024,2.7086,Basis,7829110935.95,"Maju dan Tumbuh Cepat"
kabupaten,16,1673,10,2024,0.4927,"Non Basis",-6560806689.01,"Relatif Tertinggal"
kabupaten,16,1673,11,2024,2.2589,Basis,-12502777855.28,"Maju tapi Tertekan"
kabupaten,16,1673,12,2024,2.9118,Basis,-26471502315.71,"Maju tapi Tertekan"
kabupaten,16,1673,13,2024,11.3295,Basis,1546010362.69,"Maju dan Tumbuh Cepat"
kabupaten,16,1673,14,2024,0.8943,"Non Basis",-6096574401.17,"Relatif Tertinggal"
kabupaten,16,1673,15,2024,2.3693,Basis,-5123825690.76,"Maju tapi Tertekan"
kabupaten,16,1673,16,2024,3.2424,Basis,-5026993265.82,"Maju tapi Tertekan"
kabupaten,16,1673,17,2024,7.5546,Basis,1830518303.54,"Maju dan Tumbuh Cepat"
kabupaten,16,1673,1,2025,0.3158,"Non Basis",-13494553369.58,"Relatif Tertinggal"
kabupaten,16,1673,2,2025,0.0694,"Non Basis",-2805270674.29,"Relatif Tertinggal"
kabupaten,16,1673,3,2025,0.3641,"Non Basis",4744468168.33,"Potensial / Cepat Berkembang"
kabupaten,16,1673,4,2025,0.9095,"Non Basis",-387777222.36,"Relatif Tertinggal"
kabupaten,16,1673,5,2025,2.0042,Basis,-188549804.82,"Maju tapi Tertekan"
kabupaten,16,1673,6,2025,1.9295,Basis,-25411695019.81,"Maju tapi Tertekan"
kabupaten,16,1673,7,2025,1.612,Basis,3986975214.83,"Maju dan Tumbuh Cepat"
kabupaten,16,1673,8,2025,3.3676,Basis,1974007438.29,"Maju dan Tumbuh Cepat"
kabupaten,16,1673,9,2025,2.7161,Basis,-291012159.52,"Maju tapi Tertekan"
kabupaten,16,1673,10,2025,0.4816,"Non Basis",-3010001566.98,"Relatif Tertinggal"
kabupaten,16,1673,11,2025,2.2502,Basis,-2123446374.85,"Maju tapi Tertekan"
kabupaten,16,1673,12,2025,2.7812,Basis,-26322934307.98,"Maju tapi Tertekan"
kabupaten,16,1673,13,2025,11.0048,Basis,-2088698602.59,"Maju tapi Tertekan"
kabupaten,16,1673,14,2025,0.8974,"Non Basis",-75435566.34,"Relatif Tertinggal"
kabupaten,16,1673,15,2025,2.3732,Basis,-715133538.51,"Maju tapi Tertekan"
kabupaten,16,1673,16,2025,3.2446,Basis,-396215445.52,"Maju tapi Tertekan"
kabupaten,16,1673,17,2025,7.5978,Basis,565531261.32,"Maju dan Tumbuh Cepat"
kabupaten,16,1612,1,2022,1.1339,Basis,-7933950603.75,"Maju tapi Tertekan"
kabupaten,16,1612,2,2022,1.8844,Basis,-78804247418.09,"Maju tapi Tertekan"
kabupaten,16,1612,3,2022,0.1266,"Non Basis",-1750168543.18,"Relatif Tertinggal"
kabupaten,16,1612,4,2022,0.1803,"Non Basis",44525177.1,"Potensial / Cepat Berkembang"
kabupaten,16,1612,5,2022,0.6029,"Non Basis",18834039.98,"Potensial / Cepat Berkembang"
kabupaten,16,1612,6,2022,1.324,Basis,44688622483.96,"Maju dan Tumbuh Cepat"
kabupaten,16,1612,7,2022,1.0421,Basis,-4761113644.43,"Maju tapi Tertekan"
kabupaten,16,1612,8,2022,0.0574,"Non Basis",-351204513.03,"Relatif Tertinggal"
kabupaten,16,1612,9,2022,1.0573,Basis,-1467260629.31,"Maju tapi Tertekan"
kabupaten,16,1612,10,2022,0.2633,"Non Basis",-463410597.02,"Relatif Tertinggal"
kabupaten,16,1612,11,2022,0.4119,"Non Basis",678365116.18,"Potensial / Cepat Berkembang"
kabupaten,16,1612,12,2022,0.8753,"Non Basis",-609630935.26,"Relatif Tertinggal"
kabupaten,16,1612,13,2022,0.2503,"Non Basis",-29154870.94,"Relatif Tertinggal"
kabupaten,16,1612,14,2022,0.5704,"Non Basis",-43286967.64,"Relatif Tertinggal"
kabupaten,16,1612,15,2022,0.8198,"Non Basis",2564708754.66,"Potensial / Cepat Berkembang"
kabupaten,16,1612,16,2022,0.2124,"Non Basis",-10183739.28,"Relatif Tertinggal"
kabupaten,16,1612,17,2022,0.0805,"Non Basis",-5977554.64,"Relatif Tertinggal"
kabupaten,16,1612,1,2023,1.1568,Basis,15470999029.81,"Maju dan Tumbuh Cepat"
kabupaten,16,1612,2,2023,1.8138,Basis,-94491949167.52,"Maju tapi Tertekan"
kabupaten,16,1612,3,2023,0.1326,"Non Basis",5299082620.56,"Potensial / Cepat Berkembang"
kabupaten,16,1612,4,2023,0.1829,"Non Basis",11812048.87,"Potensial / Cepat Berkembang"
kabupaten,16,1612,5,2023,0.6534,"Non Basis",256554713.78,"Potensial / Cepat Berkembang"
kabupaten,16,1612,6,2023,1.3487,Basis,10808142916.54,"Maju dan Tumbuh Cepat"
kabupaten,16,1612,7,2023,1.0536,Basis,4376279268.59,"Maju dan Tumbuh Cepat"
kabupaten,16,1612,8,2023,0.0555,"Non Basis",-220886531.26,"Relatif Tertinggal"
kabupaten,16,1612,9,2023,1.0523,Basis,-809327435.19,"Maju tapi Tertekan"
kabupaten,16,1612,10,2023,0.2654,"Non Basis",232223412.37,"Potensial / Cepat Berkembang"
kabupaten,16,1612,11,2023,0.407,"Non Basis",-780232293.27,"Relatif Tertinggal"
kabupaten,16,1612,12,2023,0.8916,"Non Basis",2210958940.73,"Potensial / Cepat Berkembang"
kabupaten,16,1612,13,2023,0.2554,"Non Basis",22378152.39,"Potensial / Cepat Berkembang"
kabupaten,16,1612,14,2023,0.5755,"Non Basis",451404547.39,"Potensial / Cepat Berkembang"
kabupaten,16,1612,15,2023,0.835,"Non Basis",1564311619.09,"Potensial / Cepat Berkembang"
kabupaten,16,1612,16,2023,0.2133,"Non Basis",1493957.2,"Potensial / Cepat Berkembang"
kabupaten,16,1612,17,2023,0.0819,"Non Basis",46076330.72,"Potensial / Cepat Berkembang"
kabupaten,16,1612,1,2024,1.1859,Basis,24792406842.05,"Maju dan Tumbuh Cepat"
kabupaten,16,1612,2,2024,1.8318,Basis,21208611569.59,"Maju dan Tumbuh Cepat"
kabupaten,16,1612,3,2024,0.1273,"Non Basis",-5337404195.8,"Relatif Tertinggal"
kabupaten,16,1612,4,2024,0.1813,"Non Basis",-11246551.18,"Relatif Tertinggal"
kabupaten,16,1612,5,2024,0.6645,"Non Basis",59405770.18,"Potensial / Cepat Berkembang"
kabupaten,16,1612,6,2024,1.3267,Basis,-13466563931.11,"Maju tapi Tertekan"
kabupaten,16,1612,7,2024,1.059,Basis,3134770876.38,"Maju dan Tumbuh Cepat"
kabupaten,16,1612,8,2024,0.0544,"Non Basis",-129464555.31,"Relatif Tertinggal"
kabupaten,16,1612,9,2024,1.0447,Basis,-767600700.94,"Maju tapi Tertekan"
kabupaten,16,1612,10,2024,0.2626,"Non Basis",-681021938.59,"Relatif Tertinggal"
kabupaten,16,1612,11,2024,0.4126,"Non Basis",682868048.91,"Potensial / Cepat Berkembang"
kabupaten,16,1612,12,2024,0.8516,"Non Basis",-7578556797.52,"Relatif Tertinggal"
kabupaten,16,1612,13,2024,0.2619,"Non Basis",36943005.18,"Potensial / Cepat Berkembang"
kabupaten,16,1612,14,2024,0.5652,"Non Basis",-1865950227.37,"Relatif Tertinggal"
kabupaten,16,1612,15,2024,0.8449,"Non Basis",1326384903.83,"Potensial / Cepat Berkembang"
kabupaten,16,1612,16,2024,0.207,"Non Basis",-251330471.07,"Relatif Tertinggal"
kabupaten,16,1612,17,2024,0.081,"Non Basis",-39746243.55,"Relatif Tertinggal"
kabupaten,16,1612,1,2025,1.1671,Basis,-20536986262.18,"Maju tapi Tertekan"
kabupaten,16,1612,2,2025,1.8437,Basis,8045664320.42,"Maju dan Tumbuh Cepat"
kabupaten,16,1612,3,2025,0.1318,"Non Basis",4273084524.88,"Potensial / Cepat Berkembang"
kabupaten,16,1612,4,2025,0.1836,"Non Basis",12656419.23,"Potensial / Cepat Berkembang"
kabupaten,16,1612,5,2025,0.6662,"Non Basis",-1969620.52,"Relatif Tertinggal"
kabupaten,16,1612,6,2025,1.3406,Basis,6177909479.33,"Maju dan Tumbuh Cepat"
kabupaten,16,1612,7,2025,1.0604,Basis,-1330206128.6,"Maju tapi Tertekan"
kabupaten,16,1612,8,2025,0.0532,"Non Basis",-155721645.38,"Relatif Tertinggal"
kabupaten,16,1612,9,2025,1.0422,Basis,-587842751.91,"Maju tapi Tertekan"
kabupaten,16,1612,10,2025,0.263,"Non Basis",-108135552.44,"Relatif Tertinggal"
kabupaten,16,1612,11,2025,0.4035,"Non Basis",-1363295296.65,"Relatif Tertinggal"
kabupaten,16,1612,12,2025,0.8368,"Non Basis",-3497071709.51,"Relatif Tertinggal"
kabupaten,16,1612,13,2025,0.2623,"Non Basis",-2870212.12,"Relatif Tertinggal"
kabupaten,16,1612,14,2025,0.5657,"Non Basis",-235653219.01,"Relatif Tertinggal"
kabupaten,16,1612,15,2025,0.8476,"Non Basis",9976299.13,"Potensial / Cepat Berkembang"
kabupaten,16,1612,16,2025,0.2052,"Non Basis",-99293478.26,"Relatif Tertinggal"
kabupaten,16,1612,17,2025,0.0814,"Non Basis",6685767.89,"Potensial / Cepat Berkembang"
kabupaten,16,1672,1,2022,1.4897,Basis,1794418582.6,"Maju dan Tumbuh Cepat"
kabupaten,16,1672,2,2022,0.0978,"Non Basis",-1915439871.05,"Relatif Tertinggal"
kabupaten,16,1672,3,2022,0.0715,"Non Basis",-86747753.31,"Relatif Tertinggal"
kabupaten,16,1672,4,2022,0.5831,"Non Basis",65619854.49,"Potensial / Cepat Berkembang"
kabupaten,16,1672,5,2022,0.557,"Non Basis",40710863.94,"Potensial / Cepat Berkembang"
kabupaten,16,1672,6,2022,1.5572,Basis,10988113027.88,"Maju dan Tumbuh Cepat"
kabupaten,16,1672,7,2022,1.7226,Basis,-14975773712.41,"Maju tapi Tertekan"
kabupaten,16,1672,8,2022,1.4926,Basis,-4111588586.14,"Maju tapi Tertekan"
kabupaten,16,1672,9,2022,2.0959,Basis,-2738626540.03,"Maju tapi Tertekan"
kabupaten,16,1672,10,2022,0.5118,"Non Basis",17352411.84,"Potensial / Cepat Berkembang"
kabupaten,16,1672,11,2022,1.5762,Basis,532009680.54,"Maju dan Tumbuh Cepat"
kabupaten,16,1672,12,2022,1.7889,Basis,-904069519.78,"Maju tapi Tertekan"
kabupaten,16,1672,13,2022,0.8296,"Non Basis",-1777685.26,"Relatif Tertinggal"
kabupaten,16,1672,14,2022,0.9525,"Non Basis",-1102968814.26,"Relatif Tertinggal"
kabupaten,16,1672,15,2022,4.0276,Basis,7696440170.89,"Maju dan Tumbuh Cepat"
kabupaten,16,1672,16,2022,2.9542,Basis,-128716449.87,"Maju tapi Tertekan"
kabupaten,16,1672,17,2022,2.8517,Basis,863299152.89,"Maju dan Tumbuh Cepat"
kabupaten,16,1672,1,2023,1.5136,Basis,5487722920.32,"Maju dan Tumbuh Cepat"
kabupaten,16,1672,2,2023,0.0937,"Non Basis",-2823751764.76,"Relatif Tertinggal"
kabupaten,16,1672,3,2023,0.0724,"Non Basis",180736162.68,"Potensial / Cepat Berkembang"
kabupaten,16,1672,4,2023,0.5758,"Non Basis",-35723923.2,"Relatif Tertinggal"
kabupaten,16,1672,5,2023,0.5565,"Non Basis",-11546645.52,"Relatif Tertinggal"
kabupaten,16,1672,6,2023,1.5648,Basis,-941307814.4,"Maju tapi Tertekan"
kabupaten,16,1672,7,2023,1.7302,Basis,-1353202947.6,"Maju tapi Tertekan"
kabupaten,16,1672,8,2023,1.4851,Basis,-915474285.15,"Maju tapi Tertekan"
kabupaten,16,1672,9,2023,2.0469,Basis,-2667711874.95,"Maju tapi Tertekan"
kabupaten,16,1672,10,2023,0.5156,"Non Basis",21950402.32,"Potensial / Cepat Berkembang"
kabupaten,16,1672,11,2023,1.5877,Basis,21782443.13,"Maju dan Tumbuh Cepat"
kabupaten,16,1672,12,2023,1.7985,Basis,-255772865.2,"Maju tapi Tertekan"
kabupaten,16,1672,13,2023,0.8338,"Non Basis",-4479298.72,"Relatif Tertinggal"
kabupaten,16,1672,14,2023,0.9536,"Non Basis",-442790372.88,"Relatif Tertinggal"
kabupaten,16,1672,15,2023,4.119,Basis,4006097386.5,"Maju dan Tumbuh Cepat"
kabupaten,16,1672,16,2023,2.9757,Basis,10096692.76,"Maju dan Tumbuh Cepat"
kabupaten,16,1672,17,2023,2.8834,Basis,229265597.25,"Maju dan Tumbuh Cepat"
kabupaten,16,1672,1,2024,1.5235,Basis,4319605412.9,"Maju dan Tumbuh Cepat"
kabupaten,16,1672,2,2024,0.0944,"Non Basis",437463491.89,"Potensial / Cepat Berkembang"
kabupaten,16,1672,3,2024,0.0713,"Non Basis",-535466173.43,"Relatif Tertinggal"
kabupaten,16,1672,4,2024,0.5714,"Non Basis",-14443891.63,"Relatif Tertinggal"
kabupaten,16,1672,5,2024,0.5745,"Non Basis",48494071.36,"Potensial / Cepat Berkembang"
kabupaten,16,1672,6,2024,1.5453,Basis,-5497264937.91,"Maju tapi Tertekan"
kabupaten,16,1672,7,2024,1.7216,Basis,-2576708241.51,"Maju tapi Tertekan"
kabupaten,16,1672,8,2024,1.539,Basis,2846573530.68,"Maju dan Tumbuh Cepat"
kabupaten,16,1672,9,2024,2.0555,Basis,413635687.05,"Maju dan Tumbuh Cepat"
kabupaten,16,1672,10,2024,0.5137,"Non Basis",-201221932.14,"Relatif Tertinggal"
kabupaten,16,1672,11,2024,1.582,Basis,-330727672.26,"Maju tapi Tertekan"
kabupaten,16,1672,12,2024,1.7658,Basis,-2930977455.02,"Maju tapi Tertekan"
kabupaten,16,1672,13,2024,0.8352,"Non Basis",4455958.55,"Potensial / Cepat Berkembang"
kabupaten,16,1672,14,2024,0.9319,"Non Basis",-1836131137.2,"Relatif Tertinggal"
kabupaten,16,1672,15,2024,3.9882,Basis,-8837398068.22,"Maju tapi Tertekan"
kabupaten,16,1672,16,2024,2.7884,Basis,-3541254006.3,"Maju tapi Tertekan"
kabupaten,16,1672,17,2024,2.9022,Basis,406893705.11,"Maju dan Tumbuh Cepat"
kabupaten,16,1672,1,2025,1.4978,Basis,-12485913057.58,"Maju tapi Tertekan"
kabupaten,16,1672,2,2025,0.0913,"Non Basis",-2031323366.01,"Relatif Tertinggal"
kabupaten,16,1672,3,2025,0.073,"Non Basis",821519921.58,"Potensial / Cepat Berkembang"
kabupaten,16,1672,4,2025,0.5713,"Non Basis",-3422477.71,"Relatif Tertinggal"
kabupaten,16,1672,5,2025,0.5726,"Non Basis",-7592745.04,"Relatif Tertinggal"
kabupaten,16,1672,6,2025,1.5176,Basis,-9186635494.79,"Maju tapi Tertekan"
kabupaten,16,1672,7,2025,1.7497,Basis,8666785757.05,"Maju dan Tumbuh Cepat"
kabupaten,16,1672,8,2025,1.5895,Basis,2642377151.46,"Maju dan Tumbuh Cepat"
kabupaten,16,1672,9,2025,2.0803,Basis,1080625092.77,"Maju dan Tumbuh Cepat"
kabupaten,16,1672,10,2025,0.5125,"Non Basis",-242323714.71,"Relatif Tertinggal"
kabupaten,16,1672,11,2025,1.559,Basis,-1627541860.15,"Maju tapi Tertekan"
kabupaten,16,1672,12,2025,1.6594,Basis,-10652470430.87,"Maju tapi Tertekan"
kabupaten,16,1672,13,2025,0.8386,"Non Basis",6417764.15,"Potensial / Cepat Berkembang"
kabupaten,16,1672,14,2025,0.9364,"Non Basis",273859291.38,"Potensial / Cepat Berkembang"
kabupaten,16,1672,15,2025,3.9218,Basis,-5132628320.78,"Maju tapi Tertekan"
kabupaten,16,1672,16,2025,2.761,Basis,-634891975.31,"Maju tapi Tertekan"
kabupaten,16,1672,17,2025,2.9215,Basis,321506456.82,"Maju dan Tumbuh Cepat"
kabupaten,16,1671,1,2022,0.0264,"Non Basis",-29129712578.92,"Relatif Tertinggal"
kabupaten,16,1671,2,2022,0.0002,"Non Basis",-259483718.23,"Relatif Tertinggal"
kabupaten,16,1671,3,2022,1.8698,Basis,189989537088.61,"Maju dan Tumbuh Cepat"
kabupaten,16,1671,4,2022,1.3752,Basis,3048840225.92,"Maju dan Tumbuh Cepat"
kabupaten,16,1671,5,2022,2.5054,Basis,1003603601.12,"Maju dan Tumbuh Cepat"
kabupaten,16,1671,6,2022,1.3884,Basis,351410596182.45,"Maju dan Tumbuh Cepat"
kabupaten,16,1671,7,2022,1.3309,Basis,-474436289107.77,"Maju tapi Tertekan"
kabupaten,16,1671,8,2022,2.066,Basis,-13447819806.97,"Maju tapi Tertekan"
kabupaten,16,1671,9,2022,1.7981,Basis,-3837659796.26,"Maju tapi Tertekan"
kabupaten,16,1671,10,2022,2.5426,Basis,-191687083096.88,"Maju tapi Tertekan"
kabupaten,16,1671,11,2022,1.96,Basis,-7041504744.64,"Maju tapi Tertekan"
kabupaten,16,1671,12,2022,1.5654,Basis,-44154518905.69,"Maju tapi Tertekan"
kabupaten,16,1671,13,2022,1.5145,Basis,701985845.13,"Maju dan Tumbuh Cepat"
kabupaten,16,1671,14,2022,0.8725,"Non Basis",36420935786.5,"Potensial / Cepat Berkembang"
kabupaten,16,1671,15,2022,1.23,Basis,2857686487.8,"Maju dan Tumbuh Cepat"
kabupaten,16,1671,16,2022,1.1803,Basis,8538242977.49,"Maju dan Tumbuh Cepat"
kabupaten,16,1671,17,2022,1.347,Basis,3757628305.08,"Maju dan Tumbuh Cepat"
kabupaten,16,1671,1,2023,0.0263,"Non Basis",-2610139725.22,"Relatif Tertinggal"
kabupaten,16,1671,2,2023,0.0002,"Non Basis",-412542091.24,"Relatif Tertinggal"
kabupaten,16,1671,3,2023,1.8571,Basis,-263932275012.44,"Maju tapi Tertekan"
kabupaten,16,1671,4,2023,1.4101,Basis,5132011605.42,"Maju dan Tumbuh Cepat"
kabupaten,16,1671,5,2023,2.5529,Basis,5809097721.74,"Maju dan Tumbuh Cepat"
kabupaten,16,1671,6,2023,1.382,Basis,-75469735529.44,"Maju tapi Tertekan"
kabupaten,16,1671,7,2023,1.3475,Basis,230814184248.16,"Maju dan Tumbuh Cepat"
kabupaten,16,1671,8,2023,2.1116,Basis,108875910538.39,"Maju dan Tumbuh Cepat"
kabupaten,16,1671,9,2023,1.8258,Basis,54818144935.19,"Maju dan Tumbuh Cepat"
kabupaten,16,1671,10,2023,2.5554,Basis,66747894926.26,"Maju dan Tumbuh Cepat"
kabupaten,16,1671,11,2023,1.9652,Basis,15409491186.18,"Maju dan Tumbuh Cepat"
kabupaten,16,1671,12,2023,1.578,Basis,50855283718.47,"Maju dan Tumbuh Cepat"
kabupaten,16,1671,13,2023,1.5165,Basis,304599325.69,"Maju dan Tumbuh Cepat"
kabupaten,16,1671,14,2023,0.875,"Non Basis",10127367729.52,"Potensial / Cepat Berkembang"
kabupaten,16,1671,15,2023,1.241,Basis,33597703182.82,"Maju dan Tumbuh Cepat"
kabupaten,16,1671,16,2023,1.1803,Basis,306066800.82,"Maju dan Tumbuh Cepat"
kabupaten,16,1671,17,2023,1.3486,Basis,1817710222.25,"Maju dan Tumbuh Cepat"
kabupaten,16,1671,1,2024,0.0259,"Non Basis",-7578763702.73,"Relatif Tertinggal"
kabupaten,16,1671,2,2024,0.0002,"Non Basis",-58158534.3,"Relatif Tertinggal"
kabupaten,16,1671,3,2024,1.8221,Basis,-749969177078.92,"Maju tapi Tertekan"
kabupaten,16,1671,4,2024,1.4025,Basis,-985714867.25,"Maju tapi Tertekan"
kabupaten,16,1671,5,2024,2.5377,Basis,-1578256925.85,"Maju tapi Tertekan"
kabupaten,16,1671,6,2024,1.3648,Basis,-212210628317.94,"Maju tapi Tertekan"
kabupaten,16,1671,7,2024,1.3463,Basis,1487256939.56,"Maju dan Tumbuh Cepat"
kabupaten,16,1671,8,2024,2.1,Basis,-23337072655.83,"Maju tapi Tertekan"
kabupaten,16,1671,9,2024,1.8063,Basis,-37608934922.85,"Maju tapi Tertekan"
kabupaten,16,1671,10,2024,2.536,Basis,-90417457992.22,"Maju tapi Tertekan"
kabupaten,16,1671,11,2024,1.9486,Basis,-41841165036.08,"Maju tapi Tertekan"
kabupaten,16,1671,12,2024,1.5634,Basis,-55102059781,"Maju tapi Tertekan"
kabupaten,16,1671,13,2024,1.5091,Basis,-774766839.38,"Maju tapi Tertekan"
kabupaten,16,1671,14,2024,0.8601,"Non Basis",-55727989270.63,"Relatif Tertinggal"
kabupaten,16,1671,15,2024,1.2187,Basis,-66666815489.81,"Maju tapi Tertekan"
kabupaten,16,1671,16,2024,1.1682,Basis,-9635892829.28,"Maju tapi Tertekan"
kabupaten,16,1671,17,2024,1.3672,Basis,19388970339.83,"Maju dan Tumbuh Cepat"
kabupaten,16,1671,1,2025,0.0256,"Non Basis",-4149516224.25,"Relatif Tertinggal"
kabupaten,16,1671,2,2025,0.0002,"Non Basis",-46972786.71,"Relatif Tertinggal"
kabupaten,16,1671,3,2025,1.8007,Basis,-403498152433.38,"Maju tapi Tertekan"
kabupaten,16,1671,4,2025,1.4236,Basis,4141268432.89,"Maju dan Tumbuh Cepat"
kabupaten,16,1671,5,2025,2.5203,Basis,-1433411849.06,"Maju tapi Tertekan"
kabupaten,16,1671,6,2025,1.3612,Basis,-5270172744,"Maju tapi Tertekan"
kabupaten,16,1671,7,2025,1.3431,Basis,336203752.31,"Maju dan Tumbuh Cepat"
kabupaten,16,1671,8,2025,2.0925,Basis,-6324862127.16,"Maju tapi Tertekan"
kabupaten,16,1671,9,2025,1.8099,Basis,18389906128.62,"Maju dan Tumbuh Cepat"
kabupaten,16,1671,10,2025,2.5443,Basis,81419511046.59,"Maju dan Tumbuh Cepat"
kabupaten,16,1671,11,2025,1.9548,Basis,32301217539,"Maju dan Tumbuh Cepat"
kabupaten,16,1671,12,2025,1.5577,Basis,-9151417447.3,"Maju tapi Tertekan"
kabupaten,16,1671,13,2025,1.511,Basis,766037247.41,"Maju dan Tumbuh Cepat"
kabupaten,16,1671,14,2025,0.8459,"Non Basis",-50253085144.55,"Relatif Tertinggal"
kabupaten,16,1671,15,2025,1.214,Basis,-5924431355.9,"Maju tapi Tertekan"
kabupaten,16,1671,16,2025,1.1636,Basis,-1781511674.72,"Maju tapi Tertekan"
kabupaten,16,1671,17,2025,1.3687,Basis,4745565704.49,"Maju dan Tumbuh Cepat"
kabupaten,16,1674,1,2022,0.4389,"Non Basis",-6740963602.68,"Relatif Tertinggal"
kabupaten,16,1674,2,2022,0.4789,"Non Basis",-42470529117.61,"Relatif Tertinggal"
kabupaten,16,1674,3,2022,0.4732,"Non Basis",3629921935.13,"Potensial / Cepat Berkembang"
kabupaten,16,1674,4,2022,1.5322,Basis,305981715.49,"Maju dan Tumbuh Cepat"
kabupaten,16,1674,5,2022,0.3969,"Non Basis",84341170.64,"Potensial / Cepat Berkembang"
kabupaten,16,1674,6,2022,1.5275,Basis,23965540518.21,"Maju dan Tumbuh Cepat"
kabupaten,16,1674,7,2022,2.0323,Basis,-12867965294.37,"Maju tapi Tertekan"
kabupaten,16,1674,8,2022,1.4265,Basis,-2800103934.33,"Maju tapi Tertekan"
kabupaten,16,1674,9,2022,2.324,Basis,-3312866808.29,"Maju tapi Tertekan"
kabupaten,16,1674,10,2022,0.4006,"Non Basis",-1281250657.25,"Relatif Tertinggal"
kabupaten,16,1674,11,2022,2.0585,Basis,4296936819.8,"Maju dan Tumbuh Cepat"
kabupaten,16,1674,12,2022,2.7068,Basis,-4642742559.58,"Maju tapi Tertekan"
kabupaten,16,1674,13,2022,6.4782,Basis,897850402.44,"Maju dan Tumbuh Cepat"
kabupaten,16,1674,14,2022,1.3332,Basis,-1083735836.4,"Maju tapi Tertekan"
kabupaten,16,1674,15,2022,1.3842,Basis,7091095092.7,"Maju dan Tumbuh Cepat"
kabupaten,16,1674,16,2022,4.4443,Basis,2647840459.31,"Maju dan Tumbuh Cepat"
kabupaten,16,1674,17,2022,0.7061,"Non Basis",940469415.53,"Potensial / Cepat Berkembang"
kabupaten,16,1674,1,2023,0.4377,"Non Basis",-2292696464.39,"Relatif Tertinggal"
kabupaten,16,1674,2,2023,0.4572,"Non Basis",-32219728912.6,"Relatif Tertinggal"
kabupaten,16,1674,3,2023,0.4805,"Non Basis",6677602111.34,"Potensial / Cepat Berkembang"
kabupaten,16,1674,4,2023,1.5853,Basis,366295230.46,"Maju dan Tumbuh Cepat"
kabupaten,16,1674,5,2023,0.3944,"Non Basis",-22623964.12,"Relatif Tertinggal"
kabupaten,16,1674,6,2023,1.5348,Basis,2094341621.41,"Maju dan Tumbuh Cepat"
kabupaten,16,1674,7,2023,2.0484,Basis,7375446913.86,"Maju dan Tumbuh Cepat"
kabupaten,16,1674,8,2023,1.414,Basis,-1983923144.19,"Maju tapi Tertekan"
kabupaten,16,1674,9,2023,2.2499,Basis,-8040384872.27,"Maju tapi Tertekan"
kabupaten,16,1674,10,2023,0.4063,"Non Basis",1145539550.47,"Potensial / Cepat Berkembang"
kabupaten,16,1674,11,2023,2.0212,Basis,-5870311631.19,"Maju tapi Tertekan"
kabupaten,16,1674,12,2023,2.7161,Basis,386194387.27,"Maju dan Tumbuh Cepat"
kabupaten,16,1674,13,2023,6.7542,Basis,1653172488.2,"Maju dan Tumbuh Cepat"
kabupaten,16,1674,14,2023,1.3311,Basis,-1052111825.82,"Maju tapi Tertekan"
kabupaten,16,1674,15,2023,1.4264,Basis,5858847810.31,"Maju dan Tumbuh Cepat"
kabupaten,16,1674,16,2023,4.4583,Basis,86158372.91,"Maju dan Tumbuh Cepat"
kabupaten,16,1674,17,2023,0.7441,"Non Basis",1731213734.64,"Potensial / Cepat Berkembang"
kabupaten,16,1674,1,2024,0.4439,"Non Basis",6194967876.93,"Potensial / Cepat Berkembang"
kabupaten,16,1674,2,2024,0.4553,"Non Basis",-2812950505.32,"Relatif Tertinggal"
kabupaten,16,1674,3,2024,0.4839,"Non Basis",3862401766.57,"Potensial / Cepat Berkembang"
kabupaten,16,1674,4,2024,1.5577,Basis,-226755619.88,"Maju tapi Tertekan"
kabupaten,16,1674,5,2024,0.3912,"Non Basis",-20329490.19,"Relatif Tertinggal"
kabupaten,16,1674,6,2024,1.5113,Basis,-16377638489.91,"Maju tapi Tertekan"
kabupaten,16,1674,7,2024,2.0316,Basis,-12894248423.29,"Maju tapi Tertekan"
kabupaten,16,1674,8,2024,1.3742,Basis,-5021286225.36,"Maju tapi Tertekan"
kabupaten,16,1674,9,2024,2.2025,Basis,-5219407617.65,"Maju tapi Tertekan"
kabupaten,16,1674,10,2024,0.3993,"Non Basis",-1935293409.83,"Relatif Tertinggal"
kabupaten,16,1674,11,2024,1.9778,Basis,-6402511718.63,"Maju tapi Tertekan"
kabupaten,16,1674,12,2024,2.6423,Basis,-16088197489.27,"Maju tapi Tertekan"
kabupaten,16,1674,13,2024,6.7884,Basis,222176165.8,"Maju dan Tumbuh Cepat"
kabupaten,16,1674,14,2024,1.2787,Basis,-10736707000.73,"Maju tapi Tertekan"
kabupaten,16,1674,15,2024,1.4149,Basis,-1919781252.64,"Maju tapi Tertekan"
kabupaten,16,1674,16,2024,4.3743,Basis,-3841631648.65,"Maju tapi Tertekan"
kabupaten,16,1674,17,2024,0.755,"Non Basis",539572711.66,"Potensial / Cepat Berkembang"
kabupaten,16,1674,1,2025,0.4353,"Non Basis",-9116156209.83,"Relatif Tertinggal"
kabupaten,16,1674,2,2025,0.4451,"Non Basis",-15071029075.52,"Relatif Tertinggal"
kabupaten,16,1674,3,2025,0.4922,"Non Basis",10238078796.92,"Potensial / Cepat Berkembang"
kabupaten,16,1674,4,2025,1.5435,Basis,-119309339.33,"Maju tapi Tertekan"
kabupaten,16,1674,5,2025,0.3851,"Non Basis",-38631330.16,"Relatif Tertinggal"
kabupaten,16,1674,6,2025,1.498,Basis,-9386964360.13,"Maju tapi Tertekan"
kabupaten,16,1674,7,2025,2.0125,Basis,-15145628655.37,"Maju tapi Tertekan"
kabupaten,16,1674,8,2025,1.3804,Basis,871089169.15,"Maju dan Tumbuh Cepat"
kabupaten,16,1674,9,2025,2.1943,Basis,-911351014.94,"Maju tapi Tertekan"
kabupaten,16,1674,10,2025,0.4012,"Non Basis",597147373.89,"Potensial / Cepat Berkembang"
kabupaten,16,1674,11,2025,1.9674,Basis,-1510764638.8,"Maju tapi Tertekan"
kabupaten,16,1674,12,2025,2.5899,Basis,-12096599305.03,"Maju tapi Tertekan"
kabupaten,16,1674,13,2025,6.8119,Basis,180838695.08,"Maju dan Tumbuh Cepat"
kabupaten,16,1674,14,2025,1.2529,Basis,-5365175166.98,"Maju tapi Tertekan"
kabupaten,16,1674,15,2025,1.4301,Basis,2652142275.99,"Maju dan Tumbuh Cepat"
kabupaten,16,1674,16,2025,4.3731,Basis,-1317096.08,"Maju tapi Tertekan"
kabupaten,16,1674,17,2025,0.7666,"Non Basis",612699064.24,"Potensial / Cepat Berkembang"
kabupaten,17,1701,1,2022,1.1926,Basis,-5776328121.42,"Maju tapi Tertekan"
kabupaten,17,1701,2,2022,0.7016,"Non Basis",3561239353.89,"Potensial / Cepat Berkembang"
kabupaten,17,1701,3,2022,0.5333,"Non Basis",-326874133.7,"Relatif Tertinggal"
kabupaten,17,1701,4,2022,0.9322,"Non Basis",-41042529.17,"Relatif Tertinggal"
kabupaten,17,1701,5,2022,0.7211,"Non Basis",-61730429.66,"Relatif Tertinggal"
kabupaten,17,1701,6,2022,1.0866,Basis,2401496652.17,"Maju dan Tumbuh Cepat"
kabupaten,17,1701,7,2022,1.0706,Basis,1555538259.26,"Maju dan Tumbuh Cepat"
kabupaten,17,1701,8,2022,0.7763,"Non Basis",-17328974617.52,"Relatif Tertinggal"
kabupaten,17,1701,9,2022,1.1342,Basis,123527725.37,"Maju dan Tumbuh Cepat"
kabupaten,17,1701,10,2022,0.7562,"Non Basis",-164601047.83,"Relatif Tertinggal"
kabupaten,17,1701,11,2022,1.8218,Basis,3846889568.16,"Maju dan Tumbuh Cepat"
kabupaten,17,1701,12,2022,1.0058,Basis,-1567295175.1,"Maju tapi Tertekan"
kabupaten,17,1701,13,2022,0.1173,"Non Basis",113262034.19,"Potensial / Cepat Berkembang"
kabupaten,17,1701,14,2022,1.085,Basis,-1210109010.95,"Maju tapi Tertekan"
kabupaten,17,1701,15,2022,0.8316,"Non Basis",216591408.75,"Potensial / Cepat Berkembang"
kabupaten,17,1701,16,2022,0.8043,"Non Basis",206687898.09,"Potensial / Cepat Berkembang"
kabupaten,17,1701,17,2022,0.77,"Non Basis",-33393021.35,"Relatif Tertinggal"
kabupaten,17,1701,1,2023,1.1969,Basis,-8656797390.82,"Maju tapi Tertekan"
kabupaten,17,1701,2,2023,0.6928,"Non Basis",-2127290698.7,"Relatif Tertinggal"
kabupaten,17,1701,3,2023,0.5254,"Non Basis",-3002229327.84,"Relatif Tertinggal"
kabupaten,17,1701,4,2023,0.9497,"Non Basis",35879790.94,"Potensial / Cepat Berkembang"
kabupaten,17,1701,5,2023,0.7409,"Non Basis",105950783,"Potensial / Cepat Berkembang"
kabupaten,17,1701,6,2023,1.1024,Basis,809943455.22,"Maju dan Tumbuh Cepat"
kabupaten,17,1701,7,2023,1.0797,Basis,-1277612499.52,"Maju tapi Tertekan"
kabupaten,17,1701,8,2023,0.7705,"Non Basis",-4839766960.49,"Relatif Tertinggal"
kabupaten,17,1701,9,2023,1.1386,Basis,-551333868.34,"Maju tapi Tertekan"
kabupaten,17,1701,10,2023,0.7646,"Non Basis",115772976.23,"Potensial / Cepat Berkembang"
kabupaten,17,1701,11,2023,1.8092,Basis,-3790169593.52,"Maju tapi Tertekan"
kabupaten,17,1701,12,2023,1.0184,Basis,367939694.98,"Maju dan Tumbuh Cepat"
kabupaten,17,1701,13,2023,0.1185,"Non Basis",-7094514.51,"Relatif Tertinggal"
kabupaten,17,1701,14,2023,1.1029,Basis,2326789179.35,"Maju dan Tumbuh Cepat"
kabupaten,17,1701,15,2023,0.8429,"Non Basis",667870212.06,"Potensial / Cepat Berkembang"
kabupaten,17,1701,16,2023,0.8156,"Non Basis",237809087.16,"Potensial / Cepat Berkembang"
kabupaten,17,1701,17,2023,0.7603,"Non Basis",-630621530.32,"Relatif Tertinggal"
kabupaten,17,1701,1,2024,1.1916,Basis,-9148698196.5,"Maju tapi Tertekan"
kabupaten,17,1701,2,2024,0.7132,"Non Basis",2525099527.17,"Potensial / Cepat Berkembang"
kabupaten,17,1701,3,2024,0.5354,"Non Basis",1972485809.44,"Potensial / Cepat Berkembang"
kabupaten,17,1701,4,2024,0.9614,"Non Basis",44308697.84,"Potensial / Cepat Berkembang"
kabupaten,17,1701,5,2024,0.7287,"Non Basis",-128441789.98,"Relatif Tertinggal"
kabupaten,17,1701,6,2024,1.1113,Basis,1173893176.83,"Maju dan Tumbuh Cepat"
kabupaten,17,1701,7,2024,1.0741,Basis,-5388947412.5,"Maju tapi Tertekan"
kabupaten,17,1701,8,2024,0.7703,"Non Basis",-795425762.78,"Relatif Tertinggal"
kabupaten,17,1701,9,2024,1.1448,Basis,267373759.19,"Maju dan Tumbuh Cepat"
kabupaten,17,1701,10,2024,0.7666,"Non Basis",25022747.76,"Potensial / Cepat Berkembang"
kabupaten,17,1701,11,2024,1.8342,Basis,2573870442.96,"Maju dan Tumbuh Cepat"
kabupaten,17,1701,12,2024,1.0244,Basis,615628015.58,"Maju dan Tumbuh Cepat"
kabupaten,17,1701,13,2024,0.1188,"Non Basis",-538751.74,"Relatif Tertinggal"
kabupaten,17,1701,14,2024,1.1075,Basis,649224577.13,"Maju dan Tumbuh Cepat"
kabupaten,17,1701,15,2024,0.8463,"Non Basis",336678304.88,"Potensial / Cepat Berkembang"
kabupaten,17,1701,16,2024,0.8113,"Non Basis",-567364227.1,"Relatif Tertinggal"
kabupaten,17,1701,17,2024,0.7601,"Non Basis",-84699688.41,"Relatif Tertinggal"
kabupaten,17,1701,1,2025,1.1882,Basis,-7311823318.3,"Maju tapi Tertekan"
kabupaten,17,1701,2,2025,0.7848,"Non Basis",9001415822.7,"Potensial / Cepat Berkembang"
kabupaten,17,1701,3,2025,0.5416,"Non Basis",1190297228.79,"Potensial / Cepat Berkembang"
kabupaten,17,1701,4,2025,0.9698,"Non Basis",29519974.23,"Potensial / Cepat Berkembang"
kabupaten,17,1701,5,2025,0.7226,"Non Basis",-72231745.23,"Relatif Tertinggal"
kabupaten,17,1701,6,2025,1.0989,Basis,-2998633967.15,"Maju tapi Tertekan"
kabupaten,17,1701,7,2025,1.0754,Basis,-903245002.64,"Maju tapi Tertekan"
kabupaten,17,1701,8,2025,0.7984,"Non Basis",9899581082.08,"Potensial / Cepat Berkembang"
kabupaten,17,1701,9,2025,1.14,Basis,-691444314.89,"Maju tapi Tertekan"
kabupaten,17,1701,10,2025,0.7652,"Non Basis",-844413245.73,"Relatif Tertinggal"
kabupaten,17,1701,11,2025,1.8047,Basis,-4690935552.83,"Maju tapi Tertekan"
kabupaten,17,1701,12,2025,1.0279,Basis,187632078.99,"Maju dan Tumbuh Cepat"
kabupaten,17,1701,13,2025,0.1184,"Non Basis",-78414973.36,"Relatif Tertinggal"
kabupaten,17,1701,14,2025,1.097,Basis,-5073010506.99,"Maju tapi Tertekan"
kabupaten,17,1701,15,2025,0.8463,"Non Basis",-604571882.57,"Relatif Tertinggal"
kabupaten,17,1701,16,2025,0.792,"Non Basis",-2005654299.08,"Relatif Tertinggal"
kabupaten,17,1701,17,2025,0.7595,"Non Basis",-105934374.69,"Relatif Tertinggal"
kabupaten,17,1709,1,2022,1.0914,Basis,18417944.85,"Maju dan Tumbuh Cepat"
kabupaten,17,1709,2,2022,4.3737,Basis,16455726505.14,"Maju dan Tumbuh Cepat"
kabupaten,17,1709,3,2022,2.523,Basis,-283607355.91,"Maju tapi Tertekan"
kabupaten,17,1709,4,2022,0.4518,"Non Basis",2958223.56,"Potensial / Cepat Berkembang"
kabupaten,17,1709,5,2022,0.537,"Non Basis",16085932.9,"Potensial / Cepat Berkembang"
kabupaten,17,1709,6,2022,0.9925,"Non Basis",2205086563.34,"Potensial / Cepat Berkembang"
kabupaten,17,1709,7,2022,0.5287,"Non Basis",2482838274.45,"Potensial / Cepat Berkembang"
kabupaten,17,1709,8,2022,0.1504,"Non Basis",-2279298678.72,"Relatif Tertinggal"
kabupaten,17,1709,9,2022,1.188,Basis,-485123863.66,"Maju tapi Tertekan"
kabupaten,17,1709,10,2022,0.1475,"Non Basis",-176368068.79,"Relatif Tertinggal"
kabupaten,17,1709,11,2022,0.7632,"Non Basis",2733041568.12,"Potensial / Cepat Berkembang"
kabupaten,17,1709,12,2022,0.9616,"Non Basis",-433947481.66,"Relatif Tertinggal"
kabupaten,17,1709,13,2022,0.0408,"Non Basis",-6974513.51,"Relatif Tertinggal"
kabupaten,17,1709,14,2022,1.7157,Basis,-179424445.5,"Maju tapi Tertekan"
kabupaten,17,1709,15,2022,0.3386,"Non Basis",-307448291.55,"Relatif Tertinggal"
kabupaten,17,1709,16,2022,0.2981,"Non Basis",210352768.25,"Potensial / Cepat Berkembang"
kabupaten,17,1709,17,2022,0.3443,"Non Basis",56536221.52,"Potensial / Cepat Berkembang"
kabupaten,17,1709,1,2023,1.0924,Basis,-3023071201.29,"Maju tapi Tertekan"
kabupaten,17,1709,2,2023,4.3871,Basis,-512912023.57,"Maju tapi Tertekan"
kabupaten,17,1709,3,2023,2.5243,Basis,-1642761399.16,"Maju tapi Tertekan"
kabupaten,17,1709,4,2023,0.453,"Non Basis",-2484320.56,"Relatif Tertinggal"
kabupaten,17,1709,5,2023,0.5392,"Non Basis",-318791.95,"Relatif Tertinggal"
kabupaten,17,1709,6,2023,1.0004,Basis,534174335.32,"Maju dan Tumbuh Cepat"
kabupaten,17,1709,7,2023,0.5311,"Non Basis",88737888.23,"Potensial / Cepat Berkembang"
kabupaten,17,1709,8,2023,0.1501,"Non Basis",-267918722.61,"Relatif Tertinggal"
kabupaten,17,1709,9,2023,1.1875,Basis,-317587146.22,"Maju tapi Tertekan"
kabupaten,17,1709,10,2023,0.1461,"Non Basis",-347488681.23,"Relatif Tertinggal"
kabupaten,17,1709,11,2023,0.764,"Non Basis",-224152853,"Relatif Tertinggal"
kabupaten,17,1709,12,2023,0.9661,"Non Basis",64899631.3,"Potensial / Cepat Berkembang"
kabupaten,17,1709,13,2023,0.041,"Non Basis",-401903.38,"Relatif Tertinggal"
kabupaten,17,1709,14,2023,1.7209,Basis,-545199082.14,"Maju tapi Tertekan"
kabupaten,17,1709,15,2023,0.34,"Non Basis",3066705.8,"Potensial / Cepat Berkembang"
kabupaten,17,1709,16,2023,0.2988,"Non Basis",-37604059.34,"Relatif Tertinggal"
kabupaten,17,1709,17,2023,0.3461,"Non Basis",8104462.45,"Potensial / Cepat Berkembang"
kabupaten,17,1709,1,2024,1.1044,Basis,4279094558.02,"Maju dan Tumbuh Cepat"
kabupaten,17,1709,2,2024,4.3679,Basis,-5057504056.97,"Maju tapi Tertekan"
kabupaten,17,1709,3,2024,2.5242,Basis,-2925768656.95,"Maju tapi Tertekan"
kabupaten,17,1709,4,2024,0.457,"Non Basis",3762359.64,"Potensial / Cepat Berkembang"
kabupaten,17,1709,5,2024,0.5436,"Non Basis",6554644.32,"Potensial / Cepat Berkembang"
kabupaten,17,1709,6,2024,1.0008,Basis,-904326887.35,"Maju tapi Tertekan"
kabupaten,17,1709,7,2024,0.5346,"Non Basis",43993575.6,"Potensial / Cepat Berkembang"
kabupaten,17,1709,8,2024,0.151,"Non Basis",-14858855.94,"Relatif Tertinggal"
kabupaten,17,1709,9,2024,1.1913,Basis,-250006377.62,"Maju tapi Tertekan"
kabupaten,17,1709,10,2024,0.1456,"Non Basis",-273392796.78,"Relatif Tertinggal"
kabupaten,17,1709,11,2024,0.7692,"Non Basis",26191043.48,"Potensial / Cepat Berkembang"
kabupaten,17,1709,12,2024,0.9732,"Non Basis",123428269.44,"Potensial / Cepat Berkembang"
kabupaten,17,1709,13,2024,0.0411,"Non Basis",-8776593.13,"Relatif Tertinggal"
kabupaten,17,1709,14,2024,1.7411,Basis,2695058619.27,"Maju dan Tumbuh Cepat"
kabupaten,17,1709,15,2024,0.3404,"Non Basis",-372581918.6,"Relatif Tertinggal"
kabupaten,17,1709,16,2024,0.3,"Non Basis",-53614096.67,"Relatif Tertinggal"
kabupaten,17,1709,17,2024,0.3484,"Non Basis",4620178.36,"Potensial / Cepat Berkembang"
kabupaten,17,1709,1,2025,1.1384,Basis,22991802783.16,"Maju dan Tumbuh Cepat"
kabupaten,17,1709,2,2025,4.1635,Basis,-23968766690.13,"Maju tapi Tertekan"
kabupaten,17,1709,3,2025,2.5506,Basis,1426908921.93,"Maju dan Tumbuh Cepat"
kabupaten,17,1709,4,2025,0.4604,"Non Basis",-48324.74,"Relatif Tertinggal"
kabupaten,17,1709,5,2025,0.5504,"Non Basis",18689185.78,"Potensial / Cepat Berkembang"
kabupaten,17,1709,6,2025,1.0174,Basis,1393639023.57,"Maju dan Tumbuh Cepat"
kabupaten,17,1709,7,2025,0.5411,"Non Basis",1289445638.48,"Potensial / Cepat Berkembang"
kabupaten,17,1709,8,2025,0.1619,"Non Basis",2874014950.78,"Potensial / Cepat Berkembang"
kabupaten,17,1709,9,2025,1.212,Basis,832780494.23,"Maju dan Tumbuh Cepat"
kabupaten,17,1709,10,2025,0.1482,"Non Basis",305828599.8,"Potensial / Cepat Berkembang"
kabupaten,17,1709,11,2025,0.7845,"Non Basis",1025647872.61,"Potensial / Cepat Berkembang"
kabupaten,17,1709,12,2025,0.9858,"Non Basis",776175604.83,"Potensial / Cepat Berkembang"
kabupaten,17,1709,13,2025,0.0415,"Non Basis",7006919.76,"Potensial / Cepat Berkembang"
kabupaten,17,1709,14,2025,1.7607,Basis,1943309216.06,"Maju dan Tumbuh Cepat"
kabupaten,17,1709,15,2025,0.3433,"Non Basis",61895377.02,"Potensial / Cepat Berkembang"
kabupaten,17,1709,16,2025,0.3033,"Non Basis",80105672.39,"Potensial / Cepat Berkembang"
kabupaten,17,1709,17,2025,0.3527,"Non Basis",55444346.2,"Potensial / Cepat Berkembang"
kabupaten,17,1703,1,2022,1.15,Basis,243614543506.65,"Maju dan Tumbuh Cepat"
kabupaten,17,1703,2,2022,8.6594,Basis,1753394989721,"Maju dan Tumbuh Cepat"
kabupaten,17,1703,3,2022,1.1359,Basis,26971707318.83,"Maju dan Tumbuh Cepat"
kabupaten,17,1703,4,2022,0.6593,"Non Basis",190997365.45,"Potensial / Cepat Berkembang"
kabupaten,17,1703,5,2022,0.6508,"Non Basis",191907004.12,"Potensial / Cepat Berkembang"
kabupaten,17,1703,6,2022,0.8336,"Non Basis",29786212109.09,"Potensial / Cepat Berkembang"
kabupaten,17,1703,7,2022,0.487,"Non Basis",70199275647.68,"Potensial / Cepat Berkembang"
kabupaten,17,1703,8,2022,0.2505,"Non Basis",3824138734.35,"Potensial / Cepat Berkembang"
kabupaten,17,1703,9,2022,0.3478,"Non Basis",1452780377.84,"Potensial / Cepat Berkembang"
kabupaten,17,1703,10,2022,0.3355,"Non Basis",8100455605.13,"Potensial / Cepat Berkembang"
kabupaten,17,1703,11,2022,0.9765,"Non Basis",38641199332.86,"Potensial / Cepat Berkembang"
kabupaten,17,1703,12,2022,0.4792,"Non Basis",4109396923.94,"Potensial / Cepat Berkembang"
kabupaten,17,1703,13,2022,0.0434,"Non Basis",273119041.99,"Potensial / Cepat Berkembang"
kabupaten,17,1703,14,2022,0.7771,"Non Basis",4866582442.59,"Potensial / Cepat Berkembang"
kabupaten,17,1703,15,2022,0.7199,"Non Basis",20916760027.97,"Potensial / Cepat Berkembang"
kabupaten,17,1703,16,2022,0.5979,"Non Basis",4752234198.92,"Potensial / Cepat Berkembang"
kabupaten,17,1703,17,2022,0.5451,"Non Basis",1489772402.17,"Potensial / Cepat Berkembang"
kabupaten,17,1703,1,2023,1.2758,Basis,313429479200.81,"Maju dan Tumbuh Cepat"
kabupaten,17,1703,2,2023,6.7318,Basis,-893029933139.43,"Maju tapi Tertekan"
kabupaten,17,1703,3,2023,1.1986,Basis,21407010425.58,"Maju dan Tumbuh Cepat"
kabupaten,17,1703,4,2023,0.6864,"Non Basis",120630662.02,"Potensial / Cepat Berkembang"
kabupaten,17,1703,5,2023,0.6786,"Non Basis",253021998.51,"Potensial / Cepat Berkembang"
kabupaten,17,1703,6,2023,0.8905,"Non Basis",19011387453.71,"Potensial / Cepat Berkembang"
kabupaten,17,1703,7,2023,0.5309,"Non Basis",58827530125.53,"Potensial / Cepat Berkembang"
kabupaten,17,1703,8,2023,0.285,"Non Basis",29959732187.27,"Potensial / Cepat Berkembang"
kabupaten,17,1703,9,2023,0.3632,"Non Basis",1305440139.25,"Potensial / Cepat Berkembang"
kabupaten,17,1703,10,2023,0.3546,"Non Basis",6573002705.7,"Potensial / Cepat Berkembang"
kabupaten,17,1703,11,2023,1.0275,Basis,8753313091.53,"Maju dan Tumbuh Cepat"
kabupaten,17,1703,12,2023,0.5062,"Non Basis",7325552307.18,"Potensial / Cepat Berkembang"
kabupaten,17,1703,13,2023,0.0463,"Non Basis",489369726.34,"Potensial / Cepat Berkembang"
kabupaten,17,1703,14,2023,0.8115,"Non Basis",13649302648.15,"Potensial / Cepat Berkembang"
kabupaten,17,1703,15,2023,0.7674,"Non Basis",21435748909.08,"Potensial / Cepat Berkembang"
kabupaten,17,1703,16,2023,0.6482,"Non Basis",8462372243.97,"Potensial / Cepat Berkembang"
kabupaten,17,1703,17,2023,0.5785,"Non Basis",2004149677.54,"Potensial / Cepat Berkembang"
kabupaten,17,1703,1,2024,1.4723,Basis,564527894594.93,"Maju dan Tumbuh Cepat"
kabupaten,17,1703,2,2024,4.6528,Basis,-922403729612.98,"Maju tapi Tertekan"
kabupaten,17,1703,3,2024,1.2594,Basis,23495122013.12,"Maju dan Tumbuh Cepat"
kabupaten,17,1703,4,2024,0.7082,"Non Basis",92978045.92,"Potensial / Cepat Berkembang"
kabupaten,17,1703,5,2024,0.7342,"Non Basis",1127643965.06,"Potensial / Cepat Berkembang"
kabupaten,17,1703,6,2024,0.9182,"Non Basis",4433598463.1,"Potensial / Cepat Berkembang"
kabupaten,17,1703,7,2024,0.558,"Non Basis",29820884685.87,"Potensial / Cepat Berkembang"
kabupaten,17,1703,8,2024,0.3073,"Non Basis",17623102113.15,"Potensial / Cepat Berkembang"
kabupaten,17,1703,9,2024,0.3812,"Non Basis",2448041968.83,"Potensial / Cepat Berkembang"
kabupaten,17,1703,10,2024,0.3678,"Non Basis",3789152205.76,"Potensial / Cepat Berkembang"
kabupaten,17,1703,11,2024,1.0659,Basis,5894556272.9,"Maju dan Tumbuh Cepat"
kabupaten,17,1703,12,2024,0.5229,"Non Basis",2903700164.07,"Potensial / Cepat Berkembang"
kabupaten,17,1703,13,2024,0.0488,"Non Basis",426663167.39,"Potensial / Cepat Berkembang"
kabupaten,17,1703,14,2024,0.8423,"Non Basis",14454284511.71,"Potensial / Cepat Berkembang"
kabupaten,17,1703,15,2024,0.8546,"Non Basis",57392252115.25,"Potensial / Cepat Berkembang"
kabupaten,17,1703,16,2024,0.6854,"Non Basis",6102307072.05,"Potensial / Cepat Berkembang"
kabupaten,17,1703,17,2024,0.6134,"Non Basis",2616500483.51,"Potensial / Cepat Berkembang"
kabupaten,17,1703,1,2025,1.5793,Basis,491232160429.31,"Maju dan Tumbuh Cepat"
kabupaten,17,1703,2,2025,4.0167,Basis,-218562498183.39,"Maju tapi Tertekan"
kabupaten,17,1703,3,2025,1.2772,Basis,33926892193.31,"Maju dan Tumbuh Cepat"
kabupaten,17,1703,4,2025,0.6935,"Non Basis",-2396907.22,"Relatif Tertinggal"
kabupaten,17,1703,5,2025,0.7388,"Non Basis",563106461.64,"Potensial / Cepat Berkembang"
kabupaten,17,1703,6,2025,0.91,"Non Basis",6629079811.49,"Potensial / Cepat Berkembang"
kabupaten,17,1703,7,2025,0.558,"Non Basis",23762968137.77,"Potensial / Cepat Berkembang"
kabupaten,17,1703,8,2025,0.32,"Non Basis",22557552956.85,"Potensial / Cepat Berkembang"
kabupaten,17,1703,9,2025,0.386,"Non Basis",3583558882.16,"Potensial / Cepat Berkembang"
kabupaten,17,1703,10,2025,0.3652,"Non Basis",4040444490.29,"Potensial / Cepat Berkembang"
kabupaten,17,1703,11,2025,1.0749,Basis,13393680387.7,"Maju dan Tumbuh Cepat"
kabupaten,17,1703,12,2025,0.5125,"Non Basis",216148035.36,"Potensial / Cepat Berkembang"
kabupaten,17,1703,13,2025,0.0487,"Non Basis",331744491.86,"Potensial / Cepat Berkembang"
kabupaten,17,1703,14,2025,0.85,"Non Basis",30145812532.35,"Potensial / Cepat Berkembang"
kabupaten,17,1703,15,2025,0.8631,"Non Basis",23495993415.34,"Potensial / Cepat Berkembang"
kabupaten,17,1703,16,2025,0.6887,"Non Basis",5137693471.79,"Potensial / Cepat Berkembang"
kabupaten,17,1703,17,2025,0.6127,"Non Basis",1601165733.37,"Potensial / Cepat Berkembang"
kabupaten,17,1704,1,2022,1.7918,Basis,-5359764197.86,"Maju tapi Tertekan"
kabupaten,17,1704,2,2022,1.3118,Basis,3458382892.8,"Maju dan Tumbuh Cepat"
kabupaten,17,1704,3,2022,0.6503,"Non Basis",641371096.94,"Potensial / Cepat Berkembang"
kabupaten,17,1704,4,2022,0.7147,"Non Basis",2495295.45,"Potensial / Cepat Berkembang"
kabupaten,17,1704,5,2022,1.1049,Basis,-48634490.88,"Maju tapi Tertekan"
kabupaten,17,1704,6,2022,1.3448,Basis,634298556.83,"Maju dan Tumbuh Cepat"
kabupaten,17,1704,7,2022,0.6318,"Non Basis",3352311478.77,"Potensial / Cepat Berkembang"
kabupaten,17,1704,8,2022,0.5788,"Non Basis",-6390044853.96,"Relatif Tertinggal"
kabupaten,17,1704,9,2022,0.7624,"Non Basis",245653377.77,"Potensial / Cepat Berkembang"
kabupaten,17,1704,10,2022,0.6847,"Non Basis",-349967662.69,"Relatif Tertinggal"
kabupaten,17,1704,11,2022,0.3587,"Non Basis",771571371.29,"Potensial / Cepat Berkembang"
kabupaten,17,1704,12,2022,0.9999,"Non Basis",-138162728.52,"Relatif Tertinggal"
kabupaten,17,1704,13,2022,0.0233,"Non Basis",10691325.93,"Potensial / Cepat Berkembang"
kabupaten,17,1704,14,2022,0.8891,"Non Basis",-52849604.53,"Relatif Tertinggal"
kabupaten,17,1704,15,2022,0.435,"Non Basis",-1377612159.06,"Relatif Tertinggal"
kabupaten,17,1704,16,2022,0.2876,"Non Basis",183214110.73,"Potensial / Cepat Berkembang"
kabupaten,17,1704,17,2022,0.2902,"Non Basis",-95318279.35,"Relatif Tertinggal"
kabupaten,17,1704,1,2023,1.8164,Basis,6608050685.69,"Maju dan Tumbuh Cepat"
kabupaten,17,1704,2,2023,1.2616,Basis,-5036827207.6,"Maju tapi Tertekan"
kabupaten,17,1704,3,2023,0.6543,"Non Basis",-186778862.44,"Relatif Tertinggal"
kabupaten,17,1704,4,2023,0.7071,"Non Basis",-38698606.27,"Relatif Tertinggal"
kabupaten,17,1704,5,2023,1.0913,Basis,-122630499.63,"Maju tapi Tertekan"
kabupaten,17,1704,6,2023,1.3409,Basis,-1707679003.04,"Maju tapi Tertekan"
kabupaten,17,1704,7,2023,0.626,"Non Basis",-4336660311.98,"Relatif Tertinggal"
kabupaten,17,1704,8,2023,0.5798,"Non Basis",-833630559.88,"Relatif Tertinggal"
kabupaten,17,1704,9,2023,0.7626,"Non Basis",-283463242.61,"Relatif Tertinggal"
kabupaten,17,1704,10,2023,0.6872,"Non Basis",-420442483.68,"Relatif Tertinggal"
kabupaten,17,1704,11,2023,0.3612,"Non Basis",-41794955.96,"Relatif Tertinggal"
kabupaten,17,1704,12,2023,1.0016,Basis,-705292493.76,"Maju tapi Tertekan"
kabupaten,17,1704,13,2023,0.0235,"Non Basis",-396596.56,"Relatif Tertinggal"
kabupaten,17,1704,14,2023,0.8956,"Non Basis",-205936764.74,"Relatif Tertinggal"
kabupaten,17,1704,15,2023,0.4385,"Non Basis",-20168678.39,"Relatif Tertinggal"
kabupaten,17,1704,16,2023,0.2883,"Non Basis",-85533690.5,"Relatif Tertinggal"
kabupaten,17,1704,17,2023,0.289,"Non Basis",-81902860.79,"Relatif Tertinggal"
kabupaten,17,1704,1,2024,1.8292,Basis,2894375826.08,"Maju dan Tumbuh Cepat"
kabupaten,17,1704,2,2024,1.2724,Basis,411052127.72,"Maju dan Tumbuh Cepat"
kabupaten,17,1704,3,2024,0.6653,"Non Basis",1115901628.1,"Potensial / Cepat Berkembang"
kabupaten,17,1704,4,2024,0.7098,"Non Basis",-1989274.34,"Relatif Tertinggal"
kabupaten,17,1704,5,2024,1.0967,Basis,1391513.64,"Maju dan Tumbuh Cepat"
kabupaten,17,1704,6,2024,1.3481,Basis,95483870.97,"Maju dan Tumbuh Cepat"
kabupaten,17,1704,7,2024,0.6266,"Non Basis",-928239644.1,"Relatif Tertinggal"
kabupaten,17,1704,8,2024,0.5893,"Non Basis",1540559211.47,"Potensial / Cepat Berkembang"
kabupaten,17,1704,9,2024,0.7658,"Non Basis",-21068353.65,"Relatif Tertinggal"
kabupaten,17,1704,10,2024,0.6904,"Non Basis",-7722829.46,"Relatif Tertinggal"
kabupaten,17,1704,11,2024,0.362,"Non Basis",-72200317.68,"Relatif Tertinggal"
kabupaten,17,1704,12,2024,1.0055,Basis,-100996917.52,"Maju tapi Tertekan"
kabupaten,17,1704,13,2024,0.0236,"Non Basis",-3304190.93,"Relatif Tertinggal"
kabupaten,17,1704,14,2024,0.8995,"Non Basis",-70116800.1,"Relatif Tertinggal"
kabupaten,17,1704,15,2024,0.4394,"Non Basis",-192058503.29,"Relatif Tertinggal"
kabupaten,17,1704,16,2024,0.2897,"Non Basis",3708106.06,"Potensial / Cepat Berkembang"
kabupaten,17,1704,17,2024,0.2901,"Non Basis",-6193187.92,"Relatif Tertinggal"
kabupaten,17,1704,1,2025,1.831,Basis,-1073820749.49,"Maju tapi Tertekan"
kabupaten,17,1704,2,2025,1.386,Basis,8984365491.17,"Maju dan Tumbuh Cepat"
kabupaten,17,1704,3,2025,0.6714,"Non Basis",755749070.63,"Potensial / Cepat Berkembang"
kabupaten,17,1704,4,2025,0.7129,"Non Basis",5905283.51,"Potensial / Cepat Berkembang"
kabupaten,17,1704,5,2025,1.0983,Basis,-2100663.81,"Maju tapi Tertekan"
kabupaten,17,1704,6,2025,1.35,Basis,-59460661.85,"Maju tapi Tertekan"
kabupaten,17,1704,7,2025,0.6247,"Non Basis",-1265094118.08,"Relatif Tertinggal"
kabupaten,17,1704,8,2025,0.613,"Non Basis",5348282880.62,"Potensial / Cepat Berkembang"
kabupaten,17,1704,9,2025,0.7705,"Non Basis",186868394.33,"Potensial / Cepat Berkembang"
kabupaten,17,1704,10,2025,0.6922,"Non Basis",92232960.88,"Potensial / Cepat Berkembang"
kabupaten,17,1704,11,2025,0.3611,"Non Basis",-126759786.71,"Relatif Tertinggal"
kabupaten,17,1704,12,2025,1.0055,Basis,-209630144.89,"Maju tapi Tertekan"
kabupaten,17,1704,13,2025,0.0235,"Non Basis",-5278192.53,"Relatif Tertinggal"
kabupaten,17,1704,14,2025,0.898,"Non Basis",-737920704.19,"Relatif Tertinggal"
kabupaten,17,1704,15,2025,0.4402,"Non Basis",-591133.57,"Relatif Tertinggal"
kabupaten,17,1704,16,2025,0.2888,"Non Basis",-83728452.4,"Relatif Tertinggal"
kabupaten,17,1704,17,2025,0.2882,"Non Basis",-63742607.33,"Relatif Tertinggal"
kabupaten,17,1708,1,2022,1.5239,Basis,9839109738.64,"Maju dan Tumbuh Cepat"
kabupaten,17,1708,2,2022,0.7092,"Non Basis",2308609883.63,"Potensial / Cepat Berkembang"
kabupaten,17,1708,3,2022,1.2799,Basis,2002370134.58,"Maju dan Tumbuh Cepat"
kabupaten,17,1708,4,2022,1.585,Basis,33989352.65,"Maju dan Tumbuh Cepat"
kabupaten,17,1708,5,2022,0.8044,"Non Basis",39983507.95,"Potensial / Cepat Berkembang"
kabupaten,17,1708,6,2022,1.1527,Basis,1605268804.65,"Maju dan Tumbuh Cepat"
kabupaten,17,1708,7,2022,0.6459,"Non Basis",2223094509.97,"Potensial / Cepat Berkembang"
kabupaten,17,1708,8,2022,0.3525,"Non Basis",-4899647046.24,"Relatif Tertinggal"
kabupaten,17,1708,9,2022,1.1553,Basis,351823553.7,"Maju dan Tumbuh Cepat"
kabupaten,17,1708,10,2022,0.4603,"Non Basis",321392026.22,"Potensial / Cepat Berkembang"
kabupaten,17,1708,11,2022,0.3594,"Non Basis",1057001108.73,"Potensial / Cepat Berkembang"
kabupaten,17,1708,12,2022,0.7814,"Non Basis",88953855.08,"Potensial / Cepat Berkembang"
kabupaten,17,1708,13,2022,0.0635,"Non Basis",-14522768.85,"Relatif Tertinggal"
kabupaten,17,1708,14,2022,1.5554,Basis,-863379315.95,"Maju tapi Tertekan"
kabupaten,17,1708,15,2022,0.821,"Non Basis",130249441.97,"Potensial / Cepat Berkembang"
kabupaten,17,1708,16,2022,0.7656,"Non Basis",77873380.7,"Potensial / Cepat Berkembang"
kabupaten,17,1708,17,2022,0.7818,"Non Basis",167808189.18,"Potensial / Cepat Berkembang"
kabupaten,17,1708,1,2023,1.5328,Basis,4388925887.97,"Maju dan Tumbuh Cepat"
kabupaten,17,1708,2,2023,0.6917,"Non Basis",-1980929079.82,"Relatif Tertinggal"
kabupaten,17,1708,3,2023,1.298,Basis,2643323164.14,"Maju dan Tumbuh Cepat"
kabupaten,17,1708,4,2023,1.6101,Basis,76532472.13,"Maju dan Tumbuh Cepat"
kabupaten,17,1708,5,2023,0.8045,"Non Basis",-12514970.17,"Relatif Tertinggal"
kabupaten,17,1708,6,2023,1.1573,Basis,265966760.09,"Maju dan Tumbuh Cepat"
kabupaten,17,1708,7,2023,0.6478,"Non Basis",167355132.01,"Potensial / Cepat Berkembang"
kabupaten,17,1708,8,2023,0.3536,"Non Basis",69403836.94,"Potensial / Cepat Berkembang"
kabupaten,17,1708,9,2023,1.1589,Basis,49661528.51,"Maju dan Tumbuh Cepat"
kabupaten,17,1708,10,2023,0.4613,"Non Basis",-24094640.56,"Relatif Tertinggal"
kabupaten,17,1708,11,2023,0.3638,"Non Basis",331267677.12,"Potensial / Cepat Berkembang"
kabupaten,17,1708,12,2023,0.7828,"Non Basis",-54706807.15,"Relatif Tertinggal"
kabupaten,17,1708,13,2023,0.0638,"Non Basis",10446141.41,"Potensial / Cepat Berkembang"
kabupaten,17,1708,14,2023,1.5597,Basis,160722368.95,"Maju dan Tumbuh Cepat"
kabupaten,17,1708,15,2023,0.8231,"Non Basis",29511234.27,"Potensial / Cepat Berkembang"
kabupaten,17,1708,16,2023,0.7654,"Non Basis",-129804936.64,"Relatif Tertinggal"
kabupaten,17,1708,17,2023,0.7843,"Non Basis",15996925.89,"Potensial / Cepat Berkembang"
kabupaten,17,1708,1,2024,1.5369,Basis,-1027497916.99,"Maju tapi Tertekan"
kabupaten,17,1708,2,2024,0.7047,"Non Basis",1122668668.03,"Potensial / Cepat Berkembang"
kabupaten,17,1708,3,2024,1.3175,Basis,2670758154.04,"Maju dan Tumbuh Cepat"
kabupaten,17,1708,4,2024,1.6159,Basis,1005490.2,"Maju dan Tumbuh Cepat"
kabupaten,17,1708,5,2024,0.8057,"Non Basis",-10701146.37,"Relatif Tertinggal"
kabupaten,17,1708,6,2024,1.1551,Basis,-934271486.66,"Maju tapi Tertekan"
kabupaten,17,1708,7,2024,0.6473,"Non Basis",-1343316654.12,"Relatif Tertinggal"
kabupaten,17,1708,8,2024,0.3595,"Non Basis",1327799405.26,"Potensial / Cepat Berkembang"
kabupaten,17,1708,9,2024,1.1642,Basis,80744987.91,"Maju dan Tumbuh Cepat"
kabupaten,17,1708,10,2024,0.4621,"Non Basis",-147448737.96,"Relatif Tertinggal"
kabupaten,17,1708,11,2024,0.3644,"Non Basis",-70566061.41,"Relatif Tertinggal"
kabupaten,17,1708,12,2024,0.7839,"Non Basis",-232338051.19,"Relatif Tertinggal"
kabupaten,17,1708,13,2024,0.064,"Non Basis",3456524.48,"Potensial / Cepat Berkembang"
kabupaten,17,1708,14,2024,1.5547,Basis,-3100208259.66,"Maju tapi Tertekan"
kabupaten,17,1708,15,2024,0.824,"Non Basis",-401280570.31,"Relatif Tertinggal"
kabupaten,17,1708,16,2024,0.7677,"Non Basis",-26788127.12,"Relatif Tertinggal"
kabupaten,17,1708,17,2024,0.7842,"Non Basis",-86246011.6,"Relatif Tertinggal"
kabupaten,17,1707,1,2022,1.4682,Basis,-3722670369.77,"Maju tapi Tertekan"
kabupaten,17,1707,2,2022,1.5848,Basis,533120411.16,"Maju dan Tumbuh Cepat"
kabupaten,17,1707,3,2022,0.9753,"Non Basis",-43479981.13,"Relatif Tertinggal"
kabupaten,17,1707,4,2022,1.0863,Basis,767783.21,"Maju dan Tumbuh Cepat"
kabupaten,17,1707,5,2022,1.3438,Basis,16268393.17,"Maju dan Tumbuh Cepat"
kabupaten,17,1707,6,2022,1.8108,Basis,28980891.15,"Maju dan Tumbuh Cepat"
kabupaten,17,1707,7,2022,0.5999,"Non Basis",1327402427.5,"Potensial / Cepat Berkembang"
kabupaten,17,1707,8,2022,0.5521,"Non Basis",-9347955493.74,"Relatif Tertinggal"
kabupaten,17,1707,9,2022,0.781,"Non Basis",-227137046.38,"Relatif Tertinggal"
kabupaten,17,1707,10,2022,0.3769,"Non Basis",-328081570.24,"Relatif Tertinggal"
kabupaten,17,1707,11,2022,0.3455,"Non Basis",146019851.35,"Potensial / Cepat Berkembang"
kabupaten,17,1707,12,2022,1.4265,Basis,-105697867.26,"Maju tapi Tertekan"
kabupaten,17,1707,13,2022,0.0812,"Non Basis",-47626053.73,"Relatif Tertinggal"
kabupaten,17,1707,14,2022,1.3099,Basis,-18258809.48,"Maju tapi Tertekan"
kabupaten,17,1707,15,2022,0.4295,"Non Basis",-1151099086.8,"Relatif Tertinggal"
kabupaten,17,1707,16,2022,0.4335,"Non Basis",121670749.63,"Potensial / Cepat Berkembang"
kabupaten,17,1707,17,2022,0.819,"Non Basis",-182771278.23,"Relatif Tertinggal"
kabupaten,17,1707,1,2023,1.4661,Basis,-13939163024.76,"Maju tapi Tertekan"
kabupaten,17,1707,2,2023,1.5578,Basis,-3729530842.75,"Maju tapi Tertekan"
kabupaten,17,1707,3,2023,0.9941,"Non Basis",703407854.98,"Potensial / Cepat Berkembang"
kabupaten,17,1707,4,2023,1.0819,Basis,-51522648.08,"Maju tapi Tertekan"
kabupaten,17,1707,5,2023,1.3487,Basis,-67800149.14,"Maju tapi Tertekan"
kabupaten,17,1707,6,2023,1.8233,Basis,-1319633456.77,"Maju tapi Tertekan"
kabupaten,17,1707,7,2023,0.6002,"Non Basis",-2891060809.52,"Relatif Tertinggal"
kabupaten,17,1707,8,2023,0.5457,"Non Basis",-2851524340.08,"Relatif Tertinggal"
kabupaten,17,1707,9,2023,0.7883,"Non Basis",-148194570.03,"Relatif Tertinggal"
kabupaten,17,1707,10,2023,0.3806,"Non Basis",-184308426.26,"Relatif Tertinggal"
kabupaten,17,1707,11,2023,0.3519,"Non Basis",109481372.07,"Potensial / Cepat Berkembang"
kabupaten,17,1707,12,2023,1.4438,Basis,-236349810.06,"Maju tapi Tertekan"
kabupaten,17,1707,13,2023,0.082,"Non Basis",-15504590.4,"Relatif Tertinggal"
kabupaten,17,1707,14,2023,1.3274,Basis,-99512586.78,"Maju tapi Tertekan"
kabupaten,17,1707,15,2023,0.433,"Non Basis",-353356597.85,"Relatif Tertinggal"
kabupaten,17,1707,16,2023,0.438,"Non Basis",-68117144.03,"Relatif Tertinggal"
kabupaten,17,1707,17,2023,0.827,"Non Basis",-67220949.19,"Relatif Tertinggal"
kabupaten,17,1707,1,2024,1.4698,Basis,-649709720.15,"Maju tapi Tertekan"
kabupaten,17,1707,2,2024,1.6041,Basis,3224822719.05,"Maju dan Tumbuh Cepat"
kabupaten,17,1707,3,2024,1.0061,Basis,1158313972.43,"Maju dan Tumbuh Cepat"
kabupaten,17,1707,4,2024,1.0867,Basis,3680241.33,"Maju dan Tumbuh Cepat"
kabupaten,17,1707,5,2024,1.3529,Basis,-968978.43,"Maju tapi Tertekan"
kabupaten,17,1707,6,2024,1.827,Basis,-248560420.54,"Maju tapi Tertekan"
kabupaten,17,1707,7,2024,0.5997,"Non Basis",-926727051.47,"Relatif Tertinggal"
kabupaten,17,1707,8,2024,0.5547,"Non Basis",1532058137.41,"Potensial / Cepat Berkembang"
kabupaten,17,1707,9,2024,0.7917,"Non Basis",37972329.37,"Potensial / Cepat Berkembang"
kabupaten,17,1707,10,2024,0.3803,"Non Basis",-211092596.77,"Relatif Tertinggal"
kabupaten,17,1707,11,2024,0.3526,"Non Basis",-29061179,"Relatif Tertinggal"
kabupaten,17,1707,12,2024,1.4461,Basis,-256552271.61,"Maju tapi Tertekan"
kabupaten,17,1707,13,2024,0.0822,"Non Basis",-6186008.37,"Relatif Tertinggal"
kabupaten,17,1707,14,2024,1.3258,Basis,-1299133820.29,"Maju tapi Tertekan"
kabupaten,17,1707,15,2024,0.4331,"Non Basis",-206614619.13,"Relatif Tertinggal"
kabupaten,17,1707,16,2024,0.4393,"Non Basis",-8783379.97,"Relatif Tertinggal"
kabupaten,17,1707,17,2024,0.8298,"Non Basis",1292575.48,"Potensial / Cepat Berkembang"
kabupaten,17,1707,1,2025,1.4551,Basis,-17005893439.01,"Maju tapi Tertekan"
kabupaten,17,1707,2,2025,1.7687,Basis,11366381477.36,"Maju dan Tumbuh Cepat"
kabupaten,17,1707,3,2025,1.0247,Basis,1577264447.45,"Maju dan Tumbuh Cepat"
kabupaten,17,1707,4,2025,1.0965,Basis,4652061.86,"Maju dan Tumbuh Cepat"
kabupaten,17,1707,5,2025,1.3588,Basis,-22406520.46,"Maju tapi Tertekan"
kabupaten,17,1707,6,2025,1.8409,Basis,24842851.26,"Maju dan Tumbuh Cepat"
kabupaten,17,1707,7,2025,0.5993,"Non Basis",-1873977253.36,"Relatif Tertinggal"
kabupaten,17,1707,8,2025,0.5862,"Non Basis",5950061431.43,"Potensial / Cepat Berkembang"
kabupaten,17,1707,9,2025,0.7751,"Non Basis",-1182206341.45,"Relatif Tertinggal"
kabupaten,17,1707,10,2025,0.3831,"Non Basis",-16371478.86,"Relatif Tertinggal"
kabupaten,17,1707,11,2025,0.3538,"Non Basis",-119745539.35,"Relatif Tertinggal"
kabupaten,17,1707,12,2025,1.4585,Basis,170371509.28,"Maju dan Tumbuh Cepat"
kabupaten,17,1707,13,2025,0.0827,"Non Basis",-2913347.63,"Relatif Tertinggal"
kabupaten,17,1707,14,2025,1.3376,Basis,405302753.33,"Maju dan Tumbuh Cepat"
kabupaten,17,1707,15,2025,0.4357,"Non Basis",-108833851.57,"Relatif Tertinggal"
kabupaten,17,1707,16,2025,0.4427,"Non Basis",7213727.84,"Potensial / Cepat Berkembang"
kabupaten,17,1707,17,2025,0.8362,"Non Basis",4400825.23,"Potensial / Cepat Berkembang"
kabupaten,17,1702,1,2022,1.0926,Basis,12958189190.92,"Maju dan Tumbuh Cepat"
kabupaten,17,1702,2,2022,0.4135,"Non Basis",3221520925.11,"Potensial / Cepat Berkembang"
kabupaten,17,1702,3,2022,0.7045,"Non Basis",1423304327.79,"Potensial / Cepat Berkembang"
kabupaten,17,1702,4,2022,0.9647,"Non Basis",-106729394.05,"Relatif Tertinggal"
kabupaten,17,1702,5,2022,0.7992,"Non Basis",-209935256.03,"Relatif Tertinggal"
kabupaten,17,1702,6,2022,0.8325,"Non Basis",1058144690.16,"Potensial / Cepat Berkembang"
kabupaten,17,1702,7,2022,1.1589,Basis,16136535160.46,"Maju dan Tumbuh Cepat"
kabupaten,17,1702,8,2022,0.7112,"Non Basis",-30473588664.81,"Relatif Tertinggal"
kabupaten,17,1702,9,2022,1.096,Basis,-1530874519.12,"Maju tapi Tertekan"
kabupaten,17,1702,10,2022,0.6679,"Non Basis",-613730948.56,"Relatif Tertinggal"
kabupaten,17,1702,11,2022,0.9714,"Non Basis",6537351332.82,"Potensial / Cepat Berkembang"
kabupaten,17,1702,12,2022,0.9092,"Non Basis",-1691320501.1,"Relatif Tertinggal"
kabupaten,17,1702,13,2022,0.0669,"Non Basis",-32917946.9,"Relatif Tertinggal"
kabupaten,17,1702,14,2022,1.077,Basis,-1380189061.13,"Maju tapi Tertekan"
kabupaten,17,1702,15,2022,1.5961,Basis,-1888026362.02,"Maju tapi Tertekan"
kabupaten,17,1702,16,2022,1.5499,Basis,4508045075.94,"Maju dan Tumbuh Cepat"
kabupaten,17,1702,17,2022,1.5235,Basis,640589557.58,"Maju dan Tumbuh Cepat"
kabupaten,17,1702,1,2023,1.094,Basis,-1445627121.91,"Maju tapi Tertekan"
kabupaten,17,1702,2,2023,0.4022,"Non Basis",-2721379015.1,"Relatif Tertinggal"
kabupaten,17,1702,3,2023,0.7158,"Non Basis",3768895726.73,"Potensial / Cepat Berkembang"
kabupaten,17,1702,4,2023,0.9607,"Non Basis",-47111498.26,"Relatif Tertinggal"
kabupaten,17,1702,5,2023,0.8155,"Non Basis",216614466.82,"Potensial / Cepat Berkembang"
kabupaten,17,1702,6,2023,0.8331,"Non Basis",-343636162.05,"Relatif Tertinggal"
kabupaten,17,1702,7,2023,1.1628,Basis,1683035627.71,"Maju dan Tumbuh Cepat"
kabupaten,17,1702,8,2023,0.7026,"Non Basis",-6002577626.79,"Relatif Tertinggal"
kabupaten,17,1702,9,2023,1.0927,Basis,-702281399.76,"Maju tapi Tertekan"
kabupaten,17,1702,10,2023,0.6664,"Non Basis",-1053981195.22,"Relatif Tertinggal"
kabupaten,17,1702,11,2023,0.969,"Non Basis",-899076535.92,"Relatif Tertinggal"
kabupaten,17,1702,12,2023,0.9169,"Non Basis",1719205336.86,"Potensial / Cepat Berkembang"
kabupaten,17,1702,13,2023,0.0669,"Non Basis",-17289274.91,"Relatif Tertinggal"
kabupaten,17,1702,14,2023,1.0854,Basis,3708729290.64,"Maju dan Tumbuh Cepat"
kabupaten,17,1702,15,2023,1.5912,Basis,-3467786447.04,"Maju tapi Tertekan"
kabupaten,17,1702,16,2023,1.5739,Basis,2883149598.19,"Maju dan Tumbuh Cepat"
kabupaten,17,1702,17,2023,1.6007,Basis,4513123006.78,"Maju dan Tumbuh Cepat"
kabupaten,17,1702,1,2024,1.1014,Basis,7027198863.08,"Maju dan Tumbuh Cepat"
kabupaten,17,1702,2,2024,0.4012,"Non Basis",-528049150.66,"Relatif Tertinggal"
kabupaten,17,1702,3,2024,0.7188,"Non Basis",211736753.47,"Potensial / Cepat Berkembang"
kabupaten,17,1702,4,2024,0.9598,"Non Basis",-32916038.21,"Relatif Tertinggal"
kabupaten,17,1702,5,2024,0.8177,"Non Basis",-8784988.41,"Relatif Tertinggal"
kabupaten,17,1702,6,2024,0.8259,"Non Basis",-3267577774.02,"Relatif Tertinggal"
kabupaten,17,1702,7,2024,1.1599,Basis,-7482701895.79,"Maju tapi Tertekan"
kabupaten,17,1702,8,2024,0.6865,"Non Basis",-11377473742.3,"Relatif Tertinggal"
kabupaten,17,1702,9,2024,1.0983,Basis,283328292.96,"Maju dan Tumbuh Cepat"
kabupaten,17,1702,10,2024,0.6715,"Non Basis",1163611823.2,"Potensial / Cepat Berkembang"
kabupaten,17,1702,11,2024,0.9692,"Non Basis",-644107293.83,"Relatif Tertinggal"
kabupaten,17,1702,12,2024,0.9148,"Non Basis",-1567768411.93,"Relatif Tertinggal"
kabupaten,17,1702,13,2024,0.0672,"Non Basis",23945132.45,"Potensial / Cepat Berkembang"
kabupaten,17,1702,14,2024,1.0756,Basis,-8671683868.08,"Maju tapi Tertekan"
kabupaten,17,1702,15,2024,1.5958,Basis,-343352291.04,"Maju tapi Tertekan"
kabupaten,17,1702,16,2024,1.573,Basis,-922985248.78,"Maju tapi Tertekan"
kabupaten,17,1702,17,2024,1.6142,Basis,538688084.24,"Maju dan Tumbuh Cepat"
kabupaten,17,1702,1,2025,1.0887,Basis,-36947087998.48,"Maju tapi Tertekan"
kabupaten,17,1702,2,2025,0.4435,"Non Basis",8743788943.64,"Potensial / Cepat Berkembang"
kabupaten,17,1702,3,2025,0.7297,"Non Basis",2861232679.96,"Potensial / Cepat Berkembang"
kabupaten,17,1702,4,2025,0.9601,"Non Basis",-42851159.79,"Relatif Tertinggal"
kabupaten,17,1702,5,2025,0.8227,"Non Basis",5734812.2,"Potensial / Cepat Berkembang"
kabupaten,17,1702,6,2025,0.8271,"Non Basis",-1170733041.01,"Relatif Tertinggal"
kabupaten,17,1702,7,2025,1.1621,Basis,-4939091540.88,"Maju tapi Tertekan"
kabupaten,17,1702,8,2025,0.6924,"Non Basis",1276522981.27,"Potensial / Cepat Berkembang"
kabupaten,17,1702,9,2025,1.1006,Basis,-615728363.49,"Maju tapi Tertekan"
kabupaten,17,1702,10,2025,0.6689,"Non Basis",-2822207106.43,"Relatif Tertinggal"
kabupaten,17,1702,11,2025,0.9724,"Non Basis",-554424639.56,"Relatif Tertinggal"
kabupaten,17,1702,12,2025,0.9194,"Non Basis",-217911124.5,"Relatif Tertinggal"
kabupaten,17,1702,13,2025,0.0673,"Non Basis",-55146770.15,"Relatif Tertinggal"
kabupaten,17,1702,14,2025,1.0737,Basis,-5195833805.16,"Maju tapi Tertekan"
kabupaten,17,1702,15,2025,1.5895,Basis,-7475151813.07,"Maju tapi Tertekan"
kabupaten,17,1702,16,2025,1.5831,Basis,174272382.54,"Maju dan Tumbuh Cepat"
kabupaten,17,1702,17,2025,1.616,Basis,-539751842.03,"Maju tapi Tertekan"
kabupaten,17,1705,1,2022,1.717,Basis,-31255658396.98,"Maju tapi Tertekan"
kabupaten,17,1705,2,2022,1.0939,Basis,5504978707.78,"Maju dan Tumbuh Cepat"
kabupaten,17,1705,3,2022,1.4729,Basis,5372943444.59,"Maju dan Tumbuh Cepat"
kabupaten,17,1705,4,2022,1.0976,Basis,-89397817.09,"Maju tapi Tertekan"
kabupaten,17,1705,5,2022,0.8339,"Non Basis",-62395526.78,"Relatif Tertinggal"
kabupaten,17,1705,6,2022,1.1817,Basis,5661795778.09,"Maju dan Tumbuh Cepat"
kabupaten,17,1705,7,2022,0.5467,"Non Basis",3467445308.53,"Potensial / Cepat Berkembang"
kabupaten,17,1705,8,2022,0.2736,"Non Basis",-5766590751.04,"Relatif Tertinggal"
kabupaten,17,1705,9,2022,0.9172,"Non Basis",-324391708.12,"Relatif Tertinggal"
kabupaten,17,1705,10,2022,0.2537,"Non Basis",1161189586.88,"Potensial / Cepat Berkembang"
kabupaten,17,1705,11,2022,0.2534,"Non Basis",1596301059.4,"Potensial / Cepat Berkembang"
kabupaten,17,1705,12,2022,1.0741,Basis,2257194944.47,"Maju dan Tumbuh Cepat"
kabupaten,17,1705,13,2022,0.0566,"Non Basis",-4731741.9,"Relatif Tertinggal"
kabupaten,17,1705,14,2022,1.0586,Basis,-18440338.95,"Maju tapi Tertekan"
kabupaten,17,1705,15,2022,0.8096,"Non Basis",-8661113877.37,"Relatif Tertinggal"
kabupaten,17,1705,16,2022,0.4968,"Non Basis",-1347643312.1,"Relatif Tertinggal"
kabupaten,17,1705,17,2022,0.7778,"Non Basis",-915969653.62,"Relatif Tertinggal"
kabupaten,17,1705,1,2023,1.7262,Basis,-15196989261.52,"Maju tapi Tertekan"
kabupaten,17,1705,2,2023,1.0254,Basis,-8770908220.95,"Maju tapi Tertekan"
kabupaten,17,1705,3,2023,1.4801,Basis,-2838125700.71,"Maju tapi Tertekan"
kabupaten,17,1705,4,2023,1.1544,Basis,139325783.97,"Maju dan Tumbuh Cepat"
kabupaten,17,1705,5,2023,0.8387,"Non Basis",-57101044,"Relatif Tertinggal"
kabupaten,17,1705,6,2023,1.18,Basis,-2914706964.99,"Maju tapi Tertekan"
kabupaten,17,1705,7,2023,0.5525,"Non Basis",-1405340779.57,"Relatif Tertinggal"
kabupaten,17,1705,8,2023,0.2739,"Non Basis",-1120435172.11,"Relatif Tertinggal"
kabupaten,17,1705,9,2023,0.9215,"Non Basis",-599206641.65,"Relatif Tertinggal"
kabupaten,17,1705,10,2023,0.2557,"Non Basis",-350454255.97,"Relatif Tertinggal"
kabupaten,17,1705,11,2023,0.2674,"Non Basis",924014989.88,"Potensial / Cepat Berkembang"
kabupaten,17,1705,12,2023,1.1202,Basis,3894161995.83,"Maju dan Tumbuh Cepat"
kabupaten,17,1705,13,2023,0.0579,"Non Basis",26457165.1,"Potensial / Cepat Berkembang"
kabupaten,17,1705,14,2023,1.0748,Basis,-204049015.93,"Maju tapi Tertekan"
kabupaten,17,1705,15,2023,0.8224,"Non Basis",-43932745.55,"Relatif Tertinggal"
kabupaten,17,1705,16,2023,0.5043,"Non Basis",-30115392.54,"Relatif Tertinggal"
kabupaten,17,1705,17,2023,0.7795,"Non Basis",-297313080.25,"Relatif Tertinggal"
kabupaten,17,1705,1,2024,1.73,Basis,-4866133404.57,"Maju tapi Tertekan"
kabupaten,17,1705,2,2024,1.0357,Basis,474658688.93,"Maju dan Tumbuh Cepat"
kabupaten,17,1705,3,2024,1.5362,Basis,8382634831.79,"Maju dan Tumbuh Cepat"
kabupaten,17,1705,4,2024,1.1674,Basis,24405899.11,"Maju dan Tumbuh Cepat"
kabupaten,17,1705,5,2024,0.846,"Non Basis",19047958.64,"Potensial / Cepat Berkembang"
kabupaten,17,1705,6,2024,1.1756,Basis,-1616984377.64,"Maju tapi Tertekan"
kabupaten,17,1705,7,2024,0.5599,"Non Basis",2144488855.83,"Potensial / Cepat Berkembang"
kabupaten,17,1705,8,2024,0.2787,"Non Basis",935063135.01,"Potensial / Cepat Berkembang"
kabupaten,17,1705,9,2024,0.9404,"Non Basis",870777554.9,"Potensial / Cepat Berkembang"
kabupaten,17,1705,10,2024,0.2574,"Non Basis",50447490,"Potensial / Cepat Berkembang"
kabupaten,17,1705,11,2024,0.268,"Non Basis",-87636487.08,"Relatif Tertinggal"
kabupaten,17,1705,12,2024,1.1277,Basis,174918736.76,"Maju dan Tumbuh Cepat"
kabupaten,17,1705,13,2024,0.0584,"Non Basis",15161158.04,"Potensial / Cepat Berkembang"
kabupaten,17,1705,14,2024,1.072,Basis,-2553291710.88,"Maju tapi Tertekan"
kabupaten,17,1705,15,2024,0.8268,"Non Basis",-28878413.15,"Relatif Tertinggal"
kabupaten,17,1705,16,2024,0.4993,"Non Basis",-530306123.42,"Relatif Tertinggal"
kabupaten,17,1705,17,2024,0.7883,"Non Basis",137169872.14,"Potensial / Cepat Berkembang"
kabupaten,17,1705,1,2025,1.7064,Basis,-35999336634.76,"Maju tapi Tertekan"
kabupaten,17,1705,2,2025,1.1311,Basis,8401818032.15,"Maju dan Tumbuh Cepat"
kabupaten,17,1705,3,2025,1.5686,Basis,3200683169.99,"Maju dan Tumbuh Cepat"
kabupaten,17,1705,4,2025,1.1764,Basis,-10647551.55,"Maju tapi Tertekan"
kabupaten,17,1705,5,2025,0.8543,"Non Basis",-2003193.01,"Relatif Tertinggal"
kabupaten,17,1705,6,2025,1.1584,Basis,-4396217997.66,"Maju tapi Tertekan"
kabupaten,17,1705,7,2025,0.5649,"Non Basis",-310282324.44,"Relatif Tertinggal"
kabupaten,17,1705,8,2025,0.2945,"Non Basis",3758704611.06,"Potensial / Cepat Berkembang"
kabupaten,17,1705,9,2025,0.9605,"Non Basis",734118178.06,"Potensial / Cepat Berkembang"
kabupaten,17,1705,10,2025,0.2618,"Non Basis",355270375.7,"Potensial / Cepat Berkembang"
kabupaten,17,1705,11,2025,0.2678,"Non Basis",-308092698.98,"Relatif Tertinggal"
kabupaten,17,1705,12,2025,1.1372,Basis,-280169064.5,"Maju tapi Tertekan"
kabupaten,17,1705,13,2025,0.0589,"Non Basis",-2797689.88,"Relatif Tertinggal"
kabupaten,17,1705,14,2025,1.0835,Basis,179312354.41,"Maju dan Tumbuh Cepat"
kabupaten,17,1705,15,2025,0.8402,"Non Basis",1122737665.19,"Potensial / Cepat Berkembang"
kabupaten,17,1705,16,2025,0.505,"Non Basis",49480074.45,"Potensial / Cepat Berkembang"
kabupaten,17,1705,17,2025,0.7967,"Non Basis",11571863.64,"Potensial / Cepat Berkembang"
kabupaten,17,1771,1,2022,0.2742,"Non Basis",-11291430816.22,"Relatif Tertinggal"
kabupaten,17,1771,2,2022,0.0406,"Non Basis",764251835.54,"Potensial / Cepat Berkembang"
kabupaten,17,1771,3,2022,0.5437,"Non Basis",-2873057966.68,"Relatif Tertinggal"
kabupaten,17,1771,4,2022,1.0352,Basis,-343906661.65,"Maju tapi Tertekan"
kabupaten,17,1771,5,2022,1.2348,Basis,-495214832.25,"Maju tapi Tertekan"
kabupaten,17,1771,6,2022,0.9286,"Non Basis",-283439547.93,"Relatif Tertinggal"
kabupaten,17,1771,7,2022,1.3486,Basis,180626300.8,"Maju dan Tumbuh Cepat"
kabupaten,17,1771,8,2022,1.9418,Basis,70326466968.01,"Maju dan Tumbuh Cepat"
kabupaten,17,1771,9,2022,1.1568,Basis,646063806.33,"Maju dan Tumbuh Cepat"
kabupaten,17,1771,10,2022,1.9577,Basis,-10811609595.91,"Maju tapi Tertekan"
kabupaten,17,1771,11,2022,1.3684,Basis,2473746418.8,"Maju dan Tumbuh Cepat"
kabupaten,17,1771,12,2022,1.2095,Basis,-8555865305.12,"Maju tapi Tertekan"
kabupaten,17,1771,13,2022,2.8088,Basis,-4059963562.59,"Maju tapi Tertekan"
kabupaten,17,1771,14,2022,0.7655,"Non Basis",-128448220.38,"Relatif Tertinggal"
kabupaten,17,1771,15,2022,1.2507,Basis,-22351886902.31,"Maju tapi Tertekan"
kabupaten,17,1771,16,2022,1.4935,Basis,-4416330230.28,"Maju tapi Tertekan"
kabupaten,17,1771,17,2022,1.4408,Basis,-3205790845,"Maju tapi Tertekan"
kabupaten,17,1771,1,2023,0.2768,"Non Basis",28052315646.09,"Potensial / Cepat Berkembang"
kabupaten,17,1771,2,2023,0.038,"Non Basis",-1217607877.21,"Relatif Tertinggal"
kabupaten,17,1771,3,2023,0.5365,"Non Basis",-602520475.7,"Relatif Tertinggal"
kabupaten,17,1771,4,2023,1.0144,Basis,-167777003.48,"Maju tapi Tertekan"
kabupaten,17,1771,5,2023,1.2465,Basis,1011579045.49,"Maju dan Tumbuh Cepat"
kabupaten,17,1771,6,2023,0.9214,"Non Basis",3189609064.9,"Potensial / Cepat Berkembang"
kabupaten,17,1771,7,2023,1.355,Basis,62421989186.03,"Maju dan Tumbuh Cepat"
kabupaten,17,1771,8,2023,1.9144,Basis,-6262754534.07,"Maju tapi Tertekan"
kabupaten,17,1771,9,2023,1.1416,Basis,-404917601.05,"Maju tapi Tertekan"
kabupaten,17,1771,10,2023,1.9333,Basis,-869902425.09,"Maju tapi Tertekan"
kabupaten,17,1771,11,2023,1.3516,Basis,-142061381.91,"Maju tapi Tertekan"
kabupaten,17,1771,12,2023,1.1853,Basis,-7446076542.77,"Maju tapi Tertekan"
kabupaten,17,1771,13,2023,2.7769,Basis,816699510,"Maju dan Tumbuh Cepat"
kabupaten,17,1771,14,2023,0.755,"Non Basis",-1930327346.94,"Relatif Tertinggal"
kabupaten,17,1771,15,2023,1.2212,Basis,-16208120103.61,"Maju tapi Tertekan"
kabupaten,17,1771,16,2023,1.4734,Basis,-762674119.1,"Maju tapi Tertekan"
kabupaten,17,1771,17,2023,1.4203,Basis,-496439252.56,"Maju tapi Tertekan"
kabupaten,17,1771,1,2024,0.2804,"Non Basis",26889832988.6,"Potensial / Cepat Berkembang"
kabupaten,17,1771,2,2024,0.0383,"Non Basis",355353452.8,"Potensial / Cepat Berkembang"
kabupaten,17,1771,3,2024,0.5361,"Non Basis",3411442447.19,"Potensial / Cepat Berkembang"
kabupaten,17,1771,4,2024,1.0049,Basis,-49586056.64,"Maju tapi Tertekan"
kabupaten,17,1771,5,2024,1.238,Basis,11040292.39,"Maju dan Tumbuh Cepat"
kabupaten,17,1771,6,2024,0.9099,"Non Basis",-4240368349.94,"Relatif Tertinggal"
kabupaten,17,1771,7,2024,1.3434,Basis,-5782610025.32,"Maju tapi Tertekan"
kabupaten,17,1771,8,2024,1.9,Basis,-1246965430.2,"Maju tapi Tertekan"
kabupaten,17,1771,9,2024,1.1338,Basis,120722419.38,"Maju dan Tumbuh Cepat"
kabupaten,17,1771,10,2024,1.9157,Basis,-4137067088.29,"Maju tapi Tertekan"
kabupaten,17,1771,11,2024,1.3379,Basis,-2312876796.56,"Maju tapi Tertekan"
kabupaten,17,1771,12,2024,1.1766,Basis,-225358509.09,"Maju tapi Tertekan"
kabupaten,17,1771,13,2024,2.7525,Basis,-2143128352.33,"Maju tapi Tertekan"
kabupaten,17,1771,14,2024,0.7394,"Non Basis",-17388385668.31,"Relatif Tertinggal"
kabupaten,17,1771,15,2024,1.2068,Basis,-6850559728.96,"Maju tapi Tertekan"
kabupaten,17,1771,16,2024,1.4663,Basis,1308175117.39,"Maju dan Tumbuh Cepat"
kabupaten,17,1771,17,2024,1.41,Basis,-43447942.41,"Maju tapi Tertekan"
kabupaten,17,1771,1,2025,0.2825,"Non Basis",21613006505,"Potensial / Cepat Berkembang"
kabupaten,17,1771,2,2025,0.0417,"Non Basis",2140007039.38,"Potensial / Cepat Berkembang"
kabupaten,17,1771,3,2025,0.5315,"Non Basis",-743297059.82,"Relatif Tertinggal"
kabupaten,17,1771,4,2025,0.9959,"Non Basis",-38672680.41,"Relatif Tertinggal"
kabupaten,17,1771,5,2025,1.2354,Basis,263077052.35,"Maju dan Tumbuh Cepat"
kabupaten,17,1771,6,2025,0.9112,"Non Basis",6932980769.62,"Potensial / Cepat Berkembang"
kabupaten,17,1771,7,2025,1.338,Basis,12896629260.23,"Maju dan Tumbuh Cepat"
kabupaten,17,1771,8,2025,1.8504,Basis,-61006324624.38,"Maju tapi Tertekan"
kabupaten,17,1771,9,2025,1.1293,Basis,1486735810.73,"Maju dan Tumbuh Cepat"
kabupaten,17,1771,10,2025,1.9015,Basis,-343515045.23,"Maju tapi Tertekan"
kabupaten,17,1771,11,2025,1.3382,Basis,6157133461.27,"Maju dan Tumbuh Cepat"
kabupaten,17,1771,12,2025,1.1686,Basis,498237547.08,"Maju dan Tumbuh Cepat"
kabupaten,17,1771,13,2025,2.734,Basis,666360342.88,"Maju dan Tumbuh Cepat"
kabupaten,17,1771,14,2025,0.7299,"Non Basis",-7156641625.95,"Relatif Tertinggal"
kabupaten,17,1771,15,2025,1.2079,Basis,12697508688.1,"Maju dan Tumbuh Cepat"
kabupaten,17,1771,16,2025,1.4709,Basis,6471543251.75,"Maju dan Tumbuh Cepat"
kabupaten,17,1771,17,2025,1.4084,Basis,1660442086.65,"Maju dan Tumbuh Cepat"
kabupaten,18,1804,1,2022,1.6943,Basis,-32994397610.94,"Maju tapi Tertekan"
kabupaten,18,1804,2,2022,0.4657,"Non Basis",7568320619.4,"Potensial / Cepat Berkembang"
kabupaten,18,1804,3,2022,0.2628,"Non Basis",979147382.8,"Potensial / Cepat Berkembang"
kabupaten,18,1804,4,2022,0.1097,"Non Basis",-28240235.92,"Relatif Tertinggal"
kabupaten,18,1804,5,2022,0.9589,"Non Basis",-382178979.77,"Relatif Tertinggal"
kabupaten,18,1804,6,2022,0.4439,"Non Basis",5556931101.37,"Potensial / Cepat Berkembang"
kabupaten,18,1804,7,2022,1.0555,Basis,-7187947540.29,"Maju tapi Tertekan"
kabupaten,18,1804,8,2022,0.5219,"Non Basis",1737399042.72,"Potensial / Cepat Berkembang"
kabupaten,18,1804,9,2022,0.7901,"Non Basis",-1002563708.91,"Relatif Tertinggal"
kabupaten,18,1804,10,2022,0.7664,"Non Basis",9996819943.59,"Potensial / Cepat Berkembang"
kabupaten,18,1804,11,2022,0.8673,"Non Basis",1008915156.34,"Potensial / Cepat Berkembang"
kabupaten,18,1804,12,2022,1.5211,Basis,-2054319552.52,"Maju tapi Tertekan"
kabupaten,18,1804,13,2022,1.1349,Basis,-1245215603.9,"Maju tapi Tertekan"
kabupaten,18,1804,14,2022,1.9134,Basis,740373110.09,"Maju dan Tumbuh Cepat"
kabupaten,18,1804,15,2022,1.4327,Basis,2117027494.05,"Maju dan Tumbuh Cepat"
kabupaten,18,1804,16,2022,1.3832,Basis,209969511.75,"Maju dan Tumbuh Cepat"
kabupaten,18,1804,17,2022,1.7339,Basis,3268650418.65,"Maju dan Tumbuh Cepat"
kabupaten,18,1804,1,2023,1.6863,Basis,-8263486605,"Maju tapi Tertekan"
kabupaten,18,1804,2,2023,0.4931,"Non Basis",7241724967.02,"Potensial / Cepat Berkembang"
kabupaten,18,1804,3,2023,0.2659,"Non Basis",3346436122.02,"Potensial / Cepat Berkembang"
kabupaten,18,1804,4,2023,0.116,"Non Basis",56947456.8,"Potensial / Cepat Berkembang"
kabupaten,18,1804,5,2023,0.9442,"Non Basis",-78383153.13,"Relatif Tertinggal"
kabupaten,18,1804,6,2023,0.4495,"Non Basis",3506232507.85,"Potensial / Cepat Berkembang"
kabupaten,18,1804,7,2023,1.0595,Basis,4200948179.7,"Maju dan Tumbuh Cepat"
kabupaten,18,1804,8,2023,0.5301,"Non Basis",3139673213.11,"Potensial / Cepat Berkembang"
kabupaten,18,1804,9,2023,0.7797,"Non Basis",-845741714.59,"Relatif Tertinggal"
kabupaten,18,1804,10,2023,0.7702,"Non Basis",1465148573.19,"Potensial / Cepat Berkembang"
kabupaten,18,1804,11,2023,0.8733,"Non Basis",753783814.46,"Potensial / Cepat Berkembang"
kabupaten,18,1804,12,2023,1.5196,Basis,60632485.18,"Maju dan Tumbuh Cepat"
kabupaten,18,1804,13,2023,1.0867,Basis,-395407642.01,"Maju tapi Tertekan"
kabupaten,18,1804,14,2023,2.1601,Basis,40918332724.81,"Maju dan Tumbuh Cepat"
kabupaten,18,1804,15,2023,1.4331,Basis,355358727.72,"Maju dan Tumbuh Cepat"
kabupaten,18,1804,16,2023,1.3597,Basis,-1273601018.28,"Maju tapi Tertekan"
kabupaten,18,1804,17,2023,1.7459,Basis,908059213.33,"Maju dan Tumbuh Cepat"
kabupaten,18,1804,1,2024,1.7257,Basis,50122197654.48,"Maju dan Tumbuh Cepat"
kabupaten,18,1804,2,2024,0.5162,"Non Basis",6003383593.27,"Potensial / Cepat Berkembang"
kabupaten,18,1804,3,2024,0.2736,"Non Basis",7485197338.75,"Potensial / Cepat Berkembang"
kabupaten,18,1804,4,2024,0.1326,"Non Basis",136238323.13,"Potensial / Cepat Berkembang"
kabupaten,18,1804,5,2024,0.9301,"Non Basis",-92823847.86,"Relatif Tertinggal"
kabupaten,18,1804,6,2024,0.4702,"Non Basis",11689882242.66,"Potensial / Cepat Berkembang"
kabupaten,18,1804,7,2024,1.0657,Basis,3397582752.32,"Maju dan Tumbuh Cepat"
kabupaten,18,1804,8,2024,0.5334,"Non Basis",890877204.02,"Potensial / Cepat Berkembang"
kabupaten,18,1804,9,2024,0.7949,"Non Basis",1279288991.4,"Potensial / Cepat Berkembang"
kabupaten,18,1804,10,2024,0.7834,"Non Basis",3829942764.6,"Potensial / Cepat Berkembang"
kabupaten,18,1804,11,2024,0.8864,"Non Basis",1253022372.5,"Potensial / Cepat Berkembang"
kabupaten,18,1804,12,2024,1.5206,Basis,-350664303.25,"Maju tapi Tertekan"
kabupaten,18,1804,13,2024,1.085,Basis,-36711733.46,"Maju tapi Tertekan"
kabupaten,18,1804,14,2024,2.131,Basis,-5894348280.66,"Maju tapi Tertekan"
kabupaten,18,1804,15,2024,1.4338,Basis,-367255759.32,"Maju tapi Tertekan"
kabupaten,18,1804,16,2024,1.3938,Basis,1966708963.88,"Maju dan Tumbuh Cepat"
kabupaten,18,1804,17,2024,1.7259,Basis,-1664053693.51,"Maju tapi Tertekan"
kabupaten,18,1804,1,2025,1.7119,Basis,-16254184629.24,"Maju tapi Tertekan"
kabupaten,18,1804,2,2025,0.5062,"Non Basis",-2456578309.3,"Relatif Tertinggal"
kabupaten,18,1804,3,2025,0.2873,"Non Basis",15867705008.83,"Potensial / Cepat Berkembang"
kabupaten,18,1804,4,2025,0.144,"Non Basis",93513659.72,"Potensial / Cepat Berkembang"
kabupaten,18,1804,5,2025,0.8584,"Non Basis",-416975809.3,"Relatif Tertinggal"
kabupaten,18,1804,6,2025,0.4962,"Non Basis",16707019010.19,"Potensial / Cepat Berkembang"
kabupaten,18,1804,7,2025,1.0626,Basis,-1209269386.54,"Maju tapi Tertekan"
kabupaten,18,1804,8,2025,0.539,"Non Basis",2734022574.99,"Potensial / Cepat Berkembang"
kabupaten,18,1804,9,2025,0.8105,"Non Basis",1719120292.15,"Potensial / Cepat Berkembang"
kabupaten,18,1804,10,2025,0.7844,"Non Basis",786312480.22,"Potensial / Cepat Berkembang"
kabupaten,18,1804,11,2025,0.879,"Non Basis",-696675579.27,"Relatif Tertinggal"
kabupaten,18,1804,12,2025,1.5122,Basis,-1031675546.77,"Maju tapi Tertekan"
kabupaten,18,1804,13,2025,1.0712,Basis,-115563111.96,"Maju tapi Tertekan"
kabupaten,18,1804,14,2025,2.1173,Basis,-1829821246.7,"Maju tapi Tertekan"
kabupaten,18,1804,15,2025,1.4278,Basis,-591526155.44,"Maju tapi Tertekan"
kabupaten,18,1804,16,2025,1.4167,Basis,1624756867.95,"Maju dan Tumbuh Cepat"
kabupaten,18,1804,17,2025,1.7277,Basis,354003657.9,"Maju dan Tumbuh Cepat"
kabupaten,18,1801,1,2022,1.0176,Basis,50419158306.34,"Maju dan Tumbuh Cepat"
kabupaten,18,1801,2,2022,0.3142,"Non Basis",27516399947.49,"Potensial / Cepat Berkembang"
kabupaten,18,1801,3,2022,1.2638,Basis,140520177258.29,"Maju dan Tumbuh Cepat"
kabupaten,18,1801,4,2022,0.8641,"Non Basis",-639815870.34,"Relatif Tertinggal"
kabupaten,18,1801,5,2022,1.1487,Basis,594573438.87,"Maju dan Tumbuh Cepat"
kabupaten,18,1801,6,2022,1.3082,Basis,136748870250.12,"Maju dan Tumbuh Cepat"
kabupaten,18,1801,7,2022,1.0355,Basis,-175437957360.42,"Maju tapi Tertekan"
kabupaten,18,1801,8,2022,0.9332,"Non Basis",-108557151124.74,"Relatif Tertinggal"
kabupaten,18,1801,9,2022,0.9042,"Non Basis",-7358468476.09,"Relatif Tertinggal"
kabupaten,18,1801,10,2022,0.7308,"Non Basis",5384996384.67,"Potensial / Cepat Berkembang"
kabupaten,18,1801,11,2022,0.8448,"Non Basis",10084575877.65,"Potensial / Cepat Berkembang"
kabupaten,18,1801,12,2022,0.7574,"Non Basis",-7985345687.27,"Relatif Tertinggal"
kabupaten,18,1801,13,2022,0.5807,"Non Basis",-649652813.2,"Relatif Tertinggal"
kabupaten,18,1801,14,2022,0.6556,"Non Basis",3218156535.46,"Potensial / Cepat Berkembang"
kabupaten,18,1801,15,2022,0.799,"Non Basis",-1328479193.89,"Relatif Tertinggal"
kabupaten,18,1801,16,2022,0.5721,"Non Basis",11785802.01,"Potensial / Cepat Berkembang"
kabupaten,18,1801,17,2022,0.6302,"Non Basis",-429501048.96,"Relatif Tertinggal"
kabupaten,18,1801,1,2023,1.0102,Basis,-40930682074.38,"Maju tapi Tertekan"
kabupaten,18,1801,2,2023,0.3103,"Non Basis",-4896747821.5,"Relatif Tertinggal"
kabupaten,18,1801,3,2023,1.2727,Basis,71819604087.01,"Maju dan Tumbuh Cepat"
kabupaten,18,1801,4,2023,0.875,"Non Basis",714293710.21,"Potensial / Cepat Berkembang"
kabupaten,18,1801,5,2023,1.191,Basis,1603120627.52,"Maju dan Tumbuh Cepat"
kabupaten,18,1801,6,2023,1.3199,Basis,53094280647.13,"Maju dan Tumbuh Cepat"
kabupaten,18,1801,7,2023,1.0666,Basis,163230902280.16,"Maju dan Tumbuh Cepat"
kabupaten,18,1801,8,2023,0.8887,"Non Basis",-91573855289.33,"Relatif Tertinggal"
kabupaten,18,1801,9,2023,0.8873,"Non Basis",-7932475371.21,"Relatif Tertinggal"
kabupaten,18,1801,10,2023,0.7086,"Non Basis",-37828103073.46,"Relatif Tertinggal"
kabupaten,18,1801,11,2023,0.8222,"Non Basis",-13109901397.09,"Relatif Tertinggal"
kabupaten,18,1801,12,2023,0.76,"Non Basis",4461777718.75,"Potensial / Cepat Berkembang"
kabupaten,18,1801,13,2023,0.5574,"Non Basis",-1125888843.48,"Relatif Tertinggal"
kabupaten,18,1801,14,2023,0.6628,"Non Basis",8925960136.82,"Potensial / Cepat Berkembang"
kabupaten,18,1801,15,2023,0.7993,"Non Basis",2303095245.23,"Potensial / Cepat Berkembang"
kabupaten,18,1801,16,2023,0.5696,"Non Basis",-339344263.48,"Relatif Tertinggal"
kabupaten,18,1801,17,2023,0.6282,"Non Basis",-125135620.12,"Relatif Tertinggal"
kabupaten,18,1801,1,2024,1.01,Basis,1490562476.77,"Maju dan Tumbuh Cepat"
kabupaten,18,1801,2,2024,0.3071,"Non Basis",-4974496604.4,"Relatif Tertinggal"
kabupaten,18,1801,3,2024,1.238,Basis,-219200018454.19,"Maju tapi Tertekan"
kabupaten,18,1801,4,2024,0.9555,"Non Basis",4095676683.08,"Potensial / Cepat Berkembang"
kabupaten,18,1801,5,2024,1.184,Basis,-228003304.39,"Maju tapi Tertekan"
kabupaten,18,1801,6,2024,1.3533,Basis,122538209887.95,"Maju dan Tumbuh Cepat"
kabupaten,18,1801,7,2024,1.0934,Basis,140816227747.98,"Maju dan Tumbuh Cepat"
kabupaten,18,1801,8,2024,0.8881,"Non Basis",-541473071.26,"Relatif Tertinggal"
kabupaten,18,1801,9,2024,0.8824,"Non Basis",-2609110113.41,"Relatif Tertinggal"
kabupaten,18,1801,10,2024,0.6989,"Non Basis",-18940319960.76,"Relatif Tertinggal"
kabupaten,18,1801,11,2024,0.8332,"Non Basis",7618543355.41,"Potensial / Cepat Berkembang"
kabupaten,18,1801,12,2024,0.7576,"Non Basis",-2110516637.27,"Relatif Tertinggal"
kabupaten,18,1801,13,2024,0.5583,"Non Basis",66525832.93,"Potensial / Cepat Berkembang"
kabupaten,18,1801,14,2024,0.663,"Non Basis",456898699.44,"Potensial / Cepat Berkembang"
kabupaten,18,1801,15,2024,0.7962,"Non Basis",-2706557468.32,"Relatif Tertinggal"
kabupaten,18,1801,16,2024,0.563,"Non Basis",-2474236683.34,"Relatif Tertinggal"
kabupaten,18,1801,17,2024,0.6236,"Non Basis",-1883886943.47,"Relatif Tertinggal"
kabupaten,18,1801,1,2025,1.0095,Basis,33389200768.45,"Maju dan Tumbuh Cepat"
kabupaten,18,1801,2,2025,0.3146,"Non Basis",14272409165.99,"Potensial / Cepat Berkembang"
kabupaten,18,1801,3,2025,1.2335,Basis,3963323659.04,"Maju dan Tumbuh Cepat"
kabupaten,18,1801,4,2025,1.0289,Basis,3814905697.49,"Maju dan Tumbuh Cepat"
kabupaten,18,1801,5,2025,1.1713,Basis,-284999647.37,"Maju tapi Tertekan"
kabupaten,18,1801,6,2025,1.3373,Basis,-39839633137.36,"Maju tapi Tertekan"
kabupaten,18,1801,7,2025,1.094,Basis,27741898374.3,"Maju dan Tumbuh Cepat"
kabupaten,18,1801,8,2025,0.8896,"Non Basis",13293296184,"Potensial / Cepat Berkembang"
kabupaten,18,1801,9,2025,0.8915,"Non Basis",7931121435.81,"Potensial / Cepat Berkembang"
kabupaten,18,1801,10,2025,0.693,"Non Basis",-6318472753.32,"Relatif Tertinggal"
kabupaten,18,1801,11,2025,0.824,"Non Basis",-4136873332.34,"Relatif Tertinggal"
kabupaten,18,1801,12,2025,0.7558,"Non Basis",1396418442.89,"Potensial / Cepat Berkembang"
kabupaten,18,1801,13,2025,0.5612,"Non Basis",302394222.68,"Potensial / Cepat Berkembang"
kabupaten,18,1801,14,2025,0.6441,"Non Basis",-17822277683.22,"Relatif Tertinggal"
kabupaten,18,1801,15,2025,0.7962,"Non Basis",3269413836,"Potensial / Cepat Berkembang"
kabupaten,18,1801,16,2025,0.5481,"Non Basis",-4952957719.97,"Relatif Tertinggal"
kabupaten,18,1801,17,2025,0.6305,"Non Basis",4403533638.45,"Potensial / Cepat Berkembang"
kabupaten,18,1807,1,2022,1.252,Basis,-56589066768.71,"Maju tapi Tertekan"
kabupaten,18,1807,2,2022,4.4052,Basis,-319663499982.03,"Maju tapi Tertekan"
kabupaten,18,1807,3,2022,0.4596,"Non Basis",43122611254.22,"Potensial / Cepat Berkembang"
kabupaten,18,1807,4,2022,3.3918,Basis,7271363996.83,"Maju dan Tumbuh Cepat"
kabupaten,18,1807,5,2022,0.5554,"Non Basis",179375549.69,"Potensial / Cepat Berkembang"
kabupaten,18,1807,6,2022,0.6253,"Non Basis",67681660166.22,"Potensial / Cepat Berkembang"
kabupaten,18,1807,7,2022,0.7897,"Non Basis",102582453947.08,"Potensial / Cepat Berkembang"
kabupaten,18,1807,8,2022,0.4067,"Non Basis",21865731306.7,"Potensial / Cepat Berkembang"
kabupaten,18,1807,9,2022,0.734,"Non Basis",2882078496.73,"Potensial / Cepat Berkembang"
kabupaten,18,1807,10,2022,0.873,"Non Basis",9420081180.24,"Potensial / Cepat Berkembang"
kabupaten,18,1807,11,2022,0.6327,"Non Basis",583629002.08,"Potensial / Cepat Berkembang"
kabupaten,18,1807,12,2022,0.7458,"Non Basis",-2248793309.37,"Relatif Tertinggal"
kabupaten,18,1807,13,2022,0.5378,"Non Basis",-387939684.92,"Relatif Tertinggal"
kabupaten,18,1807,14,2022,0.8881,"Non Basis",6328820970.16,"Potensial / Cepat Berkembang"
kabupaten,18,1807,15,2022,0.9002,"Non Basis",-2065664520.94,"Relatif Tertinggal"
kabupaten,18,1807,16,2022,0.6927,"Non Basis",-1182771684.95,"Relatif Tertinggal"
kabupaten,18,1807,17,2022,1.1184,Basis,18810876111.62,"Maju dan Tumbuh Cepat"
kabupaten,18,1807,1,2023,1.2579,Basis,-52174186003.97,"Maju tapi Tertekan"
kabupaten,18,1807,2,2023,4.2974,Basis,-219281157578.59,"Maju tapi Tertekan"
kabupaten,18,1807,3,2023,0.467,"Non Basis",15286157125.86,"Potensial / Cepat Berkembang"
kabupaten,18,1807,4,2023,3.3465,Basis,-3921822337.27,"Maju tapi Tertekan"
kabupaten,18,1807,5,2023,0.5591,"Non Basis",-62527029.89,"Relatif Tertinggal"
kabupaten,18,1807,6,2023,0.6456,"Non Basis",44896172345.17,"Potensial / Cepat Berkembang"
kabupaten,18,1807,7,2023,0.828,"Non Basis",133680827067.24,"Potensial / Cepat Berkembang"
kabupaten,18,1807,8,2023,0.416,"Non Basis",10330540231.92,"Potensial / Cepat Berkembang"
kabupaten,18,1807,9,2023,0.7494,"Non Basis",4012813603.95,"Potensial / Cepat Berkembang"
kabupaten,18,1807,10,2023,0.8803,"Non Basis",-2515222478.02,"Relatif Tertinggal"
kabupaten,18,1807,11,2023,0.6424,"Non Basis",1964251934.32,"Potensial / Cepat Berkembang"
kabupaten,18,1807,12,2023,0.7537,"Non Basis",422518977.42,"Potensial / Cepat Berkembang"
kabupaten,18,1807,13,2023,0.5383,"Non Basis",-231280138.95,"Relatif Tertinggal"
kabupaten,18,1807,14,2023,0.9206,"Non Basis",21545139483.74,"Potensial / Cepat Berkembang"
kabupaten,18,1807,15,2023,0.91,"Non Basis",767068882.65,"Potensial / Cepat Berkembang"
kabupaten,18,1807,16,2023,0.6946,"Non Basis",-1652465575.1,"Relatif Tertinggal"
kabupaten,18,1807,17,2023,1.127,Basis,-929604812.84,"Maju tapi Tertekan"
kabupaten,18,1807,1,2024,1.2718,Basis,112260774254.75,"Maju dan Tumbuh Cepat"
kabupaten,18,1807,2,2024,4.2511,Basis,-67245105329.05,"Maju tapi Tertekan"
kabupaten,18,1807,3,2024,0.483,"Non Basis",94434095521.63,"Potensial / Cepat Berkembang"
kabupaten,18,1807,4,2024,2.7653,Basis,-26830710505.73,"Maju tapi Tertekan"
kabupaten,18,1807,5,2024,0.5615,"Non Basis",86596829.19,"Potensial / Cepat Berkembang"
kabupaten,18,1807,6,2024,0.6512,"Non Basis",19436012411.82,"Potensial / Cepat Berkembang"
kabupaten,18,1807,7,2024,0.8607,"Non Basis",156403228645.92,"Potensial / Cepat Berkembang"
kabupaten,18,1807,8,2024,0.4251,"Non Basis",20430699560.98,"Potensial / Cepat Berkembang"
kabupaten,18,1807,9,2024,0.7602,"Non Basis",5848989802.24,"Potensial / Cepat Berkembang"
kabupaten,18,1807,10,2024,0.883,"Non Basis",5688651001.42,"Potensial / Cepat Berkembang"
kabupaten,18,1807,11,2024,0.6586,"Non Basis",10194704479.13,"Potensial / Cepat Berkembang"
kabupaten,18,1807,12,2024,0.7651,"Non Basis",11042671749.81,"Potensial / Cepat Berkembang"
kabupaten,18,1807,13,2024,0.5385,"Non Basis",21151134.72,"Potensial / Cepat Berkembang"
kabupaten,18,1807,14,2024,0.9197,"Non Basis",-528501420.8,"Relatif Tertinggal"
kabupaten,18,1807,15,2024,0.9108,"Non Basis",1037729308.88,"Potensial / Cepat Berkembang"
kabupaten,18,1807,16,2024,0.6961,"Non Basis",644871594.03,"Potensial / Cepat Berkembang"
kabupaten,18,1807,17,2024,1.1357,Basis,3587587126.9,"Maju dan Tumbuh Cepat"
kabupaten,18,1807,1,2025,1.3028,Basis,191117406660.87,"Maju dan Tumbuh Cepat"
kabupaten,18,1807,2,2025,4.0621,Basis,-318764953022.01,"Maju tapi Tertekan"
kabupaten,18,1807,3,2025,0.4901,"Non Basis",26089834056.01,"Potensial / Cepat Berkembang"
kabupaten,18,1807,4,2025,2.2486,Basis,-23781142695.55,"Maju tapi Tertekan"
kabupaten,18,1807,5,2025,0.5803,"Non Basis",508661400.66,"Potensial / Cepat Berkembang"
kabupaten,18,1807,6,2025,0.6771,"Non Basis",76022149948.58,"Potensial / Cepat Berkembang"
kabupaten,18,1807,7,2025,0.8967,"Non Basis",153016306346.26,"Potensial / Cepat Berkembang"
kabupaten,18,1807,8,2025,0.4536,"Non Basis",60451104782.99,"Potensial / Cepat Berkembang"
kabupaten,18,1807,9,2025,0.7981,"Non Basis",18767880591.58,"Potensial / Cepat Berkembang"
kabupaten,18,1807,10,2025,0.8799,"Non Basis",-16070457846.46,"Relatif Tertinggal"
kabupaten,18,1807,11,2025,0.6602,"Non Basis",-1557084546.39,"Relatif Tertinggal"
kabupaten,18,1807,12,2025,0.7696,"Non Basis",-68945052.98,"Relatif Tertinggal"
kabupaten,18,1807,13,2025,0.5417,"Non Basis",1714146.47,"Potensial / Cepat Berkembang"
kabupaten,18,1807,14,2025,0.9071,"Non Basis",-18040569987.58,"Relatif Tertinggal"
kabupaten,18,1807,15,2025,0.9251,"Non Basis",8134841796.98,"Potensial / Cepat Berkembang"
kabupaten,18,1807,16,2025,0.692,"Non Basis",-2953944426.96,"Relatif Tertinggal"
kabupaten,18,1807,17,2025,1.1645,Basis,9234568718.9,"Maju dan Tumbuh Cepat"
kabupaten,18,1803,1,2022,1.258,Basis,-36316360222.02,"Maju tapi Tertekan"
kabupaten,18,1803,2,2022,0.676,"Non Basis",19868288455.56,"Potensial / Cepat Berkembang"
kabupaten,18,1803,3,2022,0.7611,"Non Basis",97480039349.08,"Potensial / Cepat Berkembang"
kabupaten,18,1803,4,2022,0.5221,"Non Basis",-939358643.93,"Relatif Tertinggal"
kabupaten,18,1803,5,2022,0.5273,"Non Basis",-371591908.53,"Relatif Tertinggal"
kabupaten,18,1803,6,2022,0.8366,"Non Basis",-37121319383.75,"Relatif Tertinggal"
kabupaten,18,1803,7,2022,0.9831,"Non Basis",-213013015352.5,"Relatif Tertinggal"
kabupaten,18,1803,8,2022,1.0118,Basis,-98310814972.6,"Maju tapi Tertekan"
kabupaten,18,1803,9,2022,0.7504,"Non Basis",-19965932407.7,"Relatif Tertinggal"
kabupaten,18,1803,10,2022,1.1879,Basis,58985690679.83,"Maju dan Tumbuh Cepat"
kabupaten,18,1803,11,2022,0.8976,"Non Basis",5241156322.26,"Potensial / Cepat Berkembang"
kabupaten,18,1803,12,2022,0.8842,"Non Basis",-13473285567.51,"Relatif Tertinggal"
kabupaten,18,1803,13,2022,0.648,"Non Basis",-1797659414.85,"Relatif Tertinggal"
kabupaten,18,1803,14,2022,1.0824,Basis,5358778250.26,"Maju dan Tumbuh Cepat"
kabupaten,18,1803,15,2022,1.283,Basis,2824088625.08,"Maju dan Tumbuh Cepat"
kabupaten,18,1803,16,2022,0.9444,"Non Basis",-819440230.03,"Relatif Tertinggal"
kabupaten,18,1803,17,2022,0.8172,"Non Basis",-3790268830.18,"Relatif Tertinggal"
kabupaten,18,1803,1,2023,1.2568,Basis,-23059192275.1,"Maju tapi Tertekan"
kabupaten,18,1803,2,2023,0.6868,"Non Basis",7475943746.58,"Potensial / Cepat Berkembang"
kabupaten,18,1803,3,2023,0.7583,"Non Basis",-16069093206.13,"Relatif Tertinggal"
kabupaten,18,1803,4,2023,0.5511,"Non Basis",796054012.45,"Potensial / Cepat Berkembang"
kabupaten,18,1803,5,2023,0.5262,"Non Basis",-51233128.4,"Relatif Tertinggal"
kabupaten,18,1803,6,2023,0.8372,"Non Basis",-3453220091.6,"Relatif Tertinggal"
kabupaten,18,1803,7,2023,0.9597,"Non Basis",-68250671280.8,"Relatif Tertinggal"
kabupaten,18,1803,8,2023,1.0257,Basis,12823547880.48,"Maju dan Tumbuh Cepat"
kabupaten,18,1803,9,2023,0.746,"Non Basis",-1955228870.82,"Relatif Tertinggal"
kabupaten,18,1803,10,2023,1.2146,Basis,23092684286.65,"Maju dan Tumbuh Cepat"
kabupaten,18,1803,11,2023,0.91,"Non Basis",3364075958.69,"Potensial / Cepat Berkembang"
kabupaten,18,1803,12,2023,0.8889,"Non Basis",1108893281.15,"Potensial / Cepat Berkembang"
kabupaten,18,1803,13,2023,0.6505,"Non Basis",15222721.7,"Potensial / Cepat Berkembang"
kabupaten,18,1803,14,2023,1.1328,Basis,25328429460.62,"Maju dan Tumbuh Cepat"
kabupaten,18,1803,15,2023,1.3178,Basis,16259594532.11,"Maju dan Tumbuh Cepat"
kabupaten,18,1803,16,2023,0.9692,"Non Basis",4223230299.7,"Potensial / Cepat Berkembang"
kabupaten,18,1803,17,2023,0.816,"Non Basis",-761522438.09,"Relatif Tertinggal"
kabupaten,18,1803,1,2024,1.2198,Basis,-194960793991.33,"Maju tapi Tertekan"
kabupaten,18,1803,2,2024,0.6795,"Non Basis",-9303768667.13,"Relatif Tertinggal"
kabupaten,18,1803,3,2024,0.7576,"Non Basis",-14605324395.65,"Relatif Tertinggal"
kabupaten,18,1803,4,2024,0.6287,"Non Basis",2028944825.36,"Potensial / Cepat Berkembang"
kabupaten,18,1803,5,2024,0.5303,"Non Basis",31286251.63,"Potensial / Cepat Berkembang"
kabupaten,18,1803,6,2024,0.9116,"Non Basis",135525684305.99,"Potensial / Cepat Berkembang"
kabupaten,18,1803,7,2024,0.9494,"Non Basis",-40833602835.83,"Relatif Tertinggal"
kabupaten,18,1803,8,2024,1.12,Basis,114166372177.49,"Maju dan Tumbuh Cepat"
kabupaten,18,1803,9,2024,0.7525,"Non Basis",926624589.38,"Potensial / Cepat Berkembang"
kabupaten,18,1803,10,2024,1.2347,Basis,15569382344.13,"Maju dan Tumbuh Cepat"
kabupaten,18,1803,11,2024,0.8973,"Non Basis",-6147036685.35,"Relatif Tertinggal"
kabupaten,18,1803,12,2024,0.882,"Non Basis",-6092428729.67,"Relatif Tertinggal"
kabupaten,18,1803,13,2024,0.633,"Non Basis",-617479478.51,"Relatif Tertinggal"
kabupaten,18,1803,14,2024,1.161,Basis,13089217234.8,"Maju dan Tumbuh Cepat"
kabupaten,18,1803,15,2024,1.3423,Basis,9698852850.42,"Maju dan Tumbuh Cepat"
kabupaten,18,1803,16,2024,0.9808,"Non Basis",1432016375.81,"Potensial / Cepat Berkembang"
kabupaten,18,1803,17,2024,0.8108,"Non Basis",-2078622644.66,"Relatif Tertinggal"
kabupaten,18,1803,1,2025,1.2068,Basis,-71818373401.02,"Maju tapi Tertekan"
kabupaten,18,1803,2,2025,0.7185,"Non Basis",33052455809.41,"Potensial / Cepat Berkembang"
kabupaten,18,1803,3,2025,0.7613,"Non Basis",8958612169.06,"Potensial / Cepat Berkembang"
kabupaten,18,1803,4,2025,0.6877,"Non Basis",1517938377.55,"Potensial / Cepat Berkembang"
kabupaten,18,1803,5,2025,0.518,"Non Basis",-254601876.01,"Relatif Tertinggal"
kabupaten,18,1803,6,2025,0.9002,"Non Basis",-26232154305.7,"Relatif Tertinggal"
kabupaten,18,1803,7,2025,0.9424,"Non Basis",-24642047797.94,"Relatif Tertinggal"
kabupaten,18,1803,8,2025,1.1352,Basis,18371684291.77,"Maju dan Tumbuh Cepat"
kabupaten,18,1803,9,2025,0.7897,"Non Basis",11912315130.09,"Potensial / Cepat Berkembang"
kabupaten,18,1803,10,2025,1.2516,Basis,16707608814.33,"Maju dan Tumbuh Cepat"
kabupaten,18,1803,11,2025,0.8848,"Non Basis",-5294386715.06,"Relatif Tertinggal"
kabupaten,18,1803,12,2025,0.8761,"Non Basis",-4196672801.72,"Relatif Tertinggal"
kabupaten,18,1803,13,2025,0.6401,"Non Basis",190620707.99,"Potensial / Cepat Berkembang"
kabupaten,18,1803,14,2025,1.1572,Basis,-3293650682.92,"Maju tapi Tertekan"
kabupaten,18,1803,15,2025,1.3702,Basis,13871629908.5,"Maju dan Tumbuh Cepat"
kabupaten,18,1803,16,2025,0.975,"Non Basis",-1531201432.8,"Relatif Tertinggal"
kabupaten,18,1803,17,2025,0.7888,"Non Basis",-5731373566.33,"Relatif Tertinggal"
kabupaten,18,1811,1,2022,1.4907,Basis,-47662249870.75,"Maju tapi Tertekan"
kabupaten,18,1811,2,2022,0.1185,"Non Basis",2442377107.72,"Potensial / Cepat Berkembang"
kabupaten,18,1811,3,2022,1.2895,Basis,8816747894.88,"Maju dan Tumbuh Cepat"
kabupaten,18,1811,4,2022,0.8786,"Non Basis",-153147551.55,"Relatif Tertinggal"
kabupaten,18,1811,5,2022,0.2623,"Non Basis",-6176341.25,"Relatif Tertinggal"
kabupaten,18,1811,6,2022,0.8205,"Non Basis",1022644451.02,"Potensial / Cepat Berkembang"
kabupaten,18,1811,7,2022,0.9835,"Non Basis",9438633932.46,"Potensial / Cepat Berkembang"
kabupaten,18,1811,8,2022,0.3564,"Non Basis",3496572521.14,"Potensial / Cepat Berkembang"
kabupaten,18,1811,9,2022,0.6402,"Non Basis",1022333332.36,"Potensial / Cepat Berkembang"
kabupaten,18,1811,10,2022,0.4945,"Non Basis",10190306,"Potensial / Cepat Berkembang"
kabupaten,18,1811,11,2022,0.1668,"Non Basis",266007752.31,"Potensial / Cepat Berkembang"
kabupaten,18,1811,12,2022,0.7989,"Non Basis",-28989929.32,"Relatif Tertinggal"
kabupaten,18,1811,13,2022,0.118,"Non Basis",-54578844.71,"Relatif Tertinggal"
kabupaten,18,1811,14,2022,0.7984,"Non Basis",3678277620.29,"Potensial / Cepat Berkembang"
kabupaten,18,1811,15,2022,0.7006,"Non Basis",87277705.04,"Potensial / Cepat Berkembang"
kabupaten,18,1811,16,2022,0.4478,"Non Basis",-183487941.97,"Relatif Tertinggal"
kabupaten,18,1811,17,2022,0.4441,"Non Basis",585069249.76,"Potensial / Cepat Berkembang"
kabupaten,18,1811,1,2023,1.4897,Basis,-15923376197.35,"Maju tapi Tertekan"
kabupaten,18,1811,2,2023,0.124,"Non Basis",1775137731.6,"Potensial / Cepat Berkembang"
kabupaten,18,1811,3,2023,1.3171,Basis,28885834291.52,"Maju dan Tumbuh Cepat"
kabupaten,18,1811,4,2023,0.9283,"Non Basis",563702744.93,"Potensial / Cepat Berkembang"
kabupaten,18,1811,5,2023,0.2696,"Non Basis",49138576.78,"Potensial / Cepat Berkembang"
kabupaten,18,1811,6,2023,0.8368,"Non Basis",9941079543.66,"Potensial / Cepat Berkembang"
kabupaten,18,1811,7,2023,1.007,Basis,20753471810.17,"Maju dan Tumbuh Cepat"
kabupaten,18,1811,8,2023,0.3634,"Non Basis",2637073743.19,"Potensial / Cepat Berkembang"
kabupaten,18,1811,9,2023,0.6485,"Non Basis",651126820.43,"Potensial / Cepat Berkembang"
kabupaten,18,1811,10,2023,0.4986,"Non Basis",759766227.37,"Potensial / Cepat Berkembang"
kabupaten,18,1811,11,2023,0.1686,"Non Basis",156783764.68,"Potensial / Cepat Berkembang"
kabupaten,18,1811,12,2023,0.8082,"Non Basis",1231368040.85,"Potensial / Cepat Berkembang"
kabupaten,18,1811,13,2023,0.118,"Non Basis",-6465059.26,"Relatif Tertinggal"
kabupaten,18,1811,14,2023,0.8076,"Non Basis",1248847606.53,"Potensial / Cepat Berkembang"
kabupaten,18,1811,15,2023,0.7087,"Non Basis",1079058957.61,"Potensial / Cepat Berkembang"
kabupaten,18,1811,16,2023,0.4513,"Non Basis",110318032.57,"Potensial / Cepat Berkembang"
kabupaten,18,1811,17,2023,0.4469,"Non Basis",67939262.31,"Potensial / Cepat Berkembang"
kabupaten,18,1811,1,2024,1.4876,Basis,-3861134443.04,"Maju tapi Tertekan"
kabupaten,18,1811,2,2024,0.1223,"Non Basis",-654332469.26,"Relatif Tertinggal"
kabupaten,18,1811,3,2024,1.3513,Basis,50155688811.34,"Maju dan Tumbuh Cepat"
kabupaten,18,1811,4,2024,1.0423,Basis,1317624821.68,"Maju dan Tumbuh Cepat"
kabupaten,18,1811,5,2024,0.2654,"Non Basis",-33179597.15,"Relatif Tertinggal"
kabupaten,18,1811,6,2024,0.8548,"Non Basis",14850986705.48,"Potensial / Cepat Berkembang"
kabupaten,18,1811,7,2024,1.0188,Basis,14030508356.99,"Maju dan Tumbuh Cepat"
kabupaten,18,1811,8,2024,0.3658,"Non Basis",1326433067.83,"Potensial / Cepat Berkembang"
kabupaten,18,1811,9,2024,0.6479,"Non Basis",-66041252.81,"Relatif Tertinggal"
kabupaten,18,1811,10,2024,0.4984,"Non Basis",-71295254.13,"Relatif Tertinggal"
kabupaten,18,1811,11,2024,0.1684,"Non Basis",-34452035.76,"Relatif Tertinggal"
kabupaten,18,1811,12,2024,0.8051,"Non Basis",-729390306.56,"Relatif Tertinggal"
kabupaten,18,1811,13,2024,0.1192,"Non Basis",15094640.27,"Potensial / Cepat Berkembang"
kabupaten,18,1811,14,2024,0.8009,"Non Basis",-1617917567.5,"Relatif Tertinggal"
kabupaten,18,1811,15,2024,0.7088,"Non Basis",22662230.44,"Potensial / Cepat Berkembang"
kabupaten,18,1811,16,2024,0.446,"Non Basis",-458065572.86,"Relatif Tertinggal"
kabupaten,18,1811,17,2024,0.4401,"Non Basis",-663382524.6,"Relatif Tertinggal"
kabupaten,18,1811,1,2025,1.4611,Basis,-54461584979,"Maju tapi Tertekan"
kabupaten,18,1811,2,2025,0.122,"Non Basis",-77512425.84,"Relatif Tertinggal"
kabupaten,18,1811,3,2025,1.3658,Basis,22642948278.51,"Maju dan Tumbuh Cepat"
kabupaten,18,1811,4,2025,1.1437,Basis,1137126908.8,"Maju dan Tumbuh Cepat"
kabupaten,18,1811,5,2025,0.2504,"Non Basis",-124484801.47,"Relatif Tertinggal"
kabupaten,18,1811,6,2025,0.854,"Non Basis",-688279587.44,"Relatif Tertinggal"
kabupaten,18,1811,7,2025,1.024,Basis,6443742532.25,"Maju dan Tumbuh Cepat"
kabupaten,18,1811,8,2025,0.3618,"Non Basis",-2320649205.44,"Relatif Tertinggal"
kabupaten,18,1811,9,2025,0.6432,"Non Basis",-658773685.44,"Relatif Tertinggal"
kabupaten,18,1811,10,2025,0.503,"Non Basis",2244919417.47,"Potensial / Cepat Berkembang"
kabupaten,18,1811,11,2025,0.1674,"Non Basis",-168314983.31,"Relatif Tertinggal"
kabupaten,18,1811,12,2025,0.8032,"Non Basis",-451452084.91,"Relatif Tertinggal"
kabupaten,18,1811,13,2025,0.1211,"Non Basis",24823667.54,"Potensial / Cepat Berkembang"
kabupaten,18,1811,14,2025,0.7962,"Non Basis",-1175800431.1,"Relatif Tertinggal"
kabupaten,18,1811,15,2025,0.7064,"Non Basis",-533761861.3,"Relatif Tertinggal"
kabupaten,18,1811,16,2025,0.4421,"Non Basis",-350991800.96,"Relatif Tertinggal"
kabupaten,18,1811,17,2025,0.4306,"Non Basis",-1007007509.99,"Relatif Tertinggal"
kabupaten,18,1809,1,2022,1.4632,Basis,-16410056224.92,"Maju tapi Tertekan"
kabupaten,18,1809,2,2022,0.2233,"Non Basis",1182233042.48,"Potensial / Cepat Berkembang"
kabupaten,18,1809,3,2022,0.7635,"Non Basis",31270254909.37,"Potensial / Cepat Berkembang"
kabupaten,18,1809,4,2022,0.3948,"Non Basis",-5921887.39,"Relatif Tertinggal"
kabupaten,18,1809,5,2022,0.574,"Non Basis",-188322339.49,"Relatif Tertinggal"
kabupaten,18,1809,6,2022,1.0651,Basis,36716848921.3,"Maju dan Tumbuh Cepat"
kabupaten,18,1809,7,2022,1.1352,Basis,-80665812660.81,"Maju tapi Tertekan"
kabupaten,18,1809,8,2022,0.529,"Non Basis",-3672017926.57,"Relatif Tertinggal"
kabupaten,18,1809,9,2022,0.8813,"Non Basis",3050460315.28,"Potensial / Cepat Berkembang"
kabupaten,18,1809,10,2022,0.7385,"Non Basis",21188202526.46,"Potensial / Cepat Berkembang"
kabupaten,18,1809,11,2022,0.1943,"Non Basis",-1671999194.07,"Relatif Tertinggal"
kabupaten,18,1809,12,2022,0.7497,"Non Basis",10420564814.43,"Potensial / Cepat Berkembang"
kabupaten,18,1809,13,2022,0.4067,"Non Basis",-206549137.28,"Relatif Tertinggal"
kabupaten,18,1809,14,2022,1.031,Basis,-1355883866.35,"Maju tapi Tertekan"
kabupaten,18,1809,15,2022,1.1218,Basis,-824808068.6,"Maju tapi Tertekan"
kabupaten,18,1809,16,2022,0.6363,"Non Basis",94227029.06,"Potensial / Cepat Berkembang"
kabupaten,18,1809,17,2022,0.8342,"Non Basis",2532037159.09,"Potensial / Cepat Berkembang"
kabupaten,18,1809,1,2023,1.488,Basis,77752987007.93,"Maju dan Tumbuh Cepat"
kabupaten,18,1809,2,2023,0.2265,"Non Basis",1818578671.59,"Potensial / Cepat Berkembang"
kabupaten,18,1809,3,2023,0.7573,"Non Basis",-14760616893.97,"Relatif Tertinggal"
kabupaten,18,1809,4,2023,0.413,"Non Basis",362588446.56,"Potensial / Cepat Berkembang"
kabupaten,18,1809,5,2023,0.5804,"Non Basis",81165288.67,"Potensial / Cepat Berkembang"
kabupaten,18,1809,6,2023,1.0651,Basis,-895246497.77,"Maju tapi Tertekan"
kabupaten,18,1809,7,2023,1.1282,Basis,-13872020421.33,"Maju tapi Tertekan"
kabupaten,18,1809,8,2023,0.5335,"Non Basis",3435250521.28,"Potensial / Cepat Berkembang"
kabupaten,18,1809,9,2023,0.8832,"Non Basis",292904058.53,"Potensial / Cepat Berkembang"
kabupaten,18,1809,10,2023,0.7421,"Non Basis",2175258904.6,"Potensial / Cepat Berkembang"
kabupaten,18,1809,11,2023,0.1931,"Non Basis",-322727223.84,"Relatif Tertinggal"
kabupaten,18,1809,12,2023,0.7534,"Non Basis",1182451140.47,"Potensial / Cepat Berkembang"
kabupaten,18,1809,13,2023,0.4059,"Non Basis",-20405598.69,"Relatif Tertinggal"
kabupaten,18,1809,14,2023,1.033,Basis,534513336.53,"Maju dan Tumbuh Cepat"
kabupaten,18,1809,15,2023,1.1258,Basis,1234656446.39,"Maju dan Tumbuh Cepat"
kabupaten,18,1809,16,2023,0.6315,"Non Basis",-689660343.38,"Relatif Tertinggal"
kabupaten,18,1809,17,2023,0.842,"Non Basis",1059325839.79,"Potensial / Cepat Berkembang"
kabupaten,18,1809,1,2024,1.4903,Basis,-23392403425.12,"Maju tapi Tertekan"
kabupaten,18,1809,2,2024,0.2274,"Non Basis",-376188941.08,"Relatif Tertinggal"
kabupaten,18,1809,3,2024,0.7425,"Non Basis",-47056086857.62,"Relatif Tertinggal"
kabupaten,18,1809,4,2024,0.4676,"Non Basis",978266761.77,"Potensial / Cepat Berkembang"
kabupaten,18,1809,5,2024,0.5868,"Non Basis",34090413.75,"Potensial / Cepat Berkembang"
kabupaten,18,1809,6,2024,1.1277,Basis,74624310498.73,"Maju dan Tumbuh Cepat"
kabupaten,18,1809,7,2024,1.1592,Basis,45507734426.52,"Maju dan Tumbuh Cepat"
kabupaten,18,1809,8,2024,0.5428,"Non Basis",5106950672.83,"Potensial / Cepat Berkembang"
kabupaten,18,1809,9,2024,0.9249,"Non Basis",7681189075.76,"Potensial / Cepat Berkembang"
kabupaten,18,1809,10,2024,0.7534,"Non Basis",4851333272.58,"Potensial / Cepat Berkembang"
kabupaten,18,1809,11,2024,0.1947,"Non Basis",86315137.34,"Potensial / Cepat Berkembang"
kabupaten,18,1809,12,2024,0.7614,"Non Basis",1195448794.58,"Potensial / Cepat Berkembang"
kabupaten,18,1809,13,2024,0.4102,"Non Basis",35497827.14,"Potensial / Cepat Berkembang"
kabupaten,18,1809,14,2024,1.0286,Basis,-4456806692.88,"Maju tapi Tertekan"
kabupaten,18,1809,15,2024,1.1413,Basis,3016878846.02,"Maju dan Tumbuh Cepat"
kabupaten,18,1809,16,2024,0.6532,"Non Basis",2498755835.45,"Potensial / Cepat Berkembang"
kabupaten,18,1809,17,2024,0.8513,"Non Basis",598074453.89,"Potensial / Cepat Berkembang"
kabupaten,18,1809,1,2025,1.4613,Basis,-92340840934.93,"Maju tapi Tertekan"
kabupaten,18,1809,2,2025,0.2261,"Non Basis",-655639546.47,"Relatif Tertinggal"
kabupaten,18,1809,3,2025,0.7549,"Non Basis",33235035895.53,"Potensial / Cepat Berkembang"
kabupaten,18,1809,4,2025,0.5064,"Non Basis",718413947.43,"Potensial / Cepat Berkembang"
kabupaten,18,1809,5,2025,0.5917,"Non Basis",73701953.59,"Potensial / Cepat Berkembang"
kabupaten,18,1809,6,2025,1.1289,Basis,3142871722.91,"Maju dan Tumbuh Cepat"
kabupaten,18,1809,7,2025,1.1734,Basis,31088919176.02,"Maju dan Tumbuh Cepat"
kabupaten,18,1809,8,2025,0.5487,"Non Basis",6220749284.7,"Potensial / Cepat Berkembang"
kabupaten,18,1809,9,2025,0.9175,"Non Basis",-1501201621.92,"Relatif Tertinggal"
kabupaten,18,1809,10,2025,0.7534,"Non Basis",566900525.74,"Potensial / Cepat Berkembang"
kabupaten,18,1809,11,2025,0.1928,"Non Basis",-467382732.01,"Relatif Tertinggal"
kabupaten,18,1809,12,2025,0.7572,"Non Basis",-1396897642.16,"Relatif Tertinggal"
kabupaten,18,1809,13,2025,0.4055,"Non Basis",-95498648.71,"Relatif Tertinggal"
kabupaten,18,1809,14,2025,1.0365,Basis,3636701277.96,"Maju dan Tumbuh Cepat"
kabupaten,18,1809,15,2025,1.154,Basis,5201948498.81,"Maju dan Tumbuh Cepat"
kabupaten,18,1809,16,2025,0.6479,"Non Basis",-682612724.56,"Relatif Tertinggal"
kabupaten,18,1809,17,2025,0.846,"Non Basis",-765311834.25,"Relatif Tertinggal"
kabupaten,18,1813,1,2022,1.6628,Basis,-83627015006.36,"Maju tapi Tertekan"
kabupaten,18,1813,2,2022,1.1087,Basis,15253137920.04,"Maju dan Tumbuh Cepat"
kabupaten,18,1813,3,2022,0.2227,"Non Basis",-1591117555.58,"Relatif Tertinggal"
kabupaten,18,1813,4,2022,0.1212,"Non Basis",-19453063.05,"Relatif Tertinggal"
kabupaten,18,1813,5,2022,0.4605,"Non Basis",-29454705.36,"Relatif Tertinggal"
kabupaten,18,1813,6,2022,0.7935,"Non Basis",7817461150.39,"Potensial / Cepat Berkembang"
kabupaten,18,1813,7,2022,1.0683,Basis,2881279825.01,"Maju dan Tumbuh Cepat"
kabupaten,18,1813,8,2022,0.213,"Non Basis",966231377.28,"Potensial / Cepat Berkembang"
kabupaten,18,1813,9,2022,1.3057,Basis,1658084223.31,"Maju dan Tumbuh Cepat"
kabupaten,18,1813,10,2022,0.5124,"Non Basis",2857150382.49,"Potensial / Cepat Berkembang"
kabupaten,18,1813,11,2022,0.6906,"Non Basis",176172201.06,"Potensial / Cepat Berkembang"
kabupaten,18,1813,12,2022,1.3511,Basis,3974415182.91,"Maju dan Tumbuh Cepat"
kabupaten,18,1813,13,2022,0.9087,"Non Basis",-566625356.34,"Relatif Tertinggal"
kabupaten,18,1813,14,2022,1.6541,Basis,12173432922.87,"Maju dan Tumbuh Cepat"
kabupaten,18,1813,15,2022,1.3182,Basis,2394289497.37,"Maju dan Tumbuh Cepat"
kabupaten,18,1813,16,2022,1.1955,Basis,941497969.86,"Maju dan Tumbuh Cepat"
kabupaten,18,1813,17,2022,1.1986,Basis,452386888.96,"Maju dan Tumbuh Cepat"
kabupaten,18,1813,1,2023,1.6282,Basis,-45379945909.89,"Maju tapi Tertekan"
kabupaten,18,1813,2,2023,1.2144,Basis,14711210520.12,"Maju dan Tumbuh Cepat"
kabupaten,18,1813,3,2023,0.2193,"Non Basis",-3350465001.47,"Relatif Tertinggal"
kabupaten,18,1813,4,2023,0.1339,"Non Basis",61162340.54,"Potensial / Cepat Berkembang"
kabupaten,18,1813,5,2023,0.4801,"Non Basis",51649000.07,"Potensial / Cepat Berkembang"
kabupaten,18,1813,6,2023,0.8165,"Non Basis",4992322990.7,"Potensial / Cepat Berkembang"
kabupaten,18,1813,7,2023,1.0981,Basis,8744767064.08,"Maju dan Tumbuh Cepat"
kabupaten,18,1813,8,2023,0.2169,"Non Basis",342004890.17,"Potensial / Cepat Berkembang"
kabupaten,18,1813,9,2023,1.3097,Basis,-550097789.44,"Maju tapi Tertekan"
kabupaten,18,1813,10,2023,0.5137,"Non Basis",-796102219.16,"Relatif Tertinggal"
kabupaten,18,1813,11,2023,0.6902,"Non Basis",-503808032.02,"Relatif Tertinggal"
kabupaten,18,1813,12,2023,1.3694,Basis,350051118.59,"Maju dan Tumbuh Cepat"
kabupaten,18,1813,13,2023,0.8858,"Non Basis",-167779934.61,"Relatif Tertinggal"
kabupaten,18,1813,14,2023,1.8111,Basis,13818417772.07,"Maju dan Tumbuh Cepat"
kabupaten,18,1813,15,2023,1.3106,Basis,-2127031097.16,"Maju tapi Tertekan"
kabupaten,18,1813,16,2023,1.2306,Basis,788746130.81,"Maju dan Tumbuh Cepat"
kabupaten,18,1813,17,2023,1.3339,Basis,4718264262.22,"Maju dan Tumbuh Cepat"
kabupaten,18,1813,1,2024,1.6566,Basis,-2146631595.83,"Maju tapi Tertekan"
kabupaten,18,1813,2,2024,1.2936,Basis,9050758921.04,"Maju dan Tumbuh Cepat"
kabupaten,18,1813,3,2024,0.1929,"Non Basis",-19137610236.84,"Relatif Tertinggal"
kabupaten,18,1813,4,2024,0.1539,"Non Basis",86302517.14,"Potensial / Cepat Berkembang"
kabupaten,18,1813,5,2024,0.4879,"Non Basis",-4712623.48,"Relatif Tertinggal"
kabupaten,18,1813,6,2024,0.8304,"Non Basis",-582444696.19,"Relatif Tertinggal"
kabupaten,18,1813,7,2024,1.1356,Basis,8339371225.08,"Maju dan Tumbuh Cepat"
kabupaten,18,1813,8,2024,0.2226,"Non Basis",365997094.2,"Potensial / Cepat Berkembang"
kabupaten,18,1813,9,2024,1.3481,Basis,753937693.31,"Maju dan Tumbuh Cepat"
kabupaten,18,1813,10,2024,0.5217,"Non Basis",-350254658,"Relatif Tertinggal"
kabupaten,18,1813,11,2024,0.7044,"Non Basis",72201989.44,"Potensial / Cepat Berkembang"
kabupaten,18,1813,12,2024,1.3954,Basis,-11481023.41,"Maju tapi Tertekan"
kabupaten,18,1813,13,2024,0.9013,"Non Basis",-7964268.47,"Relatif Tertinggal"
kabupaten,18,1813,14,2024,1.8217,Basis,-2496673238.56,"Maju tapi Tertekan"
kabupaten,18,1813,15,2024,1.338,Basis,242561491.75,"Maju dan Tumbuh Cepat"
kabupaten,18,1813,16,2024,1.2479,Basis,-230664536.14,"Maju tapi Tertekan"
kabupaten,18,1813,17,2024,1.4277,Basis,2866431132.23,"Maju dan Tumbuh Cepat"
kabupaten,18,1813,1,2025,1.6365,Basis,-27378720039.59,"Maju tapi Tertekan"
kabupaten,18,1813,2,2025,1.3474,Basis,7131579147.59,"Maju dan Tumbuh Cepat"
kabupaten,18,1813,3,2025,0.1858,"Non Basis",-5557861295.36,"Relatif Tertinggal"
kabupaten,18,1813,4,2025,0.1682,"Non Basis",63154892.17,"Potensial / Cepat Berkembang"
kabupaten,18,1813,5,2025,0.4904,"Non Basis",-2773115.17,"Relatif Tertinggal"
kabupaten,18,1813,6,2025,0.8498,"Non Basis",5087735749.62,"Potensial / Cepat Berkembang"
kabupaten,18,1813,7,2025,1.151,Basis,4093475235.35,"Maju dan Tumbuh Cepat"
kabupaten,18,1813,8,2025,0.2264,"Non Basis",573382306.22,"Potensial / Cepat Berkembang"
kabupaten,18,1813,9,2025,1.3609,Basis,222743092.56,"Maju dan Tumbuh Cepat"
kabupaten,18,1813,10,2025,0.5296,"Non Basis",888290269.83,"Potensial / Cepat Berkembang"
kabupaten,18,1813,11,2025,0.7045,"Non Basis",-326124268.25,"Relatif Tertinggal"
kabupaten,18,1813,12,2025,1.4039,Basis,-95661497.42,"Maju tapi Tertekan"
kabupaten,18,1813,13,2025,0.9038,"Non Basis",-20438615.92,"Relatif Tertinggal"
kabupaten,18,1813,14,2025,1.8554,Basis,2278483369.84,"Maju dan Tumbuh Cepat"
kabupaten,18,1813,15,2025,1.3396,Basis,-729695720.45,"Maju tapi Tertekan"
kabupaten,18,1813,16,2025,1.2479,Basis,-322771676.18,"Maju tapi Tertekan"
kabupaten,18,1813,17,2025,1.4543,Basis,754551327.94,"Maju dan Tumbuh Cepat"
kabupaten,18,1810,1,2022,0.8396,"Non Basis",1290957545.01,"Potensial / Cepat Berkembang"
kabupaten,18,1810,2,2022,0.0194,"Non Basis",399985981.07,"Potensial / Cepat Berkembang"
kabupaten,18,1810,3,2022,0.7767,"Non Basis",124996492.54,"Potensial / Cepat Berkembang"
kabupaten,18,1810,4,2022,0.5031,"Non Basis",-101439086.04,"Relatif Tertinggal"
kabupaten,18,1810,5,2022,0.514,"Non Basis",14270008.8,"Potensial / Cepat Berkembang"
kabupaten,18,1810,6,2022,1.2353,Basis,-1783967867.34,"Maju tapi Tertekan"
kabupaten,18,1810,7,2022,1.219,Basis,-27297409189.13,"Maju tapi Tertekan"
kabupaten,18,1810,8,2022,0.8532,"Non Basis",-16887500930.33,"Relatif Tertinggal"
kabupaten,18,1810,9,2022,1.6068,Basis,-2913737774.11,"Maju tapi Tertekan"
kabupaten,18,1810,10,2022,1.2145,Basis,-208925273.79,"Maju tapi Tertekan"
kabupaten,18,1810,11,2022,1.886,Basis,280942078.35,"Maju dan Tumbuh Cepat"
kabupaten,18,1810,12,2022,1.3314,Basis,-860216696.67,"Maju tapi Tertekan"
kabupaten,18,1810,13,2022,1.608,Basis,-174478019.5,"Maju tapi Tertekan"
kabupaten,18,1810,14,2022,1.1976,Basis,416578802.96,"Maju dan Tumbuh Cepat"
kabupaten,18,1810,15,2022,1.8099,Basis,-1009842594.98,"Maju tapi Tertekan"
kabupaten,18,1810,16,2022,1.4469,Basis,-1327575823.25,"Maju tapi Tertekan"
kabupaten,18,1810,17,2022,1.2391,Basis,-712742513.41,"Maju tapi Tertekan"
kabupaten,18,1810,1,2023,0.8339,"Non Basis",-8565254218.04,"Relatif Tertinggal"
kabupaten,18,1810,2,2023,0.0196,"Non Basis",94348909.23,"Potensial / Cepat Berkembang"
kabupaten,18,1810,3,2023,0.774,"Non Basis",-1428459793.43,"Relatif Tertinggal"
kabupaten,18,1810,4,2023,0.5261,"Non Basis",336456773.71,"Potensial / Cepat Berkembang"
kabupaten,18,1810,5,2023,0.5157,"Non Basis",26227828.42,"Potensial / Cepat Berkembang"
kabupaten,18,1810,6,2023,1.2324,Basis,-105541842.54,"Maju tapi Tertekan"
kabupaten,18,1810,7,2023,1.2154,Basis,-1099699434.5,"Maju tapi Tertekan"
kabupaten,18,1810,8,2023,0.8539,"Non Basis",1472946854.72,"Potensial / Cepat Berkembang"
kabupaten,18,1810,9,2023,1.5999,Basis,-444264972.31,"Maju tapi Tertekan"
kabupaten,18,1810,10,2023,1.1971,Basis,-6988477077.98,"Maju tapi Tertekan"
kabupaten,18,1810,11,2023,1.8697,Basis,-1997519392.97,"Maju tapi Tertekan"
kabupaten,18,1810,12,2023,1.3277,Basis,-159025569.71,"Maju tapi Tertekan"
kabupaten,18,1810,13,2023,1.5807,Basis,-313195749.9,"Maju tapi Tertekan"
kabupaten,18,1810,14,2023,1.1952,Basis,66283104.57,"Maju dan Tumbuh Cepat"
kabupaten,18,1810,15,2023,1.8056,Basis,-58405611.17,"Maju tapi Tertekan"
kabupaten,18,1810,16,2023,1.4425,Basis,-102007709.44,"Maju tapi Tertekan"
kabupaten,18,1810,17,2023,1.2235,Basis,-1278282613.76,"Maju tapi Tertekan"
kabupaten,18,1810,1,2024,0.8517,"Non Basis",39026278674.61,"Potensial / Cepat Berkembang"
kabupaten,18,1810,2,2024,0.0201,"Non Basis",203862674.88,"Potensial / Cepat Berkembang"
kabupaten,18,1810,3,2024,0.7507,"Non Basis",-38142379862.1,"Relatif Tertinggal"
kabupaten,18,1810,4,2024,0.5784,"Non Basis",680099167.09,"Potensial / Cepat Berkembang"
kabupaten,18,1810,5,2024,0.5239,"Non Basis",74673252.01,"Potensial / Cepat Berkembang"
kabupaten,18,1810,6,2024,1.2319,Basis,-371496084.71,"Maju tapi Tertekan"
kabupaten,18,1810,7,2024,1.2159,Basis,736404716.26,"Maju dan Tumbuh Cepat"
kabupaten,18,1810,8,2024,0.8507,"Non Basis",-1907717473.44,"Relatif Tertinggal"
kabupaten,18,1810,9,2024,1.5998,Basis,-1270708.13,"Maju tapi Tertekan"
kabupaten,18,1810,10,2024,1.1828,Basis,-7381410951.11,"Maju tapi Tertekan"
kabupaten,18,1810,11,2024,1.8632,Basis,-1101700924.08,"Maju tapi Tertekan"
kabupaten,18,1810,12,2024,1.3279,Basis,68376371.38,"Maju dan Tumbuh Cepat"
kabupaten,18,1810,13,2024,1.5833,Basis,39230806.37,"Maju dan Tumbuh Cepat"
kabupaten,18,1810,14,2024,1.1885,Basis,-1804299140.8,"Maju tapi Tertekan"
kabupaten,18,1810,15,2024,1.8057,Basis,76263813.83,"Maju dan Tumbuh Cepat"
kabupaten,18,1810,16,2024,1.433,Basis,-922446832.58,"Maju tapi Tertekan"
kabupaten,18,1810,17,2024,1.2133,Basis,-1120880023.35,"Maju tapi Tertekan"
kabupaten,18,1810,1,2025,0.8563,"Non Basis",13652265077.86,"Potensial / Cepat Berkembang"
kabupaten,18,1810,2,2025,0.0209,"Non Basis",370095587.44,"Potensial / Cepat Berkembang"
kabupaten,18,1810,3,2025,0.7569,"Non Basis",12873827753.9,"Potensial / Cepat Berkembang"
kabupaten,18,1810,4,2025,0.6266,"Non Basis",619111564.66,"Potensial / Cepat Berkembang"
kabupaten,18,1810,5,2025,0.5187,"Non Basis",-40935891.11,"Relatif Tertinggal"
kabupaten,18,1810,6,2025,1.2146,Basis,-15070948579.75,"Maju tapi Tertekan"
kabupaten,18,1810,7,2025,1.2125,Basis,-2101958354.67,"Maju tapi Tertekan"
kabupaten,18,1810,8,2025,0.858,"Non Basis",5679446436.74,"Potensial / Cepat Berkembang"
kabupaten,18,1810,9,2025,1.5964,Basis,-149372417.02,"Maju tapi Tertekan"
kabupaten,18,1810,10,2025,1.1761,Basis,-2648020884.16,"Maju tapi Tertekan"
kabupaten,18,1810,11,2025,1.8506,Basis,-1803420415.39,"Maju tapi Tertekan"
kabupaten,18,1810,12,2025,1.3113,Basis,-3984828839.27,"Maju tapi Tertekan"
kabupaten,18,1810,13,2025,1.572,Basis,-133385095.92,"Maju tapi Tertekan"
kabupaten,18,1810,14,2025,1.1805,Basis,-1754112825.59,"Maju tapi Tertekan"
kabupaten,18,1810,15,2025,1.7835,Basis,-5061341144.84,"Maju tapi Tertekan"
kabupaten,18,1810,16,2025,1.4618,Basis,3126887351.68,"Maju dan Tumbuh Cepat"
kabupaten,18,1810,17,2025,1.2011,Basis,-1219206508.85,"Maju tapi Tertekan"
kabupaten,18,1806,1,2022,1.4446,Basis,17300463290.64,"Maju dan Tumbuh Cepat"
kabupaten,18,1806,2,2022,1.2962,Basis,-6552103332.19,"Maju tapi Tertekan"
kabupaten,18,1806,3,2022,0.3478,"Non Basis",2541263074.35,"Potensial / Cepat Berkembang"
kabupaten,18,1806,4,2022,0.4711,"Non Basis",57090354.88,"Potensial / Cepat Berkembang"
kabupaten,18,1806,5,2022,1.1638,Basis,-416578715.92,"Maju tapi Tertekan"
kabupaten,18,1806,6,2022,0.7296,"Non Basis",-185467275.49,"Relatif Tertinggal"
kabupaten,18,1806,7,2022,0.9003,"Non Basis",-51121503945.06,"Relatif Tertinggal"
kabupaten,18,1806,8,2022,1.0466,Basis,9008156719.58,"Maju dan Tumbuh Cepat"
kabupaten,18,1806,9,2022,1.2032,Basis,2729398388.27,"Maju dan Tumbuh Cepat"
kabupaten,18,1806,10,2022,0.7951,"Non Basis",-400974380.02,"Relatif Tertinggal"
kabupaten,18,1806,11,2022,0.9345,"Non Basis",7165590681.88,"Potensial / Cepat Berkembang"
kabupaten,18,1806,12,2022,0.9912,"Non Basis",1153450234.36,"Potensial / Cepat Berkembang"
kabupaten,18,1806,13,2022,0.5813,"Non Basis",26749287.32,"Potensial / Cepat Berkembang"
kabupaten,18,1806,14,2022,1.369,Basis,560194183.6,"Maju dan Tumbuh Cepat"
kabupaten,18,1806,15,2022,1.4677,Basis,575956473.88,"Maju dan Tumbuh Cepat"
kabupaten,18,1806,16,2022,1.4686,Basis,-105521262.3,"Maju tapi Tertekan"
kabupaten,18,1806,17,2022,1.2972,Basis,1546381978.35,"Maju dan Tumbuh Cepat"
kabupaten,18,1806,1,2023,1.4488,Basis,19663419802.4,"Maju dan Tumbuh Cepat"
kabupaten,18,1806,2,2023,1.3069,Basis,7086476579.34,"Maju dan Tumbuh Cepat"
kabupaten,18,1806,3,2023,0.345,"Non Basis",-4740196973.44,"Relatif Tertinggal"
kabupaten,18,1806,4,2023,0.4693,"Non Basis",-21415844.59,"Relatif Tertinggal"
kabupaten,18,1806,5,2023,1.1903,Basis,355404565.05,"Maju dan Tumbuh Cepat"
kabupaten,18,1806,6,2023,0.7372,"Non Basis",10793690938.75,"Potensial / Cepat Berkembang"
kabupaten,18,1806,7,2023,0.9045,"Non Basis",9480520234.47,"Potensial / Cepat Berkembang"
kabupaten,18,1806,8,2023,1.0342,Basis,-8390093243.88,"Maju tapi Tertekan"
kabupaten,18,1806,9,2023,1.2313,Basis,5783649129.54,"Maju dan Tumbuh Cepat"
kabupaten,18,1806,10,2023,0.7937,"Non Basis",-139769800.15,"Relatif Tertinggal"
kabupaten,18,1806,11,2023,0.9388,"Non Basis",1301843163.42,"Potensial / Cepat Berkembang"
kabupaten,18,1806,12,2023,0.9869,"Non Basis",-967794114.2,"Relatif Tertinggal"
kabupaten,18,1806,13,2023,0.5792,"Non Basis",-22756436.45,"Relatif Tertinggal"
kabupaten,18,1806,14,2023,1.3846,Basis,6269630926.05,"Maju dan Tumbuh Cepat"
kabupaten,18,1806,15,2023,1.4628,Basis,-945209357.15,"Maju tapi Tertekan"
kabupaten,18,1806,16,2023,1.4842,Basis,2257808775.46,"Maju dan Tumbuh Cepat"
kabupaten,18,1806,17,2023,1.3207,Basis,3514994949.63,"Maju dan Tumbuh Cepat"
kabupaten,18,1806,1,2024,1.489,Basis,97414494905.81,"Maju dan Tumbuh Cepat"
kabupaten,18,1806,2,2024,1.3366,Basis,13240017612.66,"Maju dan Tumbuh Cepat"
kabupaten,18,1806,3,2024,0.3283,"Non Basis",-41972519232.37,"Relatif Tertinggal"
kabupaten,18,1806,4,2024,0.5037,"Non Basis",570710735.82,"Potensial / Cepat Berkembang"
kabupaten,18,1806,5,2024,1.2277,Basis,386898091.19,"Maju dan Tumbuh Cepat"
kabupaten,18,1806,6,2024,0.7673,"Non Basis",33272156766.73,"Potensial / Cepat Berkembang"
kabupaten,18,1806,7,2024,0.9041,"Non Basis",-9798287626.31,"Relatif Tertinggal"
kabupaten,18,1806,8,2024,1.0211,Basis,-15748207330.29,"Maju tapi Tertekan"
kabupaten,18,1806,9,2024,1.2547,Basis,3393499539.37,"Maju dan Tumbuh Cepat"
kabupaten,18,1806,10,2024,0.8058,"Non Basis",5607489508.74,"Potensial / Cepat Berkembang"
kabupaten,18,1806,11,2024,0.9479,"Non Basis",965197206.91,"Potensial / Cepat Berkembang"
kabupaten,18,1806,12,2024,0.9798,"Non Basis",-4534564631.95,"Relatif Tertinggal"
kabupaten,18,1806,13,2024,0.5665,"Non Basis",-314312892.32,"Relatif Tertinggal"
kabupaten,18,1806,14,2024,1.3782,Basis,-5226322500.91,"Maju tapi Tertekan"
kabupaten,18,1806,15,2024,1.5052,Basis,12082321117.8,"Maju dan Tumbuh Cepat"
kabupaten,18,1806,16,2024,1.4873,Basis,-657856071.13,"Maju tapi Tertekan"
kabupaten,18,1806,17,2024,1.2831,Basis,-6799854510.59,"Maju tapi Tertekan"
kabupaten,18,1806,1,2025,1.4591,Basis,-112979376979.17,"Maju tapi Tertekan"
kabupaten,18,1806,2,2025,1.3436,Basis,1085911700.78,"Maju dan Tumbuh Cepat"
kabupaten,18,1806,3,2025,0.3109,"Non Basis",-44841901948.35,"Relatif Tertinggal"
kabupaten,18,1806,4,2025,0.5054,"Non Basis",-5187990.26,"Relatif Tertinggal"
kabupaten,18,1806,5,2025,1.2238,Basis,-110304675.93,"Maju tapi Tertekan"
kabupaten,18,1806,6,2025,0.9293,"Non Basis",212904583199.91,"Potensial / Cepat Berkembang"
kabupaten,18,1806,7,2025,0.8888,"Non Basis",-36067141650.89,"Relatif Tertinggal"
kabupaten,18,1806,8,2025,1.0012,Basis,-21642089358.38,"Maju tapi Tertekan"
kabupaten,18,1806,9,2025,1.2763,Basis,3668377043.64,"Maju dan Tumbuh Cepat"
kabupaten,18,1806,10,2025,0.8023,"Non Basis",-4917547036.55,"Relatif Tertinggal"
kabupaten,18,1806,11,2025,0.9477,"Non Basis",-967733619.86,"Relatif Tertinggal"
kabupaten,18,1806,12,2025,0.9774,"Non Basis",-2310835028.33,"Relatif Tertinggal"
kabupaten,18,1806,13,2025,0.5629,"Non Basis",-119663727.79,"Relatif Tertinggal"
kabupaten,18,1806,14,2025,1.3743,Basis,-3601178795.15,"Maju tapi Tertekan"
kabupaten,18,1806,15,2025,1.5159,Basis,1741215812.64,"Maju dan Tumbuh Cepat"
kabupaten,18,1806,16,2025,1.4836,Basis,-1310363229.91,"Maju tapi Tertekan"
kabupaten,18,1806,17,2025,1.2068,Basis,-13199888900.8,"Maju tapi Tertekan"
kabupaten,18,1812,1,2022,1.2454,Basis,-26862299957.66,"Maju tapi Tertekan"
kabupaten,18,1812,2,2022,0.0959,"Non Basis",-656018966.98,"Relatif Tertinggal"
kabupaten,18,1812,3,2022,1.5938,Basis,117807035715.79,"Maju dan Tumbuh Cepat"
kabupaten,18,1812,4,2022,0.2984,"Non Basis",-120475812.85,"Relatif Tertinggal"
kabupaten,18,1812,5,2022,0.887,"Non Basis",-19065523.31,"Relatif Tertinggal"
kabupaten,18,1812,6,2022,0.8803,"Non Basis",-12617475890.44,"Relatif Tertinggal"
kabupaten,18,1812,7,2022,0.8571,"Non Basis",-110554004236.1,"Relatif Tertinggal"
kabupaten,18,1812,8,2022,0.1439,"Non Basis",-11899421268.08,"Relatif Tertinggal"
kabupaten,18,1812,9,2022,0.5567,"Non Basis",-8250417234.61,"Relatif Tertinggal"
kabupaten,18,1812,10,2022,1.0487,Basis,11655772308.82,"Maju dan Tumbuh Cepat"
kabupaten,18,1812,11,2022,0.2771,"Non Basis",2708505281.74,"Potensial / Cepat Berkembang"
kabupaten,18,1812,12,2022,0.7269,"Non Basis",-3006410184.6,"Relatif Tertinggal"
kabupaten,18,1812,13,2022,0.4481,"Non Basis",-820221755.44,"Relatif Tertinggal"
kabupaten,18,1812,14,2022,0.8713,"Non Basis",7940500753.01,"Potensial / Cepat Berkembang"
kabupaten,18,1812,15,2022,0.8507,"Non Basis",-2139024701.45,"Relatif Tertinggal"
kabupaten,18,1812,16,2022,0.4763,"Non Basis",1750071958.04,"Potensial / Cepat Berkembang"
kabupaten,18,1812,17,2022,0.4207,"Non Basis",-8477927751.89,"Relatif Tertinggal"
kabupaten,18,1812,1,2023,1.2956,Basis,106740450124.83,"Maju dan Tumbuh Cepat"
kabupaten,18,1812,2,2023,0.0958,"Non Basis",-73243687.72,"Relatif Tertinggal"
kabupaten,18,1812,3,2023,1.5819,Basis,-18703244370.57,"Maju tapi Tertekan"
kabupaten,18,1812,4,2023,0.3057,"Non Basis",96158259.29,"Potensial / Cepat Berkembang"
kabupaten,18,1812,5,2023,0.916,"Non Basis",250191859.23,"Potensial / Cepat Berkembang"
kabupaten,18,1812,6,2023,0.863,"Non Basis",-15545704612.64,"Relatif Tertinggal"
kabupaten,18,1812,7,2023,0.8993,"Non Basis",49962978052.94,"Potensial / Cepat Berkembang"
kabupaten,18,1812,8,2023,0.1414,"Non Basis",-1378051884.08,"Relatif Tertinggal"
kabupaten,18,1812,9,2023,0.5413,"Non Basis",-2124348532.64,"Relatif Tertinggal"
kabupaten,18,1812,10,2023,0.9845,"Non Basis",-29908928084.7,"Relatif Tertinggal"
kabupaten,18,1812,11,2023,0.2603,"Non Basis",-2713916851.72,"Relatif Tertinggal"
kabupaten,18,1812,12,2023,0.7559,"Non Basis",6852320153.95,"Potensial / Cepat Berkembang"
kabupaten,18,1812,13,2023,0.4667,"Non Basis",235450551.7,"Potensial / Cepat Berkembang"
kabupaten,18,1812,14,2023,0.8864,"Non Basis",3620272687.06,"Potensial / Cepat Berkembang"
kabupaten,18,1812,15,2023,0.8659,"Non Basis",3575415816.24,"Potensial / Cepat Berkembang"
kabupaten,18,1812,16,2023,0.4582,"Non Basis",-1638793718.18,"Relatif Tertinggal"
kabupaten,18,1812,17,2023,0.4117,"Non Basis",-892013341.87,"Relatif Tertinggal"
kabupaten,18,1812,1,2024,1.3228,Basis,56411700311.59,"Maju dan Tumbuh Cepat"
kabupaten,18,1812,2,2024,0.1002,"Non Basis",1771926693.82,"Potensial / Cepat Berkembang"
kabupaten,18,1812,3,2024,1.4966,Basis,-136773145485.48,"Maju tapi Tertekan"
kabupaten,18,1812,4,2024,0.3491,"Non Basis",544310202.02,"Potensial / Cepat Berkembang"
kabupaten,18,1812,5,2024,0.9363,"Non Basis",175216718.81,"Potensial / Cepat Berkembang"
kabupaten,18,1812,6,2024,0.9,"Non Basis",32761371859.91,"Potensial / Cepat Berkembang"
kabupaten,18,1812,7,2024,0.9686,"Non Basis",88485366827.53,"Potensial / Cepat Berkembang"
kabupaten,18,1812,8,2024,0.1525,"Non Basis",6527532674.57,"Potensial / Cepat Berkembang"
kabupaten,18,1812,9,2024,0.5923,"Non Basis",7253235097.12,"Potensial / Cepat Berkembang"
kabupaten,18,1812,10,2024,0.9735,"Non Basis",-5724682106.33,"Relatif Tertinggal"
kabupaten,18,1812,11,2024,0.259,"Non Basis",-236140858.77,"Relatif Tertinggal"
kabupaten,18,1812,12,2024,0.7188,"Non Basis",-9572305851.13,"Relatif Tertinggal"
kabupaten,18,1812,13,2024,0.4585,"Non Basis",-117362626.75,"Relatif Tertinggal"
kabupaten,18,1812,14,2024,0.8378,"Non Basis",-13027395288.4,"Relatif Tertinggal"
kabupaten,18,1812,15,2024,0.8805,"Non Basis",3505976606,"Potensial / Cepat Berkembang"
kabupaten,18,1812,16,2024,0.448,"Non Basis",-989637706.13,"Relatif Tertinggal"
kabupaten,18,1812,17,2024,0.4347,"Non Basis",2437046439.89,"Potensial / Cepat Berkembang"
kabupaten,18,1812,1,2025,1.2269,Basis,-233679644770.53,"Maju tapi Tertekan"
kabupaten,18,1812,2,2025,0.1082,"Non Basis",2983345515.46,"Potensial / Cepat Berkembang"
kabupaten,18,1812,3,2025,1.5125,Basis,9025156078.74,"Maju dan Tumbuh Cepat"
kabupaten,18,1812,4,2025,0.3957,"Non Basis",533749969.26,"Potensial / Cepat Berkembang"
kabupaten,18,1812,5,2025,0.9127,"Non Basis",-269028140.21,"Relatif Tertinggal"
kabupaten,18,1812,6,2025,0.9289,"Non Basis",21175282822.09,"Potensial / Cepat Berkembang"
kabupaten,18,1812,7,2025,1.0137,Basis,51495379864.83,"Maju dan Tumbuh Cepat"
kabupaten,18,1812,8,2025,0.158,"Non Basis",2826222782.47,"Potensial / Cepat Berkembang"
kabupaten,18,1812,9,2025,0.6007,"Non Basis",638811114.29,"Potensial / Cepat Berkembang"
kabupaten,18,1812,10,2025,1.0309,Basis,26305205822.1,"Maju dan Tumbuh Cepat"
kabupaten,18,1812,11,2025,0.2605,"Non Basis",-59854562.46,"Relatif Tertinggal"
kabupaten,18,1812,12,2025,0.7638,"Non Basis",10565450527.36,"Potensial / Cepat Berkembang"
kabupaten,18,1812,13,2025,0.4761,"Non Basis",207366975.32,"Potensial / Cepat Berkembang"
kabupaten,18,1812,14,2025,0.8855,"Non Basis",11371433270.09,"Potensial / Cepat Berkembang"
kabupaten,18,1812,15,2025,0.8871,"Non Basis",105570152.26,"Potensial / Cepat Berkembang"
kabupaten,18,1812,16,2025,0.4815,"Non Basis",2937626919.57,"Potensial / Cepat Berkembang"
kabupaten,18,1812,17,2025,0.4562,"Non Basis",2096753805,"Potensial / Cepat Berkembang"
kabupaten,18,1805,1,2022,1.313,Basis,-90750653742.7,"Maju tapi Tertekan"
kabupaten,18,1805,2,2022,0.2194,"Non Basis",10262266605.09,"Potensial / Cepat Berkembang"
kabupaten,18,1805,3,2022,1.3678,Basis,172858372455.47,"Maju dan Tumbuh Cepat"
kabupaten,18,1805,4,2022,0.7552,"Non Basis",-644396560.27,"Relatif Tertinggal"
kabupaten,18,1805,5,2022,0.4723,"Non Basis",-72880386.98,"Relatif Tertinggal"
kabupaten,18,1805,6,2022,0.9012,"Non Basis",22755066434.85,"Potensial / Cepat Berkembang"
kabupaten,18,1805,7,2022,0.8329,"Non Basis",-107623033576.8,"Relatif Tertinggal"
kabupaten,18,1805,8,2022,0.6757,"Non Basis",-55827812945.12,"Relatif Tertinggal"
kabupaten,18,1805,9,2022,0.8592,"Non Basis",-10683785933.4,"Relatif Tertinggal"
kabupaten,18,1805,10,2022,0.8085,"Non Basis",38106625041.53,"Potensial / Cepat Berkembang"
kabupaten,18,1805,11,2022,0.5997,"Non Basis",5761346771.95,"Potensial / Cepat Berkembang"
kabupaten,18,1805,12,2022,0.6938,"Non Basis",5829553370.29,"Potensial / Cepat Berkembang"
kabupaten,18,1805,13,2022,0.2933,"Non Basis",-560753788.45,"Relatif Tertinggal"
kabupaten,18,1805,14,2022,0.8064,"Non Basis",2044403680.9,"Potensial / Cepat Berkembang"
kabupaten,18,1805,15,2022,0.6025,"Non Basis",2912660651.69,"Potensial / Cepat Berkembang"
kabupaten,18,1805,16,2022,0.4094,"Non Basis",644675827.59,"Potensial / Cepat Berkembang"
kabupaten,18,1805,17,2022,0.4374,"Non Basis",3291608200.43,"Potensial / Cepat Berkembang"
kabupaten,18,1805,1,2023,1.3329,Basis,74575674411.11,"Maju dan Tumbuh Cepat"
kabupaten,18,1805,2,2023,0.221,"Non Basis",864762992.88,"Potensial / Cepat Berkembang"
kabupaten,18,1805,3,2023,1.3758,Basis,13890218735.84,"Maju dan Tumbuh Cepat"
kabupaten,18,1805,4,2023,0.7648,"Non Basis",214747545.42,"Potensial / Cepat Berkembang"
kabupaten,18,1805,5,2023,0.4722,"Non Basis",-24367889.2,"Relatif Tertinggal"
kabupaten,18,1805,6,2023,0.8929,"Non Basis",-19256986343.98,"Relatif Tertinggal"
kabupaten,18,1805,7,2023,0.8478,"Non Basis",32116024309.19,"Potensial / Cepat Berkembang"
kabupaten,18,1805,8,2023,0.6809,"Non Basis",3881415709.87,"Potensial / Cepat Berkembang"
kabupaten,18,1805,9,2023,0.8291,"Non Basis",-9125381736.47,"Relatif Tertinggal"
kabupaten,18,1805,10,2023,0.8136,"Non Basis",2957982751.22,"Potensial / Cepat Berkembang"
kabupaten,18,1805,11,2023,0.5903,"Non Basis",-3644424046.28,"Relatif Tertinggal"
kabupaten,18,1805,12,2023,0.6902,"Non Basis",-2672452051.91,"Relatif Tertinggal"
kabupaten,18,1805,13,2023,0.2843,"Non Basis",-260984879.44,"Relatif Tertinggal"
kabupaten,18,1805,14,2023,0.8234,"Non Basis",7746203814.35,"Potensial / Cepat Berkembang"
kabupaten,18,1805,15,2023,0.6067,"Non Basis",1346069201.76,"Potensial / Cepat Berkembang"
kabupaten,18,1805,16,2023,0.4057,"Non Basis",-880821858.37,"Relatif Tertinggal"
kabupaten,18,1805,17,2023,0.4293,"Non Basis",-1859087861.71,"Relatif Tertinggal"
kabupaten,18,1805,1,2024,1.3594,Basis,126975806886.25,"Maju dan Tumbuh Cepat"
kabupaten,18,1805,2,2024,0.2151,"Non Basis",-4759669577.41,"Relatif Tertinggal"
kabupaten,18,1805,3,2024,1.3439,Basis,-98694755062.52,"Maju tapi Tertekan"
kabupaten,18,1805,4,2024,0.8205,"Non Basis",1501358428.05,"Potensial / Cepat Berkembang"
kabupaten,18,1805,5,2024,0.4723,"Non Basis",17156466.41,"Potensial / Cepat Berkembang"
kabupaten,18,1805,6,2024,0.9402,"Non Basis",91339642115.47,"Potensial / Cepat Berkembang"
kabupaten,18,1805,7,2024,0.8531,"Non Basis",17919983721.45,"Potensial / Cepat Berkembang"
kabupaten,18,1805,8,2024,0.6756,"Non Basis",-5214336289.67,"Relatif Tertinggal"
kabupaten,18,1805,9,2024,0.8203,"Non Basis",-2231093864.66,"Relatif Tertinggal"
kabupaten,18,1805,10,2024,0.821,"Non Basis",9188787288.94,"Potensial / Cepat Berkembang"
kabupaten,18,1805,11,2024,0.591,"Non Basis",605354694.52,"Potensial / Cepat Berkembang"
kabupaten,18,1805,12,2024,0.6715,"Non Basis",-9414469510.16,"Relatif Tertinggal"
kabupaten,18,1805,13,2024,0.2827,"Non Basis",-33834379.53,"Relatif Tertinggal"
kabupaten,18,1805,14,2024,0.8118,"Non Basis",-5651644131.78,"Relatif Tertinggal"
kabupaten,18,1805,15,2024,0.604,"Non Basis",-867960993.86,"Relatif Tertinggal"
kabupaten,18,1805,16,2024,0.4174,"Non Basis",2465696093.69,"Potensial / Cepat Berkembang"
kabupaten,18,1805,17,2024,0.4248,"Non Basis",-839892029.35,"Relatif Tertinggal"
kabupaten,18,1805,1,2025,1.3554,Basis,-29496026000.67,"Maju tapi Tertekan"
kabupaten,18,1805,2,2025,0.2219,"Non Basis",5443235966.56,"Potensial / Cepat Berkembang"
kabupaten,18,1805,3,2025,1.3348,Basis,-40309485057.25,"Maju tapi Tertekan"
kabupaten,18,1805,4,2025,0.9027,"Non Basis",2058086409.13,"Potensial / Cepat Berkembang"
kabupaten,18,1805,5,2025,0.4704,"Non Basis",-50739826.5,"Relatif Tertinggal"
kabupaten,18,1805,6,2025,0.9223,"Non Basis",-38410971990.63,"Relatif Tertinggal"
kabupaten,18,1805,7,2025,0.8512,"Non Basis",-9309517600.09,"Relatif Tertinggal"
kabupaten,18,1805,8,2025,0.6864,"Non Basis",12890497016.42,"Potensial / Cepat Berkembang"
kabupaten,18,1805,9,2025,0.824,"Non Basis",745129571.39,"Potensial / Cepat Berkembang"
kabupaten,18,1805,10,2025,0.8178,"Non Basis",-5078791376.15,"Relatif Tertinggal"
kabupaten,18,1805,11,2025,0.5933,"Non Basis",467176766.09,"Potensial / Cepat Berkembang"
kabupaten,18,1805,12,2025,0.6778,"Non Basis",2872296896.28,"Potensial / Cepat Berkembang"
kabupaten,18,1805,13,2025,0.2814,"Non Basis",-51866997.47,"Relatif Tertinggal"
kabupaten,18,1805,14,2025,0.806,"Non Basis",-4103457803.76,"Relatif Tertinggal"
kabupaten,18,1805,15,2025,0.6065,"Non Basis",768629091.28,"Potensial / Cepat Berkembang"
kabupaten,18,1805,16,2025,0.4149,"Non Basis",-667405250.37,"Relatif Tertinggal"
kabupaten,18,1805,17,2025,0.4261,"Non Basis",146261235.28,"Potensial / Cepat Berkembang"
kabupaten,18,1808,1,2022,1.2259,Basis,26220594713.6,"Maju dan Tumbuh Cepat"
kabupaten,18,1808,2,2022,0.9737,"Non Basis",42417029642.93,"Potensial / Cepat Berkembang"
kabupaten,18,1808,3,2022,1.1636,Basis,30572505679.16,"Maju dan Tumbuh Cepat"
kabupaten,18,1808,4,2022,0.7013,"Non Basis",-63266504.76,"Relatif Tertinggal"
kabupaten,18,1808,5,2022,0.5219,"Non Basis",1165347.41,"Potensial / Cepat Berkembang"
kabupaten,18,1808,6,2022,0.866,"Non Basis",-23475604782.06,"Relatif Tertinggal"
kabupaten,18,1808,7,2022,0.8296,"Non Basis",-33139616400.11,"Relatif Tertinggal"
kabupaten,18,1808,8,2022,0.554,"Non Basis",6396448113.03,"Potensial / Cepat Berkembang"
kabupaten,18,1808,9,2022,0.5204,"Non Basis",-4907440990.27,"Relatif Tertinggal"
kabupaten,18,1808,10,2022,0.9812,"Non Basis",27845849341.75,"Potensial / Cepat Berkembang"
kabupaten,18,1808,11,2022,0.478,"Non Basis",2175926871.16,"Potensial / Cepat Berkembang"
kabupaten,18,1808,12,2022,0.7979,"Non Basis",-8220958310.16,"Relatif Tertinggal"
kabupaten,18,1808,13,2022,0.3145,"Non Basis",-849789047.26,"Relatif Tertinggal"
kabupaten,18,1808,14,2022,1.0599,Basis,4506887267.21,"Maju dan Tumbuh Cepat"
kabupaten,18,1808,15,2022,1.0809,Basis,21480050903.52,"Maju dan Tumbuh Cepat"
kabupaten,18,1808,16,2022,1.0087,Basis,-1185703613.8,"Maju tapi Tertekan"
kabupaten,18,1808,17,2022,0.6155,"Non Basis",876881115.05,"Potensial / Cepat Berkembang"
kabupaten,18,1808,1,2023,1.2184,Basis,-17933940629.27,"Maju tapi Tertekan"
kabupaten,18,1808,2,2023,1.0236,Basis,25368242587.82,"Maju dan Tumbuh Cepat"
kabupaten,18,1808,3,2023,1.1706,Basis,14675590906.37,"Maju dan Tumbuh Cepat"
kabupaten,18,1808,4,2023,0.7345,"Non Basis",578610741.85,"Potensial / Cepat Berkembang"
kabupaten,18,1808,5,2023,0.5224,"Non Basis",10131086.14,"Potensial / Cepat Berkembang"
kabupaten,18,1808,6,2023,0.879,"Non Basis",15161082084.03,"Potensial / Cepat Berkembang"
kabupaten,18,1808,7,2023,0.8561,"Non Basis",41638334061.97,"Potensial / Cepat Berkembang"
kabupaten,18,1808,8,2023,0.5665,"Non Basis",8876971080.26,"Potensial / Cepat Berkembang"
kabupaten,18,1808,9,2023,0.5195,"Non Basis",-84182681.97,"Relatif Tertinggal"
kabupaten,18,1808,10,2023,0.9836,"Non Basis",1816024676.72,"Potensial / Cepat Berkembang"
kabupaten,18,1808,11,2023,0.4835,"Non Basis",1217446740.29,"Potensial / Cepat Berkembang"
kabupaten,18,1808,12,2023,0.7958,"Non Basis",-458614954.34,"Relatif Tertinggal"
kabupaten,18,1808,13,2023,0.3117,"Non Basis",-41530445.44,"Relatif Tertinggal"
kabupaten,18,1808,14,2023,1.0666,Basis,2402600726.48,"Maju dan Tumbuh Cepat"
kabupaten,18,1808,15,2023,1.093,Basis,4014068758.91,"Maju dan Tumbuh Cepat"
kabupaten,18,1808,16,2023,1.0159,Basis,906056504.57,"Maju dan Tumbuh Cepat"
kabupaten,18,1808,17,2023,0.6169,"Non Basis",230343388.45,"Potensial / Cepat Berkembang"
kabupaten,18,1808,1,2024,1.2425,Basis,67363968692.64,"Maju dan Tumbuh Cepat"
kabupaten,18,1808,2,2024,1.0558,Basis,17317182282.33,"Maju dan Tumbuh Cepat"
kabupaten,18,1808,3,2024,1.1409,Basis,-58837728260.26,"Maju tapi Tertekan"
kabupaten,18,1808,4,2024,0.8273,"Non Basis",1500937140.49,"Potensial / Cepat Berkembang"
kabupaten,18,1808,5,2024,0.5174,"Non Basis",-51634970.3,"Relatif Tertinggal"
kabupaten,18,1808,6,2024,0.8907,"Non Basis",14101122720.93,"Potensial / Cepat Berkembang"
kabupaten,18,1808,7,2024,0.8662,"Non Basis",17475274504.1,"Potensial / Cepat Berkembang"
kabupaten,18,1808,8,2024,0.5656,"Non Basis",-338876077.16,"Relatif Tertinggal"
kabupaten,18,1808,9,2024,0.5131,"Non Basis",-1112236900.76,"Relatif Tertinggal"
kabupaten,18,1808,10,2024,0.991,"Non Basis",5224894913.21,"Potensial / Cepat Berkembang"
kabupaten,18,1808,11,2024,0.487,"Non Basis",810945330.96,"Potensial / Cepat Berkembang"
kabupaten,18,1808,12,2024,0.799,"Non Basis",1241290444.19,"Potensial / Cepat Berkembang"
kabupaten,18,1808,13,2024,0.3116,"Non Basis",1714147.75,"Potensial / Cepat Berkembang"
kabupaten,18,1808,14,2024,1.0488,Basis,-5801707535.65,"Maju tapi Tertekan"
kabupaten,18,1808,15,2024,1.0909,Basis,-422183457.3,"Maju tapi Tertekan"
kabupaten,18,1808,16,2024,1.0168,Basis,190767998.94,"Maju dan Tumbuh Cepat"
kabupaten,18,1808,17,2024,0.6107,"Non Basis",-792207770.55,"Relatif Tertinggal"
kabupaten,18,1808,1,2025,1.2326,Basis,-26348479883.68,"Maju tapi Tertekan"
kabupaten,18,1808,2,2025,1.0985,Basis,22534427358.73,"Maju dan Tumbuh Cepat"
kabupaten,18,1808,3,2025,1.1401,Basis,-163838803.76,"Maju tapi Tertekan"
kabupaten,18,1808,4,2025,0.9028,"Non Basis",1185210613.03,"Potensial / Cepat Berkembang"
kabupaten,18,1808,5,2025,0.5181,"Non Basis",12330911.91,"Potensial / Cepat Berkembang"
kabupaten,18,1808,6,2025,0.8873,"Non Basis",-3507294055.16,"Relatif Tertinggal"
kabupaten,18,1808,7,2025,0.8764,"Non Basis",18686205562.77,"Potensial / Cepat Berkembang"
kabupaten,18,1808,8,2025,0.5708,"Non Basis",4485896958.51,"Potensial / Cepat Berkembang"
kabupaten,18,1808,9,2025,0.5124,"Non Basis",-72168013.93,"Relatif Tertinggal"
kabupaten,18,1808,10,2025,0.9879,"Non Basis",-1669119190.1,"Relatif Tertinggal"
kabupaten,18,1808,11,2025,0.4874,"Non Basis",174582755.58,"Potensial / Cepat Berkembang"
kabupaten,18,1808,12,2025,0.7956,"Non Basis",-1018496774.86,"Relatif Tertinggal"
kabupaten,18,1808,13,2025,0.311,"Non Basis",-6849940.19,"Relatif Tertinggal"
kabupaten,18,1808,14,2025,1.0476,Basis,-214847545.24,"Maju tapi Tertekan"
kabupaten,18,1808,15,2025,1.0918,Basis,496836881.11,"Maju dan Tumbuh Cepat"
kabupaten,18,1808,16,2025,1.0059,Basis,-1272662853.21,"Maju tapi Tertekan"
kabupaten,18,1808,17,2025,0.6092,"Non Basis",-168850023.33,"Relatif Tertinggal"
kabupaten,18,1871,1,2022,0.1326,"Non Basis",-24637955729.2,"Relatif Tertinggal"
kabupaten,18,1871,2,2022,0.5454,"Non Basis",56717646139.95,"Potensial / Cepat Berkembang"
kabupaten,18,1871,3,2022,1.0655,Basis,21544940523.95,"Maju dan Tumbuh Cepat"
kabupaten,18,1871,4,2022,0.96,"Non Basis",-772880650.28,"Relatif Tertinggal"
kabupaten,18,1871,5,2022,2.6633,Basis,110789357.96,"Maju dan Tumbuh Cepat"
kabupaten,18,1871,6,2022,1.1144,Basis,5150743274.07,"Maju dan Tumbuh Cepat"
kabupaten,18,1871,7,2022,1.0965,Basis,-408015941646.9,"Maju tapi Tertekan"
kabupaten,18,1871,8,2022,2.4965,Basis,-123973459687.66,"Maju tapi Tertekan"
kabupaten,18,1871,9,2022,1.5923,Basis,3477255358.09,"Maju dan Tumbuh Cepat"
kabupaten,18,1871,10,2022,1.472,Basis,9013366685.56,"Maju dan Tumbuh Cepat"
kabupaten,18,1871,11,2022,2.2143,Basis,21780516660.75,"Maju dan Tumbuh Cepat"
kabupaten,18,1871,12,2022,2.0032,Basis,-11607565559.06,"Maju tapi Tertekan"
kabupaten,18,1871,13,2022,2.3427,Basis,-6222438709.68,"Maju tapi Tertekan"
kabupaten,18,1871,14,2022,1.6212,Basis,-1929321673.95,"Maju tapi Tertekan"
kabupaten,18,1871,15,2022,1.0836,Basis,-1037431017.44,"Maju tapi Tertekan"
kabupaten,18,1871,16,2022,1.9216,Basis,-673584897.48,"Maju tapi Tertekan"
kabupaten,18,1871,17,2022,1.7479,Basis,-65118307140.34,"Maju tapi Tertekan"
kabupaten,18,1871,1,2023,0.1324,"Non Basis",4086922720.7,"Potensial / Cepat Berkembang"
kabupaten,18,1871,2,2023,0.5428,"Non Basis",-811796383.71,"Relatif Tertinggal"
kabupaten,18,1871,3,2023,1.0577,Basis,-27482186714.48,"Maju tapi Tertekan"
kabupaten,18,1871,4,2023,0.9603,"Non Basis",291624571.47,"Potensial / Cepat Berkembang"
kabupaten,18,1871,5,2023,2.6557,Basis,133213907.14,"Maju dan Tumbuh Cepat"
kabupaten,18,1871,6,2023,1.0768,Basis,-152168061122.55,"Maju tapi Tertekan"
kabupaten,18,1871,7,2023,1.0497,Basis,-268489961977.05,"Maju tapi Tertekan"
kabupaten,18,1871,8,2023,2.4641,Basis,-64331053939.87,"Maju tapi Tertekan"
kabupaten,18,1871,9,2023,1.5522,Basis,-24090511107.25,"Maju tapi Tertekan"
kabupaten,18,1871,10,2023,1.4366,Basis,-71936999781.02,"Maju tapi Tertekan"
kabupaten,18,1871,11,2023,2.1662,Basis,-33207517779.79,"Maju tapi Tertekan"
kabupaten,18,1871,12,2023,1.9844,Basis,-13704137116.58,"Maju tapi Tertekan"
kabupaten,18,1871,13,2023,2.2988,Basis,-2343752554.15,"Maju tapi Tertekan"
kabupaten,18,1871,14,2023,1.6197,Basis,6453514389.5,"Maju dan Tumbuh Cepat"
kabupaten,18,1871,15,2023,1.0775,Basis,-2376636192.54,"Maju tapi Tertekan"
kabupaten,18,1871,16,2023,1.8645,Basis,-23178631790.96,"Maju tapi Tertekan"
kabupaten,18,1871,17,2023,1.7054,Basis,-18068527695.66,"Maju tapi Tertekan"
kabupaten,18,1871,1,2024,0.1295,"Non Basis",-26397263553.8,"Relatif Tertinggal"
kabupaten,18,1871,2,2024,0.5239,"Non Basis",-36582079413.06,"Relatif Tertinggal"
kabupaten,18,1871,3,2024,1.0071,Basis,-391549007198.21,"Maju tapi Tertekan"
kabupaten,18,1871,4,2024,1.0796,Basis,8183658598.32,"Maju dan Tumbuh Cepat"
kabupaten,18,1871,5,2024,2.668,Basis,1045133757.51,"Maju dan Tumbuh Cepat"
kabupaten,18,1871,6,2024,1.0886,Basis,75692673643.93,"Maju dan Tumbuh Cepat"
kabupaten,18,1871,7,2024,1.0054,Basis,-273277670811.89,"Maju tapi Tertekan"
kabupaten,18,1871,8,2024,2.4188,Basis,-112394733246.58,"Maju tapi Tertekan"
kabupaten,18,1871,9,2024,1.5646,Basis,13904850668.31,"Maju dan Tumbuh Cepat"
kabupaten,18,1871,10,2024,1.4147,Basis,-43541038411.77,"Maju tapi Tertekan"
kabupaten,18,1871,11,2024,2.1541,Basis,-3324656711.75,"Maju tapi Tertekan"
kabupaten,18,1871,12,2024,1.9863,Basis,12954429256.4,"Maju dan Tumbuh Cepat"
kabupaten,18,1871,13,2024,2.2935,Basis,268225494.93,"Maju dan Tumbuh Cepat"
kabupaten,18,1871,14,2024,1.5851,Basis,-39902060663.09,"Maju tapi Tertekan"
kabupaten,18,1871,15,2024,1.0687,Basis,-5993260228.67,"Maju tapi Tertekan"
kabupaten,18,1871,16,2024,1.8572,Basis,-39374349.44,"Maju tapi Tertekan"
kabupaten,18,1871,17,2024,1.6836,Basis,-8606310655.33,"Maju tapi Tertekan"
kabupaten,18,1871,1,2025,0.125,"Non Basis",-53515527061.33,"Relatif Tertinggal"
kabupaten,18,1871,2,2025,0.545,"Non Basis",45686431657.68,"Potensial / Cepat Berkembang"
kabupaten,18,1871,3,2025,1.0196,Basis,114823438383.36,"Maju dan Tumbuh Cepat"
kabupaten,18,1871,4,2025,1.1867,Basis,6928137310.35,"Maju dan Tumbuh Cepat"
kabupaten,18,1871,5,2025,2.6609,Basis,-300952817.55,"Maju tapi Tertekan"
kabupaten,18,1871,6,2025,1.1047,Basis,81958760170.94,"Maju dan Tumbuh Cepat"
kabupaten,18,1871,7,2025,0.988,"Non Basis",-122319142758.91,"Relatif Tertinggal"
kabupaten,18,1871,8,2025,2.4072,Basis,-36586828028.44,"Maju tapi Tertekan"
kabupaten,18,1871,9,2025,1.534,Basis,-24569682634.57,"Maju tapi Tertekan"
kabupaten,18,1871,10,2025,1.4115,Basis,-7655757954.47,"Maju tapi Tertekan"
kabupaten,18,1871,11,2025,2.1173,Basis,-34031814231.08,"Maju tapi Tertekan"
kabupaten,18,1871,12,2025,1.9647,Basis,-29579963129.22,"Maju tapi Tertekan"
kabupaten,18,1871,13,2025,2.3342,Basis,3185448584.47,"Maju dan Tumbuh Cepat"
kabupaten,18,1871,14,2025,1.5753,Basis,-13502421697.34,"Maju tapi Tertekan"
kabupaten,18,1871,15,2025,1.0646,Basis,-5053694663.46,"Maju tapi Tertekan"
kabupaten,18,1871,16,2025,1.8689,Basis,6302491474.89,"Maju dan Tumbuh Cepat"
kabupaten,18,1871,17,2025,1.725,Basis,25407043190.43,"Maju dan Tumbuh Cepat"
kabupaten,18,1872,1,2022,0.1875,"Non Basis",3672835580.36,"Potensial / Cepat Berkembang"
kabupaten,18,1872,3,2022,0.8649,"Non Basis",26524328325.22,"Potensial / Cepat Berkembang"
kabupaten,18,1872,4,2022,0.9797,"Non Basis",-327154540.05,"Relatif Tertinggal"
kabupaten,18,1872,5,2022,0.5594,"Non Basis",-52187774.85,"Relatif Tertinggal"
kabupaten,18,1872,6,2022,0.7012,"Non Basis",9221108611.43,"Potensial / Cepat Berkembang"
kabupaten,18,1872,7,2022,1.3317,Basis,-66177098898.5,"Maju tapi Tertekan"
kabupaten,18,1872,8,2022,1.3703,Basis,-38784091416.55,"Maju tapi Tertekan"
kabupaten,18,1872,9,2022,1.6718,Basis,1792930945.41,"Maju dan Tumbuh Cepat"
kabupaten,18,1872,10,2022,1.7076,Basis,9495700921.46,"Maju dan Tumbuh Cepat"
kabupaten,18,1872,11,2022,3.3909,Basis,7762685964.29,"Maju dan Tumbuh Cepat"
kabupaten,18,1872,12,2022,2.105,Basis,-2382389736.23,"Maju tapi Tertekan"
kabupaten,18,1872,13,2022,4.578,Basis,-949184696.17,"Maju tapi Tertekan"
kabupaten,18,1872,14,2022,2.1059,Basis,2719564274.25,"Maju dan Tumbuh Cepat"
kabupaten,18,1872,15,2022,1.8724,Basis,-2079410557.06,"Maju tapi Tertekan"
kabupaten,18,1872,16,2022,5.464,Basis,5928356958.11,"Maju dan Tumbuh Cepat"
kabupaten,18,1872,17,2022,2.2719,Basis,-12041902094.2,"Maju tapi Tertekan"
kabupaten,18,1872,1,2023,0.1861,"Non Basis",-1000969291.23,"Relatif Tertinggal"
kabupaten,18,1872,3,2023,0.8618,"Non Basis",-458863912.13,"Relatif Tertinggal"
kabupaten,18,1872,4,2023,1.0169,Basis,308978754.17,"Maju dan Tumbuh Cepat"
kabupaten,18,1872,5,2023,0.5589,"Non Basis",5654724.05,"Potensial / Cepat Berkembang"
kabupaten,18,1872,6,2023,0.6986,"Non Basis",-258147628.27,"Relatif Tertinggal"
kabupaten,18,1872,7,2023,1.2795,Basis,-33161156138.62,"Maju tapi Tertekan"
kabupaten,18,1872,8,2023,1.3278,Basis,-11921841393.41,"Maju tapi Tertekan"
kabupaten,18,1872,9,2023,1.6708,Basis,307255105.24,"Maju dan Tumbuh Cepat"
kabupaten,18,1872,10,2023,1.6922,Basis,-2726761254.28,"Maju tapi Tertekan"
kabupaten,18,1872,11,2023,3.3707,Basis,-938164922.38,"Maju tapi Tertekan"
kabupaten,18,1872,12,2023,2.1001,Basis,184845641.64,"Maju dan Tumbuh Cepat"
kabupaten,18,1872,13,2023,4.5541,Basis,-76319983.65,"Maju tapi Tertekan"
kabupaten,18,1872,14,2023,2.1023,Basis,375110449.29,"Maju dan Tumbuh Cepat"
kabupaten,18,1872,15,2023,1.8835,Basis,2311593802.71,"Maju dan Tumbuh Cepat"
kabupaten,18,1872,16,2023,5.4582,Basis,531291801.67,"Maju dan Tumbuh Cepat"
kabupaten,18,1872,17,2023,2.2317,Basis,-1852036059.3,"Maju tapi Tertekan"
kabupaten,18,1872,1,2024,0.1878,"Non Basis",2753619364.06,"Potensial / Cepat Berkembang"
kabupaten,18,1872,3,2024,0.8391,"Non Basis",-18510787177.59,"Relatif Tertinggal"
kabupaten,18,1872,4,2024,1.1154,Basis,734182964.43,"Maju dan Tumbuh Cepat"
kabupaten,18,1872,5,2024,0.551,"Non Basis",-31177277.04,"Relatif Tertinggal"
kabupaten,18,1872,6,2024,0.6884,"Non Basis",-4202295333.63,"Relatif Tertinggal"
kabupaten,18,1872,7,2024,1.2661,Basis,-7169543206.82,"Maju tapi Tertekan"
kabupaten,18,1872,8,2024,1.3062,Basis,-6051129322.6,"Maju tapi Tertekan"
kabupaten,18,1872,9,2024,1.5946,Basis,-5860335421.96,"Maju tapi Tertekan"
kabupaten,18,1872,10,2024,1.6593,Basis,-8062429730.51,"Maju tapi Tertekan"
kabupaten,18,1872,11,2024,3.2465,Basis,-11046990365.46,"Maju tapi Tertekan"
kabupaten,18,1872,12,2024,2.0284,Basis,-9643739804.23,"Maju tapi Tertekan"
kabupaten,18,1872,13,2024,4.4602,Basis,-646714630.61,"Maju tapi Tertekan"
kabupaten,18,1872,14,2024,2.0061,Basis,-13775558592.57,"Maju tapi Tertekan"
kabupaten,18,1872,15,2024,1.8704,Basis,-1079367335.03,"Maju tapi Tertekan"
kabupaten,18,1872,16,2024,5.5719,Basis,7112217174.41,"Maju dan Tumbuh Cepat"
kabupaten,18,1872,17,2024,2.1232,Basis,-6258270385.19,"Maju tapi Tertekan"
kabupaten,18,1872,1,2025,0.1936,"Non Basis",7305160460.74,"Potensial / Cepat Berkembang"
kabupaten,18,1872,3,2025,0.8622,"Non Basis",21909616808.83,"Potensial / Cepat Berkembang"
kabupaten,18,1872,4,2025,1.2227,Basis,745868394.52,"Maju dan Tumbuh Cepat"
kabupaten,18,1872,5,2025,0.5474,"Non Basis",-20779321.53,"Relatif Tertinggal"
kabupaten,18,1872,6,2025,0.6827,"Non Basis",-3394445003.11,"Relatif Tertinggal"
kabupaten,18,1872,7,2025,1.2438,Basis,-18056823850.29,"Maju tapi Tertekan"
kabupaten,18,1872,8,2025,1.2637,Basis,-15928424500.23,"Maju tapi Tertekan"
kabupaten,18,1872,9,2025,1.6404,Basis,3954830790.42,"Maju dan Tumbuh Cepat"
kabupaten,18,1872,10,2025,1.6612,Basis,201918312.69,"Maju dan Tumbuh Cepat"
kabupaten,18,1872,11,2025,3.2787,Basis,3051961749.45,"Maju dan Tumbuh Cepat"
kabupaten,18,1872,12,2025,2.0228,Basis,-1081297176.83,"Maju tapi Tertekan"
kabupaten,18,1872,13,2025,4.5177,Basis,454107040.01,"Maju dan Tumbuh Cepat"
kabupaten,18,1872,14,2025,2.0398,Basis,5062492640.6,"Maju dan Tumbuh Cepat"
kabupaten,18,1872,15,2025,1.8701,Basis,-234426244.94,"Maju tapi Tertekan"
kabupaten,18,1872,16,2025,5.6253,Basis,2762573822.14,"Maju dan Tumbuh Cepat"
kabupaten,18,1872,17,2025,2.0528,Basis,-4740820447.12,"Maju tapi Tertekan"
kabupaten,18,1802,1,2022,1.1983,Basis,138993352430.03,"Maju dan Tumbuh Cepat"
kabupaten,18,1802,2,2022,0.9333,"Non Basis",123929928819.14,"Potensial / Cepat Berkembang"
kabupaten,18,1802,3,2022,1.2431,Basis,31816520933.17,"Maju dan Tumbuh Cepat"
kabupaten,18,1802,4,2022,0.7698,"Non Basis",-1030863154.24,"Relatif Tertinggal"
kabupaten,18,1802,5,2022,0.344,"Non Basis",20325417.77,"Potensial / Cepat Berkembang"
kabupaten,18,1802,6,2022,1.1429,Basis,75865967192.75,"Maju dan Tumbuh Cepat"
kabupaten,18,1802,7,2022,0.8711,"Non Basis",112021620494.94,"Potensial / Cepat Berkembang"
kabupaten,18,1802,8,2022,0.5382,"Non Basis",27443026152.01,"Potensial / Cepat Berkembang"
kabupaten,18,1802,9,2022,0.6715,"Non Basis",-1371396940.57,"Relatif Tertinggal"
kabupaten,18,1802,10,2022,0.802,"Non Basis",10908832360.92,"Potensial / Cepat Berkembang"
kabupaten,18,1802,11,2022,0.7449,"Non Basis",3336754775.63,"Potensial / Cepat Berkembang"
kabupaten,18,1802,12,2022,0.633,"Non Basis",3162802864.33,"Potensial / Cepat Berkembang"
kabupaten,18,1802,13,2022,0.7512,"Non Basis",-39247111.78,"Relatif Tertinggal"
kabupaten,18,1802,14,2022,0.4842,"Non Basis",183258413.56,"Potensial / Cepat Berkembang"
kabupaten,18,1802,15,2022,0.8039,"Non Basis",9149370018.82,"Potensial / Cepat Berkembang"
kabupaten,18,1802,16,2022,0.5253,"Non Basis",-324394931.15,"Relatif Tertinggal"
kabupaten,18,1802,17,2022,0.6032,"Non Basis",-269477749.1,"Relatif Tertinggal"
kabupaten,18,1802,1,2023,1.2002,Basis,49823893535.93,"Maju dan Tumbuh Cepat"
kabupaten,18,1802,2,2023,0.9686,"Non Basis",92272648010.23,"Potensial / Cepat Berkembang"
kabupaten,18,1802,3,2023,1.2488,Basis,70296126108.16,"Maju dan Tumbuh Cepat"
kabupaten,18,1802,4,2023,0.8025,"Non Basis",2911747242.24,"Potensial / Cepat Berkembang"
kabupaten,18,1802,5,2023,0.3439,"Non Basis",21273761.57,"Potensial / Cepat Berkembang"
kabupaten,18,1802,6,2023,1.1521,Basis,60130282692.35,"Maju dan Tumbuh Cepat"
kabupaten,18,1802,7,2023,0.8821,"Non Basis",94696610857.17,"Potensial / Cepat Berkembang"
kabupaten,18,1802,8,2023,0.5445,"Non Basis",24704688051.61,"Potensial / Cepat Berkembang"
kabupaten,18,1802,9,2023,0.6752,"Non Basis",4002570283.73,"Potensial / Cepat Berkembang"
kabupaten,18,1802,10,2023,0.8091,"Non Basis",24555555741.24,"Potensial / Cepat Berkembang"
kabupaten,18,1802,11,2023,0.7504,"Non Basis",6678585144.84,"Potensial / Cepat Berkembang"
kabupaten,18,1802,12,2023,0.633,"Non Basis",1341121718.5,"Potensial / Cepat Berkembang"
kabupaten,18,1802,13,2023,0.7508,"Non Basis",58006742.95,"Potensial / Cepat Berkembang"
kabupaten,18,1802,14,2023,0.4842,"Non Basis",992465298.85,"Potensial / Cepat Berkembang"
kabupaten,18,1802,15,2023,0.8041,"Non Basis",2045062799.98,"Potensial / Cepat Berkembang"
kabupaten,18,1802,16,2023,0.5249,"Non Basis",225961004.4,"Potensial / Cepat Berkembang"
kabupaten,18,1802,17,2023,0.6039,"Non Basis",983729322.14,"Potensial / Cepat Berkembang"
kabupaten,18,1802,1,2024,1.1886,Basis,-150928461607,"Maju tapi Tertekan"
kabupaten,18,1802,2,2024,0.9946,"Non Basis",69488667209.08,"Potensial / Cepat Berkembang"
kabupaten,18,1802,3,2024,1.2666,Basis,187161093517.93,"Maju dan Tumbuh Cepat"
kabupaten,18,1802,4,2024,0.8558,"Non Basis",4325684736.09,"Potensial / Cepat Berkembang"
kabupaten,18,1802,5,2024,0.3386,"Non Basis",-289335958.1,"Relatif Tertinggal"
kabupaten,18,1802,6,2024,1.1523,Basis,3607681994.76,"Maju dan Tumbuh Cepat"
kabupaten,18,1802,7,2024,0.8983,"Non Basis",135596704613.82,"Potensial / Cepat Berkembang"
kabupaten,18,1802,8,2024,0.5516,"Non Basis",27680233145.05,"Potensial / Cepat Berkembang"
kabupaten,18,1802,9,2024,0.6719,"Non Basis",-2781443573.99,"Relatif Tertinggal"
kabupaten,18,1802,10,2024,0.8122,"Non Basis",10907325307.07,"Potensial / Cepat Berkembang"
kabupaten,18,1802,11,2024,0.7479,"Non Basis",-2315902890.36,"Relatif Tertinggal"
kabupaten,18,1802,12,2024,0.6326,"Non Basis",-166135303.25,"Relatif Tertinggal"
kabupaten,18,1802,13,2024,0.7521,"Non Basis",141031385.8,"Potensial / Cepat Berkembang"
kabupaten,18,1802,14,2024,0.4877,"Non Basis",6332352066.97,"Potensial / Cepat Berkembang"
kabupaten,18,1802,15,2024,0.8051,"Non Basis",1980451381.19,"Potensial / Cepat Berkembang"
kabupaten,18,1802,16,2024,0.5244,"Non Basis",-172144868.81,"Relatif Tertinggal"
kabupaten,18,1802,17,2024,0.6045,"Non Basis",552535017.51,"Potensial / Cepat Berkembang"
kabupaten,18,1802,1,2025,1.1805,Basis,-74852836720.11,"Maju tapi Tertekan"
kabupaten,18,1802,2,2025,1.0342,Basis,109951798719.04,"Maju dan Tumbuh Cepat"
kabupaten,18,1802,3,2025,1.2718,Basis,89826453516.42,"Maju dan Tumbuh Cepat"
kabupaten,18,1802,4,2025,0.9202,"Non Basis",5212525143.24,"Potensial / Cepat Berkembang"
kabupaten,18,1802,5,2025,0.3318,"Non Basis",-344761971.93,"Relatif Tertinggal"
kabupaten,18,1802,6,2025,1.1557,Basis,37740750794.14,"Maju dan Tumbuh Cepat"
kabupaten,18,1802,7,2025,0.8914,"Non Basis",-40763692295.8,"Relatif Tertinggal"
kabupaten,18,1802,8,2025,0.5491,"Non Basis",-4748265780.57,"Relatif Tertinggal"
kabupaten,18,1802,9,2025,0.6801,"Non Basis",9800560263.04,"Potensial / Cepat Berkembang"
kabupaten,18,1802,10,2025,0.8066,"Non Basis",-11955495798.31,"Relatif Tertinggal"
kabupaten,18,1802,11,2025,0.7353,"Non Basis",-12369652113.71,"Relatif Tertinggal"
kabupaten,18,1802,12,2025,0.6356,"Non Basis",7732077050.14,"Potensial / Cepat Berkembang"
kabupaten,18,1802,13,2025,0.7461,"Non Basis",-387758628.33,"Relatif Tertinggal"
kabupaten,18,1802,14,2025,0.4771,"Non Basis",-16486379068.6,"Relatif Tertinggal"
kabupaten,18,1802,15,2025,0.7996,"Non Basis",-5660394575.47,"Relatif Tertinggal"
kabupaten,18,1802,16,2025,0.5285,"Non Basis",3344649894.39,"Potensial / Cepat Berkembang"
kabupaten,18,1802,17,2025,0.5967,"Non Basis",-4639420562.48,"Relatif Tertinggal"
kabupaten,11,1101,1,2022,0.8902,"Non Basis",5151031241.2,"Potensial / Cepat Berkembang"
kabupaten,11,1101,2,2022,0.4665,"Non Basis",-15265979934.16,"Relatif Tertinggal"
kabupaten,11,1101,3,2022,0.6317,"Non Basis",-3362858554.85,"Relatif Tertinggal"
kabupaten,11,1101,4,2022,0.5662,"Non Basis",-97367571.8,"Relatif Tertinggal"
kabupaten,11,1101,5,2022,0.5621,"Non Basis",-89139743.09,"Relatif Tertinggal"
kabupaten,11,1101,6,2022,1.6698,Basis,19151363691.88,"Maju dan Tumbuh Cepat"
kabupaten,11,1101,7,2022,0.9851,"Non Basis",-7415669425.44,"Relatif Tertinggal"
kabupaten,11,1101,8,2022,0.7268,"Non Basis",-2257454855.88,"Relatif Tertinggal"
kabupaten,11,1101,9,2022,0.3372,"Non Basis",-1832088252.37,"Relatif Tertinggal"
kabupaten,11,1101,10,2022,1.373,Basis,-2668271720.65,"Maju tapi Tertekan"
kabupaten,11,1101,11,2022,1.226,Basis,2981433784.07,"Maju dan Tumbuh Cepat"
kabupaten,11,1101,12,2022,0.8808,"Non Basis",-1373006979.43,"Relatif Tertinggal"
kabupaten,11,1101,13,2022,1.0033,Basis,-121531690.77,"Maju tapi Tertekan"
kabupaten,11,1101,14,2022,1.5181,Basis,-4629806426.31,"Maju tapi Tertekan"
kabupaten,11,1101,15,2022,1.2456,Basis,1445526554.99,"Maju dan Tumbuh Cepat"
kabupaten,11,1101,16,2022,0.6386,"Non Basis",-118790912.17,"Relatif Tertinggal"
kabupaten,11,1101,17,2022,1.0611,Basis,-2242010065.66,"Maju tapi Tertekan"
kabupaten,11,1101,1,2023,0.9355,"Non Basis",51808710606.74,"Potensial / Cepat Berkembang"
kabupaten,11,1101,2,2023,0.4811,"Non Basis",3778871159.56,"Potensial / Cepat Berkembang"
kabupaten,11,1101,3,2023,0.641,"Non Basis",1030233176.15,"Potensial / Cepat Berkembang"
kabupaten,11,1101,4,2023,0.6638,"Non Basis",706917503.04,"Potensial / Cepat Berkembang"
kabupaten,11,1101,5,2023,0.5418,"Non Basis",-44138670.48,"Relatif Tertinggal"
kabupaten,11,1101,6,2023,1.6913,Basis,4671121298.38,"Maju dan Tumbuh Cepat"
kabupaten,11,1101,7,2023,0.9311,"Non Basis",-44481429001.46,"Relatif Tertinggal"
kabupaten,11,1101,8,2023,0.6709,"Non Basis",-18631152634.2,"Relatif Tertinggal"
kabupaten,11,1101,9,2023,0.3138,"Non Basis",-1796583412.11,"Relatif Tertinggal"
kabupaten,11,1101,10,2023,1.357,Basis,-5147685537.18,"Maju tapi Tertekan"
kabupaten,11,1101,11,2023,1.3684,Basis,7950734420.31,"Maju dan Tumbuh Cepat"
kabupaten,11,1101,12,2023,0.8864,"Non Basis",-23028124.55,"Relatif Tertinggal"
kabupaten,11,1101,13,2023,1.0206,Basis,312935296.93,"Maju dan Tumbuh Cepat"
kabupaten,11,1101,14,2023,1.4545,Basis,-28831774550.22,"Maju tapi Tertekan"
kabupaten,11,1101,15,2023,1.1747,Basis,-9761130565.28,"Maju tapi Tertekan"
kabupaten,11,1101,16,2023,0.6518,"Non Basis",1431431716.35,"Potensial / Cepat Berkembang"
kabupaten,11,1101,17,2023,1.0648,Basis,-239929829.3,"Maju tapi Tertekan"
kabupaten,11,1101,1,2024,0.9428,"Non Basis",-7628040624.3,"Relatif Tertinggal"
kabupaten,11,1101,2,2024,0.4278,"Non Basis",-21515281107.92,"Relatif Tertinggal"
kabupaten,11,1101,3,2024,0.6314,"Non Basis",-3804634233.62,"Relatif Tertinggal"
kabupaten,11,1101,4,2024,0.6378,"Non Basis",-277183712.84,"Relatif Tertinggal"
kabupaten,11,1101,5,2024,0.5392,"Non Basis",-18997090.54,"Relatif Tertinggal"
kabupaten,11,1101,6,2024,1.6608,Basis,-24727922233.54,"Maju tapi Tertekan"
kabupaten,11,1101,7,2024,0.9597,"Non Basis",11554108332.75,"Potensial / Cepat Berkembang"
kabupaten,11,1101,8,2024,0.6787,"Non Basis",-588548021.08,"Relatif Tertinggal"
kabupaten,11,1101,9,2024,0.3235,"Non Basis",379424669.14,"Potensial / Cepat Berkembang"
kabupaten,11,1101,10,2024,1.414,Basis,7832857077.02,"Maju dan Tumbuh Cepat"
kabupaten,11,1101,11,2024,1.2633,Basis,-8856072612.02,"Maju tapi Tertekan"
kabupaten,11,1101,12,2024,0.8783,"Non Basis",-4049655748.31,"Relatif Tertinggal"
kabupaten,11,1101,13,2024,1.0251,Basis,-296527121.12,"Maju tapi Tertekan"
kabupaten,11,1101,14,2024,1.4637,Basis,-4656049004.59,"Maju tapi Tertekan"
kabupaten,11,1101,15,2024,1.1962,Basis,630879267.11,"Maju dan Tumbuh Cepat"
kabupaten,11,1101,16,2024,0.6591,"Non Basis",-296268829.76,"Relatif Tertinggal"
kabupaten,11,1101,17,2024,1.0637,Basis,-1225141879.15,"Maju tapi Tertekan"
kabupaten,11,1101,1,2025,0.9719,"Non Basis",39472678832.62,"Potensial / Cepat Berkembang"
kabupaten,11,1101,2,2025,0.4262,"Non Basis",-547820521.19,"Relatif Tertinggal"
kabupaten,11,1101,3,2025,0.6362,"Non Basis",1023179691.39,"Potensial / Cepat Berkembang"
kabupaten,11,1101,4,2025,0.6549,"Non Basis",130915014.5,"Potensial / Cepat Berkembang"
kabupaten,11,1101,5,2025,0.5421,"Non Basis",5374538.13,"Potensial / Cepat Berkembang"
kabupaten,11,1101,6,2025,1.6715,Basis,4741519038.73,"Maju dan Tumbuh Cepat"
kabupaten,11,1101,7,2025,0.9598,"Non Basis",86294145.96,"Potensial / Cepat Berkembang"
kabupaten,11,1101,8,2025,0.6776,"Non Basis",-405952890.57,"Relatif Tertinggal"
kabupaten,11,1101,9,2025,0.3221,"Non Basis",-106993901.58,"Relatif Tertinggal"
kabupaten,11,1101,10,2025,1.4071,Basis,-1463727346.09,"Maju tapi Tertekan"
kabupaten,11,1101,11,2025,1.2165,Basis,-3466290661.07,"Maju tapi Tertekan"
kabupaten,11,1101,12,2025,0.87,"Non Basis",-1719657722.28,"Relatif Tertinggal"
kabupaten,11,1101,13,2025,0.9972,"Non Basis",-840347732.94,"Relatif Tertinggal"
kabupaten,11,1101,14,2025,1.4274,Basis,-15464574203.55,"Maju tapi Tertekan"
kabupaten,11,1101,15,2025,1.1637,Basis,-4276750542.35,"Maju tapi Tertekan"
kabupaten,11,1101,16,2025,0.6633,"Non Basis",672415310.16,"Potensial / Cepat Berkembang"
kabupaten,11,1101,17,2025,1.0937,Basis,2330115514.25,"Maju dan Tumbuh Cepat"
kabupaten,11,1102,1,2022,1.4309,Basis,-30901642143.31,"Maju tapi Tertekan"
kabupaten,11,1102,2,2022,0.1429,"Non Basis",-975586169.52,"Relatif Tertinggal"
kabupaten,11,1102,3,2022,0.3083,"Non Basis",280912188.97,"Potensial / Cepat Berkembang"
kabupaten,11,1102,4,2022,0.9771,"Non Basis",39770872.71,"Potensial / Cepat Berkembang"
kabupaten,11,1102,5,2022,0.4147,"Non Basis",-9026858.7,"Relatif Tertinggal"
kabupaten,11,1102,6,2022,0.6925,"Non Basis",5965641143.68,"Potensial / Cepat Berkembang"
kabupaten,11,1102,7,2022,0.9514,"Non Basis",-2839234118.74,"Relatif Tertinggal"
kabupaten,11,1102,8,2022,0.6655,"Non Basis",-3439925066.1,"Relatif Tertinggal"
kabupaten,11,1102,9,2022,0.4483,"Non Basis",-3805060705.76,"Relatif Tertinggal"
kabupaten,11,1102,10,2022,0.5855,"Non Basis",-1150074530.18,"Relatif Tertinggal"
kabupaten,11,1102,11,2022,1.6122,Basis,1369704067.4,"Maju dan Tumbuh Cepat"
kabupaten,11,1102,12,2022,0.9177,"Non Basis",-973536745.7,"Relatif Tertinggal"
kabupaten,11,1102,13,2022,0.6646,"Non Basis",-185973024.59,"Relatif Tertinggal"
kabupaten,11,1102,14,2022,1.4482,Basis,210079842.89,"Maju dan Tumbuh Cepat"
kabupaten,11,1102,15,2022,1.1239,Basis,419367614.6,"Maju dan Tumbuh Cepat"
kabupaten,11,1102,16,2022,1.3656,Basis,-940788005.29,"Maju tapi Tertekan"
kabupaten,11,1102,17,2022,1.3057,Basis,-1226981835.83,"Maju tapi Tertekan"
kabupaten,11,1102,1,2023,1.4105,Basis,-38498655637,"Maju tapi Tertekan"
kabupaten,11,1102,2,2023,0.1561,"Non Basis",3015098694.54,"Potensial / Cepat Berkembang"
kabupaten,11,1102,3,2023,0.3196,"Non Basis",1242415625.83,"Potensial / Cepat Berkembang"
kabupaten,11,1102,4,2023,0.9593,"Non Basis",-174453845.81,"Relatif Tertinggal"
kabupaten,11,1102,5,2023,0.4085,"Non Basis",-16041815.58,"Relatif Tertinggal"
kabupaten,11,1102,6,2023,0.6884,"Non Basis",-4272166971.05,"Relatif Tertinggal"
kabupaten,11,1102,7,2023,0.9316,"Non Basis",-17948322744.42,"Relatif Tertinggal"
kabupaten,11,1102,8,2023,0.6575,"Non Basis",-3815144916.8,"Relatif Tertinggal"
kabupaten,11,1102,9,2023,0.4545,"Non Basis",59905181.4,"Potensial / Cepat Berkembang"
kabupaten,11,1102,10,2023,0.583,"Non Basis",-1513797407.18,"Relatif Tertinggal"
kabupaten,11,1102,11,2023,1.6151,Basis,-737538669.96,"Maju tapi Tertekan"
kabupaten,11,1102,12,2023,0.9325,"Non Basis",661539960.22,"Potensial / Cepat Berkembang"
kabupaten,11,1102,13,2023,0.6583,"Non Basis",-324248604.39,"Relatif Tertinggal"
kabupaten,11,1102,14,2023,1.4616,Basis,-1033465013.16,"Maju tapi Tertekan"
kabupaten,11,1102,15,2023,1.1404,Basis,357807966.48,"Maju dan Tumbuh Cepat"
kabupaten,11,1102,16,2023,1.3638,Basis,-2212167170.58,"Maju tapi Tertekan"
kabupaten,11,1102,17,2023,1.2998,Basis,-1232090952.03,"Maju tapi Tertekan"
kabupaten,11,1102,1,2024,1.4583,Basis,34798254085.4,"Maju dan Tumbuh Cepat"
kabupaten,11,1102,2,2024,0.1419,"Non Basis",-4512735644.04,"Relatif Tertinggal"
kabupaten,11,1102,3,2024,0.3232,"Non Basis",40238554.89,"Potensial / Cepat Berkembang"
kabupaten,11,1102,4,2024,0.963,"Non Basis",-38761269.76,"Relatif Tertinggal"
kabupaten,11,1102,5,2024,0.4185,"Non Basis",8601745.68,"Potensial / Cepat Berkembang"
kabupaten,11,1102,6,2024,0.6822,"Non Basis",-4830088991.5,"Relatif Tertinggal"
kabupaten,11,1102,7,2024,0.9286,"Non Basis",-7481418768.49,"Relatif Tertinggal"
kabupaten,11,1102,8,2024,0.6333,"Non Basis",-8765709344.98,"Relatif Tertinggal"
kabupaten,11,1102,9,2024,0.4654,"Non Basis",354645891.33,"Potensial / Cepat Berkembang"
kabupaten,11,1102,10,2024,0.5932,"Non Basis",693355686.65,"Potensial / Cepat Berkembang"
kabupaten,11,1102,11,2024,1.628,Basis,-211481534.84,"Maju tapi Tertekan"
kabupaten,11,1102,12,2024,0.9384,"Non Basis",-594729338.76,"Relatif Tertinggal"
kabupaten,11,1102,13,2024,0.6467,"Non Basis",-445550588.84,"Relatif Tertinggal"
kabupaten,11,1102,14,2024,1.4074,Basis,-22980620520.67,"Maju tapi Tertekan"
kabupaten,11,1102,15,2024,1.1565,Basis,439524796.56,"Maju dan Tumbuh Cepat"
kabupaten,11,1102,16,2024,1.3764,Basis,-183176132.18,"Maju tapi Tertekan"
kabupaten,11,1102,17,2024,1.3146,Basis,87121673.34,"Maju dan Tumbuh Cepat"
kabupaten,11,1102,1,2025,1.4405,Basis,-19319059769.42,"Maju tapi Tertekan"
kabupaten,11,1102,2,2025,0.135,"Non Basis",-1990223020.49,"Relatif Tertinggal"
kabupaten,11,1102,3,2025,0.3185,"Non Basis",-803546535.47,"Relatif Tertinggal"
kabupaten,11,1102,4,2025,1.0052,Basis,257883507.49,"Maju dan Tumbuh Cepat"
kabupaten,11,1102,5,2025,0.4208,"Non Basis",3332213.64,"Potensial / Cepat Berkembang"
kabupaten,11,1102,6,2025,0.6538,"Non Basis",-10091197267.56,"Relatif Tertinggal"
kabupaten,11,1102,7,2025,0.9496,"Non Basis",13025136590.65,"Potensial / Cepat Berkembang"
kabupaten,11,1102,8,2025,0.6377,"Non Basis",1323363360.27,"Potensial / Cepat Berkembang"
kabupaten,11,1102,9,2025,0.4647,"Non Basis",-42080383.43,"Relatif Tertinggal"
kabupaten,11,1102,10,2025,0.6017,"Non Basis",1419089997.21,"Potensial / Cepat Berkembang"
kabupaten,11,1102,11,2025,1.6113,Basis,-987968520.46,"Maju tapi Tertekan"
kabupaten,11,1102,12,2025,0.9297,"Non Basis",-1417589997.34,"Relatif Tertinggal"
kabupaten,11,1102,13,2025,0.6496,"Non Basis",70444142.31,"Potensial / Cepat Berkembang"
kabupaten,11,1102,14,2025,1.4253,Basis,6103308752.29,"Maju dan Tumbuh Cepat"
kabupaten,11,1102,15,2025,1.165,Basis,895098824.6,"Maju dan Tumbuh Cepat"
kabupaten,11,1102,16,2025,1.3996,Basis,3017810412.08,"Maju dan Tumbuh Cepat"
kabupaten,11,1102,17,2025,1.3208,Basis,381556006.41,"Maju dan Tumbuh Cepat"
kabupaten,11,1103,1,2022,1.5074,Basis,-27377487004.9,"Maju tapi Tertekan"
kabupaten,11,1103,2,2022,0.833,"Non Basis",33666662531.92,"Potensial / Cepat Berkembang"
kabupaten,11,1103,3,2022,0.7487,"Non Basis",1903426077.21,"Potensial / Cepat Berkembang"
kabupaten,11,1103,4,2022,0.9181,"Non Basis",9377622.06,"Potensial / Cepat Berkembang"
kabupaten,11,1103,5,2022,0.8581,"Non Basis",-36917088.36,"Relatif Tertinggal"
kabupaten,11,1103,6,2022,0.8033,"Non Basis",18132629162.1,"Potensial / Cepat Berkembang"
kabupaten,11,1103,7,2022,0.6571,"Non Basis",-9070467688.89,"Relatif Tertinggal"
kabupaten,11,1103,8,2022,0.8528,"Non Basis",-10127552910.21,"Relatif Tertinggal"
kabupaten,11,1103,9,2022,0.7709,"Non Basis",-15088619443.91,"Relatif Tertinggal"
kabupaten,11,1103,10,2022,0.7064,"Non Basis",-6900389890.13,"Relatif Tertinggal"
kabupaten,11,1103,11,2022,1.0212,Basis,2497238051.8,"Maju dan Tumbuh Cepat"
kabupaten,11,1103,12,2022,1.0055,Basis,-857007085.31,"Maju tapi Tertekan"
kabupaten,11,1103,13,2022,0.4392,"Non Basis",-1033133607.75,"Relatif Tertinggal"
kabupaten,11,1103,14,2022,0.9227,"Non Basis",-2002971815.86,"Relatif Tertinggal"
kabupaten,11,1103,15,2022,0.7049,"Non Basis",-720627191.27,"Relatif Tertinggal"
kabupaten,11,1103,16,2022,0.9667,"Non Basis",-465342039.41,"Relatif Tertinggal"
kabupaten,11,1103,17,2022,0.9837,"Non Basis",-2859894233.96,"Relatif Tertinggal"
kabupaten,11,1103,1,2023,1.491,Basis,-121469603692.75,"Maju tapi Tertekan"
kabupaten,11,1103,2,2023,0.8253,"Non Basis",-15817976630.58,"Relatif Tertinggal"
kabupaten,11,1103,3,2023,0.7889,"Non Basis",9476554023.57,"Potensial / Cepat Berkembang"
kabupaten,11,1103,4,2023,0.912,"Non Basis",-367606102.88,"Relatif Tertinggal"
kabupaten,11,1103,5,2023,0.87,"Non Basis",-21533238.03,"Relatif Tertinggal"
kabupaten,11,1103,6,2023,0.7826,"Non Basis",-31962743761.32,"Relatif Tertinggal"
kabupaten,11,1103,7,2023,0.6555,"Non Basis",-21698128618.01,"Relatif Tertinggal"
kabupaten,11,1103,8,2023,0.8511,"Non Basis",-11549079042.51,"Relatif Tertinggal"
kabupaten,11,1103,9,2023,0.7702,"Non Basis",-2267661790.93,"Relatif Tertinggal"
kabupaten,11,1103,10,2023,0.7203,"Non Basis",-342507989.79,"Relatif Tertinggal"
kabupaten,11,1103,11,2023,1.0491,Basis,742584303.85,"Maju dan Tumbuh Cepat"
kabupaten,11,1103,12,2023,1.0196,Basis,-2601496853.55,"Maju tapi Tertekan"
kabupaten,11,1103,13,2023,0.4481,"Non Basis",-12648944.65,"Relatif Tertinggal"
kabupaten,11,1103,14,2023,0.9212,"Non Basis",-15741126805.65,"Relatif Tertinggal"
kabupaten,11,1103,15,2023,0.7306,"Non Basis",2610222298.65,"Potensial / Cepat Berkembang"
kabupaten,11,1103,16,2023,0.9792,"Non Basis",-2355161575.41,"Relatif Tertinggal"
kabupaten,11,1103,17,2023,1.0062,Basis,277988304.88,"Maju dan Tumbuh Cepat"
kabupaten,11,1103,1,2024,1.5281,Basis,93863896570.73,"Maju dan Tumbuh Cepat"
kabupaten,11,1103,2,2024,0.7941,"Non Basis",-21922699509.13,"Relatif Tertinggal"
kabupaten,11,1103,3,2024,0.7814,"Non Basis",-3070494610.19,"Relatif Tertinggal"
kabupaten,11,1103,4,2024,0.9075,"Non Basis",-72873736.74,"Relatif Tertinggal"
kabupaten,11,1103,5,2024,0.8927,"Non Basis",81298990.24,"Potensial / Cepat Berkembang"
kabupaten,11,1103,6,2024,0.7769,"Non Basis",-5243144209.45,"Relatif Tertinggal"
kabupaten,11,1103,7,2024,0.667,"Non Basis",16414387587.42,"Potensial / Cepat Berkembang"
kabupaten,11,1103,8,2024,0.7917,"Non Basis",-41141391676.11,"Relatif Tertinggal"
kabupaten,11,1103,9,2024,0.7807,"Non Basis",1428345721.06,"Potensial / Cepat Berkembang"
kabupaten,11,1103,10,2024,0.7234,"Non Basis",1181920926.09,"Potensial / Cepat Berkembang"
kabupaten,11,1103,11,2024,1.0435,Basis,-815422689.65,"Maju tapi Tertekan"
kabupaten,11,1103,12,2024,1.0133,Basis,-2530612285,"Maju tapi Tertekan"
kabupaten,11,1103,13,2024,0.4477,"Non Basis",-35565417.35,"Relatif Tertinggal"
kabupaten,11,1103,14,2024,0.9218,"Non Basis",309759780.77,"Potensial / Cepat Berkembang"
kabupaten,11,1103,15,2024,0.7226,"Non Basis",-2043178642.71,"Relatif Tertinggal"
kabupaten,11,1103,16,2024,0.9975,"Non Basis",5581553694.79,"Potensial / Cepat Berkembang"
kabupaten,11,1103,17,2024,1.0123,Basis,855140729.64,"Maju dan Tumbuh Cepat"
kabupaten,11,1103,1,2025,1.5542,Basis,46867994113.2,"Maju dan Tumbuh Cepat"
kabupaten,11,1103,2,2025,0.7361,"Non Basis",-43675538240.48,"Relatif Tertinggal"
kabupaten,11,1103,3,2025,0.7805,"Non Basis",-2130082830.35,"Relatif Tertinggal"
kabupaten,11,1103,4,2025,0.91,"Non Basis",-36579919.74,"Relatif Tertinggal"
kabupaten,11,1103,5,2025,0.8997,"Non Basis",7359758.15,"Potensial / Cepat Berkembang"
kabupaten,11,1103,6,2025,0.7722,"Non Basis",-7795950009.12,"Relatif Tertinggal"
kabupaten,11,1103,7,2025,0.6562,"Non Basis",-21760598682.01,"Relatif Tertinggal"
kabupaten,11,1103,8,2025,0.7875,"Non Basis",-6216148034.82,"Relatif Tertinggal"
kabupaten,11,1103,9,2025,0.7882,"Non Basis",467983930.32,"Potensial / Cepat Berkembang"
kabupaten,11,1103,10,2025,0.7317,"Non Basis",1766563921.17,"Potensial / Cepat Berkembang"
kabupaten,11,1103,11,2025,1.0317,Basis,-2516119972.02,"Maju tapi Tertekan"
kabupaten,11,1103,12,2025,1.0126,Basis,-2484138328.02,"Maju tapi Tertekan"
kabupaten,11,1103,13,2025,0.4502,"Non Basis",6013431.39,"Potensial / Cepat Berkembang"
kabupaten,11,1103,14,2025,0.9026,"Non Basis",-20070823794.87,"Relatif Tertinggal"
kabupaten,11,1103,15,2025,0.7184,"Non Basis",-2078581083.23,"Relatif Tertinggal"
kabupaten,11,1103,16,2025,0.9932,"Non Basis",-3081695028.6,"Relatif Tertinggal"
kabupaten,11,1103,17,2025,1.0128,Basis,-760212703.3,"Maju tapi Tertekan"
kabupaten,11,1104,1,2022,1.4899,Basis,50143922412.79,"Maju dan Tumbuh Cepat"
kabupaten,11,1104,2,2022,0.1397,"Non Basis",-1400292657.2,"Relatif Tertinggal"
kabupaten,11,1104,3,2022,0.3631,"Non Basis",7677374200.95,"Potensial / Cepat Berkembang"
kabupaten,11,1104,4,2022,0.7012,"Non Basis",139100087.59,"Potensial / Cepat Berkembang"
kabupaten,11,1104,5,2022,0.9227,"Non Basis",-8084857.92,"Relatif Tertinggal"
kabupaten,11,1104,6,2022,1.4105,Basis,21740025214.88,"Maju dan Tumbuh Cepat"
kabupaten,11,1104,7,2022,0.8457,"Non Basis",-780707585.35,"Relatif Tertinggal"
kabupaten,11,1104,8,2022,0.6121,"Non Basis",-3336295040.37,"Relatif Tertinggal"
kabupaten,11,1104,9,2022,1.2107,Basis,1790478549.77,"Maju dan Tumbuh Cepat"
kabupaten,11,1104,10,2022,0.7892,"Non Basis",2628402323.18,"Potensial / Cepat Berkembang"
kabupaten,11,1104,11,2022,1.1027,Basis,1124782052.66,"Maju dan Tumbuh Cepat"
kabupaten,11,1104,12,2022,0.6714,"Non Basis",-240293683.22,"Relatif Tertinggal"
kabupaten,11,1104,13,2022,0.7684,"Non Basis",-670908314.45,"Relatif Tertinggal"
kabupaten,11,1104,14,2022,1.0573,Basis,-1622142050.29,"Maju tapi Tertekan"
kabupaten,11,1104,15,2022,0.6478,"Non Basis",-1773294377.35,"Relatif Tertinggal"
kabupaten,11,1104,16,2022,0.8535,"Non Basis",-11541914.83,"Relatif Tertinggal"
kabupaten,11,1104,17,2022,0.944,"Non Basis",2072096671.18,"Potensial / Cepat Berkembang"
kabupaten,11,1104,1,2023,1.4786,Basis,15100300506.93,"Maju dan Tumbuh Cepat"
kabupaten,11,1104,2,2023,0.148,"Non Basis",4689732137.84,"Potensial / Cepat Berkembang"
kabupaten,11,1104,3,2023,0.4037,"Non Basis",12957778491.93,"Potensial / Cepat Berkembang"
kabupaten,11,1104,4,2023,0.6729,"Non Basis",-206300013.5,"Relatif Tertinggal"
kabupaten,11,1104,5,2023,0.937,"Non Basis",68922444.6,"Potensial / Cepat Berkembang"
kabupaten,11,1104,6,2023,1.371,Basis,-13332973078.49,"Maju tapi Tertekan"
kabupaten,11,1104,7,2023,0.8306,"Non Basis",-4292889586.79,"Relatif Tertinggal"
kabupaten,11,1104,8,2023,0.596,"Non Basis",-3553986688.04,"Relatif Tertinggal"
kabupaten,11,1104,9,2023,1.2081,Basis,1310750363,"Maju dan Tumbuh Cepat"
kabupaten,11,1104,10,2023,0.7988,"Non Basis",5798564156.75,"Potensial / Cepat Berkembang"
kabupaten,11,1104,11,2023,1.159,Basis,5949897038.55,"Maju dan Tumbuh Cepat"
kabupaten,11,1104,12,2023,0.6631,"Non Basis",95148395.55,"Potensial / Cepat Berkembang"
kabupaten,11,1104,13,2023,0.7839,"Non Basis",1064319208.89,"Potensial / Cepat Berkembang"
kabupaten,11,1104,14,2023,1.0391,Basis,-2503400560.47,"Maju tapi Tertekan"
kabupaten,11,1104,15,2023,0.6414,"Non Basis",367090420.21,"Potensial / Cepat Berkembang"
kabupaten,11,1104,16,2023,0.8547,"Non Basis",2774324070.41,"Potensial / Cepat Berkembang"
kabupaten,11,1104,17,2023,0.9479,"Non Basis",1708529743.83,"Potensial / Cepat Berkembang"
kabupaten,11,1104,1,2024,1.4779,Basis,7299623682.8,"Maju dan Tumbuh Cepat"
kabupaten,11,1104,2,2024,0.1376,"Non Basis",-5124330013.46,"Relatif Tertinggal"
kabupaten,11,1104,3,2024,0.4156,"Non Basis",3891755565.6,"Potensial / Cepat Berkembang"
kabupaten,11,1104,4,2024,0.677,"Non Basis",70301086.09,"Potensial / Cepat Berkembang"
kabupaten,11,1104,5,2024,0.9688,"Non Basis",93267157.28,"Potensial / Cepat Berkembang"
kabupaten,11,1104,6,2024,1.4079,Basis,27120205029.23,"Maju dan Tumbuh Cepat"
kabupaten,11,1104,7,2024,0.863,"Non Basis",37590551337.71,"Potensial / Cepat Berkembang"
kabupaten,11,1104,8,2024,0.5655,"Non Basis",-14714215909.16,"Relatif Tertinggal"
kabupaten,11,1104,9,2024,1.2731,Basis,7070657585.34,"Maju dan Tumbuh Cepat"
kabupaten,11,1104,10,2024,0.8188,"Non Basis",6713304911.59,"Potensial / Cepat Berkembang"
kabupaten,11,1104,11,2024,1.141,Basis,-1495465270.77,"Maju tapi Tertekan"
kabupaten,11,1104,12,2024,0.6771,"Non Basis",4582600234.14,"Potensial / Cepat Berkembang"
kabupaten,11,1104,13,2024,0.8044,"Non Basis",1003328032.32,"Potensial / Cepat Berkembang"
kabupaten,11,1104,14,2024,1.0483,Basis,7459480583.54,"Maju dan Tumbuh Cepat"
kabupaten,11,1104,15,2024,0.648,"Non Basis",1572730564.51,"Potensial / Cepat Berkembang"
kabupaten,11,1104,16,2024,0.8502,"Non Basis",-443321653.02,"Relatif Tertinggal"
kabupaten,11,1104,17,2024,0.9872,"Non Basis",4655908941.9,"Potensial / Cepat Berkembang"
kabupaten,11,1104,1,2025,1.481,Basis,8222532590.94,"Maju dan Tumbuh Cepat"
kabupaten,11,1104,2,2025,0.1338,"Non Basis",-1960697607.38,"Relatif Tertinggal"
kabupaten,11,1104,3,2025,0.4167,"Non Basis",447657805.31,"Potensial / Cepat Berkembang"
kabupaten,11,1104,4,2025,0.7236,"Non Basis",521085462.28,"Potensial / Cepat Berkembang"
kabupaten,11,1104,5,2025,1.1231,Basis,413973799.13,"Maju dan Tumbuh Cepat"
kabupaten,11,1104,6,2025,1.4308,Basis,15428936484.28,"Maju dan Tumbuh Cepat"
kabupaten,11,1104,7,2025,0.8577,"Non Basis",-5275863402.65,"Relatif Tertinggal"
kabupaten,11,1104,8,2025,0.5656,"Non Basis",281823046.31,"Potensial / Cepat Berkembang"
kabupaten,11,1104,9,2025,1.251,Basis,-2284089618.67,"Maju tapi Tertekan"
kabupaten,11,1104,10,2025,0.824,"Non Basis",1762070094.2,"Potensial / Cepat Berkembang"
kabupaten,11,1104,11,2025,1.148,Basis,849943249.39,"Maju dan Tumbuh Cepat"
kabupaten,11,1104,12,2025,0.6746,"Non Basis",-591211255.76,"Relatif Tertinggal"
kabupaten,11,1104,13,2025,0.8034,"Non Basis",-18717425.79,"Relatif Tertinggal"
kabupaten,11,1104,14,2025,1.0441,Basis,-2116436776.18,"Maju tapi Tertekan"
kabupaten,11,1104,15,2025,0.6513,"Non Basis",713652453.15,"Potensial / Cepat Berkembang"
kabupaten,11,1104,16,2025,0.8567,"Non Basis",1685840269.83,"Potensial / Cepat Berkembang"
kabupaten,11,1104,17,2025,0.9774,"Non Basis",-1022593016.79,"Relatif Tertinggal"
kabupaten,11,1105,1,2022,0.9348,"Non Basis",48079295704.2,"Potensial / Cepat Berkembang"
kabupaten,11,1105,2,2022,3.1111,Basis,-139450797079.87,"Maju tapi Tertekan"
kabupaten,11,1105,3,2022,0.3284,"Non Basis",3485340988.3,"Potensial / Cepat Berkembang"
kabupaten,11,1105,4,2022,0.8398,"Non Basis",-44636024.16,"Relatif Tertinggal"
kabupaten,11,1105,5,2022,0.3643,"Non Basis",-99836512.26,"Relatif Tertinggal"
kabupaten,11,1105,6,2022,1.0225,Basis,13689717122.19,"Maju dan Tumbuh Cepat"
kabupaten,11,1105,7,2022,0.8793,"Non Basis",14463107258.19,"Potensial / Cepat Berkembang"
kabupaten,11,1105,8,2022,0.6721,"Non Basis",1721056899.97,"Potensial / Cepat Berkembang"
kabupaten,11,1105,9,2022,0.787,"Non Basis",-2149696535.71,"Relatif Tertinggal"
kabupaten,11,1105,10,2022,0.7633,"Non Basis",3651435086.71,"Potensial / Cepat Berkembang"
kabupaten,11,1105,11,2022,1.0535,Basis,3034011232.74,"Maju dan Tumbuh Cepat"
kabupaten,11,1105,12,2022,0.6886,"Non Basis",1697087220.84,"Potensial / Cepat Berkembang"
kabupaten,11,1105,13,2022,0.5977,"Non Basis",-178646010.04,"Relatif Tertinggal"
kabupaten,11,1105,14,2022,0.766,"Non Basis",-769292504.87,"Relatif Tertinggal"
kabupaten,11,1105,15,2022,0.6884,"Non Basis",1365286326.45,"Potensial / Cepat Berkembang"
kabupaten,11,1105,16,2022,0.7382,"Non Basis",1885189963.61,"Potensial / Cepat Berkembang"
kabupaten,11,1105,17,2022,0.3921,"Non Basis",-873339294.38,"Relatif Tertinggal"
kabupaten,11,1105,1,2023,0.9343,"Non Basis",-4150820692.89,"Relatif Tertinggal"
kabupaten,11,1105,2,2023,3.3501,Basis,133003371625.24,"Maju dan Tumbuh Cepat"
kabupaten,11,1105,3,2023,0.3319,"Non Basis",1083305563.97,"Potensial / Cepat Berkembang"
kabupaten,11,1105,4,2023,0.8164,"Non Basis",-321023898.47,"Relatif Tertinggal"
kabupaten,11,1105,5,2023,0.3525,"Non Basis",-39435310.94,"Relatif Tertinggal"
kabupaten,11,1105,6,2023,1.0343,Basis,7974559710.16,"Maju dan Tumbuh Cepat"
kabupaten,11,1105,7,2023,0.8573,"Non Basis",-29590874380.02,"Relatif Tertinggal"
kabupaten,11,1105,8,2023,0.6126,"Non Basis",-32213197014.76,"Relatif Tertinggal"
kabupaten,11,1105,9,2023,0.7631,"Non Basis",-3045947552.55,"Relatif Tertinggal"
kabupaten,11,1105,10,2023,0.7518,"Non Basis",-4489055432.42,"Relatif Tertinggal"
kabupaten,11,1105,11,2023,1.0735,Basis,1899657508.2,"Maju dan Tumbuh Cepat"
kabupaten,11,1105,12,2023,0.6755,"Non Basis",-4706198416.25,"Relatif Tertinggal"
kabupaten,11,1105,13,2023,0.5947,"Non Basis",-197885267.69,"Relatif Tertinggal"
kabupaten,11,1105,14,2023,0.8138,"Non Basis",31796461045.2,"Potensial / Cepat Berkembang"
kabupaten,11,1105,15,2023,0.6925,"Non Basis",673301963.48,"Potensial / Cepat Berkembang"
kabupaten,11,1105,16,2023,0.7444,"Non Basis",1411763704.8,"Potensial / Cepat Berkembang"
kabupaten,11,1105,17,2023,0.3829,"Non Basis",-1256771203.02,"Relatif Tertinggal"
kabupaten,11,1105,1,2024,0.8864,"Non Basis",-50943466270.86,"Relatif Tertinggal"
kabupaten,11,1105,2,2024,3.7105,Basis,295396742108.25,"Maju dan Tumbuh Cepat"
kabupaten,11,1105,3,2024,0.319,"Non Basis",-1311516414.28,"Relatif Tertinggal"
kabupaten,11,1105,4,2024,0.7734,"Non Basis",-282064410.62,"Relatif Tertinggal"
kabupaten,11,1105,5,2024,0.3242,"Non Basis",-61466712.31,"Relatif Tertinggal"
kabupaten,11,1105,6,2024,1.0058,Basis,761985287.19,"Maju dan Tumbuh Cepat"
kabupaten,11,1105,7,2024,0.8139,"Non Basis",-25678888424.54,"Relatif Tertinggal"
kabupaten,11,1105,8,2024,0.5589,"Non Basis",-23249713505.07,"Relatif Tertinggal"
kabupaten,11,1105,9,2024,0.733,"Non Basis",-1091366613.51,"Relatif Tertinggal"
kabupaten,11,1105,10,2024,0.7274,"Non Basis",-1141754543.64,"Relatif Tertinggal"
kabupaten,11,1105,11,2024,1.0463,Basis,421652179.48,"Maju dan Tumbuh Cepat"
kabupaten,11,1105,12,2024,0.6504,"Non Basis",-2126772450.04,"Relatif Tertinggal"
kabupaten,11,1105,13,2024,0.5783,"Non Basis",27914553.43,"Potensial / Cepat Berkembang"
kabupaten,11,1105,14,2024,0.7686,"Non Basis",-16609706004.67,"Relatif Tertinggal"
kabupaten,11,1105,15,2024,0.6587,"Non Basis",-3261101131.07,"Relatif Tertinggal"
kabupaten,11,1105,16,2024,0.7135,"Non Basis",-2804415138.16,"Relatif Tertinggal"
kabupaten,11,1105,17,2024,0.3704,"Non Basis",-213876568.33,"Relatif Tertinggal"
kabupaten,11,1105,1,2025,0.8836,"Non Basis",24361413154.42,"Potensial / Cepat Berkembang"
kabupaten,11,1105,2,2025,4.1118,Basis,301392596181.4,"Maju dan Tumbuh Cepat"
kabupaten,11,1105,3,2025,0.303,"Non Basis",-4482728797.31,"Relatif Tertinggal"
kabupaten,11,1105,4,2025,0.7851,"Non Basis",317751201.88,"Potensial / Cepat Berkembang"
kabupaten,11,1105,5,2025,0.3273,"Non Basis",25858246.56,"Potensial / Cepat Berkembang"
kabupaten,11,1105,6,2025,0.9173,"Non Basis",-60676912165.39,"Relatif Tertinggal"
kabupaten,11,1105,7,2025,0.7679,"Non Basis",-49218930296.38,"Relatif Tertinggal"
kabupaten,11,1105,8,2025,0.5436,"Non Basis",-5105086425.43,"Relatif Tertinggal"
kabupaten,11,1105,9,2025,0.7026,"Non Basis",-2736375823.64,"Relatif Tertinggal"
kabupaten,11,1105,10,2025,0.7048,"Non Basis",-4784738636.28,"Relatif Tertinggal"
kabupaten,11,1105,11,2025,1.0034,Basis,-3813672569.08,"Maju tapi Tertekan"
kabupaten,11,1105,12,2025,0.6348,"Non Basis",-2421297821.47,"Relatif Tertinggal"
kabupaten,11,1105,13,2025,0.5655,"Non Basis",-256742681.75,"Relatif Tertinggal"
kabupaten,11,1105,14,2025,0.7448,"Non Basis",-10159832866.91,"Relatif Tertinggal"
kabupaten,11,1105,15,2025,0.6408,"Non Basis",-2077030212.41,"Relatif Tertinggal"
kabupaten,11,1105,16,2025,0.7011,"Non Basis",-707386185.66,"Relatif Tertinggal"
kabupaten,11,1105,17,2025,0.3643,"Non Basis",-134088811.81,"Relatif Tertinggal"
kabupaten,11,1106,1,2022,0.7718,"Non Basis",-29210450727.17,"Relatif Tertinggal"
kabupaten,11,1106,2,2022,0.7778,"Non Basis",-48829152890.06,"Relatif Tertinggal"
kabupaten,11,1106,3,2022,0.4714,"Non Basis",-3298464977.17,"Relatif Tertinggal"
kabupaten,11,1106,4,2022,0.5899,"Non Basis",-149037388.78,"Relatif Tertinggal"
kabupaten,11,1106,5,2022,1.1345,Basis,40459322.69,"Maju dan Tumbuh Cepat"
kabupaten,11,1106,6,2022,1.9535,Basis,9887640844.49,"Maju dan Tumbuh Cepat"
kabupaten,11,1106,7,2022,1.1509,Basis,-35689333080.65,"Maju tapi Tertekan"
kabupaten,11,1106,8,2022,1.0689,Basis,103912137038.93,"Maju dan Tumbuh Cepat"
kabupaten,11,1106,9,2022,1.2612,Basis,-411606218.95,"Maju tapi Tertekan"
kabupaten,11,1106,10,2022,1.3905,Basis,-1539541403.76,"Maju tapi Tertekan"
kabupaten,11,1106,11,2022,0.7207,"Non Basis",730974010.88,"Potensial / Cepat Berkembang"
kabupaten,11,1106,12,2022,1.4772,Basis,230333777.45,"Maju dan Tumbuh Cepat"
kabupaten,11,1106,13,2022,0.5189,"Non Basis",-618041139.28,"Relatif Tertinggal"
kabupaten,11,1106,14,2022,0.7044,"Non Basis",-1203960701.19,"Relatif Tertinggal"
kabupaten,11,1106,15,2022,0.6485,"Non Basis",-210753148.94,"Relatif Tertinggal"
kabupaten,11,1106,16,2022,0.6847,"Non Basis",15518113.37,"Potensial / Cepat Berkembang"
kabupaten,11,1106,17,2022,0.9475,"Non Basis",-2847348184.86,"Relatif Tertinggal"
kabupaten,11,1106,1,2023,0.7124,"Non Basis",-183958380321.65,"Relatif Tertinggal"
kabupaten,11,1106,2,2023,0.8343,"Non Basis",44995398366.31,"Potensial / Cepat Berkembang"
kabupaten,11,1106,3,2023,0.4897,"Non Basis",9152414513.41,"Potensial / Cepat Berkembang"
kabupaten,11,1106,4,2023,0.576,"Non Basis",-236111886.22,"Relatif Tertinggal"
kabupaten,11,1106,5,2023,1.1484,Basis,68134381.7,"Maju dan Tumbuh Cepat"
kabupaten,11,1106,6,2023,1.963,Basis,12820345890.79,"Maju dan Tumbuh Cepat"
kabupaten,11,1106,7,2023,1.1357,Basis,-24075155814.09,"Maju tapi Tertekan"
kabupaten,11,1106,8,2023,1.2163,Basis,109512100392.5,"Maju dan Tumbuh Cepat"
kabupaten,11,1106,9,2023,1.2712,Basis,1968573920.5,"Maju dan Tumbuh Cepat"
kabupaten,11,1106,10,2023,1.3698,Basis,-9283605040.01,"Maju tapi Tertekan"
kabupaten,11,1106,11,2023,0.735,"Non Basis",2163563340.78,"Potensial / Cepat Berkembang"
kabupaten,11,1106,12,2023,1.4999,Basis,11407608615.22,"Maju dan Tumbuh Cepat"
kabupaten,11,1106,13,2023,0.5196,"Non Basis",94910415.23,"Potensial / Cepat Berkembang"
kabupaten,11,1106,14,2023,0.6712,"Non Basis",-30301978989.67,"Relatif Tertinggal"
kabupaten,11,1106,15,2023,0.6624,"Non Basis",4371466045.52,"Potensial / Cepat Berkembang"
kabupaten,11,1106,16,2023,0.7327,"Non Basis",18510150876.7,"Potensial / Cepat Berkembang"
kabupaten,11,1106,17,2023,0.9504,"Non Basis",736085014.51,"Potensial / Cepat Berkembang"
kabupaten,11,1106,1,2024,0.7261,"Non Basis",50329782337.23,"Potensial / Cepat Berkembang"
kabupaten,11,1106,2,2024,0.7635,"Non Basis",-59691094520.91,"Relatif Tertinggal"
kabupaten,11,1106,3,2024,0.4946,"Non Basis",3123095359.17,"Potensial / Cepat Berkembang"
kabupaten,11,1106,4,2024,0.5579,"Non Basis",-316542122.7,"Relatif Tertinggal"
kabupaten,11,1106,5,2024,1.1327,Basis,-56505219.92,"Maju tapi Tertekan"
kabupaten,11,1106,6,2024,1.9579,Basis,455202504.34,"Maju dan Tumbuh Cepat"
kabupaten,11,1106,7,2024,1.1126,Basis,-36087808347.46,"Maju tapi Tertekan"
kabupaten,11,1106,8,2024,1.2252,Basis,10632684514.05,"Maju dan Tumbuh Cepat"
kabupaten,11,1106,9,2024,1.2401,Basis,-4776632701.78,"Maju tapi Tertekan"
kabupaten,11,1106,10,2024,1.3906,Basis,12388292160.21,"Maju dan Tumbuh Cepat"
kabupaten,11,1106,11,2024,0.7615,"Non Basis",4959755398.68,"Potensial / Cepat Berkembang"
kabupaten,11,1106,12,2024,1.5393,Basis,20924577458.68,"Maju dan Tumbuh Cepat"
kabupaten,11,1106,13,2024,0.5216,"Non Basis",257804736.53,"Potensial / Cepat Berkembang"
kabupaten,11,1106,14,2024,0.6834,"Non Basis",14269416393.97,"Potensial / Cepat Berkembang"
kabupaten,11,1106,15,2024,0.6549,"Non Basis",-1768415732.64,"Relatif Tertinggal"
kabupaten,11,1106,16,2024,0.732,"Non Basis",523227544.22,"Potensial / Cepat Berkembang"
kabupaten,11,1106,17,2024,0.9478,"Non Basis",237607.66,"Potensial / Cepat Berkembang"
kabupaten,11,1106,1,2025,0.7373,"Non Basis",36662463193.86,"Potensial / Cepat Berkembang"
kabupaten,11,1106,2,2025,0.7984,"Non Basis",30645766755.93,"Potensial / Cepat Berkembang"
kabupaten,11,1106,3,2025,0.4901,"Non Basis",-2382020234.21,"Relatif Tertinggal"
kabupaten,11,1106,4,2025,0.5627,"Non Basis",89110810.92,"Potensial / Cepat Berkembang"
kabupaten,11,1106,5,2025,1.1589,Basis,117517635.2,"Maju dan Tumbuh Cepat"
kabupaten,11,1106,6,2025,1.9262,Basis,-34409203577.92,"Maju tapi Tertekan"
kabupaten,11,1106,7,2025,1.1066,Basis,-11521060702.11,"Maju tapi Tertekan"
kabupaten,11,1106,8,2025,1.1632,Basis,-56689794206.71,"Maju tapi Tertekan"
kabupaten,11,1106,9,2025,1.2357,Basis,-813173454.37,"Maju tapi Tertekan"
kabupaten,11,1106,10,2025,1.3927,Basis,1033520397,"Maju dan Tumbuh Cepat"
kabupaten,11,1106,11,2025,0.7975,"Non Basis",6466863588.67,"Potensial / Cepat Berkembang"
kabupaten,11,1106,12,2025,1.5682,Basis,14475013505.14,"Maju dan Tumbuh Cepat"
kabupaten,11,1106,13,2025,0.5237,"Non Basis",148020311.89,"Potensial / Cepat Berkembang"
kabupaten,11,1106,14,2025,0.7306,"Non Basis",48991161945.43,"Potensial / Cepat Berkembang"
kabupaten,11,1106,15,2025,0.6707,"Non Basis",5049009572.37,"Potensial / Cepat Berkembang"
kabupaten,11,1106,16,2025,0.7659,"Non Basis",13449560756.71,"Potensial / Cepat Berkembang"
kabupaten,11,1106,17,2025,0.9322,"Non Basis",-2956535554.17,"Relatif Tertinggal"
kabupaten,11,1107,1,2022,1.3788,Basis,-30791913189.66,"Maju tapi Tertekan"
kabupaten,11,1107,2,2022,0.4425,"Non Basis",-8280156710.29,"Relatif Tertinggal"
kabupaten,11,1107,3,2022,0.6027,"Non Basis",-1529057579.66,"Relatif Tertinggal"
kabupaten,11,1107,4,2022,0.7972,"Non Basis",94633719.05,"Potensial / Cepat Berkembang"
kabupaten,11,1107,5,2022,0.2825,"Non Basis",-6660179.06,"Relatif Tertinggal"
kabupaten,11,1107,6,2022,0.8037,"Non Basis",25693608039.85,"Potensial / Cepat Berkembang"
kabupaten,11,1107,7,2022,1.0149,Basis,271873104.54,"Maju dan Tumbuh Cepat"
kabupaten,11,1107,8,2022,0.9676,"Non Basis",5882560913.43,"Potensial / Cepat Berkembang"
kabupaten,11,1107,9,2022,0.944,"Non Basis",-1297866847.3,"Relatif Tertinggal"
kabupaten,11,1107,10,2022,0.6612,"Non Basis",-3407479557.51,"Relatif Tertinggal"
kabupaten,11,1107,11,2022,0.896,"Non Basis",37646937.83,"Potensial / Cepat Berkembang"
kabupaten,11,1107,12,2022,0.8182,"Non Basis",1856914367.4,"Potensial / Cepat Berkembang"
kabupaten,11,1107,13,2022,0.8573,"Non Basis",-1021041530.74,"Relatif Tertinggal"
kabupaten,11,1107,14,2022,1.015,Basis,1593365394.63,"Maju dan Tumbuh Cepat"
kabupaten,11,1107,15,2022,0.8752,"Non Basis",-2865494091.68,"Relatif Tertinggal"
kabupaten,11,1107,16,2022,0.9991,"Non Basis",113752718.37,"Potensial / Cepat Berkembang"
kabupaten,11,1107,17,2022,1.2264,Basis,-2590641238.54,"Maju tapi Tertekan"
kabupaten,11,1107,1,2023,1.3935,Basis,26558866106.96,"Maju dan Tumbuh Cepat"
kabupaten,11,1107,2,2023,0.4883,"Non Basis",27003609943.98,"Potensial / Cepat Berkembang"
kabupaten,11,1107,3,2023,0.6043,"Non Basis",3673899.47,"Potensial / Cepat Berkembang"
kabupaten,11,1107,4,2023,0.7934,"Non Basis",-83479904.59,"Relatif Tertinggal"
kabupaten,11,1107,5,2023,0.2917,"Non Basis",28951036.45,"Potensial / Cepat Berkembang"
kabupaten,11,1107,6,2023,0.7147,"Non Basis",-74976636548.49,"Relatif Tertinggal"
kabupaten,11,1107,7,2023,1.003,Basis,-20089555096.89,"Maju tapi Tertekan"
kabupaten,11,1107,8,2023,0.9634,"Non Basis",-3883492818.84,"Relatif Tertinggal"
kabupaten,11,1107,9,2023,0.9547,"Non Basis",1052881296.47,"Potensial / Cepat Berkembang"
kabupaten,11,1107,10,2023,0.6547,"Non Basis",-3165024452.63,"Relatif Tertinggal"
kabupaten,11,1107,11,2023,0.8621,"Non Basis",-3996860578.98,"Relatif Tertinggal"
kabupaten,11,1107,12,2023,0.8327,"Non Basis",4396962201.9,"Potensial / Cepat Berkembang"
kabupaten,11,1107,13,2023,0.8497,"Non Basis",-545249295.55,"Relatif Tertinggal"
kabupaten,11,1107,14,2023,0.9698,"Non Basis",-34879163018.01,"Relatif Tertinggal"
kabupaten,11,1107,15,2023,0.8786,"Non Basis",250711918.46,"Potensial / Cepat Berkembang"
kabupaten,11,1107,16,2023,0.9771,"Non Basis",-7241089775.62,"Relatif Tertinggal"
kabupaten,11,1107,17,2023,1.2278,Basis,-267231270.94,"Maju tapi Tertekan"
kabupaten,11,1107,1,2024,1.3902,Basis,-24899960976.61,"Maju tapi Tertekan"
kabupaten,11,1107,2,2024,0.4681,"Non Basis",-15135747076.92,"Relatif Tertinggal"
kabupaten,11,1107,3,2024,0.615,"Non Basis",2937761030.75,"Potensial / Cepat Berkembang"
kabupaten,11,1107,4,2024,0.7732,"Non Basis",-355347842.5,"Relatif Tertinggal"
kabupaten,11,1107,5,2024,0.2963,"Non Basis",11002909.46,"Potensial / Cepat Berkembang"
kabupaten,11,1107,6,2024,0.7879,"Non Basis",59502732118.25,"Potensial / Cepat Berkembang"
kabupaten,11,1107,7,2024,1.0177,Basis,13524443593.14,"Maju dan Tumbuh Cepat"
kabupaten,11,1107,8,2024,0.9435,"Non Basis",-16384037983.98,"Relatif Tertinggal"
kabupaten,11,1107,9,2024,0.9903,"Non Basis",4112903141.53,"Potensial / Cepat Berkembang"
kabupaten,11,1107,10,2024,0.6551,"Non Basis",-1130426787.11,"Relatif Tertinggal"
kabupaten,11,1107,11,2024,0.8423,"Non Basis",-3203809409.47,"Relatif Tertinggal"
kabupaten,11,1107,12,2024,0.8277,"Non Basis",-3375764828.2,"Relatif Tertinggal"
kabupaten,11,1107,13,2024,0.8496,"Non Basis",-244863104.96,"Relatif Tertinggal"
kabupaten,11,1107,14,2024,0.9659,"Non Basis",-6765400757.64,"Relatif Tertinggal"
kabupaten,11,1107,15,2024,0.8743,"Non Basis",-2067806822.25,"Relatif Tertinggal"
kabupaten,11,1107,16,2024,0.9847,"Non Basis",826563349.54,"Potensial / Cepat Berkembang"
kabupaten,11,1107,17,2024,1.2325,Basis,-197110816.87,"Maju tapi Tertekan"
kabupaten,11,1107,1,2025,1.4233,Basis,84997290107.14,"Maju dan Tumbuh Cepat"
kabupaten,11,1107,2,2025,0.4403,"Non Basis",-18754751869.03,"Relatif Tertinggal"
kabupaten,11,1107,3,2025,0.6019,"Non Basis",-5190708639.33,"Relatif Tertinggal"
kabupaten,11,1107,4,2025,0.7958,"Non Basis",327438912.95,"Potensial / Cepat Berkembang"
kabupaten,11,1107,5,2025,0.2979,"Non Basis",5535774.27,"Potensial / Cepat Berkembang"
kabupaten,11,1107,6,2025,0.7137,"Non Basis",-61686635661.55,"Relatif Tertinggal"
kabupaten,11,1107,7,2025,1.0184,Basis,1426768886.4,"Maju dan Tumbuh Cepat"
kabupaten,11,1107,8,2025,0.9227,"Non Basis",-14464110008.33,"Relatif Tertinggal"
kabupaten,11,1107,9,2025,0.9611,"Non Basis",-4030775883.22,"Relatif Tertinggal"
kabupaten,11,1107,10,2025,0.651,"Non Basis",-1533712865.69,"Relatif Tertinggal"
kabupaten,11,1107,11,2025,0.8622,"Non Basis",2778292103.88,"Potensial / Cepat Berkembang"
kabupaten,11,1107,12,2025,0.8169,"Non Basis",-4084343451.12,"Relatif Tertinggal"
kabupaten,11,1107,13,2025,0.8296,"Non Basis",-1112023978.74,"Relatif Tertinggal"
kabupaten,11,1107,14,2025,0.9825,"Non Basis",13434035242.83,"Potensial / Cepat Berkembang"
kabupaten,11,1107,15,2025,0.8659,"Non Basis",-2018106779.1,"Relatif Tertinggal"
kabupaten,11,1107,16,2025,0.9668,"Non Basis",-5397237131.54,"Relatif Tertinggal"
kabupaten,11,1107,17,2025,1.2143,Basis,-2616329395.6,"Maju tapi Tertekan"
kabupaten,11,1108,1,2022,1.0584,Basis,-32651709991.61,"Maju tapi Tertekan"
kabupaten,11,1108,2,2022,3.2151,Basis,244522592512.88,"Maju dan Tumbuh Cepat"
kabupaten,11,1108,3,2022,1.9925,Basis,-40568703753.49,"Maju tapi Tertekan"
kabupaten,11,1108,4,2022,0.6642,"Non Basis",-195456641,"Relatif Tertinggal"
kabupaten,11,1108,5,2022,0.5459,"Non Basis",-4663293.11,"Relatif Tertinggal"
kabupaten,11,1108,6,2022,0.5057,"Non Basis",6546636043.61,"Potensial / Cepat Berkembang"
kabupaten,11,1108,7,2022,0.7682,"Non Basis",-30714722227.9,"Relatif Tertinggal"
kabupaten,11,1108,8,2022,0.795,"Non Basis",-30261833509.21,"Relatif Tertinggal"
kabupaten,11,1108,9,2022,0.3455,"Non Basis",-8803402619.19,"Relatif Tertinggal"
kabupaten,11,1108,10,2022,0.4267,"Non Basis",-37445519121.77,"Relatif Tertinggal"
kabupaten,11,1108,11,2022,0.7767,"Non Basis",7372642823.93,"Potensial / Cepat Berkembang"
kabupaten,11,1108,12,2022,0.6446,"Non Basis",541377180.52,"Potensial / Cepat Berkembang"
kabupaten,11,1108,13,2022,0.4345,"Non Basis",-3215752974.53,"Relatif Tertinggal"
kabupaten,11,1108,14,2022,0.3306,"Non Basis",246087878.86,"Potensial / Cepat Berkembang"
kabupaten,11,1108,15,2022,0.6383,"Non Basis",-5565945981.04,"Relatif Tertinggal"
kabupaten,11,1108,16,2022,0.7922,"Non Basis",1917358803.15,"Potensial / Cepat Berkembang"
kabupaten,11,1108,17,2022,0.7402,"Non Basis",-3941173645.35,"Relatif Tertinggal"
kabupaten,11,1108,1,2023,1.0862,Basis,-56976532734.57,"Maju tapi Tertekan"
kabupaten,11,1108,2,2023,3.2494,Basis,-105790738852.59,"Maju tapi Tertekan"
kabupaten,11,1108,3,2023,1.9415,Basis,-96303460808.73,"Maju tapi Tertekan"
kabupaten,11,1108,4,2023,0.6746,"Non Basis",-409170079.66,"Relatif Tertinggal"
kabupaten,11,1108,5,2023,0.5803,"Non Basis",100507505.36,"Potensial / Cepat Berkembang"
kabupaten,11,1108,6,2023,0.5005,"Non Basis",-40603515131.8,"Relatif Tertinggal"
kabupaten,11,1108,7,2023,0.792,"Non Basis",-13049315910.94,"Relatif Tertinggal"
kabupaten,11,1108,8,2023,0.7986,"Non Basis",-30359125877.61,"Relatif Tertinggal"
kabupaten,11,1108,9,2023,0.3608,"Non Basis",682203923.33,"Potensial / Cepat Berkembang"
kabupaten,11,1108,10,2023,0.438,"Non Basis",-3512247032.82,"Relatif Tertinggal"
kabupaten,11,1108,11,2023,0.8152,"Non Basis",2238315063.93,"Potensial / Cepat Berkembang"
kabupaten,11,1108,12,2023,0.6732,"Non Basis",3481181767.58,"Potensial / Cepat Berkembang"
kabupaten,11,1108,13,2023,0.4485,"Non Basis",-224254771.65,"Relatif Tertinggal"
kabupaten,11,1108,14,2023,0.3345,"Non Basis",-12586010516.66,"Relatif Tertinggal"
kabupaten,11,1108,15,2023,0.6721,"Non Basis",4836349112.06,"Potensial / Cepat Berkembang"
kabupaten,11,1108,16,2023,0.8181,"Non Basis",-2063912025.75,"Relatif Tertinggal"
kabupaten,11,1108,17,2023,0.7693,"Non Basis",496273530.8,"Potensial / Cepat Berkembang"
kabupaten,11,1108,1,2024,1.1302,Basis,170008402395.41,"Maju dan Tumbuh Cepat"
kabupaten,11,1108,2,2024,2.9404,Basis,-468918195742.22,"Maju tapi Tertekan"
kabupaten,11,1108,3,2024,1.9435,Basis,-13003711640.36,"Maju tapi Tertekan"
kabupaten,11,1108,4,2024,0.6972,"Non Basis",488983519.94,"Potensial / Cepat Berkembang"
kabupaten,11,1108,5,2024,0.677,"Non Basis",651921957.9,"Potensial / Cepat Berkembang"
kabupaten,11,1108,6,2024,0.5065,"Non Basis",2243489861.94,"Potensial / Cepat Berkembang"
kabupaten,11,1108,7,2024,0.8067,"Non Basis",20337835640.89,"Potensial / Cepat Berkembang"
kabupaten,11,1108,8,2024,0.7972,"Non Basis",-12364255617.26,"Relatif Tertinggal"
kabupaten,11,1108,9,2024,0.364,"Non Basis",-48429687.29,"Relatif Tertinggal"
kabupaten,11,1108,10,2024,0.4459,"Non Basis",2989965663.46,"Potensial / Cepat Berkembang"
kabupaten,11,1108,11,2024,0.8181,"Non Basis",-1346477132.66,"Relatif Tertinggal"
kabupaten,11,1108,12,2024,0.6772,"Non Basis",-1841385586.46,"Relatif Tertinggal"
kabupaten,11,1108,13,2024,0.451,"Non Basis",-206809077.62,"Relatif Tertinggal"
kabupaten,11,1108,14,2024,0.3391,"Non Basis",2267907632.79,"Potensial / Cepat Berkembang"
kabupaten,11,1108,15,2024,0.6712,"Non Basis",-3593953631.2,"Relatif Tertinggal"
kabupaten,11,1108,16,2024,0.8223,"Non Basis",-2190212904.18,"Relatif Tertinggal"
kabupaten,11,1108,17,2024,0.7776,"Non Basis",277783832.8,"Potensial / Cepat Berkembang"
kabupaten,11,1108,1,2025,1.1463,Basis,-33524019821.77,"Maju tapi Tertekan"
kabupaten,11,1108,2,2025,2.7415,Basis,-352004613528.4,"Maju tapi Tertekan"
kabupaten,11,1108,3,2025,2.0447,Basis,50291088823.47,"Maju dan Tumbuh Cepat"
kabupaten,11,1108,4,2025,0.7428,"Non Basis",911675871.11,"Potensial / Cepat Berkembang"
kabupaten,11,1108,5,2025,0.6699,"Non Basis",-143987235.47,"Relatif Tertinggal"
kabupaten,11,1108,6,2025,0.4928,"Non Basis",-40065964954.72,"Relatif Tertinggal"
kabupaten,11,1108,7,2025,0.8138,"Non Basis",-26544435345.11,"Relatif Tertinggal"
kabupaten,11,1108,8,2025,0.8067,"Non Basis",-9221355184.56,"Relatif Tertinggal"
kabupaten,11,1108,9,2025,0.3695,"Non Basis",-511947024.39,"Relatif Tertinggal"
kabupaten,11,1108,10,2025,0.4584,"Non Basis",2788203223.4,"Potensial / Cepat Berkembang"
kabupaten,11,1108,11,2025,0.8352,"Non Basis",196597936.34,"Potensial / Cepat Berkembang"
kabupaten,11,1108,12,2025,0.6876,"Non Basis",-2443001239.82,"Relatif Tertinggal"
kabupaten,11,1108,13,2025,0.4618,"Non Basis",190790845.23,"Potensial / Cepat Berkembang"
kabupaten,11,1108,14,2025,0.3697,"Non Basis",38421000031.49,"Potensial / Cepat Berkembang"
kabupaten,11,1108,15,2025,0.6803,"Non Basis",-2152708821.04,"Relatif Tertinggal"
kabupaten,11,1108,16,2025,0.8403,"Non Basis",905869365.01,"Potensial / Cepat Berkembang"
kabupaten,11,1108,17,2025,0.7909,"Non Basis",-665775712.56,"Relatif Tertinggal"
kabupaten,11,1109,1,2022,1.209,Basis,7594062623.78,"Maju dan Tumbuh Cepat"
kabupaten,11,1109,2,2022,0.2159,"Non Basis",-1129627373.47,"Relatif Tertinggal"
kabupaten,11,1109,3,2022,0.2922,"Non Basis",300772525.83,"Potensial / Cepat Berkembang"
kabupaten,11,1109,4,2022,1.2457,Basis,-571665.67,"Maju tapi Tertekan"
kabupaten,11,1109,5,2022,0.2626,"Non Basis",-5153756.33,"Relatif Tertinggal"
kabupaten,11,1109,6,2022,0.9845,"Non Basis",3752285028.55,"Potensial / Cepat Berkembang"
kabupaten,11,1109,7,2022,0.8677,"Non Basis",-1215037576.4,"Relatif Tertinggal"
kabupaten,11,1109,8,2022,0.3958,"Non Basis",-857224837.27,"Relatif Tertinggal"
kabupaten,11,1109,9,2022,1.0518,Basis,-2979388942.65,"Maju tapi Tertekan"
kabupaten,11,1109,10,2022,1.2507,Basis,673321529.88,"Maju dan Tumbuh Cepat"
kabupaten,11,1109,11,2022,1.1057,Basis,1708350236.1,"Maju dan Tumbuh Cepat"
kabupaten,11,1109,12,2022,0.8732,"Non Basis",-347319033.29,"Relatif Tertinggal"
kabupaten,11,1109,13,2022,0.2413,"Non Basis",-109435817.74,"Relatif Tertinggal"
kabupaten,11,1109,14,2022,1.8104,Basis,-381021928.29,"Maju tapi Tertekan"
kabupaten,11,1109,15,2022,1.2859,Basis,-1121588105.44,"Maju tapi Tertekan"
kabupaten,11,1109,16,2022,1.5377,Basis,99725572.91,"Maju dan Tumbuh Cepat"
kabupaten,11,1109,17,2022,0.6989,"Non Basis",-303220754.67,"Relatif Tertinggal"
kabupaten,11,1109,1,2023,1.2257,Basis,10936665668.51,"Maju dan Tumbuh Cepat"
kabupaten,11,1109,2,2023,0.2357,"Non Basis",2626668337.14,"Potensial / Cepat Berkembang"
kabupaten,11,1109,3,2023,0.2999,"Non Basis",691693848.92,"Potensial / Cepat Berkembang"
kabupaten,11,1109,4,2023,1.2107,Basis,-88387416.18,"Maju tapi Tertekan"
kabupaten,11,1109,5,2023,0.2645,"Non Basis",2055039.31,"Potensial / Cepat Berkembang"
kabupaten,11,1109,6,2023,0.9937,"Non Basis",2239897578.47,"Potensial / Cepat Berkembang"
kabupaten,11,1109,7,2023,0.831,"Non Basis",-9541131561.65,"Relatif Tertinggal"
kabupaten,11,1109,8,2023,0.3885,"Non Basis",-699550445.02,"Relatif Tertinggal"
kabupaten,11,1109,9,2023,1.0771,Basis,800833390.18,"Maju dan Tumbuh Cepat"
kabupaten,11,1109,10,2023,1.2415,Basis,-353818799.21,"Maju tapi Tertekan"
kabupaten,11,1109,11,2023,1.1019,Basis,9834434.57,"Maju dan Tumbuh Cepat"
kabupaten,11,1109,12,2023,0.8654,"Non Basis",-330431711.57,"Relatif Tertinggal"
kabupaten,11,1109,13,2023,0.2386,"Non Basis",-21001329.15,"Relatif Tertinggal"
kabupaten,11,1109,14,2023,1.765,Basis,-5856168808.25,"Maju tapi Tertekan"
kabupaten,11,1109,15,2023,1.275,Basis,-288094359.68,"Maju tapi Tertekan"
kabupaten,11,1109,16,2023,1.53,Basis,-109783637.24,"Maju tapi Tertekan"
kabupaten,11,1109,17,2023,0.7022,"Non Basis",174188471.31,"Potensial / Cepat Berkembang"
kabupaten,11,1109,1,2024,1.2684,Basis,20699580354.45,"Maju dan Tumbuh Cepat"
kabupaten,11,1109,2,2024,0.2148,"Non Basis",-3020175263.51,"Relatif Tertinggal"
kabupaten,11,1109,3,2024,0.2943,"Non Basis",-502797349.98,"Relatif Tertinggal"
kabupaten,11,1109,4,2024,1.2177,Basis,13199563.89,"Maju dan Tumbuh Cepat"
kabupaten,11,1109,5,2024,0.2601,"Non Basis",-3609447.2,"Relatif Tertinggal"
kabupaten,11,1109,6,2024,0.9765,"Non Basis",-3485037488.12,"Relatif Tertinggal"
kabupaten,11,1109,7,2024,0.8596,"Non Basis",7839082987.01,"Potensial / Cepat Berkembang"
kabupaten,11,1109,8,2024,0.359,"Non Basis",-4225855750.58,"Relatif Tertinggal"
kabupaten,11,1109,9,2024,1.072,Basis,-209314305.79,"Maju tapi Tertekan"
kabupaten,11,1109,10,2024,1.298,Basis,4369830391.3,"Maju dan Tumbuh Cepat"
kabupaten,11,1109,11,2024,1.0053,Basis,-2777107205.17,"Maju tapi Tertekan"
kabupaten,11,1109,12,2024,0.8778,"Non Basis",810777034.61,"Potensial / Cepat Berkembang"
kabupaten,11,1109,13,2024,0.2368,"Non Basis",-27983968.02,"Relatif Tertinggal"
kabupaten,11,1109,14,2024,1.7116,Basis,-9379370516.64,"Maju tapi Tertekan"
kabupaten,11,1109,15,2024,1.2934,Basis,779156302.78,"Maju dan Tumbuh Cepat"
kabupaten,11,1109,16,2024,1.5254,Basis,-498076306.49,"Maju tapi Tertekan"
kabupaten,11,1109,17,2024,0.7085,"Non Basis",142077502.42,"Potensial / Cepat Berkembang"
kabupaten,11,1109,1,2025,1.2754,Basis,9355559251.75,"Maju dan Tumbuh Cepat"
kabupaten,11,1109,2,2025,0.2114,"Non Basis",-236124503.08,"Relatif Tertinggal"
kabupaten,11,1109,3,2025,0.2946,"Non Basis",232859651.88,"Potensial / Cepat Berkembang"
kabupaten,11,1109,4,2025,1.2403,Basis,98448090.91,"Maju dan Tumbuh Cepat"
kabupaten,11,1109,5,2025,0.2867,"Non Basis",21021162.24,"Potensial / Cepat Berkembang"
kabupaten,11,1109,6,2025,0.9936,"Non Basis",4420010947.81,"Potensial / Cepat Berkembang"
kabupaten,11,1109,7,2025,0.8497,"Non Basis",-888421365.31,"Relatif Tertinggal"
kabupaten,11,1109,8,2025,0.3503,"Non Basis",-851240185.53,"Relatif Tertinggal"
kabupaten,11,1109,9,2025,1.0581,Basis,-154867692.42,"Maju tapi Tertekan"
kabupaten,11,1109,10,2025,1.3039,Basis,1374638027.65,"Maju dan Tumbuh Cepat"
kabupaten,11,1109,11,2025,1.016,Basis,553510449.46,"Maju dan Tumbuh Cepat"
kabupaten,11,1109,12,2025,0.8651,"Non Basis",-458778560.04,"Relatif Tertinggal"
kabupaten,11,1109,13,2025,0.236,"Non Basis",14523206.23,"Potensial / Cepat Berkembang"
kabupaten,11,1109,14,2025,1.7173,Basis,3317647913.69,"Maju dan Tumbuh Cepat"
kabupaten,11,1109,15,2025,1.3026,Basis,1032868009.17,"Maju dan Tumbuh Cepat"
kabupaten,11,1109,16,2025,1.5091,Basis,-251648863.47,"Maju tapi Tertekan"
kabupaten,11,1109,17,2025,0.7038,"Non Basis",31913020.71,"Potensial / Cepat Berkembang"
kabupaten,11,1110,1,2022,1.006,Basis,2382281776.04,"Maju dan Tumbuh Cepat"
kabupaten,11,1110,2,2022,0.1686,"Non Basis",-1008845561.09,"Relatif Tertinggal"
kabupaten,11,1110,3,2022,1.0025,Basis,2027486176.15,"Maju dan Tumbuh Cepat"
kabupaten,11,1110,4,2022,1.5925,Basis,-30755612.93,"Maju tapi Tertekan"
kabupaten,11,1110,5,2022,1.2018,Basis,8688205.53,"Maju dan Tumbuh Cepat"
kabupaten,11,1110,6,2022,1.0632,Basis,-187263958.34,"Maju tapi Tertekan"
kabupaten,11,1110,7,2022,0.8804,"Non Basis",-1097949254.78,"Relatif Tertinggal"
kabupaten,11,1110,8,2022,0.8544,"Non Basis",-1345227469.44,"Relatif Tertinggal"
kabupaten,11,1110,9,2022,0.795,"Non Basis",-2932249919.36,"Relatif Tertinggal"
kabupaten,11,1110,10,2022,1.1877,Basis,-1106100794.04,"Maju tapi Tertekan"
kabupaten,11,1110,11,2022,1.2882,Basis,33342813.19,"Maju dan Tumbuh Cepat"
kabupaten,11,1110,12,2022,0.8215,"Non Basis",3875905.52,"Potensial / Cepat Berkembang"
kabupaten,11,1110,13,2022,1.0353,Basis,-401912715.45,"Maju tapi Tertekan"
kabupaten,11,1110,14,2022,1.6897,Basis,-1001121811.88,"Maju tapi Tertekan"
kabupaten,11,1110,15,2022,1.2136,Basis,-143967017.27,"Maju tapi Tertekan"
kabupaten,11,1110,16,2022,1.4825,Basis,-3052487.79,"Maju tapi Tertekan"
kabupaten,11,1110,17,2022,0.8505,"Non Basis",-204625603.56,"Relatif Tertinggal"
kabupaten,11,1110,1,2023,0.9978,"Non Basis",-8124325748.25,"Relatif Tertinggal"
kabupaten,11,1110,2,2023,0.1848,"Non Basis",2017167479.95,"Potensial / Cepat Berkembang"
kabupaten,11,1110,3,2023,1.0317,Basis,1855898435.81,"Maju dan Tumbuh Cepat"
kabupaten,11,1110,4,2023,1.5584,Basis,-139242990.23,"Maju tapi Tertekan"
kabupaten,11,1110,5,2023,1.1851,Basis,-18842030.02,"Maju tapi Tertekan"
kabupaten,11,1110,6,2023,1.0612,Basis,-1679412991.24,"Maju tapi Tertekan"
kabupaten,11,1110,7,2023,0.8558,"Non Basis",-9235938780.93,"Relatif Tertinggal"
kabupaten,11,1110,8,2023,0.8376,"Non Basis",-2852785427.61,"Relatif Tertinggal"
kabupaten,11,1110,9,2023,0.7999,"Non Basis",-13502538.57,"Relatif Tertinggal"
kabupaten,11,1110,10,2023,1.1925,Basis,-280770113.02,"Maju tapi Tertekan"
kabupaten,11,1110,11,2023,1.3918,Basis,2310646860.29,"Maju dan Tumbuh Cepat"
kabupaten,11,1110,12,2023,0.8288,"Non Basis",137887264.19,"Potensial / Cepat Berkembang"
kabupaten,11,1110,13,2023,1.0508,Basis,102893189.43,"Maju dan Tumbuh Cepat"
kabupaten,11,1110,14,2023,1.7011,Basis,-1800127.72,"Maju tapi Tertekan"
kabupaten,11,1110,15,2023,1.2119,Basis,-507177026.01,"Maju tapi Tertekan"
kabupaten,11,1110,16,2023,1.5011,Basis,552228775.25,"Maju dan Tumbuh Cepat"
kabupaten,11,1110,17,2023,0.8569,"Non Basis",21388480.31,"Potensial / Cepat Berkembang"
kabupaten,11,1110,1,2024,1.0035,Basis,-3179925926.67,"Maju tapi Tertekan"
kabupaten,11,1110,2,2024,0.1702,"Non Basis",-2467860664.25,"Relatif Tertinggal"
kabupaten,11,1110,3,2024,1.0547,Basis,930388352.11,"Maju dan Tumbuh Cepat"
kabupaten,11,1110,4,2024,1.5864,Basis,32240533.4,"Maju dan Tumbuh Cepat"
kabupaten,11,1110,5,2024,1.2027,Basis,2902618.52,"Maju dan Tumbuh Cepat"
kabupaten,11,1110,6,2024,1.0567,Basis,-3159396959.01,"Maju tapi Tertekan"
kabupaten,11,1110,7,2024,0.8651,"Non Basis",-218576949.17,"Relatif Tertinggal"
kabupaten,11,1110,8,2024,0.8271,"Non Basis",-2949446781.9,"Relatif Tertinggal"
kabupaten,11,1110,9,2024,0.8092,"Non Basis",-1039938.02,"Relatif Tertinggal"
kabupaten,11,1110,10,2024,1.2058,Basis,-38320351.51,"Maju tapi Tertekan"
kabupaten,11,1110,11,2024,1.368,Basis,-1173097056.14,"Maju tapi Tertekan"
kabupaten,11,1110,12,2024,0.8337,"Non Basis",-387525448.43,"Relatif Tertinggal"
kabupaten,11,1110,13,2024,1.051,Basis,-149295323.65,"Maju tapi Tertekan"
kabupaten,11,1110,14,2024,1.6888,Basis,-5498036495.53,"Maju tapi Tertekan"
kabupaten,11,1110,15,2024,1.2236,Basis,-123581938.69,"Maju tapi Tertekan"
kabupaten,11,1110,16,2024,1.5214,Basis,194118079.76,"Maju dan Tumbuh Cepat"
kabupaten,11,1110,17,2024,0.8704,"Non Basis",112028967.61,"Potensial / Cepat Berkembang"
kabupaten,11,1110,1,2025,1.0357,Basis,20581894071.82,"Maju dan Tumbuh Cepat"
kabupaten,11,1110,2,2025,0.1684,"Non Basis",-164024662.01,"Relatif Tertinggal"
kabupaten,11,1110,3,2025,1.0414,Basis,-767982860.69,"Maju tapi Tertekan"
kabupaten,11,1110,4,2025,1.6252,Basis,144318804.88,"Maju dan Tumbuh Cepat"
kabupaten,11,1110,5,2025,1.1778,Basis,-15055424.92,"Maju tapi Tertekan"
kabupaten,11,1110,6,2025,1.0204,Basis,-5831651027.43,"Maju tapi Tertekan"
kabupaten,11,1110,7,2025,0.8482,"Non Basis",-4205363653.36,"Relatif Tertinggal"
kabupaten,11,1110,8,2025,0.8304,"Non Basis",1058007432.31,"Potensial / Cepat Berkembang"
kabupaten,11,1110,9,2025,0.7933,"Non Basis",-382128925.42,"Relatif Tertinggal"
kabupaten,11,1110,10,2025,1.2046,Basis,348152617.41,"Maju dan Tumbuh Cepat"
kabupaten,11,1110,11,2025,1.339,Basis,-708276495.28,"Maju tapi Tertekan"
kabupaten,11,1110,12,2025,0.8278,"Non Basis",-192268309.42,"Relatif Tertinggal"
kabupaten,11,1110,13,2025,1.0511,Basis,57517458.75,"Maju dan Tumbuh Cepat"
kabupaten,11,1110,14,2025,1.6761,Basis,-949407730.36,"Maju tapi Tertekan"
kabupaten,11,1110,15,2025,1.2134,Basis,-266302712.38,"Maju tapi Tertekan"
kabupaten,11,1110,16,2025,1.5268,Basis,803917700.54,"Maju dan Tumbuh Cepat"
kabupaten,11,1110,17,2025,0.8669,"Non Basis",6362446.42,"Potensial / Cepat Berkembang"
kabupaten,11,1111,1,2022,1.0843,Basis,7851507836.78,"Maju dan Tumbuh Cepat"
kabupaten,11,1111,2,2022,0.2966,"Non Basis",-6287963217.76,"Relatif Tertinggal"
kabupaten,11,1111,3,2022,0.3136,"Non Basis",-734655228.76,"Relatif Tertinggal"
kabupaten,11,1111,4,2022,0.6614,"Non Basis",360515421.14,"Potensial / Cepat Berkembang"
kabupaten,11,1111,5,2022,1.3735,Basis,29536784.74,"Maju dan Tumbuh Cepat"
kabupaten,11,1111,6,2022,0.9453,"Non Basis",29097870755.88,"Potensial / Cepat Berkembang"
kabupaten,11,1111,7,2022,1.6797,Basis,-19507610456.26,"Maju tapi Tertekan"
kabupaten,11,1111,8,2022,1.4072,Basis,-17655834410.31,"Maju tapi Tertekan"
kabupaten,11,1111,9,2022,0.889,"Non Basis",-1939525837.04,"Relatif Tertinggal"
kabupaten,11,1111,10,2022,0.7592,"Non Basis",-3055405328.4,"Relatif Tertinggal"
kabupaten,11,1111,11,2022,0.6598,"Non Basis",4643677470.13,"Potensial / Cepat Berkembang"
kabupaten,11,1111,12,2022,0.7401,"Non Basis",-1604228547.73,"Relatif Tertinggal"
kabupaten,11,1111,13,2022,0.4704,"Non Basis",-166579793.35,"Relatif Tertinggal"
kabupaten,11,1111,14,2022,0.8881,"Non Basis",-161135938,"Relatif Tertinggal"
kabupaten,11,1111,15,2022,0.6514,"Non Basis",-1069302687.96,"Relatif Tertinggal"
kabupaten,11,1111,16,2022,0.7723,"Non Basis",116273203.14,"Potensial / Cepat Berkembang"
kabupaten,11,1111,17,2022,0.8732,"Non Basis",-2805986255.52,"Relatif Tertinggal"
kabupaten,11,1111,1,2023,1.0562,Basis,-84777416326.95,"Maju tapi Tertekan"
kabupaten,11,1111,2,2023,0.3192,"Non Basis",18292258288.88,"Potensial / Cepat Berkembang"
kabupaten,11,1111,3,2023,0.3125,"Non Basis",-306843624.27,"Relatif Tertinggal"
kabupaten,11,1111,4,2023,0.6399,"Non Basis",-376492641.43,"Relatif Tertinggal"
kabupaten,11,1111,5,2023,1.3558,Basis,-70418155.83,"Maju tapi Tertekan"
kabupaten,11,1111,6,2023,0.9329,"Non Basis",-11835856704.5,"Relatif Tertinggal"
kabupaten,11,1111,7,2023,1.6571,Basis,-35980675508.53,"Maju tapi Tertekan"
kabupaten,11,1111,8,2023,1.3616,Basis,-32497785593.45,"Maju tapi Tertekan"
kabupaten,11,1111,9,2023,0.8981,"Non Basis",1762296695.48,"Potensial / Cepat Berkembang"
kabupaten,11,1111,10,2023,0.7542,"Non Basis",-1961917614.92,"Relatif Tertinggal"
kabupaten,11,1111,11,2023,0.6875,"Non Basis",4139405428.53,"Potensial / Cepat Berkembang"
kabupaten,11,1111,12,2023,0.7282,"Non Basis",-5089446452.69,"Relatif Tertinggal"
kabupaten,11,1111,13,2023,0.4684,"Non Basis",-95757243.87,"Relatif Tertinggal"
kabupaten,11,1111,14,2023,0.896,"Non Basis",8861592158.64,"Potensial / Cepat Berkembang"
kabupaten,11,1111,15,2023,0.6504,"Non Basis",-5927338.67,"Relatif Tertinggal"
kabupaten,11,1111,16,2023,0.7658,"Non Basis",-2040303982.71,"Relatif Tertinggal"
kabupaten,11,1111,17,2023,0.862,"Non Basis",-1804457908.82,"Relatif Tertinggal"
kabupaten,11,1111,1,2024,1.0556,Basis,-6255239238.06,"Maju tapi Tertekan"
kabupaten,11,1111,2,2024,0.2908,"Non Basis",-25413274308.79,"Relatif Tertinggal"
kabupaten,11,1111,3,2024,0.3089,"Non Basis",-2024242758.13,"Relatif Tertinggal"
kabupaten,11,1111,4,2024,0.6448,"Non Basis",79727009.69,"Potensial / Cepat Berkembang"
kabupaten,11,1111,5,2024,1.3476,Basis,-45692281.36,"Maju tapi Tertekan"
kabupaten,11,1111,6,2024,0.936,"Non Basis",2144184504.91,"Potensial / Cepat Berkembang"
kabupaten,11,1111,7,2024,1.6952,Basis,65768682253.33,"Maju dan Tumbuh Cepat"
kabupaten,11,1111,8,2024,1.3629,Basis,-430636666.82,"Maju tapi Tertekan"
kabupaten,11,1111,9,2024,0.882,"Non Basis",-3013153418.56,"Relatif Tertinggal"
kabupaten,11,1111,10,2024,0.7524,"Non Basis",-1368977508.41,"Relatif Tertinggal"
kabupaten,11,1111,11,2024,0.661,"Non Basis",-4805111015.06,"Relatif Tertinggal"
kabupaten,11,1111,12,2024,0.7213,"Non Basis",-3785066124.16,"Relatif Tertinggal"
kabupaten,11,1111,13,2024,0.4682,"Non Basis",-58220794.29,"Relatif Tertinggal"
kabupaten,11,1111,14,2024,0.8952,"Non Basis",-2036384492.63,"Relatif Tertinggal"
kabupaten,11,1111,15,2024,0.6405,"Non Basis",-3372060750.29,"Relatif Tertinggal"
kabupaten,11,1111,16,2024,0.7668,"Non Basis",-5991220.78,"Relatif Tertinggal"
kabupaten,11,1111,17,2024,0.8601,"Non Basis",-553937747.73,"Relatif Tertinggal"
kabupaten,11,1111,1,2025,1.0737,Basis,70767552216.37,"Maju dan Tumbuh Cepat"
kabupaten,11,1111,2,2025,0.2786,"Non Basis",-10143762767.51,"Relatif Tertinggal"
kabupaten,11,1111,3,2025,0.3105,"Non Basis",1333066674.39,"Potensial / Cepat Berkembang"
kabupaten,11,1111,4,2025,0.6359,"Non Basis",-133759783.86,"Relatif Tertinggal"
kabupaten,11,1111,5,2025,1.283,Basis,-276892845.15,"Maju tapi Tertekan"
kabupaten,11,1111,6,2025,0.8882,"Non Basis",-49585380989.77,"Relatif Tertinggal"
kabupaten,11,1111,7,2025,1.6608,Basis,-56745919403.18,"Maju tapi Tertekan"
kabupaten,11,1111,8,2025,1.4086,Basis,45922934183.85,"Maju dan Tumbuh Cepat"
kabupaten,11,1111,9,2025,0.87,"Non Basis",-1749480320.34,"Relatif Tertinggal"
kabupaten,11,1111,10,2025,0.7505,"Non Basis",83722820.96,"Potensial / Cepat Berkembang"
kabupaten,11,1111,11,2025,0.6947,"Non Basis",6489255334.03,"Potensial / Cepat Berkembang"
kabupaten,11,1111,12,2025,0.7131,"Non Basis",-3126282877.26,"Relatif Tertinggal"
kabupaten,11,1111,13,2025,0.4615,"Non Basis",-400262447.73,"Relatif Tertinggal"
kabupaten,11,1111,14,2025,0.8962,"Non Basis",3677408739.69,"Potensial / Cepat Berkembang"
kabupaten,11,1111,15,2025,0.6334,"Non Basis",-1713574942.7,"Relatif Tertinggal"
kabupaten,11,1111,16,2025,0.7597,"Non Basis",-1974182842.06,"Relatif Tertinggal"
kabupaten,11,1111,17,2025,0.8104,"Non Basis",-9078224091.1,"Relatif Tertinggal"
kabupaten,11,1112,1,2022,1.0284,Basis,-11632777652.45,"Maju tapi Tertekan"
kabupaten,11,1112,2,2022,0.1717,"Non Basis",-1218118967.23,"Relatif Tertinggal"
kabupaten,11,1112,3,2022,0.5486,"Non Basis",1740103185.88,"Potensial / Cepat Berkembang"
kabupaten,11,1112,4,2022,0.8019,"Non Basis",14579779.63,"Potensial / Cepat Berkembang"
kabupaten,11,1112,5,2022,0.1738,"Non Basis",2172051.38,"Potensial / Cepat Berkembang"
kabupaten,11,1112,6,2022,1.5148,Basis,13136447867.94,"Maju dan Tumbuh Cepat"
kabupaten,11,1112,7,2022,1.2057,Basis,4665471302.14,"Maju dan Tumbuh Cepat"
kabupaten,11,1112,8,2022,0.9953,"Non Basis",-3637504060.9,"Relatif Tertinggal"
kabupaten,11,1112,9,2022,0.5181,"Non Basis",-2191777175.67,"Relatif Tertinggal"
kabupaten,11,1112,10,2022,0.6797,"Non Basis",-1478617204.48,"Relatif Tertinggal"
kabupaten,11,1112,11,2022,1.2193,Basis,2669375760.18,"Maju dan Tumbuh Cepat"
kabupaten,11,1112,12,2022,0.699,"Non Basis",-1527037597.17,"Relatif Tertinggal"
kabupaten,11,1112,13,2022,0.4992,"Non Basis",-234907531.52,"Relatif Tertinggal"
kabupaten,11,1112,14,2022,1.0622,Basis,162737036.91,"Maju dan Tumbuh Cepat"
kabupaten,11,1112,15,2022,0.9976,"Non Basis",1572680171.41,"Potensial / Cepat Berkembang"
kabupaten,11,1112,16,2022,1.1997,Basis,-531140852.61,"Maju tapi Tertekan"
kabupaten,11,1112,17,2022,2.169,Basis,-749963722.76,"Maju tapi Tertekan"
kabupaten,11,1112,1,2023,0.9885,"Non Basis",-40271933834.79,"Relatif Tertinggal"
kabupaten,11,1112,2,2023,0.1881,"Non Basis",3697001292.47,"Potensial / Cepat Berkembang"
kabupaten,11,1112,3,2023,0.5744,"Non Basis",3464371759.3,"Potensial / Cepat Berkembang"
kabupaten,11,1112,4,2023,0.7958,"Non Basis",-45280615.69,"Relatif Tertinggal"
kabupaten,11,1112,5,2023,0.1745,"Non Basis",289492.49,"Potensial / Cepat Berkembang"
kabupaten,11,1112,6,2023,1.5267,Basis,2336872313.21,"Maju dan Tumbuh Cepat"
kabupaten,11,1112,7,2023,1.2024,Basis,-3601397530.12,"Maju tapi Tertekan"
kabupaten,11,1112,8,2023,0.9805,"Non Basis",-3888781336.72,"Relatif Tertinggal"
kabupaten,11,1112,9,2023,0.5181,"Non Basis",-73992320.96,"Relatif Tertinggal"
kabupaten,11,1112,10,2023,0.6783,"Non Basis",-490314050.44,"Relatif Tertinggal"
kabupaten,11,1112,11,2023,1.2746,Basis,2183190378.86,"Maju dan Tumbuh Cepat"
kabupaten,11,1112,12,2023,0.6928,"Non Basis",-1140638182.32,"Relatif Tertinggal"
kabupaten,11,1112,13,2023,0.4974,"Non Basis",-69220904.89,"Relatif Tertinggal"
kabupaten,11,1112,14,2023,1.0803,Basis,4178060525.77,"Maju dan Tumbuh Cepat"
kabupaten,11,1112,15,2023,1.0042,Basis,316700537.77,"Maju dan Tumbuh Cepat"
kabupaten,11,1112,16,2023,1.2069,Basis,416638096.96,"Maju dan Tumbuh Cepat"
kabupaten,11,1112,17,2023,2.1575,Basis,-945988619.75,"Maju tapi Tertekan"
kabupaten,11,1112,1,2024,1.0169,Basis,23183678521.19,"Maju dan Tumbuh Cepat"
kabupaten,11,1112,2,2024,0.1784,"Non Basis",-2678659988.21,"Relatif Tertinggal"
kabupaten,11,1112,3,2024,0.5795,"Non Basis",415918889.14,"Potensial / Cepat Berkembang"
kabupaten,11,1112,4,2024,0.7959,"Non Basis",-17269258.19,"Relatif Tertinggal"
kabupaten,11,1112,5,2024,0.1869,"Non Basis",15630669.18,"Potensial / Cepat Berkembang"
kabupaten,11,1112,6,2024,1.4899,Basis,-14093560986.67,"Maju tapi Tertekan"
kabupaten,11,1112,7,2024,1.2193,Basis,6523816643.84,"Maju dan Tumbuh Cepat"
kabupaten,11,1112,8,2024,0.905,"Non Basis",-20262981954.42,"Relatif Tertinggal"
kabupaten,11,1112,9,2024,0.5305,"Non Basis",528285268.97,"Potensial / Cepat Berkembang"
kabupaten,11,1112,10,2024,0.6907,"Non Basis",1435755941.68,"Potensial / Cepat Berkembang"
kabupaten,11,1112,11,2024,1.2089,Basis,-3635390513.69,"Maju tapi Tertekan"
kabupaten,11,1112,12,2024,0.6832,"Non Basis",-1755778663.76,"Relatif Tertinggal"
kabupaten,11,1112,13,2024,0.4993,"Non Basis",-1191438.15,"Relatif Tertinggal"
kabupaten,11,1112,14,2024,1.0931,Basis,2569572048.04,"Maju dan Tumbuh Cepat"
kabupaten,11,1112,15,2024,1.0276,Basis,1782640104.41,"Maju dan Tumbuh Cepat"
kabupaten,11,1112,16,2024,1.2281,Basis,1884243431.57,"Maju dan Tumbuh Cepat"
kabupaten,11,1112,17,2024,2.1737,Basis,414158666.23,"Maju dan Tumbuh Cepat"
kabupaten,11,1112,1,2025,1.04,Basis,33864079466.08,"Maju dan Tumbuh Cepat"
kabupaten,11,1112,2,2025,0.1821,"Non Basis",1484338702.02,"Potensial / Cepat Berkembang"
kabupaten,11,1112,3,2025,0.5808,"Non Basis",1184178930.63,"Potensial / Cepat Berkembang"
kabupaten,11,1112,4,2025,0.8318,"Non Basis",247823513.05,"Potensial / Cepat Berkembang"
kabupaten,11,1112,5,2025,0.2008,"Non Basis",21343634.53,"Potensial / Cepat Berkembang"
kabupaten,11,1112,6,2025,1.3751,Basis,-31945202729.16,"Maju tapi Tertekan"
kabupaten,11,1112,7,2025,1.2374,Basis,17738451564.59,"Maju dan Tumbuh Cepat"
kabupaten,11,1112,8,2025,0.9211,"Non Basis",7116875551.61,"Potensial / Cepat Berkembang"
kabupaten,11,1112,9,2025,0.5359,"Non Basis",610859385.95,"Potensial / Cepat Berkembang"
kabupaten,11,1112,10,2025,0.6828,"Non Basis",-54654091.84,"Relatif Tertinggal"
kabupaten,11,1112,11,2025,1.2033,Basis,407874300.45,"Maju dan Tumbuh Cepat"
kabupaten,11,1112,12,2025,0.6963,"Non Basis",3089852107.69,"Potensial / Cepat Berkembang"
kabupaten,11,1112,13,2025,0.4996,"Non Basis",126084296.4,"Potensial / Cepat Berkembang"
kabupaten,11,1112,14,2025,1.0949,Basis,4251004163.33,"Maju dan Tumbuh Cepat"
kabupaten,11,1112,15,2025,1.0493,Basis,3150844746.23,"Maju dan Tumbuh Cepat"
kabupaten,11,1112,16,2025,1.2287,Basis,1662391201.06,"Maju dan Tumbuh Cepat"
kabupaten,11,1112,17,2025,2.1798,Basis,1689085048.59,"Maju dan Tumbuh Cepat"
kabupaten,11,1113,1,2022,1.4396,Basis,7192641712.26,"Maju dan Tumbuh Cepat"
kabupaten,11,1113,2,2022,0.189,"Non Basis",-1221220130.4,"Relatif Tertinggal"
kabupaten,11,1113,3,2022,2.3182,Basis,-385925976.6,"Maju tapi Tertekan"
kabupaten,11,1113,4,2022,0.668,"Non Basis",19125443.73,"Potensial / Cepat Berkembang"
kabupaten,11,1113,5,2022,0.7245,"Non Basis",-9026858.7,"Relatif Tertinggal"
kabupaten,11,1113,6,2022,0.823,"Non Basis",4333657291.61,"Potensial / Cepat Berkembang"
kabupaten,11,1113,7,2022,0.81,"Non Basis",-6044416489.83,"Relatif Tertinggal"
kabupaten,11,1113,8,2022,0.3464,"Non Basis",-1091114641.75,"Relatif Tertinggal"
kabupaten,11,1113,9,2022,0.7112,"Non Basis",-4763456293.14,"Relatif Tertinggal"
kabupaten,11,1113,10,2022,0.4212,"Non Basis",-1020039442.39,"Relatif Tertinggal"
kabupaten,11,1113,11,2022,0.6641,"Non Basis",86195893.25,"Potensial / Cepat Berkembang"
kabupaten,11,1113,12,2022,0.7278,"Non Basis",-1591616122.4,"Relatif Tertinggal"
kabupaten,11,1113,13,2022,0.2484,"Non Basis",-314988908.53,"Relatif Tertinggal"
kabupaten,11,1113,14,2022,1.1488,Basis,87170544.51,"Maju dan Tumbuh Cepat"
kabupaten,11,1113,15,2022,1.1371,Basis,-833867030.26,"Maju tapi Tertekan"
kabupaten,11,1113,16,2022,1.3875,Basis,166708754.52,"Maju dan Tumbuh Cepat"
kabupaten,11,1113,17,2022,0.3205,"Non Basis",-171262550.14,"Relatif Tertinggal"
kabupaten,11,1113,1,2023,1.3941,Basis,-29554994601.99,"Maju tapi Tertekan"
kabupaten,11,1113,2,2023,0.2012,"Non Basis",1762714862.26,"Potensial / Cepat Berkembang"
kabupaten,11,1113,3,2023,2.4068,Basis,7690010877.02,"Maju dan Tumbuh Cepat"
kabupaten,11,1113,4,2023,0.6499,"Non Basis",-68264548.36,"Relatif Tertinggal"
kabupaten,11,1113,5,2023,0.7309,"Non Basis",3958184.42,"Potensial / Cepat Berkembang"
kabupaten,11,1113,6,2023,0.8258,"Non Basis",169867603.24,"Potensial / Cepat Berkembang"
kabupaten,11,1113,7,2023,0.8144,"Non Basis",848882579.82,"Potensial / Cepat Berkembang"
kabupaten,11,1113,8,2023,0.3401,"Non Basis",-1010433302.01,"Relatif Tertinggal"
kabupaten,11,1113,9,2023,0.7211,"Non Basis",265480378.49,"Potensial / Cepat Berkembang"
kabupaten,11,1113,10,2023,0.4233,"Non Basis",103987325.87,"Potensial / Cepat Berkembang"
kabupaten,11,1113,11,2023,0.6748,"Non Basis",249127204.45,"Potensial / Cepat Berkembang"
kabupaten,11,1113,12,2023,0.7381,"Non Basis",761835240.89,"Potensial / Cepat Berkembang"
kabupaten,11,1113,13,2023,0.2524,"Non Basis",45466000.32,"Potensial / Cepat Berkembang"
kabupaten,11,1113,14,2023,1.2083,Basis,10218116458.09,"Maju dan Tumbuh Cepat"
kabupaten,11,1113,15,2023,1.1489,Basis,516319722.36,"Maju dan Tumbuh Cepat"
kabupaten,11,1113,16,2023,1.3748,Basis,-1160936928.37,"Maju tapi Tertekan"
kabupaten,11,1113,17,2023,0.3158,"Non Basis",-186240964.4,"Relatif Tertinggal"
kabupaten,11,1113,1,2024,1.38,Basis,-19909851046.17,"Maju tapi Tertekan"
kabupaten,11,1113,2,2024,0.1828,"Non Basis",-3476950215.52,"Relatif Tertinggal"
kabupaten,11,1113,3,2024,2.4502,Basis,1003909151.69,"Maju dan Tumbuh Cepat"
kabupaten,11,1113,4,2024,0.6685,"Non Basis",35267329.22,"Potensial / Cepat Berkembang"
kabupaten,11,1113,5,2024,0.7504,"Non Basis",8221803.87,"Potensial / Cepat Berkembang"
kabupaten,11,1113,6,2024,0.8564,"Non Basis",4054788080.83,"Potensial / Cepat Berkembang"
kabupaten,11,1113,7,2024,0.8346,"Non Basis",3125935367.7,"Potensial / Cepat Berkembang"
kabupaten,11,1113,8,2024,0.3417,"Non Basis",-489467500.06,"Relatif Tertinggal"
kabupaten,11,1113,9,2024,0.7313,"Non Basis",14446786.85,"Potensial / Cepat Berkembang"
kabupaten,11,1113,10,2024,0.4316,"Non Basis",249190978.78,"Potensial / Cepat Berkembang"
kabupaten,11,1113,11,2024,0.6813,"Non Basis",-87376458.72,"Relatif Tertinggal"
kabupaten,11,1113,12,2024,0.7518,"Non Basis",334503106.86,"Potensial / Cepat Berkembang"
kabupaten,11,1113,13,2024,0.2589,"Non Basis",42628083.9,"Potensial / Cepat Berkembang"
kabupaten,11,1113,14,2024,1.2922,Basis,12902872797.61,"Maju dan Tumbuh Cepat"
kabupaten,11,1113,15,2024,1.163,Basis,-83029581.86,"Maju tapi Tertekan"
kabupaten,11,1113,16,2024,1.3865,Basis,-506043132.54,"Maju tapi Tertekan"
kabupaten,11,1113,17,2024,0.3227,"Non Basis",90319265.34,"Potensial / Cepat Berkembang"
kabupaten,11,1113,1,2025,1.4089,Basis,11398469342.28,"Maju dan Tumbuh Cepat"
kabupaten,11,1113,2,2025,0.1819,"Non Basis",-374202373.02,"Relatif Tertinggal"
kabupaten,11,1113,3,2025,2.4393,Basis,-2865612674.74,"Maju tapi Tertekan"
kabupaten,11,1113,4,2025,0.574,"Non Basis",-346898963.01,"Relatif Tertinggal"
kabupaten,11,1113,5,2025,1.1878,Basis,363439704.4,"Maju dan Tumbuh Cepat"
kabupaten,11,1113,6,2025,0.8084,"Non Basis",-11056007044.32,"Relatif Tertinggal"
kabupaten,11,1113,7,2025,0.8158,"Non Basis",-8902796756.27,"Relatif Tertinggal"
kabupaten,11,1113,8,2025,0.339,"Non Basis",-905578342.2,"Relatif Tertinggal"
kabupaten,11,1113,9,2025,0.7057,"Non Basis",-1060792355.95,"Relatif Tertinggal"
kabupaten,11,1113,10,2025,0.4374,"Non Basis",243019918.1,"Potensial / Cepat Berkembang"
kabupaten,11,1113,11,2025,0.6811,"Non Basis",-179640083.95,"Relatif Tertinggal"
kabupaten,11,1113,12,2025,0.7667,"Non Basis",861221439.96,"Potensial / Cepat Berkembang"
kabupaten,11,1113,13,2025,0.2913,"Non Basis",418540263.27,"Potensial / Cepat Berkembang"
kabupaten,11,1113,14,2025,1.2448,Basis,-11108159293.85,"Maju tapi Tertekan"
kabupaten,11,1113,15,2025,1.1832,Basis,680737060.14,"Maju dan Tumbuh Cepat"
kabupaten,11,1113,16,2025,1.4129,Basis,1178449743.36,"Maju dan Tumbuh Cepat"
kabupaten,11,1113,17,2025,0.3383,"Non Basis",467040806.31,"Potensial / Cepat Berkembang"
kabupaten,11,1114,1,2022,1.0921,Basis,10119056356.58,"Maju dan Tumbuh Cepat"
kabupaten,11,1114,2,2022,0.4559,"Non Basis",-4224547308.06,"Relatif Tertinggal"
kabupaten,11,1114,3,2022,0.7956,"Non Basis",3025289395.36,"Potensial / Cepat Berkembang"
kabupaten,11,1114,4,2022,1.2039,Basis,926974321.15,"Maju dan Tumbuh Cepat"
kabupaten,11,1114,6,2022,1.6664,Basis,8590011469.19,"Maju dan Tumbuh Cepat"
kabupaten,11,1114,7,2022,0.7243,"Non Basis",188660999.49,"Potensial / Cepat Berkembang"
kabupaten,11,1114,8,2022,1.2718,Basis,-4941523102.64,"Maju tapi Tertekan"
kabupaten,11,1114,9,2022,0.5539,"Non Basis",-2860073543.64,"Relatif Tertinggal"
kabupaten,11,1114,10,2022,0.851,"Non Basis",-2210503396.78,"Relatif Tertinggal"
kabupaten,11,1114,11,2022,0.2861,"Non Basis",533725048.29,"Potensial / Cepat Berkembang"
kabupaten,11,1114,12,2022,0.942,"Non Basis",-2266166076.96,"Relatif Tertinggal"
kabupaten,11,1114,13,2022,0.2133,"Non Basis",-346836854.53,"Relatif Tertinggal"
kabupaten,11,1114,14,2022,1.3614,Basis,154819572.13,"Maju dan Tumbuh Cepat"
kabupaten,11,1114,15,2022,1.1674,Basis,-489936371.9,"Maju tapi Tertekan"
kabupaten,11,1114,16,2022,0.772,"Non Basis",-196730304.79,"Relatif Tertinggal"
kabupaten,11,1114,17,2022,0.361,"Non Basis",-495031040.03,"Relatif Tertinggal"
kabupaten,11,1114,1,2023,1.0737,Basis,-11807836361.87,"Maju tapi Tertekan"
kabupaten,11,1114,2,2023,0.4922,"Non Basis",5575381775.2,"Potensial / Cepat Berkembang"
kabupaten,11,1114,3,2023,0.8086,"Non Basis",1202522727.41,"Potensial / Cepat Berkembang"
kabupaten,11,1114,4,2023,1.1223,Basis,-293082496.96,"Maju tapi Tertekan"
kabupaten,11,1114,6,2023,1.6512,Basis,-3357704905.91,"Maju tapi Tertekan"
kabupaten,11,1114,7,2023,0.7163,"Non Basis",-2914985178.65,"Relatif Tertinggal"
kabupaten,11,1114,8,2023,1.2527,Basis,-2863915086.52,"Maju tapi Tertekan"
kabupaten,11,1114,9,2023,0.5425,"Non Basis",-388269000.26,"Relatif Tertinggal"
kabupaten,11,1114,10,2023,0.8532,"Non Basis",167279861.85,"Potensial / Cepat Berkembang"
kabupaten,11,1114,11,2023,0.3213,"Non Basis",982397680.28,"Potensial / Cepat Berkembang"
kabupaten,11,1114,12,2023,0.9422,"Non Basis",-29765662.65,"Relatif Tertinggal"
kabupaten,11,1114,13,2023,0.2157,"Non Basis",31293529.69,"Potensial / Cepat Berkembang"
kabupaten,11,1114,14,2023,1.3806,Basis,3431496448.21,"Maju dan Tumbuh Cepat"
kabupaten,11,1114,15,2023,1.1643,Basis,-217077288.64,"Maju tapi Tertekan"
kabupaten,11,1114,16,2023,0.7757,"Non Basis",245323917.14,"Potensial / Cepat Berkembang"
kabupaten,11,1114,17,2023,0.3703,"Non Basis",321611227.31,"Potensial / Cepat Berkembang"
kabupaten,11,1114,1,2024,1.0733,Basis,-5944334257.75,"Maju tapi Tertekan"
kabupaten,11,1114,2,2024,0.4525,"Non Basis",-7478734803.83,"Relatif Tertinggal"
kabupaten,11,1114,3,2024,0.8127,"Non Basis",-270983224.72,"Relatif Tertinggal"
kabupaten,11,1114,4,2024,1.0724,Basis,-221746970.27,"Maju tapi Tertekan"
kabupaten,11,1114,6,2024,1.7338,Basis,14881360356.74,"Maju dan Tumbuh Cepat"
kabupaten,11,1114,7,2024,0.7384,"Non Basis",5649083296.57,"Potensial / Cepat Berkembang"
kabupaten,11,1114,8,2024,1.1055,Basis,-26558814271.05,"Maju tapi Tertekan"
kabupaten,11,1114,9,2024,0.5617,"Non Basis",492256547.47,"Potensial / Cepat Berkembang"
kabupaten,11,1114,10,2024,0.8651,"Non Basis",462821280.98,"Potensial / Cepat Berkembang"
kabupaten,11,1114,11,2024,0.295,"Non Basis",-984008068,"Relatif Tertinggal"
kabupaten,11,1114,12,2024,0.9497,"Non Basis",-42516926.05,"Relatif Tertinggal"
kabupaten,11,1114,13,2024,0.2085,"Non Basis",-129652712.11,"Relatif Tertinggal"
kabupaten,11,1114,14,2024,1.4067,Basis,2842195534.78,"Maju dan Tumbuh Cepat"
kabupaten,11,1114,15,2024,1.1413,Basis,-1986897998.87,"Maju tapi Tertekan"
kabupaten,11,1114,16,2024,0.7916,"Non Basis",706955416.25,"Potensial / Cepat Berkembang"
kabupaten,11,1114,17,2024,0.3588,"Non Basis",-530719549.73,"Relatif Tertinggal"
kabupaten,11,1114,1,2025,1.0552,Basis,-10117465789.93,"Maju tapi Tertekan"
kabupaten,11,1114,2,2025,0.4527,"Non Basis",221031502.41,"Potensial / Cepat Berkembang"
kabupaten,11,1114,3,2025,0.8142,"Non Basis",339776710.23,"Potensial / Cepat Berkembang"
kabupaten,11,1114,4,2025,1.0987,Basis,104732011.6,"Maju dan Tumbuh Cepat"
kabupaten,11,1114,6,2025,1.7832,Basis,11308865467.06,"Maju dan Tumbuh Cepat"
kabupaten,11,1114,7,2025,0.7348,"Non Basis",-682296252.32,"Relatif Tertinggal"
kabupaten,11,1114,8,2025,1.0796,Basis,-4164613490.19,"Maju tapi Tertekan"
kabupaten,11,1114,9,2025,0.5347,"Non Basis",-914473223.05,"Relatif Tertinggal"
kabupaten,11,1114,10,2025,0.8672,"Non Basis",409531423.23,"Potensial / Cepat Berkembang"
kabupaten,11,1114,11,2025,0.3118,"Non Basis",614856593.21,"Potensial / Cepat Berkembang"
kabupaten,11,1114,12,2025,0.9376,"Non Basis",-971384608.57,"Relatif Tertinggal"
kabupaten,11,1114,13,2025,0.2091,"Non Basis",15450219.39,"Potensial / Cepat Berkembang"
kabupaten,11,1114,14,2025,1.4818,Basis,15929026926.66,"Maju dan Tumbuh Cepat"
kabupaten,11,1114,15,2025,1.1483,Basis,604632977.48,"Maju dan Tumbuh Cepat"
kabupaten,11,1114,16,2025,0.7856,"Non Basis",-330048394.19,"Relatif Tertinggal"
kabupaten,11,1114,17,2025,0.3777,"Non Basis",731993847.97,"Potensial / Cepat Berkembang"
kabupaten,11,1115,1,2022,1.5089,Basis,7438673586.27,"Maju dan Tumbuh Cepat"
kabupaten,11,1115,2,2022,2.3764,Basis,-79000784502.69,"Maju tapi Tertekan"
kabupaten,11,1115,3,2022,0.7036,"Non Basis",7697693803.53,"Potensial / Cepat Berkembang"
kabupaten,11,1115,4,2022,0.5785,"Non Basis",12994790.47,"Potensial / Cepat Berkembang"
kabupaten,11,1115,5,2022,0.2012,"Non Basis",-8135461.27,"Relatif Tertinggal"
kabupaten,11,1115,6,2022,0.9313,"Non Basis",17067444379.48,"Potensial / Cepat Berkembang"
kabupaten,11,1115,7,2022,0.6535,"Non Basis",4643598955.67,"Potensial / Cepat Berkembang"
kabupaten,11,1115,8,2022,0.4987,"Non Basis",6845775838.56,"Potensial / Cepat Berkembang"
kabupaten,11,1115,9,2022,0.2471,"Non Basis",447544932.58,"Potensial / Cepat Berkembang"
kabupaten,11,1115,10,2022,0.5421,"Non Basis",1174857525.33,"Potensial / Cepat Berkembang"
kabupaten,11,1115,11,2022,0.6488,"Non Basis",104580650.35,"Potensial / Cepat Berkembang"
kabupaten,11,1115,12,2022,0.5017,"Non Basis",860563648.72,"Potensial / Cepat Berkembang"
kabupaten,11,1115,13,2022,0.3758,"Non Basis",-73729225.73,"Relatif Tertinggal"
kabupaten,11,1115,14,2022,0.4958,"Non Basis",124229893.05,"Potensial / Cepat Berkembang"
kabupaten,11,1115,15,2022,0.678,"Non Basis",296861446.57,"Potensial / Cepat Berkembang"
kabupaten,11,1115,16,2022,0.5349,"Non Basis",145314238.25,"Potensial / Cepat Berkembang"
kabupaten,11,1115,17,2022,0.3182,"Non Basis",103537030.89,"Potensial / Cepat Berkembang"
kabupaten,11,1115,1,2023,1.57,Basis,215075933307.68,"Maju dan Tumbuh Cepat"
kabupaten,11,1115,2,2023,2.3885,Basis,38149215537.98,"Maju dan Tumbuh Cepat"
kabupaten,11,1115,3,2023,0.7507,"Non Basis",21593009165.13,"Potensial / Cepat Berkembang"
kabupaten,11,1115,4,2023,0.5664,"Non Basis",24948467.53,"Potensial / Cepat Berkembang"
kabupaten,11,1115,5,2023,0.1945,"Non Basis",-5600428.88,"Relatif Tertinggal"
kabupaten,11,1115,6,2023,0.9009,"Non Basis",-5726931805.24,"Relatif Tertinggal"
kabupaten,11,1115,7,2023,0.6107,"Non Basis",-33013995500.61,"Relatif Tertinggal"
kabupaten,11,1115,8,2023,0.4688,"Non Basis",-9102268583.12,"Relatif Tertinggal"
kabupaten,11,1115,9,2023,0.2327,"Non Basis",-983034487.46,"Relatif Tertinggal"
kabupaten,11,1115,10,2023,0.5271,"Non Basis",-629182044.87,"Relatif Tertinggal"
kabupaten,11,1115,11,2023,0.7083,"Non Basis",7452525882.97,"Potensial / Cepat Berkembang"
kabupaten,11,1115,12,2023,0.4921,"Non Basis",822022653.06,"Potensial / Cepat Berkembang"
kabupaten,11,1115,13,2023,0.3741,"Non Basis",369847413.47,"Potensial / Cepat Berkembang"
kabupaten,11,1115,14,2023,0.4845,"Non Basis",509843891.85,"Potensial / Cepat Berkembang"
kabupaten,11,1115,15,2023,0.6609,"Non Basis",-104336230.62,"Relatif Tertinggal"
kabupaten,11,1115,16,2023,0.528,"Non Basis",1615351325.74,"Potensial / Cepat Berkembang"
kabupaten,11,1115,17,2023,0.3055,"Non Basis",-609475249.08,"Relatif Tertinggal"
kabupaten,11,1115,1,2024,1.5515,Basis,-50417848282.05,"Maju tapi Tertekan"
kabupaten,11,1115,2,2024,2.5973,Basis,122341219807.31,"Maju dan Tumbuh Cepat"
kabupaten,11,1115,3,2024,0.7423,"Non Basis",-3626465513.99,"Relatif Tertinggal"
kabupaten,11,1115,4,2024,0.5985,"Non Basis",404736025.5,"Potensial / Cepat Berkembang"
kabupaten,11,1115,5,2024,0.1914,"Non Basis",-11398254.32,"Relatif Tertinggal"
kabupaten,11,1115,6,2024,0.847,"Non Basis",-43363531201.59,"Relatif Tertinggal"
kabupaten,11,1115,7,2024,0.6205,"Non Basis",10155323845.12,"Potensial / Cepat Berkembang"
kabupaten,11,1115,8,2024,0.428,"Non Basis",-25149685565.39,"Relatif Tertinggal"
kabupaten,11,1115,9,2024,0.2308,"Non Basis",-309231330.58,"Relatif Tertinggal"
kabupaten,11,1115,10,2024,0.5241,"Non Basis",-1554198045.81,"Relatif Tertinggal"
kabupaten,11,1115,11,2024,0.6633,"Non Basis",-5646605036.1,"Relatif Tertinggal"
kabupaten,11,1115,12,2024,0.5077,"Non Basis",4757617614.55,"Potensial / Cepat Berkembang"
kabupaten,11,1115,13,2024,0.3633,"Non Basis",-604338949.54,"Relatif Tertinggal"
kabupaten,11,1115,14,2024,0.4676,"Non Basis",-12765200612.56,"Relatif Tertinggal"
kabupaten,11,1115,15,2024,0.6702,"Non Basis",1611269512.26,"Potensial / Cepat Berkembang"
kabupaten,11,1115,16,2024,0.5297,"Non Basis",71788347.14,"Potensial / Cepat Berkembang"
kabupaten,11,1115,17,2024,0.3099,"Non Basis",453564881.24,"Potensial / Cepat Berkembang"
kabupaten,11,1115,1,2025,1.5535,Basis,41807173130.88,"Maju dan Tumbuh Cepat"
kabupaten,11,1115,2,2025,2.8195,Basis,153675719521.91,"Maju dan Tumbuh Cepat"
kabupaten,11,1115,3,2025,0.6931,"Non Basis",-15124876318.57,"Relatif Tertinggal"
kabupaten,11,1115,4,2025,0.6074,"Non Basis",197631213,"Potensial / Cepat Berkembang"
kabupaten,11,1115,5,2025,0.1936,"Non Basis",13224722.88,"Potensial / Cepat Berkembang"
kabupaten,11,1115,6,2025,0.8153,"Non Basis",-17435404771.52,"Relatif Tertinggal"
kabupaten,11,1115,7,2025,0.5878,"Non Basis",-34752325709.51,"Relatif Tertinggal"
kabupaten,11,1115,8,2025,0.4164,"Non Basis",-4573744541.16,"Relatif Tertinggal"
kabupaten,11,1115,9,2025,0.2221,"Non Basis",-794649603.95,"Relatif Tertinggal"
kabupaten,11,1115,10,2025,0.5193,"Non Basis",217498736.74,"Potensial / Cepat Berkembang"
kabupaten,11,1115,11,2025,0.6511,"Non Basis",-676140390,"Relatif Tertinggal"
kabupaten,11,1115,12,2025,0.4975,"Non Basis",-1731614749.38,"Relatif Tertinggal"
kabupaten,11,1115,13,2025,0.362,"Non Basis",125636858.04,"Potensial / Cepat Berkembang"
kabupaten,11,1115,14,2025,0.4536,"Non Basis",-6669852663.72,"Relatif Tertinggal"
kabupaten,11,1115,15,2025,0.6496,"Non Basis",-3066943901.75,"Relatif Tertinggal"
kabupaten,11,1115,16,2025,0.5187,"Non Basis",-1531081683.53,"Relatif Tertinggal"
kabupaten,11,1115,17,2025,0.3038,"Non Basis",-382160411.01,"Relatif Tertinggal"
kabupaten,11,1116,1,2022,1.4308,Basis,-90484530757.19,"Maju tapi Tertekan"
kabupaten,11,1116,2,2022,1.7418,Basis,42099076129.88,"Maju dan Tumbuh Cepat"
kabupaten,11,1116,3,2022,1.4247,Basis,27289125640.48,"Maju dan Tumbuh Cepat"
kabupaten,11,1116,4,2022,0.6729,"Non Basis",-130899912.41,"Relatif Tertinggal"
kabupaten,11,1116,5,2022,1.022,Basis,-19478396.26,"Maju tapi Tertekan"
kabupaten,11,1116,6,2022,0.602,"Non Basis",12165681845.94,"Potensial / Cepat Berkembang"
kabupaten,11,1116,7,2022,0.6313,"Non Basis",-28307736668.47,"Relatif Tertinggal"
kabupaten,11,1116,8,2022,0.5249,"Non Basis",-5897280207.73,"Relatif Tertinggal"
kabupaten,11,1116,9,2022,0.8717,"Non Basis",-5858875943.49,"Relatif Tertinggal"
kabupaten,11,1116,10,2022,0.9257,"Non Basis",-16980932550.1,"Relatif Tertinggal"
kabupaten,11,1116,11,2022,0.6928,"Non Basis",3669343653.86,"Potensial / Cepat Berkembang"
kabupaten,11,1116,12,2022,0.9943,"Non Basis",491736105.11,"Potensial / Cepat Berkembang"
kabupaten,11,1116,13,2022,0.5248,"Non Basis",-838490610.8,"Relatif Tertinggal"
kabupaten,11,1116,14,2022,0.4343,"Non Basis",116722758.22,"Potensial / Cepat Berkembang"
kabupaten,11,1116,15,2022,0.6907,"Non Basis",-4302188027.53,"Relatif Tertinggal"
kabupaten,11,1116,16,2022,0.9041,"Non Basis",-46965915.18,"Relatif Tertinggal"
kabupaten,11,1116,17,2022,1.19,Basis,-2213756482.64,"Maju tapi Tertekan"
kabupaten,11,1116,1,2023,1.3965,Basis,-112334148845.7,"Maju tapi Tertekan"
kabupaten,11,1116,2,2023,1.807,Basis,14183818912.76,"Maju dan Tumbuh Cepat"
kabupaten,11,1116,3,2023,1.5072,Basis,15255703020.23,"Maju dan Tumbuh Cepat"
kabupaten,11,1116,4,2023,0.6679,"Non Basis",-186516944.96,"Relatif Tertinggal"
kabupaten,11,1116,5,2023,1.037,Basis,-12112223.02,"Maju tapi Tertekan"
kabupaten,11,1116,6,2023,0.6067,"Non Basis",-4199413996.82,"Relatif Tertinggal"
kabupaten,11,1116,7,2023,0.641,"Non Basis",-2524460115.51,"Relatif Tertinggal"
kabupaten,11,1116,8,2023,0.5186,"Non Basis",-6968766609.54,"Relatif Tertinggal"
kabupaten,11,1116,9,2023,0.8811,"Non Basis",-728932632.99,"Relatif Tertinggal"
kabupaten,11,1116,10,2023,0.9395,"Non Basis",-1162596972.9,"Relatif Tertinggal"
kabupaten,11,1116,11,2023,0.7229,"Non Basis",1365622427.15,"Potensial / Cepat Berkembang"
kabupaten,11,1116,12,2023,1.0138,Basis,91867163.58,"Maju dan Tumbuh Cepat"
kabupaten,11,1116,13,2023,0.5403,"Non Basis",218651390.29,"Potensial / Cepat Berkembang"
kabupaten,11,1116,14,2023,0.4458,"Non Basis",1670974456.97,"Potensial / Cepat Berkembang"
kabupaten,11,1116,15,2023,0.7023,"Non Basis",-298604614.81,"Relatif Tertinggal"
kabupaten,11,1116,16,2023,0.92,"Non Basis",-326780335.07,"Relatif Tertinggal"
kabupaten,11,1116,17,2023,1.2159,Basis,297443267.44,"Maju dan Tumbuh Cepat"
kabupaten,11,1116,1,2024,1.4383,Basis,70698366884.22,"Maju dan Tumbuh Cepat"
kabupaten,11,1116,2,2024,1.739,Basis,-36041427992.02,"Maju tapi Tertekan"
kabupaten,11,1116,3,2024,1.5302,Basis,5580302968.95,"Maju dan Tumbuh Cepat"
kabupaten,11,1116,4,2024,0.6626,"Non Basis",-74730993.42,"Relatif Tertinggal"
kabupaten,11,1116,5,2024,1.0432,Basis,9847680.99,"Maju dan Tumbuh Cepat"
kabupaten,11,1116,6,2024,0.5995,"Non Basis",-5485733479.12,"Relatif Tertinggal"
kabupaten,11,1116,7,2024,0.6358,"Non Basis",-6959261116.66,"Relatif Tertinggal"
kabupaten,11,1116,8,2024,0.5006,"Non Basis",-9478780035.68,"Relatif Tertinggal"
kabupaten,11,1116,9,2024,0.8791,"Non Basis",-393883168.01,"Relatif Tertinggal"
kabupaten,11,1116,10,2024,0.9515,"Non Basis",2825285907.42,"Potensial / Cepat Berkembang"
kabupaten,11,1116,11,2024,0.7125,"Non Basis",-1202888472.68,"Relatif Tertinggal"
kabupaten,11,1116,12,2024,1.0187,Basis,695341378.15,"Maju dan Tumbuh Cepat"
kabupaten,11,1116,13,2024,0.5353,"Non Basis",-266896974.13,"Relatif Tertinggal"
kabupaten,11,1116,14,2024,0.433,"Non Basis",-8045276859.84,"Relatif Tertinggal"
kabupaten,11,1116,15,2024,0.7071,"Non Basis",577891268.74,"Potensial / Cepat Berkembang"
kabupaten,11,1116,16,2024,0.9221,"Non Basis",-10813117.66,"Relatif Tertinggal"
kabupaten,11,1116,17,2024,1.2516,Basis,3489789171.63,"Maju dan Tumbuh Cepat"
kabupaten,11,1116,1,2025,1.4675,Basis,800361336.78,"Maju dan Tumbuh Cepat"
kabupaten,11,1116,2,2025,1.7024,Basis,-35271807580.61,"Maju tapi Tertekan"
kabupaten,11,1116,3,2025,1.4827,Basis,-22825088905.79,"Maju tapi Tertekan"
kabupaten,11,1116,4,2025,0.6854,"Non Basis",99826771.03,"Potensial / Cepat Berkembang"
kabupaten,11,1116,5,2025,1.05,Basis,-35488747.06,"Maju tapi Tertekan"
kabupaten,11,1116,6,2025,0.5817,"Non Basis",-18138433684.8,"Relatif Tertinggal"
kabupaten,11,1116,7,2025,0.6153,"Non Basis",-35237421384.6,"Relatif Tertinggal"
kabupaten,11,1116,8,2025,0.5066,"Non Basis",-2008527508.69,"Relatif Tertinggal"
kabupaten,11,1116,9,2025,0.8445,"Non Basis",-5318394697.18,"Relatif Tertinggal"
kabupaten,11,1116,10,2025,0.9646,"Non Basis",-1690851628.67,"Relatif Tertinggal"
kabupaten,11,1116,11,2025,0.7171,"Non Basis",-978355893.67,"Relatif Tertinggal"
kabupaten,11,1116,12,2025,1.0279,Basis,-3155582381.33,"Maju tapi Tertekan"
kabupaten,11,1116,13,2025,0.5303,"Non Basis",-643659847.97,"Relatif Tertinggal"
kabupaten,11,1116,14,2025,0.4297,"Non Basis",-6943969538.4,"Relatif Tertinggal"
kabupaten,11,1116,15,2025,0.7272,"Non Basis",1066680802.56,"Potensial / Cepat Berkembang"
kabupaten,11,1116,16,2025,0.9181,"Non Basis",-4994332013.49,"Relatif Tertinggal"
kabupaten,11,1116,17,2025,1.2554,Basis,-2252115252.46,"Maju tapi Tertekan"
kabupaten,11,1117,1,2022,1.83,Basis,15559631011.16,"Maju dan Tumbuh Cepat"
kabupaten,11,1117,2,2022,0.0977,"Non Basis",-796936347.37,"Relatif Tertinggal"
kabupaten,11,1117,3,2022,0.4734,"Non Basis",-1837423234.37,"Relatif Tertinggal"
kabupaten,11,1117,4,2022,0.6488,"Non Basis",-14689963.58,"Relatif Tertinggal"
kabupaten,11,1117,5,2022,0.5515,"Non Basis",471000.39,"Potensial / Cepat Berkembang"
kabupaten,11,1117,6,2022,1.5623,Basis,18520709854.04,"Maju dan Tumbuh Cepat"
kabupaten,11,1117,7,2022,0.4417,"Non Basis",-5770310505.88,"Relatif Tertinggal"
kabupaten,11,1117,8,2022,0.7397,"Non Basis",-2481563652.32,"Relatif Tertinggal"
kabupaten,11,1117,9,2022,0.2691,"Non Basis",-3604109670.34,"Relatif Tertinggal"
kabupaten,11,1117,10,2022,0.3534,"Non Basis",-3580551512.56,"Relatif Tertinggal"
kabupaten,11,1117,11,2022,1.411,Basis,5609967267.65,"Maju dan Tumbuh Cepat"
kabupaten,11,1117,12,2022,0.4755,"Non Basis",-2033949635.15,"Relatif Tertinggal"
kabupaten,11,1117,13,2022,0.3293,"Non Basis",-539927875.78,"Relatif Tertinggal"
kabupaten,11,1117,14,2022,0.8978,"Non Basis",487856071.15,"Potensial / Cepat Berkembang"
kabupaten,11,1117,15,2022,0.7234,"Non Basis",-333547591.22,"Relatif Tertinggal"
kabupaten,11,1117,16,2022,0.7486,"Non Basis",-273712306.16,"Relatif Tertinggal"
kabupaten,11,1117,17,2022,0.7881,"Non Basis",-764599034.31,"Relatif Tertinggal"
kabupaten,11,1117,1,2023,1.8296,Basis,19613135324.13,"Maju dan Tumbuh Cepat"
kabupaten,11,1117,2,2023,0.1054,"Non Basis",2481309481.81,"Potensial / Cepat Berkembang"
kabupaten,11,1117,3,2023,0.4821,"Non Basis",2327933674.89,"Potensial / Cepat Berkembang"
kabupaten,11,1117,4,2023,0.6304,"Non Basis",-80884378.23,"Relatif Tertinggal"
kabupaten,11,1117,5,2023,0.5417,"Non Basis",-7517869.91,"Relatif Tertinggal"
kabupaten,11,1117,6,2023,1.531,Basis,-6428492764.98,"Maju tapi Tertekan"
kabupaten,11,1117,7,2023,0.4306,"Non Basis",-4510878374.89,"Relatif Tertinggal"
kabupaten,11,1117,8,2023,0.7157,"Non Basis",-4579347183.37,"Relatif Tertinggal"
kabupaten,11,1117,9,2023,0.2596,"Non Basis",-432092440.82,"Relatif Tertinggal"
kabupaten,11,1117,10,2023,0.3559,"Non Basis",1058696825.99,"Potensial / Cepat Berkembang"
kabupaten,11,1117,11,2023,1.3642,Basis,-1746554404.15,"Maju tapi Tertekan"
kabupaten,11,1117,12,2023,0.4709,"Non Basis",-26952002.25,"Relatif Tertinggal"
kabupaten,11,1117,13,2023,0.3281,"Non Basis",48977936.09,"Potensial / Cepat Berkembang"
kabupaten,11,1117,14,2023,0.8968,"Non Basis",2601110323.1,"Potensial / Cepat Berkembang"
kabupaten,11,1117,15,2023,0.7179,"Non Basis",140897011.01,"Potensial / Cepat Berkembang"
kabupaten,11,1117,16,2023,0.7179,"Non Basis",-3281885321.77,"Relatif Tertinggal"
kabupaten,11,1117,17,2023,0.7819,"Non Basis",82311809.82,"Potensial / Cepat Berkembang"
kabupaten,11,1117,1,2024,1.8458,Basis,-9683182815.58,"Maju tapi Tertekan"
kabupaten,11,1117,2,2024,0.1027,"Non Basis",-1298106445.53,"Relatif Tertinggal"
kabupaten,11,1117,3,2024,0.4979,"Non Basis",1681273150.76,"Potensial / Cepat Berkembang"
kabupaten,11,1117,4,2024,0.6444,"Non Basis",38274416.07,"Potensial / Cepat Berkembang"
kabupaten,11,1117,5,2024,0.551,"Non Basis",3282560.33,"Potensial / Cepat Berkembang"
kabupaten,11,1117,6,2024,1.5674,Basis,6361657480.08,"Maju dan Tumbuh Cepat"
kabupaten,11,1117,7,2024,0.4431,"Non Basis",4408450852.47,"Potensial / Cepat Berkembang"
kabupaten,11,1117,8,2024,0.6743,"Non Basis",-15889654025.23,"Relatif Tertinggal"
kabupaten,11,1117,9,2024,0.2774,"Non Basis",898108327.25,"Potensial / Cepat Berkembang"
kabupaten,11,1117,10,2024,0.378,"Non Basis",3157112273.59,"Potensial / Cepat Berkembang"
kabupaten,11,1117,11,2024,1.3826,Basis,10745169.6,"Maju dan Tumbuh Cepat"
kabupaten,11,1117,12,2024,0.4975,"Non Basis",3521166820.85,"Potensial / Cepat Berkembang"
kabupaten,11,1117,13,2024,0.3364,"Non Basis",103082824.72,"Potensial / Cepat Berkembang"
kabupaten,11,1117,14,2024,0.8808,"Non Basis",-10271757685.18,"Relatif Tertinggal"
kabupaten,11,1117,15,2024,0.7045,"Non Basis",-2576147704.59,"Relatif Tertinggal"
kabupaten,11,1117,16,2024,0.7525,"Non Basis",3503733928.74,"Potensial / Cepat Berkembang"
kabupaten,11,1117,17,2024,0.8136,"Non Basis",1425496906.97,"Potensial / Cepat Berkembang"
kabupaten,11,1117,1,2025,1.8634,Basis,8348987979.26,"Maju dan Tumbuh Cepat"
kabupaten,11,1117,2,2025,0.1021,"Non Basis",-387369098.47,"Relatif Tertinggal"
kabupaten,11,1117,3,2025,0.4997,"Non Basis",-191341857.76,"Relatif Tertinggal"
kabupaten,11,1117,4,2025,0.6476,"Non Basis",-3485637.09,"Relatif Tertinggal"
kabupaten,11,1117,5,2025,0.5571,"Non Basis",4837084.31,"Potensial / Cepat Berkembang"
kabupaten,11,1117,6,2025,1.5773,Basis,348980542.02,"Maju dan Tumbuh Cepat"
kabupaten,11,1117,7,2025,0.4257,"Non Basis",-13557643583.9,"Relatif Tertinggal"
kabupaten,11,1117,8,2025,0.6688,"Non Basis",-3067009523.36,"Relatif Tertinggal"
kabupaten,11,1117,9,2025,0.276,"Non Basis",-196021046.54,"Relatif Tertinggal"
kabupaten,11,1117,10,2025,0.3823,"Non Basis",383404478.37,"Potensial / Cepat Berkembang"
kabupaten,11,1117,11,2025,1.3975,Basis,448495802.73,"Maju dan Tumbuh Cepat"
kabupaten,11,1117,12,2025,0.4955,"Non Basis",-871350624.34,"Relatif Tertinggal"
kabupaten,11,1117,13,2025,0.3397,"Non Basis",36144655.25,"Potensial / Cepat Berkembang"
kabupaten,11,1117,14,2025,0.8699,"Non Basis",-5946478679.43,"Relatif Tertinggal"
kabupaten,11,1117,15,2025,0.712,"Non Basis",392685656.15,"Potensial / Cepat Berkembang"
kabupaten,11,1117,16,2025,0.7564,"Non Basis",-60663499.05,"Relatif Tertinggal"
kabupaten,11,1117,17,2025,0.8157,"Non Basis",-175007362.81,"Relatif Tertinggal"
kabupaten,11,1118,1,2022,1.6189,Basis,-314544027.66,"Maju tapi Tertekan"
kabupaten,11,1118,2,2022,0.1944,"Non Basis",-411271159.73,"Relatif Tertinggal"
kabupaten,11,1118,3,2022,0.6516,"Non Basis",860861867.74,"Potensial / Cepat Berkembang"
kabupaten,11,1118,4,2022,0.8879,"Non Basis",122125766.45,"Potensial / Cepat Berkembang"
kabupaten,11,1118,5,2022,0.443,"Non Basis",44344102.76,"Potensial / Cepat Berkembang"
kabupaten,11,1118,6,2022,0.7714,"Non Basis",-2210187510.8,"Relatif Tertinggal"
kabupaten,11,1118,7,2022,0.7379,"Non Basis",-312607366.66,"Relatif Tertinggal"
kabupaten,11,1118,8,2022,0.6881,"Non Basis",-1611822126.84,"Relatif Tertinggal"
kabupaten,11,1118,9,2022,0.7542,"Non Basis",-283512031.48,"Relatif Tertinggal"
kabupaten,11,1118,10,2022,0.8832,"Non Basis",430599413.29,"Potensial / Cepat Berkembang"
kabupaten,11,1118,11,2022,0.4586,"Non Basis",-86909476.28,"Relatif Tertinggal"
kabupaten,11,1118,12,2022,0.982,"Non Basis",-12220200.65,"Relatif Tertinggal"
kabupaten,11,1118,13,2022,0.4695,"Non Basis",-6746224.75,"Relatif Tertinggal"
kabupaten,11,1118,14,2022,1.19,Basis,-1283855280.35,"Maju tapi Tertekan"
kabupaten,11,1118,15,2022,1.3386,Basis,-1277283469.68,"Maju tapi Tertekan"
kabupaten,11,1118,16,2022,0.8045,"Non Basis",-162839214.49,"Relatif Tertinggal"
kabupaten,11,1118,17,2022,0.4414,"Non Basis",-15165419.1,"Relatif Tertinggal"
kabupaten,11,1118,1,2023,1.5759,Basis,-34533492890.29,"Maju tapi Tertekan"
kabupaten,11,1118,2,2023,0.2125,"Non Basis",3624190531.55,"Potensial / Cepat Berkembang"
kabupaten,11,1118,3,2023,0.7142,"Non Basis",7725298778.19,"Potensial / Cepat Berkembang"
kabupaten,11,1118,4,2023,0.8792,"Non Basis",-39893784.6,"Relatif Tertinggal"
kabupaten,11,1118,5,2023,0.4419,"Non Basis",-1186561.83,"Relatif Tertinggal"
kabupaten,11,1118,6,2023,0.7415,"Non Basis",-8097655691.52,"Relatif Tertinggal"
kabupaten,11,1118,7,2023,0.7318,"Non Basis",-2719672223.54,"Relatif Tertinggal"
kabupaten,11,1118,8,2023,0.704,"Non Basis",2997032517,"Potensial / Cepat Berkembang"
kabupaten,11,1118,9,2023,0.7702,"Non Basis",692563415.42,"Potensial / Cepat Berkembang"
kabupaten,11,1118,10,2023,0.8812,"Non Basis",-240399618.55,"Relatif Tertinggal"
kabupaten,11,1118,11,2023,0.4682,"Non Basis",349020963.07,"Potensial / Cepat Berkembang"
kabupaten,11,1118,12,2023,1.0129,Basis,3660181387.42,"Maju dan Tumbuh Cepat"
kabupaten,11,1118,13,2023,0.4783,"Non Basis",159186559.63,"Potensial / Cepat Berkembang"
kabupaten,11,1118,14,2023,1.1893,Basis,-140882850.76,"Maju tapi Tertekan"
kabupaten,11,1118,15,2023,1.3386,Basis,2912706.35,"Maju dan Tumbuh Cepat"
kabupaten,11,1118,16,2023,0.8056,"Non Basis",111018099.23,"Potensial / Cepat Berkembang"
kabupaten,11,1118,17,2023,0.4762,"Non Basis",1585884443.24,"Potensial / Cepat Berkembang"
kabupaten,11,1118,1,2024,1.6033,Basis,20943158631.37,"Maju dan Tumbuh Cepat"
kabupaten,11,1118,2,2024,0.1915,"Non Basis",-4722513375.14,"Relatif Tertinggal"
kabupaten,11,1118,3,2024,0.7207,"Non Basis",731346338.57,"Potensial / Cepat Berkembang"
kabupaten,11,1118,4,2024,0.8524,"Non Basis",-135073174.82,"Relatif Tertinggal"
kabupaten,11,1118,5,2024,0.4428,"Non Basis",501454.73,"Potensial / Cepat Berkembang"
kabupaten,11,1118,6,2024,0.7186,"Non Basis",-6726776106.88,"Relatif Tertinggal"
kabupaten,11,1118,7,2024,0.759,"Non Basis",12163579773.97,"Potensial / Cepat Berkembang"
kabupaten,11,1118,8,2024,0.6859,"Non Basis",-4140846523.07,"Relatif Tertinggal"
kabupaten,11,1118,9,2024,0.7993,"Non Basis",1246034127.05,"Potensial / Cepat Berkembang"
kabupaten,11,1118,10,2024,0.9066,"Non Basis",3132958550.34,"Potensial / Cepat Berkembang"
kabupaten,11,1118,11,2024,0.4769,"Non Basis",364633658.29,"Potensial / Cepat Berkembang"
kabupaten,11,1118,12,2024,1.0013,Basis,-1557943053.16,"Maju tapi Tertekan"
kabupaten,11,1118,13,2024,0.4766,"Non Basis",-42535459.47,"Relatif Tertinggal"
kabupaten,11,1118,14,2024,1.1979,Basis,1877345820.91,"Maju dan Tumbuh Cepat"
kabupaten,11,1118,15,2024,1.3621,Basis,1740839730.79,"Maju dan Tumbuh Cepat"
kabupaten,11,1118,16,2024,0.8293,"Non Basis",2260186218.7,"Potensial / Cepat Berkembang"
kabupaten,11,1118,17,2024,0.4834,"Non Basis",315739580.98,"Potensial / Cepat Berkembang"
kabupaten,11,1118,1,2025,1.5936,Basis,-13062219009.02,"Maju tapi Tertekan"
kabupaten,11,1118,2,2025,0.2027,"Non Basis",2349746361,"Potensial / Cepat Berkembang"
kabupaten,11,1118,3,2025,0.7148,"Non Basis",-1136592628.05,"Relatif Tertinggal"
kabupaten,11,1118,4,2025,0.8722,"Non Basis",78659462.04,"Potensial / Cepat Berkembang"
kabupaten,11,1118,5,2025,0.4556,"Non Basis",12741014.44,"Potensial / Cepat Berkembang"
kabupaten,11,1118,6,2025,0.7245,"Non Basis",905452519.53,"Potensial / Cepat Berkembang"
kabupaten,11,1118,7,2025,0.7405,"Non Basis",-10193076075.53,"Relatif Tertinggal"
kabupaten,11,1118,8,2025,0.6867,"Non Basis",-391536182.94,"Relatif Tertinggal"
kabupaten,11,1118,9,2025,0.774,"Non Basis",-1298513686.39,"Relatif Tertinggal"
kabupaten,11,1118,10,2025,0.9181,"Non Basis",1064613214.88,"Potensial / Cepat Berkembang"
kabupaten,11,1118,11,2025,0.4686,"Non Basis",-462652588.32,"Relatif Tertinggal"
kabupaten,11,1118,12,2025,1.0289,Basis,3055107044.81,"Maju dan Tumbuh Cepat"
kabupaten,11,1118,13,2025,0.4787,"Non Basis",6093154.52,"Potensial / Cepat Berkembang"
kabupaten,11,1118,14,2025,1.2231,Basis,5490791475.07,"Maju dan Tumbuh Cepat"
kabupaten,11,1118,15,2025,1.3217,Basis,-3691218080.87,"Maju tapi Tertekan"
kabupaten,11,1118,16,2025,0.8314,"Non Basis",-98619504.33,"Relatif Tertinggal"
kabupaten,11,1118,17,2025,0.4685,"Non Basis",-801278510.42,"Relatif Tertinggal"
kabupaten,11,1171,1,2022,0.0395,"Non Basis",1968422861.32,"Potensial / Cepat Berkembang"
kabupaten,11,1171,3,2022,0.434,"Non Basis",-5247881163.99,"Relatif Tertinggal"
kabupaten,11,1171,4,2022,2.74,Basis,-100827532.16,"Maju tapi Tertekan"
kabupaten,11,1171,5,2022,2.7582,Basis,-355959517.32,"Maju tapi Tertekan"
kabupaten,11,1171,6,2022,0.6556,"Non Basis",26343486576.28,"Potensial / Cepat Berkembang"
kabupaten,11,1171,7,2022,1.3312,Basis,5382162260.02,"Maju dan Tumbuh Cepat"
kabupaten,11,1171,8,2022,1.7466,Basis,-19761582622.92,"Maju tapi Tertekan"
kabupaten,11,1171,9,2022,2.455,Basis,-16887094251.98,"Maju tapi Tertekan"
kabupaten,11,1171,10,2022,2.0625,Basis,-26301551353.07,"Maju tapi Tertekan"
kabupaten,11,1171,11,2022,1.6286,Basis,18049741539.67,"Maju dan Tumbuh Cepat"
kabupaten,11,1171,12,2022,1.7421,Basis,3488693549.1,"Maju dan Tumbuh Cepat"
kabupaten,11,1171,13,2022,3.4613,Basis,-13100822073.81,"Maju tapi Tertekan"
kabupaten,11,1171,14,2022,2.3786,Basis,17736442598.52,"Maju dan Tumbuh Cepat"
kabupaten,11,1171,15,2022,2.4911,Basis,-3291246591.35,"Maju tapi Tertekan"
kabupaten,11,1171,16,2022,1.2777,Basis,-1869097052.68,"Maju tapi Tertekan"
kabupaten,11,1171,17,2022,1.3755,Basis,-5206329867.41,"Maju tapi Tertekan"
kabupaten,11,1171,1,2023,0.0502,"Non Basis",53251519419.65,"Potensial / Cepat Berkembang"
kabupaten,11,1171,3,2023,0.4373,"Non Basis",4959184903.19,"Potensial / Cepat Berkembang"
kabupaten,11,1171,4,2023,2.6378,Basis,-2234330527.93,"Maju tapi Tertekan"
kabupaten,11,1171,5,2023,2.7311,Basis,-35668334.52,"Maju tapi Tertekan"
kabupaten,11,1171,6,2023,0.6505,"Non Basis",93716396.17,"Potensial / Cepat Berkembang"
kabupaten,11,1171,7,2023,1.3099,Basis,-29175921526.08,"Maju tapi Tertekan"
kabupaten,11,1171,8,2023,1.6808,Basis,-58719802023.33,"Maju tapi Tertekan"
kabupaten,11,1171,9,2023,2.684,Basis,64098965571.01,"Maju dan Tumbuh Cepat"
kabupaten,11,1171,10,2023,2.114,Basis,51354034845.81,"Maju dan Tumbuh Cepat"
kabupaten,11,1171,11,2023,1.6164,Basis,147258164.19,"Maju dan Tumbuh Cepat"
kabupaten,11,1171,12,2023,1.7201,Basis,-5811393957.6,"Maju tapi Tertekan"
kabupaten,11,1171,13,2023,3.4418,Basis,845863682.28,"Maju dan Tumbuh Cepat"
kabupaten,11,1171,14,2023,2.3763,Basis,23778677784.18,"Maju dan Tumbuh Cepat"
kabupaten,11,1171,15,2023,2.485,Basis,6140359242.12,"Maju dan Tumbuh Cepat"
kabupaten,11,1171,16,2023,1.2888,Basis,12321094532.81,"Maju dan Tumbuh Cepat"
kabupaten,11,1171,17,2023,1.3824,Basis,4874415266.63,"Maju dan Tumbuh Cepat"
kabupaten,11,1171,1,2024,0.0549,"Non Basis",26751972857.56,"Potensial / Cepat Berkembang"
kabupaten,11,1171,3,2024,0.4521,"Non Basis",15978598476.29,"Potensial / Cepat Berkembang"
kabupaten,11,1171,4,2024,2.5556,Basis,-1393534616.51,"Maju tapi Tertekan"
kabupaten,11,1171,5,2024,2.7656,Basis,497603970.56,"Maju dan Tumbuh Cepat"
kabupaten,11,1171,6,2024,0.6584,"Non Basis",28627099869.9,"Potensial / Cepat Berkembang"
kabupaten,11,1171,7,2024,1.2929,Basis,1533385779.04,"Maju dan Tumbuh Cepat"
kabupaten,11,1171,8,2024,1.6617,Basis,4398624412.87,"Maju dan Tumbuh Cepat"
kabupaten,11,1171,9,2024,2.7234,Basis,20242878185.9,"Maju dan Tumbuh Cepat"
kabupaten,11,1171,10,2024,2.1491,Basis,49415973252.83,"Maju dan Tumbuh Cepat"
kabupaten,11,1171,11,2024,1.5296,Basis,-17553213433.86,"Maju tapi Tertekan"
kabupaten,11,1171,12,2024,1.7119,Basis,11027320993.21,"Maju dan Tumbuh Cepat"
kabupaten,11,1171,13,2024,3.4434,Basis,5438801899.77,"Maju dan Tumbuh Cepat"
kabupaten,11,1171,14,2024,2.2761,Basis,-107553610574.68,"Maju tapi Tertekan"
kabupaten,11,1171,15,2024,2.4634,Basis,5577493218.69,"Maju dan Tumbuh Cepat"
kabupaten,11,1171,16,2024,1.2585,Basis,-7838142470.5,"Maju tapi Tertekan"
kabupaten,11,1171,17,2024,1.3851,Basis,6100761996.4,"Maju dan Tumbuh Cepat"
kabupaten,11,1171,1,2025,0.0524,"Non Basis",-8408249370.81,"Relatif Tertinggal"
kabupaten,11,1171,3,2025,0.449,"Non Basis",3712546671.16,"Potensial / Cepat Berkembang"
kabupaten,11,1171,4,2025,2.4662,Basis,-1355852040.21,"Maju tapi Tertekan"
kabupaten,11,1171,5,2025,2.78,Basis,434266039.64,"Maju dan Tumbuh Cepat"
kabupaten,11,1171,6,2025,0.6827,"Non Basis",60581880357.3,"Potensial / Cepat Berkembang"
kabupaten,11,1171,7,2025,1.2594,Basis,-34975172990.78,"Maju tapi Tertekan"
kabupaten,11,1171,8,2025,1.6787,Basis,65079471520.65,"Maju dan Tumbuh Cepat"
kabupaten,11,1171,9,2025,2.6704,Basis,-2000054938.31,"Maju tapi Tertekan"
kabupaten,11,1171,10,2025,2.144,Basis,25291239431.95,"Maju dan Tumbuh Cepat"
kabupaten,11,1171,11,2025,1.519,Basis,4324773915.7,"Maju dan Tumbuh Cepat"
kabupaten,11,1171,12,2025,1.693,Basis,7948719890.19,"Maju dan Tumbuh Cepat"
kabupaten,11,1171,13,2025,3.4154,Basis,3498407803.39,"Maju dan Tumbuh Cepat"
kabupaten,11,1171,14,2025,2.3016,Basis,104801342418.87,"Maju dan Tumbuh Cepat"
kabupaten,11,1171,15,2025,2.487,Basis,33008279130.77,"Maju dan Tumbuh Cepat"
kabupaten,11,1171,16,2025,1.2578,Basis,12869961695.26,"Maju dan Tumbuh Cepat"
kabupaten,11,1171,17,2025,1.3512,Basis,-3144902647.34,"Maju tapi Tertekan"
kabupaten,11,1174,1,2022,0.2971,"Non Basis",-6429174567.52,"Relatif Tertinggal"
kabupaten,11,1174,2,2022,0.052,"Non Basis",-818859079.88,"Relatif Tertinggal"
kabupaten,11,1174,3,2022,1.7262,Basis,-3774102854.27,"Maju tapi Tertekan"
kabupaten,11,1174,4,2022,0.7442,"Non Basis",147783873.5,"Potensial / Cepat Berkembang"
kabupaten,11,1174,5,2022,1.2681,Basis,-1148306.73,"Maju tapi Tertekan"
kabupaten,11,1174,6,2022,1.0219,Basis,12283374500.53,"Maju dan Tumbuh Cepat"
kabupaten,11,1174,7,2022,1.8749,Basis,-22028412375.35,"Maju tapi Tertekan"
kabupaten,11,1174,8,2022,1.2378,Basis,-4270529517.08,"Maju tapi Tertekan"
kabupaten,11,1174,9,2022,2.35,Basis,-1207330494.81,"Maju tapi Tertekan"
kabupaten,11,1174,10,2022,1.6595,Basis,-4957418377.9,"Maju tapi Tertekan"
kabupaten,11,1174,11,2022,1.6207,Basis,113455766.62,"Maju dan Tumbuh Cepat"
kabupaten,11,1174,12,2022,1.0415,Basis,879982829.36,"Maju dan Tumbuh Cepat"
kabupaten,11,1174,13,2022,1.4141,Basis,-1103603482.84,"Maju tapi Tertekan"
kabupaten,11,1174,14,2022,0.8624,"Non Basis",103231057.1,"Potensial / Cepat Berkembang"
kabupaten,11,1174,15,2022,0.7471,"Non Basis",-1023408648.23,"Relatif Tertinggal"
kabupaten,11,1174,16,2022,1.7987,Basis,-621615614.11,"Maju tapi Tertekan"
kabupaten,11,1174,17,2022,1.7977,Basis,-572507472.6,"Maju tapi Tertekan"
kabupaten,11,1174,1,2023,0.2961,"Non Basis",-1328817682.51,"Relatif Tertinggal"
kabupaten,11,1174,2,2023,0.0543,"Non Basis",703011420.32,"Potensial / Cepat Berkembang"
kabupaten,11,1174,3,2023,1.7602,Basis,6348988684.19,"Maju dan Tumbuh Cepat"
kabupaten,11,1174,4,2023,0.7276,"Non Basis",-116827940.05,"Relatif Tertinggal"
kabupaten,11,1174,5,2023,1.2727,Basis,7750178.7,"Maju dan Tumbuh Cepat"
kabupaten,11,1174,6,2023,1.0076,Basis,-5926054020.48,"Maju tapi Tertekan"
kabupaten,11,1174,7,2023,1.861,Basis,-9628397165.33,"Maju tapi Tertekan"
kabupaten,11,1174,8,2023,1.2232,Basis,-4209826060.04,"Maju tapi Tertekan"
kabupaten,11,1174,9,2023,2.3426,Basis,-500212440.43,"Maju tapi Tertekan"
kabupaten,11,1174,10,2023,1.6429,Basis,-3220556257.17,"Maju tapi Tertekan"
kabupaten,11,1174,11,2023,1.6576,Basis,2021375005.94,"Maju dan Tumbuh Cepat"
kabupaten,11,1174,12,2023,1.0328,Basis,-1597953536.44,"Maju tapi Tertekan"
kabupaten,11,1174,13,2023,1.411,Basis,-91410813.97,"Maju tapi Tertekan"
kabupaten,11,1174,14,2023,0.8581,"Non Basis",-1600313463.98,"Relatif Tertinggal"
kabupaten,11,1174,15,2023,0.7416,"Non Basis",-644062343.67,"Relatif Tertinggal"
kabupaten,11,1174,16,2023,1.7799,Basis,-2794259300.91,"Maju tapi Tertekan"
kabupaten,11,1174,17,2023,1.7925,Basis,-374428536.09,"Maju tapi Tertekan"
kabupaten,11,1174,1,2024,0.2907,"Non Basis",-7416461255.76,"Relatif Tertinggal"
kabupaten,11,1174,2,2024,0.0458,"Non Basis",-2913009196.83,"Relatif Tertinggal"
kabupaten,11,1174,3,2024,1.7361,Basis,-5390748436.73,"Maju tapi Tertekan"
kabupaten,11,1174,4,2024,0.7166,"Non Basis",-93281754.52,"Relatif Tertinggal"
kabupaten,11,1174,5,2024,1.3089,Basis,58396371.73,"Maju dan Tumbuh Cepat"
kabupaten,11,1174,6,2024,0.9699,"Non Basis",-17179071783.77,"Relatif Tertinggal"
kabupaten,11,1174,7,2024,1.9374,Basis,50718407616.36,"Maju dan Tumbuh Cepat"
kabupaten,11,1174,8,2024,1.15,Basis,-25325494468.64,"Maju tapi Tertekan"
kabupaten,11,1174,9,2024,2.3662,Basis,1239949458.09,"Maju dan Tumbuh Cepat"
kabupaten,11,1174,10,2024,1.6673,Basis,4067610575.96,"Maju dan Tumbuh Cepat"
kabupaten,11,1174,11,2024,1.6352,Basis,-1746339784.53,"Maju tapi Tertekan"
kabupaten,11,1174,12,2024,1.0371,Basis,388517220.77,"Maju dan Tumbuh Cepat"
kabupaten,11,1174,13,2024,1.4217,Basis,218776540.88,"Maju dan Tumbuh Cepat"
kabupaten,11,1174,14,2024,0.8404,"Non Basis",-7663820359.47,"Relatif Tertinggal"
kabupaten,11,1174,15,2024,0.745,"Non Basis",221443011.41,"Potensial / Cepat Berkembang"
kabupaten,11,1174,16,2024,1.7725,Basis,-1696122089.58,"Maju tapi Tertekan"
kabupaten,11,1174,17,2024,1.8238,Basis,1968160232.97,"Maju dan Tumbuh Cepat"
kabupaten,11,1174,1,2025,0.2828,"Non Basis",-10873238902.25,"Relatif Tertinggal"
kabupaten,11,1174,2,2025,0.0435,"Non Basis",-796299523.22,"Relatif Tertinggal"
kabupaten,11,1174,3,2025,1.7493,Basis,1946406111.12,"Maju dan Tumbuh Cepat"
kabupaten,11,1174,4,2025,0.7304,"Non Basis",88769915.37,"Potensial / Cepat Berkembang"
kabupaten,11,1174,5,2025,1.238,Basis,-127692307.69,"Maju tapi Tertekan"
kabupaten,11,1174,6,2025,0.9382,"Non Basis",-14065081770.26,"Relatif Tertinggal"
kabupaten,11,1174,7,2025,1.9315,Basis,-7159719938.65,"Maju tapi Tertekan"
kabupaten,11,1174,8,2025,1.1052,Basis,-16627915695.57,"Maju tapi Tertekan"
kabupaten,11,1174,9,2025,2.4514,Basis,5641260777.37,"Maju dan Tumbuh Cepat"
kabupaten,11,1174,10,2025,1.676,Basis,1042164669.33,"Maju dan Tumbuh Cepat"
kabupaten,11,1174,11,2025,1.607,Basis,-2192726040.57,"Maju tapi Tertekan"
kabupaten,11,1174,12,2025,1.0643,Basis,4860836764.97,"Maju dan Tumbuh Cepat"
kabupaten,11,1174,13,2025,1.4888,Basis,1818886966.19,"Maju dan Tumbuh Cepat"
kabupaten,11,1174,14,2025,0.8537,"Non Basis",4633186072.04,"Potensial / Cepat Berkembang"
kabupaten,11,1174,15,2025,0.767,"Non Basis",2529561901.73,"Potensial / Cepat Berkembang"
kabupaten,11,1174,16,2025,1.7939,Basis,2725028479.25,"Maju dan Tumbuh Cepat"
kabupaten,11,1174,17,2025,1.8664,Basis,2848910304.66,"Maju dan Tumbuh Cepat"
kabupaten,11,1173,1,2022,0.2888,"Non Basis",-29867634547.48,"Relatif Tertinggal"
kabupaten,11,1173,2,2022,0.0522,"Non Basis",-1198417716.05,"Relatif Tertinggal"
kabupaten,11,1173,3,2022,3.9526,Basis,-18182108436.94,"Maju tapi Tertekan"
kabupaten,11,1173,4,2022,1.2447,Basis,-52957447.79,"Maju tapi Tertekan"
kabupaten,11,1173,5,2022,0.3339,"Non Basis",19774231.22,"Potensial / Cepat Berkembang"
kabupaten,11,1173,6,2022,1.4298,Basis,30706008280.65,"Maju dan Tumbuh Cepat"
kabupaten,11,1173,7,2022,1.4732,Basis,-7132808891.26,"Maju tapi Tertekan"
kabupaten,11,1173,8,2022,1.8351,Basis,-20957716887.4,"Maju tapi Tertekan"
kabupaten,11,1173,9,2022,1.2465,Basis,-2782517256.95,"Maju tapi Tertekan"
kabupaten,11,1173,10,2022,1.0641,Basis,-3937462210.75,"Maju tapi Tertekan"
kabupaten,11,1173,11,2022,1.4497,Basis,2999263969.38,"Maju dan Tumbuh Cepat"
kabupaten,11,1173,12,2022,1.1262,Basis,-834251806.62,"Maju tapi Tertekan"
kabupaten,11,1173,13,2022,1.5956,Basis,-805013108.1,"Maju tapi Tertekan"
kabupaten,11,1173,14,2022,0.4709,"Non Basis",-407973788.76,"Relatif Tertinggal"
kabupaten,11,1173,15,2022,0.5073,"Non Basis",-876639397.48,"Relatif Tertinggal"
kabupaten,11,1173,16,2022,1.1531,Basis,1557329384.64,"Maju dan Tumbuh Cepat"
kabupaten,11,1173,17,2022,0.9356,"Non Basis",-814505786.48,"Relatif Tertinggal"
kabupaten,11,1173,1,2023,0.2733,"Non Basis",-34716239470.28,"Relatif Tertinggal"
kabupaten,11,1173,2,2023,0.0568,"Non Basis",2563973889.04,"Potensial / Cepat Berkembang"
kabupaten,11,1173,3,2023,4.0705,Basis,39879917062.71,"Maju dan Tumbuh Cepat"
kabupaten,11,1173,4,2023,1.2384,Basis,-84405238.76,"Maju tapi Tertekan"
kabupaten,11,1173,5,2023,0.3519,"Non Basis",55861329.52,"Potensial / Cepat Berkembang"
kabupaten,11,1173,6,2023,1.379,Basis,-38345854708.12,"Maju tapi Tertekan"
kabupaten,11,1173,7,2023,1.4787,Basis,6473313502.76,"Maju dan Tumbuh Cepat"
kabupaten,11,1173,8,2023,1.8288,Basis,-3528659185.14,"Maju tapi Tertekan"
kabupaten,11,1173,9,2023,1.2663,Basis,2320351403.76,"Maju dan Tumbuh Cepat"
kabupaten,11,1173,10,2023,1.0958,Basis,10949790267.92,"Maju dan Tumbuh Cepat"
kabupaten,11,1173,11,2023,1.4552,Basis,514144602.37,"Maju dan Tumbuh Cepat"
kabupaten,11,1173,12,2023,1.1406,Basis,4637713411.94,"Maju dan Tumbuh Cepat"
kabupaten,11,1173,13,2023,1.6088,Basis,637623478.12,"Maju dan Tumbuh Cepat"
kabupaten,11,1173,14,2023,0.4831,"Non Basis",8044634716.13,"Potensial / Cepat Berkembang"
kabupaten,11,1173,15,2023,0.5218,"Non Basis",3007172336.17,"Potensial / Cepat Berkembang"
kabupaten,11,1173,16,2023,1.162,Basis,2311214039.89,"Maju dan Tumbuh Cepat"
kabupaten,11,1173,17,2023,0.9509,"Non Basis",1907944133.32,"Potensial / Cepat Berkembang"
kabupaten,11,1173,1,2024,0.2871,"Non Basis",29760903798.37,"Potensial / Cepat Berkembang"
kabupaten,11,1173,2,2024,0.0525,"Non Basis",-2703056221.58,"Relatif Tertinggal"
kabupaten,11,1173,3,2024,3.9841,Basis,-33021937977.93,"Maju tapi Tertekan"
kabupaten,11,1173,4,2024,1.2426,Basis,24099467.44,"Maju dan Tumbuh Cepat"
kabupaten,11,1173,5,2024,0.346,"Non Basis",-20896799.59,"Relatif Tertinggal"
kabupaten,11,1173,6,2024,1.3635,Basis,-14198615164.72,"Maju tapi Tertekan"
kabupaten,11,1173,7,2024,1.4878,Basis,7969531187.52,"Maju dan Tumbuh Cepat"
kabupaten,11,1173,8,2024,1.7871,Basis,-27394990402.16,"Maju tapi Tertekan"
kabupaten,11,1173,9,2024,1.2537,Basis,-1842478625.55,"Maju tapi Tertekan"
kabupaten,11,1173,10,2024,1.0952,Basis,-967318062.4,"Maju tapi Tertekan"
kabupaten,11,1173,11,2024,1.4386,Basis,-2362975235.72,"Maju tapi Tertekan"
kabupaten,11,1173,12,2024,1.1284,Basis,-4885419283.01,"Maju tapi Tertekan"
kabupaten,11,1173,13,2024,1.6338,Basis,1138272586.61,"Maju dan Tumbuh Cepat"
kabupaten,11,1173,14,2024,0.4759,"Non Basis",-5799640203.11,"Relatif Tertinggal"
kabupaten,11,1173,15,2024,0.5224,"Non Basis",-92214289.37,"Relatif Tertinggal"
kabupaten,11,1173,16,2024,1.1648,Basis,166605766.46,"Maju dan Tumbuh Cepat"
kabupaten,11,1173,17,2024,0.9499,"Non Basis",-378537399.47,"Relatif Tertinggal"
kabupaten,11,1173,1,2025,0.2704,"Non Basis",-36342757702.33,"Relatif Tertinggal"
kabupaten,11,1173,2,2025,0.0511,"Non Basis",-725750462.63,"Relatif Tertinggal"
kabupaten,11,1173,3,2025,3.857,Basis,-40851589601.76,"Maju tapi Tertekan"
kabupaten,11,1173,4,2025,1.2861,Basis,637256148.44,"Maju dan Tumbuh Cepat"
kabupaten,11,1173,5,2025,0.3465,"Non Basis",5911991.94,"Potensial / Cepat Berkembang"
kabupaten,11,1173,6,2025,1.3846,Basis,20376769331.38,"Maju dan Tumbuh Cepat"
kabupaten,11,1173,7,2025,1.4905,Basis,11584738817.92,"Maju dan Tumbuh Cepat"
kabupaten,11,1173,8,2025,1.8197,Basis,25669127659.84,"Maju dan Tumbuh Cepat"
kabupaten,11,1173,9,2025,1.2747,Basis,3345710079.91,"Maju dan Tumbuh Cepat"
kabupaten,11,1173,10,2025,1.1166,Basis,9345592150.42,"Maju dan Tumbuh Cepat"
kabupaten,11,1173,11,2025,1.4378,Basis,633030342.78,"Maju dan Tumbuh Cepat"
kabupaten,11,1173,12,2025,1.1309,Basis,2498904091.39,"Maju dan Tumbuh Cepat"
kabupaten,11,1173,13,2025,1.6337,Basis,336211194.2,"Maju dan Tumbuh Cepat"
kabupaten,11,1173,14,2025,0.4808,"Non Basis",4980025990.82,"Potensial / Cepat Berkembang"
kabupaten,11,1173,15,2025,0.5294,"Non Basis",2049380186.05,"Potensial / Cepat Berkembang"
kabupaten,11,1173,16,2025,1.1696,Basis,2648526763.46,"Maju dan Tumbuh Cepat"
kabupaten,11,1173,17,2025,0.9471,"Non Basis",143633626.75,"Potensial / Cepat Berkembang"
kabupaten,11,1172,1,2022,0.2428,"Non Basis",-618996295.28,"Relatif Tertinggal"
kabupaten,11,1172,2,2022,0.0996,"Non Basis",-379525314.81,"Relatif Tertinggal"
kabupaten,11,1172,3,2022,0.506,"Non Basis",5586316.36,"Potensial / Cepat Berkembang"
kabupaten,11,1172,4,2022,1.2985,Basis,53770227.28,"Maju dan Tumbuh Cepat"
kabupaten,11,1172,5,2022,4.1756,Basis,-11342934.99,"Maju tapi Tertekan"
kabupaten,11,1172,6,2022,3.156,Basis,6191477465.97,"Maju dan Tumbuh Cepat"
kabupaten,11,1172,7,2022,1.0025,Basis,-1895401685.19,"Maju tapi Tertekan"
kabupaten,11,1172,8,2022,0.5345,"Non Basis",35753073.83,"Potensial / Cepat Berkembang"
kabupaten,11,1172,9,2022,2.4618,Basis,1229927617.57,"Maju dan Tumbuh Cepat"
kabupaten,11,1172,10,2022,0.5913,"Non Basis",152503239.08,"Potensial / Cepat Berkembang"
kabupaten,11,1172,11,2022,1.3669,Basis,-253464888.75,"Maju tapi Tertekan"
kabupaten,11,1172,12,2022,0.8858,"Non Basis",-1109516945.64,"Relatif Tertinggal"
kabupaten,11,1172,13,2022,0.3904,"Non Basis",-77182766.11,"Relatif Tertinggal"
kabupaten,11,1172,14,2022,1.7077,Basis,-7836095245.44,"Maju tapi Tertekan"
kabupaten,11,1172,15,2022,1.6189,Basis,-1508541747.82,"Maju tapi Tertekan"
kabupaten,11,1172,16,2022,2.1525,Basis,21925360.9,"Maju dan Tumbuh Cepat"
kabupaten,11,1172,17,2022,1.2173,Basis,-518039496.21,"Maju tapi Tertekan"
kabupaten,11,1172,1,2023,0.2503,"Non Basis",1551452871.92,"Potensial / Cepat Berkembang"
kabupaten,11,1172,2,2023,0.1119,"Non Basis",948225847.31,"Potensial / Cepat Berkembang"
kabupaten,11,1172,3,2023,0.5358,"Non Basis",1249003887.3,"Potensial / Cepat Berkembang"
kabupaten,11,1172,4,2023,1.3158,Basis,2685089.34,"Maju dan Tumbuh Cepat"
kabupaten,11,1172,5,2023,4.3373,Basis,53488205.86,"Maju dan Tumbuh Cepat"
kabupaten,11,1172,6,2023,3.0716,Basis,-14308869695.74,"Maju tapi Tertekan"
kabupaten,11,1172,7,2023,1.0116,Basis,-618539358.4,"Maju tapi Tertekan"
kabupaten,11,1172,8,2023,0.502,"Non Basis",-3142742771.85,"Relatif Tertinggal"
kabupaten,11,1172,9,2023,2.4702,Basis,-400872954.77,"Maju tapi Tertekan"
kabupaten,11,1172,10,2023,0.6027,"Non Basis",226209455.02,"Potensial / Cepat Berkembang"
kabupaten,11,1172,11,2023,1.5641,Basis,2802825783.14,"Maju dan Tumbuh Cepat"
kabupaten,11,1172,12,2023,0.9105,"Non Basis",701889870.95,"Potensial / Cepat Berkembang"
kabupaten,11,1172,13,2023,0.3981,"Non Basis",22128023.82,"Potensial / Cepat Berkembang"
kabupaten,11,1172,14,2023,1.6962,Basis,-3344715946.87,"Maju tapi Tertekan"
kabupaten,11,1172,15,2023,1.709,Basis,2273222861.43,"Maju dan Tumbuh Cepat"
kabupaten,11,1172,16,2023,2.1973,Basis,763678146.96,"Maju dan Tumbuh Cepat"
kabupaten,11,1172,17,2023,1.2423,Basis,196714571.67,"Maju dan Tumbuh Cepat"
kabupaten,11,1172,1,2024,0.256,"Non Basis",1563301831.63,"Potensial / Cepat Berkembang"
kabupaten,11,1172,2,2024,0.1016,"Non Basis",-1028766834.48,"Relatif Tertinggal"
kabupaten,11,1172,3,2024,0.542,"Non Basis",195634864.58,"Potensial / Cepat Berkembang"
kabupaten,11,1172,4,2024,1.3056,Basis,-34135530.67,"Maju tapi Tertekan"
kabupaten,11,1172,5,2024,4.2768,Basis,-39893890.12,"Maju tapi Tertekan"
kabupaten,11,1172,6,2024,3.0369,Basis,-5952735713,"Maju tapi Tertekan"
kabupaten,11,1172,7,2024,1.055,Basis,7577155704.15,"Maju dan Tumbuh Cepat"
kabupaten,11,1172,8,2024,0.4645,"Non Basis",-3740101368.8,"Relatif Tertinggal"
kabupaten,11,1172,9,2024,2.4628,Basis,-361770137.93,"Maju tapi Tertekan"
kabupaten,11,1172,10,2024,0.603,"Non Basis",-142092531.99,"Relatif Tertinggal"
kabupaten,11,1172,11,2024,1.4394,Basis,-2494617330.2,"Maju tapi Tertekan"
kabupaten,11,1172,12,2024,0.9068,"Non Basis",-420223022.7,"Relatif Tertinggal"
kabupaten,11,1172,13,2024,0.3922,"Non Basis",-62677942.06,"Relatif Tertinggal"
kabupaten,11,1172,14,2024,1.6794,Basis,-2739757588.46,"Maju tapi Tertekan"
kabupaten,11,1172,15,2024,1.6892,Basis,-940807871.44,"Maju tapi Tertekan"
kabupaten,11,1172,16,2024,2.2287,Basis,879251187.35,"Maju dan Tumbuh Cepat"
kabupaten,11,1172,17,2024,1.2707,Basis,452861637.5,"Maju dan Tumbuh Cepat"
kabupaten,11,1172,1,2025,0.2508,"Non Basis",-1220783668.72,"Relatif Tertinggal"
kabupaten,11,1172,2,2025,0.0997,"Non Basis",-117320479.83,"Relatif Tertinggal"
kabupaten,11,1172,3,2025,0.5327,"Non Basis",-318452491.85,"Relatif Tertinggal"
kabupaten,11,1172,4,2025,1.3216,Basis,50955937.86,"Maju dan Tumbuh Cepat"
kabupaten,11,1172,5,2025,4.3923,Basis,71286530.06,"Maju dan Tumbuh Cepat"
kabupaten,11,1172,6,2025,3.1242,Basis,12823420492.08,"Maju dan Tumbuh Cepat"
kabupaten,11,1172,7,2025,1.084,Basis,7511455485.51,"Maju dan Tumbuh Cepat"
kabupaten,11,1172,8,2025,0.4475,"Non Basis",-1380478713.38,"Relatif Tertinggal"
kabupaten,11,1172,9,2025,2.4538,Basis,158685335.76,"Maju dan Tumbuh Cepat"
kabupaten,11,1172,10,2025,0.6144,"Non Basis",873085306.16,"Potensial / Cepat Berkembang"
kabupaten,11,1172,11,2025,1.4271,Basis,-45664349.42,"Maju tapi Tertekan"
kabupaten,11,1172,12,2025,0.9091,"Non Basis",469811481.58,"Potensial / Cepat Berkembang"
kabupaten,11,1172,13,2025,0.4002,"Non Basis",86171229.63,"Potensial / Cepat Berkembang"
kabupaten,11,1172,14,2025,1.6825,Basis,1672381234.12,"Maju dan Tumbuh Cepat"
kabupaten,11,1172,15,2025,1.7132,Basis,1247120175.51,"Maju dan Tumbuh Cepat"
kabupaten,11,1172,16,2025,2.2391,Basis,1116257515.76,"Maju dan Tumbuh Cepat"
kabupaten,11,1172,17,2025,1.3099,Basis,991821721.91,"Maju dan Tumbuh Cepat"
kabupaten,11,1175,1,2022,0.8086,"Non Basis",-1983785996.01,"Relatif Tertinggal"
kabupaten,11,1175,2,2022,0.2595,"Non Basis",-3832144557.8,"Relatif Tertinggal"
kabupaten,11,1175,3,2022,3.1064,Basis,5456399134.59,"Maju dan Tumbuh Cepat"
kabupaten,11,1175,4,2022,0.6691,"Non Basis",12756903.78,"Potensial / Cepat Berkembang"
kabupaten,11,1175,5,2022,0.4203,"Non Basis",-22284935.77,"Relatif Tertinggal"
kabupaten,11,1175,6,2022,1.6321,Basis,11926298847.95,"Maju dan Tumbuh Cepat"
kabupaten,11,1175,7,2022,1.2244,Basis,-636164065.4,"Maju tapi Tertekan"
kabupaten,11,1175,8,2022,0.8375,"Non Basis",-2180671796.64,"Relatif Tertinggal"
kabupaten,11,1175,9,2022,0.6478,"Non Basis",-884215598.99,"Relatif Tertinggal"
kabupaten,11,1175,10,2022,0.804,"Non Basis",-1516783446.74,"Relatif Tertinggal"
kabupaten,11,1175,11,2022,1.1324,Basis,297454031.62,"Maju dan Tumbuh Cepat"
kabupaten,11,1175,12,2022,0.7791,"Non Basis",-498003317.66,"Relatif Tertinggal"
kabupaten,11,1175,13,2022,0.5142,"Non Basis",-69909370.22,"Relatif Tertinggal"
kabupaten,11,1175,14,2022,0.7817,"Non Basis",772739383.06,"Potensial / Cepat Berkembang"
kabupaten,11,1175,15,2022,0.8632,"Non Basis",-268940397.35,"Relatif Tertinggal"
kabupaten,11,1175,16,2022,0.601,"Non Basis",-71928879.76,"Relatif Tertinggal"
kabupaten,11,1175,17,2022,0.4241,"Non Basis",-203207214.57,"Relatif Tertinggal"
kabupaten,11,1175,1,2023,0.8136,"Non Basis",1633132139.93,"Potensial / Cepat Berkembang"
kabupaten,11,1175,2,2023,0.2706,"Non Basis",1166580139.86,"Potensial / Cepat Berkembang"
kabupaten,11,1175,3,2023,3.336,Basis,15177234826.25,"Maju dan Tumbuh Cepat"
kabupaten,11,1175,4,2023,0.6521,"Non Basis",-45767586.3,"Relatif Tertinggal"
kabupaten,11,1175,5,2023,0.4032,"Non Basis",-11034667.62,"Relatif Tertinggal"
kabupaten,11,1175,6,2023,1.6132,Basis,-3212722762.39,"Maju tapi Tertekan"
kabupaten,11,1175,7,2023,1.1928,Basis,-8299671585.86,"Maju tapi Tertekan"
kabupaten,11,1175,8,2023,0.8017,"Non Basis",-3841359323.35,"Relatif Tertinggal"
kabupaten,11,1175,9,2023,0.633,"Non Basis",-373896527.87,"Relatif Tertinggal"
kabupaten,11,1175,10,2023,0.7862,"Non Basis",-1323744345.93,"Relatif Tertinggal"
kabupaten,11,1175,11,2023,1.1345,Basis,3812140.51,"Maju dan Tumbuh Cepat"
kabupaten,11,1175,12,2023,0.7714,"Non Basis",-580991164.83,"Relatif Tertinggal"
kabupaten,11,1175,13,2023,0.5134,"Non Basis",-16383752.46,"Relatif Tertinggal"
kabupaten,11,1175,14,2023,0.7661,"Non Basis",-2214428405.15,"Relatif Tertinggal"
kabupaten,11,1175,15,2023,0.8614,"Non Basis",-129601363.18,"Relatif Tertinggal"
kabupaten,11,1175,16,2023,0.5976,"Non Basis",-234268198.26,"Relatif Tertinggal"
kabupaten,11,1175,17,2023,0.4185,"Non Basis",-156454625.19,"Relatif Tertinggal"
kabupaten,11,1175,1,2024,0.8356,"Non Basis",7876114667.35,"Potensial / Cepat Berkembang"
kabupaten,11,1175,2,2024,0.2376,"Non Basis",-4168937819.5,"Relatif Tertinggal"
kabupaten,11,1175,3,2024,3.399,Basis,3148378614.66,"Maju dan Tumbuh Cepat"
kabupaten,11,1175,4,2024,0.6474,"Non Basis",-21470625.24,"Relatif Tertinggal"
kabupaten,11,1175,5,2024,0.4137,"Non Basis",5250727.37,"Potensial / Cepat Berkembang"
kabupaten,11,1175,6,2024,1.6102,Basis,-1766480716.73,"Maju tapi Tertekan"
kabupaten,11,1175,7,2024,1.2007,Basis,411635103.8,"Maju dan Tumbuh Cepat"
kabupaten,11,1175,8,2024,0.7823,"Non Basis",-2824111824.58,"Relatif Tertinggal"
kabupaten,11,1175,9,2024,0.6396,"Non Basis",79419173.49,"Potensial / Cepat Berkembang"
kabupaten,11,1175,10,2024,0.7929,"Non Basis",184351753.7,"Potensial / Cepat Berkembang"
kabupaten,11,1175,11,2024,1.1432,Basis,66753109.54,"Maju dan Tumbuh Cepat"
kabupaten,11,1175,12,2024,0.7689,"Non Basis",-438551408.53,"Relatif Tertinggal"
kabupaten,11,1175,13,2024,0.5133,"Non Basis",-29113083.47,"Relatif Tertinggal"
kabupaten,11,1175,14,2024,0.7493,"Non Basis",-2927875618.6,"Relatif Tertinggal"
kabupaten,11,1175,15,2024,0.8639,"Non Basis",-88999948.82,"Relatif Tertinggal"
kabupaten,11,1175,16,2024,0.597,"Non Basis",-197161624.08,"Relatif Tertinggal"
kabupaten,11,1175,17,2024,0.4208,"Non Basis",4199622.79,"Potensial / Cepat Berkembang"
kabupaten,11,1175,1,2025,0.8556,"Non Basis",12576685238.4,"Potensial / Cepat Berkembang"
kabupaten,11,1175,2,2025,0.2249,"Non Basis",-1321354451.05,"Relatif Tertinggal"
kabupaten,11,1175,3,2025,3.3955,Basis,1856704471.13,"Maju dan Tumbuh Cepat"
kabupaten,11,1175,4,2025,0.6707,"Non Basis",75034764.99,"Potensial / Cepat Berkembang"
kabupaten,11,1175,5,2025,0.4124,"Non Basis",1397379.91,"Potensial / Cepat Berkembang"
kabupaten,11,1175,6,2025,1.6153,Basis,2847467899.76,"Maju dan Tumbuh Cepat"
kabupaten,11,1175,7,2025,1.1817,Basis,-2350874165.04,"Maju tapi Tertekan"
kabupaten,11,1175,8,2025,0.7798,"Non Basis",532674652.12,"Potensial / Cepat Berkembang"
kabupaten,11,1175,9,2025,0.6294,"Non Basis",-121685914.06,"Relatif Tertinggal"
kabupaten,11,1175,10,2025,0.7931,"Non Basis",491704690.29,"Potensial / Cepat Berkembang"
kabupaten,11,1175,11,2025,1.1373,Basis,97004197.27,"Maju dan Tumbuh Cepat"
kabupaten,11,1175,12,2025,0.7666,"Non Basis",299983616.72,"Potensial / Cepat Berkembang"
kabupaten,11,1175,13,2025,0.5154,"Non Basis",67089384.67,"Potensial / Cepat Berkembang"
kabupaten,11,1175,14,2025,0.7397,"Non Basis",-472900143.08,"Relatif Tertinggal"
kabupaten,11,1175,15,2025,0.8623,"Non Basis",258584735.69,"Potensial / Cepat Berkembang"
kabupaten,11,1175,16,2025,0.5931,"Non Basis",65542337.59,"Potensial / Cepat Berkembang"
kabupaten,11,1175,17,2025,0.4171,"Non Basis",-3888216.24,"Relatif Tertinggal"
kabupaten,13,1301,1,2022,1.6688,Basis,10536203443.99,"Maju dan Tumbuh Cepat"
kabupaten,13,1301,2,2022,0.9051,"Non Basis",807161132.88,"Potensial / Cepat Berkembang"
kabupaten,13,1301,3,2022,0.7859,"Non Basis",3159547532.32,"Potensial / Cepat Berkembang"
kabupaten,13,1301,4,2022,0.3191,"Non Basis",40945429.66,"Potensial / Cepat Berkembang"
kabupaten,13,1301,5,2022,0.6591,"Non Basis",-141058797.03,"Relatif Tertinggal"
kabupaten,13,1301,6,2022,1.0914,Basis,1836956520.4,"Maju dan Tumbuh Cepat"
kabupaten,13,1301,7,2022,0.8055,"Non Basis",2852210154.87,"Potensial / Cepat Berkembang"
kabupaten,13,1301,8,2022,0.3763,"Non Basis",-5203095252.25,"Relatif Tertinggal"
kabupaten,13,1301,9,2022,0.9897,"Non Basis",-4746556293.65,"Relatif Tertinggal"
kabupaten,13,1301,10,2022,1.0301,Basis,1628788173.45,"Maju dan Tumbuh Cepat"
kabupaten,13,1301,11,2022,0.7013,"Non Basis",-1758943699.7,"Relatif Tertinggal"
kabupaten,13,1301,12,2022,0.6985,"Non Basis",-2996310874.32,"Relatif Tertinggal"
kabupaten,13,1301,13,2022,0.118,"Non Basis",-149354665.52,"Relatif Tertinggal"
kabupaten,13,1301,14,2022,1.0317,Basis,-11593383097.32,"Maju tapi Tertekan"
kabupaten,13,1301,15,2022,0.7582,"Non Basis",-828994488.77,"Relatif Tertinggal"
kabupaten,13,1301,16,2022,0.924,"Non Basis",112562143.03,"Potensial / Cepat Berkembang"
kabupaten,13,1301,17,2022,0.6029,"Non Basis",256650582.06,"Potensial / Cepat Berkembang"
kabupaten,13,1301,1,2023,1.6693,Basis,-14748349359.01,"Maju tapi Tertekan"
kabupaten,13,1301,2,2023,0.9048,"Non Basis",-1677554288.83,"Relatif Tertinggal"
kabupaten,13,1301,3,2023,0.7844,"Non Basis",-4572267945.81,"Relatif Tertinggal"
kabupaten,13,1301,4,2023,0.321,"Non Basis",6226175.35,"Potensial / Cepat Berkembang"
kabupaten,13,1301,5,2023,0.6773,"Non Basis",161921742.9,"Potensial / Cepat Berkembang"
kabupaten,13,1301,6,2023,1.0968,Basis,871927860.87,"Maju dan Tumbuh Cepat"
kabupaten,13,1301,7,2023,0.8112,"Non Basis",4279138631.68,"Potensial / Cepat Berkembang"
kabupaten,13,1301,8,2023,0.3769,"Non Basis",-1096522132.1,"Relatif Tertinggal"
kabupaten,13,1301,9,2023,0.9904,"Non Basis",-413401877.69,"Relatif Tertinggal"
kabupaten,13,1301,10,2023,1.031,Basis,-3210945528.29,"Maju tapi Tertekan"
kabupaten,13,1301,11,2023,0.7128,"Non Basis",2691926096.83,"Potensial / Cepat Berkembang"
kabupaten,13,1301,12,2023,0.6957,"Non Basis",-1241454745.05,"Relatif Tertinggal"
kabupaten,13,1301,13,2023,0.1163,"Non Basis",-102116702.52,"Relatif Tertinggal"
kabupaten,13,1301,14,2023,1.0278,Basis,-4657771305.57,"Maju tapi Tertekan"
kabupaten,13,1301,15,2023,0.7605,"Non Basis",-354197970.72,"Relatif Tertinggal"
kabupaten,13,1301,16,2023,0.9254,"Non Basis",-445222541.72,"Relatif Tertinggal"
kabupaten,13,1301,17,2023,0.6057,"Non Basis",58366717.98,"Potensial / Cepat Berkembang"
kabupaten,13,1301,1,2024,1.6709,Basis,-16452296923.81,"Maju tapi Tertekan"
kabupaten,13,1301,2,2024,0.916,"Non Basis",2760783158.95,"Potensial / Cepat Berkembang"
kabupaten,13,1301,3,2024,0.7942,"Non Basis",5712549015.56,"Potensial / Cepat Berkembang"
kabupaten,13,1301,4,2024,0.3247,"Non Basis",22254813.56,"Potensial / Cepat Berkembang"
kabupaten,13,1301,5,2024,0.6691,"Non Basis",-125017236.81,"Relatif Tertinggal"
kabupaten,13,1301,6,2024,1.0969,Basis,-5596605391.92,"Maju tapi Tertekan"
kabupaten,13,1301,7,2024,0.8205,"Non Basis",9465262524.42,"Potensial / Cepat Berkembang"
kabupaten,13,1301,8,2024,0.3788,"Non Basis",7791160.75,"Potensial / Cepat Berkembang"
kabupaten,13,1301,9,2024,1.005,Basis,1205043059.85,"Maju dan Tumbuh Cepat"
kabupaten,13,1301,10,2024,1.0335,Basis,-2854646869.92,"Maju tapi Tertekan"
kabupaten,13,1301,11,2024,0.7207,"Non Basis",1392162789.46,"Potensial / Cepat Berkembang"
kabupaten,13,1301,12,2024,0.6975,"Non Basis",-401856643.97,"Relatif Tertinggal"
kabupaten,13,1301,13,2024,0.1165,"Non Basis",-20599749.62,"Relatif Tertinggal"
kabupaten,13,1301,14,2024,1.0231,Basis,-6131165186.21,"Maju tapi Tertekan"
kabupaten,13,1301,15,2024,0.7625,"Non Basis",-897018752.98,"Relatif Tertinggal"
kabupaten,13,1301,16,2024,0.9209,"Non Basis",-1728517257.27,"Relatif Tertinggal"
kabupaten,13,1301,17,2024,0.608,"Non Basis",-168986155.19,"Relatif Tertinggal"
kabupaten,13,1301,1,2025,1.6648,Basis,-5060018225.6,"Maju tapi Tertekan"
kabupaten,13,1301,2,2025,0.9035,"Non Basis",-4408417869.87,"Relatif Tertinggal"
kabupaten,13,1301,3,2025,0.815,"Non Basis",23626166198.35,"Potensial / Cepat Berkembang"
kabupaten,13,1301,4,2025,0.3285,"Non Basis",49868915.76,"Potensial / Cepat Berkembang"
kabupaten,13,1301,5,2025,0.6641,"Non Basis",-37351129.36,"Relatif Tertinggal"
kabupaten,13,1301,6,2025,1.0943,Basis,-15309538.12,"Maju tapi Tertekan"
kabupaten,13,1301,7,2025,0.8182,"Non Basis",-689047359.71,"Relatif Tertinggal"
kabupaten,13,1301,8,2025,0.3828,"Non Basis",5769215023.89,"Potensial / Cepat Berkembang"
kabupaten,13,1301,9,2025,1.0076,Basis,668379714.32,"Maju dan Tumbuh Cepat"
kabupaten,13,1301,10,2025,1.027,Basis,-4171342307.57,"Maju tapi Tertekan"
kabupaten,13,1301,11,2025,0.7199,"Non Basis",333435600.48,"Potensial / Cepat Berkembang"
kabupaten,13,1301,12,2025,0.6894,"Non Basis",-1555188023.78,"Relatif Tertinggal"
kabupaten,13,1301,13,2025,0.1156,"Non Basis",-30664998.21,"Relatif Tertinggal"
kabupaten,13,1301,14,2025,1.0274,Basis,4223540272.04,"Maju dan Tumbuh Cepat"
kabupaten,13,1301,15,2025,0.7547,"Non Basis",-2802647758.38,"Relatif Tertinggal"
kabupaten,13,1301,16,2025,0.9026,"Non Basis",-3262802457.27,"Relatif Tertinggal"
kabupaten,13,1301,17,2025,0.6005,"Non Basis",-1408043068.77,"Relatif Tertinggal"
kabupaten,13,1302,1,2022,1.6461,Basis,-12075890932.96,"Maju tapi Tertekan"
kabupaten,13,1302,2,2022,1.3338,Basis,36185919806.5,"Maju dan Tumbuh Cepat"
kabupaten,13,1302,3,2022,0.5292,"Non Basis",-1668652002.57,"Relatif Tertinggal"
kabupaten,13,1302,4,2022,0.2334,"Non Basis",55709072.25,"Potensial / Cepat Berkembang"
kabupaten,13,1302,5,2022,0.5424,"Non Basis",-153820680.33,"Relatif Tertinggal"
kabupaten,13,1302,6,2022,0.9612,"Non Basis",32561571032.28,"Potensial / Cepat Berkembang"
kabupaten,13,1302,7,2022,0.6926,"Non Basis",-125193554.7,"Relatif Tertinggal"
kabupaten,13,1302,8,2022,0.9568,"Non Basis",-36670778632.99,"Relatif Tertinggal"
kabupaten,13,1302,9,2022,0.7382,"Non Basis",-4360243438.14,"Relatif Tertinggal"
kabupaten,13,1302,10,2022,0.9807,"Non Basis",-5290053579.61,"Relatif Tertinggal"
kabupaten,13,1302,11,2022,0.5667,"Non Basis",-186581523.8,"Relatif Tertinggal"
kabupaten,13,1302,12,2022,0.4112,"Non Basis",-734400614.33,"Relatif Tertinggal"
kabupaten,13,1302,13,2022,0.152,"Non Basis",-63678728.66,"Relatif Tertinggal"
kabupaten,13,1302,14,2022,0.9924,"Non Basis",7350971053.15,"Potensial / Cepat Berkembang"
kabupaten,13,1302,15,2022,0.8357,"Non Basis",-1235443551.62,"Relatif Tertinggal"
kabupaten,13,1302,16,2022,0.9367,"Non Basis",1454542515.61,"Potensial / Cepat Berkembang"
kabupaten,13,1302,17,2022,0.5005,"Non Basis",-2228679252.87,"Relatif Tertinggal"
kabupaten,13,1302,1,2023,1.6411,Basis,-21945673345.92,"Maju tapi Tertekan"
kabupaten,13,1302,2,2023,1.3318,Basis,-2230626715.62,"Maju tapi Tertekan"
kabupaten,13,1302,3,2023,0.5351,"Non Basis",4560756819.28,"Potensial / Cepat Berkembang"
kabupaten,13,1302,4,2023,0.2338,"Non Basis",-1368985.14,"Relatif Tertinggal"
kabupaten,13,1302,5,2023,0.5422,"Non Basis",-16237806.2,"Relatif Tertinggal"
kabupaten,13,1302,6,2023,0.9551,"Non Basis",-8634408064.25,"Relatif Tertinggal"
kabupaten,13,1302,7,2023,0.6989,"Non Basis",8383219839.45,"Potensial / Cepat Berkembang"
kabupaten,13,1302,8,2023,0.9612,"Non Basis",2408077653.09,"Potensial / Cepat Berkembang"
kabupaten,13,1302,9,2023,0.7427,"Non Basis",335377967.32,"Potensial / Cepat Berkembang"
kabupaten,13,1302,10,2023,0.9854,"Non Basis",2250095197.37,"Potensial / Cepat Berkembang"
kabupaten,13,1302,11,2023,0.5738,"Non Basis",1833311142.93,"Potensial / Cepat Berkembang"
kabupaten,13,1302,12,2023,0.4123,"Non Basis",22429877.77,"Potensial / Cepat Berkembang"
kabupaten,13,1302,13,2023,0.1517,"Non Basis",-33281226.55,"Relatif Tertinggal"
kabupaten,13,1302,14,2023,0.9919,"Non Basis",-1781005195.45,"Relatif Tertinggal"
kabupaten,13,1302,15,2023,0.838,"Non Basis",102665685.59,"Potensial / Cepat Berkembang"
kabupaten,13,1302,16,2023,0.9416,"Non Basis",459782484.55,"Potensial / Cepat Berkembang"
kabupaten,13,1302,17,2023,0.5019,"Non Basis",34018137.93,"Potensial / Cepat Berkembang"
kabupaten,13,1302,1,2024,1.637,Basis,-27869622856.7,"Maju tapi Tertekan"
kabupaten,13,1302,2,2024,1.3497,Basis,5237903910.09,"Maju dan Tumbuh Cepat"
kabupaten,13,1302,3,2024,0.5484,"Non Basis",11265142686.11,"Potensial / Cepat Berkembang"
kabupaten,13,1302,4,2024,0.2303,"Non Basis",-51688325.47,"Relatif Tertinggal"
kabupaten,13,1302,5,2024,0.5316,"Non Basis",-145239989.39,"Relatif Tertinggal"
kabupaten,13,1302,6,2024,0.954,"Non Basis",-5625852979.29,"Relatif Tertinggal"
kabupaten,13,1302,7,2024,0.7081,"Non Basis",11640711152.79,"Potensial / Cepat Berkembang"
kabupaten,13,1302,8,2024,0.9614,"Non Basis",-5058907762.17,"Relatif Tertinggal"
kabupaten,13,1302,9,2024,0.7672,"Non Basis",2801358914.07,"Potensial / Cepat Berkembang"
kabupaten,13,1302,10,2024,0.9907,"Non Basis",955896826.84,"Potensial / Cepat Berkembang"
kabupaten,13,1302,11,2024,0.5718,"Non Basis",-1553786531.81,"Relatif Tertinggal"
kabupaten,13,1302,12,2024,0.4145,"Non Basis",96181562.44,"Potensial / Cepat Berkembang"
kabupaten,13,1302,13,2024,0.1525,"Non Basis",7340556.23,"Potensial / Cepat Berkembang"
kabupaten,13,1302,14,2024,0.9819,"Non Basis",-9298134025.3,"Relatif Tertinggal"
kabupaten,13,1302,15,2024,0.841,"Non Basis",-330751500.85,"Relatif Tertinggal"
kabupaten,13,1302,16,2024,0.9467,"Non Basis",185401984.71,"Potensial / Cepat Berkembang"
kabupaten,13,1302,17,2024,0.5167,"Non Basis",2776674972.63,"Potensial / Cepat Berkembang"
kabupaten,13,1302,1,2025,1.6265,Basis,-40354504536.86,"Maju tapi Tertekan"
kabupaten,13,1302,2,2025,1.3697,Basis,6841024519.36,"Maju dan Tumbuh Cepat"
kabupaten,13,1302,3,2025,0.5679,"Non Basis",18998740452.13,"Potensial / Cepat Berkembang"
kabupaten,13,1302,4,2025,0.2379,"Non Basis",77807133.42,"Potensial / Cepat Berkembang"
kabupaten,13,1302,5,2025,0.5216,"Non Basis",-132564681.72,"Relatif Tertinggal"
kabupaten,13,1302,6,2025,0.9629,"Non Basis",5904558509.41,"Potensial / Cepat Berkembang"
kabupaten,13,1302,7,2025,0.7157,"Non Basis",10510898532.02,"Potensial / Cepat Berkembang"
kabupaten,13,1302,8,2025,0.962,"Non Basis",-3113949899.03,"Relatif Tertinggal"
kabupaten,13,1302,9,2025,0.7716,"Non Basis",254895886.04,"Potensial / Cepat Berkembang"
kabupaten,13,1302,10,2025,0.9856,"Non Basis",-9142724524.44,"Relatif Tertinggal"
kabupaten,13,1302,11,2025,0.5731,"Non Basis",-224995457.46,"Relatif Tertinggal"
kabupaten,13,1302,12,2025,0.4158,"Non Basis",-44794116.44,"Relatif Tertinggal"
kabupaten,13,1302,13,2025,0.1516,"Non Basis",-78716481.94,"Relatif Tertinggal"
kabupaten,13,1302,14,2025,0.9718,"Non Basis",-8692652775.93,"Relatif Tertinggal"
kabupaten,13,1302,15,2025,0.84,"Non Basis",-1892431546.67,"Relatif Tertinggal"
kabupaten,13,1302,16,2025,0.9404,"Non Basis",-1994794510.05,"Relatif Tertinggal"
kabupaten,13,1302,17,2025,0.5153,"Non Basis",-758423292.48,"Relatif Tertinggal"
kabupaten,13,1303,1,2022,1.239,Basis,-20245687345.75,"Maju tapi Tertekan"
kabupaten,13,1303,2,2022,3.5108,Basis,8424520033.89,"Maju dan Tumbuh Cepat"
kabupaten,13,1303,3,2022,0.3319,"Non Basis",2545424813.14,"Potensial / Cepat Berkembang"
kabupaten,13,1303,4,2022,0.3634,"Non Basis",-10723042.71,"Relatif Tertinggal"
kabupaten,13,1303,5,2022,0.4214,"Non Basis",5149808.52,"Potensial / Cepat Berkembang"
kabupaten,13,1303,6,2022,1.4648,Basis,27806021861.4,"Maju dan Tumbuh Cepat"
kabupaten,13,1303,7,2022,0.7842,"Non Basis",3461848790.6,"Potensial / Cepat Berkembang"
kabupaten,13,1303,8,2022,0.7018,"Non Basis",-12157701938.14,"Relatif Tertinggal"
kabupaten,13,1303,9,2022,0.6354,"Non Basis",-3512576330.13,"Relatif Tertinggal"
kabupaten,13,1303,10,2022,0.5573,"Non Basis",-1028857627.76,"Relatif Tertinggal"
kabupaten,13,1303,11,2022,0.7548,"Non Basis",-213941936.09,"Relatif Tertinggal"
kabupaten,13,1303,12,2022,0.6022,"Non Basis",-3171922996.02,"Relatif Tertinggal"
kabupaten,13,1303,13,2022,0.0434,"Non Basis",-35270052.61,"Relatif Tertinggal"
kabupaten,13,1303,14,2022,0.8322,"Non Basis",-4141711293.69,"Relatif Tertinggal"
kabupaten,13,1303,15,2022,1.1208,Basis,3533675004.31,"Maju dan Tumbuh Cepat"
kabupaten,13,1303,16,2022,1.2958,Basis,111909396.86,"Maju dan Tumbuh Cepat"
kabupaten,13,1303,17,2022,1.0005,Basis,-3969044172.35,"Maju tapi Tertekan"
kabupaten,13,1303,1,2023,1.2555,Basis,19938395424.28,"Maju dan Tumbuh Cepat"
kabupaten,13,1303,2,2023,3.3356,Basis,-53933153980.8,"Maju tapi Tertekan"
kabupaten,13,1303,3,2023,0.3338,"Non Basis",476335482.25,"Potensial / Cepat Berkembang"
kabupaten,13,1303,4,2023,0.3637,"Non Basis",-7185238.38,"Relatif Tertinggal"
kabupaten,13,1303,5,2023,0.4355,"Non Basis",93386624.76,"Potensial / Cepat Berkembang"
kabupaten,13,1303,6,2023,1.4767,Basis,4731901126.17,"Maju dan Tumbuh Cepat"
kabupaten,13,1303,7,2023,0.7909,"Non Basis",4947858882.21,"Potensial / Cepat Berkembang"
kabupaten,13,1303,8,2023,0.7029,"Non Basis",-1016419075.28,"Relatif Tertinggal"
kabupaten,13,1303,9,2023,0.6335,"Non Basis",-352901781.99,"Relatif Tertinggal"
kabupaten,13,1303,10,2023,0.5604,"Non Basis",763037562.69,"Potensial / Cepat Berkembang"
kabupaten,13,1303,11,2023,0.7692,"Non Basis",2600512051.21,"Potensial / Cepat Berkembang"
kabupaten,13,1303,12,2023,0.599,"Non Basis",-807878014.43,"Relatif Tertinggal"
kabupaten,13,1303,13,2023,0.0431,"Non Basis",-13627132.21,"Relatif Tertinggal"
kabupaten,13,1303,14,2023,0.8352,"Non Basis",35710450.93,"Potensial / Cepat Berkembang"
kabupaten,13,1303,15,2023,1.1259,Basis,364830041.57,"Maju dan Tumbuh Cepat"
kabupaten,13,1303,16,2023,1.3021,Basis,224956767.43,"Maju dan Tumbuh Cepat"
kabupaten,13,1303,17,2023,1.0056,Basis,233774312.19,"Maju dan Tumbuh Cepat"
kabupaten,13,1303,1,2024,1.2695,Basis,13464462419.4,"Maju dan Tumbuh Cepat"
kabupaten,13,1303,2,2024,3.2737,Basis,-23091059598.33,"Maju tapi Tertekan"
kabupaten,13,1303,3,2024,0.3372,"Non Basis",1281218620.24,"Potensial / Cepat Berkembang"
kabupaten,13,1303,4,2024,0.3683,"Non Basis",22155625.1,"Potensial / Cepat Berkembang"
kabupaten,13,1303,5,2024,0.4328,"Non Basis",-36404136.83,"Relatif Tertinggal"
kabupaten,13,1303,6,2024,1.4811,Basis,-1824773144.84,"Maju tapi Tertekan"
kabupaten,13,1303,7,2024,0.8007,"Non Basis",7930669824.15,"Potensial / Cepat Berkembang"
kabupaten,13,1303,8,2024,0.7003,"Non Basis",-4879100708.45,"Relatif Tertinggal"
kabupaten,13,1303,9,2024,0.6435,"Non Basis",634445143.12,"Potensial / Cepat Berkembang"
kabupaten,13,1303,10,2024,0.5601,"Non Basis",-2063299393.67,"Relatif Tertinggal"
kabupaten,13,1303,11,2024,0.7762,"Non Basis",776781385.86,"Potensial / Cepat Berkembang"
kabupaten,13,1303,12,2024,0.6003,"Non Basis",-235722455.23,"Relatif Tertinggal"
kabupaten,13,1303,13,2024,0.0431,"Non Basis",-7982543.38,"Relatif Tertinggal"
kabupaten,13,1303,14,2024,0.821,"Non Basis",-7884449476.06,"Relatif Tertinggal"
kabupaten,13,1303,15,2024,1.125,Basis,-1942122544.65,"Maju tapi Tertekan"
kabupaten,13,1303,16,2024,1.2988,Basis,-1242317217.42,"Maju tapi Tertekan"
kabupaten,13,1303,17,2024,1.0009,Basis,-1418321243.95,"Maju tapi Tertekan"
kabupaten,13,1303,1,2025,1.2664,Basis,-4478503332.18,"Maju tapi Tertekan"
kabupaten,13,1303,2,2025,3.307,Basis,10389284319.86,"Maju dan Tumbuh Cepat"
kabupaten,13,1303,3,2025,0.3471,"Non Basis",7400031150.04,"Potensial / Cepat Berkembang"
kabupaten,13,1303,4,2025,0.3779,"Non Basis",75929275.48,"Potensial / Cepat Berkembang"
kabupaten,13,1303,5,2025,0.4428,"Non Basis",77540041.07,"Potensial / Cepat Berkembang"
kabupaten,13,1303,6,2025,1.492,Basis,8091370104.95,"Maju dan Tumbuh Cepat"
kabupaten,13,1303,7,2025,0.8049,"Non Basis",6074582487.27,"Potensial / Cepat Berkembang"
kabupaten,13,1303,8,2025,0.7225,"Non Basis",18577104727.02,"Potensial / Cepat Berkembang"
kabupaten,13,1303,9,2025,0.6453,"Non Basis",196650838.75,"Potensial / Cepat Berkembang"
kabupaten,13,1303,10,2025,0.5528,"Non Basis",-5241960220.33,"Relatif Tertinggal"
kabupaten,13,1303,11,2025,0.7756,"Non Basis",-62143192.96,"Relatif Tertinggal"
kabupaten,13,1303,12,2025,0.6012,"Non Basis",195706054.17,"Potensial / Cepat Berkembang"
kabupaten,13,1303,13,2025,0.0431,"Non Basis",1701823.38,"Potensial / Cepat Berkembang"
kabupaten,13,1303,14,2025,0.8347,"Non Basis",6230850414.07,"Potensial / Cepat Berkembang"
kabupaten,13,1303,15,2025,1.1157,Basis,-2939581452.06,"Maju tapi Tertekan"
kabupaten,13,1303,16,2025,1.2827,Basis,-2220624694.17,"Maju tapi Tertekan"
kabupaten,13,1303,17,2025,0.9901,"Non Basis",-1700052091.81,"Relatif Tertinggal"
kabupaten,13,1304,1,2022,1.3428,Basis,-11704064696.4,"Maju tapi Tertekan"
kabupaten,13,1304,2,2022,0.7124,"Non Basis",159146142.76,"Potensial / Cepat Berkembang"
kabupaten,13,1304,3,2022,1.1975,Basis,16584014127.66,"Maju dan Tumbuh Cepat"
kabupaten,13,1304,4,2022,0.2027,"Non Basis",-4642755.32,"Relatif Tertinggal"
kabupaten,13,1304,5,2022,1.1693,Basis,-102928587.52,"Maju tapi Tertekan"
kabupaten,13,1304,6,2022,1.0537,Basis,13232714317.81,"Maju dan Tumbuh Cepat"
kabupaten,13,1304,7,2022,0.8376,"Non Basis",8068516676.32,"Potensial / Cepat Berkembang"
kabupaten,13,1304,8,2022,0.8327,"Non Basis",-13296215351.42,"Relatif Tertinggal"
kabupaten,13,1304,9,2022,0.6132,"Non Basis",-1063277152.39,"Relatif Tertinggal"
kabupaten,13,1304,10,2022,0.7903,"Non Basis",893468839.1,"Potensial / Cepat Berkembang"
kabupaten,13,1304,11,2022,0.8468,"Non Basis",946674337.6,"Potensial / Cepat Berkembang"
kabupaten,13,1304,12,2022,0.767,"Non Basis",-1437293334.91,"Relatif Tertinggal"
kabupaten,13,1304,13,2022,0.0818,"Non Basis",-34297755.83,"Relatif Tertinggal"
kabupaten,13,1304,14,2022,1.0988,Basis,-5731513853.53,"Maju tapi Tertekan"
kabupaten,13,1304,15,2022,0.7665,"Non Basis",1710407662.8,"Potensial / Cepat Berkembang"
kabupaten,13,1304,16,2022,0.9329,"Non Basis",506024661.7,"Potensial / Cepat Berkembang"
kabupaten,13,1304,17,2022,0.9577,"Non Basis",105129983.71,"Potensial / Cepat Berkembang"
kabupaten,13,1304,1,2023,1.3403,Basis,-11398311360.7,"Maju tapi Tertekan"
kabupaten,13,1304,2,2023,0.7097,"Non Basis",-1671640329.74,"Relatif Tertinggal"
kabupaten,13,1304,3,2023,1.1963,Basis,-3183657531.34,"Maju tapi Tertekan"
kabupaten,13,1304,4,2023,0.2016,"Non Basis",-15997458.7,"Relatif Tertinggal"
kabupaten,13,1304,5,2023,1.1869,Basis,164201712.55,"Maju dan Tumbuh Cepat"
kabupaten,13,1304,6,2023,1.0563,Basis,687795308.54,"Maju dan Tumbuh Cepat"
kabupaten,13,1304,7,2023,0.8426,"Non Basis",6322987102.43,"Potensial / Cepat Berkembang"
kabupaten,13,1304,8,2023,0.8383,"Non Basis",4662587602.49,"Potensial / Cepat Berkembang"
kabupaten,13,1304,9,2023,0.6159,"Non Basis",199866313.97,"Potensial / Cepat Berkembang"
kabupaten,13,1304,10,2023,0.7941,"Non Basis",2276348235.37,"Potensial / Cepat Berkembang"
kabupaten,13,1304,11,2023,0.8576,"Non Basis",2949183089.09,"Potensial / Cepat Berkembang"
kabupaten,13,1304,12,2023,0.768,"Non Basis",-72773699.36,"Relatif Tertinggal"
kabupaten,13,1304,13,2023,0.0819,"Non Basis",-4032439.6,"Relatif Tertinggal"
kabupaten,13,1304,14,2023,1.1001,Basis,-372686816.57,"Maju tapi Tertekan"
kabupaten,13,1304,15,2023,0.7671,"Non Basis",-361397722.87,"Relatif Tertinggal"
kabupaten,13,1304,16,2023,0.9363,"Non Basis",303469927.56,"Potensial / Cepat Berkembang"
kabupaten,13,1304,17,2023,0.9594,"Non Basis",386149.76,"Potensial / Cepat Berkembang"
kabupaten,13,1304,1,2024,1.3247,Basis,-53136353956.22,"Maju tapi Tertekan"
kabupaten,13,1304,2,2024,0.7182,"Non Basis",2123593684.88,"Potensial / Cepat Berkembang"
kabupaten,13,1304,3,2024,1.1981,Basis,-4217913394.09,"Maju tapi Tertekan"
kabupaten,13,1304,4,2024,0.2031,"Non Basis",5900387.21,"Potensial / Cepat Berkembang"
kabupaten,13,1304,5,2024,1.1811,Basis,-127661097.85,"Maju tapi Tertekan"
kabupaten,13,1304,6,2024,1.0726,Basis,11389385963.22,"Maju dan Tumbuh Cepat"
kabupaten,13,1304,7,2024,0.8548,"Non Basis",14922892129.74,"Potensial / Cepat Berkembang"
kabupaten,13,1304,8,2024,0.8447,"Non Basis",2610662332.82,"Potensial / Cepat Berkembang"
kabupaten,13,1304,9,2024,0.6243,"Non Basis",696935505.92,"Potensial / Cepat Berkembang"
kabupaten,13,1304,10,2024,0.8007,"Non Basis",2683751097.55,"Potensial / Cepat Berkembang"
kabupaten,13,1304,11,2024,0.8615,"Non Basis",-131111933.28,"Relatif Tertinggal"
kabupaten,13,1304,12,2024,0.7716,"Non Basis",-59969126.39,"Relatif Tertinggal"
kabupaten,13,1304,13,2024,0.0822,"Non Basis",-6007792.3,"Relatif Tertinggal"
kabupaten,13,1304,14,2024,1.0907,Basis,-9322983249.05,"Maju tapi Tertekan"
kabupaten,13,1304,15,2024,0.7705,"Non Basis",-192671367.8,"Relatif Tertinggal"
kabupaten,13,1304,16,2024,0.9346,"Non Basis",-1209205680.21,"Relatif Tertinggal"
kabupaten,13,1304,17,2024,0.974,"Non Basis",2134962318.28,"Potensial / Cepat Berkembang"
kabupaten,13,1304,1,2025,1.3011,Basis,-80492552582.27,"Maju tapi Tertekan"
kabupaten,13,1304,2,2025,0.7296,"Non Basis",2798829490.09,"Potensial / Cepat Berkembang"
kabupaten,13,1304,3,2025,1.2057,Basis,-652908689.15,"Maju tapi Tertekan"
kabupaten,13,1304,4,2025,0.2092,"Non Basis",50879991.87,"Potensial / Cepat Berkembang"
kabupaten,13,1304,5,2025,1.2022,Basis,141033880.9,"Maju dan Tumbuh Cepat"
kabupaten,13,1304,6,2025,1.0892,Basis,9335838180.22,"Maju dan Tumbuh Cepat"
kabupaten,13,1304,7,2025,0.8549,"Non Basis",-11049175495.59,"Relatif Tertinggal"
kabupaten,13,1304,8,2025,0.8616,"Non Basis",13093925045.26,"Potensial / Cepat Berkembang"
kabupaten,13,1304,9,2025,0.6256,"Non Basis",-403345658.35,"Relatif Tertinggal"
kabupaten,13,1304,10,2025,0.8041,"Non Basis",-2250616810.33,"Relatif Tertinggal"
kabupaten,13,1304,11,2025,0.87,"Non Basis",919024181.72,"Potensial / Cepat Berkembang"
kabupaten,13,1304,12,2025,0.7815,"Non Basis",1113137658.24,"Potensial / Cepat Berkembang"
kabupaten,13,1304,13,2025,0.0826,"Non Basis",-5058991.78,"Relatif Tertinggal"
kabupaten,13,1304,14,2025,1.0805,Basis,-11257162724.43,"Maju tapi Tertekan"
kabupaten,13,1304,15,2025,0.7698,"Non Basis",-2814647986.77,"Relatif Tertinggal"
kabupaten,13,1304,16,2025,0.9271,"Non Basis",-2831942353.16,"Relatif Tertinggal"
kabupaten,13,1304,17,2025,0.9844,"Non Basis",860117439.13,"Potensial / Cepat Berkembang"
kabupaten,13,1305,1,2022,1.0573,Basis,76052635119.24,"Maju dan Tumbuh Cepat"
kabupaten,13,1305,2,2022,1.6594,Basis,2067791557.74,"Maju dan Tumbuh Cepat"
kabupaten,13,1305,3,2022,1.4246,Basis,15704187367.73,"Maju dan Tumbuh Cepat"
kabupaten,13,1305,4,2022,0.319,"Non Basis",12000912.36,"Potensial / Cepat Berkembang"
kabupaten,13,1305,5,2022,0.5971,"Non Basis",-79472854.25,"Relatif Tertinggal"
kabupaten,13,1305,6,2022,1.0143,Basis,-5863352493.54,"Maju tapi Tertekan"
kabupaten,13,1305,7,2022,0.6893,"Non Basis",-1338250895.38,"Relatif Tertinggal"
kabupaten,13,1305,8,2022,1.2437,Basis,251716699682.91,"Maju dan Tumbuh Cepat"
kabupaten,13,1305,9,2022,1.0586,Basis,18291714352.28,"Maju dan Tumbuh Cepat"
kabupaten,13,1305,10,2022,0.6289,"Non Basis",-2972216097.71,"Relatif Tertinggal"
kabupaten,13,1305,11,2022,0.5948,"Non Basis",3557611970.46,"Potensial / Cepat Berkembang"
kabupaten,13,1305,12,2022,0.5701,"Non Basis",-41873694.34,"Relatif Tertinggal"
kabupaten,13,1305,13,2022,0.2137,"Non Basis",-13246537.1,"Relatif Tertinggal"
kabupaten,13,1305,14,2022,0.9825,"Non Basis",-11936130248.11,"Relatif Tertinggal"
kabupaten,13,1305,15,2022,1.4059,Basis,1003797470.07,"Maju dan Tumbuh Cepat"
kabupaten,13,1305,16,2022,0.4978,"Non Basis",16597634.38,"Potensial / Cepat Berkembang"
kabupaten,13,1305,17,2022,0.8321,"Non Basis",-294313086.84,"Relatif Tertinggal"
kabupaten,13,1305,1,2023,1.0523,Basis,10008637746.55,"Maju dan Tumbuh Cepat"
kabupaten,13,1305,2,2023,1.6384,Basis,-4134323641.57,"Maju tapi Tertekan"
kabupaten,13,1305,3,2023,1.4249,Basis,14604571852.11,"Maju dan Tumbuh Cepat"
kabupaten,13,1305,4,2023,0.3142,"Non Basis",-31164024.09,"Relatif Tertinggal"
kabupaten,13,1305,5,2023,0.5959,"Non Basis",48334055.93,"Potensial / Cepat Berkembang"
kabupaten,13,1305,6,2023,1.0243,Basis,22929941936.33,"Maju dan Tumbuh Cepat"
kabupaten,13,1305,7,2023,0.6826,"Non Basis",-2807375159.67,"Relatif Tertinggal"
kabupaten,13,1305,8,2023,1.3056,Basis,103884778615.97,"Maju dan Tumbuh Cepat"
kabupaten,13,1305,9,2023,1.0628,Basis,1991857911.97,"Maju dan Tumbuh Cepat"
kabupaten,13,1305,10,2023,0.618,"Non Basis",-7215829645.82,"Relatif Tertinggal"
kabupaten,13,1305,11,2023,0.5993,"Non Basis",3752429211.09,"Potensial / Cepat Berkembang"
kabupaten,13,1305,12,2023,0.5612,"Non Basis",-1212614073.75,"Relatif Tertinggal"
kabupaten,13,1305,13,2023,0.2102,"Non Basis",-109202015.91,"Relatif Tertinggal"
kabupaten,13,1305,14,2023,0.9695,"Non Basis",-3775925783.04,"Relatif Tertinggal"
kabupaten,13,1305,15,2023,1.3943,Basis,-220978235.61,"Maju tapi Tertekan"
kabupaten,13,1305,16,2023,0.4946,"Non Basis",166810908.84,"Potensial / Cepat Berkembang"
kabupaten,13,1305,17,2023,0.8235,"Non Basis",-518476635.74,"Relatif Tertinggal"
kabupaten,13,1305,1,2024,1.0487,Basis,-4653857442.52,"Maju tapi Tertekan"
kabupaten,13,1305,2,2024,1.6734,Basis,21109835605.32,"Maju dan Tumbuh Cepat"
kabupaten,13,1305,3,2024,1.429,Basis,8751267988.43,"Maju dan Tumbuh Cepat"
kabupaten,13,1305,4,2024,0.3103,"Non Basis",-47319789.95,"Relatif Tertinggal"
kabupaten,13,1305,5,2024,0.5935,"Non Basis",-17833465.92,"Relatif Tertinggal"
kabupaten,13,1305,6,2024,1.0684,Basis,61032475680.28,"Maju dan Tumbuh Cepat"
kabupaten,13,1305,7,2024,0.6847,"Non Basis",8360681266.12,"Potensial / Cepat Berkembang"
kabupaten,13,1305,8,2024,1.2927,Basis,-15886723803.18,"Maju tapi Tertekan"
kabupaten,13,1305,9,2024,1.0435,Basis,-2879911146.35,"Maju tapi Tertekan"
kabupaten,13,1305,10,2024,0.6142,"Non Basis",-3439260914.04,"Relatif Tertinggal"
kabupaten,13,1305,11,2024,0.6026,"Non Basis",1928680028.39,"Potensial / Cepat Berkembang"
kabupaten,13,1305,12,2024,0.5593,"Non Basis",-239969997.51,"Relatif Tertinggal"
kabupaten,13,1305,13,2024,0.2087,"Non Basis",-69954486.42,"Relatif Tertinggal"
kabupaten,13,1305,14,2024,0.9496,"Non Basis",-14544154772.34,"Relatif Tertinggal"
kabupaten,13,1305,15,2024,1.3841,Basis,-4438881704.37,"Maju tapi Tertekan"
kabupaten,13,1305,16,2024,0.4891,"Non Basis",-1116154904.5,"Relatif Tertinggal"
kabupaten,13,1305,17,2024,0.821,"Non Basis",-240079798.22,"Relatif Tertinggal"
kabupaten,13,1305,1,2025,1.0452,Basis,-62416615082.41,"Maju tapi Tertekan"
kabupaten,13,1305,2,2025,1.6435,Basis,-30774347815.3,"Maju tapi Tertekan"
kabupaten,13,1305,3,2025,1.4514,Basis,27706364.8,"Maju dan Tumbuh Cepat"
kabupaten,13,1305,4,2025,0.321,"Non Basis",82442841.17,"Potensial / Cepat Berkembang"
kabupaten,13,1305,5,2025,0.5897,"Non Basis",-181643737.17,"Relatif Tertinggal"
kabupaten,13,1305,6,2025,1.0523,Basis,-42278440242.27,"Maju tapi Tertekan"
kabupaten,13,1305,7,2025,0.6956,"Non Basis",386087701.39,"Potensial / Cepat Berkembang"
kabupaten,13,1305,8,2025,1.2902,Basis,-34136406572.01,"Maju tapi Tertekan"
kabupaten,13,1305,9,2025,1.0444,Basis,-2606163157.28,"Maju tapi Tertekan"
kabupaten,13,1305,10,2025,0.6192,"Non Basis",-6215259307.97,"Relatif Tertinggal"
kabupaten,13,1305,11,2025,0.6182,"Non Basis",2812461505.51,"Potensial / Cepat Berkembang"
kabupaten,13,1305,12,2025,0.5709,"Non Basis",870862980.65,"Potensial / Cepat Berkembang"
kabupaten,13,1305,13,2025,0.2103,"Non Basis",-112595638.18,"Relatif Tertinggal"
kabupaten,13,1305,14,2025,0.9552,"Non Basis",-7477019100.73,"Relatif Tertinggal"
kabupaten,13,1305,15,2025,1.4068,Basis,643023918.6,"Maju dan Tumbuh Cepat"
kabupaten,13,1305,16,2025,0.4903,"Non Basis",-1666536472.92,"Relatif Tertinggal"
kabupaten,13,1305,17,2025,0.8304,"Non Basis",-1030297434.94,"Relatif Tertinggal"
kabupaten,13,1306,1,2022,1.3412,Basis,-58424931434.79,"Maju tapi Tertekan"
kabupaten,13,1306,2,2022,0.8915,"Non Basis",5947806880.97,"Potensial / Cepat Berkembang"
kabupaten,13,1306,3,2022,1.1985,Basis,59361101539.12,"Maju dan Tumbuh Cepat"
kabupaten,13,1306,4,2022,0.2592,"Non Basis",-128642299.14,"Relatif Tertinggal"
kabupaten,13,1306,5,2022,0.5085,"Non Basis",-313584140.57,"Relatif Tertinggal"
kabupaten,13,1306,6,2022,0.8114,"Non Basis",16212390063.36,"Potensial / Cepat Berkembang"
kabupaten,13,1306,7,2022,1.1725,Basis,-7446048666.07,"Maju tapi Tertekan"
kabupaten,13,1306,8,2022,0.6292,"Non Basis",-17310752013.67,"Relatif Tertinggal"
kabupaten,13,1306,9,2022,0.6331,"Non Basis",1160115695.62,"Potensial / Cepat Berkembang"
kabupaten,13,1306,10,2022,0.9093,"Non Basis",6594073537.71,"Potensial / Cepat Berkembang"
kabupaten,13,1306,11,2022,0.4171,"Non Basis",-1528786957.26,"Relatif Tertinggal"
kabupaten,13,1306,12,2022,0.9328,"Non Basis",45065942.08,"Potensial / Cepat Berkembang"
kabupaten,13,1306,13,2022,0.088,"Non Basis",-439707935.14,"Relatif Tertinggal"
kabupaten,13,1306,14,2022,0.6544,"Non Basis",-9968851017.99,"Relatif Tertinggal"
kabupaten,13,1306,15,2022,1.1567,Basis,6012569568.94,"Maju dan Tumbuh Cepat"
kabupaten,13,1306,16,2022,0.7755,"Non Basis",1473460039.94,"Potensial / Cepat Berkembang"
kabupaten,13,1306,17,2022,0.425,"Non Basis",-953388155.03,"Relatif Tertinggal"
kabupaten,13,1306,1,2023,1.3367,Basis,-20872513942.38,"Maju tapi Tertekan"
kabupaten,13,1306,2,2023,0.8846,"Non Basis",-4896501702.12,"Relatif Tertinggal"
kabupaten,13,1306,3,2023,1.2406,Basis,60673419207.42,"Maju dan Tumbuh Cepat"
kabupaten,13,1306,4,2023,0.2491,"Non Basis",-166178664.16,"Relatif Tertinggal"
kabupaten,13,1306,5,2023,0.4981,"Non Basis",-174723607.2,"Relatif Tertinggal"
kabupaten,13,1306,6,2023,0.8134,"Non Basis",1700225739.61,"Potensial / Cepat Berkembang"
kabupaten,13,1306,7,2023,1.1704,Basis,-8927765383.19,"Maju tapi Tertekan"
kabupaten,13,1306,8,2023,0.6293,"Non Basis",-915608178.12,"Relatif Tertinggal"
kabupaten,13,1306,9,2023,0.6366,"Non Basis",523844111.48,"Potensial / Cepat Berkembang"
kabupaten,13,1306,10,2023,0.9053,"Non Basis",-7194214208.23,"Relatif Tertinggal"
kabupaten,13,1306,11,2023,0.4166,"Non Basis",-429065175.96,"Relatif Tertinggal"
kabupaten,13,1306,12,2023,0.9355,"Non Basis",552988349.51,"Potensial / Cepat Berkembang"
kabupaten,13,1306,13,2023,0.0824,"Non Basis",-413060877.39,"Relatif Tertinggal"
kabupaten,13,1306,14,2023,0.6539,"Non Basis",-1085063135.08,"Relatif Tertinggal"
kabupaten,13,1306,15,2023,1.1593,Basis,967789740.01,"Maju dan Tumbuh Cepat"
kabupaten,13,1306,16,2023,0.7638,"Non Basis",-3434710296.67,"Relatif Tertinggal"
kabupaten,13,1306,17,2023,0.4263,"Non Basis",251825473.37,"Potensial / Cepat Berkembang"
kabupaten,13,1306,1,2024,1.3364,Basis,-12339296077.68,"Maju tapi Tertekan"
kabupaten,13,1306,2,2024,0.8912,"Non Basis",2981769825.72,"Potensial / Cepat Berkembang"
kabupaten,13,1306,3,2024,1.2541,Basis,16059795715.46,"Maju dan Tumbuh Cepat"
kabupaten,13,1306,4,2024,0.2391,"Non Basis",-175887126.72,"Relatif Tertinggal"
kabupaten,13,1306,5,2024,0.5437,"Non Basis",734818350.57,"Potensial / Cepat Berkembang"
kabupaten,13,1306,6,2024,0.8039,"Non Basis",-17721256309.59,"Relatif Tertinggal"
kabupaten,13,1306,7,2024,1.1803,Basis,20210447831.18,"Maju dan Tumbuh Cepat"
kabupaten,13,1306,8,2024,0.643,"Non Basis",21967344150.55,"Potensial / Cepat Berkembang"
kabupaten,13,1306,9,2024,0.6361,"Non Basis",-384818328.46,"Relatif Tertinggal"
kabupaten,13,1306,10,2024,0.9126,"Non Basis",8029990132.98,"Potensial / Cepat Berkembang"
kabupaten,13,1306,11,2024,0.4174,"Non Basis",-113565788.31,"Relatif Tertinggal"
kabupaten,13,1306,12,2024,0.934,"Non Basis",-1261541733.18,"Relatif Tertinggal"
kabupaten,13,1306,13,2024,0.0789,"Non Basis",-283260597.41,"Relatif Tertinggal"
kabupaten,13,1306,14,2024,0.6471,"Non Basis",-7911015202.1,"Relatif Tertinggal"
kabupaten,13,1306,15,2024,1.1603,Basis,-1179393019.03,"Maju tapi Tertekan"
kabupaten,13,1306,16,2024,0.7666,"Non Basis",301423164.08,"Potensial / Cepat Berkembang"
kabupaten,13,1306,17,2024,0.4439,"Non Basis",5478140720.93,"Potensial / Cepat Berkembang"
kabupaten,13,1306,1,2025,1.3179,Basis,-87827285134.55,"Maju tapi Tertekan"
kabupaten,13,1306,2,2025,0.8968,"Non Basis",1463589199.83,"Potensial / Cepat Berkembang"
kabupaten,13,1306,3,2025,1.2515,Basis,-11523134518.53,"Maju tapi Tertekan"
kabupaten,13,1306,4,2025,0.238,"Non Basis",-34142871.66,"Relatif Tertinggal"
kabupaten,13,1306,5,2025,0.5436,"Non Basis",-34188911.7,"Relatif Tertinggal"
kabupaten,13,1306,6,2025,0.8079,"Non Basis",1572037542.19,"Potensial / Cepat Berkembang"
kabupaten,13,1306,7,2025,1.1818,Basis,-8325233460.18,"Maju tapi Tertekan"
kabupaten,13,1306,8,2025,0.6554,"Non Basis",18154630325.55,"Potensial / Cepat Berkembang"
kabupaten,13,1306,9,2025,0.6334,"Non Basis",-1023469427.47,"Relatif Tertinggal"
kabupaten,13,1306,10,2025,0.9111,"Non Basis",-7899128742.95,"Relatif Tertinggal"
kabupaten,13,1306,11,2025,0.4226,"Non Basis",1999698837.01,"Potensial / Cepat Berkembang"
kabupaten,13,1306,12,2025,0.9404,"Non Basis",1055140252.51,"Potensial / Cepat Berkembang"
kabupaten,13,1306,13,2025,0.0878,"Non Basis",686807293.53,"Potensial / Cepat Berkembang"
kabupaten,13,1306,14,2025,0.6504,"Non Basis",899066164.74,"Potensial / Cepat Berkembang"
kabupaten,13,1306,15,2025,1.1591,Basis,-3937565309.86,"Maju tapi Tertekan"
kabupaten,13,1306,16,2025,0.7602,"Non Basis",-2869548812.34,"Relatif Tertinggal"
kabupaten,13,1306,17,2025,0.4416,"Non Basis",-1409711402.06,"Relatif Tertinggal"
kabupaten,13,1307,1,2022,1.4606,Basis,-20225404259.74,"Maju tapi Tertekan"
kabupaten,13,1307,2,2022,1.9965,Basis,36246386802.91,"Maju dan Tumbuh Cepat"
kabupaten,13,1307,3,2022,0.7602,"Non Basis",4015856316.64,"Potensial / Cepat Berkembang"
kabupaten,13,1307,4,2022,0.1578,"Non Basis",22754176.88,"Potensial / Cepat Berkembang"
kabupaten,13,1307,5,2022,0.3355,"Non Basis",101831493.58,"Potensial / Cepat Berkembang"
kabupaten,13,1307,6,2022,0.5363,"Non Basis",4504013.52,"Potensial / Cepat Berkembang"
kabupaten,13,1307,7,2022,0.9564,"Non Basis",1565821642.69,"Potensial / Cepat Berkembang"
kabupaten,13,1307,8,2022,0.9578,"Non Basis",-22717690364.76,"Relatif Tertinggal"
kabupaten,13,1307,9,2022,0.585,"Non Basis",-1854694253.29,"Relatif Tertinggal"
kabupaten,13,1307,10,2022,0.824,"Non Basis",-4530825221.58,"Relatif Tertinggal"
kabupaten,13,1307,11,2022,0.5591,"Non Basis",176910509.43,"Potensial / Cepat Berkembang"
kabupaten,13,1307,12,2022,0.5816,"Non Basis",-260966007.49,"Relatif Tertinggal"
kabupaten,13,1307,13,2022,0.0672,"Non Basis",1092021.9,"Potensial / Cepat Berkembang"
kabupaten,13,1307,14,2022,0.9847,"Non Basis",-12204978664.59,"Relatif Tertinggal"
kabupaten,13,1307,15,2022,0.7384,"Non Basis",2351823320.34,"Potensial / Cepat Berkembang"
kabupaten,13,1307,16,2022,1.0322,Basis,-31993289.95,"Maju tapi Tertekan"
kabupaten,13,1307,17,2022,0.7225,"Non Basis",1464328836.35,"Potensial / Cepat Berkembang"
kabupaten,13,1307,1,2023,1.4603,Basis,-3628707970.39,"Maju tapi Tertekan"
kabupaten,13,1307,2,2023,1.975,Basis,-10952552555.45,"Maju tapi Tertekan"
kabupaten,13,1307,3,2023,0.7716,"Non Basis",12263773457.21,"Potensial / Cepat Berkembang"
kabupaten,13,1307,4,2023,0.1574,"Non Basis",-7273078.84,"Relatif Tertinggal"
kabupaten,13,1307,5,2023,0.3424,"Non Basis",81982982.87,"Potensial / Cepat Berkembang"
kabupaten,13,1307,6,2023,0.5392,"Non Basis",2812650053.02,"Potensial / Cepat Berkembang"
kabupaten,13,1307,7,2023,0.9652,"Non Basis",16998786278.7,"Potensial / Cepat Berkembang"
kabupaten,13,1307,8,2023,0.9593,"Non Basis",1085752747.73,"Potensial / Cepat Berkembang"
kabupaten,13,1307,9,2023,0.5873,"Non Basis",269686740.84,"Potensial / Cepat Berkembang"
kabupaten,13,1307,10,2023,0.825,"Non Basis",454937624,"Potensial / Cepat Berkembang"
kabupaten,13,1307,11,2023,0.558,"Non Basis",-536300190.59,"Relatif Tertinggal"
kabupaten,13,1307,12,2023,0.5828,"Non Basis",198085309.81,"Potensial / Cepat Berkembang"
kabupaten,13,1307,13,2023,0.0671,"Non Basis",-10952178.48,"Relatif Tertinggal"
kabupaten,13,1307,14,2023,0.9755,"Non Basis",-6492470094.44,"Relatif Tertinggal"
kabupaten,13,1307,15,2023,0.7392,"Non Basis",119848501.28,"Potensial / Cepat Berkembang"
kabupaten,13,1307,16,2023,1.0303,Basis,-560185621.2,"Maju tapi Tertekan"
kabupaten,13,1307,17,2023,0.7207,"Non Basis",-542486028.17,"Relatif Tertinggal"
kabupaten,13,1307,1,2024,1.463,Basis,-5509760727.64,"Maju tapi Tertekan"
kabupaten,13,1307,2,2024,2.0001,Basis,9271578142.8,"Maju dan Tumbuh Cepat"
kabupaten,13,1307,3,2024,0.7894,"Non Basis",17737752663.65,"Potensial / Cepat Berkembang"
kabupaten,13,1307,4,2024,0.1575,"Non Basis",-4865538.64,"Relatif Tertinggal"
kabupaten,13,1307,5,2024,0.3317,"Non Basis",-149220365.95,"Relatif Tertinggal"
kabupaten,13,1307,6,2024,0.5368,"Non Basis",-4992888970.55,"Relatif Tertinggal"
kabupaten,13,1307,7,2024,0.9768,"Non Basis",18358917076.98,"Potensial / Cepat Berkembang"
kabupaten,13,1307,8,2024,0.9539,"Non Basis",-11692143285.11,"Relatif Tertinggal"
kabupaten,13,1307,9,2024,0.5959,"Non Basis",1000580966.18,"Potensial / Cepat Berkembang"
kabupaten,13,1307,10,2024,0.819,"Non Basis",-10163853004.18,"Relatif Tertinggal"
kabupaten,13,1307,11,2024,0.548,"Non Basis",-4571572123.15,"Relatif Tertinggal"
kabupaten,13,1307,12,2024,0.584,"Non Basis",-179792800.94,"Relatif Tertinggal"
kabupaten,13,1307,13,2024,0.0674,"Non Basis",3906328.61,"Potensial / Cepat Berkembang"
kabupaten,13,1307,14,2024,0.9629,"Non Basis",-11462978260.08,"Relatif Tertinggal"
kabupaten,13,1307,15,2024,0.7378,"Non Basis",-1982590659.26,"Relatif Tertinggal"
kabupaten,13,1307,16,2024,1.0332,Basis,-103452324.63,"Maju tapi Tertekan"
kabupaten,13,1307,17,2024,0.7174,"Non Basis",-1415555081.28,"Relatif Tertinggal"
kabupaten,13,1307,1,2025,1.4527,Basis,-28303882700.14,"Maju tapi Tertekan"
kabupaten,13,1307,2,2025,2.0252,Basis,12918610138.64,"Maju dan Tumbuh Cepat"
kabupaten,13,1307,3,2025,0.8013,"Non Basis",14946638545.57,"Potensial / Cepat Berkembang"
kabupaten,13,1307,4,2025,0.1615,"Non Basis",52843206.99,"Potensial / Cepat Berkembang"
kabupaten,13,1307,5,2025,0.3335,"Non Basis",24083162.22,"Potensial / Cepat Berkembang"
kabupaten,13,1307,6,2025,0.5401,"Non Basis",4192785242.04,"Potensial / Cepat Berkembang"
kabupaten,13,1307,7,2025,0.98,"Non Basis",7900635987.75,"Potensial / Cepat Berkembang"
kabupaten,13,1307,8,2025,0.9604,"Non Basis",9415062572.09,"Potensial / Cepat Berkembang"
kabupaten,13,1307,9,2025,0.6033,"Non Basis",1173702175.69,"Potensial / Cepat Berkembang"
kabupaten,13,1307,10,2025,0.8138,"Non Basis",-6035067661.33,"Relatif Tertinggal"
kabupaten,13,1307,11,2025,0.5442,"Non Basis",-1521245141.66,"Relatif Tertinggal"
kabupaten,13,1307,12,2025,0.5846,"Non Basis",220760516.82,"Potensial / Cepat Berkembang"
kabupaten,13,1307,13,2025,0.0673,"Non Basis",-4097247.05,"Relatif Tertinggal"
kabupaten,13,1307,14,2025,0.9536,"Non Basis",-6721631877.34,"Relatif Tertinggal"
kabupaten,13,1307,15,2025,0.7304,"Non Basis",-3973638479,"Relatif Tertinggal"
kabupaten,13,1307,16,2025,1.0245,Basis,-1978143663.15,"Maju tapi Tertekan"
kabupaten,13,1307,17,2025,0.7151,"Non Basis",-563044115.25,"Relatif Tertinggal"
kabupaten,13,1308,1,2022,2.2,Basis,13568544325.95,"Maju dan Tumbuh Cepat"
kabupaten,13,1308,2,2022,0.4762,"Non Basis",553755538.01,"Potensial / Cepat Berkembang"
kabupaten,13,1308,3,2022,0.4442,"Non Basis",2279852883.96,"Potensial / Cepat Berkembang"
kabupaten,13,1308,4,2022,0.1517,"Non Basis",19769059.7,"Potensial / Cepat Berkembang"
kabupaten,13,1308,5,2022,0.9828,"Non Basis",-266747015.09,"Relatif Tertinggal"
kabupaten,13,1308,6,2022,0.5107,"Non Basis",4200448666.19,"Potensial / Cepat Berkembang"
kabupaten,13,1308,7,2022,0.8595,"Non Basis",4198708102,"Potensial / Cepat Berkembang"
kabupaten,13,1308,8,2022,0.4245,"Non Basis",-5287557512.66,"Relatif Tertinggal"
kabupaten,13,1308,9,2022,0.71,"Non Basis",-3593072639.35,"Relatif Tertinggal"
kabupaten,13,1308,10,2022,0.7468,"Non Basis",-568219100.37,"Relatif Tertinggal"
kabupaten,13,1308,11,2022,0.7476,"Non Basis",-2325902503.57,"Relatif Tertinggal"
kabupaten,13,1308,12,2022,0.6685,"Non Basis",-1244407990.85,"Relatif Tertinggal"
kabupaten,13,1308,13,2022,0.1176,"Non Basis",-33778052.19,"Relatif Tertinggal"
kabupaten,13,1308,14,2022,1.2019,Basis,-8950103836.71,"Maju tapi Tertekan"
kabupaten,13,1308,15,2022,0.5973,"Non Basis",-401858781.67,"Relatif Tertinggal"
kabupaten,13,1308,16,2022,0.6973,"Non Basis",-164100636.79,"Relatif Tertinggal"
kabupaten,13,1308,17,2022,0.5022,"Non Basis",-1737416343.3,"Relatif Tertinggal"
kabupaten,13,1308,1,2023,2.2042,Basis,-358653798.35,"Maju tapi Tertekan"
kabupaten,13,1308,2,2023,0.4758,"Non Basis",-355213319.16,"Relatif Tertinggal"
kabupaten,13,1308,3,2023,0.446,"Non Basis",520156319.36,"Potensial / Cepat Berkembang"
kabupaten,13,1308,4,2023,0.1533,"Non Basis",8870780.62,"Potensial / Cepat Berkembang"
kabupaten,13,1308,5,2023,1.002,Basis,117163451.12,"Maju dan Tumbuh Cepat"
kabupaten,13,1308,6,2023,0.5141,"Non Basis",1535608392.05,"Potensial / Cepat Berkembang"
kabupaten,13,1308,7,2023,0.8674,"Non Basis",7075477728,"Potensial / Cepat Berkembang"
kabupaten,13,1308,8,2023,0.4259,"Non Basis",407989772.09,"Potensial / Cepat Berkembang"
kabupaten,13,1308,9,2023,0.7057,"Non Basis",-450009570.04,"Relatif Tertinggal"
kabupaten,13,1308,10,2023,0.7495,"Non Basis",749542670.29,"Potensial / Cepat Berkembang"
kabupaten,13,1308,11,2023,0.7471,"Non Basis",-405509816.97,"Relatif Tertinggal"
kabupaten,13,1308,12,2023,0.6661,"Non Basis",-520960722.84,"Relatif Tertinggal"
kabupaten,13,1308,13,2023,0.117,"Non Basis",-23379395.73,"Relatif Tertinggal"
kabupaten,13,1308,14,2023,1.2211,Basis,6146401592.68,"Maju dan Tumbuh Cepat"
kabupaten,13,1308,15,2023,0.5995,"Non Basis",305321198.98,"Potensial / Cepat Berkembang"
kabupaten,13,1308,16,2023,0.6993,"Non Basis",70435932.63,"Potensial / Cepat Berkembang"
kabupaten,13,1308,17,2023,0.5027,"Non Basis",-61670360.54,"Relatif Tertinggal"
kabupaten,13,1308,1,2024,2.2145,Basis,2007232723.66,"Maju dan Tumbuh Cepat"
kabupaten,13,1308,2,2024,0.4814,"Non Basis",985315790.12,"Potensial / Cepat Berkembang"
kabupaten,13,1308,3,2024,0.4475,"Non Basis",-201552569.38,"Relatif Tertinggal"
kabupaten,13,1308,4,2024,0.1545,"Non Basis",4269347.05,"Potensial / Cepat Berkembang"
kabupaten,13,1308,5,2024,1.0111,Basis,34595597.98,"Maju dan Tumbuh Cepat"
kabupaten,13,1308,6,2024,0.5163,"Non Basis",78124238.5,"Potensial / Cepat Berkembang"
kabupaten,13,1308,7,2024,0.8817,"Non Basis",12943753872.61,"Potensial / Cepat Berkembang"
kabupaten,13,1308,8,2024,0.4278,"Non Basis",81995722.46,"Potensial / Cepat Berkembang"
kabupaten,13,1308,9,2024,0.7159,"Non Basis",609329633.38,"Potensial / Cepat Berkembang"
kabupaten,13,1308,10,2024,0.7512,"Non Basis",-927508451.81,"Relatif Tertinggal"
kabupaten,13,1308,11,2024,0.7614,"Non Basis",2412156880.49,"Potensial / Cepat Berkembang"
kabupaten,13,1308,12,2024,0.6686,"Non Basis",-34316591.55,"Relatif Tertinggal"
kabupaten,13,1308,13,2024,0.1175,"Non Basis",43641.55,"Potensial / Cepat Berkembang"
kabupaten,13,1308,14,2024,1.2104,Basis,-6276497543.4,"Maju tapi Tertekan"
kabupaten,13,1308,15,2024,0.6021,"Non Basis",37704655.16,"Potensial / Cepat Berkembang"
kabupaten,13,1308,16,2024,0.7021,"Non Basis",-6061832.31,"Relatif Tertinggal"
kabupaten,13,1308,17,2024,0.5024,"Non Basis",-334938730.82,"Relatif Tertinggal"
kabupaten,13,1308,1,2025,2.2071,Basis,-5712353139.11,"Maju tapi Tertekan"
kabupaten,13,1308,2,2025,0.482,"Non Basis",408652891.15,"Potensial / Cepat Berkembang"
kabupaten,13,1308,3,2025,0.4445,"Non Basis",-1460081194.63,"Relatif Tertinggal"
kabupaten,13,1308,4,2025,0.1585,"Non Basis",30696067.47,"Potensial / Cepat Berkembang"
kabupaten,13,1308,5,2025,1.0269,Basis,123180698.15,"Maju dan Tumbuh Cepat"
kabupaten,13,1308,6,2025,0.5175,"Non Basis",1320399278.75,"Potensial / Cepat Berkembang"
kabupaten,13,1308,7,2025,0.8812,"Non Basis",1183820016.35,"Potensial / Cepat Berkembang"
kabupaten,13,1308,8,2025,0.4386,"Non Basis",8843395049.67,"Potensial / Cepat Berkembang"
kabupaten,13,1308,9,2025,0.7141,"Non Basis",-50021406.61,"Relatif Tertinggal"
kabupaten,13,1308,10,2025,0.7451,"Non Basis",-3215138244.95,"Relatif Tertinggal"
kabupaten,13,1308,11,2025,0.7483,"Non Basis",-2721175121.26,"Relatif Tertinggal"
kabupaten,13,1308,12,2025,0.6639,"Non Basis",-549845917.06,"Relatif Tertinggal"
kabupaten,13,1308,13,2025,0.1162,"Non Basis",-36789417.23,"Relatif Tertinggal"
kabupaten,13,1308,14,2025,1.189,Basis,-7927951105.99,"Maju tapi Tertekan"
kabupaten,13,1308,15,2025,0.5978,"Non Basis",-987541537.38,"Relatif Tertinggal"
kabupaten,13,1308,16,2025,0.6905,"Non Basis",-1373629310.4,"Relatif Tertinggal"
kabupaten,13,1308,17,2025,0.4956,"Non Basis",-893512243.9,"Relatif Tertinggal"
kabupaten,13,1309,1,2022,2.1616,Basis,2050901168.47,"Maju dan Tumbuh Cepat"
kabupaten,13,1309,2,2022,0.4137,"Non Basis",1420245837.89,"Potensial / Cepat Berkembang"
kabupaten,13,1309,3,2022,0.3192,"Non Basis",-761771484.52,"Relatif Tertinggal"
kabupaten,13,1309,4,2022,0.2529,"Non Basis",15557963.16,"Potensial / Cepat Berkembang"
kabupaten,13,1309,5,2022,0.0434,"Non Basis",-5487722.46,"Relatif Tertinggal"
kabupaten,13,1309,6,2022,1.5147,Basis,17711692882.33,"Maju dan Tumbuh Cepat"
kabupaten,13,1309,7,2022,0.8456,"Non Basis",-181631837.35,"Relatif Tertinggal"
kabupaten,13,1309,8,2022,0.69,"Non Basis",16152785238.09,"Potensial / Cepat Berkembang"
kabupaten,13,1309,9,2022,0.6549,"Non Basis",-601617124.77,"Relatif Tertinggal"
kabupaten,13,1309,10,2022,0.1621,"Non Basis",146694053.15,"Potensial / Cepat Berkembang"
kabupaten,13,1309,11,2022,0.0399,"Non Basis",-58307444.74,"Relatif Tertinggal"
kabupaten,13,1309,12,2022,0.4792,"Non Basis",-52783081.25,"Relatif Tertinggal"
kabupaten,13,1309,13,2022,0.1081,"Non Basis",-56995597.55,"Relatif Tertinggal"
kabupaten,13,1309,14,2022,1.2273,Basis,-833185647,"Maju tapi Tertekan"
kabupaten,13,1309,15,2022,0.2802,"Non Basis",-148092552.31,"Relatif Tertinggal"
kabupaten,13,1309,16,2022,0.4482,"Non Basis",23618295.19,"Potensial / Cepat Berkembang"
kabupaten,13,1309,17,2022,0.472,"Non Basis",-453337354.48,"Relatif Tertinggal"
kabupaten,13,1309,1,2023,2.2055,Basis,22995292392.4,"Maju dan Tumbuh Cepat"
kabupaten,13,1309,2,2023,0.4103,"Non Basis",-727727115.15,"Relatif Tertinggal"
kabupaten,13,1309,3,2023,0.3196,"Non Basis",-420601173.74,"Relatif Tertinggal"
kabupaten,13,1309,4,2023,0.2595,"Non Basis",16764267.17,"Potensial / Cepat Berkembang"
kabupaten,13,1309,5,2023,0.0458,"Non Basis",6942336.87,"Potensial / Cepat Berkembang"
kabupaten,13,1309,6,2023,1.5159,Basis,-2216703021.44,"Maju tapi Tertekan"
kabupaten,13,1309,7,2023,0.8503,"Non Basis",-69833663.96,"Relatif Tertinggal"
kabupaten,13,1309,8,2023,0.6217,"Non Basis",-25219566249.16,"Relatif Tertinggal"
kabupaten,13,1309,9,2023,0.6692,"Non Basis",403054951.63,"Potensial / Cepat Berkembang"
kabupaten,13,1309,10,2023,0.1622,"Non Basis",-220800817.47,"Relatif Tertinggal"
kabupaten,13,1309,11,2023,0.0404,"Non Basis",33646005.27,"Potensial / Cepat Berkembang"
kabupaten,13,1309,12,2023,0.4821,"Non Basis",18009800.9,"Potensial / Cepat Berkembang"
kabupaten,13,1309,13,2023,0.1077,"Non Basis",-13953654.14,"Relatif Tertinggal"
kabupaten,13,1309,14,2023,1.2255,Basis,-1528773992.94,"Maju tapi Tertekan"
kabupaten,13,1309,15,2023,0.2801,"Non Basis",-226651485.81,"Relatif Tertinggal"
kabupaten,13,1309,16,2023,0.4498,"Non Basis",-49565436.65,"Relatif Tertinggal"
kabupaten,13,1309,17,2023,0.4763,"Non Basis",101283252.37,"Potensial / Cepat Berkembang"
kabupaten,13,1309,1,2024,2.2269,Basis,9446020263.46,"Maju dan Tumbuh Cepat"
kabupaten,13,1309,2,2024,0.4126,"Non Basis",86400993.24,"Potensial / Cepat Berkembang"
kabupaten,13,1309,3,2024,0.3225,"Non Basis",520473040.15,"Potensial / Cepat Berkembang"
kabupaten,13,1309,4,2024,0.2642,"Non Basis",12623985.57,"Potensial / Cepat Berkembang"
kabupaten,13,1309,5,2024,0.0445,"Non Basis",-4972155.93,"Relatif Tertinggal"
kabupaten,13,1309,6,2024,1.5124,Basis,-2995971918.7,"Maju tapi Tertekan"
kabupaten,13,1309,7,2024,0.8609,"Non Basis",4275421023.84,"Potensial / Cepat Berkembang"
kabupaten,13,1309,8,2024,0.6269,"Non Basis",1021110898.03,"Potensial / Cepat Berkembang"
kabupaten,13,1309,9,2024,0.6795,"Non Basis",310751565.19,"Potensial / Cepat Berkembang"
kabupaten,13,1309,10,2024,0.1617,"Non Basis",-381267178.93,"Relatif Tertinggal"
kabupaten,13,1309,11,2024,0.0405,"Non Basis",-9848602.61,"Relatif Tertinggal"
kabupaten,13,1309,12,2024,0.4795,"Non Basis",-320104227.25,"Relatif Tertinggal"
kabupaten,13,1309,13,2024,0.1084,"Non Basis",4463840.69,"Potensial / Cepat Berkembang"
kabupaten,13,1309,14,2024,1.2028,Basis,-5322266430.9,"Maju tapi Tertekan"
kabupaten,13,1309,15,2024,0.2808,"Non Basis",-61192159.09,"Relatif Tertinggal"
kabupaten,13,1309,16,2024,0.4492,"Non Basis",-135508441.87,"Relatif Tertinggal"
kabupaten,13,1309,17,2024,0.4872,"Non Basis",609597571.96,"Potensial / Cepat Berkembang"
kabupaten,13,1309,1,2025,2.2065,Basis,-22734438267.73,"Maju tapi Tertekan"
kabupaten,13,1309,2,2025,0.418,"Non Basis",487954643.69,"Potensial / Cepat Berkembang"
kabupaten,13,1309,3,2025,0.3267,"Non Basis",919228558.78,"Potensial / Cepat Berkembang"
kabupaten,13,1309,4,2025,0.2689,"Non Basis",12317853.88,"Potensial / Cepat Berkembang"
kabupaten,13,1309,5,2025,0.0445,"Non Basis",-569815.2,"Relatif Tertinggal"
kabupaten,13,1309,6,2025,1.5441,Basis,7903476073.79,"Maju dan Tumbuh Cepat"
kabupaten,13,1309,7,2025,0.8678,"Non Basis",1937868148.52,"Potensial / Cepat Berkembang"
kabupaten,13,1309,8,2025,0.6479,"Non Basis",6700710301.86,"Potensial / Cepat Berkembang"
kabupaten,13,1309,9,2025,0.684,"Non Basis",64493052.58,"Potensial / Cepat Berkembang"
kabupaten,13,1309,10,2025,0.1624,"Non Basis",13825005.14,"Potensial / Cepat Berkembang"
kabupaten,13,1309,11,2025,0.0407,"Non Basis",3767632.67,"Potensial / Cepat Berkembang"
kabupaten,13,1309,12,2025,0.48,"Non Basis",-121124052.86,"Relatif Tertinggal"
kabupaten,13,1309,13,2025,0.1078,"Non Basis",-17693957.81,"Relatif Tertinggal"
kabupaten,13,1309,14,2025,1.2308,Basis,4508342859.74,"Maju dan Tumbuh Cepat"
kabupaten,13,1309,15,2025,0.2794,"Non Basis",-372078250.27,"Relatif Tertinggal"
kabupaten,13,1309,16,2025,0.4402,"Non Basis",-693025781.31,"Relatif Tertinggal"
kabupaten,13,1309,17,2025,0.4892,"Non Basis",-4335480.57,"Relatif Tertinggal"
kabupaten,13,1310,1,2022,1.2989,Basis,-35313801877.92,"Maju tapi Tertekan"
kabupaten,13,1310,2,2022,1.5222,Basis,-2058165470.6,"Maju tapi Tertekan"
kabupaten,13,1310,3,2022,0.5957,"Non Basis",-557318714.94,"Relatif Tertinggal"
kabupaten,13,1310,4,2022,0.1607,"Non Basis",120887.27,"Potensial / Cepat Berkembang"
kabupaten,13,1310,5,2022,0.1157,"Non Basis",-57630096.87,"Relatif Tertinggal"
kabupaten,13,1310,6,2022,1.4254,Basis,-4867008939.37,"Maju tapi Tertekan"
kabupaten,13,1310,7,2022,0.8678,"Non Basis",2694116278.9,"Potensial / Cepat Berkembang"
kabupaten,13,1310,8,2022,0.5846,"Non Basis",-6338419098.34,"Relatif Tertinggal"
kabupaten,13,1310,9,2022,0.7608,"Non Basis",-165446445.31,"Relatif Tertinggal"
kabupaten,13,1310,10,2022,1.0557,Basis,-5067490519.93,"Maju tapi Tertekan"
kabupaten,13,1310,11,2022,0.715,"Non Basis",1894472431.37,"Potensial / Cepat Berkembang"
kabupaten,13,1310,12,2022,1.0482,Basis,-2851098784.89,"Maju tapi Tertekan"
kabupaten,13,1310,13,2022,0.0426,"Non Basis",-13331364.76,"Relatif Tertinggal"
kabupaten,13,1310,14,2022,1.23,Basis,69608253636.77,"Maju dan Tumbuh Cepat"
kabupaten,13,1310,15,2022,0.647,"Non Basis",-1213825168.72,"Relatif Tertinggal"
kabupaten,13,1310,16,2022,1.1478,Basis,-222238859.64,"Maju tapi Tertekan"
kabupaten,13,1310,17,2022,0.4339,"Non Basis",-237557820.8,"Relatif Tertinggal"
kabupaten,13,1310,1,2023,1.2959,Basis,-11729246786.96,"Maju tapi Tertekan"
kabupaten,13,1310,2,2023,1.4924,Basis,-10912427070.25,"Maju tapi Tertekan"
kabupaten,13,1310,3,2023,0.5896,"Non Basis",-5859547934.61,"Relatif Tertinggal"
kabupaten,13,1310,4,2023,0.1619,"Non Basis",6822827.47,"Potensial / Cepat Berkembang"
kabupaten,13,1310,5,2023,0.1124,"Non Basis",-30530023.85,"Relatif Tertinggal"
kabupaten,13,1310,6,2023,1.4325,Basis,2524509306.87,"Maju dan Tumbuh Cepat"
kabupaten,13,1310,7,2023,0.8759,"Non Basis",8201168021.57,"Potensial / Cepat Berkembang"
kabupaten,13,1310,8,2023,0.5845,"Non Basis",-1484102241.27,"Relatif Tertinggal"
kabupaten,13,1310,9,2023,0.7549,"Non Basis",-767528329.76,"Relatif Tertinggal"
kabupaten,13,1310,10,2023,1.0609,Basis,1770698489.26,"Maju dan Tumbuh Cepat"
kabupaten,13,1310,11,2023,0.7247,"Non Basis",1926251766.87,"Potensial / Cepat Berkembang"
kabupaten,13,1310,12,2023,1.0498,Basis,-199266757.28,"Maju tapi Tertekan"
kabupaten,13,1310,13,2023,0.0426,"Non Basis",-3265219.35,"Relatif Tertinggal"
kabupaten,13,1310,14,2023,1.2254,Basis,-3503692203.4,"Maju tapi Tertekan"
kabupaten,13,1310,15,2023,0.65,"Non Basis",448291121.27,"Potensial / Cepat Berkembang"
kabupaten,13,1310,16,2023,1.1455,Basis,-747243835.73,"Maju tapi Tertekan"
kabupaten,13,1310,17,2023,0.4304,"Non Basis",-726724031.56,"Relatif Tertinggal"
kabupaten,13,1310,1,2024,1.3034,Basis,2157126410.29,"Maju dan Tumbuh Cepat"
kabupaten,13,1310,2,2024,1.3851,Basis,-38353958505.58,"Maju tapi Tertekan"
kabupaten,13,1310,3,2024,0.5861,"Non Basis",-4980537820.85,"Relatif Tertinggal"
kabupaten,13,1310,4,2024,0.1628,"Non Basis",1077812.55,"Potensial / Cepat Berkembang"
kabupaten,13,1310,5,2024,0.1093,"Non Basis",-30827366.75,"Relatif Tertinggal"
kabupaten,13,1310,6,2024,1.4409,Basis,1168613824.05,"Maju dan Tumbuh Cepat"
kabupaten,13,1310,7,2024,0.8899,"Non Basis",14141323892.15,"Potensial / Cepat Berkembang"
kabupaten,13,1310,8,2024,0.5855,"Non Basis",-1721662471.93,"Relatif Tertinggal"
kabupaten,13,1310,9,2024,0.7638,"Non Basis",528285808.02,"Potensial / Cepat Berkembang"
kabupaten,13,1310,10,2024,1.0678,Basis,1377747223.18,"Maju dan Tumbuh Cepat"
kabupaten,13,1310,11,2024,0.7344,"Non Basis",1602005305.65,"Potensial / Cepat Berkembang"
kabupaten,13,1310,12,2024,1.0496,Basis,-961160437.71,"Maju tapi Tertekan"
kabupaten,13,1310,13,2024,0.0427,"Non Basis",-5536159.31,"Relatif Tertinggal"
kabupaten,13,1310,14,2024,1.2123,Basis,-9318125670.98,"Maju tapi Tertekan"
kabupaten,13,1310,15,2024,0.6523,"Non Basis",-335842578.41,"Relatif Tertinggal"
kabupaten,13,1310,16,2024,1.1483,Basis,-412048335.28,"Maju tapi Tertekan"
kabupaten,13,1310,17,2024,0.4319,"Non Basis",-115001122.55,"Relatif Tertinggal"
kabupaten,13,1310,1,2025,1.3221,Basis,46517048423.11,"Maju dan Tumbuh Cepat"
kabupaten,13,1310,2,2025,1.3194,Basis,-20372828586.46,"Maju tapi Tertekan"
kabupaten,13,1310,3,2025,0.5934,"Non Basis",8011330280.92,"Potensial / Cepat Berkembang"
kabupaten,13,1310,4,2025,0.1608,"Non Basis",-11950005.08,"Relatif Tertinggal"
kabupaten,13,1310,5,2025,0.1084,"Non Basis",-3532854.21,"Relatif Tertinggal"
kabupaten,13,1310,6,2025,1.4599,Basis,19739358823.8,"Maju dan Tumbuh Cepat"
kabupaten,13,1310,7,2025,0.8947,"Non Basis",12775621831.93,"Potensial / Cepat Berkembang"
kabupaten,13,1310,8,2025,0.5894,"Non Basis",5932376581.83,"Potensial / Cepat Berkembang"
kabupaten,13,1310,9,2025,0.7596,"Non Basis",-113285330.63,"Relatif Tertinggal"
kabupaten,13,1310,10,2025,1.069,Basis,4596008272.15,"Maju dan Tumbuh Cepat"
kabupaten,13,1310,11,2025,0.7333,"Non Basis",539538952.92,"Potensial / Cepat Berkembang"
kabupaten,13,1310,12,2025,1.0359,Basis,-1802966852.93,"Maju tapi Tertekan"
kabupaten,13,1310,13,2025,0.0421,"Non Basis",-17171969.97,"Relatif Tertinggal"
kabupaten,13,1310,14,2025,1.1848,Basis,-11283631459.56,"Maju tapi Tertekan"
kabupaten,13,1310,15,2025,0.6426,"Non Basis",-2625781636.99,"Relatif Tertinggal"
kabupaten,13,1310,16,2025,1.108,Basis,-5739552585.5,"Maju tapi Tertekan"
kabupaten,13,1310,17,2025,0.4238,"Non Basis",-1155705681.26,"Relatif Tertinggal"
kabupaten,13,1311,1,2022,1.3317,Basis,-18117028045.08,"Maju tapi Tertekan"
kabupaten,13,1311,2,2022,2.0065,Basis,1809812790.12,"Maju dan Tumbuh Cepat"
kabupaten,13,1311,3,2022,0.5105,"Non Basis",-1094172218.92,"Relatif Tertinggal"
kabupaten,13,1311,4,2022,0.2556,"Non Basis",37839425.22,"Potensial / Cepat Berkembang"
kabupaten,13,1311,5,2022,0.4922,"Non Basis",-82315836.9,"Relatif Tertinggal"
kabupaten,13,1311,6,2022,1.2804,Basis,10034607666.31,"Maju dan Tumbuh Cepat"
kabupaten,13,1311,7,2022,1.2527,Basis,10178122718.81,"Maju dan Tumbuh Cepat"
kabupaten,13,1311,8,2022,0.6148,"Non Basis",-4157118396.77,"Relatif Tertinggal"
kabupaten,13,1311,9,2022,0.6943,"Non Basis",-1574563555.88,"Relatif Tertinggal"
kabupaten,13,1311,10,2022,0.8203,"Non Basis",540555540.23,"Potensial / Cepat Berkembang"
kabupaten,13,1311,11,2022,0.2612,"Non Basis",149159890.26,"Potensial / Cepat Berkembang"
kabupaten,13,1311,12,2022,0.4133,"Non Basis",-60372860.16,"Relatif Tertinggal"
kabupaten,13,1311,13,2022,0.0346,"Non Basis",-3970793.51,"Relatif Tertinggal"
kabupaten,13,1311,14,2022,0.8285,"Non Basis",-3294609230.27,"Relatif Tertinggal"
kabupaten,13,1311,15,2022,0.5945,"Non Basis",1717423971.21,"Potensial / Cepat Berkembang"
kabupaten,13,1311,16,2022,0.8438,"Non Basis",277414082.03,"Potensial / Cepat Berkembang"
kabupaten,13,1311,17,2022,0.6445,"Non Basis",-1191901803.49,"Relatif Tertinggal"
kabupaten,13,1311,1,2023,1.324,Basis,-8473318065.33,"Maju tapi Tertekan"
kabupaten,13,1311,2,2023,2.0003,Basis,-1356173141.73,"Maju tapi Tertekan"
kabupaten,13,1311,3,2023,0.5093,"Non Basis",-649235502.76,"Relatif Tertinggal"
kabupaten,13,1311,4,2023,0.3582,"Non Basis",445547207.34,"Potensial / Cepat Berkembang"
kabupaten,13,1311,5,2023,0.5165,"Non Basis",104135053.11,"Potensial / Cepat Berkembang"
kabupaten,13,1311,6,2023,1.291,Basis,3819913834.79,"Maju dan Tumbuh Cepat"
kabupaten,13,1311,7,2023,1.2549,Basis,838750056.41,"Maju dan Tumbuh Cepat"
kabupaten,13,1311,8,2023,0.6169,"Non Basis",729383466.77,"Potensial / Cepat Berkembang"
kabupaten,13,1311,9,2023,0.7,"Non Basis",259499462.61,"Potensial / Cepat Berkembang"
kabupaten,13,1311,10,2023,0.8234,"Non Basis",947940884.44,"Potensial / Cepat Berkembang"
kabupaten,13,1311,11,2023,0.2631,"Non Basis",207894160.88,"Potensial / Cepat Berkembang"
kabupaten,13,1311,12,2023,0.4133,"Non Basis",-26168385.96,"Relatif Tertinggal"
kabupaten,13,1311,13,2023,0.0344,"Non Basis",-4059826.92,"Relatif Tertinggal"
kabupaten,13,1311,14,2023,0.825,"Non Basis",-991908496.44,"Relatif Tertinggal"
kabupaten,13,1311,15,2023,0.5967,"Non Basis",304122944.26,"Potensial / Cepat Berkembang"
kabupaten,13,1311,16,2023,0.8454,"Non Basis",61031436.71,"Potensial / Cepat Berkembang"
kabupaten,13,1311,17,2023,0.6576,"Non Basis",1041163930.2,"Potensial / Cepat Berkembang"
kabupaten,13,1311,1,2024,1.3279,Basis,360079566.81,"Maju dan Tumbuh Cepat"
kabupaten,13,1311,2,2024,2.0065,Basis,135882217.98,"Maju dan Tumbuh Cepat"
kabupaten,13,1311,3,2024,0.5037,"Non Basis",-2857932350.1,"Relatif Tertinggal"
kabupaten,13,1311,4,2024,0.3638,"Non Basis",21404020.58,"Potensial / Cepat Berkembang"
kabupaten,13,1311,5,2024,0.5169,"Non Basis",-4582338.9,"Relatif Tertinggal"
kabupaten,13,1311,6,2024,1.2956,Basis,503325855.3,"Maju dan Tumbuh Cepat"
kabupaten,13,1311,7,2024,1.2664,Basis,6217568237.59,"Maju dan Tumbuh Cepat"
kabupaten,13,1311,8,2024,0.6189,"Non Basis",189325316.47,"Potensial / Cepat Berkembang"
kabupaten,13,1311,9,2024,0.7127,"Non Basis",575821827.92,"Potensial / Cepat Berkembang"
kabupaten,13,1311,10,2024,0.8229,"Non Basis",-1133147661.21,"Relatif Tertinggal"
kabupaten,13,1311,11,2024,0.2602,"Non Basis",-494448141.25,"Relatif Tertinggal"
kabupaten,13,1311,12,2024,0.4134,"Non Basis",-98449068.8,"Relatif Tertinggal"
kabupaten,13,1311,13,2024,0.0344,"Non Basis",-2102867.71,"Relatif Tertinggal"
kabupaten,13,1311,14,2024,0.8103,"Non Basis",-4366617357.5,"Relatif Tertinggal"
kabupaten,13,1311,15,2024,0.6006,"Non Basis",424905018.2,"Potensial / Cepat Berkembang"
kabupaten,13,1311,16,2024,0.8484,"Non Basis",58187987.15,"Potensial / Cepat Berkembang"
kabupaten,13,1311,17,2024,0.6629,"Non Basis",316083152.02,"Potensial / Cepat Berkembang"
kabupaten,13,1311,1,2025,1.3348,Basis,13844714656.35,"Maju dan Tumbuh Cepat"
kabupaten,13,1311,2,2025,2.0817,Basis,15280593938.65,"Maju dan Tumbuh Cepat"
kabupaten,13,1311,3,2025,0.505,"Non Basis",1654279072.81,"Potensial / Cepat Berkembang"
kabupaten,13,1311,4,2025,0.3677,"Non Basis",25916065.44,"Potensial / Cepat Berkembang"
kabupaten,13,1311,5,2025,0.5322,"Non Basis",81186858.32,"Potensial / Cepat Berkembang"
kabupaten,13,1311,6,2025,1.3078,Basis,7848112996.44,"Maju dan Tumbuh Cepat"
kabupaten,13,1311,7,2025,1.2671,Basis,5652861786.18,"Maju dan Tumbuh Cepat"
kabupaten,13,1311,8,2025,0.6325,"Non Basis",8190358381.78,"Potensial / Cepat Berkembang"
kabupaten,13,1311,9,2025,0.7098,"Non Basis",37830926.71,"Potensial / Cepat Berkembang"
kabupaten,13,1311,10,2025,0.816,"Non Basis",-1214642021.21,"Relatif Tertinggal"
kabupaten,13,1311,11,2025,0.2619,"Non Basis",455798157.22,"Potensial / Cepat Berkembang"
kabupaten,13,1311,12,2025,0.4109,"Non Basis",-43383169.7,"Relatif Tertinggal"
kabupaten,13,1311,13,2025,0.0339,"Non Basis",-7061136.93,"Relatif Tertinggal"
kabupaten,13,1311,14,2025,0.7641,"Non Basis",-11128227748.32,"Relatif Tertinggal"
kabupaten,13,1311,15,2025,0.5954,"Non Basis",-413006519.01,"Relatif Tertinggal"
kabupaten,13,1311,16,2025,0.8212,"Non Basis",-1941673220.57,"Relatif Tertinggal"
kabupaten,13,1311,17,2025,0.6586,"Non Basis",-94233157.37,"Relatif Tertinggal"
kabupaten,13,1312,1,2022,1.9238,Basis,-40406496143.42,"Maju tapi Tertekan"
kabupaten,13,1312,2,2022,0.3874,"Non Basis",3956026895.31,"Potensial / Cepat Berkembang"
kabupaten,13,1312,3,2022,1.5138,Basis,7266980245.21,"Maju dan Tumbuh Cepat"
kabupaten,13,1312,4,2022,0.1909,"Non Basis",39568341.22,"Potensial / Cepat Berkembang"
kabupaten,13,1312,5,2022,0.1156,"Non Basis",-66053165.13,"Relatif Tertinggal"
kabupaten,13,1312,6,2022,0.6942,"Non Basis",27897079691.41,"Potensial / Cepat Berkembang"
kabupaten,13,1312,7,2022,0.7222,"Non Basis",22586836891.89,"Potensial / Cepat Berkembang"
kabupaten,13,1312,8,2022,0.4553,"Non Basis",-6696986689.23,"Relatif Tertinggal"
kabupaten,13,1312,9,2022,0.4851,"Non Basis",-698116536.63,"Relatif Tertinggal"
kabupaten,13,1312,10,2022,0.8666,"Non Basis",13188697891.61,"Potensial / Cepat Berkembang"
kabupaten,13,1312,11,2022,0.5996,"Non Basis",2541529463.8,"Potensial / Cepat Berkembang"
kabupaten,13,1312,12,2022,0.7068,"Non Basis",1417459710.07,"Potensial / Cepat Berkembang"
kabupaten,13,1312,13,2022,0.1236,"Non Basis",43696445.83,"Potensial / Cepat Berkembang"
kabupaten,13,1312,14,2022,0.5972,"Non Basis",-9793972836.61,"Relatif Tertinggal"
kabupaten,13,1312,15,2022,0.5757,"Non Basis",3997769600.43,"Potensial / Cepat Berkembang"
kabupaten,13,1312,16,2022,0.7993,"Non Basis",1387473816.14,"Potensial / Cepat Berkembang"
kabupaten,13,1312,17,2022,0.332,"Non Basis",158054969.14,"Potensial / Cepat Berkembang"
kabupaten,13,1312,1,2023,1.9344,Basis,14340580718.97,"Maju dan Tumbuh Cepat"
kabupaten,13,1312,2,2023,0.3878,"Non Basis",-327592437.36,"Relatif Tertinggal"
kabupaten,13,1312,3,2023,1.4998,Basis,-21140371721.72,"Maju tapi Tertekan"
kabupaten,13,1312,4,2023,0.1902,"Non Basis",-15552731.89,"Relatif Tertinggal"
kabupaten,13,1312,5,2023,0.1174,"Non Basis",18986559.72,"Potensial / Cepat Berkembang"
kabupaten,13,1312,6,2023,0.6958,"Non Basis",-334960611.48,"Relatif Tertinggal"
kabupaten,13,1312,7,2023,0.7286,"Non Basis",9199138553.19,"Potensial / Cepat Berkembang"
kabupaten,13,1312,8,2023,0.4584,"Non Basis",2414123975.05,"Potensial / Cepat Berkembang"
kabupaten,13,1312,9,2023,0.4881,"Non Basis",238947099.79,"Potensial / Cepat Berkembang"
kabupaten,13,1312,10,2023,0.871,"Non Basis",2145142494.22,"Potensial / Cepat Berkembang"
kabupaten,13,1312,11,2023,0.6068,"Non Basis",2056083150.19,"Potensial / Cepat Berkembang"
kabupaten,13,1312,12,2023,0.7101,"Non Basis",337202765.39,"Potensial / Cepat Berkembang"
kabupaten,13,1312,13,2023,0.1241,"Non Basis",7009904.46,"Potensial / Cepat Berkembang"
kabupaten,13,1312,14,2023,0.602,"Non Basis",2127010612.49,"Potensial / Cepat Berkembang"
kabupaten,13,1312,15,2023,0.579,"Non Basis",887090439.68,"Potensial / Cepat Berkembang"
kabupaten,13,1312,16,2023,0.7997,"Non Basis",-395567634.18,"Relatif Tertinggal"
kabupaten,13,1312,17,2023,0.3335,"Non Basis",144419173.01,"Potensial / Cepat Berkembang"
kabupaten,13,1312,1,2024,1.9661,Basis,73919779399.77,"Maju dan Tumbuh Cepat"
kabupaten,13,1312,2,2024,0.3924,"Non Basis",1776112878.28,"Potensial / Cepat Berkembang"
kabupaten,13,1312,3,2024,1.5033,Basis,-892002146.74,"Maju tapi Tertekan"
kabupaten,13,1312,4,2024,0.1911,"Non Basis",5347159.6,"Potensial / Cepat Berkembang"
kabupaten,13,1312,5,2024,0.1155,"Non Basis",-28727128.08,"Relatif Tertinggal"
kabupaten,13,1312,6,2024,0.698,"Non Basis",286548533.08,"Potensial / Cepat Berkembang"
kabupaten,13,1312,7,2024,0.7338,"Non Basis",7079915873.39,"Potensial / Cepat Berkembang"
kabupaten,13,1312,8,2024,0.4591,"Non Basis",-790076936.07,"Relatif Tertinggal"
kabupaten,13,1312,9,2024,0.4976,"Non Basis",1234132104.87,"Potensial / Cepat Berkembang"
kabupaten,13,1312,10,2024,0.8683,"Non Basis",-6065512398.62,"Relatif Tertinggal"
kabupaten,13,1312,11,2024,0.6061,"Non Basis",-960714204.6,"Relatif Tertinggal"
kabupaten,13,1312,12,2024,0.7113,"Non Basis",-213669014.43,"Relatif Tertinggal"
kabupaten,13,1312,13,2024,0.1245,"Non Basis",7640899.04,"Potensial / Cepat Berkembang"
kabupaten,13,1312,14,2024,0.593,"Non Basis",-7957803965.79,"Relatif Tertinggal"
kabupaten,13,1312,15,2024,0.577,"Non Basis",-1921216104.19,"Relatif Tertinggal"
kabupaten,13,1312,16,2024,0.8035,"Non Basis",353625457.58,"Potensial / Cepat Berkembang"
kabupaten,13,1312,17,2024,0.3348,"Non Basis",73119558.74,"Potensial / Cepat Berkembang"
kabupaten,13,1312,1,2025,1.9689,Basis,37312989078.3,"Maju dan Tumbuh Cepat"
kabupaten,13,1312,2,2025,0.3839,"Non Basis",-3389084359.82,"Relatif Tertinggal"
kabupaten,13,1312,3,2025,1.4943,Basis,-1801661950.01,"Maju tapi Tertekan"
kabupaten,13,1312,4,2025,0.1923,"Non Basis",28746062.39,"Potensial / Cepat Berkembang"
kabupaten,13,1312,5,2025,0.1122,"Non Basis",-35660164.27,"Relatif Tertinggal"
kabupaten,13,1312,6,2025,0.692,"Non Basis",-3034111516.94,"Relatif Tertinggal"
kabupaten,13,1312,7,2025,0.7283,"Non Basis",-4230545247.41,"Relatif Tertinggal"
kabupaten,13,1312,8,2025,0.4627,"Non Basis",8266016281.78,"Potensial / Cepat Berkembang"
kabupaten,13,1312,9,2025,0.4942,"Non Basis",-131741330.32,"Relatif Tertinggal"
kabupaten,13,1312,10,2025,0.8581,"Non Basis",-7404034224.28,"Relatif Tertinggal"
kabupaten,13,1312,11,2025,0.5997,"Non Basis",-1409963325.04,"Relatif Tertinggal"
kabupaten,13,1312,12,2025,0.6961,"Non Basis",-3368691492.89,"Relatif Tertinggal"
kabupaten,13,1312,13,2025,0.1226,"Non Basis",-85227028.96,"Relatif Tertinggal"
kabupaten,13,1312,14,2025,0.5842,"Non Basis",-4419005962.23,"Relatif Tertinggal"
kabupaten,13,1312,15,2025,0.5668,"Non Basis",-4156022345.64,"Relatif Tertinggal"
kabupaten,13,1312,16,2025,0.7864,"Non Basis",-3180769607.18,"Relatif Tertinggal"
kabupaten,13,1312,17,2025,0.328,"Non Basis",-1430280458.59,"Relatif Tertinggal"
kabupaten,13,1371,1,2022,0.2113,"Non Basis",-25659727593.85,"Relatif Tertinggal"
kabupaten,13,1371,2,2022,0.7507,"Non Basis",17837387476.37,"Potensial / Cepat Berkembang"
kabupaten,13,1371,3,2022,1.3067,Basis,-75482195133.98,"Maju tapi Tertekan"
kabupaten,13,1371,4,2022,0.9491,"Non Basis",120954553.23,"Potensial / Cepat Berkembang"
kabupaten,13,1371,5,2022,1.6215,Basis,-1626697454.38,"Maju tapi Tertekan"
kabupaten,13,1371,6,2022,1.0583,Basis,100632938246.59,"Maju dan Tumbuh Cepat"
kabupaten,13,1371,7,2022,1.0695,Basis,115222924222.29,"Maju dan Tumbuh Cepat"
kabupaten,13,1371,8,2022,1.5334,Basis,-170735725069.33,"Maju tapi Tertekan"
kabupaten,13,1371,9,2022,0.9198,"Non Basis",-605897465.04,"Relatif Tertinggal"
kabupaten,13,1371,10,2022,1.3023,Basis,5261179202.34,"Maju dan Tumbuh Cepat"
kabupaten,13,1371,11,2022,1.6338,Basis,-25747930679.46,"Maju tapi Tertekan"
kabupaten,13,1371,12,2022,1.5084,Basis,-626924595.23,"Maju tapi Tertekan"
kabupaten,13,1371,13,2022,3.2603,Basis,-5938454311.18,"Maju tapi Tertekan"
kabupaten,13,1371,14,2022,1.0054,Basis,-46919601491.8,"Maju tapi Tertekan"
kabupaten,13,1371,15,2022,1.1958,Basis,-57080967579.96,"Maju tapi Tertekan"
kabupaten,13,1371,16,2022,1.1492,Basis,-319872083.12,"Maju tapi Tertekan"
kabupaten,13,1371,17,2022,1.3305,Basis,2043222081.48,"Maju dan Tumbuh Cepat"
kabupaten,13,1371,1,2023,0.2123,"Non Basis",8491686203.29,"Potensial / Cepat Berkembang"
kabupaten,13,1371,2,2023,0.7497,"Non Basis",-2951208519.7,"Relatif Tertinggal"
kabupaten,13,1371,3,2023,1.278,Basis,-134097788885.23,"Maju tapi Tertekan"
kabupaten,13,1371,4,2023,0.954,"Non Basis",196247721.12,"Potensial / Cepat Berkembang"
kabupaten,13,1371,5,2023,1.6365,Basis,661951549.97,"Maju dan Tumbuh Cepat"
kabupaten,13,1371,6,2023,1.0675,Basis,37451632665.23,"Maju dan Tumbuh Cepat"
kabupaten,13,1371,7,2023,1.0741,Basis,30856842323.17,"Maju dan Tumbuh Cepat"
kabupaten,13,1371,8,2023,1.522,Basis,-65598182034.11,"Maju tapi Tertekan"
kabupaten,13,1371,9,2023,0.9277,"Non Basis",4012585136.51,"Potensial / Cepat Berkembang"
kabupaten,13,1371,10,2023,1.3022,Basis,-4981422672.18,"Maju tapi Tertekan"
kabupaten,13,1371,11,2023,1.5995,Basis,-51804628341.1,"Maju tapi Tertekan"
kabupaten,13,1371,12,2023,1.5123,Basis,2691122309.72,"Maju dan Tumbuh Cepat"
kabupaten,13,1371,13,2023,3.2504,Basis,-2771952878.8,"Maju tapi Tertekan"
kabupaten,13,1371,14,2023,1.009,Basis,7382257884.83,"Maju dan Tumbuh Cepat"
kabupaten,13,1371,15,2023,1.1954,Basis,-2839653938.5,"Maju tapi Tertekan"
kabupaten,13,1371,16,2023,1.1487,Basis,-1253100922.76,"Maju tapi Tertekan"
kabupaten,13,1371,17,2023,1.3254,Basis,-5727336785.61,"Maju tapi Tertekan"
kabupaten,13,1371,1,2024,0.213,"Non Basis",14611267551.38,"Potensial / Cepat Berkembang"
kabupaten,13,1371,2,2024,0.7501,"Non Basis",4692820938.91,"Potensial / Cepat Berkembang"
kabupaten,13,1371,3,2024,1.2643,Basis,-47405490740.45,"Maju tapi Tertekan"
kabupaten,13,1371,4,2024,0.9537,"Non Basis",118829894.45,"Potensial / Cepat Berkembang"
kabupaten,13,1371,5,2024,1.6257,Basis,-319883320.07,"Maju tapi Tertekan"
kabupaten,13,1371,6,2024,1.0628,Basis,-8561267333.24,"Maju tapi Tertekan"
kabupaten,13,1371,7,2024,1.0714,Basis,2307322641.66,"Maju dan Tumbuh Cepat"
kabupaten,13,1371,8,2024,1.5175,Basis,-1861430997.99,"Maju tapi Tertekan"
kabupaten,13,1371,9,2024,0.9139,"Non Basis",-6744070044.02,"Relatif Tertinggal"
kabupaten,13,1371,10,2024,1.2972,Basis,-6777285506.23,"Maju tapi Tertekan"
kabupaten,13,1371,11,2024,1.5882,Basis,-10877716493.66,"Maju tapi Tertekan"
kabupaten,13,1371,12,2024,1.5113,Basis,3260758645.25,"Maju dan Tumbuh Cepat"
kabupaten,13,1371,13,2024,3.2577,Basis,3748942306.57,"Maju dan Tumbuh Cepat"
kabupaten,13,1371,14,2024,0.9853,"Non Basis",-60699246861.72,"Relatif Tertinggal"
kabupaten,13,1371,15,2024,1.1922,Basis,66517832.7,"Maju dan Tumbuh Cepat"
kabupaten,13,1371,16,2024,1.142,Basis,-3152485681.2,"Maju tapi Tertekan"
kabupaten,13,1371,17,2024,1.3254,Basis,3628821541.92,"Maju dan Tumbuh Cepat"
kabupaten,13,1371,1,2025,0.2102,"Non Basis",-23926348228.09,"Relatif Tertinggal"
kabupaten,13,1371,2,2025,0.7571,"Non Basis",19699701842.38,"Potensial / Cepat Berkembang"
kabupaten,13,1371,3,2025,1.2562,Basis,-17272580775.5,"Maju tapi Tertekan"
kabupaten,13,1371,4,2025,0.9532,"Non Basis",155334823.7,"Potensial / Cepat Berkembang"
kabupaten,13,1371,5,2025,1.6097,Basis,-511347022.59,"Maju tapi Tertekan"
kabupaten,13,1371,6,2025,1.0581,Basis,-3883661750.43,"Maju tapi Tertekan"
kabupaten,13,1371,7,2025,1.0724,Basis,43810810453.39,"Maju dan Tumbuh Cepat"
kabupaten,13,1371,8,2025,1.5272,Basis,84131473723.3,"Maju dan Tumbuh Cepat"
kabupaten,13,1371,9,2025,0.9034,"Non Basis",-4414449071.73,"Relatif Tertinggal"
kabupaten,13,1371,10,2025,1.3014,Basis,43909674304.87,"Maju dan Tumbuh Cepat"
kabupaten,13,1371,11,2025,1.5861,Basis,6198962961.97,"Maju dan Tumbuh Cepat"
kabupaten,13,1371,12,2025,1.5191,Basis,15108048419.85,"Maju dan Tumbuh Cepat"
kabupaten,13,1371,13,2025,3.2738,Basis,6829231319.27,"Maju dan Tumbuh Cepat"
kabupaten,13,1371,14,2025,0.9933,"Non Basis",34372312226.45,"Potensial / Cepat Berkembang"
kabupaten,13,1371,15,2025,1.1927,Basis,10673701299.26,"Maju dan Tumbuh Cepat"
kabupaten,13,1371,16,2025,1.1214,Basis,-15608725496.55,"Maju tapi Tertekan"
kabupaten,13,1371,17,2025,1.3398,Basis,20919174205.25,"Maju dan Tumbuh Cepat"
kabupaten,13,1372,1,2022,0.2307,"Non Basis",-69842730.85,"Relatif Tertinggal"
kabupaten,13,1372,2,2022,0.1477,"Non Basis",436160560.79,"Potensial / Cepat Berkembang"
kabupaten,13,1372,3,2022,0.5089,"Non Basis",413197763.82,"Potensial / Cepat Berkembang"
kabupaten,13,1372,4,2022,0.5026,"Non Basis",2402349.32,"Potensial / Cepat Berkembang"
kabupaten,13,1372,5,2022,1.8882,Basis,92451002.48,"Maju dan Tumbuh Cepat"
kabupaten,13,1372,6,2022,1.3228,Basis,3143662976.6,"Maju dan Tumbuh Cepat"
kabupaten,13,1372,7,2022,1.5394,Basis,795260989.34,"Maju dan Tumbuh Cepat"
kabupaten,13,1372,8,2022,1.4906,Basis,-9912151097.25,"Maju tapi Tertekan"
kabupaten,13,1372,9,2022,1.9107,Basis,-1004959114.44,"Maju tapi Tertekan"
kabupaten,13,1372,10,2022,1.0712,Basis,-2701345223.76,"Maju tapi Tertekan"
kabupaten,13,1372,11,2022,1.4386,Basis,1058888350.8,"Maju dan Tumbuh Cepat"
kabupaten,13,1372,12,2022,1.2659,Basis,-297599489.41,"Maju tapi Tertekan"
kabupaten,13,1372,13,2022,0.0364,"Non Basis",-3710941.69,"Relatif Tertinggal"
kabupaten,13,1372,14,2022,1.4063,Basis,-4377361716.18,"Maju tapi Tertekan"
kabupaten,13,1372,15,2022,1.3094,Basis,2854543135.12,"Maju dan Tumbuh Cepat"
kabupaten,13,1372,16,2022,1.0137,Basis,-25993310.9,"Maju tapi Tertekan"
kabupaten,13,1372,17,2022,1.5664,Basis,-1121915274.34,"Maju tapi Tertekan"
kabupaten,13,1372,1,2023,0.2265,"Non Basis",-2655829220.85,"Relatif Tertinggal"
kabupaten,13,1372,2,2023,0.1462,"Non Basis",-153440840.66,"Relatif Tertinggal"
kabupaten,13,1372,3,2023,0.5089,"Non Basis",273706093.36,"Potensial / Cepat Berkembang"
kabupaten,13,1372,4,2023,0.5005,"Non Basis",-3563339.04,"Relatif Tertinggal"
kabupaten,13,1372,5,2023,1.8855,Basis,2014957.73,"Maju dan Tumbuh Cepat"
kabupaten,13,1372,6,2023,1.323,Basis,758641780.92,"Maju dan Tumbuh Cepat"
kabupaten,13,1372,7,2023,1.5379,Basis,693535067.53,"Maju dan Tumbuh Cepat"
kabupaten,13,1372,8,2023,1.4848,Basis,-1080496240.73,"Maju tapi Tertekan"
kabupaten,13,1372,9,2023,1.9139,Basis,244375567.45,"Maju dan Tumbuh Cepat"
kabupaten,13,1372,10,2023,1.0686,Basis,-197740724.09,"Maju tapi Tertekan"
kabupaten,13,1372,11,2023,1.4574,Basis,2026565198.76,"Maju dan Tumbuh Cepat"
kabupaten,13,1372,12,2023,1.2602,Basis,-227734351.38,"Maju tapi Tertekan"
kabupaten,13,1372,13,2023,0.0361,"Non Basis",-3733304.99,"Relatif Tertinggal"
kabupaten,13,1372,14,2023,1.3848,Basis,-3246035513.98,"Maju tapi Tertekan"
kabupaten,13,1372,15,2023,1.3057,Basis,-183370510.93,"Maju tapi Tertekan"
kabupaten,13,1372,16,2023,1.0115,Basis,-21676568.91,"Maju tapi Tertekan"
kabupaten,13,1372,17,2023,1.5593,Basis,-256358936.88,"Maju tapi Tertekan"
kabupaten,13,1372,1,2024,0.2245,"Non Basis",-1132448336.25,"Relatif Tertinggal"
kabupaten,13,1372,2,2024,0.1456,"Non Basis",-39658910.56,"Relatif Tertinggal"
kabupaten,13,1372,3,2024,0.5091,"Non Basis",309898236.16,"Potensial / Cepat Berkembang"
kabupaten,13,1372,4,2024,0.4997,"Non Basis",84867.13,"Potensial / Cepat Berkembang"
kabupaten,13,1372,5,2024,1.8645,Basis,-58554760.01,"Maju tapi Tertekan"
kabupaten,13,1372,6,2024,1.3134,Basis,-2267788113.8,"Maju tapi Tertekan"
kabupaten,13,1372,7,2024,1.5356,Basis,176636529.89,"Maju dan Tumbuh Cepat"
kabupaten,13,1372,8,2024,1.4637,Basis,-6646166684.88,"Maju tapi Tertekan"
kabupaten,13,1372,9,2024,1.9291,Basis,722910982.31,"Maju dan Tumbuh Cepat"
kabupaten,13,1372,10,2024,1.0614,Basis,-1643906849.25,"Maju tapi Tertekan"
kabupaten,13,1372,11,2024,1.4704,Basis,1568623831.07,"Maju dan Tumbuh Cepat"
kabupaten,13,1372,12,2024,1.2535,Basis,-316025605.88,"Maju tapi Tertekan"
kabupaten,13,1372,13,2024,0.0364,"Non Basis",5450748.22,"Potensial / Cepat Berkembang"
kabupaten,13,1372,14,2024,1.3434,Basis,-7380213453.3,"Maju tapi Tertekan"
kabupaten,13,1372,15,2024,1.2993,Basis,-569606750.26,"Maju tapi Tertekan"
kabupaten,13,1372,16,2024,1.0016,Basis,-464579338.6,"Maju tapi Tertekan"
kabupaten,13,1372,17,2024,1.5539,Basis,-179901076.82,"Maju tapi Tertekan"
kabupaten,13,1372,1,2025,0.2195,"Non Basis",-3357676756.52,"Relatif Tertinggal"
kabupaten,13,1372,2,2025,0.1465,"Non Basis",160353015.07,"Potensial / Cepat Berkembang"
kabupaten,13,1372,3,2025,0.5127,"Non Basis",1524173082.21,"Potensial / Cepat Berkembang"
kabupaten,13,1372,4,2025,0.4943,"Non Basis",-14169291.74,"Relatif Tertinggal"
kabupaten,13,1372,5,2025,1.8471,Basis,-43286447.64,"Maju tapi Tertekan"
kabupaten,13,1372,6,2025,1.3348,Basis,7481678487.22,"Maju dan Tumbuh Cepat"
kabupaten,13,1372,7,2025,1.5385,Basis,3754359673.89,"Maju dan Tumbuh Cepat"
kabupaten,13,1372,8,2025,1.4811,Basis,7469912618.85,"Maju dan Tumbuh Cepat"
kabupaten,13,1372,9,2025,1.9657,Basis,1656583894.45,"Maju dan Tumbuh Cepat"
kabupaten,13,1372,10,2025,1.0598,Basis,281412664.06,"Maju dan Tumbuh Cepat"
kabupaten,13,1372,11,2025,1.482,Basis,1625072304.21,"Maju dan Tumbuh Cepat"
kabupaten,13,1372,12,2025,1.2456,Basis,-369267192.46,"Maju tapi Tertekan"
kabupaten,13,1372,13,2025,0.0358,"Non Basis",-8709331.43,"Relatif Tertinggal"
kabupaten,13,1372,14,2025,1.3415,Basis,240525674,"Maju dan Tumbuh Cepat"
kabupaten,13,1372,15,2025,1.2875,Basis,-1270236349.55,"Maju tapi Tertekan"
kabupaten,13,1372,16,2025,0.9883,"Non Basis",-687188345.65,"Relatif Tertinggal"
kabupaten,13,1372,17,2025,1.546,Basis,-307299365.13,"Maju tapi Tertekan"
kabupaten,13,1373,1,2022,0.381,"Non Basis",3297575593.03,"Potensial / Cepat Berkembang"
kabupaten,13,1373,2,2022,1.2606,Basis,-7344512951.6,"Maju tapi Tertekan"
kabupaten,13,1373,3,2022,1.1998,Basis,2586793624.39,"Maju dan Tumbuh Cepat"
kabupaten,13,1373,4,2022,20.002,Basis,-698620060.44,"Maju tapi Tertekan"
kabupaten,13,1373,5,2022,3.6241,Basis,-505298490.65,"Maju tapi Tertekan"
kabupaten,13,1373,6,2022,1.1398,Basis,2001026490.97,"Maju dan Tumbuh Cepat"
kabupaten,13,1373,7,2022,0.9781,"Non Basis",-2391661643.69,"Relatif Tertinggal"
kabupaten,13,1373,8,2022,0.8238,"Non Basis",-5374219036.23,"Relatif Tertinggal"
kabupaten,13,1373,9,2022,1.701,Basis,-2085134192.15,"Maju tapi Tertekan"
kabupaten,13,1373,10,2022,1.1591,Basis,-3502435759.31,"Maju tapi Tertekan"
kabupaten,13,1373,11,2022,1.1346,Basis,963869904.35,"Maju dan Tumbuh Cepat"
kabupaten,13,1373,12,2022,0.8903,"Non Basis",77533792.25,"Potensial / Cepat Berkembang"
kabupaten,13,1373,13,2022,0.2982,"Non Basis",-88221840.44,"Relatif Tertinggal"
kabupaten,13,1373,14,2022,2.1136,Basis,3856555767.27,"Maju dan Tumbuh Cepat"
kabupaten,13,1373,15,2022,0.7364,"Non Basis",-1001857980.97,"Relatif Tertinggal"
kabupaten,13,1373,16,2022,0.7691,"Non Basis",-20064726.5,"Relatif Tertinggal"
kabupaten,13,1373,17,2022,2.6123,Basis,-3300737412.12,"Maju tapi Tertekan"
kabupaten,13,1373,1,2023,0.3777,"Non Basis",-2660045281.46,"Relatif Tertinggal"
kabupaten,13,1373,2,2023,1.196,Basis,-7889460052.74,"Maju tapi Tertekan"
kabupaten,13,1373,3,2023,1.2248,Basis,6486989130.88,"Maju dan Tumbuh Cepat"
kabupaten,13,1373,4,2023,19.99,Basis,-132469476.82,"Maju tapi Tertekan"
kabupaten,13,1373,5,2023,3.6809,Basis,154778343.81,"Maju dan Tumbuh Cepat"
kabupaten,13,1373,6,2023,1.1413,Basis,-65819132.53,"Maju tapi Tertekan"
kabupaten,13,1373,7,2023,0.9821,"Non Basis",1223619697.39,"Potensial / Cepat Berkembang"
kabupaten,13,1373,8,2023,0.8238,"Non Basis",-419062441.54,"Relatif Tertinggal"
kabupaten,13,1373,9,2023,1.6753,Basis,-1001263833.61,"Maju tapi Tertekan"
kabupaten,13,1373,10,2023,1.1615,Basis,161577915.77,"Maju dan Tumbuh Cepat"
kabupaten,13,1373,11,2023,1.1458,Basis,850574153.95,"Maju dan Tumbuh Cepat"
kabupaten,13,1373,12,2023,0.8913,"Non Basis",-25516072.88,"Relatif Tertinggal"
kabupaten,13,1373,13,2023,0.294,"Non Basis",-64358961.53,"Relatif Tertinggal"
kabupaten,13,1373,14,2023,2.0889,Basis,-4571888512.4,"Maju tapi Tertekan"
kabupaten,13,1373,15,2023,0.7383,"Non Basis",92645083,"Potensial / Cepat Berkembang"
kabupaten,13,1373,16,2023,0.7693,"Non Basis",-53956590.42,"Relatif Tertinggal"
kabupaten,13,1373,17,2023,2.6023,Basis,-816744427.74,"Maju tapi Tertekan"
kabupaten,13,1373,1,2024,0.377,"Non Basis",-1341771530.56,"Relatif Tertinggal"
kabupaten,13,1373,2,2024,1.0834,Basis,-14309607755.29,"Maju tapi Tertekan"
kabupaten,13,1373,3,2024,1.2353,Basis,1825121665.93,"Maju dan Tumbuh Cepat"
kabupaten,13,1373,4,2024,20.0147,Basis,-134689969.77,"Maju tapi Tertekan"
kabupaten,13,1373,5,2024,3.6517,Basis,-129928400.95,"Maju tapi Tertekan"
kabupaten,13,1373,6,2024,1.1344,Basis,-3170185661.52,"Maju tapi Tertekan"
kabupaten,13,1373,7,2024,0.9916,"Non Basis",3319270465.03,"Potensial / Cepat Berkembang"
kabupaten,13,1373,8,2024,0.8251,"Non Basis",-514575559.91,"Relatif Tertinggal"
kabupaten,13,1373,9,2024,1.6982,Basis,637979331.27,"Maju dan Tumbuh Cepat"
kabupaten,13,1373,10,2024,1.1563,Basis,-2640918298.85,"Maju tapi Tertekan"
kabupaten,13,1373,11,2024,1.1336,Basis,-1538757679,"Maju tapi Tertekan"
kabupaten,13,1373,12,2024,0.8866,"Non Basis",-514728760.62,"Relatif Tertinggal"
kabupaten,13,1373,13,2024,0.2963,"Non Basis",19271197.74,"Potensial / Cepat Berkembang"
kabupaten,13,1373,14,2024,2.0068,Basis,-16015662613.49,"Maju tapi Tertekan"
kabupaten,13,1373,15,2024,0.7386,"Non Basis",-277022023.41,"Relatif Tertinggal"
kabupaten,13,1373,16,2024,0.7678,"Non Basis",-224408820.38,"Relatif Tertinggal"
kabupaten,13,1373,17,2024,2.6485,Basis,2316602325.48,"Maju dan Tumbuh Cepat"
kabupaten,13,1373,1,2025,0.3696,"Non Basis",-5039833770.29,"Relatif Tertinggal"
kabupaten,13,1373,2,2025,1.1069,Basis,3000825551.74,"Maju dan Tumbuh Cepat"
kabupaten,13,1373,3,2025,1.2418,Basis,2194997166.65,"Maju dan Tumbuh Cepat"
kabupaten,13,1373,4,2025,19.8553,Basis,-468859871.96,"Maju tapi Tertekan"
kabupaten,13,1373,5,2025,3.674,Basis,76694045.17,"Maju dan Tumbuh Cepat"
kabupaten,13,1373,6,2025,1.1348,Basis,316036709.97,"Maju dan Tumbuh Cepat"
kabupaten,13,1373,7,2025,0.9982,"Non Basis",4002800698.81,"Potensial / Cepat Berkembang"
kabupaten,13,1373,8,2025,0.839,"Non Basis",4907418940.54,"Potensial / Cepat Berkembang"
kabupaten,13,1373,9,2025,1.7064,Basis,354424551.43,"Maju dan Tumbuh Cepat"
kabupaten,13,1373,10,2025,1.1526,Basis,-916085409.45,"Maju tapi Tertekan"
kabupaten,13,1373,11,2025,1.1279,Basis,-514871227.72,"Maju tapi Tertekan"
kabupaten,13,1373,12,2025,0.8816,"Non Basis",-311014377.36,"Relatif Tertinggal"
kabupaten,13,1373,13,2025,0.296,"Non Basis",-1844833.75,"Relatif Tertinggal"
kabupaten,13,1373,14,2025,2.0084,Basis,522918143.68,"Maju dan Tumbuh Cepat"
kabupaten,13,1373,15,2025,0.7376,"Non Basis",-84248189.13,"Relatif Tertinggal"
kabupaten,13,1373,16,2025,0.7065,"Non Basis",-3574999852.61,"Relatif Tertinggal"
kabupaten,13,1373,17,2025,2.6259,Basis,-1411775307.55,"Maju tapi Tertekan"
kabupaten,13,1374,1,2022,0.2265,"Non Basis",2473436366.83,"Potensial / Cepat Berkembang"
kabupaten,13,1374,2,2022,0.0589,"Non Basis",11852836.17,"Potensial / Cepat Berkembang"
kabupaten,13,1374,3,2022,0.9714,"Non Basis",1567062712.7,"Potensial / Cepat Berkembang"
kabupaten,13,1374,4,2022,0.5877,"Non Basis",151109.08,"Potensial / Cepat Berkembang"
kabupaten,13,1374,5,2022,2.5763,Basis,21101599.46,"Maju dan Tumbuh Cepat"
kabupaten,13,1374,6,2022,0.9782,"Non Basis",-147597257.82,"Relatif Tertinggal"
kabupaten,13,1374,7,2022,1.1047,Basis,-1532393261.3,"Maju tapi Tertekan"
kabupaten,13,1374,8,2022,1.2121,Basis,-8548117840.61,"Maju tapi Tertekan"
kabupaten,13,1374,9,2022,2.0351,Basis,-3003402849.2,"Maju tapi Tertekan"
kabupaten,13,1374,10,2022,1.4321,Basis,-1571369732.3,"Maju tapi Tertekan"
kabupaten,13,1374,11,2022,1.3476,Basis,-13301219.66,"Maju tapi Tertekan"
kabupaten,13,1374,12,2022,1.7291,Basis,-325068218.43,"Maju tapi Tertekan"
kabupaten,13,1374,13,2022,0.1763,"Non Basis",-15836465.16,"Relatif Tertinggal"
kabupaten,13,1374,14,2022,1.5249,Basis,-4475584409.25,"Maju tapi Tertekan"
kabupaten,13,1374,15,2022,2.1174,Basis,190620580.06,"Maju dan Tumbuh Cepat"
kabupaten,13,1374,16,2022,0.9295,"Non Basis",-37785753.19,"Relatif Tertinggal"
kabupaten,13,1374,17,2022,2.3601,Basis,-916001702.29,"Maju tapi Tertekan"
kabupaten,13,1374,1,2023,0.2224,"Non Basis",-2292509428.66,"Relatif Tertinggal"
kabupaten,13,1374,2,2023,0.0586,"Non Basis",-9916272.16,"Relatif Tertinggal"
kabupaten,13,1374,3,2023,0.9854,"Non Basis",4216365390.22,"Potensial / Cepat Berkembang"
kabupaten,13,1374,4,2023,0.5842,"Non Basis",-6471465.66,"Relatif Tertinggal"
kabupaten,13,1374,5,2023,2.5722,Basis,3840776.07,"Maju dan Tumbuh Cepat"
kabupaten,13,1374,6,2023,0.9814,"Non Basis",1397815630.53,"Potensial / Cepat Berkembang"
kabupaten,13,1374,7,2023,1.099,Basis,-1620654865.97,"Maju tapi Tertekan"
kabupaten,13,1374,8,2023,1.2078,Basis,-498611938.45,"Maju tapi Tertekan"
kabupaten,13,1374,9,2023,2.0086,Basis,-735980388.79,"Maju tapi Tertekan"
kabupaten,13,1374,10,2023,1.4274,Basis,-448879219,"Maju tapi Tertekan"
kabupaten,13,1374,11,2023,1.3551,Basis,875989676.9,"Maju dan Tumbuh Cepat"
kabupaten,13,1374,12,2023,1.7228,Basis,-151288363.95,"Maju tapi Tertekan"
kabupaten,13,1374,13,2023,0.1754,"Non Basis",-5948176.68,"Relatif Tertinggal"
kabupaten,13,1374,14,2023,1.5149,Basis,-1038102664,"Maju tapi Tertekan"
kabupaten,13,1374,15,2023,2.1106,Basis,-281265174.4,"Maju tapi Tertekan"
kabupaten,13,1374,16,2023,0.9287,"Non Basis",58298116.07,"Potensial / Cepat Berkembang"
kabupaten,13,1374,17,2023,2.3566,Basis,81622769.45,"Maju dan Tumbuh Cepat"
kabupaten,13,1374,1,2024,0.2179,"Non Basis",-2665736262.11,"Relatif Tertinggal"
kabupaten,13,1374,2,2024,0.0578,"Non Basis",-88267889.07,"Relatif Tertinggal"
kabupaten,13,1374,3,2024,0.9788,"Non Basis",-1387640647.74,"Relatif Tertinggal"
kabupaten,13,1374,4,2024,0.579,"Non Basis",-12993157.59,"Relatif Tertinggal"
kabupaten,13,1374,5,2024,2.5883,Basis,57690267.83,"Maju dan Tumbuh Cepat"
kabupaten,13,1374,6,2024,0.9818,"Non Basis",472734059.22,"Potensial / Cepat Berkembang"
kabupaten,13,1374,7,2024,1.0929,Basis,-2301638858.93,"Maju tapi Tertekan"
kabupaten,13,1374,8,2024,1.1834,Basis,-7307735319.25,"Maju tapi Tertekan"
kabupaten,13,1374,9,2024,2.0455,Basis,1385232523.17,"Maju dan Tumbuh Cepat"
kabupaten,13,1374,10,2024,1.4277,Basis,640912474.45,"Maju dan Tumbuh Cepat"
kabupaten,13,1374,11,2024,1.3628,Basis,868642888.83,"Maju dan Tumbuh Cepat"
kabupaten,13,1374,12,2024,1.7193,Basis,-71148728.8,"Maju tapi Tertekan"
kabupaten,13,1374,13,2024,0.1747,"Non Basis",-6694825.02,"Relatif Tertinggal"
kabupaten,13,1374,14,2024,1.4849,Basis,-4721469907.24,"Maju tapi Tertekan"
kabupaten,13,1374,15,2024,2.0965,Basis,-1371707923.05,"Maju tapi Tertekan"
kabupaten,13,1374,16,2024,0.9185,"Non Basis",-457153111.54,"Relatif Tertinggal"
kabupaten,13,1374,17,2024,2.3674,Basis,825295674.71,"Maju dan Tumbuh Cepat"
kabupaten,13,1374,1,2025,0.217,"Non Basis",-287657777.41,"Relatif Tertinggal"
kabupaten,13,1374,2,2025,0.0579,"Non Basis",26235820.44,"Potensial / Cepat Berkembang"
kabupaten,13,1374,3,2025,0.9816,"Non Basis",1437078619.47,"Potensial / Cepat Berkembang"
kabupaten,13,1374,4,2025,0.5694,"Non Basis",-24681434.81,"Relatif Tertinggal"
kabupaten,13,1374,5,2025,2.5285,Basis,-158908624.23,"Maju tapi Tertekan"
kabupaten,13,1374,6,2025,0.9871,"Non Basis",2081425308.61,"Potensial / Cepat Berkembang"
kabupaten,13,1374,7,2025,1.0962,Basis,3103880337.25,"Maju dan Tumbuh Cepat"
kabupaten,13,1374,8,2025,1.1975,Basis,5430547201.68,"Maju dan Tumbuh Cepat"
kabupaten,13,1374,9,2025,2.074,Basis,1202116140.58,"Maju dan Tumbuh Cepat"
kabupaten,13,1374,10,2025,1.4215,Basis,-832872921.23,"Maju tapi Tertekan"
kabupaten,13,1374,11,2025,1.3534,Basis,-608665212.16,"Maju tapi Tertekan"
kabupaten,13,1374,12,2025,1.7133,Basis,-133467410.74,"Maju tapi Tertekan"
kabupaten,13,1374,13,2025,0.1741,"Non Basis",-3189131.21,"Relatif Tertinggal"
kabupaten,13,1374,14,2025,1.4491,Basis,-5581916312.79,"Maju tapi Tertekan"
kabupaten,13,1374,15,2025,2.0698,Basis,-2812217410.15,"Maju tapi Tertekan"
kabupaten,13,1374,16,2025,0.8812,"Non Basis",-1952737016.49,"Relatif Tertinggal"
kabupaten,13,1374,17,2025,2.3767,Basis,935623357.6,"Maju dan Tumbuh Cepat"
kabupaten,13,1375,1,2022,0.0513,"Non Basis",-559873011.08,"Relatif Tertinggal"
kabupaten,13,1375,2,2022,0.0005,"Non Basis",-2324206.5,"Relatif Tertinggal"
kabupaten,13,1375,3,2022,0.6197,"Non Basis",5722548487.92,"Potensial / Cepat Berkembang"
kabupaten,13,1375,4,2022,6.7121,Basis,176683013.06,"Maju dan Tumbuh Cepat"
kabupaten,13,1375,5,2022,1.3513,Basis,-361214237.44,"Maju tapi Tertekan"
kabupaten,13,1375,6,2022,0.6907,"Non Basis",-2378194600.82,"Relatif Tertinggal"
kabupaten,13,1375,7,2022,2.0098,Basis,-14285017099.53,"Maju tapi Tertekan"
kabupaten,13,1375,8,2022,1.0363,Basis,-18716631253.89,"Maju tapi Tertekan"
kabupaten,13,1375,9,2022,3.6205,Basis,-4833445297.45,"Maju tapi Tertekan"
kabupaten,13,1375,10,2022,1.1107,Basis,-3775993117.15,"Maju tapi Tertekan"
kabupaten,13,1375,11,2022,1.885,Basis,-1619309826.1,"Maju tapi Tertekan"
kabupaten,13,1375,12,2022,1.6162,Basis,-1743813460.42,"Maju tapi Tertekan"
kabupaten,13,1375,13,2022,1.48,Basis,-150866530.66,"Maju tapi Tertekan"
kabupaten,13,1375,14,2022,0.9419,"Non Basis",-5092288228.69,"Relatif Tertinggal"
kabupaten,13,1375,15,2022,1.3108,Basis,-6135365775.54,"Maju tapi Tertekan"
kabupaten,13,1375,16,2022,2.3519,Basis,-1073749807.99,"Maju tapi Tertekan"
kabupaten,13,1375,17,2022,2.0732,Basis,1553548330.89,"Maju dan Tumbuh Cepat"
kabupaten,13,1375,1,2023,0.0497,"Non Basis",-2284529674.19,"Relatif Tertinggal"
kabupaten,13,1375,2,2023,0.0005,"Non Basis",-5584262.06,"Relatif Tertinggal"
kabupaten,13,1375,3,2023,0.6381,"Non Basis",12142138839.16,"Potensial / Cepat Berkembang"
kabupaten,13,1375,4,2023,6.6685,Basis,-221762886.03,"Maju tapi Tertekan"
kabupaten,13,1375,5,2023,1.3527,Basis,24527964.45,"Maju dan Tumbuh Cepat"
kabupaten,13,1375,6,2023,0.6901,"Non Basis",363954694.32,"Potensial / Cepat Berkembang"
kabupaten,13,1375,7,2023,2.0017,Basis,-5674803181.13,"Maju tapi Tertekan"
kabupaten,13,1375,8,2023,1.0343,Basis,-248539695.68,"Maju tapi Tertekan"
kabupaten,13,1375,9,2023,3.5293,Basis,-6734418902.54,"Maju tapi Tertekan"
kabupaten,13,1375,10,2023,1.0993,Basis,-5966299784.63,"Maju tapi Tertekan"
kabupaten,13,1375,11,2023,1.8782,Basis,-748309273.46,"Maju tapi Tertekan"
kabupaten,13,1375,12,2023,1.6051,Basis,-1194315312.35,"Maju tapi Tertekan"
kabupaten,13,1375,13,2023,1.4765,Basis,-34471011.96,"Maju tapi Tertekan"
kabupaten,13,1375,14,2023,0.9318,"Non Basis",-3148272820.49,"Relatif Tertinggal"
kabupaten,13,1375,15,2023,1.3046,Basis,-1164503033.59,"Maju tapi Tertekan"
kabupaten,13,1375,16,2023,2.3381,Basis,-1158313478.74,"Maju tapi Tertekan"
kabupaten,13,1375,17,2023,2.059,Basis,-1417594418.45,"Maju tapi Tertekan"
kabupaten,13,1375,1,2024,0.049,"Non Basis",-1068502243.18,"Relatif Tertinggal"
kabupaten,13,1375,2,2024,0.0004,"Non Basis",-4760698.42,"Relatif Tertinggal"
kabupaten,13,1375,3,2024,0.6395,"Non Basis",1532319513.68,"Potensial / Cepat Berkembang"
kabupaten,13,1375,4,2024,6.6689,Basis,72475468.1,"Maju dan Tumbuh Cepat"
kabupaten,13,1375,5,2024,1.3673,Basis,116035534.34,"Maju dan Tumbuh Cepat"
kabupaten,13,1375,6,2024,0.683,"Non Basis",-4085803953.04,"Relatif Tertinggal"
kabupaten,13,1375,7,2024,1.9981,Basis,-738953685.03,"Maju tapi Tertekan"
kabupaten,13,1375,8,2024,1.0271,Basis,-4324525396.95,"Maju tapi Tertekan"
kabupaten,13,1375,9,2024,3.415,Basis,-9081011427.95,"Maju tapi Tertekan"
kabupaten,13,1375,10,2024,1.0846,Basis,-8444630056.85,"Maju tapi Tertekan"
kabupaten,13,1375,11,2024,1.8845,Basis,1940912696.3,"Maju dan Tumbuh Cepat"
kabupaten,13,1375,12,2024,1.5995,Basis,-475231654.54,"Maju tapi Tertekan"
kabupaten,13,1375,13,2024,1.4777,Basis,108077782.59,"Maju dan Tumbuh Cepat"
kabupaten,13,1375,14,2024,0.9112,"Non Basis",-7763577960.35,"Relatif Tertinggal"
kabupaten,13,1375,15,2024,1.2986,Basis,-1210050070.48,"Maju tapi Tertekan"
kabupaten,13,1375,16,2024,2.3321,Basis,-315792701.15,"Maju tapi Tertekan"
kabupaten,13,1375,17,2024,2.0239,Basis,-4462236318.03,"Maju tapi Tertekan"
kabupaten,13,1375,1,2025,0.0474,"Non Basis",-2321611147.66,"Relatif Tertinggal"
kabupaten,13,1375,2,2025,0.0004,"Non Basis",-1145464.3,"Relatif Tertinggal"
kabupaten,13,1375,3,2025,0.6331,"Non Basis",-3602416139.68,"Relatif Tertinggal"
kabupaten,13,1375,4,2025,6.6325,Basis,-173398028.66,"Maju tapi Tertekan"
kabupaten,13,1375,5,2025,1.3313,Basis,-236430184.8,"Maju tapi Tertekan"
kabupaten,13,1375,6,2025,0.6827,"Non Basis",634814277.13,"Potensial / Cepat Berkembang"
kabupaten,13,1375,7,2025,1.9912,Basis,-4095335440.14,"Maju tapi Tertekan"
kabupaten,13,1375,8,2025,1.0391,Basis,10604661156.26,"Maju dan Tumbuh Cepat"
kabupaten,13,1375,9,2025,3.3811,Basis,-2381944498.5,"Maju tapi Tertekan"
kabupaten,13,1375,10,2025,1.0808,Basis,-1300322725.75,"Maju tapi Tertekan"
kabupaten,13,1375,11,2025,1.8559,Basis,-5837368554.9,"Maju tapi Tertekan"
kabupaten,13,1375,12,2025,1.5737,Basis,-3605419886.31,"Maju tapi Tertekan"
kabupaten,13,1375,13,2025,1.4521,Basis,-775706113.69,"Maju tapi Tertekan"
kabupaten,13,1375,14,2025,0.9115,"Non Basis",800299994.91,"Potensial / Cepat Berkembang"
kabupaten,13,1375,15,2025,1.2982,Basis,603154740.93,"Maju dan Tumbuh Cepat"
kabupaten,13,1375,16,2025,2.3075,Basis,-2682312123.05,"Maju tapi Tertekan"
kabupaten,13,1375,17,2025,2.0032,Basis,-2581142531.57,"Maju tapi Tertekan"
kabupaten,13,1376,1,2022,0.2711,"Non Basis",-2809018946.33,"Relatif Tertinggal"
kabupaten,13,1376,2,2022,0.1295,"Non Basis",608400764.71,"Potensial / Cepat Berkembang"
kabupaten,13,1376,3,2022,0.558,"Non Basis",929209267.05,"Potensial / Cepat Berkembang"
kabupaten,13,1376,4,2022,0.5785,"Non Basis",-5547128.93,"Relatif Tertinggal"
kabupaten,13,1376,5,2022,3.1546,Basis,327900428.02,"Maju dan Tumbuh Cepat"
kabupaten,13,1376,6,2022,1.3501,Basis,4827227355.89,"Maju dan Tumbuh Cepat"
kabupaten,13,1376,7,2022,1.439,Basis,-514972343.41,"Maju tapi Tertekan"
kabupaten,13,1376,8,2022,1.2063,Basis,-14637274428.96,"Maju tapi Tertekan"
kabupaten,13,1376,9,2022,2.5465,Basis,-799318668.7,"Maju tapi Tertekan"
kabupaten,13,1376,10,2022,1.3022,Basis,-1104707341.05,"Maju tapi Tertekan"
kabupaten,13,1376,11,2022,1.982,Basis,-1431219162.96,"Maju tapi Tertekan"
kabupaten,13,1376,12,2022,1.3703,Basis,-817528058.16,"Maju tapi Tertekan"
kabupaten,13,1376,13,2022,0.586,"Non Basis",-72040695.8,"Relatif Tertinggal"
kabupaten,13,1376,14,2022,1.1538,Basis,-5902601700.13,"Maju tapi Tertekan"
kabupaten,13,1376,15,2022,1.0666,Basis,348072860.62,"Maju dan Tumbuh Cepat"
kabupaten,13,1376,16,2022,1.0824,Basis,-103646678.49,"Maju tapi Tertekan"
kabupaten,13,1376,17,2022,1.8252,Basis,-5601044225.96,"Maju tapi Tertekan"
kabupaten,13,1376,1,2023,0.264,"Non Basis",-7552631913.55,"Relatif Tertinggal"
kabupaten,13,1376,2,2023,0.1272,"Non Basis",-419872085.23,"Relatif Tertinggal"
kabupaten,13,1376,3,2023,0.5556,"Non Basis",-898082970.37,"Relatif Tertinggal"
kabupaten,13,1376,4,2023,0.5753,"Non Basis",-13832384.95,"Relatif Tertinggal"
kabupaten,13,1376,5,2023,3.1802,Basis,137369932.8,"Maju dan Tumbuh Cepat"
kabupaten,13,1376,6,2023,1.349,Basis,-92714156.08,"Maju tapi Tertekan"
kabupaten,13,1376,7,2023,1.4387,Basis,627350377.04,"Maju dan Tumbuh Cepat"
kabupaten,13,1376,8,2023,1.2033,Basis,-1098073049.9,"Maju tapi Tertekan"
kabupaten,13,1376,9,2023,2.5271,Basis,-1011117485.68,"Maju tapi Tertekan"
kabupaten,13,1376,10,2023,1.2945,Basis,-3041214274.26,"Maju tapi Tertekan"
kabupaten,13,1376,11,2023,1.989,Basis,1233866146.26,"Maju dan Tumbuh Cepat"
kabupaten,13,1376,12,2023,1.3645,Basis,-495053676.16,"Maju tapi Tertekan"
kabupaten,13,1376,13,2023,0.5836,"Non Basis",-44021059.48,"Relatif Tertinggal"
kabupaten,13,1376,14,2023,1.1476,Basis,-1438924679.09,"Maju tapi Tertekan"
kabupaten,13,1376,15,2023,1.064,Basis,-380527767.02,"Maju tapi Tertekan"
kabupaten,13,1376,16,2023,1.0771,Basis,-382138551.3,"Maju tapi Tertekan"
kabupaten,13,1376,17,2023,1.8116,Basis,-1165838250.18,"Maju tapi Tertekan"
kabupaten,13,1376,1,2024,0.2582,"Non Basis",-6009181454.37,"Relatif Tertinggal"
kabupaten,13,1376,2,2024,0.1245,"Non Basis",-513562826.08,"Relatif Tertinggal"
kabupaten,13,1376,3,2024,0.5569,"Non Basis",980223206.15,"Potensial / Cepat Berkembang"
kabupaten,13,1376,4,2024,0.5754,"Non Basis",5120140.03,"Potensial / Cepat Berkembang"
kabupaten,13,1376,5,2024,3.1263,Basis,-250418987.01,"Maju tapi Tertekan"
kabupaten,13,1376,6,2024,1.3355,Basis,-5476861160,"Maju tapi Tertekan"
kabupaten,13,1376,7,2024,1.4376,Basis,953270339.98,"Maju dan Tumbuh Cepat"
kabupaten,13,1376,8,2024,1.1849,Basis,-9224068291.57,"Maju tapi Tertekan"
kabupaten,13,1376,9,2024,2.556,Basis,1988912021.22,"Maju dan Tumbuh Cepat"
kabupaten,13,1376,10,2024,1.2844,Basis,-3811909791.25,"Maju tapi Tertekan"
kabupaten,13,1376,11,2024,2.0046,Basis,2934553562.24,"Maju dan Tumbuh Cepat"
kabupaten,13,1376,12,2024,1.359,Basis,-367747200.24,"Maju tapi Tertekan"
kabupaten,13,1376,13,2024,0.5829,"Non Basis",3436099.64,"Potensial / Cepat Berkembang"
kabupaten,13,1376,14,2024,1.1258,Basis,-5872276487.57,"Maju tapi Tertekan"
kabupaten,13,1376,15,2024,1.061,Basis,-283562520.92,"Maju tapi Tertekan"
kabupaten,13,1376,16,2024,1.0733,Basis,-191249097.29,"Maju tapi Tertekan"
kabupaten,13,1376,17,2024,1.799,Basis,-998746400.21,"Maju tapi Tertekan"
kabupaten,13,1376,1,2025,0.2511,"Non Basis",-7702987620.72,"Relatif Tertinggal"
kabupaten,13,1376,2,2025,0.1235,"Non Basis",-158638396.56,"Relatif Tertinggal"
kabupaten,13,1376,3,2025,0.569,"Non Basis",6482126350.45,"Potensial / Cepat Berkembang"
kabupaten,13,1376,4,2025,0.5696,"Non Basis",-25351082.21,"Relatif Tertinggal"
kabupaten,13,1376,5,2025,3.1324,Basis,59333675.56,"Maju dan Tumbuh Cepat"
kabupaten,13,1376,6,2025,1.3562,Basis,10958047621.25,"Maju dan Tumbuh Cepat"
kabupaten,13,1376,7,2025,1.4388,Basis,3362268223.97,"Maju dan Tumbuh Cepat"
kabupaten,13,1376,8,2025,1.1863,Basis,1907935509.16,"Maju dan Tumbuh Cepat"
kabupaten,13,1376,9,2025,2.5829,Basis,1961219787.49,"Maju dan Tumbuh Cepat"
kabupaten,13,1376,10,2025,1.2833,Basis,577719790.61,"Maju dan Tumbuh Cepat"
kabupaten,13,1376,11,2025,1.9991,Basis,-342899162.26,"Maju tapi Tertekan"
kabupaten,13,1376,12,2025,1.3571,Basis,54451078,"Maju dan Tumbuh Cepat"
kabupaten,13,1376,13,2025,0.5776,"Non Basis",-104079370.75,"Relatif Tertinggal"
kabupaten,13,1376,14,2025,1.1164,Basis,-2246787074.67,"Maju tapi Tertekan"
kabupaten,13,1376,15,2025,1.0541,Basis,-1128658684.38,"Maju tapi Tertekan"
kabupaten,13,1376,16,2025,1.0621,Basis,-900291948.43,"Maju tapi Tertekan"
kabupaten,13,1376,17,2025,1.7891,Basis,-748089114.21,"Maju tapi Tertekan"
kabupaten,13,1377,1,2022,0.7512,"Non Basis",-14037596756.99,"Relatif Tertinggal"
kabupaten,13,1377,2,2022,0.4486,"Non Basis",451799986.97,"Potensial / Cepat Berkembang"
kabupaten,13,1377,3,2022,0.8149,"Non Basis",1540515197.82,"Potensial / Cepat Berkembang"
kabupaten,13,1377,4,2022,0.5557,"Non Basis",-3677938.07,"Relatif Tertinggal"
kabupaten,13,1377,5,2022,0.3688,"Non Basis",18650596.98,"Potensial / Cepat Berkembang"
kabupaten,13,1377,6,2022,1.6002,Basis,-1887389254.73,"Maju tapi Tertekan"
kabupaten,13,1377,7,2022,0.9673,"Non Basis",-5438412452.56,"Relatif Tertinggal"
kabupaten,13,1377,8,2022,0.9828,"Non Basis",-3311831004.31,"Relatif Tertinggal"
kabupaten,13,1377,9,2022,1.6402,Basis,-3591175197.04,"Maju tapi Tertekan"
kabupaten,13,1377,10,2022,1.2714,Basis,-3418584474.03,"Maju tapi Tertekan"
kabupaten,13,1377,11,2022,0.9698,"Non Basis",-250832826.49,"Relatif Tertinggal"
kabupaten,13,1377,12,2022,1.441,Basis,-267890199.31,"Maju tapi Tertekan"
kabupaten,13,1377,13,2022,0.3305,"Non Basis",-49354665.52,"Relatif Tertinggal"
kabupaten,13,1377,14,2022,0.9825,"Non Basis",-3856964234.36,"Relatif Tertinggal"
kabupaten,13,1377,15,2022,1.0241,Basis,3488823913.39,"Maju dan Tumbuh Cepat"
kabupaten,13,1377,16,2022,0.8355,"Non Basis",416661522.99,"Potensial / Cepat Berkembang"
kabupaten,13,1377,17,2022,1.7513,Basis,284025105.39,"Maju dan Tumbuh Cepat"
kabupaten,13,1377,1,2023,0.7598,"Non Basis",5322801264.93,"Potensial / Cepat Berkembang"
kabupaten,13,1377,2,2023,0.4389,"Non Basis",-1660134521.5,"Relatif Tertinggal"
kabupaten,13,1377,3,2023,0.8155,"Non Basis",-633546552.69,"Relatif Tertinggal"
kabupaten,13,1377,4,2023,0.5614,"Non Basis",15248881.28,"Potensial / Cepat Berkembang"
kabupaten,13,1377,5,2023,0.383,"Non Basis",49860177.76,"Potensial / Cepat Berkembang"
kabupaten,13,1377,6,2023,1.5484,Basis,-20128807078.43,"Maju tapi Tertekan"
kabupaten,13,1377,7,2023,0.9729,"Non Basis",1675058169.54,"Potensial / Cepat Berkembang"
kabupaten,13,1377,8,2023,0.9739,"Non Basis",-4848792997.27,"Relatif Tertinggal"
kabupaten,13,1377,9,2023,1.7603,Basis,5107146853.42,"Maju dan Tumbuh Cepat"
kabupaten,13,1377,10,2023,1.2619,Basis,-4636260728.49,"Maju tapi Tertekan"
kabupaten,13,1377,11,2023,0.966,"Non Basis",-772412249.1,"Relatif Tertinggal"
kabupaten,13,1377,12,2023,1.4425,Basis,-228013287.61,"Maju tapi Tertekan"
kabupaten,13,1377,13,2023,0.3281,"Non Basis",-59001050.47,"Relatif Tertinggal"
kabupaten,13,1377,14,2023,0.9746,"Non Basis",-2242595740.09,"Relatif Tertinggal"
kabupaten,13,1377,15,2023,1.029,Basis,274787132.42,"Maju dan Tumbuh Cepat"
kabupaten,13,1377,16,2023,0.8381,"Non Basis",923230.04,"Potensial / Cepat Berkembang"
kabupaten,13,1377,17,2023,1.7579,Basis,95983329.64,"Maju dan Tumbuh Cepat"
kabupaten,13,1377,1,2024,0.7686,"Non Basis",13856385564.26,"Potensial / Cepat Berkembang"
kabupaten,13,1377,2,2024,0.4356,"Non Basis",137006262.72,"Potensial / Cepat Berkembang"
kabupaten,13,1377,3,2024,0.8128,"Non Basis",1799195143.68,"Potensial / Cepat Berkembang"
kabupaten,13,1377,4,2024,0.5526,"Non Basis",-14099612.79,"Relatif Tertinggal"
kabupaten,13,1377,5,2024,0.3672,"Non Basis",-48395651.02,"Relatif Tertinggal"
kabupaten,13,1377,6,2024,1.5477,Basis,5209756415.96,"Maju dan Tumbuh Cepat"
kabupaten,13,1377,7,2024,0.9631,"Non Basis",-399116342.32,"Relatif Tertinggal"
kabupaten,13,1377,8,2024,0.9569,"Non Basis",-3402959962.04,"Relatif Tertinggal"
kabupaten,13,1377,9,2024,1.7694,Basis,1219091095.5,"Maju dan Tumbuh Cepat"
kabupaten,13,1377,10,2024,1.2793,Basis,10807195598.92,"Maju dan Tumbuh Cepat"
kabupaten,13,1377,11,2024,0.9687,"Non Basis",1443299068.41,"Potensial / Cepat Berkembang"
kabupaten,13,1377,12,2024,1.4263,Basis,-214546337.31,"Maju tapi Tertekan"
kabupaten,13,1377,13,2024,0.324,"Non Basis",-17681264.55,"Relatif Tertinggal"
kabupaten,13,1377,14,2024,0.9499,"Non Basis",-3529858488.29,"Relatif Tertinggal"
kabupaten,13,1377,15,2024,1.0256,Basis,1064873201.27,"Maju dan Tumbuh Cepat"
kabupaten,13,1377,16,2024,0.8257,"Non Basis",-307227382.52,"Relatif Tertinggal"
kabupaten,13,1377,17,2024,1.7612,Basis,1568753939.33,"Maju dan Tumbuh Cepat"
kabupaten,13,1377,1,2025,0.7481,"Non Basis",3604997871.33,"Potensial / Cepat Berkembang"
kabupaten,13,1377,2,2025,0.443,"Non Basis",3450044463.13,"Potensial / Cepat Berkembang"
kabupaten,13,1377,3,2025,0.8185,"Non Basis",12529830653.11,"Potensial / Cepat Berkembang"
kabupaten,13,1377,4,2025,0.5425,"Non Basis",31050706.23,"Potensial / Cepat Berkembang"
kabupaten,13,1377,5,2025,0.3542,"Non Basis",-5546201.23,"Relatif Tertinggal"
kabupaten,13,1377,6,2025,1.5747,Basis,29065668315.69,"Maju dan Tumbuh Cepat"
kabupaten,13,1377,7,2025,0.9816,"Non Basis",35812254241.8,"Potensial / Cepat Berkembang"
kabupaten,13,1377,8,2025,0.9848,"Non Basis",26075275346.86,"Potensial / Cepat Berkembang"
kabupaten,13,1377,9,2025,1.8573,Basis,7241678667.34,"Maju dan Tumbuh Cepat"
kabupaten,13,1377,10,2025,1.2953,Basis,22658691203.17,"Maju dan Tumbuh Cepat"
kabupaten,13,1377,11,2025,0.9386,"Non Basis",80586832.82,"Potensial / Cepat Berkembang"
kabupaten,13,1377,12,2025,1.3824,Basis,111048548.11,"Maju dan Tumbuh Cepat"
kabupaten,13,1377,13,2025,0.3153,"Non Basis",30983196.28,"Potensial / Cepat Berkembang"
kabupaten,13,1377,14,2025,0.9272,"Non Basis",1752849273.22,"Potensial / Cepat Berkembang"
kabupaten,13,1377,15,2025,0.9902,"Non Basis",-528250168.53,"Relatif Tertinggal"
kabupaten,13,1377,16,2025,0.7904,"Non Basis",-713442538.87,"Relatif Tertinggal"
kabupaten,13,1377,17,2025,1.7191,Basis,1214225018.02,"Maju dan Tumbuh Cepat"
kabupaten,14,1401,1,2022,1.2489,Basis,352983048745.67,"Maju dan Tumbuh Cepat"
kabupaten,14,1401,2,2022,1.3118,Basis,167460158969.62,"Maju dan Tumbuh Cepat"
kabupaten,14,1401,3,2022,0.9655,"Non Basis",-54611466267.64,"Relatif Tertinggal"
kabupaten,14,1401,4,2022,0.7283,"Non Basis",-1292663796.23,"Relatif Tertinggal"
kabupaten,14,1401,5,2022,0.4384,"Non Basis",108775974.95,"Potensial / Cepat Berkembang"
kabupaten,14,1401,6,2022,0.8137,"Non Basis",132161488028.12,"Potensial / Cepat Berkembang"
kabupaten,14,1401,7,2022,0.3488,"Non Basis",34581677215.77,"Potensial / Cepat Berkembang"
kabupaten,14,1401,8,2022,0.4737,"Non Basis",1428553754.8,"Potensial / Cepat Berkembang"
kabupaten,14,1401,9,2022,0.1862,"Non Basis",-453091246.29,"Relatif Tertinggal"
kabupaten,14,1401,10,2022,0.4372,"Non Basis",-275169933.16,"Relatif Tertinggal"
kabupaten,14,1401,11,2022,0.4877,"Non Basis",-2999828723.94,"Relatif Tertinggal"
kabupaten,14,1401,12,2022,1.0652,Basis,2194463098.27,"Maju dan Tumbuh Cepat"
kabupaten,14,1401,13,2022,0.668,"Non Basis",4363557.11,"Potensial / Cepat Berkembang"
kabupaten,14,1401,14,2022,0.8593,"Non Basis",-51263117249.09,"Relatif Tertinggal"
kabupaten,14,1401,15,2022,1.0301,Basis,127200347.27,"Maju dan Tumbuh Cepat"
kabupaten,14,1401,16,2022,0.8841,"Non Basis",-40137987.51,"Relatif Tertinggal"
kabupaten,14,1401,17,2022,0.6364,"Non Basis",-391058223.74,"Relatif Tertinggal"
kabupaten,14,1401,1,2023,1.277,Basis,442508694981.39,"Maju dan Tumbuh Cepat"
kabupaten,14,1401,2,2023,1.3121,Basis,3611523332.29,"Maju dan Tumbuh Cepat"
kabupaten,14,1401,3,2023,0.9581,"Non Basis",-136012394156.61,"Relatif Tertinggal"
kabupaten,14,1401,4,2023,0.755,"Non Basis",1261445001.47,"Potensial / Cepat Berkembang"
kabupaten,14,1401,5,2023,0.4412,"Non Basis",23000544.81,"Potensial / Cepat Berkembang"
kabupaten,14,1401,6,2023,0.8078,"Non Basis",-30336074495.25,"Relatif Tertinggal"
kabupaten,14,1401,7,2023,0.3465,"Non Basis",-13443541445.53,"Relatif Tertinggal"
kabupaten,14,1401,8,2023,0.4625,"Non Basis",-5064631065.88,"Relatif Tertinggal"
kabupaten,14,1401,9,2023,0.1874,"Non Basis",316856915.26,"Potensial / Cepat Berkembang"
kabupaten,14,1401,10,2023,0.4351,"Non Basis",-1451927714.8,"Relatif Tertinggal"
kabupaten,14,1401,11,2023,0.4874,"Non Basis",-180507341.81,"Relatif Tertinggal"
kabupaten,14,1401,12,2023,1.065,Basis,-48085237.22,"Maju tapi Tertekan"
kabupaten,14,1401,13,2023,0.6817,"Non Basis",39698492.46,"Potensial / Cepat Berkembang"
kabupaten,14,1401,14,2023,0.8133,"Non Basis",-45253700443.8,"Relatif Tertinggal"
kabupaten,14,1401,15,2023,1.0298,Basis,-69023095.7,"Maju tapi Tertekan"
kabupaten,14,1401,16,2023,0.8837,"Non Basis",-46010386.84,"Relatif Tertinggal"
kabupaten,14,1401,17,2023,0.6434,"Non Basis",1979538323.25,"Potensial / Cepat Berkembang"
kabupaten,14,1401,1,2024,1.2896,Basis,43243863205.09,"Maju dan Tumbuh Cepat"
kabupaten,14,1401,2,2024,1.3318,Basis,80418084244.04,"Maju dan Tumbuh Cepat"
kabupaten,14,1401,3,2024,0.9541,"Non Basis",-220248472807.74,"Relatif Tertinggal"
kabupaten,14,1401,4,2024,0.754,"Non Basis",-344906082.29,"Relatif Tertinggal"
kabupaten,14,1401,5,2024,0.4478,"Non Basis",26632244.74,"Potensial / Cepat Berkembang"
kabupaten,14,1401,6,2024,0.8093,"Non Basis",-26086179885.92,"Relatif Tertinggal"
kabupaten,14,1401,7,2024,0.3461,"Non Basis",-19405539009,"Relatif Tertinggal"
kabupaten,14,1401,8,2024,0.473,"Non Basis",3318730378,"Potensial / Cepat Berkembang"
kabupaten,14,1401,9,2024,0.187,"Non Basis",-514172452.57,"Relatif Tertinggal"
kabupaten,14,1401,10,2024,0.4377,"Non Basis",-572805272.43,"Relatif Tertinggal"
kabupaten,14,1401,11,2024,0.4912,"Non Basis",-7805811.14,"Relatif Tertinggal"
kabupaten,14,1401,12,2024,1.0672,Basis,-3519578852.96,"Maju tapi Tertekan"
kabupaten,14,1401,13,2024,0.6757,"Non Basis",-35119651.92,"Relatif Tertinggal"
kabupaten,14,1401,14,2024,0.8168,"Non Basis",-3089246230.78,"Relatif Tertinggal"
kabupaten,14,1401,15,2024,1.0377,Basis,-63469189.44,"Maju tapi Tertekan"
kabupaten,14,1401,16,2024,0.8911,"Non Basis",77380236.1,"Potensial / Cepat Berkembang"
kabupaten,14,1401,17,2024,0.6396,"Non Basis",-2616257378.54,"Relatif Tertinggal"
kabupaten,14,1401,1,2025,1.2966,Basis,164657753337.81,"Maju dan Tumbuh Cepat"
kabupaten,14,1401,2,2025,1.3437,Basis,125477896427.13,"Maju dan Tumbuh Cepat"
kabupaten,14,1401,3,2025,0.9523,"Non Basis",6213349409.17,"Potensial / Cepat Berkembang"
kabupaten,14,1401,4,2025,0.7345,"Non Basis",-939831748.35,"Relatif Tertinggal"
kabupaten,14,1401,5,2025,0.44,"Non Basis",-61618122.98,"Relatif Tertinggal"
kabupaten,14,1401,6,2025,0.8122,"Non Basis",26732739671.54,"Potensial / Cepat Berkembang"
kabupaten,14,1401,7,2025,0.3429,"Non Basis",-15808153998.27,"Relatif Tertinggal"
kabupaten,14,1401,8,2025,0.481,"Non Basis",4487328845.76,"Potensial / Cepat Berkembang"
kabupaten,14,1401,9,2025,0.188,"Non Basis",418958849.24,"Potensial / Cepat Berkembang"
kabupaten,14,1401,10,2025,0.4358,"Non Basis",-696658840.8,"Relatif Tertinggal"
kabupaten,14,1401,11,2025,0.4851,"Non Basis",-3064023544.3,"Relatif Tertinggal"
kabupaten,14,1401,12,2025,1.062,Basis,-1727135936.86,"Maju tapi Tertekan"
kabupaten,14,1401,13,2025,0.6687,"Non Basis",-19136546.18,"Relatif Tertinggal"
kabupaten,14,1401,14,2025,0.8192,"Non Basis",4773159284.71,"Potensial / Cepat Berkembang"
kabupaten,14,1401,15,2025,1.0343,Basis,-359070876.61,"Maju tapi Tertekan"
kabupaten,14,1401,16,2025,0.8863,"Non Basis",-494839887.66,"Relatif Tertinggal"
kabupaten,14,1401,17,2025,0.6271,"Non Basis",-3731802779.48,"Relatif Tertinggal"
kabupaten,14,1402,1,2022,1.107,Basis,35511845126.28,"Maju dan Tumbuh Cepat"
kabupaten,14,1402,2,2022,0.5425,"Non Basis",100714587283.98,"Potensial / Cepat Berkembang"
kabupaten,14,1402,3,2022,0.9811,"Non Basis",-86408706452.94,"Relatif Tertinggal"
kabupaten,14,1402,4,2022,0.6692,"Non Basis",-1582375369.61,"Relatif Tertinggal"
kabupaten,14,1402,5,2022,3.639,Basis,-132416737.83,"Maju tapi Tertekan"
kabupaten,14,1402,6,2022,1.4514,Basis,-31059706279.41,"Maju tapi Tertekan"
kabupaten,14,1402,7,2022,0.9997,"Non Basis",-28413383212.5,"Relatif Tertinggal"
kabupaten,14,1402,8,2022,1.287,Basis,-7417949539.72,"Maju tapi Tertekan"
kabupaten,14,1402,9,2022,1.6576,Basis,-607410703.14,"Maju tapi Tertekan"
kabupaten,14,1402,10,2022,0.7585,"Non Basis",-1581103684.73,"Relatif Tertinggal"
kabupaten,14,1402,11,2022,0.8886,"Non Basis",-165264789.76,"Relatif Tertinggal"
kabupaten,14,1402,12,2022,1.2859,Basis,-87017515.59,"Maju tapi Tertekan"
kabupaten,14,1402,13,2022,0.5598,"Non Basis",-68565823.89,"Relatif Tertinggal"
kabupaten,14,1402,14,2022,0.9362,"Non Basis",-33041612894.37,"Relatif Tertinggal"
kabupaten,14,1402,15,2022,1.3778,Basis,103352667.78,"Maju dan Tumbuh Cepat"
kabupaten,14,1402,16,2022,0.8763,"Non Basis",-24431825.07,"Relatif Tertinggal"
kabupaten,14,1402,17,2022,1.4592,Basis,-837814523.22,"Maju tapi Tertekan"
kabupaten,14,1402,1,2023,1.113,Basis,71911945909.71,"Maju dan Tumbuh Cepat"
kabupaten,14,1402,2,2023,0.5445,"Non Basis",14472032551.53,"Potensial / Cepat Berkembang"
kabupaten,14,1402,3,2023,0.9676,"Non Basis",-128006707760.96,"Relatif Tertinggal"
kabupaten,14,1402,4,2023,0.7109,"Non Basis",1178021232.67,"Potensial / Cepat Berkembang"
kabupaten,14,1402,5,2023,3.6149,Basis,-85761372.92,"Maju tapi Tertekan"
kabupaten,14,1402,6,2023,1.4552,Basis,18692226147.21,"Maju dan Tumbuh Cepat"
kabupaten,14,1402,7,2023,1.0002,Basis,7411098066.55,"Maju dan Tumbuh Cepat"
kabupaten,14,1402,8,2023,1.2634,Basis,-5667452411.24,"Maju tapi Tertekan"
kabupaten,14,1402,9,2023,1.6637,Basis,1375755586.51,"Maju dan Tumbuh Cepat"
kabupaten,14,1402,10,2023,0.7528,"Non Basis",-1798709042.79,"Relatif Tertinggal"
kabupaten,14,1402,11,2023,0.8749,"Non Basis",-4137369644.76,"Relatif Tertinggal"
kabupaten,14,1402,12,2023,1.2854,Basis,560922247.77,"Maju dan Tumbuh Cepat"
kabupaten,14,1402,13,2023,0.536,"Non Basis",-38828759.18,"Relatif Tertinggal"
kabupaten,14,1402,14,2023,0.9119,"Non Basis",-13039461384.28,"Relatif Tertinggal"
kabupaten,14,1402,15,2023,1.393,Basis,3115173163.76,"Maju dan Tumbuh Cepat"
kabupaten,14,1402,16,2023,0.8647,"Non Basis",-906627383.09,"Relatif Tertinggal"
kabupaten,14,1402,17,2023,1.4631,Basis,1038261401.09,"Maju dan Tumbuh Cepat"
kabupaten,14,1402,1,2024,1.1155,Basis,46651489339.49,"Maju dan Tumbuh Cepat"
kabupaten,14,1402,2,2024,0.5548,"Non Basis",57764767751.16,"Potensial / Cepat Berkembang"
kabupaten,14,1402,3,2024,0.9523,"Non Basis",-148645208106.75,"Relatif Tertinggal"
kabupaten,14,1402,4,2024,0.664,"Non Basis",-1337536896.24,"Relatif Tertinggal"
kabupaten,14,1402,5,2024,3.4095,Basis,-978683361.3,"Maju tapi Tertekan"
kabupaten,14,1402,6,2024,1.4578,Basis,18425579489.54,"Maju dan Tumbuh Cepat"
kabupaten,14,1402,7,2024,1.0094,Basis,41586647084.72,"Maju dan Tumbuh Cepat"
kabupaten,14,1402,8,2024,1.2683,Basis,2153738122.15,"Maju dan Tumbuh Cepat"
kabupaten,14,1402,9,2024,1.5826,Basis,-13215211874.07,"Maju tapi Tertekan"
kabupaten,14,1402,10,2024,0.7464,"Non Basis",-2059869621.8,"Relatif Tertinggal"
kabupaten,14,1402,11,2024,0.865,"Non Basis",-2717906359.76,"Relatif Tertinggal"
kabupaten,14,1402,12,2024,1.2557,Basis,-9149603102.08,"Maju tapi Tertekan"
kabupaten,14,1402,13,2024,0.5424,"Non Basis",14111675.13,"Potensial / Cepat Berkembang"
kabupaten,14,1402,14,2024,0.9134,"Non Basis",2203177572.39,"Potensial / Cepat Berkembang"
kabupaten,14,1402,15,2024,1.3651,Basis,-4613980662.71,"Maju tapi Tertekan"
kabupaten,14,1402,16,2024,0.8316,"Non Basis",-2967372144.65,"Relatif Tertinggal"
kabupaten,14,1402,17,2024,1.3997,Basis,-10619725988.25,"Maju tapi Tertekan"
kabupaten,14,1402,1,2025,1.1351,Basis,201630849596.38,"Maju dan Tumbuh Cepat"
kabupaten,14,1402,2,2025,0.5528,"Non Basis",-8180799187.26,"Relatif Tertinggal"
kabupaten,14,1402,3,2025,0.94,"Non Basis",-139782817477.03,"Relatif Tertinggal"
kabupaten,14,1402,4,2025,0.6328,"Non Basis",-952114118.51,"Relatif Tertinggal"
kabupaten,14,1402,5,2025,3.3061,Basis,-535889967.64,"Maju tapi Tertekan"
kabupaten,14,1402,6,2025,1.3968,Basis,-202019122676.97,"Maju tapi Tertekan"
kabupaten,14,1402,7,2025,1.0286,Basis,76333400166.81,"Maju dan Tumbuh Cepat"
kabupaten,14,1402,8,2025,1.2773,Basis,2907993425.79,"Maju dan Tumbuh Cepat"
kabupaten,14,1402,9,2025,1.5484,Basis,-5885121413.36,"Maju tapi Tertekan"
kabupaten,14,1402,10,2025,0.7443,"Non Basis",-692871862.16,"Relatif Tertinggal"
kabupaten,14,1402,11,2025,0.8777,"Non Basis",4767043984.23,"Potensial / Cepat Berkembang"
kabupaten,14,1402,12,2025,1.2542,Basis,-222842110.04,"Maju tapi Tertekan"
kabupaten,14,1402,13,2025,0.5102,"Non Basis",-64377510.04,"Relatif Tertinggal"
kabupaten,14,1402,14,2025,0.9209,"Non Basis",5395834524.08,"Potensial / Cepat Berkembang"
kabupaten,14,1402,15,2025,1.3515,Basis,-2561194017.45,"Maju tapi Tertekan"
kabupaten,14,1402,16,2025,0.8515,"Non Basis",2120863445.61,"Potensial / Cepat Berkembang"
kabupaten,14,1402,17,2025,1.3458,Basis,-10408854995.19,"Maju tapi Tertekan"
kabupaten,14,1403,1,2022,0.4854,"Non Basis",-178258363728.7,"Relatif Tertinggal"
kabupaten,14,1403,2,2022,3.4474,Basis,-604895304539.45,"Maju tapi Tertekan"
kabupaten,14,1403,3,2022,0.6518,"Non Basis",-93489269803.93,"Relatif Tertinggal"
kabupaten,14,1403,4,2022,0.3641,"Non Basis",-1011594127.72,"Relatif Tertinggal"
kabupaten,14,1403,5,2022,1.2357,Basis,-584685454.03,"Maju tapi Tertekan"
kabupaten,14,1403,6,2022,0.4105,"Non Basis",49889732680.81,"Potensial / Cepat Berkembang"
kabupaten,14,1403,7,2022,0.7197,"Non Basis",22530582512.88,"Potensial / Cepat Berkembang"
kabupaten,14,1403,8,2022,0.3815,"Non Basis",-5925644717.11,"Relatif Tertinggal"
kabupaten,14,1403,9,2022,0.6258,"Non Basis",4299361289.82,"Potensial / Cepat Berkembang"
kabupaten,14,1403,10,2022,0.5565,"Non Basis",-3276262995.43,"Relatif Tertinggal"
kabupaten,14,1403,11,2022,0.3557,"Non Basis",-2834771903.73,"Relatif Tertinggal"
kabupaten,14,1403,12,2022,0.3991,"Non Basis",1923608141.58,"Potensial / Cepat Berkembang"
kabupaten,14,1403,13,2022,0.8093,"Non Basis",-383173496.08,"Relatif Tertinggal"
kabupaten,14,1403,14,2022,0.7077,"Non Basis",23555693137.29,"Potensial / Cepat Berkembang"
kabupaten,14,1403,15,2022,0.6508,"Non Basis",-1851167176.85,"Relatif Tertinggal"
kabupaten,14,1403,16,2022,0.4595,"Non Basis",-1185054891.73,"Relatif Tertinggal"
kabupaten,14,1403,17,2022,0.6357,"Non Basis",12302578447.52,"Potensial / Cepat Berkembang"
kabupaten,14,1403,1,2023,0.4954,"Non Basis",66172806277.43,"Potensial / Cepat Berkembang"
kabupaten,14,1403,2,2023,3.4807,Basis,-172113421097.82,"Maju tapi Tertekan"
kabupaten,14,1403,3,2023,0.6455,"Non Basis",-383538881204.63,"Relatif Tertinggal"
kabupaten,14,1403,4,2023,0.3798,"Non Basis",667649660.87,"Potensial / Cepat Berkembang"
kabupaten,14,1403,5,2023,1.3702,Basis,1282892944.7,"Maju dan Tumbuh Cepat"
kabupaten,14,1403,6,2023,0.4118,"Non Basis",-30997663444.68,"Relatif Tertinggal"
kabupaten,14,1403,7,2023,0.7273,"Non Basis",-19878309802.95,"Relatif Tertinggal"
kabupaten,14,1403,8,2023,0.3752,"Non Basis",-7041836798.95,"Relatif Tertinggal"
kabupaten,14,1403,9,2023,0.6315,"Non Basis",-1069894984.44,"Relatif Tertinggal"
kabupaten,14,1403,10,2023,0.5716,"Non Basis",6742607642.67,"Potensial / Cepat Berkembang"
kabupaten,14,1403,11,2023,0.3621,"Non Basis",1063246237.19,"Potensial / Cepat Berkembang"
kabupaten,14,1403,12,2023,0.4013,"Non Basis",-2505082037.2,"Relatif Tertinggal"
kabupaten,14,1403,13,2023,0.7698,"Non Basis",-198299188.25,"Relatif Tertinggal"
kabupaten,14,1403,14,2023,0.7338,"Non Basis",21408986280.26,"Potensial / Cepat Berkembang"
kabupaten,14,1403,15,2023,0.6557,"Non Basis",-1730895813.68,"Relatif Tertinggal"
kabupaten,14,1403,16,2023,0.4649,"Non Basis",-206316443.62,"Relatif Tertinggal"
kabupaten,14,1403,17,2023,0.6465,"Non Basis",727284712.65,"Potensial / Cepat Berkembang"
kabupaten,14,1403,1,2024,0.5027,"Non Basis",-113603395154.2,"Relatif Tertinggal"
kabupaten,14,1403,2,2024,3.5642,Basis,-64557234205.48,"Maju tapi Tertekan"
kabupaten,14,1403,3,2024,0.6386,"Non Basis",-590959384094.57,"Relatif Tertinggal"
kabupaten,14,1403,4,2024,0.4096,"Non Basis",1322898032.2,"Potensial / Cepat Berkembang"
kabupaten,14,1403,5,2024,1.3552,Basis,-555698980.25,"Maju tapi Tertekan"
kabupaten,14,1403,6,2024,0.4265,"Non Basis",29922439520.73,"Potensial / Cepat Berkembang"
kabupaten,14,1403,7,2024,0.713,"Non Basis",-268001247028.24,"Relatif Tertinggal"
kabupaten,14,1403,8,2024,0.3818,"Non Basis",-1927037548.66,"Relatif Tertinggal"
kabupaten,14,1403,9,2024,0.656,"Non Basis",3148033726.97,"Potensial / Cepat Berkembang"
kabupaten,14,1403,10,2024,0.5831,"Non Basis",-3071795637.7,"Relatif Tertinggal"
kabupaten,14,1403,11,2024,0.3731,"Non Basis",1353872178.33,"Potensial / Cepat Berkembang"
kabupaten,14,1403,12,2024,0.4122,"Non Basis",411232597.44,"Potensial / Cepat Berkembang"
kabupaten,14,1403,13,2024,0.9717,"Non Basis",749818709.21,"Potensial / Cepat Berkembang"
kabupaten,14,1403,14,2024,0.7536,"Non Basis",1338218567.74,"Potensial / Cepat Berkembang"
kabupaten,14,1403,15,2024,0.6803,"Non Basis",3207070672.02,"Potensial / Cepat Berkembang"
kabupaten,14,1403,16,2024,0.4661,"Non Basis",-2291416834.37,"Relatif Tertinggal"
kabupaten,14,1403,17,2024,0.6522,"Non Basis",-4319057501.86,"Relatif Tertinggal"
kabupaten,14,1403,1,2025,0.5048,"Non Basis",-152032259541.18,"Relatif Tertinggal"
kabupaten,14,1403,2,2025,3.605,Basis,-260779284537.68,"Maju tapi Tertekan"
kabupaten,14,1403,3,2025,0.6627,"Non Basis",328638596324.48,"Potensial / Cepat Berkembang"
kabupaten,14,1403,4,2025,0.3679,"Non Basis",-3339136795.9,"Relatif Tertinggal"
kabupaten,14,1403,5,2025,1.29,Basis,-1043689320.39,"Maju tapi Tertekan"
kabupaten,14,1403,6,2025,0.4504,"Non Basis",119394390646.92,"Potensial / Cepat Berkembang"
kabupaten,14,1403,7,2025,0.7228,"Non Basis",-26227064886.84,"Relatif Tertinggal"
kabupaten,14,1403,8,2025,0.4017,"Non Basis",8313239653.04,"Potensial / Cepat Berkembang"
kabupaten,14,1403,9,2025,0.6805,"Non Basis",4915659558.16,"Potensial / Cepat Berkembang"
kabupaten,14,1403,10,2025,0.6214,"Non Basis",28021758935.87,"Potensial / Cepat Berkembang"
kabupaten,14,1403,11,2025,0.3878,"Non Basis",6175798516.3,"Potensial / Cepat Berkembang"
kabupaten,14,1403,12,2025,0.4337,"Non Basis",10903068898.26,"Potensial / Cepat Berkembang"
kabupaten,14,1403,13,2025,0.9039,"Non Basis",-377510040.16,"Relatif Tertinggal"
kabupaten,14,1403,14,2025,0.7788,"Non Basis",16795150951.63,"Potensial / Cepat Berkembang"
kabupaten,14,1403,15,2025,0.7067,"Non Basis",6237424179.48,"Potensial / Cepat Berkembang"
kabupaten,14,1403,16,2025,0.4362,"Non Basis",-8684886458.72,"Relatif Tertinggal"
kabupaten,14,1403,17,2025,0.6238,"Non Basis",-17319699326.98,"Relatif Tertinggal"
kabupaten,14,1404,1,2022,1.7007,Basis,333762972009.07,"Maju dan Tumbuh Cepat"
kabupaten,14,1404,2,2022,0.0947,"Non Basis",145929699015.8,"Potensial / Cepat Berkembang"
kabupaten,14,1404,3,2022,0.8583,"Non Basis",-6356234460.74,"Relatif Tertinggal"
kabupaten,14,1404,4,2022,0.5989,"Non Basis",-1121010271.31,"Relatif Tertinggal"
kabupaten,14,1404,5,2022,1.0815,Basis,-113825789.92,"Maju tapi Tertekan"
kabupaten,14,1404,6,2022,0.5979,"Non Basis",17067010849.79,"Potensial / Cepat Berkembang"
kabupaten,14,1404,7,2022,1.3598,Basis,-258144001171.73,"Maju tapi Tertekan"
kabupaten,14,1404,8,2022,1.1494,Basis,-37122018440.97,"Maju tapi Tertekan"
kabupaten,14,1404,9,2022,0.9648,"Non Basis",2294999884.38,"Potensial / Cepat Berkembang"
kabupaten,14,1404,10,2022,0.6353,"Non Basis",-7922652356.14,"Relatif Tertinggal"
kabupaten,14,1404,11,2022,0.5563,"Non Basis",-2586778769.09,"Relatif Tertinggal"
kabupaten,14,1404,12,2022,0.8338,"Non Basis",-4220660423.94,"Relatif Tertinggal"
kabupaten,14,1404,13,2022,0.5219,"Non Basis",30780296.43,"Potensial / Cepat Berkembang"
kabupaten,14,1404,14,2022,0.9139,"Non Basis",-41358562034.77,"Relatif Tertinggal"
kabupaten,14,1404,15,2022,0.9344,"Non Basis",-1647505257.72,"Relatif Tertinggal"
kabupaten,14,1404,16,2022,0.6371,"Non Basis",-1011763738.1,"Relatif Tertinggal"
kabupaten,14,1404,17,2022,0.8506,"Non Basis",4371631663.25,"Potensial / Cepat Berkembang"
kabupaten,14,1404,1,2023,1.7133,Basis,-62360211252.89,"Maju tapi Tertekan"
kabupaten,14,1404,2,2023,0.097,"Non Basis",10081959106.01,"Potensial / Cepat Berkembang"
kabupaten,14,1404,3,2023,0.8467,"Non Basis",-328631441896.72,"Relatif Tertinggal"
kabupaten,14,1404,4,2023,0.6111,"Non Basis",253951636.69,"Potensial / Cepat Berkembang"
kabupaten,14,1404,5,2023,0.95,"Non Basis",-1018751021.52,"Relatif Tertinggal"
kabupaten,14,1404,6,2023,0.6377,"Non Basis",152205322605.85,"Potensial / Cepat Berkembang"
kabupaten,14,1404,7,2023,1.3275,Basis,-236112695200.67,"Maju tapi Tertekan"
kabupaten,14,1404,8,2023,1.1555,Basis,-2175234020.58,"Maju tapi Tertekan"
kabupaten,14,1404,9,2023,1.0476,Basis,16872559868.88,"Maju dan Tumbuh Cepat"
kabupaten,14,1404,10,2023,0.6171,"Non Basis",-14868494717.34,"Relatif Tertinggal"
kabupaten,14,1404,11,2023,0.5512,"Non Basis",-5418006294.87,"Relatif Tertinggal"
kabupaten,14,1404,12,2023,0.8383,"Non Basis",-1925579783.09,"Relatif Tertinggal"
kabupaten,14,1404,13,2023,0.5023,"Non Basis",-63285659.06,"Relatif Tertinggal"
kabupaten,14,1404,14,2023,0.892,"Non Basis",-26879901639.68,"Relatif Tertinggal"
kabupaten,14,1404,15,2023,0.9384,"Non Basis",-1428199730.66,"Relatif Tertinggal"
kabupaten,14,1404,16,2023,0.6806,"Non Basis",4955487049.74,"Potensial / Cepat Berkembang"
kabupaten,14,1404,17,2023,0.8908,"Non Basis",7792705818.9,"Potensial / Cepat Berkembang"
kabupaten,14,1404,1,2024,1.7003,Basis,-281163073868.43,"Maju tapi Tertekan"
kabupaten,14,1404,2,2024,0.0985,"Non Basis",8301535652.94,"Potensial / Cepat Berkembang"
kabupaten,14,1404,3,2024,0.8565,"Non Basis",106280405996.25,"Potensial / Cepat Berkembang"
kabupaten,14,1404,4,2024,0.6121,"Non Basis",-64451028.62,"Relatif Tertinggal"
kabupaten,14,1404,5,2024,0.9482,"Non Basis",-41916871.05,"Relatif Tertinggal"
kabupaten,14,1404,6,2024,0.6233,"Non Basis",-81357828530.14,"Relatif Tertinggal"
kabupaten,14,1404,7,2024,1.3308,Basis,-11733548420.84,"Maju tapi Tertekan"
kabupaten,14,1404,8,2024,1.1661,Basis,2484933651.47,"Maju dan Tumbuh Cepat"
kabupaten,14,1404,9,2024,0.9974,"Non Basis",-13860291849.58,"Relatif Tertinggal"
kabupaten,14,1404,10,2024,0.6086,"Non Basis",-7207663433.75,"Relatif Tertinggal"
kabupaten,14,1404,11,2024,0.5513,"Non Basis",-1068870348.35,"Relatif Tertinggal"
kabupaten,14,1404,12,2024,0.8331,"Non Basis",-4356560186.61,"Relatif Tertinggal"
kabupaten,14,1404,13,2024,0.4837,"Non Basis",-56744017.4,"Relatif Tertinggal"
kabupaten,14,1404,14,2024,0.8977,"Non Basis",1894948197.27,"Potensial / Cepat Berkembang"
kabupaten,14,1404,15,2024,0.9243,"Non Basis",-4954560052.47,"Relatif Tertinggal"
kabupaten,14,1404,16,2024,0.7619,"Non Basis",11138120707.9,"Potensial / Cepat Berkembang"
kabupaten,14,1404,17,2024,0.884,"Non Basis",-2752983035.94,"Relatif Tertinggal"
kabupaten,14,1404,1,2025,1.6916,Basis,-270727416559.53,"Maju tapi Tertekan"
kabupaten,14,1404,2,2025,0.0945,"Non Basis",-34282280487.08,"Relatif Tertinggal"
kabupaten,14,1404,3,2025,0.8427,"Non Basis",-332243069405.57,"Relatif Tertinggal"
kabupaten,14,1404,4,2025,0.5937,"Non Basis",-1006656912.95,"Relatif Tertinggal"
kabupaten,14,1404,5,2025,0.9234,"Non Basis",-237750809.06,"Relatif Tertinggal"
kabupaten,14,1404,6,2025,0.6393,"Non Basis",62170019340.54,"Potensial / Cepat Berkembang"
kabupaten,14,1404,7,2025,1.3374,Basis,-5840844801.28,"Maju tapi Tertekan"
kabupaten,14,1404,8,2025,1.1772,Basis,1910090231.67,"Maju dan Tumbuh Cepat"
kabupaten,14,1404,9,2025,0.9949,"Non Basis",-2160849405.5,"Relatif Tertinggal"
kabupaten,14,1404,10,2025,0.6051,"Non Basis",-4767055438.03,"Relatif Tertinggal"
kabupaten,14,1404,11,2025,0.5376,"Non Basis",-8995155191.41,"Relatif Tertinggal"
kabupaten,14,1404,12,2025,0.8301,"Non Basis",-4080470503.92,"Relatif Tertinggal"
kabupaten,14,1404,13,2025,0.4713,"Non Basis",-45522088.35,"Relatif Tertinggal"
kabupaten,14,1404,14,2025,0.9086,"Non Basis",5701075272.18,"Potensial / Cepat Berkembang"
kabupaten,14,1404,15,2025,0.9117,"Non Basis",-5361598504.36,"Relatif Tertinggal"
kabupaten,14,1404,16,2025,0.7426,"Non Basis",-3632316942.66,"Relatif Tertinggal"
kabupaten,14,1404,17,2025,0.9099,"Non Basis",6067115776.59,"Potensial / Cepat Berkembang"
kabupaten,14,1405,1,2022,1.3589,Basis,41345490547.25,"Maju dan Tumbuh Cepat"
kabupaten,14,1405,2,2022,0.1054,"Non Basis",-5438541212.39,"Relatif Tertinggal"
kabupaten,14,1405,3,2022,1.634,Basis,-3417875006.49,"Maju tapi Tertekan"
kabupaten,14,1405,4,2022,0.4138,"Non Basis",-317926803.96,"Relatif Tertinggal"
kabupaten,14,1405,5,2022,0.4727,"Non Basis",2507828.07,"Potensial / Cepat Berkembang"
kabupaten,14,1405,6,2022,0.2643,"Non Basis",19569550153.4,"Potensial / Cepat Berkembang"
kabupaten,14,1405,7,2022,0.2699,"Non Basis",11322814128.6,"Potensial / Cepat Berkembang"
kabupaten,14,1405,8,2022,0.2839,"Non Basis",205303078.27,"Potensial / Cepat Berkembang"
kabupaten,14,1405,9,2022,0.3401,"Non Basis",1318531197.82,"Potensial / Cepat Berkembang"
kabupaten,14,1405,10,2022,0.5578,"Non Basis",-2844803195.15,"Relatif Tertinggal"
kabupaten,14,1405,11,2022,0.5228,"Non Basis",-2018900269.28,"Relatif Tertinggal"
kabupaten,14,1405,12,2022,0.6333,"Non Basis",1491780459.14,"Potensial / Cepat Berkembang"
kabupaten,14,1405,13,2022,0.1932,"Non Basis",-871839.58,"Relatif Tertinggal"
kabupaten,14,1405,14,2022,0.6065,"Non Basis",-2611549633.31,"Relatif Tertinggal"
kabupaten,14,1405,15,2022,0.5531,"Non Basis",-579894022.29,"Relatif Tertinggal"
kabupaten,14,1405,16,2022,0.5921,"Non Basis",-652588327.17,"Relatif Tertinggal"
kabupaten,14,1405,17,2022,0.5679,"Non Basis",3677373728.26,"Potensial / Cepat Berkembang"
kabupaten,14,1405,1,2023,1.3514,Basis,-13106795578.36,"Maju tapi Tertekan"
kabupaten,14,1405,2,2023,0.1047,"Non Basis",-1131837235.26,"Relatif Tertinggal"
kabupaten,14,1405,3,2023,1.6572,Basis,392170492769.97,"Maju dan Tumbuh Cepat"
kabupaten,14,1405,4,2023,0.4379,"Non Basis",840126806.25,"Potensial / Cepat Berkembang"
kabupaten,14,1405,5,2023,0.4816,"Non Basis",62094797.06,"Potensial / Cepat Berkembang"
kabupaten,14,1405,6,2023,0.2627,"Non Basis",-1095265984.41,"Relatif Tertinggal"
kabupaten,14,1405,7,2023,0.2697,"Non Basis",4180019949.28,"Potensial / Cepat Berkembang"
kabupaten,14,1405,8,2023,0.2742,"Non Basis",-2598644668.07,"Relatif Tertinggal"
kabupaten,14,1405,9,2023,0.3388,"Non Basis",42020319.13,"Potensial / Cepat Berkembang"
kabupaten,14,1405,10,2023,0.5467,"Non Basis",-4072052811.81,"Relatif Tertinggal"
kabupaten,14,1405,11,2023,0.5191,"Non Basis",-530187519.78,"Relatif Tertinggal"
kabupaten,14,1405,12,2023,0.629,"Non Basis",-517272972.96,"Relatif Tertinggal"
kabupaten,14,1405,13,2023,0.1904,"Non Basis",-3795902.59,"Relatif Tertinggal"
kabupaten,14,1405,14,2023,0.5967,"Non Basis",-4754088510.77,"Relatif Tertinggal"
kabupaten,14,1405,15,2023,0.5496,"Non Basis",-196482640.41,"Relatif Tertinggal"
kabupaten,14,1405,16,2023,0.5882,"Non Basis",-130158909.83,"Relatif Tertinggal"
kabupaten,14,1405,17,2023,0.5675,"Non Basis",430424042.67,"Potensial / Cepat Berkembang"
kabupaten,14,1405,1,2024,1.3463,Basis,64853934317.98,"Maju dan Tumbuh Cepat"
kabupaten,14,1405,2,2024,0.1037,"Non Basis",-865389305.27,"Relatif Tertinggal"
kabupaten,14,1405,3,2024,1.6693,Basis,339607661517.48,"Maju dan Tumbuh Cepat"
kabupaten,14,1405,4,2024,0.4349,"Non Basis",19811046.51,"Potensial / Cepat Berkembang"
kabupaten,14,1405,5,2024,0.4829,"Non Basis",29974183.55,"Potensial / Cepat Berkembang"
kabupaten,14,1405,6,2024,0.2591,"Non Basis",-5672804454.52,"Relatif Tertinggal"
kabupaten,14,1405,7,2024,0.2686,"Non Basis",4579700249.5,"Potensial / Cepat Berkembang"
kabupaten,14,1405,8,2024,0.2731,"Non Basis",374145422.58,"Potensial / Cepat Berkembang"
kabupaten,14,1405,9,2024,0.3336,"Non Basis",-492338358.23,"Relatif Tertinggal"
kabupaten,14,1405,10,2024,0.5357,"Non Basis",-3365350931.47,"Relatif Tertinggal"
kabupaten,14,1405,11,2024,0.516,"Non Basis",433275059.31,"Potensial / Cepat Berkembang"
kabupaten,14,1405,12,2024,0.6227,"Non Basis",-521044614.98,"Relatif Tertinggal"
kabupaten,14,1405,13,2024,0.1927,"Non Basis",8310369.83,"Potensial / Cepat Berkembang"
kabupaten,14,1405,14,2024,0.5888,"Non Basis",-2309099748.58,"Relatif Tertinggal"
kabupaten,14,1405,15,2024,0.545,"Non Basis",-41242590.61,"Relatif Tertinggal"
kabupaten,14,1405,16,2024,0.5802,"Non Basis",-365513599.87,"Relatif Tertinggal"
kabupaten,14,1405,17,2024,0.5656,"Non Basis",555470572.31,"Potensial / Cepat Berkembang"
kabupaten,14,1405,1,2025,1.3236,Basis,-241327142702.68,"Maju tapi Tertekan"
kabupaten,14,1405,2,2025,0.1035,"Non Basis",-155958304.65,"Relatif Tertinggal"
kabupaten,14,1405,3,2025,1.6646,Basis,-29784582594.46,"Maju tapi Tertekan"
kabupaten,14,1405,4,2025,0.4197,"Non Basis",-532892465.25,"Relatif Tertinggal"
kabupaten,14,1405,5,2025,0.4794,"Non Basis",-16909385.11,"Relatif Tertinggal"
kabupaten,14,1405,6,2025,0.2569,"Non Basis",-7211985286.56,"Relatif Tertinggal"
kabupaten,14,1405,7,2025,0.2696,"Non Basis",6470452710.18,"Potensial / Cepat Berkembang"
kabupaten,14,1405,8,2025,0.2739,"Non Basis",429844462.78,"Potensial / Cepat Berkembang"
kabupaten,14,1405,9,2025,0.3281,"Non Basis",-1055511194.18,"Relatif Tertinggal"
kabupaten,14,1405,10,2025,0.5271,"Non Basis",-4273012756.12,"Relatif Tertinggal"
kabupaten,14,1405,11,2025,0.5072,"Non Basis",-3399467799.6,"Relatif Tertinggal"
kabupaten,14,1405,12,2025,0.6213,"Non Basis",-165998947.7,"Relatif Tertinggal"
kabupaten,14,1405,13,2025,0.1883,"Non Basis",-9638554.22,"Relatif Tertinggal"
kabupaten,14,1405,14,2025,0.5757,"Non Basis",-9524260126.52,"Relatif Tertinggal"
kabupaten,14,1405,15,2025,0.543,"Non Basis",-263020191.11,"Relatif Tertinggal"
kabupaten,14,1405,16,2025,0.5572,"Non Basis",-2704129711.43,"Relatif Tertinggal"
kabupaten,14,1405,17,2025,0.5583,"Non Basis",-1494244803.78,"Relatif Tertinggal"
kabupaten,14,1406,1,2022,1.9725,Basis,318115649489.54,"Maju dan Tumbuh Cepat"
kabupaten,14,1406,2,2022,0.2298,"Non Basis",4534917214.8,"Potensial / Cepat Berkembang"
kabupaten,14,1406,3,2022,0.8633,"Non Basis",-28032028737.06,"Relatif Tertinggal"
kabupaten,14,1406,4,2022,0.9266,"Non Basis",-1872796337.6,"Relatif Tertinggal"
kabupaten,14,1406,5,2022,0.4698,"Non Basis",-19607173.36,"Relatif Tertinggal"
kabupaten,14,1406,6,2022,0.3506,"Non Basis",17086479586.94,"Potensial / Cepat Berkembang"
kabupaten,14,1406,7,2022,0.4911,"Non Basis",9712907501.83,"Potensial / Cepat Berkembang"
kabupaten,14,1406,8,2022,0.6803,"Non Basis",-3010883219.14,"Relatif Tertinggal"
kabupaten,14,1406,9,2022,0.5338,"Non Basis",-401364971.3,"Relatif Tertinggal"
kabupaten,14,1406,10,2022,1.0549,Basis,-9822182601.24,"Maju tapi Tertekan"
kabupaten,14,1406,11,2022,0.8735,"Non Basis",-4016630801.85,"Relatif Tertinggal"
kabupaten,14,1406,12,2022,0.6495,"Non Basis",-1556203584.92,"Relatif Tertinggal"
kabupaten,14,1406,13,2022,0.7942,"Non Basis",-3892763.73,"Relatif Tertinggal"
kabupaten,14,1406,14,2022,1.5456,Basis,-48715144803.11,"Maju tapi Tertekan"
kabupaten,14,1406,15,2022,0.711,"Non Basis",-16558418.72,"Relatif Tertinggal"
kabupaten,14,1406,16,2022,0.8183,"Non Basis",356915069.45,"Potensial / Cepat Berkembang"
kabupaten,14,1406,17,2022,0.8707,"Non Basis",-2529273387.62,"Relatif Tertinggal"
kabupaten,14,1406,1,2023,1.9846,Basis,82185808684.49,"Maju dan Tumbuh Cepat"
kabupaten,14,1406,2,2023,0.2278,"Non Basis",-9130785918.13,"Relatif Tertinggal"
kabupaten,14,1406,3,2023,0.8612,"Non Basis",-26663027138.99,"Relatif Tertinggal"
kabupaten,14,1406,4,2023,0.9779,"Non Basis",1196868180.48,"Potensial / Cepat Berkembang"
kabupaten,14,1406,5,2023,0.4627,"Non Basis",-30946608.55,"Relatif Tertinggal"
kabupaten,14,1406,6,2023,0.3471,"Non Basis",-9929204026.17,"Relatif Tertinggal"
kabupaten,14,1406,7,2023,0.5159,"Non Basis",71623506296.35,"Potensial / Cepat Berkembang"
kabupaten,14,1406,8,2023,0.6669,"Non Basis",-3193432234.66,"Relatif Tertinggal"
kabupaten,14,1406,9,2023,0.5322,"Non Basis",-274821248.34,"Relatif Tertinggal"
kabupaten,14,1406,10,2023,1.0362,Basis,-6849169821.17,"Maju tapi Tertekan"
kabupaten,14,1406,11,2023,0.8712,"Non Basis",-903094796.4,"Relatif Tertinggal"
kabupaten,14,1406,12,2023,0.6451,"Non Basis",-1392993956.39,"Relatif Tertinggal"
kabupaten,14,1406,13,2023,0.8208,"Non Basis",37951294.94,"Potensial / Cepat Berkembang"
kabupaten,14,1406,14,2023,1.5284,Basis,-9162313394.24,"Maju tapi Tertekan"
kabupaten,14,1406,15,2023,0.7104,"Non Basis",-185565005.73,"Relatif Tertinggal"
kabupaten,14,1406,16,2023,0.8389,"Non Basis",1528015180.77,"Potensial / Cepat Berkembang"
kabupaten,14,1406,17,2023,0.871,"Non Basis",-68395038.05,"Relatif Tertinggal"
kabupaten,14,1406,1,2024,1.9893,Basis,-87499370965.44,"Maju tapi Tertekan"
kabupaten,14,1406,2,2024,0.2344,"Non Basis",20539670056.64,"Potensial / Cepat Berkembang"
kabupaten,14,1406,3,2024,0.8554,"Non Basis",-121240416858.47,"Relatif Tertinggal"
kabupaten,14,1406,4,2024,0.9896,"Non Basis",100199016.1,"Potensial / Cepat Berkembang"
kabupaten,14,1406,5,2024,0.4733,"Non Basis",29611462.5,"Potensial / Cepat Berkembang"
kabupaten,14,1406,6,2024,0.3469,"Non Basis",-8017649541.74,"Relatif Tertinggal"
kabupaten,14,1406,7,2024,0.5147,"Non Basis",-16055211105.99,"Relatif Tertinggal"
kabupaten,14,1406,8,2024,0.6802,"Non Basis",1937986939.6,"Potensial / Cepat Berkembang"
kabupaten,14,1406,9,2024,0.5341,"Non Basis",-340644045.96,"Relatif Tertinggal"
kabupaten,14,1406,10,2024,1.0407,Basis,-1348821033.64,"Maju tapi Tertekan"
kabupaten,14,1406,11,2024,0.8965,"Non Basis",5409402079.8,"Potensial / Cepat Berkembang"
kabupaten,14,1406,12,2024,0.6506,"Non Basis",112088758.92,"Potensial / Cepat Berkembang"
kabupaten,14,1406,13,2024,0.8273,"Non Basis",-72516.32,"Relatif Tertinggal"
kabupaten,14,1406,14,2024,1.632,Basis,49280964796.38,"Maju dan Tumbuh Cepat"
kabupaten,14,1406,15,2024,0.7141,"Non Basis",-292257798.08,"Relatif Tertinggal"
kabupaten,14,1406,16,2024,0.8362,"Non Basis",-758295815.27,"Relatif Tertinggal"
kabupaten,14,1406,17,2024,0.8669,"Non Basis",-1657531939.21,"Relatif Tertinggal"
kabupaten,14,1406,1,2025,1.9904,Basis,328431440002.09,"Maju dan Tumbuh Cepat"
kabupaten,14,1406,2,2025,0.2314,"Non Basis",5590263786.52,"Potensial / Cepat Berkembang"
kabupaten,14,1406,3,2025,0.8482,"Non Basis",92018353742.63,"Potensial / Cepat Berkembang"
kabupaten,14,1406,4,2025,0.9501,"Non Basis",-564981711.78,"Relatif Tertinggal"
kabupaten,14,1406,5,2025,0.4451,"Non Basis",-89158576.05,"Relatif Tertinggal"
kabupaten,14,1406,6,2025,0.3389,"Non Basis",-4427193598.31,"Relatif Tertinggal"
kabupaten,14,1406,7,2025,0.5283,"Non Basis",77199094074.58,"Potensial / Cepat Berkembang"
kabupaten,14,1406,8,2025,0.6718,"Non Basis",1102282071.09,"Potensial / Cepat Berkembang"
kabupaten,14,1406,9,2025,0.5162,"Non Basis",-1224213009.32,"Relatif Tertinggal"
kabupaten,14,1406,10,2025,0.9958,"Non Basis",-10198244308.77,"Relatif Tertinggal"
kabupaten,14,1406,11,2025,0.8589,"Non Basis",-6511496675.43,"Relatif Tertinggal"
kabupaten,14,1406,12,2025,0.6302,"Non Basis",-2539077334.78,"Relatif Tertinggal"
kabupaten,14,1406,13,2025,0.776,"Non Basis",-62690763.05,"Relatif Tertinggal"
kabupaten,14,1406,14,2025,1.6077,Basis,3558089046.37,"Maju dan Tumbuh Cepat"
kabupaten,14,1406,15,2025,0.6753,"Non Basis",-4472592438.72,"Relatif Tertinggal"
kabupaten,14,1406,16,2025,0.805,"Non Basis",-1397831332.33,"Relatif Tertinggal"
kabupaten,14,1406,17,2025,0.8301,"Non Basis",-3516610086.53,"Relatif Tertinggal"
kabupaten,14,1407,1,2022,1.4049,Basis,-103694823032.26,"Maju tapi Tertekan"
kabupaten,14,1407,2,2022,1.8589,Basis,-155873807377.74,"Maju tapi Tertekan"
kabupaten,14,1407,3,2022,0.7519,"Non Basis",-78318352240.37,"Relatif Tertinggal"
kabupaten,14,1407,4,2022,0.3424,"Non Basis",-862731493.49,"Relatif Tertinggal"
kabupaten,14,1407,5,2022,0.5654,"Non Basis",-33262169.09,"Relatif Tertinggal"
kabupaten,14,1407,6,2022,0.1581,"Non Basis",-4514713263.87,"Relatif Tertinggal"
kabupaten,14,1407,7,2022,0.5585,"Non Basis",-32017214592.6,"Relatif Tertinggal"
kabupaten,14,1407,8,2022,0.2105,"Non Basis",-5249123680.55,"Relatif Tertinggal"
kabupaten,14,1407,9,2022,0.4209,"Non Basis",-1154117437.57,"Relatif Tertinggal"
kabupaten,14,1407,10,2022,0.3029,"Non Basis",-4366495795.71,"Relatif Tertinggal"
kabupaten,14,1407,11,2022,0.387,"Non Basis",-1640897469.04,"Relatif Tertinggal"
kabupaten,14,1407,12,2022,0.431,"Non Basis",-3080032122.59,"Relatif Tertinggal"
kabupaten,14,1407,13,2022,0.0427,"Non Basis",-1495204.88,"Relatif Tertinggal"
kabupaten,14,1407,14,2022,0.4806,"Non Basis",6564532276.51,"Potensial / Cepat Berkembang"
kabupaten,14,1407,15,2022,0.5935,"Non Basis",-2647618046.15,"Relatif Tertinggal"
kabupaten,14,1407,16,2022,0.3518,"Non Basis",-157336537.88,"Relatif Tertinggal"
kabupaten,14,1407,17,2022,0.4442,"Non Basis",-645202012.23,"Relatif Tertinggal"
kabupaten,14,1407,1,2023,1.4175,Basis,-82596879985.1,"Maju tapi Tertekan"
kabupaten,14,1407,2,2023,1.8745,Basis,-67290823894.32,"Maju tapi Tertekan"
kabupaten,14,1407,3,2023,0.7534,"Non Basis",-136048496151.76,"Relatif Tertinggal"
kabupaten,14,1407,4,2023,0.368,"Non Basis",842468298.44,"Potensial / Cepat Berkembang"
kabupaten,14,1407,5,2023,0.5734,"Non Basis",2590574.78,"Potensial / Cepat Berkembang"
kabupaten,14,1407,6,2023,0.1595,"Non Basis",-3225087864.33,"Relatif Tertinggal"
kabupaten,14,1407,7,2023,0.5664,"Non Basis",2110313775.26,"Potensial / Cepat Berkembang"
kabupaten,14,1407,8,2023,0.2078,"Non Basis",-2092194511.27,"Relatif Tertinggal"
kabupaten,14,1407,9,2023,0.4266,"Non Basis",13818137.08,"Potensial / Cepat Berkembang"
kabupaten,14,1407,10,2023,0.3054,"Non Basis",-907002938.73,"Relatif Tertinggal"
kabupaten,14,1407,11,2023,0.3896,"Non Basis",-1280339566.94,"Relatif Tertinggal"
kabupaten,14,1407,12,2023,0.4357,"Non Basis",-503794529.03,"Relatif Tertinggal"
kabupaten,14,1407,13,2023,0.0446,"Non Basis",3390027.06,"Potensial / Cepat Berkembang"
kabupaten,14,1407,14,2023,0.4932,"Non Basis",5120957610.42,"Potensial / Cepat Berkembang"
kabupaten,14,1407,15,2023,0.5963,"Non Basis",-1318602807.2,"Relatif Tertinggal"
kabupaten,14,1407,16,2023,0.3561,"Non Basis",-53438755.35,"Relatif Tertinggal"
kabupaten,14,1407,17,2023,0.4539,"Non Basis",875591418.47,"Potensial / Cepat Berkembang"
kabupaten,14,1407,1,2024,1.4343,Basis,-116612259335.11,"Maju tapi Tertekan"
kabupaten,14,1407,2,2024,1.9035,Basis,-33477958781.73,"Maju tapi Tertekan"
kabupaten,14,1407,3,2024,0.7518,"Non Basis",-242048195670.71,"Relatif Tertinggal"
kabupaten,14,1407,4,2024,0.3764,"Non Basis",72076252.24,"Potensial / Cepat Berkembang"
kabupaten,14,1407,5,2024,0.5827,"Non Basis",-7074996.77,"Relatif Tertinggal"
kabupaten,14,1407,6,2024,0.162,"Non Basis",-1414542942.63,"Relatif Tertinggal"
kabupaten,14,1407,7,2024,0.5765,"Non Basis",-204388239.9,"Relatif Tertinggal"
kabupaten,14,1407,8,2024,0.2114,"Non Basis",-59700699.07,"Relatif Tertinggal"
kabupaten,14,1407,9,2024,0.4362,"Non Basis",458899791.51,"Potensial / Cepat Berkembang"
kabupaten,14,1407,10,2024,0.3094,"Non Basis",-911242639.08,"Relatif Tertinggal"
kabupaten,14,1407,11,2024,0.3965,"Non Basis",-11053739.44,"Relatif Tertinggal"
kabupaten,14,1407,12,2024,0.441,"Non Basis",-1217363610.5,"Relatif Tertinggal"
kabupaten,14,1407,13,2024,0.0457,"Non Basis",826686,"Potensial / Cepat Berkembang"
kabupaten,14,1407,14,2024,0.5062,"Non Basis",3706183156.74,"Potensial / Cepat Berkembang"
kabupaten,14,1407,15,2024,0.6044,"Non Basis",-702921935.95,"Relatif Tertinggal"
kabupaten,14,1407,16,2024,0.3558,"Non Basis",-907694765.45,"Relatif Tertinggal"
kabupaten,14,1407,17,2024,0.4609,"Non Basis",-273510756.69,"Relatif Tertinggal"
kabupaten,14,1407,1,2025,1.437,Basis,-165084100603.16,"Maju tapi Tertekan"
kabupaten,14,1407,2,2025,1.9275,Basis,32939178877.43,"Maju dan Tumbuh Cepat"
kabupaten,14,1407,3,2025,0.759,"Non Basis",-7606906667.98,"Relatif Tertinggal"
kabupaten,14,1407,4,2025,0.381,"Non Basis",35861009.51,"Potensial / Cepat Berkembang"
kabupaten,14,1407,5,2025,0.5771,"Non Basis",-85970873.79,"Relatif Tertinggal"
kabupaten,14,1407,6,2025,0.1653,"Non Basis",7584558186.62,"Potensial / Cepat Berkembang"
kabupaten,14,1407,7,2025,0.582,"Non Basis",-1787246803.42,"Relatif Tertinggal"
kabupaten,14,1407,8,2025,0.2145,"Non Basis",394402624.45,"Potensial / Cepat Berkembang"
kabupaten,14,1407,9,2025,0.4408,"Non Basis",37063267.98,"Potensial / Cepat Berkembang"
kabupaten,14,1407,10,2025,0.3092,"Non Basis",-2151531145.02,"Relatif Tertinggal"
kabupaten,14,1407,11,2025,0.3976,"Non Basis",-1514585116.65,"Relatif Tertinggal"
kabupaten,14,1407,12,2025,0.4434,"Non Basis",-1028329187.64,"Relatif Tertinggal"
kabupaten,14,1407,13,2025,0.0457,"Non Basis",-1325301.2,"Relatif Tertinggal"
kabupaten,14,1407,14,2025,0.5192,"Non Basis",7332590482.59,"Potensial / Cepat Berkembang"
kabupaten,14,1407,15,2025,0.5932,"Non Basis",-4918954715.41,"Relatif Tertinggal"
kabupaten,14,1407,16,2025,0.3615,"Non Basis",305109779.27,"Potensial / Cepat Berkembang"
kabupaten,14,1407,17,2025,0.4521,"Non Basis",-3755273140.46,"Relatif Tertinggal"
kabupaten,14,1408,1,2022,0.9163,"Non Basis",35248302880.65,"Potensial / Cepat Berkembang"
kabupaten,14,1408,2,2022,1.1885,Basis,-674113165.77,"Maju tapi Tertekan"
kabupaten,14,1408,3,2022,1.4514,Basis,-119370083309.88,"Maju tapi Tertekan"
kabupaten,14,1408,4,2022,0.1144,"Non Basis",-155534834.26,"Relatif Tertinggal"
kabupaten,14,1408,5,2022,0.3351,"Non Basis",-34688300.6,"Relatif Tertinggal"
kabupaten,14,1408,6,2022,0.5438,"Non Basis",23179206545.77,"Potensial / Cepat Berkembang"
kabupaten,14,1408,7,2022,0.2291,"Non Basis",11703505283.44,"Potensial / Cepat Berkembang"
kabupaten,14,1408,8,2022,0.1773,"Non Basis",-3024846086.3,"Relatif Tertinggal"
kabupaten,14,1408,9,2022,0.1021,"Non Basis",529969613.86,"Potensial / Cepat Berkembang"
kabupaten,14,1408,10,2022,0.3064,"Non Basis",-1803801528.16,"Relatif Tertinggal"
kabupaten,14,1408,11,2022,0.4064,"Non Basis",-2806137915.81,"Relatif Tertinggal"
kabupaten,14,1408,12,2022,0.4914,"Non Basis",-1761460844.52,"Relatif Tertinggal"
kabupaten,14,1408,13,2022,1.0378,Basis,28134263.3,"Maju dan Tumbuh Cepat"
kabupaten,14,1408,14,2022,0.5906,"Non Basis",2496636011.28,"Potensial / Cepat Berkembang"
kabupaten,14,1408,15,2022,1.0579,Basis,498583072.01,"Maju dan Tumbuh Cepat"
kabupaten,14,1408,16,2022,1.0284,Basis,-748500561.05,"Maju tapi Tertekan"
kabupaten,14,1408,17,2022,1.2035,Basis,11506057434.19,"Maju dan Tumbuh Cepat"
kabupaten,14,1408,1,2023,0.9196,"Non Basis",71969129427.09,"Potensial / Cepat Berkembang"
kabupaten,14,1408,2,2023,1.1806,Basis,-53829114843.94,"Maju tapi Tertekan"
kabupaten,14,1408,3,2023,1.4667,Basis,324769905644.3,"Maju dan Tumbuh Cepat"
kabupaten,14,1408,4,2023,0.1226,"Non Basis",402114420.52,"Potensial / Cepat Berkembang"
kabupaten,14,1408,5,2023,0.334,"Non Basis",-5076273.49,"Relatif Tertinggal"
kabupaten,14,1408,6,2023,0.5451,"Non Basis",10685046247.45,"Potensial / Cepat Berkembang"
kabupaten,14,1408,7,2023,0.2305,"Non Basis",10639196348.82,"Potensial / Cepat Berkembang"
kabupaten,14,1408,8,2023,0.1738,"Non Basis",-1507274827.14,"Relatif Tertinggal"
kabupaten,14,1408,9,2023,0.1033,"Non Basis",355582089.8,"Potensial / Cepat Berkembang"
kabupaten,14,1408,10,2023,0.3029,"Non Basis",-2110829095.89,"Relatif Tertinggal"
kabupaten,14,1408,11,2023,0.4048,"Non Basis",-600228373.93,"Relatif Tertinggal"
kabupaten,14,1408,12,2023,0.4913,"Non Basis",332266941.1,"Potensial / Cepat Berkembang"
kabupaten,14,1408,13,2023,1.0365,Basis,293776.58,"Maju dan Tumbuh Cepat"
kabupaten,14,1408,14,2023,0.5928,"Non Basis",3004535357.33,"Potensial / Cepat Berkembang"
kabupaten,14,1408,15,2023,1.056,Basis,-139180811.91,"Maju tapi Tertekan"
kabupaten,14,1408,16,2023,1.0241,Basis,-452456444.06,"Maju tapi Tertekan"
kabupaten,14,1408,17,2023,1.2043,Basis,701667645.47,"Maju dan Tumbuh Cepat"
kabupaten,14,1408,1,2024,0.9167,"Non Basis",76592851546.16,"Potensial / Cepat Berkembang"
kabupaten,14,1408,2,2024,1.1732,Basis,19250542114.22,"Maju dan Tumbuh Cepat"
kabupaten,14,1408,3,2024,1.4865,Basis,628334695153.24,"Maju dan Tumbuh Cepat"
kabupaten,14,1408,4,2024,0.1236,"Non Basis",99808810.38,"Potensial / Cepat Berkembang"
kabupaten,14,1408,5,2024,0.3333,"Non Basis",17380921.65,"Potensial / Cepat Berkembang"
kabupaten,14,1408,6,2024,0.5432,"Non Basis",13946843196.61,"Potensial / Cepat Berkembang"
kabupaten,14,1408,7,2024,0.2313,"Non Basis",17029158419.5,"Potensial / Cepat Berkembang"
kabupaten,14,1408,8,2024,0.1746,"Non Basis",1101788270.75,"Potensial / Cepat Berkembang"
kabupaten,14,1408,9,2024,0.102,"Non Basis",-136360303.97,"Relatif Tertinggal"
kabupaten,14,1408,10,2024,0.3008,"Non Basis",252308158.89,"Potensial / Cepat Berkembang"
kabupaten,14,1408,11,2024,0.4019,"Non Basis",232339585.61,"Potensial / Cepat Berkembang"
kabupaten,14,1408,12,2024,0.4882,"Non Basis",564017044.09,"Potensial / Cepat Berkembang"
kabupaten,14,1408,13,2024,1.0326,Basis,14815083.39,"Maju dan Tumbuh Cepat"
kabupaten,14,1408,14,2024,0.5994,"Non Basis",12632044796.64,"Potensial / Cepat Berkembang"
kabupaten,14,1408,15,2024,1.0477,Basis,133951268.1,"Maju dan Tumbuh Cepat"
kabupaten,14,1408,16,2024,1.0172,Basis,242605448.25,"Maju dan Tumbuh Cepat"
kabupaten,14,1408,17,2024,1.1968,Basis,721282155.4,"Maju dan Tumbuh Cepat"
kabupaten,14,1408,1,2025,0.9184,"Non Basis",192403970436.75,"Potensial / Cepat Berkembang"
kabupaten,14,1408,2,2025,1.1857,Basis,217250282315.27,"Maju dan Tumbuh Cepat"
kabupaten,14,1408,3,2025,1.4819,Basis,224572415440.39,"Maju dan Tumbuh Cepat"
kabupaten,14,1408,4,2025,0.1189,"Non Basis",-186433065.11,"Relatif Tertinggal"
kabupaten,14,1408,5,2025,0.3202,"Non Basis",-91084142.39,"Relatif Tertinggal"
kabupaten,14,1408,6,2025,0.5382,"Non Basis",3448272873.53,"Potensial / Cepat Berkembang"
kabupaten,14,1408,7,2025,0.2304,"Non Basis",9528245465.01,"Potensial / Cepat Berkembang"
kabupaten,14,1408,8,2025,0.1758,"Non Basis",1507544581.08,"Potensial / Cepat Berkembang"
kabupaten,14,1408,9,2025,0.1021,"Non Basis",351323960.57,"Potensial / Cepat Berkembang"
kabupaten,14,1408,10,2025,0.2954,"Non Basis",-1856233849.41,"Relatif Tertinggal"
kabupaten,14,1408,11,2025,0.395,"Non Basis",-1718962706.25,"Relatif Tertinggal"
kabupaten,14,1408,12,2025,0.4819,"Non Basis",-814251535.36,"Relatif Tertinggal"
kabupaten,14,1408,13,2025,1.0293,Basis,25722891.57,"Maju dan Tumbuh Cepat"
kabupaten,14,1408,14,2025,0.5765,"Non Basis",-19706931244.27,"Relatif Tertinggal"
kabupaten,14,1408,15,2025,0.9981,"Non Basis",-13885784295.8,"Relatif Tertinggal"
kabupaten,14,1408,16,2025,0.9985,"Non Basis",-1517646799.37,"Relatif Tertinggal"
kabupaten,14,1408,17,2025,1.1705,Basis,-4888493837.95,"Maju tapi Tertekan"
kabupaten,14,1409,1,2022,1.7819,Basis,18973291707.21,"Maju dan Tumbuh Cepat"
kabupaten,14,1409,2,2022,0.2803,"Non Basis",178289139890.69,"Potensial / Cepat Berkembang"
kabupaten,14,1409,3,2022,0.9659,"Non Basis",-34145332371.48,"Relatif Tertinggal"
kabupaten,14,1409,4,2022,0.5778,"Non Basis",567109768.12,"Potensial / Cepat Berkembang"
kabupaten,14,1409,5,2022,1.3744,Basis,-211730714.49,"Maju tapi Tertekan"
kabupaten,14,1409,6,2022,0.8082,"Non Basis",40364692722.15,"Potensial / Cepat Berkembang"
kabupaten,14,1409,7,2022,0.3643,"Non Basis",558241909.42,"Potensial / Cepat Berkembang"
kabupaten,14,1409,8,2022,0.6368,"Non Basis",994886946.76,"Potensial / Cepat Berkembang"
kabupaten,14,1409,9,2022,0.4363,"Non Basis",-168776830.68,"Relatif Tertinggal"
kabupaten,14,1409,10,2022,0.391,"Non Basis",-61232521.57,"Relatif Tertinggal"
kabupaten,14,1409,11,2022,0.5303,"Non Basis",-8923259.89,"Relatif Tertinggal"
kabupaten,14,1409,12,2022,0.7077,"Non Basis",-796620001.12,"Relatif Tertinggal"
kabupaten,14,1409,13,2022,0.1579,"Non Basis",-2990409.76,"Relatif Tertinggal"
kabupaten,14,1409,14,2022,1.2875,Basis,-29325573301.87,"Maju tapi Tertekan"
kabupaten,14,1409,15,2022,1.0303,Basis,-41371947.34,"Maju tapi Tertekan"
kabupaten,14,1409,16,2022,0.7612,"Non Basis",-51644325.83,"Relatif Tertinggal"
kabupaten,14,1409,17,2022,0.8327,"Non Basis",-184767533.67,"Relatif Tertinggal"
kabupaten,14,1409,1,2023,1.7981,Basis,-50679913298.71,"Maju tapi Tertekan"
kabupaten,14,1409,2,2023,0.2927,"Non Basis",34469623913.32,"Potensial / Cepat Berkembang"
kabupaten,14,1409,3,2023,0.9467,"Non Basis",-270732201641.93,"Relatif Tertinggal"
kabupaten,14,1409,4,2023,0.6224,"Non Basis",799808316.13,"Potensial / Cepat Berkembang"
kabupaten,14,1409,5,2023,1.3355,Basis,-212500681.01,"Maju tapi Tertekan"
kabupaten,14,1409,6,2023,0.8152,"Non Basis",-8387853508.39,"Relatif Tertinggal"
kabupaten,14,1409,7,2023,0.3701,"Non Basis",2861367483.81,"Potensial / Cepat Berkembang"
kabupaten,14,1409,8,2023,0.6374,"Non Basis",-1600498343.81,"Relatif Tertinggal"
kabupaten,14,1409,9,2023,0.4872,"Non Basis",5449255715.8,"Potensial / Cepat Berkembang"
kabupaten,14,1409,10,2023,0.3955,"Non Basis",-183307391.78,"Relatif Tertinggal"
kabupaten,14,1409,11,2023,0.5371,"Non Basis",-30019574.37,"Relatif Tertinggal"
kabupaten,14,1409,12,2023,0.7205,"Non Basis",899181116.36,"Potensial / Cepat Berkembang"
kabupaten,14,1409,13,2023,0.1576,"Non Basis",-3219945.88,"Relatif Tertinggal"
kabupaten,14,1409,14,2023,1.3019,Basis,-1094714028.35,"Maju tapi Tertekan"
kabupaten,14,1409,15,2023,1.0439,Basis,37426345.09,"Maju dan Tumbuh Cepat"
kabupaten,14,1409,16,2023,0.8443,"Non Basis",5117503828.48,"Potensial / Cepat Berkembang"
kabupaten,14,1409,17,2023,0.8554,"Non Basis",1522333912.63,"Potensial / Cepat Berkembang"
kabupaten,14,1409,1,2024,1.7974,Basis,-56052640531.39,"Maju tapi Tertekan"
kabupaten,14,1409,2,2024,0.3086,"Non Basis",57309563231.71,"Potensial / Cepat Berkembang"
kabupaten,14,1409,3,2024,0.9363,"Non Basis",-124032657878.88,"Relatif Tertinggal"
kabupaten,14,1409,4,2024,0.6348,"Non Basis",230124105.55,"Potensial / Cepat Berkembang"
kabupaten,14,1409,5,2024,1.3523,Basis,44767006.58,"Maju dan Tumbuh Cepat"
kabupaten,14,1409,6,2024,0.8328,"Non Basis",36073945499.69,"Potensial / Cepat Berkembang"
kabupaten,14,1409,7,2024,0.3807,"Non Basis",26055012079.35,"Potensial / Cepat Berkembang"
kabupaten,14,1409,8,2024,0.6509,"Non Basis",2427914939.93,"Potensial / Cepat Berkembang"
kabupaten,14,1409,9,2024,0.4782,"Non Basis",-1442426797.5,"Relatif Tertinggal"
kabupaten,14,1409,10,2024,0.3976,"Non Basis",177349794.56,"Potensial / Cepat Berkembang"
kabupaten,14,1409,11,2024,0.5409,"Non Basis",470465979.71,"Potensial / Cepat Berkembang"
kabupaten,14,1409,12,2024,0.7234,"Non Basis",35420836.15,"Potensial / Cepat Berkembang"
kabupaten,14,1409,13,2024,0.1669,"Non Basis",12487309.64,"Potensial / Cepat Berkembang"
kabupaten,14,1409,14,2024,1.3045,Basis,-1226967092.55,"Maju tapi Tertekan"
kabupaten,14,1409,15,2024,1.0494,Basis,209257916.07,"Maju dan Tumbuh Cepat"
kabupaten,14,1409,16,2024,0.9181,"Non Basis",5232699018.65,"Potensial / Cepat Berkembang"
kabupaten,14,1409,17,2024,0.8374,"Non Basis",-2938808116.58,"Relatif Tertinggal"
kabupaten,14,1409,1,2025,1.7952,Basis,50888003371.22,"Maju dan Tumbuh Cepat"
kabupaten,14,1409,2,2025,0.2955,"Non Basis",-45315351879.52,"Relatif Tertinggal"
kabupaten,14,1409,3,2025,0.933,"Non Basis",12108051923.53,"Potensial / Cepat Berkembang"
kabupaten,14,1409,4,2025,0.6129,"Non Basis",-455117776.15,"Relatif Tertinggal"
kabupaten,14,1409,5,2025,1.2581,Basis,-363899676.38,"Maju tapi Tertekan"
kabupaten,14,1409,6,2025,0.8396,"Non Basis",28805945094.82,"Potensial / Cepat Berkembang"
kabupaten,14,1409,7,2025,0.3764,"Non Basis",-7410707975.73,"Relatif Tertinggal"
kabupaten,14,1409,8,2025,0.6787,"Non Basis",7105430226.52,"Potensial / Cepat Berkembang"
kabupaten,14,1409,9,2025,0.4785,"Non Basis",361316802.65,"Potensial / Cepat Berkembang"
kabupaten,14,1409,10,2025,0.3946,"Non Basis",-386615172.74,"Relatif Tertinggal"
kabupaten,14,1409,11,2025,0.5371,"Non Basis",-335502891.36,"Relatif Tertinggal"
kabupaten,14,1409,12,2025,0.72,"Non Basis",41837202.34,"Potensial / Cepat Berkembang"
kabupaten,14,1409,13,2025,0.1644,"Non Basis",-2650602.41,"Relatif Tertinggal"
kabupaten,14,1409,14,2025,1.2463,Basis,-26850985602.68,"Maju tapi Tertekan"
kabupaten,14,1409,15,2025,1.0432,Basis,-177203988.37,"Maju tapi Tertekan"
kabupaten,14,1409,16,2025,0.946,"Non Basis",2632341784.88,"Potensial / Cepat Berkembang"
kabupaten,14,1409,17,2025,0.8864,"Non Basis",8186064854.47,"Potensial / Cepat Berkembang"
kabupaten,14,1410,1,2022,1.4486,Basis,-48008159752.99,"Maju tapi Tertekan"
kabupaten,14,1410,2,2022,0.7953,"Non Basis",50179590514.86,"Potensial / Cepat Berkembang"
kabupaten,14,1410,3,2022,0.9169,"Non Basis",-136660592468.76,"Relatif Tertinggal"
kabupaten,14,1410,4,2022,0.5191,"Non Basis",-145728069.72,"Relatif Tertinggal"
kabupaten,14,1410,5,2022,0.3762,"Non Basis",-31483062.91,"Relatif Tertinggal"
kabupaten,14,1410,6,2022,0.5408,"Non Basis",11712355598.63,"Potensial / Cepat Berkembang"
kabupaten,14,1410,7,2022,0.8559,"Non Basis",-46802823052.08,"Relatif Tertinggal"
kabupaten,14,1410,8,2022,2.1834,Basis,2821806283.19,"Maju dan Tumbuh Cepat"
kabupaten,14,1410,9,2022,0.5397,"Non Basis",307743609.43,"Potensial / Cepat Berkembang"
kabupaten,14,1410,10,2022,0.6966,"Non Basis",-83509410.35,"Relatif Tertinggal"
kabupaten,14,1410,11,2022,0.3013,"Non Basis",102039521.57,"Potensial / Cepat Berkembang"
kabupaten,14,1410,12,2022,0.4976,"Non Basis",372229142.52,"Potensial / Cepat Berkembang"
kabupaten,14,1410,13,2022,0.7625,"Non Basis",48910200.52,"Potensial / Cepat Berkembang"
kabupaten,14,1410,14,2022,1.1851,Basis,699302790.99,"Maju dan Tumbuh Cepat"
kabupaten,14,1410,15,2022,0.3864,"Non Basis",-132213931.28,"Relatif Tertinggal"
kabupaten,14,1410,16,2022,0.289,"Non Basis",-143335658.4,"Relatif Tertinggal"
kabupaten,14,1410,17,2022,0.6762,"Non Basis",2132058020.71,"Potensial / Cepat Berkembang"
kabupaten,14,1410,1,2023,1.4369,Basis,-12873512727.53,"Maju tapi Tertekan"
kabupaten,14,1410,2,2023,0.8321,"Non Basis",85161451883.11,"Potensial / Cepat Berkembang"
kabupaten,14,1410,3,2023,0.9052,"Non Basis",-29070655502.19,"Relatif Tertinggal"
kabupaten,14,1410,4,2023,0.5438,"Non Basis",316189914.48,"Potensial / Cepat Berkembang"
kabupaten,14,1410,5,2023,0.3544,"Non Basis",-38613456.82,"Relatif Tertinggal"
kabupaten,14,1410,6,2023,0.5791,"Non Basis",51437544895,"Potensial / Cepat Berkembang"
kabupaten,14,1410,7,2023,0.87,"Non Basis",26997449681.92,"Potensial / Cepat Berkembang"
kabupaten,14,1410,8,2023,2.1374,Basis,-3666320482.63,"Maju tapi Tertekan"
kabupaten,14,1410,9,2023,0.5526,"Non Basis",1016313695.4,"Potensial / Cepat Berkembang"
kabupaten,14,1410,10,2023,0.6971,"Non Basis",751243996.61,"Potensial / Cepat Berkembang"
kabupaten,14,1410,11,2023,0.3028,"Non Basis",461519789.44,"Potensial / Cepat Berkembang"
kabupaten,14,1410,12,2023,0.4959,"Non Basis",162577797.27,"Potensial / Cepat Berkembang"
kabupaten,14,1410,13,2023,0.7111,"Non Basis",-33049864.71,"Relatif Tertinggal"
kabupaten,14,1410,14,2023,1.1422,Basis,-8593738064.09,"Maju tapi Tertekan"
kabupaten,14,1410,15,2023,0.388,"Non Basis",278068084.43,"Potensial / Cepat Berkembang"
kabupaten,14,1410,16,2023,0.2903,"Non Basis",109634463.01,"Potensial / Cepat Berkembang"
kabupaten,14,1410,17,2023,0.6976,"Non Basis",1714475939.35,"Potensial / Cepat Berkembang"
kabupaten,14,1410,1,2024,1.4764,Basis,143350908091.14,"Maju dan Tumbuh Cepat"
kabupaten,14,1410,2,2024,0.7817,"Non Basis",-107048626672.89,"Relatif Tertinggal"
kabupaten,14,1410,3,2024,0.8992,"Non Basis",-35722086340.1,"Relatif Tertinggal"
kabupaten,14,1410,4,2024,0.5503,"Non Basis",66748658.32,"Potensial / Cepat Berkembang"
kabupaten,14,1410,5,2024,0.3424,"Non Basis",-25932619.08,"Relatif Tertinggal"
kabupaten,14,1410,6,2024,0.6099,"Non Basis",39342358818.13,"Potensial / Cepat Berkembang"
kabupaten,14,1410,7,2024,0.8554,"Non Basis",-24370433513.96,"Relatif Tertinggal"
kabupaten,14,1410,8,2024,2.1117,Basis,-3439495165.14,"Maju tapi Tertekan"
kabupaten,14,1410,9,2024,0.537,"Non Basis",-1164974048.48,"Relatif Tertinggal"
kabupaten,14,1410,10,2024,0.6999,"Non Basis",284204959.71,"Potensial / Cepat Berkembang"
kabupaten,14,1410,11,2024,0.308,"Non Basis",649836940.79,"Potensial / Cepat Berkembang"
kabupaten,14,1410,12,2024,0.4948,"Non Basis",-283409610.34,"Relatif Tertinggal"
kabupaten,14,1410,13,2024,0.6576,"Non Basis",-41696881.8,"Relatif Tertinggal"
kabupaten,14,1410,14,2024,1.1196,Basis,-6440896146.54,"Maju tapi Tertekan"
kabupaten,14,1410,15,2024,0.3866,"Non Basis",-158795827.14,"Relatif Tertinggal"
kabupaten,14,1410,16,2024,0.2855,"Non Basis",-208612211.87,"Relatif Tertinggal"
kabupaten,14,1410,17,2024,0.6897,"Non Basis",-665808312.09,"Relatif Tertinggal"
kabupaten,14,1410,1,2025,1.464,Basis,-117430663807.26,"Maju tapi Tertekan"
kabupaten,14,1410,2,2025,0.7549,"Non Basis",-72935550405.67,"Relatif Tertinggal"
kabupaten,14,1410,3,2025,0.9144,"Non Basis",24577458087.02,"Potensial / Cepat Berkembang"
kabupaten,14,1410,4,2025,0.5461,"Non Basis",-132304316.02,"Relatif Tertinggal"
kabupaten,14,1410,5,2025,0.3238,"Non Basis",-48705501.62,"Relatif Tertinggal"
kabupaten,14,1410,6,2025,0.6204,"Non Basis",4829396559.79,"Potensial / Cepat Berkembang"
kabupaten,14,1410,7,2025,0.8516,"Non Basis",-21111804595.27,"Relatif Tertinggal"
kabupaten,14,1410,8,2025,2.1326,Basis,-374192520.42,"Maju tapi Tertekan"
kabupaten,14,1410,9,2025,0.5414,"Non Basis",-124752274.81,"Relatif Tertinggal"
kabupaten,14,1410,10,2025,0.7019,"Non Basis",-1111049209.46,"Relatif Tertinggal"
kabupaten,14,1410,11,2025,0.3111,"Non Basis",-55018128.28,"Relatif Tertinggal"
kabupaten,14,1410,12,2025,0.4964,"Non Basis",-582194947.16,"Relatif Tertinggal"
kabupaten,14,1410,13,2025,0.7292,"Non Basis",52811244.98,"Potensial / Cepat Berkembang"
kabupaten,14,1410,14,2025,1.1606,Basis,7648772843.45,"Maju dan Tumbuh Cepat"
kabupaten,14,1410,15,2025,0.3849,"Non Basis",-499192355.63,"Relatif Tertinggal"
kabupaten,14,1410,16,2025,0.2773,"Non Basis",-482532609.47,"Relatif Tertinggal"
kabupaten,14,1410,17,2025,0.686,"Non Basis",-927038545.58,"Relatif Tertinggal"
kabupaten,14,1471,1,2022,0.054,"Non Basis",-5214763413.63,"Relatif Tertinggal"
kabupaten,14,1471,2,2022,0.0009,"Non Basis",25197572.85,"Potensial / Cepat Berkembang"
kabupaten,14,1471,3,2022,0.6695,"Non Basis",-379955190672.17,"Relatif Tertinggal"
kabupaten,14,1471,4,2022,2.8822,Basis,-17797000051.88,"Maju tapi Tertekan"
kabupaten,14,1471,5,2022,1.2036,Basis,-446140051.24,"Maju tapi Tertekan"
kabupaten,14,1471,6,2022,3.306,Basis,-45875068018.51,"Maju tapi Tertekan"
kabupaten,14,1471,7,2022,2.9205,Basis,158271875858.79,"Maju dan Tumbuh Cepat"
kabupaten,14,1471,8,2022,2.8366,Basis,80205637279.79,"Maju dan Tumbuh Cepat"
kabupaten,14,1471,9,2022,3.3242,Basis,10283687915.38,"Maju dan Tumbuh Cepat"
kabupaten,14,1471,10,2022,3.4981,Basis,-80402897987.52,"Maju tapi Tertekan"
kabupaten,14,1471,11,2022,3.6808,Basis,16303772607.76,"Maju dan Tumbuh Cepat"
kabupaten,14,1471,12,2022,2.8859,Basis,-6031659777.35,"Maju tapi Tertekan"
kabupaten,14,1471,13,2022,3.3552,Basis,56931124.67,"Maju dan Tumbuh Cepat"
kabupaten,14,1471,14,2022,1.8685,Basis,-27055370288.56,"Maju tapi Tertekan"
kabupaten,14,1471,15,2022,1.8836,Basis,3379661410.19,"Maju dan Tumbuh Cepat"
kabupaten,14,1471,16,2022,2.8614,Basis,-3957740871.6,"Maju tapi Tertekan"
kabupaten,14,1471,17,2022,2.0616,Basis,-45488292539.87,"Maju tapi Tertekan"
kabupaten,14,1471,1,2023,0.053,"Non Basis",693516841.82,"Potensial / Cepat Berkembang"
kabupaten,14,1471,2,2023,0.0009,"Non Basis",117090153.32,"Potensial / Cepat Berkembang"
kabupaten,14,1471,3,2023,0.6607,"Non Basis",76335208559.53,"Potensial / Cepat Berkembang"
kabupaten,14,1471,4,2023,2.7947,Basis,-2488425243.29,"Maju tapi Tertekan"
kabupaten,14,1471,5,2023,1.1962,Basis,156202669.57,"Maju dan Tumbuh Cepat"
kabupaten,14,1471,6,2023,3.2288,Basis,-143179396456.68,"Maju tapi Tertekan"
kabupaten,14,1471,7,2023,2.8613,Basis,-69624724468.64,"Maju tapi Tertekan"
kabupaten,14,1471,8,2023,2.7299,Basis,-36737174145.77,"Maju tapi Tertekan"
kabupaten,14,1471,9,2023,3.2827,Basis,6083969613.05,"Maju dan Tumbuh Cepat"
kabupaten,14,1471,10,2023,3.4067,Basis,-29897416854.95,"Maju tapi Tertekan"
kabupaten,14,1471,11,2023,3.5903,Basis,-21602144350.06,"Maju tapi Tertekan"
kabupaten,14,1471,12,2023,2.8355,Basis,-138616158.33,"Maju tapi Tertekan"
kabupaten,14,1471,13,2023,3.3065,Basis,39872439.12,"Maju dan Tumbuh Cepat"
kabupaten,14,1471,14,2023,1.8681,Basis,44789027280.62,"Maju dan Tumbuh Cepat"
kabupaten,14,1471,15,2023,1.8486,Basis,-979030441.39,"Maju tapi Tertekan"
kabupaten,14,1471,16,2023,2.7689,Basis,-9193790088.11,"Maju tapi Tertekan"
kabupaten,14,1471,17,2023,2.0431,Basis,6857842751.84,"Maju dan Tumbuh Cepat"
kabupaten,14,1471,1,2024,0.0535,"Non Basis",23357898345.83,"Potensial / Cepat Berkembang"
kabupaten,14,1471,2,2024,0.001,"Non Basis",359753529.72,"Potensial / Cepat Berkembang"
kabupaten,14,1471,3,2024,0.6541,"Non Basis",7213552360.44,"Potensial / Cepat Berkembang"
kabupaten,14,1471,4,2024,2.7211,Basis,-3205010062.61,"Maju tapi Tertekan"
kabupaten,14,1471,5,2024,1.1563,Basis,-331613527.82,"Maju tapi Tertekan"
kabupaten,14,1471,6,2024,3.1296,Basis,-512080513097.77,"Maju tapi Tertekan"
kabupaten,14,1471,7,2024,2.8031,Basis,-251597936903.39,"Maju tapi Tertekan"
kabupaten,14,1471,8,2024,2.6853,Basis,-11086386202.85,"Maju tapi Tertekan"
kabupaten,14,1471,9,2024,3.2473,Basis,-462628567.08,"Maju tapi Tertekan"
kabupaten,14,1471,10,2024,3.3215,Basis,-52720308442.35,"Maju tapi Tertekan"
kabupaten,14,1471,11,2024,3.5434,Basis,-7926948780.65,"Maju tapi Tertekan"
kabupaten,14,1471,12,2024,2.7956,Basis,-8584402335.6,"Maju tapi Tertekan"
kabupaten,14,1471,13,2024,3.2157,Basis,-253321247.28,"Maju tapi Tertekan"
kabupaten,14,1471,14,2024,1.8329,Basis,-24240543543.79,"Maju tapi Tertekan"
kabupaten,14,1471,15,2024,1.8243,Basis,-2280334723.82,"Maju tapi Tertekan"
kabupaten,14,1471,16,2024,2.7057,Basis,-7963408991.89,"Maju tapi Tertekan"
kabupaten,14,1471,17,2024,1.9849,Basis,-15867693721.94,"Maju tapi Tertekan"
kabupaten,14,1471,1,2025,0.0535,"Non Basis",9463088915.34,"Potensial / Cepat Berkembang"
kabupaten,14,1471,2,2025,0.001,"Non Basis",216057119.68,"Potensial / Cepat Berkembang"
kabupaten,14,1471,3,2025,0.6465,"Non Basis",-90480920054.57,"Relatif Tertinggal"
kabupaten,14,1471,4,2025,2.693,Basis,-704117044.62,"Maju tapi Tertekan"
kabupaten,14,1471,5,2025,1.112,Basis,-473414239.48,"Maju tapi Tertekan"
kabupaten,14,1471,6,2025,3.1432,Basis,291684630777.66,"Maju dan Tumbuh Cepat"
kabupaten,14,1471,7,2025,2.7735,Basis,-96110226987.26,"Maju tapi Tertekan"
kabupaten,14,1471,8,2025,2.641,Basis,-18571722957.78,"Maju tapi Tertekan"
kabupaten,14,1471,9,2025,3.2463,Basis,9364037242.83,"Maju dan Tumbuh Cepat"
kabupaten,14,1471,10,2025,3.2975,Basis,-1162300195.95,"Maju tapi Tertekan"
kabupaten,14,1471,11,2025,3.5326,Basis,12049720984.41,"Maju dan Tumbuh Cepat"
kabupaten,14,1471,12,2025,2.7772,Basis,849613843.15,"Maju dan Tumbuh Cepat"
kabupaten,14,1471,13,2025,3.1883,Basis,-25642570.28,"Maju tapi Tertekan"
kabupaten,14,1471,14,2025,1.7925,Basis,-45217941986.83,"Maju tapi Tertekan"
kabupaten,14,1471,15,2025,1.8123,Basis,308431574.57,"Maju dan Tumbuh Cepat"
kabupaten,14,1471,16,2025,2.6776,Basis,-2389552256.23,"Maju tapi Tertekan"
kabupaten,14,1471,17,2025,1.9877,Basis,7971232165.02,"Maju dan Tumbuh Cepat"
kabupaten,14,1472,1,2022,0.1786,"Non Basis",-36217224675.44,"Relatif Tertinggal"
kabupaten,14,1472,2,2022,0.0193,"Non Basis",549883075.59,"Potensial / Cepat Berkembang"
kabupaten,14,1472,3,2022,1.9356,Basis,478268131582.4,"Maju dan Tumbuh Cepat"
kabupaten,14,1472,4,2022,3.5786,Basis,16499511594.13,"Maju dan Tumbuh Cepat"
kabupaten,14,1472,5,2022,1.246,Basis,160757187.59,"Maju dan Tumbuh Cepat"
kabupaten,14,1472,6,2022,1.07,Basis,3570643718.05,"Maju dan Tumbuh Cepat"
kabupaten,14,1472,7,2022,1.5308,Basis,-348306848332.8,"Maju tapi Tertekan"
kabupaten,14,1472,8,2022,2.4544,Basis,-44108528545.57,"Maju tapi Tertekan"
kabupaten,14,1472,9,2022,1.4442,Basis,-10959877576.69,"Maju tapi Tertekan"
kabupaten,14,1472,10,2022,1.1297,Basis,-14031364723.95,"Maju tapi Tertekan"
kabupaten,14,1472,11,2022,1.1122,Basis,231167708.14,"Maju dan Tumbuh Cepat"
kabupaten,14,1472,12,2022,0.4465,"Non Basis",-141473445.67,"Relatif Tertinggal"
kabupaten,14,1472,13,2022,0.7973,"Non Basis",-115387968.61,"Relatif Tertinggal"
kabupaten,14,1472,14,2022,1.0376,Basis,13563139530.16,"Maju dan Tumbuh Cepat"
kabupaten,14,1472,15,2022,0.784,"Non Basis",-1948863433.95,"Relatif Tertinggal"
kabupaten,14,1472,16,2022,0.7501,"Non Basis",967137593.26,"Potensial / Cepat Berkembang"
kabupaten,14,1472,17,2022,1.001,Basis,224398023.87,"Maju dan Tumbuh Cepat"
kabupaten,14,1472,1,2023,0.1732,"Non Basis",-18219639262.39,"Relatif Tertinggal"
kabupaten,14,1472,2,2023,0.0194,"Non Basis",2012775822.64,"Potensial / Cepat Berkembang"
kabupaten,14,1472,3,2023,1.9433,Basis,386621328765.69,"Maju dan Tumbuh Cepat"
kabupaten,14,1472,4,2023,3.4829,Basis,-803571217.93,"Maju tapi Tertekan"
kabupaten,14,1472,5,2023,1.33,Basis,435773631.16,"Maju dan Tumbuh Cepat"
kabupaten,14,1472,6,2023,1.0609,Basis,24520504870.6,"Maju dan Tumbuh Cepat"
kabupaten,14,1472,7,2023,1.5088,Basis,13356909598.06,"Maju dan Tumbuh Cepat"
kabupaten,14,1472,8,2023,2.3597,Basis,-11946607740.65,"Maju tapi Tertekan"
kabupaten,14,1472,9,2023,1.4357,Basis,2201336466.84,"Maju dan Tumbuh Cepat"
kabupaten,14,1472,10,2023,1.0791,Basis,-10876399063.41,"Maju tapi Tertekan"
kabupaten,14,1472,11,2023,1.0842,Basis,-2544326389.77,"Maju tapi Tertekan"
kabupaten,14,1472,12,2023,0.4393,"Non Basis",156706702.81,"Potensial / Cepat Berkembang"
kabupaten,14,1472,13,2023,0.7826,"Non Basis",-1387707.77,"Relatif Tertinggal"
kabupaten,14,1472,14,2023,1.0104,Basis,-4582905550.43,"Maju tapi Tertekan"
kabupaten,14,1472,15,2023,0.7791,"Non Basis",1326903000.93,"Potensial / Cepat Berkembang"
kabupaten,14,1472,16,2023,0.7384,"Non Basis",97827640.54,"Potensial / Cepat Berkembang"
kabupaten,14,1472,17,2023,0.9717,"Non Basis",-1702445256.79,"Relatif Tertinggal"
kabupaten,14,1472,1,2024,0.1704,"Non Basis",-3356824785.92,"Relatif Tertinggal"
kabupaten,14,1472,2,2024,0.0199,"Non Basis",3339856831.8,"Potensial / Cepat Berkembang"
kabupaten,14,1472,3,2024,1.9198,Basis,41749140322.44,"Maju dan Tumbuh Cepat"
kabupaten,14,1472,4,2024,3.3694,Basis,-1649278846.15,"Maju tapi Tertekan"
kabupaten,14,1472,5,2024,1.43,Basis,516614173.23,"Maju dan Tumbuh Cepat"
kabupaten,14,1472,6,2024,1.0605,Basis,41356204056.91,"Maju dan Tumbuh Cepat"
kabupaten,14,1472,7,2024,1.5079,Basis,65800539063.82,"Maju dan Tumbuh Cepat"
kabupaten,14,1472,8,2024,2.2529,Basis,-18105410439.95,"Maju tapi Tertekan"
kabupaten,14,1472,9,2024,1.4633,Basis,7193623889.01,"Maju dan Tumbuh Cepat"
kabupaten,14,1472,10,2024,1.0732,Basis,3646442222.11,"Maju dan Tumbuh Cepat"
kabupaten,14,1472,11,2024,1.0781,Basis,2823378958.35,"Maju dan Tumbuh Cepat"
kabupaten,14,1472,12,2024,0.4381,"Non Basis",1517034636.48,"Potensial / Cepat Berkembang"
kabupaten,14,1472,13,2024,0.7677,"Non Basis",-5902828.14,"Relatif Tertinggal"
kabupaten,14,1472,14,2024,0.9991,"Non Basis",1738636100.28,"Potensial / Cepat Berkembang"
kabupaten,14,1472,15,2024,0.7717,"Non Basis",607032670.71,"Potensial / Cepat Berkembang"
kabupaten,14,1472,16,2024,0.7309,"Non Basis",252434697.82,"Potensial / Cepat Berkembang"
kabupaten,14,1472,17,2024,0.9534,"Non Basis",-680799251.05,"Relatif Tertinggal"
kabupaten,14,1472,1,2025,0.1634,"Non Basis",-50315798960.95,"Relatif Tertinggal"
kabupaten,14,1472,2,2025,0.0207,"Non Basis",4025230242.98,"Potensial / Cepat Berkembang"
kabupaten,14,1472,3,2025,1.9096,Basis,37647188347.76,"Maju dan Tumbuh Cepat"
kabupaten,14,1472,4,2025,3.6281,Basis,7728059985.37,"Maju dan Tumbuh Cepat"
kabupaten,14,1472,5,2025,1.5882,Basis,787912621.36,"Maju dan Tumbuh Cepat"
kabupaten,14,1472,6,2025,1.0009,Basis,-154687002896.17,"Maju tapi Tertekan"
kabupaten,14,1472,7,2025,1.5038,Basis,22459744964.95,"Maju dan Tumbuh Cepat"
kabupaten,14,1472,8,2025,2.2565,Basis,5089609127.06,"Maju dan Tumbuh Cepat"
kabupaten,14,1472,9,2025,1.4843,Basis,4914185245.3,"Maju dan Tumbuh Cepat"
kabupaten,14,1472,10,2025,1.0729,Basis,2966452841.47,"Maju dan Tumbuh Cepat"
kabupaten,14,1472,11,2025,1.0651,Basis,-1697084339.21,"Maju tapi Tertekan"
kabupaten,14,1472,12,2025,0.4392,"Non Basis",1315231895.5,"Potensial / Cepat Berkembang"
kabupaten,14,1472,13,2025,0.7583,"Non Basis",-7028112.45,"Relatif Tertinggal"
kabupaten,14,1472,14,2025,1.0071,Basis,8813844468.69,"Maju dan Tumbuh Cepat"
kabupaten,14,1472,15,2025,0.7739,"Non Basis",1369775654.34,"Potensial / Cepat Berkembang"
kabupaten,14,1472,16,2025,0.7444,"Non Basis",1706601674.74,"Potensial / Cepat Berkembang"
kabupaten,14,1472,17,2025,0.9406,"Non Basis",-1046045450.57,"Relatif Tertinggal"
kabupaten,15,1501,1,2022,1.7557,Basis,-55527133897.27,"Maju tapi Tertekan"
kabupaten,15,1501,2,2022,0.0758,"Non Basis",-1978340718.31,"Relatif Tertinggal"
kabupaten,15,1501,3,2022,0.2707,"Non Basis",974785605.97,"Potensial / Cepat Berkembang"
kabupaten,15,1501,4,2022,0.751,"Non Basis",-95089193.23,"Relatif Tertinggal"
kabupaten,15,1501,5,2022,2.3176,Basis,-942826168.58,"Maju tapi Tertekan"
kabupaten,15,1501,6,2022,1.7496,Basis,83358896940.63,"Maju dan Tumbuh Cepat"
kabupaten,15,1501,7,2022,0.9024,"Non Basis",-8726789903.77,"Relatif Tertinggal"
kabupaten,15,1501,8,2022,0.7951,"Non Basis",-15355122096.32,"Relatif Tertinggal"
kabupaten,15,1501,9,2022,0.7114,"Non Basis",-3478936097.22,"Relatif Tertinggal"
kabupaten,15,1501,10,2022,1.9001,Basis,3689095406.47,"Maju dan Tumbuh Cepat"
kabupaten,15,1501,11,2022,0.4558,"Non Basis",2473001929.64,"Potensial / Cepat Berkembang"
kabupaten,15,1501,12,2022,1.0751,Basis,-3313854385.78,"Maju tapi Tertekan"
kabupaten,15,1501,13,2022,0.0349,"Non Basis",-228895409.99,"Relatif Tertinggal"
kabupaten,15,1501,14,2022,1.6096,Basis,4505035583.15,"Maju dan Tumbuh Cepat"
kabupaten,15,1501,15,2022,1.2647,Basis,-231453054.04,"Maju tapi Tertekan"
kabupaten,15,1501,16,2022,1.3516,Basis,10661200334.57,"Maju dan Tumbuh Cepat"
kabupaten,15,1501,17,2022,1.5505,Basis,-3757525388.97,"Maju tapi Tertekan"
kabupaten,15,1501,1,2023,1.7054,Basis,-65979662864.66,"Maju tapi Tertekan"
kabupaten,15,1501,2,2023,0.0753,"Non Basis",476804880.16,"Potensial / Cepat Berkembang"
kabupaten,15,1501,3,2023,0.2716,"Non Basis",2786454408.7,"Potensial / Cepat Berkembang"
kabupaten,15,1501,4,2023,0.7413,"Non Basis",-10083487.94,"Relatif Tertinggal"
kabupaten,15,1501,5,2023,2.284,Basis,-97987987.99,"Maju tapi Tertekan"
kabupaten,15,1501,6,2023,1.892,Basis,91802870968.31,"Maju dan Tumbuh Cepat"
kabupaten,15,1501,7,2023,0.8566,"Non Basis",-28111398202.96,"Relatif Tertinggal"
kabupaten,15,1501,8,2023,0.7608,"Non Basis",-6548299337.03,"Relatif Tertinggal"
kabupaten,15,1501,9,2023,0.6844,"Non Basis",-1758834850.46,"Relatif Tertinggal"
kabupaten,15,1501,10,2023,1.8997,Basis,6139913617.62,"Maju dan Tumbuh Cepat"
kabupaten,15,1501,11,2023,0.4522,"Non Basis",175617586.35,"Potensial / Cepat Berkembang"
kabupaten,15,1501,12,2023,1.0775,Basis,1458102800.87,"Maju dan Tumbuh Cepat"
kabupaten,15,1501,13,2023,0.0337,"Non Basis",-79628562.41,"Relatif Tertinggal"
kabupaten,15,1501,14,2023,1.5831,Basis,-2276182100.7,"Maju tapi Tertekan"
kabupaten,15,1501,15,2023,1.2235,Basis,-6867790177.44,"Maju tapi Tertekan"
kabupaten,15,1501,16,2023,1.3083,Basis,-2975070463.6,"Maju tapi Tertekan"
kabupaten,15,1501,17,2023,1.4534,Basis,-6442966027.29,"Maju tapi Tertekan"
kabupaten,15,1501,1,2024,1.6807,Basis,-50011404995.41,"Maju tapi Tertekan"
kabupaten,15,1501,2,2024,0.0836,"Non Basis",14206763992.69,"Potensial / Cepat Berkembang"
kabupaten,15,1501,3,2024,0.2666,"Non Basis",-3848237221.84,"Relatif Tertinggal"
kabupaten,15,1501,4,2024,0.7227,"Non Basis",-94504181.6,"Relatif Tertinggal"
kabupaten,15,1501,5,2024,2.2686,Basis,-139159137.34,"Maju tapi Tertekan"
kabupaten,15,1501,6,2024,1.8091,Basis,-51408431394.94,"Maju tapi Tertekan"
kabupaten,15,1501,7,2024,0.8476,"Non Basis",-6863360715.88,"Relatif Tertinggal"
kabupaten,15,1501,8,2024,0.7469,"Non Basis",-3622613807.41,"Relatif Tertinggal"
kabupaten,15,1501,9,2024,0.6662,"Non Basis",-1747370898.8,"Relatif Tertinggal"
kabupaten,15,1501,10,2024,1.8718,Basis,-9099029840.02,"Maju tapi Tertekan"
kabupaten,15,1501,11,2024,0.4587,"Non Basis",1142816862.88,"Potensial / Cepat Berkembang"
kabupaten,15,1501,12,2024,1.0636,Basis,-1522602541.77,"Maju tapi Tertekan"
kabupaten,15,1501,13,2024,0.0327,"Non Basis",-106267670.55,"Relatif Tertinggal"
kabupaten,15,1501,14,2024,1.6005,Basis,4628444293.38,"Maju dan Tumbuh Cepat"
kabupaten,15,1501,15,2024,1.2101,Basis,-3340953030.17,"Maju tapi Tertekan"
kabupaten,15,1501,16,2024,1.3236,Basis,1808230232.12,"Maju dan Tumbuh Cepat"
kabupaten,15,1501,17,2024,1.4352,Basis,-1477700599.34,"Maju tapi Tertekan"
kabupaten,15,1501,1,2025,1.741,Basis,123735380870.22,"Maju dan Tumbuh Cepat"
kabupaten,15,1501,2,2025,0.0815,"Non Basis",-4168217319.62,"Relatif Tertinggal"
kabupaten,15,1501,3,2025,0.2701,"Non Basis",2272555568.12,"Potensial / Cepat Berkembang"
kabupaten,15,1501,4,2025,0.6968,"Non Basis",-156182019.98,"Relatif Tertinggal"
kabupaten,15,1501,5,2025,2.2504,Basis,-252129402.86,"Maju tapi Tertekan"
kabupaten,15,1501,6,2025,1.6862,Basis,-77156397121.19,"Maju tapi Tertekan"
kabupaten,15,1501,7,2025,0.8469,"Non Basis",-2785032501.3,"Relatif Tertinggal"
kabupaten,15,1501,8,2025,0.7854,"Non Basis",10661243092.83,"Potensial / Cepat Berkembang"
kabupaten,15,1501,9,2025,0.6785,"Non Basis",1043345267.68,"Potensial / Cepat Berkembang"
kabupaten,15,1501,10,2025,1.8641,Basis,-4904912140.11,"Maju tapi Tertekan"
kabupaten,15,1501,11,2025,0.4498,"Non Basis",-1873110015.93,"Relatif Tertinggal"
kabupaten,15,1501,12,2025,1.0733,Basis,796919431.1,"Maju dan Tumbuh Cepat"
kabupaten,15,1501,13,2025,0.033,"Non Basis",29368051.36,"Potensial / Cepat Berkembang"
kabupaten,15,1501,14,2025,1.6036,Basis,-395649869.26,"Maju tapi Tertekan"
kabupaten,15,1501,15,2025,1.2118,Basis,-495024651.1,"Maju tapi Tertekan"
kabupaten,15,1501,16,2025,1.3194,Basis,-936629417.23,"Maju tapi Tertekan"
kabupaten,15,1501,17,2025,1.4409,Basis,132038635.86,"Maju dan Tumbuh Cepat"
kabupaten,15,1502,1,2022,1.8419,Basis,82919971142.32,"Maju dan Tumbuh Cepat"
kabupaten,15,1502,2,2022,0.1042,"Non Basis",5931644305.58,"Potensial / Cepat Berkembang"
kabupaten,15,1502,3,2022,0.762,"Non Basis",10470637774.32,"Potensial / Cepat Berkembang"
kabupaten,15,1502,4,2022,1.0542,Basis,-250802163.66,"Maju tapi Tertekan"
kabupaten,15,1502,5,2022,1.3258,Basis,79741880.98,"Maju dan Tumbuh Cepat"
kabupaten,15,1502,6,2022,0.9417,"Non Basis",706893333.14,"Potensial / Cepat Berkembang"
kabupaten,15,1502,7,2022,1.1508,Basis,24500951322.23,"Maju dan Tumbuh Cepat"
kabupaten,15,1502,8,2022,0.6386,"Non Basis",-10208359879.93,"Relatif Tertinggal"
kabupaten,15,1502,9,2022,1.7324,Basis,-10584356728.84,"Maju tapi Tertekan"
kabupaten,15,1502,10,2022,1.1556,Basis,-908462794,"Maju tapi Tertekan"
kabupaten,15,1502,11,2022,0.6401,"Non Basis",167112324.35,"Potensial / Cepat Berkembang"
kabupaten,15,1502,12,2022,1.4961,Basis,5302272954.35,"Maju dan Tumbuh Cepat"
kabupaten,15,1502,13,2022,0.1237,"Non Basis",-480137635.53,"Relatif Tertinggal"
kabupaten,15,1502,14,2022,1.0029,Basis,1414029983.97,"Maju dan Tumbuh Cepat"
kabupaten,15,1502,15,2022,1.0501,Basis,10546051340.64,"Maju dan Tumbuh Cepat"
kabupaten,15,1502,16,2022,1.139,Basis,3399644904.6,"Maju dan Tumbuh Cepat"
kabupaten,15,1502,17,2022,1.4377,Basis,-128838647.76,"Maju tapi Tertekan"
kabupaten,15,1502,1,2023,1.8168,Basis,-41859921485.39,"Maju tapi Tertekan"
kabupaten,15,1502,2,2023,0.0907,"Non Basis",-33952675017.4,"Relatif Tertinggal"
kabupaten,15,1502,3,2023,0.788,"Non Basis",35645075151.31,"Potensial / Cepat Berkembang"
kabupaten,15,1502,4,2023,1.0511,Basis,26641929.5,"Maju dan Tumbuh Cepat"
kabupaten,15,1502,5,2023,1.3191,Basis,27721812.72,"Maju dan Tumbuh Cepat"
kabupaten,15,1502,6,2023,0.9072,"Non Basis",-25106958136.62,"Relatif Tertinggal"
kabupaten,15,1502,7,2023,1.1569,Basis,15936739041.49,"Maju dan Tumbuh Cepat"
kabupaten,15,1502,8,2023,0.6241,"Non Basis",-3999768085.28,"Relatif Tertinggal"
kabupaten,15,1502,9,2023,1.7187,Basis,-361636107.5,"Maju tapi Tertekan"
kabupaten,15,1502,10,2023,1.144,Basis,-2119163096.22,"Maju tapi Tertekan"
kabupaten,15,1502,11,2023,0.6227,"Non Basis",-3364430113.25,"Relatif Tertinggal"
kabupaten,15,1502,12,2023,1.4751,Basis,-1925336495.4,"Maju tapi Tertekan"
kabupaten,15,1502,13,2023,0.126,"Non Basis",433088170.61,"Potensial / Cepat Berkembang"
kabupaten,15,1502,14,2023,1.0123,Basis,5458656031.33,"Maju dan Tumbuh Cepat"
kabupaten,15,1502,15,2023,1.0539,Basis,3920597350.91,"Maju dan Tumbuh Cepat"
kabupaten,15,1502,16,2023,1.1427,Basis,1688896185.94,"Maju dan Tumbuh Cepat"
kabupaten,15,1502,17,2023,1.3762,Basis,-6361149109.22,"Maju tapi Tertekan"
kabupaten,15,1502,1,2024,1.801,Basis,-36820381532.21,"Maju tapi Tertekan"
kabupaten,15,1502,2,2024,0.0951,"Non Basis",12062341941.27,"Potensial / Cepat Berkembang"
kabupaten,15,1502,3,2024,0.7613,"Non Basis",-29970080388.9,"Relatif Tertinggal"
kabupaten,15,1502,4,2024,1.0277,Basis,-167180406.21,"Maju tapi Tertekan"
kabupaten,15,1502,5,2024,1.2912,Basis,-379143246.31,"Maju tapi Tertekan"
kabupaten,15,1502,6,2024,0.8586,"Non Basis",-44855312241.66,"Relatif Tertinggal"
kabupaten,15,1502,7,2024,1.1558,Basis,2132482519.06,"Maju dan Tumbuh Cepat"
kabupaten,15,1502,8,2024,0.6113,"Non Basis",-4671724912.2,"Relatif Tertinggal"
kabupaten,15,1502,9,2024,1.6849,Basis,-4450549632.85,"Maju tapi Tertekan"
kabupaten,15,1502,10,2024,1.1518,Basis,5581629282.79,"Maju dan Tumbuh Cepat"
kabupaten,15,1502,11,2024,0.6119,"Non Basis",-2378651137.35,"Relatif Tertinggal"
kabupaten,15,1502,12,2024,1.4323,Basis,-6931531898.26,"Maju tapi Tertekan"
kabupaten,15,1502,13,2024,0.1172,"Non Basis",-1318537802.55,"Relatif Tertinggal"
kabupaten,15,1502,14,2024,0.9981,"Non Basis",-4514320158.71,"Relatif Tertinggal"
kabupaten,15,1502,15,2024,1.0975,Basis,18698039258.8,"Maju dan Tumbuh Cepat"
kabupaten,15,1502,16,2024,1.1726,Basis,5610464054.98,"Maju dan Tumbuh Cepat"
kabupaten,15,1502,17,2024,1.3721,Basis,-90726904.04,"Maju tapi Tertekan"
kabupaten,15,1502,1,2025,1.7985,Basis,3267512398.46,"Maju dan Tumbuh Cepat"
kabupaten,15,1502,2,2025,0.0945,"Non Basis",-1190951685.21,"Relatif Tertinggal"
kabupaten,15,1502,3,2025,0.7468,"Non Basis",-16599494308.1,"Relatif Tertinggal"
kabupaten,15,1502,4,2025,0.9848,"Non Basis",-351787757.19,"Relatif Tertinggal"
kabupaten,15,1502,5,2025,1.3346,Basis,718203232.84,"Maju dan Tumbuh Cepat"
kabupaten,15,1502,6,2025,0.9234,"Non Basis",61788574131.08,"Potensial / Cepat Berkembang"
kabupaten,15,1502,7,2025,1.1391,Basis,-19573210653.77,"Maju tapi Tertekan"
kabupaten,15,1502,8,2025,0.6357,"Non Basis",11585147468.03,"Potensial / Cepat Berkembang"
kabupaten,15,1502,9,2025,1.6849,Basis,506689581.22,"Maju dan Tumbuh Cepat"
kabupaten,15,1502,10,2025,1.1173,Basis,-18485478380.1,"Maju tapi Tertekan"
kabupaten,15,1502,11,2025,0.594,"Non Basis",-4737551784.19,"Relatif Tertinggal"
kabupaten,15,1502,12,2025,1.4066,Basis,-4235678559.42,"Maju tapi Tertekan"
kabupaten,15,1502,13,2025,0.1152,"Non Basis",-302669025.66,"Relatif Tertinggal"
kabupaten,15,1502,14,2025,1.0401,Basis,16488034116.58,"Maju dan Tumbuh Cepat"
kabupaten,15,1502,15,2025,1.1214,Basis,10912787061.13,"Maju dan Tumbuh Cepat"
kabupaten,15,1502,16,2025,1.1349,Basis,-6350409889.97,"Maju tapi Tertekan"
kabupaten,15,1502,17,2025,1.3572,Basis,-1668511777.14,"Maju tapi Tertekan"
kabupaten,15,1503,1,2022,0.9486,"Non Basis",-20162862336.57,"Relatif Tertinggal"
kabupaten,15,1503,2,2022,1.4185,Basis,274642699532.78,"Maju dan Tumbuh Cepat"
kabupaten,15,1503,3,2022,0.3493,"Non Basis",-7346022603.94,"Relatif Tertinggal"
kabupaten,15,1503,4,2022,0.6208,"Non Basis",476799401.54,"Potensial / Cepat Berkembang"
kabupaten,15,1503,5,2022,0.893,"Non Basis",30985545.34,"Potensial / Cepat Berkembang"
kabupaten,15,1503,6,2022,1.5864,Basis,-16942438916.89,"Maju tapi Tertekan"
kabupaten,15,1503,7,2022,0.5504,"Non Basis",-9067674778.96,"Relatif Tertinggal"
kabupaten,15,1503,8,2022,0.6067,"Non Basis",-12329172165.28,"Relatif Tertinggal"
kabupaten,15,1503,9,2022,1.5912,Basis,-12353018724.83,"Maju tapi Tertekan"
kabupaten,15,1503,10,2022,0.8854,"Non Basis",-375059842.15,"Relatif Tertinggal"
kabupaten,15,1503,11,2022,0.9995,"Non Basis",791846843.05,"Potensial / Cepat Berkembang"
kabupaten,15,1503,12,2022,0.8256,"Non Basis",-1435859670.8,"Relatif Tertinggal"
kabupaten,15,1503,13,2022,0.2065,"Non Basis",-448617671.88,"Relatif Tertinggal"
kabupaten,15,1503,14,2022,1.1092,Basis,5029274663.75,"Maju dan Tumbuh Cepat"
kabupaten,15,1503,15,2022,0.8483,"Non Basis",634468353.48,"Potensial / Cepat Berkembang"
kabupaten,15,1503,16,2022,1.0471,Basis,3424052265.12,"Maju dan Tumbuh Cepat"
kabupaten,15,1503,17,2022,1.3571,Basis,-7467193836.97,"Maju tapi Tertekan"
kabupaten,15,1503,1,2023,0.9524,"Non Basis",747000715.07,"Potensial / Cepat Berkembang"
kabupaten,15,1503,2,2023,1.441,Basis,49550515840.33,"Maju dan Tumbuh Cepat"
kabupaten,15,1503,3,2023,0.348,"Non Basis",-3313117331.52,"Relatif Tertinggal"
kabupaten,15,1503,4,2023,0.6268,"Non Basis",29508348.79,"Potensial / Cepat Berkembang"
kabupaten,15,1503,5,2023,0.9168,"Non Basis",338435708.44,"Potensial / Cepat Berkembang"
kabupaten,15,1503,6,2023,1.554,Basis,-36950118550.11,"Maju tapi Tertekan"
kabupaten,15,1503,7,2023,0.561,"Non Basis",11098962282.17,"Potensial / Cepat Berkembang"
kabupaten,15,1503,8,2023,0.6113,"Non Basis",979768894.49,"Potensial / Cepat Berkembang"
kabupaten,15,1503,9,2023,1.6205,Basis,3513956545.3,"Maju dan Tumbuh Cepat"
kabupaten,15,1503,10,2023,0.887,"Non Basis",-944603655.17,"Relatif Tertinggal"
kabupaten,15,1503,11,2023,1.0142,Basis,3031774123.25,"Maju dan Tumbuh Cepat"
kabupaten,15,1503,12,2023,0.8294,"Non Basis",133737043.72,"Potensial / Cepat Berkembang"
kabupaten,15,1503,13,2023,0.2068,"Non Basis",-66692530.65,"Relatif Tertinggal"
kabupaten,15,1503,14,2023,1.1166,Basis,1238822605.77,"Maju dan Tumbuh Cepat"
kabupaten,15,1503,15,2023,0.8491,"Non Basis",-951431988.62,"Relatif Tertinggal"
kabupaten,15,1503,16,2023,1.0468,Basis,-708813851.13,"Maju tapi Tertekan"
kabupaten,15,1503,17,2023,1.3436,Basis,-2474333776.38,"Maju tapi Tertekan"
kabupaten,15,1503,1,2024,0.9622,"Non Basis",9752296112.53,"Potensial / Cepat Berkembang"
kabupaten,15,1503,2,2024,1.4591,Basis,20920347235.42,"Maju dan Tumbuh Cepat"
kabupaten,15,1503,3,2024,0.3457,"Non Basis",-6391278763.6,"Relatif Tertinggal"
kabupaten,15,1503,4,2024,0.6176,"Non Basis",-120728793.31,"Relatif Tertinggal"
kabupaten,15,1503,5,2024,0.9448,"Non Basis",353239046.54,"Potensial / Cepat Berkembang"
kabupaten,15,1503,6,2024,1.5048,Basis,-63863348072.49,"Maju tapi Tertekan"
kabupaten,15,1503,7,2024,0.5667,"Non Basis",1963411280.77,"Potensial / Cepat Berkembang"
kabupaten,15,1503,8,2024,0.614,"Non Basis",-828940335.84,"Relatif Tertinggal"
kabupaten,15,1503,9,2024,1.6169,Basis,-2566544282.48,"Maju tapi Tertekan"
kabupaten,15,1503,10,2024,0.8922,"Non Basis",-786592090.58,"Relatif Tertinggal"
kabupaten,15,1503,11,2024,1.0286,Basis,1928907585.1,"Maju dan Tumbuh Cepat"
kabupaten,15,1503,12,2024,0.8354,"Non Basis",-29789746.64,"Relatif Tertinggal"
kabupaten,15,1503,13,2024,0.2071,"Non Basis",-208892251.26,"Relatif Tertinggal"
kabupaten,15,1503,14,2024,1.0919,Basis,-13788833170.49,"Maju tapi Tertekan"
kabupaten,15,1503,15,2024,0.8655,"Non Basis",4418272422.08,"Potensial / Cepat Berkembang"
kabupaten,15,1503,16,2024,1.1037,Basis,9159634557.81,"Maju dan Tumbuh Cepat"
kabupaten,15,1503,17,2024,1.3461,Basis,-1068425481.24,"Maju tapi Tertekan"
kabupaten,15,1503,1,2025,0.9597,"Non Basis",-14080436169.01,"Relatif Tertinggal"
kabupaten,15,1503,2,2025,1.4688,Basis,23193982469.81,"Maju dan Tumbuh Cepat"
kabupaten,15,1503,3,2025,0.3397,"Non Basis",-8953220237.62,"Relatif Tertinggal"
kabupaten,15,1503,4,2025,0.5991,"Non Basis",-179856569.62,"Relatif Tertinggal"
kabupaten,15,1503,5,2025,0.9402,"Non Basis",-99665137.82,"Relatif Tertinggal"
kabupaten,15,1503,6,2025,1.5479,Basis,41295114004,"Maju dan Tumbuh Cepat"
kabupaten,15,1503,7,2025,0.5602,"Non Basis",-10662887022.14,"Relatif Tertinggal"
kabupaten,15,1503,8,2025,0.6148,"Non Basis",-48399214.56,"Relatif Tertinggal"
kabupaten,15,1503,9,2025,1.6205,Basis,227507281.01,"Maju dan Tumbuh Cepat"
kabupaten,15,1503,10,2025,0.8687,"Non Basis",-15306754940.7,"Relatif Tertinggal"
kabupaten,15,1503,11,2025,0.9991,"Non Basis",-9452967354.65,"Relatif Tertinggal"
kabupaten,15,1503,12,2025,0.8479,"Non Basis",2257157105.69,"Potensial / Cepat Berkembang"
kabupaten,15,1503,13,2025,0.206,"Non Basis",-263300886.16,"Relatif Tertinggal"
kabupaten,15,1503,14,2025,1.1971,Basis,42148881694.8,"Maju dan Tumbuh Cepat"
kabupaten,15,1503,15,2025,0.8743,"Non Basis",3445450224.72,"Potensial / Cepat Berkembang"
kabupaten,15,1503,16,2025,1.1029,Basis,-447838881.56,"Maju tapi Tertekan"
kabupaten,15,1503,17,2025,1.3336,Basis,-2124275902.17,"Maju tapi Tertekan"
kabupaten,15,1504,1,2022,1.3323,Basis,-76406438410.61,"Maju tapi Tertekan"
kabupaten,15,1504,2,2022,1.0499,Basis,1106740832068.8,"Maju dan Tumbuh Cepat"
kabupaten,15,1504,3,2022,0.9464,"Non Basis",-49404079371.29,"Relatif Tertinggal"
kabupaten,15,1504,4,2022,0.8634,"Non Basis",-91968005.52,"Relatif Tertinggal"
kabupaten,15,1504,5,2022,0.5489,"Non Basis",-115693636.19,"Relatif Tertinggal"
kabupaten,15,1504,6,2022,0.775,"Non Basis",-25550468357.2,"Relatif Tertinggal"
kabupaten,15,1504,7,2022,0.6683,"Non Basis",225653546.48,"Potensial / Cepat Berkembang"
kabupaten,15,1504,8,2022,0.4633,"Non Basis",-9017364112.06,"Relatif Tertinggal"
kabupaten,15,1504,9,2022,0.3103,"Non Basis",-2622415449.34,"Relatif Tertinggal"
kabupaten,15,1504,10,2022,0.7255,"Non Basis",-1520410292.03,"Relatif Tertinggal"
kabupaten,15,1504,11,2022,0.678,"Non Basis",-6878612268.56,"Relatif Tertinggal"
kabupaten,15,1504,12,2022,0.7174,"Non Basis",-2211483356.12,"Relatif Tertinggal"
kabupaten,15,1504,13,2022,0.0631,"Non Basis",-136558202.95,"Relatif Tertinggal"
kabupaten,15,1504,14,2022,1.0888,Basis,1796320674.34,"Maju dan Tumbuh Cepat"
kabupaten,15,1504,15,2022,1.2966,Basis,-4273466844.82,"Maju tapi Tertekan"
kabupaten,15,1504,16,2022,1.0796,Basis,4242985034.81,"Maju dan Tumbuh Cepat"
kabupaten,15,1504,17,2022,0.9245,"Non Basis",-3237405559.61,"Relatif Tertinggal"
kabupaten,15,1504,1,2023,1.3499,Basis,34896641526.68,"Maju dan Tumbuh Cepat"
kabupaten,15,1504,2,2023,1.0381,Basis,-60029515724.24,"Maju tapi Tertekan"
kabupaten,15,1504,3,2023,0.9616,"Non Basis",12981619689.77,"Potensial / Cepat Berkembang"
kabupaten,15,1504,4,2023,0.874,"Non Basis",45983302.41,"Potensial / Cepat Berkembang"
kabupaten,15,1504,5,2023,0.5529,"Non Basis",8101738.1,"Potensial / Cepat Berkembang"
kabupaten,15,1504,6,2023,0.7554,"Non Basis",-26684305684.78,"Relatif Tertinggal"
kabupaten,15,1504,7,2023,0.6748,"Non Basis",3301651153.42,"Potensial / Cepat Berkembang"
kabupaten,15,1504,8,2023,0.4643,"Non Basis",-894953403.19,"Relatif Tertinggal"
kabupaten,15,1504,9,2023,0.3111,"Non Basis",-209959579.54,"Relatif Tertinggal"
kabupaten,15,1504,10,2023,0.7399,"Non Basis",6020769876.12,"Potensial / Cepat Berkembang"
kabupaten,15,1504,11,2023,0.6755,"Non Basis",-2123122952.55,"Relatif Tertinggal"
kabupaten,15,1504,12,2023,0.7152,"Non Basis",-1412015566.46,"Relatif Tertinggal"
kabupaten,15,1504,13,2023,0.0624,"Non Basis",-199440052.33,"Relatif Tertinggal"
kabupaten,15,1504,14,2023,1.11,Basis,6034352436.24,"Maju dan Tumbuh Cepat"
kabupaten,15,1504,15,2023,1.2967,Basis,-3819493463.71,"Maju tapi Tertekan"
kabupaten,15,1504,16,2023,1.0851,Basis,-265586826.43,"Maju tapi Tertekan"
kabupaten,15,1504,17,2023,0.903,"Non Basis",-4127417903.35,"Relatif Tertinggal"
kabupaten,15,1504,1,2024,1.3997,Basis,142306190553.41,"Maju dan Tumbuh Cepat"
kabupaten,15,1504,2,2024,0.9463,"Non Basis",-327019904377.08,"Relatif Tertinggal"
kabupaten,15,1504,3,2024,0.9974,"Non Basis",38122438778.94,"Potensial / Cepat Berkembang"
kabupaten,15,1504,4,2024,0.8868,"Non Basis",36762246.12,"Potensial / Cepat Berkembang"
kabupaten,15,1504,5,2024,0.5682,"Non Basis",178563450.62,"Potensial / Cepat Berkembang"
kabupaten,15,1504,6,2024,0.7443,"Non Basis",-22355806737.59,"Relatif Tertinggal"
kabupaten,15,1504,7,2024,0.6892,"Non Basis",11263761351.6,"Potensial / Cepat Berkembang"
kabupaten,15,1504,8,2024,0.4745,"Non Basis",2709123061.1,"Potensial / Cepat Berkembang"
kabupaten,15,1504,9,2024,0.3151,"Non Basis",141413711.68,"Potensial / Cepat Berkembang"
kabupaten,15,1504,10,2024,0.7428,"Non Basis",-3102960425.52,"Relatif Tertinggal"
kabupaten,15,1504,11,2024,0.688,"Non Basis",1731272272.28,"Potensial / Cepat Berkembang"
kabupaten,15,1504,12,2024,0.7156,"Non Basis",-1521340451.69,"Relatif Tertinggal"
kabupaten,15,1504,13,2024,0.0628,"Non Basis",-38365790.68,"Relatif Tertinggal"
kabupaten,15,1504,14,2024,1.1512,Basis,13899734611.49,"Maju dan Tumbuh Cepat"
kabupaten,15,1504,15,2024,1.3761,Basis,32594292887.09,"Maju dan Tumbuh Cepat"
kabupaten,15,1504,16,2024,1.1174,Basis,4388843002.25,"Maju dan Tumbuh Cepat"
kabupaten,15,1504,17,2024,0.9077,"Non Basis",-740360109.87,"Relatif Tertinggal"
kabupaten,15,1504,1,2025,1.388,Basis,-33688279260.33,"Maju tapi Tertekan"
kabupaten,15,1504,2,2025,0.9641,"Non Basis",68788503236.57,"Potensial / Cepat Berkembang"
kabupaten,15,1504,3,2025,0.9896,"Non Basis",-7985294520.63,"Relatif Tertinggal"
kabupaten,15,1504,4,2025,0.889,"Non Basis",47851959.36,"Potensial / Cepat Berkembang"
kabupaten,15,1504,5,2025,0.5861,"Non Basis",371252616.11,"Potensial / Cepat Berkembang"
kabupaten,15,1504,6,2025,0.7771,"Non Basis",39487320026.91,"Potensial / Cepat Berkembang"
kabupaten,15,1504,7,2025,0.6724,"Non Basis",-24732706816.67,"Relatif Tertinggal"
kabupaten,15,1504,8,2025,0.483,"Non Basis",5416803806.84,"Potensial / Cepat Berkembang"
kabupaten,15,1504,9,2025,0.3264,"Non Basis",2319087658.4,"Potensial / Cepat Berkembang"
kabupaten,15,1504,10,2025,0.7131,"Non Basis",-19370899453.21,"Relatif Tertinggal"
kabupaten,15,1504,11,2025,0.651,"Non Basis",-12099116611.7,"Relatif Tertinggal"
kabupaten,15,1504,12,2025,0.7144,"Non Basis",171537191.74,"Potensial / Cepat Berkembang"
kabupaten,15,1504,13,2025,0.0614,"Non Basis",-251672784.48,"Relatif Tertinggal"
kabupaten,15,1504,14,2025,1.2351,Basis,39842793005.92,"Maju dan Tumbuh Cepat"
kabupaten,15,1504,15,2025,1.3646,Basis,-4037337393.98,"Maju tapi Tertekan"
kabupaten,15,1504,16,2025,1.0999,Basis,-3177840834.37,"Maju tapi Tertekan"
kabupaten,15,1504,17,2025,0.8955,"Non Basis",-1636732305.74,"Relatif Tertinggal"
kabupaten,15,1505,1,2022,1.538,Basis,51001153484.68,"Maju dan Tumbuh Cepat"
kabupaten,15,1505,2,2022,0.6636,"Non Basis",527466971653.13,"Potensial / Cepat Berkembang"
kabupaten,15,1505,3,2022,1.5191,Basis,-35093388301.27,"Maju tapi Tertekan"
kabupaten,15,1505,4,2022,0.696,"Non Basis",-114430889.63,"Relatif Tertinggal"
kabupaten,15,1505,5,2022,0.6793,"Non Basis",-135674863.9,"Relatif Tertinggal"
kabupaten,15,1505,6,2022,0.715,"Non Basis",-14590936090.7,"Relatif Tertinggal"
kabupaten,15,1505,7,2022,0.493,"Non Basis",4890067981.96,"Potensial / Cepat Berkembang"
kabupaten,15,1505,8,2022,1.1052,Basis,-4056383961.17,"Maju tapi Tertekan"
kabupaten,15,1505,9,2022,0.5257,"Non Basis",-3945691663.21,"Relatif Tertinggal"
kabupaten,15,1505,10,2022,0.6452,"Non Basis",-2995295374.9,"Relatif Tertinggal"
kabupaten,15,1505,11,2022,0.7388,"Non Basis",-24288416.47,"Relatif Tertinggal"
kabupaten,15,1505,12,2022,0.8025,"Non Basis",131474153.34,"Potensial / Cepat Berkembang"
kabupaten,15,1505,13,2022,0.9931,"Non Basis",-5996545478.15,"Relatif Tertinggal"
kabupaten,15,1505,14,2022,0.8566,"Non Basis",338464609.58,"Potensial / Cepat Berkembang"
kabupaten,15,1505,15,2022,0.5282,"Non Basis",-236195018.53,"Relatif Tertinggal"
kabupaten,15,1505,16,2022,0.8348,"Non Basis",210955918.26,"Potensial / Cepat Berkembang"
kabupaten,15,1505,17,2022,1.329,Basis,5005018372.08,"Maju dan Tumbuh Cepat"
kabupaten,15,1505,1,2023,1.4985,Basis,-83528385539.28,"Maju tapi Tertekan"
kabupaten,15,1505,2,2023,0.6898,"Non Basis",159601742580.85,"Potensial / Cepat Berkembang"
kabupaten,15,1505,3,2023,1.4686,Basis,-52516250797.96,"Maju tapi Tertekan"
kabupaten,15,1505,4,2023,0.7021,"Non Basis",207653061.22,"Potensial / Cepat Berkembang"
kabupaten,15,1505,5,2023,0.6786,"Non Basis",244115934.12,"Potensial / Cepat Berkembang"
kabupaten,15,1505,6,2023,0.8709,"Non Basis",245029624373.17,"Potensial / Cepat Berkembang"
kabupaten,15,1505,7,2023,0.4899,"Non Basis",8852908712.78,"Potensial / Cepat Berkembang"
kabupaten,15,1505,8,2023,1.0643,Basis,-15421903446.26,"Maju tapi Tertekan"
kabupaten,15,1505,9,2023,0.5222,"Non Basis",1053353381.01,"Potensial / Cepat Berkembang"
kabupaten,15,1505,10,2023,0.6397,"Non Basis",3622613033.74,"Potensial / Cepat Berkembang"
kabupaten,15,1505,11,2023,0.7291,"Non Basis",691469257.07,"Potensial / Cepat Berkembang"
kabupaten,15,1505,12,2023,0.7932,"Non Basis",830786690.72,"Potensial / Cepat Berkembang"
kabupaten,15,1505,13,2023,0.9519,"Non Basis",-6168963448.33,"Relatif Tertinggal"
kabupaten,15,1505,14,2023,0.8333,"Non Basis",-5847952673.91,"Relatif Tertinggal"
kabupaten,15,1505,15,2023,0.5236,"Non Basis",2138011849.31,"Potensial / Cepat Berkembang"
kabupaten,15,1505,16,2023,0.8105,"Non Basis",-2987384863.17,"Relatif Tertinggal"
kabupaten,15,1505,17,2023,1.293,Basis,-3185255526.97,"Maju tapi Tertekan"
kabupaten,15,1505,1,2024,1.4651,Basis,-54456570477.24,"Maju tapi Tertekan"
kabupaten,15,1505,2,2024,0.6728,"Non Basis",-26991158026.02,"Relatif Tertinggal"
kabupaten,15,1505,3,2024,1.4352,Basis,-21077524613.92,"Maju tapi Tertekan"
kabupaten,15,1505,4,2024,0.7126,"Non Basis",293237753.88,"Potensial / Cepat Berkembang"
kabupaten,15,1505,5,2024,0.6531,"Non Basis",-384616118.05,"Relatif Tertinggal"
kabupaten,15,1505,6,2024,1.1325,Basis,451222500978.99,"Maju dan Tumbuh Cepat"
kabupaten,15,1505,7,2024,0.4782,"Non Basis",-8597164019.41,"Relatif Tertinggal"
kabupaten,15,1505,8,2024,1.0099,Basis,-26524837682.32,"Maju tapi Tertekan"
kabupaten,15,1505,9,2024,0.5048,"Non Basis",-2360137395.76,"Relatif Tertinggal"
kabupaten,15,1505,10,2024,0.6295,"Non Basis",-135458334.19,"Relatif Tertinggal"
kabupaten,15,1505,11,2024,0.7158,"Non Basis",-791595506.41,"Relatif Tertinggal"
kabupaten,15,1505,12,2024,0.782,"Non Basis",384246181.65,"Potensial / Cepat Berkembang"
kabupaten,15,1505,13,2024,0.93,"Non Basis",-1825587779.63,"Relatif Tertinggal"
kabupaten,15,1505,14,2024,0.7779,"Non Basis",-27586830538.61,"Relatif Tertinggal"
kabupaten,15,1505,15,2024,0.5433,"Non Basis",19231743043.95,"Potensial / Cepat Berkembang"
kabupaten,15,1505,16,2024,0.8152,"Non Basis",5071153150.52,"Potensial / Cepat Berkembang"
kabupaten,15,1505,17,2024,1.2657,Basis,-1553135051.03,"Maju tapi Tertekan"
kabupaten,15,1505,1,2025,1.4877,Basis,84011002716.03,"Maju dan Tumbuh Cepat"
kabupaten,15,1505,2,2025,0.6701,"Non Basis",-30165517814.23,"Relatif Tertinggal"
kabupaten,15,1505,3,2025,1.4309,Basis,-26352622570.91,"Maju tapi Tertekan"
kabupaten,15,1505,4,2025,0.7157,"Non Basis",-13459404.08,"Relatif Tertinggal"
kabupaten,15,1505,5,2025,0.6533,"Non Basis",-91464131.45,"Relatif Tertinggal"
kabupaten,15,1505,6,2025,1.0818,Basis,-89018133587.27,"Maju tapi Tertekan"
kabupaten,15,1505,7,2025,0.4843,"Non Basis",7794218600.96,"Potensial / Cepat Berkembang"
kabupaten,15,1505,8,2025,1.0029,Basis,-9653739836.6,"Maju tapi Tertekan"
kabupaten,15,1505,9,2025,0.52,"Non Basis",3250235900.28,"Potensial / Cepat Berkembang"
kabupaten,15,1505,10,2025,0.6325,"Non Basis",-420062341.69,"Relatif Tertinggal"
kabupaten,15,1505,11,2025,0.7026,"Non Basis",-8151517767.81,"Relatif Tertinggal"
kabupaten,15,1505,12,2025,0.789,"Non Basis",811344400.07,"Potensial / Cepat Berkembang"
kabupaten,15,1505,13,2025,0.9235,"Non Basis",-3244503972.54,"Relatif Tertinggal"
kabupaten,15,1505,14,2025,0.7921,"Non Basis",6226195414.36,"Potensial / Cepat Berkembang"
kabupaten,15,1505,15,2025,0.5435,"Non Basis",-2033395752.37,"Relatif Tertinggal"
kabupaten,15,1505,16,2025,0.8066,"Non Basis",-3938672012.31,"Relatif Tertinggal"
kabupaten,15,1505,17,2025,1.2749,Basis,494736708.22,"Maju dan Tumbuh Cepat"
kabupaten,15,1506,1,2022,0.8757,"Non Basis",13403325988.68,"Potensial / Cepat Berkembang"
kabupaten,15,1506,2,2022,1.7008,Basis,-1012758199580.1,"Maju tapi Tertekan"
kabupaten,15,1506,3,2022,1.7569,Basis,79233678833.37,"Maju dan Tumbuh Cepat"
kabupaten,15,1506,4,2022,0.3227,"Non Basis",464254804.93,"Potensial / Cepat Berkembang"
kabupaten,15,1506,5,2022,0.4011,"Non Basis",-51082222.64,"Relatif Tertinggal"
kabupaten,15,1506,6,2022,0.6422,"Non Basis",2145568070.21,"Potensial / Cepat Berkembang"
kabupaten,15,1506,7,2022,0.3358,"Non Basis",-3644868461.45,"Relatif Tertinggal"
kabupaten,15,1506,8,2022,0.2695,"Non Basis",-8867497633.79,"Relatif Tertinggal"
kabupaten,15,1506,9,2022,0.384,"Non Basis",391590437.15,"Potensial / Cepat Berkembang"
kabupaten,15,1506,10,2022,0.4758,"Non Basis",4639038310.97,"Potensial / Cepat Berkembang"
kabupaten,15,1506,11,2022,0.4499,"Non Basis",-35691280.17,"Relatif Tertinggal"
kabupaten,15,1506,12,2022,0.4583,"Non Basis",-1036745503.79,"Relatif Tertinggal"
kabupaten,15,1506,13,2022,1.0445,Basis,-7361806401.35,"Maju tapi Tertekan"
kabupaten,15,1506,14,2022,0.4589,"Non Basis",-998888158.56,"Relatif Tertinggal"
kabupaten,15,1506,15,2022,0.5393,"Non Basis",2456814970.87,"Potensial / Cepat Berkembang"
kabupaten,15,1506,16,2022,0.3973,"Non Basis",-1248599963.83,"Relatif Tertinggal"
kabupaten,15,1506,17,2022,0.5327,"Non Basis",-1911745577.88,"Relatif Tertinggal"
kabupaten,15,1506,1,2023,0.8935,"Non Basis",84988663030.6,"Potensial / Cepat Berkembang"
kabupaten,15,1506,2,2023,1.712,Basis,-36429148294.26,"Maju tapi Tertekan"
kabupaten,15,1506,3,2023,1.7923,Basis,62213828303.82,"Maju dan Tumbuh Cepat"
kabupaten,15,1506,4,2023,0.3375,"Non Basis",250213358.07,"Potensial / Cepat Berkembang"
kabupaten,15,1506,5,2023,0.4082,"Non Basis",142854217.85,"Potensial / Cepat Berkembang"
kabupaten,15,1506,6,2023,0.6487,"Non Basis",1038335499.34,"Potensial / Cepat Berkembang"
kabupaten,15,1506,7,2023,0.3404,"Non Basis",5058087858.44,"Potensial / Cepat Berkembang"
kabupaten,15,1506,8,2023,0.2648,"Non Basis",-7907785452.39,"Relatif Tertinggal"
kabupaten,15,1506,9,2023,0.386,"Non Basis",-650044321.63,"Relatif Tertinggal"
kabupaten,15,1506,10,2023,0.479,"Non Basis",-1812087291.97,"Relatif Tertinggal"
kabupaten,15,1506,11,2023,0.4546,"Non Basis",341286381.22,"Potensial / Cepat Berkembang"
kabupaten,15,1506,12,2023,0.4639,"Non Basis",591889209.86,"Potensial / Cepat Berkembang"
kabupaten,15,1506,13,2023,1.0262,Basis,-11373854052.71,"Maju tapi Tertekan"
kabupaten,15,1506,14,2023,0.4626,"Non Basis",-580107993.65,"Relatif Tertinggal"
kabupaten,15,1506,15,2023,0.5441,"Non Basis",-309279815.4,"Relatif Tertinggal"
kabupaten,15,1506,16,2023,0.3993,"Non Basis",-773149549.45,"Relatif Tertinggal"
kabupaten,15,1506,17,2023,0.5339,"Non Basis",-1343639384.44,"Relatif Tertinggal"
kabupaten,15,1506,1,2024,0.8883,"Non Basis",-52951739353.07,"Relatif Tertinggal"
kabupaten,15,1506,2,2024,1.7818,Basis,511769674520.67,"Maju dan Tumbuh Cepat"
kabupaten,15,1506,3,2024,1.8045,Basis,38107358153.26,"Maju dan Tumbuh Cepat"
kabupaten,15,1506,4,2024,0.3483,"Non Basis",241756272.4,"Potensial / Cepat Berkembang"
kabupaten,15,1506,5,2024,0.409,"Non Basis",25772985.24,"Potensial / Cepat Berkembang"
kabupaten,15,1506,6,2024,0.6448,"Non Basis",-11904988904.84,"Relatif Tertinggal"
kabupaten,15,1506,7,2024,0.3367,"Non Basis",-14282576148.72,"Relatif Tertinggal"
kabupaten,15,1506,8,2024,0.2598,"Non Basis",-6173125117.87,"Relatif Tertinggal"
kabupaten,15,1506,9,2024,0.386,"Non Basis",-117674933,"Relatif Tertinggal"
kabupaten,15,1506,10,2024,0.4765,"Non Basis",-4258023302.46,"Relatif Tertinggal"
kabupaten,15,1506,11,2024,0.4553,"Non Basis",334544642.06,"Potensial / Cepat Berkembang"
kabupaten,15,1506,12,2024,0.4663,"Non Basis",1082126632.36,"Potensial / Cepat Berkembang"
kabupaten,15,1506,13,2024,1.0233,Basis,-1592684041.6,"Maju tapi Tertekan"
kabupaten,15,1506,14,2024,0.4642,"Non Basis",1392981126.92,"Potensial / Cepat Berkembang"
kabupaten,15,1506,15,2024,0.5425,"Non Basis",-2272186794.5,"Relatif Tertinggal"
kabupaten,15,1506,16,2024,0.4091,"Non Basis",4649095592.49,"Potensial / Cepat Berkembang"
kabupaten,15,1506,17,2024,0.5298,"Non Basis",-1687187593.03,"Relatif Tertinggal"
kabupaten,15,1506,1,2025,0.8759,"Non Basis",-93355690145.46,"Relatif Tertinggal"
kabupaten,15,1506,2,2025,1.7856,Basis,77307512412.26,"Maju dan Tumbuh Cepat"
kabupaten,15,1506,3,2025,1.823,Basis,89282126386.24,"Maju dan Tumbuh Cepat"
kabupaten,15,1506,4,2025,0.3495,"Non Basis",57981729.7,"Potensial / Cepat Berkembang"
kabupaten,15,1506,5,2025,0.4028,"Non Basis",-217591842.19,"Relatif Tertinggal"
kabupaten,15,1506,6,2025,0.6455,"Non Basis",7730746301.92,"Potensial / Cepat Berkembang"
kabupaten,15,1506,7,2025,0.3416,"Non Basis",23514448804.65,"Potensial / Cepat Berkembang"
kabupaten,15,1506,8,2025,0.2642,"Non Basis",6790475311.81,"Potensial / Cepat Berkembang"
kabupaten,15,1506,9,2025,0.3832,"Non Basis",-642087117.72,"Relatif Tertinggal"
kabupaten,15,1506,10,2025,0.4514,"Non Basis",-38372907604.98,"Relatif Tertinggal"
kabupaten,15,1506,11,2025,0.446,"Non Basis",-6321051246.9,"Relatif Tertinggal"
kabupaten,15,1506,12,2025,0.4731,"Non Basis",4411129108.95,"Potensial / Cepat Berkembang"
kabupaten,15,1506,13,2025,1.0046,Basis,-7252272124.37,"Maju tapi Tertekan"
kabupaten,15,1506,14,2025,0.4627,"Non Basis",57356943.38,"Potensial / Cepat Berkembang"
kabupaten,15,1506,15,2025,0.5358,"Non Basis",-5927759013.96,"Relatif Tertinggal"
kabupaten,15,1506,16,2025,0.3986,"Non Basis",-4683245045.25,"Relatif Tertinggal"
kabupaten,15,1506,17,2025,0.523,"Non Basis",-1950504778.86,"Relatif Tertinggal"
kabupaten,15,1507,1,2022,0.62,"Non Basis",-70607226672.83,"Relatif Tertinggal"
kabupaten,15,1507,2,2022,2.2753,Basis,-858495816269.81,"Maju tapi Tertekan"
kabupaten,15,1507,3,2022,0.7171,"Non Basis",-14831385440.01,"Relatif Tertinggal"
kabupaten,15,1507,4,2022,0.2576,"Non Basis",-35631257.91,"Relatif Tertinggal"
kabupaten,15,1507,5,2022,0.5046,"Non Basis",149342031.16,"Potensial / Cepat Berkembang"
kabupaten,15,1507,6,2022,0.6637,"Non Basis",6324108487.23,"Potensial / Cepat Berkembang"
kabupaten,15,1507,7,2022,0.6065,"Non Basis",-5176374682.88,"Relatif Tertinggal"
kabupaten,15,1507,8,2022,0.3808,"Non Basis",-14826123543.09,"Relatif Tertinggal"
kabupaten,15,1507,9,2022,0.3039,"Non Basis",-2395211534.64,"Relatif Tertinggal"
kabupaten,15,1507,10,2022,0.3948,"Non Basis",-1059407119.18,"Relatif Tertinggal"
kabupaten,15,1507,11,2022,0.3287,"Non Basis",425910099.15,"Potensial / Cepat Berkembang"
kabupaten,15,1507,12,2022,0.4007,"Non Basis",-2862941733.28,"Relatif Tertinggal"
kabupaten,15,1507,13,2022,1.0187,Basis,-8669900149.32,"Maju tapi Tertekan"
kabupaten,15,1507,14,2022,0.5632,"Non Basis",1265857586.27,"Potensial / Cepat Berkembang"
kabupaten,15,1507,15,2022,0.8958,"Non Basis",1560672439.34,"Potensial / Cepat Berkembang"
kabupaten,15,1507,16,2022,0.3814,"Non Basis",924099330.86,"Potensial / Cepat Berkembang"
kabupaten,15,1507,17,2022,0.294,"Non Basis",-1696216402.75,"Relatif Tertinggal"
kabupaten,15,1507,1,2023,0.6292,"Non Basis",-18616909435.94,"Relatif Tertinggal"
kabupaten,15,1507,2,2023,2.3217,Basis,-6255540637.73,"Maju tapi Tertekan"
kabupaten,15,1507,3,2023,0.7177,"Non Basis",-26039364021.74,"Relatif Tertinggal"
kabupaten,15,1507,4,2023,0.2467,"Non Basis",-188107606.68,"Relatif Tertinggal"
kabupaten,15,1507,5,2023,0.4965,"Non Basis",-435619255.62,"Relatif Tertinggal"
kabupaten,15,1507,6,2023,0.6896,"Non Basis",16148245282.12,"Potensial / Cepat Berkembang"
kabupaten,15,1507,7,2023,0.6152,"Non Basis",-7440924282.55,"Relatif Tertinggal"
kabupaten,15,1507,8,2023,0.3751,"Non Basis",-8155720068.51,"Relatif Tertinggal"
kabupaten,15,1507,9,2023,0.3119,"Non Basis",330167641.96,"Potensial / Cepat Berkembang"
kabupaten,15,1507,10,2023,0.4022,"Non Basis",-783182709.98,"Relatif Tertinggal"
kabupaten,15,1507,11,2023,0.3408,"Non Basis",1988194652.71,"Potensial / Cepat Berkembang"
kabupaten,15,1507,12,2023,0.4229,"Non Basis",3587753039.08,"Potensial / Cepat Berkembang"
kabupaten,15,1507,13,2023,1.0099,Basis,-6637549538.17,"Maju tapi Tertekan"
kabupaten,15,1507,14,2023,0.575,"Non Basis",-22435482.52,"Relatif Tertinggal"
kabupaten,15,1507,15,2023,0.9074,"Non Basis",-4212433035.25,"Relatif Tertinggal"
kabupaten,15,1507,16,2023,0.3969,"Non Basis",1781537980.92,"Potensial / Cepat Berkembang"
kabupaten,15,1507,17,2023,0.2904,"Non Basis",-1841091675.1,"Relatif Tertinggal"
kabupaten,15,1507,1,2024,0.6189,"Non Basis",-46128040706.92,"Relatif Tertinggal"
kabupaten,15,1507,2,2024,2.4323,Basis,464144173253.2,"Maju dan Tumbuh Cepat"
kabupaten,15,1507,3,2024,0.7042,"Non Basis",-22972639810.38,"Relatif Tertinggal"
kabupaten,15,1507,4,2024,0.2513,"Non Basis",62843488.65,"Potensial / Cepat Berkembang"
kabupaten,15,1507,5,2024,0.4987,"Non Basis",73065153.23,"Potensial / Cepat Berkembang"
kabupaten,15,1507,6,2024,0.6805,"Non Basis",-11756633707.52,"Relatif Tertinggal"
kabupaten,15,1507,7,2024,0.6203,"Non Basis",11974437764.16,"Potensial / Cepat Berkembang"
kabupaten,15,1507,8,2024,0.3708,"Non Basis",-2311591969.34,"Relatif Tertinggal"
kabupaten,15,1507,9,2024,0.3057,"Non Basis",-1317291490.23,"Relatif Tertinggal"
kabupaten,15,1507,10,2024,0.4002,"Non Basis",-1034051013.49,"Relatif Tertinggal"
kabupaten,15,1507,11,2024,0.3426,"Non Basis",966315672.59,"Potensial / Cepat Berkembang"
kabupaten,15,1507,12,2024,0.4248,"Non Basis",705478555.38,"Potensial / Cepat Berkembang"
kabupaten,15,1507,13,2024,1.0068,Basis,-319304471.63,"Maju tapi Tertekan"
kabupaten,15,1507,14,2024,0.5789,"Non Basis",2953776222.25,"Potensial / Cepat Berkembang"
kabupaten,15,1507,15,2024,0.9273,"Non Basis",13507372020.41,"Potensial / Cepat Berkembang"
kabupaten,15,1507,16,2024,0.4015,"Non Basis",1412642336.28,"Potensial / Cepat Berkembang"
kabupaten,15,1507,17,2024,0.2821,"Non Basis",-1582825831.75,"Relatif Tertinggal"
kabupaten,15,1507,1,2025,0.626,"Non Basis",31819131297.36,"Potensial / Cepat Berkembang"
kabupaten,15,1507,2,2025,2.3912,Basis,-193363624395.63,"Maju tapi Tertekan"
kabupaten,15,1507,3,2025,0.7028,"Non Basis",-5056561819.6,"Relatif Tertinggal"
kabupaten,15,1507,4,2025,0.2502,"Non Basis",-20288568.26,"Relatif Tertinggal"
kabupaten,15,1507,5,2025,0.5239,"Non Basis",589630850.07,"Potensial / Cepat Berkembang"
kabupaten,15,1507,6,2025,0.7033,"Non Basis",30979963353.46,"Potensial / Cepat Berkembang"
kabupaten,15,1507,7,2025,0.6331,"Non Basis",24527500531,"Potensial / Cepat Berkembang"
kabupaten,15,1507,8,2025,0.3853,"Non Basis",9730253049.02,"Potensial / Cepat Berkembang"
kabupaten,15,1507,9,2025,0.3113,"Non Basis",1220804250.93,"Potensial / Cepat Berkembang"
kabupaten,15,1507,10,2025,0.4005,"Non Basis",-319170824.3,"Relatif Tertinggal"
kabupaten,15,1507,11,2025,0.3383,"Non Basis",-2126989661.69,"Relatif Tertinggal"
kabupaten,15,1507,12,2025,0.4293,"Non Basis",1105174795.98,"Potensial / Cepat Berkembang"
kabupaten,15,1507,13,2025,1.0246,Basis,4146507162.91,"Maju dan Tumbuh Cepat"
kabupaten,15,1507,14,2025,0.5827,"Non Basis",1600605667.12,"Potensial / Cepat Berkembang"
kabupaten,15,1507,15,2025,0.938,"Non Basis",5882196634.34,"Potensial / Cepat Berkembang"
kabupaten,15,1507,16,2025,0.4003,"Non Basis",-519358363.79,"Relatif Tertinggal"
kabupaten,15,1507,17,2025,0.2846,"Non Basis",425749069.41,"Potensial / Cepat Berkembang"
kabupaten,15,1508,1,2022,0.7603,"Non Basis",-12670259707.01,"Relatif Tertinggal"
kabupaten,15,1508,2,2022,0.9862,"Non Basis",15872685886.07,"Potensial / Cepat Berkembang"
kabupaten,15,1508,3,2022,0.6288,"Non Basis",-19046463867.09,"Relatif Tertinggal"
kabupaten,15,1508,4,2022,0.7344,"Non Basis",-225203130.39,"Relatif Tertinggal"
kabupaten,15,1508,5,2022,1.5609,Basis,-224884550.4,"Maju tapi Tertekan"
kabupaten,15,1508,6,2022,1.581,Basis,34206669499.65,"Maju dan Tumbuh Cepat"
kabupaten,15,1508,7,2022,1.2109,Basis,-5392652519.21,"Maju tapi Tertekan"
kabupaten,15,1508,8,2022,0.802,"Non Basis",-30173094729.44,"Relatif Tertinggal"
kabupaten,15,1508,9,2022,2.184,Basis,-10691571658.15,"Maju tapi Tertekan"
kabupaten,15,1508,10,2022,1.3594,Basis,11467490181.53,"Maju dan Tumbuh Cepat"
kabupaten,15,1508,11,2022,1.6861,Basis,-1900734622.12,"Maju tapi Tertekan"
kabupaten,15,1508,12,2022,1.5939,Basis,4888471944.68,"Maju dan Tumbuh Cepat"
kabupaten,15,1508,13,2022,0.1819,"Non Basis",-264734532.23,"Relatif Tertinggal"
kabupaten,15,1508,14,2022,0.8879,"Non Basis",3196204633.52,"Potensial / Cepat Berkembang"
kabupaten,15,1508,15,2022,1.4677,Basis,-2196814721.66,"Maju tapi Tertekan"
kabupaten,15,1508,16,2022,0.6223,"Non Basis",1163119088.53,"Potensial / Cepat Berkembang"
kabupaten,15,1508,17,2022,0.6141,"Non Basis",-943310392.88,"Relatif Tertinggal"
kabupaten,15,1508,1,2023,0.7571,"Non Basis",-60797279.68,"Relatif Tertinggal"
kabupaten,15,1508,2,2023,1.0143,Basis,105805972147.44,"Maju dan Tumbuh Cepat"
kabupaten,15,1508,3,2023,0.6257,"Non Basis",-665089287.86,"Relatif Tertinggal"
kabupaten,15,1508,4,2023,0.7157,"Non Basis",-145204081.63,"Relatif Tertinggal"
kabupaten,15,1508,5,2023,1.6267,Basis,1357705432.71,"Maju dan Tumbuh Cepat"
kabupaten,15,1508,6,2023,1.5208,Basis,-58898272717.28,"Maju tapi Tertekan"
kabupaten,15,1508,7,2023,1.2187,Basis,18987057642.45,"Maju dan Tumbuh Cepat"
kabupaten,15,1508,8,2023,0.7918,"Non Basis",-3266984415.07,"Relatif Tertinggal"
kabupaten,15,1508,9,2023,2.1672,Basis,-1314987971.39,"Maju tapi Tertekan"
kabupaten,15,1508,10,2023,1.3518,Basis,-1220364045.27,"Maju tapi Tertekan"
kabupaten,15,1508,11,2023,1.6614,Basis,-5546916084.36,"Maju tapi Tertekan"
kabupaten,15,1508,12,2023,1.5903,Basis,653214209.13,"Maju dan Tumbuh Cepat"
kabupaten,15,1508,13,2023,0.1746,"Non Basis",-1151438214.03,"Relatif Tertinggal"
kabupaten,15,1508,14,2023,0.8879,"Non Basis",1578248252.68,"Potensial / Cepat Berkembang"
kabupaten,15,1508,15,2023,1.4548,Basis,-3140946798.38,"Maju tapi Tertekan"
kabupaten,15,1508,16,2023,0.6271,"Non Basis",1440108854.12,"Potensial / Cepat Berkembang"
kabupaten,15,1508,17,2023,0.6025,"Non Basis",-1357685929.25,"Relatif Tertinggal"
kabupaten,15,1508,1,2024,0.7794,"Non Basis",56454762495.91,"Potensial / Cepat Berkembang"
kabupaten,15,1508,2,2024,0.9623,"Non Basis",-203405605727.82,"Relatif Tertinggal"
kabupaten,15,1508,3,2024,0.6345,"Non Basis",2805023868.04,"Potensial / Cepat Berkembang"
kabupaten,15,1508,4,2024,0.7177,"Non Basis",-57718040.62,"Relatif Tertinggal"
kabupaten,15,1508,5,2024,1.6008,Basis,-829209988.65,"Maju tapi Tertekan"
kabupaten,15,1508,6,2024,1.4659,Basis,-85413518524.56,"Maju tapi Tertekan"
kabupaten,15,1508,7,2024,1.2183,Basis,-21461426336.63,"Maju tapi Tertekan"
kabupaten,15,1508,8,2024,0.8047,"Non Basis",2118110866.37,"Potensial / Cepat Berkembang"
kabupaten,15,1508,9,2024,2.26,Basis,12815188308.91,"Maju dan Tumbuh Cepat"
kabupaten,15,1508,10,2024,1.3635,Basis,-2034231450.11,"Maju tapi Tertekan"
kabupaten,15,1508,11,2024,1.6834,Basis,1173252165.95,"Maju dan Tumbuh Cepat"
kabupaten,15,1508,12,2024,1.603,Basis,-1042136361.42,"Maju tapi Tertekan"
kabupaten,15,1508,13,2024,0.1785,"Non Basis",371139023.63,"Potensial / Cepat Berkembang"
kabupaten,15,1508,14,2024,0.9335,"Non Basis",16972887445.23,"Potensial / Cepat Berkembang"
kabupaten,15,1508,15,2024,1.5144,Basis,21742199768.38,"Maju dan Tumbuh Cepat"
kabupaten,15,1508,16,2024,0.6578,"Non Basis",5036400987.01,"Potensial / Cepat Berkembang"
kabupaten,15,1508,17,2024,0.6174,"Non Basis",1333764555.21,"Potensial / Cepat Berkembang"
kabupaten,15,1508,1,2025,0.7715,"Non Basis",-48959948936.88,"Relatif Tertinggal"
kabupaten,15,1508,2,2025,0.9355,"Non Basis",-106011746014.82,"Relatif Tertinggal"
kabupaten,15,1508,3,2025,0.6698,"Non Basis",50500620423.02,"Potensial / Cepat Berkembang"
kabupaten,15,1508,4,2025,0.6925,"Non Basis",-300591650.3,"Relatif Tertinggal"
kabupaten,15,1508,5,2025,1.562,Basis,-887354054.42,"Maju tapi Tertekan"
kabupaten,15,1508,6,2025,1.4879,Basis,17348654958.64,"Maju dan Tumbuh Cepat"
kabupaten,15,1508,7,2025,1.2401,Basis,26787492171.57,"Maju dan Tumbuh Cepat"
kabupaten,15,1508,8,2025,0.8376,"Non Basis",16210289262.31,"Potensial / Cepat Berkembang"
kabupaten,15,1508,9,2025,2.3282,Basis,10976123638.64,"Maju dan Tumbuh Cepat"
kabupaten,15,1508,10,2025,1.3467,Basis,-16209250455.66,"Maju tapi Tertekan"
kabupaten,15,1508,11,2025,1.7072,Basis,5510439100.31,"Maju dan Tumbuh Cepat"
kabupaten,15,1508,12,2025,1.6388,Basis,6399600112.88,"Maju dan Tumbuh Cepat"
kabupaten,15,1508,13,2025,0.1777,"Non Basis",-317390110.74,"Relatif Tertinggal"
kabupaten,15,1508,14,2025,0.9545,"Non Basis",7662879987.19,"Potensial / Cepat Berkembang"
kabupaten,15,1508,15,2025,1.5208,Basis,-334044064.47,"Maju tapi Tertekan"
kabupaten,15,1508,16,2025,0.675,"Non Basis",3100182886.25,"Potensial / Cepat Berkembang"
kabupaten,15,1508,17,2025,0.624,"Non Basis",630809577.46,"Potensial / Cepat Berkembang"
kabupaten,15,1509,1,2022,1.8745,Basis,-133430320669.23,"Maju tapi Tertekan"
kabupaten,15,1509,2,2022,0.4944,"Non Basis",316357854194.57,"Potensial / Cepat Berkembang"
kabupaten,15,1509,3,2022,0.5985,"Non Basis",-6887102728.69,"Relatif Tertinggal"
kabupaten,15,1509,4,2022,1.1251,Basis,-204923466.45,"Maju tapi Tertekan"
kabupaten,15,1509,5,2022,0.3169,"Non Basis",-69985920.78,"Relatif Tertinggal"
kabupaten,15,1509,6,2022,0.9002,"Non Basis",6673982882.34,"Potensial / Cepat Berkembang"
kabupaten,15,1509,7,2022,0.8406,"Non Basis",-1111113087.54,"Relatif Tertinggal"
kabupaten,15,1509,8,2022,0.4732,"Non Basis",-13314132007.36,"Relatif Tertinggal"
kabupaten,15,1509,9,2022,0.3298,"Non Basis",-1409718495.51,"Relatif Tertinggal"
kabupaten,15,1509,10,2022,1.0109,Basis,2174855138.12,"Maju dan Tumbuh Cepat"
kabupaten,15,1509,11,2022,0.5432,"Non Basis",1449376284.27,"Potensial / Cepat Berkembang"
kabupaten,15,1509,12,2022,1.2323,Basis,1938450646.82,"Maju dan Tumbuh Cepat"
kabupaten,15,1509,13,2022,0.0501,"Non Basis",-382530675.84,"Relatif Tertinggal"
kabupaten,15,1509,14,2022,0.9598,"Non Basis",3988437952.65,"Potensial / Cepat Berkembang"
kabupaten,15,1509,15,2022,0.6631,"Non Basis",-2062129384.86,"Relatif Tertinggal"
kabupaten,15,1509,16,2022,0.7608,"Non Basis",2049023284.2,"Potensial / Cepat Berkembang"
kabupaten,15,1509,17,2022,1.731,Basis,-5605027114.43,"Maju tapi Tertekan"
kabupaten,15,1509,1,2023,1.858,Basis,-50914834514.26,"Maju tapi Tertekan"
kabupaten,15,1509,2,2023,0.5044,"Non Basis",27221681072.4,"Potensial / Cepat Berkembang"
kabupaten,15,1509,3,2023,0.6081,"Non Basis",11389296466.05,"Potensial / Cepat Berkembang"
kabupaten,15,1509,4,2023,1.1257,Basis,6437847.87,"Maju dan Tumbuh Cepat"
kabupaten,15,1509,5,2023,0.3273,"Non Basis",159628264.63,"Potensial / Cepat Berkembang"
kabupaten,15,1509,6,2023,0.8761,"Non Basis",-21381470231.17,"Relatif Tertinggal"
kabupaten,15,1509,7,2023,0.8388,"Non Basis",-1908494010.2,"Relatif Tertinggal"
kabupaten,15,1509,8,2023,0.4689,"Non Basis",-1653981681.11,"Relatif Tertinggal"
kabupaten,15,1509,9,2023,0.3292,"Non Basis",-73990680.54,"Relatif Tertinggal"
kabupaten,15,1509,10,2023,1.0101,Basis,-308764830.64,"Maju tapi Tertekan"
kabupaten,15,1509,11,2023,0.5399,"Non Basis",-804369337.39,"Relatif Tertinggal"
kabupaten,15,1509,12,2023,1.2294,Basis,-454188773.82,"Maju tapi Tertekan"
kabupaten,15,1509,13,2023,0.0489,"Non Basis",-170477844.57,"Relatif Tertinggal"
kabupaten,15,1509,14,2023,0.9322,"Non Basis",-9609962613.65,"Relatif Tertinggal"
kabupaten,15,1509,15,2023,0.6557,"Non Basis",-2745859056,"Relatif Tertinggal"
kabupaten,15,1509,16,2023,0.7615,"Non Basis",136595948.52,"Potensial / Cepat Berkembang"
kabupaten,15,1509,17,2023,1.6359,Basis,-11740905959.25,"Maju tapi Tertekan"
kabupaten,15,1509,1,2024,1.8711,Basis,22465477164.72,"Maju dan Tumbuh Cepat"
kabupaten,15,1509,2,2024,0.464,"Non Basis",-111432143415.7,"Relatif Tertinggal"
kabupaten,15,1509,3,2024,0.6298,"Non Basis",24147793745.06,"Potensial / Cepat Berkembang"
kabupaten,15,1509,4,2024,1.1575,Basis,227765830.35,"Maju dan Tumbuh Cepat"
kabupaten,15,1509,5,2024,0.3599,"Non Basis",491537343.93,"Potensial / Cepat Berkembang"
kabupaten,15,1509,6,2024,0.838,"Non Basis",-40302358536.74,"Relatif Tertinggal"
kabupaten,15,1509,7,2024,0.8723,"Non Basis",38937691212.24,"Potensial / Cepat Berkembang"
kabupaten,15,1509,8,2024,0.4736,"Non Basis",1313323286.71,"Potensial / Cepat Berkembang"
kabupaten,15,1509,9,2024,0.321,"Non Basis",-1428217641.26,"Relatif Tertinggal"
kabupaten,15,1509,10,2024,1.0085,Basis,-2642104997.98,"Maju tapi Tertekan"
kabupaten,15,1509,11,2024,0.5401,"Non Basis",-426383677.69,"Relatif Tertinggal"
kabupaten,15,1509,12,2024,1.1944,Basis,-7024590158.6,"Maju tapi Tertekan"
kabupaten,15,1509,13,2024,0.0495,"Non Basis",68396438.14,"Potensial / Cepat Berkembang"
kabupaten,15,1509,14,2024,0.9262,"Non Basis",-3559307801.92,"Relatif Tertinggal"
kabupaten,15,1509,15,2024,0.6802,"Non Basis",9167309423.29,"Potensial / Cepat Berkembang"
kabupaten,15,1509,16,2024,0.7382,"Non Basis",-4514001733.46,"Relatif Tertinggal"
kabupaten,15,1509,17,2024,1.6466,Basis,698304658.23,"Maju dan Tumbuh Cepat"
kabupaten,15,1509,1,2025,1.8623,Basis,-11737993468.09,"Maju tapi Tertekan"
kabupaten,15,1509,2,2025,0.4591,"Non Basis",-9988936114.46,"Relatif Tertinggal"
kabupaten,15,1509,3,2025,0.6636,"Non Basis",46127372511.56,"Potensial / Cepat Berkembang"
kabupaten,15,1509,4,2025,1.1674,Basis,115604029.71,"Maju dan Tumbuh Cepat"
kabupaten,15,1509,5,2025,0.3828,"Non Basis",380575321.73,"Potensial / Cepat Berkembang"
kabupaten,15,1509,6,2025,0.8491,"Non Basis",12759691482.79,"Potensial / Cepat Berkembang"
kabupaten,15,1509,7,2025,0.8726,"Non Basis",3901209086.71,"Potensial / Cepat Berkembang"
kabupaten,15,1509,8,2025,0.4886,"Non Basis",7535326067.65,"Potensial / Cepat Berkembang"
kabupaten,15,1509,9,2025,0.3198,"Non Basis",-31664341.89,"Relatif Tertinggal"
kabupaten,15,1509,10,2025,0.9725,"Non Basis",-19262263190.69,"Relatif Tertinggal"
kabupaten,15,1509,11,2025,0.5129,"Non Basis",-7327459147,"Relatif Tertinggal"
kabupaten,15,1509,12,2025,1.1732,Basis,-3325901389.01,"Maju tapi Tertekan"
kabupaten,15,1509,13,2025,0.0485,"Non Basis",-134431175.72,"Relatif Tertinggal"
kabupaten,15,1509,14,2025,0.9421,"Non Basis",7082199078.6,"Potensial / Cepat Berkembang"
kabupaten,15,1509,15,2025,0.693,"Non Basis",6266120518.37,"Potensial / Cepat Berkembang"
kabupaten,15,1509,16,2025,0.7375,"Non Basis",257380490.27,"Potensial / Cepat Berkembang"
kabupaten,15,1509,17,2025,1.6804,Basis,5326159724.64,"Maju dan Tumbuh Cepat"
kabupaten,15,1571,1,2022,0.0307,"Non Basis",-6287620905.85,"Relatif Tertinggal"
kabupaten,15,1571,2,2022,0.0925,"Non Basis",-35845922795.89,"Relatif Tertinggal"
kabupaten,15,1571,3,2022,1.1382,Basis,10355993571.71,"Maju dan Tumbuh Cepat"
kabupaten,15,1571,4,2022,3.5595,Basis,45236505.93,"Maju dan Tumbuh Cepat"
kabupaten,15,1571,5,2022,1.7658,Basis,523347099.68,"Maju dan Tumbuh Cepat"
kabupaten,15,1571,6,2022,1.3209,Basis,-1047881739.81,"Maju tapi Tertekan"
kabupaten,15,1571,7,2022,2.8548,Basis,2530688902.95,"Maju dan Tumbuh Cepat"
kabupaten,15,1571,8,2022,3.5394,Basis,-1045820533.28,"Maju tapi Tertekan"
kabupaten,15,1571,9,2022,2.4145,Basis,56246343691.88,"Maju dan Tumbuh Cepat"
kabupaten,15,1571,10,2022,1.4859,Basis,21073085272.3,"Maju dan Tumbuh Cepat"
kabupaten,15,1571,11,2022,2.7135,Basis,-4356562745.8,"Maju tapi Tertekan"
kabupaten,15,1571,12,2022,1.8131,Basis,815139487.8,"Maju dan Tumbuh Cepat"
kabupaten,15,1571,13,2022,2.7501,Basis,20734504187.5,"Maju dan Tumbuh Cepat"
kabupaten,15,1571,14,2022,2.1146,Basis,921700018.26,"Maju dan Tumbuh Cepat"
kabupaten,15,1571,15,2022,1.4573,Basis,8712965879.62,"Maju dan Tumbuh Cepat"
kabupaten,15,1571,16,2022,2.4046,Basis,438509494.53,"Maju dan Tumbuh Cepat"
kabupaten,15,1571,17,2022,0.7975,"Non Basis",3101082736.82,"Potensial / Cepat Berkembang"
kabupaten,15,1571,1,2023,0.0289,"Non Basis",-7573777689.39,"Relatif Tertinggal"
kabupaten,15,1571,2,2023,0.091,"Non Basis",-107215211.77,"Relatif Tertinggal"
kabupaten,15,1571,3,2023,1.0943,Basis,-55627204608.07,"Maju tapi Tertekan"
kabupaten,15,1571,4,2023,3.4985,Basis,-49925788.5,"Maju tapi Tertekan"
kabupaten,15,1571,5,2023,1.7379,Basis,14593229.59,"Maju dan Tumbuh Cepat"
kabupaten,15,1571,6,2023,1.2726,Basis,-44930753166.58,"Maju tapi Tertekan"
kabupaten,15,1571,7,2023,2.8149,Basis,13556574726.14,"Maju dan Tumbuh Cepat"
kabupaten,15,1571,8,2023,3.5961,Basis,82571005323.42,"Maju dan Tumbuh Cepat"
kabupaten,15,1571,9,2023,2.3878,Basis,3161836584.31,"Maju dan Tumbuh Cepat"
kabupaten,15,1571,10,2023,1.4593,Basis,-2477134118.61,"Maju tapi Tertekan"
kabupaten,15,1571,11,2023,2.6657,Basis,-1909555818.12,"Maju tapi Tertekan"
kabupaten,15,1571,12,2023,1.7827,Basis,-346068396.55,"Maju tapi Tertekan"
kabupaten,15,1571,13,2023,2.6277,Basis,-20895175032.99,"Maju tapi Tertekan"
kabupaten,15,1571,14,2023,2.0315,Basis,-31948196369.18,"Maju tapi Tertekan"
kabupaten,15,1571,15,2023,1.443,Basis,6449873370.63,"Maju dan Tumbuh Cepat"
kabupaten,15,1571,16,2023,2.3751,Basis,2702548213.77,"Maju dan Tumbuh Cepat"
kabupaten,15,1571,17,2023,0.7935,"Non Basis",2045042252.49,"Potensial / Cepat Berkembang"
kabupaten,15,1571,1,2024,0.0287,"Non Basis",-589218035.57,"Relatif Tertinggal"
kabupaten,15,1571,2,2024,0.0899,"Non Basis",-3849707357.3,"Relatif Tertinggal"
kabupaten,15,1571,3,2024,1.0824,Basis,-18115995898.86,"Maju tapi Tertekan"
kabupaten,15,1571,4,2024,3.4555,Basis,-457419354.84,"Maju tapi Tertekan"
kabupaten,15,1571,5,2024,1.7666,Basis,1020868558.46,"Maju dan Tumbuh Cepat"
kabupaten,15,1571,6,2024,1.2004,Basis,-123619225133.8,"Maju tapi Tertekan"
kabupaten,15,1571,7,2024,2.7245,Basis,-189872127573.74,"Maju tapi Tertekan"
kabupaten,15,1571,8,2024,3.5182,Basis,-50940670621.27,"Maju tapi Tertekan"
kabupaten,15,1571,9,2024,2.3819,Basis,829986549.36,"Maju dan Tumbuh Cepat"
kabupaten,15,1571,10,2024,1.4313,Basis,-22546369115.34,"Maju tapi Tertekan"
kabupaten,15,1571,11,2024,2.6261,Basis,-14567813220.24,"Maju tapi Tertekan"
kabupaten,15,1571,12,2024,1.7651,Basis,-3715590093.46,"Maju tapi Tertekan"
kabupaten,15,1571,13,2024,2.5987,Basis,-5690777769.73,"Maju tapi Tertekan"
kabupaten,15,1571,14,2024,2.061,Basis,26989950553.03,"Maju dan Tumbuh Cepat"
kabupaten,15,1571,15,2024,1.401,Basis,-28088379218.34,"Maju tapi Tertekan"
kabupaten,15,1571,16,2024,2.3205,Basis,-14925985840.44,"Maju tapi Tertekan"
kabupaten,15,1571,17,2024,0.7934,"Non Basis",705061815.77,"Potensial / Cepat Berkembang"
kabupaten,15,1571,1,2025,0.0285,"Non Basis",-1205589631.22,"Relatif Tertinggal"
kabupaten,15,1571,2,2025,0.086,"Non Basis",-19722940413.82,"Relatif Tertinggal"
kabupaten,15,1571,3,2025,1.0605,Basis,-47722905933.82,"Maju tapi Tertekan"
kabupaten,15,1571,4,2025,3.383,Basis,-1072542474.17,"Maju tapi Tertekan"
kabupaten,15,1571,5,2025,1.7921,Basis,859050184.8,"Maju dan Tumbuh Cepat"
kabupaten,15,1571,6,2025,1.2397,Basis,73268069052.56,"Maju dan Tumbuh Cepat"
kabupaten,15,1571,7,2025,2.7179,Basis,-3338725222.7,"Maju tapi Tertekan"
kabupaten,15,1571,8,2025,3.4701,Basis,-35508517129.78,"Maju tapi Tertekan"
kabupaten,15,1571,9,2025,2.3717,Basis,-1634251566.38,"Maju tapi Tertekan"
kabupaten,15,1571,10,2025,1.4341,Basis,5968127589.71,"Maju dan Tumbuh Cepat"
kabupaten,15,1571,11,2025,2.6564,Basis,18869946640.98,"Maju dan Tumbuh Cepat"
kabupaten,15,1571,12,2025,1.7419,Basis,-6914267047.59,"Maju tapi Tertekan"
kabupaten,15,1571,13,2025,2.5979,Basis,1341016158.95,"Maju dan Tumbuh Cepat"
kabupaten,15,1571,14,2025,2.0496,Basis,-5282444191.47,"Maju tapi Tertekan"
kabupaten,15,1571,15,2025,1.4057,Basis,5879724005.68,"Maju dan Tumbuh Cepat"
kabupaten,15,1571,16,2025,2.3177,Basis,590682127.04,"Maju dan Tumbuh Cepat"
kabupaten,15,1571,17,2025,0.7993,"Non Basis",1903197451.96,"Potensial / Cepat Berkembang"
kabupaten,15,1572,1,2022,0.186,"Non Basis",-2945007363.66,"Relatif Tertinggal"
kabupaten,15,1572,2,2022,0.0341,"Non Basis",-1099781686.2,"Relatif Tertinggal"
kabupaten,15,1572,3,2022,0.0651,"Non Basis",-137914333.95,"Relatif Tertinggal"
kabupaten,15,1572,4,2022,0.4351,"Non Basis",-17569340.55,"Relatif Tertinggal"
kabupaten,15,1572,5,2022,2.4603,Basis,-399762530.5,"Maju tapi Tertekan"
kabupaten,15,1572,6,2022,1.7317,Basis,27150799658.38,"Maju dan Tumbuh Cepat"
kabupaten,15,1572,7,2022,2.6167,Basis,-6759686868.34,"Maju tapi Tertekan"
kabupaten,15,1572,8,2022,1.2855,Basis,-8162007287.92,"Maju tapi Tertekan"
kabupaten,15,1572,9,2022,1.0223,Basis,-997235513.98,"Maju tapi Tertekan"
kabupaten,15,1572,10,2022,3.798,Basis,-24661230102.6,"Maju tapi Tertekan"
kabupaten,15,1572,11,2022,2.4082,Basis,10990959102.08,"Maju dan Tumbuh Cepat"
kabupaten,15,1572,12,2022,1.7463,Basis,-1684831720.66,"Maju tapi Tertekan"
kabupaten,15,1572,13,2022,5.5081,Basis,-22971513341.56,"Maju tapi Tertekan"
kabupaten,15,1572,14,2022,1.6577,Basis,1572491367.94,"Maju dan Tumbuh Cepat"
kabupaten,15,1572,15,2022,2.7986,Basis,6667474413.07,"Maju dan Tumbuh Cepat"
kabupaten,15,1572,16,2022,2.1355,Basis,7640105886.61,"Maju dan Tumbuh Cepat"
kabupaten,15,1572,17,2022,2.3715,Basis,-976767630.95,"Maju tapi Tertekan"
kabupaten,15,1572,1,2023,0.1748,"Non Basis",-15148349189.41,"Relatif Tertinggal"
kabupaten,15,1572,2,2023,0.0347,"Non Basis",793272313.17,"Potensial / Cepat Berkembang"
kabupaten,15,1572,3,2023,0.066,"Non Basis",578161711.78,"Potensial / Cepat Berkembang"
kabupaten,15,1572,4,2023,0.4138,"Non Basis",-67977736.55,"Relatif Tertinggal"
kabupaten,15,1572,5,2023,2.268,Basis,-1265606060.61,"Maju tapi Tertekan"
kabupaten,15,1572,6,2023,1.6704,Basis,-22645444739.12,"Maju tapi Tertekan"
kabupaten,15,1572,7,2023,2.5623,Basis,-25470486610.49,"Maju tapi Tertekan"
kabupaten,15,1572,8,2023,1.3242,Basis,7271495606.2,"Maju dan Tumbuh Cepat"
kabupaten,15,1572,9,2023,1.008,Basis,-731620069.35,"Maju tapi Tertekan"
kabupaten,15,1572,10,2023,3.695,Basis,-21073878464.16,"Maju tapi Tertekan"
kabupaten,15,1572,11,2023,2.389,Basis,-1492804681.14,"Maju tapi Tertekan"
kabupaten,15,1572,12,2023,1.7254,Basis,-1254110563.08,"Maju tapi Tertekan"
kabupaten,15,1572,13,2023,5.1546,Basis,-21729955677.86,"Maju tapi Tertekan"
kabupaten,15,1572,14,2023,1.6203,Basis,-5169870607.72,"Maju tapi Tertekan"
kabupaten,15,1572,15,2023,2.8152,Basis,3971096991.07,"Maju dan Tumbuh Cepat"
kabupaten,15,1572,16,2023,2.1118,Basis,-1280391819.28,"Maju tapi Tertekan"
kabupaten,15,1572,17,2023,2.2812,Basis,-4634349201.9,"Maju tapi Tertekan"
kabupaten,15,1572,1,2024,0.1768,"Non Basis",4636283090.62,"Potensial / Cepat Berkembang"
kabupaten,15,1572,2,2024,0.039,"Non Basis",5379102610.83,"Potensial / Cepat Berkembang"
kabupaten,15,1572,3,2024,0.0657,"Non Basis",71691766,"Potensial / Cepat Berkembang"
kabupaten,15,1572,4,2024,0.3984,"Non Basis",-46284348.86,"Relatif Tertinggal"
kabupaten,15,1572,5,2024,2.0909,Basis,-1132449035.19,"Maju tapi Tertekan"
kabupaten,15,1572,6,2024,1.5494,Basis,-48374919125.01,"Maju tapi Tertekan"
kabupaten,15,1572,7,2024,2.4909,Basis,-31167194953.02,"Maju tapi Tertekan"
kabupaten,15,1572,8,2024,1.4017,Basis,16269021005.4,"Maju dan Tumbuh Cepat"
kabupaten,15,1572,9,2024,1.0457,Basis,3026291310.89,"Maju dan Tumbuh Cepat"
kabupaten,15,1572,10,2024,3.6549,Basis,-3844691831.13,"Maju tapi Tertekan"
kabupaten,15,1572,11,2024,2.2984,Basis,-8818434338.92,"Maju tapi Tertekan"
kabupaten,15,1572,12,2024,1.6647,Basis,-3973045722.47,"Maju tapi Tertekan"
kabupaten,15,1572,13,2024,4.9216,Basis,-14067230966,"Maju tapi Tertekan"
kabupaten,15,1572,14,2024,1.5559,Basis,-9415860109.68,"Maju tapi Tertekan"
kabupaten,15,1572,15,2024,2.7331,Basis,-11734833685.17,"Maju tapi Tertekan"
kabupaten,15,1572,16,2024,2.1352,Basis,2893169052.39,"Maju dan Tumbuh Cepat"
kabupaten,15,1572,17,2024,2.2842,Basis,1065559880.69,"Maju dan Tumbuh Cepat"
kabupaten,15,1572,1,2025,0.1946,"Non Basis",26285093793.42,"Potensial / Cepat Berkembang"
kabupaten,15,1572,2,2025,0.0402,"Non Basis",1315029771.61,"Potensial / Cepat Berkembang"
kabupaten,15,1572,3,2025,0.0691,"Non Basis",1766352581.42,"Potensial / Cepat Berkembang"
kabupaten,15,1572,4,2025,0.3973,"Non Basis",-12377699.99,"Relatif Tertinggal"
kabupaten,15,1572,5,2025,2.1217,Basis,141424945.45,"Maju dan Tumbuh Cepat"
kabupaten,15,1572,6,2025,1.6134,Basis,23457527624.63,"Maju dan Tumbuh Cepat"
kabupaten,15,1572,7,2025,2.3873,Basis,-71031579866.39,"Maju tapi Tertekan"
kabupaten,15,1572,8,2025,1.4545,Basis,9324857169.64,"Maju dan Tumbuh Cepat"
kabupaten,15,1572,9,2025,1.0226,Basis,-1995584684.66,"Maju tapi Tertekan"
kabupaten,15,1572,10,2025,3.6443,Basis,-7591951989.61,"Maju tapi Tertekan"
kabupaten,15,1572,11,2025,2.382,Basis,9114387297.59,"Maju dan Tumbuh Cepat"
kabupaten,15,1572,12,2025,1.6947,Basis,1776748713.63,"Maju dan Tumbuh Cepat"
kabupaten,15,1572,13,2025,4.9368,Basis,-763395495.59,"Maju tapi Tertekan"
kabupaten,15,1572,14,2025,1.5439,Basis,-3389132321.81,"Maju tapi Tertekan"
kabupaten,15,1572,15,2025,2.606,Basis,-26675513026.73,"Maju tapi Tertekan"
kabupaten,15,1572,16,2025,2.1975,Basis,4142581131.11,"Maju dan Tumbuh Cepat"
kabupaten,15,1572,17,2025,2.3047,Basis,533988806.92,"Maju dan Tumbuh Cepat"
kabupaten,12,1201,1,2022,1.8996,Basis,-33983564007.73,"Maju tapi Tertekan"
kabupaten,12,1201,2,2022,0.238,"Non Basis",521828297.56,"Potensial / Cepat Berkembang"
kabupaten,12,1201,3,2022,0.6081,"Non Basis",-864339914.02,"Relatif Tertinggal"
kabupaten,12,1201,4,2022,3.9142,Basis,-19921918.57,"Maju tapi Tertekan"
kabupaten,12,1201,5,2022,1.1798,Basis,455347551.2,"Maju dan Tumbuh Cepat"
kabupaten,12,1201,6,2022,0.8141,"Non Basis",-157539423.22,"Relatif Tertinggal"
kabupaten,12,1201,7,2022,0.668,"Non Basis",11297557665.09,"Potensial / Cepat Berkembang"
kabupaten,12,1201,8,2022,0.5117,"Non Basis",-1729167443.24,"Relatif Tertinggal"
kabupaten,12,1201,9,2022,0.6686,"Non Basis",459560398.89,"Potensial / Cepat Berkembang"
kabupaten,12,1201,10,2022,0.2679,"Non Basis",-80753672.89,"Relatif Tertinggal"
kabupaten,12,1201,11,2022,0.3519,"Non Basis",403427232.22,"Potensial / Cepat Berkembang"
kabupaten,12,1201,12,2022,0.4931,"Non Basis",1755332225.79,"Potensial / Cepat Berkembang"
kabupaten,12,1201,13,2022,0.3286,"Non Basis",-320450637.86,"Relatif Tertinggal"
kabupaten,12,1201,14,2022,2.3504,Basis,3907276228.71,"Maju dan Tumbuh Cepat"
kabupaten,12,1201,15,2022,0.5373,"Non Basis",46612819.69,"Potensial / Cepat Berkembang"
kabupaten,12,1201,16,2022,0.3689,"Non Basis",264073384.55,"Potensial / Cepat Berkembang"
kabupaten,12,1201,17,2022,0.1822,"Non Basis",-159188372.63,"Relatif Tertinggal"
kabupaten,12,1201,1,2023,1.9169,Basis,6023213384.01,"Maju dan Tumbuh Cepat"
kabupaten,12,1201,2,2023,0.2436,"Non Basis",368097557.34,"Potensial / Cepat Berkembang"
kabupaten,12,1201,3,2023,0.616,"Non Basis",4553274473.27,"Potensial / Cepat Berkembang"
kabupaten,12,1201,4,2023,3.9326,Basis,-119352981.73,"Maju tapi Tertekan"
kabupaten,12,1201,5,2023,1.1978,Basis,68890867.42,"Maju dan Tumbuh Cepat"
kabupaten,12,1201,6,2023,0.8111,"Non Basis",-8840023147.24,"Relatif Tertinggal"
kabupaten,12,1201,7,2023,0.6716,"Non Basis",-1929796722.55,"Relatif Tertinggal"
kabupaten,12,1201,8,2023,0.5138,"Non Basis",-609511686.13,"Relatif Tertinggal"
kabupaten,12,1201,9,2023,0.6592,"Non Basis",-2621842669.68,"Relatif Tertinggal"
kabupaten,12,1201,10,2023,0.263,"Non Basis",-1776591431.98,"Relatif Tertinggal"
kabupaten,12,1201,11,2023,0.351,"Non Basis",-778272653.69,"Relatif Tertinggal"
kabupaten,12,1201,12,2023,0.5077,"Non Basis",3582513423.99,"Potensial / Cepat Berkembang"
kabupaten,12,1201,13,2023,0.3352,"Non Basis",289177649.68,"Potensial / Cepat Berkembang"
kabupaten,12,1201,14,2023,2.4041,Basis,8554392161.47,"Maju dan Tumbuh Cepat"
kabupaten,12,1201,15,2023,0.5381,"Non Basis",-523892099.17,"Relatif Tertinggal"
kabupaten,12,1201,16,2023,0.3715,"Non Basis",-12068782.06,"Relatif Tertinggal"
kabupaten,12,1201,17,2023,0.181,"Non Basis",-108866020.16,"Relatif Tertinggal"
kabupaten,12,1201,1,2024,1.9125,Basis,-41942042137.15,"Maju tapi Tertekan"
kabupaten,12,1201,2,2024,0.2374,"Non Basis",-828416968.37,"Relatif Tertinggal"
kabupaten,12,1201,3,2024,0.6189,"Non Basis",-3220283044.2,"Relatif Tertinggal"
kabupaten,12,1201,4,2024,4.0775,Basis,1236457218.62,"Maju dan Tumbuh Cepat"
kabupaten,12,1201,5,2024,1.2302,Basis,169960074.71,"Maju dan Tumbuh Cepat"
kabupaten,12,1201,6,2024,0.8228,"Non Basis",4969895768.22,"Potensial / Cepat Berkembang"
kabupaten,12,1201,7,2024,0.6816,"Non Basis",6378014845.01,"Potensial / Cepat Berkembang"
kabupaten,12,1201,8,2024,0.5005,"Non Basis",-6643492901.77,"Relatif Tertinggal"
kabupaten,12,1201,9,2024,0.6345,"Non Basis",-6089893287.38,"Relatif Tertinggal"
kabupaten,12,1201,10,2024,0.2587,"Non Basis",-1828303036.73,"Relatif Tertinggal"
kabupaten,12,1201,11,2024,0.3554,"Non Basis",325985426.92,"Potensial / Cepat Berkembang"
kabupaten,12,1201,12,2024,0.5033,"Non Basis",-3001620011.76,"Relatif Tertinggal"
kabupaten,12,1201,13,2024,0.3454,"Non Basis",537477171.62,"Potensial / Cepat Berkembang"
kabupaten,12,1201,14,2024,2.4681,Basis,10882844948.54,"Maju dan Tumbuh Cepat"
kabupaten,12,1201,15,2024,0.5406,"Non Basis",-369810769.48,"Relatif Tertinggal"
kabupaten,12,1201,16,2024,0.3778,"Non Basis",242897469.03,"Potensial / Cepat Berkembang"
kabupaten,12,1201,17,2024,0.186,"Non Basis",151735847.44,"Potensial / Cepat Berkembang"
kabupaten,12,1201,1,2025,1.902,Basis,-10338498975.37,"Maju tapi Tertekan"
kabupaten,12,1201,2,2025,0.2394,"Non Basis",276914217.1,"Potensial / Cepat Berkembang"
kabupaten,12,1201,3,2025,0.6075,"Non Basis",-13743940727.54,"Relatif Tertinggal"
kabupaten,12,1201,4,2025,3.9468,Basis,-1364124429.28,"Maju tapi Tertekan"
kabupaten,12,1201,5,2025,1.1542,Basis,-589703420.27,"Maju tapi Tertekan"
kabupaten,12,1201,6,2025,0.8205,"Non Basis",85716681.51,"Potensial / Cepat Berkembang"
kabupaten,12,1201,7,2025,0.6657,"Non Basis",-21996571596.7,"Relatif Tertinggal"
kabupaten,12,1201,8,2025,0.6566,"Non Basis",45676427339.45,"Potensial / Cepat Berkembang"
kabupaten,12,1201,9,2025,0.6341,"Non Basis",306832992.4,"Potensial / Cepat Berkembang"
kabupaten,12,1201,10,2025,0.251,"Non Basis",-2050020478.54,"Relatif Tertinggal"
kabupaten,12,1201,11,2025,0.3489,"Non Basis",-1327074546.66,"Relatif Tertinggal"
kabupaten,12,1201,12,2025,0.4937,"Non Basis",-3037172590.19,"Relatif Tertinggal"
kabupaten,12,1201,13,2025,0.3291,"Non Basis",-1239947420.8,"Relatif Tertinggal"
kabupaten,12,1201,14,2025,2.4667,Basis,1438686585.96,"Maju dan Tumbuh Cepat"
kabupaten,12,1201,15,2025,0.5253,"Non Basis",-2491594398.8,"Relatif Tertinggal"
kabupaten,12,1201,16,2025,0.377,"Non Basis",24626536.81,"Potensial / Cepat Berkembang"
kabupaten,12,1201,17,2025,0.1829,"Non Basis",-118020543.83,"Relatif Tertinggal"
kabupaten,12,1202,1,2022,1.7807,Basis,-6347946650.59,"Maju tapi Tertekan"
kabupaten,12,1202,2,2022,0.0647,"Non Basis",90527182.42,"Potensial / Cepat Berkembang"
kabupaten,12,1202,3,2022,0.1219,"Non Basis",2544228761.95,"Potensial / Cepat Berkembang"
kabupaten,12,1202,4,2022,0.8973,"Non Basis",-193867819.3,"Relatif Tertinggal"
kabupaten,12,1202,5,2022,1.0711,Basis,151318154.8,"Maju dan Tumbuh Cepat"
kabupaten,12,1202,6,2022,1.097,Basis,7928907597.88,"Maju dan Tumbuh Cepat"
kabupaten,12,1202,7,2022,0.7738,"Non Basis",-17760975123.09,"Relatif Tertinggal"
kabupaten,12,1202,8,2022,1.1247,Basis,-15332576788.72,"Maju tapi Tertekan"
kabupaten,12,1202,9,2022,1.0577,Basis,-170707606.05,"Maju tapi Tertekan"
kabupaten,12,1202,10,2022,0.3058,"Non Basis",-1665801621.86,"Relatif Tertinggal"
kabupaten,12,1202,11,2022,0.5275,"Non Basis",-601023464.94,"Relatif Tertinggal"
kabupaten,12,1202,12,2022,0.474,"Non Basis",398915085.63,"Potensial / Cepat Berkembang"
kabupaten,12,1202,13,2022,0.3243,"Non Basis",-376962620.19,"Relatif Tertinggal"
kabupaten,12,1202,14,2022,2.9036,Basis,-844171040.96,"Maju tapi Tertekan"
kabupaten,12,1202,15,2022,0.8296,"Non Basis",-644334448.54,"Relatif Tertinggal"
kabupaten,12,1202,16,2022,0.7836,"Non Basis",322734953.1,"Potensial / Cepat Berkembang"
kabupaten,12,1202,17,2022,0.2548,"Non Basis",-110371883.51,"Relatif Tertinggal"
kabupaten,12,1202,1,2023,1.8014,Basis,27542825046.63,"Maju dan Tumbuh Cepat"
kabupaten,12,1202,2,2023,0.0656,"Non Basis",57389133.43,"Potensial / Cepat Berkembang"
kabupaten,12,1202,3,2023,0.1245,"Non Basis",2610377005.61,"Potensial / Cepat Berkembang"
kabupaten,12,1202,4,2023,0.9095,"Non Basis",93235454.18,"Potensial / Cepat Berkembang"
kabupaten,12,1202,5,2023,1.095,Basis,136683533.15,"Maju dan Tumbuh Cepat"
kabupaten,12,1202,6,2023,1.0815,Basis,-14932587737.92,"Maju tapi Tertekan"
kabupaten,12,1202,7,2023,0.7808,"Non Basis",6294128101.79,"Potensial / Cepat Berkembang"
kabupaten,12,1202,8,2023,1.069,Basis,-17779547044.67,"Maju tapi Tertekan"
kabupaten,12,1202,9,2023,1.0296,Basis,-4723725373.03,"Maju tapi Tertekan"
kabupaten,12,1202,10,2023,0.2948,"Non Basis",-2604315265.11,"Relatif Tertinggal"
kabupaten,12,1202,11,2023,0.521,"Non Basis",-1512202399.92,"Relatif Tertinggal"
kabupaten,12,1202,12,2023,0.4776,"Non Basis",679566126.48,"Potensial / Cepat Berkembang"
kabupaten,12,1202,13,2023,0.3182,"Non Basis",-412361637.44,"Relatif Tertinggal"
kabupaten,12,1202,14,2023,2.9855,Basis,15130727537.17,"Maju dan Tumbuh Cepat"
kabupaten,12,1202,15,2023,0.8131,"Non Basis",-2617181233.86,"Relatif Tertinggal"
kabupaten,12,1202,16,2023,0.7746,"Non Basis",-677907239.01,"Relatif Tertinggal"
kabupaten,12,1202,17,2023,0.2447,"Non Basis",-382975720.78,"Relatif Tertinggal"
kabupaten,12,1202,1,2024,1.7927,Basis,-23067386230.35,"Maju tapi Tertekan"
kabupaten,12,1202,2,2024,0.0662,"Non Basis",42403061.96,"Potensial / Cepat Berkembang"
kabupaten,12,1202,3,2024,0.1246,"Non Basis",-270186470.17,"Relatif Tertinggal"
kabupaten,12,1202,4,2024,0.8954,"Non Basis",-155397035.84,"Relatif Tertinggal"
kabupaten,12,1202,5,2024,1.0841,Basis,-89231995.07,"Maju tapi Tertekan"
kabupaten,12,1202,6,2024,1.057,Basis,-23792341438.51,"Maju tapi Tertekan"
kabupaten,12,1202,7,2024,0.8076,"Non Basis",31629973961.31,"Potensial / Cepat Berkembang"
kabupaten,12,1202,8,2024,1.0804,Basis,2805148015.4,"Maju dan Tumbuh Cepat"
kabupaten,12,1202,9,2024,1.0106,Basis,-3727322970.39,"Maju tapi Tertekan"
kabupaten,12,1202,10,2024,0.2939,"Non Basis",-380722367.98,"Relatif Tertinggal"
kabupaten,12,1202,11,2024,0.5276,"Non Basis",1061979552.32,"Potensial / Cepat Berkembang"
kabupaten,12,1202,12,2024,0.4688,"Non Basis",-2956753158.46,"Relatif Tertinggal"
kabupaten,12,1202,13,2024,0.3249,"Non Basis",368996136.74,"Potensial / Cepat Berkembang"
kabupaten,12,1202,14,2024,3.0439,Basis,10878023663.31,"Maju dan Tumbuh Cepat"
kabupaten,12,1202,15,2024,0.8118,"Non Basis",-499009936.21,"Relatif Tertinggal"
kabupaten,12,1202,16,2024,0.7764,"Non Basis",-12938836.29,"Relatif Tertinggal"
kabupaten,12,1202,17,2024,0.2465,"Non Basis",45884611.62,"Potensial / Cepat Berkembang"
kabupaten,12,1202,1,2025,1.7472,Basis,-32712538608.28,"Maju tapi Tertekan"
kabupaten,12,1202,2,2025,0.0669,"Non Basis",153565553.21,"Potensial / Cepat Berkembang"
kabupaten,12,1202,3,2025,0.1257,"Non Basis",3807603893.6,"Potensial / Cepat Berkembang"
kabupaten,12,1202,4,2025,0.9816,"Non Basis",998694714.75,"Potensial / Cepat Berkembang"
kabupaten,12,1202,5,2025,1.0181,Basis,-348011829.77,"Maju tapi Tertekan"
kabupaten,12,1202,6,2025,1.0407,Basis,145544096.95,"Maju dan Tumbuh Cepat"
kabupaten,12,1202,7,2025,0.8061,"Non Basis",15117748129.93,"Potensial / Cepat Berkembang"
kabupaten,12,1202,8,2025,1.5791,Basis,129790594897.93,"Maju dan Tumbuh Cepat"
kabupaten,12,1202,9,2025,1.0341,Basis,7175576398.24,"Maju dan Tumbuh Cepat"
kabupaten,12,1202,10,2025,0.2891,"Non Basis",-49373391.75,"Relatif Tertinggal"
kabupaten,12,1202,11,2025,0.5195,"Non Basis",33011554.83,"Potensial / Cepat Berkembang"
kabupaten,12,1202,12,2025,0.4402,"Non Basis",-6945786352.92,"Relatif Tertinggal"
kabupaten,12,1202,13,2025,0.3061,"Non Basis",-967088065.81,"Relatif Tertinggal"
kabupaten,12,1202,14,2025,3.0966,Basis,21599146878.61,"Maju dan Tumbuh Cepat"
kabupaten,12,1202,15,2025,0.827,"Non Basis",4390634982.69,"Potensial / Cepat Berkembang"
kabupaten,12,1202,16,2025,0.7556,"Non Basis",-627760945.38,"Relatif Tertinggal"
kabupaten,12,1202,17,2025,0.2436,"Non Basis",33991159.37,"Potensial / Cepat Berkembang"
kabupaten,12,1203,1,2022,1.8067,Basis,86070274527.37,"Maju dan Tumbuh Cepat"
kabupaten,12,1203,2,2022,8.869,Basis,-30095455482.95,"Maju tapi Tertekan"
kabupaten,12,1203,3,2022,0.3395,"Non Basis",14283978092.07,"Potensial / Cepat Berkembang"
kabupaten,12,1203,4,2022,0.496,"Non Basis",99425543.78,"Potensial / Cepat Berkembang"
kabupaten,12,1203,5,2022,0.8769,"Non Basis",374513032.04,"Potensial / Cepat Berkembang"
kabupaten,12,1203,6,2022,0.8815,"Non Basis",-26746100045.55,"Relatif Tertinggal"
kabupaten,12,1203,7,2022,0.6221,"Non Basis",-6585753503.42,"Relatif Tertinggal"
kabupaten,12,1203,8,2022,0.3494,"Non Basis",-5943794336.32,"Relatif Tertinggal"
kabupaten,12,1203,9,2022,0.6222,"Non Basis",222249700.56,"Potensial / Cepat Berkembang"
kabupaten,12,1203,10,2022,0.2384,"Non Basis",273549161.72,"Potensial / Cepat Berkembang"
kabupaten,12,1203,11,2022,0.2943,"Non Basis",1031722368.79,"Potensial / Cepat Berkembang"
kabupaten,12,1203,12,2022,0.4488,"Non Basis",-2927833938.94,"Relatif Tertinggal"
kabupaten,12,1203,13,2022,0.0526,"Non Basis",-281282503.02,"Relatif Tertinggal"
kabupaten,12,1203,14,2022,1.7764,Basis,17311292964.37,"Maju dan Tumbuh Cepat"
kabupaten,12,1203,15,2022,0.3679,"Non Basis",-441422512.14,"Relatif Tertinggal"
kabupaten,12,1203,16,2022,0.8259,"Non Basis",-1482883890.28,"Relatif Tertinggal"
kabupaten,12,1203,17,2022,0.0616,"Non Basis",-109126926.57,"Relatif Tertinggal"
kabupaten,12,1203,1,2023,1.8408,Basis,101018715929.46,"Maju dan Tumbuh Cepat"
kabupaten,12,1203,2,2023,8.466,Basis,-54306360278.96,"Maju tapi Tertekan"
kabupaten,12,1203,3,2023,0.3473,"Non Basis",15330304298.42,"Potensial / Cepat Berkembang"
kabupaten,12,1203,4,2023,0.5153,"Non Basis",307298728.94,"Potensial / Cepat Berkembang"
kabupaten,12,1203,5,2023,0.9093,"Non Basis",356465444.29,"Potensial / Cepat Berkembang"
kabupaten,12,1203,6,2023,0.8859,"Non Basis",7226687731.62,"Potensial / Cepat Berkembang"
kabupaten,12,1203,7,2023,0.6308,"Non Basis",18981152806.82,"Potensial / Cepat Berkembang"
kabupaten,12,1203,8,2023,0.3489,"Non Basis",-70590031.98,"Relatif Tertinggal"
kabupaten,12,1203,9,2023,0.6145,"Non Basis",-1802118435.32,"Relatif Tertinggal"
kabupaten,12,1203,10,2023,0.2386,"Non Basis",138957841.99,"Potensial / Cepat Berkembang"
kabupaten,12,1203,11,2023,0.2943,"Non Basis",96140793.78,"Potensial / Cepat Berkembang"
kabupaten,12,1203,12,2023,0.4551,"Non Basis",3198807779.18,"Potensial / Cepat Berkembang"
kabupaten,12,1203,13,2023,0.0525,"Non Basis",29153.61,"Potensial / Cepat Berkembang"
kabupaten,12,1203,14,2023,1.8197,Basis,15243686773.67,"Maju dan Tumbuh Cepat"
kabupaten,12,1203,15,2023,0.3692,"Non Basis",401155849.73,"Potensial / Cepat Berkembang"
kabupaten,12,1203,16,2023,0.8236,"Non Basis",-151429031.74,"Relatif Tertinggal"
kabupaten,12,1203,17,2023,0.0607,"Non Basis",-49274573.36,"Relatif Tertinggal"
kabupaten,12,1203,1,2024,1.8654,Basis,76883856919.34,"Maju dan Tumbuh Cepat"
kabupaten,12,1203,2,2024,8.3401,Basis,-16968193472.62,"Maju tapi Tertekan"
kabupaten,12,1203,3,2024,0.3495,"Non Basis",5152463006.62,"Potensial / Cepat Berkembang"
kabupaten,12,1203,4,2024,0.5203,"Non Basis",86620578.63,"Potensial / Cepat Berkembang"
kabupaten,12,1203,5,2024,0.9195,"Non Basis",121321989.75,"Potensial / Cepat Berkembang"
kabupaten,12,1203,6,2024,0.8559,"Non Basis",-42750719899.02,"Relatif Tertinggal"
kabupaten,12,1203,7,2024,0.6473,"Non Basis",36334186003.86,"Potensial / Cepat Berkembang"
kabupaten,12,1203,8,2024,0.3589,"Non Basis",5565496742.23,"Potensial / Cepat Berkembang"
kabupaten,12,1203,9,2024,0.6065,"Non Basis",-2174520415.78,"Relatif Tertinggal"
kabupaten,12,1203,10,2024,0.2396,"Non Basis",473534574.02,"Potensial / Cepat Berkembang"
kabupaten,12,1203,11,2024,0.2921,"Non Basis",-629222484.24,"Relatif Tertinggal"
kabupaten,12,1203,12,2024,0.4522,"Non Basis",-1224489146.85,"Relatif Tertinggal"
kabupaten,12,1203,13,2024,0.0527,"Non Basis",19466752.52,"Potensial / Cepat Berkembang"
kabupaten,12,1203,14,2024,1.8058,Basis,-4386713958.48,"Maju tapi Tertekan"
kabupaten,12,1203,15,2024,0.3729,"Non Basis",1016879847.11,"Potensial / Cepat Berkembang"
kabupaten,12,1203,16,2024,0.8479,"Non Basis",2738854214.71,"Potensial / Cepat Berkembang"
kabupaten,12,1203,17,2024,0.0609,"Non Basis",11984053.11,"Potensial / Cepat Berkembang"
kabupaten,12,1203,1,2025,1.854,Basis,44135556840.94,"Maju dan Tumbuh Cepat"
kabupaten,12,1203,2,2025,8.0798,Basis,-21567872976.9,"Maju tapi Tertekan"
kabupaten,12,1203,3,2025,0.3468,"Non Basis",4277561794.26,"Potensial / Cepat Berkembang"
kabupaten,12,1203,4,2025,0.5015,"Non Basis",-194032998.2,"Relatif Tertinggal"
kabupaten,12,1203,5,2025,0.8982,"Non Basis",-102826947.82,"Relatif Tertinggal"
kabupaten,12,1203,6,2025,0.8501,"Non Basis",8842611303,"Potensial / Cepat Berkembang"
kabupaten,12,1203,7,2025,0.6392,"Non Basis",2010938574.29,"Potensial / Cepat Berkembang"
kabupaten,12,1203,8,2025,0.5108,"Non Basis",66095842369.16,"Potensial / Cepat Berkembang"
kabupaten,12,1203,9,2025,0.6078,"Non Basis",2969214024.34,"Potensial / Cepat Berkembang"
kabupaten,12,1203,10,2025,0.2392,"Non Basis",1283088224.84,"Potensial / Cepat Berkembang"
kabupaten,12,1203,11,2025,0.2845,"Non Basis",-1252546749.44,"Relatif Tertinggal"
kabupaten,12,1203,12,2025,0.4444,"Non Basis",-859367376.9,"Relatif Tertinggal"
kabupaten,12,1203,13,2025,0.0519,"Non Basis",-753159.62,"Relatif Tertinggal"
kabupaten,12,1203,14,2025,1.8087,Basis,9998279710.79,"Maju dan Tumbuh Cepat"
kabupaten,12,1203,15,2025,0.3641,"Non Basis",-978706292.91,"Relatif Tertinggal"
kabupaten,12,1203,16,2025,0.8299,"Non Basis",-759080904.33,"Relatif Tertinggal"
kabupaten,12,1203,17,2025,0.0605,"Non Basis",29226128.72,"Potensial / Cepat Berkembang"
kabupaten,12,1204,1,2022,1.9682,Basis,-14888321975.85,"Maju tapi Tertekan"
kabupaten,12,1204,2,2022,7.1902,Basis,2696373932.15,"Maju dan Tumbuh Cepat"
kabupaten,12,1204,3,2022,0.0125,"Non Basis",900893003.02,"Potensial / Cepat Berkembang"
kabupaten,12,1204,4,2022,0.7569,"Non Basis",-144311210.26,"Relatif Tertinggal"
kabupaten,12,1204,6,2022,0.8361,"Non Basis",-7519381632.55,"Relatif Tertinggal"
kabupaten,12,1204,7,2022,0.4707,"Non Basis",-4919089951.95,"Relatif Tertinggal"
kabupaten,12,1204,8,2022,0.3238,"Non Basis",-3796367102.23,"Relatif Tertinggal"
kabupaten,12,1204,9,2022,0.8017,"Non Basis",-2483473743.71,"Relatif Tertinggal"
kabupaten,12,1204,10,2022,0.0892,"Non Basis",468120962.67,"Potensial / Cepat Berkembang"
kabupaten,12,1204,11,2022,0.4768,"Non Basis",-411170225.38,"Relatif Tertinggal"
kabupaten,12,1204,12,2022,0.4206,"Non Basis",-2264147126.58,"Relatif Tertinggal"
kabupaten,12,1204,13,2022,0.0814,"Non Basis",-175534376.26,"Relatif Tertinggal"
kabupaten,12,1204,14,2022,3.6774,Basis,4316313751.9,"Maju dan Tumbuh Cepat"
kabupaten,12,1204,15,2022,0.6771,"Non Basis",99682237.5,"Potensial / Cepat Berkembang"
kabupaten,12,1204,16,2022,0.8208,"Non Basis",34029316.11,"Potensial / Cepat Berkembang"
kabupaten,12,1204,17,2022,0.3497,"Non Basis",-436135822.76,"Relatif Tertinggal"
kabupaten,12,1204,1,2023,2.0049,Basis,9314913055.55,"Maju dan Tumbuh Cepat"
kabupaten,12,1204,2,2023,7.4229,Basis,5169687303.13,"Maju dan Tumbuh Cepat"
kabupaten,12,1204,3,2023,0.0123,"Non Basis",-207682318.46,"Relatif Tertinggal"
kabupaten,12,1204,4,2023,0.7499,"Non Basis",-64907421.96,"Relatif Tertinggal"
kabupaten,12,1204,6,2023,0.8179,"Non Basis",-10030573289.68,"Relatif Tertinggal"
kabupaten,12,1204,7,2023,0.4732,"Non Basis",-1739303747.26,"Relatif Tertinggal"
kabupaten,12,1204,8,2023,0.3052,"Non Basis",-2946659152.26,"Relatif Tertinggal"
kabupaten,12,1204,9,2023,0.7663,"Non Basis",-3006144245.07,"Relatif Tertinggal"
kabupaten,12,1204,10,2023,0.0838,"Non Basis",-624139103.36,"Relatif Tertinggal"
kabupaten,12,1204,11,2023,0.4815,"Non Basis",-89686244.28,"Relatif Tertinggal"
kabupaten,12,1204,12,2023,0.4208,"Non Basis",-595254856.14,"Relatif Tertinggal"
kabupaten,12,1204,13,2023,0.0773,"Non Basis",-133591435.79,"Relatif Tertinggal"
kabupaten,12,1204,14,2023,3.7552,Basis,2886818682.19,"Maju dan Tumbuh Cepat"
kabupaten,12,1204,15,2023,0.6546,"Non Basis",-1876571944.98,"Relatif Tertinggal"
kabupaten,12,1204,16,2023,0.7806,"Non Basis",-1348589926.6,"Relatif Tertinggal"
kabupaten,12,1204,17,2023,0.3233,"Non Basis",-473701147.42,"Relatif Tertinggal"
kabupaten,12,1204,1,2024,2.0127,Basis,-10060890442.61,"Maju tapi Tertekan"
kabupaten,12,1204,2,2024,7.5667,Basis,2381591193.85,"Maju dan Tumbuh Cepat"
kabupaten,12,1204,3,2024,0.0118,"Non Basis",-277309921.59,"Relatif Tertinggal"
kabupaten,12,1204,4,2024,0.7382,"Non Basis",-80117429.8,"Relatif Tertinggal"
kabupaten,12,1204,6,2024,0.8108,"Non Basis",-5910263088.44,"Relatif Tertinggal"
kabupaten,12,1204,7,2024,0.4707,"Non Basis",-4065512467.09,"Relatif Tertinggal"
kabupaten,12,1204,8,2024,0.3043,"Non Basis",-571832357.02,"Relatif Tertinggal"
kabupaten,12,1204,9,2024,0.705,"Non Basis",-5120296102.98,"Relatif Tertinggal"
kabupaten,12,1204,10,2024,0.0887,"Non Basis",406955912.04,"Potensial / Cepat Berkembang"
kabupaten,12,1204,11,2024,0.4802,"Non Basis",-549012130.55,"Relatif Tertinggal"
kabupaten,12,1204,12,2024,0.4114,"Non Basis",-1756344761.16,"Relatif Tertinggal"
kabupaten,12,1204,13,2024,0.0743,"Non Basis",-102669164.13,"Relatif Tertinggal"
kabupaten,12,1204,14,2024,3.8509,Basis,5104670664.94,"Maju dan Tumbuh Cepat"
kabupaten,12,1204,15,2024,0.6574,"Non Basis",-265837215.41,"Relatif Tertinggal"
kabupaten,12,1204,16,2024,0.7861,"Non Basis",-78645336.41,"Relatif Tertinggal"
kabupaten,12,1204,17,2024,0.368,"Non Basis",673055018,"Potensial / Cepat Berkembang"
kabupaten,12,1204,1,2025,1.9754,Basis,-17207949911.86,"Maju tapi Tertekan"
kabupaten,12,1204,2,2025,7.7564,Basis,9288828613.41,"Maju dan Tumbuh Cepat"
kabupaten,12,1204,3,2025,0.0114,"Non Basis",-209111329.3,"Relatif Tertinggal"
kabupaten,12,1204,4,2025,0.7091,"Non Basis",-99167550.62,"Relatif Tertinggal"
kabupaten,12,1204,6,2025,0.7888,"Non Basis",-5929296141.24,"Relatif Tertinggal"
kabupaten,12,1204,7,2025,0.4624,"Non Basis",-2731555485.1,"Relatif Tertinggal"
kabupaten,12,1204,8,2025,0.412,"Non Basis",11749641464.13,"Potensial / Cepat Berkembang"
kabupaten,12,1204,9,2025,0.7089,"Non Basis",725619393.69,"Potensial / Cepat Berkembang"
kabupaten,12,1204,10,2025,0.0826,"Non Basis",-586931773.59,"Relatif Tertinggal"
kabupaten,12,1204,11,2025,0.4847,"Non Basis",728556941.13,"Potensial / Cepat Berkembang"
kabupaten,12,1204,12,2025,0.4046,"Non Basis",-494052755.66,"Relatif Tertinggal"
kabupaten,12,1204,13,2025,0.0667,"Non Basis",-208904014.25,"Relatif Tertinggal"
kabupaten,12,1204,14,2025,4.0737,Basis,23098640878.63,"Maju dan Tumbuh Cepat"
kabupaten,12,1204,15,2025,0.6412,"Non Basis",-748481579.08,"Relatif Tertinggal"
kabupaten,12,1204,16,2025,0.7527,"Non Basis",-834889604.38,"Relatif Tertinggal"
kabupaten,12,1204,17,2025,0.3533,"Non Basis",-201707770.61,"Relatif Tertinggal"
kabupaten,12,1205,1,2022,1.7222,Basis,110020685862.22,"Maju dan Tumbuh Cepat"
kabupaten,12,1205,2,2022,7.7975,Basis,56888637943.5,"Maju dan Tumbuh Cepat"
kabupaten,12,1205,3,2022,0.7685,"Non Basis",2864612220.2,"Potensial / Cepat Berkembang"
kabupaten,12,1205,4,2022,1.6713,Basis,-505041829.34,"Maju tapi Tertekan"
kabupaten,12,1205,5,2022,0.4196,"Non Basis",83069690.37,"Potensial / Cepat Berkembang"
kabupaten,12,1205,6,2022,0.5914,"Non Basis",84590691732.96,"Potensial / Cepat Berkembang"
kabupaten,12,1205,7,2022,0.5137,"Non Basis",-87641856387.68,"Relatif Tertinggal"
kabupaten,12,1205,8,2022,0.4644,"Non Basis",-26198885680.07,"Relatif Tertinggal"
kabupaten,12,1205,9,2022,0.9073,"Non Basis",-6222845942.79,"Relatif Tertinggal"
kabupaten,12,1205,10,2022,0.4716,"Non Basis",-33040806490.67,"Relatif Tertinggal"
kabupaten,12,1205,11,2022,0.6384,"Non Basis",-1416327680.09,"Relatif Tertinggal"
kabupaten,12,1205,12,2022,0.6166,"Non Basis",-10230616837.22,"Relatif Tertinggal"
kabupaten,12,1205,13,2022,0.5515,"Non Basis",-2089593810.36,"Relatif Tertinggal"
kabupaten,12,1205,14,2022,0.8666,"Non Basis",-2070785700.29,"Relatif Tertinggal"
kabupaten,12,1205,15,2022,0.5792,"Non Basis",-7215927880.51,"Relatif Tertinggal"
kabupaten,12,1205,16,2022,0.5047,"Non Basis",-108391855.59,"Relatif Tertinggal"
kabupaten,12,1205,17,2022,0.3674,"Non Basis",-1309736576.44,"Relatif Tertinggal"
kabupaten,12,1205,1,2023,1.7505,Basis,227660792613.22,"Maju dan Tumbuh Cepat"
kabupaten,12,1205,2,2023,7.9555,Basis,62944559490.71,"Maju dan Tumbuh Cepat"
kabupaten,12,1205,3,2023,0.7654,"Non Basis",-21166329686.46,"Relatif Tertinggal"
kabupaten,12,1205,4,2023,1.6885,Basis,739187901.36,"Maju dan Tumbuh Cepat"
kabupaten,12,1205,5,2023,0.4063,"Non Basis",-439697813.82,"Relatif Tertinggal"
kabupaten,12,1205,6,2023,0.6006,"Non Basis",36095124206.3,"Potensial / Cepat Berkembang"
kabupaten,12,1205,7,2023,0.5093,"Non Basis",-29869280191.92,"Relatif Tertinggal"
kabupaten,12,1205,8,2023,0.4411,"Non Basis",-36132714452.57,"Relatif Tertinggal"
kabupaten,12,1205,9,2023,0.8954,"Non Basis",-9762752700.21,"Relatif Tertinggal"
kabupaten,12,1205,10,2023,0.4608,"Non Basis",-12412269656.03,"Relatif Tertinggal"
kabupaten,12,1205,11,2023,0.6306,"Non Basis",-8063410317.97,"Relatif Tertinggal"
kabupaten,12,1205,12,2023,0.6148,"Non Basis",-3208430653.7,"Relatif Tertinggal"
kabupaten,12,1205,13,2023,0.5337,"Non Basis",-5503471777.2,"Relatif Tertinggal"
kabupaten,12,1205,14,2023,0.9098,"Non Basis",43186365251.86,"Potensial / Cepat Berkembang"
kabupaten,12,1205,15,2023,0.5702,"Non Basis",-6725297396.35,"Relatif Tertinggal"
kabupaten,12,1205,16,2023,0.5035,"Non Basis",-502511980.1,"Relatif Tertinggal"
kabupaten,12,1205,17,2023,0.3626,"Non Basis",-912731286.1,"Relatif Tertinggal"
kabupaten,12,1205,1,2024,1.774,Basis,199229406116.45,"Maju dan Tumbuh Cepat"
kabupaten,12,1205,2,2024,7.9368,Basis,-9566062706.64,"Maju tapi Tertekan"
kabupaten,12,1205,3,2024,0.7646,"Non Basis",-6641917863.58,"Relatif Tertinggal"
kabupaten,12,1205,4,2024,1.685,Basis,-201480183.72,"Maju tapi Tertekan"
kabupaten,12,1205,5,2024,0.4018,"Non Basis",-153953631.83,"Relatif Tertinggal"
kabupaten,12,1205,6,2024,0.5764,"Non Basis",-107686648643.58,"Relatif Tertinggal"
kabupaten,12,1205,7,2024,0.5162,"Non Basis",42709139216.83,"Potensial / Cepat Berkembang"
kabupaten,12,1205,8,2024,0.4451,"Non Basis",6274488185.76,"Potensial / Cepat Berkembang"
kabupaten,12,1205,9,2024,0.8748,"Non Basis",-18288831006.57,"Relatif Tertinggal"
kabupaten,12,1205,10,2024,0.4625,"Non Basis",1714028317.93,"Potensial / Cepat Berkembang"
kabupaten,12,1205,11,2024,0.6589,"Non Basis",28175172912.07,"Potensial / Cepat Berkembang"
kabupaten,12,1205,12,2024,0.5954,"Non Basis",-29265149674.04,"Relatif Tertinggal"
kabupaten,12,1205,13,2024,0.5298,"Non Basis",-1333327675.02,"Relatif Tertinggal"
kabupaten,12,1205,14,2024,0.9282,"Non Basis",19365280846.82,"Potensial / Cepat Berkembang"
kabupaten,12,1205,15,2024,0.5747,"Non Basis",3196283938,"Potensial / Cepat Berkembang"
kabupaten,12,1205,16,2024,0.5184,"Non Basis",4834750757.81,"Potensial / Cepat Berkembang"
kabupaten,12,1205,17,2024,0.3679,"Non Basis",988136865.25,"Potensial / Cepat Berkembang"
kabupaten,12,1205,1,2025,1.754,Basis,-3929094176.86,"Maju tapi Tertekan"
kabupaten,12,1205,2,2025,7.8186,Basis,-13512862749.42,"Maju tapi Tertekan"
kabupaten,12,1205,3,2025,0.765,"Non Basis",55253699432,"Potensial / Cepat Berkembang"
kabupaten,12,1205,4,2025,1.6967,Basis,1516029031.96,"Maju dan Tumbuh Cepat"
kabupaten,12,1205,5,2025,0.3861,"Non Basis",-396882821.77,"Relatif Tertinggal"
kabupaten,12,1205,6,2025,0.5701,"Non Basis",51539284.08,"Potensial / Cepat Berkembang"
kabupaten,12,1205,7,2025,0.5078,"Non Basis",-18505723535.18,"Relatif Tertinggal"
kabupaten,12,1205,8,2025,0.6244,"Non Basis",232251507059.35,"Potensial / Cepat Berkembang"
kabupaten,12,1205,9,2025,0.8471,"Non Basis",-16501205422.71,"Relatif Tertinggal"
kabupaten,12,1205,10,2025,0.4513,"Non Basis",-7725220116.61,"Relatif Tertinggal"
kabupaten,12,1205,11,2025,0.6596,"Non Basis",8346814815.38,"Potensial / Cepat Berkembang"
kabupaten,12,1205,12,2025,0.5797,"Non Basis",-14916682042.61,"Relatif Tertinggal"
kabupaten,12,1205,13,2025,0.4882,"Non Basis",-12647491996.55,"Relatif Tertinggal"
kabupaten,12,1205,14,2025,0.9065,"Non Basis",-12397014362.23,"Relatif Tertinggal"
kabupaten,12,1205,15,2025,0.5791,"Non Basis",8521038687.19,"Potensial / Cepat Berkembang"
kabupaten,12,1205,16,2025,0.513,"Non Basis",129588588.57,"Potensial / Cepat Berkembang"
kabupaten,12,1205,17,2025,0.3554,"Non Basis",-1703091921.29,"Relatif Tertinggal"
kabupaten,12,1206,1,2022,2.137,Basis,-92249761283.06,"Maju tapi Tertekan"
kabupaten,12,1206,2,2022,0.1816,"Non Basis",759524167.89,"Potensial / Cepat Berkembang"
kabupaten,12,1206,3,2022,0.1916,"Non Basis",16610069384.65,"Potensial / Cepat Berkembang"
kabupaten,12,1206,4,2022,0.6828,"Non Basis",-101250697.16,"Relatif Tertinggal"
kabupaten,12,1206,5,2022,0.833,"Non Basis",4554280.67,"Potensial / Cepat Berkembang"
kabupaten,12,1206,6,2022,0.53,"Non Basis",-1403248407.15,"Relatif Tertinggal"
kabupaten,12,1206,7,2022,0.5765,"Non Basis",-15236264757.12,"Relatif Tertinggal"
kabupaten,12,1206,8,2022,1.097,Basis,-27901438239.63,"Maju tapi Tertekan"
kabupaten,12,1206,9,2022,1.1746,Basis,-5635684609.92,"Maju tapi Tertekan"
kabupaten,12,1206,10,2022,0.3409,"Non Basis",-1823016566.6,"Relatif Tertinggal"
kabupaten,12,1206,11,2022,0.4622,"Non Basis",911690991.48,"Potensial / Cepat Berkembang"
kabupaten,12,1206,12,2022,0.746,"Non Basis",-333549077.17,"Relatif Tertinggal"
kabupaten,12,1206,13,2022,0.2104,"Non Basis",-1191310267.24,"Relatif Tertinggal"
kabupaten,12,1206,14,2022,1.7125,Basis,8711073952.54,"Maju dan Tumbuh Cepat"
kabupaten,12,1206,15,2022,1.271,Basis,-1357776642.36,"Maju tapi Tertekan"
kabupaten,12,1206,16,2022,1.3255,Basis,-669103902.53,"Maju tapi Tertekan"
kabupaten,12,1206,17,2022,2.5633,Basis,-6487272829.98,"Maju tapi Tertekan"
kabupaten,12,1206,1,2023,2.158,Basis,89615083517.25,"Maju dan Tumbuh Cepat"
kabupaten,12,1206,2,2023,0.1846,"Non Basis",616935135.01,"Potensial / Cepat Berkembang"
kabupaten,12,1206,3,2023,0.1929,"Non Basis",3953267050.55,"Potensial / Cepat Berkembang"
kabupaten,12,1206,4,2023,0.693,"Non Basis",236328322.47,"Potensial / Cepat Berkembang"
kabupaten,12,1206,5,2023,0.8318,"Non Basis",-11782087.45,"Relatif Tertinggal"
kabupaten,12,1206,6,2023,0.5295,"Non Basis",-440765560.02,"Relatif Tertinggal"
kabupaten,12,1206,7,2023,0.5857,"Non Basis",28236652783.4,"Potensial / Cepat Berkembang"
kabupaten,12,1206,8,2023,1.0816,Basis,-10904831179.07,"Maju tapi Tertekan"
kabupaten,12,1206,9,2023,1.1242,Basis,-18528746723,"Maju tapi Tertekan"
kabupaten,12,1206,10,2023,0.3401,"Non Basis",-354938558.55,"Relatif Tertinggal"
kabupaten,12,1206,11,2023,0.4636,"Non Basis",780931482.98,"Potensial / Cepat Berkembang"
kabupaten,12,1206,12,2023,0.7595,"Non Basis",9417888033.6,"Potensial / Cepat Berkembang"
kabupaten,12,1206,13,2023,0.2076,"Non Basis",-388353660.2,"Relatif Tertinggal"
kabupaten,12,1206,14,2023,1.6852,Basis,-12908366078.86,"Maju tapi Tertekan"
kabupaten,12,1206,15,2023,1.2722,Basis,617821454.01,"Maju dan Tumbuh Cepat"
kabupaten,12,1206,16,2023,1.3442,Basis,2919660698.16,"Maju dan Tumbuh Cepat"
kabupaten,12,1206,17,2023,2.4744,Basis,-7587212700.41,"Maju tapi Tertekan"
kabupaten,12,1206,1,2024,2.15,Basis,-103162380099.38,"Maju tapi Tertekan"
kabupaten,12,1206,2,2024,0.1898,"Non Basis",761467016.24,"Potensial / Cepat Berkembang"
kabupaten,12,1206,3,2024,0.1915,"Non Basis",-8173146977.37,"Relatif Tertinggal"
kabupaten,12,1206,4,2024,0.6981,"Non Basis",-4474170.18,"Relatif Tertinggal"
kabupaten,12,1206,5,2024,0.8415,"Non Basis",51408009.05,"Potensial / Cepat Berkembang"
kabupaten,12,1206,6,2024,0.5371,"Non Basis",7262685787.11,"Potensial / Cepat Berkembang"
kabupaten,12,1206,7,2024,0.5939,"Non Basis",11229777029.76,"Potensial / Cepat Berkembang"
kabupaten,12,1206,8,2024,1.1155,Basis,19799989701.45,"Maju dan Tumbuh Cepat"
kabupaten,12,1206,9,2024,1.1099,Basis,-9541632166.62,"Maju tapi Tertekan"
kabupaten,12,1206,10,2024,0.3459,"Non Basis",1840849185.76,"Potensial / Cepat Berkembang"
kabupaten,12,1206,11,2024,0.4757,"Non Basis",4089662857.24,"Potensial / Cepat Berkembang"
kabupaten,12,1206,12,2024,0.7639,"Non Basis",-1011512662.17,"Relatif Tertinggal"
kabupaten,12,1206,13,2024,0.2116,"Non Basis",365342425.66,"Potensial / Cepat Berkembang"
kabupaten,12,1206,14,2024,1.7067,Basis,4367091879.69,"Maju dan Tumbuh Cepat"
kabupaten,12,1206,15,2024,1.3008,Basis,6727691096.32,"Maju dan Tumbuh Cepat"
kabupaten,12,1206,16,2024,1.3141,Basis,-6358654683.65,"Maju tapi Tertekan"
kabupaten,12,1206,17,2024,2.4615,Basis,-2928938588.54,"Maju tapi Tertekan"
kabupaten,12,1206,1,2025,2.0875,Basis,-160282115608.83,"Maju tapi Tertekan"
kabupaten,12,1206,2,2025,0.1832,"Non Basis",-883305718.69,"Relatif Tertinggal"
kabupaten,12,1206,3,2025,0.1881,"Non Basis",-3143126473.96,"Relatif Tertinggal"
kabupaten,12,1206,4,2025,0.6759,"Non Basis",-326579693.77,"Relatif Tertinggal"
kabupaten,12,1206,5,2025,0.8367,"Non Basis",93733228.63,"Potensial / Cepat Berkembang"
kabupaten,12,1206,6,2025,0.5307,"Non Basis",422948350.77,"Potensial / Cepat Berkembang"
kabupaten,12,1206,7,2025,0.6014,"Non Basis",48469918068.61,"Potensial / Cepat Berkembang"
kabupaten,12,1206,8,2025,1.6604,Basis,336522978645.39,"Maju dan Tumbuh Cepat"
kabupaten,12,1206,9,2025,1.0952,Basis,-453775036.21,"Maju tapi Tertekan"
kabupaten,12,1206,10,2025,0.3494,"Non Basis",4762933426.28,"Potensial / Cepat Berkembang"
kabupaten,12,1206,11,2025,0.4686,"Non Basis",-642634596.01,"Relatif Tertinggal"
kabupaten,12,1206,12,2025,0.7273,"Non Basis",-21216549664.16,"Relatif Tertinggal"
kabupaten,12,1206,13,2025,0.2013,"Non Basis",-1312464228.05,"Relatif Tertinggal"
kabupaten,12,1206,14,2025,1.674,Basis,-6048021061.46,"Maju tapi Tertekan"
kabupaten,12,1206,15,2025,1.3157,Basis,11706034876.92,"Maju dan Tumbuh Cepat"
kabupaten,12,1206,16,2025,1.2846,Basis,-2312107018.54,"Maju tapi Tertekan"
kabupaten,12,1206,17,2025,2.4208,Basis,-1004799145.83,"Maju tapi Tertekan"
kabupaten,12,1207,1,2022,0.4742,"Non Basis",6059709669.09,"Potensial / Cepat Berkembang"
kabupaten,12,1207,2,2022,0.6529,"Non Basis",12952981458.72,"Potensial / Cepat Berkembang"
kabupaten,12,1207,3,2022,1.7114,Basis,-216405522740.18,"Maju tapi Tertekan"
kabupaten,12,1207,4,2022,1.1516,Basis,-218600111.54,"Maju tapi Tertekan"
kabupaten,12,1207,5,2022,0.469,"Non Basis",-432565700.6,"Relatif Tertinggal"
kabupaten,12,1207,6,2022,1.242,Basis,-47142884712.83,"Maju tapi Tertekan"
kabupaten,12,1207,7,2022,0.9856,"Non Basis",133745751955.13,"Potensial / Cepat Berkembang"
kabupaten,12,1207,8,2022,1.7661,Basis,202857357600.63,"Maju dan Tumbuh Cepat"
kabupaten,12,1207,9,2022,1.2189,Basis,36156731951.32,"Maju dan Tumbuh Cepat"
kabupaten,12,1207,10,2022,0.5837,"Non Basis",14938267993.16,"Potensial / Cepat Berkembang"
kabupaten,12,1207,11,2022,0.9238,"Non Basis",19003481658.69,"Potensial / Cepat Berkembang"
kabupaten,12,1207,12,2022,0.8154,"Non Basis",-26504973259.6,"Relatif Tertinggal"
kabupaten,12,1207,13,2022,0.5171,"Non Basis",-5420347986.67,"Relatif Tertinggal"
kabupaten,12,1207,14,2022,0.5454,"Non Basis",6167233024.99,"Potensial / Cepat Berkembang"
kabupaten,12,1207,15,2022,0.8634,"Non Basis",-20418684995.17,"Relatif Tertinggal"
kabupaten,12,1207,16,2022,1.0279,Basis,7454318471.04,"Maju dan Tumbuh Cepat"
kabupaten,12,1207,17,2022,0.5242,"Non Basis",-3784842758.59,"Relatif Tertinggal"
kabupaten,12,1207,1,2023,0.4693,"Non Basis",-69694313952.4,"Relatif Tertinggal"
kabupaten,12,1207,2,2023,0.6502,"Non Basis",-692932978.95,"Relatif Tertinggal"
kabupaten,12,1207,3,2023,1.682,Basis,-328604121831.71,"Maju tapi Tertekan"
kabupaten,12,1207,4,2023,1.1486,Basis,65355255.36,"Maju dan Tumbuh Cepat"
kabupaten,12,1207,5,2023,0.4613,"Non Basis",-482816466.85,"Relatif Tertinggal"
kabupaten,12,1207,6,2023,1.2326,Basis,-54554674947.42,"Maju tapi Tertekan"
kabupaten,12,1207,7,2023,0.9732,"Non Basis",-136401713702.47,"Relatif Tertinggal"
kabupaten,12,1207,8,2023,1.9332,Basis,631887986404.64,"Maju dan Tumbuh Cepat"
kabupaten,12,1207,9,2023,1.2034,Basis,-21633331215.98,"Maju tapi Tertekan"
kabupaten,12,1207,10,2023,0.5759,"Non Basis",-16054538435.39,"Relatif Tertinggal"
kabupaten,12,1207,11,2023,0.9146,"Non Basis",-14652087058.28,"Relatif Tertinggal"
kabupaten,12,1207,12,2023,0.8078,"Non Basis",-17143893322.56,"Relatif Tertinggal"
kabupaten,12,1207,13,2023,0.5109,"Non Basis",-3343060816.69,"Relatif Tertinggal"
kabupaten,12,1207,14,2023,0.5414,"Non Basis",-5461402505.61,"Relatif Tertinggal"
kabupaten,12,1207,15,2023,0.8531,"Non Basis",-12830484914.65,"Relatif Tertinggal"
kabupaten,12,1207,16,2023,1.025,Basis,242544126.85,"Maju dan Tumbuh Cepat"
kabupaten,12,1207,17,2023,0.5104,"Non Basis",-5231224285.25,"Relatif Tertinggal"
kabupaten,12,1207,1,2024,0.4699,"Non Basis",44182617829.77,"Potensial / Cepat Berkembang"
kabupaten,12,1207,2,2024,0.6542,"Non Basis",6310403743.7,"Potensial / Cepat Berkembang"
kabupaten,12,1207,3,2024,1.6627,Basis,-201324438108.51,"Maju tapi Tertekan"
kabupaten,12,1207,4,2024,1.134,Basis,-1265020124.06,"Maju tapi Tertekan"
kabupaten,12,1207,5,2024,0.4567,"Non Basis",-248415154.47,"Relatif Tertinggal"
kabupaten,12,1207,6,2024,1.2402,Basis,121039336705.28,"Maju dan Tumbuh Cepat"
kabupaten,12,1207,7,2024,0.9866,"Non Basis",252884925509.51,"Potensial / Cepat Berkembang"
kabupaten,12,1207,8,2024,1.8733,Basis,-210732313523.15,"Maju tapi Tertekan"
kabupaten,12,1207,9,2024,1.2324,Basis,68418620413.15,"Maju dan Tumbuh Cepat"
kabupaten,12,1207,10,2024,0.5767,"Non Basis",7416700402.1,"Potensial / Cepat Berkembang"
kabupaten,12,1207,11,2024,0.9083,"Non Basis",-8469397667.83,"Relatif Tertinggal"
kabupaten,12,1207,12,2024,0.7802,"Non Basis",-89695761498.32,"Relatif Tertinggal"
kabupaten,12,1207,13,2024,0.5123,"Non Basis",2339839030.67,"Potensial / Cepat Berkembang"
kabupaten,12,1207,14,2024,0.5695,"Non Basis",77151681491.58,"Potensial / Cepat Berkembang"
kabupaten,12,1207,15,2024,0.8492,"Non Basis",-2362094547.83,"Relatif Tertinggal"
kabupaten,12,1207,16,2024,1.0459,Basis,19138675701.75,"Maju dan Tumbuh Cepat"
kabupaten,12,1207,17,2024,0.5136,"Non Basis",2182188533.42,"Potensial / Cepat Berkembang"
kabupaten,12,1207,1,2025,0.4506,"Non Basis",-271992033666.91,"Relatif Tertinggal"
kabupaten,12,1207,2,2025,0.6493,"Non Basis",5413957628.25,"Potensial / Cepat Berkembang"
kabupaten,12,1207,3,2025,1.6574,Basis,303381649657.65,"Maju dan Tumbuh Cepat"
kabupaten,12,1207,4,2025,1.0928,Basis,-2880813425.26,"Maju tapi Tertekan"
kabupaten,12,1207,5,2025,0.4444,"Non Basis",-452566626.01,"Relatif Tertinggal"
kabupaten,12,1207,6,2025,1.2214,Basis,1890112009.87,"Maju dan Tumbuh Cepat"
kabupaten,12,1207,7,2025,0.9842,"Non Basis",211040437511.96,"Potensial / Cepat Berkembang"
kabupaten,12,1207,8,2025,2.5873,Basis,2261470943506.1,"Maju dan Tumbuh Cepat"
kabupaten,12,1207,9,2025,1.2362,Basis,50013826881.05,"Maju dan Tumbuh Cepat"
kabupaten,12,1207,10,2025,0.5682,"Non Basis",1008249998.85,"Potensial / Cepat Berkembang"
kabupaten,12,1207,11,2025,0.8942,"Non Basis",-412594239.71,"Relatif Tertinggal"
kabupaten,12,1207,12,2025,0.7714,"Non Basis",12259374049.2,"Potensial / Cepat Berkembang"
kabupaten,12,1207,13,2025,0.4991,"Non Basis",-4602241662.49,"Relatif Tertinggal"
kabupaten,12,1207,14,2025,0.5534,"Non Basis",-19417605266.29,"Relatif Tertinggal"
kabupaten,12,1207,15,2025,0.8508,"Non Basis",28012998284.46,"Potensial / Cepat Berkembang"
kabupaten,12,1207,16,2025,1.005,Basis,-21773593604.81,"Maju tapi Tertekan"
kabupaten,12,1207,17,2025,0.4959,"Non Basis",-4735103681.97,"Relatif Tertinggal"
kabupaten,12,1208,1,2022,2.2655,Basis,118056956234.4,"Maju dan Tumbuh Cepat"
kabupaten,12,1208,2,2022,0.1766,"Non Basis",1326008015.18,"Potensial / Cepat Berkembang"
kabupaten,12,1208,3,2022,0.5452,"Non Basis",678474287.23,"Potensial / Cepat Berkembang"
kabupaten,12,1208,4,2022,0.5782,"Non Basis",-154489682.1,"Relatif Tertinggal"
kabupaten,12,1208,5,2022,0.8092,"Non Basis",501612118.81,"Potensial / Cepat Berkembang"
kabupaten,12,1208,6,2022,0.6658,"Non Basis",-32036264600.74,"Relatif Tertinggal"
kabupaten,12,1208,7,2022,0.7275,"Non Basis",-51615434526.38,"Relatif Tertinggal"
kabupaten,12,1208,8,2022,0.3655,"Non Basis",-24519352880.28,"Relatif Tertinggal"
kabupaten,12,1208,9,2022,0.3569,"Non Basis",-3328783173.63,"Relatif Tertinggal"
kabupaten,12,1208,10,2022,0.2239,"Non Basis",-3728422960.98,"Relatif Tertinggal"
kabupaten,12,1208,11,2022,0.3128,"Non Basis",7389214.84,"Potensial / Cepat Berkembang"
kabupaten,12,1208,12,2022,0.1935,"Non Basis",-3003755035.16,"Relatif Tertinggal"
kabupaten,12,1208,13,2022,0.0896,"Non Basis",69121861.14,"Potensial / Cepat Berkembang"
kabupaten,12,1208,14,2022,1.1193,Basis,-200766354.36,"Maju tapi Tertekan"
kabupaten,12,1208,15,2022,0.4774,"Non Basis",-1740302644.29,"Relatif Tertinggal"
kabupaten,12,1208,16,2022,0.3762,"Non Basis",-1926450487.82,"Relatif Tertinggal"
kabupaten,12,1208,17,2022,0.1923,"Non Basis",-442360607.46,"Relatif Tertinggal"
kabupaten,12,1208,1,2023,2.3084,Basis,354956844708.28,"Maju dan Tumbuh Cepat"
kabupaten,12,1208,2,2023,0.1781,"Non Basis",633476197.24,"Potensial / Cepat Berkembang"
kabupaten,12,1208,3,2023,0.5429,"Non Basis",-10545260109.06,"Relatif Tertinggal"
kabupaten,12,1208,4,2023,0.5882,"Non Basis",459104816.96,"Potensial / Cepat Berkembang"
kabupaten,12,1208,5,2023,0.786,"Non Basis",-693511988.72,"Relatif Tertinggal"
kabupaten,12,1208,6,2023,0.6583,"Non Basis",-27648597729.5,"Relatif Tertinggal"
kabupaten,12,1208,7,2023,0.7344,"Non Basis",42344903906.9,"Potensial / Cepat Berkembang"
kabupaten,12,1208,8,2023,0.3564,"Non Basis",-12922012717.32,"Relatif Tertinggal"
kabupaten,12,1208,9,2023,0.3563,"Non Basis",-315557761.79,"Relatif Tertinggal"
kabupaten,12,1208,10,2023,0.2237,"Non Basis",-85807954.57,"Relatif Tertinggal"
kabupaten,12,1208,11,2023,0.3116,"Non Basis",-957754169.56,"Relatif Tertinggal"
kabupaten,12,1208,12,2023,0.1919,"Non Basis",-2008179377.82,"Relatif Tertinggal"
kabupaten,12,1208,13,2023,0.0874,"Non Basis",-603097229.43,"Relatif Tertinggal"
kabupaten,12,1208,14,2023,1.0986,Basis,-19300375696.88,"Maju tapi Tertekan"
kabupaten,12,1208,15,2023,0.4651,"Non Basis",-8127476499.88,"Relatif Tertinggal"
kabupaten,12,1208,16,2023,0.3802,"Non Basis",1257050366.99,"Potensial / Cepat Berkembang"
kabupaten,12,1208,17,2023,0.1873,"Non Basis",-842206884.53,"Relatif Tertinggal"
kabupaten,12,1208,1,2024,2.345,Basis,279256300967.24,"Maju dan Tumbuh Cepat"
kabupaten,12,1208,2,2024,0.1788,"Non Basis",184512816.55,"Potensial / Cepat Berkembang"
kabupaten,12,1208,3,2024,0.5319,"Non Basis",-65650769976.28,"Relatif Tertinggal"
kabupaten,12,1208,4,2024,0.5957,"Non Basis",305648941.71,"Potensial / Cepat Berkembang"
kabupaten,12,1208,5,2024,0.7993,"Non Basis",387241042.51,"Potensial / Cepat Berkembang"
kabupaten,12,1208,6,2024,0.6202,"Non Basis",-162170925879.62,"Relatif Tertinggal"
kabupaten,12,1208,7,2024,0.7483,"Non Basis",79242015122.53,"Potensial / Cepat Berkembang"
kabupaten,12,1208,8,2024,0.3723,"Non Basis",23823362594.45,"Potensial / Cepat Berkembang"
kabupaten,12,1208,9,2024,0.3574,"Non Basis",558478843.54,"Potensial / Cepat Berkembang"
kabupaten,12,1208,10,2024,0.2261,"Non Basis",2505199405.16,"Potensial / Cepat Berkembang"
kabupaten,12,1208,11,2024,0.3129,"Non Basis",924563266.57,"Potensial / Cepat Berkembang"
kabupaten,12,1208,12,2024,0.1922,"Non Basis",110184242.76,"Potensial / Cepat Berkembang"
kabupaten,12,1208,13,2024,0.0866,"Non Basis",-283364551.63,"Relatif Tertinggal"
kabupaten,12,1208,14,2024,1.0938,Basis,-6309978920.99,"Maju tapi Tertekan"
kabupaten,12,1208,15,2024,0.4674,"Non Basis",1213177859.01,"Potensial / Cepat Berkembang"
kabupaten,12,1208,16,2024,0.3941,"Non Basis",4195860808.83,"Potensial / Cepat Berkembang"
kabupaten,12,1208,17,2024,0.1925,"Non Basis",907552115.23,"Potensial / Cepat Berkembang"
kabupaten,12,1208,1,2025,2.2878,Basis,-154214970269.09,"Maju tapi Tertekan"
kabupaten,12,1208,2,2025,0.1776,"Non Basis",758427757.33,"Potensial / Cepat Berkembang"
kabupaten,12,1208,3,2025,0.5458,"Non Basis",136270075908.32,"Potensial / Cepat Berkembang"
kabupaten,12,1208,4,2025,0.5879,"Non Basis",107492044.46,"Potensial / Cepat Berkembang"
kabupaten,12,1208,5,2025,0.7698,"Non Basis",-540125983.73,"Relatif Tertinggal"
kabupaten,12,1208,6,2025,0.6384,"Non Basis",121603199587.12,"Potensial / Cepat Berkembang"
kabupaten,12,1208,7,2025,0.7354,"Non Basis",-1927852917.41,"Relatif Tertinggal"
kabupaten,12,1208,8,2025,0.5157,"Non Basis",180012965689.2,"Potensial / Cepat Berkembang"
kabupaten,12,1208,9,2025,0.3504,"Non Basis",-858998043.35,"Relatif Tertinggal"
kabupaten,12,1208,10,2025,0.2209,"Non Basis",-1694948226.59,"Relatif Tertinggal"
kabupaten,12,1208,11,2025,0.3024,"Non Basis",-5241220281.54,"Relatif Tertinggal"
kabupaten,12,1208,12,2025,0.1881,"Non Basis",-1420928784.31,"Relatif Tertinggal"
kabupaten,12,1208,13,2025,0.08,"Non Basis",-1715752185.29,"Relatif Tertinggal"
kabupaten,12,1208,14,2025,1.0788,Basis,3647683464.98,"Maju dan Tumbuh Cepat"
kabupaten,12,1208,15,2025,0.4636,"Non Basis",3137038908.69,"Potensial / Cepat Berkembang"
kabupaten,12,1208,16,2025,0.3779,"Non Basis",-3258700969.93,"Relatif Tertinggal"
kabupaten,12,1208,17,2025,0.1831,"Non Basis",-1176628661.92,"Relatif Tertinggal"
kabupaten,12,1209,1,2023,1.7596,Basis,178947314988.5,"Maju dan Tumbuh Cepat"
kabupaten,12,1209,2,2023,0.1549,"Non Basis",-65870769.05,"Relatif Tertinggal"
kabupaten,12,1209,3,2023,1.1322,Basis,4442313241.73,"Maju dan Tumbuh Cepat"
kabupaten,12,1209,4,2023,0.6784,"Non Basis",-44288098.49,"Relatif Tertinggal"
kabupaten,12,1209,5,2023,0.5463,"Non Basis",-458006875.88,"Relatif Tertinggal"
kabupaten,12,1209,6,2023,0.471,"Non Basis",1606618000,"Potensial / Cepat Berkembang"
kabupaten,12,1209,7,2023,0.9286,"Non Basis",9373561779.52,"Potensial / Cepat Berkembang"
kabupaten,12,1209,8,2023,0.7656,"Non Basis",-17332816170.68,"Relatif Tertinggal"
kabupaten,12,1209,9,2023,0.3437,"Non Basis",-3719382070.1,"Relatif Tertinggal"
kabupaten,12,1209,10,2023,0.1753,"Non Basis",-3167765699.27,"Relatif Tertinggal"
kabupaten,12,1209,11,2023,0.4595,"Non Basis",-810957323.59,"Relatif Tertinggal"
kabupaten,12,1209,12,2023,0.3646,"Non Basis",1812897508.41,"Potensial / Cepat Berkembang"
kabupaten,12,1209,13,2023,0.0416,"Non Basis",-179389881.71,"Relatif Tertinggal"
kabupaten,12,1209,14,2023,0.8737,"Non Basis",-1176293404.96,"Relatif Tertinggal"
kabupaten,12,1209,15,2023,0.3935,"Non Basis",-1801529288.61,"Relatif Tertinggal"
kabupaten,12,1209,16,2023,0.6095,"Non Basis",-1624965586.49,"Relatif Tertinggal"
kabupaten,12,1209,17,2023,1.0167,Basis,-1440936306.86,"Maju tapi Tertekan"
kabupaten,12,1209,1,2024,1.7964,Basis,243083358932.14,"Maju dan Tumbuh Cepat"
kabupaten,12,1209,2,2024,0.1522,"Non Basis",-1266799050.89,"Relatif Tertinggal"
kabupaten,12,1209,3,2024,1.1226,Basis,-71852977559.07,"Maju tapi Tertekan"
kabupaten,12,1209,4,2024,0.6839,"Non Basis",139151474.98,"Potensial / Cepat Berkembang"
kabupaten,12,1209,5,2024,0.5433,"Non Basis",-144676228.17,"Relatif Tertinggal"
kabupaten,12,1209,6,2024,0.4489,"Non Basis",-93512321540.19,"Relatif Tertinggal"
kabupaten,12,1209,7,2024,0.9306,"Non Basis",-6803107835.06,"Relatif Tertinggal"
kabupaten,12,1209,8,2024,0.7782,"Non Basis",14554009668.35,"Potensial / Cepat Berkembang"
kabupaten,12,1209,9,2024,0.3326,"Non Basis",-9624194528.9,"Relatif Tertinggal"
kabupaten,12,1209,10,2024,0.1721,"Non Basis",-4067696002.28,"Relatif Tertinggal"
kabupaten,12,1209,11,2024,0.4586,"Non Basis",-2168778029.92,"Relatif Tertinggal"
kabupaten,12,1209,12,2024,0.3595,"Non Basis",-8401928131.45,"Relatif Tertinggal"
kabupaten,12,1209,13,2024,0.0411,"Non Basis",-190594123.16,"Relatif Tertinggal"
kabupaten,12,1209,14,2024,0.8675,"Non Basis",-8823277166.15,"Relatif Tertinggal"
kabupaten,12,1209,15,2024,0.3977,"Non Basis",1962567170.75,"Potensial / Cepat Berkembang"
kabupaten,12,1209,16,2024,0.6175,"Non Basis",1778703725.87,"Potensial / Cepat Berkembang"
kabupaten,12,1209,17,2024,1.0163,Basis,-664415525.56,"Maju tapi Tertekan"
kabupaten,12,1209,1,2025,1.7635,Basis,-37902858992.07,"Maju tapi Tertekan"
kabupaten,12,1209,2,2025,0.1499,"Non Basis",48068208,"Potensial / Cepat Berkembang"
kabupaten,12,1209,3,2025,1.1109,Basis,33809429859.69,"Maju dan Tumbuh Cepat"
kabupaten,12,1209,4,2025,0.6555,"Non Basis",-791511437.53,"Relatif Tertinggal"
kabupaten,12,1209,5,2025,0.5043,"Non Basis",-972457183.91,"Relatif Tertinggal"
kabupaten,12,1209,6,2025,0.4424,"Non Basis",2303958259.02,"Potensial / Cepat Berkembang"
kabupaten,12,1209,7,2025,0.9142,"Non Basis",-10331407763.21,"Relatif Tertinggal"
kabupaten,12,1209,8,2025,1.1033,Basis,384138698474.05,"Maju dan Tumbuh Cepat"
kabupaten,12,1209,9,2025,0.3368,"Non Basis",7814777202.5,"Potensial / Cepat Berkembang"
kabupaten,12,1209,10,2025,0.1672,"Non Basis",-2475144286.92,"Relatif Tertinggal"
kabupaten,12,1209,11,2025,0.453,"Non Basis",1518735213.48,"Potensial / Cepat Berkembang"
kabupaten,12,1209,12,2025,0.3353,"Non Basis",-27302825630.53,"Relatif Tertinggal"
kabupaten,12,1209,13,2025,0.0387,"Non Basis",-542088483.38,"Relatif Tertinggal"
kabupaten,12,1209,14,2025,0.8787,"Non Basis",24338879104.23,"Potensial / Cepat Berkembang"
kabupaten,12,1209,15,2025,0.3982,"Non Basis",4825546165.79,"Potensial / Cepat Berkembang"
kabupaten,12,1209,16,2025,0.5723,"Non Basis",-11572094327.27,"Relatif Tertinggal"
kabupaten,12,1209,17,2025,1.0064,Basis,1109796918.43,"Maju dan Tumbuh Cepat"
kabupaten,12,1210,1,2022,1.2169,Basis,169453980098.9,"Maju dan Tumbuh Cepat"
kabupaten,12,1210,2,2022,0.5923,"Non Basis",6113808014.89,"Potensial / Cepat Berkembang"
kabupaten,12,1210,3,2022,1.7997,Basis,101565873976.8,"Maju dan Tumbuh Cepat"
kabupaten,12,1210,4,2022,0.5471,"Non Basis",192763524.82,"Potensial / Cepat Berkembang"
kabupaten,12,1210,5,2022,0.3416,"Non Basis",284697480.05,"Potensial / Cepat Berkembang"
kabupaten,12,1210,6,2022,0.5965,"Non Basis",-44687715096.92,"Relatif Tertinggal"
kabupaten,12,1210,7,2022,0.8951,"Non Basis",-59146351354.05,"Relatif Tertinggal"
kabupaten,12,1210,8,2022,0.4086,"Non Basis",-17476703413.3,"Relatif Tertinggal"
kabupaten,12,1210,9,2022,0.6122,"Non Basis",1055230129.46,"Potensial / Cepat Berkembang"
kabupaten,12,1210,10,2022,0.2912,"Non Basis",-1620033296.54,"Relatif Tertinggal"
kabupaten,12,1210,11,2022,0.3869,"Non Basis",-446855038.79,"Relatif Tertinggal"
kabupaten,12,1210,12,2022,0.5447,"Non Basis",3883590420.49,"Potensial / Cepat Berkembang"
kabupaten,12,1210,13,2022,0.1678,"Non Basis",-1371906179.02,"Relatif Tertinggal"
kabupaten,12,1210,14,2022,0.8088,"Non Basis",4163227623.97,"Potensial / Cepat Berkembang"
kabupaten,12,1210,15,2022,0.8661,"Non Basis",-5428525274.02,"Relatif Tertinggal"
kabupaten,12,1210,16,2022,0.4248,"Non Basis",-2075243201.21,"Relatif Tertinggal"
kabupaten,12,1210,17,2022,0.1835,"Non Basis",-378717103.94,"Relatif Tertinggal"
kabupaten,12,1210,1,2023,1.2361,Basis,132287660322.82,"Maju dan Tumbuh Cepat"
kabupaten,12,1210,2,2023,0.5908,"Non Basis",-455849511.79,"Relatif Tertinggal"
kabupaten,12,1210,3,2023,1.818,Basis,85216241713.28,"Maju dan Tumbuh Cepat"
kabupaten,12,1210,4,2023,0.5547,"Non Basis",288149285.86,"Potensial / Cepat Berkembang"
kabupaten,12,1210,5,2023,0.3541,"Non Basis",322936354.02,"Potensial / Cepat Berkembang"
kabupaten,12,1210,6,2023,0.5953,"Non Basis",-3496339883.5,"Relatif Tertinggal"
kabupaten,12,1210,7,2023,0.9038,"Non Basis",43792473524.75,"Potensial / Cepat Berkembang"
kabupaten,12,1210,8,2023,0.3821,"Non Basis",-32288463577.59,"Relatif Tertinggal"
kabupaten,12,1210,9,2023,0.5857,"Non Basis",-16331150718.68,"Relatif Tertinggal"
kabupaten,12,1210,10,2023,0.2811,"Non Basis",-8974599882.18,"Relatif Tertinggal"
kabupaten,12,1210,11,2023,0.381,"Non Basis",-4562705831.91,"Relatif Tertinggal"
kabupaten,12,1210,12,2023,0.544,"Non Basis",-649266496.85,"Relatif Tertinggal"
kabupaten,12,1210,13,2023,0.1633,"Non Basis",-1074229536.86,"Relatif Tertinggal"
kabupaten,12,1210,14,2023,0.8242,"Non Basis",12683691407.53,"Potensial / Cepat Berkembang"
kabupaten,12,1210,15,2023,0.834,"Non Basis",-18171265860.92,"Relatif Tertinggal"
kabupaten,12,1210,16,2023,0.4184,"Non Basis",-1575067721.74,"Relatif Tertinggal"
kabupaten,12,1210,17,2023,0.1766,"Non Basis",-998923944.34,"Relatif Tertinggal"
kabupaten,12,1210,1,2024,1.2423,Basis,46186866621.8,"Maju dan Tumbuh Cepat"
kabupaten,12,1210,2,2024,0.5906,"Non Basis",4277922.99,"Potensial / Cepat Berkembang"
kabupaten,12,1210,3,2024,1.789,Basis,-135639580839.89,"Maju tapi Tertekan"
kabupaten,12,1210,4,2024,0.5646,"Non Basis",387723850.56,"Potensial / Cepat Berkembang"
kabupaten,12,1210,5,2024,0.3565,"Non Basis",67151596.15,"Potensial / Cepat Berkembang"
kabupaten,12,1210,6,2024,0.5928,"Non Basis",-8162226997.12,"Relatif Tertinggal"
kabupaten,12,1210,7,2024,0.9433,"Non Basis",203496325404.08,"Potensial / Cepat Berkembang"
kabupaten,12,1210,8,2024,0.3734,"Non Basis",-11123639235.07,"Relatif Tertinggal"
kabupaten,12,1210,9,2024,0.5511,"Non Basis",-23929309356.32,"Relatif Tertinggal"
kabupaten,12,1210,10,2024,0.2734,"Non Basis",-7225229935.64,"Relatif Tertinggal"
kabupaten,12,1210,11,2024,0.3785,"Non Basis",-1872415450.68,"Relatif Tertinggal"
kabupaten,12,1210,12,2024,0.5488,"Non Basis",5889288386.51,"Potensial / Cepat Berkembang"
kabupaten,12,1210,13,2024,0.161,"Non Basis",-582582533.36,"Relatif Tertinggal"
kabupaten,12,1210,14,2024,0.8499,"Non Basis",22355229421.86,"Potensial / Cepat Berkembang"
kabupaten,12,1210,15,2024,0.856,"Non Basis",13397714741.41,"Potensial / Cepat Berkembang"
kabupaten,12,1210,16,2024,0.4226,"Non Basis",1141909724.3,"Potensial / Cepat Berkembang"
kabupaten,12,1210,17,2024,0.1766,"Non Basis",15850041.64,"Potensial / Cepat Berkembang"
kabupaten,12,1210,1,2025,1.1989,Basis,-216300845370.38,"Maju tapi Tertekan"
kabupaten,12,1210,2,2025,0.5961,"Non Basis",4395673286.16,"Potensial / Cepat Berkembang"
kabupaten,12,1210,3,2025,1.7937,Basis,127163988414.22,"Maju dan Tumbuh Cepat"
kabupaten,12,1210,4,2025,0.5667,"Non Basis",345332518.56,"Potensial / Cepat Berkembang"
kabupaten,12,1210,5,2025,0.0987,"Non Basis",-7200319470.67,"Relatif Tertinggal"
kabupaten,12,1210,6,2025,0.5859,"Non Basis",-272950751.94,"Relatif Tertinggal"
kabupaten,12,1210,7,2025,0.9427,"Non Basis",56886388899.71,"Potensial / Cepat Berkembang"
kabupaten,12,1210,8,2025,0.5277,"Non Basis",160188176668.55,"Potensial / Cepat Berkembang"
kabupaten,12,1210,9,2025,0.564,"Non Basis",14139186834.55,"Potensial / Cepat Berkembang"
kabupaten,12,1210,10,2025,0.2732,"Non Basis",3047023391.52,"Potensial / Cepat Berkembang"
kabupaten,12,1210,11,2025,0.3821,"Non Basis",6696899369.36,"Potensial / Cepat Berkembang"
kabupaten,12,1210,12,2025,0.5543,"Non Basis",15564078065.92,"Potensial / Cepat Berkembang"
kabupaten,12,1210,13,2025,0.1527,"Non Basis",-1805819971.05,"Relatif Tertinggal"
kabupaten,12,1210,14,2025,0.7866,"Non Basis",-46346317484.44,"Relatif Tertinggal"
kabupaten,12,1210,15,2025,0.85,"Non Basis",2521126686.29,"Potensial / Cepat Berkembang"
kabupaten,12,1210,16,2025,0.4092,"Non Basis",-2473715846.17,"Relatif Tertinggal"
kabupaten,12,1210,17,2025,0.179,"Non Basis",707944697.2,"Potensial / Cepat Berkembang"
kabupaten,12,1211,1,2022,1.7467,Basis,-15413325542.2,"Maju tapi Tertekan"
kabupaten,12,1211,2,2022,0.05,"Non Basis",-1686652.74,"Relatif Tertinggal"
kabupaten,12,1211,3,2022,0.0184,"Non Basis",-52899362.8,"Relatif Tertinggal"
kabupaten,12,1211,4,2022,0.6604,"Non Basis",7908533.18,"Potensial / Cepat Berkembang"
kabupaten,12,1211,5,2022,0.8795,"Non Basis",-58930777.96,"Relatif Tertinggal"
kabupaten,12,1211,6,2022,0.9964,"Non Basis",-18030505763.58,"Relatif Tertinggal"
kabupaten,12,1211,7,2022,0.965,"Non Basis",1064419853.8,"Potensial / Cepat Berkembang"
kabupaten,12,1211,8,2022,0.894,"Non Basis",-12071393914.85,"Relatif Tertinggal"
kabupaten,12,1211,9,2022,1.2836,Basis,-2676358520.85,"Maju tapi Tertekan"
kabupaten,12,1211,10,2022,0.4088,"Non Basis",2962138.34,"Potensial / Cepat Berkembang"
kabupaten,12,1211,11,2022,0.7053,"Non Basis",-1411841622.58,"Relatif Tertinggal"
kabupaten,12,1211,12,2022,0.6214,"Non Basis",-2015495702.57,"Relatif Tertinggal"
kabupaten,12,1211,13,2022,0.065,"Non Basis",-298435736.88,"Relatif Tertinggal"
kabupaten,12,1211,14,2022,2.7989,Basis,8487206856.25,"Maju dan Tumbuh Cepat"
kabupaten,12,1211,15,2022,0.9607,"Non Basis",-6219186.14,"Relatif Tertinggal"
kabupaten,12,1211,16,2022,0.6538,"Non Basis",-210294810.76,"Relatif Tertinggal"
kabupaten,12,1211,17,2022,0.0364,"Non Basis",-103395313.92,"Relatif Tertinggal"
kabupaten,12,1211,1,2023,1.7741,Basis,51619062741.03,"Maju dan Tumbuh Cepat"
kabupaten,12,1211,2,2023,0.0502,"Non Basis",15292921.55,"Potensial / Cepat Berkembang"
kabupaten,12,1211,3,2023,0.0185,"Non Basis",50883147.3,"Potensial / Cepat Berkembang"
kabupaten,12,1211,4,2023,0.6639,"Non Basis",37420029.75,"Potensial / Cepat Berkembang"
kabupaten,12,1211,5,2023,0.8772,"Non Basis",-13955923.84,"Relatif Tertinggal"
kabupaten,12,1211,6,2023,0.9835,"Non Basis",-11353868127.64,"Relatif Tertinggal"
kabupaten,12,1211,7,2023,0.9662,"Non Basis",1962583683.27,"Potensial / Cepat Berkembang"
kabupaten,12,1211,8,2023,0.8691,"Non Basis",-8219695127.48,"Relatif Tertinggal"
kabupaten,12,1211,9,2023,1.259,Basis,-4100891280.19,"Maju tapi Tertekan"
kabupaten,12,1211,10,2023,0.4018,"Non Basis",-1660224731.17,"Relatif Tertinggal"
kabupaten,12,1211,11,2023,0.6973,"Non Basis",-1653531342.5,"Relatif Tertinggal"
kabupaten,12,1211,12,2023,0.6175,"Non Basis",-1144667115.81,"Relatif Tertinggal"
kabupaten,12,1211,13,2023,0.0638,"Non Basis",-78518785.93,"Relatif Tertinggal"
kabupaten,12,1211,14,2023,2.8091,Basis,2445183763.33,"Maju dan Tumbuh Cepat"
kabupaten,12,1211,15,2023,0.9523,"Non Basis",-1266000086.54,"Relatif Tertinggal"
kabupaten,12,1211,16,2023,0.6536,"Non Basis",-4886081.36,"Relatif Tertinggal"
kabupaten,12,1211,17,2023,0.0353,"Non Basis",-44109700.62,"Relatif Tertinggal"
kabupaten,12,1211,1,2024,1.7849,Basis,18764979471.99,"Maju dan Tumbuh Cepat"
kabupaten,12,1211,2,2024,0.0512,"Non Basis",96993333.08,"Potensial / Cepat Berkembang"
kabupaten,12,1211,3,2024,0.0187,"Non Basis",285129901.11,"Potensial / Cepat Berkembang"
kabupaten,12,1211,4,2024,0.6699,"Non Basis",59201666.75,"Potensial / Cepat Berkembang"
kabupaten,12,1211,5,2024,0.8794,"Non Basis",12214568.45,"Potensial / Cepat Berkembang"
kabupaten,12,1211,6,2024,0.9757,"Non Basis",-8105825068.41,"Relatif Tertinggal"
kabupaten,12,1211,7,2024,0.9834,"Non Basis",23317563836.46,"Potensial / Cepat Berkembang"
kabupaten,12,1211,8,2024,0.8576,"Non Basis",-4268288121.51,"Relatif Tertinggal"
kabupaten,12,1211,9,2024,1.1604,Basis,-18874440206.99,"Maju tapi Tertekan"
kabupaten,12,1211,10,2024,0.3872,"Non Basis",-3892187890.65,"Relatif Tertinggal"
kabupaten,12,1211,11,2024,0.697,"Non Basis",-158565532.96,"Relatif Tertinggal"
kabupaten,12,1211,12,2024,0.6118,"Non Basis",-2001972165.3,"Relatif Tertinggal"
kabupaten,12,1211,13,2024,0.0635,"Non Basis",-26118590.49,"Relatif Tertinggal"
kabupaten,12,1211,14,2024,2.8127,Basis,451979795.47,"Maju dan Tumbuh Cepat"
kabupaten,12,1211,15,2024,0.9555,"Non Basis",437709145.95,"Potensial / Cepat Berkembang"
kabupaten,12,1211,16,2024,0.6449,"Non Basis",-652137332.29,"Relatif Tertinggal"
kabupaten,12,1211,17,2024,0.0345,"Non Basis",-30890704.99,"Relatif Tertinggal"
kabupaten,12,1211,1,2025,1.738,Basis,-39909780227.37,"Maju tapi Tertekan"
kabupaten,12,1211,2,2025,0.0514,"Non Basis",87852137.92,"Potensial / Cepat Berkembang"
kabupaten,12,1211,3,2025,0.019,"Non Basis",759962446.39,"Potensial / Cepat Berkembang"
kabupaten,12,1211,4,2025,0.6376,"Non Basis",-241721509.94,"Relatif Tertinggal"
kabupaten,12,1211,5,2025,0.8992,"Non Basis",258808000.13,"Potensial / Cepat Berkembang"
kabupaten,12,1211,6,2025,0.9611,"Non Basis",419065289.13,"Potensial / Cepat Berkembang"
kabupaten,12,1211,7,2025,1.0076,Basis,59264678226.24,"Maju dan Tumbuh Cepat"
kabupaten,12,1211,8,2025,1.1981,Basis,97992934195.09,"Maju dan Tumbuh Cepat"
kabupaten,12,1211,9,2025,1.1773,Basis,6991437419,"Maju dan Tumbuh Cepat"
kabupaten,12,1211,10,2025,0.3679,"Non Basis",-3789069574.41,"Relatif Tertinggal"
kabupaten,12,1211,11,2025,0.6864,"Non Basis",18214148.52,"Potensial / Cepat Berkembang"
kabupaten,12,1211,12,2025,0.582,"Non Basis",-7317900849.61,"Relatif Tertinggal"
kabupaten,12,1211,13,2025,0.0643,"Non Basis",140411168.64,"Potensial / Cepat Berkembang"
kabupaten,12,1211,14,2025,2.7864,Basis,4006518020.46,"Maju dan Tumbuh Cepat"
kabupaten,12,1211,15,2025,0.9482,"Non Basis",1286932147.98,"Potensial / Cepat Berkembang"
kabupaten,12,1211,16,2025,0.6306,"Non Basis",-345787268.88,"Relatif Tertinggal"
kabupaten,12,1211,17,2025,0.0454,"Non Basis",501253955.43,"Potensial / Cepat Berkembang"
kabupaten,12,1212,1,2022,1.2394,Basis,-33128878637.17,"Maju tapi Tertekan"
kabupaten,12,1212,2,2022,0.2393,"Non Basis",385607440.28,"Potensial / Cepat Berkembang"
kabupaten,12,1212,3,2022,0.613,"Non Basis",21786267359.69,"Potensial / Cepat Berkembang"
kabupaten,12,1212,4,2022,0.6302,"Non Basis",25633017.29,"Potensial / Cepat Berkembang"
kabupaten,12,1212,5,2022,0.5014,"Non Basis",89976763.87,"Potensial / Cepat Berkembang"
kabupaten,12,1212,6,2022,1.1191,Basis,22694881351.51,"Maju dan Tumbuh Cepat"
kabupaten,12,1212,7,2022,0.9385,"Non Basis",-4628297058.84,"Relatif Tertinggal"
kabupaten,12,1212,8,2022,0.6941,"Non Basis",-12170316215.45,"Relatif Tertinggal"
kabupaten,12,1212,9,2022,1.3028,Basis,-5910331980.26,"Maju tapi Tertekan"
kabupaten,12,1212,10,2022,0.5032,"Non Basis",-1189108694.89,"Relatif Tertinggal"
kabupaten,12,1212,11,2022,0.6035,"Non Basis",-327573495.72,"Relatif Tertinggal"
kabupaten,12,1212,12,2022,0.67,"Non Basis",-2384779818.39,"Relatif Tertinggal"
kabupaten,12,1212,13,2022,0.926,"Non Basis",-2122238373.2,"Relatif Tertinggal"
kabupaten,12,1212,14,2022,2.8396,Basis,6317310914.94,"Maju dan Tumbuh Cepat"
kabupaten,12,1212,15,2022,1.4073,Basis,-2472789870.8,"Maju tapi Tertekan"
kabupaten,12,1212,16,2022,0.8731,"Non Basis",-1325684239.05,"Relatif Tertinggal"
kabupaten,12,1212,17,2022,0.2955,"Non Basis",-365387245.02,"Relatif Tertinggal"
kabupaten,12,1212,1,2023,1.2294,Basis,-17167709937.54,"Maju tapi Tertekan"
kabupaten,12,1212,2,2023,0.2474,"Non Basis",610575310.97,"Potensial / Cepat Berkembang"
kabupaten,12,1212,3,2023,0.623,"Non Basis",10092508043.78,"Potensial / Cepat Berkembang"
kabupaten,12,1212,4,2023,0.6692,"Non Basis",334248430.83,"Potensial / Cepat Berkembang"
kabupaten,12,1212,5,2023,0.5294,"Non Basis",165622708.04,"Potensial / Cepat Berkembang"
kabupaten,12,1212,6,2023,1.1458,Basis,19911487075.04,"Maju dan Tumbuh Cepat"
kabupaten,12,1212,7,2023,0.9588,"Non Basis",22409694694.44,"Potensial / Cepat Berkembang"
kabupaten,12,1212,8,2023,0.6684,"Non Basis",-7424277775.74,"Relatif Tertinggal"
kabupaten,12,1212,9,2023,1.2735,Basis,-4355468621.22,"Maju tapi Tertekan"
kabupaten,12,1212,10,2023,0.5053,"Non Basis",359619457.49,"Potensial / Cepat Berkembang"
kabupaten,12,1212,11,2023,0.604,"Non Basis",13650773.41,"Potensial / Cepat Berkembang"
kabupaten,12,1212,12,2023,0.6827,"Non Basis",3206352328.91,"Potensial / Cepat Berkembang"
kabupaten,12,1212,13,2023,0.9196,"Non Basis",-394287375.75,"Relatif Tertinggal"
kabupaten,12,1212,14,2023,2.8023,Basis,-7411355690.38,"Maju tapi Tertekan"
kabupaten,12,1212,15,2023,1.3532,Basis,-7286645815.58,"Maju tapi Tertekan"
kabupaten,12,1212,16,2023,0.846,"Non Basis",-1612858475.61,"Relatif Tertinggal"
kabupaten,12,1212,17,2023,0.2868,"Non Basis",-297399076.83,"Relatif Tertinggal"
kabupaten,12,1212,1,2024,1.2189,Basis,-20637756526.06,"Maju tapi Tertekan"
kabupaten,12,1212,2,2024,0.2487,"Non Basis",73383061.19,"Potensial / Cepat Berkembang"
kabupaten,12,1212,3,2024,0.6445,"Non Basis",22556034747.72,"Potensial / Cepat Berkembang"
kabupaten,12,1212,4,2024,0.698,"Non Basis",245106302.38,"Potensial / Cepat Berkembang"
kabupaten,12,1212,5,2024,0.5482,"Non Basis",109064754.37,"Potensial / Cepat Berkembang"
kabupaten,12,1212,6,2024,1.1381,Basis,-7964604707.53,"Maju tapi Tertekan"
kabupaten,12,1212,7,2024,0.9734,"Non Basis",15311511473.28,"Potensial / Cepat Berkembang"
kabupaten,12,1212,8,2024,0.6614,"Non Basis",-2462058617.88,"Relatif Tertinggal"
kabupaten,12,1212,9,2024,1.1903,Basis,-13776666144.89,"Maju tapi Tertekan"
kabupaten,12,1212,10,2024,0.5041,"Non Basis",-470344924.54,"Relatif Tertinggal"
kabupaten,12,1212,11,2024,0.6069,"Non Basis",329785029.16,"Potensial / Cepat Berkembang"
kabupaten,12,1212,12,2024,0.6763,"Non Basis",-2098822065.37,"Relatif Tertinggal"
kabupaten,12,1212,13,2024,0.9108,"Non Basis",-617837742.92,"Relatif Tertinggal"
kabupaten,12,1212,14,2024,2.8024,Basis,-985941017.93,"Maju tapi Tertekan"
kabupaten,12,1212,15,2024,1.3307,Basis,-3488118428.53,"Maju tapi Tertekan"
kabupaten,12,1212,16,2024,0.8486,"Non Basis",67238021.98,"Potensial / Cepat Berkembang"
kabupaten,12,1212,17,2024,0.2778,"Non Basis",-338388255.4,"Relatif Tertinggal"
kabupaten,12,1212,1,2025,1.2,Basis,-9418706698.22,"Maju tapi Tertekan"
kabupaten,12,1212,2,2025,0.2522,"Non Basis",511544005.08,"Potensial / Cepat Berkembang"
kabupaten,12,1212,3,2025,0.6032,"Non Basis",-39597170761.62,"Relatif Tertinggal"
kabupaten,12,1212,4,2025,0.6898,"Non Basis",-4946271.27,"Relatif Tertinggal"
kabupaten,12,1212,5,2025,0.5335,"Non Basis",-56992932.21,"Relatif Tertinggal"
kabupaten,12,1212,6,2025,1.1257,Basis,66920838.76,"Maju dan Tumbuh Cepat"
kabupaten,12,1212,7,2025,1.0059,Basis,55149514346.22,"Maju dan Tumbuh Cepat"
kabupaten,12,1212,8,2025,0.899,"Non Basis",57335439641.03,"Potensial / Cepat Berkembang"
kabupaten,12,1212,9,2025,1.2385,Basis,10437098181.84,"Maju dan Tumbuh Cepat"
kabupaten,12,1212,10,2025,0.4989,"Non Basis",77046639.92,"Potensial / Cepat Berkembang"
kabupaten,12,1212,11,2025,0.6128,"Non Basis",2457716076.89,"Potensial / Cepat Berkembang"
kabupaten,12,1212,12,2025,0.6494,"Non Basis",-5909205729.28,"Relatif Tertinggal"
kabupaten,12,1212,13,2025,0.8467,"Non Basis",-3549672102.05,"Relatif Tertinggal"
kabupaten,12,1212,14,2025,2.7877,Basis,3237912165.65,"Maju dan Tumbuh Cepat"
kabupaten,12,1212,15,2025,1.3093,Basis,-985365766.9,"Maju tapi Tertekan"
kabupaten,12,1212,16,2025,0.8174,"Non Basis",-1469505425.6,"Relatif Tertinggal"
kabupaten,12,1212,17,2025,0.2766,"Non Basis",67182178.49,"Potensial / Cepat Berkembang"
kabupaten,12,1213,1,2022,1.94,Basis,31779181790.01,"Maju dan Tumbuh Cepat"
kabupaten,12,1213,2,2022,0.5981,"Non Basis",1089234413.48,"Potensial / Cepat Berkembang"
kabupaten,12,1213,3,2022,0.5799,"Non Basis",14684710618.01,"Potensial / Cepat Berkembang"
kabupaten,12,1213,4,2022,0.6359,"Non Basis",-95237032.91,"Relatif Tertinggal"
kabupaten,12,1213,5,2022,0.2002,"Non Basis",28612136.82,"Potensial / Cepat Berkembang"
kabupaten,12,1213,6,2022,0.9157,"Non Basis",-17831527642.04,"Relatif Tertinggal"
kabupaten,12,1213,7,2022,0.6586,"Non Basis",-28113364759.18,"Relatif Tertinggal"
kabupaten,12,1213,8,2022,0.4133,"Non Basis",-9333092557.98,"Relatif Tertinggal"
kabupaten,12,1213,9,2022,0.3313,"Non Basis",-401847848.76,"Relatif Tertinggal"
kabupaten,12,1213,10,2022,0.277,"Non Basis",-969413241.2,"Relatif Tertinggal"
kabupaten,12,1213,11,2022,0.5349,"Non Basis",1828286608.64,"Potensial / Cepat Berkembang"
kabupaten,12,1213,12,2022,0.4827,"Non Basis",-1751343114.13,"Relatif Tertinggal"
kabupaten,12,1213,13,2022,0.1107,"Non Basis",-324133896.54,"Relatif Tertinggal"
kabupaten,12,1213,14,2022,1.9617,Basis,3978173481.76,"Maju dan Tumbuh Cepat"
kabupaten,12,1213,15,2022,0.6011,"Non Basis",-1339688676.74,"Relatif Tertinggal"
kabupaten,12,1213,16,2022,0.8862,"Non Basis",-2150106636.19,"Relatif Tertinggal"
kabupaten,12,1213,17,2022,0.065,"Non Basis",-66510111.63,"Relatif Tertinggal"
kabupaten,12,1213,1,2023,1.968,Basis,70947830741.48,"Maju dan Tumbuh Cepat"
kabupaten,12,1213,2,2023,0.6194,"Non Basis",2727594165.42,"Potensial / Cepat Berkembang"
kabupaten,12,1213,3,2023,0.5895,"Non Basis",16519796922.11,"Potensial / Cepat Berkembang"
kabupaten,12,1213,4,2023,0.6372,"Non Basis",11599646.86,"Potensial / Cepat Berkembang"
kabupaten,12,1213,5,2023,0.2045,"Non Basis",42785260.93,"Potensial / Cepat Berkembang"
kabupaten,12,1213,6,2023,0.9104,"Non Basis",-7759277031.25,"Relatif Tertinggal"
kabupaten,12,1213,7,2023,0.6596,"Non Basis",961726469.31,"Potensial / Cepat Berkembang"
kabupaten,12,1213,8,2023,0.3925,"Non Basis",-10163326505.03,"Relatif Tertinggal"
kabupaten,12,1213,9,2023,0.331,"Non Basis",-126584623.15,"Relatif Tertinggal"
kabupaten,12,1213,10,2023,0.2741,"Non Basis",-1079651172.49,"Relatif Tertinggal"
kabupaten,12,1213,11,2023,0.516,"Non Basis",-5910319216.11,"Relatif Tertinggal"
kabupaten,12,1213,12,2023,0.4838,"Non Basis",308215720.76,"Potensial / Cepat Berkembang"
kabupaten,12,1213,13,2023,0.108,"Non Basis",-260609649.96,"Relatif Tertinggal"
kabupaten,12,1213,14,2023,2.0087,Basis,14575045568.07,"Maju dan Tumbuh Cepat"
kabupaten,12,1213,15,2023,0.5988,"Non Basis",-622064964.85,"Relatif Tertinggal"
kabupaten,12,1213,16,2023,0.8855,"Non Basis",-138031854.51,"Relatif Tertinggal"
kabupaten,12,1213,17,2023,0.0634,"Non Basis",-90221975.66,"Relatif Tertinggal"
kabupaten,12,1213,1,2024,1.9754,Basis,10035747328.61,"Maju dan Tumbuh Cepat"
kabupaten,12,1213,2,2024,0.6358,"Non Basis",2069665841.57,"Potensial / Cepat Berkembang"
kabupaten,12,1213,3,2024,0.593,"Non Basis",4489715222.45,"Potensial / Cepat Berkembang"
kabupaten,12,1213,4,2024,0.6583,"Non Basis",299499502.82,"Potensial / Cepat Berkembang"
kabupaten,12,1213,5,2024,0.2065,"Non Basis",16894223.68,"Potensial / Cepat Berkembang"
kabupaten,12,1213,6,2024,0.8971,"Non Basis",-20885133454.18,"Relatif Tertinggal"
kabupaten,12,1213,7,2024,0.679,"Non Basis",36596143034.26,"Potensial / Cepat Berkembang"
kabupaten,12,1213,8,2024,0.3936,"Non Basis",179446328.5,"Potensial / Cepat Berkembang"
kabupaten,12,1213,9,2024,0.3227,"Non Basis",-2448870687.61,"Relatif Tertinggal"
kabupaten,12,1213,10,2024,0.2715,"Non Basis",-1180992124.16,"Relatif Tertinggal"
kabupaten,12,1213,11,2024,0.48,"Non Basis",-11708529336.82,"Relatif Tertinggal"
kabupaten,12,1213,12,2024,0.4833,"Non Basis",-641500178.75,"Relatif Tertinggal"
kabupaten,12,1213,13,2024,0.1088,"Non Basis",61767150.55,"Potensial / Cepat Berkembang"
kabupaten,12,1213,14,2024,2.0411,Basis,9709664302.08,"Maju dan Tumbuh Cepat"
kabupaten,12,1213,15,2024,0.5963,"Non Basis",-877374526.38,"Relatif Tertinggal"
kabupaten,12,1213,16,2024,0.8875,"Non Basis",27426181.43,"Potensial / Cepat Berkembang"
kabupaten,12,1213,17,2024,0.0648,"Non Basis",73945723,"Potensial / Cepat Berkembang"
kabupaten,12,1213,1,2025,1.9406,Basis,-22810615071.17,"Maju tapi Tertekan"
kabupaten,12,1213,2,2025,0.6488,"Non Basis",3040692793.91,"Potensial / Cepat Berkembang"
kabupaten,12,1213,3,2025,0.5884,"Non Basis",6868750562.67,"Potensial / Cepat Berkembang"
kabupaten,12,1213,4,2025,1.6639,Basis,16031755407.46,"Maju dan Tumbuh Cepat"
kabupaten,12,1213,5,2025,0.191,"Non Basis",-142450834.6,"Relatif Tertinggal"
kabupaten,12,1213,6,2025,0.8841,"Non Basis",-1019626485.79,"Relatif Tertinggal"
kabupaten,12,1213,7,2025,0.6687,"Non Basis",-2160189344.97,"Relatif Tertinggal"
kabupaten,12,1213,8,2025,0.5633,"Non Basis",69817564400.65,"Potensial / Cepat Berkembang"
kabupaten,12,1213,9,2025,0.3292,"Non Basis",3175739873.71,"Potensial / Cepat Berkembang"
kabupaten,12,1213,10,2025,0.2705,"Non Basis",1109194319.93,"Potensial / Cepat Berkembang"
kabupaten,12,1213,11,2025,0.4478,"Non Basis",-8507984072.6,"Relatif Tertinggal"
kabupaten,12,1213,12,2025,0.4732,"Non Basis",-1810119701.08,"Relatif Tertinggal"
kabupaten,12,1213,13,2025,0.1013,"Non Basis",-676437837.54,"Relatif Tertinggal"
kabupaten,12,1213,14,2025,2.1145,Basis,34648777826.31,"Maju dan Tumbuh Cepat"
kabupaten,12,1213,15,2025,0.5829,"Non Basis",-1306554649.58,"Relatif Tertinggal"
kabupaten,12,1213,16,2025,0.8349,"Non Basis",-4609021483.07,"Relatif Tertinggal"
kabupaten,12,1213,17,2025,0.0672,"Non Basis",208217589.86,"Potensial / Cepat Berkembang"
kabupaten,12,1214,1,2022,1.8182,Basis,-35160805777.89,"Maju tapi Tertekan"
kabupaten,12,1214,2,2022,4.9252,Basis,1814847795.12,"Maju dan Tumbuh Cepat"
kabupaten,12,1214,3,2022,0.0092,"Non Basis",-28948009.76,"Relatif Tertinggal"
kabupaten,12,1214,4,2022,0.6104,"Non Basis",-10870050.2,"Relatif Tertinggal"
kabupaten,12,1214,5,2022,0.2626,"Non Basis",-4702703.68,"Relatif Tertinggal"
kabupaten,12,1214,6,2022,1.0306,Basis,-3882550615.67,"Maju tapi Tertekan"
kabupaten,12,1214,7,2022,0.4734,"Non Basis",-5509532326.83,"Relatif Tertinggal"
kabupaten,12,1214,8,2022,0.8094,"Non Basis",-11354354771.74,"Relatif Tertinggal"
kabupaten,12,1214,9,2022,0.9316,"Non Basis",-321138594.12,"Relatif Tertinggal"
kabupaten,12,1214,10,2022,0.3438,"Non Basis",-340550241.31,"Relatif Tertinggal"
kabupaten,12,1214,11,2022,0.4915,"Non Basis",-1742040562.02,"Relatif Tertinggal"
kabupaten,12,1214,12,2022,1.0367,Basis,-7603154634.12,"Maju tapi Tertekan"
kabupaten,12,1214,13,2022,0.0388,"Non Basis",-92528454.08,"Relatif Tertinggal"
kabupaten,12,1214,14,2022,2.7595,Basis,3298290657.83,"Maju dan Tumbuh Cepat"
kabupaten,12,1214,15,2022,1.3275,Basis,-1796002351.72,"Maju tapi Tertekan"
kabupaten,12,1214,16,2022,0.9212,"Non Basis",-392215911.77,"Relatif Tertinggal"
kabupaten,12,1214,17,2022,0.2393,"Non Basis",-213176243.77,"Relatif Tertinggal"
kabupaten,12,1214,1,2023,1.8361,Basis,-6842009709.8,"Maju tapi Tertekan"
kabupaten,12,1214,2,2023,5.001,Basis,663274818.41,"Maju dan Tumbuh Cepat"
kabupaten,12,1214,3,2023,0.0093,"Non Basis",-16449684.57,"Relatif Tertinggal"
kabupaten,12,1214,4,2023,0.6299,"Non Basis",74971277.23,"Potensial / Cepat Berkembang"
kabupaten,12,1214,5,2023,0.2653,"Non Basis",-3519746.12,"Relatif Tertinggal"
kabupaten,12,1214,6,2023,1.027,Basis,-9819100231.73,"Maju tapi Tertekan"
kabupaten,12,1214,7,2023,0.477,"Non Basis",-2207819396.69,"Relatif Tertinggal"
kabupaten,12,1214,8,2023,0.7597,"Non Basis",-12831246672.63,"Relatif Tertinggal"
kabupaten,12,1214,9,2023,0.9031,"Non Basis",-4401396002.28,"Relatif Tertinggal"
kabupaten,12,1214,10,2023,0.3408,"Non Basis",-1157110787.05,"Relatif Tertinggal"
kabupaten,12,1214,11,2023,0.4975,"Non Basis",-49674541.73,"Relatif Tertinggal"
kabupaten,12,1214,12,2023,1.0574,Basis,1421961454.07,"Maju dan Tumbuh Cepat"
kabupaten,12,1214,13,2023,0.0388,"Non Basis",-23533362.73,"Relatif Tertinggal"
kabupaten,12,1214,14,2023,2.8519,Basis,7967493706.05,"Maju dan Tumbuh Cepat"
kabupaten,12,1214,15,2023,1.2944,Basis,-5002250436.05,"Maju tapi Tertekan"
kabupaten,12,1214,16,2023,0.9282,"Non Basis",-218928966.17,"Relatif Tertinggal"
kabupaten,12,1214,17,2023,0.2342,"Non Basis",-206755675.93,"Relatif Tertinggal"
kabupaten,12,1214,1,2024,1.8442,Basis,-15931234978.55,"Maju tapi Tertekan"
kabupaten,12,1214,2,2024,5.0915,Basis,1928126430.55,"Maju dan Tumbuh Cepat"
kabupaten,12,1214,3,2024,0.0093,"Non Basis",-79704653.94,"Relatif Tertinggal"
kabupaten,12,1214,4,2024,0.654,"Non Basis",110773237.37,"Potensial / Cepat Berkembang"
kabupaten,12,1214,5,2024,0.2661,"Non Basis",-10382631.64,"Relatif Tertinggal"
kabupaten,12,1214,6,2024,1.0145,Basis,-14800420330.32,"Maju tapi Tertekan"
kabupaten,12,1214,7,2024,0.4844,"Non Basis",1602555382.16,"Potensial / Cepat Berkembang"
kabupaten,12,1214,8,2024,0.7518,"Non Basis",-3740202722.36,"Relatif Tertinggal"
kabupaten,12,1214,9,2024,0.8534,"Non Basis",-7197766427.57,"Relatif Tertinggal"
kabupaten,12,1214,10,2024,0.3405,"Non Basis",-696314895.87,"Relatif Tertinggal"
kabupaten,12,1214,11,2024,0.4997,"Non Basis",-498080595.97,"Relatif Tertinggal"
kabupaten,12,1214,12,2024,1.0574,Basis,-2523184326.76,"Maju tapi Tertekan"
kabupaten,12,1214,13,2024,0.038,"Non Basis",-53675368.77,"Relatif Tertinggal"
kabupaten,12,1214,14,2024,2.8753,Basis,-1434796029.58,"Maju tapi Tertekan"
kabupaten,12,1214,15,2024,1.2762,Basis,-3442204542.87,"Maju tapi Tertekan"
kabupaten,12,1214,16,2024,0.9521,"Non Basis",598214500.72,"Potensial / Cepat Berkembang"
kabupaten,12,1214,17,2024,0.233,"Non Basis",-104487298.83,"Relatif Tertinggal"
kabupaten,12,1214,1,2025,1.8144,Basis,-35865585510.14,"Maju tapi Tertekan"
kabupaten,12,1214,2,2025,5.1755,Basis,5329550758.55,"Maju dan Tumbuh Cepat"
kabupaten,12,1214,3,2025,0.0092,"Non Basis",-15222869.33,"Relatif Tertinggal"
kabupaten,12,1214,4,2025,0.656,"Non Basis",17529285.62,"Potensial / Cepat Berkembang"
kabupaten,12,1214,5,2025,0.2587,"Non Basis",-34542097.61,"Relatif Tertinggal"
kabupaten,12,1214,6,2025,1.0117,Basis,-1176543504,"Maju tapi Tertekan"
kabupaten,12,1214,7,2025,0.485,"Non Basis",949810325.9,"Potensial / Cepat Berkembang"
kabupaten,12,1214,8,2025,1.0513,Basis,51626599436.66,"Maju dan Tumbuh Cepat"
kabupaten,12,1214,9,2025,0.8996,"Non Basis",5865653298.35,"Potensial / Cepat Berkembang"
kabupaten,12,1214,10,2025,0.3346,"Non Basis",-995280656.64,"Relatif Tertinggal"
kabupaten,12,1214,11,2025,0.4928,"Non Basis",-925637688.86,"Relatif Tertinggal"
kabupaten,12,1214,12,2025,1.007,Basis,-11032421822.87,"Maju tapi Tertekan"
kabupaten,12,1214,13,2025,0.0352,"Non Basis",-133390331.83,"Relatif Tertinggal"
kabupaten,12,1214,14,2025,2.8642,Basis,-1279094404.39,"Maju tapi Tertekan"
kabupaten,12,1214,15,2025,1.2552,Basis,-2153970227.87,"Maju tapi Tertekan"
kabupaten,12,1214,16,2025,0.9167,"Non Basis",-1703889991.14,"Relatif Tertinggal"
kabupaten,12,1214,17,2025,0.2351,"Non Basis",62913355.5,"Potensial / Cepat Berkembang"
kabupaten,12,1215,1,2022,2.3169,Basis,-3314074003.48,"Maju tapi Tertekan"
kabupaten,12,1215,2,2022,0.0339,"Non Basis",60672.59,"Potensial / Cepat Berkembang"
kabupaten,12,1215,3,2022,0.009,"Non Basis",2250040.85,"Potensial / Cepat Berkembang"
kabupaten,12,1215,4,2022,1.8225,Basis,-20638594.53,"Maju tapi Tertekan"
kabupaten,12,1215,5,2022,0.6448,"Non Basis",7865338.54,"Potensial / Cepat Berkembang"
kabupaten,12,1215,6,2022,0.7094,"Non Basis",917341512.48,"Potensial / Cepat Berkembang"
kabupaten,12,1215,7,2022,0.6286,"Non Basis",151929889.05,"Potensial / Cepat Berkembang"
kabupaten,12,1215,8,2022,0.4774,"Non Basis",-799292021.35,"Relatif Tertinggal"
kabupaten,12,1215,9,2022,1.0389,Basis,-1692721.65,"Maju tapi Tertekan"
kabupaten,12,1215,10,2022,0.2851,"Non Basis",-298499337.69,"Relatif Tertinggal"
kabupaten,12,1215,11,2022,0.2829,"Non Basis",-76894482.06,"Relatif Tertinggal"
kabupaten,12,1215,12,2022,0.3035,"Non Basis",-268904768.77,"Relatif Tertinggal"
kabupaten,12,1215,13,2022,0.0185,"Non Basis",-2287406.34,"Relatif Tertinggal"
kabupaten,12,1215,14,2022,3.1874,Basis,618872246.4,"Maju dan Tumbuh Cepat"
kabupaten,12,1215,15,2022,0.6396,"Non Basis",-37316096.7,"Relatif Tertinggal"
kabupaten,12,1215,16,2022,0.3922,"Non Basis",-66004265.45,"Relatif Tertinggal"
kabupaten,12,1215,17,2022,0.0402,"Non Basis",-5700889.62,"Relatif Tertinggal"
kabupaten,12,1215,1,2023,2.3445,Basis,7233808757.37,"Maju dan Tumbuh Cepat"
kabupaten,12,1215,2,2023,0.0352,"Non Basis",16224712.19,"Potensial / Cepat Berkembang"
kabupaten,12,1215,3,2023,0.009,"Non Basis",502380.77,"Potensial / Cepat Berkembang"
kabupaten,12,1215,4,2023,1.8792,Basis,78290420.5,"Maju dan Tumbuh Cepat"
kabupaten,12,1215,5,2023,0.7124,"Non Basis",63240126.94,"Potensial / Cepat Berkembang"
kabupaten,12,1215,6,2023,0.7454,"Non Basis",4358012456.23,"Potensial / Cepat Berkembang"
kabupaten,12,1215,7,2023,0.6458,"Non Basis",3139778500.52,"Potensial / Cepat Berkembang"
kabupaten,12,1215,8,2023,0.4523,"Non Basis",-1083448965.34,"Relatif Tertinggal"
kabupaten,12,1215,9,2023,1.0466,Basis,193487947.16,"Maju dan Tumbuh Cepat"
kabupaten,12,1215,10,2023,0.2805,"Non Basis",-140027101.81,"Relatif Tertinggal"
kabupaten,12,1215,11,2023,0.269,"Non Basis",-380238404.8,"Relatif Tertinggal"
kabupaten,12,1215,12,2023,0.3023,"Non Basis",-40946859.65,"Relatif Tertinggal"
kabupaten,12,1215,13,2023,0.0173,"Non Basis",-10019357.68,"Relatif Tertinggal"
kabupaten,12,1215,14,2023,3.0731,Basis,-3253214264.73,"Maju tapi Tertekan"
kabupaten,12,1215,15,2023,0.6122,"Non Basis",-549113128.45,"Relatif Tertinggal"
kabupaten,12,1215,16,2023,0.3903,"Non Basis",-13205645.54,"Relatif Tertinggal"
kabupaten,12,1215,17,2023,0.0386,"Non Basis",-8000643.6,"Relatif Tertinggal"
kabupaten,12,1215,1,2024,2.3468,Basis,508874051.52,"Maju dan Tumbuh Cepat"
kabupaten,12,1215,2,2024,0.0347,"Non Basis",-6892923.1,"Relatif Tertinggal"
kabupaten,12,1215,3,2024,0.0088,"Non Basis",-38403113.99,"Relatif Tertinggal"
kabupaten,12,1215,4,2024,1.8741,Basis,-7298641.03,"Maju tapi Tertekan"
kabupaten,12,1215,5,2024,0.7264,"Non Basis",13149128.67,"Potensial / Cepat Berkembang"
kabupaten,12,1215,6,2024,0.7383,"Non Basis",-906759334.5,"Relatif Tertinggal"
kabupaten,12,1215,7,2024,0.6673,"Non Basis",3947416946.78,"Potensial / Cepat Berkembang"
kabupaten,12,1215,8,2024,0.4454,"Non Basis",-327557723.35,"Relatif Tertinggal"
kabupaten,12,1215,9,2024,1.001,Basis,-1142135568.72,"Maju tapi Tertekan"
kabupaten,12,1215,10,2024,0.2757,"Non Basis",-165691988.74,"Relatif Tertinggal"
kabupaten,12,1215,11,2024,0.26,"Non Basis",-260052521.45,"Relatif Tertinggal"
kabupaten,12,1215,12,2024,0.2915,"Non Basis",-463684581.71,"Relatif Tertinggal"
kabupaten,12,1215,13,2024,0.0164,"Non Basis",-7700187.31,"Relatif Tertinggal"
kabupaten,12,1215,14,2024,3.1633,Basis,2782473879.65,"Maju dan Tumbuh Cepat"
kabupaten,12,1215,15,2024,0.5984,"Non Basis",-300339967.03,"Relatif Tertinggal"
kabupaten,12,1215,16,2024,0.3966,"Non Basis",59198495.99,"Potensial / Cepat Berkembang"
kabupaten,12,1215,17,2024,0.0398,"Non Basis",6922200.72,"Potensial / Cepat Berkembang"
kabupaten,12,1215,1,2025,2.2852,Basis,-1513965754.38,"Maju tapi Tertekan"
kabupaten,12,1215,2,2025,0.0341,"Non Basis",2686629.26,"Potensial / Cepat Berkembang"
kabupaten,12,1215,3,2025,0.0089,"Non Basis",57373648.79,"Potensial / Cepat Berkembang"
kabupaten,12,1215,4,2025,1.8257,Basis,-5284093.53,"Maju tapi Tertekan"
kabupaten,12,1215,5,2025,0.6969,"Non Basis",-12507477.15,"Relatif Tertinggal"
kabupaten,12,1215,6,2025,0.7664,"Non Basis",5921808523.56,"Potensial / Cepat Berkembang"
kabupaten,12,1215,7,2025,0.6717,"Non Basis",4085780797.72,"Potensial / Cepat Berkembang"
kabupaten,12,1215,8,2025,0.608,"Non Basis",6373036554.36,"Potensial / Cepat Berkembang"
kabupaten,12,1215,9,2025,0.9493,"Non Basis",-743889595.46,"Relatif Tertinggal"
kabupaten,12,1215,10,2025,0.2655,"Non Basis",-138234801.52,"Relatif Tertinggal"
kabupaten,12,1215,11,2025,0.2468,"Non Basis",-213201263.48,"Relatif Tertinggal"
kabupaten,12,1215,12,2025,0.2659,"Non Basis",-888572661.36,"Relatif Tertinggal"
kabupaten,12,1215,13,2025,0.0155,"Non Basis",-5667801.07,"Relatif Tertinggal"
kabupaten,12,1215,14,2025,3.3029,Basis,6783922976.29,"Maju dan Tumbuh Cepat"
kabupaten,12,1215,15,2025,0.595,"Non Basis",250884846.45,"Potensial / Cepat Berkembang"
kabupaten,12,1215,16,2025,0.3745,"Non Basis",-133599314.2,"Relatif Tertinggal"
kabupaten,12,1215,17,2025,0.0376,"Non Basis",-7395951.59,"Relatif Tertinggal"
kabupaten,12,1216,1,2022,1.7105,Basis,-30350876494.81,"Maju tapi Tertekan"
kabupaten,12,1216,2,2022,0.5111,"Non Basis",806138682.63,"Potensial / Cepat Berkembang"
kabupaten,12,1216,3,2022,0.088,"Non Basis",918635829.38,"Potensial / Cepat Berkembang"
kabupaten,12,1216,4,2022,0.6847,"Non Basis",-9630507.53,"Relatif Tertinggal"
kabupaten,12,1216,5,2022,0.6647,"Non Basis",8893311.96,"Potensial / Cepat Berkembang"
kabupaten,12,1216,6,2022,1.1038,Basis,10837215899.92,"Maju dan Tumbuh Cepat"
kabupaten,12,1216,7,2022,0.9022,"Non Basis",-2196036043.81,"Relatif Tertinggal"
kabupaten,12,1216,8,2022,0.6064,"Non Basis",-4058347859.14,"Relatif Tertinggal"
kabupaten,12,1216,9,2022,1.5541,Basis,-256567807.44,"Maju tapi Tertekan"
kabupaten,12,1216,10,2022,0.3949,"Non Basis",-752158437.24,"Relatif Tertinggal"
kabupaten,12,1216,11,2022,0.3947,"Non Basis",313190322.85,"Potensial / Cepat Berkembang"
kabupaten,12,1216,12,2022,0.6599,"Non Basis",318726120.13,"Potensial / Cepat Berkembang"
kabupaten,12,1216,13,2022,0.1352,"Non Basis",-183224300.06,"Relatif Tertinggal"
kabupaten,12,1216,14,2022,3.1649,Basis,6315517817.41,"Maju dan Tumbuh Cepat"
kabupaten,12,1216,15,2022,0.4891,"Non Basis",-11800607.53,"Relatif Tertinggal"
kabupaten,12,1216,16,2022,0.6823,"Non Basis",56224961.12,"Potensial / Cepat Berkembang"
kabupaten,12,1216,17,2022,0.3253,"Non Basis",-40122892.12,"Relatif Tertinggal"
kabupaten,12,1216,1,2023,1.72,Basis,-818315712.87,"Maju tapi Tertekan"
kabupaten,12,1216,2,2023,0.5251,"Non Basis",626170052.62,"Potensial / Cepat Berkembang"
kabupaten,12,1216,3,2023,0.0887,"Non Basis",148419838.09,"Potensial / Cepat Berkembang"
kabupaten,12,1216,4,2023,0.7053,"Non Basis",106100596.22,"Potensial / Cepat Berkembang"
kabupaten,12,1216,5,2023,0.6746,"Non Basis",26489598.03,"Potensial / Cepat Berkembang"
kabupaten,12,1216,6,2023,1.0898,Basis,-11752003068.58,"Maju tapi Tertekan"
kabupaten,12,1216,7,2023,0.9106,"Non Basis",2475845568.62,"Potensial / Cepat Berkembang"
kabupaten,12,1216,8,2023,0.5886,"Non Basis",-4517847665.84,"Relatif Tertinggal"
kabupaten,12,1216,9,2023,1.5355,Basis,-2991090483.91,"Maju tapi Tertekan"
kabupaten,12,1216,10,2023,0.3813,"Non Basis",-2448124677.93,"Relatif Tertinggal"
kabupaten,12,1216,11,2023,0.3798,"Non Basis",-2306634603.94,"Relatif Tertinggal"
kabupaten,12,1216,12,2023,0.6661,"Non Basis",437186514.97,"Potensial / Cepat Berkembang"
kabupaten,12,1216,13,2023,0.1265,"Non Basis",-394685262.01,"Relatif Tertinggal"
kabupaten,12,1216,14,2023,3.3067,Basis,17205532721.32,"Maju dan Tumbuh Cepat"
kabupaten,12,1216,15,2023,0.4812,"Non Basis",-1073546970.28,"Relatif Tertinggal"
kabupaten,12,1216,16,2023,0.6591,"Non Basis",-1182982416.7,"Relatif Tertinggal"
kabupaten,12,1216,17,2023,0.3227,"Non Basis",-114867307.36,"Relatif Tertinggal"
kabupaten,12,1216,1,2024,1.7264,Basis,2911820275.95,"Maju dan Tumbuh Cepat"
kabupaten,12,1216,2,2024,0.5166,"Non Basis",-578648426.61,"Relatif Tertinggal"
kabupaten,12,1216,3,2024,0.0879,"Non Basis",-797887487.27,"Relatif Tertinggal"
kabupaten,12,1216,4,2024,0.7204,"Non Basis",88755622.9,"Potensial / Cepat Berkembang"
kabupaten,12,1216,5,2024,0.6659,"Non Basis",-46594869.69,"Relatif Tertinggal"
kabupaten,12,1216,6,2024,1.0965,Basis,2495743860.34,"Maju dan Tumbuh Cepat"
kabupaten,12,1216,7,2024,0.9408,"Non Basis",24834685189.75,"Potensial / Cepat Berkembang"
kabupaten,12,1216,8,2024,0.5853,"Non Basis",-1051038761.92,"Relatif Tertinggal"
kabupaten,12,1216,9,2024,1.4271,Basis,-13394954786.95,"Maju tapi Tertekan"
kabupaten,12,1216,10,2024,0.3575,"Non Basis",-4074047944.31,"Relatif Tertinggal"
kabupaten,12,1216,11,2024,0.3717,"Non Basis",-1236083646.7,"Relatif Tertinggal"
kabupaten,12,1216,12,2024,0.6449,"Non Basis",-4650572244.61,"Relatif Tertinggal"
kabupaten,12,1216,13,2024,0.1268,"Non Basis",-533247.48,"Relatif Tertinggal"
kabupaten,12,1216,14,2024,3.2417,Basis,-10779917250.2,"Maju tapi Tertekan"
kabupaten,12,1216,15,2024,0.4739,"Non Basis",-869918966.53,"Relatif Tertinggal"
kabupaten,12,1216,16,2024,0.6307,"Non Basis",-1355416735.61,"Relatif Tertinggal"
kabupaten,12,1216,17,2024,0.324,"Non Basis",14926358.92,"Potensial / Cepat Berkembang"
kabupaten,12,1216,1,2025,1.6925,Basis,-25120168266.6,"Maju tapi Tertekan"
kabupaten,12,1216,2,2025,0.5136,"Non Basis",78199501.3,"Potensial / Cepat Berkembang"
kabupaten,12,1216,3,2025,0.0865,"Non Basis",-598745961.43,"Relatif Tertinggal"
kabupaten,12,1216,4,2025,0.7061,"Non Basis",-57015288.47,"Relatif Tertinggal"
kabupaten,12,1216,5,2025,0.6344,"Non Basis",-126663269.23,"Relatif Tertinggal"
kabupaten,12,1216,6,2025,1.0926,Basis,3165130799.81,"Maju dan Tumbuh Cepat"
kabupaten,12,1216,7,2025,0.944,"Non Basis",10346129742.37,"Potensial / Cepat Berkembang"
kabupaten,12,1216,8,2025,0.79,"Non Basis",36313524054.5,"Potensial / Cepat Berkembang"
kabupaten,12,1216,9,2025,1.4231,Basis,969971850.94,"Maju dan Tumbuh Cepat"
kabupaten,12,1216,10,2025,0.3526,"Non Basis",-349185945.7,"Relatif Tertinggal"
kabupaten,12,1216,11,2025,0.3671,"Non Basis",-227056525.17,"Relatif Tertinggal"
kabupaten,12,1216,12,2025,0.6081,"Non Basis",-7071314576.75,"Relatif Tertinggal"
kabupaten,12,1216,13,2025,0.1173,"Non Basis",-408664119.48,"Relatif Tertinggal"
kabupaten,12,1216,14,2025,3.3138,Basis,14676194931.8,"Maju dan Tumbuh Cepat"
kabupaten,12,1216,15,2025,0.473,"Non Basis",325109162.75,"Potensial / Cepat Berkembang"
kabupaten,12,1216,16,2025,0.5957,"Non Basis",-1478692648.61,"Relatif Tertinggal"
kabupaten,12,1216,17,2025,0.3225,"Non Basis",31894067.64,"Potensial / Cepat Berkembang"
kabupaten,12,1217,1,2022,2.0041,Basis,-7572314580.99,"Maju tapi Tertekan"
kabupaten,12,1217,2,2022,0.5265,"Non Basis",450721379.98,"Potensial / Cepat Berkembang"
kabupaten,12,1217,3,2022,0.0278,"Non Basis",-317142390.33,"Relatif Tertinggal"
kabupaten,12,1217,4,2022,0.4199,"Non Basis",-96207473.51,"Relatif Tertinggal"
kabupaten,12,1217,5,2022,0.6121,"Non Basis",-43338076.63,"Relatif Tertinggal"
kabupaten,12,1217,6,2022,0.8979,"Non Basis",4418988648.54,"Potensial / Cepat Berkembang"
kabupaten,12,1217,7,2022,0.6346,"Non Basis",1405492102.43,"Potensial / Cepat Berkembang"
kabupaten,12,1217,8,2022,0.7585,"Non Basis",-4833522787.04,"Relatif Tertinggal"
kabupaten,12,1217,9,2022,2.3005,Basis,-466434406.37,"Maju tapi Tertekan"
kabupaten,12,1217,10,2022,0.3897,"Non Basis",36673934.89,"Potensial / Cepat Berkembang"
kabupaten,12,1217,11,2022,0.334,"Non Basis",-182331810.46,"Relatif Tertinggal"
kabupaten,12,1217,12,2022,0.4619,"Non Basis",-898108322.02,"Relatif Tertinggal"
kabupaten,12,1217,13,2022,0.1355,"Non Basis",-351068752.52,"Relatif Tertinggal"
kabupaten,12,1217,14,2022,3.1463,Basis,2396944926.81,"Maju dan Tumbuh Cepat"
kabupaten,12,1217,15,2022,0.4478,"Non Basis",-1592158125.34,"Relatif Tertinggal"
kabupaten,12,1217,16,2022,0.5203,"Non Basis",-772776547.11,"Relatif Tertinggal"
kabupaten,12,1217,17,2022,0.1746,"Non Basis",825545670.9,"Potensial / Cepat Berkembang"
kabupaten,12,1217,1,2023,2.0306,Basis,24761728949.66,"Maju dan Tumbuh Cepat"
kabupaten,12,1217,2,2023,0.5312,"Non Basis",222932482.68,"Potensial / Cepat Berkembang"
kabupaten,12,1217,3,2023,0.0285,"Non Basis",446180484.11,"Potensial / Cepat Berkembang"
kabupaten,12,1217,4,2023,0.616,"Non Basis",956728385.36,"Potensial / Cepat Berkembang"
kabupaten,12,1217,5,2023,0.5945,"Non Basis",-57792665.73,"Relatif Tertinggal"
kabupaten,12,1217,6,2023,0.8943,"Non Basis",-1273505948.38,"Relatif Tertinggal"
kabupaten,12,1217,7,2023,0.6384,"Non Basis",2738849624.69,"Potensial / Cepat Berkembang"
kabupaten,12,1217,8,2023,0.7208,"Non Basis",-5928750770.84,"Relatif Tertinggal"
kabupaten,12,1217,9,2023,2.2832,Basis,-1266089335.05,"Maju tapi Tertekan"
kabupaten,12,1217,10,2023,0.3785,"Non Basis",-1276730292.66,"Relatif Tertinggal"
kabupaten,12,1217,11,2023,0.3164,"Non Basis",-1759735784.65,"Relatif Tertinggal"
kabupaten,12,1217,12,2023,0.4541,"Non Basis",-1105736410.11,"Relatif Tertinggal"
kabupaten,12,1217,13,2023,0.1269,"Non Basis",-267182871.57,"Relatif Tertinggal"
kabupaten,12,1217,14,2023,3.1979,Basis,5713804116.59,"Maju dan Tumbuh Cepat"
kabupaten,12,1217,15,2023,0.4302,"Non Basis",-1286505904.99,"Relatif Tertinggal"
kabupaten,12,1217,16,2023,0.5191,"Non Basis",-27497086.93,"Relatif Tertinggal"
kabupaten,12,1217,17,2023,0.1593,"Non Basis",-284220688.45,"Relatif Tertinggal"
kabupaten,12,1217,1,2024,2.0019,Basis,-26656520586.97,"Maju tapi Tertekan"
kabupaten,12,1217,2,2024,0.533,"Non Basis",74911354.01,"Potensial / Cepat Berkembang"
kabupaten,12,1217,3,2024,0.0289,"Non Basis",214288555.5,"Potensial / Cepat Berkembang"
kabupaten,12,1217,4,2024,0.6001,"Non Basis",-80117429.8,"Relatif Tertinggal"
kabupaten,12,1217,5,2024,0.5798,"Non Basis",-51063246.46,"Relatif Tertinggal"
kabupaten,12,1217,6,2024,0.8984,"Non Basis",1829787751.25,"Potensial / Cepat Berkembang"
kabupaten,12,1217,7,2024,0.6711,"Non Basis",21824118076.14,"Potensial / Cepat Berkembang"
kabupaten,12,1217,8,2024,0.7481,"Non Basis",4605981973.57,"Potensial / Cepat Berkembang"
kabupaten,12,1217,9,2024,2.3365,Basis,4798925900.97,"Maju dan Tumbuh Cepat"
kabupaten,12,1217,10,2024,0.3684,"Non Basis",-1261742483.78,"Relatif Tertinggal"
kabupaten,12,1217,11,2024,0.3047,"Non Basis",-1239209704.44,"Relatif Tertinggal"
kabupaten,12,1217,12,2024,0.4373,"Non Basis",-2621080372.51,"Relatif Tertinggal"
kabupaten,12,1217,13,2024,0.1207,"Non Basis",-205338328.26,"Relatif Tertinggal"
kabupaten,12,1217,14,2024,3.2017,Basis,374566836.13,"Maju dan Tumbuh Cepat"
kabupaten,12,1217,15,2024,0.4199,"Non Basis",-812669772.33,"Relatif Tertinggal"
kabupaten,12,1217,16,2024,0.5228,"Non Basis",126810918.14,"Potensial / Cepat Berkembang"
kabupaten,12,1217,17,2024,0.1496,"Non Basis",-196166989.2,"Relatif Tertinggal"
kabupaten,12,1217,1,2025,1.929,Basis,-49568632513.91,"Maju tapi Tertekan"
kabupaten,12,1217,2,2025,0.5183,"Non Basis",-408188134.58,"Relatif Tertinggal"
kabupaten,12,1217,3,2025,0.0276,"Non Basis",-627333987.9,"Relatif Tertinggal"
kabupaten,12,1217,4,2025,0.5745,"Non Basis",-99167550.62,"Relatif Tertinggal"
kabupaten,12,1217,5,2025,0.5402,"Non Basis",-123210078.7,"Relatif Tertinggal"
kabupaten,12,1217,6,2025,0.8888,"Non Basis",96371926.3,"Potensial / Cepat Berkembang"
kabupaten,12,1217,7,2025,0.7131,"Non Basis",35408326512.47,"Potensial / Cepat Berkembang"
kabupaten,12,1217,8,2025,1.0015,Basis,34481058712.96,"Maju dan Tumbuh Cepat"
kabupaten,12,1217,9,2025,2.3499,Basis,3727525220.44,"Maju dan Tumbuh Cepat"
kabupaten,12,1217,10,2025,0.3644,"Non Basis",126490.53,"Potensial / Cepat Berkembang"
kabupaten,12,1217,11,2025,0.2923,"Non Basis",-992345802.04,"Relatif Tertinggal"
kabupaten,12,1217,12,2025,0.4098,"Non Basis",-3876838218.94,"Relatif Tertinggal"
kabupaten,12,1217,13,2025,0.1081,"Non Basis",-417808028.51,"Relatif Tertinggal"
kabupaten,12,1217,14,2025,3.3894,Basis,25146337262.24,"Maju dan Tumbuh Cepat"
kabupaten,12,1217,15,2025,0.3987,"Non Basis",-1373806954.99,"Relatif Tertinggal"
kabupaten,12,1217,16,2025,0.4773,"Non Basis",-1501273312.67,"Relatif Tertinggal"
kabupaten,12,1217,17,2025,0.1431,"Non Basis",-100853885.31,"Relatif Tertinggal"
kabupaten,12,1218,1,2022,1.7054,Basis,98397454081.24,"Maju dan Tumbuh Cepat"
kabupaten,12,1218,2,2022,0.7502,"Non Basis",6497515733.99,"Potensial / Cepat Berkembang"
kabupaten,12,1218,3,2022,0.998,"Non Basis",37940671721.06,"Potensial / Cepat Berkembang"
kabupaten,12,1218,4,2022,0.8371,"Non Basis",11282766.31,"Potensial / Cepat Berkembang"
kabupaten,12,1218,5,2022,0.1243,"Non Basis",6044094.6,"Potensial / Cepat Berkembang"
kabupaten,12,1218,6,2022,0.7309,"Non Basis",-39262004338.48,"Relatif Tertinggal"
kabupaten,12,1218,7,2022,0.8349,"Non Basis",-26324261912.56,"Relatif Tertinggal"
kabupaten,12,1218,8,2022,0.1787,"Non Basis",-9346024710.79,"Relatif Tertinggal"
kabupaten,12,1218,9,2022,1.2122,Basis,-37581443650.24,"Maju tapi Tertekan"
kabupaten,12,1218,10,2022,0.2267,"Non Basis",-661485276.53,"Relatif Tertinggal"
kabupaten,12,1218,11,2022,0.167,"Non Basis",-458707911.25,"Relatif Tertinggal"
kabupaten,12,1218,12,2022,0.5423,"Non Basis",-18458453684.11,"Relatif Tertinggal"
kabupaten,12,1218,13,2022,0.4804,"Non Basis",-6686145571.1,"Relatif Tertinggal"
kabupaten,12,1218,14,2022,0.8748,"Non Basis",1058287620.58,"Potensial / Cepat Berkembang"
kabupaten,12,1218,15,2022,0.7208,"Non Basis",-2027468258.75,"Relatif Tertinggal"
kabupaten,12,1218,16,2022,0.9138,"Non Basis",-6562924070.32,"Relatif Tertinggal"
kabupaten,12,1218,17,2022,0.9399,"Non Basis",-6010660672.7,"Relatif Tertinggal"
kabupaten,12,1218,1,2023,1.7502,Basis,250445576243.38,"Maju dan Tumbuh Cepat"
kabupaten,12,1218,2,2023,0.7684,"Non Basis",4996305357.47,"Potensial / Cepat Berkembang"
kabupaten,12,1218,3,2023,1.0001,Basis,8412926605.8,"Maju dan Tumbuh Cepat"
kabupaten,12,1218,4,2023,0.8594,"Non Basis",688239384.67,"Potensial / Cepat Berkembang"
kabupaten,12,1218,5,2023,0.1264,"Non Basis",46314351.2,"Potensial / Cepat Berkembang"
kabupaten,12,1218,6,2023,0.7105,"Non Basis",-54938126576.73,"Relatif Tertinggal"
kabupaten,12,1218,7,2023,0.8322,"Non Basis",-10248117236.36,"Relatif Tertinggal"
kabupaten,12,1218,8,2023,0.1692,"Non Basis",-9424137121.57,"Relatif Tertinggal"
kabupaten,12,1218,9,2023,1.1817,Basis,-15424409105.56,"Maju tapi Tertekan"
kabupaten,12,1218,10,2023,0.2316,"Non Basis",3609792171.37,"Potensial / Cepat Berkembang"
kabupaten,12,1218,11,2023,0.1734,"Non Basis",4083879718.75,"Potensial / Cepat Berkembang"
kabupaten,12,1218,12,2023,0.55,"Non Basis",7255936892.96,"Potensial / Cepat Berkembang"
kabupaten,12,1218,13,2023,0.4729,"Non Basis",-1469494592.73,"Relatif Tertinggal"
kabupaten,12,1218,14,2023,0.8476,"Non Basis",-17956044041.56,"Relatif Tertinggal"
kabupaten,12,1218,15,2023,0.7105,"Non Basis",-4753624369.22,"Relatif Tertinggal"
kabupaten,12,1218,16,2023,0.9031,"Non Basis",-2162650683.21,"Relatif Tertinggal"
kabupaten,12,1218,17,2023,0.8857,"Non Basis",-6380448878.89,"Relatif Tertinggal"
kabupaten,12,1218,1,2024,1.7767,Basis,150024911569.72,"Maju dan Tumbuh Cepat"
kabupaten,12,1218,2,2024,0.7958,"Non Basis",7700999519.32,"Potensial / Cepat Berkembang"
kabupaten,12,1218,3,2024,0.984,"Non Basis",-63920929682.59,"Relatif Tertinggal"
kabupaten,12,1218,4,2024,0.886,"Non Basis",828438373.03,"Potensial / Cepat Berkembang"
kabupaten,12,1218,5,2024,0.1275,"Non Basis",21830565.98,"Potensial / Cepat Berkembang"
kabupaten,12,1218,6,2024,0.6965,"Non Basis",-40686545210.51,"Relatif Tertinggal"
kabupaten,12,1218,7,2024,0.8422,"Non Basis",41346622811.71,"Potensial / Cepat Berkembang"
kabupaten,12,1218,8,2024,0.1664,"Non Basis",-3075567780.51,"Relatif Tertinggal"
kabupaten,12,1218,9,2024,1.1573,Basis,-13996289022,"Maju tapi Tertekan"
kabupaten,12,1218,10,2024,0.2428,"Non Basis",8731202336.72,"Potensial / Cepat Berkembang"
kabupaten,12,1218,11,2024,0.1772,"Non Basis",2456344110.66,"Potensial / Cepat Berkembang"
kabupaten,12,1218,12,2024,0.5532,"Non Basis",3011682272.57,"Potensial / Cepat Berkembang"
kabupaten,12,1218,13,2024,0.4788,"Non Basis",1197649847.81,"Potensial / Cepat Berkembang"
kabupaten,12,1218,14,2024,0.8241,"Non Basis",-16753663114.34,"Relatif Tertinggal"
kabupaten,12,1218,15,2024,0.7109,"Non Basis",148845513.28,"Potensial / Cepat Berkembang"
kabupaten,12,1218,16,2024,0.89,"Non Basis",-2865224773.89,"Relatif Tertinggal"
kabupaten,12,1218,17,2024,0.8772,"Non Basis",-1094266253.09,"Relatif Tertinggal"
kabupaten,12,1218,1,2025,1.7649,Basis,148022925803.81,"Maju dan Tumbuh Cepat"
kabupaten,12,1218,2,2025,0.8029,"Non Basis",6774596865.45,"Potensial / Cepat Berkembang"
kabupaten,12,1218,3,2025,0.9572,"Non Basis",-28454596603.97,"Relatif Tertinggal"
kabupaten,12,1218,4,2025,0.8561,"Non Basis",-398952635.71,"Relatif Tertinggal"
kabupaten,12,1218,5,2025,0.1228,"Non Basis",-50029908.6,"Relatif Tertinggal"
kabupaten,12,1218,6,2025,0.6919,"Non Basis",27738955593.9,"Potensial / Cepat Berkembang"
kabupaten,12,1218,7,2025,0.8237,"Non Basis",-6980377776.67,"Relatif Tertinggal"
kabupaten,12,1218,8,2025,0.2382,"Non Basis",62792772351.45,"Potensial / Cepat Berkembang"
kabupaten,12,1218,9,2025,1.1608,Basis,16293975338.6,"Maju dan Tumbuh Cepat"
kabupaten,12,1218,10,2025,0.2399,"Non Basis",1701610159.87,"Potensial / Cepat Berkembang"
kabupaten,12,1218,11,2025,0.1762,"Non Basis",1787317606.41,"Potensial / Cepat Berkembang"
kabupaten,12,1218,12,2025,0.5295,"Non Basis",-13559502735.64,"Relatif Tertinggal"
kabupaten,12,1218,13,2025,0.4543,"Non Basis",-3478197309.45,"Relatif Tertinggal"
kabupaten,12,1218,14,2025,0.81,"Non Basis",1827169365.22,"Potensial / Cepat Berkembang"
kabupaten,12,1218,15,2025,0.7008,"Non Basis",2191427730.06,"Potensial / Cepat Berkembang"
kabupaten,12,1218,16,2025,0.8653,"Non Basis",-1629437264.45,"Relatif Tertinggal"
kabupaten,12,1218,17,2025,0.8531,"Non Basis",-852095338.55,"Relatif Tertinggal"
kabupaten,12,1219,1,2022,0.9069,"Non Basis",68564544761.56,"Potensial / Cepat Berkembang"
kabupaten,12,1219,2,2022,0.1119,"Non Basis",688659940.67,"Potensial / Cepat Berkembang"
kabupaten,12,1219,3,2022,2.5438,Basis,75092435062.49,"Maju dan Tumbuh Cepat"
kabupaten,12,1219,4,2022,0.457,"Non Basis",-210242610.15,"Relatif Tertinggal"
kabupaten,12,1219,5,2022,0.2869,"Non Basis",-126017075.85,"Relatif Tertinggal"
kabupaten,12,1219,6,2022,0.4864,"Non Basis",-32132990911.19,"Relatif Tertinggal"
kabupaten,12,1219,7,2022,0.9263,"Non Basis",-1934036193.36,"Relatif Tertinggal"
kabupaten,12,1219,8,2022,0.7641,"Non Basis",-71947270971.69,"Relatif Tertinggal"
kabupaten,12,1219,9,2022,0.4922,"Non Basis",-7669160002.22,"Relatif Tertinggal"
kabupaten,12,1219,10,2022,0.2143,"Non Basis",-5182136632.58,"Relatif Tertinggal"
kabupaten,12,1219,11,2022,0.1015,"Non Basis",180506444.65,"Potensial / Cepat Berkembang"
kabupaten,12,1219,12,2022,0.255,"Non Basis",-5387073424.21,"Relatif Tertinggal"
kabupaten,12,1219,13,2022,0.0977,"Non Basis",-1092606185.39,"Relatif Tertinggal"
kabupaten,12,1219,14,2022,0.5229,"Non Basis",2734759903.51,"Potensial / Cepat Berkembang"
kabupaten,12,1219,15,2022,0.2186,"Non Basis",-2398053949.63,"Relatif Tertinggal"
kabupaten,12,1219,16,2022,0.308,"Non Basis",486775463.07,"Potensial / Cepat Berkembang"
kabupaten,12,1219,17,2022,0.1732,"Non Basis",-274044506.48,"Relatif Tertinggal"
kabupaten,12,1219,1,2023,0.916,"Non Basis",7038089822.24,"Potensial / Cepat Berkembang"
kabupaten,12,1219,2,2023,0.113,"Non Basis",46668909.11,"Potensial / Cepat Berkembang"
kabupaten,12,1219,3,2023,2.5845,Basis,82174869300.38,"Maju dan Tumbuh Cepat"
kabupaten,12,1219,4,2023,0.4634,"Non Basis",86734795.07,"Potensial / Cepat Berkembang"
kabupaten,12,1219,5,2023,0.2871,"Non Basis",-58920486.6,"Relatif Tertinggal"
kabupaten,12,1219,6,2023,0.4743,"Non Basis",-54169546773.59,"Relatif Tertinggal"
kabupaten,12,1219,7,2023,0.9356,"Non Basis",5310896824.49,"Potensial / Cepat Berkembang"
kabupaten,12,1219,8,2023,0.694,"Non Basis",-93769884727.38,"Relatif Tertinggal"
kabupaten,12,1219,9,2023,0.4842,"Non Basis",-7713134051.19,"Relatif Tertinggal"
kabupaten,12,1219,10,2023,0.2127,"Non Basis",-3074116614.74,"Relatif Tertinggal"
kabupaten,12,1219,11,2023,0.1032,"Non Basis",574519419.85,"Potensial / Cepat Berkembang"
kabupaten,12,1219,12,2023,0.2566,"Non Basis",-805651342.48,"Relatif Tertinggal"
kabupaten,12,1219,13,2023,0.0969,"Non Basis",-405536765.94,"Relatif Tertinggal"
kabupaten,12,1219,14,2023,0.5248,"Non Basis",-2207288319.92,"Relatif Tertinggal"
kabupaten,12,1219,15,2023,0.2124,"Non Basis",-4597588358.45,"Relatif Tertinggal"
kabupaten,12,1219,16,2023,0.311,"Non Basis",68833612.46,"Potensial / Cepat Berkembang"
kabupaten,12,1219,17,2023,0.1787,"Non Basis",564764331.04,"Potensial / Cepat Berkembang"
kabupaten,12,1219,1,2024,0.9087,"Non Basis",-106334877349.08,"Relatif Tertinggal"
kabupaten,12,1219,2,2024,0.1108,"Non Basis",-1083067943.51,"Relatif Tertinggal"
kabupaten,12,1219,3,2024,2.6344,Basis,128521293262.26,"Maju dan Tumbuh Cepat"
kabupaten,12,1219,4,2024,0.4764,"Non Basis",339591836.73,"Potensial / Cepat Berkembang"
kabupaten,12,1219,5,2024,0.2886,"Non Basis",-28423379.43,"Relatif Tertinggal"
kabupaten,12,1219,6,2024,0.4472,"Non Basis",-108548051041.1,"Relatif Tertinggal"
kabupaten,12,1219,7,2024,0.941,"Non Basis",-14136109550.03,"Relatif Tertinggal"
kabupaten,12,1219,8,2024,0.6712,"Non Basis",-37120752231.08,"Relatif Tertinggal"
kabupaten,12,1219,9,2024,0.461,"Non Basis",-18822139866.25,"Relatif Tertinggal"
kabupaten,12,1219,10,2024,0.211,"Non Basis",-3423994832.08,"Relatif Tertinggal"
kabupaten,12,1219,11,2024,0.1044,"Non Basis",242818823.81,"Potensial / Cepat Berkembang"
kabupaten,12,1219,12,2024,0.2511,"Non Basis",-9018474795.8,"Relatif Tertinggal"
kabupaten,12,1219,13,2024,0.095,"Non Basis",-687122453.76,"Relatif Tertinggal"
kabupaten,12,1219,14,2024,0.5518,"Non Basis",19083372902.7,"Potensial / Cepat Berkembang"
kabupaten,12,1219,15,2024,0.2097,"Non Basis",-2737730256.81,"Relatif Tertinggal"
kabupaten,12,1219,16,2024,0.3192,"Non Basis",1413362208.27,"Potensial / Cepat Berkembang"
kabupaten,12,1219,17,2024,0.1826,"Non Basis",349502792.54,"Potensial / Cepat Berkembang"
kabupaten,12,1219,1,2025,0.8818,"Non Basis",-168381744692.97,"Relatif Tertinggal"
kabupaten,12,1219,2,2025,0.1081,"Non Basis",-782726233.57,"Relatif Tertinggal"
kabupaten,12,1219,3,2025,2.6009,Basis,-109487145812.83,"Maju tapi Tertekan"
kabupaten,12,1219,4,2025,0.4704,"Non Basis",-156327537.7,"Relatif Tertinggal"
kabupaten,12,1219,5,2025,0.2764,"Non Basis",-304501996.69,"Relatif Tertinggal"
kabupaten,12,1219,6,2025,0.4402,"Non Basis",-18056642835.94,"Relatif Tertinggal"
kabupaten,12,1219,7,2025,0.942,"Non Basis",26807935548.41,"Potensial / Cepat Berkembang"
kabupaten,12,1219,8,2025,0.9794,"Non Basis",308393525371.85,"Potensial / Cepat Berkembang"
kabupaten,12,1219,9,2025,0.4648,"Non Basis",4163336156.07,"Potensial / Cepat Berkembang"
kabupaten,12,1219,10,2025,0.2082,"Non Basis",-1929668834.86,"Relatif Tertinggal"
kabupaten,12,1219,11,2025,0.103,"Non Basis",-785447464.37,"Relatif Tertinggal"
kabupaten,12,1219,12,2025,0.2445,"Non Basis",-7122517770.56,"Relatif Tertinggal"
kabupaten,12,1219,13,2025,0.0913,"Non Basis",-909091329.83,"Relatif Tertinggal"
kabupaten,12,1219,14,2025,0.5475,"Non Basis",-1708314427.03,"Relatif Tertinggal"
kabupaten,12,1219,15,2025,0.2119,"Non Basis",1924095574.15,"Potensial / Cepat Berkembang"
kabupaten,12,1219,16,2025,0.3196,"Non Basis",509113051.08,"Potensial / Cepat Berkembang"
kabupaten,12,1219,17,2025,0.1858,"Non Basis",637773920.14,"Potensial / Cepat Berkembang"
kabupaten,12,1220,1,2022,1.7957,Basis,45090271703.95,"Maju dan Tumbuh Cepat"
kabupaten,12,1220,2,2022,0.2396,"Non Basis",347848266.18,"Potensial / Cepat Berkembang"
kabupaten,12,1220,3,2022,0.9788,"Non Basis",13421712886,"Potensial / Cepat Berkembang"
kabupaten,12,1220,4,2022,1.6953,Basis,-192583658.67,"Maju tapi Tertekan"
kabupaten,12,1220,5,2022,0.4249,"Non Basis",-101908964.82,"Relatif Tertinggal"
kabupaten,12,1220,6,2022,1.0703,Basis,-28400915868.98,"Maju tapi Tertekan"
kabupaten,12,1220,7,2022,0.5551,"Non Basis",-18258183152.67,"Relatif Tertinggal"
kabupaten,12,1220,8,2022,0.4296,"Non Basis",-19299570001.61,"Relatif Tertinggal"
kabupaten,12,1220,9,2022,0.3762,"Non Basis",-3029479761.06,"Relatif Tertinggal"
kabupaten,12,1220,10,2022,0.2161,"Non Basis",-1887076783.36,"Relatif Tertinggal"
kabupaten,12,1220,11,2022,0.2436,"Non Basis",-1745640475.62,"Relatif Tertinggal"
kabupaten,12,1220,12,2022,0.878,"Non Basis",-2474276896.55,"Relatif Tertinggal"
kabupaten,12,1220,13,2022,0.0537,"Non Basis",-137212455.69,"Relatif Tertinggal"
kabupaten,12,1220,14,2022,1.0691,Basis,2324749526.26,"Maju dan Tumbuh Cepat"
kabupaten,12,1220,15,2022,0.3516,"Non Basis",-2923048840.24,"Relatif Tertinggal"
kabupaten,12,1220,16,2022,0.4818,"Non Basis",-1476485836.83,"Relatif Tertinggal"
kabupaten,12,1220,17,2022,0.0556,"Non Basis",-182429269.61,"Relatif Tertinggal"
kabupaten,12,1220,1,2023,1.8266,Basis,69999591126.99,"Maju dan Tumbuh Cepat"
kabupaten,12,1220,2,2023,0.2367,"Non Basis",-357559108.85,"Relatif Tertinggal"
kabupaten,12,1220,3,2023,0.9828,"Non Basis",5145808077.52,"Potensial / Cepat Berkembang"
kabupaten,12,1220,4,2023,1.7095,Basis,166824893.88,"Maju dan Tumbuh Cepat"
kabupaten,12,1220,5,2023,0.4265,"Non Basis",11349788.43,"Potensial / Cepat Berkembang"
kabupaten,12,1220,6,2023,1.0764,Basis,6143250675.03,"Maju dan Tumbuh Cepat"
kabupaten,12,1220,7,2023,0.5559,"Non Basis",401943438.99,"Potensial / Cepat Berkembang"
kabupaten,12,1220,8,2023,0.4028,"Non Basis",-11755662280.54,"Relatif Tertinggal"
kabupaten,12,1220,9,2023,0.3734,"Non Basis",-697140749.87,"Relatif Tertinggal"
kabupaten,12,1220,10,2023,0.2127,"Non Basis",-1130556656.14,"Relatif Tertinggal"
kabupaten,12,1220,11,2023,0.2362,"Non Basis",-2084928257.26,"Relatif Tertinggal"
kabupaten,12,1220,12,2023,0.8845,"Non Basis",2311200405.44,"Potensial / Cepat Berkembang"
kabupaten,12,1220,13,2023,0.0542,"Non Basis",43446370.24,"Potensial / Cepat Berkembang"
kabupaten,12,1220,14,2023,1.0763,Basis,1815546356.83,"Maju dan Tumbuh Cepat"
kabupaten,12,1220,15,2023,0.3475,"Non Basis",-892144169.57,"Relatif Tertinggal"
kabupaten,12,1220,16,2023,0.4803,"Non Basis",-166448945.49,"Relatif Tertinggal"
kabupaten,12,1220,17,2023,0.0544,"Non Basis",-65377194.36,"Relatif Tertinggal"
kabupaten,12,1220,1,2024,1.8407,Basis,33404208124.27,"Maju dan Tumbuh Cepat"
kabupaten,12,1220,2,2024,0.2336,"Non Basis",-394530712.19,"Relatif Tertinggal"
kabupaten,12,1220,3,2024,0.9837,"Non Basis",931945219.74,"Potensial / Cepat Berkembang"
kabupaten,12,1220,4,2024,1.7441,Basis,458852218.38,"Maju dan Tumbuh Cepat"
kabupaten,12,1220,5,2024,0.4236,"Non Basis",-29062698.13,"Relatif Tertinggal"
kabupaten,12,1220,6,2024,1.0614,Basis,-19137955543.05,"Maju tapi Tertekan"
kabupaten,12,1220,7,2024,0.5722,"Non Basis",29230685405.36,"Potensial / Cepat Berkembang"
kabupaten,12,1220,8,2024,0.3979,"Non Basis",-2280753842.71,"Relatif Tertinggal"
kabupaten,12,1220,9,2024,0.3702,"Non Basis",-816474925.95,"Relatif Tertinggal"
kabupaten,12,1220,10,2024,0.2131,"Non Basis",93634034.87,"Potensial / Cepat Berkembang"
kabupaten,12,1220,11,2024,0.2288,"Non Basis",-2120880084.77,"Relatif Tertinggal"
kabupaten,12,1220,12,2024,0.8699,"Non Basis",-6291203448.47,"Relatif Tertinggal"
kabupaten,12,1220,13,2024,0.0538,"Non Basis",-37165769.14,"Relatif Tertinggal"
kabupaten,12,1220,14,2024,1.0781,Basis,410247401.02,"Maju dan Tumbuh Cepat"
kabupaten,12,1220,15,2024,0.346,"Non Basis",-338984074.63,"Relatif Tertinggal"
kabupaten,12,1220,16,2024,0.4892,"Non Basis",815486373.45,"Potensial / Cepat Berkembang"
kabupaten,12,1220,17,2024,0.0535,"Non Basis",-51127520.03,"Relatif Tertinggal"
kabupaten,12,1220,1,2025,1.8118,Basis,-15128122363.05,"Maju tapi Tertekan"
kabupaten,12,1220,2,2025,0.2264,"Non Basis",-533532861.09,"Relatif Tertinggal"
kabupaten,12,1220,3,2025,0.9768,"Non Basis",9711466781.3,"Potensial / Cepat Berkembang"
kabupaten,12,1220,4,2025,1.7384,Basis,230873610.66,"Maju dan Tumbuh Cepat"
kabupaten,12,1220,5,2025,0.4119,"Non Basis",-63339905.43,"Relatif Tertinggal"
kabupaten,12,1220,6,2025,1.0528,Basis,6027792798.22,"Maju dan Tumbuh Cepat"
kabupaten,12,1220,7,2025,0.5757,"Non Basis",20715186951.49,"Potensial / Cepat Berkembang"
kabupaten,12,1220,8,2025,0.5497,"Non Basis",55944690966.53,"Potensial / Cepat Berkembang"
kabupaten,12,1220,9,2025,0.3772,"Non Basis",3038581556.68,"Potensial / Cepat Berkembang"
kabupaten,12,1220,10,2025,0.2076,"Non Basis",-1019584870.99,"Relatif Tertinggal"
kabupaten,12,1220,11,2025,0.2262,"Non Basis",85538021.85,"Potensial / Cepat Berkembang"
kabupaten,12,1220,12,2025,0.8258,"Non Basis",-15300969040.52,"Relatif Tertinggal"
kabupaten,12,1220,13,2025,0.0503,"Non Basis",-283458674.35,"Relatif Tertinggal"
kabupaten,12,1220,14,2025,1.0865,Basis,6753643872.47,"Maju dan Tumbuh Cepat"
kabupaten,12,1220,15,2025,0.3455,"Non Basis",859740931.46,"Potensial / Cepat Berkembang"
kabupaten,12,1220,16,2025,0.4727,"Non Basis",-1057387440.33,"Relatif Tertinggal"
kabupaten,12,1220,17,2025,0.0532,"Non Basis",22507910.87,"Potensial / Cepat Berkembang"
kabupaten,12,1221,1,2022,2.0828,Basis,3892117937.15,"Maju dan Tumbuh Cepat"
kabupaten,12,1221,2,2022,0.4315,"Non Basis",2496776459.2,"Potensial / Cepat Berkembang"
kabupaten,12,1221,3,2022,0.8148,"Non Basis",21066470619.23,"Potensial / Cepat Berkembang"
kabupaten,12,1221,4,2022,1.9854,Basis,-114489682.1,"Maju tapi Tertekan"
kabupaten,12,1221,5,2022,0.015,"Non Basis",7399715.4,"Potensial / Cepat Berkembang"
kabupaten,12,1221,6,2022,1.1627,Basis,13103473023.4,"Maju dan Tumbuh Cepat"
kabupaten,12,1221,7,2022,0.3529,"Non Basis",-12041933438.16,"Relatif Tertinggal"
kabupaten,12,1221,8,2022,0.2586,"Non Basis",-7289620406.75,"Relatif Tertinggal"
kabupaten,12,1221,9,2022,0.453,"Non Basis",-2661073920.68,"Relatif Tertinggal"
kabupaten,12,1221,10,2022,0.2503,"Non Basis",-1531628390.12,"Relatif Tertinggal"
kabupaten,12,1221,11,2022,0.2623,"Non Basis",763847735.73,"Potensial / Cepat Berkembang"
kabupaten,12,1221,12,2022,0.6655,"Non Basis",-2996358753.78,"Relatif Tertinggal"
kabupaten,12,1221,13,2022,0.0525,"Non Basis",-251068752.52,"Relatif Tertinggal"
kabupaten,12,1221,14,2022,0.8599,"Non Basis",8613725534.21,"Potensial / Cepat Berkembang"
kabupaten,12,1221,15,2022,0.1865,"Non Basis",-673095594.72,"Relatif Tertinggal"
kabupaten,12,1221,16,2022,0.5392,"Non Basis",280297992.18,"Potensial / Cepat Berkembang"
kabupaten,12,1221,17,2022,0.0596,"Non Basis",-116790627.84,"Relatif Tertinggal"
kabupaten,12,1221,1,2023,2.1237,Basis,104737437291.88,"Maju dan Tumbuh Cepat"
kabupaten,12,1221,2,2023,0.4323,"Non Basis",183763487.4,"Potensial / Cepat Berkembang"
kabupaten,12,1221,3,2023,0.8129,"Non Basis",-590472122.15,"Relatif Tertinggal"
kabupaten,12,1221,4,2023,2.0499,Basis,878239384.67,"Maju dan Tumbuh Cepat"
kabupaten,12,1221,5,2023,0.0135,"Non Basis",-13756523.27,"Relatif Tertinggal"
kabupaten,12,1221,6,2023,1.1623,Basis,1968319372.85,"Maju dan Tumbuh Cepat"
kabupaten,12,1221,7,2023,0.3518,"Non Basis",-868384492.73,"Relatif Tertinggal"
kabupaten,12,1221,8,2023,0.25,"Non Basis",-3452324761.19,"Relatif Tertinggal"
kabupaten,12,1221,9,2023,0.4452,"Non Basis",-1480843020.22,"Relatif Tertinggal"
kabupaten,12,1221,10,2023,0.2495,"Non Basis",-122001845.27,"Relatif Tertinggal"
kabupaten,12,1221,11,2023,0.2616,"Non Basis",-58600679.78,"Relatif Tertinggal"
kabupaten,12,1221,12,2023,0.6776,"Non Basis",5217572748.36,"Potensial / Cepat Berkembang"
kabupaten,12,1221,13,2023,0.0517,"Non Basis",-53862443.36,"Relatif Tertinggal"
kabupaten,12,1221,14,2023,0.851,"Non Basis",-2058937406.39,"Relatif Tertinggal"
kabupaten,12,1221,15,2023,0.1845,"Non Basis",-341794738.44,"Relatif Tertinggal"
kabupaten,12,1221,16,2023,0.5374,"Non Basis",-69195132.28,"Relatif Tertinggal"
kabupaten,12,1221,17,2023,0.0579,"Non Basis",-76746021.9,"Relatif Tertinggal"
kabupaten,12,1221,1,2024,2.1501,Basis,61013220439.77,"Maju dan Tumbuh Cepat"
kabupaten,12,1221,2,2024,0.4286,"Non Basis",-475375988.15,"Relatif Tertinggal"
kabupaten,12,1221,3,2024,0.8143,"Non Basis",1428323757.32,"Potensial / Cepat Berkembang"
kabupaten,12,1221,4,2024,2.1683,Basis,1553364269.14,"Maju dan Tumbuh Cepat"
kabupaten,12,1221,5,2024,0.0142,"Non Basis",6936205.21,"Potensial / Cepat Berkembang"
kabupaten,12,1221,6,2024,1.1388,Basis,-29477468728.73,"Maju tapi Tertekan"
kabupaten,12,1221,7,2024,0.3556,"Non Basis",6414768827.43,"Potensial / Cepat Berkembang"
kabupaten,12,1221,8,2024,0.2473,"Non Basis",-1266067003.42,"Relatif Tertinggal"
kabupaten,12,1221,9,2024,0.4271,"Non Basis",-4434955164.05,"Relatif Tertinggal"
kabupaten,12,1221,10,2024,0.2466,"Non Basis",-998412380.19,"Relatif Tertinggal"
kabupaten,12,1221,11,2024,0.2664,"Non Basis",1294194482.11,"Potensial / Cepat Berkembang"
kabupaten,12,1221,12,2024,0.6843,"Non Basis",2597275977.33,"Potensial / Cepat Berkembang"
kabupaten,12,1221,13,2024,0.0531,"Non Basis",118234605.48,"Potensial / Cepat Berkembang"
kabupaten,12,1221,14,2024,0.8422,"Non Basis",-2768535628.75,"Relatif Tertinggal"
kabupaten,12,1221,15,2024,0.1866,"Non Basis",429787511.89,"Potensial / Cepat Berkembang"
kabupaten,12,1221,16,2024,0.5515,"Non Basis",1253866431.25,"Potensial / Cepat Berkembang"
kabupaten,12,1221,17,2024,0.0585,"Non Basis",31025800.41,"Potensial / Cepat Berkembang"
kabupaten,12,1221,1,2025,2.1213,Basis,-7639411417.96,"Maju tapi Tertekan"
kabupaten,12,1221,2,2025,0.4359,"Non Basis",1530389194.96,"Potensial / Cepat Berkembang"
kabupaten,12,1221,3,2025,0.812,"Non Basis",13080000745.6,"Potensial / Cepat Berkembang"
kabupaten,12,1221,4,2025,2.156,Basis,190635982.11,"Maju dan Tumbuh Cepat"
kabupaten,12,1221,5,2025,0.0143,"Non Basis",1991344.88,"Potensial / Cepat Berkembang"
kabupaten,12,1221,6,2025,1.1309,Basis,7273636996.27,"Maju dan Tumbuh Cepat"
kabupaten,12,1221,7,2025,0.3515,"Non Basis",377804270.7,"Potensial / Cepat Berkembang"
kabupaten,12,1221,8,2025,0.3462,"Non Basis",35620300477.5,"Potensial / Cepat Berkembang"
kabupaten,12,1221,9,2025,0.4332,"Non Basis",2869847826.09,"Potensial / Cepat Berkembang"
kabupaten,12,1221,10,2025,0.2421,"Non Basis",-549558307.98,"Relatif Tertinggal"
kabupaten,12,1221,11,2025,0.2704,"Non Basis",2090858819.89,"Potensial / Cepat Berkembang"
kabupaten,12,1221,12,2025,0.6615,"Non Basis",-6585544103.91,"Relatif Tertinggal"
kabupaten,12,1221,13,2025,0.0505,"Non Basis",-186746353.21,"Relatif Tertinggal"
kabupaten,12,1221,14,2025,0.8344,"Non Basis",685877830.82,"Potensial / Cepat Berkembang"
kabupaten,12,1221,15,2025,0.188,"Non Basis",792238234.21,"Potensial / Cepat Berkembang"
kabupaten,12,1221,16,2025,0.5367,"Non Basis",-815224868.19,"Relatif Tertinggal"
kabupaten,12,1221,17,2025,0.0594,"Non Basis",85448138.9,"Potensial / Cepat Berkembang"
kabupaten,12,1222,1,2022,1.3318,Basis,107212253875.99,"Maju dan Tumbuh Cepat"
kabupaten,12,1222,2,2022,0.2485,"Non Basis",157918487.39,"Potensial / Cepat Berkembang"
kabupaten,12,1222,3,2022,2.242,Basis,102970381932.64,"Maju dan Tumbuh Cepat"
kabupaten,12,1222,4,2022,0.4526,"Non Basis",130525655.33,"Potensial / Cepat Berkembang"
kabupaten,12,1222,5,2022,0.185,"Non Basis",-61042203.29,"Relatif Tertinggal"
kabupaten,12,1222,6,2022,0.5005,"Non Basis",17016355799.2,"Potensial / Cepat Berkembang"
kabupaten,12,1222,7,2022,0.6576,"Non Basis",-52923317111.08,"Relatif Tertinggal"
kabupaten,12,1222,8,2022,0.2295,"Non Basis",-9878505966.87,"Relatif Tertinggal"
kabupaten,12,1222,9,2022,0.3734,"Non Basis",-1762379804.46,"Relatif Tertinggal"
kabupaten,12,1222,10,2022,0.1767,"Non Basis",-951042568.84,"Relatif Tertinggal"
kabupaten,12,1222,11,2022,0.2935,"Non Basis",-4638499.08,"Relatif Tertinggal"
kabupaten,12,1222,12,2022,0.5327,"Non Basis",5581807752.31,"Potensial / Cepat Berkembang"
kabupaten,12,1222,13,2022,0.1344,"Non Basis",-1023938655.52,"Relatif Tertinggal"
kabupaten,12,1222,14,2022,0.4151,"Non Basis",1907180764.55,"Potensial / Cepat Berkembang"
kabupaten,12,1222,15,2022,0.2264,"Non Basis",-1527079104.67,"Relatif Tertinggal"
kabupaten,12,1222,16,2022,0.3484,"Non Basis",-1017187396.9,"Relatif Tertinggal"
kabupaten,12,1222,17,2022,0.1489,"Non Basis",-181834307.02,"Relatif Tertinggal"
kabupaten,12,1222,1,2023,1.3544,Basis,119607694994.9,"Maju dan Tumbuh Cepat"
kabupaten,12,1222,2,2023,0.2474,"Non Basis",-331046375.86,"Relatif Tertinggal"
kabupaten,12,1222,3,2023,2.2663,Basis,84703472204.16,"Maju dan Tumbuh Cepat"
kabupaten,12,1222,4,2023,0.4595,"Non Basis",199863823.82,"Potensial / Cepat Berkembang"
kabupaten,12,1222,5,2023,0.1866,"Non Basis",31349788.43,"Potensial / Cepat Berkembang"
kabupaten,12,1222,6,2023,0.5028,"Non Basis",5242545146.65,"Potensial / Cepat Berkembang"
kabupaten,12,1222,7,2023,0.6583,"Non Basis",1192827808.91,"Potensial / Cepat Berkembang"
kabupaten,12,1222,8,2023,0.2181,"Non Basis",-11419482992.53,"Relatif Tertinggal"
kabupaten,12,1222,9,2023,0.3634,"Non Basis",-5159555269.58,"Relatif Tertinggal"
kabupaten,12,1222,10,2023,0.1774,"Non Basis",409620574.71,"Potensial / Cepat Berkembang"
kabupaten,12,1222,11,2023,0.2905,"Non Basis",-2006406145.7,"Relatif Tertinggal"
kabupaten,12,1222,12,2023,0.5398,"Non Basis",6194850818.18,"Potensial / Cepat Berkembang"
kabupaten,12,1222,13,2023,0.1312,"Non Basis",-638518317.6,"Relatif Tertinggal"
kabupaten,12,1222,14,2023,0.4156,"Non Basis",192051322.7,"Potensial / Cepat Berkembang"
kabupaten,12,1222,15,2023,0.226,"Non Basis",-250692279.91,"Relatif Tertinggal"
kabupaten,12,1222,16,2023,0.3479,"Non Basis",-159525367.08,"Relatif Tertinggal"
kabupaten,12,1222,17,2023,0.1475,"Non Basis",-178264453.39,"Relatif Tertinggal"
kabupaten,12,1222,1,2024,1.3654,Basis,52382512989.02,"Maju dan Tumbuh Cepat"
kabupaten,12,1222,2,2024,0.2506,"Non Basis",794080538.36,"Potensial / Cepat Berkembang"
kabupaten,12,1222,3,2024,2.2613,Basis,-31036623799.39,"Maju tapi Tertekan"
kabupaten,12,1222,4,2024,0.4656,"Non Basis",168789241.91,"Potensial / Cepat Berkembang"
kabupaten,12,1222,5,2024,0.1878,"Non Basis",20426669.41,"Potensial / Cepat Berkembang"
kabupaten,12,1222,6,2024,0.5003,"Non Basis",-9062946600.96,"Relatif Tertinggal"
kabupaten,12,1222,7,2024,0.672,"Non Basis",53104587272.9,"Potensial / Cepat Berkembang"
kabupaten,12,1222,8,2024,0.2245,"Non Basis",6403746816.94,"Potensial / Cepat Berkembang"
kabupaten,12,1222,9,2024,0.3528,"Non Basis",-6215461732.38,"Relatif Tertinggal"
kabupaten,12,1222,10,2024,0.1774,"Non Basis",-135377153.36,"Relatif Tertinggal"
kabupaten,12,1222,11,2024,0.2935,"Non Basis",1683406660.43,"Potensial / Cepat Berkembang"
kabupaten,12,1222,12,2024,0.5455,"Non Basis",4741293977.68,"Potensial / Cepat Berkembang"
kabupaten,12,1222,13,2024,0.1317,"Non Basis",61214586.75,"Potensial / Cepat Berkembang"
kabupaten,12,1222,14,2024,0.4182,"Non Basis",1419982183.99,"Potensial / Cepat Berkembang"
kabupaten,12,1222,15,2024,0.2284,"Non Basis",1014465489.86,"Potensial / Cepat Berkembang"
kabupaten,12,1222,16,2024,0.3484,"Non Basis",25478856.93,"Potensial / Cepat Berkembang"
kabupaten,12,1222,17,2024,0.1472,"Non Basis",-57960187.88,"Relatif Tertinggal"
kabupaten,12,1223,1,2022,1.6307,Basis,118580398403.46,"Maju dan Tumbuh Cepat"
kabupaten,12,1223,2,2022,0.5342,"Non Basis",218149224.3,"Potensial / Cepat Berkembang"
kabupaten,12,1223,3,2022,1.4698,Basis,39514681158.61,"Maju dan Tumbuh Cepat"
kabupaten,12,1223,4,2022,0.5852,"Non Basis",-291278583.38,"Relatif Tertinggal"
kabupaten,12,1223,5,2022,0.1597,"Non Basis",-3056901.49,"Relatif Tertinggal"
kabupaten,12,1223,6,2022,0.507,"Non Basis",-16156109833.18,"Relatif Tertinggal"
kabupaten,12,1223,7,2022,0.8434,"Non Basis",-69973077541.44,"Relatif Tertinggal"
kabupaten,12,1223,8,2022,0.2522,"Non Basis",-7563318638.37,"Relatif Tertinggal"
kabupaten,12,1223,9,2022,0.4635,"Non Basis",-1252205356.9,"Relatif Tertinggal"
kabupaten,12,1223,10,2022,0.1707,"Non Basis",-1250498746.42,"Relatif Tertinggal"
kabupaten,12,1223,11,2022,0.2727,"Non Basis",-780214971.46,"Relatif Tertinggal"
kabupaten,12,1223,12,2022,0.6769,"Non Basis",-2120223810.21,"Relatif Tertinggal"
kabupaten,12,1223,13,2022,0.1632,"Non Basis",-2014980110.8,"Relatif Tertinggal"
kabupaten,12,1223,14,2022,0.6345,"Non Basis",2105167246.6,"Potensial / Cepat Berkembang"
kabupaten,12,1223,15,2022,0.3129,"Non Basis",-1735669610.99,"Relatif Tertinggal"
kabupaten,12,1223,16,2022,0.4154,"Non Basis",-1696781001.08,"Relatif Tertinggal"
kabupaten,12,1223,17,2022,0.2164,"Non Basis",-910711440.41,"Relatif Tertinggal"
kabupaten,12,1223,1,2023,1.6551,Basis,102792017113.54,"Maju dan Tumbuh Cepat"
kabupaten,12,1223,2,2023,0.5355,"Non Basis",13847937.48,"Potensial / Cepat Berkembang"
kabupaten,12,1223,3,2023,1.481,Basis,25962664062.06,"Maju dan Tumbuh Cepat"
kabupaten,12,1223,4,2023,0.5886,"Non Basis",56856095.88,"Potensial / Cepat Berkembang"
kabupaten,12,1223,5,2023,0.1624,"Non Basis",44177891.4,"Potensial / Cepat Berkembang"
kabupaten,12,1223,6,2023,0.5096,"Non Basis",3460665230.66,"Potensial / Cepat Berkembang"
kabupaten,12,1223,7,2023,0.8472,"Non Basis",6280485200.94,"Potensial / Cepat Berkembang"
kabupaten,12,1223,8,2023,0.2489,"Non Basis",-3466166995.42,"Relatif Tertinggal"
kabupaten,12,1223,9,2023,0.4647,"Non Basis",78361976.42,"Potensial / Cepat Berkembang"
kabupaten,12,1223,10,2023,0.17,"Non Basis",-716860167.51,"Relatif Tertinggal"
kabupaten,12,1223,11,2023,0.2709,"Non Basis",-1415072554.58,"Relatif Tertinggal"
kabupaten,12,1223,12,2023,0.677,"Non Basis",-1216417793.77,"Relatif Tertinggal"
kabupaten,12,1223,13,2023,0.1598,"Non Basis",-691538584.63,"Relatif Tertinggal"
kabupaten,12,1223,14,2023,0.6432,"Non Basis",4296830521.8,"Potensial / Cepat Berkembang"
kabupaten,12,1223,15,2023,0.3099,"Non Basis",-1570704928.7,"Relatif Tertinggal"
kabupaten,12,1223,16,2023,0.4129,"Non Basis",-637405517.4,"Relatif Tertinggal"
kabupaten,12,1223,17,2023,0.2143,"Non Basis",-274703255.89,"Relatif Tertinggal"
kabupaten,12,1223,1,2024,1.6829,Basis,78599920139.23,"Maju dan Tumbuh Cepat"
kabupaten,12,1223,2,2024,0.5309,"Non Basis",-2209495992.79,"Relatif Tertinggal"
kabupaten,12,1223,3,2024,1.4747,Basis,-61427693122.66,"Maju tapi Tertekan"
kabupaten,12,1223,4,2024,0.5969,"Non Basis",105763530.47,"Potensial / Cepat Berkembang"
kabupaten,12,1223,5,2024,0.1653,"Non Basis",30851967.99,"Potensial / Cepat Berkembang"
kabupaten,12,1223,6,2024,0.4784,"Non Basis",-90875212196.66,"Relatif Tertinggal"
kabupaten,12,1223,7,2024,0.8702,"Non Basis",62384714059.44,"Potensial / Cepat Berkembang"
kabupaten,12,1223,8,2024,0.2534,"Non Basis",2426083123.36,"Potensial / Cepat Berkembang"
kabupaten,12,1223,9,2024,0.442,"Non Basis",-13412040090.87,"Relatif Tertinggal"
kabupaten,12,1223,10,2024,0.1688,"Non Basis",-1762254197.88,"Relatif Tertinggal"
kabupaten,12,1223,11,2024,0.2731,"Non Basis",81313366.75,"Potensial / Cepat Berkembang"
kabupaten,12,1223,12,2024,0.6606,"Non Basis",-18882990296.53,"Relatif Tertinggal"
kabupaten,12,1223,13,2024,0.1604,"Non Basis",-106115663.78,"Relatif Tertinggal"
kabupaten,12,1223,14,2024,0.6407,"Non Basis",-4639421142.97,"Relatif Tertinggal"
kabupaten,12,1223,15,2024,0.311,"Non Basis",-547588316.49,"Relatif Tertinggal"
kabupaten,12,1223,16,2024,0.4096,"Non Basis",-1260137321.72,"Relatif Tertinggal"
kabupaten,12,1223,17,2024,0.213,"Non Basis",-336754127.58,"Relatif Tertinggal"
kabupaten,12,1223,1,2025,1.6496,Basis,-76912402991.61,"Maju tapi Tertekan"
kabupaten,12,1223,2,2025,0.5293,"Non Basis",1170914956.97,"Potensial / Cepat Berkembang"
kabupaten,12,1223,3,2025,1.4715,Basis,50388528526.81,"Maju dan Tumbuh Cepat"
kabupaten,12,1223,4,2025,0.582,"Non Basis",-235338283.45,"Relatif Tertinggal"
kabupaten,12,1223,5,2025,0.162,"Non Basis",-27752176.31,"Relatif Tertinggal"
kabupaten,12,1223,6,2025,0.4708,"Non Basis",-5331091899.1,"Relatif Tertinggal"
kabupaten,12,1223,7,2025,0.8584,"Non Basis",-7214914861.79,"Relatif Tertinggal"
kabupaten,12,1223,8,2025,0.3475,"Non Basis",72048289756.74,"Potensial / Cepat Berkembang"
kabupaten,12,1223,9,2025,0.4347,"Non Basis",-1226497782.89,"Relatif Tertinggal"
kabupaten,12,1223,10,2025,0.1659,"Non Basis",-719673654.42,"Relatif Tertinggal"
kabupaten,12,1223,11,2025,0.2647,"Non Basis",-3268865435.82,"Relatif Tertinggal"
kabupaten,12,1223,12,2025,0.6382,"Non Basis",-14283373293,"Relatif Tertinggal"
kabupaten,12,1223,13,2025,0.1503,"Non Basis",-1715204053.23,"Relatif Tertinggal"
kabupaten,12,1223,14,2025,0.6366,"Non Basis",2038325889.74,"Potensial / Cepat Berkembang"
kabupaten,12,1223,15,2025,0.3065,"Non Basis",-479607612.6,"Relatif Tertinggal"
kabupaten,12,1223,16,2025,0.3977,"Non Basis",-1531449349.61,"Relatif Tertinggal"
kabupaten,12,1223,17,2025,0.2057,"Non Basis",-568511980.55,"Relatif Tertinggal"
kabupaten,12,1224,1,2022,2.1431,Basis,-17725903734.7,"Maju tapi Tertekan"
kabupaten,12,1224,2,2022,4.7823,Basis,472312702.2,"Maju dan Tumbuh Cepat"
kabupaten,12,1224,3,2022,0.0127,"Non Basis",23559085.25,"Potensial / Cepat Berkembang"
kabupaten,12,1224,4,2022,1.0639,Basis,-37021751.25,"Maju tapi Tertekan"
kabupaten,12,1224,5,2022,0.475,"Non Basis",-25352774.83,"Relatif Tertinggal"
kabupaten,12,1224,6,2022,0.6689,"Non Basis",-5547612816.54,"Relatif Tertinggal"
kabupaten,12,1224,7,2022,0.5686,"Non Basis",-4628238763.43,"Relatif Tertinggal"
kabupaten,12,1224,8,2022,0.3906,"Non Basis",-4129706980.32,"Relatif Tertinggal"
kabupaten,12,1224,9,2022,1.1712,Basis,-4019871855.91,"Maju tapi Tertekan"
kabupaten,12,1224,10,2022,0.144,"Non Basis",-178849224.59,"Relatif Tertinggal"
kabupaten,12,1224,11,2022,0.6358,"Non Basis",-141878681.03,"Relatif Tertinggal"
kabupaten,12,1224,12,2022,0.7609,"Non Basis",-2926974933.56,"Relatif Tertinggal"
kabupaten,12,1224,13,2022,0.0724,"Non Basis",-108672157.25,"Relatif Tertinggal"
kabupaten,12,1224,14,2022,1.951,Basis,1428061191.7,"Maju dan Tumbuh Cepat"
kabupaten,12,1224,15,2022,1.0172,Basis,-823224099.56,"Maju tapi Tertekan"
kabupaten,12,1224,16,2022,0.928,"Non Basis",-976003558.47,"Relatif Tertinggal"
kabupaten,12,1224,17,2022,0.5103,"Non Basis",-478721112.88,"Relatif Tertinggal"
kabupaten,12,1224,1,2023,2.1724,Basis,2692059241.82,"Maju dan Tumbuh Cepat"
kabupaten,12,1224,2,2023,4.9167,Basis,2519206781.37,"Maju dan Tumbuh Cepat"
kabupaten,12,1224,3,2023,0.0127,"Non Basis",-40375458.59,"Relatif Tertinggal"
kabupaten,12,1224,4,2023,1.0702,Basis,-22648783.97,"Maju tapi Tertekan"
kabupaten,12,1224,5,2023,0.4711,"Non Basis",-23808709.45,"Relatif Tertinggal"
kabupaten,12,1224,6,2023,0.6692,"Non Basis",-2418329342.83,"Relatif Tertinggal"
kabupaten,12,1224,7,2023,0.5694,"Non Basis",-2813812830.29,"Relatif Tertinggal"
kabupaten,12,1224,8,2023,0.3601,"Non Basis",-4166177752.46,"Relatif Tertinggal"
kabupaten,12,1224,9,2023,1.1291,Basis,-3365478659.04,"Maju tapi Tertekan"
kabupaten,12,1224,10,2023,0.1426,"Non Basis",-272803438.67,"Relatif Tertinggal"
kabupaten,12,1224,11,2023,0.6383,"Non Basis",-374670933.55,"Relatif Tertinggal"
kabupaten,12,1224,12,2023,0.7661,"Non Basis",-414622709.21,"Relatif Tertinggal"
kabupaten,12,1224,13,2023,0.0707,"Non Basis",-57541105.81,"Relatif Tertinggal"
kabupaten,12,1224,14,2023,2.0072,Basis,2631828199.33,"Maju dan Tumbuh Cepat"
kabupaten,12,1224,15,2023,0.9978,"Non Basis",-1735088175.38,"Relatif Tertinggal"
kabupaten,12,1224,16,2023,0.9216,"Non Basis",-421341396.25,"Relatif Tertinggal"
kabupaten,12,1224,17,2023,0.4944,"Non Basis",-306232916.89,"Relatif Tertinggal"
kabupaten,12,1224,1,2024,2.183,Basis,-12438537519.66,"Maju tapi Tertekan"
kabupaten,12,1224,2,2024,5.0271,Basis,1475737016.67,"Maju dan Tumbuh Cepat"
kabupaten,12,1224,3,2024,0.0128,"Non Basis",-31133509.49,"Relatif Tertinggal"
kabupaten,12,1224,4,2024,1.0726,Basis,-43618542.54,"Maju tapi Tertekan"
kabupaten,12,1224,5,2024,0.4734,"Non Basis",-10127315.41,"Relatif Tertinggal"
kabupaten,12,1224,6,2024,0.672,"Non Basis",-2082286119.1,"Relatif Tertinggal"
kabupaten,12,1224,7,2024,0.5826,"Non Basis",2742369837.59,"Potensial / Cepat Berkembang"
kabupaten,12,1224,8,2024,0.3552,"Non Basis",-1209931747.74,"Relatif Tertinggal"
kabupaten,12,1224,9,2024,1.0425,Basis,-6783595442.62,"Maju tapi Tertekan"
kabupaten,12,1224,10,2024,0.1395,"Non Basis",-454770505.68,"Relatif Tertinggal"
kabupaten,12,1224,11,2024,0.6341,"Non Basis",-981138074.86,"Relatif Tertinggal"
kabupaten,12,1224,12,2024,0.7462,"Non Basis",-3437968855.92,"Relatif Tertinggal"
kabupaten,12,1224,13,2024,0.069,"Non Basis",-65215406.23,"Relatif Tertinggal"
kabupaten,12,1224,14,2024,2.0397,Basis,462021039.85,"Maju dan Tumbuh Cepat"
kabupaten,12,1224,15,2024,0.9875,"Non Basis",-1370254113.09,"Relatif Tertinggal"
kabupaten,12,1224,16,2024,0.9271,"Non Basis",-174150509.96,"Relatif Tertinggal"
kabupaten,12,1224,17,2024,0.494,"Non Basis",-103145745.05,"Relatif Tertinggal"
kabupaten,12,1224,1,2025,2.1381,Basis,-25146256328.54,"Maju tapi Tertekan"
kabupaten,12,1224,2,2025,4.946,Basis,-2008913851.01,"Maju tapi Tertekan"
kabupaten,12,1224,3,2025,0.0126,"Non Basis",-74929102.72,"Relatif Tertinggal"
kabupaten,12,1224,4,2025,1.0627,Basis,-20240049.81,"Maju tapi Tertekan"
kabupaten,12,1224,5,2025,0.4625,"Non Basis",-23926047.22,"Relatif Tertinggal"
kabupaten,12,1224,6,2025,0.6802,"Non Basis",3762964890.63,"Potensial / Cepat Berkembang"
kabupaten,12,1224,7,2025,0.5837,"Non Basis",1892780356.59,"Potensial / Cepat Berkembang"
kabupaten,12,1224,8,2025,0.4773,"Non Basis",11895871744.66,"Potensial / Cepat Berkembang"
kabupaten,12,1224,9,2025,1.0723,Basis,2400202843.49,"Maju dan Tumbuh Cepat"
kabupaten,12,1224,10,2025,0.1351,"Non Basis",-374747411.33,"Relatif Tertinggal"
kabupaten,12,1224,11,2025,0.6312,"Non Basis",-17668861,"Relatif Tertinggal"
kabupaten,12,1224,12,2025,0.6961,"Non Basis",-5848518037.45,"Relatif Tertinggal"
kabupaten,12,1224,13,2025,0.0637,"Non Basis",-135479371.97,"Relatif Tertinggal"
kabupaten,12,1224,14,2025,2.1156,Basis,6984664700.16,"Maju dan Tumbuh Cepat"
kabupaten,12,1224,15,2025,0.9856,"Non Basis",146228103.82,"Potensial / Cepat Berkembang"
kabupaten,12,1224,16,2025,0.8767,"Non Basis",-1275825510.12,"Relatif Tertinggal"
kabupaten,12,1224,17,2025,0.4968,"Non Basis",75261238.32,"Potensial / Cepat Berkembang"
kabupaten,12,1225,1,2022,2.2311,Basis,-15414008555.58,"Maju tapi Tertekan"
kabupaten,12,1225,2,2022,2.6275,Basis,-124713364.8,"Maju tapi Tertekan"
kabupaten,12,1225,3,2022,0.013,"Non Basis",-59464198.19,"Relatif Tertinggal"
kabupaten,12,1225,4,2022,1.0478,Basis,-96207473.51,"Maju tapi Tertekan"
kabupaten,12,1225,6,2022,0.6894,"Non Basis",-304671167.07,"Relatif Tertinggal"
kabupaten,12,1225,7,2022,0.6557,"Non Basis",-2989875210.11,"Relatif Tertinggal"
kabupaten,12,1225,8,2022,0.3538,"Non Basis",-1462999322.76,"Relatif Tertinggal"
kabupaten,12,1225,9,2022,0.7473,"Non Basis",-524019762.87,"Relatif Tertinggal"
kabupaten,12,1225,10,2022,0.1621,"Non Basis",-531879037.33,"Relatif Tertinggal"
kabupaten,12,1225,11,2022,0.5991,"Non Basis",-877213923.89,"Relatif Tertinggal"
kabupaten,12,1225,12,2022,0.5589,"Non Basis",-403771218.48,"Relatif Tertinggal"
kabupaten,12,1225,13,2022,0.0845,"Non Basis",-87767188.13,"Relatif Tertinggal"
kabupaten,12,1225,14,2022,2.305,Basis,703690253.74,"Maju dan Tumbuh Cepat"
kabupaten,12,1225,15,2022,0.9012,"Non Basis",-232638548.65,"Relatif Tertinggal"
kabupaten,12,1225,16,2022,0.7303,"Non Basis",-434686807.75,"Relatif Tertinggal"
kabupaten,12,1225,17,2022,0.4356,"Non Basis",-261681493.66,"Relatif Tertinggal"
kabupaten,12,1225,1,2023,2.2498,Basis,-3304901353.85,"Maju tapi Tertekan"
kabupaten,12,1225,2,2023,2.8034,Basis,2445864965.35,"Maju dan Tumbuh Cepat"
kabupaten,12,1225,3,2023,0.0127,"Non Basis",-103841159.23,"Relatif Tertinggal"
kabupaten,12,1225,4,2023,1.0385,Basis,-43271614.64,"Maju tapi Tertekan"
kabupaten,12,1225,6,2023,0.6972,"Non Basis",-161078753.35,"Relatif Tertinggal"
kabupaten,12,1225,7,2023,0.6592,"Non Basis",-1217507577.28,"Relatif Tertinggal"
kabupaten,12,1225,8,2023,0.3329,"Non Basis",-1603504816.98,"Relatif Tertinggal"
kabupaten,12,1225,9,2023,0.7178,"Non Basis",-1247656599.83,"Relatif Tertinggal"
kabupaten,12,1225,10,2023,0.1523,"Non Basis",-546121715.44,"Relatif Tertinggal"
kabupaten,12,1225,11,2023,0.6251,"Non Basis",735189904.78,"Potensial / Cepat Berkembang"
kabupaten,12,1225,12,2023,0.5656,"Non Basis",-20963107.93,"Relatif Tertinggal"
kabupaten,12,1225,13,2023,0.0802,"Non Basis",-66795717.89,"Relatif Tertinggal"
kabupaten,12,1225,14,2023,2.3616,Basis,1154511300.28,"Maju dan Tumbuh Cepat"
kabupaten,12,1225,15,2023,0.8838,"Non Basis",-843956374.99,"Relatif Tertinggal"
kabupaten,12,1225,16,2023,0.7721,"Non Basis",422032888.6,"Potensial / Cepat Berkembang"
kabupaten,12,1225,17,2023,0.4029,"Non Basis",-284220688.45,"Relatif Tertinggal"
kabupaten,12,1225,1,2024,2.2649,Basis,-4204027414.36,"Maju tapi Tertekan"
kabupaten,12,1225,2,2024,2.8409,Basis,69380217.06,"Maju dan Tumbuh Cepat"
kabupaten,12,1225,3,2024,0.0123,"Non Basis",-138654960.79,"Relatif Tertinggal"
kabupaten,12,1225,4,2024,1.0236,Basis,-53411619.87,"Maju tapi Tertekan"
kabupaten,12,1225,6,2024,0.7013,"Non Basis",-759728646.64,"Relatif Tertinggal"
kabupaten,12,1225,7,2024,0.6693,"Non Basis",578551879.5,"Potensial / Cepat Berkembang"
kabupaten,12,1225,8,2024,0.3165,"Non Basis",-1350211987.44,"Relatif Tertinggal"
kabupaten,12,1225,9,2024,0.6768,"Non Basis",-1760133536.64,"Relatif Tertinggal"
kabupaten,12,1225,10,2024,0.1639,"Non Basis",481086423.03,"Potensial / Cepat Berkembang"
kabupaten,12,1225,11,2024,0.609,"Non Basis",-968132581.59,"Relatif Tertinggal"
kabupaten,12,1225,12,2024,0.5594,"Non Basis",-783517198.4,"Relatif Tertinggal"
kabupaten,12,1225,13,2024,0.0772,"Non Basis",-51334582.07,"Relatif Tertinggal"
kabupaten,12,1225,14,2024,2.3893,Basis,-23356587.68,"Maju tapi Tertekan"
kabupaten,12,1225,15,2024,0.879,"Non Basis",-472794190.02,"Relatif Tertinggal"
kabupaten,12,1225,16,2024,0.7432,"Non Basis",-513640636.39,"Relatif Tertinggal"
kabupaten,12,1225,17,2024,0.3827,"Non Basis",-196166989.2,"Relatif Tertinggal"
kabupaten,12,1225,1,2025,2.233,Basis,-16607503254.52,"Maju tapi Tertekan"
kabupaten,12,1225,2,2025,2.865,Basis,149608052.96,"Maju dan Tumbuh Cepat"
kabupaten,12,1225,3,2025,0.012,"Non Basis",-104555664.65,"Relatif Tertinggal"
kabupaten,12,1225,4,2025,0.9963,"Non Basis",-66111700.41,"Relatif Tertinggal"
kabupaten,12,1225,6,2025,0.7053,"Non Basis",29401604.63,"Potensial / Cepat Berkembang"
kabupaten,12,1225,7,2025,0.6413,"Non Basis",-8753993007.39,"Relatif Tertinggal"
kabupaten,12,1225,8,2025,0.4539,"Non Basis",6874820732.07,"Potensial / Cepat Berkembang"
kabupaten,12,1225,9,2025,0.6792,"Non Basis",-49714125.99,"Relatif Tertinggal"
kabupaten,12,1225,10,2025,0.1547,"Non Basis",-521717132.08,"Relatif Tertinggal"
kabupaten,12,1225,11,2025,0.6177,"Non Basis",224729842.15,"Potensial / Cepat Berkembang"
kabupaten,12,1225,12,2025,0.5482,"Non Basis",-938419109.47,"Relatif Tertinggal"
kabupaten,12,1225,13,2025,0.0703,"Non Basis",-104452007.13,"Relatif Tertinggal"
kabupaten,12,1225,14,2025,2.4169,Basis,626015034.82,"Maju dan Tumbuh Cepat"
kabupaten,12,1225,15,2025,0.88,"Non Basis",-124023872.27,"Relatif Tertinggal"
kabupaten,12,1225,16,2025,0.6898,"Non Basis",-834040729.26,"Relatif Tertinggal"
kabupaten,12,1225,17,2025,0.4964,"Non Basis",899146114.69,"Potensial / Cepat Berkembang"
kabupaten,12,1271,1,2022,0.0323,"Non Basis",-54546631919.31,"Relatif Tertinggal"
kabupaten,12,1271,2,2022,0.0009,"Non Basis",-19696637.05,"Relatif Tertinggal"
kabupaten,12,1271,3,2022,0.7468,"Non Basis",43579654165.31,"Potensial / Cepat Berkembang"
kabupaten,12,1271,4,2022,0.8053,"Non Basis",-2733724205.24,"Relatif Tertinggal"
kabupaten,12,1271,5,2022,1.9255,Basis,3250044310.75,"Maju dan Tumbuh Cepat"
kabupaten,12,1271,6,2022,1.5729,Basis,-114163648597.54,"Maju tapi Tertekan"
kabupaten,12,1271,7,2022,1.4441,Basis,-745324450142.94,"Maju tapi Tertekan"
kabupaten,12,1271,8,2022,1.3069,Basis,-107091160111.75,"Maju tapi Tertekan"
kabupaten,12,1271,9,2022,1.0898,Basis,129246968683.55,"Maju dan Tumbuh Cepat"
kabupaten,12,1271,10,2022,2.5123,Basis,204386026167.9,"Maju dan Tumbuh Cepat"
kabupaten,12,1271,11,2022,2.0938,Basis,-118900856264.91,"Maju tapi Tertekan"
kabupaten,12,1271,12,2022,1.8583,Basis,-35744311336.67,"Maju tapi Tertekan"
kabupaten,12,1271,13,2022,2.7283,Basis,75981569102.76,"Maju dan Tumbuh Cepat"
kabupaten,12,1271,14,2022,0.525,"Non Basis",-1424667454.59,"Relatif Tertinggal"
kabupaten,12,1271,15,2022,1.4462,Basis,-75655759060.43,"Maju tapi Tertekan"
kabupaten,12,1271,16,2022,1.6608,Basis,19894264976.2,"Maju dan Tumbuh Cepat"
kabupaten,12,1271,17,2022,2.1781,Basis,-6820845922,"Maju tapi Tertekan"
kabupaten,12,1271,1,2023,0.0322,"Non Basis",-5048389359.02,"Relatif Tertinggal"
kabupaten,12,1271,2,2023,0.0009,"Non Basis",21829985.98,"Potensial / Cepat Berkembang"
kabupaten,12,1271,3,2023,0.7408,"Non Basis",-171667056611.22,"Relatif Tertinggal"
kabupaten,12,1271,4,2023,0.8103,"Non Basis",1292415736.45,"Potensial / Cepat Berkembang"
kabupaten,12,1271,5,2023,1.9064,Basis,-3105873942.17,"Maju tapi Tertekan"
kabupaten,12,1271,6,2023,1.543,Basis,-633718821848.08,"Maju tapi Tertekan"
kabupaten,12,1271,7,2023,1.4366,Basis,-225238456603.97,"Maju tapi Tertekan"
kabupaten,12,1271,8,2023,1.285,Basis,-171060883314.34,"Maju tapi Tertekan"
kabupaten,12,1271,9,2023,1.1135,Basis,97374235741.39,"Maju dan Tumbuh Cepat"
kabupaten,12,1271,10,2023,2.5214,Basis,57879064570.72,"Maju dan Tumbuh Cepat"
kabupaten,12,1271,11,2023,2.0322,Basis,-307965483304.33,"Maju tapi Tertekan"
kabupaten,12,1271,12,2023,1.8476,Basis,-74258195831.73,"Maju tapi Tertekan"
kabupaten,12,1271,13,2023,2.7551,Basis,43621204508.47,"Maju dan Tumbuh Cepat"
kabupaten,12,1271,14,2023,0.4935,"Non Basis",-165888222939.35,"Relatif Tertinggal"
kabupaten,12,1271,15,2023,1.4307,Basis,-55590577899.9,"Maju tapi Tertekan"
kabupaten,12,1271,16,2023,1.5895,Basis,-115724408750.81,"Maju tapi Tertekan"
kabupaten,12,1271,17,2023,2.1955,Basis,17040400105.93,"Maju dan Tumbuh Cepat"
kabupaten,12,1271,1,2024,0.0315,"Non Basis",-30681167839.1,"Relatif Tertinggal"
kabupaten,12,1271,2,2024,0.0009,"Non Basis",-51246915.87,"Relatif Tertinggal"
kabupaten,12,1271,3,2024,0.7305,"Non Basis",-312410895375.61,"Relatif Tertinggal"
kabupaten,12,1271,4,2024,0.8347,"Non Basis",6175216629.58,"Potensial / Cepat Berkembang"
kabupaten,12,1271,5,2024,1.8772,Basis,-4900587398.69,"Maju tapi Tertekan"
kabupaten,12,1271,6,2024,1.525,Basis,-400991004917.28,"Maju tapi Tertekan"
kabupaten,12,1271,7,2024,1.4157,Basis,-677913772519.97,"Maju tapi Tertekan"
kabupaten,12,1271,8,2024,1.3217,Basis,315193898230.85,"Maju dan Tumbuh Cepat"
kabupaten,12,1271,9,2024,1.1378,Basis,112471432509.14,"Maju dan Tumbuh Cepat"
kabupaten,12,1271,10,2024,2.5264,Basis,37235731732.41,"Maju dan Tumbuh Cepat"
kabupaten,12,1271,11,2024,2.0217,Basis,-50449340489.34,"Maju tapi Tertekan"
kabupaten,12,1271,12,2024,1.8517,Basis,37622989690.92,"Maju dan Tumbuh Cepat"
kabupaten,12,1271,13,2024,2.8599,Basis,175354443338.8,"Maju dan Tumbuh Cepat"
kabupaten,12,1271,14,2024,0.4739,"Non Basis",-109015927639.61,"Relatif Tertinggal"
kabupaten,12,1271,15,2024,1.4229,Basis,-28356782050.5,"Maju tapi Tertekan"
kabupaten,12,1271,16,2024,1.5974,Basis,14789293429.47,"Maju dan Tumbuh Cepat"
kabupaten,12,1271,17,2024,2.2393,Basis,44804337995.74,"Maju dan Tumbuh Cepat"
kabupaten,12,1271,1,2025,0.0308,"Non Basis",-2495401162.06,"Relatif Tertinggal"
kabupaten,12,1271,2,2025,0.0009,"Non Basis",35133930.17,"Potensial / Cepat Berkembang"
kabupaten,12,1271,3,2025,0.7115,"Non Basis",-133015978483.55,"Relatif Tertinggal"
kabupaten,12,1271,4,2025,0.7948,"Non Basis",-6014789235.81,"Relatif Tertinggal"
kabupaten,12,1271,5,2025,1.8762,Basis,6989064813.11,"Maju dan Tumbuh Cepat"
kabupaten,12,1271,6,2025,1.491,Basis,-63703462754.09,"Maju tapi Tertekan"
kabupaten,12,1271,7,2025,1.4031,Basis,591026795668.65,"Maju dan Tumbuh Cepat"
kabupaten,12,1271,8,2025,1.8754,Basis,3863647115090,"Maju dan Tumbuh Cepat"
kabupaten,12,1271,9,2025,1.102,Basis,-60784282799.28,"Maju tapi Tertekan"
kabupaten,12,1271,10,2025,2.4655,Basis,-62671425668.35,"Maju tapi Tertekan"
kabupaten,12,1271,11,2025,1.999,Basis,103153005408.65,"Maju dan Tumbuh Cepat"
kabupaten,12,1271,12,2025,1.8083,Basis,-47818365375.21,"Maju tapi Tertekan"
kabupaten,12,1271,13,2025,2.8198,Basis,34510362730.36,"Maju dan Tumbuh Cepat"
kabupaten,12,1271,14,2025,0.4755,"Non Basis",64348364584.1,"Potensial / Cepat Berkembang"
kabupaten,12,1271,15,2025,1.3773,Basis,-68880001393.55,"Maju tapi Tertekan"
kabupaten,12,1271,16,2025,1.57,Basis,9996382218.16,"Maju dan Tumbuh Cepat"
kabupaten,12,1271,17,2025,2.23,Basis,38674735600.21,"Maju dan Tumbuh Cepat"
kabupaten,12,1272,1,2022,0.0641,"Non Basis",-6033136031.07,"Relatif Tertinggal"
kabupaten,12,1272,2,2022,0.0077,"Non Basis",-25109879.77,"Relatif Tertinggal"
kabupaten,12,1272,3,2022,1.133,Basis,-3907979842.33,"Maju tapi Tertekan"
kabupaten,12,1272,4,2022,2.237,Basis,-222455382.04,"Maju tapi Tertekan"
kabupaten,12,1272,5,2022,3.0533,Basis,-104902822.56,"Maju tapi Tertekan"
kabupaten,12,1272,6,2022,0.7138,"Non Basis",-7624268127.51,"Relatif Tertinggal"
kabupaten,12,1272,7,2022,1.5239,Basis,-20893872509.43,"Maju tapi Tertekan"
kabupaten,12,1272,8,2022,1.729,Basis,-70032094779.75,"Maju tapi Tertekan"
kabupaten,12,1272,9,2022,2.567,Basis,-5867539868.92,"Maju tapi Tertekan"
kabupaten,12,1272,10,2022,0.7533,"Non Basis",-11665354226.54,"Relatif Tertinggal"
kabupaten,12,1272,11,2022,1.3625,Basis,-932196649.51,"Maju tapi Tertekan"
kabupaten,12,1272,12,2022,1.5681,Basis,-10475572952.62,"Maju tapi Tertekan"
kabupaten,12,1272,13,2022,0.9934,"Non Basis",-3867364224.92,"Relatif Tertinggal"
kabupaten,12,1272,14,2022,1.4697,Basis,3168979199.27,"Maju dan Tumbuh Cepat"
kabupaten,12,1272,15,2022,3.697,Basis,-17381311785.21,"Maju tapi Tertekan"
kabupaten,12,1272,16,2022,1.2935,Basis,-251060352.55,"Maju tapi Tertekan"
kabupaten,12,1272,17,2022,1.0918,Basis,-2501544169.37,"Maju tapi Tertekan"
kabupaten,12,1272,1,2023,0.0627,"Non Basis",-5097167163.67,"Relatif Tertinggal"
kabupaten,12,1272,2,2023,0.0076,"Non Basis",-13908400.76,"Relatif Tertinggal"
kabupaten,12,1272,3,2023,1.0925,Basis,-86643870465.6,"Maju tapi Tertekan"
kabupaten,12,1272,4,2023,2.2456,Basis,-119316821.27,"Maju tapi Tertekan"
kabupaten,12,1272,5,2023,3.037,Basis,-391977609.31,"Maju tapi Tertekan"
kabupaten,12,1272,6,2023,0.7236,"Non Basis",5629387866.32,"Potensial / Cepat Berkembang"
kabupaten,12,1272,7,2023,1.5236,Basis,-22319842237.63,"Maju tapi Tertekan"
kabupaten,12,1272,8,2023,1.6461,Basis,-45390294389.11,"Maju tapi Tertekan"
kabupaten,12,1272,9,2023,2.5051,Basis,-19545395329.43,"Maju tapi Tertekan"
kabupaten,12,1272,10,2023,0.7414,"Non Basis",-6057940743.8,"Relatif Tertinggal"
kabupaten,12,1272,11,2023,1.3433,Basis,-8841627646.15,"Maju tapi Tertekan"
kabupaten,12,1272,12,2023,1.5948,Basis,6486137335.49,"Maju dan Tumbuh Cepat"
kabupaten,12,1272,13,2023,0.9785,"Non Basis",-2097316502.04,"Relatif Tertinggal"
kabupaten,12,1272,14,2023,1.5956,Basis,36100471987.91,"Maju dan Tumbuh Cepat"
kabupaten,12,1272,15,2023,3.641,Basis,-18502029473.34,"Maju tapi Tertekan"
kabupaten,12,1272,16,2023,1.285,Basis,-1767514284.32,"Maju tapi Tertekan"
kabupaten,12,1272,17,2023,1.0643,Basis,-1994926874.07,"Maju tapi Tertekan"
kabupaten,12,1272,1,2024,0.0618,"Non Basis",-3119034478.46,"Relatif Tertinggal"
kabupaten,12,1272,2,2024,0.0075,"Non Basis",-19416820.57,"Relatif Tertinggal"
kabupaten,12,1272,3,2024,1.0354,Basis,-113285349728.83,"Maju tapi Tertekan"
kabupaten,12,1272,4,2024,2.2292,Basis,-376069416.17,"Maju tapi Tertekan"
kabupaten,12,1272,5,2024,2.9842,Basis,-663608183.83,"Maju tapi Tertekan"
kabupaten,12,1272,6,2024,0.7254,"Non Basis",-1483511602.14,"Relatif Tertinggal"
kabupaten,12,1272,7,2024,1.5727,Basis,84797194953.81,"Maju dan Tumbuh Cepat"
kabupaten,12,1272,8,2024,1.6163,Basis,-18282933033.07,"Maju tapi Tertekan"
kabupaten,12,1272,9,2024,2.3951,Basis,-32191494595.71,"Maju tapi Tertekan"
kabupaten,12,1272,10,2024,0.7334,"Non Basis",-4059241220.56,"Relatif Tertinggal"
kabupaten,12,1272,11,2024,1.3679,Basis,5917962568.07,"Maju dan Tumbuh Cepat"
kabupaten,12,1272,12,2024,1.6128,Basis,5307799069.7,"Maju dan Tumbuh Cepat"
kabupaten,12,1272,13,2024,0.959,"Non Basis",-2294547529.85,"Relatif Tertinggal"
kabupaten,12,1272,14,2024,1.603,Basis,302876795.47,"Maju dan Tumbuh Cepat"
kabupaten,12,1272,15,2024,3.584,Basis,-16646311907.56,"Maju tapi Tertekan"
kabupaten,12,1272,16,2024,1.2858,Basis,-450235142.11,"Maju tapi Tertekan"
kabupaten,12,1272,17,2024,1.0536,Basis,-885414166.03,"Maju tapi Tertekan"
kabupaten,12,1272,1,2025,0.0604,"Non Basis",-1862271293.38,"Relatif Tertinggal"
kabupaten,12,1272,2,2025,0.0073,"Non Basis",-17007838.94,"Relatif Tertinggal"
kabupaten,12,1272,3,2025,0.9989,"Non Basis",-48440031525.94,"Relatif Tertinggal"
kabupaten,12,1272,4,2025,2.157,Basis,-738198588.76,"Maju tapi Tertekan"
kabupaten,12,1272,5,2025,2.8095,Basis,-1553409246.6,"Maju tapi Tertekan"
kabupaten,12,1272,6,2025,0.7415,"Non Basis",32979864545.18,"Potensial / Cepat Berkembang"
kabupaten,12,1272,7,2025,1.5782,Basis,48230927730.4,"Maju dan Tumbuh Cepat"
kabupaten,12,1272,8,2025,2.1877,Basis,229343437571.3,"Maju dan Tumbuh Cepat"
kabupaten,12,1272,9,2025,2.4095,Basis,11482771415.14,"Maju dan Tumbuh Cepat"
kabupaten,12,1272,10,2025,0.694,"Non Basis",-12481212674.91,"Relatif Tertinggal"
kabupaten,12,1272,11,2025,1.3471,Basis,-1881296307.68,"Maju tapi Tertekan"
kabupaten,12,1272,12,2025,1.5304,Basis,-32672966949.87,"Maju tapi Tertekan"
kabupaten,12,1272,13,2025,0.8736,"Non Basis",-8182820868.83,"Relatif Tertinggal"
kabupaten,12,1272,14,2025,1.5751,Basis,-3435805671.07,"Maju tapi Tertekan"
kabupaten,12,1272,15,2025,3.4585,Basis,-21097420081.66,"Maju tapi Tertekan"
kabupaten,12,1272,16,2025,1.22,Basis,-5765916575.84,"Maju tapi Tertekan"
kabupaten,12,1272,17,2025,1.0299,Basis,-758433173.63,"Maju tapi Tertekan"
kabupaten,12,1273,1,2022,0.7115,"Non Basis",-20744908867.28,"Relatif Tertinggal"
kabupaten,12,1273,2,2022,0.0021,"Non Basis",-2615612.48,"Relatif Tertinggal"
kabupaten,12,1273,3,2022,0.2665,"Non Basis",3520024514.95,"Potensial / Cepat Berkembang"
kabupaten,12,1273,4,2022,0.9316,"Non Basis",-42822085.89,"Relatif Tertinggal"
kabupaten,12,1273,5,2022,3.2345,Basis,230806059.41,"Maju dan Tumbuh Cepat"
kabupaten,12,1273,6,2022,0.9031,"Non Basis",-4287034782.62,"Relatif Tertinggal"
kabupaten,12,1273,7,2022,1.5145,Basis,-8974118521.83,"Maju tapi Tertekan"
kabupaten,12,1273,8,2022,2.1376,Basis,-18178387589.06,"Maju tapi Tertekan"
kabupaten,12,1273,9,2022,2.3553,Basis,2896087605.64,"Maju dan Tumbuh Cepat"
kabupaten,12,1273,10,2022,0.5398,"Non Basis",-1448797729.69,"Relatif Tertinggal"
kabupaten,12,1273,11,2022,0.8901,"Non Basis",860846575.78,"Potensial / Cepat Berkembang"
kabupaten,12,1273,12,2022,1.0768,Basis,-2420062558.63,"Maju tapi Tertekan"
kabupaten,12,1273,13,2022,0.6314,"Non Basis",16438878.39,"Potensial / Cepat Berkembang"
kabupaten,12,1273,14,2022,2.2342,Basis,1591776348.66,"Maju dan Tumbuh Cepat"
kabupaten,12,1273,15,2022,2.4028,Basis,-1041737894.93,"Maju tapi Tertekan"
kabupaten,12,1273,16,2022,1.3705,Basis,-11447188.58,"Maju tapi Tertekan"
kabupaten,12,1273,17,2022,0.7156,"Non Basis",-74358151.08,"Relatif Tertinggal"
kabupaten,12,1273,1,2023,0.7115,"Non Basis",-5390960172.86,"Relatif Tertinggal"
kabupaten,12,1273,2,2023,0.0021,"Non Basis",-3532125.08,"Relatif Tertinggal"
kabupaten,12,1273,3,2023,0.2696,"Non Basis",663443234.23,"Potensial / Cepat Berkembang"
kabupaten,12,1273,4,2023,0.939,"Non Basis",1171889.17,"Potensial / Cepat Berkembang"
kabupaten,12,1273,5,2023,3.2421,Basis,-66178067.7,"Maju tapi Tertekan"
kabupaten,12,1273,6,2023,0.889,"Non Basis",-10232436163.19,"Relatif Tertinggal"
kabupaten,12,1273,7,2023,1.5189,Basis,-5249310352.51,"Maju tapi Tertekan"
kabupaten,12,1273,8,2023,2.0341,Basis,-21522595569.77,"Maju tapi Tertekan"
kabupaten,12,1273,9,2023,2.2845,Basis,-8106836925.38,"Maju tapi Tertekan"
kabupaten,12,1273,10,2023,0.5194,"Non Basis",-3214466559.47,"Relatif Tertinggal"
kabupaten,12,1273,11,2023,0.8899,"Non Basis",-804951987.09,"Relatif Tertinggal"
kabupaten,12,1273,12,2023,1.077,Basis,-1354248938.22,"Maju tapi Tertekan"
kabupaten,12,1273,13,2023,0.6202,"Non Basis",-571393519.08,"Relatif Tertinggal"
kabupaten,12,1273,14,2023,2.264,Basis,1500285148.28,"Maju dan Tumbuh Cepat"
kabupaten,12,1273,15,2023,2.3418,Basis,-6657118980.17,"Maju tapi Tertekan"
kabupaten,12,1273,16,2023,1.3681,Basis,-477720990.18,"Maju tapi Tertekan"
kabupaten,12,1273,17,2023,0.6852,"Non Basis",-760678799.01,"Relatif Tertinggal"
kabupaten,12,1273,1,2024,0.7117,"Non Basis",-7622414261.94,"Relatif Tertinggal"
kabupaten,12,1273,2,2024,0.002,"Non Basis",-4022124.55,"Relatif Tertinggal"
kabupaten,12,1273,3,2024,0.2709,"Non Basis",-1082406807.74,"Relatif Tertinggal"
kabupaten,12,1273,4,2024,0.9406,"Non Basis",-47267863.06,"Relatif Tertinggal"
kabupaten,12,1273,5,2024,3.2603,Basis,-63017700.78,"Maju tapi Tertekan"
kabupaten,12,1273,6,2024,0.8681,"Non Basis",-15532169524.66,"Relatif Tertinggal"
kabupaten,12,1273,7,2024,1.5395,Basis,3204403189.72,"Maju dan Tumbuh Cepat"
kabupaten,12,1273,8,2024,2.032,Basis,-4512539263.66,"Maju tapi Tertekan"
kabupaten,12,1273,9,2024,2.1742,Basis,-13597207925.96,"Maju tapi Tertekan"
kabupaten,12,1273,10,2024,0.4933,"Non Basis",-4391237781.24,"Relatif Tertinggal"
kabupaten,12,1273,11,2024,0.91,"Non Basis",1242548321.84,"Potensial / Cepat Berkembang"
kabupaten,12,1273,12,2024,1.0546,Basis,-5863151721.4,"Maju tapi Tertekan"
kabupaten,12,1273,13,2024,0.6226,"Non Basis",-157820767.97,"Relatif Tertinggal"
kabupaten,12,1273,14,2024,2.2427,Basis,-5702734071.64,"Maju tapi Tertekan"
kabupaten,12,1273,15,2024,2.3294,Basis,-3271273169.44,"Maju tapi Tertekan"
kabupaten,12,1273,16,2024,1.3739,Basis,-336694244.84,"Maju tapi Tertekan"
kabupaten,12,1273,17,2024,0.6774,"Non Basis",-338140447.79,"Relatif Tertinggal"
kabupaten,12,1273,1,2025,0.6827,"Non Basis",-30456726615.47,"Relatif Tertinggal"
kabupaten,12,1273,2,2025,0.002,"Non Basis",-1700783.89,"Relatif Tertinggal"
kabupaten,12,1273,3,2025,0.2688,"Non Basis",-1413790531.6,"Relatif Tertinggal"
kabupaten,12,1273,4,2025,0.9011,"Non Basis",-222882096.57,"Relatif Tertinggal"
kabupaten,12,1273,5,2025,3.0591,Basis,-810679042.26,"Maju tapi Tertekan"
kabupaten,12,1273,6,2025,0.8673,"Non Basis",-66427014.03,"Relatif Tertinggal"
kabupaten,12,1273,7,2025,1.5212,Basis,-13605638226.38,"Maju tapi Tertekan"
kabupaten,12,1273,8,2025,2.801,Basis,111789938804.45,"Maju dan Tumbuh Cepat"
kabupaten,12,1273,9,2025,2.1696,Basis,-317011396.84,"Maju tapi Tertekan"
kabupaten,12,1273,10,2025,0.4715,"Non Basis",-3177855089.86,"Relatif Tertinggal"
kabupaten,12,1273,11,2025,0.8932,"Non Basis",-1947068927.29,"Relatif Tertinggal"
kabupaten,12,1273,12,2025,0.9963,"Non Basis",-10813754281.39,"Relatif Tertinggal"
kabupaten,12,1273,13,2025,0.5888,"Non Basis",-1356129043.48,"Relatif Tertinggal"
kabupaten,12,1273,14,2025,2.2781,Basis,4612175588.72,"Maju dan Tumbuh Cepat"
kabupaten,12,1273,15,2025,2.3216,Basis,-566805217.46,"Maju tapi Tertekan"
kabupaten,12,1273,16,2025,1.3523,Basis,-857888276.65,"Maju tapi Tertekan"
kabupaten,12,1273,17,2025,0.6999,"Non Basis",532032597.67,"Potensial / Cepat Berkembang"
kabupaten,12,1274,1,2022,0.609,"Non Basis",-28189901178.79,"Relatif Tertinggal"
kabupaten,12,1274,2,2022,1.6672,Basis,-251687628.82,"Maju tapi Tertekan"
kabupaten,12,1274,3,2022,1.1294,Basis,9784453858.96,"Maju dan Tumbuh Cepat"
kabupaten,12,1274,4,2022,5.195,Basis,715285833.8,"Maju dan Tumbuh Cepat"
kabupaten,12,1274,5,2022,1.7251,Basis,-104057856.15,"Maju tapi Tertekan"
kabupaten,12,1274,6,2022,1.155,Basis,-8404635889.14,"Maju tapi Tertekan"
kabupaten,12,1274,7,2022,1.2706,Basis,16257104979.73,"Maju dan Tumbuh Cepat"
kabupaten,12,1274,8,2022,1.4485,Basis,-22140309443.1,"Maju tapi Tertekan"
kabupaten,12,1274,9,2022,1.096,Basis,-2004315701.29,"Maju tapi Tertekan"
kabupaten,12,1274,10,2022,0.4015,"Non Basis",-1839760988.46,"Relatif Tertinggal"
kabupaten,12,1274,11,2022,0.6153,"Non Basis",-60309552.91,"Relatif Tertinggal"
kabupaten,12,1274,12,2022,0.7371,"Non Basis",-2860627027.66,"Relatif Tertinggal"
kabupaten,12,1274,13,2022,0.3589,"Non Basis",-289650230.31,"Relatif Tertinggal"
kabupaten,12,1274,14,2022,1.6944,Basis,-3550687055.83,"Maju tapi Tertekan"
kabupaten,12,1274,15,2022,0.8033,"Non Basis",692919495.5,"Potensial / Cepat Berkembang"
kabupaten,12,1274,16,2022,0.831,"Non Basis",141736107.84,"Potensial / Cepat Berkembang"
kabupaten,12,1274,17,2022,2.0395,Basis,-1411324297.43,"Maju tapi Tertekan"
kabupaten,12,1274,1,2023,0.609,"Non Basis",-1408490580.78,"Relatif Tertinggal"
kabupaten,12,1274,2,2023,1.6671,Basis,-196331301.81,"Maju tapi Tertekan"
kabupaten,12,1274,3,2023,1.1426,Basis,12723469007.97,"Maju dan Tumbuh Cepat"
kabupaten,12,1274,4,2023,5.1478,Basis,-493516272.21,"Maju tapi Tertekan"
kabupaten,12,1274,5,2023,1.7288,Basis,7744358.25,"Maju dan Tumbuh Cepat"
kabupaten,12,1274,6,2023,1.1354,Basis,-16963986575.2,"Maju tapi Tertekan"
kabupaten,12,1274,7,2023,1.2651,Basis,-8709449123.61,"Maju tapi Tertekan"
kabupaten,12,1274,8,2023,1.3586,Basis,-27165942567.88,"Maju tapi Tertekan"
kabupaten,12,1274,9,2023,1.0755,Basis,-3303631637.02,"Maju tapi Tertekan"
kabupaten,12,1274,10,2023,0.3932,"Non Basis",-1904016076.13,"Relatif Tertinggal"
kabupaten,12,1274,11,2023,0.6141,"Non Basis",-384446961.49,"Relatif Tertinggal"
kabupaten,12,1274,12,2023,0.7413,"Non Basis",864467818.32,"Potensial / Cepat Berkembang"
kabupaten,12,1274,13,2023,0.353,"Non Basis",-373203813.78,"Relatif Tertinggal"
kabupaten,12,1274,14,2023,1.8297,Basis,26067841123.12,"Maju dan Tumbuh Cepat"
kabupaten,12,1274,15,2023,0.7944,"Non Basis",-1381114333.41,"Relatif Tertinggal"
kabupaten,12,1274,16,2023,0.8052,"Non Basis",-1635244491.4,"Relatif Tertinggal"
kabupaten,12,1274,17,2023,2.0165,Basis,-901904525.66,"Maju tapi Tertekan"
kabupaten,12,1274,1,2024,0.5878,"Non Basis",-37128148286.51,"Relatif Tertinggal"
kabupaten,12,1274,2,2024,1.6527,Basis,-1355569458.11,"Maju tapi Tertekan"
kabupaten,12,1274,3,2024,1.1846,Basis,46863824069.88,"Maju dan Tumbuh Cepat"
kabupaten,12,1274,4,2024,5.2813,Basis,1180316302.86,"Maju dan Tumbuh Cepat"
kabupaten,12,1274,5,2024,1.7535,Basis,145024417.83,"Maju dan Tumbuh Cepat"
kabupaten,12,1274,6,2024,1.1271,Basis,-8223473593.92,"Maju tapi Tertekan"
kabupaten,12,1274,7,2024,1.2835,Basis,21008289680.25,"Maju dan Tumbuh Cepat"
kabupaten,12,1274,8,2024,1.3437,Basis,-5154479954.15,"Maju tapi Tertekan"
kabupaten,12,1274,9,2024,1.0105,Basis,-11124136846.59,"Maju tapi Tertekan"
kabupaten,12,1274,10,2024,0.3844,"Non Basis",-2145147755.73,"Relatif Tertinggal"
kabupaten,12,1274,11,2024,0.6024,"Non Basis",-2403409875.33,"Relatif Tertinggal"
kabupaten,12,1274,12,2024,0.7261,"Non Basis",-4636471920.12,"Relatif Tertinggal"
kabupaten,12,1274,13,2024,0.3471,"Non Basis",-387492390.54,"Relatif Tertinggal"
kabupaten,12,1274,14,2024,1.781,Basis,-10560790756.56,"Maju tapi Tertekan"
kabupaten,12,1274,15,2024,0.7792,"Non Basis",-2338197702.76,"Relatif Tertinggal"
kabupaten,12,1274,16,2024,0.8156,"Non Basis",601892772.52,"Potensial / Cepat Berkembang"
kabupaten,12,1274,17,2024,2.0238,Basis,183153553.14,"Maju dan Tumbuh Cepat"
kabupaten,12,1274,1,2025,0.5579,"Non Basis",-35762274651.23,"Relatif Tertinggal"
kabupaten,12,1274,2,2025,1.6401,Basis,1368530813.03,"Maju dan Tumbuh Cepat"
kabupaten,12,1274,3,2025,1.1952,Basis,37754974423.1,"Maju dan Tumbuh Cepat"
kabupaten,12,1274,4,2025,5.1989,Basis,85552275.98,"Maju dan Tumbuh Cepat"
kabupaten,12,1274,5,2025,1.6827,Basis,-279360390.32,"Maju tapi Tertekan"
kabupaten,12,1274,6,2025,1.1187,Basis,9603641205.53,"Maju dan Tumbuh Cepat"
kabupaten,12,1274,7,2025,1.2813,Basis,26599385298.29,"Maju dan Tumbuh Cepat"
kabupaten,12,1274,8,2025,1.8635,Basis,133228361939.24,"Maju dan Tumbuh Cepat"
kabupaten,12,1274,9,2025,1.0207,Basis,4932020176.35,"Maju dan Tumbuh Cepat"
kabupaten,12,1274,10,2025,0.3682,"Non Basis",-2379755873.27,"Relatif Tertinggal"
kabupaten,12,1274,11,2025,0.591,"Non Basis",-199814879.04,"Relatif Tertinggal"
kabupaten,12,1274,12,2025,0.7027,"Non Basis",-3449671500.38,"Relatif Tertinggal"
kabupaten,12,1274,13,2025,0.3277,"Non Basis",-921694191.58,"Relatif Tertinggal"
kabupaten,12,1274,14,2025,1.762,Basis,2478521422.36,"Maju dan Tumbuh Cepat"
kabupaten,12,1274,15,2025,0.7735,"Non Basis",1184095398.13,"Potensial / Cepat Berkembang"
kabupaten,12,1274,16,2025,0.7774,"Non Basis",-1692007547.79,"Relatif Tertinggal"
kabupaten,12,1274,17,2025,2.0336,Basis,1745963430.37,"Maju dan Tumbuh Cepat"
kabupaten,12,1275,1,2022,0.119,"Non Basis",-5924470517.83,"Relatif Tertinggal"
kabupaten,12,1275,2,2022,2.3288,Basis,-722757780.7,"Maju tapi Tertekan"
kabupaten,12,1275,3,2022,0.6036,"Non Basis",7575402139.33,"Potensial / Cepat Berkembang"
kabupaten,12,1275,4,2022,1.2602,Basis,252495817.07,"Maju dan Tumbuh Cepat"
kabupaten,12,1275,5,2022,1.1701,Basis,-151923194.7,"Maju tapi Tertekan"
kabupaten,12,1275,6,2022,0.9124,"Non Basis",-24544570568.97,"Relatif Tertinggal"
kabupaten,12,1275,7,2022,1.7032,Basis,-27753658238.07,"Maju tapi Tertekan"
kabupaten,12,1275,8,2022,1.8347,Basis,-45149908610.12,"Maju tapi Tertekan"
kabupaten,12,1275,9,2022,2.6478,Basis,10551684302.08,"Maju dan Tumbuh Cepat"
kabupaten,12,1275,10,2022,1.1395,Basis,-957548508.33,"Maju tapi Tertekan"
kabupaten,12,1275,11,2022,1.1692,Basis,4608698584.21,"Maju dan Tumbuh Cepat"
kabupaten,12,1275,12,2022,1.6698,Basis,2433139007.1,"Maju dan Tumbuh Cepat"
kabupaten,12,1275,13,2022,0.8163,"Non Basis",-1135762942.84,"Relatif Tertinggal"
kabupaten,12,1275,14,2022,1.8332,Basis,1380883915.58,"Maju dan Tumbuh Cepat"
kabupaten,12,1275,15,2022,2.2705,Basis,-11410046474.52,"Maju tapi Tertekan"
kabupaten,12,1275,16,2022,1.046,Basis,-465869585.71,"Maju tapi Tertekan"
kabupaten,12,1275,17,2022,0.957,"Non Basis",-2485503722.84,"Relatif Tertinggal"
kabupaten,12,1275,1,2023,0.1191,"Non Basis",-421472351.4,"Relatif Tertinggal"
kabupaten,12,1275,2,2023,2.2921,Basis,-4716913684.74,"Maju tapi Tertekan"
kabupaten,12,1275,3,2023,0.6039,"Non Basis",-1847396569.33,"Relatif Tertinggal"
kabupaten,12,1275,4,2023,1.2918,Basis,355726776.88,"Maju dan Tumbuh Cepat"
kabupaten,12,1275,5,2023,1.1702,Basis,-24339915.37,"Maju tapi Tertekan"
kabupaten,12,1275,6,2023,0.8852,"Non Basis",-32676611875.34,"Relatif Tertinggal"
kabupaten,12,1275,7,2023,1.7032,Basis,-7092954239.68,"Maju tapi Tertekan"
kabupaten,12,1275,8,2023,1.7609,Basis,-32079727929.5,"Maju tapi Tertekan"
kabupaten,12,1275,9,2023,2.636,Basis,-3815425929.11,"Maju tapi Tertekan"
kabupaten,12,1275,10,2023,1.1238,Basis,-5538955800,"Maju tapi Tertekan"
kabupaten,12,1275,11,2023,1.156,Basis,-4172469832.57,"Maju tapi Tertekan"
kabupaten,12,1275,12,2023,1.673,Basis,-381962990.2,"Maju tapi Tertekan"
kabupaten,12,1275,13,2023,0.8147,"Non Basis",-292670423.72,"Relatif Tertinggal"
kabupaten,12,1275,14,2023,1.8271,Basis,-2926986964.24,"Maju tapi Tertekan"
kabupaten,12,1275,15,2023,2.2209,Basis,-10558902060.09,"Maju tapi Tertekan"
kabupaten,12,1275,16,2023,1.031,Basis,-1486655239.21,"Maju tapi Tertekan"
kabupaten,12,1275,17,2023,0.9076,"Non Basis",-2500353914.07,"Relatif Tertinggal"
kabupaten,12,1275,1,2024,0.1198,"Non Basis",601797711.02,"Potensial / Cepat Berkembang"
kabupaten,12,1275,2,2024,2.136,Basis,-18910329098.65,"Maju tapi Tertekan"
kabupaten,12,1275,3,2024,0.599,"Non Basis",-11233963405.69,"Relatif Tertinggal"
kabupaten,12,1275,4,2024,1.2979,Basis,18968227.66,"Maju dan Tumbuh Cepat"
kabupaten,12,1275,5,2024,1.1507,Basis,-207869394.61,"Maju tapi Tertekan"
kabupaten,12,1275,6,2024,0.8597,"Non Basis",-33553428848.75,"Relatif Tertinggal"
kabupaten,12,1275,7,2024,1.7282,Basis,32522753159.58,"Maju dan Tumbuh Cepat"
kabupaten,12,1275,8,2024,1.7945,Basis,11890081633.14,"Maju dan Tumbuh Cepat"
kabupaten,12,1275,9,2024,2.596,Basis,-11445981307.15,"Maju tapi Tertekan"
kabupaten,12,1275,10,2024,1.1279,Basis,52194019.56,"Maju dan Tumbuh Cepat"
kabupaten,12,1275,11,2024,1.1427,Basis,-4685654713.96,"Maju tapi Tertekan"
kabupaten,12,1275,12,2024,1.6253,Basis,-21326235497.06,"Maju tapi Tertekan"
kabupaten,12,1275,13,2024,0.8099,"Non Basis",-651408920.63,"Relatif Tertinggal"
kabupaten,12,1275,14,2024,1.7684,Basis,-18721165871.58,"Maju tapi Tertekan"
kabupaten,12,1275,15,2024,2.1902,Basis,-7738244675.2,"Maju tapi Tertekan"
kabupaten,12,1275,16,2024,1.026,Basis,-759155192.38,"Maju tapi Tertekan"
kabupaten,12,1275,17,2024,0.9004,"Non Basis",-536653602.14,"Relatif Tertinggal"
kabupaten,12,1275,1,2025,0.1211,"Non Basis",7679515551.18,"Potensial / Cepat Berkembang"
kabupaten,12,1275,2,2025,2.0158,Basis,-10522737830.7,"Maju tapi Tertekan"
kabupaten,12,1275,3,2025,0.5885,"Non Basis",-2659156925.36,"Relatif Tertinggal"
kabupaten,12,1275,4,2025,1.2542,Basis,-328396554.9,"Maju tapi Tertekan"
kabupaten,12,1275,5,2025,1.1216,Basis,-115291149.39,"Maju tapi Tertekan"
kabupaten,12,1275,6,2025,0.8468,"Non Basis",-244201464.3,"Relatif Tertinggal"
kabupaten,12,1275,7,2025,1.6969,Basis,-10439522450.27,"Maju tapi Tertekan"
kabupaten,12,1275,8,2025,2.5506,Basis,264783350354.73,"Maju dan Tumbuh Cepat"
kabupaten,12,1275,9,2025,2.5716,Basis,3448736150.99,"Maju dan Tumbuh Cepat"
kabupaten,12,1275,10,2025,1.1006,Basis,-3673140261.38,"Maju tapi Tertekan"
kabupaten,12,1275,11,2025,1.1023,Basis,-6586596241.61,"Maju tapi Tertekan"
kabupaten,12,1275,12,2025,1.5799,Basis,-9355519416.4,"Maju tapi Tertekan"
kabupaten,12,1275,13,2025,0.7762,"Non Basis",-2055407688.88,"Relatif Tertinggal"
kabupaten,12,1275,14,2025,1.7133,Basis,-8388954442.37,"Maju tapi Tertekan"
kabupaten,12,1275,15,2025,2.1532,Basis,-981589117.98,"Maju tapi Tertekan"
kabupaten,12,1275,16,2025,0.9926,"Non Basis",-1762221825.97,"Relatif Tertinggal"
kabupaten,12,1275,17,2025,0.9071,"Non Basis",1077858705.12,"Potensial / Cepat Berkembang"
kabupaten,12,1276,1,2022,0.0547,"Non Basis",-540699332107.26,"Relatif Tertinggal"
kabupaten,12,1276,2,2022,0.1348,"Non Basis",69784300.38,"Potensial / Cepat Berkembang"
kabupaten,12,1276,3,2022,0.695,"Non Basis",-3759619327.47,"Relatif Tertinggal"
kabupaten,12,1276,4,2022,1.4166,Basis,-23488566.65,"Maju tapi Tertekan"
kabupaten,12,1276,5,2022,2.3478,Basis,116311039.86,"Maju dan Tumbuh Cepat"
kabupaten,12,1276,6,2022,1.1652,Basis,-4853966869.05,"Maju tapi Tertekan"
kabupaten,12,1276,7,2022,1.3143,Basis,-23938417143.98,"Maju tapi Tertekan"
kabupaten,12,1276,8,2022,1.9438,Basis,-11543015515.52,"Maju tapi Tertekan"
kabupaten,12,1276,9,2022,2.0429,Basis,1345085768.65,"Maju dan Tumbuh Cepat"
kabupaten,12,1276,10,2022,0.9525,"Non Basis",2082615328.6,"Potensial / Cepat Berkembang"
kabupaten,12,1276,11,2022,1.7044,Basis,695067068.55,"Maju dan Tumbuh Cepat"
kabupaten,12,1276,12,2022,1.8729,Basis,492854914.04,"Maju dan Tumbuh Cepat"
kabupaten,12,1276,13,2022,0.4748,"Non Basis",-481855744.94,"Relatif Tertinggal"
kabupaten,12,1276,14,2022,3.0293,Basis,3271487370.12,"Maju dan Tumbuh Cepat"
kabupaten,12,1276,15,2022,3.0012,Basis,-546722426.75,"Maju tapi Tertekan"
kabupaten,12,1276,16,2022,1.3248,Basis,1930649479.19,"Maju dan Tumbuh Cepat"
kabupaten,12,1276,17,2022,2.0064,Basis,-81765644.87,"Maju tapi Tertekan"
kabupaten,12,1276,1,2023,0.0552,"Non Basis",44934990.44,"Potensial / Cepat Berkembang"
kabupaten,12,1276,2,2023,0.1376,"Non Basis",77806269.38,"Potensial / Cepat Berkembang"
kabupaten,12,1276,3,2023,0.6748,"Non Basis",-20225656559.13,"Relatif Tertinggal"
kabupaten,12,1276,4,2023,1.4102,Basis,-124986152.6,"Maju tapi Tertekan"
kabupaten,12,1276,5,2023,2.3519,Basis,-80872355.43,"Maju tapi Tertekan"
kabupaten,12,1276,6,2023,1.1374,Basis,-21256375206.17,"Maju tapi Tertekan"
kabupaten,12,1276,7,2023,1.3073,Basis,-16065809341.63,"Maju tapi Tertekan"
kabupaten,12,1276,8,2023,1.8425,Basis,-24125482175.75,"Maju tapi Tertekan"
kabupaten,12,1276,9,2023,1.9738,Basis,-9076904657.16,"Maju tapi Tertekan"
kabupaten,12,1276,10,2023,0.9649,"Non Basis",433058527.07,"Potensial / Cepat Berkembang"
kabupaten,12,1276,11,2023,1.7169,Basis,-566691847.79,"Maju tapi Tertekan"
kabupaten,12,1276,12,2023,1.9026,Basis,2062257769.54,"Maju dan Tumbuh Cepat"
kabupaten,12,1276,13,2023,0.4857,"Non Basis",243708050.22,"Potensial / Cepat Berkembang"
kabupaten,12,1276,14,2023,3.0978,Basis,5111417737.46,"Maju dan Tumbuh Cepat"
kabupaten,12,1276,15,2023,3.0362,Basis,483139371.36,"Maju dan Tumbuh Cepat"
kabupaten,12,1276,16,2023,1.341,Basis,125037523.28,"Maju dan Tumbuh Cepat"
kabupaten,12,1276,17,2023,2.023,Basis,-79200626.17,"Maju tapi Tertekan"
kabupaten,12,1276,1,2024,0.0543,"Non Basis",-2033158266.17,"Relatif Tertinggal"
kabupaten,12,1276,2,2024,0.1368,"Non Basis",-170452703.72,"Relatif Tertinggal"
kabupaten,12,1276,3,2024,0.6427,"Non Basis",-32980335947.68,"Relatif Tertinggal"
kabupaten,12,1276,4,2024,1.4247,Basis,-49937023.53,"Maju tapi Tertekan"
kabupaten,12,1276,5,2024,2.3818,Basis,-33273702.43,"Maju tapi Tertekan"
kabupaten,12,1276,6,2024,1.0994,Basis,-31945403210.12,"Maju tapi Tertekan"
kabupaten,12,1276,7,2024,1.3521,Basis,19647756041.87,"Maju dan Tumbuh Cepat"
kabupaten,12,1276,8,2024,1.801,Basis,-14874291505.22,"Maju tapi Tertekan"
kabupaten,12,1276,9,2024,1.9054,Basis,-11201164091.11,"Maju tapi Tertekan"
kabupaten,12,1276,10,2024,0.9616,"Non Basis",-2885715066.35,"Relatif Tertinggal"
kabupaten,12,1276,11,2024,1.7486,Basis,549888732.51,"Maju dan Tumbuh Cepat"
kabupaten,12,1276,12,2024,1.8947,Basis,-7370940691.06,"Maju tapi Tertekan"
kabupaten,12,1276,13,2024,0.4867,"Non Basis",-275110629.83,"Relatif Tertinggal"
kabupaten,12,1276,14,2024,3.0732,Basis,-10298037106.89,"Maju tapi Tertekan"
kabupaten,12,1276,15,2024,3.026,Basis,-5709295188.6,"Maju tapi Tertekan"
kabupaten,12,1276,16,2024,1.3576,Basis,-208105343.95,"Maju tapi Tertekan"
kabupaten,12,1276,17,2024,2.0488,Basis,-162324578.06,"Maju tapi Tertekan"
kabupaten,12,1276,1,2025,0.0533,"Non Basis",-1149621269.9,"Relatif Tertinggal"
kabupaten,12,1276,2,2025,0.1357,"Non Basis",-49259575.95,"Relatif Tertinggal"
kabupaten,12,1276,3,2025,0.6253,"Non Basis",-13294848713.42,"Relatif Tertinggal"
kabupaten,12,1276,4,2025,1.376,Basis,-300560923.3,"Maju tapi Tertekan"
kabupaten,12,1276,5,2025,2.2012,Basis,-804675099,"Maju tapi Tertekan"
kabupaten,12,1276,6,2025,1.13,Basis,18145535609.48,"Maju dan Tumbuh Cepat"
kabupaten,12,1276,7,2025,1.357,Basis,5690585862.8,"Maju dan Tumbuh Cepat"
kabupaten,12,1276,8,2025,2.3932,Basis,95723564525.59,"Maju dan Tumbuh Cepat"
kabupaten,12,1276,9,2025,1.9217,Basis,2158041419.97,"Maju dan Tumbuh Cepat"
kabupaten,12,1276,10,2025,0.9177,"Non Basis",-7033505578.97,"Relatif Tertinggal"
kabupaten,12,1276,11,2025,1.703,Basis,-5839219467.17,"Maju tapi Tertekan"
kabupaten,12,1276,12,2025,1.7735,Basis,-24822935412.13,"Maju tapi Tertekan"
kabupaten,12,1276,13,2025,0.4448,"Non Basis",-1868594941.82,"Relatif Tertinggal"
kabupaten,12,1276,14,2025,3.0789,Basis,1282455728.08,"Maju dan Tumbuh Cepat"
kabupaten,12,1276,15,2025,2.9691,Basis,-5397723186.42,"Maju tapi Tertekan"
kabupaten,12,1276,16,2025,1.2868,Basis,-3190746926.39,"Maju tapi Tertekan"
kabupaten,12,1276,17,2025,2.0892,Basis,1095233158.69,"Maju dan Tumbuh Cepat"
kabupaten,12,1277,1,2022,0.4439,"Non Basis",-6638896377.13,"Relatif Tertinggal"
kabupaten,12,1277,2,2022,0.3606,"Non Basis",267400627.24,"Potensial / Cepat Berkembang"
kabupaten,12,1277,3,2022,0.2097,"Non Basis",854176162.08,"Potensial / Cepat Berkembang"
kabupaten,12,1277,4,2022,1.6723,Basis,-4127161.18,"Maju tapi Tertekan"
kabupaten,12,1277,5,2022,2.0538,Basis,-36971558.26,"Maju tapi Tertekan"
kabupaten,12,1277,6,2022,0.9617,"Non Basis",5365257274.14,"Potensial / Cepat Berkembang"
kabupaten,12,1277,7,2022,1.2547,Basis,-9320983367.81,"Maju tapi Tertekan"
kabupaten,12,1277,8,2022,1.5724,Basis,-15074061982.73,"Maju tapi Tertekan"
kabupaten,12,1277,9,2022,2.942,Basis,8638683349.93,"Maju dan Tumbuh Cepat"
kabupaten,12,1277,10,2022,1.1346,Basis,1407604161.69,"Maju dan Tumbuh Cepat"
kabupaten,12,1277,11,2022,1.8837,Basis,-1720829869.51,"Maju tapi Tertekan"
kabupaten,12,1277,12,2022,0.958,"Non Basis",-787080504.41,"Relatif Tertinggal"
kabupaten,12,1277,13,2022,0.5289,"Non Basis",-1083802169.34,"Relatif Tertinggal"
kabupaten,12,1277,14,2022,2.8422,Basis,532558351.44,"Maju dan Tumbuh Cepat"
kabupaten,12,1277,15,2022,5.4994,Basis,878369332.42,"Maju dan Tumbuh Cepat"
kabupaten,12,1277,16,2022,1.3035,Basis,-467067092.43,"Maju tapi Tertekan"
kabupaten,12,1277,17,2022,0.8608,"Non Basis",-463017016.11,"Relatif Tertinggal"
kabupaten,12,1277,1,2023,0.4476,"Non Basis",4810137683.09,"Potensial / Cepat Berkembang"
kabupaten,12,1277,2,2023,0.3663,"Non Basis",356377621.14,"Potensial / Cepat Berkembang"
kabupaten,12,1277,3,2023,0.2061,"Non Basis",-2866607730.5,"Relatif Tertinggal"
kabupaten,12,1277,4,2023,1.6685,Basis,-17561164.39,"Maju tapi Tertekan"
kabupaten,12,1277,5,2023,2.0205,Basis,-147291078.98,"Maju tapi Tertekan"
kabupaten,12,1277,6,2023,0.9376,"Non Basis",-13918472229.35,"Relatif Tertinggal"
kabupaten,12,1277,7,2023,1.2662,Basis,10973727487.61,"Maju dan Tumbuh Cepat"
kabupaten,12,1277,8,2023,1.4647,Basis,-23428476384.75,"Maju tapi Tertekan"
kabupaten,12,1277,9,2023,2.8912,Basis,-5424292023.77,"Maju tapi Tertekan"
kabupaten,12,1277,10,2023,1.1446,Basis,1730949439.9,"Maju dan Tumbuh Cepat"
kabupaten,12,1277,11,2023,1.8587,Basis,-3287546386.22,"Maju tapi Tertekan"
kabupaten,12,1277,12,2023,0.9472,"Non Basis",-2029215623.19,"Relatif Tertinggal"
kabupaten,12,1277,13,2023,0.4995,"Non Basis",-1257443849.06,"Relatif Tertinggal"
kabupaten,12,1277,14,2023,2.7828,Basis,-8366986709.27,"Maju tapi Tertekan"
kabupaten,12,1277,15,2023,5.5093,Basis,1435355688.96,"Maju dan Tumbuh Cepat"
kabupaten,12,1277,16,2023,1.2826,Basis,-898075878.32,"Maju tapi Tertekan"
kabupaten,12,1277,17,2023,0.8404,"Non Basis",-511753279.19,"Relatif Tertinggal"
kabupaten,12,1277,1,2024,0.4404,"Non Basis",-9199983436.51,"Relatif Tertinggal"
kabupaten,12,1277,2,2024,0.3765,"Non Basis",630763573.85,"Potensial / Cepat Berkembang"
kabupaten,12,1277,3,2024,0.2075,"Non Basis",1179860211.25,"Potensial / Cepat Berkembang"
kabupaten,12,1277,4,2024,1.669,Basis,894928.74,"Maju dan Tumbuh Cepat"
kabupaten,12,1277,5,2024,2.0232,Basis,10768690.35,"Maju dan Tumbuh Cepat"
kabupaten,12,1277,6,2024,0.8538,"Non Basis",-53213565011.6,"Relatif Tertinggal"
kabupaten,12,1277,7,2024,1.2913,Basis,22910960643.75,"Maju dan Tumbuh Cepat"
kabupaten,12,1277,8,2024,1.4765,Basis,2680319945.1,"Maju dan Tumbuh Cepat"
kabupaten,12,1277,9,2024,2.7926,Basis,-12419874738.25,"Maju tapi Tertekan"
kabupaten,12,1277,10,2024,1.1405,Basis,-737018326.72,"Maju tapi Tertekan"
kabupaten,12,1277,11,2024,1.8968,Basis,5455886671.33,"Maju dan Tumbuh Cepat"
kabupaten,12,1277,12,2024,0.9528,"Non Basis",1138042779.64,"Potensial / Cepat Berkembang"
kabupaten,12,1277,13,2024,0.5009,"Non Basis",56039569.19,"Potensial / Cepat Berkembang"
kabupaten,12,1277,14,2024,2.8074,Basis,3721040180.64,"Maju dan Tumbuh Cepat"
kabupaten,12,1277,15,2024,5.5668,Basis,6091280384.65,"Maju dan Tumbuh Cepat"
kabupaten,12,1277,16,2024,1.2847,Basis,86020715.32,"Maju dan Tumbuh Cepat"
kabupaten,12,1277,17,2024,0.8353,"Non Basis",-146134011.46,"Relatif Tertinggal"
kabupaten,12,1277,1,2025,0.4288,"Non Basis",-4936779605.06,"Relatif Tertinggal"
kabupaten,12,1277,2,2025,0.382,"Non Basis",782526803.95,"Potensial / Cepat Berkembang"
kabupaten,12,1277,3,2025,0.205,"Non Basis",1129393519.75,"Potensial / Cepat Berkembang"
kabupaten,12,1277,4,2025,1.635,Basis,-30142277.36,"Maju tapi Tertekan"
kabupaten,12,1277,5,2025,1.9224,Basis,-332640478.54,"Maju tapi Tertekan"
kabupaten,12,1277,6,2025,0.834,"Non Basis",-2903766777.31,"Relatif Tertinggal"
kabupaten,12,1277,7,2025,1.2723,Basis,4058602549.94,"Maju dan Tumbuh Cepat"
kabupaten,12,1277,8,2025,2.0201,Basis,104280086415.29,"Maju dan Tumbuh Cepat"
kabupaten,12,1277,9,2025,2.7599,Basis,2285347324.22,"Maju dan Tumbuh Cepat"
kabupaten,12,1277,10,2025,1.1006,Basis,-3650329835.61,"Maju tapi Tertekan"
kabupaten,12,1277,11,2025,1.8882,Basis,3854432586.21,"Maju dan Tumbuh Cepat"
kabupaten,12,1277,12,2025,0.8942,"Non Basis",-9837799475.11,"Relatif Tertinggal"
kabupaten,12,1277,13,2025,0.4598,"Non Basis",-1648817402.98,"Relatif Tertinggal"
kabupaten,12,1277,14,2025,2.8342,Basis,12073908201.89,"Maju dan Tumbuh Cepat"
kabupaten,12,1277,15,2025,5.7037,Basis,27157632796.28,"Maju dan Tumbuh Cepat"
kabupaten,12,1277,16,2025,1.22,Basis,-2184312285.58,"Maju tapi Tertekan"
kabupaten,12,1277,17,2025,0.8133,"Non Basis",-206238737.25,"Relatif Tertinggal"
kabupaten,12,1278,1,2022,0.5519,"Non Basis",-14153106862.53,"Relatif Tertinggal"
kabupaten,12,1278,2,2022,2.0534,Basis,-279240651.91,"Maju tapi Tertekan"
kabupaten,12,1278,3,2022,0.0103,"Non Basis",75323397.8,"Potensial / Cepat Berkembang"
kabupaten,12,1278,4,2022,0.8526,"Non Basis",-4921918.57,"Relatif Tertinggal"
kabupaten,12,1278,5,2022,1.0422,Basis,-40175441.76,"Maju tapi Tertekan"
kabupaten,12,1278,6,2022,1.5667,Basis,-14635859731.02,"Maju tapi Tertekan"
kabupaten,12,1278,7,2022,1.5987,Basis,-31234802240.91,"Maju tapi Tertekan"
kabupaten,12,1278,8,2022,1.9839,Basis,-16288140840.99,"Maju tapi Tertekan"
kabupaten,12,1278,9,2022,1.6612,Basis,-1360084498.56,"Maju tapi Tertekan"
kabupaten,12,1278,10,2022,0.7636,"Non Basis",-647378252.51,"Relatif Tertinggal"
kabupaten,12,1278,11,2022,1.1293,Basis,119484003.56,"Maju dan Tumbuh Cepat"
kabupaten,12,1278,12,2022,1.0744,Basis,-2356025251.03,"Maju tapi Tertekan"
kabupaten,12,1278,13,2022,0.3165,"Non Basis",-432751459.32,"Relatif Tertinggal"
kabupaten,12,1278,14,2022,1.4301,Basis,1176639936.7,"Maju dan Tumbuh Cepat"
kabupaten,12,1278,15,2022,2.7816,Basis,-3775434018.79,"Maju tapi Tertekan"
kabupaten,12,1278,16,2022,0.7269,"Non Basis",30297285.2,"Potensial / Cepat Berkembang"
kabupaten,12,1278,17,2022,0.6183,"Non Basis",-343860168.3,"Relatif Tertinggal"
kabupaten,12,1278,1,2023,0.5533,"Non Basis",-5390175483.15,"Relatif Tertinggal"
kabupaten,12,1278,2,2023,2.0645,Basis,-698674674.21,"Maju tapi Tertekan"
kabupaten,12,1278,3,2023,0.0106,"Non Basis",155356958.87,"Potensial / Cepat Berkembang"
kabupaten,12,1278,4,2023,0.8716,"Non Basis",43504299.35,"Potensial / Cepat Berkembang"
kabupaten,12,1278,5,2023,1.0477,Basis,-28072284.91,"Maju tapi Tertekan"
kabupaten,12,1278,6,2023,1.522,Basis,-30188175464.6,"Maju tapi Tertekan"
kabupaten,12,1278,7,2023,1.5943,Basis,-17139762422.49,"Maju tapi Tertekan"
kabupaten,12,1278,8,2023,1.9249,Basis,-14548058522.52,"Maju tapi Tertekan"
kabupaten,12,1278,9,2023,1.6257,Basis,-4962315341.32,"Maju tapi Tertekan"
kabupaten,12,1278,10,2023,0.752,"Non Basis",-2670431346.37,"Relatif Tertinggal"
kabupaten,12,1278,11,2023,1.1401,Basis,-383569017.96,"Maju tapi Tertekan"
kabupaten,12,1278,12,2023,1.0806,Basis,-1189199374.9,"Maju tapi Tertekan"
kabupaten,12,1278,13,2023,0.3121,"Non Basis",-285324065.58,"Relatif Tertinggal"
kabupaten,12,1278,14,2023,1.462,Basis,1592092495.26,"Maju dan Tumbuh Cepat"
kabupaten,12,1278,15,2023,2.6986,Basis,-9528395767.32,"Maju tapi Tertekan"
kabupaten,12,1278,16,2023,0.7151,"Non Basis",-746565842.77,"Relatif Tertinggal"
kabupaten,12,1278,17,2023,0.6023,"Non Basis",-485618478.08,"Relatif Tertinggal"
kabupaten,12,1278,1,2024,0.5504,"Non Basis",-9092622751.25,"Relatif Tertinggal"
kabupaten,12,1278,2,2024,2.0509,Basis,-1806232049.44,"Maju tapi Tertekan"
kabupaten,12,1278,3,2024,0.0107,"Non Basis",-27519860.22,"Relatif Tertinggal"
kabupaten,12,1278,4,2024,0.8886,"Non Basis",37153274.3,"Potensial / Cepat Berkembang"
kabupaten,12,1278,5,2024,1.055,Basis,-17530800.73,"Maju tapi Tertekan"
kabupaten,12,1278,6,2024,1.5017,Basis,-18623391726.05,"Maju tapi Tertekan"
kabupaten,12,1278,7,2024,1.6166,Basis,2861352894.27,"Maju dan Tumbuh Cepat"
kabupaten,12,1278,8,2024,1.9146,Basis,-5897645210.4,"Maju tapi Tertekan"
kabupaten,12,1278,9,2024,1.5289,Basis,-11230828798.04,"Maju tapi Tertekan"
kabupaten,12,1278,10,2024,0.7381,"Non Basis",-3013865916.78,"Relatif Tertinggal"
kabupaten,12,1278,11,2024,1.1508,Basis,-269113895.84,"Maju tapi Tertekan"
kabupaten,12,1278,12,2024,1.0718,Basis,-3538604142.78,"Maju tapi Tertekan"
kabupaten,12,1278,13,2024,0.3116,"Non Basis",-147226644.81,"Relatif Tertinggal"
kabupaten,12,1278,14,2024,1.4593,Basis,-2359019923.91,"Maju tapi Tertekan"
kabupaten,12,1278,15,2024,2.6483,Basis,-6853322155.32,"Maju tapi Tertekan"
kabupaten,12,1278,16,2024,0.724,"Non Basis",26380064.85,"Potensial / Cepat Berkembang"
kabupaten,12,1278,17,2024,0.5905,"Non Basis",-403630765.74,"Relatif Tertinggal"
kabupaten,12,1278,1,2025,0.5306,"Non Basis",-17868560090.65,"Relatif Tertinggal"
kabupaten,12,1278,2,2025,2.0711,Basis,1466904258.42,"Maju dan Tumbuh Cepat"
kabupaten,12,1278,3,2025,0.0108,"Non Basis",120460480.37,"Potensial / Cepat Berkembang"
kabupaten,12,1278,4,2025,0.8669,"Non Basis",-97345846.98,"Relatif Tertinggal"
kabupaten,12,1278,5,2025,1.007,Basis,-170259653.46,"Maju tapi Tertekan"
kabupaten,12,1278,6,2025,1.4928,Basis,-977386912.73,"Maju tapi Tertekan"
kabupaten,12,1278,7,2025,1.6102,Basis,813371221.74,"Maju dan Tumbuh Cepat"
kabupaten,12,1278,8,2025,2.6058,Basis,98242383856.11,"Maju dan Tumbuh Cepat"
kabupaten,12,1278,9,2025,1.559,Basis,3788333132.16,"Maju dan Tumbuh Cepat"
kabupaten,12,1278,10,2025,0.6782,"Non Basis",-8100597995.54,"Relatif Tertinggal"
kabupaten,12,1278,11,2025,1.1548,Basis,1083170258.16,"Maju dan Tumbuh Cepat"
kabupaten,12,1278,12,2025,1.0283,Basis,-7004478492.95,"Maju tapi Tertekan"
kabupaten,12,1278,13,2025,0.2945,"Non Basis",-615239198.82,"Relatif Tertinggal"
kabupaten,12,1278,14,2025,1.4495,Basis,-361752729.32,"Maju tapi Tertekan"
kabupaten,12,1278,15,2025,2.6468,Basis,945562815.06,"Maju dan Tumbuh Cepat"
kabupaten,12,1278,16,2025,0.6993,"Non Basis",-857722787.86,"Relatif Tertinggal"
kabupaten,12,1278,17,2025,0.5987,"Non Basis",243388065.15,"Potensial / Cepat Berkembang"
