tingkat_wilayah,provinsi_id,kabupaten_id,sektor_id,tahun,nilai_lq,kategori,persen_daerah,persen_acuan
provinsi,19,,1,2021,1.4778,Basis,19.45,13.16
provinsi,19,,2,2021,1.512,Basis,11.65,7.71
provinsi,19,,3,2021,1.0014,Basis,21.44,21.41
provinsi,19,,4,2021,0.1024,"Non Basis",0.11,1.08
provinsi,19,,5,2021,0.1981,"Non Basis",0.02,0.09
provinsi,19,,6,2021,0.856,"Non Basis",8.85,10.33
provinsi,19,,7,2021,1.0185,Basis,13.84,13.59
provinsi,19,,8,2021,0.8917,"Non Basis",3.39,3.81
provinsi,19,,9,2021,0.8774,"Non Basis",2.56,2.91
provinsi,19,,10,2021,0.4348,"Non Basis",2.84,6.53
provinsi,19,,11,2021,0.4034,"Non Basis",1.76,4.35
provinsi,19,,12,2021,1.1151,Basis,3.48,3.12
provinsi,19,,13,2021,0.1227,"Non Basis",0.23,1.85
provinsi,19,,14,2021,1.6598,Basis,5.67,3.41
provinsi,19,,15,2021,0.7707,"Non Basis",2.53,3.29
provinsi,19,,16,2021,0.9869,"Non Basis",1.45,1.47
provinsi,19,,17,2021,0.3903,"Non Basis",0.73,1.88
provinsi,19,,1,2022,1.4672,Basis,18.81,12.82
provinsi,19,,2,2022,1.4636,Basis,11.22,7.66
provinsi,19,,3,2022,1.0091,Basis,21.6,21.4
provinsi,19,,4,2022,0.0933,"Non Basis",0.1,1.09
provinsi,19,,5,2022,0.2007,"Non Basis",0.02,0.09
provinsi,19,,6,2022,0.8346,"Non Basis",8.38,10.04
provinsi,19,,7,2022,1.0748,Basis,14.69,13.66
provinsi,19,,8,2022,0.9047,"Non Basis",3.93,4.35
provinsi,19,,9,2022,0.8698,"Non Basis",2.7,3.11
provinsi,19,,10,2022,0.4458,"Non Basis",2.99,6.7
provinsi,19,,11,2022,0.42,"Non Basis",1.78,4.23
provinsi,19,,12,2022,1.1584,Basis,3.51,3.03
provinsi,19,,13,2022,0.1259,"Non Basis",0.24,1.91
provinsi,19,,14,2022,1.6052,Basis,5.35,3.33
provinsi,19,,15,2022,0.7939,"Non Basis",2.5,3.15
provinsi,19,,16,2022,0.9864,"Non Basis",1.42,1.44
provinsi,19,,17,2022,0.3867,"Non Basis",0.76,1.96
provinsi,19,,1,2023,1.5121,Basis,18.7,12.37
provinsi,19,,2,2023,1.3714,Basis,10.62,7.74
provinsi,19,,3,2023,0.9892,"Non Basis",21.09,21.32
provinsi,19,,4,2023,0.0916,"Non Basis",0.1,1.09
provinsi,19,,5,2023,0.1931,"Non Basis",0.02,0.09
provinsi,19,,6,2023,0.8722,"Non Basis",8.75,10.03
provinsi,19,,7,2023,1.056,Basis,14.4,13.64
provinsi,19,,8,2023,0.8747,"Non Basis",4.13,4.72
provinsi,19,,9,2023,0.8748,"Non Basis",2.85,3.25
provinsi,19,,10,2023,0.4746,"Non Basis",3.26,6.86
provinsi,19,,11,2023,0.4596,"Non Basis",1.94,4.22
provinsi,19,,12,2023,1.197,Basis,3.5,2.92
provinsi,19,,13,2023,0.1274,"Non Basis",0.25,1.97
provinsi,19,,14,2023,1.697,Basis,5.47,3.22
provinsi,19,,15,2023,0.8694,"Non Basis",2.65,3.05
provinsi,19,,16,2023,1.0322,Basis,1.48,1.44
provinsi,19,,17,2023,0.3907,"Non Basis",0.81,2.06
provinsi,19,,1,2024,1.6157,Basis,19.14,11.84
provinsi,19,,2,2024,1.3092,Basis,10.11,7.73
provinsi,19,,3,2024,0.9492,"Non Basis",20.1,21.18
provinsi,19,,4,2024,0.0958,"Non Basis",0.1,1.09
provinsi,19,,5,2024,0.206,"Non Basis",0.02,0.09
provinsi,19,,6,2024,0.8452,"Non Basis",8.63,10.21
provinsi,19,,7,2024,1.0466,Basis,14.24,13.61
provinsi,19,,8,2024,0.8595,"Non Basis",4.19,4.88
provinsi,19,,9,2024,0.872,"Non Basis",2.93,3.36
provinsi,19,,10,2024,0.5054,"Non Basis",3.55,7.02
provinsi,19,,11,2024,0.4614,"Non Basis",1.94,4.2
provinsi,19,,12,2024,1.2612,Basis,3.6,2.85
provinsi,19,,13,2024,0.1311,"Non Basis",0.27,2.03
provinsi,19,,14,2024,1.8098,Basis,5.91,3.26
provinsi,19,,15,2024,0.9675,"Non Basis",2.91,3.01
provinsi,19,,16,2024,1.0121,Basis,1.5,1.48
provinsi,19,,17,2024,0.4014,"Non Basis",0.87,2.16
provinsi,19,,1,2025,1.5989,Basis,18.97,11.86
provinsi,19,,2,2025,1.4202,Basis,10.36,7.3
provinsi,19,,3,2025,0.9501,"Non Basis",20.15,21.21
provinsi,19,,4,2025,0.0982,"Non Basis",0.1,1.07
provinsi,19,,5,2025,0.211,"Non Basis",0.02,0.08
provinsi,19,,6,2025,0.8121,"Non Basis",8.19,10.08
provinsi,19,,7,2025,1.0521,Basis,14.36,13.65
provinsi,19,,8,2025,0.8423,"Non Basis",4.25,5.04
provinsi,19,,9,2025,0.8954,"Non Basis",3.07,3.43
provinsi,19,,10,2025,0.5136,"Non Basis",3.72,7.24
provinsi,19,,11,2025,0.4521,"Non Basis",1.88,4.16
provinsi,19,,12,2025,1.2768,Basis,3.58,2.81
provinsi,19,,13,2025,0.13,"Non Basis",0.27,2.11
provinsi,19,,14,2025,1.7584,Basis,5.67,3.22
provinsi,19,,15,2025,0.9935,"Non Basis",2.99,3.01
provinsi,19,,16,2025,1.0219,Basis,1.52,1.48
provinsi,19,,17,2025,0.4023,"Non Basis",0.91,2.25
provinsi,21,,1,2021,0.2235,"Non Basis",2.94,13.16
provinsi,21,,2,2021,1.775,Basis,13.68,7.71
provinsi,21,,3,2021,1.9593,Basis,41.96,21.41
provinsi,21,,4,2021,0.8465,"Non Basis",0.91,1.08
provinsi,21,,5,2021,1.2999,Basis,0.12,0.09
provinsi,21,,6,2021,1.7785,Basis,18.38,10.33
provinsi,21,,7,2021,0.5528,"Non Basis",7.51,13.59
provinsi,21,,8,2021,0.3651,"Non Basis",1.39,3.81
provinsi,21,,9,2021,0.4474,"Non Basis",1.3,2.91
provinsi,21,,10,2021,0.5003,"Non Basis",3.27,6.53
provinsi,21,,11,2021,0.6133,"Non Basis",2.67,4.35
provinsi,21,,12,2021,0.3977,"Non Basis",1.24,3.12
provinsi,21,,13,2021,0.0017,"Non Basis",0,1.85
provinsi,21,,14,2021,0.6521,"Non Basis",2.23,3.41
provinsi,21,,15,2021,0.3671,"Non Basis",1.21,3.29
provinsi,21,,16,2021,0.7079,"Non Basis",1.04,1.47
provinsi,21,,17,2021,0.0801,"Non Basis",0.15,1.88
provinsi,21,,1,2022,0.2298,"Non Basis",2.95,12.82
provinsi,21,,2,2022,1.5797,Basis,12.11,7.66
provinsi,21,,3,2022,1.9501,Basis,41.74,21.4
provinsi,21,,4,2022,0.923,"Non Basis",1.01,1.09
provinsi,21,,5,2022,1.3687,Basis,0.13,0.09
provinsi,21,,6,2022,1.8285,Basis,18.37,10.04
provinsi,21,,7,2022,0.5958,"Non Basis",8.14,13.66
provinsi,21,,8,2022,0.421,"Non Basis",1.83,4.35
provinsi,21,,9,2022,0.5977,"Non Basis",1.86,3.11
provinsi,21,,10,2022,0.504,"Non Basis",3.38,6.7
provinsi,21,,11,2022,0.6261,"Non Basis",2.65,4.23
provinsi,21,,12,2022,0.4087,"Non Basis",1.24,3.03
provinsi,21,,13,2022,0.0018,"Non Basis",0,1.91
provinsi,21,,14,2022,0.6567,"Non Basis",2.19,3.33
provinsi,21,,15,2022,0.3768,"Non Basis",1.19,3.15
provinsi,21,,16,2022,0.6881,"Non Basis",0.99,1.44
provinsi,21,,17,2022,0.1243,"Non Basis",0.24,1.96
provinsi,21,,1,2023,0.2301,"Non Basis",2.85,12.37
provinsi,21,,2,2023,1.4477,Basis,11.21,7.74
provinsi,21,,3,2023,1.9076,Basis,40.67,21.32
provinsi,21,,4,2023,0.9496,"Non Basis",1.04,1.09
provinsi,21,,5,2023,1.3616,Basis,0.12,0.09
provinsi,21,,6,2023,1.9239,Basis,19.3,10.03
provinsi,21,,7,2023,0.601,"Non Basis",8.2,13.64
provinsi,21,,8,2023,0.4241,"Non Basis",2,4.72
provinsi,21,,9,2023,0.6911,"Non Basis",2.25,3.25
provinsi,21,,10,2023,0.5614,"Non Basis",3.85,6.86
provinsi,21,,11,2023,0.6487,"Non Basis",2.74,4.22
provinsi,21,,12,2023,0.4236,"Non Basis",1.24,2.92
provinsi,21,,13,2023,0.002,"Non Basis",0,1.97
provinsi,21,,14,2023,0.6794,"Non Basis",2.19,3.22
provinsi,21,,15,2023,0.3842,"Non Basis",1.17,3.05
provinsi,21,,16,2023,0.6252,"Non Basis",0.9,1.44
provinsi,21,,17,2023,0.1365,"Non Basis",0.28,2.06
provinsi,21,,1,2024,0.2301,"Non Basis",2.72,11.84
provinsi,21,,2,2024,1.2733,Basis,9.84,7.73
provinsi,21,,3,2024,1.9705,Basis,41.73,21.18
provinsi,21,,4,2024,0.9725,"Non Basis",1.06,1.09
provinsi,21,,5,2024,1.3684,Basis,0.12,0.09
provinsi,21,,6,2024,1.9029,Basis,19.43,10.21
provinsi,21,,7,2024,0.6056,"Non Basis",8.24,13.61
provinsi,21,,8,2024,0.4004,"Non Basis",1.95,4.88
provinsi,21,,9,2024,0.6647,"Non Basis",2.23,3.36
provinsi,21,,10,2024,0.5221,"Non Basis",3.67,7.02
provinsi,21,,11,2024,0.6659,"Non Basis",2.8,4.2
provinsi,21,,12,2024,0.4368,"Non Basis",1.25,2.85
provinsi,21,,13,2024,0.0019,"Non Basis",0,2.03
provinsi,21,,14,2024,0.7531,"Non Basis",2.46,3.26
provinsi,21,,15,2024,0.3852,"Non Basis",1.16,3.01
provinsi,21,,16,2024,0.6922,"Non Basis",1.02,1.48
provinsi,21,,17,2024,0.1443,"Non Basis",0.31,2.16
provinsi,21,,1,2025,0.2223,"Non Basis",2.64,11.86
provinsi,21,,2,2025,1.4622,Basis,10.67,7.3
provinsi,21,,3,2025,1.9786,Basis,41.96,21.21
provinsi,21,,4,2025,1.0238,Basis,1.09,1.07
provinsi,21,,5,2025,1.4891,Basis,0.13,0.08
provinsi,21,,6,2025,1.8981,Basis,19.14,10.08
provinsi,21,,7,2025,0.6072,"Non Basis",8.29,13.65
provinsi,21,,8,2025,0.3879,"Non Basis",1.96,5.04
provinsi,21,,9,2025,0.626,"Non Basis",2.15,3.43
provinsi,21,,10,2025,0.4613,"Non Basis",3.34,7.24
provinsi,21,,11,2025,0.6558,"Non Basis",2.72,4.16
provinsi,21,,12,2025,0.4384,"Non Basis",1.23,2.81
provinsi,21,,13,2025,0.002,"Non Basis",0,2.11
provinsi,21,,14,2025,0.7027,"Non Basis",2.26,3.22
provinsi,21,,15,2025,0.3806,"Non Basis",1.14,3.01
provinsi,21,,16,2025,0.6618,"Non Basis",0.98,1.48
provinsi,21,,17,2025,0.1316,"Non Basis",0.3,2.25
provinsi,16,,1,2021,1.2765,Basis,16.8,13.16
provinsi,16,,2,2021,2.8657,Basis,22.08,7.71
provinsi,16,,3,2021,0.8666,"Non Basis",18.56,21.41
provinsi,16,,4,2021,0.1189,"Non Basis",0.13,1.08
provinsi,16,,5,2021,1.1969,Basis,0.11,0.09
provinsi,16,,6,2021,1.0873,Basis,11.24,10.33
provinsi,16,,7,2021,0.7899,"Non Basis",10.73,13.59
provinsi,16,,8,2021,0.4806,"Non Basis",1.83,3.81
provinsi,16,,9,2021,0.4793,"Non Basis",1.4,2.91
provinsi,16,,10,2021,0.6078,"Non Basis",3.97,6.53
provinsi,16,,11,2021,0.5481,"Non Basis",2.39,4.35
provinsi,16,,12,2021,1.06,Basis,3.31,3.12
provinsi,16,,13,2021,0.0598,"Non Basis",0.11,1.85
provinsi,16,,14,2021,0.9208,"Non Basis",3.14,3.41
provinsi,16,,15,2021,0.8029,"Non Basis",2.64,3.29
provinsi,16,,16,2021,0.4994,"Non Basis",0.74,1.47
provinsi,16,,17,2021,0.4438,"Non Basis",0.84,1.88
provinsi,16,,1,2022,1.2924,Basis,16.57,12.82
provinsi,16,,2,2022,2.9096,Basis,22.3,7.66
provinsi,16,,3,2022,0.8611,"Non Basis",18.43,21.4
provinsi,16,,4,2022,0.1129,"Non Basis",0.12,1.09
provinsi,16,,5,2022,1.1639,Basis,0.11,0.09
provinsi,16,,6,2022,1.0763,Basis,10.81,10.04
provinsi,16,,7,2022,0.8231,"Non Basis",11.25,13.66
provinsi,16,,8,2022,0.4464,"Non Basis",1.94,4.35
provinsi,16,,9,2022,0.4897,"Non Basis",1.52,3.11
provinsi,16,,10,2022,0.6084,"Non Basis",4.08,6.7
provinsi,16,,11,2022,0.533,"Non Basis",2.25,4.23
provinsi,16,,12,2022,1.0936,Basis,3.31,3.03
provinsi,16,,13,2022,0.0564,"Non Basis",0.11,1.91
provinsi,16,,14,2022,0.9288,"Non Basis",3.1,3.33
provinsi,16,,15,2022,0.8142,"Non Basis",2.56,3.15
provinsi,16,,16,2022,0.5048,"Non Basis",0.73,1.44
provinsi,16,,17,2022,0.4126,"Non Basis",0.81,1.96
provinsi,16,,1,2023,1.3029,Basis,16.11,12.37
provinsi,16,,2,2023,2.9589,Basis,22.91,7.74
provinsi,16,,3,2023,0.8545,"Non Basis",18.22,21.32
provinsi,16,,4,2023,0.1122,"Non Basis",0.12,1.09
provinsi,16,,5,2023,1.1104,Basis,0.1,0.09
provinsi,16,,6,2023,1.062,Basis,10.65,10.03
provinsi,16,,7,2023,0.8413,"Non Basis",11.47,13.64
provinsi,16,,8,2023,0.4209,"Non Basis",1.99,4.72
provinsi,16,,9,2023,0.5035,"Non Basis",1.64,3.25
provinsi,16,,10,2023,0.6012,"Non Basis",4.13,6.86
provinsi,16,,11,2023,0.532,"Non Basis",2.24,4.22
provinsi,16,,12,2023,1.124,Basis,3.29,2.92
provinsi,16,,13,2023,0.0531,"Non Basis",0.1,1.97
provinsi,16,,14,2023,0.9488,"Non Basis",3.06,3.22
provinsi,16,,15,2023,0.8176,"Non Basis",2.49,3.05
provinsi,16,,16,2023,0.4821,"Non Basis",0.69,1.44
provinsi,16,,17,2023,0.3805,"Non Basis",0.79,2.06
provinsi,16,,1,2024,1.3264,Basis,15.71,11.84
provinsi,16,,2,2024,2.9166,Basis,22.53,7.73
provinsi,16,,3,2024,0.8561,"Non Basis",18.13,21.18
provinsi,16,,4,2024,0.1163,"Non Basis",0.13,1.09
provinsi,16,,5,2024,1.1257,Basis,0.1,0.09
provinsi,16,,6,2024,1.0517,Basis,10.74,10.21
provinsi,16,,7,2024,0.8628,"Non Basis",11.74,13.61
provinsi,16,,8,2024,0.4009,"Non Basis",1.96,4.88
provinsi,16,,9,2024,0.5082,"Non Basis",1.71,3.36
provinsi,16,,10,2024,0.6087,"Non Basis",4.28,7.02
provinsi,16,,11,2024,0.5442,"Non Basis",2.29,4.2
provinsi,16,,12,2024,1.1872,Basis,3.38,2.85
provinsi,16,,13,2024,0.0516,"Non Basis",0.1,2.03
provinsi,16,,14,2024,0.9756,"Non Basis",3.18,3.26
provinsi,16,,15,2024,0.8419,"Non Basis",2.54,3.01
provinsi,16,,16,2024,0.479,"Non Basis",0.71,1.48
provinsi,16,,17,2024,0.3611,"Non Basis",0.78,2.16
provinsi,16,,1,2025,1.3298,Basis,15.77,11.86
provinsi,16,,2,2025,3.0312,Basis,22.12,7.3
provinsi,16,,3,2025,0.8486,"Non Basis",18,21.21
provinsi,16,,4,2025,0.1204,"Non Basis",0.13,1.07
provinsi,16,,5,2025,1.1261,Basis,0.1,0.08
provinsi,16,,6,2025,1.0723,Basis,10.81,10.08
provinsi,16,,7,2025,0.8858,"Non Basis",12.09,13.65
provinsi,16,,8,2025,0.3864,"Non Basis",1.95,5.04
provinsi,16,,9,2025,0.518,"Non Basis",1.78,3.43
provinsi,16,,10,2025,0.5951,"Non Basis",4.31,7.24
provinsi,16,,11,2025,0.5459,"Non Basis",2.27,4.16
provinsi,16,,12,2025,1.2332,Basis,3.46,2.81
provinsi,16,,13,2025,0.0501,"Non Basis",0.11,2.11
provinsi,16,,14,2025,0.9697,"Non Basis",3.12,3.22
provinsi,16,,15,2025,0.8348,"Non Basis",2.51,3.01
provinsi,16,,16,2025,0.4791,"Non Basis",0.71,1.48
provinsi,16,,17,2025,0.3414,"Non Basis",0.77,2.25
provinsi,18,,1,2021,2.0912,Basis,27.52,13.16
provinsi,18,,2,2021,0.6725,"Non Basis",5.18,7.71
provinsi,18,,3,2021,0.8776,"Non Basis",18.79,21.41
provinsi,18,,4,2021,0.1518,"Non Basis",0.16,1.08
provinsi,18,,5,2021,1.1885,Basis,0.11,0.09
provinsi,18,,6,2021,0.9921,"Non Basis",10.25,10.33
provinsi,18,,7,2021,0.9112,"Non Basis",12.38,13.59
provinsi,18,,8,2021,1.3262,Basis,5.05,3.81
provinsi,18,,9,2021,0.4763,"Non Basis",1.39,2.91
provinsi,18,,10,2021,0.857,"Non Basis",5.59,6.53
provinsi,18,,11,2021,0.4846,"Non Basis",2.11,4.35
provinsi,18,,12,2021,0.9627,"Non Basis",3.01,3.12
provinsi,18,,13,2021,0.073,"Non Basis",0.13,1.85
provinsi,18,,14,2021,0.964,"Non Basis",3.29,3.41
provinsi,18,,15,2021,0.9212,"Non Basis",3.03,3.29
provinsi,18,,16,2021,0.7613,"Non Basis",1.12,1.47
provinsi,18,,17,2021,0.4636,"Non Basis",0.87,1.88
provinsi,18,,1,2022,2.099,Basis,26.92,12.82
provinsi,18,,2,2022,0.6242,"Non Basis",4.78,7.66
provinsi,18,,3,2022,0.8452,"Non Basis",18.09,21.4
provinsi,18,,4,2022,0.1523,"Non Basis",0.17,1.09
provinsi,18,,5,2022,1.2017,Basis,0.11,0.09
provinsi,18,,6,2022,1.0165,Basis,10.21,10.04
provinsi,18,,7,2022,1.003,Basis,13.7,13.66
provinsi,18,,8,2022,1.3397,Basis,5.83,4.35
provinsi,18,,9,2022,0.4823,"Non Basis",1.5,3.11
provinsi,18,,10,2022,0.8045,"Non Basis",5.39,6.7
provinsi,18,,11,2022,0.4609,"Non Basis",1.95,4.23
provinsi,18,,12,2022,0.985,"Non Basis",2.98,3.03
provinsi,18,,13,2022,0.0794,"Non Basis",0.15,1.91
provinsi,18,,14,2022,0.9344,"Non Basis",3.12,3.33
provinsi,18,,15,2022,0.9468,"Non Basis",2.98,3.15
provinsi,18,,16,2022,0.7449,"Non Basis",1.07,1.44
provinsi,18,,17,2022,0.5347,"Non Basis",1.05,1.96
provinsi,18,,1,2023,2.0934,Basis,25.89,12.37
provinsi,18,,2,2023,0.6085,"Non Basis",4.71,7.74
provinsi,18,,3,2023,0.8233,"Non Basis",17.55,21.32
provinsi,18,,4,2023,0.1478,"Non Basis",0.16,1.09
provinsi,18,,5,2023,1.1571,Basis,0.11,0.09
provinsi,18,,6,2023,1.0419,Basis,10.45,10.03
provinsi,18,,7,2023,1.0552,Basis,14.39,13.64
provinsi,18,,8,2023,1.3766,Basis,6.49,4.72
provinsi,18,,9,2023,0.4995,"Non Basis",1.62,3.25
provinsi,18,,10,2023,0.8077,"Non Basis",5.54,6.86
provinsi,18,,11,2023,0.4562,"Non Basis",1.92,4.22
provinsi,18,,12,2023,0.9842,"Non Basis",2.88,2.92
provinsi,18,,13,2023,0.078,"Non Basis",0.15,1.97
provinsi,18,,14,2023,0.926,"Non Basis",2.98,3.22
provinsi,18,,15,2023,0.9557,"Non Basis",2.92,3.05
provinsi,18,,16,2023,0.7429,"Non Basis",1.07,1.44
provinsi,18,,17,2023,0.5609,"Non Basis",1.16,2.06
provinsi,18,,1,2024,2.0494,Basis,24.27,11.84
provinsi,18,,2,2024,0.6115,"Non Basis",4.72,7.73
provinsi,18,,3,2024,0.8635,"Non Basis",18.29,21.18
provinsi,18,,4,2024,0.1327,"Non Basis",0.14,1.09
provinsi,18,,5,2024,1.1415,Basis,0.1,0.09
provinsi,18,,6,2024,1.0057,Basis,10.27,10.21
provinsi,18,,7,2024,1.084,Basis,14.75,13.61
provinsi,18,,8,2024,1.3983,Basis,6.82,4.88
provinsi,18,,9,2024,0.4885,"Non Basis",1.64,3.36
provinsi,18,,10,2024,0.8198,"Non Basis",5.76,7.02
provinsi,18,,11,2024,0.4589,"Non Basis",1.93,4.2
provinsi,18,,12,2024,1.0304,Basis,2.94,2.85
provinsi,18,,13,2024,0.0788,"Non Basis",0.16,2.03
provinsi,18,,14,2024,0.9363,"Non Basis",3.05,3.26
provinsi,18,,15,2024,0.9396,"Non Basis",2.83,3.01
provinsi,18,,16,2024,0.741,"Non Basis",1.09,1.48
provinsi,18,,17,2024,0.5681,"Non Basis",1.23,2.16
provinsi,18,,1,2025,2.0585,Basis,24.42,11.86
provinsi,18,,2,2025,0.6077,"Non Basis",4.43,7.3
provinsi,18,,3,2025,0.871,"Non Basis",18.47,21.21
provinsi,18,,4,2025,0.1246,"Non Basis",0.13,1.07
provinsi,18,,5,2025,1.1583,Basis,0.1,0.08
provinsi,18,,6,2025,1.0213,Basis,10.3,10.08
provinsi,18,,7,2025,1.0819,Basis,14.77,13.65
provinsi,18,,8,2025,1.378,Basis,6.95,5.04
provinsi,18,,9,2025,0.4899,"Non Basis",1.68,3.43
provinsi,18,,10,2025,0.79,"Non Basis",5.72,7.24
provinsi,18,,11,2025,0.4672,"Non Basis",1.94,4.16
provinsi,18,,12,2025,1.033,Basis,2.9,2.81
provinsi,18,,13,2025,0.0752,"Non Basis",0.16,2.11
provinsi,18,,14,2025,0.9253,"Non Basis",2.98,3.22
provinsi,18,,15,2025,0.9105,"Non Basis",2.74,3.01
provinsi,18,,16,2025,0.7168,"Non Basis",1.06,1.48
provinsi,18,,17,2025,0.5544,"Non Basis",1.25,2.25
provinsi,11,,1,2021,2.1214,Basis,27.92,13.16
provinsi,11,,2,2021,0.9985,"Non Basis",7.69,7.71
provinsi,11,,3,2021,0.2144,"Non Basis",4.59,21.41
provinsi,11,,4,2021,0.1489,"Non Basis",0.16,1.08
provinsi,11,,5,2021,0.4085,"Non Basis",0.04,0.09
provinsi,11,,6,2021,0.9899,"Non Basis",10.23,10.33
provinsi,11,,7,2021,1.0908,Basis,14.82,13.59
provinsi,11,,8,2021,1.6378,Basis,6.23,3.81
provinsi,11,,9,2021,0.3935,"Non Basis",1.15,2.91
provinsi,11,,10,2021,0.6319,"Non Basis",4.13,6.53
provinsi,11,,11,2021,0.3796,"Non Basis",1.65,4.35
provinsi,11,,12,2021,1.341,Basis,4.19,3.12
provinsi,11,,13,2021,0.3373,"Non Basis",0.62,1.85
provinsi,11,,14,2021,2.6396,Basis,9.01,3.41
provinsi,11,,15,2021,0.8314,"Non Basis",2.73,3.29
provinsi,11,,16,2021,2.2973,Basis,3.38,1.47
provinsi,11,,17,2021,0.7689,"Non Basis",1.45,1.88
provinsi,11,,1,2022,2.1577,Basis,27.67,12.82
provinsi,11,,2,2022,1.0047,Basis,7.7,7.66
provinsi,11,,3,2022,0.2145,"Non Basis",4.59,21.4
provinsi,11,,4,2022,0.1441,"Non Basis",0.16,1.09
provinsi,11,,5,2022,0.4341,"Non Basis",0.04,0.09
provinsi,11,,6,2022,0.9551,"Non Basis",9.59,10.04
provinsi,11,,7,2022,1.1072,Basis,15.13,13.66
provinsi,11,,8,2022,1.4755,Basis,6.42,4.35
provinsi,11,,9,2022,0.4686,"Non Basis",1.46,3.11
provinsi,11,,10,2022,0.6572,"Non Basis",4.4,6.7
provinsi,11,,11,2022,0.3528,"Non Basis",1.49,4.23
provinsi,11,,12,2022,1.3805,Basis,4.18,3.03
provinsi,11,,13,2022,0.3484,"Non Basis",0.67,1.91
provinsi,11,,14,2022,2.5913,Basis,8.64,3.33
provinsi,11,,15,2022,0.8646,"Non Basis",2.72,3.15
provinsi,11,,16,2022,2.4723,Basis,3.56,1.44
provinsi,11,,17,2022,0.8035,"Non Basis",1.58,1.96
provinsi,11,,1,2023,2.291,Basis,28.33,12.37
provinsi,11,,2,2023,0.9082,"Non Basis",7.03,7.74
provinsi,11,,3,2023,0.2034,"Non Basis",4.34,21.32
provinsi,11,,4,2023,0.1486,"Non Basis",0.16,1.09
provinsi,11,,5,2023,0.4355,"Non Basis",0.04,0.09
provinsi,11,,6,2023,0.9512,"Non Basis",9.54,10.03
provinsi,11,,7,2023,1.1607,Basis,15.83,13.64
provinsi,11,,8,2023,1.4026,Basis,6.62,4.72
provinsi,11,,9,2023,0.4645,"Non Basis",1.51,3.25
provinsi,11,,10,2023,0.6455,"Non Basis",4.43,6.86
provinsi,11,,11,2023,0.3023,"Non Basis",1.28,4.22
provinsi,11,,12,2023,1.4219,Basis,4.16,2.92
provinsi,11,,13,2023,0.321,"Non Basis",0.63,1.97
provinsi,11,,14,2023,2.6203,Basis,8.44,3.22
provinsi,11,,15,2023,0.8719,"Non Basis",2.66,3.05
provinsi,11,,16,2023,2.3708,Basis,3.4,1.44
provinsi,11,,17,2023,0.7742,"Non Basis",1.6,2.06
provinsi,11,,1,2024,2.3127,Basis,27.39,11.84
provinsi,11,,2,2024,0.9666,"Non Basis",7.47,7.73
provinsi,11,,3,2024,0.2014,"Non Basis",4.27,21.18
provinsi,11,,4,2024,0.1504,"Non Basis",0.16,1.09
provinsi,11,,5,2024,0.4388,"Non Basis",0.04,0.09
provinsi,11,,6,2024,0.9317,"Non Basis",9.52,10.21
provinsi,11,,7,2024,1.1398,Basis,15.51,13.61
provinsi,11,,8,2024,1.5137,Basis,7.38,4.88
provinsi,11,,9,2024,0.4422,"Non Basis",1.48,3.36
provinsi,11,,10,2024,0.6138,"Non Basis",4.31,7.02
provinsi,11,,11,2024,0.3538,"Non Basis",1.49,4.2
provinsi,11,,12,2024,1.4426,Basis,4.11,2.85
provinsi,11,,13,2024,0.3104,"Non Basis",0.63,2.03
provinsi,11,,14,2024,2.6577,Basis,8.67,3.26
provinsi,11,,15,2024,0.881,"Non Basis",2.65,3.01
provinsi,11,,16,2024,2.2512,Basis,3.33,1.48
provinsi,11,,17,2024,0.7371,"Non Basis",1.59,2.16
provinsi,11,,1,2025,2.3233,Basis,27.56,11.86
provinsi,11,,2,2025,1.0038,Basis,7.33,7.3
provinsi,11,,3,2025,0.2044,"Non Basis",4.33,21.21
provinsi,11,,4,2025,0.145,"Non Basis",0.15,1.07
provinsi,11,,5,2025,0.4416,"Non Basis",0.04,0.08
provinsi,11,,6,2025,0.894,"Non Basis",9.01,10.08
provinsi,11,,7,2025,1.1529,Basis,15.74,13.65
provinsi,11,,8,2025,1.5066,Basis,7.6,5.04
provinsi,11,,9,2025,0.4407,"Non Basis",1.51,3.43
provinsi,11,,10,2025,0.5894,"Non Basis",4.27,7.24
provinsi,11,,11,2025,0.361,"Non Basis",1.5,4.16
provinsi,11,,12,2025,1.4859,Basis,4.17,2.81
provinsi,11,,13,2025,0.2891,"Non Basis",0.61,2.11
provinsi,11,,14,2025,2.6801,Basis,8.64,3.22
provinsi,11,,15,2025,0.8868,"Non Basis",2.67,3.01
provinsi,11,,16,2025,2.2257,Basis,3.3,1.48
provinsi,11,,17,2025,0.6989,"Non Basis",1.58,2.25
provinsi,13,,1,2021,1.6855,Basis,22.18,13.16
provinsi,13,,2,2021,0.5121,"Non Basis",3.95,7.71
provinsi,13,,3,2021,0.4437,"Non Basis",9.5,21.41
provinsi,13,,4,2021,0.0931,"Non Basis",0.1,1.08
provinsi,13,,5,2021,1.0914,Basis,0.1,0.09
provinsi,13,,6,2021,0.8959,"Non Basis",9.26,10.33
provinsi,13,,7,2021,1.2177,Basis,16.55,13.59
provinsi,13,,8,2021,2.7016,Basis,10.28,3.81
provinsi,13,,9,2021,0.3453,"Non Basis",1.01,2.91
provinsi,13,,10,2021,1.3008,Basis,8.49,6.53
provinsi,13,,11,2021,0.6882,"Non Basis",3,4.35
provinsi,13,,12,2021,0.6349,"Non Basis",1.98,3.12
provinsi,13,,13,2021,0.2305,"Non Basis",0.43,1.85
provinsi,13,,14,2021,1.6471,Basis,5.62,3.41
provinsi,13,,15,2021,1.2812,Basis,4.21,3.29
provinsi,13,,16,2021,1.1117,Basis,1.64,1.47
provinsi,13,,17,2021,0.9062,"Non Basis",1.71,1.88
provinsi,13,,1,2022,1.7161,Basis,22.01,12.82
provinsi,13,,2,2022,0.5029,"Non Basis",3.85,7.66
provinsi,13,,3,2022,0.4328,"Non Basis",9.26,21.4
provinsi,13,,4,2022,0.0906,"Non Basis",0.1,1.09
provinsi,13,,5,2022,1.1048,Basis,0.1,0.09
provinsi,13,,6,2022,0.9053,"Non Basis",9.09,10.04
provinsi,13,,7,2022,1.2253,Basis,16.74,13.66
provinsi,13,,8,2022,2.3965,Basis,10.42,4.35
provinsi,13,,9,2022,0.3591,"Non Basis",1.12,3.11
provinsi,13,,10,2022,1.2995,Basis,8.71,6.7
provinsi,13,,11,2022,0.7098,"Non Basis",3,4.23
provinsi,13,,12,2022,0.6639,"Non Basis",2.01,3.03
provinsi,13,,13,2022,0.2287,"Non Basis",0.44,1.91
provinsi,13,,14,2022,1.63,Basis,5.44,3.33
provinsi,13,,15,2022,1.3471,Basis,4.24,3.15
provinsi,13,,16,2022,1.1374,Basis,1.64,1.44
provinsi,13,,17,2022,0.9314,"Non Basis",1.83,1.96
provinsi,13,,1,2023,1.7612,Basis,21.78,12.37
provinsi,13,,2,2023,0.498,"Non Basis",3.86,7.74
provinsi,13,,3,2023,0.4282,"Non Basis",9.13,21.32
provinsi,13,,4,2023,0.0904,"Non Basis",0.1,1.09
provinsi,13,,5,2023,1.0807,Basis,0.1,0.09
provinsi,13,,6,2023,0.9172,"Non Basis",9.2,10.03
provinsi,13,,7,2023,1.2276,Basis,16.74,13.64
provinsi,13,,8,2023,2.2334,Basis,10.53,4.72
provinsi,13,,9,2023,0.3531,"Non Basis",1.15,3.25
provinsi,13,,10,2023,1.3054,Basis,8.96,6.86
provinsi,13,,11,2023,0.6992,"Non Basis",2.95,4.22
provinsi,13,,12,2023,0.6988,"Non Basis",2.04,2.92
provinsi,13,,13,2023,0.2267,"Non Basis",0.45,1.97
provinsi,13,,14,2023,1.6505,Basis,5.32,3.22
provinsi,13,,15,2023,1.3535,Basis,4.13,3.05
provinsi,13,,16,2023,1.1707,Basis,1.68,1.44
provinsi,13,,17,2023,0.9145,"Non Basis",1.89,2.06
provinsi,13,,1,2024,1.7981,Basis,21.3,11.84
provinsi,13,,2,2024,0.4971,"Non Basis",3.84,7.73
provinsi,13,,3,2024,0.4237,"Non Basis",8.97,21.18
provinsi,13,,4,2024,0.0907,"Non Basis",0.1,1.09
provinsi,13,,5,2024,1.1071,Basis,0.1,0.09
provinsi,13,,6,2024,0.9027,"Non Basis",9.22,10.21
provinsi,13,,7,2024,1.2308,Basis,16.75,13.61
provinsi,13,,8,2024,2.1847,Basis,10.66,4.88
provinsi,13,,9,2024,0.3455,"Non Basis",1.16,3.36
provinsi,13,,10,2024,1.2888,Basis,9.05,7.02
provinsi,13,,11,2024,0.713,"Non Basis",3,4.2
provinsi,13,,12,2024,0.7269,"Non Basis",2.07,2.85
provinsi,13,,13,2024,0.2206,"Non Basis",0.45,2.03
provinsi,13,,14,2024,1.7216,Basis,5.62,3.26
provinsi,13,,15,2024,1.3562,Basis,4.08,3.01
provinsi,13,,16,2024,1.1515,Basis,1.7,1.48
provinsi,13,,17,2024,0.8998,"Non Basis",1.94,2.16
provinsi,13,,1,2025,1.8087,Basis,21.46,11.86
provinsi,13,,2,2025,0.5139,"Non Basis",3.75,7.3
provinsi,13,,3,2025,0.4313,"Non Basis",9.15,21.21
provinsi,13,,4,2025,0.0902,"Non Basis",0.1,1.07
provinsi,13,,5,2025,1.12,Basis,0.09,0.08
provinsi,13,,6,2025,0.8722,"Non Basis",8.79,10.08
provinsi,13,,7,2025,1.231,Basis,16.8,13.65
provinsi,13,,8,2025,2.0429,Basis,10.31,5.04
provinsi,13,,9,2025,0.3378,"Non Basis",1.16,3.43
provinsi,13,,10,2025,1.274,Basis,9.22,7.24
provinsi,13,,11,2025,0.7505,"Non Basis",3.12,4.16
provinsi,13,,12,2025,0.7552,"Non Basis",2.12,2.81
provinsi,13,,13,2025,0.2165,"Non Basis",0.46,2.11
provinsi,13,,14,2025,1.7195,Basis,5.54,3.22
provinsi,13,,15,2025,1.3714,Basis,4.12,3.01
provinsi,13,,16,2025,1.1991,Basis,1.78,1.48
provinsi,13,,17,2025,0.9035,"Non Basis",2.04,2.25
provinsi,14,,1,2021,2.1111,Basis,27.78,13.16
provinsi,14,,2,2021,1.9907,Basis,15.34,7.71
provinsi,14,,3,2021,1.4977,Basis,32.07,21.41
provinsi,14,,4,2021,0.0707,"Non Basis",0.08,1.08
provinsi,14,,5,2021,0.1492,"Non Basis",0.01,0.09
provinsi,14,,6,2021,0.8146,"Non Basis",8.42,10.33
provinsi,14,,7,2021,0.6808,"Non Basis",9.25,13.59
provinsi,14,,8,2021,0.1736,"Non Basis",0.66,3.81
provinsi,14,,9,2021,0.1466,"Non Basis",0.43,2.91
provinsi,14,,10,2021,0.1725,"Non Basis",1.13,6.53
provinsi,14,,11,2021,0.228,"Non Basis",0.99,4.35
provinsi,14,,12,2021,0.306,"Non Basis",0.96,3.12
provinsi,14,,13,2021,0.0025,"Non Basis",0,1.85
provinsi,14,,14,2021,0.4844,"Non Basis",1.65,3.41
provinsi,14,,15,2021,0.1605,"Non Basis",0.53,3.29
provinsi,14,,16,2021,0.1769,"Non Basis",0.26,1.47
provinsi,14,,17,2021,0.2326,"Non Basis",0.44,1.88
provinsi,14,,1,2022,2.1308,Basis,27.32,12.82
provinsi,14,,2,2022,1.9403,Basis,14.87,7.66
provinsi,14,,3,2022,1.501,Basis,32.13,21.4
provinsi,14,,4,2022,0.0761,"Non Basis",0.08,1.09
provinsi,14,,5,2022,0.1516,"Non Basis",0.01,0.09
provinsi,14,,6,2022,0.8396,"Non Basis",8.43,10.04
provinsi,14,,7,2022,0.7246,"Non Basis",9.9,13.66
provinsi,14,,8,2022,0.1724,"Non Basis",0.75,4.35
provinsi,14,,9,2022,0.1458,"Non Basis",0.45,3.11
provinsi,14,,10,2022,0.1718,"Non Basis",1.15,6.7
provinsi,14,,11,2022,0.2356,"Non Basis",1,4.23
provinsi,14,,12,2022,0.3185,"Non Basis",0.96,3.03
provinsi,14,,13,2022,0.0026,"Non Basis",0,1.91
provinsi,14,,14,2022,0.5026,"Non Basis",1.68,3.33
provinsi,14,,15,2022,0.1666,"Non Basis",0.52,3.15
provinsi,14,,16,2022,0.1771,"Non Basis",0.26,1.44
provinsi,14,,17,2022,0.2408,"Non Basis",0.47,1.96
provinsi,14,,1,2023,2.1888,Basis,27.07,12.37
provinsi,14,,2,2023,1.8897,Basis,14.63,7.74
provinsi,14,,3,2023,1.4985,Basis,31.95,21.32
provinsi,14,,4,2023,0.0742,"Non Basis",0.08,1.09
provinsi,14,,5,2023,0.1537,"Non Basis",0.01,0.09
provinsi,14,,6,2023,0.8808,"Non Basis",8.84,10.03
provinsi,14,,7,2023,0.7393,"Non Basis",10.08,13.64
provinsi,14,,8,2023,0.1652,"Non Basis",0.78,4.72
provinsi,14,,9,2023,0.1392,"Non Basis",0.45,3.25
provinsi,14,,10,2023,0.1733,"Non Basis",1.19,6.86
provinsi,14,,11,2023,0.2359,"Non Basis",1,4.22
provinsi,14,,12,2023,0.329,"Non Basis",0.96,2.92
provinsi,14,,13,2023,0.0025,"Non Basis",0,1.97
provinsi,14,,14,2023,0.5261,"Non Basis",1.7,3.22
provinsi,14,,15,2023,0.1712,"Non Basis",0.52,3.05
provinsi,14,,16,2023,0.1825,"Non Basis",0.26,1.44
provinsi,14,,17,2023,0.2334,"Non Basis",0.48,2.06
provinsi,14,,1,2024,2.257,Basis,26.73,11.84
provinsi,14,,2,2024,1.8359,Basis,14.18,7.73
provinsi,14,,3,2024,1.5114,Basis,32.01,21.18
provinsi,14,,4,2024,0.0769,"Non Basis",0.08,1.09
provinsi,14,,5,2024,0.1594,"Non Basis",0.01,0.09
provinsi,14,,6,2024,0.8903,"Non Basis",9.09,10.21
provinsi,14,,7,2024,0.759,"Non Basis",10.33,13.61
provinsi,14,,8,2024,0.1644,"Non Basis",0.8,4.88
provinsi,14,,9,2024,0.1443,"Non Basis",0.48,3.36
provinsi,14,,10,2024,0.1759,"Non Basis",1.24,7.02
provinsi,14,,11,2024,0.2317,"Non Basis",0.97,4.2
provinsi,14,,12,2024,0.3385,"Non Basis",0.96,2.85
provinsi,14,,13,2024,0.0026,"Non Basis",0.01,2.03
provinsi,14,,14,2024,0.5493,"Non Basis",1.79,3.26
provinsi,14,,15,2024,0.1749,"Non Basis",0.53,3.01
provinsi,14,,16,2024,0.1827,"Non Basis",0.27,1.48
provinsi,14,,17,2024,0.2322,"Non Basis",0.5,2.16
provinsi,14,,1,2025,2.2558,Basis,26.76,11.86
provinsi,14,,2,2025,1.8569,Basis,13.55,7.3
provinsi,14,,3,2025,1.5325,Basis,32.5,21.21
provinsi,14,,4,2025,0.0786,"Non Basis",0.08,1.07
provinsi,14,,5,2025,0.1695,"Non Basis",0.01,0.08
provinsi,14,,6,2025,0.9039,"Non Basis",9.11,10.08
provinsi,14,,7,2025,0.76,"Non Basis",10.37,13.65
provinsi,14,,8,2025,0.1572,"Non Basis",0.79,5.04
provinsi,14,,9,2025,0.1402,"Non Basis",0.48,3.43
provinsi,14,,10,2025,0.1724,"Non Basis",1.25,7.24
provinsi,14,,11,2025,0.2337,"Non Basis",0.97,4.16
provinsi,14,,12,2025,0.3406,"Non Basis",0.96,2.81
provinsi,14,,13,2025,0.0026,"Non Basis",0.01,2.11
provinsi,14,,14,2025,0.5564,"Non Basis",1.79,3.22
provinsi,14,,15,2025,0.1819,"Non Basis",0.55,3.01
provinsi,14,,16,2025,0.1889,"Non Basis",0.28,1.48
provinsi,14,,17,2025,0.2361,"Non Basis",0.53,2.25
provinsi,15,,1,2021,2.0352,Basis,26.79,13.16
provinsi,15,,2,2021,3.0141,Basis,23.22,7.71
provinsi,15,,3,2021,0.4774,"Non Basis",10.22,21.41
provinsi,15,,4,2021,0.0525,"Non Basis",0.06,1.08
provinsi,15,,5,2021,1.4897,Basis,0.14,0.09
provinsi,15,,6,2021,0.7564,"Non Basis",7.82,10.33
provinsi,15,,7,2021,0.7199,"Non Basis",9.78,13.59
provinsi,15,,8,2021,0.7577,"Non Basis",2.88,3.81
provinsi,15,,9,2021,0.3708,"Non Basis",1.08,2.91
provinsi,15,,10,2021,0.6308,"Non Basis",4.12,6.53
provinsi,15,,11,2021,0.5484,"Non Basis",2.39,4.35
provinsi,15,,12,2021,0.4748,"Non Basis",1.48,3.12
provinsi,15,,13,2021,0.5419,"Non Basis",1,1.85
provinsi,15,,14,2021,0.9385,"Non Basis",3.2,3.41
provinsi,15,,15,2021,1.0317,Basis,3.39,3.29
provinsi,15,,16,2021,0.9765,"Non Basis",1.44,1.47
provinsi,15,,17,2021,0.5255,"Non Basis",0.99,1.88
provinsi,15,,1,2022,2.0863,Basis,26.75,12.82
provinsi,15,,2,2022,3.1063,Basis,23.81,7.66
provinsi,15,,3,2022,0.4684,"Non Basis",10.02,21.4
provinsi,15,,4,2022,0.0549,"Non Basis",0.06,1.09
provinsi,15,,5,2022,1.4859,Basis,0.14,0.09
provinsi,15,,6,2022,0.7337,"Non Basis",7.37,10.04
provinsi,15,,7,2022,0.7178,"Non Basis",9.81,13.66
provinsi,15,,8,2022,0.7381,"Non Basis",3.21,4.35
provinsi,15,,9,2022,0.3673,"Non Basis",1.14,3.11
provinsi,15,,10,2022,0.6269,"Non Basis",4.2,6.7
provinsi,15,,11,2022,0.5332,"Non Basis",2.26,4.23
provinsi,15,,12,2022,0.4857,"Non Basis",1.47,3.03
provinsi,15,,13,2022,0.5727,"Non Basis",1.1,1.91
provinsi,15,,14,2022,0.908,"Non Basis",3.03,3.33
provinsi,15,,15,2022,1.045,Basis,3.29,3.15
provinsi,15,,16,2022,0.9268,"Non Basis",1.34,1.44
provinsi,15,,17,2022,0.5167,"Non Basis",1.01,1.96
provinsi,15,,1,2023,2.1834,Basis,27,12.37
provinsi,15,,2,2023,2.9395,Basis,22.76,7.74
provinsi,15,,3,2023,0.4681,"Non Basis",9.98,21.32
provinsi,15,,4,2023,0.0589,"Non Basis",0.06,1.09
provinsi,15,,5,2023,1.425,Basis,0.13,0.09
provinsi,15,,6,2023,0.758,"Non Basis",7.6,10.03
provinsi,15,,7,2023,0.7474,"Non Basis",10.19,13.64
provinsi,15,,8,2023,0.704,"Non Basis",3.32,4.72
provinsi,15,,9,2023,0.3646,"Non Basis",1.19,3.25
provinsi,15,,10,2023,0.6288,"Non Basis",4.32,6.86
provinsi,15,,11,2023,0.5171,"Non Basis",2.18,4.22
provinsi,15,,12,2023,0.4965,"Non Basis",1.45,2.92
provinsi,15,,13,2023,0.6205,"Non Basis",1.22,1.97
provinsi,15,,14,2023,0.9251,"Non Basis",2.98,3.22
provinsi,15,,15,2023,1.0569,Basis,3.22,3.05
provinsi,15,,16,2023,0.9303,"Non Basis",1.34,1.44
provinsi,15,,17,2023,0.5094,"Non Basis",1.05,2.06
provinsi,15,,1,2024,2.2744,Basis,26.94,11.84
provinsi,15,,2,2024,2.793,Basis,21.58,7.73
provinsi,15,,3,2024,0.4723,"Non Basis",10,21.18
provinsi,15,,4,2024,0.0608,"Non Basis",0.07,1.09
provinsi,15,,5,2024,1.439,Basis,0.13,0.09
provinsi,15,,6,2024,0.7825,"Non Basis",7.99,10.21
provinsi,15,,7,2024,0.7609,"Non Basis",10.35,13.61
provinsi,15,,8,2024,0.7049,"Non Basis",3.44,4.88
provinsi,15,,9,2024,0.3707,"Non Basis",1.24,3.36
provinsi,15,,10,2024,0.6188,"Non Basis",4.35,7.02
provinsi,15,,11,2024,0.5082,"Non Basis",2.14,4.2
provinsi,15,,12,2024,0.5131,"Non Basis",1.46,2.85
provinsi,15,,13,2024,0.6307,"Non Basis",1.28,2.03
provinsi,15,,14,2024,0.9742,"Non Basis",3.18,3.26
provinsi,15,,15,2024,1.1113,Basis,3.35,3.01
provinsi,15,,16,2024,0.9603,"Non Basis",1.42,1.48
provinsi,15,,17,2024,0.5049,"Non Basis",1.09,2.16
provinsi,15,,1,2025,2.2831,Basis,27.08,11.86
provinsi,15,,2,2025,2.9864,Basis,21.79,7.3
provinsi,15,,3,2025,0.4725,"Non Basis",10.02,21.21
provinsi,15,,4,2025,0.0633,"Non Basis",0.07,1.07
provinsi,15,,5,2025,1.4541,Basis,0.12,0.08
provinsi,15,,6,2025,0.7242,"Non Basis",7.3,10.08
provinsi,15,,7,2025,0.7791,"Non Basis",10.63,13.65
provinsi,15,,8,2025,0.7072,"Non Basis",3.57,5.04
provinsi,15,,9,2025,0.3565,"Non Basis",1.22,3.43
provinsi,15,,10,2025,0.621,"Non Basis",4.49,7.24
provinsi,15,,11,2025,0.533,"Non Basis",2.21,4.16
provinsi,15,,12,2025,0.5167,"Non Basis",1.45,2.81
provinsi,15,,13,2025,0.6199,"Non Basis",1.31,2.11
provinsi,15,,14,2025,0.9154,"Non Basis",2.95,3.22
provinsi,15,,15,2025,1.0952,Basis,3.29,3.01
provinsi,15,,16,2025,0.9489,"Non Basis",1.41,1.48
provinsi,15,,17,2025,0.4749,"Non Basis",1.07,2.25
provinsi,17,,1,2021,2.0816,Basis,27.4,13.16
provinsi,17,,2,2021,0.4433,"Non Basis",3.42,7.71
provinsi,17,,3,2021,0.271,"Non Basis",5.8,21.41
provinsi,17,,4,2021,0.1032,"Non Basis",0.11,1.08
provinsi,17,,5,2021,2.2913,Basis,0.21,0.09
provinsi,17,,6,2021,0.4549,"Non Basis",4.7,10.33
provinsi,17,,7,2021,1.1637,Basis,15.81,13.59
provinsi,17,,8,2021,2.0523,Basis,7.81,3.81
provinsi,17,,9,2021,0.5857,"Non Basis",1.71,2.91
provinsi,17,,10,2021,0.7662,"Non Basis",5,6.53
provinsi,17,,11,2021,0.8257,"Non Basis",3.6,4.35
provinsi,17,,12,2021,1.3836,Basis,4.32,3.12
provinsi,17,,13,2021,1.1486,Basis,2.12,1.85
provinsi,17,,14,2021,2.6251,Basis,8.96,3.41
provinsi,17,,15,2021,1.9001,Basis,6.24,3.29
provinsi,17,,16,2021,1.3326,Basis,1.96,1.47
provinsi,17,,17,2021,0.4347,"Non Basis",0.82,1.88
provinsi,17,,1,2022,2.1402,Basis,27.44,12.82
provinsi,17,,2,2022,0.4152,"Non Basis",3.18,7.66
provinsi,17,,3,2022,0.268,"Non Basis",5.74,21.4
provinsi,17,,4,2022,0.1052,"Non Basis",0.11,1.09
provinsi,17,,5,2022,2.3501,Basis,0.21,0.09
provinsi,17,,6,2022,0.4497,"Non Basis",4.52,10.04
provinsi,17,,7,2022,1.1551,Basis,15.78,13.66
provinsi,17,,8,2022,1.9544,Basis,8.5,4.35
provinsi,17,,9,2022,0.5705,"Non Basis",1.77,3.11
provinsi,17,,10,2022,0.7746,"Non Basis",5.19,6.7
provinsi,17,,11,2022,0.7792,"Non Basis",3.3,4.23
provinsi,17,,12,2022,1.4214,Basis,4.3,3.03
provinsi,17,,13,2022,1.183,Basis,2.27,1.91
provinsi,17,,14,2022,2.5813,Basis,8.61,3.33
provinsi,17,,15,2022,1.9946,Basis,6.28,3.15
provinsi,17,,16,2022,1.3489,Basis,1.94,1.44
provinsi,17,,17,2022,0.4321,"Non Basis",0.85,1.96
provinsi,17,,1,2023,2.1727,Basis,26.87,12.37
provinsi,17,,2,2023,0.4252,"Non Basis",3.29,7.74
provinsi,17,,3,2023,0.2628,"Non Basis",5.6,21.32
provinsi,17,,4,2023,0.105,"Non Basis",0.11,1.09
provinsi,17,,5,2023,2.3606,Basis,0.22,0.09
provinsi,17,,6,2023,0.4537,"Non Basis",4.55,10.03
provinsi,17,,7,2023,1.144,Basis,15.6,13.64
provinsi,17,,8,2023,1.8528,Basis,8.74,4.72
provinsi,17,,9,2023,0.5743,"Non Basis",1.87,3.25
provinsi,17,,10,2023,0.7951,"Non Basis",5.46,6.86
provinsi,17,,11,2023,0.7112,"Non Basis",3,4.22
provinsi,17,,12,2023,1.4864,Basis,4.34,2.92
provinsi,17,,13,2023,1.1876,Basis,2.34,1.97
provinsi,17,,14,2023,2.7201,Basis,8.77,3.22
provinsi,17,,15,2023,2.0712,Basis,6.32,3.05
provinsi,17,,16,2023,1.4105,Basis,2.03,1.44
provinsi,17,,17,2023,0.4331,"Non Basis",0.89,2.06
provinsi,17,,1,2024,2.2237,Basis,26.34,11.84
provinsi,17,,2,2024,0.4187,"Non Basis",3.23,7.73
provinsi,17,,3,2024,0.2566,"Non Basis",5.43,21.18
provinsi,17,,4,2024,0.1047,"Non Basis",0.11,1.09
provinsi,17,,5,2024,2.4769,Basis,0.22,0.09
provinsi,17,,6,2024,0.4499,"Non Basis",4.59,10.21
provinsi,17,,7,2024,1.1321,Basis,15.41,13.61
provinsi,17,,8,2024,1.7806,Basis,8.68,4.88
provinsi,17,,9,2024,0.5819,"Non Basis",1.95,3.36
provinsi,17,,10,2024,0.8111,"Non Basis",5.7,7.02
provinsi,17,,11,2024,0.7194,"Non Basis",3.02,4.2
provinsi,17,,12,2024,1.5189,Basis,4.33,2.85
provinsi,17,,13,2024,1.1911,Basis,2.42,2.03
provinsi,17,,14,2024,2.7833,Basis,9.08,3.26
provinsi,17,,15,2024,2.134,Basis,6.43,3.01
provinsi,17,,16,2024,1.4293,Basis,2.11,1.48
provinsi,17,,17,2024,0.4333,"Non Basis",0.93,2.16
provinsi,17,,1,2025,2.2056,Basis,26.16,11.86
provinsi,17,,2,2025,0.4054,"Non Basis",2.96,7.3
provinsi,17,,3,2025,0.2675,"Non Basis",5.67,21.21
provinsi,17,,4,2025,0.1055,"Non Basis",0.11,1.07
provinsi,17,,5,2025,2.4632,Basis,0.21,0.08
provinsi,17,,6,2025,0.4485,"Non Basis",4.52,10.08
provinsi,17,,7,2025,1.1119,Basis,15.18,13.65
provinsi,17,,8,2025,1.7161,Basis,8.66,5.04
provinsi,17,,9,2025,0.6067,"Non Basis",2.08,3.43
provinsi,17,,10,2025,0.8164,"Non Basis",5.91,7.24
provinsi,17,,11,2025,0.76,"Non Basis",3.16,4.16
provinsi,17,,12,2025,1.5507,Basis,4.35,2.81
provinsi,17,,13,2025,1.1804,Basis,2.49,2.11
provinsi,17,,14,2025,2.7346,Basis,8.81,3.22
provinsi,17,,15,2025,2.1873,Basis,6.58,3.01
provinsi,17,,16,2025,1.4582,Basis,2.16,1.48
provinsi,17,,17,2025,0.4372,"Non Basis",0.99,2.25
provinsi,12,,1,2021,1.9646,Basis,25.86,13.16
provinsi,12,,2,2021,0.1675,"Non Basis",1.29,7.71
provinsi,12,,3,2021,0.835,"Non Basis",17.88,21.41
provinsi,12,,4,2021,0.1338,"Non Basis",0.14,1.08
provinsi,12,,5,2021,1.0904,Basis,0.1,0.09
provinsi,12,,6,2021,1.2069,Basis,12.47,10.33
provinsi,12,,7,2021,1.3244,Basis,18,13.59
provinsi,12,,8,2021,1.0397,Basis,3.96,3.81
provinsi,12,,9,2021,0.7454,"Non Basis",2.17,2.91
provinsi,12,,10,2021,0.4863,"Non Basis",3.17,6.53
provinsi,12,,11,2021,0.6716,"Non Basis",2.92,4.35
provinsi,12,,12,2021,1.387,Basis,4.33,3.12
provinsi,12,,13,2021,0.4656,"Non Basis",0.86,1.85
provinsi,12,,14,2021,0.9721,"Non Basis",3.32,3.41
provinsi,12,,15,2021,0.635,"Non Basis",2.09,3.29
provinsi,12,,16,2021,0.6315,"Non Basis",0.93,1.47
provinsi,12,,17,2021,0.2663,"Non Basis",0.5,1.88
provinsi,12,,1,2022,2.0222,Basis,25.93,12.82
provinsi,12,,2,2022,0.165,"Non Basis",1.26,7.66
provinsi,12,,3,2022,0.8136,"Non Basis",17.41,21.4
provinsi,12,,4,2022,0.1318,"Non Basis",0.14,1.09
provinsi,12,,5,2022,1.0814,Basis,0.1,0.09
provinsi,12,,6,2022,1.2215,Basis,12.27,10.04
provinsi,12,,7,2022,1.3403,Basis,18.31,13.66
provinsi,12,,8,2022,0.9819,"Non Basis",4.27,4.35
provinsi,12,,9,2022,0.7157,"Non Basis",2.22,3.11
provinsi,12,,10,2022,0.4868,"Non Basis",3.26,6.7
provinsi,12,,11,2022,0.6855,"Non Basis",2.9,4.23
provinsi,12,,12,2022,1.4284,Basis,4.32,3.03
provinsi,12,,13,2022,0.4667,"Non Basis",0.89,1.91
provinsi,12,,14,2022,0.9432,"Non Basis",3.15,3.33
provinsi,12,,15,2022,0.6654,"Non Basis",2.1,3.15
provinsi,12,,16,2022,0.6457,"Non Basis",0.93,1.44
provinsi,12,,17,2022,0.265,"Non Basis",0.52,1.96
provinsi,12,,1,2023,2.0578,Basis,25.45,12.37
provinsi,12,,2,2023,0.1611,"Non Basis",1.25,7.74
provinsi,12,,3,2023,0.8048,"Non Basis",17.16,21.32
provinsi,12,,4,2023,0.1284,"Non Basis",0.14,1.09
provinsi,12,,5,2023,1.0612,Basis,0.1,0.09
provinsi,12,,6,2023,1.2393,Basis,12.43,10.03
provinsi,12,,7,2023,1.353,Basis,18.45,13.64
provinsi,12,,8,2023,0.9742,"Non Basis",4.6,4.72
provinsi,12,,9,2023,0.7174,"Non Basis",2.33,3.25
provinsi,12,,10,2023,0.4879,"Non Basis",3.35,6.86
provinsi,12,,11,2023,0.6905,"Non Basis",2.91,4.22
provinsi,12,,12,2023,1.4538,Basis,4.25,2.92
provinsi,12,,13,2023,0.4601,"Non Basis",0.91,1.97
provinsi,12,,14,2023,0.9475,"Non Basis",3.05,3.22
provinsi,12,,15,2023,0.7024,"Non Basis",2.14,3.05
provinsi,12,,16,2023,0.6568,"Non Basis",0.94,1.44
provinsi,12,,17,2023,0.2626,"Non Basis",0.54,2.06
provinsi,12,,1,2024,2.1216,Basis,25.13,11.84
provinsi,12,,2,2024,0.1599,"Non Basis",1.24,7.73
provinsi,12,,3,2024,0.8069,"Non Basis",17.09,21.18
provinsi,12,,4,2024,0.126,"Non Basis",0.14,1.09
provinsi,12,,5,2024,1.0723,Basis,0.09,0.09
provinsi,12,,6,2024,1.2346,Basis,12.61,10.21
provinsi,12,,7,2024,1.3484,Basis,18.35,13.61
provinsi,12,,8,2024,0.9547,"Non Basis",4.66,4.88
provinsi,12,,9,2024,0.7414,"Non Basis",2.49,3.36
provinsi,12,,10,2024,0.4876,"Non Basis",3.42,7.02
provinsi,12,,11,2024,0.6854,"Non Basis",2.88,4.2
provinsi,12,,12,2024,1.4962,Basis,4.26,2.85
provinsi,12,,13,2024,0.4467,"Non Basis",0.91,2.03
provinsi,12,,14,2024,0.9452,"Non Basis",3.08,3.26
provinsi,12,,15,2024,0.7158,"Non Basis",2.16,3.01
provinsi,12,,16,2024,0.6392,"Non Basis",0.94,1.48
provinsi,12,,17,2024,0.255,"Non Basis",0.55,2.16
provinsi,12,,1,2025,2.1581,Basis,25.6,11.86
provinsi,12,,2,2025,0.1672,"Non Basis",1.22,7.3
provinsi,12,,3,2025,0.8101,"Non Basis",17.18,21.21
provinsi,12,,4,2025,0.1289,"Non Basis",0.14,1.07
provinsi,12,,5,2025,1.152,Basis,0.1,0.08
provinsi,12,,6,2025,1.2145,Basis,12.24,10.08
provinsi,12,,7,2025,1.3859,Basis,18.92,13.65
provinsi,12,,8,2025,0.6884,"Non Basis",3.47,5.04
provinsi,12,,9,2025,0.736,"Non Basis",2.52,3.43
provinsi,12,,10,2025,0.4897,"Non Basis",3.54,7.24
provinsi,12,,11,2025,0.6943,"Non Basis",2.89,4.16
provinsi,12,,12,2025,1.6031,Basis,4.5,2.81
provinsi,12,,13,2025,0.4619,"Non Basis",0.97,2.11
provinsi,12,,14,2025,0.924,"Non Basis",2.98,3.22
provinsi,12,,15,2025,0.7254,"Non Basis",2.18,3.01
provinsi,12,,16,2025,0.6699,"Non Basis",0.99,1.48
provinsi,12,,17,2025,0.245,"Non Basis",0.55,2.25
kabupaten,21,2171,1,2021,0.3389,"Non Basis",1,2.94
kabupaten,21,2171,2,2021,0.0048,"Non Basis",0.07,13.68
kabupaten,21,2171,3,2021,1.3877,Basis,58.23,41.96
kabupaten,21,2171,4,2021,1.4887,Basis,1.36,0.91
kabupaten,21,2171,5,2021,1.5701,Basis,0.19,0.12
kabupaten,21,2171,6,2021,1.0719,Basis,19.7,18.38
kabupaten,21,2171,7,2021,0.7455,"Non Basis",5.6,7.51
kabupaten,21,2171,8,2021,0.8269,"Non Basis",1.15,1.39
kabupaten,21,2171,9,2021,0.9835,"Non Basis",1.28,1.3
kabupaten,21,2171,10,2021,1.1873,Basis,3.88,3.27
kabupaten,21,2171,11,2021,1.3013,Basis,3.48,2.67
kabupaten,21,2171,12,2021,0.9292,"Non Basis",1.15,1.24
kabupaten,21,2171,13,2021,0.8742,"Non Basis",0,0
kabupaten,21,2171,14,2021,0.5285,"Non Basis",1.18,2.23
kabupaten,21,2171,15,2021,0.6832,"Non Basis",0.82,1.21
kabupaten,21,2171,16,2021,0.7613,"Non Basis",0.79,1.04
kabupaten,21,2171,17,2021,0.8501,"Non Basis",0.13,0.15
kabupaten,21,2171,1,2022,0.3308,"Non Basis",0.97,2.95
kabupaten,21,2171,2,2022,0.0054,"Non Basis",0.07,12.11
kabupaten,21,2171,3,2022,1.3896,Basis,58,41.74
kabupaten,21,2171,4,2022,1.4576,Basis,1.47,1.01
kabupaten,21,2171,5,2022,1.4767,Basis,0.18,0.13
kabupaten,21,2171,6,2022,1.048,Basis,19.25,18.37
kabupaten,21,2171,7,2022,0.6891,"Non Basis",5.61,8.14
kabupaten,21,2171,8,2022,0.8618,"Non Basis",1.58,1.83
kabupaten,21,2171,9,2022,0.9611,"Non Basis",1.78,1.86
kabupaten,21,2171,10,2022,1.0997,Basis,3.71,3.38
kabupaten,21,2171,11,2022,1.2862,Basis,3.41,2.65
kabupaten,21,2171,12,2022,0.9144,"Non Basis",1.13,1.24
kabupaten,21,2171,13,2022,0.8435,"Non Basis",0,0
kabupaten,21,2171,14,2022,0.5082,"Non Basis",1.11,2.19
kabupaten,21,2171,15,2022,0.6539,"Non Basis",0.78,1.19
kabupaten,21,2171,16,2022,0.7981,"Non Basis",0.79,0.99
kabupaten,21,2171,17,2022,0.609,"Non Basis",0.15,0.24
kabupaten,21,2171,1,2023,0.2924,"Non Basis",0.83,2.85
kabupaten,21,2171,2,2023,0.0059,"Non Basis",0.07,11.21
kabupaten,21,2171,3,2023,1.3922,Basis,56.62,40.67
kabupaten,21,2171,4,2023,1.4462,Basis,1.5,1.04
kabupaten,21,2171,5,2023,1.4133,Basis,0.18,0.12
kabupaten,21,2171,6,2023,1.0237,Basis,19.76,19.3
kabupaten,21,2171,7,2023,0.7002,"Non Basis",5.74,8.2
kabupaten,21,2171,8,2023,0.8507,"Non Basis",1.7,2
kabupaten,21,2171,9,2023,0.9711,"Non Basis",2.18,2.25
kabupaten,21,2171,10,2023,1.0672,Basis,4.11,3.85
kabupaten,21,2171,11,2023,1.2705,Basis,3.48,2.74
kabupaten,21,2171,12,2023,0.8802,"Non Basis",1.09,1.24
kabupaten,21,2171,13,2023,0.7688,"Non Basis",0,0
kabupaten,21,2171,14,2023,0.4903,"Non Basis",1.07,2.19
kabupaten,21,2171,15,2023,0.6312,"Non Basis",0.74,1.17
kabupaten,21,2171,16,2023,0.8444,"Non Basis",0.76,0.9
kabupaten,21,2171,17,2023,0.6195,"Non Basis",0.17,0.28
kabupaten,21,2171,1,2024,0.264,"Non Basis",0.72,2.72
kabupaten,21,2171,2,2024,0.0068,"Non Basis",0.07,9.84
kabupaten,21,2171,3,2024,1.3784,Basis,57.53,41.73
kabupaten,21,2171,4,2024,1.4262,Basis,1.51,1.06
kabupaten,21,2171,5,2024,0.1447,"Non Basis",0.02,0.12
kabupaten,21,2171,6,2024,0.9695,"Non Basis",18.84,19.43
kabupaten,21,2171,7,2024,0.7129,"Non Basis",5.88,8.24
kabupaten,21,2171,8,2024,0.873,"Non Basis",1.7,1.95
kabupaten,21,2171,9,2024,0.9604,"Non Basis",2.14,2.23
kabupaten,21,2171,10,2024,1.1185,Basis,4.1,3.67
kabupaten,21,2171,11,2024,1.2657,Basis,3.54,2.8
kabupaten,21,2171,12,2024,0.8781,"Non Basis",1.09,1.25
kabupaten,21,2171,13,2024,0.7541,"Non Basis",0,0
kabupaten,21,2171,14,2024,0.4583,"Non Basis",1.13,2.46
kabupaten,21,2171,15,2024,0.6304,"Non Basis",0.73,1.16
kabupaten,21,2171,16,2024,0.7937,"Non Basis",0.81,1.02
kabupaten,21,2171,17,2024,0.5958,"Non Basis",0.19,0.31
kabupaten,21,2171,1,2025,0.2782,"Non Basis",0.73,2.64
kabupaten,21,2171,2,2025,0.0058,"Non Basis",0.06,10.67
kabupaten,21,2171,3,2025,1.3705,Basis,57.51,41.96
kabupaten,21,2171,4,2025,1.4461,Basis,1.58,1.09
kabupaten,21,2171,5,2025,1.3966,Basis,0.18,0.13
kabupaten,21,2171,6,2025,0.9815,"Non Basis",18.78,19.14
kabupaten,21,2171,7,2025,0.7223,"Non Basis",5.99,8.29
kabupaten,21,2171,8,2025,0.8383,"Non Basis",1.64,1.96
kabupaten,21,2171,9,2025,0.9363,"Non Basis",2.01,2.15
kabupaten,21,2171,10,2025,1.1816,Basis,3.94,3.34
kabupaten,21,2171,11,2025,1.3137,Basis,3.58,2.72
kabupaten,21,2171,12,2025,0.9528,"Non Basis",1.17,1.23
kabupaten,21,2171,13,2025,0.7039,"Non Basis",0,0
kabupaten,21,2171,14,2025,0.5037,"Non Basis",1.14,2.26
kabupaten,21,2171,15,2025,0.6295,"Non Basis",0.72,1.14
kabupaten,21,2171,16,2025,0.7902,"Non Basis",0.78,0.98
kabupaten,21,2171,17,2025,0.6203,"Non Basis",0.18,0.3
kabupaten,21,2172,1,2021,0.2644,"Non Basis",0.78,2.94
kabupaten,21,2172,2,2021,0.0005,"Non Basis",0.01,13.68
kabupaten,21,2172,3,2021,0.1639,"Non Basis",6.88,41.96
kabupaten,21,2172,4,2021,0.2895,"Non Basis",0.26,0.91
kabupaten,21,2172,5,2021,0.6581,"Non Basis",0.08,0.12
kabupaten,21,2172,6,2021,1.7084,Basis,31.4,18.38
kabupaten,21,2172,7,2021,3.4347,Basis,25.8,7.51
kabupaten,21,2172,8,2021,2.9929,Basis,4.16,1.39
kabupaten,21,2172,9,2021,0.8174,"Non Basis",1.07,1.3
kabupaten,21,2172,10,2021,1.2781,Basis,4.17,3.27
kabupaten,21,2172,11,2021,1.3096,Basis,3.5,2.67
kabupaten,21,2172,12,2021,2.834,Basis,3.52,1.24
kabupaten,21,2172,13,2021,4.6095,Basis,0.01,0
kabupaten,21,2172,14,2021,4.6019,Basis,10.24,2.23
kabupaten,21,2172,15,2021,3.5795,Basis,4.32,1.21
kabupaten,21,2172,16,2021,2.7018,Basis,2.82,1.04
kabupaten,21,2172,17,2021,6.5304,Basis,0.98,0.15
kabupaten,21,2172,1,2022,0.2603,"Non Basis",0.77,2.95
kabupaten,21,2172,2,2022,0.0006,"Non Basis",0.01,12.11
kabupaten,21,2172,3,2022,0.1619,"Non Basis",6.76,41.74
kabupaten,21,2172,4,2022,0.2601,"Non Basis",0.26,1.01
kabupaten,21,2172,5,2022,0.6267,"Non Basis",0.08,0.13
kabupaten,21,2172,6,2022,1.6503,Basis,30.31,18.37
kabupaten,21,2172,7,2022,3.189,Basis,25.96,8.14
kabupaten,21,2172,8,2022,2.8156,Basis,5.15,1.83
kabupaten,21,2172,9,2022,0.7376,"Non Basis",1.37,1.86
kabupaten,21,2172,10,2022,1.2369,Basis,4.18,3.38
kabupaten,21,2172,11,2022,1.2937,Basis,3.43,2.65
kabupaten,21,2172,12,2022,2.8083,Basis,3.47,1.24
kabupaten,21,2172,13,2022,4.2755,Basis,0.01,0
kabupaten,21,2172,14,2022,4.6439,Basis,10.17,2.19
kabupaten,21,2172,15,2022,3.5754,Basis,4.24,1.19
kabupaten,21,2172,16,2022,2.7695,Basis,2.75,0.99
kabupaten,21,2172,17,2022,4.4247,Basis,1.08,0.24
kabupaten,21,2172,1,2023,0.2629,"Non Basis",0.75,2.85
kabupaten,21,2172,2,2023,0.0005,"Non Basis",0.01,11.21
kabupaten,21,2172,3,2023,0.1626,"Non Basis",6.61,40.67
kabupaten,21,2172,4,2023,0.2583,"Non Basis",0.27,1.04
kabupaten,21,2172,5,2023,0.6265,"Non Basis",0.08,0.12
kabupaten,21,2172,6,2023,1.5055,Basis,29.05,19.3
kabupaten,21,2172,7,2023,3.1972,Basis,26.21,8.2
kabupaten,21,2172,8,2023,2.731,Basis,5.46,2
kabupaten,21,2172,9,2023,0.7007,"Non Basis",1.58,2.25
kabupaten,21,2172,10,2023,1.1247,Basis,4.33,3.85
kabupaten,21,2172,11,2023,1.2725,Basis,3.48,2.74
kabupaten,21,2172,12,2023,2.8835,Basis,3.57,1.24
kabupaten,21,2172,13,2023,3.9892,Basis,0.02,0
kabupaten,21,2172,14,2023,4.8144,Basis,10.54,2.19
kabupaten,21,2172,15,2023,3.562,Basis,4.17,1.17
kabupaten,21,2172,16,2023,3.0548,Basis,2.74,0.9
kabupaten,21,2172,17,2023,4.0006,Basis,1.13,0.28
kabupaten,21,2172,1,2024,0.2696,"Non Basis",0.73,2.72
kabupaten,21,2172,2,2024,0.0006,"Non Basis",0.01,9.84
kabupaten,21,2172,3,2024,0.1537,"Non Basis",6.41,41.73
kabupaten,21,2172,4,2024,0.2568,"Non Basis",0.27,1.06
kabupaten,21,2172,5,2024,0.6138,"Non Basis",0.07,0.12
kabupaten,21,2172,6,2024,1.4329,Basis,27.85,19.43
kabupaten,21,2172,7,2024,3.3053,Basis,27.24,8.24
kabupaten,21,2172,8,2024,2.912,Basis,5.69,1.95
kabupaten,21,2172,9,2024,0.7172,"Non Basis",1.6,2.23
kabupaten,21,2172,10,2024,1.2092,Basis,4.43,3.67
kabupaten,21,2172,11,2024,1.2515,Basis,3.5,2.8
kabupaten,21,2172,12,2024,2.8944,Basis,3.6,1.25
kabupaten,21,2172,13,2024,3.9093,Basis,0.02,0
kabupaten,21,2172,14,2024,4.2727,Basis,10.5,2.46
kabupaten,21,2172,15,2024,3.4876,Basis,4.05,1.16
kabupaten,21,2172,16,2024,2.7581,Basis,2.82,1.02
kabupaten,21,2172,17,2024,3.8763,Basis,1.21,0.31
kabupaten,21,2172,1,2025,0.2758,"Non Basis",0.73,2.64
kabupaten,21,2172,2,2025,0.0005,"Non Basis",0,10.67
kabupaten,21,2172,3,2025,0.1511,"Non Basis",6.34,41.96
kabupaten,21,2172,4,2025,0.2477,"Non Basis",0.27,1.09
kabupaten,21,2172,5,2025,0.6456,"Non Basis",0.08,0.13
kabupaten,21,2172,6,2025,1.36,Basis,26.03,19.14
kabupaten,21,2172,7,2025,3.5074,Basis,29.07,8.29
kabupaten,21,2172,8,2025,2.9922,Basis,5.86,1.96
kabupaten,21,2172,9,2025,0.8103,"Non Basis",1.74,2.15
kabupaten,21,2172,10,2025,1.3495,Basis,4.51,3.34
kabupaten,21,2172,11,2025,1.3055,Basis,3.56,2.72
kabupaten,21,2172,12,2025,2.8214,Basis,3.47,1.23
kabupaten,21,2172,13,2025,3.7778,Basis,0.02,0
kabupaten,21,2172,14,2025,4.3633,Basis,9.88,2.26
kabupaten,21,2172,15,2025,3.6578,Basis,4.19,1.14
kabupaten,21,2172,16,2025,3.1472,Basis,3.09,0.98
kabupaten,21,2172,17,2025,3.9702,Basis,1.18,0.3
kabupaten,21,2103,1,2021,3.9741,Basis,11.69,2.94
kabupaten,21,2103,2,2021,5.2353,Basis,71.6,13.68
kabupaten,21,2103,3,2021,0.0189,"Non Basis",0.79,41.96
kabupaten,21,2103,4,2021,0.0865,"Non Basis",0.08,0.91
kabupaten,21,2103,5,2021,0.0599,"Non Basis",0.01,0.12
kabupaten,21,2103,6,2021,0.3956,"Non Basis",7.27,18.38
kabupaten,21,2103,7,2021,0.4151,"Non Basis",3.12,7.51
kabupaten,21,2103,8,2021,0.3899,"Non Basis",0.54,1.39
kabupaten,21,2103,9,2021,0.3777,"Non Basis",0.49,1.3
kabupaten,21,2103,10,2021,0.2935,"Non Basis",0.96,3.27
kabupaten,21,2103,11,2021,0.0539,"Non Basis",0.14,2.67
kabupaten,21,2103,12,2021,0.6075,"Non Basis",0.75,1.24
kabupaten,21,2103,13,2021,0.0646,"Non Basis",0,0
kabupaten,21,2103,14,2021,0.8864,"Non Basis",1.97,2.23
kabupaten,21,2103,15,2021,0.1467,"Non Basis",0.18,1.21
kabupaten,21,2103,16,2021,0.3185,"Non Basis",0.33,1.04
kabupaten,21,2103,17,2021,0.4447,"Non Basis",0.07,0.15
kabupaten,21,2103,1,2022,4.0924,Basis,12.06,2.95
kabupaten,21,2103,2,2022,5.8511,Basis,70.84,12.11
kabupaten,21,2103,3,2022,0.0192,"Non Basis",0.8,41.74
kabupaten,21,2103,4,2022,0.0805,"Non Basis",0.08,1.01
kabupaten,21,2103,5,2022,0.0599,"Non Basis",0.01,0.13
kabupaten,21,2103,6,2022,0.3975,"Non Basis",7.3,18.37
kabupaten,21,2103,7,2022,0.4006,"Non Basis",3.26,8.14
kabupaten,21,2103,8,2022,0.3304,"Non Basis",0.6,1.83
kabupaten,21,2103,9,2022,0.2747,"Non Basis",0.51,1.86
kabupaten,21,2103,10,2022,0.2955,"Non Basis",1,3.38
kabupaten,21,2103,11,2022,0.0552,"Non Basis",0.15,2.65
kabupaten,21,2103,12,2022,0.6307,"Non Basis",0.78,1.24
kabupaten,21,2103,13,2022,0.0588,"Non Basis",0,0
kabupaten,21,2103,14,2022,0.9221,"Non Basis",2.02,2.19
kabupaten,21,2103,15,2022,0.1537,"Non Basis",0.18,1.19
kabupaten,21,2103,16,2022,0.3463,"Non Basis",0.34,0.99
kabupaten,21,2103,17,2022,0.2843,"Non Basis",0.07,0.24
kabupaten,21,2103,1,2023,4.3708,Basis,12.44,2.85
kabupaten,21,2103,2,2023,6.2532,Basis,70.09,11.21
kabupaten,21,2103,3,2023,0.0195,"Non Basis",0.79,40.67
kabupaten,21,2103,4,2023,0.0825,"Non Basis",0.09,1.04
kabupaten,21,2103,5,2023,0.0615,"Non Basis",0.01,0.12
kabupaten,21,2103,6,2023,0.3902,"Non Basis",7.53,19.3
kabupaten,21,2103,7,2023,0.4097,"Non Basis",3.36,8.2
kabupaten,21,2103,8,2023,0.314,"Non Basis",0.63,2
kabupaten,21,2103,9,2023,0.2328,"Non Basis",0.52,2.25
kabupaten,21,2103,10,2023,0.257,"Non Basis",0.99,3.85
kabupaten,21,2103,11,2023,0.0545,"Non Basis",0.15,2.74
kabupaten,21,2103,12,2023,0.645,"Non Basis",0.8,1.24
kabupaten,21,2103,13,2023,0.0519,"Non Basis",0,0
kabupaten,21,2103,14,2023,0.9212,"Non Basis",2.02,2.19
kabupaten,21,2103,15,2023,0.1552,"Non Basis",0.18,1.17
kabupaten,21,2103,16,2023,0.3833,"Non Basis",0.34,0.9
kabupaten,21,2103,17,2023,0.255,"Non Basis",0.07,0.28
kabupaten,21,2103,1,2024,4.7886,Basis,13.05,2.72
kabupaten,21,2103,2,2024,6.9365,Basis,68.23,9.84
kabupaten,21,2103,3,2024,0.0203,"Non Basis",0.85,41.73
kabupaten,21,2103,4,2024,0.0891,"Non Basis",0.09,1.06
kabupaten,21,2103,5,2024,0.0656,"Non Basis",0.01,0.12
kabupaten,21,2103,6,2024,0.405,"Non Basis",7.87,19.43
kabupaten,21,2103,7,2024,0.4476,"Non Basis",3.69,8.24
kabupaten,21,2103,8,2024,0.3261,"Non Basis",0.64,1.95
kabupaten,21,2103,9,2024,0.2505,"Non Basis",0.56,2.23
kabupaten,21,2103,10,2024,0.2801,"Non Basis",1.03,3.67
kabupaten,21,2103,11,2024,0.0565,"Non Basis",0.16,2.8
kabupaten,21,2103,12,2024,0.7106,"Non Basis",0.88,1.25
kabupaten,21,2103,13,2024,0.0538,"Non Basis",0,0
kabupaten,21,2103,14,2024,0.9335,"Non Basis",2.29,2.46
kabupaten,21,2103,15,2024,0.1697,"Non Basis",0.2,1.16
kabupaten,21,2103,16,2024,0.3679,"Non Basis",0.38,1.02
kabupaten,21,2103,17,2024,0.2488,"Non Basis",0.08,0.31
kabupaten,21,2103,1,2025,4.3403,Basis,11.44,2.64
kabupaten,21,2103,2,2025,6.7203,Basis,71.71,10.67
kabupaten,21,2103,3,2025,0.0183,"Non Basis",0.77,41.96
kabupaten,21,2103,4,2025,0.0813,"Non Basis",0.09,1.09
kabupaten,21,2103,5,2025,0.0574,"Non Basis",0.01,0.13
kabupaten,21,2103,6,2025,0.3521,"Non Basis",6.74,19.14
kabupaten,21,2103,7,2025,0.4283,"Non Basis",3.55,8.29
kabupaten,21,2103,8,2025,0.3013,"Non Basis",0.59,1.96
kabupaten,21,2103,9,2025,0.2404,"Non Basis",0.52,2.15
kabupaten,21,2103,10,2025,0.2411,"Non Basis",0.8,3.34
kabupaten,21,2103,11,2025,0.0538,"Non Basis",0.15,2.72
kabupaten,21,2103,12,2025,0.6502,"Non Basis",0.8,1.23
kabupaten,21,2103,13,2025,0.0446,"Non Basis",0,0
kabupaten,21,2103,14,2025,0.9771,"Non Basis",2.21,2.26
kabupaten,21,2103,15,2025,0.1646,"Non Basis",0.19,1.14
kabupaten,21,2103,16,2025,0.3707,"Non Basis",0.36,0.98
kabupaten,21,2103,17,2025,0.243,"Non Basis",0.07,0.3
kabupaten,21,2105,1,2021,1.9427,Basis,5.71,2.94
kabupaten,21,2105,2,2021,5.9608,Basis,81.53,13.68
kabupaten,21,2105,3,2021,0.0034,"Non Basis",0.14,41.96
kabupaten,21,2105,4,2021,0.0662,"Non Basis",0.06,0.91
kabupaten,21,2105,5,2021,0.0238,"Non Basis",0,0.12
kabupaten,21,2105,6,2021,0.3271,"Non Basis",6.01,18.38
kabupaten,21,2105,7,2021,0.315,"Non Basis",2.37,7.51
kabupaten,21,2105,8,2021,0.0924,"Non Basis",0.13,1.39
kabupaten,21,2105,9,2021,0.0804,"Non Basis",0.1,1.3
kabupaten,21,2105,10,2021,0.1839,"Non Basis",0.6,3.27
kabupaten,21,2105,11,2021,0.0561,"Non Basis",0.15,2.67
kabupaten,21,2105,12,2021,0.5362,"Non Basis",0.67,1.24
kabupaten,21,2105,13,2021,0.0568,"Non Basis",0,0
kabupaten,21,2105,14,2021,0.9047,"Non Basis",2.01,2.23
kabupaten,21,2105,15,2021,0.1738,"Non Basis",0.21,1.21
kabupaten,21,2105,16,2021,0.2281,"Non Basis",0.24,1.04
kabupaten,21,2105,17,2021,0.4233,"Non Basis",0.06,0.15
kabupaten,21,2105,1,2022,1.9699,Basis,5.8,2.95
kabupaten,21,2105,2,2022,6.6801,Basis,80.87,12.11
kabupaten,21,2105,3,2022,0.0036,"Non Basis",0.15,41.74
kabupaten,21,2105,4,2022,0.0614,"Non Basis",0.06,1.01
kabupaten,21,2105,5,2022,0.0244,"Non Basis",0,0.13
kabupaten,21,2105,6,2022,0.3364,"Non Basis",6.18,18.37
kabupaten,21,2105,7,2022,0.3199,"Non Basis",2.6,8.14
kabupaten,21,2105,8,2022,0.0774,"Non Basis",0.14,1.83
kabupaten,21,2105,9,2022,0.0625,"Non Basis",0.12,1.86
kabupaten,21,2105,10,2022,0.1832,"Non Basis",0.62,3.38
kabupaten,21,2105,11,2022,0.0573,"Non Basis",0.15,2.65
kabupaten,21,2105,12,2022,0.555,"Non Basis",0.69,1.24
kabupaten,21,2105,13,2022,0.0517,"Non Basis",0,0
kabupaten,21,2105,14,2022,0.9471,"Non Basis",2.07,2.19
kabupaten,21,2105,15,2022,0.1834,"Non Basis",0.22,1.19
kabupaten,21,2105,16,2022,0.2525,"Non Basis",0.25,0.99
kabupaten,21,2105,17,2022,0.2839,"Non Basis",0.07,0.24
kabupaten,21,2105,1,2023,2.0838,Basis,5.93,2.85
kabupaten,21,2105,2,2023,7.156,Basis,80.2,11.21
kabupaten,21,2105,3,2023,0.0037,"Non Basis",0.15,40.67
kabupaten,21,2105,4,2023,0.0611,"Non Basis",0.06,1.04
kabupaten,21,2105,5,2023,0.0244,"Non Basis",0,0.12
kabupaten,21,2105,6,2023,0.3357,"Non Basis",6.48,19.3
kabupaten,21,2105,7,2023,0.3349,"Non Basis",2.74,8.2
kabupaten,21,2105,8,2023,0.0736,"Non Basis",0.15,2
kabupaten,21,2105,9,2023,0.054,"Non Basis",0.12,2.25
kabupaten,21,2105,10,2023,0.1747,"Non Basis",0.67,3.85
kabupaten,21,2105,11,2023,0.0569,"Non Basis",0.16,2.74
kabupaten,21,2105,12,2023,0.553,"Non Basis",0.68,1.24
kabupaten,21,2105,13,2023,0.0457,"Non Basis",0,0
kabupaten,21,2105,14,2023,0.9675,"Non Basis",2.12,2.19
kabupaten,21,2105,15,2023,0.1914,"Non Basis",0.22,1.17
kabupaten,21,2105,16,2023,0.2583,"Non Basis",0.23,0.9
kabupaten,21,2105,17,2023,0.2489,"Non Basis",0.07,0.28
kabupaten,21,2105,1,2024,2.3178,Basis,6.32,2.72
kabupaten,21,2105,2,2024,7.9689,Basis,78.39,9.84
kabupaten,21,2105,3,2024,0.0038,"Non Basis",0.16,41.73
kabupaten,21,2105,4,2024,0.0652,"Non Basis",0.07,1.06
kabupaten,21,2105,5,2024,0.0275,"Non Basis",0,0.12
kabupaten,21,2105,6,2024,0.363,"Non Basis",7.05,19.43
kabupaten,21,2105,7,2024,0.3849,"Non Basis",3.17,8.24
kabupaten,21,2105,8,2024,0.0785,"Non Basis",0.15,1.95
kabupaten,21,2105,9,2024,0.0602,"Non Basis",0.13,2.23
kabupaten,21,2105,10,2024,0.2031,"Non Basis",0.74,3.67
kabupaten,21,2105,11,2024,0.059,"Non Basis",0.17,2.8
kabupaten,21,2105,12,2024,0.6016,"Non Basis",0.75,1.25
kabupaten,21,2105,13,2024,0.0485,"Non Basis",0,0
kabupaten,21,2105,14,2024,0.942,"Non Basis",2.31,2.46
kabupaten,21,2105,15,2024,0.2116,"Non Basis",0.25,1.16
kabupaten,21,2105,16,2024,0.2421,"Non Basis",0.25,1.02
kabupaten,21,2105,17,2024,0.2703,"Non Basis",0.08,0.31
kabupaten,21,2105,1,2025,2.0549,Basis,5.42,2.64
kabupaten,21,2105,2,2025,7.5683,Basis,80.76,10.67
kabupaten,21,2105,3,2025,0.0034,"Non Basis",0.14,41.96
kabupaten,21,2105,4,2025,0.0555,"Non Basis",0.06,1.09
kabupaten,21,2105,5,2025,0.0221,"Non Basis",0,0.13
kabupaten,21,2105,6,2025,0.3291,"Non Basis",6.3,19.14
kabupaten,21,2105,7,2025,0.3546,"Non Basis",2.94,8.29
kabupaten,21,2105,8,2025,0.0715,"Non Basis",0.14,1.96
kabupaten,21,2105,9,2025,0.0553,"Non Basis",0.12,2.15
kabupaten,21,2105,10,2025,0.1967,"Non Basis",0.66,3.34
kabupaten,21,2105,11,2025,0.0503,"Non Basis",0.14,2.72
kabupaten,21,2105,12,2025,0.5331,"Non Basis",0.66,1.23
kabupaten,21,2105,13,2025,0.0384,"Non Basis",0,0
kabupaten,21,2105,14,2025,0.9557,"Non Basis",2.16,2.26
kabupaten,21,2105,15,2025,0.1898,"Non Basis",0.22,1.14
kabupaten,21,2105,16,2025,0.2214,"Non Basis",0.22,0.98
kabupaten,21,2105,17,2025,0.2493,"Non Basis",0.07,0.3
kabupaten,21,2104,1,2021,7.8463,Basis,23.08,2.94
kabupaten,21,2104,2,2021,0.3566,"Non Basis",4.88,13.68
kabupaten,21,2104,3,2021,0.018,"Non Basis",0.76,41.96
kabupaten,21,2104,4,2021,0.3106,"Non Basis",0.28,0.91
kabupaten,21,2104,5,2021,0.2534,"Non Basis",0.03,0.12
kabupaten,21,2104,6,2021,1.0956,Basis,20.14,18.38
kabupaten,21,2104,7,2021,2.8241,Basis,21.21,7.51
kabupaten,21,2104,8,2021,0.9281,"Non Basis",1.29,1.39
kabupaten,21,2104,9,2021,1.7548,Basis,2.29,1.3
kabupaten,21,2104,10,2021,1.2692,Basis,4.14,3.27
kabupaten,21,2104,11,2021,0.3327,"Non Basis",0.89,2.67
kabupaten,21,2104,12,2021,2.0994,Basis,2.61,1.24
kabupaten,21,2104,13,2021,0.3183,"Non Basis",0,0
kabupaten,21,2104,14,2021,3.412,Basis,7.6,2.23
kabupaten,21,2104,15,2021,5.6642,Basis,6.83,1.21
kabupaten,21,2104,16,2021,3.1347,Basis,3.27,1.04
kabupaten,21,2104,17,2021,4.7067,Basis,0.71,0.15
kabupaten,21,2104,1,2022,7.6638,Basis,22.58,2.95
kabupaten,21,2104,2,2022,0.3927,"Non Basis",4.75,12.11
kabupaten,21,2104,3,2022,0.018,"Non Basis",0.75,41.74
kabupaten,21,2104,4,2022,0.2805,"Non Basis",0.28,1.01
kabupaten,21,2104,5,2022,0.2488,"Non Basis",0.03,0.13
kabupaten,21,2104,6,2022,1.1106,Basis,20.4,18.37
kabupaten,21,2104,7,2022,2.6359,Basis,21.46,8.14
kabupaten,21,2104,8,2022,0.7555,"Non Basis",1.38,1.83
kabupaten,21,2104,9,2022,1.2889,Basis,2.39,1.86
kabupaten,21,2104,10,2022,1.2355,Basis,4.17,3.38
kabupaten,21,2104,11,2022,0.3308,"Non Basis",0.88,2.65
kabupaten,21,2104,12,2022,2.1183,Basis,2.62,1.24
kabupaten,21,2104,13,2022,0.2799,"Non Basis",0,0
kabupaten,21,2104,14,2022,3.451,Basis,7.56,2.19
kabupaten,21,2104,15,2022,5.6869,Basis,6.75,1.19
kabupaten,21,2104,16,2022,3.2947,Basis,3.27,0.99
kabupaten,21,2104,17,2022,2.9492,Basis,0.72,0.24
kabupaten,21,2104,1,2023,7.7709,Basis,22.11,2.85
kabupaten,21,2104,2,2023,0.4112,"Non Basis",4.61,11.21
kabupaten,21,2104,3,2023,0.0183,"Non Basis",0.74,40.67
kabupaten,21,2104,4,2023,0.2855,"Non Basis",0.3,1.04
kabupaten,21,2104,5,2023,0.2451,"Non Basis",0.03,0.12
kabupaten,21,2104,6,2023,1.0452,Basis,20.17,19.3
kabupaten,21,2104,7,2023,2.627,Basis,21.53,8.2
kabupaten,21,2104,8,2023,0.7878,"Non Basis",1.58,2
kabupaten,21,2104,9,2023,1.2278,Basis,2.76,2.25
kabupaten,21,2104,10,2023,1.2386,Basis,4.77,3.85
kabupaten,21,2104,11,2023,0.3263,"Non Basis",0.89,2.74
kabupaten,21,2104,12,2023,2.0297,Basis,2.51,1.24
kabupaten,21,2104,13,2023,0.2385,"Non Basis",0,0
kabupaten,21,2104,14,2023,3.4098,Basis,7.47,2.19
kabupaten,21,2104,15,2023,5.73,Basis,6.72,1.17
kabupaten,21,2104,16,2023,3.4722,Basis,3.12,0.9
kabupaten,21,2104,17,2023,2.4613,Basis,0.69,0.28
kabupaten,21,2104,1,2024,7.7866,Basis,21.22,2.72
kabupaten,21,2104,2,2024,0.4815,"Non Basis",4.74,9.84
kabupaten,21,2104,3,2024,0.0172,"Non Basis",0.72,41.73
kabupaten,21,2104,4,2024,0.2828,"Non Basis",0.3,1.06
kabupaten,21,2104,5,2024,0.2442,"Non Basis",0.03,0.12
kabupaten,21,2104,6,2024,1.0484,Basis,20.37,19.43
kabupaten,21,2104,7,2024,2.6877,Basis,22.15,8.24
kabupaten,21,2104,8,2024,0.8155,"Non Basis",1.59,1.95
kabupaten,21,2104,9,2024,1.325,Basis,2.96,2.23
kabupaten,21,2104,10,2024,1.261,Basis,4.62,3.67
kabupaten,21,2104,11,2024,0.3125,"Non Basis",0.87,2.8
kabupaten,21,2104,12,2024,2.0162,Basis,2.51,1.25
kabupaten,21,2104,13,2024,0.2285,"Non Basis",0,0
kabupaten,21,2104,14,2024,3.1266,Basis,7.68,2.46
kabupaten,21,2104,15,2024,5.6051,Basis,6.5,1.16
kabupaten,21,2104,16,2024,2.9638,Basis,3.03,1.02
kabupaten,21,2104,17,2024,2.2584,Basis,0.7,0.31
kabupaten,21,2102,1,2021,5.368,Basis,15.79,2.94
kabupaten,21,2102,2,2021,0.7918,"Non Basis",10.83,13.68
kabupaten,21,2102,3,2021,0.3154,"Non Basis",13.23,41.96
kabupaten,21,2102,4,2021,0.3355,"Non Basis",0.31,0.91
kabupaten,21,2102,5,2021,0.368,"Non Basis",0.04,0.12
kabupaten,21,2102,6,2021,1.0801,Basis,19.85,18.38
kabupaten,21,2102,7,2021,2.2002,Basis,16.53,7.51
kabupaten,21,2102,8,2021,1.7903,Basis,2.49,1.39
kabupaten,21,2102,9,2021,1.4105,Basis,1.84,1.3
kabupaten,21,2102,10,2021,1.2176,Basis,3.98,3.27
kabupaten,21,2102,11,2021,0.6467,"Non Basis",1.73,2.67
kabupaten,21,2102,12,2021,2.5563,Basis,3.18,1.24
kabupaten,21,2102,13,2021,5.7761,Basis,0.02,0
kabupaten,21,2102,14,2021,1.6469,Basis,3.67,2.23
kabupaten,21,2102,15,2021,2.7119,Basis,3.27,1.21
kabupaten,21,2102,16,2021,2.055,Basis,2.14,1.04
kabupaten,21,2102,17,2021,7.4,Basis,1.12,0.15
kabupaten,21,2102,1,2022,5.2373,Basis,15.43,2.95
kabupaten,21,2102,2,2022,0.8275,"Non Basis",10.02,12.11
kabupaten,21,2102,3,2022,0.3122,"Non Basis",13.03,41.74
kabupaten,21,2102,4,2022,0.3205,"Non Basis",0.32,1.01
kabupaten,21,2102,5,2022,0.3584,"Non Basis",0.04,0.13
kabupaten,21,2102,6,2022,1.0748,Basis,19.74,18.37
kabupaten,21,2102,7,2022,2.1133,Basis,17.21,8.14
kabupaten,21,2102,8,2022,1.588,Basis,2.91,1.83
kabupaten,21,2102,9,2022,1.2151,Basis,2.26,1.86
kabupaten,21,2102,10,2022,1.1865,Basis,4.01,3.38
kabupaten,21,2102,11,2022,0.6397,"Non Basis",1.69,2.65
kabupaten,21,2102,12,2022,2.5439,Basis,3.15,1.24
kabupaten,21,2102,13,2022,5.4323,Basis,0.02,0
kabupaten,21,2102,14,2022,1.6361,Basis,3.58,2.19
kabupaten,21,2102,15,2022,2.7092,Basis,3.21,1.19
kabupaten,21,2102,16,2022,2.1202,Basis,2.1,0.99
kabupaten,21,2102,17,2022,5.2118,Basis,1.27,0.24
kabupaten,21,2102,1,2023,5.3104,Basis,15.11,2.85
kabupaten,21,2102,2,2023,0.8298,"Non Basis",9.3,11.21
kabupaten,21,2102,3,2023,0.3269,"Non Basis",13.3,40.67
kabupaten,21,2102,4,2023,0.3284,"Non Basis",0.34,1.04
kabupaten,21,2102,5,2023,0.3443,"Non Basis",0.04,0.12
kabupaten,21,2102,6,2023,0.9874,"Non Basis",19.06,19.3
kabupaten,21,2102,7,2023,2.1377,Basis,17.52,8.2
kabupaten,21,2102,8,2023,1.6586,Basis,3.32,2
kabupaten,21,2102,9,2023,1.1203,Basis,2.52,2.25
kabupaten,21,2102,10,2023,1.2279,Basis,4.73,3.85
kabupaten,21,2102,11,2023,0.6311,"Non Basis",1.73,2.74
kabupaten,21,2102,12,2023,2.5048,Basis,3.1,1.24
kabupaten,21,2102,13,2023,5.2235,Basis,0.02,0
kabupaten,21,2102,14,2023,1.615,Basis,3.54,2.19
kabupaten,21,2102,15,2023,2.702,Basis,3.17,1.17
kabupaten,21,2102,16,2023,2.0217,Basis,1.82,0.9
kabupaten,21,2102,17,2023,4.9643,Basis,1.4,0.28
kabupaten,21,2102,1,2024,5.1555,Basis,14.05,2.72
kabupaten,21,2102,2,2024,0.8798,"Non Basis",8.65,9.84
kabupaten,21,2102,3,2024,0.3778,"Non Basis",15.77,41.73
kabupaten,21,2102,4,2024,0.3313,"Non Basis",0.35,1.06
kabupaten,21,2102,5,2024,0.3444,"Non Basis",0.04,0.12
kabupaten,21,2102,6,2024,0.9455,"Non Basis",18.38,19.43
kabupaten,21,2102,7,2024,2.094,Basis,17.26,8.24
kabupaten,21,2102,8,2024,1.6741,Basis,3.27,1.95
kabupaten,21,2102,9,2024,1.1641,Basis,2.6,2.23
kabupaten,21,2102,10,2024,1.2711,Basis,4.66,3.67
kabupaten,21,2102,11,2024,0.6106,"Non Basis",1.71,2.8
kabupaten,21,2102,12,2024,2.457,Basis,3.06,1.25
kabupaten,21,2102,13,2024,4.9316,Basis,0.02,0
kabupaten,21,2102,14,2024,1.582,Basis,3.89,2.46
kabupaten,21,2102,15,2024,2.6442,Basis,3.07,1.16
kabupaten,21,2102,16,2024,1.789,Basis,1.83,1.02
kabupaten,21,2102,17,2024,4.5225,Basis,1.41,0.31
kabupaten,21,2102,1,2025,5.3936,Basis,14.22,2.64
kabupaten,21,2102,2,2025,0.7729,"Non Basis",8.25,10.67
kabupaten,21,2102,3,2025,0.3806,"Non Basis",15.97,41.96
kabupaten,21,2102,4,2025,0.3366,"Non Basis",0.37,1.09
kabupaten,21,2102,5,2025,0.3457,"Non Basis",0.04,0.13
kabupaten,21,2102,6,2025,0.9584,"Non Basis",18.34,19.14
kabupaten,21,2102,7,2025,2.1209,Basis,17.58,8.29
kabupaten,21,2102,8,2025,1.7481,Basis,3.42,1.96
kabupaten,21,2102,9,2025,1.2312,Basis,2.64,2.15
kabupaten,21,2102,10,2025,1.3374,Basis,4.46,3.34
kabupaten,21,2102,11,2025,0.6153,"Non Basis",1.68,2.72
kabupaten,21,2102,12,2025,2.479,Basis,3.05,1.23
kabupaten,21,2102,13,2025,4.6067,Basis,0.02,0
kabupaten,21,2102,14,2025,1.6499,Basis,3.74,2.26
kabupaten,21,2102,15,2025,2.6754,Basis,3.06,1.14
kabupaten,21,2102,16,2025,1.8299,Basis,1.8,0.98
kabupaten,21,2102,17,2025,4.5853,Basis,1.36,0.3
kabupaten,21,2101,1,2021,2.2783,Basis,6.7,2.94
kabupaten,21,2101,2,2021,0.3502,"Non Basis",4.79,13.68
kabupaten,21,2101,3,2021,0.9557,"Non Basis",40.1,41.96
kabupaten,21,2101,4,2021,0.1667,"Non Basis",0.15,0.91
kabupaten,21,2101,5,2021,0.5208,"Non Basis",0.06,0.12
kabupaten,21,2101,6,2021,1.1914,Basis,21.9,18.38
kabupaten,21,2101,7,2021,1.3001,Basis,9.77,7.51
kabupaten,21,2101,8,2021,1.6262,Basis,2.26,1.39
kabupaten,21,2101,9,2021,2.9075,Basis,3.79,1.3
kabupaten,21,2101,10,2021,0.4892,"Non Basis",1.6,3.27
kabupaten,21,2101,11,2021,0.6958,"Non Basis",1.86,2.67
kabupaten,21,2101,12,2021,1.0456,Basis,1.3,1.24
kabupaten,21,2101,13,2021,0.2715,"Non Basis",0,0
kabupaten,21,2101,14,2021,1.1205,Basis,2.49,2.23
kabupaten,21,2101,15,2021,1.6001,Basis,1.93,1.21
kabupaten,21,2101,16,2021,1.0918,Basis,1.14,1.04
kabupaten,21,2101,17,2021,1.088,Basis,0.16,0.15
kabupaten,21,2101,1,2022,2.1943,Basis,6.47,2.95
kabupaten,21,2101,2,2022,0.2346,"Non Basis",2.84,12.11
kabupaten,21,2101,3,2022,1.0372,Basis,43.29,41.74
kabupaten,21,2101,4,2022,0.1442,"Non Basis",0.15,1.01
kabupaten,21,2101,5,2022,0.4841,"Non Basis",0.06,0.13
kabupaten,21,2101,6,2022,1.1161,Basis,20.5,18.37
kabupaten,21,2101,7,2022,1.1559,Basis,9.41,8.14
kabupaten,21,2101,8,2022,1.2209,Basis,2.23,1.83
kabupaten,21,2101,9,2022,2.6799,Basis,4.98,1.86
kabupaten,21,2101,10,2022,0.452,"Non Basis",1.53,3.38
kabupaten,21,2101,11,2022,0.6618,"Non Basis",1.75,2.65
kabupaten,21,2101,12,2022,1.0015,Basis,1.24,1.24
kabupaten,21,2101,13,2022,0.2493,"Non Basis",0,0
kabupaten,21,2101,14,2022,1.1052,Basis,2.42,2.19
kabupaten,21,2101,15,2022,1.5635,Basis,1.86,1.19
kabupaten,21,2101,16,2022,1.1184,Basis,1.11,0.99
kabupaten,21,2101,17,2022,0.7039,"Non Basis",0.17,0.24
kabupaten,21,2101,1,2023,2.174,Basis,6.19,2.85
kabupaten,21,2101,2,2023,0.2077,"Non Basis",2.33,11.21
kabupaten,21,2101,3,2023,1.0869,Basis,44.2,40.67
kabupaten,21,2101,4,2023,0.1412,"Non Basis",0.15,1.04
kabupaten,21,2101,5,2023,0.4658,"Non Basis",0.06,0.12
kabupaten,21,2101,6,2023,1.0019,Basis,19.34,19.3
kabupaten,21,2101,7,2023,1.1734,Basis,9.62,8.2
kabupaten,21,2101,8,2023,1.3016,Basis,2.6,2
kabupaten,21,2101,9,2023,2.7094,Basis,6.09,2.25
kabupaten,21,2101,10,2023,0.3646,"Non Basis",1.4,3.85
kabupaten,21,2101,11,2023,0.6203,"Non Basis",1.7,2.74
kabupaten,21,2101,12,2023,0.939,"Non Basis",1.16,1.24
kabupaten,21,2101,13,2023,0.236,"Non Basis",0,0
kabupaten,21,2101,14,2023,1.0354,Basis,2.27,2.19
kabupaten,21,2101,15,2023,1.5366,Basis,1.8,1.17
kabupaten,21,2101,16,2023,1.0024,Basis,0.9,0.9
kabupaten,21,2101,17,2023,0.704,"Non Basis",0.2,0.28
kabupaten,21,2101,1,2024,2.1239,Basis,5.79,2.72
kabupaten,21,2101,2,2024,0.1432,"Non Basis",1.41,9.84
kabupaten,21,2101,3,2024,1.0967,Basis,45.77,41.73
kabupaten,21,2101,4,2024,0.1353,"Non Basis",0.14,1.06
kabupaten,21,2101,5,2024,0.4596,"Non Basis",0.06,0.12
kabupaten,21,2101,6,2024,0.9822,"Non Basis",19.09,19.43
kabupaten,21,2101,7,2024,1.1674,Basis,9.62,8.24
kabupaten,21,2101,8,2024,1.2588,Basis,2.46,1.95
kabupaten,21,2101,9,2024,2.7451,Basis,6.12,2.23
kabupaten,21,2101,10,2024,0.3716,"Non Basis",1.36,3.67
kabupaten,21,2101,11,2024,0.5753,"Non Basis",1.61,2.8
kabupaten,21,2101,12,2024,0.8578,"Non Basis",1.07,1.25
kabupaten,21,2101,13,2024,0.2168,"Non Basis",0,0
kabupaten,21,2101,14,2024,1.082,Basis,2.66,2.46
kabupaten,21,2101,15,2024,1.5453,Basis,1.79,1.16
kabupaten,21,2101,16,2024,0.8332,"Non Basis",0.85,1.02
kabupaten,21,2101,17,2024,0.6375,"Non Basis",0.2,0.31
kabupaten,21,2101,1,2025,2.0829,Basis,5.49,2.64
kabupaten,21,2101,2,2025,0.1538,"Non Basis",1.64,10.67
kabupaten,21,2101,3,2025,1.0711,Basis,44.94,41.96
kabupaten,21,2101,4,2025,0.1501,"Non Basis",0.16,1.09
kabupaten,21,2101,5,2025,0.4341,"Non Basis",0.05,0.13
kabupaten,21,2101,6,2025,1.0412,Basis,19.93,19.14
kabupaten,21,2101,7,2025,1.2034,Basis,9.97,8.29
kabupaten,21,2101,8,2025,1.2325,Basis,2.41,1.96
kabupaten,21,2101,9,2025,2.8617,Basis,6.14,2.15
kabupaten,21,2101,10,2025,0.3879,"Non Basis",1.29,3.34
kabupaten,21,2101,11,2025,0.558,"Non Basis",1.52,2.72
kabupaten,21,2101,12,2025,0.8364,"Non Basis",1.03,1.23
kabupaten,21,2101,13,2025,0.2113,"Non Basis",0,0
kabupaten,21,2101,14,2025,1.176,Basis,2.66,2.26
kabupaten,21,2101,15,2025,1.4795,Basis,1.69,1.14
kabupaten,21,2101,16,2025,0.874,"Non Basis",0.86,0.98
kabupaten,21,2101,17,2025,0.644,"Non Basis",0.19,0.3
kabupaten,19,1971,1,2021,0.24,"Non Basis",4.67,19.45
kabupaten,19,1971,2,2021,0,"Non Basis",0,11.65
kabupaten,19,1971,3,2021,0.8686,"Non Basis",18.63,21.44
kabupaten,19,1971,4,2021,0.7891,"Non Basis",0.09,0.11
kabupaten,19,1971,5,2021,1.4854,Basis,0.03,0.02
kabupaten,19,1971,6,2021,1.2331,Basis,10.91,8.85
kabupaten,19,1971,7,2021,1.7785,Basis,24.61,13.84
kabupaten,19,1971,8,2021,1.7456,Basis,5.93,3.39
kabupaten,19,1971,9,2021,1.4036,Basis,3.59,2.56
kabupaten,19,1971,10,2021,2.0111,Basis,5.71,2.84
kabupaten,19,1971,11,2021,2.5199,Basis,4.43,1.76
kabupaten,19,1971,12,2021,1.5581,Basis,5.43,3.48
kabupaten,19,1971,13,2021,1.6975,Basis,0.38,0.23
kabupaten,19,1971,14,2021,1.169,Basis,6.62,5.67
kabupaten,19,1971,15,2021,1.8973,Basis,4.81,2.53
kabupaten,19,1971,16,2021,1.5894,Basis,2.31,1.45
kabupaten,19,1971,17,2021,2.5456,Basis,1.87,0.73
kabupaten,19,1971,1,2022,0.2322,"Non Basis",4.37,18.81
kabupaten,19,1971,2,2022,0,"Non Basis",0,11.22
kabupaten,19,1971,3,2022,0.8877,"Non Basis",19.17,21.6
kabupaten,19,1971,4,2022,0.7712,"Non Basis",0.08,0.1
kabupaten,19,1971,5,2022,1.4624,Basis,0.03,0.02
kabupaten,19,1971,6,2022,1.2005,Basis,10.06,8.38
kabupaten,19,1971,7,2022,1.7259,Basis,25.35,14.69
kabupaten,19,1971,8,2022,1.5708,Basis,6.18,3.93
kabupaten,19,1971,9,2022,1.3892,Basis,3.75,2.7
kabupaten,19,1971,10,2022,1.9958,Basis,5.96,2.99
kabupaten,19,1971,11,2022,2.4457,Basis,4.35,1.78
kabupaten,19,1971,12,2022,1.5413,Basis,5.41,3.51
kabupaten,19,1971,13,2022,1.6581,Basis,0.4,0.24
kabupaten,19,1971,14,2022,1.1475,Basis,6.14,5.35
kabupaten,19,1971,15,2022,1.8531,Basis,4.63,2.5
kabupaten,19,1971,16,2022,1.56,Basis,2.22,1.42
kabupaten,19,1971,17,2022,2.5108,Basis,1.91,0.76
kabupaten,19,1971,1,2023,0.2254,"Non Basis",4.22,18.7
kabupaten,19,1971,2,2023,0,"Non Basis",0,10.62
kabupaten,19,1971,3,2023,0.8725,"Non Basis",18.4,21.09
kabupaten,19,1971,4,2023,0.7735,"Non Basis",0.08,0.1
kabupaten,19,1971,5,2023,1.4505,Basis,0.03,0.02
kabupaten,19,1971,6,2023,1.193,Basis,10.44,8.75
kabupaten,19,1971,7,2023,1.6965,Basis,24.43,14.4
kabupaten,19,1971,8,2023,1.5229,Basis,6.28,4.13
kabupaten,19,1971,9,2023,1.3873,Basis,3.95,2.85
kabupaten,19,1971,10,2023,1.998,Basis,6.51,3.26
kabupaten,19,1971,11,2023,2.3903,Basis,4.63,1.94
kabupaten,19,1971,12,2023,1.5356,Basis,5.37,3.5
kabupaten,19,1971,13,2023,1.6473,Basis,0.41,0.25
kabupaten,19,1971,14,2023,1.1147,Basis,6.1,5.47
kabupaten,19,1971,15,2023,1.8331,Basis,4.86,2.65
kabupaten,19,1971,16,2023,1.5405,Basis,2.28,1.48
kabupaten,19,1971,17,2023,2.4943,Basis,2.01,0.81
kabupaten,19,1971,1,2024,0.2326,"Non Basis",4.45,19.14
kabupaten,19,1971,2,2024,0,"Non Basis",0,10.11
kabupaten,19,1971,3,2024,0.6532,"Non Basis",13.13,20.1
kabupaten,19,1971,4,2024,0.7878,"Non Basis",0.08,0.1
kabupaten,19,1971,5,2024,1.4982,Basis,0.03,0.02
kabupaten,19,1971,6,2024,1.2352,Basis,10.66,8.63
kabupaten,19,1971,7,2024,1.7757,Basis,25.29,14.24
kabupaten,19,1971,8,2024,1.6048,Basis,6.73,4.19
kabupaten,19,1971,9,2024,1.438,Basis,4.21,2.93
kabupaten,19,1971,10,2024,2.0737,Basis,7.36,3.55
kabupaten,19,1971,11,2024,2.4782,Basis,4.81,1.94
kabupaten,19,1971,12,2024,1.5975,Basis,5.74,3.6
kabupaten,19,1971,13,2024,1.7138,Basis,0.46,0.27
kabupaten,19,1971,14,2024,1.1663,Basis,6.89,5.91
kabupaten,19,1971,15,2024,1.8992,Basis,5.53,2.91
kabupaten,19,1971,16,2024,1.595,Basis,2.38,1.5
kabupaten,19,1971,17,2024,2.5939,Basis,2.25,0.87
kabupaten,19,1971,1,2025,0.2337,"Non Basis",4.43,18.97
kabupaten,19,1971,2,2025,0,"Non Basis",0,10.36
kabupaten,19,1971,3,2025,0.6865,"Non Basis",13.83,20.15
kabupaten,19,1971,4,2025,0.7802,"Non Basis",0.08,0.1
kabupaten,19,1971,5,2025,1.4932,Basis,0.03,0.02
kabupaten,19,1971,6,2025,1.2071,Basis,9.88,8.19
kabupaten,19,1971,7,2025,1.7305,Basis,24.85,14.36
kabupaten,19,1971,8,2025,1.6478,Basis,7,4.25
kabupaten,19,1971,9,2025,1.4385,Basis,4.42,3.07
kabupaten,19,1971,10,2025,2.0686,Basis,7.69,3.72
kabupaten,19,1971,11,2025,2.4754,Basis,4.65,1.88
kabupaten,19,1971,12,2025,1.5922,Basis,5.71,3.58
kabupaten,19,1971,13,2025,1.705,Basis,0.47,0.27
kabupaten,19,1971,14,2025,1.1606,Basis,6.58,5.67
kabupaten,19,1971,15,2025,1.885,Basis,5.63,2.99
kabupaten,19,1971,16,2025,1.589,Basis,2.41,1.52
kabupaten,19,1971,17,2025,2.586,Basis,2.35,0.91
kabupaten,19,1906,1,2021,1.2836,Basis,24.96,19.45
kabupaten,19,1906,2,2021,1.4963,Basis,17.43,11.65
kabupaten,19,1906,3,2021,0.9497,"Non Basis",20.37,21.44
kabupaten,19,1906,4,2021,0.643,"Non Basis",0.07,0.11
kabupaten,19,1906,5,2021,0.9879,"Non Basis",0.02,0.02
kabupaten,19,1906,6,2021,0.8218,"Non Basis",7.27,8.85
kabupaten,19,1906,7,2021,0.7153,"Non Basis",9.9,13.84
kabupaten,19,1906,8,2021,0.5683,"Non Basis",1.93,3.39
kabupaten,19,1906,9,2021,0.9272,"Non Basis",2.37,2.56
kabupaten,19,1906,10,2021,0.5681,"Non Basis",1.61,2.84
kabupaten,19,1906,11,2021,0.2594,"Non Basis",0.46,1.76
kabupaten,19,1906,12,2021,0.8359,"Non Basis",2.91,3.48
kabupaten,19,1906,13,2021,1.165,Basis,0.26,0.23
kabupaten,19,1906,14,2021,1.0516,Basis,5.96,5.67
kabupaten,19,1906,15,2021,0.9584,"Non Basis",2.43,2.53
kabupaten,19,1906,16,2021,1.0527,Basis,1.53,1.45
kabupaten,19,1906,17,2021,0.7091,"Non Basis",0.52,0.73
kabupaten,19,1906,1,2022,1.2975,Basis,24.41,18.81
kabupaten,19,1906,2,2022,1.4954,Basis,16.77,11.22
kabupaten,19,1906,3,2022,0.9627,"Non Basis",20.79,21.6
kabupaten,19,1906,4,2022,0.6529,"Non Basis",0.07,0.1
kabupaten,19,1906,5,2022,1.0012,Basis,0.02,0.02
kabupaten,19,1906,6,2022,0.8368,"Non Basis",7.01,8.38
kabupaten,19,1906,7,2022,0.7285,"Non Basis",10.7,14.69
kabupaten,19,1906,8,2022,0.5207,"Non Basis",2.05,3.93
kabupaten,19,1906,9,2022,0.9553,"Non Basis",2.58,2.7
kabupaten,19,1906,10,2022,0.5593,"Non Basis",1.67,2.99
kabupaten,19,1906,11,2022,0.2634,"Non Basis",0.47,1.78
kabupaten,19,1906,12,2022,0.847,"Non Basis",2.97,3.51
kabupaten,19,1906,13,2022,1.1516,Basis,0.28,0.24
kabupaten,19,1906,14,2022,1.0758,Basis,5.76,5.35
kabupaten,19,1906,15,2022,0.9593,"Non Basis",2.4,2.5
kabupaten,19,1906,16,2022,1.0625,Basis,1.51,1.42
kabupaten,19,1906,17,2022,0.7125,"Non Basis",0.54,0.76
kabupaten,19,1906,1,2023,1.3091,Basis,24.48,18.7
kabupaten,19,1906,2,2023,1.4805,Basis,15.72,10.62
kabupaten,19,1906,3,2023,0.9765,"Non Basis",20.59,21.09
kabupaten,19,1906,4,2023,0.6583,"Non Basis",0.07,0.1
kabupaten,19,1906,5,2023,0.9954,"Non Basis",0.02,0.02
kabupaten,19,1906,6,2023,0.8416,"Non Basis",7.36,8.75
kabupaten,19,1906,7,2023,0.7446,"Non Basis",10.72,14.4
kabupaten,19,1906,8,2023,0.4997,"Non Basis",2.06,4.13
kabupaten,19,1906,9,2023,0.9686,"Non Basis",2.76,2.85
kabupaten,19,1906,10,2023,0.5591,"Non Basis",1.82,3.26
kabupaten,19,1906,11,2023,0.2639,"Non Basis",0.51,1.94
kabupaten,19,1906,12,2023,0.8566,"Non Basis",3,3.5
kabupaten,19,1906,13,2023,1.1386,Basis,0.29,0.25
kabupaten,19,1906,14,2023,1.0944,Basis,5.98,5.47
kabupaten,19,1906,15,2023,0.94,"Non Basis",2.49,2.65
kabupaten,19,1906,16,2023,1.0636,Basis,1.58,1.48
kabupaten,19,1906,17,2023,0.6826,"Non Basis",0.55,0.81
kabupaten,19,1906,1,2024,1.3617,Basis,26.06,19.14
kabupaten,19,1906,2,2024,1.5309,Basis,15.48,10.11
kabupaten,19,1906,3,2024,0.8546,"Non Basis",17.18,20.1
kabupaten,19,1906,4,2024,0.6735,"Non Basis",0.07,0.1
kabupaten,19,1906,5,2024,1.0105,Basis,0.02,0.02
kabupaten,19,1906,6,2024,0.8852,"Non Basis",7.64,8.63
kabupaten,19,1906,7,2024,0.7543,"Non Basis",10.74,14.24
kabupaten,19,1906,8,2024,0.5182,"Non Basis",2.17,4.19
kabupaten,19,1906,9,2024,0.998,"Non Basis",2.92,2.93
kabupaten,19,1906,10,2024,0.5645,"Non Basis",2,3.55
kabupaten,19,1906,11,2024,0.27,"Non Basis",0.52,1.94
kabupaten,19,1906,12,2024,0.8723,"Non Basis",3.14,3.6
kabupaten,19,1906,13,2024,1.159,Basis,0.31,0.27
kabupaten,19,1906,14,2024,1.1433,Basis,6.75,5.91
kabupaten,19,1906,15,2024,0.9534,"Non Basis",2.78,2.91
kabupaten,19,1906,16,2024,1.0814,Basis,1.62,1.5
kabupaten,19,1906,17,2024,0.6868,"Non Basis",0.59,0.87
kabupaten,19,1906,1,2025,1.3573,Basis,25.74,18.97
kabupaten,19,1906,2,2025,1.5544,Basis,16.11,10.36
kabupaten,19,1906,3,2025,0.8489,"Non Basis",17.1,20.15
kabupaten,19,1906,4,2025,0.6616,"Non Basis",0.07,0.1
kabupaten,19,1906,5,2025,1.0112,Basis,0.02,0.02
kabupaten,19,1906,6,2025,0.8849,"Non Basis",7.25,8.19
kabupaten,19,1906,7,2025,0.7517,"Non Basis",10.8,14.36
kabupaten,19,1906,8,2025,0.5215,"Non Basis",2.22,4.25
kabupaten,19,1906,9,2025,0.987,"Non Basis",3.03,3.07
kabupaten,19,1906,10,2025,0.5639,"Non Basis",2.1,3.72
kabupaten,19,1906,11,2025,0.2665,"Non Basis",0.5,1.88
kabupaten,19,1906,12,2025,0.8744,"Non Basis",3.13,3.58
kabupaten,19,1906,13,2025,1.1538,Basis,0.32,0.27
kabupaten,19,1906,14,2025,1.1487,Basis,6.51,5.67
kabupaten,19,1906,15,2025,0.9519,"Non Basis",2.84,2.99
kabupaten,19,1906,16,2025,1.088,Basis,1.65,1.52
kabupaten,19,1906,17,2025,0.6846,"Non Basis",0.62,0.91
kabupaten,19,1904,1,2021,0.8406,"Non Basis",16.35,19.45
kabupaten,19,1904,2,2021,1.4852,Basis,17.3,11.65
kabupaten,19,1904,3,2021,0.2691,"Non Basis",5.77,21.44
kabupaten,19,1904,4,2021,0.6364,"Non Basis",0.07,0.11
kabupaten,19,1904,5,2021,0.3899,"Non Basis",0.01,0.02
kabupaten,19,1904,6,2021,1.2636,Basis,11.18,8.85
kabupaten,19,1904,7,2021,1.2536,Basis,17.35,13.84
kabupaten,19,1904,8,2021,2.3774,Basis,8.07,3.39
kabupaten,19,1904,9,2021,1.2798,Basis,3.27,2.56
kabupaten,19,1904,10,2021,1.1802,Basis,3.35,2.84
kabupaten,19,1904,11,2021,0.3872,"Non Basis",0.68,1.76
kabupaten,19,1904,12,2021,0.9088,"Non Basis",3.17,3.48
kabupaten,19,1904,13,2021,1.0869,Basis,0.25,0.23
kabupaten,19,1904,14,2021,1.4145,Basis,8.01,5.67
kabupaten,19,1904,15,2021,1.1837,Basis,3,2.53
kabupaten,19,1904,16,2021,1.1909,Basis,1.73,1.45
kabupaten,19,1904,17,2021,0.6072,"Non Basis",0.45,0.73
kabupaten,19,1904,1,2022,0.8277,"Non Basis",15.57,18.81
kabupaten,19,1904,2,2022,1.4536,Basis,16.31,11.22
kabupaten,19,1904,3,2022,0.2897,"Non Basis",6.26,21.6
kabupaten,19,1904,4,2022,0.6452,"Non Basis",0.07,0.1
kabupaten,19,1904,5,2022,0.3774,"Non Basis",0.01,0.02
kabupaten,19,1904,6,2022,1.2336,Basis,10.34,8.38
kabupaten,19,1904,7,2022,1.2081,Basis,17.74,14.69
kabupaten,19,1904,8,2022,2.6046,Basis,10.25,3.93
kabupaten,19,1904,9,2022,1.2466,Basis,3.37,2.7
kabupaten,19,1904,10,2022,1.1492,Basis,3.43,2.99
kabupaten,19,1904,11,2022,0.3843,"Non Basis",0.68,1.78
kabupaten,19,1904,12,2022,0.8938,"Non Basis",3.13,3.51
kabupaten,19,1904,13,2022,1.0649,Basis,0.26,0.24
kabupaten,19,1904,14,2022,1.4124,Basis,7.56,5.35
kabupaten,19,1904,15,2022,1.1655,Basis,2.91,2.5
kabupaten,19,1904,16,2022,1.1707,Basis,1.66,1.42
kabupaten,19,1904,17,2022,0.591,"Non Basis",0.45,0.76
kabupaten,19,1904,1,2023,0.8187,"Non Basis",15.31,18.7
kabupaten,19,1904,2,2023,1.4763,Basis,15.67,10.62
kabupaten,19,1904,3,2023,0.2952,"Non Basis",6.22,21.09
kabupaten,19,1904,4,2023,0.645,"Non Basis",0.06,0.1
kabupaten,19,1904,5,2023,0.3736,"Non Basis",0.01,0.02
kabupaten,19,1904,6,2023,1.2114,Basis,10.6,8.75
kabupaten,19,1904,7,2023,1.1912,Basis,17.16,14.4
kabupaten,19,1904,8,2023,2.6631,Basis,10.99,4.13
kabupaten,19,1904,9,2023,1.2032,Basis,3.42,2.85
kabupaten,19,1904,10,2023,1.1248,Basis,3.66,3.26
kabupaten,19,1904,11,2023,0.3589,"Non Basis",0.7,1.94
kabupaten,19,1904,12,2023,0.8829,"Non Basis",3.09,3.5
kabupaten,19,1904,13,2023,1.051,Basis,0.26,0.25
kabupaten,19,1904,14,2023,1.3972,Basis,7.64,5.47
kabupaten,19,1904,15,2023,1.1499,Basis,3.05,2.65
kabupaten,19,1904,16,2023,1.144,Basis,1.7,1.48
kabupaten,19,1904,17,2023,0.5666,"Non Basis",0.46,0.81
kabupaten,19,1904,1,2024,0.8214,"Non Basis",15.72,19.14
kabupaten,19,1904,2,2024,1.4442,Basis,14.61,10.11
kabupaten,19,1904,3,2024,0.2868,"Non Basis",5.77,20.1
kabupaten,19,1904,4,2024,0.644,"Non Basis",0.07,0.1
kabupaten,19,1904,5,2024,0.3803,"Non Basis",0.01,0.02
kabupaten,19,1904,6,2024,1.1604,Basis,10.02,8.63
kabupaten,19,1904,7,2024,1.2091,Basis,17.22,14.24
kabupaten,19,1904,8,2024,2.6498,Basis,11.11,4.19
kabupaten,19,1904,9,2024,1.203,Basis,3.52,2.93
kabupaten,19,1904,10,2024,1.119,Basis,3.97,3.55
kabupaten,19,1904,11,2024,0.3603,"Non Basis",0.7,1.94
kabupaten,19,1904,12,2024,0.8798,"Non Basis",3.16,3.6
kabupaten,19,1904,13,2024,1.0743,Basis,0.29,0.27
kabupaten,19,1904,14,2024,1.4094,Basis,8.32,5.91
kabupaten,19,1904,15,2024,1.142,Basis,3.33,2.91
kabupaten,19,1904,16,2024,1.1384,Basis,1.7,1.5
kabupaten,19,1904,17,2024,0.5743,"Non Basis",0.5,0.87
kabupaten,19,1904,1,2025,0.7977,"Non Basis",15.13,18.97
kabupaten,19,1904,2,2025,1.3908,Basis,14.41,10.36
kabupaten,19,1904,3,2025,0.4152,"Non Basis",8.37,20.15
kabupaten,19,1904,4,2025,0.6325,"Non Basis",0.07,0.1
kabupaten,19,1904,5,2025,0.3726,"Non Basis",0.01,0.02
kabupaten,19,1904,6,2025,1.1333,Basis,9.28,8.19
kabupaten,19,1904,7,2025,1.181,Basis,16.96,14.36
kabupaten,19,1904,8,2025,2.5312,Basis,10.76,4.25
kabupaten,19,1904,9,2025,1.1656,Basis,3.58,3.07
kabupaten,19,1904,10,2025,1.0977,Basis,4.08,3.72
kabupaten,19,1904,11,2025,0.3446,"Non Basis",0.65,1.88
kabupaten,19,1904,12,2025,0.8546,"Non Basis",3.06,3.58
kabupaten,19,1904,13,2025,1.0522,Basis,0.29,0.27
kabupaten,19,1904,14,2025,1.3854,Basis,7.85,5.67
kabupaten,19,1904,15,2025,1.1149,Basis,3.33,2.99
kabupaten,19,1904,16,2025,1.1075,Basis,1.68,1.52
kabupaten,19,1904,17,2025,0.5589,"Non Basis",0.51,0.91
kabupaten,19,1902,1,2021,1.4221,Basis,27.66,19.45
kabupaten,19,1902,2,2021,0.6508,"Non Basis",7.58,11.65
kabupaten,19,1902,3,2021,0.5352,"Non Basis",11.48,21.44
kabupaten,19,1902,4,2021,1.4265,Basis,0.16,0.11
kabupaten,19,1902,5,2021,1.7474,Basis,0.03,0.02
kabupaten,19,1902,6,2021,1.4143,Basis,12.51,8.85
kabupaten,19,1902,7,2021,0.7548,"Non Basis",10.45,13.84
kabupaten,19,1902,8,2021,1.5075,Basis,5.12,3.39
kabupaten,19,1902,9,2021,1.3365,Basis,3.42,2.56
kabupaten,19,1902,10,2021,1.6207,Basis,4.6,2.84
kabupaten,19,1902,11,2021,1.315,Basis,2.31,1.76
kabupaten,19,1902,12,2021,0.9496,"Non Basis",3.31,3.48
kabupaten,19,1902,13,2021,1.2144,Basis,0.28,0.23
kabupaten,19,1902,14,2021,1.1064,Basis,6.27,5.67
kabupaten,19,1902,15,2021,0.7529,"Non Basis",1.91,2.53
kabupaten,19,1902,16,2021,1.5265,Basis,2.22,1.45
kabupaten,19,1902,17,2021,0.9773,"Non Basis",0.72,0.73
kabupaten,19,1902,1,2022,1.398,Basis,26.3,18.81
kabupaten,19,1902,2,2022,0.6335,"Non Basis",7.11,11.22
kabupaten,19,1902,3,2022,0.5437,"Non Basis",11.74,21.6
kabupaten,19,1902,4,2022,1.3988,Basis,0.14,0.1
kabupaten,19,1902,5,2022,1.7435,Basis,0.03,0.02
kabupaten,19,1902,6,2022,1.3993,Basis,11.73,8.38
kabupaten,19,1902,7,2022,0.7688,"Non Basis",11.29,14.69
kabupaten,19,1902,8,2022,1.6772,Basis,6.6,3.93
kabupaten,19,1902,9,2022,1.3649,Basis,3.69,2.7
kabupaten,19,1902,10,2022,1.6097,Basis,4.81,2.99
kabupaten,19,1902,11,2022,1.3042,Basis,2.32,1.78
kabupaten,19,1902,12,2022,0.9411,"Non Basis",3.3,3.51
kabupaten,19,1902,13,2022,1.3215,Basis,0.32,0.24
kabupaten,19,1902,14,2022,1.0918,Basis,5.84,5.35
kabupaten,19,1902,15,2022,0.7427,"Non Basis",1.86,2.5
kabupaten,19,1902,16,2022,1.5171,Basis,2.16,1.42
kabupaten,19,1902,17,2022,1.0038,Basis,0.76,0.76
kabupaten,19,1902,1,2023,1.3672,Basis,25.56,18.7
kabupaten,19,1902,2,2023,0.6327,"Non Basis",6.72,10.62
kabupaten,19,1902,3,2023,0.5525,"Non Basis",11.65,21.09
kabupaten,19,1902,4,2023,1.3832,Basis,0.14,0.1
kabupaten,19,1902,5,2023,1.7238,Basis,0.03,0.02
kabupaten,19,1902,6,2023,1.3845,Basis,12.11,8.75
kabupaten,19,1902,7,2023,0.7547,"Non Basis",10.87,14.4
kabupaten,19,1902,8,2023,1.6714,Basis,6.9,4.13
kabupaten,19,1902,9,2023,1.3511,Basis,3.84,2.85
kabupaten,19,1902,10,2023,1.5911,Basis,5.18,3.26
kabupaten,19,1902,11,2023,1.3028,Basis,2.53,1.94
kabupaten,19,1902,12,2023,0.9299,"Non Basis",3.25,3.5
kabupaten,19,1902,13,2023,1.3061,Basis,0.33,0.25
kabupaten,19,1902,14,2023,1.08,Basis,5.91,5.47
kabupaten,19,1902,15,2023,0.7351,"Non Basis",1.95,2.65
kabupaten,19,1902,16,2023,1.5027,Basis,2.23,1.48
kabupaten,19,1902,17,2023,0.9945,"Non Basis",0.8,0.81
kabupaten,19,1902,1,2024,1.3613,Basis,26.05,19.14
kabupaten,19,1902,2,2024,0.6411,"Non Basis",6.48,10.11
kabupaten,19,1902,3,2024,0.5553,"Non Basis",11.16,20.1
kabupaten,19,1902,4,2024,1.3707,Basis,0.14,0.1
kabupaten,19,1902,5,2024,1.7072,Basis,0.03,0.02
kabupaten,19,1902,6,2024,1.3486,Basis,11.64,8.63
kabupaten,19,1902,7,2024,0.7442,"Non Basis",10.6,14.24
kabupaten,19,1902,8,2024,1.6025,Basis,6.72,4.19
kabupaten,19,1902,9,2024,1.3456,Basis,3.94,2.93
kabupaten,19,1902,10,2024,1.5773,Basis,5.6,3.55
kabupaten,19,1902,11,2024,1.2829,Basis,2.49,1.94
kabupaten,19,1902,12,2024,0.9287,"Non Basis",3.34,3.6
kabupaten,19,1902,13,2024,1.3224,Basis,0.35,0.27
kabupaten,19,1902,14,2024,1.0597,Basis,6.26,5.91
kabupaten,19,1902,15,2024,0.7282,"Non Basis",2.12,2.91
kabupaten,19,1902,16,2024,1.4852,Basis,2.22,1.5
kabupaten,19,1902,17,2024,0.9848,"Non Basis",0.85,0.87
kabupaten,19,1902,1,2025,1.3686,Basis,25.96,18.97
kabupaten,19,1902,2,2025,0.6752,"Non Basis",7,10.36
kabupaten,19,1902,3,2025,0.5431,"Non Basis",10.94,20.15
kabupaten,19,1902,4,2025,1.3443,Basis,0.14,0.1
kabupaten,19,1902,5,2025,1.7178,Basis,0.03,0.02
kabupaten,19,1902,6,2025,1.3552,Basis,11.1,8.19
kabupaten,19,1902,7,2025,0.7483,"Non Basis",10.75,14.36
kabupaten,19,1902,8,2025,1.5657,Basis,6.65,4.25
kabupaten,19,1902,9,2025,1.3323,Basis,4.09,3.07
kabupaten,19,1902,10,2025,1.5846,Basis,5.89,3.72
kabupaten,19,1902,11,2025,1.2978,Basis,2.44,1.88
kabupaten,19,1902,12,2025,0.9289,"Non Basis",3.33,3.58
kabupaten,19,1902,13,2025,1.3206,Basis,0.36,0.27
kabupaten,19,1902,14,2025,1.0603,Basis,6.01,5.67
kabupaten,19,1902,15,2025,0.7255,"Non Basis",2.17,2.99
kabupaten,19,1902,16,2025,1.4859,Basis,2.25,1.52
kabupaten,19,1902,17,2025,0.9906,"Non Basis",0.9,0.91
kabupaten,19,1903,1,2021,2.0533,Basis,39.93,19.45
kabupaten,19,1903,2,2021,1.8058,Basis,21.04,11.65
kabupaten,19,1903,3,2021,0.2185,"Non Basis",4.69,21.44
kabupaten,19,1903,4,2021,0.6273,"Non Basis",0.07,0.11
kabupaten,19,1903,5,2021,0.8908,"Non Basis",0.02,0.02
kabupaten,19,1903,6,2021,0.8896,"Non Basis",7.87,8.85
kabupaten,19,1903,7,2021,0.716,"Non Basis",9.91,13.84
kabupaten,19,1903,8,2021,0.2219,"Non Basis",0.75,3.39
kabupaten,19,1903,9,2021,0.8265,"Non Basis",2.11,2.56
kabupaten,19,1903,10,2021,0.2926,"Non Basis",0.83,2.84
kabupaten,19,1903,11,2021,0.2885,"Non Basis",0.51,1.76
kabupaten,19,1903,12,2021,0.9284,"Non Basis",3.23,3.48
kabupaten,19,1903,13,2021,0.5159,"Non Basis",0.12,0.23
kabupaten,19,1903,14,2021,0.9559,"Non Basis",5.42,5.67
kabupaten,19,1903,15,2021,0.9574,"Non Basis",2.43,2.53
kabupaten,19,1903,16,2021,0.5022,"Non Basis",0.73,1.45
kabupaten,19,1903,17,2021,0.4816,"Non Basis",0.35,0.73
kabupaten,19,1903,1,2022,2.1163,Basis,39.82,18.81
kabupaten,19,1903,2,2022,1.8092,Basis,20.29,11.22
kabupaten,19,1903,3,2022,0.2264,"Non Basis",4.89,21.6
kabupaten,19,1903,4,2022,0.6547,"Non Basis",0.07,0.1
kabupaten,19,1903,5,2022,0.9011,"Non Basis",0.02,0.02
kabupaten,19,1903,6,2022,0.9024,"Non Basis",7.56,8.38
kabupaten,19,1903,7,2022,0.7252,"Non Basis",10.65,14.69
kabupaten,19,1903,8,2022,0.2051,"Non Basis",0.81,3.93
kabupaten,19,1903,9,2022,0.8397,"Non Basis",2.27,2.7
kabupaten,19,1903,10,2022,0.2967,"Non Basis",0.89,2.99
kabupaten,19,1903,11,2022,0.2956,"Non Basis",0.53,1.78
kabupaten,19,1903,12,2022,0.9402,"Non Basis",3.3,3.51
kabupaten,19,1903,13,2022,0.517,"Non Basis",0.12,0.24
kabupaten,19,1903,14,2022,0.9847,"Non Basis",5.27,5.35
kabupaten,19,1903,15,2022,0.9709,"Non Basis",2.43,2.5
kabupaten,19,1903,16,2022,0.5083,"Non Basis",0.72,1.42
kabupaten,19,1903,17,2022,0.4872,"Non Basis",0.37,0.76
kabupaten,19,1903,1,2023,2.1364,Basis,39.95,18.7
kabupaten,19,1903,2,2023,1.8561,Basis,19.71,10.62
kabupaten,19,1903,3,2023,0.2341,"Non Basis",4.94,21.09
kabupaten,19,1903,4,2023,0.6647,"Non Basis",0.07,0.1
kabupaten,19,1903,5,2023,0.9048,"Non Basis",0.02,0.02
kabupaten,19,1903,6,2023,0.8836,"Non Basis",7.73,8.75
kabupaten,19,1903,7,2023,0.7244,"Non Basis",10.43,14.4
kabupaten,19,1903,8,2023,0.2052,"Non Basis",0.85,4.13
kabupaten,19,1903,9,2023,0.8403,"Non Basis",2.39,2.85
kabupaten,19,1903,10,2023,0.2863,"Non Basis",0.93,3.26
kabupaten,19,1903,11,2023,0.2955,"Non Basis",0.57,1.94
kabupaten,19,1903,12,2023,0.9426,"Non Basis",3.3,3.5
kabupaten,19,1903,13,2023,0.4925,"Non Basis",0.12,0.25
kabupaten,19,1903,14,2023,0.9681,"Non Basis",5.29,5.47
kabupaten,19,1903,15,2023,0.9654,"Non Basis",2.56,2.65
kabupaten,19,1903,16,2023,0.5103,"Non Basis",0.76,1.48
kabupaten,19,1903,17,2023,0.4783,"Non Basis",0.39,0.81
kabupaten,19,1903,1,2024,2.1237,Basis,40.64,19.14
kabupaten,19,1903,2,2024,1.8639,Basis,18.85,10.11
kabupaten,19,1903,3,2024,0.2171,"Non Basis",4.36,20.1
kabupaten,19,1903,4,2024,0.659,"Non Basis",0.07,0.1
kabupaten,19,1903,5,2024,0.9027,"Non Basis",0.02,0.02
kabupaten,19,1903,6,2024,0.8851,"Non Basis",7.64,8.63
kabupaten,19,1903,7,2024,0.7274,"Non Basis",10.36,14.24
kabupaten,19,1903,8,2024,0.2094,"Non Basis",0.88,4.19
kabupaten,19,1903,9,2024,0.8377,"Non Basis",2.45,2.93
kabupaten,19,1903,10,2024,0.2792,"Non Basis",0.99,3.55
kabupaten,19,1903,11,2024,0.2947,"Non Basis",0.57,1.94
kabupaten,19,1903,12,2024,0.941,"Non Basis",3.38,3.6
kabupaten,19,1903,13,2024,0.4868,"Non Basis",0.13,0.27
kabupaten,19,1903,14,2024,0.9707,"Non Basis",5.73,5.91
kabupaten,19,1903,15,2024,0.9449,"Non Basis",2.75,2.91
kabupaten,19,1903,16,2024,0.5063,"Non Basis",0.76,1.5
kabupaten,19,1903,17,2024,0.4771,"Non Basis",0.41,0.87
kabupaten,19,1903,1,2025,2.158,Basis,40.93,18.97
kabupaten,19,1903,2,2025,1.7873,Basis,18.52,10.36
kabupaten,19,1903,3,2025,0.2163,"Non Basis",4.36,20.15
kabupaten,19,1903,4,2025,0.6573,"Non Basis",0.07,0.1
kabupaten,19,1903,5,2025,0.9001,"Non Basis",0.02,0.02
kabupaten,19,1903,6,2025,0.8899,"Non Basis",7.29,8.19
kabupaten,19,1903,7,2025,0.7382,"Non Basis",10.6,14.36
kabupaten,19,1903,8,2025,0.2257,"Non Basis",0.96,4.25
kabupaten,19,1903,9,2025,0.841,"Non Basis",2.58,3.07
kabupaten,19,1903,10,2025,0.2799,"Non Basis",1.04,3.72
kabupaten,19,1903,11,2025,0.2914,"Non Basis",0.55,1.88
kabupaten,19,1903,12,2025,0.9432,"Non Basis",3.38,3.58
kabupaten,19,1903,13,2025,0.4936,"Non Basis",0.14,0.27
kabupaten,19,1903,14,2025,0.9741,"Non Basis",5.52,5.67
kabupaten,19,1903,15,2025,0.9428,"Non Basis",2.82,2.99
kabupaten,19,1903,16,2025,0.5152,"Non Basis",0.78,1.52
kabupaten,19,1903,17,2025,0.5008,"Non Basis",0.45,0.91
kabupaten,19,1905,1,2021,0.6687,"Non Basis",13,19.45
kabupaten,19,1905,2,2021,0.9607,"Non Basis",11.19,11.65
kabupaten,19,1905,3,2021,2.1433,Basis,45.96,21.44
kabupaten,19,1905,4,2021,0.5224,"Non Basis",0.06,0.11
kabupaten,19,1905,5,2021,0.3888,"Non Basis",0.01,0.02
kabupaten,19,1905,6,2021,0.672,"Non Basis",5.94,8.85
kabupaten,19,1905,7,2021,0.8677,"Non Basis",12.01,13.84
kabupaten,19,1905,8,2021,0.2451,"Non Basis",0.83,3.39
kabupaten,19,1905,9,2021,0.4419,"Non Basis",1.13,2.56
kabupaten,19,1905,10,2021,0.1733,"Non Basis",0.49,2.84
kabupaten,19,1905,11,2021,0.2289,"Non Basis",0.4,1.76
kabupaten,19,1905,12,2021,0.6053,"Non Basis",2.11,3.48
kabupaten,19,1905,13,2021,0.5457,"Non Basis",0.12,0.23
kabupaten,19,1905,14,2021,0.7162,"Non Basis",4.06,5.67
kabupaten,19,1905,15,2021,0.6255,"Non Basis",1.58,2.53
kabupaten,19,1905,16,2021,0.5607,"Non Basis",0.81,1.45
kabupaten,19,1905,17,2021,0.3807,"Non Basis",0.28,0.73
kabupaten,19,1905,1,2022,0.7056,"Non Basis",13.28,18.81
kabupaten,19,1905,2,2022,0.996,"Non Basis",11.17,11.22
kabupaten,19,1905,3,2022,2.0648,Basis,44.6,21.6
kabupaten,19,1905,4,2022,0.533,"Non Basis",0.05,0.1
kabupaten,19,1905,5,2022,0.398,"Non Basis",0.01,0.02
kabupaten,19,1905,6,2022,0.7082,"Non Basis",5.94,8.38
kabupaten,19,1905,7,2022,0.8754,"Non Basis",12.86,14.69
kabupaten,19,1905,8,2022,0.231,"Non Basis",0.91,3.93
kabupaten,19,1905,9,2022,0.4504,"Non Basis",1.22,2.7
kabupaten,19,1905,10,2022,0.1751,"Non Basis",0.52,2.99
kabupaten,19,1905,11,2022,0.2411,"Non Basis",0.43,1.78
kabupaten,19,1905,12,2022,0.6377,"Non Basis",2.24,3.51
kabupaten,19,1905,13,2022,0.5449,"Non Basis",0.13,0.24
kabupaten,19,1905,14,2022,0.7363,"Non Basis",3.94,5.35
kabupaten,19,1905,15,2022,0.6403,"Non Basis",1.6,2.5
kabupaten,19,1905,16,2022,0.5767,"Non Basis",0.82,1.42
kabupaten,19,1905,17,2022,0.3878,"Non Basis",0.29,0.76
kabupaten,19,1905,1,2023,0.7247,"Non Basis",13.55,18.7
kabupaten,19,1905,2,2023,0.9967,"Non Basis",10.58,10.62
kabupaten,19,1905,3,2023,2.0683,Basis,43.62,21.09
kabupaten,19,1905,4,2023,0.5541,"Non Basis",0.06,0.1
kabupaten,19,1905,5,2023,0.4041,"Non Basis",0.01,0.02
kabupaten,19,1905,6,2023,0.7099,"Non Basis",6.21,8.75
kabupaten,19,1905,7,2023,0.9201,"Non Basis",13.25,14.4
kabupaten,19,1905,8,2023,0.234,"Non Basis",0.97,4.13
kabupaten,19,1905,9,2023,0.4701,"Non Basis",1.34,2.85
kabupaten,19,1905,10,2023,0.1768,"Non Basis",0.58,3.26
kabupaten,19,1905,11,2023,0.241,"Non Basis",0.47,1.94
kabupaten,19,1905,12,2023,0.6668,"Non Basis",2.33,3.5
kabupaten,19,1905,13,2023,0.5384,"Non Basis",0.14,0.25
kabupaten,19,1905,14,2023,0.7532,"Non Basis",4.12,5.47
kabupaten,19,1905,15,2023,0.6174,"Non Basis",1.64,2.65
kabupaten,19,1905,16,2023,0.5664,"Non Basis",0.84,1.48
kabupaten,19,1905,17,2023,0.3894,"Non Basis",0.31,0.81
kabupaten,19,1905,1,2024,0.6947,"Non Basis",13.29,19.14
kabupaten,19,1905,2,2024,0.9655,"Non Basis",9.77,10.11
kabupaten,19,1905,3,2024,2.3037,Basis,46.31,20.1
kabupaten,19,1905,4,2024,0.5208,"Non Basis",0.05,0.1
kabupaten,19,1905,5,2024,0.3863,"Non Basis",0.01,0.02
kabupaten,19,1905,6,2024,0.6708,"Non Basis",5.79,8.63
kabupaten,19,1905,7,2024,0.8493,"Non Basis",12.1,14.24
kabupaten,19,1905,8,2024,0.2261,"Non Basis",0.95,4.19
kabupaten,19,1905,9,2024,0.4463,"Non Basis",1.31,2.93
kabupaten,19,1905,10,2024,0.1658,"Non Basis",0.59,3.55
kabupaten,19,1905,11,2024,0.232,"Non Basis",0.45,1.94
kabupaten,19,1905,12,2024,0.6338,"Non Basis",2.28,3.6
kabupaten,19,1905,13,2024,0.5,"Non Basis",0.13,0.27
kabupaten,19,1905,14,2024,0.7046,"Non Basis",4.16,5.91
kabupaten,19,1905,15,2024,0.5846,"Non Basis",1.7,2.91
kabupaten,19,1905,16,2024,0.528,"Non Basis",0.79,1.5
kabupaten,19,1905,17,2024,0.3711,"Non Basis",0.32,0.87
kabupaten,19,1905,1,2025,0.7037,"Non Basis",13.35,18.97
kabupaten,19,1905,2,2025,1.0058,Basis,10.42,10.36
kabupaten,19,1905,3,2025,2.2406,Basis,45.15,20.15
kabupaten,19,1905,4,2025,0.5341,"Non Basis",0.06,0.1
kabupaten,19,1905,5,2025,0.4007,"Non Basis",0.01,0.02
kabupaten,19,1905,6,2025,0.6864,"Non Basis",5.62,8.19
kabupaten,19,1905,7,2025,0.8674,"Non Basis",12.46,14.36
kabupaten,19,1905,8,2025,0.2375,"Non Basis",1.01,4.25
kabupaten,19,1905,9,2025,0.4537,"Non Basis",1.39,3.07
kabupaten,19,1905,10,2025,0.1646,"Non Basis",0.61,3.72
kabupaten,19,1905,11,2025,0.2321,"Non Basis",0.44,1.88
kabupaten,19,1905,12,2025,0.6533,"Non Basis",2.34,3.58
kabupaten,19,1905,13,2025,0.5098,"Non Basis",0.14,0.27
kabupaten,19,1905,14,2025,0.7132,"Non Basis",4.04,5.67
kabupaten,19,1905,15,2025,0.5991,"Non Basis",1.79,2.99
kabupaten,19,1905,16,2025,0.5547,"Non Basis",0.84,1.52
kabupaten,19,1905,17,2025,0.3762,"Non Basis",0.34,0.91
kabupaten,19,1901,1,2021,1.0291,Basis,20.02,19.45
kabupaten,19,1901,2,2021,1.2001,Basis,13.98,11.65
kabupaten,19,1901,3,2021,1.1361,Basis,24.36,21.44
kabupaten,19,1901,4,2021,1.9956,Basis,0.22,0.11
kabupaten,19,1901,5,2021,1.0823,Basis,0.02,0.02
kabupaten,19,1901,6,2021,0.9394,"Non Basis",8.31,8.85
kabupaten,19,1901,7,2021,0.8091,"Non Basis",11.2,13.84
kabupaten,19,1901,8,2021,0.6014,"Non Basis",2.04,3.39
kabupaten,19,1901,9,2021,0.9273,"Non Basis",2.37,2.56
kabupaten,19,1901,10,2021,1.0831,Basis,3.07,2.84
kabupaten,19,1901,11,2021,1.3369,Basis,2.35,1.76
kabupaten,19,1901,12,2021,1.0065,Basis,3.51,3.48
kabupaten,19,1901,13,2021,0.7986,"Non Basis",0.18,0.23
kabupaten,19,1901,14,2021,0.8423,"Non Basis",4.77,5.67
kabupaten,19,1901,15,2021,0.7273,"Non Basis",1.84,2.53
kabupaten,19,1901,16,2021,0.7631,"Non Basis",1.11,1.45
kabupaten,19,1901,17,2021,0.8828,"Non Basis",0.65,0.73
kabupaten,19,1901,1,2022,1.027,Basis,19.32,18.81
kabupaten,19,1901,2,2022,1.2107,Basis,13.58,11.22
kabupaten,19,1901,3,2022,1.1623,Basis,25.1,21.6
kabupaten,19,1901,4,2022,1.9729,Basis,0.2,0.1
kabupaten,19,1901,5,2022,1.0745,Basis,0.02,0.02
kabupaten,19,1901,6,2022,0.9472,"Non Basis",7.94,8.38
kabupaten,19,1901,7,2022,0.8056,"Non Basis",11.83,14.69
kabupaten,19,1901,8,2022,0.54,"Non Basis",2.12,3.93
kabupaten,19,1901,9,2022,0.9342,"Non Basis",2.52,2.7
kabupaten,19,1901,10,2022,1.0747,Basis,3.21,2.99
kabupaten,19,1901,11,2022,1.3443,Basis,2.39,1.78
kabupaten,19,1901,12,2022,0.9979,"Non Basis",3.5,3.51
kabupaten,19,1901,13,2022,0.7923,"Non Basis",0.19,0.24
kabupaten,19,1901,14,2022,0.8384,"Non Basis",4.49,5.35
kabupaten,19,1901,15,2022,0.7308,"Non Basis",1.83,2.5
kabupaten,19,1901,16,2022,0.7597,"Non Basis",1.08,1.42
kabupaten,19,1901,17,2022,0.8812,"Non Basis",0.67,0.76
kabupaten,19,1901,1,2023,1.0293,Basis,19.25,18.7
kabupaten,19,1901,2,2023,1.2083,Basis,12.83,10.62
kabupaten,19,1901,3,2023,1.1749,Basis,24.78,21.09
kabupaten,19,1901,4,2023,1.9396,Basis,0.19,0.1
kabupaten,19,1901,5,2023,1.1434,Basis,0.02,0.02
kabupaten,19,1901,6,2023,0.9427,"Non Basis",8.25,8.75
kabupaten,19,1901,7,2023,0.807,"Non Basis",11.62,14.4
kabupaten,19,1901,8,2023,0.5345,"Non Basis",2.21,4.13
kabupaten,19,1901,9,2023,0.9423,"Non Basis",2.68,2.85
kabupaten,19,1901,10,2023,1.0646,Basis,3.47,3.26
kabupaten,19,1901,11,2023,1.3821,Basis,2.68,1.94
kabupaten,19,1901,12,2023,1.0002,Basis,3.5,3.5
kabupaten,19,1901,13,2023,0.7962,"Non Basis",0.2,0.25
kabupaten,19,1901,14,2023,0.8311,"Non Basis",4.54,5.47
kabupaten,19,1901,15,2023,0.7334,"Non Basis",1.94,2.65
kabupaten,19,1901,16,2023,0.7612,"Non Basis",1.13,1.48
kabupaten,19,1901,17,2023,0.8812,"Non Basis",0.71,0.81
kabupaten,19,1901,1,2024,1.0344,Basis,19.79,19.14
kabupaten,19,1901,2,2024,1.2056,Basis,12.19,10.11
kabupaten,19,1901,3,2024,1.1545,Basis,23.21,20.1
kabupaten,19,1901,4,2024,1.9853,Basis,0.21,0.1
kabupaten,19,1901,5,2024,1.1567,Basis,0.02,0.02
kabupaten,19,1901,6,2024,0.9544,"Non Basis",8.24,8.63
kabupaten,19,1901,7,2024,0.8276,"Non Basis",11.79,14.24
kabupaten,19,1901,8,2024,0.5557,"Non Basis",2.33,4.19
kabupaten,19,1901,9,2024,0.9574,"Non Basis",2.8,2.93
kabupaten,19,1901,10,2024,1.0854,Basis,3.85,3.55
kabupaten,19,1901,11,2024,1.3894,Basis,2.69,1.94
kabupaten,19,1901,12,2024,1.0131,Basis,3.64,3.6
kabupaten,19,1901,13,2024,0.8071,"Non Basis",0.22,0.27
kabupaten,19,1901,14,2024,0.8331,"Non Basis",4.92,5.91
kabupaten,19,1901,15,2024,0.7414,"Non Basis",2.16,2.91
kabupaten,19,1901,16,2024,0.7748,"Non Basis",1.16,1.5
kabupaten,19,1901,17,2024,0.894,"Non Basis",0.77,0.87
kabupaten,19,1901,1,2025,1.018,Basis,19.31,18.97
kabupaten,19,1901,2,2025,1.2004,Basis,12.44,10.36
kabupaten,19,1901,3,2025,1.1769,Basis,23.71,20.15
kabupaten,19,1901,4,2025,1.9985,Basis,0.21,0.1
kabupaten,19,1901,5,2025,1.1435,Basis,0.02,0.02
kabupaten,19,1901,6,2025,0.9469,"Non Basis",7.75,8.19
kabupaten,19,1901,7,2025,0.8239,"Non Basis",11.83,14.36
kabupaten,19,1901,8,2025,0.5657,"Non Basis",2.4,4.25
kabupaten,19,1901,9,2025,0.9534,"Non Basis",2.93,3.07
kabupaten,19,1901,10,2025,1.084,Basis,4.03,3.72
kabupaten,19,1901,11,2025,1.3758,Basis,2.58,1.88
kabupaten,19,1901,12,2025,1.0086,Basis,3.62,3.58
kabupaten,19,1901,13,2025,0.8124,"Non Basis",0.22,0.27
kabupaten,19,1901,14,2025,0.8334,"Non Basis",4.72,5.67
kabupaten,19,1901,15,2025,0.7434,"Non Basis",2.22,2.99
kabupaten,19,1901,16,2025,0.7829,"Non Basis",1.19,1.52
kabupaten,19,1901,17,2025,0.8961,"Non Basis",0.81,0.91
kabupaten,16,1607,1,2021,2.0787,Basis,34.92,16.8
kabupaten,16,1607,2,2021,0.3032,"Non Basis",6.69,22.08
kabupaten,16,1607,3,2021,1.2499,Basis,23.19,18.56
kabupaten,16,1607,4,2021,0.6485,"Non Basis",0.08,0.13
kabupaten,16,1607,5,2021,0.1307,"Non Basis",0.01,0.11
kabupaten,16,1607,6,2021,1.2276,Basis,13.79,11.24
kabupaten,16,1607,7,2021,1.0351,Basis,11.11,10.73
kabupaten,16,1607,8,2021,0.2583,"Non Basis",0.47,1.83
kabupaten,16,1607,9,2021,0.2968,"Non Basis",0.41,1.4
kabupaten,16,1607,10,2021,0.5485,"Non Basis",2.18,3.97
kabupaten,16,1607,11,2021,0.1227,"Non Basis",0.29,2.39
kabupaten,16,1607,12,2021,0.2585,"Non Basis",0.86,3.31
kabupaten,16,1607,13,2021,0.1261,"Non Basis",0.01,0.11
kabupaten,16,1607,14,2021,0.7705,"Non Basis",2.42,3.14
kabupaten,16,1607,15,2021,1.0119,Basis,2.67,2.64
kabupaten,16,1607,16,2021,0.6809,"Non Basis",0.5,0.74
kabupaten,16,1607,17,2021,0.4451,"Non Basis",0.37,0.84
kabupaten,16,1607,1,2022,2.0473,Basis,33.93,16.57
kabupaten,16,1607,2,2022,0.288,"Non Basis",6.42,22.3
kabupaten,16,1607,3,2022,1.2711,Basis,23.43,18.43
kabupaten,16,1607,4,2022,0.6605,"Non Basis",0.08,0.12
kabupaten,16,1607,5,2022,0.131,"Non Basis",0.01,0.11
kabupaten,16,1607,6,2022,1.3283,Basis,14.36,10.81
kabupaten,16,1607,7,2022,1.035,Basis,11.64,11.25
kabupaten,16,1607,8,2022,0.2488,"Non Basis",0.48,1.94
kabupaten,16,1607,9,2022,0.2894,"Non Basis",0.44,1.52
kabupaten,16,1607,10,2022,0.5471,"Non Basis",2.23,4.08
kabupaten,16,1607,11,2022,0.1242,"Non Basis",0.28,2.25
kabupaten,16,1607,12,2022,0.2548,"Non Basis",0.84,3.31
kabupaten,16,1607,13,2022,0.1233,"Non Basis",0.01,0.11
kabupaten,16,1607,14,2022,0.7557,"Non Basis",2.34,3.1
kabupaten,16,1607,15,2022,1.0303,Basis,2.64,2.56
kabupaten,16,1607,16,2022,0.6747,"Non Basis",0.49,0.73
kabupaten,16,1607,17,2022,0.448,"Non Basis",0.36,0.81
kabupaten,16,1607,1,2023,2.0758,Basis,33.44,16.11
kabupaten,16,1607,2,2023,0.2703,"Non Basis",6.19,22.91
kabupaten,16,1607,3,2023,1.2865,Basis,23.44,18.22
kabupaten,16,1607,4,2023,0.6572,"Non Basis",0.08,0.12
kabupaten,16,1607,5,2023,0.1326,"Non Basis",0.01,0.1
kabupaten,16,1607,6,2023,1.3737,Basis,14.63,10.65
kabupaten,16,1607,7,2023,1.0539,Basis,12.09,11.47
kabupaten,16,1607,8,2023,0.2425,"Non Basis",0.48,1.99
kabupaten,16,1607,9,2023,0.2793,"Non Basis",0.46,1.64
kabupaten,16,1607,10,2023,0.5362,"Non Basis",2.21,4.13
kabupaten,16,1607,11,2023,0.1226,"Non Basis",0.28,2.24
kabupaten,16,1607,12,2023,0.261,"Non Basis",0.86,3.29
kabupaten,16,1607,13,2023,0.1221,"Non Basis",0.01,0.1
kabupaten,16,1607,14,2023,0.7722,"Non Basis",2.36,3.06
kabupaten,16,1607,15,2023,1.0541,Basis,2.63,2.49
kabupaten,16,1607,16,2023,0.675,"Non Basis",0.47,0.69
kabupaten,16,1607,17,2023,0.4511,"Non Basis",0.35,0.79
kabupaten,16,1607,1,2024,2.1056,Basis,33.08,15.71
kabupaten,16,1607,2,2024,0.2642,"Non Basis",5.95,22.53
kabupaten,16,1607,3,2024,1.2584,Basis,22.82,18.13
kabupaten,16,1607,4,2024,0.6543,"Non Basis",0.08,0.13
kabupaten,16,1607,5,2024,0.1288,"Non Basis",0.01,0.1
kabupaten,16,1607,6,2024,1.4064,Basis,15.11,10.74
kabupaten,16,1607,7,2024,1.086,Basis,12.75,11.74
kabupaten,16,1607,8,2024,0.235,"Non Basis",0.46,1.96
kabupaten,16,1607,9,2024,0.2772,"Non Basis",0.47,1.71
kabupaten,16,1607,10,2024,0.5308,"Non Basis",2.27,4.28
kabupaten,16,1607,11,2024,0.1207,"Non Basis",0.28,2.29
kabupaten,16,1607,12,2024,0.2566,"Non Basis",0.87,3.38
kabupaten,16,1607,13,2024,0.1187,"Non Basis",0.01,0.1
kabupaten,16,1607,14,2024,0.7496,"Non Basis",2.39,3.18
kabupaten,16,1607,15,2024,1.035,Basis,2.62,2.54
kabupaten,16,1607,16,2024,0.6602,"Non Basis",0.47,0.71
kabupaten,16,1607,17,2024,0.469,"Non Basis",0.37,0.78
kabupaten,16,1607,1,2025,2.0864,Basis,32.91,15.77
kabupaten,16,1607,2,2025,0.2622,"Non Basis",5.8,22.12
kabupaten,16,1607,3,2025,1.2702,Basis,22.86,18
kabupaten,16,1607,4,2025,0.6406,"Non Basis",0.08,0.13
kabupaten,16,1607,5,2025,0.1305,"Non Basis",0.01,0.1
kabupaten,16,1607,6,2025,1.3757,Basis,14.87,10.81
kabupaten,16,1607,7,2025,1.1066,Basis,13.38,12.09
kabupaten,16,1607,8,2025,0.2306,"Non Basis",0.45,1.95
kabupaten,16,1607,9,2025,0.276,"Non Basis",0.49,1.78
kabupaten,16,1607,10,2025,0.5303,"Non Basis",2.28,4.31
kabupaten,16,1607,11,2025,0.121,"Non Basis",0.27,2.27
kabupaten,16,1607,12,2025,0.2518,"Non Basis",0.87,3.46
kabupaten,16,1607,13,2025,0.1122,"Non Basis",0.01,0.11
kabupaten,16,1607,14,2025,0.7466,"Non Basis",2.33,3.12
kabupaten,16,1607,15,2025,1.0183,Basis,2.56,2.51
kabupaten,16,1607,16,2025,0.6567,"Non Basis",0.47,0.71
kabupaten,16,1607,17,2025,0.4504,"Non Basis",0.35,0.77
kabupaten,16,1611,1,2021,2.3663,Basis,39.75,16.8
kabupaten,16,1611,2,2021,0.1588,"Non Basis",3.51,22.08
kabupaten,16,1611,3,2021,0.5122,"Non Basis",9.51,18.56
kabupaten,16,1611,4,2021,0.6739,"Non Basis",0.09,0.13
kabupaten,16,1611,5,2021,0.3216,"Non Basis",0.04,0.11
kabupaten,16,1611,6,2021,0.9207,"Non Basis",10.34,11.24
kabupaten,16,1611,7,2021,1.5588,Basis,16.73,10.73
kabupaten,16,1611,8,2021,0.8346,"Non Basis",1.53,1.83
kabupaten,16,1611,9,2021,0.9389,"Non Basis",1.31,1.4
kabupaten,16,1611,10,2021,0.3391,"Non Basis",1.35,3.97
kabupaten,16,1611,11,2021,0.9437,"Non Basis",2.25,2.39
kabupaten,16,1611,12,2021,1.5266,Basis,5.05,3.31
kabupaten,16,1611,13,2021,0.2211,"Non Basis",0.02,0.11
kabupaten,16,1611,14,2021,1.4879,Basis,4.68,3.14
kabupaten,16,1611,15,2021,0.7328,"Non Basis",1.93,2.64
kabupaten,16,1611,16,2021,1.2215,Basis,0.9,0.74
kabupaten,16,1611,17,2021,1.2131,Basis,1.01,0.84
kabupaten,16,1611,1,2022,2.3797,Basis,39.44,16.57
kabupaten,16,1611,2,2022,0.1574,"Non Basis",3.51,22.3
kabupaten,16,1611,3,2022,0.5372,"Non Basis",9.9,18.43
kabupaten,16,1611,4,2022,0.7044,"Non Basis",0.09,0.12
kabupaten,16,1611,5,2022,0.3178,"Non Basis",0.03,0.11
kabupaten,16,1611,6,2022,0.943,"Non Basis",10.19,10.81
kabupaten,16,1611,7,2022,1.511,Basis,16.99,11.25
kabupaten,16,1611,8,2022,0.8069,"Non Basis",1.57,1.94
kabupaten,16,1611,9,2022,0.8828,"Non Basis",1.34,1.52
kabupaten,16,1611,10,2022,0.333,"Non Basis",1.36,4.08
kabupaten,16,1611,11,2022,0.9521,"Non Basis",2.15,2.25
kabupaten,16,1611,12,2022,1.5155,Basis,5.02,3.31
kabupaten,16,1611,13,2022,0.2179,"Non Basis",0.02,0.11
kabupaten,16,1611,14,2022,1.4802,Basis,4.58,3.1
kabupaten,16,1611,15,2022,0.7583,"Non Basis",1.94,2.56
kabupaten,16,1611,16,2022,1.2117,Basis,0.88,0.73
kabupaten,16,1611,17,2022,1.208,Basis,0.98,0.81
kabupaten,16,1611,1,2023,2.3956,Basis,38.6,16.11
kabupaten,16,1611,2,2023,0.1514,"Non Basis",3.47,22.91
kabupaten,16,1611,3,2023,0.5591,"Non Basis",10.18,18.22
kabupaten,16,1611,4,2023,0.7075,"Non Basis",0.09,0.12
kabupaten,16,1611,5,2023,0.3549,"Non Basis",0.04,0.1
kabupaten,16,1611,6,2023,0.9458,"Non Basis",10.08,10.65
kabupaten,16,1611,7,2023,1.5527,Basis,17.81,11.47
kabupaten,16,1611,8,2023,0.7913,"Non Basis",1.57,1.99
kabupaten,16,1611,9,2023,0.8327,"Non Basis",1.36,1.64
kabupaten,16,1611,10,2023,0.3398,"Non Basis",1.4,4.13
kabupaten,16,1611,11,2023,0.9361,"Non Basis",2.1,2.24
kabupaten,16,1611,12,2023,1.5214,Basis,5,3.29
kabupaten,16,1611,13,2023,0.2176,"Non Basis",0.02,0.1
kabupaten,16,1611,14,2023,1.4807,Basis,4.53,3.06
kabupaten,16,1611,15,2023,0.7784,"Non Basis",1.94,2.49
kabupaten,16,1611,16,2023,1.2217,Basis,0.85,0.69
kabupaten,16,1611,17,2023,1.2283,Basis,0.96,0.79
kabupaten,16,1611,1,2024,2.5083,Basis,39.4,15.71
kabupaten,16,1611,2,2024,0.1464,"Non Basis",3.3,22.53
kabupaten,16,1611,3,2024,0.5467,"Non Basis",9.91,18.13
kabupaten,16,1611,4,2024,0.705,"Non Basis",0.09,0.13
kabupaten,16,1611,5,2024,0.3542,"Non Basis",0.04,0.1
kabupaten,16,1611,6,2024,0.9188,"Non Basis",9.87,10.74
kabupaten,16,1611,7,2024,1.5245,Basis,17.9,11.74
kabupaten,16,1611,8,2024,0.7688,"Non Basis",1.5,1.96
kabupaten,16,1611,9,2024,0.7648,"Non Basis",1.3,1.71
kabupaten,16,1611,10,2024,0.3332,"Non Basis",1.42,4.28
kabupaten,16,1611,11,2024,0.9218,"Non Basis",2.11,2.29
kabupaten,16,1611,12,2024,1.4386,Basis,4.87,3.38
kabupaten,16,1611,13,2024,0.2243,"Non Basis",0.02,0.1
kabupaten,16,1611,14,2024,1.42,Basis,4.52,3.18
kabupaten,16,1611,15,2024,0.7692,"Non Basis",1.95,2.54
kabupaten,16,1611,16,2024,1.1476,Basis,0.81,0.71
kabupaten,16,1611,17,2024,1.2536,Basis,0.98,0.78
kabupaten,16,1611,1,2025,2.5186,Basis,39.73,15.77
kabupaten,16,1611,2,2025,0.1446,"Non Basis",3.2,22.12
kabupaten,16,1611,3,2025,0.5497,"Non Basis",9.89,18
kabupaten,16,1611,4,2025,0.7368,"Non Basis",0.09,0.13
kabupaten,16,1611,5,2025,0.355,"Non Basis",0.03,0.1
kabupaten,16,1611,6,2025,0.8989,"Non Basis",9.72,10.81
kabupaten,16,1611,7,2025,1.5146,Basis,18.31,12.09
kabupaten,16,1611,8,2025,0.7405,"Non Basis",1.44,1.95
kabupaten,16,1611,9,2025,0.7495,"Non Basis",1.33,1.78
kabupaten,16,1611,10,2025,0.3299,"Non Basis",1.42,4.31
kabupaten,16,1611,11,2025,0.9099,"Non Basis",2.06,2.27
kabupaten,16,1611,12,2025,1.359,Basis,4.71,3.46
kabupaten,16,1611,13,2025,0.2114,"Non Basis",0.02,0.11
kabupaten,16,1611,14,2025,1.3824,Basis,4.32,3.12
kabupaten,16,1611,15,2025,0.7886,"Non Basis",1.98,2.51
kabupaten,16,1611,16,2025,1.1024,Basis,0.78,0.71
kabupaten,16,1611,17,2025,1.2363,Basis,0.95,0.77
kabupaten,16,1604,1,2021,1.3338,Basis,22.41,16.8
kabupaten,16,1604,2,2021,1.773,Basis,39.15,22.08
kabupaten,16,1604,3,2021,0.2273,"Non Basis",4.22,18.56
kabupaten,16,1604,4,2021,4.4399,Basis,0.57,0.13
kabupaten,16,1604,5,2021,0.2619,"Non Basis",0.03,0.11
kabupaten,16,1604,6,2021,0.6669,"Non Basis",7.49,11.24
kabupaten,16,1604,7,2021,0.9361,"Non Basis",10.05,10.73
kabupaten,16,1604,8,2021,0.4876,"Non Basis",0.89,1.83
kabupaten,16,1604,9,2021,0.7219,"Non Basis",1.01,1.4
kabupaten,16,1604,10,2021,0.2615,"Non Basis",1.04,3.97
kabupaten,16,1604,11,2021,0.6212,"Non Basis",1.48,2.39
kabupaten,16,1604,12,2021,0.7271,"Non Basis",2.41,3.31
kabupaten,16,1604,13,2021,0.3613,"Non Basis",0.04,0.11
kabupaten,16,1604,14,2021,1.6226,Basis,5.1,3.14
kabupaten,16,1604,15,2021,1.0493,Basis,2.77,2.64
kabupaten,16,1604,16,2021,1.138,Basis,0.84,0.74
kabupaten,16,1604,17,2021,0.6154,"Non Basis",0.51,0.84
kabupaten,16,1604,1,2022,1.2873,Basis,21.33,16.57
kabupaten,16,1604,2,2022,1.8866,Basis,42.07,22.3
kabupaten,16,1604,3,2022,0.2159,"Non Basis",3.98,18.43
kabupaten,16,1604,4,2022,4.6017,Basis,0.57,0.12
kabupaten,16,1604,5,2022,0.256,"Non Basis",0.03,0.11
kabupaten,16,1604,6,2022,0.6527,"Non Basis",7.06,10.81
kabupaten,16,1604,7,2022,0.8537,"Non Basis",9.6,11.25
kabupaten,16,1604,8,2022,0.4585,"Non Basis",0.89,1.94
kabupaten,16,1604,9,2022,0.651,"Non Basis",0.99,1.52
kabupaten,16,1604,10,2022,0.248,"Non Basis",1.01,4.08
kabupaten,16,1604,11,2022,0.619,"Non Basis",1.4,2.25
kabupaten,16,1604,12,2022,0.7015,"Non Basis",2.32,3.31
kabupaten,16,1604,13,2022,0.3588,"Non Basis",0.04,0.11
kabupaten,16,1604,14,2022,1.5492,Basis,4.8,3.1
kabupaten,16,1604,15,2022,1.0192,Basis,2.61,2.56
kabupaten,16,1604,16,2022,1.1204,Basis,0.82,0.73
kabupaten,16,1604,17,2022,0.6066,"Non Basis",0.49,0.81
kabupaten,16,1604,1,2023,1.2536,Basis,20.2,16.11
kabupaten,16,1604,2,2023,1.9347,Basis,44.32,22.91
kabupaten,16,1604,3,2023,0.2082,"Non Basis",3.79,18.22
kabupaten,16,1604,4,2023,4.6401,Basis,0.57,0.12
kabupaten,16,1604,5,2023,0.2584,"Non Basis",0.03,0.1
kabupaten,16,1604,6,2023,0.6327,"Non Basis",6.74,10.65
kabupaten,16,1604,7,2023,0.825,"Non Basis",9.46,11.47
kabupaten,16,1604,8,2023,0.4413,"Non Basis",0.88,1.99
kabupaten,16,1604,9,2023,0.6367,"Non Basis",1.04,1.64
kabupaten,16,1604,10,2023,0.2413,"Non Basis",1,4.13
kabupaten,16,1604,11,2023,0.6039,"Non Basis",1.36,2.24
kabupaten,16,1604,12,2023,0.6895,"Non Basis",2.27,3.29
kabupaten,16,1604,13,2023,0.359,"Non Basis",0.04,0.1
kabupaten,16,1604,14,2023,1.5032,Basis,4.6,3.06
kabupaten,16,1604,15,2023,0.9975,"Non Basis",2.49,2.49
kabupaten,16,1604,16,2023,1.1034,Basis,0.76,0.69
kabupaten,16,1604,17,2023,0.5995,"Non Basis",0.47,0.79
kabupaten,16,1604,1,2024,1.2241,Basis,19.23,15.71
kabupaten,16,1604,2,2024,2.0075,Basis,45.23,22.53
kabupaten,16,1604,3,2024,0.2004,"Non Basis",3.63,18.13
kabupaten,16,1604,4,2024,4.6737,Basis,0.59,0.13
kabupaten,16,1604,5,2024,0.2638,"Non Basis",0.03,0.1
kabupaten,16,1604,6,2024,0.6203,"Non Basis",6.66,10.74
kabupaten,16,1604,7,2024,0.8036,"Non Basis",9.44,11.74
kabupaten,16,1604,8,2024,0.4335,"Non Basis",0.85,1.96
kabupaten,16,1604,9,2024,0.6385,"Non Basis",1.09,1.71
kabupaten,16,1604,10,2024,0.2429,"Non Basis",1.04,4.28
kabupaten,16,1604,11,2024,0.6139,"Non Basis",1.4,2.29
kabupaten,16,1604,12,2024,0.6862,"Non Basis",2.32,3.38
kabupaten,16,1604,13,2024,0.3654,"Non Basis",0.04,0.1
kabupaten,16,1604,14,2024,1.4768,Basis,4.7,3.18
kabupaten,16,1604,15,2024,0.9835,"Non Basis",2.49,2.54
kabupaten,16,1604,16,2024,1.111,Basis,0.79,0.71
kabupaten,16,1604,17,2024,0.5983,"Non Basis",0.47,0.78
kabupaten,16,1606,1,2021,0.7904,"Non Basis",13.28,16.8
kabupaten,16,1606,2,2021,2.6634,Basis,58.81,22.08
kabupaten,16,1606,3,2021,0.4183,"Non Basis",7.76,18.56
kabupaten,16,1606,4,2021,0.2218,"Non Basis",0.03,0.13
kabupaten,16,1606,5,2021,0.1362,"Non Basis",0.02,0.11
kabupaten,16,1606,6,2021,0.6181,"Non Basis",6.94,11.24
kabupaten,16,1606,7,2021,0.3021,"Non Basis",3.24,10.73
kabupaten,16,1606,8,2021,0.1194,"Non Basis",0.22,1.83
kabupaten,16,1606,9,2021,0.0864,"Non Basis",0.12,1.4
kabupaten,16,1606,10,2021,0.0751,"Non Basis",0.3,3.97
kabupaten,16,1606,11,2021,0.7392,"Non Basis",1.76,2.39
kabupaten,16,1606,12,2021,0.5063,"Non Basis",1.68,3.31
kabupaten,16,1606,13,2021,0.294,"Non Basis",0.03,0.11
kabupaten,16,1606,14,2021,0.9523,"Non Basis",2.99,3.14
kabupaten,16,1606,15,2021,0.7165,"Non Basis",1.89,2.64
kabupaten,16,1606,16,2021,0.4689,"Non Basis",0.34,0.74
kabupaten,16,1606,17,2021,0.6948,"Non Basis",0.58,0.84
kabupaten,16,1606,1,2022,0.8076,"Non Basis",13.38,16.57
kabupaten,16,1606,2,2022,2.5938,Basis,57.84,22.3
kabupaten,16,1606,3,2022,0.4456,"Non Basis",8.21,18.43
kabupaten,16,1606,4,2022,0.2394,"Non Basis",0.03,0.12
kabupaten,16,1606,5,2022,0.1406,"Non Basis",0.01,0.11
kabupaten,16,1606,6,2022,0.6464,"Non Basis",6.99,10.81
kabupaten,16,1606,7,2022,0.3026,"Non Basis",3.4,11.25
kabupaten,16,1606,8,2022,0.1129,"Non Basis",0.22,1.94
kabupaten,16,1606,9,2022,0.0855,"Non Basis",0.13,1.52
kabupaten,16,1606,10,2022,0.0792,"Non Basis",0.32,4.08
kabupaten,16,1606,11,2022,0.7553,"Non Basis",1.7,2.25
kabupaten,16,1606,12,2022,0.5385,"Non Basis",1.78,3.31
kabupaten,16,1606,13,2022,0.303,"Non Basis",0.03,0.11
kabupaten,16,1606,14,2022,0.9757,"Non Basis",3.02,3.1
kabupaten,16,1606,15,2022,0.7634,"Non Basis",1.96,2.56
kabupaten,16,1606,16,2022,0.4937,"Non Basis",0.36,0.73
kabupaten,16,1606,17,2022,0.7417,"Non Basis",0.6,0.81
kabupaten,16,1606,1,2023,0.8495,"Non Basis",13.69,16.11
kabupaten,16,1606,2,2023,2.4617,Basis,56.39,22.91
kabupaten,16,1606,3,2023,0.4728,"Non Basis",8.61,18.22
kabupaten,16,1606,4,2023,0.2499,"Non Basis",0.03,0.12
kabupaten,16,1606,5,2023,0.1477,"Non Basis",0.01,0.1
kabupaten,16,1606,6,2023,0.687,"Non Basis",7.32,10.65
kabupaten,16,1606,7,2023,0.3138,"Non Basis",3.6,11.47
kabupaten,16,1606,8,2023,0.1091,"Non Basis",0.22,1.99
kabupaten,16,1606,9,2023,0.0878,"Non Basis",0.14,1.64
kabupaten,16,1606,10,2023,0.0843,"Non Basis",0.35,4.13
kabupaten,16,1606,11,2023,0.748,"Non Basis",1.68,2.24
kabupaten,16,1606,12,2023,0.5819,"Non Basis",1.91,3.29
kabupaten,16,1606,13,2023,0.3128,"Non Basis",0.03,0.1
kabupaten,16,1606,14,2023,1.0022,Basis,3.06,3.06
kabupaten,16,1606,15,2023,0.8006,"Non Basis",2,2.49
kabupaten,16,1606,16,2023,0.4966,"Non Basis",0.34,0.69
kabupaten,16,1606,17,2023,0.7741,"Non Basis",0.61,0.79
kabupaten,16,1606,1,2024,0.8682,"Non Basis",13.64,15.71
kabupaten,16,1606,2,2024,2.4517,Basis,55.24,22.53
kabupaten,16,1606,3,2024,0.4669,"Non Basis",8.47,18.13
kabupaten,16,1606,4,2024,0.2476,"Non Basis",0.03,0.13
kabupaten,16,1606,5,2024,0.1408,"Non Basis",0.01,0.1
kabupaten,16,1606,6,2024,0.7107,"Non Basis",7.63,10.74
kabupaten,16,1606,7,2024,0.3208,"Non Basis",3.77,11.74
kabupaten,16,1606,8,2024,0.1057,"Non Basis",0.21,1.96
kabupaten,16,1606,9,2024,0.0953,"Non Basis",0.16,1.71
kabupaten,16,1606,10,2024,0.088,"Non Basis",0.38,4.28
kabupaten,16,1606,11,2024,0.7361,"Non Basis",1.68,2.29
kabupaten,16,1606,12,2024,0.6012,"Non Basis",2.03,3.38
kabupaten,16,1606,13,2024,0.3367,"Non Basis",0.04,0.1
kabupaten,16,1606,14,2024,1.1832,Basis,3.77,3.18
kabupaten,16,1606,15,2024,0.7812,"Non Basis",1.98,2.54
kabupaten,16,1606,16,2024,0.4868,"Non Basis",0.34,0.71
kabupaten,16,1606,17,2024,0.7901,"Non Basis",0.62,0.78
kabupaten,16,1606,1,2025,0.9097,"Non Basis",14.35,15.77
kabupaten,16,1606,2,2025,2.42,Basis,53.53,22.12
kabupaten,16,1606,3,2025,0.4866,"Non Basis",8.76,18
kabupaten,16,1606,4,2025,0.2499,"Non Basis",0.03,0.13
kabupaten,16,1606,5,2025,0.1424,"Non Basis",0.01,0.1
kabupaten,16,1606,6,2025,0.7261,"Non Basis",7.85,10.81
kabupaten,16,1606,7,2025,0.3336,"Non Basis",4.03,12.09
kabupaten,16,1606,8,2025,0.1053,"Non Basis",0.21,1.95
kabupaten,16,1606,9,2025,0.0979,"Non Basis",0.17,1.78
kabupaten,16,1606,10,2025,0.0882,"Non Basis",0.38,4.31
kabupaten,16,1606,11,2025,0.7547,"Non Basis",1.71,2.27
kabupaten,16,1606,12,2025,0.6173,"Non Basis",2.14,3.46
kabupaten,16,1606,13,2025,0.3318,"Non Basis",0.04,0.11
kabupaten,16,1606,14,2025,1.207,Basis,3.77,3.12
kabupaten,16,1606,15,2025,0.8167,"Non Basis",2.05,2.51
kabupaten,16,1606,16,2025,0.493,"Non Basis",0.35,0.71
kabupaten,16,1606,17,2025,0.803,"Non Basis",0.62,0.77
kabupaten,16,1605,1,2021,2.0349,Basis,34.18,16.8
kabupaten,16,1605,2,2021,1.4296,Basis,31.57,22.08
kabupaten,16,1605,3,2021,0.638,"Non Basis",11.84,18.56
kabupaten,16,1605,4,2021,0.2127,"Non Basis",0.03,0.13
kabupaten,16,1605,5,2021,0.0653,"Non Basis",0.01,0.11
kabupaten,16,1605,6,2021,0.4652,"Non Basis",5.23,11.24
kabupaten,16,1605,7,2021,0.6319,"Non Basis",6.78,10.73
kabupaten,16,1605,8,2021,0.2254,"Non Basis",0.41,1.83
kabupaten,16,1605,9,2021,0.1791,"Non Basis",0.25,1.4
kabupaten,16,1605,10,2021,0.1136,"Non Basis",0.45,3.97
kabupaten,16,1605,11,2021,0.2523,"Non Basis",0.6,2.39
kabupaten,16,1605,12,2021,0.4134,"Non Basis",1.37,3.31
kabupaten,16,1605,13,2021,0.1601,"Non Basis",0.02,0.11
kabupaten,16,1605,14,2021,0.8038,"Non Basis",2.53,3.14
kabupaten,16,1605,15,2021,1.1011,Basis,2.91,2.64
kabupaten,16,1605,16,2021,1.101,Basis,0.81,0.74
kabupaten,16,1605,17,2021,1.2247,Basis,1.02,0.84
kabupaten,16,1605,1,2022,2.0687,Basis,34.28,16.57
kabupaten,16,1605,2,2022,1.3831,Basis,30.84,22.3
kabupaten,16,1605,3,2022,0.6552,"Non Basis",12.08,18.43
kabupaten,16,1605,4,2022,0.227,"Non Basis",0.03,0.12
kabupaten,16,1605,5,2022,0.0676,"Non Basis",0.01,0.11
kabupaten,16,1605,6,2022,0.4783,"Non Basis",5.17,10.81
kabupaten,16,1605,7,2022,0.6395,"Non Basis",7.19,11.25
kabupaten,16,1605,8,2022,0.2197,"Non Basis",0.43,1.94
kabupaten,16,1605,9,2022,0.1723,"Non Basis",0.26,1.52
kabupaten,16,1605,10,2022,0.1155,"Non Basis",0.47,4.08
kabupaten,16,1605,11,2022,0.2617,"Non Basis",0.59,2.25
kabupaten,16,1605,12,2022,0.417,"Non Basis",1.38,3.31
kabupaten,16,1605,13,2022,0.1637,"Non Basis",0.02,0.11
kabupaten,16,1605,14,2022,0.8118,"Non Basis",2.51,3.1
kabupaten,16,1605,15,2022,1.1404,Basis,2.92,2.56
kabupaten,16,1605,16,2022,1.1155,Basis,0.81,0.73
kabupaten,16,1605,17,2022,1.2386,Basis,1,0.81
kabupaten,16,1605,1,2023,2.1185,Basis,34.13,16.11
kabupaten,16,1605,2,2023,1.31,Basis,30.01,22.91
kabupaten,16,1605,3,2023,0.6895,"Non Basis",12.56,18.22
kabupaten,16,1605,4,2023,0.2273,"Non Basis",0.03,0.12
kabupaten,16,1605,5,2023,0.0688,"Non Basis",0.01,0.1
kabupaten,16,1605,6,2023,0.489,"Non Basis",5.21,10.65
kabupaten,16,1605,7,2023,0.6609,"Non Basis",7.58,11.47
kabupaten,16,1605,8,2023,0.2191,"Non Basis",0.43,1.99
kabupaten,16,1605,9,2023,0.1753,"Non Basis",0.29,1.64
kabupaten,16,1605,10,2023,0.1186,"Non Basis",0.49,4.13
kabupaten,16,1605,11,2023,0.265,"Non Basis",0.59,2.24
kabupaten,16,1605,12,2023,0.4261,"Non Basis",1.4,3.29
kabupaten,16,1605,13,2023,0.1684,"Non Basis",0.02,0.1
kabupaten,16,1605,14,2023,0.8234,"Non Basis",2.52,3.06
kabupaten,16,1605,15,2023,1.1789,Basis,2.94,2.49
kabupaten,16,1605,16,2023,1.1273,Basis,0.78,0.69
kabupaten,16,1605,17,2023,1.285,Basis,1.01,0.79
kabupaten,16,1605,1,2024,2.1923,Basis,34.44,15.71
kabupaten,16,1605,2,2024,1.3002,Basis,29.3,22.53
kabupaten,16,1605,3,2024,0.6954,"Non Basis",12.61,18.13
kabupaten,16,1605,4,2024,0.2194,"Non Basis",0.03,0.13
kabupaten,16,1605,5,2024,0.0669,"Non Basis",0.01,0.1
kabupaten,16,1605,6,2024,0.4868,"Non Basis",5.23,10.74
kabupaten,16,1605,7,2024,0.6781,"Non Basis",7.96,11.74
kabupaten,16,1605,8,2024,0.2144,"Non Basis",0.42,1.96
kabupaten,16,1605,9,2024,0.177,"Non Basis",0.3,1.71
kabupaten,16,1605,10,2024,0.119,"Non Basis",0.51,4.28
kabupaten,16,1605,11,2024,0.2613,"Non Basis",0.6,2.29
kabupaten,16,1605,12,2024,0.4082,"Non Basis",1.38,3.38
kabupaten,16,1605,13,2024,0.1727,"Non Basis",0.02,0.1
kabupaten,16,1605,14,2024,0.8007,"Non Basis",2.55,3.18
kabupaten,16,1605,15,2024,1.1418,Basis,2.89,2.54
kabupaten,16,1605,16,2024,1.1081,Basis,0.78,0.71
kabupaten,16,1605,17,2024,1.2543,Basis,0.98,0.78
kabupaten,16,1605,1,2025,2.2142,Basis,34.93,15.77
kabupaten,16,1605,2,2025,1.2659,Basis,28,22.12
kabupaten,16,1605,3,2025,0.7151,"Non Basis",12.87,18
kabupaten,16,1605,4,2025,0.2251,"Non Basis",0.03,0.13
kabupaten,16,1605,5,2025,0.0659,"Non Basis",0.01,0.1
kabupaten,16,1605,6,2025,0.4862,"Non Basis",5.26,10.81
kabupaten,16,1605,7,2025,0.7053,"Non Basis",8.53,12.09
kabupaten,16,1605,8,2025,0.2228,"Non Basis",0.43,1.95
kabupaten,16,1605,9,2025,0.1794,"Non Basis",0.32,1.78
kabupaten,16,1605,10,2025,0.1169,"Non Basis",0.5,4.31
kabupaten,16,1605,11,2025,0.2657,"Non Basis",0.6,2.27
kabupaten,16,1605,12,2025,0.3991,"Non Basis",1.38,3.46
kabupaten,16,1605,13,2025,0.1654,"Non Basis",0.02,0.11
kabupaten,16,1605,14,2025,0.7854,"Non Basis",2.45,3.12
kabupaten,16,1605,15,2025,1.1553,Basis,2.9,2.51
kabupaten,16,1605,16,2025,1.1265,Basis,0.8,0.71
kabupaten,16,1605,17,2025,1.2604,Basis,0.97,0.77
kabupaten,16,1613,1,2021,3.0793,Basis,51.73,16.8
kabupaten,16,1613,2,2021,0.9881,"Non Basis",21.82,22.08
kabupaten,16,1613,3,2021,0.309,"Non Basis",5.73,18.56
kabupaten,16,1613,4,2021,0.1602,"Non Basis",0.02,0.13
kabupaten,16,1613,5,2021,0.1291,"Non Basis",0.01,0.11
kabupaten,16,1613,6,2021,0.4093,"Non Basis",4.6,11.24
kabupaten,16,1613,7,2021,0.5062,"Non Basis",5.43,10.73
kabupaten,16,1613,8,2021,0.5292,"Non Basis",0.97,1.83
kabupaten,16,1613,9,2021,0.168,"Non Basis",0.23,1.4
kabupaten,16,1613,10,2021,0.0854,"Non Basis",0.34,3.97
kabupaten,16,1613,11,2021,0.2738,"Non Basis",0.65,2.39
kabupaten,16,1613,12,2021,0.4261,"Non Basis",1.41,3.31
kabupaten,16,1613,13,2021,0.4223,"Non Basis",0.05,0.11
kabupaten,16,1613,14,2021,0.7161,"Non Basis",2.25,3.14
kabupaten,16,1613,15,2021,1.1947,Basis,3.15,2.64
kabupaten,16,1613,16,2021,0.9611,"Non Basis",0.71,0.74
kabupaten,16,1613,17,2021,1.0656,Basis,0.89,0.84
kabupaten,16,1613,1,2022,3.148,Basis,52.17,16.57
kabupaten,16,1613,2,2022,0.9577,"Non Basis",21.36,22.3
kabupaten,16,1613,3,2022,0.3137,"Non Basis",5.78,18.43
kabupaten,16,1613,4,2022,0.1699,"Non Basis",0.02,0.12
kabupaten,16,1613,5,2022,0.1324,"Non Basis",0.01,0.11
kabupaten,16,1613,6,2022,0.4109,"Non Basis",4.44,10.81
kabupaten,16,1613,7,2022,0.4972,"Non Basis",5.59,11.25
kabupaten,16,1613,8,2022,0.4887,"Non Basis",0.95,1.94
kabupaten,16,1613,9,2022,0.1589,"Non Basis",0.24,1.52
kabupaten,16,1613,10,2022,0.0861,"Non Basis",0.35,4.08
kabupaten,16,1613,11,2022,0.2803,"Non Basis",0.63,2.25
kabupaten,16,1613,12,2022,0.4236,"Non Basis",1.4,3.31
kabupaten,16,1613,13,2022,0.4165,"Non Basis",0.04,0.11
kabupaten,16,1613,14,2022,0.7227,"Non Basis",2.24,3.1
kabupaten,16,1613,15,2022,1.2437,Basis,3.19,2.56
kabupaten,16,1613,16,2022,0.9732,"Non Basis",0.71,0.73
kabupaten,16,1613,17,2022,1.0716,Basis,0.87,0.81
kabupaten,16,1613,1,2023,3.2246,Basis,51.95,16.11
kabupaten,16,1613,2,2023,0.9187,"Non Basis",21.05,22.91
kabupaten,16,1613,3,2023,0.3222,"Non Basis",5.87,18.22
kabupaten,16,1613,4,2023,0.1667,"Non Basis",0.02,0.12
kabupaten,16,1613,5,2023,0.1395,"Non Basis",0.01,0.1
kabupaten,16,1613,6,2023,0.4212,"Non Basis",4.49,10.65
kabupaten,16,1613,7,2023,0.5111,"Non Basis",5.86,11.47
kabupaten,16,1613,8,2023,0.4733,"Non Basis",0.94,1.99
kabupaten,16,1613,9,2023,0.154,"Non Basis",0.25,1.64
kabupaten,16,1613,10,2023,0.0867,"Non Basis",0.36,4.13
kabupaten,16,1613,11,2023,0.2751,"Non Basis",0.62,2.24
kabupaten,16,1613,12,2023,0.4256,"Non Basis",1.4,3.29
kabupaten,16,1613,13,2023,0.4357,"Non Basis",0.05,0.1
kabupaten,16,1613,14,2023,0.741,"Non Basis",2.27,3.06
kabupaten,16,1613,15,2023,1.3381,Basis,3.34,2.49
kabupaten,16,1613,16,2023,0.9808,"Non Basis",0.68,0.69
kabupaten,16,1613,17,2023,1.0883,Basis,0.85,0.79
kabupaten,16,1613,1,2024,3.3626,Basis,52.82,15.71
kabupaten,16,1613,2,2024,0.8997,"Non Basis",20.27,22.53
kabupaten,16,1613,3,2024,0.3244,"Non Basis",5.88,18.13
kabupaten,16,1613,4,2024,0.1652,"Non Basis",0.02,0.13
kabupaten,16,1613,5,2024,0.1363,"Non Basis",0.01,0.1
kabupaten,16,1613,6,2024,0.4139,"Non Basis",4.45,10.74
kabupaten,16,1613,7,2024,0.503,"Non Basis",5.91,11.74
kabupaten,16,1613,8,2024,0.4611,"Non Basis",0.9,1.96
kabupaten,16,1613,9,2024,0.1549,"Non Basis",0.26,1.71
kabupaten,16,1613,10,2024,0.0844,"Non Basis",0.36,4.28
kabupaten,16,1613,11,2024,0.2649,"Non Basis",0.61,2.29
kabupaten,16,1613,12,2024,0.416,"Non Basis",1.41,3.38
kabupaten,16,1613,13,2024,0.4382,"Non Basis",0.05,0.1
kabupaten,16,1613,14,2024,0.694,"Non Basis",2.21,3.18
kabupaten,16,1613,15,2024,1.309,Basis,3.32,2.54
kabupaten,16,1613,16,2024,0.9538,"Non Basis",0.67,0.71
kabupaten,16,1613,17,2024,1.088,Basis,0.85,0.78
kabupaten,16,1613,1,2025,3.4118,Basis,53.82,15.77
kabupaten,16,1613,2,2025,0.8868,"Non Basis",19.62,22.12
kabupaten,16,1613,3,2025,0.3209,"Non Basis",5.77,18
kabupaten,16,1613,4,2025,0.1573,"Non Basis",0.02,0.13
kabupaten,16,1613,5,2025,0.1367,"Non Basis",0.01,0.1
kabupaten,16,1613,6,2025,0.4027,"Non Basis",4.35,10.81
kabupaten,16,1613,7,2025,0.5067,"Non Basis",6.13,12.09
kabupaten,16,1613,8,2025,0.45,"Non Basis",0.88,1.95
kabupaten,16,1613,9,2025,0.1569,"Non Basis",0.28,1.78
kabupaten,16,1613,10,2025,0.0846,"Non Basis",0.36,4.31
kabupaten,16,1613,11,2025,0.2569,"Non Basis",0.58,2.27
kabupaten,16,1613,12,2025,0.4006,"Non Basis",1.39,3.46
kabupaten,16,1613,13,2025,0.4239,"Non Basis",0.04,0.11
kabupaten,16,1613,14,2025,0.6622,"Non Basis",2.07,3.12
kabupaten,16,1613,15,2025,1.273,Basis,3.19,2.51
kabupaten,16,1613,16,2025,0.9204,"Non Basis",0.65,0.71
kabupaten,16,1613,17,2025,1.0688,Basis,0.82,0.77
kabupaten,16,1610,1,2021,1.427,Basis,23.97,16.8
kabupaten,16,1610,2,2021,0.3623,"Non Basis",8,22.08
kabupaten,16,1610,3,2021,0.6045,"Non Basis",11.22,18.56
kabupaten,16,1610,4,2021,0.5138,"Non Basis",0.07,0.13
kabupaten,16,1610,5,2021,0.2972,"Non Basis",0.03,0.11
kabupaten,16,1610,6,2021,1.3813,Basis,15.52,11.24
kabupaten,16,1610,7,2021,1.4782,Basis,15.87,10.73
kabupaten,16,1610,8,2021,0.6914,"Non Basis",1.27,1.83
kabupaten,16,1610,9,2021,2.6757,Basis,3.74,1.4
kabupaten,16,1610,10,2021,0.1201,"Non Basis",0.48,3.97
kabupaten,16,1610,11,2021,0.6472,"Non Basis",1.54,2.39
kabupaten,16,1610,12,2021,0.9159,"Non Basis",3.03,3.31
kabupaten,16,1610,13,2021,1.1986,Basis,0.13,0.11
kabupaten,16,1610,14,2021,3.6642,Basis,11.52,3.14
kabupaten,16,1610,15,2021,0.8305,"Non Basis",2.19,2.64
kabupaten,16,1610,16,2021,1.1869,Basis,0.87,0.74
kabupaten,16,1610,17,2021,0.6674,"Non Basis",0.56,0.84
kabupaten,16,1610,1,2022,1.4315,Basis,23.72,16.57
kabupaten,16,1610,2,2022,0.3461,"Non Basis",7.72,22.3
kabupaten,16,1610,3,2022,0.6111,"Non Basis",11.26,18.43
kabupaten,16,1610,4,2022,0.5422,"Non Basis",0.07,0.12
kabupaten,16,1610,5,2022,0.3005,"Non Basis",0.03,0.11
kabupaten,16,1610,6,2022,1.4207,Basis,15.36,10.81
kabupaten,16,1610,7,2022,1.4691,Basis,16.52,11.25
kabupaten,16,1610,8,2022,0.6465,"Non Basis",1.25,1.94
kabupaten,16,1610,9,2022,2.5327,Basis,3.85,1.52
kabupaten,16,1610,10,2022,0.117,"Non Basis",0.48,4.08
kabupaten,16,1610,11,2022,0.6549,"Non Basis",1.48,2.25
kabupaten,16,1610,12,2022,0.9266,"Non Basis",3.07,3.31
kabupaten,16,1610,13,2022,1.1752,Basis,0.13,0.11
kabupaten,16,1610,14,2022,3.68,Basis,11.4,3.1
kabupaten,16,1610,15,2022,0.8747,"Non Basis",2.24,2.56
kabupaten,16,1610,16,2022,1.207,Basis,0.88,0.73
kabupaten,16,1610,17,2022,0.6665,"Non Basis",0.54,0.81
kabupaten,16,1610,1,2023,1.4364,Basis,23.14,16.11
kabupaten,16,1610,2,2023,0.3244,"Non Basis",7.43,22.91
kabupaten,16,1610,3,2023,0.624,"Non Basis",11.37,18.22
kabupaten,16,1610,4,2023,0.5513,"Non Basis",0.07,0.12
kabupaten,16,1610,5,2023,0.3093,"Non Basis",0.03,0.1
kabupaten,16,1610,6,2023,1.4376,Basis,15.32,10.65
kabupaten,16,1610,7,2023,1.5065,Basis,17.28,11.47
kabupaten,16,1610,8,2023,0.6289,"Non Basis",1.25,1.99
kabupaten,16,1610,9,2023,2.4446,Basis,4,1.64
kabupaten,16,1610,10,2023,0.115,"Non Basis",0.47,4.13
kabupaten,16,1610,11,2023,0.6362,"Non Basis",1.43,2.24
kabupaten,16,1610,12,2023,0.9552,"Non Basis",3.14,3.29
kabupaten,16,1610,13,2023,1.1749,Basis,0.12,0.1
kabupaten,16,1610,14,2023,3.6852,Basis,11.27,3.06
kabupaten,16,1610,15,2023,0.9269,"Non Basis",2.31,2.49
kabupaten,16,1610,16,2023,1.2118,Basis,0.84,0.69
kabupaten,16,1610,17,2023,0.6685,"Non Basis",0.53,0.79
kabupaten,16,1610,1,2024,1.4372,Basis,22.58,15.71
kabupaten,16,1610,2,2024,0.3144,"Non Basis",7.08,22.53
kabupaten,16,1610,3,2024,0.6129,"Non Basis",11.11,18.13
kabupaten,16,1610,4,2024,0.5379,"Non Basis",0.07,0.13
kabupaten,16,1610,5,2024,0.3069,"Non Basis",0.03,0.1
kabupaten,16,1610,6,2024,1.4527,Basis,15.6,10.74
kabupaten,16,1610,7,2024,1.4911,Basis,17.51,11.74
kabupaten,16,1610,8,2024,0.6408,"Non Basis",1.25,1.96
kabupaten,16,1610,9,2024,2.4629,Basis,4.2,1.71
kabupaten,16,1610,10,2024,0.116,"Non Basis",0.5,4.28
kabupaten,16,1610,11,2024,0.6316,"Non Basis",1.44,2.29
kabupaten,16,1610,12,2024,0.9411,"Non Basis",3.18,3.38
kabupaten,16,1610,13,2024,1.163,Basis,0.12,0.1
kabupaten,16,1610,14,2024,3.6586,Basis,11.65,3.18
kabupaten,16,1610,15,2024,0.9035,"Non Basis",2.29,2.54
kabupaten,16,1610,16,2024,1.1778,Basis,0.83,0.71
kabupaten,16,1610,17,2024,0.6981,"Non Basis",0.54,0.78
kabupaten,16,1610,1,2025,1.4131,Basis,22.29,15.77
kabupaten,16,1610,2,2025,0.3067,"Non Basis",6.78,22.12
kabupaten,16,1610,3,2025,0.6175,"Non Basis",11.11,18
kabupaten,16,1610,4,2025,0.5462,"Non Basis",0.07,0.13
kabupaten,16,1610,5,2025,0.2961,"Non Basis",0.03,0.1
kabupaten,16,1610,6,2025,1.4523,Basis,15.7,10.81
kabupaten,16,1610,7,2025,1.4992,Basis,18.13,12.09
kabupaten,16,1610,8,2025,0.6371,"Non Basis",1.24,1.95
kabupaten,16,1610,9,2025,2.5472,Basis,4.52,1.78
kabupaten,16,1610,10,2025,0.1161,"Non Basis",0.5,4.31
kabupaten,16,1610,11,2025,0.6214,"Non Basis",1.41,2.27
kabupaten,16,1610,12,2025,0.9242,"Non Basis",3.2,3.46
kabupaten,16,1610,13,2025,1.1698,Basis,0.12,0.11
kabupaten,16,1610,14,2025,3.7711,Basis,11.78,3.12
kabupaten,16,1610,15,2025,0.9036,"Non Basis",2.27,2.51
kabupaten,16,1610,16,2025,1.1773,Basis,0.84,0.71
kabupaten,16,1610,17,2025,0,"Non Basis",0,0.77
kabupaten,16,1601,1,2025,1.4456,Basis,22.8,15.77
kabupaten,16,1601,2,2025,0.5517,"Non Basis",12.21,22.12
kabupaten,16,1601,3,2025,0.9702,"Non Basis",17.46,18
kabupaten,16,1601,4,2025,0.6978,"Non Basis",0.09,0.13
kabupaten,16,1601,5,2025,1.0469,Basis,0.1,0.1
kabupaten,16,1601,6,2025,0.9427,"Non Basis",10.19,10.81
kabupaten,16,1601,7,2025,1.3585,Basis,16.43,12.09
kabupaten,16,1601,8,2025,0.8317,"Non Basis",1.62,1.95
kabupaten,16,1601,9,2025,1.4808,Basis,2.63,1.78
kabupaten,16,1601,10,2025,0.2727,"Non Basis",1.17,4.31
kabupaten,16,1601,11,2025,1.1459,Basis,2.6,2.27
kabupaten,16,1601,12,2025,1.4321,Basis,4.96,3.46
kabupaten,16,1601,13,2025,0.8975,"Non Basis",0.09,0.11
kabupaten,16,1601,14,2025,0.6809,"Non Basis",2.13,3.12
kabupaten,16,1601,15,2025,1.1458,Basis,2.88,2.51
kabupaten,16,1601,16,2025,1.85,Basis,1.31,0.71
kabupaten,16,1601,17,2025,1.1912,Basis,0.92,0.77
kabupaten,16,1601,1,2021,1.3739,Basis,23.08,16.8
kabupaten,16,1601,2,2021,0.6182,"Non Basis",13.65,22.08
kabupaten,16,1601,3,2021,0.941,"Non Basis",17.46,18.56
kabupaten,16,1601,4,2021,0.7282,"Non Basis",0.09,0.13
kabupaten,16,1601,5,2021,1.0908,Basis,0.12,0.11
kabupaten,16,1601,6,2021,0.9701,"Non Basis",10.9,11.24
kabupaten,16,1601,7,2021,1.3503,Basis,14.49,10.73
kabupaten,16,1601,8,2021,0.8887,"Non Basis",1.63,1.83
kabupaten,16,1601,9,2021,1.5194,Basis,2.12,1.4
kabupaten,16,1601,10,2021,0.3014,"Non Basis",1.2,3.97
kabupaten,16,1601,11,2021,1.1581,Basis,2.76,2.39
kabupaten,16,1601,12,2021,1.54,Basis,5.1,3.31
kabupaten,16,1601,13,2021,0.9224,"Non Basis",0.1,0.11
kabupaten,16,1601,14,2021,0.6844,"Non Basis",2.15,3.14
kabupaten,16,1601,15,2021,1.0863,Basis,2.87,2.64
kabupaten,16,1601,16,2021,1.7908,Basis,1.32,0.74
kabupaten,16,1601,17,2021,1.1444,Basis,0.96,0.84
kabupaten,16,1601,1,2022,1.3721,Basis,22.74,16.57
kabupaten,16,1601,2,2022,0.6018,"Non Basis",13.42,22.3
kabupaten,16,1601,3,2022,0.9629,"Non Basis",17.75,18.43
kabupaten,16,1601,4,2022,0.7395,"Non Basis",0.09,0.12
kabupaten,16,1601,5,2022,1.0852,Basis,0.12,0.11
kabupaten,16,1601,6,2022,0.9921,"Non Basis",10.73,10.81
kabupaten,16,1601,7,2022,1.3298,Basis,14.96,11.25
kabupaten,16,1601,8,2022,0.849,"Non Basis",1.65,1.94
kabupaten,16,1601,9,2022,1.5011,Basis,2.28,1.52
kabupaten,16,1601,10,2022,0.2986,"Non Basis",1.22,4.08
kabupaten,16,1601,11,2022,1.1716,Basis,2.64,2.25
kabupaten,16,1601,12,2022,1.5417,Basis,5.1,3.31
kabupaten,16,1601,13,2022,0.9228,"Non Basis",0.1,0.11
kabupaten,16,1601,14,2022,0.6783,"Non Basis",2.1,3.1
kabupaten,16,1601,15,2022,1.1025,Basis,2.83,2.56
kabupaten,16,1601,16,2022,1.8218,Basis,1.33,0.73
kabupaten,16,1601,17,2022,1.1819,Basis,0.96,0.81
kabupaten,16,1601,1,2023,1.411,Basis,22.73,16.11
kabupaten,16,1601,2,2023,0.5765,"Non Basis",13.21,22.91
kabupaten,16,1601,3,2023,0.982,"Non Basis",17.89,18.22
kabupaten,16,1601,4,2023,0.7524,"Non Basis",0.09,0.12
kabupaten,16,1601,5,2023,1.082,Basis,0.11,0.1
kabupaten,16,1601,6,2023,0.9834,"Non Basis",10.48,10.65
kabupaten,16,1601,7,2023,1.3329,Basis,15.29,11.47
kabupaten,16,1601,8,2023,0.8139,"Non Basis",1.62,1.99
kabupaten,16,1601,9,2023,1.4789,Basis,2.42,1.64
kabupaten,16,1601,10,2023,0.2957,"Non Basis",1.22,4.13
kabupaten,16,1601,11,2023,1.1593,Basis,2.6,2.24
kabupaten,16,1601,12,2023,1.5558,Basis,5.11,3.29
kabupaten,16,1601,13,2023,0.9339,"Non Basis",0.1,0.1
kabupaten,16,1601,14,2023,0.6835,"Non Basis",2.09,3.06
kabupaten,16,1601,15,2023,1.1404,Basis,2.84,2.49
kabupaten,16,1601,16,2023,1.8224,Basis,1.26,0.69
kabupaten,16,1601,17,2023,1.1917,Basis,0.94,0.79
kabupaten,16,1601,1,2024,1.4535,Basis,22.83,15.71
kabupaten,16,1601,2,2024,0.5783,"Non Basis",13.03,22.53
kabupaten,16,1601,3,2024,0.9573,"Non Basis",17.36,18.13
kabupaten,16,1601,4,2024,0.6927,"Non Basis",0.09,0.13
kabupaten,16,1601,5,2024,1.0957,Basis,0.11,0.1
kabupaten,16,1601,6,2024,0.9756,"Non Basis",10.48,10.74
kabupaten,16,1601,7,2024,1.3442,Basis,15.78,11.74
kabupaten,16,1601,8,2024,0.8447,"Non Basis",1.65,1.96
kabupaten,16,1601,9,2024,1.455,Basis,2.48,1.71
kabupaten,16,1601,10,2024,0.2888,"Non Basis",1.23,4.28
kabupaten,16,1601,11,2024,1.1425,Basis,2.61,2.29
kabupaten,16,1601,12,2024,1.4975,Basis,5.07,3.38
kabupaten,16,1601,13,2024,0.9021,"Non Basis",0.09,0.1
kabupaten,16,1601,14,2024,0.6662,"Non Basis",2.12,3.18
kabupaten,16,1601,15,2024,1.1296,Basis,2.86,2.54
kabupaten,16,1601,16,2024,1.7861,Basis,1.26,0.71
kabupaten,16,1601,17,2024,1.1915,Basis,0.93,0.78
kabupaten,16,1602,1,2021,3.594,Basis,60.38,16.8
kabupaten,16,1602,2,2021,0.0512,"Non Basis",1.13,22.08
kabupaten,16,1602,3,2021,0.3462,"Non Basis",6.42,18.56
kabupaten,16,1602,4,2021,0.269,"Non Basis",0.03,0.13
kabupaten,16,1602,5,2021,0.1547,"Non Basis",0.02,0.11
kabupaten,16,1602,6,2021,0.9311,"Non Basis",10.46,11.24
kabupaten,16,1602,7,2021,0.938,"Non Basis",10.07,10.73
kabupaten,16,1602,8,2021,0.2928,"Non Basis",0.54,1.83
kabupaten,16,1602,9,2021,0.5181,"Non Basis",0.72,1.4
kabupaten,16,1602,10,2021,0.1648,"Non Basis",0.65,3.97
kabupaten,16,1602,11,2021,0.4188,"Non Basis",1,2.39
kabupaten,16,1602,12,2021,0.4946,"Non Basis",1.64,3.31
kabupaten,16,1602,13,2021,0.611,"Non Basis",0.07,0.11
kabupaten,16,1602,14,2021,1.434,Basis,4.51,3.14
kabupaten,16,1602,15,2021,0.609,"Non Basis",1.61,2.64
kabupaten,16,1602,16,2021,0.2309,"Non Basis",0.17,0.74
kabupaten,16,1602,17,2021,0.6994,"Non Basis",0.58,0.84
kabupaten,16,1602,1,2022,3.1431,Basis,52.09,16.57
kabupaten,16,1602,2,2022,0.0434,"Non Basis",0.97,22.3
kabupaten,16,1602,3,2022,0.9729,"Non Basis",17.93,18.43
kabupaten,16,1602,4,2022,0.2394,"Non Basis",0.03,0.12
kabupaten,16,1602,5,2022,0.1425,"Non Basis",0.02,0.11
kabupaten,16,1602,6,2022,0.8942,"Non Basis",9.67,10.81
kabupaten,16,1602,7,2022,0.8217,"Non Basis",9.24,11.25
kabupaten,16,1602,8,2022,0.2417,"Non Basis",0.47,1.94
kabupaten,16,1602,9,2022,0.4341,"Non Basis",0.66,1.52
kabupaten,16,1602,10,2022,0.1472,"Non Basis",0.6,4.08
kabupaten,16,1602,11,2022,0.3723,"Non Basis",0.84,2.25
kabupaten,16,1602,12,2022,0.4451,"Non Basis",1.47,3.31
kabupaten,16,1602,13,2022,0.5364,"Non Basis",0.06,0.11
kabupaten,16,1602,14,2022,1.247,Basis,3.86,3.1
kabupaten,16,1602,15,2022,0.5594,"Non Basis",1.43,2.56
kabupaten,16,1602,16,2022,0.2112,"Non Basis",0.15,0.73
kabupaten,16,1602,17,2022,0.6277,"Non Basis",0.51,0.81
kabupaten,16,1602,1,2023,3.1692,Basis,51.06,16.11
kabupaten,16,1602,2,2023,0.0408,"Non Basis",0.94,22.91
kabupaten,16,1602,3,2023,1.006,Basis,18.33,18.22
kabupaten,16,1602,4,2023,0.2415,"Non Basis",0.03,0.12
kabupaten,16,1602,5,2023,0.1496,"Non Basis",0.02,0.1
kabupaten,16,1602,6,2023,0.9224,"Non Basis",9.83,10.65
kabupaten,16,1602,7,2023,0.8363,"Non Basis",9.59,11.47
kabupaten,16,1602,8,2023,0.2359,"Non Basis",0.47,1.99
kabupaten,16,1602,9,2023,0.4281,"Non Basis",0.7,1.64
kabupaten,16,1602,10,2023,0.1491,"Non Basis",0.62,4.13
kabupaten,16,1602,11,2023,0.3833,"Non Basis",0.86,2.24
kabupaten,16,1602,12,2023,0.4607,"Non Basis",1.51,3.29
kabupaten,16,1602,13,2023,0.5392,"Non Basis",0.06,0.1
kabupaten,16,1602,14,2023,1.2622,Basis,3.86,3.06
kabupaten,16,1602,15,2023,0.5928,"Non Basis",1.48,2.49
kabupaten,16,1602,16,2023,0.2109,"Non Basis",0.15,0.69
kabupaten,16,1602,17,2023,0.6536,"Non Basis",0.51,0.79
kabupaten,16,1602,1,2024,3.1997,Basis,50.26,15.71
kabupaten,16,1602,2,2024,0.0411,"Non Basis",0.93,22.53
kabupaten,16,1602,3,2024,1.0335,Basis,18.74,18.13
kabupaten,16,1602,4,2024,0.2393,"Non Basis",0.03,0.13
kabupaten,16,1602,5,2024,0.1489,"Non Basis",0.01,0.1
kabupaten,16,1602,6,2024,0.9463,"Non Basis",10.16,10.74
kabupaten,16,1602,7,2024,0.8343,"Non Basis",9.8,11.74
kabupaten,16,1602,8,2024,0.2406,"Non Basis",0.47,1.96
kabupaten,16,1602,9,2024,0.4136,"Non Basis",0.71,1.71
kabupaten,16,1602,10,2024,0.1444,"Non Basis",0.62,4.28
kabupaten,16,1602,11,2024,0.3695,"Non Basis",0.85,2.29
kabupaten,16,1602,12,2024,0.4413,"Non Basis",1.49,3.38
kabupaten,16,1602,13,2024,0.5259,"Non Basis",0.06,0.1
kabupaten,16,1602,14,2024,1.1976,Basis,3.81,3.18
kabupaten,16,1602,15,2024,0.5661,"Non Basis",1.44,2.54
kabupaten,16,1602,16,2024,0.1998,"Non Basis",0.14,0.71
kabupaten,16,1602,17,2024,0.6285,"Non Basis",0.49,0.78
kabupaten,16,1602,1,2025,3.1636,Basis,49.9,15.77
kabupaten,16,1602,2,2025,0.0421,"Non Basis",0.93,22.12
kabupaten,16,1602,3,2025,1.0346,Basis,18.62,18
kabupaten,16,1602,4,2025,0.2375,"Non Basis",0.03,0.13
kabupaten,16,1602,5,2025,0.151,"Non Basis",0.01,0.1
kabupaten,16,1602,6,2025,0.9522,"Non Basis",10.29,10.81
kabupaten,16,1602,7,2025,0.8436,"Non Basis",10.2,12.09
kabupaten,16,1602,8,2025,0.233,"Non Basis",0.45,1.95
kabupaten,16,1602,9,2025,0.4239,"Non Basis",0.75,1.78
kabupaten,16,1602,10,2025,0.1425,"Non Basis",0.61,4.31
kabupaten,16,1602,11,2025,0.3758,"Non Basis",0.85,2.27
kabupaten,16,1602,12,2025,0.4402,"Non Basis",1.52,3.46
kabupaten,16,1602,13,2025,0.5091,"Non Basis",0.05,0.11
kabupaten,16,1602,14,2025,1.1985,Basis,3.75,3.12
kabupaten,16,1602,15,2025,0.5516,"Non Basis",1.38,2.51
kabupaten,16,1602,16,2025,0.191,"Non Basis",0.14,0.71
kabupaten,16,1602,17,2025,0.6373,"Non Basis",0.49,0.77
kabupaten,16,1609,1,2021,2.1216,Basis,35.64,16.8
kabupaten,16,1609,2,2021,0.0858,"Non Basis",1.9,22.08
kabupaten,16,1609,3,2021,0.3996,"Non Basis",7.42,18.56
kabupaten,16,1609,4,2021,0.5103,"Non Basis",0.07,0.13
kabupaten,16,1609,5,2021,0.3062,"Non Basis",0.03,0.11
kabupaten,16,1609,6,2021,1.4243,Basis,16,11.24
kabupaten,16,1609,7,2021,1.6877,Basis,18.12,10.73
kabupaten,16,1609,8,2021,0.4181,"Non Basis",0.76,1.83
kabupaten,16,1609,9,2021,0.6391,"Non Basis",0.89,1.4
kabupaten,16,1609,10,2021,0.1798,"Non Basis",0.71,3.97
kabupaten,16,1609,11,2021,0.3853,"Non Basis",0.92,2.39
kabupaten,16,1609,12,2021,1.6348,Basis,5.41,3.31
kabupaten,16,1609,13,2021,0.2245,"Non Basis",0.02,0.11
kabupaten,16,1609,14,2021,1.7537,Basis,5.51,3.14
kabupaten,16,1609,15,2021,1.6476,Basis,4.35,2.64
kabupaten,16,1609,16,2021,1.7621,Basis,1.3,0.74
kabupaten,16,1609,17,2021,1.131,Basis,0.94,0.84
kabupaten,16,1609,1,2022,2.0962,Basis,34.74,16.57
kabupaten,16,1609,2,2022,0.0866,"Non Basis",1.93,22.3
kabupaten,16,1609,3,2022,0.4024,"Non Basis",7.42,18.43
kabupaten,16,1609,4,2022,0.5318,"Non Basis",0.07,0.12
kabupaten,16,1609,5,2022,0.3066,"Non Basis",0.03,0.11
kabupaten,16,1609,6,2022,1.503,Basis,16.25,10.81
kabupaten,16,1609,7,2022,1.6642,Basis,18.72,11.25
kabupaten,16,1609,8,2022,0.4022,"Non Basis",0.78,1.94
kabupaten,16,1609,9,2022,0.6191,"Non Basis",0.94,1.52
kabupaten,16,1609,10,2022,0.1801,"Non Basis",0.73,4.08
kabupaten,16,1609,11,2022,0.3907,"Non Basis",0.88,2.25
kabupaten,16,1609,12,2022,1.6518,Basis,5.47,3.31
kabupaten,16,1609,13,2022,0.2214,"Non Basis",0.02,0.11
kabupaten,16,1609,14,2022,1.7682,Basis,5.48,3.1
kabupaten,16,1609,15,2022,1.683,Basis,4.32,2.56
kabupaten,16,1609,16,2022,1.7509,Basis,1.27,0.73
kabupaten,16,1609,17,2022,1.1762,Basis,0.95,0.81
kabupaten,16,1609,1,2023,2.0816,Basis,33.54,16.11
kabupaten,16,1609,2,2023,0.0823,"Non Basis",1.89,22.91
kabupaten,16,1609,3,2023,0.4235,"Non Basis",7.72,18.22
kabupaten,16,1609,4,2023,0.5387,"Non Basis",0.07,0.12
kabupaten,16,1609,5,2023,0.3158,"Non Basis",0.03,0.1
kabupaten,16,1609,6,2023,1.5494,Basis,16.51,10.65
kabupaten,16,1609,7,2023,1.6994,Basis,19.5,11.47
kabupaten,16,1609,8,2023,0.3933,"Non Basis",0.78,1.99
kabupaten,16,1609,9,2023,0.6138,"Non Basis",1.01,1.64
kabupaten,16,1609,10,2023,0.1825,"Non Basis",0.75,4.13
kabupaten,16,1609,11,2023,0.3903,"Non Basis",0.88,2.24
kabupaten,16,1609,12,2023,1.6902,Basis,5.55,3.29
kabupaten,16,1609,13,2023,0.2289,"Non Basis",0.02,0.1
kabupaten,16,1609,14,2023,1.7656,Basis,5.4,3.06
kabupaten,16,1609,15,2023,1.6761,Basis,4.18,2.49
kabupaten,16,1609,16,2023,1.7526,Basis,1.21,0.69
kabupaten,16,1609,17,2023,1.2425,Basis,0.98,0.79
kabupaten,16,1609,1,2024,2.0726,Basis,32.56,15.71
kabupaten,16,1609,2,2024,0.0817,"Non Basis",1.84,22.53
kabupaten,16,1609,3,2024,0.4098,"Non Basis",7.43,18.13
kabupaten,16,1609,4,2024,0.5368,"Non Basis",0.07,0.13
kabupaten,16,1609,5,2024,0.3062,"Non Basis",0.03,0.1
kabupaten,16,1609,6,2024,1.576,Basis,16.93,10.74
kabupaten,16,1609,7,2024,1.7233,Basis,20.23,11.74
kabupaten,16,1609,8,2024,0.389,"Non Basis",0.76,1.96
kabupaten,16,1609,9,2024,0.6048,"Non Basis",1.03,1.71
kabupaten,16,1609,10,2024,0.1776,"Non Basis",0.76,4.28
kabupaten,16,1609,11,2024,0.3778,"Non Basis",0.86,2.29
kabupaten,16,1609,12,2024,1.6299,Basis,5.52,3.38
kabupaten,16,1609,13,2024,0.2211,"Non Basis",0.02,0.1
kabupaten,16,1609,14,2024,1.7194,Basis,5.47,3.18
kabupaten,16,1609,15,2024,1.6591,Basis,4.21,2.54
kabupaten,16,1609,16,2024,1.7964,Basis,1.27,0.71
kabupaten,16,1609,17,2024,1.2874,Basis,1,0.78
kabupaten,16,1609,1,2025,2.0426,Basis,32.22,15.77
kabupaten,16,1609,2,2025,0.0822,"Non Basis",1.82,22.12
kabupaten,16,1609,3,2025,0.4121,"Non Basis",7.42,18
kabupaten,16,1609,4,2025,0.5536,"Non Basis",0.07,0.13
kabupaten,16,1609,5,2025,0.3037,"Non Basis",0.03,0.1
kabupaten,16,1609,6,2025,1.5684,Basis,16.96,10.81
kabupaten,16,1609,7,2025,1.7147,Basis,20.73,12.09
kabupaten,16,1609,8,2025,0.3864,"Non Basis",0.75,1.95
kabupaten,16,1609,9,2025,0.6091,"Non Basis",1.08,1.78
kabupaten,16,1609,10,2025,0.1776,"Non Basis",0.76,4.31
kabupaten,16,1609,11,2025,0.3818,"Non Basis",0.87,2.27
kabupaten,16,1609,12,2025,1.6209,Basis,5.61,3.46
kabupaten,16,1609,13,2025,0.2202,"Non Basis",0.02,0.11
kabupaten,16,1609,14,2025,1.6839,Basis,5.26,3.12
kabupaten,16,1609,15,2025,1.6562,Basis,4.16,2.51
kabupaten,16,1609,16,2025,1.7433,Basis,1.24,0.71
kabupaten,16,1609,17,2025,1.2954,Basis,1,0.77
kabupaten,16,1608,1,2021,2.3745,Basis,39.89,16.8
kabupaten,16,1608,2,2021,0.1064,"Non Basis",2.35,22.08
kabupaten,16,1608,3,2021,0.423,"Non Basis",7.85,18.56
kabupaten,16,1608,4,2021,0.5043,"Non Basis",0.06,0.13
kabupaten,16,1608,5,2021,0.1354,"Non Basis",0.02,0.11
kabupaten,16,1608,6,2021,1.4311,Basis,16.08,11.24
kabupaten,16,1608,7,2021,1.3359,Basis,14.34,10.73
kabupaten,16,1608,8,2021,0.6375,"Non Basis",1.17,1.83
kabupaten,16,1608,9,2021,0.9521,"Non Basis",1.33,1.4
kabupaten,16,1608,10,2021,0.3581,"Non Basis",1.42,3.97
kabupaten,16,1608,11,2021,0.3824,"Non Basis",0.91,2.39
kabupaten,16,1608,12,2021,0.8675,"Non Basis",2.87,3.31
kabupaten,16,1608,13,2021,0.3624,"Non Basis",0.04,0.11
kabupaten,16,1608,14,2021,2.43,Basis,7.64,3.14
kabupaten,16,1608,15,2021,0.7948,"Non Basis",2.1,2.64
kabupaten,16,1608,16,2021,1.4863,Basis,1.09,0.74
kabupaten,16,1608,17,2021,1.008,Basis,0.84,0.84
kabupaten,16,1608,1,2022,2.3618,Basis,39.14,16.57
kabupaten,16,1608,2,2022,0.1025,"Non Basis",2.29,22.3
kabupaten,16,1608,3,2022,0.4363,"Non Basis",8.04,18.43
kabupaten,16,1608,4,2022,0.5063,"Non Basis",0.06,0.12
kabupaten,16,1608,5,2022,0.1453,"Non Basis",0.02,0.11
kabupaten,16,1608,6,2022,1.4739,Basis,15.93,10.81
kabupaten,16,1608,7,2022,1.3135,Basis,14.77,11.25
kabupaten,16,1608,8,2022,0.6144,"Non Basis",1.19,1.94
kabupaten,16,1608,9,2022,0.9167,"Non Basis",1.39,1.52
kabupaten,16,1608,10,2022,0.361,"Non Basis",1.47,4.08
kabupaten,16,1608,11,2022,0.3866,"Non Basis",0.87,2.25
kabupaten,16,1608,12,2022,0.8941,"Non Basis",2.96,3.31
kabupaten,16,1608,13,2022,0.3648,"Non Basis",0.04,0.11
kabupaten,16,1608,14,2022,2.5065,Basis,7.76,3.1
kabupaten,16,1608,15,2022,0.8253,"Non Basis",2.12,2.56
kabupaten,16,1608,16,2022,1.4892,Basis,1.08,0.73
kabupaten,16,1608,17,2022,1.0538,Basis,0.85,0.81
kabupaten,16,1608,1,2023,2.3821,Basis,38.38,16.11
kabupaten,16,1608,2,2023,0.097,"Non Basis",2.22,22.91
kabupaten,16,1608,3,2023,0.455,"Non Basis",8.29,18.22
kabupaten,16,1608,4,2023,0.5142,"Non Basis",0.06,0.12
kabupaten,16,1608,5,2023,0.1452,"Non Basis",0.01,0.1
kabupaten,16,1608,6,2023,1.4919,Basis,15.89,10.65
kabupaten,16,1608,7,2023,1.3251,Basis,15.2,11.47
kabupaten,16,1608,8,2023,0.5974,"Non Basis",1.19,1.99
kabupaten,16,1608,9,2023,0.923,"Non Basis",1.51,1.64
kabupaten,16,1608,10,2023,0.3622,"Non Basis",1.49,4.13
kabupaten,16,1608,11,2023,0.3901,"Non Basis",0.88,2.24
kabupaten,16,1608,12,2023,0.9407,"Non Basis",3.09,3.29
kabupaten,16,1608,13,2023,0.374,"Non Basis",0.04,0.1
kabupaten,16,1608,14,2023,2.5355,Basis,7.75,3.06
kabupaten,16,1608,15,2023,0.8278,"Non Basis",2.06,2.49
kabupaten,16,1608,16,2023,1.4904,Basis,1.03,0.69
kabupaten,16,1608,17,2023,1.1325,Basis,0.89,0.79
kabupaten,16,1608,1,2024,2.4085,Basis,37.83,15.71
kabupaten,16,1608,2,2024,0.0935,"Non Basis",2.11,22.53
kabupaten,16,1608,3,2024,0.4411,"Non Basis",8,18.13
kabupaten,16,1608,4,2024,0.5097,"Non Basis",0.06,0.13
kabupaten,16,1608,5,2024,0.1426,"Non Basis",0.01,0.1
kabupaten,16,1608,6,2024,1.4962,Basis,16.07,10.74
kabupaten,16,1608,7,2024,1.3379,Basis,15.71,11.74
kabupaten,16,1608,8,2024,0.5619,"Non Basis",1.1,1.96
kabupaten,16,1608,9,2024,0.9158,"Non Basis",1.56,1.71
kabupaten,16,1608,10,2024,0.3623,"Non Basis",1.55,4.28
kabupaten,16,1608,11,2024,0.3874,"Non Basis",0.89,2.29
kabupaten,16,1608,12,2024,0.8834,"Non Basis",2.99,3.38
kabupaten,16,1608,13,2024,0.3832,"Non Basis",0.04,0.1
kabupaten,16,1608,14,2024,2.5021,Basis,7.97,3.18
kabupaten,16,1608,15,2024,0.8535,"Non Basis",2.16,2.54
kabupaten,16,1608,16,2024,1.4735,Basis,1.04,0.71
kabupaten,16,1608,17,2024,1.1631,Basis,0.91,0.78
kabupaten,16,1608,1,2025,2.425,Basis,38.25,15.77
kabupaten,16,1608,2,2025,0.0943,"Non Basis",2.09,22.12
kabupaten,16,1608,3,2025,0.4415,"Non Basis",7.94,18
kabupaten,16,1608,4,2025,0.4971,"Non Basis",0.06,0.13
kabupaten,16,1608,5,2025,0.1372,"Non Basis",0.01,0.1
kabupaten,16,1608,6,2025,1.4752,Basis,15.95,10.81
kabupaten,16,1608,7,2025,1.3141,Basis,15.89,12.09
kabupaten,16,1608,8,2025,0.5514,"Non Basis",1.08,1.95
kabupaten,16,1608,9,2025,0.9265,"Non Basis",1.65,1.78
kabupaten,16,1608,10,2025,0.3608,"Non Basis",1.55,4.31
kabupaten,16,1608,11,2025,0.3776,"Non Basis",0.86,2.27
kabupaten,16,1608,12,2025,0.8421,"Non Basis",2.92,3.46
kabupaten,16,1608,13,2025,0.364,"Non Basis",0.04,0.11
kabupaten,16,1608,14,2025,2.4856,Basis,7.77,3.12
kabupaten,16,1608,15,2025,0.8181,"Non Basis",2.05,2.51
kabupaten,16,1608,16,2025,1.4521,Basis,1.03,0.71
kabupaten,16,1608,17,2025,1.1248,Basis,0.87,0.77
kabupaten,16,1673,1,2021,0.3358,"Non Basis",5.64,16.8
kabupaten,16,1673,2,2021,0.0783,"Non Basis",1.73,22.08
kabupaten,16,1673,3,2021,0.3524,"Non Basis",6.54,18.56
kabupaten,16,1673,4,2021,0.9506,"Non Basis",0.12,0.13
kabupaten,16,1673,5,2021,1.956,Basis,0.22,0.11
kabupaten,16,1673,6,2021,1.9943,Basis,22.41,11.24
kabupaten,16,1673,7,2021,1.616,Basis,17.35,10.73
kabupaten,16,1673,8,2021,3.3667,Basis,6.16,1.83
kabupaten,16,1673,9,2021,2.6265,Basis,3.67,1.4
kabupaten,16,1673,10,2021,0.5176,"Non Basis",2.05,3.97
kabupaten,16,1673,11,2021,2.3474,Basis,5.6,2.39
kabupaten,16,1673,12,2021,3.0103,Basis,9.97,3.31
kabupaten,16,1673,13,2021,10.4004,Basis,1.15,0.11
kabupaten,16,1673,14,2021,0.9825,"Non Basis",3.09,3.14
kabupaten,16,1673,15,2021,2.3662,Basis,6.24,2.64
kabupaten,16,1673,16,2021,3.3461,Basis,2.46,0.74
kabupaten,16,1673,17,2021,6.715,Basis,5.61,0.84
kabupaten,16,1673,1,2022,0.3271,"Non Basis",5.42,16.57
kabupaten,16,1673,2,2022,0.0773,"Non Basis",1.72,22.3
kabupaten,16,1673,3,2022,0.3605,"Non Basis",6.64,18.43
kabupaten,16,1673,4,2022,1.0007,Basis,0.12,0.12
kabupaten,16,1673,5,2022,2.0552,Basis,0.22,0.11
kabupaten,16,1673,6,2022,2.0196,Basis,21.83,10.81
kabupaten,16,1673,7,2022,1.5914,Basis,17.9,11.25
kabupaten,16,1673,8,2022,3.3009,Basis,6.41,1.94
kabupaten,16,1673,9,2022,2.6166,Basis,3.98,1.52
kabupaten,16,1673,10,2022,0.5175,"Non Basis",2.11,4.08
kabupaten,16,1673,11,2022,2.3881,Basis,5.38,2.25
kabupaten,16,1673,12,2022,3.0238,Basis,10.01,3.31
kabupaten,16,1673,13,2022,10.6872,Basis,1.15,0.11
kabupaten,16,1673,14,2022,0.9546,"Non Basis",2.96,3.1
kabupaten,16,1673,15,2022,2.3311,Basis,5.98,2.56
kabupaten,16,1673,16,2022,3.347,Basis,2.44,0.73
kabupaten,16,1673,17,2022,7.0653,Basis,5.72,0.81
kabupaten,16,1673,1,2023,0.3236,"Non Basis",5.21,16.11
kabupaten,16,1673,2,2023,0.0712,"Non Basis",1.63,22.91
kabupaten,16,1673,3,2023,0.3675,"Non Basis",6.69,18.22
kabupaten,16,1673,4,2023,0.9988,"Non Basis",0.12,0.12
kabupaten,16,1673,5,2023,2.1424,Basis,0.22,0.1
kabupaten,16,1673,6,2023,1.9972,Basis,21.28,10.65
kabupaten,16,1673,7,2023,1.5957,Basis,18.31,11.47
kabupaten,16,1673,8,2023,3.3295,Basis,6.61,1.99
kabupaten,16,1673,9,2023,2.6086,Basis,4.27,1.64
kabupaten,16,1673,10,2023,0.5207,"Non Basis",2.15,4.13
kabupaten,16,1673,11,2023,2.3568,Basis,5.29,2.24
kabupaten,16,1673,12,2023,3.0532,Basis,10.03,3.29
kabupaten,16,1673,13,2023,10.9984,Basis,1.15,0.1
kabupaten,16,1673,14,2023,0.9282,"Non Basis",2.84,3.06
kabupaten,16,1673,15,2023,2.3996,Basis,5.98,2.49
kabupaten,16,1673,16,2023,3.3685,Basis,2.33,0.69
kabupaten,16,1673,17,2023,7.4796,Basis,5.88,0.79
kabupaten,16,1673,1,2024,0.3305,"Non Basis",5.19,15.71
kabupaten,16,1673,2,2024,0.0715,"Non Basis",1.61,22.53
kabupaten,16,1673,3,2024,0.3577,"Non Basis",6.49,18.13
kabupaten,16,1673,4,2024,0.9621,"Non Basis",0.12,0.13
kabupaten,16,1673,5,2024,2.0332,Basis,0.2,0.1
kabupaten,16,1673,6,2024,1.9657,Basis,21.11,10.74
kabupaten,16,1673,7,2024,1.5996,Basis,18.78,11.74
kabupaten,16,1673,8,2024,3.3357,Basis,6.52,1.96
kabupaten,16,1673,9,2024,2.7086,Basis,4.62,1.71
kabupaten,16,1673,10,2024,0.4927,"Non Basis",2.11,4.28
kabupaten,16,1673,11,2024,2.2589,Basis,5.17,2.29
kabupaten,16,1673,12,2024,2.9118,Basis,9.85,3.38
kabupaten,16,1673,13,2024,11.3295,Basis,1.19,0.1
kabupaten,16,1673,14,2024,0.8943,"Non Basis",2.85,3.18
kabupaten,16,1673,15,2024,2.3693,Basis,6.01,2.54
kabupaten,16,1673,16,2024,3.2424,Basis,2.29,0.71
kabupaten,16,1673,17,2024,7.5546,Basis,5.88,0.78
kabupaten,16,1673,1,2025,0.3158,"Non Basis",4.98,15.77
kabupaten,16,1673,2,2025,0.0694,"Non Basis",1.54,22.12
kabupaten,16,1673,3,2025,0.3641,"Non Basis",6.55,18
kabupaten,16,1673,4,2025,0.9095,"Non Basis",0.12,0.13
kabupaten,16,1673,5,2025,2.0042,Basis,0.19,0.1
kabupaten,16,1673,6,2025,1.9295,Basis,20.86,10.81
kabupaten,16,1673,7,2025,1.612,Basis,19.49,12.09
kabupaten,16,1673,8,2025,3.3676,Basis,6.56,1.95
kabupaten,16,1673,9,2025,2.7161,Basis,4.82,1.78
kabupaten,16,1673,10,2025,0.4816,"Non Basis",2.07,4.31
kabupaten,16,1673,11,2025,2.2502,Basis,5.1,2.27
kabupaten,16,1673,12,2025,2.7812,Basis,9.63,3.46
kabupaten,16,1673,13,2025,11.0048,Basis,1.16,0.11
kabupaten,16,1673,14,2025,0.8974,"Non Basis",2.8,3.12
kabupaten,16,1673,15,2025,2.3732,Basis,5.96,2.51
kabupaten,16,1673,16,2025,3.2446,Basis,2.31,0.71
kabupaten,16,1673,17,2025,7.5978,Basis,5.85,0.77
kabupaten,16,1612,1,2021,1.1346,Basis,19.06,16.8
kabupaten,16,1612,2,2021,1.9396,Basis,42.83,22.08
kabupaten,16,1612,3,2021,0.1275,"Non Basis",2.37,18.56
kabupaten,16,1612,4,2021,0.1718,"Non Basis",0.02,0.13
kabupaten,16,1612,5,2021,0.5948,"Non Basis",0.07,0.11
kabupaten,16,1612,6,2021,1.2324,Basis,13.85,11.24
kabupaten,16,1612,7,2021,1.0425,Basis,11.19,10.73
kabupaten,16,1612,8,2021,0.0606,"Non Basis",0.11,1.83
kabupaten,16,1612,9,2021,1.0683,Basis,1.49,1.4
kabupaten,16,1612,10,2021,0.2635,"Non Basis",1.05,3.97
kabupaten,16,1612,11,2021,0.4028,"Non Basis",0.96,2.39
kabupaten,16,1612,12,2021,0.8722,"Non Basis",2.89,3.31
kabupaten,16,1612,13,2021,0.2537,"Non Basis",0.03,0.11
kabupaten,16,1612,14,2021,0.5663,"Non Basis",1.78,3.14
kabupaten,16,1612,15,2021,0.7937,"Non Basis",2.09,2.64
kabupaten,16,1612,16,2021,0.2111,"Non Basis",0.16,0.74
kabupaten,16,1612,17,2021,0.08,"Non Basis",0.07,0.84
kabupaten,16,1612,1,2022,1.1339,Basis,18.79,16.57
kabupaten,16,1612,2,2022,1.8844,Basis,42.02,22.3
kabupaten,16,1612,3,2022,0.1266,"Non Basis",2.33,18.43
kabupaten,16,1612,4,2022,0.1803,"Non Basis",0.02,0.12
kabupaten,16,1612,5,2022,0.6029,"Non Basis",0.06,0.11
kabupaten,16,1612,6,2022,1.324,Basis,14.31,10.81
kabupaten,16,1612,7,2022,1.0421,Basis,11.72,11.25
kabupaten,16,1612,8,2022,0.0574,"Non Basis",0.11,1.94
kabupaten,16,1612,9,2022,1.0573,Basis,1.61,1.52
kabupaten,16,1612,10,2022,0.2633,"Non Basis",1.07,4.08
kabupaten,16,1612,11,2022,0.4119,"Non Basis",0.93,2.25
kabupaten,16,1612,12,2022,0.8753,"Non Basis",2.9,3.31
kabupaten,16,1612,13,2022,0.2503,"Non Basis",0.03,0.11
kabupaten,16,1612,14,2022,0.5704,"Non Basis",1.77,3.1
kabupaten,16,1612,15,2022,0.8198,"Non Basis",2.1,2.56
kabupaten,16,1612,16,2022,0.2124,"Non Basis",0.15,0.73
kabupaten,16,1612,17,2022,0.0805,"Non Basis",0.07,0.81
kabupaten,16,1612,1,2023,1.1568,Basis,18.64,16.11
kabupaten,16,1612,2,2023,1.8138,Basis,41.55,22.91
kabupaten,16,1612,3,2023,0.1326,"Non Basis",2.42,18.22
kabupaten,16,1612,4,2023,0.1829,"Non Basis",0.02,0.12
kabupaten,16,1612,5,2023,0.6534,"Non Basis",0.07,0.1
kabupaten,16,1612,6,2023,1.3487,Basis,14.37,10.65
kabupaten,16,1612,7,2023,1.0536,Basis,12.09,11.47
kabupaten,16,1612,8,2023,0.0555,"Non Basis",0.11,1.99
kabupaten,16,1612,9,2023,1.0523,Basis,1.72,1.64
kabupaten,16,1612,10,2023,0.2654,"Non Basis",1.09,4.13
kabupaten,16,1612,11,2023,0.407,"Non Basis",0.91,2.24
kabupaten,16,1612,12,2023,0.8916,"Non Basis",2.93,3.29
kabupaten,16,1612,13,2023,0.2554,"Non Basis",0.03,0.1
kabupaten,16,1612,14,2023,0.5755,"Non Basis",1.76,3.06
kabupaten,16,1612,15,2023,0.835,"Non Basis",2.08,2.49
kabupaten,16,1612,16,2023,0.2133,"Non Basis",0.15,0.69
kabupaten,16,1612,17,2023,0.0819,"Non Basis",0.06,0.79
kabupaten,16,1612,1,2024,1.1859,Basis,18.63,15.71
kabupaten,16,1612,2,2024,1.8318,Basis,41.27,22.53
kabupaten,16,1612,3,2024,0.1273,"Non Basis",2.31,18.13
kabupaten,16,1612,4,2024,0.1813,"Non Basis",0.02,0.13
kabupaten,16,1612,5,2024,0.6645,"Non Basis",0.07,0.1
kabupaten,16,1612,6,2024,1.3267,Basis,14.25,10.74
kabupaten,16,1612,7,2024,1.059,Basis,12.43,11.74
kabupaten,16,1612,8,2024,0.0544,"Non Basis",0.11,1.96
kabupaten,16,1612,9,2024,1.0447,Basis,1.78,1.71
kabupaten,16,1612,10,2024,0.2626,"Non Basis",1.12,4.28
kabupaten,16,1612,11,2024,0.4126,"Non Basis",0.94,2.29
kabupaten,16,1612,12,2024,0.8516,"Non Basis",2.88,3.38
kabupaten,16,1612,13,2024,0.2619,"Non Basis",0.03,0.1
kabupaten,16,1612,14,2024,0.5652,"Non Basis",1.8,3.18
kabupaten,16,1612,15,2024,0.8449,"Non Basis",2.14,2.54
kabupaten,16,1612,16,2024,0.207,"Non Basis",0.15,0.71
kabupaten,16,1612,17,2024,0.081,"Non Basis",0.06,0.78
kabupaten,16,1612,1,2025,1.1671,Basis,18.41,15.77
kabupaten,16,1612,2,2025,1.8437,Basis,40.78,22.12
kabupaten,16,1612,3,2025,0.1318,"Non Basis",2.37,18
kabupaten,16,1612,4,2025,0.1836,"Non Basis",0.02,0.13
kabupaten,16,1612,5,2025,0.6662,"Non Basis",0.06,0.1
kabupaten,16,1612,6,2025,1.3406,Basis,14.49,10.81
kabupaten,16,1612,7,2025,1.0604,Basis,12.82,12.09
kabupaten,16,1612,8,2025,0.0532,"Non Basis",0.1,1.95
kabupaten,16,1612,9,2025,1.0422,Basis,1.85,1.78
kabupaten,16,1612,10,2025,0.263,"Non Basis",1.13,4.31
kabupaten,16,1612,11,2025,0.4035,"Non Basis",0.92,2.27
kabupaten,16,1612,12,2025,0.8368,"Non Basis",2.9,3.46
kabupaten,16,1612,13,2025,0.2623,"Non Basis",0.03,0.11
kabupaten,16,1612,14,2025,0.5657,"Non Basis",1.77,3.12
kabupaten,16,1612,15,2025,0.8476,"Non Basis",2.13,2.51
kabupaten,16,1612,16,2025,0.2052,"Non Basis",0.15,0.71
kabupaten,16,1612,17,2025,0.0814,"Non Basis",0.06,0.77
kabupaten,16,1672,1,2021,1.4799,Basis,24.86,16.8
kabupaten,16,1672,2,2021,0.101,"Non Basis",2.23,22.08
kabupaten,16,1672,3,2021,0.0714,"Non Basis",1.33,18.56
kabupaten,16,1672,4,2021,0.5593,"Non Basis",0.07,0.13
kabupaten,16,1672,5,2021,0.5394,"Non Basis",0.06,0.11
kabupaten,16,1672,6,2021,1.5102,Basis,16.97,11.24
kabupaten,16,1672,7,2021,1.7707,Basis,19.01,10.73
kabupaten,16,1672,8,2021,1.5735,Basis,2.88,1.83
kabupaten,16,1672,9,2021,2.1617,Basis,3.02,1.4
kabupaten,16,1672,10,2021,0.5098,"Non Basis",2.02,3.97
kabupaten,16,1672,11,2021,1.5609,Basis,3.73,2.39
kabupaten,16,1672,12,2021,1.7936,Basis,5.94,3.31
kabupaten,16,1672,13,2021,0.8273,"Non Basis",0.09,0.11
kabupaten,16,1672,14,2021,0.9636,"Non Basis",3.03,3.14
kabupaten,16,1672,15,2021,3.8908,Basis,10.27,2.64
kabupaten,16,1672,16,2021,2.9508,Basis,2.17,0.74
kabupaten,16,1672,17,2021,2.7981,Basis,2.34,0.84
kabupaten,16,1672,1,2022,1.4897,Basis,24.69,16.57
kabupaten,16,1672,2,2022,0.0978,"Non Basis",2.18,22.3
kabupaten,16,1672,3,2022,0.0715,"Non Basis",1.32,18.43
kabupaten,16,1672,4,2022,0.5831,"Non Basis",0.07,0.12
kabupaten,16,1672,5,2022,0.557,"Non Basis",0.06,0.11
kabupaten,16,1672,6,2022,1.5572,Basis,16.83,10.81
kabupaten,16,1672,7,2022,1.7226,Basis,19.37,11.25
kabupaten,16,1672,8,2022,1.4926,Basis,2.9,1.94
kabupaten,16,1672,9,2022,2.0959,Basis,3.19,1.52
kabupaten,16,1672,10,2022,0.5118,"Non Basis",2.09,4.08
kabupaten,16,1672,11,2022,1.5762,Basis,3.55,2.25
kabupaten,16,1672,12,2022,1.7889,Basis,5.92,3.31
kabupaten,16,1672,13,2022,0.8296,"Non Basis",0.09,0.11
kabupaten,16,1672,14,2022,0.9525,"Non Basis",2.95,3.1
kabupaten,16,1672,15,2022,4.0276,Basis,10.33,2.56
kabupaten,16,1672,16,2022,2.9542,Basis,2.15,0.73
kabupaten,16,1672,17,2022,2.8517,Basis,2.31,0.81
kabupaten,16,1672,1,2023,1.5136,Basis,24.38,16.11
kabupaten,16,1672,2,2023,0.0937,"Non Basis",2.15,22.91
kabupaten,16,1672,3,2023,0.0724,"Non Basis",1.32,18.22
kabupaten,16,1672,4,2023,0.5758,"Non Basis",0.07,0.12
kabupaten,16,1672,5,2023,0.5565,"Non Basis",0.06,0.1
kabupaten,16,1672,6,2023,1.5648,Basis,16.67,10.65
kabupaten,16,1672,7,2023,1.7302,Basis,19.85,11.47
kabupaten,16,1672,8,2023,1.4851,Basis,2.95,1.99
kabupaten,16,1672,9,2023,2.0469,Basis,3.35,1.64
kabupaten,16,1672,10,2023,0.5156,"Non Basis",2.13,4.13
kabupaten,16,1672,11,2023,1.5877,Basis,3.56,2.24
kabupaten,16,1672,12,2023,1.7985,Basis,5.91,3.29
kabupaten,16,1672,13,2023,0.8338,"Non Basis",0.09,0.1
kabupaten,16,1672,14,2023,0.9536,"Non Basis",2.92,3.06
kabupaten,16,1672,15,2023,4.119,Basis,10.27,2.49
kabupaten,16,1672,16,2023,2.9757,Basis,2.06,0.69
kabupaten,16,1672,17,2023,2.8834,Basis,2.27,0.79
kabupaten,16,1672,1,2024,1.5235,Basis,23.93,15.71
kabupaten,16,1672,2,2024,0.0944,"Non Basis",2.13,22.53
kabupaten,16,1672,3,2024,0.0713,"Non Basis",1.29,18.13
kabupaten,16,1672,4,2024,0.5714,"Non Basis",0.07,0.13
kabupaten,16,1672,5,2024,0.5745,"Non Basis",0.06,0.1
kabupaten,16,1672,6,2024,1.5453,Basis,16.6,10.74
kabupaten,16,1672,7,2024,1.7216,Basis,20.21,11.74
kabupaten,16,1672,8,2024,1.539,Basis,3.01,1.96
kabupaten,16,1672,9,2024,2.0555,Basis,3.51,1.71
kabupaten,16,1672,10,2024,0.5137,"Non Basis",2.2,4.28
kabupaten,16,1672,11,2024,1.582,Basis,3.62,2.29
kabupaten,16,1672,12,2024,1.7658,Basis,5.98,3.38
kabupaten,16,1672,13,2024,0.8352,"Non Basis",0.09,0.1
kabupaten,16,1672,14,2024,0.9319,"Non Basis",2.97,3.18
kabupaten,16,1672,15,2024,3.9882,Basis,10.11,2.54
kabupaten,16,1672,16,2024,2.7884,Basis,1.97,0.71
kabupaten,16,1672,17,2024,2.9022,Basis,2.26,0.78
kabupaten,16,1672,1,2025,1.4978,Basis,23.63,15.77
kabupaten,16,1672,2,2025,0.0913,"Non Basis",2.02,22.12
kabupaten,16,1672,3,2025,0.073,"Non Basis",1.31,18
kabupaten,16,1672,4,2025,0.5713,"Non Basis",0.07,0.13
kabupaten,16,1672,5,2025,0.5726,"Non Basis",0.05,0.1
kabupaten,16,1672,6,2025,1.5176,Basis,16.41,10.81
kabupaten,16,1672,7,2025,1.7497,Basis,21.16,12.09
kabupaten,16,1672,8,2025,1.5895,Basis,3.1,1.95
kabupaten,16,1672,9,2025,2.0803,Basis,3.69,1.78
kabupaten,16,1672,10,2025,0.5125,"Non Basis",2.21,4.31
kabupaten,16,1672,11,2025,1.559,Basis,3.54,2.27
kabupaten,16,1672,12,2025,1.6594,Basis,5.75,3.46
kabupaten,16,1672,13,2025,0.8386,"Non Basis",0.09,0.11
kabupaten,16,1672,14,2025,0.9364,"Non Basis",2.93,3.12
kabupaten,16,1672,15,2025,3.9218,Basis,9.84,2.51
kabupaten,16,1672,16,2025,2.761,Basis,1.96,0.71
kabupaten,16,1672,17,2025,2.9215,Basis,2.25,0.77
kabupaten,16,1671,1,2021,0.028,"Non Basis",0.47,16.8
kabupaten,16,1671,2,2021,0.0002,"Non Basis",0,22.08
kabupaten,16,1671,3,2021,1.861,Basis,34.53,18.56
kabupaten,16,1671,4,2021,1.3535,Basis,0.17,0.13
kabupaten,16,1671,5,2021,2.4974,Basis,0.28,0.11
kabupaten,16,1671,6,2021,1.3598,Basis,15.28,11.24
kabupaten,16,1671,7,2021,1.3685,Basis,14.69,10.73
kabupaten,16,1671,8,2021,2.0724,Basis,3.79,1.83
kabupaten,16,1671,9,2021,1.8006,Basis,2.51,1.4
kabupaten,16,1671,10,2021,2.5846,Basis,10.26,3.97
kabupaten,16,1671,11,2021,1.9631,Basis,4.69,2.39
kabupaten,16,1671,12,2021,1.5775,Basis,5.22,3.31
kabupaten,16,1671,13,2021,1.509,Basis,0.17,0.11
kabupaten,16,1671,14,2021,0.8622,"Non Basis",2.71,3.14
kabupaten,16,1671,15,2021,1.2292,Basis,3.24,2.64
kabupaten,16,1671,16,2021,1.1701,Basis,0.86,0.74
kabupaten,16,1671,17,2021,1.3431,Basis,1.12,0.84
kabupaten,16,1671,1,2022,0.0264,"Non Basis",0.44,16.57
kabupaten,16,1671,2,2022,0.0002,"Non Basis",0,22.3
kabupaten,16,1671,3,2022,1.8698,Basis,34.46,18.43
kabupaten,16,1671,4,2022,1.3752,Basis,0.17,0.12
kabupaten,16,1671,5,2022,2.5054,Basis,0.27,0.11
kabupaten,16,1671,6,2022,1.3884,Basis,15.01,10.81
kabupaten,16,1671,7,2022,1.3309,Basis,14.97,11.25
kabupaten,16,1671,8,2022,2.066,Basis,4.01,1.94
kabupaten,16,1671,9,2022,1.7981,Basis,2.74,1.52
kabupaten,16,1671,10,2022,2.5426,Basis,10.37,4.08
kabupaten,16,1671,11,2022,1.96,Basis,4.42,2.25
kabupaten,16,1671,12,2022,1.5654,Basis,5.18,3.31
kabupaten,16,1671,13,2022,1.5145,Basis,0.16,0.11
kabupaten,16,1671,14,2022,0.8725,"Non Basis",2.7,3.1
kabupaten,16,1671,15,2022,1.23,Basis,3.15,2.56
kabupaten,16,1671,16,2022,1.1803,Basis,0.86,0.73
kabupaten,16,1671,17,2022,1.347,Basis,1.09,0.81
kabupaten,16,1671,1,2023,0.0263,"Non Basis",0.42,16.11
kabupaten,16,1671,2,2023,0.0002,"Non Basis",0,22.91
kabupaten,16,1671,3,2023,1.8571,Basis,33.83,18.22
kabupaten,16,1671,4,2023,1.4101,Basis,0.17,0.12
kabupaten,16,1671,5,2023,2.5529,Basis,0.26,0.1
kabupaten,16,1671,6,2023,1.382,Basis,14.72,10.65
kabupaten,16,1671,7,2023,1.3475,Basis,15.46,11.47
kabupaten,16,1671,8,2023,2.1116,Basis,4.19,1.99
kabupaten,16,1671,9,2023,1.8258,Basis,2.99,1.64
kabupaten,16,1671,10,2023,2.5554,Basis,10.54,4.13
kabupaten,16,1671,11,2023,1.9652,Basis,4.41,2.24
kabupaten,16,1671,12,2023,1.578,Basis,5.18,3.29
kabupaten,16,1671,13,2023,1.5165,Basis,0.16,0.1
kabupaten,16,1671,14,2023,0.875,"Non Basis",2.68,3.06
kabupaten,16,1671,15,2023,1.241,Basis,3.1,2.49
kabupaten,16,1671,16,2023,1.1803,Basis,0.82,0.69
kabupaten,16,1671,17,2023,1.3486,Basis,1.06,0.79
kabupaten,16,1671,1,2024,0.0259,"Non Basis",0.41,15.71
kabupaten,16,1671,2,2024,0.0002,"Non Basis",0,22.53
kabupaten,16,1671,3,2024,1.8221,Basis,33.04,18.13
kabupaten,16,1671,4,2024,1.4025,Basis,0.18,0.13
kabupaten,16,1671,5,2024,2.5377,Basis,0.25,0.1
kabupaten,16,1671,6,2024,1.3648,Basis,14.66,10.74
kabupaten,16,1671,7,2024,1.3463,Basis,15.81,11.74
kabupaten,16,1671,8,2024,2.1,Basis,4.11,1.96
kabupaten,16,1671,9,2024,1.8063,Basis,3.08,1.71
kabupaten,16,1671,10,2024,2.536,Basis,10.84,4.28
kabupaten,16,1671,11,2024,1.9486,Basis,4.46,2.29
kabupaten,16,1671,12,2024,1.5634,Basis,5.29,3.38
kabupaten,16,1671,13,2024,1.5091,Basis,0.16,0.1
kabupaten,16,1671,14,2024,0.8601,"Non Basis",2.74,3.18
kabupaten,16,1671,15,2024,1.2187,Basis,3.09,2.54
kabupaten,16,1671,16,2024,1.1682,Basis,0.83,0.71
kabupaten,16,1671,17,2024,1.3672,Basis,1.06,0.78
kabupaten,16,1671,1,2025,0.0256,"Non Basis",0.4,15.77
kabupaten,16,1671,2,2025,0.0002,"Non Basis",0,22.12
kabupaten,16,1671,3,2025,1.8007,Basis,32.41,18
kabupaten,16,1671,4,2025,1.4236,Basis,0.18,0.13
kabupaten,16,1671,5,2025,2.5203,Basis,0.24,0.1
kabupaten,16,1671,6,2025,1.3612,Basis,14.72,10.81
kabupaten,16,1671,7,2025,1.3431,Basis,16.24,12.09
kabupaten,16,1671,8,2025,2.0925,Basis,4.08,1.95
kabupaten,16,1671,9,2025,1.8099,Basis,3.21,1.78
kabupaten,16,1671,10,2025,2.5443,Basis,10.96,4.31
kabupaten,16,1671,11,2025,1.9548,Basis,4.43,2.27
kabupaten,16,1671,12,2025,1.5577,Basis,5.39,3.46
kabupaten,16,1671,13,2025,1.511,Basis,0.16,0.11
kabupaten,16,1671,14,2025,0.8459,"Non Basis",2.64,3.12
kabupaten,16,1671,15,2025,1.214,Basis,3.05,2.51
kabupaten,16,1671,16,2025,1.1636,Basis,0.83,0.71
kabupaten,16,1671,17,2025,1.3687,Basis,1.05,0.77
kabupaten,16,1674,1,2021,0.4451,"Non Basis",7.48,16.8
kabupaten,16,1674,2,2021,0.5108,"Non Basis",11.28,22.08
kabupaten,16,1674,3,2021,0.469,"Non Basis",8.7,18.56
kabupaten,16,1674,4,2021,1.4871,Basis,0.19,0.13
kabupaten,16,1674,5,2021,0.3827,"Non Basis",0.04,0.11
kabupaten,16,1674,6,2021,1.4869,Basis,16.71,11.24
kabupaten,16,1674,7,2021,2.0485,Basis,21.99,10.73
kabupaten,16,1674,8,2021,1.4488,Basis,2.65,1.83
kabupaten,16,1674,9,2021,2.3574,Basis,3.29,1.4
kabupaten,16,1674,10,2021,0.4054,"Non Basis",1.61,3.97
kabupaten,16,1674,11,2021,2.0223,Basis,4.83,2.39
kabupaten,16,1674,12,2021,2.7263,Basis,9.03,3.31
kabupaten,16,1674,13,2021,6.3245,Basis,0.7,0.11
kabupaten,16,1674,14,2021,1.3369,Basis,4.2,3.14
kabupaten,16,1674,15,2021,1.3344,Basis,3.52,2.64
kabupaten,16,1674,16,2021,4.3743,Basis,3.22,0.74
kabupaten,16,1674,17,2021,0.685,"Non Basis",0.57,0.84
kabupaten,16,1674,1,2022,0.4389,"Non Basis",7.27,16.57
kabupaten,16,1674,2,2022,0.4789,"Non Basis",10.68,22.3
kabupaten,16,1674,3,2022,0.4732,"Non Basis",8.72,18.43
kabupaten,16,1674,4,2022,1.5322,Basis,0.19,0.12
kabupaten,16,1674,5,2022,0.3969,"Non Basis",0.04,0.11
kabupaten,16,1674,6,2022,1.5275,Basis,16.51,10.81
kabupaten,16,1674,7,2022,2.0323,Basis,22.86,11.25
kabupaten,16,1674,8,2022,1.4265,Basis,2.77,1.94
kabupaten,16,1674,9,2022,2.324,Basis,3.54,1.52
kabupaten,16,1674,10,2022,0.4006,"Non Basis",1.63,4.08
kabupaten,16,1674,11,2022,2.0585,Basis,4.64,2.25
kabupaten,16,1674,12,2022,2.7068,Basis,8.96,3.31
kabupaten,16,1674,13,2022,6.4782,Basis,0.7,0.11
kabupaten,16,1674,14,2022,1.3332,Basis,4.13,3.1
kabupaten,16,1674,15,2022,1.3842,Basis,3.55,2.56
kabupaten,16,1674,16,2022,4.4443,Basis,3.23,0.73
kabupaten,16,1674,17,2022,0.7061,"Non Basis",0.57,0.81
kabupaten,16,1674,1,2023,0.4377,"Non Basis",7.05,16.11
kabupaten,16,1674,2,2023,0.4572,"Non Basis",10.47,22.91
kabupaten,16,1674,3,2023,0.4805,"Non Basis",8.75,18.22
kabupaten,16,1674,4,2023,1.5853,Basis,0.19,0.12
kabupaten,16,1674,5,2023,0.3944,"Non Basis",0.04,0.1
kabupaten,16,1674,6,2023,1.5348,Basis,16.35,10.65
kabupaten,16,1674,7,2023,2.0484,Basis,23.5,11.47
kabupaten,16,1674,8,2023,1.414,Basis,2.81,1.99
kabupaten,16,1674,9,2023,2.2499,Basis,3.68,1.64
kabupaten,16,1674,10,2023,0.4063,"Non Basis",1.68,4.13
kabupaten,16,1674,11,2023,2.0212,Basis,4.54,2.24
kabupaten,16,1674,12,2023,2.7161,Basis,8.92,3.29
kabupaten,16,1674,13,2023,6.7542,Basis,0.71,0.1
kabupaten,16,1674,14,2023,1.3311,Basis,4.07,3.06
kabupaten,16,1674,15,2023,1.4264,Basis,3.56,2.49
kabupaten,16,1674,16,2023,4.4583,Basis,3.09,0.69
kabupaten,16,1674,17,2023,0.7441,"Non Basis",0.58,0.79
kabupaten,16,1674,1,2024,0.4439,"Non Basis",6.97,15.71
kabupaten,16,1674,2,2024,0.4553,"Non Basis",10.26,22.53
kabupaten,16,1674,3,2024,0.4839,"Non Basis",8.77,18.13
kabupaten,16,1674,4,2024,1.5577,Basis,0.2,0.13
kabupaten,16,1674,5,2024,0.3912,"Non Basis",0.04,0.1
kabupaten,16,1674,6,2024,1.5113,Basis,16.23,10.74
kabupaten,16,1674,7,2024,2.0316,Basis,23.85,11.74
kabupaten,16,1674,8,2024,1.3742,Basis,2.69,1.96
kabupaten,16,1674,9,2024,2.2025,Basis,3.76,1.71
kabupaten,16,1674,10,2024,0.3993,"Non Basis",1.71,4.28
kabupaten,16,1674,11,2024,1.9778,Basis,4.52,2.29
kabupaten,16,1674,12,2024,2.6423,Basis,8.94,3.38
kabupaten,16,1674,13,2024,6.7884,Basis,0.71,0.1
kabupaten,16,1674,14,2024,1.2787,Basis,4.07,3.18
kabupaten,16,1674,15,2024,1.4149,Basis,3.59,2.54
kabupaten,16,1674,16,2024,4.3743,Basis,3.1,0.71
kabupaten,16,1674,17,2024,0.755,"Non Basis",0.59,0.78
kabupaten,16,1674,1,2025,0.4353,"Non Basis",6.87,15.77
kabupaten,16,1674,2,2025,0.4451,"Non Basis",9.85,22.12
kabupaten,16,1674,3,2025,0.4922,"Non Basis",8.86,18
kabupaten,16,1674,4,2025,1.5435,Basis,0.2,0.13
kabupaten,16,1674,5,2025,0.3851,"Non Basis",0.04,0.1
kabupaten,16,1674,6,2025,1.498,Basis,16.2,10.81
kabupaten,16,1674,7,2025,2.0125,Basis,24.33,12.09
kabupaten,16,1674,8,2025,1.3804,Basis,2.69,1.95
kabupaten,16,1674,9,2025,2.1943,Basis,3.9,1.78
kabupaten,16,1674,10,2025,0.4012,"Non Basis",1.73,4.31
kabupaten,16,1674,11,2025,1.9674,Basis,4.46,2.27
kabupaten,16,1674,12,2025,2.5899,Basis,8.97,3.46
kabupaten,16,1674,13,2025,6.8119,Basis,0.72,0.11
kabupaten,16,1674,14,2025,1.2529,Basis,3.91,3.12
kabupaten,16,1674,15,2025,1.4301,Basis,3.59,2.51
kabupaten,16,1674,16,2025,4.3731,Basis,3.11,0.71
kabupaten,16,1674,17,2025,0.7666,"Non Basis",0.59,0.77
kabupaten,17,1701,1,2021,1.1881,Basis,32.55,27.4
kabupaten,17,1701,2,2021,0.6672,"Non Basis",2.28,3.42
kabupaten,17,1701,3,2021,0.5303,"Non Basis",3.08,5.8
kabupaten,17,1701,4,2021,0.9336,"Non Basis",0.1,0.11
kabupaten,17,1701,5,2021,0.7225,"Non Basis",0.15,0.21
kabupaten,17,1701,6,2021,1.064,Basis,5,4.7
kabupaten,17,1701,7,2021,1.0593,Basis,16.75,15.81
kabupaten,17,1701,8,2021,0.8221,"Non Basis",6.42,7.81
kabupaten,17,1701,9,2021,1.1231,Basis,1.92,1.71
kabupaten,17,1701,10,2021,0.7507,"Non Basis",3.75,5
kabupaten,17,1701,11,2021,1.7769,Basis,6.39,3.6
kabupaten,17,1701,12,2021,1.0068,Basis,4.35,4.32
kabupaten,17,1701,13,2021,0.1151,"Non Basis",0.24,2.12
kabupaten,17,1701,14,2021,1.0797,Basis,9.68,8.96
kabupaten,17,1701,15,2021,0.8238,"Non Basis",5.14,6.24
kabupaten,17,1701,16,2021,0.795,"Non Basis",1.56,1.96
kabupaten,17,1701,17,2021,0.7646,"Non Basis",0.63,0.82
kabupaten,17,1701,1,2022,1.1926,Basis,32.73,27.44
kabupaten,17,1701,2,2022,0.7016,"Non Basis",2.23,3.18
kabupaten,17,1701,3,2022,0.5333,"Non Basis",3.06,5.74
kabupaten,17,1701,4,2022,0.9322,"Non Basis",0.11,0.11
kabupaten,17,1701,5,2022,0.7211,"Non Basis",0.15,0.21
kabupaten,17,1701,6,2022,1.0866,Basis,4.91,4.52
kabupaten,17,1701,7,2022,1.0706,Basis,16.9,15.78
kabupaten,17,1701,8,2022,0.7763,"Non Basis",6.6,8.5
kabupaten,17,1701,9,2022,1.1342,Basis,2.01,1.77
kabupaten,17,1701,10,2022,0.7562,"Non Basis",3.92,5.19
kabupaten,17,1701,11,2022,1.8218,Basis,6,3.3
kabupaten,17,1701,12,2022,1.0058,Basis,4.33,4.3
kabupaten,17,1701,13,2022,0.1173,"Non Basis",0.27,2.27
kabupaten,17,1701,14,2022,1.085,Basis,9.34,8.61
kabupaten,17,1701,15,2022,0.8316,"Non Basis",5.22,6.28
kabupaten,17,1701,16,2022,0.8043,"Non Basis",1.56,1.94
kabupaten,17,1701,17,2022,0.77,"Non Basis",0.65,0.85
kabupaten,17,1701,1,2023,1.1969,Basis,32.16,26.87
kabupaten,17,1701,2,2023,0.6928,"Non Basis",2.28,3.29
kabupaten,17,1701,3,2023,0.5254,"Non Basis",2.94,5.6
kabupaten,17,1701,4,2023,0.9497,"Non Basis",0.11,0.11
kabupaten,17,1701,5,2023,0.7409,"Non Basis",0.16,0.22
kabupaten,17,1701,6,2023,1.1024,Basis,5.02,4.55
kabupaten,17,1701,7,2023,1.0797,Basis,16.84,15.6
kabupaten,17,1701,8,2023,0.7705,"Non Basis",6.73,8.74
kabupaten,17,1701,9,2023,1.1386,Basis,2.13,1.87
kabupaten,17,1701,10,2023,0.7646,"Non Basis",4.17,5.46
kabupaten,17,1701,11,2023,1.8092,Basis,5.43,3
kabupaten,17,1701,12,2023,1.0184,Basis,4.42,4.34
kabupaten,17,1701,13,2023,0.1185,"Non Basis",0.28,2.34
kabupaten,17,1701,14,2023,1.1029,Basis,9.67,8.77
kabupaten,17,1701,15,2023,0.8429,"Non Basis",5.33,6.32
kabupaten,17,1701,16,2023,0.8156,"Non Basis",1.65,2.03
kabupaten,17,1701,17,2023,0.7603,"Non Basis",0.68,0.89
kabupaten,17,1701,1,2024,1.1916,Basis,31.38,26.34
kabupaten,17,1701,2,2024,0.7132,"Non Basis",2.31,3.23
kabupaten,17,1701,3,2024,0.5354,"Non Basis",2.91,5.43
kabupaten,17,1701,4,2024,0.9614,"Non Basis",0.11,0.11
kabupaten,17,1701,5,2024,0.7287,"Non Basis",0.16,0.22
kabupaten,17,1701,6,2024,1.1113,Basis,5.11,4.59
kabupaten,17,1701,7,2024,1.0741,Basis,16.55,15.41
kabupaten,17,1701,8,2024,0.7703,"Non Basis",6.69,8.68
kabupaten,17,1701,9,2024,1.1448,Basis,2.24,1.95
kabupaten,17,1701,10,2024,0.7666,"Non Basis",4.37,5.7
kabupaten,17,1701,11,2024,1.8342,Basis,5.55,3.02
kabupaten,17,1701,12,2024,1.0244,Basis,4.44,4.33
kabupaten,17,1701,13,2024,0.1188,"Non Basis",0.29,2.42
kabupaten,17,1701,14,2024,1.1075,Basis,10.06,9.08
kabupaten,17,1701,15,2024,0.8463,"Non Basis",5.44,6.43
kabupaten,17,1701,16,2024,0.8113,"Non Basis",1.71,2.11
kabupaten,17,1701,17,2024,0.7601,"Non Basis",0.71,0.93
kabupaten,17,1701,1,2025,1.1882,Basis,31.09,26.16
kabupaten,17,1701,2,2025,0.7848,"Non Basis",2.32,2.96
kabupaten,17,1701,3,2025,0.5416,"Non Basis",3.07,5.67
kabupaten,17,1701,4,2025,0.9698,"Non Basis",0.11,0.11
kabupaten,17,1701,5,2025,0.7226,"Non Basis",0.15,0.21
kabupaten,17,1701,6,2025,1.0989,Basis,4.97,4.52
kabupaten,17,1701,7,2025,1.0754,Basis,16.32,15.18
kabupaten,17,1701,8,2025,0.7984,"Non Basis",6.91,8.66
kabupaten,17,1701,9,2025,1.14,Basis,2.37,2.08
kabupaten,17,1701,10,2025,0.7652,"Non Basis",4.52,5.91
kabupaten,17,1701,11,2025,1.8047,Basis,5.7,3.16
kabupaten,17,1701,12,2025,1.0279,Basis,4.48,4.35
kabupaten,17,1701,13,2025,0.1184,"Non Basis",0.29,2.49
kabupaten,17,1701,14,2025,1.097,Basis,9.67,8.81
kabupaten,17,1701,15,2025,0.8463,"Non Basis",5.56,6.58
kabupaten,17,1701,16,2025,0.792,"Non Basis",1.71,2.16
kabupaten,17,1701,17,2025,0.7595,"Non Basis",0.75,0.99
kabupaten,17,1709,1,2021,1.078,Basis,29.53,27.4
kabupaten,17,1709,2,2021,4.1523,Basis,14.18,3.42
kabupaten,17,1709,3,2021,2.4938,Basis,14.47,5.8
kabupaten,17,1709,4,2021,0.4455,"Non Basis",0.05,0.11
kabupaten,17,1709,5,2021,0.528,"Non Basis",0.11,0.21
kabupaten,17,1709,6,2021,0.9645,"Non Basis",4.53,4.7
kabupaten,17,1709,7,2021,0.5171,"Non Basis",8.18,15.81
kabupaten,17,1709,8,2021,0.1573,"Non Basis",1.23,7.81
kabupaten,17,1709,9,2021,1.1823,Basis,2.02,1.71
kabupaten,17,1709,10,2021,0.1468,"Non Basis",0.73,5
kabupaten,17,1709,11,2021,0.7269,"Non Basis",2.61,3.6
kabupaten,17,1709,12,2021,0.9531,"Non Basis",4.12,4.32
kabupaten,17,1709,13,2021,0.0404,"Non Basis",0.09,2.12
kabupaten,17,1709,14,2021,1.6954,Basis,15.19,8.96
kabupaten,17,1709,15,2021,0.336,"Non Basis",2.1,6.24
kabupaten,17,1709,16,2021,0.291,"Non Basis",0.57,1.96
kabupaten,17,1709,17,2021,0.338,"Non Basis",0.28,0.82
kabupaten,17,1709,1,2022,1.0914,Basis,29.95,27.44
kabupaten,17,1709,2,2022,4.3737,Basis,13.92,3.18
kabupaten,17,1709,3,2022,2.523,Basis,14.47,5.74
kabupaten,17,1709,4,2022,0.4518,"Non Basis",0.05,0.11
kabupaten,17,1709,5,2022,0.537,"Non Basis",0.12,0.21
kabupaten,17,1709,6,2022,0.9925,"Non Basis",4.48,4.52
kabupaten,17,1709,7,2022,0.5287,"Non Basis",8.34,15.78
kabupaten,17,1709,8,2022,0.1504,"Non Basis",1.28,8.5
kabupaten,17,1709,9,2022,1.188,Basis,2.11,1.77
kabupaten,17,1709,10,2022,0.1475,"Non Basis",0.77,5.19
kabupaten,17,1709,11,2022,0.7632,"Non Basis",2.52,3.3
kabupaten,17,1709,12,2022,0.9616,"Non Basis",4.14,4.3
kabupaten,17,1709,13,2022,0.0408,"Non Basis",0.09,2.27
kabupaten,17,1709,14,2022,1.7157,Basis,14.77,8.61
kabupaten,17,1709,15,2022,0.3386,"Non Basis",2.13,6.28
kabupaten,17,1709,16,2022,0.2981,"Non Basis",0.58,1.94
kabupaten,17,1709,17,2022,0.3443,"Non Basis",0.29,0.85
kabupaten,17,1709,1,2023,1.0924,Basis,29.35,26.87
kabupaten,17,1709,2,2023,4.3871,Basis,14.44,3.29
kabupaten,17,1709,3,2023,2.5243,Basis,14.14,5.6
kabupaten,17,1709,4,2023,0.453,"Non Basis",0.05,0.11
kabupaten,17,1709,5,2023,0.5392,"Non Basis",0.12,0.22
kabupaten,17,1709,6,2023,1.0004,Basis,4.55,4.55
kabupaten,17,1709,7,2023,0.5311,"Non Basis",8.29,15.6
kabupaten,17,1709,8,2023,0.1501,"Non Basis",1.31,8.74
kabupaten,17,1709,9,2023,1.1875,Basis,2.22,1.87
kabupaten,17,1709,10,2023,0.1461,"Non Basis",0.8,5.46
kabupaten,17,1709,11,2023,0.764,"Non Basis",2.29,3
kabupaten,17,1709,12,2023,0.9661,"Non Basis",4.2,4.34
kabupaten,17,1709,13,2023,0.041,"Non Basis",0.1,2.34
kabupaten,17,1709,14,2023,1.7209,Basis,15.08,8.77
kabupaten,17,1709,15,2023,0.34,"Non Basis",2.15,6.32
kabupaten,17,1709,16,2023,0.2988,"Non Basis",0.61,2.03
kabupaten,17,1709,17,2023,0.3461,"Non Basis",0.31,0.89
kabupaten,17,1709,1,2024,1.1044,Basis,29.09,26.34
kabupaten,17,1709,2,2024,4.3679,Basis,14.13,3.23
kabupaten,17,1709,3,2024,2.5242,Basis,13.72,5.43
kabupaten,17,1709,4,2024,0.457,"Non Basis",0.05,0.11
kabupaten,17,1709,5,2024,0.5436,"Non Basis",0.12,0.22
kabupaten,17,1709,6,2024,1.0008,Basis,4.6,4.59
kabupaten,17,1709,7,2024,0.5346,"Non Basis",8.24,15.41
kabupaten,17,1709,8,2024,0.151,"Non Basis",1.31,8.68
kabupaten,17,1709,9,2024,1.1913,Basis,2.33,1.95
kabupaten,17,1709,10,2024,0.1456,"Non Basis",0.83,5.7
kabupaten,17,1709,11,2024,0.7692,"Non Basis",2.33,3.02
kabupaten,17,1709,12,2024,0.9732,"Non Basis",4.21,4.33
kabupaten,17,1709,13,2024,0.0411,"Non Basis",0.1,2.42
kabupaten,17,1709,14,2024,1.7411,Basis,15.81,9.08
kabupaten,17,1709,15,2024,0.3404,"Non Basis",2.19,6.43
kabupaten,17,1709,16,2024,0.3,"Non Basis",0.63,2.11
kabupaten,17,1709,17,2024,0.3484,"Non Basis",0.33,0.93
kabupaten,17,1709,1,2025,1.1384,Basis,29.79,26.16
kabupaten,17,1709,2,2025,4.1635,Basis,12.32,2.96
kabupaten,17,1709,3,2025,2.5506,Basis,14.47,5.67
kabupaten,17,1709,4,2025,0.4604,"Non Basis",0.05,0.11
kabupaten,17,1709,5,2025,0.5504,"Non Basis",0.11,0.21
kabupaten,17,1709,6,2025,1.0174,Basis,4.6,4.52
kabupaten,17,1709,7,2025,0.5411,"Non Basis",8.21,15.18
kabupaten,17,1709,8,2025,0.1619,"Non Basis",1.4,8.66
kabupaten,17,1709,9,2025,1.212,Basis,2.52,2.08
kabupaten,17,1709,10,2025,0.1482,"Non Basis",0.88,5.91
kabupaten,17,1709,11,2025,0.7845,"Non Basis",2.48,3.16
kabupaten,17,1709,12,2025,0.9858,"Non Basis",4.29,4.35
kabupaten,17,1709,13,2025,0.0415,"Non Basis",0.1,2.49
kabupaten,17,1709,14,2025,1.7607,Basis,15.52,8.81
kabupaten,17,1709,15,2025,0.3433,"Non Basis",2.26,6.58
kabupaten,17,1709,16,2025,0.3033,"Non Basis",0.66,2.16
kabupaten,17,1709,17,2025,0.3527,"Non Basis",0.35,0.99
kabupaten,17,1703,1,2021,1.2918,Basis,35.39,27.4
kabupaten,17,1703,2,2021,5.0169,Basis,17.13,3.42
kabupaten,17,1703,3,2021,1.3155,Basis,7.64,5.8
kabupaten,17,1703,4,2021,0.774,"Non Basis",0.09,0.11
kabupaten,17,1703,5,2021,0.7712,"Non Basis",0.16,0.21
kabupaten,17,1703,6,2021,0.9348,"Non Basis",4.39,4.7
kabupaten,17,1703,7,2021,0.5403,"Non Basis",8.54,15.81
kabupaten,17,1703,8,2021,0.2958,"Non Basis",2.31,7.81
kabupaten,17,1703,9,2021,0.4088,"Non Basis",0.7,1.71
kabupaten,17,1703,10,2021,0.3869,"Non Basis",1.94,5
kabupaten,17,1703,11,2021,1.0562,Basis,3.8,3.6
kabupaten,17,1703,12,2021,0.565,"Non Basis",2.44,4.32
kabupaten,17,1703,13,2021,0.0509,"Non Basis",0.11,2.12
kabupaten,17,1703,14,2021,0.9258,"Non Basis",8.3,8.96
kabupaten,17,1703,15,2021,0.8304,"Non Basis",5.19,6.24
kabupaten,17,1703,16,2021,0.6927,"Non Basis",1.36,1.96
kabupaten,17,1703,17,2021,0.6362,"Non Basis",0.52,0.82
kabupaten,17,1703,1,2022,1.15,Basis,31.56,27.44
kabupaten,17,1703,2,2022,8.6594,Basis,27.56,3.18
kabupaten,17,1703,3,2022,1.1359,Basis,6.52,5.74
kabupaten,17,1703,4,2022,0.6593,"Non Basis",0.08,0.11
kabupaten,17,1703,5,2022,0.6508,"Non Basis",0.14,0.21
kabupaten,17,1703,6,2022,0.8336,"Non Basis",3.77,4.52
kabupaten,17,1703,7,2022,0.487,"Non Basis",7.69,15.78
kabupaten,17,1703,8,2022,0.2505,"Non Basis",2.13,8.5
kabupaten,17,1703,9,2022,0.3478,"Non Basis",0.62,1.77
kabupaten,17,1703,10,2022,0.3355,"Non Basis",1.74,5.19
kabupaten,17,1703,11,2022,0.9765,"Non Basis",3.22,3.3
kabupaten,17,1703,12,2022,0.4792,"Non Basis",2.06,4.3
kabupaten,17,1703,13,2022,0.0434,"Non Basis",0.1,2.27
kabupaten,17,1703,14,2022,0.7771,"Non Basis",6.69,8.61
kabupaten,17,1703,15,2022,0.7199,"Non Basis",4.52,6.28
kabupaten,17,1703,16,2022,0.5979,"Non Basis",1.16,1.94
kabupaten,17,1703,17,2022,0.5451,"Non Basis",0.46,0.85
kabupaten,17,1703,1,2023,1.2758,Basis,34.28,26.87
kabupaten,17,1703,2,2023,6.7318,Basis,22.16,3.29
kabupaten,17,1703,3,2023,1.1986,Basis,6.72,5.6
kabupaten,17,1703,4,2023,0.6864,"Non Basis",0.08,0.11
kabupaten,17,1703,5,2023,0.6786,"Non Basis",0.15,0.22
kabupaten,17,1703,6,2023,0.8905,"Non Basis",4.05,4.55
kabupaten,17,1703,7,2023,0.5309,"Non Basis",8.28,15.6
kabupaten,17,1703,8,2023,0.285,"Non Basis",2.49,8.74
kabupaten,17,1703,9,2023,0.3632,"Non Basis",0.68,1.87
kabupaten,17,1703,10,2023,0.3546,"Non Basis",1.94,5.46
kabupaten,17,1703,11,2023,1.0275,Basis,3.08,3
kabupaten,17,1703,12,2023,0.5062,"Non Basis",2.2,4.34
kabupaten,17,1703,13,2023,0.0463,"Non Basis",0.11,2.34
kabupaten,17,1703,14,2023,0.8115,"Non Basis",7.11,8.77
kabupaten,17,1703,15,2023,0.7674,"Non Basis",4.85,6.32
kabupaten,17,1703,16,2023,0.6482,"Non Basis",1.31,2.03
kabupaten,17,1703,17,2023,0.5785,"Non Basis",0.52,0.89
kabupaten,17,1703,1,2024,1.4723,Basis,38.78,26.34
kabupaten,17,1703,2,2024,4.6528,Basis,15.05,3.23
kabupaten,17,1703,3,2024,1.2594,Basis,6.84,5.43
kabupaten,17,1703,4,2024,0.7082,"Non Basis",0.08,0.11
kabupaten,17,1703,5,2024,0.7342,"Non Basis",0.16,0.22
kabupaten,17,1703,6,2024,0.9182,"Non Basis",4.22,4.59
kabupaten,17,1703,7,2024,0.558,"Non Basis",8.6,15.41
kabupaten,17,1703,8,2024,0.3073,"Non Basis",2.67,8.68
kabupaten,17,1703,9,2024,0.3812,"Non Basis",0.74,1.95
kabupaten,17,1703,10,2024,0.3678,"Non Basis",2.1,5.7
kabupaten,17,1703,11,2024,1.0659,Basis,3.22,3.02
kabupaten,17,1703,12,2024,0.5229,"Non Basis",2.26,4.33
kabupaten,17,1703,13,2024,0.0488,"Non Basis",0.12,2.42
kabupaten,17,1703,14,2024,0.8423,"Non Basis",7.65,9.08
kabupaten,17,1703,15,2024,0.8546,"Non Basis",5.49,6.43
kabupaten,17,1703,16,2024,0.6854,"Non Basis",1.45,2.11
kabupaten,17,1703,17,2024,0.6134,"Non Basis",0.57,0.93
kabupaten,17,1703,1,2025,1.5793,Basis,41.32,26.16
kabupaten,17,1703,2,2025,4.0167,Basis,11.88,2.96
kabupaten,17,1703,3,2025,1.2772,Basis,7.25,5.67
kabupaten,17,1703,4,2025,0.6935,"Non Basis",0.08,0.11
kabupaten,17,1703,5,2025,0.7388,"Non Basis",0.15,0.21
kabupaten,17,1703,6,2025,0.91,"Non Basis",4.11,4.52
kabupaten,17,1703,7,2025,0.558,"Non Basis",8.47,15.18
kabupaten,17,1703,8,2025,0.32,"Non Basis",2.77,8.66
kabupaten,17,1703,9,2025,0.386,"Non Basis",0.8,2.08
kabupaten,17,1703,10,2025,0.3652,"Non Basis",2.16,5.91
kabupaten,17,1703,11,2025,1.0749,Basis,3.39,3.16
kabupaten,17,1703,12,2025,0.5125,"Non Basis",2.23,4.35
kabupaten,17,1703,13,2025,0.0487,"Non Basis",0.12,2.49
kabupaten,17,1703,14,2025,0.85,"Non Basis",7.49,8.81
kabupaten,17,1703,15,2025,0.8631,"Non Basis",5.68,6.58
kabupaten,17,1703,16,2025,0.6887,"Non Basis",1.49,2.16
kabupaten,17,1703,17,2025,0.6127,"Non Basis",0.6,0.99
kabupaten,17,1704,1,2021,1.7907,Basis,49.06,27.4
kabupaten,17,1704,2,2021,1.2605,Basis,4.31,3.42
kabupaten,17,1704,3,2021,0.6424,"Non Basis",3.73,5.8
kabupaten,17,1704,4,2021,0.7101,"Non Basis",0.08,0.11
kabupaten,17,1704,5,2021,1.1085,Basis,0.24,0.21
kabupaten,17,1704,6,2021,1.3322,Basis,6.26,4.7
kabupaten,17,1704,7,2021,0.6199,"Non Basis",9.8,15.81
kabupaten,17,1704,8,2021,0.6067,"Non Basis",4.74,7.81
kabupaten,17,1704,9,2021,0.7528,"Non Basis",1.28,1.71
kabupaten,17,1704,10,2021,0.6839,"Non Basis",3.42,5
kabupaten,17,1704,11,2021,0.3473,"Non Basis",1.25,3.6
kabupaten,17,1704,12,2021,0.9961,"Non Basis",4.31,4.32
kabupaten,17,1704,13,2021,0.023,"Non Basis",0.05,2.12
kabupaten,17,1704,14,2021,0.8849,"Non Basis",7.93,8.96
kabupaten,17,1704,15,2021,0.4418,"Non Basis",2.76,6.24
kabupaten,17,1704,16,2021,0.2822,"Non Basis",0.55,1.96
kabupaten,17,1704,17,2021,0.2934,"Non Basis",0.24,0.82
kabupaten,17,1704,1,2022,1.7918,Basis,49.18,27.44
kabupaten,17,1704,2,2022,1.3118,Basis,4.17,3.18
kabupaten,17,1704,3,2022,0.6503,"Non Basis",3.73,5.74
kabupaten,17,1704,4,2022,0.7147,"Non Basis",0.08,0.11
kabupaten,17,1704,5,2022,1.1049,Basis,0.24,0.21
kabupaten,17,1704,6,2022,1.3448,Basis,6.07,4.52
kabupaten,17,1704,7,2022,0.6318,"Non Basis",9.97,15.78
kabupaten,17,1704,8,2022,0.5788,"Non Basis",4.92,8.5
kabupaten,17,1704,9,2022,0.7624,"Non Basis",1.35,1.77
kabupaten,17,1704,10,2022,0.6847,"Non Basis",3.55,5.19
kabupaten,17,1704,11,2022,0.3587,"Non Basis",1.18,3.3
kabupaten,17,1704,12,2022,0.9999,"Non Basis",4.3,4.3
kabupaten,17,1704,13,2022,0.0233,"Non Basis",0.05,2.27
kabupaten,17,1704,14,2022,0.8891,"Non Basis",7.65,8.61
kabupaten,17,1704,15,2022,0.435,"Non Basis",2.73,6.28
kabupaten,17,1704,16,2022,0.2876,"Non Basis",0.56,1.94
kabupaten,17,1704,17,2022,0.2902,"Non Basis",0.25,0.85
kabupaten,17,1704,1,2023,1.8164,Basis,48.8,26.87
kabupaten,17,1704,2,2023,1.2616,Basis,4.15,3.29
kabupaten,17,1704,3,2023,0.6543,"Non Basis",3.67,5.6
kabupaten,17,1704,4,2023,0.7071,"Non Basis",0.08,0.11
kabupaten,17,1704,5,2023,1.0913,Basis,0.24,0.22
kabupaten,17,1704,6,2023,1.3409,Basis,6.1,4.55
kabupaten,17,1704,7,2023,0.626,"Non Basis",9.77,15.6
kabupaten,17,1704,8,2023,0.5798,"Non Basis",5.07,8.74
kabupaten,17,1704,9,2023,0.7626,"Non Basis",1.42,1.87
kabupaten,17,1704,10,2023,0.6872,"Non Basis",3.75,5.46
kabupaten,17,1704,11,2023,0.3612,"Non Basis",1.08,3
kabupaten,17,1704,12,2023,1.0016,Basis,4.35,4.34
kabupaten,17,1704,13,2023,0.0235,"Non Basis",0.06,2.34
kabupaten,17,1704,14,2023,0.8956,"Non Basis",7.85,8.77
kabupaten,17,1704,15,2023,0.4385,"Non Basis",2.77,6.32
kabupaten,17,1704,16,2023,0.2883,"Non Basis",0.58,2.03
kabupaten,17,1704,17,2023,0.289,"Non Basis",0.26,0.89
kabupaten,17,1704,1,2024,1.8292,Basis,48.17,26.34
kabupaten,17,1704,2,2024,1.2724,Basis,4.12,3.23
kabupaten,17,1704,3,2024,0.6653,"Non Basis",3.62,5.43
kabupaten,17,1704,4,2024,0.7098,"Non Basis",0.08,0.11
kabupaten,17,1704,5,2024,1.0967,Basis,0.24,0.22
kabupaten,17,1704,6,2024,1.3481,Basis,6.19,4.59
kabupaten,17,1704,7,2024,0.6266,"Non Basis",9.65,15.41
kabupaten,17,1704,8,2024,0.5893,"Non Basis",5.12,8.68
kabupaten,17,1704,9,2024,0.7658,"Non Basis",1.5,1.95
kabupaten,17,1704,10,2024,0.6904,"Non Basis",3.93,5.7
kabupaten,17,1704,11,2024,0.362,"Non Basis",1.09,3.02
kabupaten,17,1704,12,2024,1.0055,Basis,4.35,4.33
kabupaten,17,1704,13,2024,0.0236,"Non Basis",0.06,2.42
kabupaten,17,1704,14,2024,0.8995,"Non Basis",8.17,9.08
kabupaten,17,1704,15,2024,0.4394,"Non Basis",2.82,6.43
kabupaten,17,1704,16,2024,0.2897,"Non Basis",0.61,2.11
kabupaten,17,1704,17,2024,0.2901,"Non Basis",0.27,0.93
kabupaten,17,1704,1,2025,1.831,Basis,47.9,26.16
kabupaten,17,1704,2,2025,1.386,Basis,4.1,2.96
kabupaten,17,1704,3,2025,0.6714,"Non Basis",3.81,5.67
kabupaten,17,1704,4,2025,0.7129,"Non Basis",0.08,0.11
kabupaten,17,1704,5,2025,1.0983,Basis,0.23,0.21
kabupaten,17,1704,6,2025,1.35,Basis,6.1,4.52
kabupaten,17,1704,7,2025,0.6247,"Non Basis",9.48,15.18
kabupaten,17,1704,8,2025,0.613,"Non Basis",5.31,8.66
kabupaten,17,1704,9,2025,0.7705,"Non Basis",1.6,2.08
kabupaten,17,1704,10,2025,0.6922,"Non Basis",4.09,5.91
kabupaten,17,1704,11,2025,0.3611,"Non Basis",1.14,3.16
kabupaten,17,1704,12,2025,1.0055,Basis,4.38,4.35
kabupaten,17,1704,13,2025,0.0235,"Non Basis",0.06,2.49
kabupaten,17,1704,14,2025,0.898,"Non Basis",7.91,8.81
kabupaten,17,1704,15,2025,0.4402,"Non Basis",2.89,6.58
kabupaten,17,1704,16,2025,0.2888,"Non Basis",0.62,2.16
kabupaten,17,1704,17,2025,0.2882,"Non Basis",0.28,0.99
kabupaten,17,1708,1,2021,1.5103,Basis,41.37,27.4
kabupaten,17,1708,2,2021,0.6843,"Non Basis",2.34,3.42
kabupaten,17,1708,3,2021,1.2669,Basis,7.35,5.8
kabupaten,17,1708,4,2021,1.5734,Basis,0.17,0.11
kabupaten,17,1708,5,2021,0.7973,"Non Basis",0.17,0.21
kabupaten,17,1708,6,2021,1.1396,Basis,5.36,4.7
kabupaten,17,1708,7,2021,0.6405,"Non Basis",10.13,15.81
kabupaten,17,1708,8,2021,0.3712,"Non Basis",2.9,7.81
kabupaten,17,1708,9,2021,1.1474,Basis,1.96,1.71
kabupaten,17,1708,10,2021,0.4577,"Non Basis",2.29,5
kabupaten,17,1708,11,2021,0.3484,"Non Basis",1.25,3.6
kabupaten,17,1708,12,2021,0.7798,"Non Basis",3.37,4.32
kabupaten,17,1708,13,2021,0.0636,"Non Basis",0.13,2.12
kabupaten,17,1708,14,2021,1.5569,Basis,13.95,8.96
kabupaten,17,1708,15,2021,0.8194,"Non Basis",5.12,6.24
kabupaten,17,1708,16,2021,0.7634,"Non Basis",1.5,1.96
kabupaten,17,1708,17,2021,0.7744,"Non Basis",0.63,0.82
kabupaten,17,1708,1,2022,1.5239,Basis,41.82,27.44
kabupaten,17,1708,2,2022,0.7092,"Non Basis",2.26,3.18
kabupaten,17,1708,3,2022,1.2799,Basis,7.34,5.74
kabupaten,17,1708,4,2022,1.585,Basis,0.18,0.11
kabupaten,17,1708,5,2022,0.8044,"Non Basis",0.17,0.21
kabupaten,17,1708,6,2022,1.1527,Basis,5.21,4.52
kabupaten,17,1708,7,2022,0.6459,"Non Basis",10.19,15.78
kabupaten,17,1708,8,2022,0.3525,"Non Basis",3,8.5
kabupaten,17,1708,9,2022,1.1553,Basis,2.05,1.77
kabupaten,17,1708,10,2022,0.4603,"Non Basis",2.39,5.19
kabupaten,17,1708,11,2022,0.3594,"Non Basis",1.18,3.3
kabupaten,17,1708,12,2022,0.7814,"Non Basis",3.36,4.3
kabupaten,17,1708,13,2022,0.0635,"Non Basis",0.14,2.27
kabupaten,17,1708,14,2022,1.5554,Basis,13.39,8.61
kabupaten,17,1708,15,2022,0.821,"Non Basis",5.16,6.28
kabupaten,17,1708,16,2022,0.7656,"Non Basis",1.49,1.94
kabupaten,17,1708,17,2022,0.7818,"Non Basis",0.66,0.85
kabupaten,17,1708,1,2023,1.5328,Basis,41.18,26.87
kabupaten,17,1708,2,2023,0.6917,"Non Basis",2.28,3.29
kabupaten,17,1708,3,2023,1.298,Basis,7.27,5.6
kabupaten,17,1708,4,2023,1.6101,Basis,0.18,0.11
kabupaten,17,1708,5,2023,0.8045,"Non Basis",0.17,0.22
kabupaten,17,1708,6,2023,1.1573,Basis,5.27,4.55
kabupaten,17,1708,7,2023,0.6478,"Non Basis",10.11,15.6
kabupaten,17,1708,8,2023,0.3536,"Non Basis",3.09,8.74
kabupaten,17,1708,9,2023,1.1589,Basis,2.16,1.87
kabupaten,17,1708,10,2023,0.4613,"Non Basis",2.52,5.46
kabupaten,17,1708,11,2023,0.3638,"Non Basis",1.09,3
kabupaten,17,1708,12,2023,0.7828,"Non Basis",3.4,4.34
kabupaten,17,1708,13,2023,0.0638,"Non Basis",0.15,2.34
kabupaten,17,1708,14,2023,1.5597,Basis,13.67,8.77
kabupaten,17,1708,15,2023,0.8231,"Non Basis",5.2,6.32
kabupaten,17,1708,16,2023,0.7654,"Non Basis",1.55,2.03
kabupaten,17,1708,17,2023,0.7843,"Non Basis",0.7,0.89
kabupaten,17,1708,1,2024,1.5369,Basis,40.48,26.34
kabupaten,17,1708,2,2024,0.7047,"Non Basis",2.28,3.23
kabupaten,17,1708,3,2024,1.3175,Basis,7.16,5.43
kabupaten,17,1708,4,2024,1.6159,Basis,0.18,0.11
kabupaten,17,1708,5,2024,0.8057,"Non Basis",0.18,0.22
kabupaten,17,1708,6,2024,1.1551,Basis,5.31,4.59
kabupaten,17,1708,7,2024,0.6473,"Non Basis",9.97,15.41
kabupaten,17,1708,8,2024,0.3595,"Non Basis",3.12,8.68
kabupaten,17,1708,9,2024,1.1642,Basis,2.27,1.95
kabupaten,17,1708,10,2024,0.4621,"Non Basis",2.63,5.7
kabupaten,17,1708,11,2024,0.3644,"Non Basis",1.1,3.02
kabupaten,17,1708,12,2024,0.7839,"Non Basis",3.39,4.33
kabupaten,17,1708,13,2024,0.064,"Non Basis",0.16,2.42
kabupaten,17,1708,14,2024,1.5547,Basis,14.12,9.08
kabupaten,17,1708,15,2024,0.824,"Non Basis",5.3,6.43
kabupaten,17,1708,16,2024,0.7677,"Non Basis",1.62,2.11
kabupaten,17,1708,17,2024,0.7842,"Non Basis",0.73,0.93
kabupaten,17,1707,1,2021,1.4554,Basis,39.87,27.4
kabupaten,17,1707,2,2021,1.5573,Basis,5.32,3.42
kabupaten,17,1707,3,2021,0.9632,"Non Basis",5.59,5.8
kabupaten,17,1707,4,2021,1.0721,Basis,0.12,0.11
kabupaten,17,1707,5,2021,1.3233,Basis,0.28,0.21
kabupaten,17,1707,6,2021,1.7875,Basis,8.4,4.7
kabupaten,17,1707,7,2021,0.5886,"Non Basis",9.31,15.81
kabupaten,17,1707,8,2021,0.5932,"Non Basis",4.63,7.81
kabupaten,17,1707,9,2021,0.7766,"Non Basis",1.32,1.71
kabupaten,17,1707,10,2021,0.3748,"Non Basis",1.87,5
kabupaten,17,1707,11,2021,0.3392,"Non Basis",1.22,3.6
kabupaten,17,1707,12,2021,1.4094,Basis,6.09,4.32
kabupaten,17,1707,13,2021,0.081,"Non Basis",0.17,2.12
kabupaten,17,1707,14,2021,1.2933,Basis,11.59,8.96
kabupaten,17,1707,15,2021,0.4321,"Non Basis",2.7,6.24
kabupaten,17,1707,16,2021,0.4252,"Non Basis",0.83,1.96
kabupaten,17,1707,17,2021,0.818,"Non Basis",0.67,0.82
kabupaten,17,1707,1,2022,1.4682,Basis,40.3,27.44
kabupaten,17,1707,2,2022,1.5848,Basis,5.04,3.18
kabupaten,17,1707,3,2022,0.9753,"Non Basis",5.59,5.74
kabupaten,17,1707,4,2022,1.0863,Basis,0.12,0.11
kabupaten,17,1707,5,2022,1.3438,Basis,0.29,0.21
kabupaten,17,1707,6,2022,1.8108,Basis,8.18,4.52
kabupaten,17,1707,7,2022,0.5999,"Non Basis",9.47,15.78
kabupaten,17,1707,8,2022,0.5521,"Non Basis",4.69,8.5
kabupaten,17,1707,9,2022,0.781,"Non Basis",1.38,1.77
kabupaten,17,1707,10,2022,0.3769,"Non Basis",1.96,5.19
kabupaten,17,1707,11,2022,0.3455,"Non Basis",1.14,3.3
kabupaten,17,1707,12,2022,1.4265,Basis,6.14,4.3
kabupaten,17,1707,13,2022,0.0812,"Non Basis",0.18,2.27
kabupaten,17,1707,14,2022,1.3099,Basis,11.28,8.61
kabupaten,17,1707,15,2022,0.4295,"Non Basis",2.7,6.28
kabupaten,17,1707,16,2022,0.4335,"Non Basis",0.84,1.94
kabupaten,17,1707,17,2022,0.819,"Non Basis",0.69,0.85
kabupaten,17,1707,1,2023,1.4661,Basis,39.39,26.87
kabupaten,17,1707,2,2023,1.5578,Basis,5.13,3.29
kabupaten,17,1707,3,2023,0.9941,"Non Basis",5.57,5.6
kabupaten,17,1707,4,2023,1.0819,Basis,0.12,0.11
kabupaten,17,1707,5,2023,1.3487,Basis,0.29,0.22
kabupaten,17,1707,6,2023,1.8233,Basis,8.3,4.55
kabupaten,17,1707,7,2023,0.6002,"Non Basis",9.36,15.6
kabupaten,17,1707,8,2023,0.5457,"Non Basis",4.77,8.74
kabupaten,17,1707,9,2023,0.7883,"Non Basis",1.47,1.87
kabupaten,17,1707,10,2023,0.3806,"Non Basis",2.08,5.46
kabupaten,17,1707,11,2023,0.3519,"Non Basis",1.06,3
kabupaten,17,1707,12,2023,1.4438,Basis,6.27,4.34
kabupaten,17,1707,13,2023,0.082,"Non Basis",0.19,2.34
kabupaten,17,1707,14,2023,1.3274,Basis,11.64,8.77
kabupaten,17,1707,15,2023,0.433,"Non Basis",2.74,6.32
kabupaten,17,1707,16,2023,0.438,"Non Basis",0.89,2.03
kabupaten,17,1707,17,2023,0.827,"Non Basis",0.74,0.89
kabupaten,17,1707,1,2024,1.4698,Basis,38.71,26.34
kabupaten,17,1707,2,2024,1.6041,Basis,5.19,3.23
kabupaten,17,1707,3,2024,1.0061,Basis,5.47,5.43
kabupaten,17,1707,4,2024,1.0867,Basis,0.12,0.11
kabupaten,17,1707,5,2024,1.3529,Basis,0.3,0.22
kabupaten,17,1707,6,2024,1.827,Basis,8.39,4.59
kabupaten,17,1707,7,2024,0.5997,"Non Basis",9.24,15.41
kabupaten,17,1707,8,2024,0.5547,"Non Basis",4.82,8.68
kabupaten,17,1707,9,2024,0.7917,"Non Basis",1.55,1.95
kabupaten,17,1707,10,2024,0.3803,"Non Basis",2.17,5.7
kabupaten,17,1707,11,2024,0.3526,"Non Basis",1.07,3.02
kabupaten,17,1707,12,2024,1.4461,Basis,6.26,4.33
kabupaten,17,1707,13,2024,0.0822,"Non Basis",0.2,2.42
kabupaten,17,1707,14,2024,1.3258,Basis,12.04,9.08
kabupaten,17,1707,15,2024,0.4331,"Non Basis",2.78,6.43
kabupaten,17,1707,16,2024,0.4393,"Non Basis",0.93,2.11
kabupaten,17,1707,17,2024,0.8298,"Non Basis",0.78,0.93
kabupaten,17,1707,1,2025,1.4551,Basis,38.07,26.16
kabupaten,17,1707,2,2025,1.7687,Basis,5.23,2.96
kabupaten,17,1707,3,2025,1.0247,Basis,5.81,5.67
kabupaten,17,1707,4,2025,1.0965,Basis,0.12,0.11
kabupaten,17,1707,5,2025,1.3588,Basis,0.28,0.21
kabupaten,17,1707,6,2025,1.8409,Basis,8.32,4.52
kabupaten,17,1707,7,2025,0.5993,"Non Basis",9.1,15.18
kabupaten,17,1707,8,2025,0.5862,"Non Basis",5.07,8.66
kabupaten,17,1707,9,2025,0.7751,"Non Basis",1.61,2.08
kabupaten,17,1707,10,2025,0.3831,"Non Basis",2.26,5.91
kabupaten,17,1707,11,2025,0.3538,"Non Basis",1.12,3.16
kabupaten,17,1707,12,2025,1.4585,Basis,6.35,4.35
kabupaten,17,1707,13,2025,0.0827,"Non Basis",0.21,2.49
kabupaten,17,1707,14,2025,1.3376,Basis,11.79,8.81
kabupaten,17,1707,15,2025,0.4357,"Non Basis",2.86,6.58
kabupaten,17,1707,16,2025,0.4427,"Non Basis",0.96,2.16
kabupaten,17,1707,17,2025,0.8362,"Non Basis",0.82,0.99
kabupaten,17,1702,1,2021,1.0853,Basis,29.73,27.4
kabupaten,17,1702,2,2021,0.398,"Non Basis",1.36,3.42
kabupaten,17,1702,3,2021,0.7007,"Non Basis",4.07,5.8
kabupaten,17,1702,4,2021,0.9789,"Non Basis",0.11,0.11
kabupaten,17,1702,5,2021,0.814,"Non Basis",0.17,0.21
kabupaten,17,1702,6,2021,0.8289,"Non Basis",3.9,4.7
kabupaten,17,1702,7,2021,1.1432,Basis,18.08,15.81
kabupaten,17,1702,8,2021,0.766,"Non Basis",5.98,7.81
kabupaten,17,1702,9,2021,1.1091,Basis,1.89,1.71
kabupaten,17,1702,10,2021,0.6697,"Non Basis",3.35,5
kabupaten,17,1702,11,2021,0.941,"Non Basis",3.38,3.6
kabupaten,17,1702,12,2021,0.9152,"Non Basis",3.96,4.32
kabupaten,17,1702,13,2021,0.0671,"Non Basis",0.14,2.12
kabupaten,17,1702,14,2021,1.0794,Basis,9.67,8.96
kabupaten,17,1702,15,2021,1.6006,Basis,10,6.24
kabupaten,17,1702,16,2021,1.5143,Basis,2.97,1.96
kabupaten,17,1702,17,2021,1.5119,Basis,1.24,0.82
kabupaten,17,1702,1,2022,1.0926,Basis,29.99,27.44
kabupaten,17,1702,2,2022,0.4135,"Non Basis",1.32,3.18
kabupaten,17,1702,3,2022,0.7045,"Non Basis",4.04,5.74
kabupaten,17,1702,4,2022,0.9647,"Non Basis",0.11,0.11
kabupaten,17,1702,5,2022,0.7992,"Non Basis",0.17,0.21
kabupaten,17,1702,6,2022,0.8325,"Non Basis",3.76,4.52
kabupaten,17,1702,7,2022,1.1589,Basis,18.29,15.78
kabupaten,17,1702,8,2022,0.7112,"Non Basis",6.04,8.5
kabupaten,17,1702,9,2022,1.096,Basis,1.94,1.77
kabupaten,17,1702,10,2022,0.6679,"Non Basis",3.47,5.19
kabupaten,17,1702,11,2022,0.9714,"Non Basis",3.2,3.3
kabupaten,17,1702,12,2022,0.9092,"Non Basis",3.91,4.3
kabupaten,17,1702,13,2022,0.0669,"Non Basis",0.15,2.27
kabupaten,17,1702,14,2022,1.077,Basis,9.27,8.61
kabupaten,17,1702,15,2022,1.5961,Basis,10.02,6.28
kabupaten,17,1702,16,2022,1.5499,Basis,3.01,1.94
kabupaten,17,1702,17,2022,1.5235,Basis,1.29,0.85
kabupaten,17,1702,1,2023,1.094,Basis,29.39,26.87
kabupaten,17,1702,2,2023,0.4022,"Non Basis",1.32,3.29
kabupaten,17,1702,3,2023,0.7158,"Non Basis",4.01,5.6
kabupaten,17,1702,4,2023,0.9607,"Non Basis",0.11,0.11
kabupaten,17,1702,5,2023,0.8155,"Non Basis",0.18,0.22
kabupaten,17,1702,6,2023,0.8331,"Non Basis",3.79,4.55
kabupaten,17,1702,7,2023,1.1628,Basis,18.14,15.6
kabupaten,17,1702,8,2023,0.7026,"Non Basis",6.14,8.74
kabupaten,17,1702,9,2023,1.0927,Basis,2.04,1.87
kabupaten,17,1702,10,2023,0.6664,"Non Basis",3.64,5.46
kabupaten,17,1702,11,2023,0.969,"Non Basis",2.91,3
kabupaten,17,1702,12,2023,0.9169,"Non Basis",3.98,4.34
kabupaten,17,1702,13,2023,0.0669,"Non Basis",0.16,2.34
kabupaten,17,1702,14,2023,1.0854,Basis,9.51,8.77
kabupaten,17,1702,15,2023,1.5912,Basis,10.05,6.32
kabupaten,17,1702,16,2023,1.5739,Basis,3.19,2.03
kabupaten,17,1702,17,2023,1.6007,Basis,1.43,0.89
kabupaten,17,1702,1,2024,1.1014,Basis,29.01,26.34
kabupaten,17,1702,2,2024,0.4012,"Non Basis",1.3,3.23
kabupaten,17,1702,3,2024,0.7188,"Non Basis",3.91,5.43
kabupaten,17,1702,4,2024,0.9598,"Non Basis",0.11,0.11
kabupaten,17,1702,5,2024,0.8177,"Non Basis",0.18,0.22
kabupaten,17,1702,6,2024,0.8259,"Non Basis",3.79,4.59
kabupaten,17,1702,7,2024,1.1599,Basis,17.87,15.41
kabupaten,17,1702,8,2024,0.6865,"Non Basis",5.96,8.68
kabupaten,17,1702,9,2024,1.0983,Basis,2.15,1.95
kabupaten,17,1702,10,2024,0.6715,"Non Basis",3.83,5.7
kabupaten,17,1702,11,2024,0.9692,"Non Basis",2.93,3.02
kabupaten,17,1702,12,2024,0.9148,"Non Basis",3.96,4.33
kabupaten,17,1702,13,2024,0.0672,"Non Basis",0.16,2.42
kabupaten,17,1702,14,2024,1.0756,Basis,9.77,9.08
kabupaten,17,1702,15,2024,1.5958,Basis,10.25,6.43
kabupaten,17,1702,16,2024,1.573,Basis,3.32,2.11
kabupaten,17,1702,17,2024,1.6142,Basis,1.51,0.93
kabupaten,17,1702,1,2025,1.0887,Basis,28.48,26.16
kabupaten,17,1702,2,2025,0.4435,"Non Basis",1.31,2.96
kabupaten,17,1702,3,2025,0.7297,"Non Basis",4.14,5.67
kabupaten,17,1702,4,2025,0.9601,"Non Basis",0.11,0.11
kabupaten,17,1702,5,2025,0.8227,"Non Basis",0.17,0.21
kabupaten,17,1702,6,2025,0.8271,"Non Basis",3.74,4.52
kabupaten,17,1702,7,2025,1.1621,Basis,17.64,15.18
kabupaten,17,1702,8,2025,0.6924,"Non Basis",5.99,8.66
kabupaten,17,1702,9,2025,1.1006,Basis,2.29,2.08
kabupaten,17,1702,10,2025,0.6689,"Non Basis",3.95,5.91
kabupaten,17,1702,11,2025,0.9724,"Non Basis",3.07,3.16
kabupaten,17,1702,12,2025,0.9194,"Non Basis",4,4.35
kabupaten,17,1702,13,2025,0.0673,"Non Basis",0.17,2.49
kabupaten,17,1702,14,2025,1.0737,Basis,9.46,8.81
kabupaten,17,1702,15,2025,1.5895,Basis,10.45,6.58
kabupaten,17,1702,16,2025,1.5831,Basis,3.42,2.16
kabupaten,17,1702,17,2025,1.616,Basis,1.59,0.99
kabupaten,17,1705,1,2021,1.7313,Basis,47.43,27.4
kabupaten,17,1705,2,2021,1.0228,Basis,3.49,3.42
kabupaten,17,1705,3,2021,1.4227,Basis,8.26,5.8
kabupaten,17,1705,4,2021,1.1084,Basis,0.12,0.11
kabupaten,17,1705,5,2021,0.8323,"Non Basis",0.18,0.21
kabupaten,17,1705,6,2021,1.125,Basis,5.29,4.7
kabupaten,17,1705,7,2021,0.5322,"Non Basis",8.42,15.81
kabupaten,17,1705,8,2021,0.2922,"Non Basis",2.28,7.81
kabupaten,17,1705,9,2021,0.9109,"Non Basis",1.55,1.71
kabupaten,17,1705,10,2021,0.243,"Non Basis",1.22,5
kabupaten,17,1705,11,2021,0.2342,"Non Basis",0.84,3.6
kabupaten,17,1705,12,2021,1.0427,Basis,4.51,4.32
kabupaten,17,1705,13,2021,0.0559,"Non Basis",0.12,2.12
kabupaten,17,1705,14,2021,1.0446,Basis,9.36,8.96
kabupaten,17,1705,15,2021,0.8439,"Non Basis",5.27,6.24
kabupaten,17,1705,16,2021,0.5128,"Non Basis",1.01,1.96
kabupaten,17,1705,17,2021,0.8027,"Non Basis",0.66,0.82
kabupaten,17,1705,1,2022,1.717,Basis,47.12,27.44
kabupaten,17,1705,2,2022,1.0939,Basis,3.48,3.18
kabupaten,17,1705,3,2022,1.4729,Basis,8.45,5.74
kabupaten,17,1705,4,2022,1.0976,Basis,0.13,0.11
kabupaten,17,1705,5,2022,0.8339,"Non Basis",0.18,0.21
kabupaten,17,1705,6,2022,1.1817,Basis,5.34,4.52
kabupaten,17,1705,7,2022,0.5467,"Non Basis",8.63,15.78
kabupaten,17,1705,8,2022,0.2736,"Non Basis",2.33,8.5
kabupaten,17,1705,9,2022,0.9172,"Non Basis",1.63,1.77
kabupaten,17,1705,10,2022,0.2537,"Non Basis",1.32,5.19
kabupaten,17,1705,11,2022,0.2534,"Non Basis",0.84,3.3
kabupaten,17,1705,12,2022,1.0741,Basis,4.62,4.3
kabupaten,17,1705,13,2022,0.0566,"Non Basis",0.13,2.27
kabupaten,17,1705,14,2022,1.0586,Basis,9.11,8.61
kabupaten,17,1705,15,2022,0.8096,"Non Basis",5.08,6.28
kabupaten,17,1705,16,2022,0.4968,"Non Basis",0.97,1.94
kabupaten,17,1705,17,2022,0.7778,"Non Basis",0.66,0.85
kabupaten,17,1705,1,2023,1.7262,Basis,46.38,26.87
kabupaten,17,1705,2,2023,1.0254,Basis,3.38,3.29
kabupaten,17,1705,3,2023,1.4801,Basis,8.29,5.6
kabupaten,17,1705,4,2023,1.1544,Basis,0.13,0.11
kabupaten,17,1705,5,2023,0.8387,"Non Basis",0.18,0.22
kabupaten,17,1705,6,2023,1.18,Basis,5.37,4.55
kabupaten,17,1705,7,2023,0.5525,"Non Basis",8.62,15.6
kabupaten,17,1705,8,2023,0.2739,"Non Basis",2.39,8.74
kabupaten,17,1705,9,2023,0.9215,"Non Basis",1.72,1.87
kabupaten,17,1705,10,2023,0.2557,"Non Basis",1.4,5.46
kabupaten,17,1705,11,2023,0.2674,"Non Basis",0.8,3
kabupaten,17,1705,12,2023,1.1202,Basis,4.87,4.34
kabupaten,17,1705,13,2023,0.0579,"Non Basis",0.14,2.34
kabupaten,17,1705,14,2023,1.0748,Basis,9.42,8.77
kabupaten,17,1705,15,2023,0.8224,"Non Basis",5.2,6.32
kabupaten,17,1705,16,2023,0.5043,"Non Basis",1.02,2.03
kabupaten,17,1705,17,2023,0.7795,"Non Basis",0.7,0.89
kabupaten,17,1705,1,2024,1.73,Basis,45.56,26.34
kabupaten,17,1705,2,2024,1.0357,Basis,3.35,3.23
kabupaten,17,1705,3,2024,1.5362,Basis,8.35,5.43
kabupaten,17,1705,4,2024,1.1674,Basis,0.13,0.11
kabupaten,17,1705,5,2024,0.846,"Non Basis",0.18,0.22
kabupaten,17,1705,6,2024,1.1756,Basis,5.4,4.59
kabupaten,17,1705,7,2024,0.5599,"Non Basis",8.63,15.41
kabupaten,17,1705,8,2024,0.2787,"Non Basis",2.42,8.68
kabupaten,17,1705,9,2024,0.9404,"Non Basis",1.84,1.95
kabupaten,17,1705,10,2024,0.2574,"Non Basis",1.47,5.7
kabupaten,17,1705,11,2024,0.268,"Non Basis",0.81,3.02
kabupaten,17,1705,12,2024,1.1277,Basis,4.88,4.33
kabupaten,17,1705,13,2024,0.0584,"Non Basis",0.14,2.42
kabupaten,17,1705,14,2024,1.072,Basis,9.74,9.08
kabupaten,17,1705,15,2024,0.8268,"Non Basis",5.31,6.43
kabupaten,17,1705,16,2024,0.4993,"Non Basis",1.05,2.11
kabupaten,17,1705,17,2024,0.7883,"Non Basis",0.74,0.93
kabupaten,17,1705,1,2025,1.7064,Basis,44.64,26.16
kabupaten,17,1705,2,2025,1.1311,Basis,3.35,2.96
kabupaten,17,1705,3,2025,1.5686,Basis,8.9,5.67
kabupaten,17,1705,4,2025,1.1764,Basis,0.13,0.11
kabupaten,17,1705,5,2025,0.8543,"Non Basis",0.18,0.21
kabupaten,17,1705,6,2025,1.1584,Basis,5.24,4.52
kabupaten,17,1705,7,2025,0.5649,"Non Basis",8.57,15.18
kabupaten,17,1705,8,2025,0.2945,"Non Basis",2.55,8.66
kabupaten,17,1705,9,2025,0.9605,"Non Basis",2,2.08
kabupaten,17,1705,10,2025,0.2618,"Non Basis",1.55,5.91
kabupaten,17,1705,11,2025,0.2678,"Non Basis",0.85,3.16
kabupaten,17,1705,12,2025,1.1372,Basis,4.95,4.35
kabupaten,17,1705,13,2025,0.0589,"Non Basis",0.15,2.49
kabupaten,17,1705,14,2025,1.0835,Basis,9.55,8.81
kabupaten,17,1705,15,2025,0.8402,"Non Basis",5.52,6.58
kabupaten,17,1705,16,2025,0.505,"Non Basis",1.09,2.16
kabupaten,17,1705,17,2025,0.7967,"Non Basis",0.79,0.99
kabupaten,17,1771,1,2021,0.2804,"Non Basis",7.68,27.4
kabupaten,17,1771,2,2021,0.0397,"Non Basis",0.14,3.42
kabupaten,17,1771,3,2021,0.5539,"Non Basis",3.22,5.8
kabupaten,17,1771,4,2021,1.067,Basis,0.12,0.11
kabupaten,17,1771,5,2021,1.2651,Basis,0.27,0.21
kabupaten,17,1771,6,2021,0.9413,"Non Basis",4.42,4.7
kabupaten,17,1771,7,2021,1.3663,Basis,21.61,15.81
kabupaten,17,1771,8,2021,1.9174,Basis,14.98,7.81
kabupaten,17,1771,9,2021,1.1699,Basis,2,1.71
kabupaten,17,1771,10,2021,1.9963,Basis,9.98,5
kabupaten,17,1771,11,2021,1.3819,Basis,4.97,3.6
kabupaten,17,1771,12,2021,1.2376,Basis,5.35,4.32
kabupaten,17,1771,13,2021,2.8568,Basis,6.06,2.12
kabupaten,17,1771,14,2021,0.7757,"Non Basis",6.95,8.96
kabupaten,17,1771,15,2021,1.2888,Basis,8.05,6.24
kabupaten,17,1771,16,2021,1.527,Basis,3,1.96
kabupaten,17,1771,17,2021,1.4828,Basis,1.21,0.82
kabupaten,17,1771,1,2022,0.2742,"Non Basis",7.53,27.44
kabupaten,17,1771,2,2022,0.0406,"Non Basis",0.13,3.18
kabupaten,17,1771,3,2022,0.5437,"Non Basis",3.12,5.74
kabupaten,17,1771,4,2022,1.0352,Basis,0.12,0.11
kabupaten,17,1771,5,2022,1.2348,Basis,0.27,0.21
kabupaten,17,1771,6,2022,0.9286,"Non Basis",4.19,4.52
kabupaten,17,1771,7,2022,1.3486,Basis,21.29,15.78
kabupaten,17,1771,8,2022,1.9418,Basis,16.5,8.5
kabupaten,17,1771,9,2022,1.1568,Basis,2.05,1.77
kabupaten,17,1771,10,2022,1.9577,Basis,10.16,5.19
kabupaten,17,1771,11,2022,1.3684,Basis,4.51,3.3
kabupaten,17,1771,12,2022,1.2095,Basis,5.21,4.3
kabupaten,17,1771,13,2022,2.8088,Basis,6.36,2.27
kabupaten,17,1771,14,2022,0.7655,"Non Basis",6.59,8.61
kabupaten,17,1771,15,2022,1.2507,Basis,7.86,6.28
kabupaten,17,1771,16,2022,1.4935,Basis,2.9,1.94
kabupaten,17,1771,17,2022,1.4408,Basis,1.22,0.85
kabupaten,17,1771,1,2023,0.2768,"Non Basis",7.44,26.87
kabupaten,17,1771,2,2023,0.038,"Non Basis",0.13,3.29
kabupaten,17,1771,3,2023,0.5365,"Non Basis",3.01,5.6
kabupaten,17,1771,4,2023,1.0144,Basis,0.12,0.11
kabupaten,17,1771,5,2023,1.2465,Basis,0.27,0.22
kabupaten,17,1771,6,2023,0.9214,"Non Basis",4.19,4.55
kabupaten,17,1771,7,2023,1.355,Basis,21.14,15.6
kabupaten,17,1771,8,2023,1.9144,Basis,16.73,8.74
kabupaten,17,1771,9,2023,1.1416,Basis,2.13,1.87
kabupaten,17,1771,10,2023,1.9333,Basis,10.55,5.46
kabupaten,17,1771,11,2023,1.3516,Basis,4.06,3
kabupaten,17,1771,12,2023,1.1853,Basis,5.15,4.34
kabupaten,17,1771,13,2023,2.7769,Basis,6.51,2.34
kabupaten,17,1771,14,2023,0.755,"Non Basis",6.62,8.77
kabupaten,17,1771,15,2023,1.2212,Basis,7.72,6.32
kabupaten,17,1771,16,2023,1.4734,Basis,2.98,2.03
kabupaten,17,1771,17,2023,1.4203,Basis,1.27,0.89
kabupaten,17,1771,1,2024,0.2804,"Non Basis",7.38,26.34
kabupaten,17,1771,2,2024,0.0383,"Non Basis",0.12,3.23
kabupaten,17,1771,3,2024,0.5361,"Non Basis",2.91,5.43
kabupaten,17,1771,4,2024,1.0049,Basis,0.11,0.11
kabupaten,17,1771,5,2024,1.238,Basis,0.27,0.22
kabupaten,17,1771,6,2024,0.9099,"Non Basis",4.18,4.59
kabupaten,17,1771,7,2024,1.3434,Basis,20.7,15.41
kabupaten,17,1771,8,2024,1.9,Basis,16.5,8.68
kabupaten,17,1771,9,2024,1.1338,Basis,2.21,1.95
kabupaten,17,1771,10,2024,1.9157,Basis,10.91,5.7
kabupaten,17,1771,11,2024,1.3379,Basis,4.05,3.02
kabupaten,17,1771,12,2024,1.1766,Basis,5.09,4.33
kabupaten,17,1771,13,2024,2.7525,Basis,6.67,2.42
kabupaten,17,1771,14,2024,0.7394,"Non Basis",6.71,9.08
kabupaten,17,1771,15,2024,1.2068,Basis,7.75,6.43
kabupaten,17,1771,16,2024,1.4663,Basis,3.1,2.11
kabupaten,17,1771,17,2024,1.41,Basis,1.32,0.93
kabupaten,17,1771,1,2025,0.2825,"Non Basis",7.39,26.16
kabupaten,17,1771,2,2025,0.0417,"Non Basis",0.12,2.96
kabupaten,17,1771,3,2025,0.5315,"Non Basis",3.02,5.67
kabupaten,17,1771,4,2025,0.9959,"Non Basis",0.11,0.11
kabupaten,17,1771,5,2025,1.2354,Basis,0.26,0.21
kabupaten,17,1771,6,2025,0.9112,"Non Basis",4.12,4.52
kabupaten,17,1771,7,2025,1.338,Basis,20.31,15.18
kabupaten,17,1771,8,2025,1.8504,Basis,16.02,8.66
kabupaten,17,1771,9,2025,1.1293,Basis,2.35,2.08
kabupaten,17,1771,10,2025,1.9015,Basis,11.23,5.91
kabupaten,17,1771,11,2025,1.3382,Basis,4.23,3.16
kabupaten,17,1771,12,2025,1.1686,Basis,5.09,4.35
kabupaten,17,1771,13,2025,2.734,Basis,6.81,2.49
kabupaten,17,1771,14,2025,0.7299,"Non Basis",6.43,8.81
kabupaten,17,1771,15,2025,1.2079,Basis,7.94,6.58
kabupaten,17,1771,16,2025,1.4709,Basis,3.18,2.16
kabupaten,17,1771,17,2025,1.4084,Basis,1.39,0.99
kabupaten,18,1804,1,2021,1.714,Basis,47.17,27.52
kabupaten,18,1804,2,2021,0.4347,"Non Basis",2.25,5.18
kabupaten,18,1804,3,2021,0.2612,"Non Basis",4.91,18.79
kabupaten,18,1804,4,2021,0.1127,"Non Basis",0.02,0.16
kabupaten,18,1804,5,2021,1.0229,Basis,0.11,0.11
kabupaten,18,1804,6,2021,0.4327,"Non Basis",4.44,10.25
kabupaten,18,1804,7,2021,1.0633,Basis,13.17,12.38
kabupaten,18,1804,8,2021,0.5152,"Non Basis",2.6,5.05
kabupaten,18,1804,9,2021,0.8012,"Non Basis",1.11,1.39
kabupaten,18,1804,10,2021,0.7296,"Non Basis",4.08,5.59
kabupaten,18,1804,11,2021,0.8556,"Non Basis",1.81,2.11
kabupaten,18,1804,12,2021,1.531,Basis,4.6,3.01
kabupaten,18,1804,13,2021,1.288,Basis,0.17,0.13
kabupaten,18,1804,14,2021,1.9048,Basis,6.27,3.29
kabupaten,18,1804,15,2021,1.4162,Basis,4.29,3.03
kabupaten,18,1804,16,2021,1.3765,Basis,1.54,1.12
kabupaten,18,1804,17,2021,1.6711,Basis,1.46,0.87
kabupaten,18,1804,1,2022,1.6943,Basis,45.6,26.92
kabupaten,18,1804,2,2022,0.4657,"Non Basis",2.23,4.78
kabupaten,18,1804,3,2022,0.2628,"Non Basis",4.75,18.09
kabupaten,18,1804,4,2022,0.1097,"Non Basis",0.02,0.17
kabupaten,18,1804,5,2022,0.9589,"Non Basis",0.11,0.11
kabupaten,18,1804,6,2022,0.4439,"Non Basis",4.53,10.21
kabupaten,18,1804,7,2022,1.0555,Basis,14.47,13.7
kabupaten,18,1804,8,2022,0.5219,"Non Basis",3.04,5.83
kabupaten,18,1804,9,2022,0.7901,"Non Basis",1.18,1.5
kabupaten,18,1804,10,2022,0.7664,"Non Basis",4.13,5.39
kabupaten,18,1804,11,2022,0.8673,"Non Basis",1.69,1.95
kabupaten,18,1804,12,2022,1.5211,Basis,4.54,2.98
kabupaten,18,1804,13,2022,1.1349,Basis,0.17,0.15
kabupaten,18,1804,14,2022,1.9134,Basis,5.96,3.12
kabupaten,18,1804,15,2022,1.4327,Basis,4.27,2.98
kabupaten,18,1804,16,2022,1.3832,Basis,1.49,1.07
kabupaten,18,1804,17,2022,1.7339,Basis,1.82,1.05
kabupaten,18,1804,1,2023,1.6863,Basis,43.65,25.89
kabupaten,18,1804,2,2023,0.4931,"Non Basis",2.32,4.71
kabupaten,18,1804,3,2023,0.2659,"Non Basis",4.67,17.55
kabupaten,18,1804,4,2023,0.116,"Non Basis",0.02,0.16
kabupaten,18,1804,5,2023,0.9442,"Non Basis",0.1,0.11
kabupaten,18,1804,6,2023,0.4495,"Non Basis",4.7,10.45
kabupaten,18,1804,7,2023,1.0595,Basis,15.25,14.39
kabupaten,18,1804,8,2023,0.5301,"Non Basis",3.44,6.49
kabupaten,18,1804,9,2023,0.7797,"Non Basis",1.27,1.62
kabupaten,18,1804,10,2023,0.7702,"Non Basis",4.27,5.54
kabupaten,18,1804,11,2023,0.8733,"Non Basis",1.68,1.92
kabupaten,18,1804,12,2023,1.5196,Basis,4.37,2.88
kabupaten,18,1804,13,2023,1.0867,Basis,0.17,0.15
kabupaten,18,1804,14,2023,2.1601,Basis,6.45,2.98
kabupaten,18,1804,15,2023,1.4331,Basis,4.18,2.92
kabupaten,18,1804,16,2023,1.3597,Basis,1.45,1.07
kabupaten,18,1804,17,2023,1.7459,Basis,2.02,1.16
kabupaten,18,1804,1,2024,1.7257,Basis,41.89,24.27
kabupaten,18,1804,2,2024,0.5162,"Non Basis",2.44,4.72
kabupaten,18,1804,3,2024,0.2736,"Non Basis",5,18.29
kabupaten,18,1804,4,2024,0.1326,"Non Basis",0.02,0.14
kabupaten,18,1804,5,2024,0.9301,"Non Basis",0.09,0.1
kabupaten,18,1804,6,2024,0.4702,"Non Basis",4.83,10.27
kabupaten,18,1804,7,2024,1.0657,Basis,15.72,14.75
kabupaten,18,1804,8,2024,0.5334,"Non Basis",3.64,6.82
kabupaten,18,1804,9,2024,0.7949,"Non Basis",1.3,1.64
kabupaten,18,1804,10,2024,0.7834,"Non Basis",4.51,5.76
kabupaten,18,1804,11,2024,0.8864,"Non Basis",1.71,1.93
kabupaten,18,1804,12,2024,1.5206,Basis,4.47,2.94
kabupaten,18,1804,13,2024,1.085,Basis,0.17,0.16
kabupaten,18,1804,14,2024,2.131,Basis,6.51,3.05
kabupaten,18,1804,15,2024,1.4338,Basis,4.06,2.83
kabupaten,18,1804,16,2024,1.3938,Basis,1.53,1.09
kabupaten,18,1804,17,2024,1.7259,Basis,2.11,1.23
kabupaten,18,1804,1,2025,1.7119,Basis,41.8,24.42
kabupaten,18,1804,2,2025,0.5062,"Non Basis",2.24,4.43
kabupaten,18,1804,3,2025,0.2873,"Non Basis",5.31,18.47
kabupaten,18,1804,4,2025,0.144,"Non Basis",0.02,0.13
kabupaten,18,1804,5,2025,0.8584,"Non Basis",0.08,0.1
kabupaten,18,1804,6,2025,0.4962,"Non Basis",5.11,10.3
kabupaten,18,1804,7,2025,1.0626,Basis,15.69,14.77
kabupaten,18,1804,8,2025,0.539,"Non Basis",3.75,6.95
kabupaten,18,1804,9,2025,0.8105,"Non Basis",1.36,1.68
kabupaten,18,1804,10,2025,0.7844,"Non Basis",4.48,5.72
kabupaten,18,1804,11,2025,0.879,"Non Basis",1.71,1.94
kabupaten,18,1804,12,2025,1.5122,Basis,4.39,2.9
kabupaten,18,1804,13,2025,1.0712,Basis,0.17,0.16
kabupaten,18,1804,14,2025,2.1173,Basis,6.31,2.98
kabupaten,18,1804,15,2025,1.4278,Basis,3.91,2.74
kabupaten,18,1804,16,2025,1.4167,Basis,1.51,1.06
kabupaten,18,1804,17,2025,1.7277,Basis,2.16,1.25
kabupaten,18,1801,1,2021,1.017,Basis,27.99,27.52
kabupaten,18,1801,2,2021,0.2977,"Non Basis",1.54,5.18
kabupaten,18,1801,3,2021,1.2459,Basis,23.42,18.79
kabupaten,18,1801,4,2021,0.8806,"Non Basis",0.14,0.16
kabupaten,18,1801,5,2021,1.1376,Basis,0.13,0.11
kabupaten,18,1801,6,2021,1.2728,Basis,13.05,10.25
kabupaten,18,1801,7,2021,1.0811,Basis,13.39,12.38
kabupaten,18,1801,8,2021,0.9965,"Non Basis",5.03,5.05
kabupaten,18,1801,9,2021,0.9243,"Non Basis",1.28,1.39
kabupaten,18,1801,10,2021,0.7314,"Non Basis",4.09,5.59
kabupaten,18,1801,11,2021,0.8329,"Non Basis",1.76,2.11
kabupaten,18,1801,12,2021,0.7697,"Non Basis",2.31,3.01
kabupaten,18,1801,13,2021,0.5971,"Non Basis",0.08,0.13
kabupaten,18,1801,14,2021,0.6557,"Non Basis",2.16,3.29
kabupaten,18,1801,15,2021,0.8045,"Non Basis",2.44,3.03
kabupaten,18,1801,16,2021,0.575,"Non Basis",0.64,1.12
kabupaten,18,1801,17,2021,0.6347,"Non Basis",0.55,0.87
kabupaten,18,1801,1,2022,1.0176,Basis,27.39,26.92
kabupaten,18,1801,2,2022,0.3142,"Non Basis",1.5,4.78
kabupaten,18,1801,3,2022,1.2638,Basis,22.86,18.09
kabupaten,18,1801,4,2022,0.8641,"Non Basis",0.14,0.17
kabupaten,18,1801,5,2022,1.1487,Basis,0.13,0.11
kabupaten,18,1801,6,2022,1.3082,Basis,13.36,10.21
kabupaten,18,1801,7,2022,1.0355,Basis,14.19,13.7
kabupaten,18,1801,8,2022,0.9332,"Non Basis",5.44,5.83
kabupaten,18,1801,9,2022,0.9042,"Non Basis",1.35,1.5
kabupaten,18,1801,10,2022,0.7308,"Non Basis",3.94,5.39
kabupaten,18,1801,11,2022,0.8448,"Non Basis",1.65,1.95
kabupaten,18,1801,12,2022,0.7574,"Non Basis",2.26,2.98
kabupaten,18,1801,13,2022,0.5807,"Non Basis",0.09,0.15
kabupaten,18,1801,14,2022,0.6556,"Non Basis",2.04,3.12
kabupaten,18,1801,15,2022,0.799,"Non Basis",2.38,2.98
kabupaten,18,1801,16,2022,0.5721,"Non Basis",0.61,1.07
kabupaten,18,1801,17,2022,0.6302,"Non Basis",0.66,1.05
kabupaten,18,1801,1,2023,1.0102,Basis,26.15,25.89
kabupaten,18,1801,2,2023,0.3103,"Non Basis",1.46,4.71
kabupaten,18,1801,3,2023,1.2727,Basis,22.34,17.55
kabupaten,18,1801,4,2023,0.875,"Non Basis",0.14,0.16
kabupaten,18,1801,5,2023,1.191,Basis,0.13,0.11
kabupaten,18,1801,6,2023,1.3199,Basis,13.8,10.45
kabupaten,18,1801,7,2023,1.0666,Basis,15.35,14.39
kabupaten,18,1801,8,2023,0.8887,"Non Basis",5.77,6.49
kabupaten,18,1801,9,2023,0.8873,"Non Basis",1.44,1.62
kabupaten,18,1801,10,2023,0.7086,"Non Basis",3.93,5.54
kabupaten,18,1801,11,2023,0.8222,"Non Basis",1.58,1.92
kabupaten,18,1801,12,2023,0.76,"Non Basis",2.19,2.88
kabupaten,18,1801,13,2023,0.5574,"Non Basis",0.09,0.15
kabupaten,18,1801,14,2023,0.6628,"Non Basis",1.98,2.98
kabupaten,18,1801,15,2023,0.7993,"Non Basis",2.33,2.92
kabupaten,18,1801,16,2023,0.5696,"Non Basis",0.61,1.07
kabupaten,18,1801,17,2023,0.6282,"Non Basis",0.73,1.16
kabupaten,18,1801,1,2024,1.01,Basis,24.51,24.27
kabupaten,18,1801,2,2024,0.3071,"Non Basis",1.45,4.72
kabupaten,18,1801,3,2024,1.238,Basis,22.64,18.29
kabupaten,18,1801,4,2024,0.9555,"Non Basis",0.14,0.14
kabupaten,18,1801,5,2024,1.184,Basis,0.12,0.1
kabupaten,18,1801,6,2024,1.3533,Basis,13.9,10.27
kabupaten,18,1801,7,2024,1.0934,Basis,16.13,14.75
kabupaten,18,1801,8,2024,0.8881,"Non Basis",6.06,6.82
kabupaten,18,1801,9,2024,0.8824,"Non Basis",1.45,1.64
kabupaten,18,1801,10,2024,0.6989,"Non Basis",4.02,5.76
kabupaten,18,1801,11,2024,0.8332,"Non Basis",1.61,1.93
kabupaten,18,1801,12,2024,0.7576,"Non Basis",2.23,2.94
kabupaten,18,1801,13,2024,0.5583,"Non Basis",0.09,0.16
kabupaten,18,1801,14,2024,0.663,"Non Basis",2.03,3.05
kabupaten,18,1801,15,2024,0.7962,"Non Basis",2.25,2.83
kabupaten,18,1801,16,2024,0.563,"Non Basis",0.62,1.09
kabupaten,18,1801,17,2024,0.6236,"Non Basis",0.76,1.23
kabupaten,18,1801,1,2025,1.0095,Basis,24.65,24.42
kabupaten,18,1801,2,2025,0.3146,"Non Basis",1.39,4.43
kabupaten,18,1801,3,2025,1.2335,Basis,22.78,18.47
kabupaten,18,1801,4,2025,1.0289,Basis,0.14,0.13
kabupaten,18,1801,5,2025,1.1713,Basis,0.11,0.1
kabupaten,18,1801,6,2025,1.3373,Basis,13.77,10.3
kabupaten,18,1801,7,2025,1.094,Basis,16.16,14.77
kabupaten,18,1801,8,2025,0.8896,"Non Basis",6.18,6.95
kabupaten,18,1801,9,2025,0.8915,"Non Basis",1.5,1.68
kabupaten,18,1801,10,2025,0.693,"Non Basis",3.96,5.72
kabupaten,18,1801,11,2025,0.824,"Non Basis",1.6,1.94
kabupaten,18,1801,12,2025,0.7558,"Non Basis",2.19,2.9
kabupaten,18,1801,13,2025,0.5612,"Non Basis",0.09,0.16
kabupaten,18,1801,14,2025,0.6441,"Non Basis",1.92,2.98
kabupaten,18,1801,15,2025,0.7962,"Non Basis",2.18,2.74
kabupaten,18,1801,16,2025,0.5481,"Non Basis",0.58,1.06
kabupaten,18,1801,17,2025,0.6305,"Non Basis",0.79,1.25
kabupaten,18,1807,1,2021,1.2318,Basis,33.9,27.52
kabupaten,18,1807,2,2021,4.5308,Basis,23.48,5.18
kabupaten,18,1807,3,2021,0.4418,"Non Basis",8.3,18.79
kabupaten,18,1807,4,2021,3.174,Basis,0.52,0.16
kabupaten,18,1807,5,2021,0.538,"Non Basis",0.06,0.11
kabupaten,18,1807,6,2021,0.5898,"Non Basis",6.05,10.25
kabupaten,18,1807,7,2021,0.7479,"Non Basis",9.26,12.38
kabupaten,18,1807,8,2021,0.3855,"Non Basis",1.95,5.05
kabupaten,18,1807,9,2021,0.7117,"Non Basis",0.99,1.39
kabupaten,18,1807,10,2021,0.8484,"Non Basis",4.75,5.59
kabupaten,18,1807,11,2021,0.618,"Non Basis",1.3,2.11
kabupaten,18,1807,12,2021,0.7321,"Non Basis",2.2,3.01
kabupaten,18,1807,13,2021,0.5346,"Non Basis",0.07,0.13
kabupaten,18,1807,14,2021,0.8622,"Non Basis",2.84,3.29
kabupaten,18,1807,15,2021,0.883,"Non Basis",2.67,3.03
kabupaten,18,1807,16,2021,0.6813,"Non Basis",0.76,1.12
kabupaten,18,1807,17,2021,1.0349,Basis,0.9,0.87
kabupaten,18,1807,1,2022,1.252,Basis,33.7,26.92
kabupaten,18,1807,2,2022,4.4052,Basis,21.07,4.78
kabupaten,18,1807,3,2022,0.4596,"Non Basis",8.31,18.09
kabupaten,18,1807,4,2022,3.3918,Basis,0.56,0.17
kabupaten,18,1807,5,2022,0.5554,"Non Basis",0.06,0.11
kabupaten,18,1807,6,2022,0.6253,"Non Basis",6.38,10.21
kabupaten,18,1807,7,2022,0.7897,"Non Basis",10.82,13.7
kabupaten,18,1807,8,2022,0.4067,"Non Basis",2.37,5.83
kabupaten,18,1807,9,2022,0.734,"Non Basis",1.1,1.5
kabupaten,18,1807,10,2022,0.873,"Non Basis",4.71,5.39
kabupaten,18,1807,11,2022,0.6327,"Non Basis",1.23,1.95
kabupaten,18,1807,12,2022,0.7458,"Non Basis",2.22,2.98
kabupaten,18,1807,13,2022,0.5378,"Non Basis",0.08,0.15
kabupaten,18,1807,14,2022,0.8881,"Non Basis",2.77,3.12
kabupaten,18,1807,15,2022,0.9002,"Non Basis",2.68,2.98
kabupaten,18,1807,16,2022,0.6927,"Non Basis",0.74,1.07
kabupaten,18,1807,17,2022,1.1184,Basis,1.17,1.05
kabupaten,18,1807,1,2023,1.2579,Basis,32.56,25.89
kabupaten,18,1807,2,2023,4.2974,Basis,20.25,4.71
kabupaten,18,1807,3,2023,0.467,"Non Basis",8.2,17.55
kabupaten,18,1807,4,2023,3.3465,Basis,0.54,0.16
kabupaten,18,1807,5,2023,0.5591,"Non Basis",0.06,0.11
kabupaten,18,1807,6,2023,0.6456,"Non Basis",6.75,10.45
kabupaten,18,1807,7,2023,0.828,"Non Basis",11.91,14.39
kabupaten,18,1807,8,2023,0.416,"Non Basis",2.7,6.49
kabupaten,18,1807,9,2023,0.7494,"Non Basis",1.22,1.62
kabupaten,18,1807,10,2023,0.8803,"Non Basis",4.88,5.54
kabupaten,18,1807,11,2023,0.6424,"Non Basis",1.24,1.92
kabupaten,18,1807,12,2023,0.7537,"Non Basis",2.17,2.88
kabupaten,18,1807,13,2023,0.5383,"Non Basis",0.08,0.15
kabupaten,18,1807,14,2023,0.9206,"Non Basis",2.75,2.98
kabupaten,18,1807,15,2023,0.91,"Non Basis",2.65,2.92
kabupaten,18,1807,16,2023,0.6946,"Non Basis",0.74,1.07
kabupaten,18,1807,17,2023,1.127,Basis,1.31,1.16
kabupaten,18,1807,1,2024,1.2718,Basis,30.87,24.27
kabupaten,18,1807,2,2024,4.2511,Basis,20.08,4.72
kabupaten,18,1807,3,2024,0.483,"Non Basis",8.83,18.29
kabupaten,18,1807,4,2024,2.7653,Basis,0.4,0.14
kabupaten,18,1807,5,2024,0.5615,"Non Basis",0.06,0.1
kabupaten,18,1807,6,2024,0.6512,"Non Basis",6.69,10.27
kabupaten,18,1807,7,2024,0.8607,"Non Basis",12.7,14.75
kabupaten,18,1807,8,2024,0.4251,"Non Basis",2.9,6.82
kabupaten,18,1807,9,2024,0.7602,"Non Basis",1.25,1.64
kabupaten,18,1807,10,2024,0.883,"Non Basis",5.08,5.76
kabupaten,18,1807,11,2024,0.6586,"Non Basis",1.27,1.93
kabupaten,18,1807,12,2024,0.7651,"Non Basis",2.25,2.94
kabupaten,18,1807,13,2024,0.5385,"Non Basis",0.09,0.16
kabupaten,18,1807,14,2024,0.9197,"Non Basis",2.81,3.05
kabupaten,18,1807,15,2024,0.9108,"Non Basis",2.58,2.83
kabupaten,18,1807,16,2024,0.6961,"Non Basis",0.76,1.09
kabupaten,18,1807,17,2024,1.1357,Basis,1.39,1.23
kabupaten,18,1807,1,2025,1.3028,Basis,31.81,24.42
kabupaten,18,1807,2,2025,4.0621,Basis,18.01,4.43
kabupaten,18,1807,3,2025,0.4901,"Non Basis",9.05,18.47
kabupaten,18,1807,4,2025,2.2486,Basis,0.3,0.13
kabupaten,18,1807,5,2025,0.5803,"Non Basis",0.06,0.1
kabupaten,18,1807,6,2025,0.6771,"Non Basis",6.97,10.3
kabupaten,18,1807,7,2025,0.8967,"Non Basis",13.24,14.77
kabupaten,18,1807,8,2025,0.4536,"Non Basis",3.15,6.95
kabupaten,18,1807,9,2025,0.7981,"Non Basis",1.34,1.68
kabupaten,18,1807,10,2025,0.8799,"Non Basis",5.03,5.72
kabupaten,18,1807,11,2025,0.6602,"Non Basis",1.28,1.94
kabupaten,18,1807,12,2025,0.7696,"Non Basis",2.23,2.9
kabupaten,18,1807,13,2025,0.5417,"Non Basis",0.09,0.16
kabupaten,18,1807,14,2025,0.9071,"Non Basis",2.7,2.98
kabupaten,18,1807,15,2025,0.9251,"Non Basis",2.53,2.74
kabupaten,18,1807,16,2025,0.692,"Non Basis",0.74,1.06
kabupaten,18,1807,17,2025,1.1645,Basis,1.46,1.25
kabupaten,18,1803,1,2021,1.2521,Basis,34.46,27.52
kabupaten,18,1803,2,2021,0.6449,"Non Basis",3.34,5.18
kabupaten,18,1803,3,2021,0.722,"Non Basis",13.57,18.79
kabupaten,18,1803,4,2021,0.5488,"Non Basis",0.09,0.16
kabupaten,18,1803,5,2021,0.541,"Non Basis",0.06,0.11
kabupaten,18,1803,6,2021,0.8484,"Non Basis",8.7,10.25
kabupaten,18,1803,7,2021,1.0616,Basis,13.14,12.38
kabupaten,18,1803,8,2021,1.0976,Basis,5.54,5.05
kabupaten,18,1803,9,2021,0.8187,"Non Basis",1.14,1.39
kabupaten,18,1803,10,2021,1.1123,Basis,6.22,5.59
kabupaten,18,1803,11,2021,0.8725,"Non Basis",1.84,2.11
kabupaten,18,1803,12,2021,0.9005,"Non Basis",2.71,3.01
kabupaten,18,1803,13,2021,0.7088,"Non Basis",0.1,0.13
kabupaten,18,1803,14,2021,1.0608,Basis,3.49,3.29
kabupaten,18,1803,15,2021,1.2637,Basis,3.83,3.03
kabupaten,18,1803,16,2021,0.9386,"Non Basis",1.05,1.12
kabupaten,18,1803,17,2021,0.8291,"Non Basis",0.72,0.87
kabupaten,18,1803,1,2022,1.258,Basis,33.86,26.92
kabupaten,18,1803,2,2022,0.676,"Non Basis",3.23,4.78
kabupaten,18,1803,3,2022,0.7611,"Non Basis",13.77,18.09
kabupaten,18,1803,4,2022,0.5221,"Non Basis",0.09,0.17
kabupaten,18,1803,5,2022,0.5273,"Non Basis",0.06,0.11
kabupaten,18,1803,6,2022,0.8366,"Non Basis",8.54,10.21
kabupaten,18,1803,7,2022,0.9831,"Non Basis",13.47,13.7
kabupaten,18,1803,8,2022,1.0118,Basis,5.89,5.83
kabupaten,18,1803,9,2022,0.7504,"Non Basis",1.12,1.5
kabupaten,18,1803,10,2022,1.1879,Basis,6.4,5.39
kabupaten,18,1803,11,2022,0.8976,"Non Basis",1.75,1.95
kabupaten,18,1803,12,2022,0.8842,"Non Basis",2.64,2.98
kabupaten,18,1803,13,2022,0.648,"Non Basis",0.1,0.15
kabupaten,18,1803,14,2022,1.0824,Basis,3.37,3.12
kabupaten,18,1803,15,2022,1.283,Basis,3.82,2.98
kabupaten,18,1803,16,2022,0.9444,"Non Basis",1.01,1.07
kabupaten,18,1803,17,2022,0.8172,"Non Basis",0.86,1.05
kabupaten,18,1803,1,2023,1.2568,Basis,32.53,25.89
kabupaten,18,1803,2,2023,0.6868,"Non Basis",3.24,4.71
kabupaten,18,1803,3,2023,0.7583,"Non Basis",13.31,17.55
kabupaten,18,1803,4,2023,0.5511,"Non Basis",0.09,0.16
kabupaten,18,1803,5,2023,0.5262,"Non Basis",0.06,0.11
kabupaten,18,1803,6,2023,0.8372,"Non Basis",8.75,10.45
kabupaten,18,1803,7,2023,0.9597,"Non Basis",13.81,14.39
kabupaten,18,1803,8,2023,1.0257,Basis,6.66,6.49
kabupaten,18,1803,9,2023,0.746,"Non Basis",1.21,1.62
kabupaten,18,1803,10,2023,1.2146,Basis,6.73,5.54
kabupaten,18,1803,11,2023,0.91,"Non Basis",1.75,1.92
kabupaten,18,1803,12,2023,0.8889,"Non Basis",2.56,2.88
kabupaten,18,1803,13,2023,0.6505,"Non Basis",0.1,0.15
kabupaten,18,1803,14,2023,1.1328,Basis,3.38,2.98
kabupaten,18,1803,15,2023,1.3178,Basis,3.84,2.92
kabupaten,18,1803,16,2023,0.9692,"Non Basis",1.03,1.07
kabupaten,18,1803,17,2023,0.816,"Non Basis",0.95,1.16
kabupaten,18,1803,1,2024,1.2198,Basis,29.61,24.27
kabupaten,18,1803,2,2024,0.6795,"Non Basis",3.21,4.72
kabupaten,18,1803,3,2024,0.7576,"Non Basis",13.86,18.29
kabupaten,18,1803,4,2024,0.6287,"Non Basis",0.09,0.14
kabupaten,18,1803,5,2024,0.5303,"Non Basis",0.05,0.1
kabupaten,18,1803,6,2024,0.9116,"Non Basis",9.36,10.27
kabupaten,18,1803,7,2024,0.9494,"Non Basis",14,14.75
kabupaten,18,1803,8,2024,1.12,Basis,7.64,6.82
kabupaten,18,1803,9,2024,0.7525,"Non Basis",1.23,1.64
kabupaten,18,1803,10,2024,1.2347,Basis,7.11,5.76
kabupaten,18,1803,11,2024,0.8973,"Non Basis",1.73,1.93
kabupaten,18,1803,12,2024,0.882,"Non Basis",2.59,2.94
kabupaten,18,1803,13,2024,0.633,"Non Basis",0.1,0.16
kabupaten,18,1803,14,2024,1.161,Basis,3.55,3.05
kabupaten,18,1803,15,2024,1.3423,Basis,3.8,2.83
kabupaten,18,1803,16,2024,0.9808,"Non Basis",1.07,1.09
kabupaten,18,1803,17,2024,0.8108,"Non Basis",0.99,1.23
kabupaten,18,1803,1,2025,1.2068,Basis,29.47,24.42
kabupaten,18,1803,2,2025,0.7185,"Non Basis",3.19,4.43
kabupaten,18,1803,3,2025,0.7613,"Non Basis",14.06,18.47
kabupaten,18,1803,4,2025,0.6877,"Non Basis",0.09,0.13
kabupaten,18,1803,5,2025,0.518,"Non Basis",0.05,0.1
kabupaten,18,1803,6,2025,0.9002,"Non Basis",9.27,10.3
kabupaten,18,1803,7,2025,0.9424,"Non Basis",13.92,14.77
kabupaten,18,1803,8,2025,1.1352,Basis,7.89,6.95
kabupaten,18,1803,9,2025,0.7897,"Non Basis",1.33,1.68
kabupaten,18,1803,10,2025,1.2516,Basis,7.15,5.72
kabupaten,18,1803,11,2025,0.8848,"Non Basis",1.72,1.94
kabupaten,18,1803,12,2025,0.8761,"Non Basis",2.54,2.9
kabupaten,18,1803,13,2025,0.6401,"Non Basis",0.1,0.16
kabupaten,18,1803,14,2025,1.1572,Basis,3.45,2.98
kabupaten,18,1803,15,2025,1.3702,Basis,3.75,2.74
kabupaten,18,1803,16,2025,0.975,"Non Basis",1.04,1.06
kabupaten,18,1803,17,2025,0.7888,"Non Basis",0.99,1.25
kabupaten,18,1811,1,2021,1.5034,Basis,41.38,27.52
kabupaten,18,1811,2,2021,0.1107,"Non Basis",0.57,5.18
kabupaten,18,1811,3,2021,1.2732,Basis,23.93,18.79
kabupaten,18,1811,4,2021,0.8844,"Non Basis",0.14,0.16
kabupaten,18,1811,5,2021,0.261,"Non Basis",0.03,0.11
kabupaten,18,1811,6,2021,0.8129,"Non Basis",8.33,10.25
kabupaten,18,1811,7,2021,0.9668,"Non Basis",11.97,12.38
kabupaten,18,1811,8,2021,0.3456,"Non Basis",1.74,5.05
kabupaten,18,1811,9,2021,0.6262,"Non Basis",0.87,1.39
kabupaten,18,1811,10,2021,0.4907,"Non Basis",2.75,5.59
kabupaten,18,1811,11,2021,0.1637,"Non Basis",0.35,2.11
kabupaten,18,1811,12,2021,0.793,"Non Basis",2.38,3.01
kabupaten,18,1811,13,2021,0.122,"Non Basis",0.02,0.13
kabupaten,18,1811,14,2021,0.7764,"Non Basis",2.56,3.29
kabupaten,18,1811,15,2021,0.6949,"Non Basis",2.1,3.03
kabupaten,18,1811,16,2021,0.4467,"Non Basis",0.5,1.12
kabupaten,18,1811,17,2021,0.4332,"Non Basis",0.38,0.87
kabupaten,18,1811,1,2022,1.4907,Basis,40.12,26.92
kabupaten,18,1811,2,2022,0.1185,"Non Basis",0.57,4.78
kabupaten,18,1811,3,2022,1.2895,Basis,23.33,18.09
kabupaten,18,1811,4,2022,0.8786,"Non Basis",0.15,0.17
kabupaten,18,1811,5,2022,0.2623,"Non Basis",0.03,0.11
kabupaten,18,1811,6,2022,0.8205,"Non Basis",8.38,10.21
kabupaten,18,1811,7,2022,0.9835,"Non Basis",13.48,13.7
kabupaten,18,1811,8,2022,0.3564,"Non Basis",2.08,5.83
kabupaten,18,1811,9,2022,0.6402,"Non Basis",0.96,1.5
kabupaten,18,1811,10,2022,0.4945,"Non Basis",2.67,5.39
kabupaten,18,1811,11,2022,0.1668,"Non Basis",0.33,1.95
kabupaten,18,1811,12,2022,0.7989,"Non Basis",2.38,2.98
kabupaten,18,1811,13,2022,0.118,"Non Basis",0.02,0.15
kabupaten,18,1811,14,2022,0.7984,"Non Basis",2.49,3.12
kabupaten,18,1811,15,2022,0.7006,"Non Basis",2.09,2.98
kabupaten,18,1811,16,2022,0.4478,"Non Basis",0.48,1.07
kabupaten,18,1811,17,2022,0.4441,"Non Basis",0.47,1.05
kabupaten,18,1811,1,2023,1.4897,Basis,38.56,25.89
kabupaten,18,1811,2,2023,0.124,"Non Basis",0.58,4.71
kabupaten,18,1811,3,2023,1.3171,Basis,23.12,17.55
kabupaten,18,1811,4,2023,0.9283,"Non Basis",0.15,0.16
kabupaten,18,1811,5,2023,0.2696,"Non Basis",0.03,0.11
kabupaten,18,1811,6,2023,0.8368,"Non Basis",8.75,10.45
kabupaten,18,1811,7,2023,1.007,Basis,14.49,14.39
kabupaten,18,1811,8,2023,0.3634,"Non Basis",2.36,6.49
kabupaten,18,1811,9,2023,0.6485,"Non Basis",1.05,1.62
kabupaten,18,1811,10,2023,0.4986,"Non Basis",2.76,5.54
kabupaten,18,1811,11,2023,0.1686,"Non Basis",0.32,1.92
kabupaten,18,1811,12,2023,0.8082,"Non Basis",2.33,2.88
kabupaten,18,1811,13,2023,0.118,"Non Basis",0.02,0.15
kabupaten,18,1811,14,2023,0.8076,"Non Basis",2.41,2.98
kabupaten,18,1811,15,2023,0.7087,"Non Basis",2.07,2.92
kabupaten,18,1811,16,2023,0.4513,"Non Basis",0.48,1.07
kabupaten,18,1811,17,2023,0.4469,"Non Basis",0.52,1.16
kabupaten,18,1811,1,2024,1.4876,Basis,36.11,24.27
kabupaten,18,1811,2,2024,0.1223,"Non Basis",0.58,4.72
kabupaten,18,1811,3,2024,1.3513,Basis,24.71,18.29
kabupaten,18,1811,4,2024,1.0423,Basis,0.15,0.14
kabupaten,18,1811,5,2024,0.2654,"Non Basis",0.03,0.1
kabupaten,18,1811,6,2024,0.8548,"Non Basis",8.78,10.27
kabupaten,18,1811,7,2024,1.0188,Basis,15.03,14.75
kabupaten,18,1811,8,2024,0.3658,"Non Basis",2.49,6.82
kabupaten,18,1811,9,2024,0.6479,"Non Basis",1.06,1.64
kabupaten,18,1811,10,2024,0.4984,"Non Basis",2.87,5.76
kabupaten,18,1811,11,2024,0.1684,"Non Basis",0.32,1.93
kabupaten,18,1811,12,2024,0.8051,"Non Basis",2.36,2.94
kabupaten,18,1811,13,2024,0.1192,"Non Basis",0.02,0.16
kabupaten,18,1811,14,2024,0.8009,"Non Basis",2.45,3.05
kabupaten,18,1811,15,2024,0.7088,"Non Basis",2.01,2.83
kabupaten,18,1811,16,2024,0.446,"Non Basis",0.49,1.09
kabupaten,18,1811,17,2024,0.4401,"Non Basis",0.54,1.23
kabupaten,18,1811,1,2025,1.4611,Basis,35.68,24.42
kabupaten,18,1811,2,2025,0.122,"Non Basis",0.54,4.43
kabupaten,18,1811,3,2025,1.3658,Basis,25.23,18.47
kabupaten,18,1811,4,2025,1.1437,Basis,0.15,0.13
kabupaten,18,1811,5,2025,0.2504,"Non Basis",0.02,0.1
kabupaten,18,1811,6,2025,0.854,"Non Basis",8.79,10.3
kabupaten,18,1811,7,2025,1.024,Basis,15.12,14.77
kabupaten,18,1811,8,2025,0.3618,"Non Basis",2.52,6.95
kabupaten,18,1811,9,2025,0.6432,"Non Basis",1.08,1.68
kabupaten,18,1811,10,2025,0.503,"Non Basis",2.88,5.72
kabupaten,18,1811,11,2025,0.1674,"Non Basis",0.32,1.94
kabupaten,18,1811,12,2025,0.8032,"Non Basis",2.33,2.9
kabupaten,18,1811,13,2025,0.1211,"Non Basis",0.02,0.16
kabupaten,18,1811,14,2025,0.7962,"Non Basis",2.37,2.98
kabupaten,18,1811,15,2025,0.7064,"Non Basis",1.93,2.74
kabupaten,18,1811,16,2025,0.4421,"Non Basis",0.47,1.06
kabupaten,18,1811,17,2025,0.4306,"Non Basis",0.54,1.25
kabupaten,18,1809,1,2021,1.4717,Basis,40.5,27.52
kabupaten,18,1809,2,2021,0.2218,"Non Basis",1.15,5.18
kabupaten,18,1809,3,2021,0.7509,"Non Basis",14.11,18.79
kabupaten,18,1809,4,2021,0.3961,"Non Basis",0.06,0.16
kabupaten,18,1809,5,2021,0.5896,"Non Basis",0.07,0.11
kabupaten,18,1809,6,2021,1.0376,Basis,10.64,10.25
kabupaten,18,1809,7,2021,1.187,Basis,14.7,12.38
kabupaten,18,1809,8,2021,0.5355,"Non Basis",2.7,5.05
kabupaten,18,1809,9,2021,0.8664,"Non Basis",1.2,1.39
kabupaten,18,1809,10,2021,0.7075,"Non Basis",3.96,5.59
kabupaten,18,1809,11,2021,0.2019,"Non Basis",0.43,2.11
kabupaten,18,1809,12,2021,0.7223,"Non Basis",2.17,3.01
kabupaten,18,1809,13,2021,0.419,"Non Basis",0.06,0.13
kabupaten,18,1809,14,2021,1.0371,Basis,3.41,3.29
kabupaten,18,1809,15,2021,1.1267,Basis,3.41,3.03
kabupaten,18,1809,16,2021,0.6371,"Non Basis",0.71,1.12
kabupaten,18,1809,17,2021,0.8161,"Non Basis",0.71,0.87
kabupaten,18,1809,1,2022,1.4632,Basis,39.38,26.92
kabupaten,18,1809,2,2022,0.2233,"Non Basis",1.07,4.78
kabupaten,18,1809,3,2022,0.7635,"Non Basis",13.81,18.09
kabupaten,18,1809,4,2022,0.3948,"Non Basis",0.07,0.17
kabupaten,18,1809,5,2022,0.574,"Non Basis",0.06,0.11
kabupaten,18,1809,6,2022,1.0651,Basis,10.88,10.21
kabupaten,18,1809,7,2022,1.1352,Basis,15.56,13.7
kabupaten,18,1809,8,2022,0.529,"Non Basis",3.08,5.83
kabupaten,18,1809,9,2022,0.8813,"Non Basis",1.32,1.5
kabupaten,18,1809,10,2022,0.7385,"Non Basis",3.98,5.39
kabupaten,18,1809,11,2022,0.1943,"Non Basis",0.38,1.95
kabupaten,18,1809,12,2022,0.7497,"Non Basis",2.24,2.98
kabupaten,18,1809,13,2022,0.4067,"Non Basis",0.06,0.15
kabupaten,18,1809,14,2022,1.031,Basis,3.21,3.12
kabupaten,18,1809,15,2022,1.1218,Basis,3.34,2.98
kabupaten,18,1809,16,2022,0.6363,"Non Basis",0.68,1.07
kabupaten,18,1809,17,2022,0.8342,"Non Basis",0.88,1.05
kabupaten,18,1809,1,2023,1.488,Basis,38.52,25.89
kabupaten,18,1809,2,2023,0.2265,"Non Basis",1.07,4.71
kabupaten,18,1809,3,2023,0.7573,"Non Basis",13.29,17.55
kabupaten,18,1809,4,2023,0.413,"Non Basis",0.07,0.16
kabupaten,18,1809,5,2023,0.5804,"Non Basis",0.06,0.11
kabupaten,18,1809,6,2023,1.0651,Basis,11.13,10.45
kabupaten,18,1809,7,2023,1.1282,Basis,16.23,14.39
kabupaten,18,1809,8,2023,0.5335,"Non Basis",3.46,6.49
kabupaten,18,1809,9,2023,0.8832,"Non Basis",1.44,1.62
kabupaten,18,1809,10,2023,0.7421,"Non Basis",4.11,5.54
kabupaten,18,1809,11,2023,0.1931,"Non Basis",0.37,1.92
kabupaten,18,1809,12,2023,0.7534,"Non Basis",2.17,2.88
kabupaten,18,1809,13,2023,0.4059,"Non Basis",0.06,0.15
kabupaten,18,1809,14,2023,1.033,Basis,3.08,2.98
kabupaten,18,1809,15,2023,1.1258,Basis,3.28,2.92
kabupaten,18,1809,16,2023,0.6315,"Non Basis",0.67,1.07
kabupaten,18,1809,17,2023,0.842,"Non Basis",0.98,1.16
kabupaten,18,1809,1,2024,1.4903,Basis,36.17,24.27
kabupaten,18,1809,2,2024,0.2274,"Non Basis",1.07,4.72
kabupaten,18,1809,3,2024,0.7425,"Non Basis",13.58,18.29
kabupaten,18,1809,4,2024,0.4676,"Non Basis",0.07,0.14
kabupaten,18,1809,5,2024,0.5868,"Non Basis",0.06,0.1
kabupaten,18,1809,6,2024,1.1277,Basis,11.58,10.27
kabupaten,18,1809,7,2024,1.1592,Basis,17.1,14.75
kabupaten,18,1809,8,2024,0.5428,"Non Basis",3.7,6.82
kabupaten,18,1809,9,2024,0.9249,"Non Basis",1.52,1.64
kabupaten,18,1809,10,2024,0.7534,"Non Basis",4.34,5.76
kabupaten,18,1809,11,2024,0.1947,"Non Basis",0.38,1.93
kabupaten,18,1809,12,2024,0.7614,"Non Basis",2.24,2.94
kabupaten,18,1809,13,2024,0.4102,"Non Basis",0.07,0.16
kabupaten,18,1809,14,2024,1.0286,Basis,3.14,3.05
kabupaten,18,1809,15,2024,1.1413,Basis,3.23,2.83
kabupaten,18,1809,16,2024,0.6532,"Non Basis",0.71,1.09
kabupaten,18,1809,17,2024,0.8513,"Non Basis",1.04,1.23
kabupaten,18,1809,1,2025,1.4613,Basis,35.68,24.42
kabupaten,18,1809,2,2025,0.2261,"Non Basis",1,4.43
kabupaten,18,1809,3,2025,0.7549,"Non Basis",13.94,18.47
kabupaten,18,1809,4,2025,0.5064,"Non Basis",0.07,0.13
kabupaten,18,1809,5,2025,0.5917,"Non Basis",0.06,0.1
kabupaten,18,1809,6,2025,1.1289,Basis,11.62,10.3
kabupaten,18,1809,7,2025,1.1734,Basis,17.33,14.77
kabupaten,18,1809,8,2025,0.5487,"Non Basis",3.81,6.95
kabupaten,18,1809,9,2025,0.9175,"Non Basis",1.54,1.68
kabupaten,18,1809,10,2025,0.7534,"Non Basis",4.31,5.72
kabupaten,18,1809,11,2025,0.1928,"Non Basis",0.37,1.94
kabupaten,18,1809,12,2025,0.7572,"Non Basis",2.2,2.9
kabupaten,18,1809,13,2025,0.4055,"Non Basis",0.06,0.16
kabupaten,18,1809,14,2025,1.0365,Basis,3.09,2.98
kabupaten,18,1809,15,2025,1.154,Basis,3.16,2.74
kabupaten,18,1809,16,2025,0.6479,"Non Basis",0.69,1.06
kabupaten,18,1809,17,2025,0.846,"Non Basis",1.06,1.25
kabupaten,18,1813,1,2021,1.7347,Basis,47.74,27.52
kabupaten,18,1813,2,2021,0.9956,"Non Basis",5.16,5.18
kabupaten,18,1813,3,2021,0.2222,"Non Basis",4.18,18.79
kabupaten,18,1813,4,2021,0.1231,"Non Basis",0.02,0.16
kabupaten,18,1813,5,2021,0.4622,"Non Basis",0.05,0.11
kabupaten,18,1813,6,2021,0.759,"Non Basis",7.78,10.25
kabupaten,18,1813,7,2021,1.047,Basis,12.96,12.38
kabupaten,18,1813,8,2021,0.2049,"Non Basis",1.03,5.05
kabupaten,18,1813,9,2021,1.2536,Basis,1.74,1.39
kabupaten,18,1813,10,2021,0.4891,"Non Basis",2.74,5.59
kabupaten,18,1813,11,2021,0.6782,"Non Basis",1.43,2.11
kabupaten,18,1813,12,2021,1.2915,Basis,3.88,3.01
kabupaten,18,1813,13,2021,1.0101,Basis,0.14,0.13
kabupaten,18,1813,14,2021,1.5115,Basis,4.97,3.29
kabupaten,18,1813,15,2021,1.2752,Basis,3.86,3.03
kabupaten,18,1813,16,2021,1.1519,Basis,1.29,1.12
kabupaten,18,1813,17,2021,1.1687,Basis,1.02,0.87
kabupaten,18,1813,1,2022,1.6628,Basis,44.76,26.92
kabupaten,18,1813,2,2022,1.1087,Basis,5.3,4.78
kabupaten,18,1813,3,2022,0.2227,"Non Basis",4.03,18.09
kabupaten,18,1813,4,2022,0.1212,"Non Basis",0.02,0.17
kabupaten,18,1813,5,2022,0.4605,"Non Basis",0.05,0.11
kabupaten,18,1813,6,2022,0.7935,"Non Basis",8.1,10.21
kabupaten,18,1813,7,2022,1.0683,Basis,14.64,13.7
kabupaten,18,1813,8,2022,0.213,"Non Basis",1.24,5.83
kabupaten,18,1813,9,2022,1.3057,Basis,1.96,1.5
kabupaten,18,1813,10,2022,0.5124,"Non Basis",2.76,5.39
kabupaten,18,1813,11,2022,0.6906,"Non Basis",1.35,1.95
kabupaten,18,1813,12,2022,1.3511,Basis,4.03,2.98
kabupaten,18,1813,13,2022,0.9087,"Non Basis",0.14,0.15
kabupaten,18,1813,14,2022,1.6541,Basis,5.15,3.12
kabupaten,18,1813,15,2022,1.3182,Basis,3.93,2.98
kabupaten,18,1813,16,2022,1.1955,Basis,1.28,1.07
kabupaten,18,1813,17,2022,1.1986,Basis,1.26,1.05
kabupaten,18,1813,1,2023,1.6282,Basis,42.15,25.89
kabupaten,18,1813,2,2023,1.2144,Basis,5.72,4.71
kabupaten,18,1813,3,2023,0.2193,"Non Basis",3.85,17.55
kabupaten,18,1813,4,2023,0.1339,"Non Basis",0.02,0.16
kabupaten,18,1813,5,2023,0.4801,"Non Basis",0.05,0.11
kabupaten,18,1813,6,2023,0.8165,"Non Basis",8.53,10.45
kabupaten,18,1813,7,2023,1.0981,Basis,15.8,14.39
kabupaten,18,1813,8,2023,0.2169,"Non Basis",1.41,6.49
kabupaten,18,1813,9,2023,1.3097,Basis,2.13,1.62
kabupaten,18,1813,10,2023,0.5137,"Non Basis",2.85,5.54
kabupaten,18,1813,11,2023,0.6902,"Non Basis",1.33,1.92
kabupaten,18,1813,12,2023,1.3694,Basis,3.94,2.88
kabupaten,18,1813,13,2023,0.8858,"Non Basis",0.14,0.15
kabupaten,18,1813,14,2023,1.8111,Basis,5.4,2.98
kabupaten,18,1813,15,2023,1.3106,Basis,3.82,2.92
kabupaten,18,1813,16,2023,1.2306,Basis,1.31,1.07
kabupaten,18,1813,17,2023,1.3339,Basis,1.54,1.16
kabupaten,18,1813,1,2024,1.6566,Basis,40.21,24.27
kabupaten,18,1813,2,2024,1.2936,Basis,6.11,4.72
kabupaten,18,1813,3,2024,0.1929,"Non Basis",3.53,18.29
kabupaten,18,1813,4,2024,0.1539,"Non Basis",0.02,0.14
kabupaten,18,1813,5,2024,0.4879,"Non Basis",0.05,0.1
kabupaten,18,1813,6,2024,0.8304,"Non Basis",8.53,10.27
kabupaten,18,1813,7,2024,1.1356,Basis,16.75,14.75
kabupaten,18,1813,8,2024,0.2226,"Non Basis",1.52,6.82
kabupaten,18,1813,9,2024,1.3481,Basis,2.21,1.64
kabupaten,18,1813,10,2024,0.5217,"Non Basis",3,5.76
kabupaten,18,1813,11,2024,0.7044,"Non Basis",1.36,1.93
kabupaten,18,1813,12,2024,1.3954,Basis,4.1,2.94
kabupaten,18,1813,13,2024,0.9013,"Non Basis",0.14,0.16
kabupaten,18,1813,14,2024,1.8217,Basis,5.56,3.05
kabupaten,18,1813,15,2024,1.338,Basis,3.79,2.83
kabupaten,18,1813,16,2024,1.2479,Basis,1.37,1.09
kabupaten,18,1813,17,2024,1.4277,Basis,1.75,1.23
kabupaten,18,1813,1,2025,1.6365,Basis,39.96,24.42
kabupaten,18,1813,2,2025,1.3474,Basis,5.97,4.43
kabupaten,18,1813,3,2025,0.1858,"Non Basis",3.43,18.47
kabupaten,18,1813,4,2025,0.1682,"Non Basis",0.02,0.13
kabupaten,18,1813,5,2025,0.4904,"Non Basis",0.05,0.1
kabupaten,18,1813,6,2025,0.8498,"Non Basis",8.75,10.3
kabupaten,18,1813,7,2025,1.151,Basis,17,14.77
kabupaten,18,1813,8,2025,0.2264,"Non Basis",1.57,6.95
kabupaten,18,1813,9,2025,1.3609,Basis,2.29,1.68
kabupaten,18,1813,10,2025,0.5296,"Non Basis",3.03,5.72
kabupaten,18,1813,11,2025,0.7045,"Non Basis",1.37,1.94
kabupaten,18,1813,12,2025,1.4039,Basis,4.07,2.9
kabupaten,18,1813,13,2025,0.9038,"Non Basis",0.14,0.16
kabupaten,18,1813,14,2025,1.8554,Basis,5.53,2.98
kabupaten,18,1813,15,2025,1.3396,Basis,3.67,2.74
kabupaten,18,1813,16,2025,1.2479,Basis,1.33,1.06
kabupaten,18,1813,17,2025,1.4543,Basis,1.82,1.25
kabupaten,18,1810,1,2021,0.8398,"Non Basis",23.11,27.52
kabupaten,18,1810,2,2021,0.0184,"Non Basis",0.1,5.18
kabupaten,18,1810,3,2021,0.7773,"Non Basis",14.61,18.79
kabupaten,18,1810,4,2021,0.5109,"Non Basis",0.08,0.16
kabupaten,18,1810,5,2021,0.5129,"Non Basis",0.06,0.11
kabupaten,18,1810,6,2021,1.2385,Basis,12.7,10.25
kabupaten,18,1810,7,2021,1.2444,Basis,15.41,12.38
kabupaten,18,1810,8,2021,0.8893,"Non Basis",4.49,5.05
kabupaten,18,1810,9,2021,1.6319,Basis,2.26,1.39
kabupaten,18,1810,10,2021,1.216,Basis,6.8,5.59
kabupaten,18,1810,11,2021,1.886,Basis,3.98,2.11
kabupaten,18,1810,12,2021,1.3361,Basis,4.02,3.01
kabupaten,18,1810,13,2021,1.6234,Basis,0.22,0.13
kabupaten,18,1810,14,2021,1.1971,Basis,3.94,3.29
kabupaten,18,1810,15,2021,1.8156,Basis,5.5,3.03
kabupaten,18,1810,16,2021,1.4632,Basis,1.64,1.12
kabupaten,18,1810,17,2021,1.2485,Basis,1.09,0.87
kabupaten,18,1810,1,2022,0.8396,"Non Basis",22.6,26.92
kabupaten,18,1810,2,2022,0.0194,"Non Basis",0.09,4.78
kabupaten,18,1810,3,2022,0.7767,"Non Basis",14.05,18.09
kabupaten,18,1810,4,2022,0.5031,"Non Basis",0.08,0.17
kabupaten,18,1810,5,2022,0.514,"Non Basis",0.06,0.11
kabupaten,18,1810,6,2022,1.2353,Basis,12.61,10.21
kabupaten,18,1810,7,2022,1.219,Basis,16.71,13.7
kabupaten,18,1810,8,2022,0.8532,"Non Basis",4.97,5.83
kabupaten,18,1810,9,2022,1.6068,Basis,2.41,1.5
kabupaten,18,1810,10,2022,1.2145,Basis,6.55,5.39
kabupaten,18,1810,11,2022,1.886,Basis,3.68,1.95
kabupaten,18,1810,12,2022,1.3314,Basis,3.97,2.98
kabupaten,18,1810,13,2022,1.608,Basis,0.24,0.15
kabupaten,18,1810,14,2022,1.1976,Basis,3.73,3.12
kabupaten,18,1810,15,2022,1.8099,Basis,5.4,2.98
kabupaten,18,1810,16,2022,1.4469,Basis,1.55,1.07
kabupaten,18,1810,17,2022,1.2391,Basis,1.3,1.05
kabupaten,18,1810,1,2023,0.8339,"Non Basis",21.59,25.89
kabupaten,18,1810,2,2023,0.0196,"Non Basis",0.09,4.71
kabupaten,18,1810,3,2023,0.774,"Non Basis",13.58,17.55
kabupaten,18,1810,4,2023,0.5261,"Non Basis",0.08,0.16
kabupaten,18,1810,5,2023,0.5157,"Non Basis",0.05,0.11
kabupaten,18,1810,6,2023,1.2324,Basis,12.88,10.45
kabupaten,18,1810,7,2023,1.2154,Basis,17.49,14.39
kabupaten,18,1810,8,2023,0.8539,"Non Basis",5.54,6.49
kabupaten,18,1810,9,2023,1.5999,Basis,2.6,1.62
kabupaten,18,1810,10,2023,1.1971,Basis,6.64,5.54
kabupaten,18,1810,11,2023,1.8697,Basis,3.6,1.92
kabupaten,18,1810,12,2023,1.3277,Basis,3.82,2.88
kabupaten,18,1810,13,2023,1.5807,Basis,0.24,0.15
kabupaten,18,1810,14,2023,1.1952,Basis,3.57,2.98
kabupaten,18,1810,15,2023,1.8056,Basis,5.26,2.92
kabupaten,18,1810,16,2023,1.4425,Basis,1.54,1.07
kabupaten,18,1810,17,2023,1.2235,Basis,1.42,1.16
kabupaten,18,1810,1,2024,0.8517,"Non Basis",20.67,24.27
kabupaten,18,1810,2,2024,0.0201,"Non Basis",0.09,4.72
kabupaten,18,1810,3,2024,0.7507,"Non Basis",13.73,18.29
kabupaten,18,1810,4,2024,0.5784,"Non Basis",0.08,0.14
kabupaten,18,1810,5,2024,0.5239,"Non Basis",0.05,0.1
kabupaten,18,1810,6,2024,1.2319,Basis,12.65,10.27
kabupaten,18,1810,7,2024,1.2159,Basis,17.94,14.75
kabupaten,18,1810,8,2024,0.8507,"Non Basis",5.8,6.82
kabupaten,18,1810,9,2024,1.5998,Basis,2.62,1.64
kabupaten,18,1810,10,2024,1.1828,Basis,6.81,5.76
kabupaten,18,1810,11,2024,1.8632,Basis,3.59,1.93
kabupaten,18,1810,12,2024,1.3279,Basis,3.9,2.94
kabupaten,18,1810,13,2024,1.5833,Basis,0.25,0.16
kabupaten,18,1810,14,2024,1.1885,Basis,3.63,3.05
kabupaten,18,1810,15,2024,1.8057,Basis,5.11,2.83
kabupaten,18,1810,16,2024,1.433,Basis,1.57,1.09
kabupaten,18,1810,17,2024,1.2133,Basis,1.49,1.23
kabupaten,18,1810,1,2025,0.8563,"Non Basis",20.91,24.42
kabupaten,18,1810,2,2025,0.0209,"Non Basis",0.09,4.43
kabupaten,18,1810,3,2025,0.7569,"Non Basis",13.98,18.47
kabupaten,18,1810,4,2025,0.6266,"Non Basis",0.08,0.13
kabupaten,18,1810,5,2025,0.5187,"Non Basis",0.05,0.1
kabupaten,18,1810,6,2025,1.2146,Basis,12.51,10.3
kabupaten,18,1810,7,2025,1.2125,Basis,17.91,14.77
kabupaten,18,1810,8,2025,0.858,"Non Basis",5.96,6.95
kabupaten,18,1810,9,2025,1.5964,Basis,2.68,1.68
kabupaten,18,1810,10,2025,1.1761,Basis,6.72,5.72
kabupaten,18,1810,11,2025,1.8506,Basis,3.59,1.94
kabupaten,18,1810,12,2025,1.3113,Basis,3.8,2.9
kabupaten,18,1810,13,2025,1.572,Basis,0.25,0.16
kabupaten,18,1810,14,2025,1.1805,Basis,3.52,2.98
kabupaten,18,1810,15,2025,1.7835,Basis,4.88,2.74
kabupaten,18,1810,16,2025,1.4618,Basis,1.55,1.06
kabupaten,18,1810,17,2025,1.2011,Basis,1.5,1.25
kabupaten,18,1806,1,2021,1.4373,Basis,39.56,27.52
kabupaten,18,1806,2,2021,1.3068,Basis,6.77,5.18
kabupaten,18,1806,3,2021,0.3462,"Non Basis",6.51,18.79
kabupaten,18,1806,4,2021,0.4676,"Non Basis",0.08,0.16
kabupaten,18,1806,5,2021,1.1958,Basis,0.13,0.11
kabupaten,18,1806,6,2021,0.729,"Non Basis",7.47,10.25
kabupaten,18,1806,7,2021,0.9321,"Non Basis",11.54,12.38
kabupaten,18,1806,8,2021,1.0319,Basis,5.21,5.05
kabupaten,18,1806,9,2021,1.1859,Basis,1.65,1.39
kabupaten,18,1806,10,2021,0.7949,"Non Basis",4.45,5.59
kabupaten,18,1806,11,2021,0.9012,"Non Basis",1.9,2.11
kabupaten,18,1806,12,2021,0.9867,"Non Basis",2.97,3.01
kabupaten,18,1806,13,2021,0.5791,"Non Basis",0.08,0.13
kabupaten,18,1806,14,2021,1.3659,Basis,4.49,3.29
kabupaten,18,1806,15,2021,1.4644,Basis,4.43,3.03
kabupaten,18,1806,16,2021,1.4678,Basis,1.65,1.12
kabupaten,18,1806,17,2021,1.2828,Basis,1.12,0.87
kabupaten,18,1806,1,2022,1.4446,Basis,38.88,26.92
kabupaten,18,1806,2,2022,1.2962,Basis,6.2,4.78
kabupaten,18,1806,3,2022,0.3478,"Non Basis",6.29,18.09
kabupaten,18,1806,4,2022,0.4711,"Non Basis",0.08,0.17
kabupaten,18,1806,5,2022,1.1638,Basis,0.13,0.11
kabupaten,18,1806,6,2022,0.7296,"Non Basis",7.45,10.21
kabupaten,18,1806,7,2022,0.9003,"Non Basis",12.34,13.7
kabupaten,18,1806,8,2022,1.0466,Basis,6.1,5.83
kabupaten,18,1806,9,2022,1.2032,Basis,1.8,1.5
kabupaten,18,1806,10,2022,0.7951,"Non Basis",4.29,5.39
kabupaten,18,1806,11,2022,0.9345,"Non Basis",1.82,1.95
kabupaten,18,1806,12,2022,0.9912,"Non Basis",2.96,2.98
kabupaten,18,1806,13,2022,0.5813,"Non Basis",0.09,0.15
kabupaten,18,1806,14,2022,1.369,Basis,4.27,3.12
kabupaten,18,1806,15,2022,1.4677,Basis,4.38,2.98
kabupaten,18,1806,16,2022,1.4686,Basis,1.58,1.07
kabupaten,18,1806,17,2022,1.2972,Basis,1.36,1.05
kabupaten,18,1806,1,2023,1.4488,Basis,37.5,25.89
kabupaten,18,1806,2,2023,1.3069,Basis,6.16,4.71
kabupaten,18,1806,3,2023,0.345,"Non Basis",6.06,17.55
kabupaten,18,1806,4,2023,0.4693,"Non Basis",0.08,0.16
kabupaten,18,1806,5,2023,1.1903,Basis,0.13,0.11
kabupaten,18,1806,6,2023,0.7372,"Non Basis",7.71,10.45
kabupaten,18,1806,7,2023,0.9045,"Non Basis",13.02,14.39
kabupaten,18,1806,8,2023,1.0342,Basis,6.72,6.49
kabupaten,18,1806,9,2023,1.2313,Basis,2,1.62
kabupaten,18,1806,10,2023,0.7937,"Non Basis",4.4,5.54
kabupaten,18,1806,11,2023,0.9388,"Non Basis",1.81,1.92
kabupaten,18,1806,12,2023,0.9869,"Non Basis",2.84,2.88
kabupaten,18,1806,13,2023,0.5792,"Non Basis",0.09,0.15
kabupaten,18,1806,14,2023,1.3846,Basis,4.13,2.98
kabupaten,18,1806,15,2023,1.4628,Basis,4.26,2.92
kabupaten,18,1806,16,2023,1.4842,Basis,1.58,1.07
kabupaten,18,1806,17,2023,1.3207,Basis,1.53,1.16
kabupaten,18,1806,1,2024,1.489,Basis,36.14,24.27
kabupaten,18,1806,2,2024,1.3366,Basis,6.31,4.72
kabupaten,18,1806,3,2024,0.3283,"Non Basis",6.01,18.29
kabupaten,18,1806,4,2024,0.5037,"Non Basis",0.07,0.14
kabupaten,18,1806,5,2024,1.2277,Basis,0.12,0.1
kabupaten,18,1806,6,2024,0.7673,"Non Basis",7.88,10.27
kabupaten,18,1806,7,2024,0.9041,"Non Basis",13.34,14.75
kabupaten,18,1806,8,2024,1.0211,Basis,6.96,6.82
kabupaten,18,1806,9,2024,1.2547,Basis,2.06,1.64
kabupaten,18,1806,10,2024,0.8058,"Non Basis",4.64,5.76
kabupaten,18,1806,11,2024,0.9479,"Non Basis",1.83,1.93
kabupaten,18,1806,12,2024,0.9798,"Non Basis",2.88,2.94
kabupaten,18,1806,13,2024,0.5665,"Non Basis",0.09,0.16
kabupaten,18,1806,14,2024,1.3782,Basis,4.21,3.05
kabupaten,18,1806,15,2024,1.5052,Basis,4.26,2.83
kabupaten,18,1806,16,2024,1.4873,Basis,1.63,1.09
kabupaten,18,1806,17,2024,1.2831,Basis,1.57,1.23
kabupaten,18,1806,1,2025,1.4591,Basis,35.63,24.42
kabupaten,18,1806,2,2025,1.3436,Basis,5.96,4.43
kabupaten,18,1806,3,2025,0.3109,"Non Basis",5.74,18.47
kabupaten,18,1806,4,2025,0.5054,"Non Basis",0.07,0.13
kabupaten,18,1806,5,2025,1.2238,Basis,0.12,0.1
kabupaten,18,1806,6,2025,0.9293,"Non Basis",9.57,10.3
kabupaten,18,1806,7,2025,0.8888,"Non Basis",13.13,14.77
kabupaten,18,1806,8,2025,1.0012,Basis,6.96,6.95
kabupaten,18,1806,9,2025,1.2763,Basis,2.14,1.68
kabupaten,18,1806,10,2025,0.8023,"Non Basis",4.59,5.72
kabupaten,18,1806,11,2025,0.9477,"Non Basis",1.84,1.94
kabupaten,18,1806,12,2025,0.9774,"Non Basis",2.83,2.9
kabupaten,18,1806,13,2025,0.5629,"Non Basis",0.09,0.16
kabupaten,18,1806,14,2025,1.3743,Basis,4.1,2.98
kabupaten,18,1806,15,2025,1.5159,Basis,4.15,2.74
kabupaten,18,1806,16,2025,1.4836,Basis,1.58,1.06
kabupaten,18,1806,17,2025,1.2068,Basis,1.51,1.25
kabupaten,18,1812,1,2021,1.2411,Basis,34.16,27.52
kabupaten,18,1812,2,2021,0.0964,"Non Basis",0.5,5.18
kabupaten,18,1812,3,2021,1.4919,Basis,28.04,18.79
kabupaten,18,1812,4,2021,0.3034,"Non Basis",0.05,0.16
kabupaten,18,1812,5,2021,0.8773,"Non Basis",0.1,0.11
kabupaten,18,1812,6,2021,0.8839,"Non Basis",9.06,10.25
kabupaten,18,1812,7,2021,0.9455,"Non Basis",11.71,12.38
kabupaten,18,1812,8,2021,0.1673,"Non Basis",0.84,5.05
kabupaten,18,1812,9,2021,0.6174,"Non Basis",0.86,1.39
kabupaten,18,1812,10,2021,1.0079,Basis,5.64,5.59
kabupaten,18,1812,11,2021,0.2562,"Non Basis",0.54,2.11
kabupaten,18,1812,12,2021,0.7297,"Non Basis",2.19,3.01
kabupaten,18,1812,13,2021,0.5089,"Non Basis",0.07,0.13
kabupaten,18,1812,14,2021,0.8282,"Non Basis",2.73,3.29
kabupaten,18,1812,15,2021,0.8482,"Non Basis",2.57,3.03
kabupaten,18,1812,16,2021,0.4498,"Non Basis",0.5,1.12
kabupaten,18,1812,17,2021,0.515,"Non Basis",0.45,0.87
kabupaten,18,1812,1,2022,1.2454,Basis,33.52,26.92
kabupaten,18,1812,2,2022,0.0959,"Non Basis",0.46,4.78
kabupaten,18,1812,3,2022,1.5938,Basis,28.83,18.09
kabupaten,18,1812,4,2022,0.2984,"Non Basis",0.05,0.17
kabupaten,18,1812,5,2022,0.887,"Non Basis",0.1,0.11
kabupaten,18,1812,6,2022,0.8803,"Non Basis",8.99,10.21
kabupaten,18,1812,7,2022,0.8571,"Non Basis",11.75,13.7
kabupaten,18,1812,8,2022,0.1439,"Non Basis",0.84,5.83
kabupaten,18,1812,9,2022,0.5567,"Non Basis",0.83,1.5
kabupaten,18,1812,10,2022,1.0487,Basis,5.65,5.39
kabupaten,18,1812,11,2022,0.2771,"Non Basis",0.54,1.95
kabupaten,18,1812,12,2022,0.7269,"Non Basis",2.17,2.98
kabupaten,18,1812,13,2022,0.4481,"Non Basis",0.07,0.15
kabupaten,18,1812,14,2022,0.8713,"Non Basis",2.72,3.12
kabupaten,18,1812,15,2022,0.8507,"Non Basis",2.54,2.98
kabupaten,18,1812,16,2022,0.4763,"Non Basis",0.51,1.07
kabupaten,18,1812,17,2022,0.4207,"Non Basis",0.44,1.05
kabupaten,18,1812,1,2023,1.2956,Basis,33.54,25.89
kabupaten,18,1812,2,2023,0.0958,"Non Basis",0.45,4.71
kabupaten,18,1812,3,2023,1.5819,Basis,27.77,17.55
kabupaten,18,1812,4,2023,0.3057,"Non Basis",0.05,0.16
kabupaten,18,1812,5,2023,0.916,"Non Basis",0.1,0.11
kabupaten,18,1812,6,2023,0.863,"Non Basis",9.02,10.45
kabupaten,18,1812,7,2023,0.8993,"Non Basis",12.94,14.39
kabupaten,18,1812,8,2023,0.1414,"Non Basis",0.92,6.49
kabupaten,18,1812,9,2023,0.5413,"Non Basis",0.88,1.62
kabupaten,18,1812,10,2023,0.9845,"Non Basis",5.46,5.54
kabupaten,18,1812,11,2023,0.2603,"Non Basis",0.5,1.92
kabupaten,18,1812,12,2023,0.7559,"Non Basis",2.17,2.88
kabupaten,18,1812,13,2023,0.4667,"Non Basis",0.07,0.15
kabupaten,18,1812,14,2023,0.8864,"Non Basis",2.65,2.98
kabupaten,18,1812,15,2023,0.8659,"Non Basis",2.52,2.92
kabupaten,18,1812,16,2023,0.4582,"Non Basis",0.49,1.07
kabupaten,18,1812,17,2023,0.4117,"Non Basis",0.48,1.16
kabupaten,18,1812,1,2024,1.3228,Basis,32.11,24.27
kabupaten,18,1812,2,2024,0.1002,"Non Basis",0.47,4.72
kabupaten,18,1812,3,2024,1.4966,Basis,27.37,18.29
kabupaten,18,1812,4,2024,0.3491,"Non Basis",0.05,0.14
kabupaten,18,1812,5,2024,0.9363,"Non Basis",0.09,0.1
kabupaten,18,1812,6,2024,0.9,"Non Basis",9.24,10.27
kabupaten,18,1812,7,2024,0.9686,"Non Basis",14.29,14.75
kabupaten,18,1812,8,2024,0.1525,"Non Basis",1.04,6.82
kabupaten,18,1812,9,2024,0.5923,"Non Basis",0.97,1.64
kabupaten,18,1812,10,2024,0.9735,"Non Basis",5.61,5.76
kabupaten,18,1812,11,2024,0.259,"Non Basis",0.5,1.93
kabupaten,18,1812,12,2024,0.7188,"Non Basis",2.11,2.94
kabupaten,18,1812,13,2024,0.4585,"Non Basis",0.07,0.16
kabupaten,18,1812,14,2024,0.8378,"Non Basis",2.56,3.05
kabupaten,18,1812,15,2024,0.8805,"Non Basis",2.49,2.83
kabupaten,18,1812,16,2024,0.448,"Non Basis",0.49,1.09
kabupaten,18,1812,17,2024,0.4347,"Non Basis",0.53,1.23
kabupaten,18,1812,1,2025,1.2269,Basis,29.96,24.42
kabupaten,18,1812,2,2025,0.1082,"Non Basis",0.48,4.43
kabupaten,18,1812,3,2025,1.5125,Basis,27.94,18.47
kabupaten,18,1812,4,2025,0.3957,"Non Basis",0.05,0.13
kabupaten,18,1812,5,2025,0.9127,"Non Basis",0.09,0.1
kabupaten,18,1812,6,2025,0.9289,"Non Basis",9.56,10.3
kabupaten,18,1812,7,2025,1.0137,Basis,14.97,14.77
kabupaten,18,1812,8,2025,0.158,"Non Basis",1.1,6.95
kabupaten,18,1812,9,2025,0.6007,"Non Basis",1.01,1.68
kabupaten,18,1812,10,2025,1.0309,Basis,5.89,5.72
kabupaten,18,1812,11,2025,0.2605,"Non Basis",0.51,1.94
kabupaten,18,1812,12,2025,0.7638,"Non Basis",2.22,2.9
kabupaten,18,1812,13,2025,0.4761,"Non Basis",0.08,0.16
kabupaten,18,1812,14,2025,0.8855,"Non Basis",2.64,2.98
kabupaten,18,1812,15,2025,0.8871,"Non Basis",2.43,2.74
kabupaten,18,1812,16,2025,0.4815,"Non Basis",0.51,1.06
kabupaten,18,1812,17,2025,0.4562,"Non Basis",0.57,1.25
kabupaten,18,1805,1,2021,1.3279,Basis,36.55,27.52
kabupaten,18,1805,2,2021,0.2057,"Non Basis",1.07,5.18
kabupaten,18,1805,3,2021,1.3053,Basis,24.53,18.79
kabupaten,18,1805,4,2021,0.7753,"Non Basis",0.13,0.16
kabupaten,18,1805,5,2021,0.4744,"Non Basis",0.05,0.11
kabupaten,18,1805,6,2021,0.8843,"Non Basis",9.07,10.25
kabupaten,18,1805,7,2021,0.8765,"Non Basis",10.85,12.38
kabupaten,18,1805,8,2021,0.7303,"Non Basis",3.69,5.05
kabupaten,18,1805,9,2021,0.8984,"Non Basis",1.25,1.39
kabupaten,18,1805,10,2021,0.7631,"Non Basis",4.27,5.59
kabupaten,18,1805,11,2021,0.5796,"Non Basis",1.22,2.11
kabupaten,18,1805,12,2021,0.6794,"Non Basis",2.04,3.01
kabupaten,18,1805,13,2021,0.3142,"Non Basis",0.04,0.13
kabupaten,18,1805,14,2021,0.7993,"Non Basis",2.63,3.29
kabupaten,18,1805,15,2021,0.5943,"Non Basis",1.8,3.03
kabupaten,18,1805,16,2021,0.4042,"Non Basis",0.45,1.12
kabupaten,18,1805,17,2021,0.4169,"Non Basis",0.36,0.87
kabupaten,18,1805,1,2022,1.313,Basis,35.34,26.92
kabupaten,18,1805,2,2022,0.2194,"Non Basis",1.05,4.78
kabupaten,18,1805,3,2022,1.3678,Basis,24.74,18.09
kabupaten,18,1805,4,2022,0.7552,"Non Basis",0.13,0.17
kabupaten,18,1805,5,2022,0.4723,"Non Basis",0.05,0.11
kabupaten,18,1805,6,2022,0.9012,"Non Basis",9.2,10.21
kabupaten,18,1805,7,2022,0.8329,"Non Basis",11.41,13.7
kabupaten,18,1805,8,2022,0.6757,"Non Basis",3.94,5.83
kabupaten,18,1805,9,2022,0.8592,"Non Basis",1.29,1.5
kabupaten,18,1805,10,2022,0.8085,"Non Basis",4.36,5.39
kabupaten,18,1805,11,2022,0.5997,"Non Basis",1.17,1.95
kabupaten,18,1805,12,2022,0.6938,"Non Basis",2.07,2.98
kabupaten,18,1805,13,2022,0.2933,"Non Basis",0.04,0.15
kabupaten,18,1805,14,2022,0.8064,"Non Basis",2.51,3.12
kabupaten,18,1805,15,2022,0.6025,"Non Basis",1.8,2.98
kabupaten,18,1805,16,2022,0.4094,"Non Basis",0.44,1.07
kabupaten,18,1805,17,2022,0.4374,"Non Basis",0.46,1.05
kabupaten,18,1805,1,2023,1.3329,Basis,34.5,25.89
kabupaten,18,1805,2,2023,0.221,"Non Basis",1.04,4.71
kabupaten,18,1805,3,2023,1.3758,Basis,24.15,17.55
kabupaten,18,1805,4,2023,0.7648,"Non Basis",0.12,0.16
kabupaten,18,1805,5,2023,0.4722,"Non Basis",0.05,0.11
kabupaten,18,1805,6,2023,0.8929,"Non Basis",9.33,10.45
kabupaten,18,1805,7,2023,0.8478,"Non Basis",12.2,14.39
kabupaten,18,1805,8,2023,0.6809,"Non Basis",4.42,6.49
kabupaten,18,1805,9,2023,0.8291,"Non Basis",1.35,1.62
kabupaten,18,1805,10,2023,0.8136,"Non Basis",4.51,5.54
kabupaten,18,1805,11,2023,0.5903,"Non Basis",1.14,1.92
kabupaten,18,1805,12,2023,0.6902,"Non Basis",1.99,2.88
kabupaten,18,1805,13,2023,0.2843,"Non Basis",0.04,0.15
kabupaten,18,1805,14,2023,0.8234,"Non Basis",2.46,2.98
kabupaten,18,1805,15,2023,0.6067,"Non Basis",1.77,2.92
kabupaten,18,1805,16,2023,0.4057,"Non Basis",0.43,1.07
kabupaten,18,1805,17,2023,0.4293,"Non Basis",0.5,1.16
kabupaten,18,1805,1,2024,1.3594,Basis,33,24.27
kabupaten,18,1805,2,2024,0.2151,"Non Basis",1.02,4.72
kabupaten,18,1805,3,2024,1.3439,Basis,24.58,18.29
kabupaten,18,1805,4,2024,0.8205,"Non Basis",0.12,0.14
kabupaten,18,1805,5,2024,0.4723,"Non Basis",0.05,0.1
kabupaten,18,1805,6,2024,0.9402,"Non Basis",9.66,10.27
kabupaten,18,1805,7,2024,0.8531,"Non Basis",12.58,14.75
kabupaten,18,1805,8,2024,0.6756,"Non Basis",4.61,6.82
kabupaten,18,1805,9,2024,0.8203,"Non Basis",1.35,1.64
kabupaten,18,1805,10,2024,0.821,"Non Basis",4.73,5.76
kabupaten,18,1805,11,2024,0.591,"Non Basis",1.14,1.93
kabupaten,18,1805,12,2024,0.6715,"Non Basis",1.97,2.94
kabupaten,18,1805,13,2024,0.2827,"Non Basis",0.05,0.16
kabupaten,18,1805,14,2024,0.8118,"Non Basis",2.48,3.05
kabupaten,18,1805,15,2024,0.604,"Non Basis",1.71,2.83
kabupaten,18,1805,16,2024,0.4174,"Non Basis",0.46,1.09
kabupaten,18,1805,17,2024,0.4248,"Non Basis",0.52,1.23
kabupaten,18,1805,1,2025,1.3554,Basis,33.1,24.42
kabupaten,18,1805,2,2025,0.2219,"Non Basis",0.98,4.43
kabupaten,18,1805,3,2025,1.3348,Basis,24.65,18.47
kabupaten,18,1805,4,2025,0.9027,"Non Basis",0.12,0.13
kabupaten,18,1805,5,2025,0.4704,"Non Basis",0.05,0.1
kabupaten,18,1805,6,2025,0.9223,"Non Basis",9.5,10.3
kabupaten,18,1805,7,2025,0.8512,"Non Basis",12.57,14.77
kabupaten,18,1805,8,2025,0.6864,"Non Basis",4.77,6.95
kabupaten,18,1805,9,2025,0.824,"Non Basis",1.38,1.68
kabupaten,18,1805,10,2025,0.8178,"Non Basis",4.68,5.72
kabupaten,18,1805,11,2025,0.5933,"Non Basis",1.15,1.94
kabupaten,18,1805,12,2025,0.6778,"Non Basis",1.97,2.9
kabupaten,18,1805,13,2025,0.2814,"Non Basis",0.04,0.16
kabupaten,18,1805,14,2025,0.806,"Non Basis",2.4,2.98
kabupaten,18,1805,15,2025,0.6065,"Non Basis",1.66,2.74
kabupaten,18,1805,16,2025,0.4149,"Non Basis",0.44,1.06
kabupaten,18,1805,17,2025,0.4261,"Non Basis",0.53,1.25
kabupaten,18,1808,1,2021,1.2178,Basis,33.52,27.52
kabupaten,18,1808,2,2021,0.8876,"Non Basis",4.6,5.18
kabupaten,18,1808,3,2021,1.1484,Basis,21.58,18.79
kabupaten,18,1808,4,2021,0.7059,"Non Basis",0.12,0.16
kabupaten,18,1808,5,2021,0.5224,"Non Basis",0.06,0.11
kabupaten,18,1808,6,2021,0.8897,"Non Basis",9.12,10.25
kabupaten,18,1808,7,2021,0.8544,"Non Basis",10.58,12.38
kabupaten,18,1808,8,2021,0.5439,"Non Basis",2.75,5.05
kabupaten,18,1808,9,2021,0.5533,"Non Basis",0.77,1.39
kabupaten,18,1808,10,2021,0.9316,"Non Basis",5.21,5.59
kabupaten,18,1808,11,2021,0.4675,"Non Basis",0.99,2.11
kabupaten,18,1808,12,2021,0.826,"Non Basis",2.48,3.01
kabupaten,18,1808,13,2021,0.3699,"Non Basis",0.05,0.13
kabupaten,18,1808,14,2021,1.0469,Basis,3.45,3.29
kabupaten,18,1808,15,2021,1.0113,Basis,3.06,3.03
kabupaten,18,1808,16,2021,1.0208,Basis,1.14,1.12
kabupaten,18,1808,17,2021,0.6081,"Non Basis",0.53,0.87
kabupaten,18,1808,1,2022,1.2259,Basis,33,26.92
kabupaten,18,1808,2,2022,0.9737,"Non Basis",4.66,4.78
kabupaten,18,1808,3,2022,1.1636,Basis,21.05,18.09
kabupaten,18,1808,4,2022,0.7013,"Non Basis",0.12,0.17
kabupaten,18,1808,5,2022,0.5219,"Non Basis",0.06,0.11
kabupaten,18,1808,6,2022,0.866,"Non Basis",8.84,10.21
kabupaten,18,1808,7,2022,0.8296,"Non Basis",11.37,13.7
kabupaten,18,1808,8,2022,0.554,"Non Basis",3.23,5.83
kabupaten,18,1808,9,2022,0.5204,"Non Basis",0.78,1.5
kabupaten,18,1808,10,2022,0.9812,"Non Basis",5.29,5.39
kabupaten,18,1808,11,2022,0.478,"Non Basis",0.93,1.95
kabupaten,18,1808,12,2022,0.7979,"Non Basis",2.38,2.98
kabupaten,18,1808,13,2022,0.3145,"Non Basis",0.05,0.15
kabupaten,18,1808,14,2022,1.0599,Basis,3.3,3.12
kabupaten,18,1808,15,2022,1.0809,Basis,3.22,2.98
kabupaten,18,1808,16,2022,1.0087,Basis,1.08,1.07
kabupaten,18,1808,17,2022,0.6155,"Non Basis",0.65,1.05
kabupaten,18,1808,1,2023,1.2184,Basis,31.54,25.89
kabupaten,18,1808,2,2023,1.0236,Basis,4.82,4.71
kabupaten,18,1808,3,2023,1.1706,Basis,20.55,17.55
kabupaten,18,1808,4,2023,0.7345,"Non Basis",0.12,0.16
kabupaten,18,1808,5,2023,0.5224,"Non Basis",0.06,0.11
kabupaten,18,1808,6,2023,0.879,"Non Basis",9.19,10.45
kabupaten,18,1808,7,2023,0.8561,"Non Basis",12.32,14.39
kabupaten,18,1808,8,2023,0.5665,"Non Basis",3.68,6.49
kabupaten,18,1808,9,2023,0.5195,"Non Basis",0.84,1.62
kabupaten,18,1808,10,2023,0.9836,"Non Basis",5.45,5.54
kabupaten,18,1808,11,2023,0.4835,"Non Basis",0.93,1.92
kabupaten,18,1808,12,2023,0.7958,"Non Basis",2.29,2.88
kabupaten,18,1808,13,2023,0.3117,"Non Basis",0.05,0.15
kabupaten,18,1808,14,2023,1.0666,Basis,3.18,2.98
kabupaten,18,1808,15,2023,1.093,Basis,3.19,2.92
kabupaten,18,1808,16,2023,1.0159,Basis,1.08,1.07
kabupaten,18,1808,17,2023,0.6169,"Non Basis",0.71,1.16
kabupaten,18,1808,1,2024,1.2425,Basis,30.16,24.27
kabupaten,18,1808,2,2024,1.0558,Basis,4.99,4.72
kabupaten,18,1808,3,2024,1.1409,Basis,20.87,18.29
kabupaten,18,1808,4,2024,0.8273,"Non Basis",0.12,0.14
kabupaten,18,1808,5,2024,0.5174,"Non Basis",0.05,0.1
kabupaten,18,1808,6,2024,0.8907,"Non Basis",9.15,10.27
kabupaten,18,1808,7,2024,0.8662,"Non Basis",12.78,14.75
kabupaten,18,1808,8,2024,0.5656,"Non Basis",3.86,6.82
kabupaten,18,1808,9,2024,0.5131,"Non Basis",0.84,1.64
kabupaten,18,1808,10,2024,0.991,"Non Basis",5.71,5.76
kabupaten,18,1808,11,2024,0.487,"Non Basis",0.94,1.93
kabupaten,18,1808,12,2024,0.799,"Non Basis",2.35,2.94
kabupaten,18,1808,13,2024,0.3116,"Non Basis",0.05,0.16
kabupaten,18,1808,14,2024,1.0488,Basis,3.2,3.05
kabupaten,18,1808,15,2024,1.0909,Basis,3.09,2.83
kabupaten,18,1808,16,2024,1.0168,Basis,1.11,1.09
kabupaten,18,1808,17,2024,0.6107,"Non Basis",0.75,1.23
kabupaten,18,1808,1,2025,1.2326,Basis,30.1,24.42
kabupaten,18,1808,2,2025,1.0985,Basis,4.87,4.43
kabupaten,18,1808,3,2025,1.1401,Basis,21.06,18.47
kabupaten,18,1808,4,2025,0.9028,"Non Basis",0.12,0.13
kabupaten,18,1808,5,2025,0.5181,"Non Basis",0.05,0.1
kabupaten,18,1808,6,2025,0.8873,"Non Basis",9.14,10.3
kabupaten,18,1808,7,2025,0.8764,"Non Basis",12.94,14.77
kabupaten,18,1808,8,2025,0.5708,"Non Basis",3.97,6.95
kabupaten,18,1808,9,2025,0.5124,"Non Basis",0.86,1.68
kabupaten,18,1808,10,2025,0.9879,"Non Basis",5.65,5.72
kabupaten,18,1808,11,2025,0.4874,"Non Basis",0.95,1.94
kabupaten,18,1808,12,2025,0.7956,"Non Basis",2.31,2.9
kabupaten,18,1808,13,2025,0.311,"Non Basis",0.05,0.16
kabupaten,18,1808,14,2025,1.0476,Basis,3.12,2.98
kabupaten,18,1808,15,2025,1.0918,Basis,2.99,2.74
kabupaten,18,1808,16,2025,1.0059,Basis,1.07,1.06
kabupaten,18,1808,17,2025,0.6092,"Non Basis",0.76,1.25
kabupaten,18,1871,1,2021,0.1356,"Non Basis",3.73,27.52
kabupaten,18,1871,2,2021,0.5202,"Non Basis",2.7,5.18
kabupaten,18,1871,3,2021,1.0692,Basis,20.09,18.79
kabupaten,18,1871,4,2021,0.9771,"Non Basis",0.16,0.16
kabupaten,18,1871,5,2021,2.6773,Basis,0.3,0.11
kabupaten,18,1871,6,2021,1.12,Basis,11.48,10.25
kabupaten,18,1871,7,2021,1.175,Basis,14.55,12.38
kabupaten,18,1871,8,2021,2.5631,Basis,12.94,5.05
kabupaten,18,1871,9,2021,1.5965,Basis,2.21,1.39
kabupaten,18,1871,10,2021,1.4771,Basis,8.26,5.59
kabupaten,18,1871,11,2021,2.201,Basis,4.64,2.11
kabupaten,18,1871,12,2021,2.0249,Basis,6.09,3.01
kabupaten,18,1871,13,2021,2.4557,Basis,0.33,0.13
kabupaten,18,1871,14,2021,1.6326,Basis,5.37,3.29
kabupaten,18,1871,15,2021,1.0911,Basis,3.3,3.03
kabupaten,18,1871,16,2021,1.9349,Basis,2.17,1.12
kabupaten,18,1871,17,2021,1.908,Basis,1.66,0.87
kabupaten,18,1871,1,2022,0.1326,"Non Basis",3.57,26.92
kabupaten,18,1871,2,2022,0.5454,"Non Basis",2.61,4.78
kabupaten,18,1871,3,2022,1.0655,Basis,19.27,18.09
kabupaten,18,1871,4,2022,0.96,"Non Basis",0.16,0.17
kabupaten,18,1871,5,2022,2.6633,Basis,0.29,0.11
kabupaten,18,1871,6,2022,1.1144,Basis,11.38,10.21
kabupaten,18,1871,7,2022,1.0965,Basis,15.03,13.7
kabupaten,18,1871,8,2022,2.4965,Basis,14.54,5.83
kabupaten,18,1871,9,2022,1.5923,Basis,2.39,1.5
kabupaten,18,1871,10,2022,1.472,Basis,7.94,5.39
kabupaten,18,1871,11,2022,2.2143,Basis,4.32,1.95
kabupaten,18,1871,12,2022,2.0032,Basis,5.97,2.98
kabupaten,18,1871,13,2022,2.3427,Basis,0.36,0.15
kabupaten,18,1871,14,2022,1.6212,Basis,5.05,3.12
kabupaten,18,1871,15,2022,1.0836,Basis,3.23,2.98
kabupaten,18,1871,16,2022,1.9216,Basis,2.06,1.07
kabupaten,18,1871,17,2022,1.7479,Basis,1.83,1.05
kabupaten,18,1871,1,2023,0.1324,"Non Basis",3.43,25.89
kabupaten,18,1871,2,2023,0.5428,"Non Basis",2.56,4.71
kabupaten,18,1871,3,2023,1.0577,Basis,18.56,17.55
kabupaten,18,1871,4,2023,0.9603,"Non Basis",0.16,0.16
kabupaten,18,1871,5,2023,2.6557,Basis,0.28,0.11
kabupaten,18,1871,6,2023,1.0768,Basis,11.25,10.45
kabupaten,18,1871,7,2023,1.0497,Basis,15.11,14.39
kabupaten,18,1871,8,2023,2.4641,Basis,16,6.49
kabupaten,18,1871,9,2023,1.5522,Basis,2.52,1.62
kabupaten,18,1871,10,2023,1.4366,Basis,7.96,5.54
kabupaten,18,1871,11,2023,2.1662,Basis,4.17,1.92
kabupaten,18,1871,12,2023,1.9844,Basis,5.71,2.88
kabupaten,18,1871,13,2023,2.2988,Basis,0.35,0.15
kabupaten,18,1871,14,2023,1.6197,Basis,4.83,2.98
kabupaten,18,1871,15,2023,1.0775,Basis,3.14,2.92
kabupaten,18,1871,16,2023,1.8645,Basis,1.99,1.07
kabupaten,18,1871,17,2023,1.7054,Basis,1.98,1.16
kabupaten,18,1871,1,2024,0.1295,"Non Basis",3.14,24.27
kabupaten,18,1871,2,2024,0.5239,"Non Basis",2.48,4.72
kabupaten,18,1871,3,2024,1.0071,Basis,18.42,18.29
kabupaten,18,1871,4,2024,1.0796,Basis,0.16,0.14
kabupaten,18,1871,5,2024,2.668,Basis,0.27,0.1
kabupaten,18,1871,6,2024,1.0886,Basis,11.18,10.27
kabupaten,18,1871,7,2024,1.0054,Basis,14.83,14.75
kabupaten,18,1871,8,2024,2.4188,Basis,16.5,6.82
kabupaten,18,1871,9,2024,1.5646,Basis,2.57,1.64
kabupaten,18,1871,10,2024,1.4147,Basis,8.15,5.76
kabupaten,18,1871,11,2024,2.1541,Basis,4.15,1.93
kabupaten,18,1871,12,2024,1.9863,Basis,5.83,2.94
kabupaten,18,1871,13,2024,2.2935,Basis,0.37,0.16
kabupaten,18,1871,14,2024,1.5851,Basis,4.84,3.05
kabupaten,18,1871,15,2024,1.0687,Basis,3.02,2.83
kabupaten,18,1871,16,2024,1.8572,Basis,2.03,1.09
kabupaten,18,1871,17,2024,1.6836,Basis,2.06,1.23
kabupaten,18,1871,1,2025,0.125,"Non Basis",3.05,24.42
kabupaten,18,1871,2,2025,0.545,"Non Basis",2.42,4.43
kabupaten,18,1871,3,2025,1.0196,Basis,18.83,18.47
kabupaten,18,1871,4,2025,1.1867,Basis,0.16,0.13
kabupaten,18,1871,5,2025,2.6609,Basis,0.26,0.1
kabupaten,18,1871,6,2025,1.1047,Basis,11.38,10.3
kabupaten,18,1871,7,2025,0.988,"Non Basis",14.59,14.77
kabupaten,18,1871,8,2025,2.4072,Basis,16.73,6.95
kabupaten,18,1871,9,2025,1.534,Basis,2.58,1.68
kabupaten,18,1871,10,2025,1.4115,Basis,8.07,5.72
kabupaten,18,1871,11,2025,2.1173,Basis,4.11,1.94
kabupaten,18,1871,12,2025,1.9647,Basis,5.7,2.9
kabupaten,18,1871,13,2025,2.3342,Basis,0.37,0.16
kabupaten,18,1871,14,2025,1.5753,Basis,4.7,2.98
kabupaten,18,1871,15,2025,1.0646,Basis,2.91,2.74
kabupaten,18,1871,16,2025,1.8689,Basis,1.99,1.06
kabupaten,18,1871,17,2025,1.725,Basis,2.16,1.25
kabupaten,18,1872,1,2021,0.1849,"Non Basis",5.09,27.52
kabupaten,18,1872,2,2021,0,"Non Basis",0,5.18
kabupaten,18,1872,3,2021,0.8345,"Non Basis",15.68,18.79
kabupaten,18,1872,4,2021,1.0251,Basis,0.17,0.16
kabupaten,18,1872,5,2021,0.571,"Non Basis",0.06,0.11
kabupaten,18,1872,6,2021,0.6829,"Non Basis",7,10.25
kabupaten,18,1872,7,2021,1.4409,Basis,17.84,12.38
kabupaten,18,1872,8,2021,1.5198,Basis,7.67,5.05
kabupaten,18,1872,9,2021,1.6491,Basis,2.29,1.39
kabupaten,18,1872,10,2021,1.6725,Basis,9.36,5.59
kabupaten,18,1872,11,2021,3.3107,Basis,6.99,2.11
kabupaten,18,1872,12,2021,2.1271,Basis,6.4,3.01
kabupaten,18,1872,13,2021,4.7253,Basis,0.64,0.13
kabupaten,18,1872,14,2021,2.0913,Basis,6.88,3.29
kabupaten,18,1872,15,2021,1.8919,Basis,5.73,3.03
kabupaten,18,1872,16,2021,5.3543,Basis,6,1.12
kabupaten,18,1872,17,2021,2.5293,Basis,2.21,0.87
kabupaten,18,1872,1,2022,0.1875,"Non Basis",5.05,26.92
kabupaten,18,1872,2,2022,0,"Non Basis",0,4.78
kabupaten,18,1872,3,2022,0.8649,"Non Basis",15.65,18.09
kabupaten,18,1872,4,2022,0.9797,"Non Basis",0.16,0.17
kabupaten,18,1872,5,2022,0.5594,"Non Basis",0.06,0.11
kabupaten,18,1872,6,2022,0.7012,"Non Basis",7.16,10.21
kabupaten,18,1872,7,2022,1.3317,Basis,18.25,13.7
kabupaten,18,1872,8,2022,1.3703,Basis,7.98,5.83
kabupaten,18,1872,9,2022,1.6718,Basis,2.5,1.5
kabupaten,18,1872,10,2022,1.7076,Basis,9.2,5.39
kabupaten,18,1872,11,2022,3.3909,Basis,6.61,1.95
kabupaten,18,1872,12,2022,2.105,Basis,6.28,2.98
kabupaten,18,1872,13,2022,4.578,Basis,0.7,0.15
kabupaten,18,1872,14,2022,2.1059,Basis,6.56,3.12
kabupaten,18,1872,15,2022,1.8724,Basis,5.58,2.98
kabupaten,18,1872,16,2022,5.464,Basis,5.87,1.07
kabupaten,18,1872,17,2022,2.2719,Basis,2.38,1.05
kabupaten,18,1872,1,2023,0.1861,"Non Basis",4.82,25.89
kabupaten,18,1872,2,2023,0,"Non Basis",0,4.71
kabupaten,18,1872,3,2023,0.8618,"Non Basis",15.13,17.55
kabupaten,18,1872,4,2023,1.0169,Basis,0.16,0.16
kabupaten,18,1872,5,2023,0.5589,"Non Basis",0.06,0.11
kabupaten,18,1872,6,2023,0.6986,"Non Basis",7.3,10.45
kabupaten,18,1872,7,2023,1.2795,Basis,18.41,14.39
kabupaten,18,1872,8,2023,1.3278,Basis,8.62,6.49
kabupaten,18,1872,9,2023,1.6708,Basis,2.71,1.62
kabupaten,18,1872,10,2023,1.6922,Basis,9.38,5.54
kabupaten,18,1872,11,2023,3.3707,Basis,6.49,1.92
kabupaten,18,1872,12,2023,2.1001,Basis,6.04,2.88
kabupaten,18,1872,13,2023,4.5541,Basis,0.7,0.15
kabupaten,18,1872,14,2023,2.1023,Basis,6.27,2.98
kabupaten,18,1872,15,2023,1.8835,Basis,5.49,2.92
kabupaten,18,1872,16,2023,5.4582,Basis,5.82,1.07
kabupaten,18,1872,17,2023,2.2317,Basis,2.58,1.16
kabupaten,18,1872,1,2024,0.1878,"Non Basis",4.56,24.27
kabupaten,18,1872,2,2024,0,"Non Basis",0,4.72
kabupaten,18,1872,3,2024,0.8391,"Non Basis",15.35,18.29
kabupaten,18,1872,4,2024,1.1154,Basis,0.16,0.14
kabupaten,18,1872,5,2024,0.551,"Non Basis",0.06,0.1
kabupaten,18,1872,6,2024,0.6884,"Non Basis",7.07,10.27
kabupaten,18,1872,7,2024,1.2661,Basis,18.68,14.75
kabupaten,18,1872,8,2024,1.3062,Basis,8.91,6.82
kabupaten,18,1872,9,2024,1.5946,Basis,2.61,1.64
kabupaten,18,1872,10,2024,1.6593,Basis,9.55,5.76
kabupaten,18,1872,11,2024,3.2465,Basis,6.26,1.93
kabupaten,18,1872,12,2024,2.0284,Basis,5.96,2.94
kabupaten,18,1872,13,2024,4.4602,Basis,0.72,0.16
kabupaten,18,1872,14,2024,2.0061,Basis,6.13,3.05
kabupaten,18,1872,15,2024,1.8704,Basis,5.29,2.83
kabupaten,18,1872,16,2024,5.5719,Basis,6.1,1.09
kabupaten,18,1872,17,2024,2.1232,Basis,2.6,1.23
kabupaten,18,1872,1,2025,0.1936,"Non Basis",4.73,24.42
kabupaten,18,1872,2,2025,0,"Non Basis",0,4.43
kabupaten,18,1872,3,2025,0.8622,"Non Basis",15.93,18.47
kabupaten,18,1872,4,2025,1.2227,Basis,0.16,0.13
kabupaten,18,1872,5,2025,0.5474,"Non Basis",0.05,0.1
kabupaten,18,1872,6,2025,0.6827,"Non Basis",7.03,10.3
kabupaten,18,1872,7,2025,1.2438,Basis,18.37,14.77
kabupaten,18,1872,8,2025,1.2637,Basis,8.79,6.95
kabupaten,18,1872,9,2025,1.6404,Basis,2.76,1.68
kabupaten,18,1872,10,2025,1.6612,Basis,9.5,5.72
kabupaten,18,1872,11,2025,3.2787,Basis,6.36,1.94
kabupaten,18,1872,12,2025,2.0228,Basis,5.87,2.9
kabupaten,18,1872,13,2025,4.5177,Basis,0.72,0.16
kabupaten,18,1872,14,2025,2.0398,Basis,6.08,2.98
kabupaten,18,1872,15,2025,1.8701,Basis,5.12,2.74
kabupaten,18,1872,16,2025,5.6253,Basis,5.98,1.06
kabupaten,18,1872,17,2025,2.0528,Basis,2.57,1.25
kabupaten,18,1802,1,2021,1.1924,Basis,32.82,27.52
kabupaten,18,1802,2,2021,0.8855,"Non Basis",4.59,5.18
kabupaten,18,1802,3,2021,1.244,Basis,23.38,18.79
kabupaten,18,1802,4,2021,0.7847,"Non Basis",0.13,0.16
kabupaten,18,1802,5,2021,0.3448,"Non Basis",0.04,0.11
kabupaten,18,1802,6,2021,1.1323,Basis,11.61,10.25
kabupaten,18,1802,7,2021,0.858,"Non Basis",10.62,12.38
kabupaten,18,1802,8,2021,0.5308,"Non Basis",2.68,5.05
kabupaten,18,1802,9,2021,0.6757,"Non Basis",0.94,1.39
kabupaten,18,1802,10,2021,0.8008,"Non Basis",4.48,5.59
kabupaten,18,1802,11,2021,0.7442,"Non Basis",1.57,2.11
kabupaten,18,1802,12,2021,0.6331,"Non Basis",1.9,3.01
kabupaten,18,1802,13,2021,0.7543,"Non Basis",0.1,0.13
kabupaten,18,1802,14,2021,0.4858,"Non Basis",1.6,3.29
kabupaten,18,1802,15,2021,0.8007,"Non Basis",2.42,3.03
kabupaten,18,1802,16,2021,0.5277,"Non Basis",0.59,1.12
kabupaten,18,1802,17,2021,0.6058,"Non Basis",0.53,0.87
kabupaten,18,1802,1,2022,1.1983,Basis,32.25,26.92
kabupaten,18,1802,2,2022,0.9333,"Non Basis",4.46,4.78
kabupaten,18,1802,3,2022,1.2431,Basis,22.49,18.09
kabupaten,18,1802,4,2022,0.7698,"Non Basis",0.13,0.17
kabupaten,18,1802,5,2022,0.344,"Non Basis",0.04,0.11
kabupaten,18,1802,6,2022,1.1429,Basis,11.67,10.21
kabupaten,18,1802,7,2022,0.8711,"Non Basis",11.94,13.7
kabupaten,18,1802,8,2022,0.5382,"Non Basis",3.13,5.83
kabupaten,18,1802,9,2022,0.6715,"Non Basis",1.01,1.5
kabupaten,18,1802,10,2022,0.802,"Non Basis",4.32,5.39
kabupaten,18,1802,11,2022,0.7449,"Non Basis",1.45,1.95
kabupaten,18,1802,12,2022,0.633,"Non Basis",1.89,2.98
kabupaten,18,1802,13,2022,0.7512,"Non Basis",0.11,0.15
kabupaten,18,1802,14,2022,0.4842,"Non Basis",1.51,3.12
kabupaten,18,1802,15,2022,0.8039,"Non Basis",2.4,2.98
kabupaten,18,1802,16,2022,0.5253,"Non Basis",0.56,1.07
kabupaten,18,1802,17,2022,0.6032,"Non Basis",0.63,1.05
kabupaten,18,1802,1,2023,1.2002,Basis,31.07,25.89
kabupaten,18,1802,2,2023,0.9686,"Non Basis",4.56,4.71
kabupaten,18,1802,3,2023,1.2488,Basis,21.92,17.55
kabupaten,18,1802,4,2023,0.8025,"Non Basis",0.13,0.16
kabupaten,18,1802,5,2023,0.3439,"Non Basis",0.04,0.11
kabupaten,18,1802,6,2023,1.1521,Basis,12.04,10.45
kabupaten,18,1802,7,2023,0.8821,"Non Basis",12.69,14.39
kabupaten,18,1802,8,2023,0.5445,"Non Basis",3.54,6.49
kabupaten,18,1802,9,2023,0.6752,"Non Basis",1.1,1.62
kabupaten,18,1802,10,2023,0.8091,"Non Basis",4.48,5.54
kabupaten,18,1802,11,2023,0.7504,"Non Basis",1.44,1.92
kabupaten,18,1802,12,2023,0.633,"Non Basis",1.82,2.88
kabupaten,18,1802,13,2023,0.7508,"Non Basis",0.12,0.15
kabupaten,18,1802,14,2023,0.4842,"Non Basis",1.44,2.98
kabupaten,18,1802,15,2023,0.8041,"Non Basis",2.34,2.92
kabupaten,18,1802,16,2023,0.5249,"Non Basis",0.56,1.07
kabupaten,18,1802,17,2023,0.6039,"Non Basis",0.7,1.16
kabupaten,18,1802,1,2024,1.1886,Basis,28.85,24.27
kabupaten,18,1802,2,2024,0.9946,"Non Basis",4.7,4.72
kabupaten,18,1802,3,2024,1.2666,Basis,23.17,18.29
kabupaten,18,1802,4,2024,0.8558,"Non Basis",0.12,0.14
kabupaten,18,1802,5,2024,0.3386,"Non Basis",0.03,0.1
kabupaten,18,1802,6,2024,1.1523,Basis,11.83,10.27
kabupaten,18,1802,7,2024,0.8983,"Non Basis",13.25,14.75
kabupaten,18,1802,8,2024,0.5516,"Non Basis",3.76,6.82
kabupaten,18,1802,9,2024,0.6719,"Non Basis",1.1,1.64
kabupaten,18,1802,10,2024,0.8122,"Non Basis",4.68,5.76
kabupaten,18,1802,11,2024,0.7479,"Non Basis",1.44,1.93
kabupaten,18,1802,12,2024,0.6326,"Non Basis",1.86,2.94
kabupaten,18,1802,13,2024,0.7521,"Non Basis",0.12,0.16
kabupaten,18,1802,14,2024,0.4877,"Non Basis",1.49,3.05
kabupaten,18,1802,15,2024,0.8051,"Non Basis",2.28,2.83
kabupaten,18,1802,16,2024,0.5244,"Non Basis",0.57,1.09
kabupaten,18,1802,17,2024,0.6045,"Non Basis",0.74,1.23
kabupaten,18,1802,1,2025,1.1805,Basis,28.83,24.42
kabupaten,18,1802,2,2025,1.0342,Basis,4.59,4.43
kabupaten,18,1802,3,2025,1.2718,Basis,23.49,18.47
kabupaten,18,1802,4,2025,0.9202,"Non Basis",0.12,0.13
kabupaten,18,1802,5,2025,0.3318,"Non Basis",0.03,0.1
kabupaten,18,1802,6,2025,1.1557,Basis,11.9,10.3
kabupaten,18,1802,7,2025,0.8914,"Non Basis",13.16,14.77
kabupaten,18,1802,8,2025,0.5491,"Non Basis",3.82,6.95
kabupaten,18,1802,9,2025,0.6801,"Non Basis",1.14,1.68
kabupaten,18,1802,10,2025,0.8066,"Non Basis",4.61,5.72
kabupaten,18,1802,11,2025,0.7353,"Non Basis",1.43,1.94
kabupaten,18,1802,12,2025,0.6356,"Non Basis",1.84,2.9
kabupaten,18,1802,13,2025,0.7461,"Non Basis",0.12,0.16
kabupaten,18,1802,14,2025,0.4771,"Non Basis",1.42,2.98
kabupaten,18,1802,15,2025,0.7996,"Non Basis",2.19,2.74
kabupaten,18,1802,16,2025,0.5285,"Non Basis",0.56,1.06
kabupaten,18,1802,17,2025,0.5967,"Non Basis",0.75,1.25
kabupaten,11,1101,1,2021,0.8767,"Non Basis",24.48,27.92
kabupaten,11,1101,2,2021,0.5053,"Non Basis",3.89,7.69
kabupaten,11,1101,3,2021,0.6412,"Non Basis",2.94,4.59
kabupaten,11,1101,4,2021,0.5739,"Non Basis",0.09,0.16
kabupaten,11,1101,5,2021,0.6057,"Non Basis",0.02,0.04
kabupaten,11,1101,6,2021,1.608,Basis,16.45,10.23
kabupaten,11,1101,7,2021,0.9855,"Non Basis",14.61,14.82
kabupaten,11,1101,8,2021,0.7269,"Non Basis",4.53,6.23
kabupaten,11,1101,9,2021,0.3614,"Non Basis",0.41,1.15
kabupaten,11,1101,10,2021,1.3718,Basis,5.66,4.13
kabupaten,11,1101,11,2021,1.1689,Basis,1.93,1.65
kabupaten,11,1101,12,2021,0.8787,"Non Basis",3.68,4.19
kabupaten,11,1101,13,2021,0.9967,"Non Basis",0.62,0.62
kabupaten,11,1101,14,2021,1.5138,Basis,13.64,9.01
kabupaten,11,1101,15,2021,1.2207,Basis,3.34,2.73
kabupaten,11,1101,16,2021,0.6325,"Non Basis",2.14,3.38
kabupaten,11,1101,17,2021,1.0812,Basis,1.56,1.45
kabupaten,11,1101,1,2022,0.8902,"Non Basis",24.63,27.67
kabupaten,11,1101,2,2022,0.4665,"Non Basis",3.59,7.7
kabupaten,11,1101,3,2022,0.6317,"Non Basis",2.9,4.59
kabupaten,11,1101,4,2022,0.5662,"Non Basis",0.09,0.16
kabupaten,11,1101,5,2022,0.5621,"Non Basis",0.02,0.04
kabupaten,11,1101,6,2022,1.6698,Basis,16.02,9.59
kabupaten,11,1101,7,2022,0.9851,"Non Basis",14.9,15.13
kabupaten,11,1101,8,2022,0.7268,"Non Basis",4.66,6.42
kabupaten,11,1101,9,2022,0.3372,"Non Basis",0.49,1.46
kabupaten,11,1101,10,2022,1.373,Basis,6.05,4.4
kabupaten,11,1101,11,2022,1.226,Basis,1.83,1.49
kabupaten,11,1101,12,2022,0.8808,"Non Basis",3.68,4.18
kabupaten,11,1101,13,2022,1.0033,Basis,0.67,0.67
kabupaten,11,1101,14,2022,1.5181,Basis,13.12,8.64
kabupaten,11,1101,15,2022,1.2456,Basis,3.39,2.72
kabupaten,11,1101,16,2022,0.6386,"Non Basis",2.28,3.56
kabupaten,11,1101,17,2022,1.0611,Basis,1.67,1.58
kabupaten,11,1101,1,2023,0.9355,"Non Basis",26.5,28.33
kabupaten,11,1101,2,2023,0.4811,"Non Basis",3.38,7.03
kabupaten,11,1101,3,2023,0.641,"Non Basis",2.78,4.34
kabupaten,11,1101,4,2023,0.6638,"Non Basis",0.11,0.16
kabupaten,11,1101,5,2023,0.5418,"Non Basis",0.02,0.04
kabupaten,11,1101,6,2023,1.6913,Basis,16.14,9.54
kabupaten,11,1101,7,2023,0.9311,"Non Basis",14.74,15.83
kabupaten,11,1101,8,2023,0.6709,"Non Basis",4.44,6.62
kabupaten,11,1101,9,2023,0.3138,"Non Basis",0.47,1.51
kabupaten,11,1101,10,2023,1.357,Basis,6.01,4.43
kabupaten,11,1101,11,2023,1.3684,Basis,1.75,1.28
kabupaten,11,1101,12,2023,0.8864,"Non Basis",3.68,4.16
kabupaten,11,1101,13,2023,1.0206,Basis,0.65,0.63
kabupaten,11,1101,14,2023,1.4545,Basis,12.28,8.44
kabupaten,11,1101,15,2023,1.1747,Basis,3.12,2.66
kabupaten,11,1101,16,2023,0.6518,"Non Basis",2.22,3.4
kabupaten,11,1101,17,2023,1.0648,Basis,1.7,1.6
kabupaten,11,1101,1,2024,0.9428,"Non Basis",25.82,27.39
kabupaten,11,1101,2,2024,0.4278,"Non Basis",3.19,7.47
kabupaten,11,1101,3,2024,0.6314,"Non Basis",2.69,4.27
kabupaten,11,1101,4,2024,0.6378,"Non Basis",0.1,0.16
kabupaten,11,1101,5,2024,0.5392,"Non Basis",0.02,0.04
kabupaten,11,1101,6,2024,1.6608,Basis,15.8,9.52
kabupaten,11,1101,7,2024,0.9597,"Non Basis",14.89,15.51
kabupaten,11,1101,8,2024,0.6787,"Non Basis",5.01,7.38
kabupaten,11,1101,9,2024,0.3235,"Non Basis",0.48,1.48
kabupaten,11,1101,10,2024,1.414,Basis,6.1,4.31
kabupaten,11,1101,11,2024,1.2633,Basis,1.88,1.49
kabupaten,11,1101,12,2024,0.8783,"Non Basis",3.61,4.11
kabupaten,11,1101,13,2024,1.0251,Basis,0.65,0.63
kabupaten,11,1101,14,2024,1.4637,Basis,12.69,8.67
kabupaten,11,1101,15,2024,1.1962,Basis,3.17,2.65
kabupaten,11,1101,16,2024,0.6591,"Non Basis",2.19,3.33
kabupaten,11,1101,17,2024,1.0637,Basis,1.69,1.59
kabupaten,11,1101,1,2025,0.9719,"Non Basis",26.78,27.56
kabupaten,11,1101,2,2025,0.4262,"Non Basis",3.12,7.33
kabupaten,11,1101,3,2025,0.6362,"Non Basis",2.76,4.33
kabupaten,11,1101,4,2025,0.6549,"Non Basis",0.1,0.15
kabupaten,11,1101,5,2025,0.5421,"Non Basis",0.02,0.04
kabupaten,11,1101,6,2025,1.6715,Basis,15.06,9.01
kabupaten,11,1101,7,2025,0.9598,"Non Basis",15.11,15.74
kabupaten,11,1101,8,2025,0.6776,"Non Basis",5.15,7.6
kabupaten,11,1101,9,2025,0.3221,"Non Basis",0.49,1.51
kabupaten,11,1101,10,2025,1.4071,Basis,6,4.27
kabupaten,11,1101,11,2025,1.2165,Basis,1.82,1.5
kabupaten,11,1101,12,2025,0.87,"Non Basis",3.63,4.17
kabupaten,11,1101,13,2025,0.9972,"Non Basis",0.61,0.61
kabupaten,11,1101,14,2025,1.4274,Basis,12.33,8.64
kabupaten,11,1101,15,2025,1.1637,Basis,3.1,2.67
kabupaten,11,1101,16,2025,0.6633,"Non Basis",2.19,3.3
kabupaten,11,1101,17,2025,1.0937,Basis,1.72,1.58
kabupaten,11,1102,1,2021,1.4407,Basis,40.22,27.92
kabupaten,11,1102,2,2021,0.1443,"Non Basis",1.11,7.69
kabupaten,11,1102,3,2021,0.3022,"Non Basis",1.39,4.59
kabupaten,11,1102,4,2021,0.956,"Non Basis",0.15,0.16
kabupaten,11,1102,5,2021,0.4149,"Non Basis",0.02,0.04
kabupaten,11,1102,6,2021,0.6653,"Non Basis",6.81,10.23
kabupaten,11,1102,7,2021,0.9427,"Non Basis",13.97,14.82
kabupaten,11,1102,8,2021,0.6705,"Non Basis",4.18,6.23
kabupaten,11,1102,9,2021,0.5136,"Non Basis",0.59,1.15
kabupaten,11,1102,10,2021,0.5842,"Non Basis",2.41,4.13
kabupaten,11,1102,11,2021,1.5635,Basis,2.58,1.65
kabupaten,11,1102,12,2021,0.9107,"Non Basis",3.82,4.19
kabupaten,11,1102,13,2021,0.6625,"Non Basis",0.41,0.62
kabupaten,11,1102,14,2021,1.4265,Basis,12.85,9.01
kabupaten,11,1102,15,2021,1.1033,Basis,3.01,2.73
kabupaten,11,1102,16,2021,1.353,Basis,4.58,3.38
kabupaten,11,1102,17,2021,1.308,Basis,1.89,1.45
kabupaten,11,1102,1,2022,1.4309,Basis,39.59,27.67
kabupaten,11,1102,2,2022,0.1429,"Non Basis",1.1,7.7
kabupaten,11,1102,3,2022,0.3083,"Non Basis",1.42,4.59
kabupaten,11,1102,4,2022,0.9771,"Non Basis",0.15,0.16
kabupaten,11,1102,5,2022,0.4147,"Non Basis",0.02,0.04
kabupaten,11,1102,6,2022,0.6925,"Non Basis",6.64,9.59
kabupaten,11,1102,7,2022,0.9514,"Non Basis",14.39,15.13
kabupaten,11,1102,8,2022,0.6655,"Non Basis",4.27,6.42
kabupaten,11,1102,9,2022,0.4483,"Non Basis",0.65,1.46
kabupaten,11,1102,10,2022,0.5855,"Non Basis",2.58,4.4
kabupaten,11,1102,11,2022,1.6122,Basis,2.41,1.49
kabupaten,11,1102,12,2022,0.9177,"Non Basis",3.84,4.18
kabupaten,11,1102,13,2022,0.6646,"Non Basis",0.44,0.67
kabupaten,11,1102,14,2022,1.4482,Basis,12.52,8.64
kabupaten,11,1102,15,2022,1.1239,Basis,3.06,2.72
kabupaten,11,1102,16,2022,1.3656,Basis,4.87,3.56
kabupaten,11,1102,17,2022,1.3057,Basis,2.06,1.58
kabupaten,11,1102,1,2023,1.4105,Basis,39.96,28.33
kabupaten,11,1102,2,2023,0.1561,"Non Basis",1.1,7.03
kabupaten,11,1102,3,2023,0.3196,"Non Basis",1.39,4.34
kabupaten,11,1102,4,2023,0.9593,"Non Basis",0.16,0.16
kabupaten,11,1102,5,2023,0.4085,"Non Basis",0.02,0.04
kabupaten,11,1102,6,2023,0.6884,"Non Basis",6.57,9.54
kabupaten,11,1102,7,2023,0.9316,"Non Basis",14.75,15.83
kabupaten,11,1102,8,2023,0.6575,"Non Basis",4.35,6.62
kabupaten,11,1102,9,2023,0.4545,"Non Basis",0.69,1.51
kabupaten,11,1102,10,2023,0.583,"Non Basis",2.58,4.43
kabupaten,11,1102,11,2023,1.6151,Basis,2.06,1.28
kabupaten,11,1102,12,2023,0.9325,"Non Basis",3.88,4.16
kabupaten,11,1102,13,2023,0.6583,"Non Basis",0.42,0.63
kabupaten,11,1102,14,2023,1.4616,Basis,12.34,8.44
kabupaten,11,1102,15,2023,1.1404,Basis,3.03,2.66
kabupaten,11,1102,16,2023,1.3638,Basis,4.64,3.4
kabupaten,11,1102,17,2023,1.2998,Basis,2.08,1.6
kabupaten,11,1102,1,2024,1.4583,Basis,39.94,27.39
kabupaten,11,1102,2,2024,0.1419,"Non Basis",1.06,7.47
kabupaten,11,1102,3,2024,0.3232,"Non Basis",1.38,4.27
kabupaten,11,1102,4,2024,0.963,"Non Basis",0.16,0.16
kabupaten,11,1102,5,2024,0.4185,"Non Basis",0.02,0.04
kabupaten,11,1102,6,2024,0.6822,"Non Basis",6.49,9.52
kabupaten,11,1102,7,2024,0.9286,"Non Basis",14.4,15.51
kabupaten,11,1102,8,2024,0.6333,"Non Basis",4.68,7.38
kabupaten,11,1102,9,2024,0.4654,"Non Basis",0.69,1.48
kabupaten,11,1102,10,2024,0.5932,"Non Basis",2.56,4.31
kabupaten,11,1102,11,2024,1.628,Basis,2.42,1.49
kabupaten,11,1102,12,2024,0.9384,"Non Basis",3.86,4.11
kabupaten,11,1102,13,2024,0.6467,"Non Basis",0.41,0.63
kabupaten,11,1102,14,2024,1.4074,Basis,12.2,8.67
kabupaten,11,1102,15,2024,1.1565,Basis,3.07,2.65
kabupaten,11,1102,16,2024,1.3764,Basis,4.58,3.33
kabupaten,11,1102,17,2024,1.3146,Basis,2.09,1.59
kabupaten,11,1102,1,2025,1.4405,Basis,39.7,27.56
kabupaten,11,1102,2,2025,0.135,"Non Basis",0.99,7.33
kabupaten,11,1102,3,2025,0.3185,"Non Basis",1.38,4.33
kabupaten,11,1102,4,2025,1.0052,Basis,0.16,0.15
kabupaten,11,1102,5,2025,0.4208,"Non Basis",0.02,0.04
kabupaten,11,1102,6,2025,0.6538,"Non Basis",5.89,9.01
kabupaten,11,1102,7,2025,0.9496,"Non Basis",14.94,15.74
kabupaten,11,1102,8,2025,0.6377,"Non Basis",4.85,7.6
kabupaten,11,1102,9,2025,0.4647,"Non Basis",0.7,1.51
kabupaten,11,1102,10,2025,0.6017,"Non Basis",2.57,4.27
kabupaten,11,1102,11,2025,1.6113,Basis,2.42,1.5
kabupaten,11,1102,12,2025,0.9297,"Non Basis",3.88,4.17
kabupaten,11,1102,13,2025,0.6496,"Non Basis",0.4,0.61
kabupaten,11,1102,14,2025,1.4253,Basis,12.31,8.64
kabupaten,11,1102,15,2025,1.165,Basis,3.11,2.67
kabupaten,11,1102,16,2025,1.3996,Basis,4.62,3.3
kabupaten,11,1102,17,2025,1.3208,Basis,2.08,1.58
kabupaten,11,1103,1,2021,1.5118,Basis,42.21,27.92
kabupaten,11,1103,2,2021,0.7794,"Non Basis",6,7.69
kabupaten,11,1103,3,2021,0.7406,"Non Basis",3.4,4.59
kabupaten,11,1103,4,2021,0.9133,"Non Basis",0.15,0.16
kabupaten,11,1103,5,2021,0.8647,"Non Basis",0.03,0.04
kabupaten,11,1103,6,2021,0.7781,"Non Basis",7.96,10.23
kabupaten,11,1103,7,2021,0.6609,"Non Basis",9.8,14.82
kabupaten,11,1103,8,2021,0.8668,"Non Basis",5.4,6.23
kabupaten,11,1103,9,2021,0.8852,"Non Basis",1.01,1.15
kabupaten,11,1103,10,2021,0.721,"Non Basis",2.97,4.13
kabupaten,11,1103,11,2021,0.9975,"Non Basis",1.65,1.65
kabupaten,11,1103,12,2021,1.0032,Basis,4.2,4.19
kabupaten,11,1103,13,2021,0.4548,"Non Basis",0.28,0.62
kabupaten,11,1103,14,2021,0.9211,"Non Basis",8.3,9.01
kabupaten,11,1103,15,2021,0.7047,"Non Basis",1.93,2.73
kabupaten,11,1103,16,2021,0.9638,"Non Basis",3.26,3.38
kabupaten,11,1103,17,2021,0.9998,"Non Basis",1.45,1.45
kabupaten,11,1103,1,2022,1.5074,Basis,41.71,27.67
kabupaten,11,1103,2,2022,0.833,"Non Basis",6.41,7.7
kabupaten,11,1103,3,2022,0.7487,"Non Basis",3.44,4.59
kabupaten,11,1103,4,2022,0.9181,"Non Basis",0.14,0.16
kabupaten,11,1103,5,2022,0.8581,"Non Basis",0.03,0.04
kabupaten,11,1103,6,2022,0.8033,"Non Basis",7.71,9.59
kabupaten,11,1103,7,2022,0.6571,"Non Basis",9.94,15.13
kabupaten,11,1103,8,2022,0.8528,"Non Basis",5.47,6.42
kabupaten,11,1103,9,2022,0.7709,"Non Basis",1.12,1.46
kabupaten,11,1103,10,2022,0.7064,"Non Basis",3.11,4.4
kabupaten,11,1103,11,2022,1.0212,Basis,1.52,1.49
kabupaten,11,1103,12,2022,1.0055,Basis,4.2,4.18
kabupaten,11,1103,13,2022,0.4392,"Non Basis",0.29,0.67
kabupaten,11,1103,14,2022,0.9227,"Non Basis",7.97,8.64
kabupaten,11,1103,15,2022,0.7049,"Non Basis",1.92,2.72
kabupaten,11,1103,16,2022,0.9667,"Non Basis",3.45,3.56
kabupaten,11,1103,17,2022,0.9837,"Non Basis",1.55,1.58
kabupaten,11,1103,1,2023,1.491,Basis,42.24,28.33
kabupaten,11,1103,2,2023,0.8253,"Non Basis",5.8,7.03
kabupaten,11,1103,3,2023,0.7889,"Non Basis",3.42,4.34
kabupaten,11,1103,4,2023,0.912,"Non Basis",0.15,0.16
kabupaten,11,1103,5,2023,0.87,"Non Basis",0.03,0.04
kabupaten,11,1103,6,2023,0.7826,"Non Basis",7.47,9.54
kabupaten,11,1103,7,2023,0.6555,"Non Basis",10.38,15.83
kabupaten,11,1103,8,2023,0.8511,"Non Basis",5.63,6.62
kabupaten,11,1103,9,2023,0.7702,"Non Basis",1.16,1.51
kabupaten,11,1103,10,2023,0.7203,"Non Basis",3.19,4.43
kabupaten,11,1103,11,2023,1.0491,Basis,1.34,1.28
kabupaten,11,1103,12,2023,1.0196,Basis,4.24,4.16
kabupaten,11,1103,13,2023,0.4481,"Non Basis",0.28,0.63
kabupaten,11,1103,14,2023,0.9212,"Non Basis",7.78,8.44
kabupaten,11,1103,15,2023,0.7306,"Non Basis",1.94,2.66
kabupaten,11,1103,16,2023,0.9792,"Non Basis",3.33,3.4
kabupaten,11,1103,17,2023,1.0062,Basis,1.61,1.6
kabupaten,11,1103,1,2024,1.5281,Basis,41.86,27.39
kabupaten,11,1103,2,2024,0.7941,"Non Basis",5.93,7.47
kabupaten,11,1103,3,2024,0.7814,"Non Basis",3.33,4.27
kabupaten,11,1103,4,2024,0.9075,"Non Basis",0.15,0.16
kabupaten,11,1103,5,2024,0.8927,"Non Basis",0.03,0.04
kabupaten,11,1103,6,2024,0.7769,"Non Basis",7.39,9.52
kabupaten,11,1103,7,2024,0.667,"Non Basis",10.35,15.51
kabupaten,11,1103,8,2024,0.7917,"Non Basis",5.85,7.38
kabupaten,11,1103,9,2024,0.7807,"Non Basis",1.16,1.48
kabupaten,11,1103,10,2024,0.7234,"Non Basis",3.12,4.31
kabupaten,11,1103,11,2024,1.0435,Basis,1.55,1.49
kabupaten,11,1103,12,2024,1.0133,Basis,4.17,4.11
kabupaten,11,1103,13,2024,0.4477,"Non Basis",0.28,0.63
kabupaten,11,1103,14,2024,0.9218,"Non Basis",7.99,8.67
kabupaten,11,1103,15,2024,0.7226,"Non Basis",1.92,2.65
kabupaten,11,1103,16,2024,0.9975,"Non Basis",3.32,3.33
kabupaten,11,1103,17,2024,1.0123,Basis,1.61,1.59
kabupaten,11,1103,1,2025,1.5542,Basis,42.83,27.56
kabupaten,11,1103,2,2025,0.7361,"Non Basis",5.39,7.33
kabupaten,11,1103,3,2025,0.7805,"Non Basis",3.38,4.33
kabupaten,11,1103,4,2025,0.91,"Non Basis",0.14,0.15
kabupaten,11,1103,5,2025,0.8997,"Non Basis",0.03,0.04
kabupaten,11,1103,6,2025,0.7722,"Non Basis",6.96,9.01
kabupaten,11,1103,7,2025,0.6562,"Non Basis",10.33,15.74
kabupaten,11,1103,8,2025,0.7875,"Non Basis",5.99,7.6
kabupaten,11,1103,9,2025,0.7882,"Non Basis",1.19,1.51
kabupaten,11,1103,10,2025,0.7317,"Non Basis",3.12,4.27
kabupaten,11,1103,11,2025,1.0317,Basis,1.55,1.5
kabupaten,11,1103,12,2025,1.0126,Basis,4.22,4.17
kabupaten,11,1103,13,2025,0.4502,"Non Basis",0.27,0.61
kabupaten,11,1103,14,2025,0.9026,"Non Basis",7.8,8.64
kabupaten,11,1103,15,2025,0.7184,"Non Basis",1.92,2.67
kabupaten,11,1103,16,2025,0.9932,"Non Basis",3.28,3.3
kabupaten,11,1103,17,2025,1.0128,Basis,1.6,1.58
kabupaten,11,1104,1,2021,1.471,Basis,41.07,27.92
kabupaten,11,1104,2,2021,0.1436,"Non Basis",1.1,7.69
kabupaten,11,1104,3,2021,0.3387,"Non Basis",1.56,4.59
kabupaten,11,1104,4,2021,0.6919,"Non Basis",0.11,0.16
kabupaten,11,1104,5,2021,0.9324,"Non Basis",0.04,0.04
kabupaten,11,1104,6,2021,1.3837,Basis,14.15,10.23
kabupaten,11,1104,7,2021,0.8524,"Non Basis",12.63,14.82
kabupaten,11,1104,8,2021,0.6247,"Non Basis",3.9,6.23
kabupaten,11,1104,9,2021,1.1993,Basis,1.37,1.15
kabupaten,11,1104,10,2021,0.785,"Non Basis",3.24,4.13
kabupaten,11,1104,11,2021,1.0982,Basis,1.82,1.65
kabupaten,11,1104,12,2021,0.677,"Non Basis",2.84,4.19
kabupaten,11,1104,13,2021,0.7899,"Non Basis",0.49,0.62
kabupaten,11,1104,14,2021,1.0677,Basis,9.62,9.01
kabupaten,11,1104,15,2021,0.6627,"Non Basis",1.81,2.73
kabupaten,11,1104,16,2021,0.8594,"Non Basis",2.91,3.38
kabupaten,11,1104,17,2021,0.9293,"Non Basis",1.34,1.45
kabupaten,11,1104,1,2022,1.4899,Basis,41.22,27.67
kabupaten,11,1104,2,2022,0.1397,"Non Basis",1.08,7.7
kabupaten,11,1104,3,2022,0.3631,"Non Basis",1.67,4.59
kabupaten,11,1104,4,2022,0.7012,"Non Basis",0.11,0.16
kabupaten,11,1104,5,2022,0.9227,"Non Basis",0.04,0.04
kabupaten,11,1104,6,2022,1.4105,Basis,13.53,9.59
kabupaten,11,1104,7,2022,0.8457,"Non Basis",12.79,15.13
kabupaten,11,1104,8,2022,0.6121,"Non Basis",3.93,6.42
kabupaten,11,1104,9,2022,1.2107,Basis,1.76,1.46
kabupaten,11,1104,10,2022,0.7892,"Non Basis",3.48,4.4
kabupaten,11,1104,11,2022,1.1027,Basis,1.65,1.49
kabupaten,11,1104,12,2022,0.6714,"Non Basis",2.81,4.18
kabupaten,11,1104,13,2022,0.7684,"Non Basis",0.51,0.67
kabupaten,11,1104,14,2022,1.0573,Basis,9.14,8.64
kabupaten,11,1104,15,2022,0.6478,"Non Basis",1.76,2.72
kabupaten,11,1104,16,2022,0.8535,"Non Basis",3.04,3.56
kabupaten,11,1104,17,2022,0.944,"Non Basis",1.49,1.58
kabupaten,11,1104,1,2023,1.4786,Basis,41.89,28.33
kabupaten,11,1104,2,2023,0.148,"Non Basis",1.04,7.03
kabupaten,11,1104,3,2023,0.4037,"Non Basis",1.75,4.34
kabupaten,11,1104,4,2023,0.6729,"Non Basis",0.11,0.16
kabupaten,11,1104,5,2023,0.937,"Non Basis",0.04,0.04
kabupaten,11,1104,6,2023,1.371,Basis,13.08,9.54
kabupaten,11,1104,7,2023,0.8306,"Non Basis",13.15,15.83
kabupaten,11,1104,8,2023,0.596,"Non Basis",3.94,6.62
kabupaten,11,1104,9,2023,1.2081,Basis,1.83,1.51
kabupaten,11,1104,10,2023,0.7988,"Non Basis",3.54,4.43
kabupaten,11,1104,11,2023,1.159,Basis,1.48,1.28
kabupaten,11,1104,12,2023,0.6631,"Non Basis",2.76,4.16
kabupaten,11,1104,13,2023,0.7839,"Non Basis",0.5,0.63
kabupaten,11,1104,14,2023,1.0391,Basis,8.77,8.44
kabupaten,11,1104,15,2023,0.6414,"Non Basis",1.71,2.66
kabupaten,11,1104,16,2023,0.8547,"Non Basis",2.91,3.4
kabupaten,11,1104,17,2023,0.9479,"Non Basis",1.52,1.6
kabupaten,11,1104,1,2024,1.4779,Basis,40.48,27.39
kabupaten,11,1104,2,2024,0.1376,"Non Basis",1.03,7.47
kabupaten,11,1104,3,2024,0.4156,"Non Basis",1.77,4.27
kabupaten,11,1104,4,2024,0.677,"Non Basis",0.11,0.16
kabupaten,11,1104,5,2024,0.9688,"Non Basis",0.04,0.04
kabupaten,11,1104,6,2024,1.4079,Basis,13.4,9.52
kabupaten,11,1104,7,2024,0.863,"Non Basis",13.39,15.51
kabupaten,11,1104,8,2024,0.5655,"Non Basis",4.17,7.38
kabupaten,11,1104,9,2024,1.2731,Basis,1.89,1.48
kabupaten,11,1104,10,2024,0.8188,"Non Basis",3.53,4.31
kabupaten,11,1104,11,2024,1.141,Basis,1.7,1.49
kabupaten,11,1104,12,2024,0.6771,"Non Basis",2.78,4.11
kabupaten,11,1104,13,2024,0.8044,"Non Basis",0.51,0.63
kabupaten,11,1104,14,2024,1.0483,Basis,9.09,8.67
kabupaten,11,1104,15,2024,0.648,"Non Basis",1.72,2.65
kabupaten,11,1104,16,2024,0.8502,"Non Basis",2.83,3.33
kabupaten,11,1104,17,2024,0.9872,"Non Basis",1.57,1.59
kabupaten,11,1104,1,2025,1.481,Basis,40.81,27.56
kabupaten,11,1104,2,2025,0.1338,"Non Basis",0.98,7.33
kabupaten,11,1104,3,2025,0.4167,"Non Basis",1.81,4.33
kabupaten,11,1104,4,2025,0.7236,"Non Basis",0.11,0.15
kabupaten,11,1104,5,2025,1.1231,Basis,0.04,0.04
kabupaten,11,1104,6,2025,1.4308,Basis,12.9,9.01
kabupaten,11,1104,7,2025,0.8577,"Non Basis",13.5,15.74
kabupaten,11,1104,8,2025,0.5656,"Non Basis",4.3,7.6
kabupaten,11,1104,9,2025,1.251,Basis,1.89,1.51
kabupaten,11,1104,10,2025,0.824,"Non Basis",3.51,4.27
kabupaten,11,1104,11,2025,1.148,Basis,1.72,1.5
kabupaten,11,1104,12,2025,0.6746,"Non Basis",2.81,4.17
kabupaten,11,1104,13,2025,0.8034,"Non Basis",0.49,0.61
kabupaten,11,1104,14,2025,1.0441,Basis,9.02,8.64
kabupaten,11,1104,15,2025,0.6513,"Non Basis",1.74,2.67
kabupaten,11,1104,16,2025,0.8567,"Non Basis",2.83,3.3
kabupaten,11,1104,17,2025,0.9774,"Non Basis",1.54,1.58
kabupaten,11,1105,1,2021,0.9042,"Non Basis",25.25,27.92
kabupaten,11,1105,2,2021,3.3149,Basis,25.5,7.69
kabupaten,11,1105,3,2021,0.3157,"Non Basis",1.45,4.59
kabupaten,11,1105,4,2021,0.8359,"Non Basis",0.13,0.16
kabupaten,11,1105,5,2021,0.3933,"Non Basis",0.01,0.04
kabupaten,11,1105,6,2021,0.995,"Non Basis",10.18,10.23
kabupaten,11,1105,7,2021,0.8592,"Non Basis",12.74,14.82
kabupaten,11,1105,8,2021,0.6626,"Non Basis",4.13,6.23
kabupaten,11,1105,9,2021,0.7989,"Non Basis",0.92,1.15
kabupaten,11,1105,10,2021,0.7459,"Non Basis",3.08,4.13
kabupaten,11,1105,11,2021,1.0181,Basis,1.68,1.65
kabupaten,11,1105,12,2021,0.6772,"Non Basis",2.84,4.19
kabupaten,11,1105,13,2021,0.5958,"Non Basis",0.37,0.62
kabupaten,11,1105,14,2021,0.7603,"Non Basis",6.85,9.01
kabupaten,11,1105,15,2021,0.6759,"Non Basis",1.85,2.73
kabupaten,11,1105,16,2021,0.7249,"Non Basis",2.45,3.38
kabupaten,11,1105,17,2021,0.3956,"Non Basis",0.57,1.45
kabupaten,11,1105,1,2022,0.9348,"Non Basis",25.87,27.67
kabupaten,11,1105,2,2022,3.1111,Basis,23.96,7.7
kabupaten,11,1105,3,2022,0.3284,"Non Basis",1.51,4.59
kabupaten,11,1105,4,2022,0.8398,"Non Basis",0.13,0.16
kabupaten,11,1105,5,2022,0.3643,"Non Basis",0.01,0.04
kabupaten,11,1105,6,2022,1.0225,Basis,9.81,9.59
kabupaten,11,1105,7,2022,0.8793,"Non Basis",13.3,15.13
kabupaten,11,1105,8,2022,0.6721,"Non Basis",4.31,6.42
kabupaten,11,1105,9,2022,0.787,"Non Basis",1.15,1.46
kabupaten,11,1105,10,2022,0.7633,"Non Basis",3.36,4.4
kabupaten,11,1105,11,2022,1.0535,Basis,1.57,1.49
kabupaten,11,1105,12,2022,0.6886,"Non Basis",2.88,4.18
kabupaten,11,1105,13,2022,0.5977,"Non Basis",0.4,0.67
kabupaten,11,1105,14,2022,0.766,"Non Basis",6.62,8.64
kabupaten,11,1105,15,2022,0.6884,"Non Basis",1.87,2.72
kabupaten,11,1105,16,2022,0.7382,"Non Basis",2.63,3.56
kabupaten,11,1105,17,2022,0.3921,"Non Basis",0.62,1.58
kabupaten,11,1105,1,2023,0.9343,"Non Basis",26.47,28.33
kabupaten,11,1105,2,2023,3.3501,Basis,23.55,7.03
kabupaten,11,1105,3,2023,0.3319,"Non Basis",1.44,4.34
kabupaten,11,1105,4,2023,0.8164,"Non Basis",0.13,0.16
kabupaten,11,1105,5,2023,0.3525,"Non Basis",0.01,0.04
kabupaten,11,1105,6,2023,1.0343,Basis,9.87,9.54
kabupaten,11,1105,7,2023,0.8573,"Non Basis",13.57,15.83
kabupaten,11,1105,8,2023,0.6126,"Non Basis",4.05,6.62
kabupaten,11,1105,9,2023,0.7631,"Non Basis",1.15,1.51
kabupaten,11,1105,10,2023,0.7518,"Non Basis",3.33,4.43
kabupaten,11,1105,11,2023,1.0735,Basis,1.37,1.28
kabupaten,11,1105,12,2023,0.6755,"Non Basis",2.81,4.16
kabupaten,11,1105,13,2023,0.5947,"Non Basis",0.38,0.63
kabupaten,11,1105,14,2023,0.8138,"Non Basis",6.87,8.44
kabupaten,11,1105,15,2023,0.6925,"Non Basis",1.84,2.66
kabupaten,11,1105,16,2023,0.7444,"Non Basis",2.53,3.4
kabupaten,11,1105,17,2023,0.3829,"Non Basis",0.61,1.6
kabupaten,11,1105,1,2024,0.8864,"Non Basis",24.28,27.39
kabupaten,11,1105,2,2024,3.7105,Basis,27.71,7.47
kabupaten,11,1105,3,2024,0.319,"Non Basis",1.36,4.27
kabupaten,11,1105,4,2024,0.7734,"Non Basis",0.13,0.16
kabupaten,11,1105,5,2024,0.3242,"Non Basis",0.01,0.04
kabupaten,11,1105,6,2024,1.0058,Basis,9.57,9.52
kabupaten,11,1105,7,2024,0.8139,"Non Basis",12.62,15.51
kabupaten,11,1105,8,2024,0.5589,"Non Basis",4.13,7.38
kabupaten,11,1105,9,2024,0.733,"Non Basis",1.09,1.48
kabupaten,11,1105,10,2024,0.7274,"Non Basis",3.14,4.31
kabupaten,11,1105,11,2024,1.0463,Basis,1.56,1.49
kabupaten,11,1105,12,2024,0.6504,"Non Basis",2.67,4.11
kabupaten,11,1105,13,2024,0.5783,"Non Basis",0.37,0.63
kabupaten,11,1105,14,2024,0.7686,"Non Basis",6.67,8.67
kabupaten,11,1105,15,2024,0.6587,"Non Basis",1.75,2.65
kabupaten,11,1105,16,2024,0.7135,"Non Basis",2.37,3.33
kabupaten,11,1105,17,2024,0.3704,"Non Basis",0.59,1.59
kabupaten,11,1105,1,2025,0.8836,"Non Basis",24.35,27.56
kabupaten,11,1105,2,2025,4.1118,Basis,30.12,7.33
kabupaten,11,1105,3,2025,0.303,"Non Basis",1.31,4.33
kabupaten,11,1105,4,2025,0.7851,"Non Basis",0.12,0.15
kabupaten,11,1105,5,2025,0.3273,"Non Basis",0.01,0.04
kabupaten,11,1105,6,2025,0.9173,"Non Basis",8.27,9.01
kabupaten,11,1105,7,2025,0.7679,"Non Basis",12.09,15.74
kabupaten,11,1105,8,2025,0.5436,"Non Basis",4.13,7.6
kabupaten,11,1105,9,2025,0.7026,"Non Basis",1.06,1.51
kabupaten,11,1105,10,2025,0.7048,"Non Basis",3.01,4.27
kabupaten,11,1105,11,2025,1.0034,Basis,1.51,1.5
kabupaten,11,1105,12,2025,0.6348,"Non Basis",2.65,4.17
kabupaten,11,1105,13,2025,0.5655,"Non Basis",0.34,0.61
kabupaten,11,1105,14,2025,0.7448,"Non Basis",6.43,8.64
kabupaten,11,1105,15,2025,0.6408,"Non Basis",1.71,2.67
kabupaten,11,1105,16,2025,0.7011,"Non Basis",2.31,3.3
kabupaten,11,1105,17,2025,0.3643,"Non Basis",0.57,1.58
kabupaten,11,1106,1,2021,0.7791,"Non Basis",21.75,27.92
kabupaten,11,1106,2,2021,0.8346,"Non Basis",6.42,7.69
kabupaten,11,1106,3,2021,0.4765,"Non Basis",2.19,4.59
kabupaten,11,1106,4,2021,0.5968,"Non Basis",0.1,0.16
kabupaten,11,1106,5,2021,1.1212,Basis,0.04,0.04
kabupaten,11,1106,6,2021,1.9374,Basis,19.82,10.23
kabupaten,11,1106,7,2021,1.1692,Basis,17.33,14.82
kabupaten,11,1106,8,2021,0.9139,"Non Basis",5.7,6.23
kabupaten,11,1106,9,2021,1.2597,Basis,1.44,1.15
kabupaten,11,1106,10,2021,1.3892,Basis,5.73,4.13
kabupaten,11,1106,11,2021,0.7138,"Non Basis",1.18,1.65
kabupaten,11,1106,12,2021,1.4718,Basis,6.17,4.19
kabupaten,11,1106,13,2021,0.5259,"Non Basis",0.33,0.62
kabupaten,11,1106,14,2021,0.7034,"Non Basis",6.34,9.01
kabupaten,11,1106,15,2021,0.6471,"Non Basis",1.77,2.73
kabupaten,11,1106,16,2021,0.6824,"Non Basis",2.31,3.38
kabupaten,11,1106,17,2021,0.9613,"Non Basis",1.39,1.45
kabupaten,11,1106,1,2022,0.7718,"Non Basis",21.35,27.67
kabupaten,11,1106,2,2022,0.7778,"Non Basis",5.99,7.7
kabupaten,11,1106,3,2022,0.4714,"Non Basis",2.16,4.59
kabupaten,11,1106,4,2022,0.5899,"Non Basis",0.09,0.16
kabupaten,11,1106,5,2022,1.1345,Basis,0.05,0.04
kabupaten,11,1106,6,2022,1.9535,Basis,18.74,9.59
kabupaten,11,1106,7,2022,1.1509,Basis,17.41,15.13
kabupaten,11,1106,8,2022,1.0689,Basis,6.86,6.42
kabupaten,11,1106,9,2022,1.2612,Basis,1.84,1.46
kabupaten,11,1106,10,2022,1.3905,Basis,6.12,4.4
kabupaten,11,1106,11,2022,0.7207,"Non Basis",1.08,1.49
kabupaten,11,1106,12,2022,1.4772,Basis,6.17,4.18
kabupaten,11,1106,13,2022,0.5189,"Non Basis",0.35,0.67
kabupaten,11,1106,14,2022,0.7044,"Non Basis",6.09,8.64
kabupaten,11,1106,15,2022,0.6485,"Non Basis",1.77,2.72
kabupaten,11,1106,16,2022,0.6847,"Non Basis",2.44,3.56
kabupaten,11,1106,17,2022,0.9475,"Non Basis",1.49,1.58
kabupaten,11,1106,1,2023,0.7124,"Non Basis",20.18,28.33
kabupaten,11,1106,2,2023,0.8343,"Non Basis",5.87,7.03
kabupaten,11,1106,3,2023,0.4897,"Non Basis",2.12,4.34
kabupaten,11,1106,4,2023,0.576,"Non Basis",0.09,0.16
kabupaten,11,1106,5,2023,1.1484,Basis,0.05,0.04
kabupaten,11,1106,6,2023,1.963,Basis,18.73,9.54
kabupaten,11,1106,7,2023,1.1357,Basis,17.98,15.83
kabupaten,11,1106,8,2023,1.2163,Basis,8.05,6.62
kabupaten,11,1106,9,2023,1.2712,Basis,1.92,1.51
kabupaten,11,1106,10,2023,1.3698,Basis,6.07,4.43
kabupaten,11,1106,11,2023,0.735,"Non Basis",0.94,1.28
kabupaten,11,1106,12,2023,1.4999,Basis,6.23,4.16
kabupaten,11,1106,13,2023,0.5196,"Non Basis",0.33,0.63
kabupaten,11,1106,14,2023,0.6712,"Non Basis",5.67,8.44
kabupaten,11,1106,15,2023,0.6624,"Non Basis",1.76,2.66
kabupaten,11,1106,16,2023,0.7327,"Non Basis",2.49,3.4
kabupaten,11,1106,17,2023,0.9504,"Non Basis",1.52,1.6
kabupaten,11,1106,1,2024,0.7261,"Non Basis",19.89,27.39
kabupaten,11,1106,2,2024,0.7635,"Non Basis",5.7,7.47
kabupaten,11,1106,3,2024,0.4946,"Non Basis",2.11,4.27
kabupaten,11,1106,4,2024,0.5579,"Non Basis",0.09,0.16
kabupaten,11,1106,5,2024,1.1327,Basis,0.04,0.04
kabupaten,11,1106,6,2024,1.9579,Basis,18.63,9.52
kabupaten,11,1106,7,2024,1.1126,Basis,17.26,15.51
kabupaten,11,1106,8,2024,1.2252,Basis,9.05,7.38
kabupaten,11,1106,9,2024,1.2401,Basis,1.84,1.48
kabupaten,11,1106,10,2024,1.3906,Basis,5.99,4.31
kabupaten,11,1106,11,2024,0.7615,"Non Basis",1.13,1.49
kabupaten,11,1106,12,2024,1.5393,Basis,6.33,4.11
kabupaten,11,1106,13,2024,0.5216,"Non Basis",0.33,0.63
kabupaten,11,1106,14,2024,0.6834,"Non Basis",5.93,8.67
kabupaten,11,1106,15,2024,0.6549,"Non Basis",1.74,2.65
kabupaten,11,1106,16,2024,0.732,"Non Basis",2.43,3.33
kabupaten,11,1106,17,2024,0.9478,"Non Basis",1.51,1.59
kabupaten,11,1106,1,2025,0.7373,"Non Basis",20.32,27.56
kabupaten,11,1106,2,2025,0.7984,"Non Basis",5.85,7.33
kabupaten,11,1106,3,2025,0.4901,"Non Basis",2.12,4.33
kabupaten,11,1106,4,2025,0.5627,"Non Basis",0.09,0.15
kabupaten,11,1106,5,2025,1.1589,Basis,0.04,0.04
kabupaten,11,1106,6,2025,1.9262,Basis,17.36,9.01
kabupaten,11,1106,7,2025,1.1066,Basis,17.42,15.74
kabupaten,11,1106,8,2025,1.1632,Basis,8.84,7.6
kabupaten,11,1106,9,2025,1.2357,Basis,1.87,1.51
kabupaten,11,1106,10,2025,1.3927,Basis,5.94,4.27
kabupaten,11,1106,11,2025,0.7975,"Non Basis",1.2,1.5
kabupaten,11,1106,12,2025,1.5682,Basis,6.54,4.17
kabupaten,11,1106,13,2025,0.5237,"Non Basis",0.32,0.61
kabupaten,11,1106,14,2025,0.7306,"Non Basis",6.31,8.64
kabupaten,11,1106,15,2025,0.6707,"Non Basis",1.79,2.67
kabupaten,11,1106,16,2025,0.7659,"Non Basis",2.53,3.3
kabupaten,11,1106,17,2025,0.9322,"Non Basis",1.47,1.58
kabupaten,11,1107,1,2021,1.3892,Basis,38.79,27.92
kabupaten,11,1107,2,2021,0.4545,"Non Basis",3.5,7.69
kabupaten,11,1107,3,2021,0.6054,"Non Basis",2.78,4.59
kabupaten,11,1107,4,2021,0.7882,"Non Basis",0.13,0.16
kabupaten,11,1107,5,2021,0.2839,"Non Basis",0.01,0.04
kabupaten,11,1107,6,2021,0.7697,"Non Basis",7.87,10.23
kabupaten,11,1107,7,2021,1.0125,Basis,15.01,14.82
kabupaten,11,1107,8,2021,0.9545,"Non Basis",5.95,6.23
kabupaten,11,1107,9,2021,0.9527,"Non Basis",1.09,1.15
kabupaten,11,1107,10,2021,0.6691,"Non Basis",2.76,4.13
kabupaten,11,1107,11,2021,0.8937,"Non Basis",1.48,1.65
kabupaten,11,1107,12,2021,0.8111,"Non Basis",3.4,4.19
kabupaten,11,1107,13,2021,0.8739,"Non Basis",0.54,0.62
kabupaten,11,1107,14,2021,1.0105,Basis,9.11,9.01
kabupaten,11,1107,15,2021,0.8859,"Non Basis",2.42,2.73
kabupaten,11,1107,16,2021,0.9965,"Non Basis",3.37,3.38
kabupaten,11,1107,17,2021,1.2435,Basis,1.8,1.45
kabupaten,11,1107,1,2022,1.3788,Basis,38.15,27.67
kabupaten,11,1107,2,2022,0.4425,"Non Basis",3.41,7.7
kabupaten,11,1107,3,2022,0.6027,"Non Basis",2.77,4.59
kabupaten,11,1107,4,2022,0.7972,"Non Basis",0.13,0.16
kabupaten,11,1107,5,2022,0.2825,"Non Basis",0.01,0.04
kabupaten,11,1107,6,2022,0.8037,"Non Basis",7.71,9.59
kabupaten,11,1107,7,2022,1.0149,Basis,15.35,15.13
kabupaten,11,1107,8,2022,0.9676,"Non Basis",6.21,6.42
kabupaten,11,1107,9,2022,0.944,"Non Basis",1.37,1.46
kabupaten,11,1107,10,2022,0.6612,"Non Basis",2.91,4.4
kabupaten,11,1107,11,2022,0.896,"Non Basis",1.34,1.49
kabupaten,11,1107,12,2022,0.8182,"Non Basis",3.42,4.18
kabupaten,11,1107,13,2022,0.8573,"Non Basis",0.57,0.67
kabupaten,11,1107,14,2022,1.015,Basis,8.77,8.64
kabupaten,11,1107,15,2022,0.8752,"Non Basis",2.38,2.72
kabupaten,11,1107,16,2022,0.9991,"Non Basis",3.56,3.56
kabupaten,11,1107,17,2022,1.2264,Basis,1.93,1.58
kabupaten,11,1107,1,2023,1.3935,Basis,39.48,28.33
kabupaten,11,1107,2,2023,0.4883,"Non Basis",3.43,7.03
kabupaten,11,1107,3,2023,0.6043,"Non Basis",2.62,4.34
kabupaten,11,1107,4,2023,0.7934,"Non Basis",0.13,0.16
kabupaten,11,1107,5,2023,0.2917,"Non Basis",0.01,0.04
kabupaten,11,1107,6,2023,0.7147,"Non Basis",6.82,9.54
kabupaten,11,1107,7,2023,1.003,Basis,15.88,15.83
kabupaten,11,1107,8,2023,0.9634,"Non Basis",6.37,6.62
kabupaten,11,1107,9,2023,0.9547,"Non Basis",1.44,1.51
kabupaten,11,1107,10,2023,0.6547,"Non Basis",2.9,4.43
kabupaten,11,1107,11,2023,0.8621,"Non Basis",1.1,1.28
kabupaten,11,1107,12,2023,0.8327,"Non Basis",3.46,4.16
kabupaten,11,1107,13,2023,0.8497,"Non Basis",0.54,0.63
kabupaten,11,1107,14,2023,0.9698,"Non Basis",8.19,8.44
kabupaten,11,1107,15,2023,0.8786,"Non Basis",2.34,2.66
kabupaten,11,1107,16,2023,0.9771,"Non Basis",3.33,3.4
kabupaten,11,1107,17,2023,1.2278,Basis,1.96,1.6
kabupaten,11,1107,1,2024,1.3902,Basis,38.08,27.39
kabupaten,11,1107,2,2024,0.4681,"Non Basis",3.5,7.47
kabupaten,11,1107,3,2024,0.615,"Non Basis",2.62,4.27
kabupaten,11,1107,4,2024,0.7732,"Non Basis",0.13,0.16
kabupaten,11,1107,5,2024,0.2963,"Non Basis",0.01,0.04
kabupaten,11,1107,6,2024,0.7879,"Non Basis",7.5,9.52
kabupaten,11,1107,7,2024,1.0177,Basis,15.78,15.51
kabupaten,11,1107,8,2024,0.9435,"Non Basis",6.97,7.38
kabupaten,11,1107,9,2024,0.9903,"Non Basis",1.47,1.48
kabupaten,11,1107,10,2024,0.6551,"Non Basis",2.82,4.31
kabupaten,11,1107,11,2024,0.8423,"Non Basis",1.25,1.49
kabupaten,11,1107,12,2024,0.8277,"Non Basis",3.4,4.11
kabupaten,11,1107,13,2024,0.8496,"Non Basis",0.54,0.63
kabupaten,11,1107,14,2024,0.9659,"Non Basis",8.38,8.67
kabupaten,11,1107,15,2024,0.8743,"Non Basis",2.32,2.65
kabupaten,11,1107,16,2024,0.9847,"Non Basis",3.27,3.33
kabupaten,11,1107,17,2024,1.2325,Basis,1.96,1.59
kabupaten,11,1107,1,2025,1.4233,Basis,39.22,27.56
kabupaten,11,1107,2,2025,0.4403,"Non Basis",3.23,7.33
kabupaten,11,1107,3,2025,0.6019,"Non Basis",2.61,4.33
kabupaten,11,1107,4,2025,0.7958,"Non Basis",0.12,0.15
kabupaten,11,1107,5,2025,0.2979,"Non Basis",0.01,0.04
kabupaten,11,1107,6,2025,0.7137,"Non Basis",6.43,9.01
kabupaten,11,1107,7,2025,1.0184,Basis,16.03,15.74
kabupaten,11,1107,8,2025,0.9227,"Non Basis",7.01,7.6
kabupaten,11,1107,9,2025,0.9611,"Non Basis",1.45,1.51
kabupaten,11,1107,10,2025,0.651,"Non Basis",2.78,4.27
kabupaten,11,1107,11,2025,0.8622,"Non Basis",1.29,1.5
kabupaten,11,1107,12,2025,0.8169,"Non Basis",3.41,4.17
kabupaten,11,1107,13,2025,0.8296,"Non Basis",0.51,0.61
kabupaten,11,1107,14,2025,0.9825,"Non Basis",8.49,8.64
kabupaten,11,1107,15,2025,0.8659,"Non Basis",2.31,2.67
kabupaten,11,1107,16,2025,0.9668,"Non Basis",3.19,3.3
kabupaten,11,1107,17,2025,1.2143,Basis,1.91,1.58
kabupaten,11,1108,1,2021,1.0699,Basis,29.87,27.92
kabupaten,11,1108,2,2021,3.0498,Basis,23.46,7.69
kabupaten,11,1108,3,2021,2.0518,Basis,9.42,4.59
kabupaten,11,1108,4,2021,0.6743,"Non Basis",0.11,0.16
kabupaten,11,1108,5,2021,0.5491,"Non Basis",0.02,0.04
kabupaten,11,1108,6,2021,0.5041,"Non Basis",5.16,10.23
kabupaten,11,1108,7,2021,0.7833,"Non Basis",11.61,14.82
kabupaten,11,1108,8,2021,0.8254,"Non Basis",5.15,6.23
kabupaten,11,1108,9,2021,0.3813,"Non Basis",0.44,1.15
kabupaten,11,1108,10,2021,0.4768,"Non Basis",1.97,4.13
kabupaten,11,1108,11,2021,0.7522,"Non Basis",1.24,1.65
kabupaten,11,1108,12,2021,0.6469,"Non Basis",2.71,4.19
kabupaten,11,1108,13,2021,0.4638,"Non Basis",0.29,0.62
kabupaten,11,1108,14,2021,0.332,"Non Basis",2.99,9.01
kabupaten,11,1108,15,2021,0.6528,"Non Basis",1.78,2.73
kabupaten,11,1108,16,2021,0.7928,"Non Basis",2.68,3.38
kabupaten,11,1108,17,2021,0.7578,"Non Basis",1.1,1.45
kabupaten,11,1108,1,2022,1.0584,Basis,29.28,27.67
kabupaten,11,1108,2,2022,3.2151,Basis,24.76,7.7
kabupaten,11,1108,3,2022,1.9925,Basis,9.15,4.59
kabupaten,11,1108,4,2022,0.6642,"Non Basis",0.1,0.16
kabupaten,11,1108,5,2022,0.5459,"Non Basis",0.02,0.04
kabupaten,11,1108,6,2022,0.5057,"Non Basis",4.85,9.59
kabupaten,11,1108,7,2022,0.7682,"Non Basis",11.62,15.13
kabupaten,11,1108,8,2022,0.795,"Non Basis",5.1,6.42
kabupaten,11,1108,9,2022,0.3455,"Non Basis",0.5,1.46
kabupaten,11,1108,10,2022,0.4267,"Non Basis",1.88,4.4
kabupaten,11,1108,11,2022,0.7767,"Non Basis",1.16,1.49
kabupaten,11,1108,12,2022,0.6446,"Non Basis",2.69,4.18
kabupaten,11,1108,13,2022,0.4345,"Non Basis",0.29,0.67
kabupaten,11,1108,14,2022,0.3306,"Non Basis",2.86,8.64
kabupaten,11,1108,15,2022,0.6383,"Non Basis",1.74,2.72
kabupaten,11,1108,16,2022,0.7922,"Non Basis",2.82,3.56
kabupaten,11,1108,17,2022,0.7402,"Non Basis",1.17,1.58
kabupaten,11,1108,1,2023,1.0862,Basis,30.77,28.33
kabupaten,11,1108,2,2023,3.2494,Basis,22.85,7.03
kabupaten,11,1108,3,2023,1.9415,Basis,8.42,4.34
kabupaten,11,1108,4,2023,0.6746,"Non Basis",0.11,0.16
kabupaten,11,1108,5,2023,0.5803,"Non Basis",0.02,0.04
kabupaten,11,1108,6,2023,0.5005,"Non Basis",4.78,9.54
kabupaten,11,1108,7,2023,0.792,"Non Basis",12.54,15.83
kabupaten,11,1108,8,2023,0.7986,"Non Basis",5.28,6.62
kabupaten,11,1108,9,2023,0.3608,"Non Basis",0.55,1.51
kabupaten,11,1108,10,2023,0.438,"Non Basis",1.94,4.43
kabupaten,11,1108,11,2023,0.8152,"Non Basis",1.04,1.28
kabupaten,11,1108,12,2023,0.6732,"Non Basis",2.8,4.16
kabupaten,11,1108,13,2023,0.4485,"Non Basis",0.28,0.63
kabupaten,11,1108,14,2023,0.3345,"Non Basis",2.82,8.44
kabupaten,11,1108,15,2023,0.6721,"Non Basis",1.79,2.66
kabupaten,11,1108,16,2023,0.8181,"Non Basis",2.79,3.4
kabupaten,11,1108,17,2023,0.7693,"Non Basis",1.23,1.6
kabupaten,11,1108,1,2024,1.1302,Basis,30.96,27.39
kabupaten,11,1108,2,2024,2.9404,Basis,21.96,7.47
kabupaten,11,1108,3,2024,1.9435,Basis,8.29,4.27
kabupaten,11,1108,4,2024,0.6972,"Non Basis",0.11,0.16
kabupaten,11,1108,5,2024,0.677,"Non Basis",0.03,0.04
kabupaten,11,1108,6,2024,0.5065,"Non Basis",4.82,9.52
kabupaten,11,1108,7,2024,0.8067,"Non Basis",12.51,15.51
kabupaten,11,1108,8,2024,0.7972,"Non Basis",5.89,7.38
kabupaten,11,1108,9,2024,0.364,"Non Basis",0.54,1.48
kabupaten,11,1108,10,2024,0.4459,"Non Basis",1.92,4.31
kabupaten,11,1108,11,2024,0.8181,"Non Basis",1.22,1.49
kabupaten,11,1108,12,2024,0.6772,"Non Basis",2.78,4.11
kabupaten,11,1108,13,2024,0.451,"Non Basis",0.28,0.63
kabupaten,11,1108,14,2024,0.3391,"Non Basis",2.94,8.67
kabupaten,11,1108,15,2024,0.6712,"Non Basis",1.78,2.65
kabupaten,11,1108,16,2024,0.8223,"Non Basis",2.73,3.33
kabupaten,11,1108,17,2024,0.7776,"Non Basis",1.24,1.59
kabupaten,11,1108,1,2025,1.1463,Basis,31.59,27.56
kabupaten,11,1108,2,2025,2.7415,Basis,20.08,7.33
kabupaten,11,1108,3,2025,2.0447,Basis,8.86,4.33
kabupaten,11,1108,4,2025,0.7428,"Non Basis",0.11,0.15
kabupaten,11,1108,5,2025,0.6699,"Non Basis",0.03,0.04
kabupaten,11,1108,6,2025,0.4928,"Non Basis",4.44,9.01
kabupaten,11,1108,7,2025,0.8138,"Non Basis",12.81,15.74
kabupaten,11,1108,8,2025,0.8067,"Non Basis",6.13,7.6
kabupaten,11,1108,9,2025,0.3695,"Non Basis",0.56,1.51
kabupaten,11,1108,10,2025,0.4584,"Non Basis",1.96,4.27
kabupaten,11,1108,11,2025,0.8352,"Non Basis",1.25,1.5
kabupaten,11,1108,12,2025,0.6876,"Non Basis",2.87,4.17
kabupaten,11,1108,13,2025,0.4618,"Non Basis",0.28,0.61
kabupaten,11,1108,14,2025,0.3697,"Non Basis",3.19,8.64
kabupaten,11,1108,15,2025,0.6803,"Non Basis",1.81,2.67
kabupaten,11,1108,16,2025,0.8403,"Non Basis",2.77,3.3
kabupaten,11,1108,17,2025,0.7909,"Non Basis",1.25,1.58
kabupaten,11,1109,1,2021,1.1929,Basis,33.31,27.92
kabupaten,11,1109,2,2021,0.2243,"Non Basis",1.73,7.69
kabupaten,11,1109,3,2021,0.2883,"Non Basis",1.32,4.59
kabupaten,11,1109,4,2021,1.2458,Basis,0.2,0.16
kabupaten,11,1109,5,2021,0.2701,"Non Basis",0.01,0.04
kabupaten,11,1109,6,2021,0.9617,"Non Basis",9.84,10.23
kabupaten,11,1109,7,2021,0.8722,"Non Basis",12.93,14.82
kabupaten,11,1109,8,2021,0.4035,"Non Basis",2.52,6.23
kabupaten,11,1109,9,2021,1.1702,Basis,1.34,1.15
kabupaten,11,1109,10,2021,1.2418,Basis,5.12,4.13
kabupaten,11,1109,11,2021,1.0393,Basis,1.72,1.65
kabupaten,11,1109,12,2021,0.8779,"Non Basis",3.68,4.19
kabupaten,11,1109,13,2021,0.2508,"Non Basis",0.16,0.62
kabupaten,11,1109,14,2021,1.8127,Basis,16.34,9.01
kabupaten,11,1109,15,2021,1.3096,Basis,3.58,2.73
kabupaten,11,1109,16,2021,1.5359,Basis,5.19,3.38
kabupaten,11,1109,17,2021,0.7099,"Non Basis",1.03,1.45
kabupaten,11,1109,1,2022,1.209,Basis,33.45,27.67
kabupaten,11,1109,2,2022,0.2159,"Non Basis",1.66,7.7
kabupaten,11,1109,3,2022,0.2922,"Non Basis",1.34,4.59
kabupaten,11,1109,4,2022,1.2457,Basis,0.2,0.16
kabupaten,11,1109,5,2022,0.2626,"Non Basis",0.01,0.04
kabupaten,11,1109,6,2022,0.9845,"Non Basis",9.44,9.59
kabupaten,11,1109,7,2022,0.8677,"Non Basis",13.13,15.13
kabupaten,11,1109,8,2022,0.3958,"Non Basis",2.54,6.42
kabupaten,11,1109,9,2022,1.0518,Basis,1.53,1.46
kabupaten,11,1109,10,2022,1.2507,Basis,5.51,4.4
kabupaten,11,1109,11,2022,1.1057,Basis,1.65,1.49
kabupaten,11,1109,12,2022,0.8732,"Non Basis",3.65,4.18
kabupaten,11,1109,13,2022,0.2413,"Non Basis",0.16,0.67
kabupaten,11,1109,14,2022,1.8104,Basis,15.64,8.64
kabupaten,11,1109,15,2022,1.2859,Basis,3.5,2.72
kabupaten,11,1109,16,2022,1.5377,Basis,5.48,3.56
kabupaten,11,1109,17,2022,0.6989,"Non Basis",1.1,1.58
kabupaten,11,1109,1,2023,1.2257,Basis,34.72,28.33
kabupaten,11,1109,2,2023,0.2357,"Non Basis",1.66,7.03
kabupaten,11,1109,3,2023,0.2999,"Non Basis",1.3,4.34
kabupaten,11,1109,4,2023,1.2107,Basis,0.2,0.16
kabupaten,11,1109,5,2023,0.2645,"Non Basis",0.01,0.04
kabupaten,11,1109,6,2023,0.9937,"Non Basis",9.48,9.54
kabupaten,11,1109,7,2023,0.831,"Non Basis",13.15,15.83
kabupaten,11,1109,8,2023,0.3885,"Non Basis",2.57,6.62
kabupaten,11,1109,9,2023,1.0771,Basis,1.63,1.51
kabupaten,11,1109,10,2023,1.2415,Basis,5.5,4.43
kabupaten,11,1109,11,2023,1.1019,Basis,1.41,1.28
kabupaten,11,1109,12,2023,0.8654,"Non Basis",3.6,4.16
kabupaten,11,1109,13,2023,0.2386,"Non Basis",0.15,0.63
kabupaten,11,1109,14,2023,1.765,Basis,14.9,8.44
kabupaten,11,1109,15,2023,1.275,Basis,3.39,2.66
kabupaten,11,1109,16,2023,1.53,Basis,5.21,3.4
kabupaten,11,1109,17,2023,0.7022,"Non Basis",1.12,1.6
kabupaten,11,1109,1,2024,1.2684,Basis,34.74,27.39
kabupaten,11,1109,2,2024,0.2148,"Non Basis",1.6,7.47
kabupaten,11,1109,3,2024,0.2943,"Non Basis",1.26,4.27
kabupaten,11,1109,4,2024,1.2177,Basis,0.2,0.16
kabupaten,11,1109,5,2024,0.2601,"Non Basis",0.01,0.04
kabupaten,11,1109,6,2024,0.9765,"Non Basis",9.29,9.52
kabupaten,11,1109,7,2024,0.8596,"Non Basis",13.33,15.51
kabupaten,11,1109,8,2024,0.359,"Non Basis",2.65,7.38
kabupaten,11,1109,9,2024,1.072,Basis,1.59,1.48
kabupaten,11,1109,10,2024,1.298,Basis,5.6,4.31
kabupaten,11,1109,11,2024,1.0053,Basis,1.5,1.49
kabupaten,11,1109,12,2024,0.8778,"Non Basis",3.61,4.11
kabupaten,11,1109,13,2024,0.2368,"Non Basis",0.15,0.63
kabupaten,11,1109,14,2024,1.7116,Basis,14.84,8.67
kabupaten,11,1109,15,2024,1.2934,Basis,3.43,2.65
kabupaten,11,1109,16,2024,1.5254,Basis,5.07,3.33
kabupaten,11,1109,17,2024,0.7085,"Non Basis",1.13,1.59
kabupaten,11,1109,1,2025,1.2754,Basis,35.15,27.56
kabupaten,11,1109,2,2025,0.2114,"Non Basis",1.55,7.33
kabupaten,11,1109,3,2025,0.2946,"Non Basis",1.28,4.33
kabupaten,11,1109,4,2025,1.2403,Basis,0.19,0.15
kabupaten,11,1109,5,2025,0.2867,"Non Basis",0.01,0.04
kabupaten,11,1109,6,2025,0.9936,"Non Basis",8.95,9.01
kabupaten,11,1109,7,2025,0.8497,"Non Basis",13.37,15.74
kabupaten,11,1109,8,2025,0.3503,"Non Basis",2.66,7.6
kabupaten,11,1109,9,2025,1.0581,Basis,1.6,1.51
kabupaten,11,1109,10,2025,1.3039,Basis,5.56,4.27
kabupaten,11,1109,11,2025,1.016,Basis,1.52,1.5
kabupaten,11,1109,12,2025,0.8651,"Non Basis",3.61,4.17
kabupaten,11,1109,13,2025,0.236,"Non Basis",0.14,0.61
kabupaten,11,1109,14,2025,1.7173,Basis,14.83,8.64
kabupaten,11,1109,15,2025,1.3026,Basis,3.47,2.67
kabupaten,11,1109,16,2025,1.5091,Basis,4.98,3.3
kabupaten,11,1109,17,2025,0.7038,"Non Basis",1.11,1.58
kabupaten,11,1110,1,2021,0.9955,"Non Basis",27.79,27.92
kabupaten,11,1110,2,2021,0.1747,"Non Basis",1.34,7.69
kabupaten,11,1110,3,2021,0.9728,"Non Basis",4.47,4.59
kabupaten,11,1110,4,2021,1.5938,Basis,0.26,0.16
kabupaten,11,1110,5,2021,1.183,Basis,0.04,0.04
kabupaten,11,1110,6,2021,1.058,Basis,10.82,10.23
kabupaten,11,1110,7,2021,0.8792,"Non Basis",13.03,14.82
kabupaten,11,1110,8,2021,0.8608,"Non Basis",5.37,6.23
kabupaten,11,1110,9,2021,0.8989,"Non Basis",1.03,1.15
kabupaten,11,1110,10,2021,1.1943,Basis,4.93,4.13
kabupaten,11,1110,11,2021,1.2795,Basis,2.12,1.65
kabupaten,11,1110,12,2021,0.8167,"Non Basis",3.42,4.19
kabupaten,11,1110,13,2021,1.0617,Basis,0.66,0.62
kabupaten,11,1110,14,2021,1.6861,Basis,15.19,9.01
kabupaten,11,1110,15,2021,1.2094,Basis,3.3,2.73
kabupaten,11,1110,16,2021,1.4739,Basis,4.99,3.38
kabupaten,11,1110,17,2021,0.8525,"Non Basis",1.23,1.45
kabupaten,11,1110,1,2022,1.006,Basis,27.83,27.67
kabupaten,11,1110,2,2022,0.1686,"Non Basis",1.3,7.7
kabupaten,11,1110,3,2022,1.0025,Basis,4.6,4.59
kabupaten,11,1110,4,2022,1.5925,Basis,0.25,0.16
kabupaten,11,1110,5,2022,1.2018,Basis,0.05,0.04
kabupaten,11,1110,6,2022,1.0632,Basis,10.2,9.59
kabupaten,11,1110,7,2022,0.8804,"Non Basis",13.32,15.13
kabupaten,11,1110,8,2022,0.8544,"Non Basis",5.48,6.42
kabupaten,11,1110,9,2022,0.795,"Non Basis",1.16,1.46
kabupaten,11,1110,10,2022,1.1877,Basis,5.23,4.4
kabupaten,11,1110,11,2022,1.2882,Basis,1.92,1.49
kabupaten,11,1110,12,2022,0.8215,"Non Basis",3.43,4.18
kabupaten,11,1110,13,2022,1.0353,Basis,0.69,0.67
kabupaten,11,1110,14,2022,1.6897,Basis,14.6,8.64
kabupaten,11,1110,15,2022,1.2136,Basis,3.3,2.72
kabupaten,11,1110,16,2022,1.4825,Basis,5.28,3.56
kabupaten,11,1110,17,2022,0.8505,"Non Basis",1.34,1.58
kabupaten,11,1110,1,2023,0.9978,"Non Basis",28.27,28.33
kabupaten,11,1110,2,2023,0.1848,"Non Basis",1.3,7.03
kabupaten,11,1110,3,2023,1.0317,Basis,4.47,4.34
kabupaten,11,1110,4,2023,1.5584,Basis,0.25,0.16
kabupaten,11,1110,5,2023,1.1851,Basis,0.05,0.04
kabupaten,11,1110,6,2023,1.0612,Basis,10.13,9.54
kabupaten,11,1110,7,2023,0.8558,"Non Basis",13.55,15.83
kabupaten,11,1110,8,2023,0.8376,"Non Basis",5.54,6.62
kabupaten,11,1110,9,2023,0.7999,"Non Basis",1.21,1.51
kabupaten,11,1110,10,2023,1.1925,Basis,5.28,4.43
kabupaten,11,1110,11,2023,1.3918,Basis,1.78,1.28
kabupaten,11,1110,12,2023,0.8288,"Non Basis",3.45,4.16
kabupaten,11,1110,13,2023,1.0508,Basis,0.67,0.63
kabupaten,11,1110,14,2023,1.7011,Basis,14.36,8.44
kabupaten,11,1110,15,2023,1.2119,Basis,3.22,2.66
kabupaten,11,1110,16,2023,1.5011,Basis,5.11,3.4
kabupaten,11,1110,17,2023,0.8569,"Non Basis",1.37,1.6
kabupaten,11,1110,1,2024,1.0035,Basis,27.49,27.39
kabupaten,11,1110,2,2024,0.1702,"Non Basis",1.27,7.47
kabupaten,11,1110,3,2024,1.0547,Basis,4.5,4.27
kabupaten,11,1110,4,2024,1.5864,Basis,0.26,0.16
kabupaten,11,1110,5,2024,1.2027,Basis,0.05,0.04
kabupaten,11,1110,6,2024,1.0567,Basis,10.05,9.52
kabupaten,11,1110,7,2024,0.8651,"Non Basis",13.42,15.51
kabupaten,11,1110,8,2024,0.8271,"Non Basis",6.11,7.38
kabupaten,11,1110,9,2024,0.8092,"Non Basis",1.2,1.48
kabupaten,11,1110,10,2024,1.2058,Basis,5.2,4.31
kabupaten,11,1110,11,2024,1.368,Basis,2.03,1.49
kabupaten,11,1110,12,2024,0.8337,"Non Basis",3.43,4.11
kabupaten,11,1110,13,2024,1.051,Basis,0.66,0.63
kabupaten,11,1110,14,2024,1.6888,Basis,14.64,8.67
kabupaten,11,1110,15,2024,1.2236,Basis,3.25,2.65
kabupaten,11,1110,16,2024,1.5214,Basis,5.06,3.33
kabupaten,11,1110,17,2024,0.8704,"Non Basis",1.38,1.59
kabupaten,11,1110,1,2025,1.0357,Basis,28.54,27.56
kabupaten,11,1110,2,2025,0.1684,"Non Basis",1.23,7.33
kabupaten,11,1110,3,2025,1.0414,Basis,4.51,4.33
kabupaten,11,1110,4,2025,1.6252,Basis,0.25,0.15
kabupaten,11,1110,5,2025,1.1778,Basis,0.04,0.04
kabupaten,11,1110,6,2025,1.0204,Basis,9.2,9.01
kabupaten,11,1110,7,2025,0.8482,"Non Basis",13.35,15.74
kabupaten,11,1110,8,2025,0.8304,"Non Basis",6.31,7.6
kabupaten,11,1110,9,2025,0.7933,"Non Basis",1.2,1.51
kabupaten,11,1110,10,2025,1.2046,Basis,5.14,4.27
kabupaten,11,1110,11,2025,1.339,Basis,2.01,1.5
kabupaten,11,1110,12,2025,0.8278,"Non Basis",3.45,4.17
kabupaten,11,1110,13,2025,1.0511,Basis,0.64,0.61
kabupaten,11,1110,14,2025,1.6761,Basis,14.47,8.64
kabupaten,11,1110,15,2025,1.2134,Basis,3.23,2.67
kabupaten,11,1110,16,2025,1.5268,Basis,5.04,3.3
kabupaten,11,1110,17,2025,0.8669,"Non Basis",1.37,1.58
kabupaten,11,1111,1,2021,1.0831,Basis,30.24,27.92
kabupaten,11,1111,2,2021,0.3046,"Non Basis",2.34,7.69
kabupaten,11,1111,3,2021,0.3155,"Non Basis",1.45,4.59
kabupaten,11,1111,4,2021,0.6411,"Non Basis",0.1,0.16
kabupaten,11,1111,5,2021,1.3685,Basis,0.05,0.04
kabupaten,11,1111,6,2021,0.9185,"Non Basis",9.39,10.23
kabupaten,11,1111,7,2021,1.6939,Basis,25.11,14.82
kabupaten,11,1111,8,2021,1.4345,Basis,8.94,6.23
kabupaten,11,1111,9,2021,0.9026,"Non Basis",1.03,1.15
kabupaten,11,1111,10,2021,0.7666,"Non Basis",3.16,4.13
kabupaten,11,1111,11,2021,0.6318,"Non Basis",1.04,1.65
kabupaten,11,1111,12,2021,0.7446,"Non Basis",3.12,4.19
kabupaten,11,1111,13,2021,0.4734,"Non Basis",0.29,0.62
kabupaten,11,1111,14,2021,0.8894,"Non Basis",8.01,9.01
kabupaten,11,1111,15,2021,0.6559,"Non Basis",1.79,2.73
kabupaten,11,1111,16,2021,0.773,"Non Basis",2.61,3.38
kabupaten,11,1111,17,2021,0.8909,"Non Basis",1.29,1.45
kabupaten,11,1111,1,2022,1.0843,Basis,30,27.67
kabupaten,11,1111,2,2022,0.2966,"Non Basis",2.28,7.7
kabupaten,11,1111,3,2022,0.3136,"Non Basis",1.44,4.59
kabupaten,11,1111,4,2022,0.6614,"Non Basis",0.1,0.16
kabupaten,11,1111,5,2022,1.3735,Basis,0.05,0.04
kabupaten,11,1111,6,2022,0.9453,"Non Basis",9.07,9.59
kabupaten,11,1111,7,2022,1.6797,Basis,25.41,15.13
kabupaten,11,1111,8,2022,1.4072,Basis,9.03,6.42
kabupaten,11,1111,9,2022,0.889,"Non Basis",1.29,1.46
kabupaten,11,1111,10,2022,0.7592,"Non Basis",3.34,4.4
kabupaten,11,1111,11,2022,0.6598,"Non Basis",0.98,1.49
kabupaten,11,1111,12,2022,0.7401,"Non Basis",3.09,4.18
kabupaten,11,1111,13,2022,0.4704,"Non Basis",0.31,0.67
kabupaten,11,1111,14,2022,0.8881,"Non Basis",7.67,8.64
kabupaten,11,1111,15,2022,0.6514,"Non Basis",1.77,2.72
kabupaten,11,1111,16,2022,0.7723,"Non Basis",2.75,3.56
kabupaten,11,1111,17,2022,0.8732,"Non Basis",1.38,1.58
kabupaten,11,1111,1,2023,1.0562,Basis,29.92,28.33
kabupaten,11,1111,2,2023,0.3192,"Non Basis",2.24,7.03
kabupaten,11,1111,3,2023,0.3125,"Non Basis",1.36,4.34
kabupaten,11,1111,4,2023,0.6399,"Non Basis",0.1,0.16
kabupaten,11,1111,5,2023,1.3558,Basis,0.05,0.04
kabupaten,11,1111,6,2023,0.9329,"Non Basis",8.9,9.54
kabupaten,11,1111,7,2023,1.6571,Basis,26.23,15.83
kabupaten,11,1111,8,2023,1.3616,Basis,9.01,6.62
kabupaten,11,1111,9,2023,0.8981,"Non Basis",1.36,1.51
kabupaten,11,1111,10,2023,0.7542,"Non Basis",3.34,4.43
kabupaten,11,1111,11,2023,0.6875,"Non Basis",0.88,1.28
kabupaten,11,1111,12,2023,0.7282,"Non Basis",3.03,4.16
kabupaten,11,1111,13,2023,0.4684,"Non Basis",0.3,0.63
kabupaten,11,1111,14,2023,0.896,"Non Basis",7.57,8.44
kabupaten,11,1111,15,2023,0.6504,"Non Basis",1.73,2.66
kabupaten,11,1111,16,2023,0.7658,"Non Basis",2.61,3.4
kabupaten,11,1111,17,2023,0.862,"Non Basis",1.38,1.6
kabupaten,11,1111,1,2024,1.0556,Basis,28.91,27.39
kabupaten,11,1111,2,2024,0.2908,"Non Basis",2.17,7.47
kabupaten,11,1111,3,2024,0.3089,"Non Basis",1.32,4.27
kabupaten,11,1111,4,2024,0.6448,"Non Basis",0.11,0.16
kabupaten,11,1111,5,2024,1.3476,Basis,0.05,0.04
kabupaten,11,1111,6,2024,0.936,"Non Basis",8.91,9.52
kabupaten,11,1111,7,2024,1.6952,Basis,26.29,15.51
kabupaten,11,1111,8,2024,1.3629,Basis,10.06,7.38
kabupaten,11,1111,9,2024,0.882,"Non Basis",1.31,1.48
kabupaten,11,1111,10,2024,0.7524,"Non Basis",3.24,4.31
kabupaten,11,1111,11,2024,0.661,"Non Basis",0.98,1.49
kabupaten,11,1111,12,2024,0.7213,"Non Basis",2.97,4.11
kabupaten,11,1111,13,2024,0.4682,"Non Basis",0.3,0.63
kabupaten,11,1111,14,2024,0.8952,"Non Basis",7.76,8.67
kabupaten,11,1111,15,2024,0.6405,"Non Basis",1.7,2.65
kabupaten,11,1111,16,2024,0.7668,"Non Basis",2.55,3.33
kabupaten,11,1111,17,2024,0.8601,"Non Basis",1.37,1.59
kabupaten,11,1111,1,2025,1.0737,Basis,29.59,27.56
kabupaten,11,1111,2,2025,0.2786,"Non Basis",2.04,7.33
kabupaten,11,1111,3,2025,0.3105,"Non Basis",1.35,4.33
kabupaten,11,1111,4,2025,0.6359,"Non Basis",0.1,0.15
kabupaten,11,1111,5,2025,1.283,Basis,0.05,0.04
kabupaten,11,1111,6,2025,0.8882,"Non Basis",8.01,9.01
kabupaten,11,1111,7,2025,1.6608,Basis,26.14,15.74
kabupaten,11,1111,8,2025,1.4086,Basis,10.71,7.6
kabupaten,11,1111,9,2025,0.87,"Non Basis",1.31,1.51
kabupaten,11,1111,10,2025,0.7505,"Non Basis",3.2,4.27
kabupaten,11,1111,11,2025,0.6947,"Non Basis",1.04,1.5
kabupaten,11,1111,12,2025,0.7131,"Non Basis",2.98,4.17
kabupaten,11,1111,13,2025,0.4615,"Non Basis",0.28,0.61
kabupaten,11,1111,14,2025,0.8962,"Non Basis",7.74,8.64
kabupaten,11,1111,15,2025,0.6334,"Non Basis",1.69,2.67
kabupaten,11,1111,16,2025,0.7597,"Non Basis",2.51,3.3
kabupaten,11,1111,17,2025,0.8104,"Non Basis",1.28,1.58
kabupaten,11,1112,1,2021,1.0382,Basis,28.98,27.92
kabupaten,11,1112,2,2021,0.1761,"Non Basis",1.35,7.69
kabupaten,11,1112,3,2021,0.535,"Non Basis",2.46,4.59
kabupaten,11,1112,4,2021,0.7964,"Non Basis",0.13,0.16
kabupaten,11,1112,5,2021,0.1715,"Non Basis",0.01,0.04
kabupaten,11,1112,6,2021,1.4671,Basis,15.01,10.23
kabupaten,11,1112,7,2021,1.1921,Basis,17.67,14.82
kabupaten,11,1112,8,2021,1.0098,Basis,6.3,6.23
kabupaten,11,1112,9,2021,0.5634,"Non Basis",0.65,1.15
kabupaten,11,1112,10,2021,0.688,"Non Basis",2.84,4.13
kabupaten,11,1112,11,2021,1.1594,Basis,1.92,1.65
kabupaten,11,1112,12,2021,0.7081,"Non Basis",2.97,4.19
kabupaten,11,1112,13,2021,0.5086,"Non Basis",0.32,0.62
kabupaten,11,1112,14,2021,1.0581,Basis,9.54,9.01
kabupaten,11,1112,15,2021,0.9763,"Non Basis",2.67,2.73
kabupaten,11,1112,16,2021,1.2004,Basis,4.06,3.38
kabupaten,11,1112,17,2021,2.1768,Basis,3.15,1.45
kabupaten,11,1112,1,2022,1.0284,Basis,28.45,27.67
kabupaten,11,1112,2,2022,0.1717,"Non Basis",1.32,7.7
kabupaten,11,1112,3,2022,0.5486,"Non Basis",2.52,4.59
kabupaten,11,1112,4,2022,0.8019,"Non Basis",0.13,0.16
kabupaten,11,1112,5,2022,0.1738,"Non Basis",0.01,0.04
kabupaten,11,1112,6,2022,1.5148,Basis,14.53,9.59
kabupaten,11,1112,7,2022,1.2057,Basis,18.24,15.13
kabupaten,11,1112,8,2022,0.9953,"Non Basis",6.39,6.42
kabupaten,11,1112,9,2022,0.5181,"Non Basis",0.75,1.46
kabupaten,11,1112,10,2022,0.6797,"Non Basis",2.99,4.4
kabupaten,11,1112,11,2022,1.2193,Basis,1.82,1.49
kabupaten,11,1112,12,2022,0.699,"Non Basis",2.92,4.18
kabupaten,11,1112,13,2022,0.4992,"Non Basis",0.33,0.67
kabupaten,11,1112,14,2022,1.0622,Basis,9.18,8.64
kabupaten,11,1112,15,2022,0.9976,"Non Basis",2.72,2.72
kabupaten,11,1112,16,2022,1.1997,Basis,4.28,3.56
kabupaten,11,1112,17,2022,2.169,Basis,3.42,1.58
kabupaten,11,1112,1,2023,0.9885,"Non Basis",28,28.33
kabupaten,11,1112,2,2023,0.1881,"Non Basis",1.32,7.03
kabupaten,11,1112,3,2023,0.5744,"Non Basis",2.49,4.34
kabupaten,11,1112,4,2023,0.7958,"Non Basis",0.13,0.16
kabupaten,11,1112,5,2023,0.1745,"Non Basis",0.01,0.04
kabupaten,11,1112,6,2023,1.5267,Basis,14.57,9.54
kabupaten,11,1112,7,2023,1.2024,Basis,19.03,15.83
kabupaten,11,1112,8,2023,0.9805,"Non Basis",6.49,6.62
kabupaten,11,1112,9,2023,0.5181,"Non Basis",0.78,1.51
kabupaten,11,1112,10,2023,0.6783,"Non Basis",3.01,4.43
kabupaten,11,1112,11,2023,1.2746,Basis,1.63,1.28
kabupaten,11,1112,12,2023,0.6928,"Non Basis",2.88,4.16
kabupaten,11,1112,13,2023,0.4974,"Non Basis",0.32,0.63
kabupaten,11,1112,14,2023,1.0803,Basis,9.12,8.44
kabupaten,11,1112,15,2023,1.0042,Basis,2.67,2.66
kabupaten,11,1112,16,2023,1.2069,Basis,4.11,3.4
kabupaten,11,1112,17,2023,2.1575,Basis,3.45,1.6
kabupaten,11,1112,1,2024,1.0169,Basis,27.85,27.39
kabupaten,11,1112,2,2024,0.1784,"Non Basis",1.33,7.47
kabupaten,11,1112,3,2024,0.5795,"Non Basis",2.47,4.27
kabupaten,11,1112,4,2024,0.7959,"Non Basis",0.13,0.16
kabupaten,11,1112,5,2024,0.1869,"Non Basis",0.01,0.04
kabupaten,11,1112,6,2024,1.4899,Basis,14.18,9.52
kabupaten,11,1112,7,2024,1.2193,Basis,18.91,15.51
kabupaten,11,1112,8,2024,0.905,"Non Basis",6.68,7.38
kabupaten,11,1112,9,2024,0.5305,"Non Basis",0.79,1.48
kabupaten,11,1112,10,2024,0.6907,"Non Basis",2.98,4.31
kabupaten,11,1112,11,2024,1.2089,Basis,1.8,1.49
kabupaten,11,1112,12,2024,0.6832,"Non Basis",2.81,4.11
kabupaten,11,1112,13,2024,0.4993,"Non Basis",0.32,0.63
kabupaten,11,1112,14,2024,1.0931,Basis,9.48,8.67
kabupaten,11,1112,15,2024,1.0276,Basis,2.73,2.65
kabupaten,11,1112,16,2024,1.2281,Basis,4.08,3.33
kabupaten,11,1112,17,2024,2.1737,Basis,3.46,1.59
kabupaten,11,1112,1,2025,1.04,Basis,28.66,27.56
kabupaten,11,1112,2,2025,0.1821,"Non Basis",1.33,7.33
kabupaten,11,1112,3,2025,0.5808,"Non Basis",2.52,4.33
kabupaten,11,1112,4,2025,0.8318,"Non Basis",0.13,0.15
kabupaten,11,1112,5,2025,0.2008,"Non Basis",0.01,0.04
kabupaten,11,1112,6,2025,1.3751,Basis,12.39,9.01
kabupaten,11,1112,7,2025,1.2374,Basis,19.47,15.74
kabupaten,11,1112,8,2025,0.9211,"Non Basis",7,7.6
kabupaten,11,1112,9,2025,0.5359,"Non Basis",0.81,1.51
kabupaten,11,1112,10,2025,0.6828,"Non Basis",2.91,4.27
kabupaten,11,1112,11,2025,1.2033,Basis,1.81,1.5
kabupaten,11,1112,12,2025,0.6963,"Non Basis",2.9,4.17
kabupaten,11,1112,13,2025,0.4996,"Non Basis",0.3,0.61
kabupaten,11,1112,14,2025,1.0949,Basis,9.46,8.64
kabupaten,11,1112,15,2025,1.0493,Basis,2.8,2.67
kabupaten,11,1112,16,2025,1.2287,Basis,4.06,3.3
kabupaten,11,1112,17,2025,2.1798,Basis,3.43,1.58
kabupaten,11,1113,1,2021,1.4174,Basis,39.57,27.92
kabupaten,11,1113,2,2021,0.1954,"Non Basis",1.5,7.69
kabupaten,11,1113,3,2021,2.3067,Basis,10.59,4.59
kabupaten,11,1113,4,2021,0.6577,"Non Basis",0.11,0.16
kabupaten,11,1113,5,2021,0.7306,"Non Basis",0.03,0.04
kabupaten,11,1113,6,2021,0.7957,"Non Basis",8.14,10.23
kabupaten,11,1113,7,2021,0.8239,"Non Basis",12.21,14.82
kabupaten,11,1113,8,2021,0.3524,"Non Basis",2.2,6.23
kabupaten,11,1113,9,2021,0.8648,"Non Basis",0.99,1.15
kabupaten,11,1113,10,2021,0.4296,"Non Basis",1.77,4.13
kabupaten,11,1113,11,2021,0.6568,"Non Basis",1.09,1.65
kabupaten,11,1113,12,2021,0.7414,"Non Basis",3.11,4.19
kabupaten,11,1113,13,2021,0.2696,"Non Basis",0.17,0.62
kabupaten,11,1113,14,2021,1.1406,Basis,10.28,9.01
kabupaten,11,1113,15,2021,1.1443,Basis,3.13,2.73
kabupaten,11,1113,16,2021,1.3759,Basis,4.65,3.38
kabupaten,11,1113,17,2021,0.3236,"Non Basis",0.47,1.45
kabupaten,11,1113,1,2022,1.4396,Basis,39.83,27.67
kabupaten,11,1113,2,2022,0.189,"Non Basis",1.46,7.7
kabupaten,11,1113,3,2022,2.3182,Basis,10.64,4.59
kabupaten,11,1113,4,2022,0.668,"Non Basis",0.11,0.16
kabupaten,11,1113,5,2022,0.7245,"Non Basis",0.03,0.04
kabupaten,11,1113,6,2022,0.823,"Non Basis",7.9,9.59
kabupaten,11,1113,7,2022,0.81,"Non Basis",12.25,15.13
kabupaten,11,1113,8,2022,0.3464,"Non Basis",2.22,6.42
kabupaten,11,1113,9,2022,0.7112,"Non Basis",1.04,1.46
kabupaten,11,1113,10,2022,0.4212,"Non Basis",1.85,4.4
kabupaten,11,1113,11,2022,0.6641,"Non Basis",0.99,1.49
kabupaten,11,1113,12,2022,0.7278,"Non Basis",3.04,4.18
kabupaten,11,1113,13,2022,0.2484,"Non Basis",0.17,0.67
kabupaten,11,1113,14,2022,1.1488,Basis,9.93,8.64
kabupaten,11,1113,15,2022,1.1371,Basis,3.1,2.72
kabupaten,11,1113,16,2022,1.3875,Basis,4.94,3.56
kabupaten,11,1113,17,2022,0.3205,"Non Basis",0.51,1.58
kabupaten,11,1113,1,2023,1.3941,Basis,39.5,28.33
kabupaten,11,1113,2,2023,0.2012,"Non Basis",1.41,7.03
kabupaten,11,1113,3,2023,2.4068,Basis,10.44,4.34
kabupaten,11,1113,4,2023,0.6499,"Non Basis",0.11,0.16
kabupaten,11,1113,5,2023,0.7309,"Non Basis",0.03,0.04
kabupaten,11,1113,6,2023,0.8258,"Non Basis",7.88,9.54
kabupaten,11,1113,7,2023,0.8144,"Non Basis",12.89,15.83
kabupaten,11,1113,8,2023,0.3401,"Non Basis",2.25,6.62
kabupaten,11,1113,9,2023,0.7211,"Non Basis",1.09,1.51
kabupaten,11,1113,10,2023,0.4233,"Non Basis",1.88,4.43
kabupaten,11,1113,11,2023,0.6748,"Non Basis",0.86,1.28
kabupaten,11,1113,12,2023,0.7381,"Non Basis",3.07,4.16
kabupaten,11,1113,13,2023,0.2524,"Non Basis",0.16,0.63
kabupaten,11,1113,14,2023,1.2083,Basis,10.2,8.44
kabupaten,11,1113,15,2023,1.1489,Basis,3.06,2.66
kabupaten,11,1113,16,2023,1.3748,Basis,4.68,3.4
kabupaten,11,1113,17,2023,0.3158,"Non Basis",0.5,1.6
kabupaten,11,1113,1,2024,1.38,Basis,37.8,27.39
kabupaten,11,1113,2,2024,0.1828,"Non Basis",1.37,7.47
kabupaten,11,1113,3,2024,2.4502,Basis,10.45,4.27
kabupaten,11,1113,4,2024,0.6685,"Non Basis",0.11,0.16
kabupaten,11,1113,5,2024,0.7504,"Non Basis",0.03,0.04
kabupaten,11,1113,6,2024,0.8564,"Non Basis",8.15,9.52
kabupaten,11,1113,7,2024,0.8346,"Non Basis",12.94,15.51
kabupaten,11,1113,8,2024,0.3417,"Non Basis",2.52,7.38
kabupaten,11,1113,9,2024,0.7313,"Non Basis",1.09,1.48
kabupaten,11,1113,10,2024,0.4316,"Non Basis",1.86,4.31
kabupaten,11,1113,11,2024,0.6813,"Non Basis",1.01,1.49
kabupaten,11,1113,12,2024,0.7518,"Non Basis",3.09,4.11
kabupaten,11,1113,13,2024,0.2589,"Non Basis",0.16,0.63
kabupaten,11,1113,14,2024,1.2922,Basis,11.21,8.67
kabupaten,11,1113,15,2024,1.163,Basis,3.09,2.65
kabupaten,11,1113,16,2024,1.3865,Basis,4.61,3.33
kabupaten,11,1113,17,2024,0.3227,"Non Basis",0.51,1.59
kabupaten,11,1113,1,2025,1.4089,Basis,38.83,27.56
kabupaten,11,1113,2,2025,0.1819,"Non Basis",1.33,7.33
kabupaten,11,1113,3,2025,2.4393,Basis,10.57,4.33
kabupaten,11,1113,4,2025,0.574,"Non Basis",0.09,0.15
kabupaten,11,1113,5,2025,1.1878,Basis,0.04,0.04
kabupaten,11,1113,6,2025,0.8084,"Non Basis",7.29,9.01
kabupaten,11,1113,7,2025,0.8158,"Non Basis",12.84,15.74
kabupaten,11,1113,8,2025,0.339,"Non Basis",2.58,7.6
kabupaten,11,1113,9,2025,0.7057,"Non Basis",1.07,1.51
kabupaten,11,1113,10,2025,0.4374,"Non Basis",1.87,4.27
kabupaten,11,1113,11,2025,0.6811,"Non Basis",1.02,1.5
kabupaten,11,1113,12,2025,0.7667,"Non Basis",3.2,4.17
kabupaten,11,1113,13,2025,0.2913,"Non Basis",0.18,0.61
kabupaten,11,1113,14,2025,1.2448,Basis,10.75,8.64
kabupaten,11,1113,15,2025,1.1832,Basis,3.15,2.67
kabupaten,11,1113,16,2025,1.4129,Basis,4.66,3.3
kabupaten,11,1113,17,2025,0.3383,"Non Basis",0.53,1.58
kabupaten,11,1114,1,2021,1.0694,Basis,29.86,27.92
kabupaten,11,1114,2,2021,0.4795,"Non Basis",3.69,7.69
kabupaten,11,1114,3,2021,0.7605,"Non Basis",3.49,4.59
kabupaten,11,1114,4,2021,0.9203,"Non Basis",0.15,0.16
kabupaten,11,1114,5,2021,0,"Non Basis",0,0.04
kabupaten,11,1114,6,2021,1.6157,Basis,16.53,10.23
kabupaten,11,1114,7,2021,0.7201,"Non Basis",10.67,14.82
kabupaten,11,1114,8,2021,1.3017,Basis,8.12,6.23
kabupaten,11,1114,9,2021,0.6439,"Non Basis",0.74,1.15
kabupaten,11,1114,10,2021,0.8704,"Non Basis",3.59,4.13
kabupaten,11,1114,11,2021,0.2678,"Non Basis",0.44,1.65
kabupaten,11,1114,12,2021,0.9629,"Non Basis",4.03,4.19
kabupaten,11,1114,13,2021,0.2368,"Non Basis",0.15,0.62
kabupaten,11,1114,14,2021,1.3537,Basis,12.2,9.01
kabupaten,11,1114,15,2021,1.17,Basis,3.2,2.73
kabupaten,11,1114,16,2021,0.7708,"Non Basis",2.61,3.38
kabupaten,11,1114,17,2021,0.374,"Non Basis",0.54,1.45
kabupaten,11,1114,1,2022,1.0921,Basis,30.22,27.67
kabupaten,11,1114,2,2022,0.4559,"Non Basis",3.51,7.7
kabupaten,11,1114,3,2022,0.7956,"Non Basis",3.65,4.59
kabupaten,11,1114,4,2022,1.2039,Basis,0.19,0.16
kabupaten,11,1114,5,2022,0,"Non Basis",0,0.04
kabupaten,11,1114,6,2022,1.6664,Basis,15.99,9.59
kabupaten,11,1114,7,2022,0.7243,"Non Basis",10.96,15.13
kabupaten,11,1114,8,2022,1.2718,Basis,8.16,6.42
kabupaten,11,1114,9,2022,0.5539,"Non Basis",0.81,1.46
kabupaten,11,1114,10,2022,0.851,"Non Basis",3.75,4.4
kabupaten,11,1114,11,2022,0.2861,"Non Basis",0.43,1.49
kabupaten,11,1114,12,2022,0.942,"Non Basis",3.94,4.18
kabupaten,11,1114,13,2022,0.2133,"Non Basis",0.14,0.67
kabupaten,11,1114,14,2022,1.3614,Basis,11.76,8.64
kabupaten,11,1114,15,2022,1.1674,Basis,3.18,2.72
kabupaten,11,1114,16,2022,0.772,"Non Basis",2.75,3.56
kabupaten,11,1114,17,2022,0.361,"Non Basis",0.57,1.58
kabupaten,11,1114,1,2023,1.0737,Basis,30.42,28.33
kabupaten,11,1114,2,2023,0.4922,"Non Basis",3.46,7.03
kabupaten,11,1114,3,2023,0.8086,"Non Basis",3.51,4.34
kabupaten,11,1114,4,2023,1.1223,Basis,0.18,0.16
kabupaten,11,1114,5,2023,0,"Non Basis",0,0.04
kabupaten,11,1114,6,2023,1.6512,Basis,15.76,9.54
kabupaten,11,1114,7,2023,0.7163,"Non Basis",11.34,15.83
kabupaten,11,1114,8,2023,1.2527,Basis,8.29,6.62
kabupaten,11,1114,9,2023,0.5425,"Non Basis",0.82,1.51
kabupaten,11,1114,10,2023,0.8532,"Non Basis",3.78,4.43
kabupaten,11,1114,11,2023,0.3213,"Non Basis",0.41,1.28
kabupaten,11,1114,12,2023,0.9422,"Non Basis",3.92,4.16
kabupaten,11,1114,13,2023,0.2157,"Non Basis",0.14,0.63
kabupaten,11,1114,14,2023,1.3806,Basis,11.66,8.44
kabupaten,11,1114,15,2023,1.1643,Basis,3.1,2.66
kabupaten,11,1114,16,2023,0.7757,"Non Basis",2.64,3.4
kabupaten,11,1114,17,2023,0.3703,"Non Basis",0.59,1.6
kabupaten,11,1114,1,2024,1.0733,Basis,29.4,27.39
kabupaten,11,1114,2,2024,0.4525,"Non Basis",3.38,7.47
kabupaten,11,1114,3,2024,0.8127,"Non Basis",3.47,4.27
kabupaten,11,1114,4,2024,1.0724,Basis,0.18,0.16
kabupaten,11,1114,5,2024,0,"Non Basis",0,0.04
kabupaten,11,1114,6,2024,1.7338,Basis,16.5,9.52
kabupaten,11,1114,7,2024,0.7384,"Non Basis",11.45,15.51
kabupaten,11,1114,8,2024,1.1055,Basis,8.16,7.38
kabupaten,11,1114,9,2024,0.5617,"Non Basis",0.83,1.48
kabupaten,11,1114,10,2024,0.8651,"Non Basis",3.73,4.31
kabupaten,11,1114,11,2024,0.295,"Non Basis",0.44,1.49
kabupaten,11,1114,12,2024,0.9497,"Non Basis",3.91,4.11
kabupaten,11,1114,13,2024,0.2085,"Non Basis",0.13,0.63
kabupaten,11,1114,14,2024,1.4067,Basis,12.2,8.67
kabupaten,11,1114,15,2024,1.1413,Basis,3.03,2.65
kabupaten,11,1114,16,2024,0.7916,"Non Basis",2.63,3.33
kabupaten,11,1114,17,2024,0.3588,"Non Basis",0.57,1.59
kabupaten,11,1114,1,2025,1.0552,Basis,29.08,27.56
kabupaten,11,1114,2,2025,0.4527,"Non Basis",3.32,7.33
kabupaten,11,1114,3,2025,0.8142,"Non Basis",3.53,4.33
kabupaten,11,1114,4,2025,1.0987,Basis,0.17,0.15
kabupaten,11,1114,5,2025,0,"Non Basis",0,0.04
kabupaten,11,1114,6,2025,1.7832,Basis,16.07,9.01
kabupaten,11,1114,7,2025,0.7348,"Non Basis",11.56,15.74
kabupaten,11,1114,8,2025,1.0796,Basis,8.21,7.6
kabupaten,11,1114,9,2025,0.5347,"Non Basis",0.81,1.51
kabupaten,11,1114,10,2025,0.8672,"Non Basis",3.7,4.27
kabupaten,11,1114,11,2025,0.3118,"Non Basis",0.47,1.5
kabupaten,11,1114,12,2025,0.9376,"Non Basis",3.91,4.17
kabupaten,11,1114,13,2025,0.2091,"Non Basis",0.13,0.61
kabupaten,11,1114,14,2025,1.4818,Basis,12.8,8.64
kabupaten,11,1114,15,2025,1.1483,Basis,3.06,2.67
kabupaten,11,1114,16,2025,0.7856,"Non Basis",2.59,3.3
kabupaten,11,1114,17,2025,0.3777,"Non Basis",0.6,1.58
kabupaten,11,1115,1,2021,1.4901,Basis,41.6,27.92
kabupaten,11,1115,2,2021,2.4924,Basis,19.18,7.69
kabupaten,11,1115,3,2021,0.6737,"Non Basis",3.09,4.59
kabupaten,11,1115,4,2021,0.5716,"Non Basis",0.09,0.16
kabupaten,11,1115,5,2021,0.202,"Non Basis",0.01,0.04
kabupaten,11,1115,6,2021,0.8977,"Non Basis",9.18,10.23
kabupaten,11,1115,7,2021,0.6428,"Non Basis",9.53,14.82
kabupaten,11,1115,8,2021,0.4791,"Non Basis",2.99,6.23
kabupaten,11,1115,9,2021,0.2404,"Non Basis",0.28,1.15
kabupaten,11,1115,10,2021,0.5331,"Non Basis",2.2,4.13
kabupaten,11,1115,11,2021,0.6413,"Non Basis",1.06,1.65
kabupaten,11,1115,12,2021,0.4939,"Non Basis",2.07,4.19
kabupaten,11,1115,13,2021,0.3735,"Non Basis",0.23,0.62
kabupaten,11,1115,14,2021,0.4906,"Non Basis",4.42,9.01
kabupaten,11,1115,15,2021,0.6697,"Non Basis",1.83,2.73
kabupaten,11,1115,16,2021,0.5289,"Non Basis",1.79,3.38
kabupaten,11,1115,17,2021,0.3141,"Non Basis",0.45,1.45
kabupaten,11,1115,1,2022,1.5089,Basis,41.75,27.67
kabupaten,11,1115,2,2022,2.3764,Basis,18.3,7.7
kabupaten,11,1115,3,2022,0.7036,"Non Basis",3.23,4.59
kabupaten,11,1115,4,2022,0.5785,"Non Basis",0.09,0.16
kabupaten,11,1115,5,2022,0.2012,"Non Basis",0.01,0.04
kabupaten,11,1115,6,2022,0.9313,"Non Basis",8.93,9.59
kabupaten,11,1115,7,2022,0.6535,"Non Basis",9.89,15.13
kabupaten,11,1115,8,2022,0.4987,"Non Basis",3.2,6.42
kabupaten,11,1115,9,2022,0.2471,"Non Basis",0.36,1.46
kabupaten,11,1115,10,2022,0.5421,"Non Basis",2.39,4.4
kabupaten,11,1115,11,2022,0.6488,"Non Basis",0.97,1.49
kabupaten,11,1115,12,2022,0.5017,"Non Basis",2.1,4.18
kabupaten,11,1115,13,2022,0.3758,"Non Basis",0.25,0.67
kabupaten,11,1115,14,2022,0.4958,"Non Basis",4.28,8.64
kabupaten,11,1115,15,2022,0.678,"Non Basis",1.85,2.72
kabupaten,11,1115,16,2022,0.5349,"Non Basis",1.91,3.56
kabupaten,11,1115,17,2022,0.3182,"Non Basis",0.5,1.58
kabupaten,11,1115,1,2023,1.57,Basis,44.48,28.33
kabupaten,11,1115,2,2023,2.3885,Basis,16.79,7.03
kabupaten,11,1115,3,2023,0.7507,"Non Basis",3.26,4.34
kabupaten,11,1115,4,2023,0.5664,"Non Basis",0.09,0.16
kabupaten,11,1115,5,2023,0.1945,"Non Basis",0.01,0.04
kabupaten,11,1115,6,2023,0.9009,"Non Basis",8.6,9.54
kabupaten,11,1115,7,2023,0.6107,"Non Basis",9.67,15.83
kabupaten,11,1115,8,2023,0.4688,"Non Basis",3.1,6.62
kabupaten,11,1115,9,2023,0.2327,"Non Basis",0.35,1.51
kabupaten,11,1115,10,2023,0.5271,"Non Basis",2.34,4.43
kabupaten,11,1115,11,2023,0.7083,"Non Basis",0.9,1.28
kabupaten,11,1115,12,2023,0.4921,"Non Basis",2.05,4.16
kabupaten,11,1115,13,2023,0.3741,"Non Basis",0.24,0.63
kabupaten,11,1115,14,2023,0.4845,"Non Basis",4.09,8.44
kabupaten,11,1115,15,2023,0.6609,"Non Basis",1.76,2.66
kabupaten,11,1115,16,2023,0.528,"Non Basis",1.8,3.4
kabupaten,11,1115,17,2023,0.3055,"Non Basis",0.49,1.6
kabupaten,11,1115,1,2024,1.5515,Basis,42.5,27.39
kabupaten,11,1115,2,2024,2.5973,Basis,19.39,7.47
kabupaten,11,1115,3,2024,0.7423,"Non Basis",3.17,4.27
kabupaten,11,1115,4,2024,0.5985,"Non Basis",0.1,0.16
kabupaten,11,1115,5,2024,0.1914,"Non Basis",0.01,0.04
kabupaten,11,1115,6,2024,0.847,"Non Basis",8.06,9.52
kabupaten,11,1115,7,2024,0.6205,"Non Basis",9.62,15.51
kabupaten,11,1115,8,2024,0.428,"Non Basis",3.16,7.38
kabupaten,11,1115,9,2024,0.2308,"Non Basis",0.34,1.48
kabupaten,11,1115,10,2024,0.5241,"Non Basis",2.26,4.31
kabupaten,11,1115,11,2024,0.6633,"Non Basis",0.99,1.49
kabupaten,11,1115,12,2024,0.5077,"Non Basis",2.09,4.11
kabupaten,11,1115,13,2024,0.3633,"Non Basis",0.23,0.63
kabupaten,11,1115,14,2024,0.4676,"Non Basis",4.06,8.67
kabupaten,11,1115,15,2024,0.6702,"Non Basis",1.78,2.65
kabupaten,11,1115,16,2024,0.5297,"Non Basis",1.76,3.33
kabupaten,11,1115,17,2024,0.3099,"Non Basis",0.49,1.59
kabupaten,11,1115,1,2025,1.5535,Basis,42.81,27.56
kabupaten,11,1115,2,2025,2.8195,Basis,20.65,7.33
kabupaten,11,1115,3,2025,0.6931,"Non Basis",3,4.33
kabupaten,11,1115,4,2025,0.6074,"Non Basis",0.09,0.15
kabupaten,11,1115,5,2025,0.1936,"Non Basis",0.01,0.04
kabupaten,11,1115,6,2025,0.8153,"Non Basis",7.35,9.01
kabupaten,11,1115,7,2025,0.5878,"Non Basis",9.25,15.74
kabupaten,11,1115,8,2025,0.4164,"Non Basis",3.16,7.6
kabupaten,11,1115,9,2025,0.2221,"Non Basis",0.34,1.51
kabupaten,11,1115,10,2025,0.5193,"Non Basis",2.21,4.27
kabupaten,11,1115,11,2025,0.6511,"Non Basis",0.98,1.5
kabupaten,11,1115,12,2025,0.4975,"Non Basis",2.08,4.17
kabupaten,11,1115,13,2025,0.362,"Non Basis",0.22,0.61
kabupaten,11,1115,14,2025,0.4536,"Non Basis",3.92,8.64
kabupaten,11,1115,15,2025,0.6496,"Non Basis",1.73,2.67
kabupaten,11,1115,16,2025,0.5187,"Non Basis",1.71,3.3
kabupaten,11,1115,17,2025,0.3038,"Non Basis",0.48,1.58
kabupaten,11,1116,1,2021,1.4696,Basis,41.03,27.92
kabupaten,11,1116,2,2021,1.6396,Basis,12.61,7.69
kabupaten,11,1116,3,2021,1.3178,Basis,6.05,4.59
kabupaten,11,1116,4,2021,0.68,"Non Basis",0.11,0.16
kabupaten,11,1116,5,2021,1.0206,Basis,0.04,0.04
kabupaten,11,1116,6,2021,0.5765,"Non Basis",5.9,10.23
kabupaten,11,1116,7,2021,0.6553,"Non Basis",9.71,14.82
kabupaten,11,1116,8,2021,0.5347,"Non Basis",3.33,6.23
kabupaten,11,1116,9,2021,0.9276,"Non Basis",1.06,1.15
kabupaten,11,1116,10,2021,0.9784,"Non Basis",4.04,4.13
kabupaten,11,1116,11,2021,0.6476,"Non Basis",1.07,1.65
kabupaten,11,1116,12,2021,0.9835,"Non Basis",4.12,4.19
kabupaten,11,1116,13,2021,0.54,"Non Basis",0.34,0.62
kabupaten,11,1116,14,2021,0.4302,"Non Basis",3.88,9.01
kabupaten,11,1116,15,2021,0.7094,"Non Basis",1.94,2.73
kabupaten,11,1116,16,2021,0.8961,"Non Basis",3.03,3.38
kabupaten,11,1116,17,2021,1.2015,Basis,1.74,1.45
kabupaten,11,1116,1,2022,1.4308,Basis,39.59,27.67
kabupaten,11,1116,2,2022,1.7418,Basis,13.41,7.7
kabupaten,11,1116,3,2022,1.4247,Basis,6.54,4.59
kabupaten,11,1116,4,2022,0.6729,"Non Basis",0.11,0.16
kabupaten,11,1116,5,2022,1.022,Basis,0.04,0.04
kabupaten,11,1116,6,2022,0.602,"Non Basis",5.78,9.59
kabupaten,11,1116,7,2022,0.6313,"Non Basis",9.55,15.13
kabupaten,11,1116,8,2022,0.5249,"Non Basis",3.37,6.42
kabupaten,11,1116,9,2022,0.8717,"Non Basis",1.27,1.46
kabupaten,11,1116,10,2022,0.9257,"Non Basis",4.08,4.4
kabupaten,11,1116,11,2022,0.6928,"Non Basis",1.03,1.49
kabupaten,11,1116,12,2022,0.9943,"Non Basis",4.16,4.18
kabupaten,11,1116,13,2022,0.5248,"Non Basis",0.35,0.67
kabupaten,11,1116,14,2022,0.4343,"Non Basis",3.75,8.64
kabupaten,11,1116,15,2022,0.6907,"Non Basis",1.88,2.72
kabupaten,11,1116,16,2022,0.9041,"Non Basis",3.22,3.56
kabupaten,11,1116,17,2022,1.19,Basis,1.88,1.58
kabupaten,11,1116,1,2023,1.3965,Basis,39.56,28.33
kabupaten,11,1116,2,2023,1.807,Basis,12.7,7.03
kabupaten,11,1116,3,2023,1.5072,Basis,6.54,4.34
kabupaten,11,1116,4,2023,0.6679,"Non Basis",0.11,0.16
kabupaten,11,1116,5,2023,1.037,Basis,0.04,0.04
kabupaten,11,1116,6,2023,0.6067,"Non Basis",5.79,9.54
kabupaten,11,1116,7,2023,0.641,"Non Basis",10.15,15.83
kabupaten,11,1116,8,2023,0.5186,"Non Basis",3.43,6.62
kabupaten,11,1116,9,2023,0.8811,"Non Basis",1.33,1.51
kabupaten,11,1116,10,2023,0.9395,"Non Basis",4.16,4.43
kabupaten,11,1116,11,2023,0.7229,"Non Basis",0.92,1.28
kabupaten,11,1116,12,2023,1.0138,Basis,4.21,4.16
kabupaten,11,1116,13,2023,0.5403,"Non Basis",0.34,0.63
kabupaten,11,1116,14,2023,0.4458,"Non Basis",3.76,8.44
kabupaten,11,1116,15,2023,0.7023,"Non Basis",1.87,2.66
kabupaten,11,1116,16,2023,0.92,"Non Basis",3.13,3.4
kabupaten,11,1116,17,2023,1.2159,Basis,1.94,1.6
kabupaten,11,1116,1,2024,1.4383,Basis,39.4,27.39
kabupaten,11,1116,2,2024,1.739,Basis,12.99,7.47
kabupaten,11,1116,3,2024,1.5302,Basis,6.53,4.27
kabupaten,11,1116,4,2024,0.6626,"Non Basis",0.11,0.16
kabupaten,11,1116,5,2024,1.0432,Basis,0.04,0.04
kabupaten,11,1116,6,2024,0.5995,"Non Basis",5.7,9.52
kabupaten,11,1116,7,2024,0.6358,"Non Basis",9.86,15.51
kabupaten,11,1116,8,2024,0.5006,"Non Basis",3.7,7.38
kabupaten,11,1116,9,2024,0.8791,"Non Basis",1.3,1.48
kabupaten,11,1116,10,2024,0.9515,"Non Basis",4.1,4.31
kabupaten,11,1116,11,2024,0.7125,"Non Basis",1.06,1.49
kabupaten,11,1116,12,2024,1.0187,Basis,4.19,4.11
kabupaten,11,1116,13,2024,0.5353,"Non Basis",0.34,0.63
kabupaten,11,1116,14,2024,0.433,"Non Basis",3.75,8.67
kabupaten,11,1116,15,2024,0.7071,"Non Basis",1.88,2.65
kabupaten,11,1116,16,2024,0.9221,"Non Basis",3.07,3.33
kabupaten,11,1116,17,2024,1.2516,Basis,1.99,1.59
kabupaten,11,1116,1,2025,1.4675,Basis,40.44,27.56
kabupaten,11,1116,2,2025,1.7024,Basis,12.47,7.33
kabupaten,11,1116,3,2025,1.4827,Basis,6.43,4.33
kabupaten,11,1116,4,2025,0.6854,"Non Basis",0.11,0.15
kabupaten,11,1116,5,2025,1.05,Basis,0.04,0.04
kabupaten,11,1116,6,2025,0.5817,"Non Basis",5.24,9.01
kabupaten,11,1116,7,2025,0.6153,"Non Basis",9.68,15.74
kabupaten,11,1116,8,2025,0.5066,"Non Basis",3.85,7.6
kabupaten,11,1116,9,2025,0.8445,"Non Basis",1.28,1.51
kabupaten,11,1116,10,2025,0.9646,"Non Basis",4.11,4.27
kabupaten,11,1116,11,2025,0.7171,"Non Basis",1.08,1.5
kabupaten,11,1116,12,2025,1.0279,Basis,4.29,4.17
kabupaten,11,1116,13,2025,0.5303,"Non Basis",0.32,0.61
kabupaten,11,1116,14,2025,0.4297,"Non Basis",3.71,8.64
kabupaten,11,1116,15,2025,0.7272,"Non Basis",1.94,2.67
kabupaten,11,1116,16,2025,0.9181,"Non Basis",3.03,3.3
kabupaten,11,1116,17,2025,1.2554,Basis,1.98,1.58
kabupaten,11,1117,1,2021,1.8017,Basis,50.3,27.92
kabupaten,11,1117,2,2021,0.0996,"Non Basis",0.77,7.69
kabupaten,11,1117,3,2021,0.4801,"Non Basis",2.2,4.59
kabupaten,11,1117,4,2021,0.6462,"Non Basis",0.1,0.16
kabupaten,11,1117,5,2021,0.547,"Non Basis",0.02,0.04
kabupaten,11,1117,6,2021,1.5011,Basis,15.35,10.23
kabupaten,11,1117,7,2021,0.4481,"Non Basis",6.64,14.82
kabupaten,11,1117,8,2021,0.7439,"Non Basis",4.64,6.23
kabupaten,11,1117,9,2021,0.3303,"Non Basis",0.38,1.15
kabupaten,11,1117,10,2021,0.3715,"Non Basis",1.53,4.13
kabupaten,11,1117,11,2021,1.3042,Basis,2.16,1.65
kabupaten,11,1117,12,2021,0.4844,"Non Basis",2.03,4.19
kabupaten,11,1117,13,2021,0.3475,"Non Basis",0.22,0.62
kabupaten,11,1117,14,2021,0.8895,"Non Basis",8.02,9.01
kabupaten,11,1117,15,2021,0.7211,"Non Basis",1.97,2.73
kabupaten,11,1117,16,2021,0.7449,"Non Basis",2.52,3.38
kabupaten,11,1117,17,2021,0.7945,"Non Basis",1.15,1.45
kabupaten,11,1117,1,2022,1.83,Basis,50.63,27.67
kabupaten,11,1117,2,2022,0.0977,"Non Basis",0.75,7.7
kabupaten,11,1117,3,2022,0.4734,"Non Basis",2.17,4.59
kabupaten,11,1117,4,2022,0.6488,"Non Basis",0.1,0.16
kabupaten,11,1117,5,2022,0.5515,"Non Basis",0.02,0.04
kabupaten,11,1117,6,2022,1.5623,Basis,14.99,9.59
kabupaten,11,1117,7,2022,0.4417,"Non Basis",6.68,15.13
kabupaten,11,1117,8,2022,0.7397,"Non Basis",4.75,6.42
kabupaten,11,1117,9,2022,0.2691,"Non Basis",0.39,1.46
kabupaten,11,1117,10,2022,0.3534,"Non Basis",1.56,4.4
kabupaten,11,1117,11,2022,1.411,Basis,2.11,1.49
kabupaten,11,1117,12,2022,0.4755,"Non Basis",1.99,4.18
kabupaten,11,1117,13,2022,0.3293,"Non Basis",0.22,0.67
kabupaten,11,1117,14,2022,0.8978,"Non Basis",7.76,8.64
kabupaten,11,1117,15,2022,0.7234,"Non Basis",1.97,2.72
kabupaten,11,1117,16,2022,0.7486,"Non Basis",2.67,3.56
kabupaten,11,1117,17,2022,0.7881,"Non Basis",1.24,1.58
kabupaten,11,1117,1,2023,1.8296,Basis,51.83,28.33
kabupaten,11,1117,2,2023,0.1054,"Non Basis",0.74,7.03
kabupaten,11,1117,3,2023,0.4821,"Non Basis",2.09,4.34
kabupaten,11,1117,4,2023,0.6304,"Non Basis",0.1,0.16
kabupaten,11,1117,5,2023,0.5417,"Non Basis",0.02,0.04
kabupaten,11,1117,6,2023,1.531,Basis,14.61,9.54
kabupaten,11,1117,7,2023,0.4306,"Non Basis",6.82,15.83
kabupaten,11,1117,8,2023,0.7157,"Non Basis",4.74,6.62
kabupaten,11,1117,9,2023,0.2596,"Non Basis",0.39,1.51
kabupaten,11,1117,10,2023,0.3559,"Non Basis",1.58,4.43
kabupaten,11,1117,11,2023,1.3642,Basis,1.74,1.28
kabupaten,11,1117,12,2023,0.4709,"Non Basis",1.96,4.16
kabupaten,11,1117,13,2023,0.3281,"Non Basis",0.21,0.63
kabupaten,11,1117,14,2023,0.8968,"Non Basis",7.57,8.44
kabupaten,11,1117,15,2023,0.7179,"Non Basis",1.91,2.66
kabupaten,11,1117,16,2023,0.7179,"Non Basis",2.44,3.4
kabupaten,11,1117,17,2023,0.7819,"Non Basis",1.25,1.6
kabupaten,11,1117,1,2024,1.8458,Basis,50.56,27.39
kabupaten,11,1117,2,2024,0.1027,"Non Basis",0.77,7.47
kabupaten,11,1117,3,2024,0.4979,"Non Basis",2.12,4.27
kabupaten,11,1117,4,2024,0.6444,"Non Basis",0.11,0.16
kabupaten,11,1117,5,2024,0.551,"Non Basis",0.02,0.04
kabupaten,11,1117,6,2024,1.5674,Basis,14.91,9.52
kabupaten,11,1117,7,2024,0.4431,"Non Basis",6.87,15.51
kabupaten,11,1117,8,2024,0.6743,"Non Basis",4.98,7.38
kabupaten,11,1117,9,2024,0.2774,"Non Basis",0.41,1.48
kabupaten,11,1117,10,2024,0.378,"Non Basis",1.63,4.31
kabupaten,11,1117,11,2024,1.3826,Basis,2.06,1.49
kabupaten,11,1117,12,2024,0.4975,"Non Basis",2.05,4.11
kabupaten,11,1117,13,2024,0.3364,"Non Basis",0.21,0.63
kabupaten,11,1117,14,2024,0.8808,"Non Basis",7.64,8.67
kabupaten,11,1117,15,2024,0.7045,"Non Basis",1.87,2.65
kabupaten,11,1117,16,2024,0.7525,"Non Basis",2.5,3.33
kabupaten,11,1117,17,2024,0.8136,"Non Basis",1.29,1.59
kabupaten,11,1117,1,2025,1.8634,Basis,51.35,27.56
kabupaten,11,1117,2,2025,0.1021,"Non Basis",0.75,7.33
kabupaten,11,1117,3,2025,0.4997,"Non Basis",2.17,4.33
kabupaten,11,1117,4,2025,0.6476,"Non Basis",0.1,0.15
kabupaten,11,1117,5,2025,0.5571,"Non Basis",0.02,0.04
kabupaten,11,1117,6,2025,1.5773,Basis,14.22,9.01
kabupaten,11,1117,7,2025,0.4257,"Non Basis",6.7,15.74
kabupaten,11,1117,8,2025,0.6688,"Non Basis",5.08,7.6
kabupaten,11,1117,9,2025,0.276,"Non Basis",0.42,1.51
kabupaten,11,1117,10,2025,0.3823,"Non Basis",1.63,4.27
kabupaten,11,1117,11,2025,1.3975,Basis,2.1,1.5
kabupaten,11,1117,12,2025,0.4955,"Non Basis",2.07,4.17
kabupaten,11,1117,13,2025,0.3397,"Non Basis",0.21,0.61
kabupaten,11,1117,14,2025,0.8699,"Non Basis",7.51,8.64
kabupaten,11,1117,15,2025,0.712,"Non Basis",1.9,2.67
kabupaten,11,1117,16,2025,0.7564,"Non Basis",2.5,3.3
kabupaten,11,1117,17,2025,0.8157,"Non Basis",1.29,1.58
kabupaten,11,1118,1,2021,1.6093,Basis,44.93,27.92
kabupaten,11,1118,2,2021,0.1951,"Non Basis",1.5,7.69
kabupaten,11,1118,3,2021,0.6408,"Non Basis",2.94,4.59
kabupaten,11,1118,4,2021,0.8542,"Non Basis",0.14,0.16
kabupaten,11,1118,5,2021,0.3996,"Non Basis",0.02,0.04
kabupaten,11,1118,6,2021,0.775,"Non Basis",7.93,10.23
kabupaten,11,1118,7,2021,0.7341,"Non Basis",10.88,14.82
kabupaten,11,1118,8,2021,0.693,"Non Basis",4.32,6.23
kabupaten,11,1118,9,2021,0.7566,"Non Basis",0.87,1.15
kabupaten,11,1118,10,2021,0.8742,"Non Basis",3.61,4.13
kabupaten,11,1118,11,2021,0.4579,"Non Basis",0.76,1.65
kabupaten,11,1118,12,2021,0.9761,"Non Basis",4.09,4.19
kabupaten,11,1118,13,2021,0.467,"Non Basis",0.29,0.62
kabupaten,11,1118,14,2021,1.188,Basis,10.71,9.01
kabupaten,11,1118,15,2021,1.3474,Basis,3.68,2.73
kabupaten,11,1118,16,2021,0.8012,"Non Basis",2.71,3.38
kabupaten,11,1118,17,2021,0.439,"Non Basis",0.64,1.45
kabupaten,11,1118,1,2022,1.6189,Basis,44.79,27.67
kabupaten,11,1118,2,2022,0.1944,"Non Basis",1.5,7.7
kabupaten,11,1118,3,2022,0.6516,"Non Basis",2.99,4.59
kabupaten,11,1118,4,2022,0.8879,"Non Basis",0.14,0.16
kabupaten,11,1118,5,2022,0.443,"Non Basis",0.02,0.04
kabupaten,11,1118,6,2022,0.7714,"Non Basis",7.4,9.59
kabupaten,11,1118,7,2022,0.7379,"Non Basis",11.16,15.13
kabupaten,11,1118,8,2022,0.6881,"Non Basis",4.42,6.42
kabupaten,11,1118,9,2022,0.7542,"Non Basis",1.1,1.46
kabupaten,11,1118,10,2022,0.8832,"Non Basis",3.89,4.4
kabupaten,11,1118,11,2022,0.4586,"Non Basis",0.68,1.49
kabupaten,11,1118,12,2022,0.982,"Non Basis",4.1,4.18
kabupaten,11,1118,13,2022,0.4695,"Non Basis",0.31,0.67
kabupaten,11,1118,14,2022,1.19,Basis,10.28,8.64
kabupaten,11,1118,15,2022,1.3386,Basis,3.64,2.72
kabupaten,11,1118,16,2022,0.8045,"Non Basis",2.87,3.56
kabupaten,11,1118,17,2022,0.4414,"Non Basis",0.7,1.58
kabupaten,11,1118,1,2023,1.5759,Basis,44.65,28.33
kabupaten,11,1118,2,2023,0.2125,"Non Basis",1.49,7.03
kabupaten,11,1118,3,2023,0.7142,"Non Basis",3.1,4.34
kabupaten,11,1118,4,2023,0.8792,"Non Basis",0.14,0.16
kabupaten,11,1118,5,2023,0.4419,"Non Basis",0.02,0.04
kabupaten,11,1118,6,2023,0.7415,"Non Basis",7.08,9.54
kabupaten,11,1118,7,2023,0.7318,"Non Basis",11.58,15.83
kabupaten,11,1118,8,2023,0.704,"Non Basis",4.66,6.62
kabupaten,11,1118,9,2023,0.7702,"Non Basis",1.16,1.51
kabupaten,11,1118,10,2023,0.8812,"Non Basis",3.9,4.43
kabupaten,11,1118,11,2023,0.4682,"Non Basis",0.6,1.28
kabupaten,11,1118,12,2023,1.0129,Basis,4.21,4.16
kabupaten,11,1118,13,2023,0.4783,"Non Basis",0.3,0.63
kabupaten,11,1118,14,2023,1.1893,Basis,10.04,8.44
kabupaten,11,1118,15,2023,1.3386,Basis,3.56,2.66
kabupaten,11,1118,16,2023,0.8056,"Non Basis",2.74,3.4
kabupaten,11,1118,17,2023,0.4762,"Non Basis",0.76,1.6
kabupaten,11,1118,1,2024,1.6033,Basis,43.92,27.39
kabupaten,11,1118,2,2024,0.1915,"Non Basis",1.43,7.47
kabupaten,11,1118,3,2024,0.7207,"Non Basis",3.07,4.27
kabupaten,11,1118,4,2024,0.8524,"Non Basis",0.14,0.16
kabupaten,11,1118,5,2024,0.4428,"Non Basis",0.02,0.04
kabupaten,11,1118,6,2024,0.7186,"Non Basis",6.84,9.52
kabupaten,11,1118,7,2024,0.759,"Non Basis",11.77,15.51
kabupaten,11,1118,8,2024,0.6859,"Non Basis",5.06,7.38
kabupaten,11,1118,9,2024,0.7993,"Non Basis",1.19,1.48
kabupaten,11,1118,10,2024,0.9066,"Non Basis",3.91,4.31
kabupaten,11,1118,11,2024,0.4769,"Non Basis",0.71,1.49
kabupaten,11,1118,12,2024,1.0013,Basis,4.12,4.11
kabupaten,11,1118,13,2024,0.4766,"Non Basis",0.3,0.63
kabupaten,11,1118,14,2024,1.1979,Basis,10.39,8.67
kabupaten,11,1118,15,2024,1.3621,Basis,3.61,2.65
kabupaten,11,1118,16,2024,0.8293,"Non Basis",2.76,3.33
kabupaten,11,1118,17,2024,0.4834,"Non Basis",0.77,1.59
kabupaten,11,1118,1,2025,1.5936,Basis,43.92,27.56
kabupaten,11,1118,2,2025,0.2027,"Non Basis",1.48,7.33
kabupaten,11,1118,3,2025,0.7148,"Non Basis",3.1,4.33
kabupaten,11,1118,4,2025,0.8722,"Non Basis",0.14,0.15
kabupaten,11,1118,5,2025,0.4556,"Non Basis",0.02,0.04
kabupaten,11,1118,6,2025,0.7245,"Non Basis",6.53,9.01
kabupaten,11,1118,7,2025,0.7405,"Non Basis",11.65,15.74
kabupaten,11,1118,8,2025,0.6867,"Non Basis",5.22,7.6
kabupaten,11,1118,9,2025,0.774,"Non Basis",1.17,1.51
kabupaten,11,1118,10,2025,0.9181,"Non Basis",3.92,4.27
kabupaten,11,1118,11,2025,0.4686,"Non Basis",0.7,1.5
kabupaten,11,1118,12,2025,1.0289,Basis,4.29,4.17
kabupaten,11,1118,13,2025,0.4787,"Non Basis",0.29,0.61
kabupaten,11,1118,14,2025,1.2231,Basis,10.56,8.64
kabupaten,11,1118,15,2025,1.3217,Basis,3.52,2.67
kabupaten,11,1118,16,2025,0.8314,"Non Basis",2.74,3.3
kabupaten,11,1118,17,2025,0.4685,"Non Basis",0.74,1.58
kabupaten,11,1171,1,2021,0.0394,"Non Basis",1.1,27.92
kabupaten,11,1171,2,2021,0,"Non Basis",0,7.69
kabupaten,11,1171,3,2021,0.4453,"Non Basis",2.05,4.59
kabupaten,11,1171,4,2021,2.7707,Basis,0.44,0.16
kabupaten,11,1171,5,2021,2.8407,Basis,0.11,0.04
kabupaten,11,1171,6,2021,0.6449,"Non Basis",6.6,10.23
kabupaten,11,1171,7,2021,1.342,Basis,19.89,14.82
kabupaten,11,1171,8,2021,1.7827,Basis,11.11,6.23
kabupaten,11,1171,9,2021,2.551,Basis,2.92,1.15
kabupaten,11,1171,10,2021,2.1196,Basis,8.74,4.13
kabupaten,11,1171,11,2021,1.5693,Basis,2.59,1.65
kabupaten,11,1171,12,2021,1.7538,Basis,7.35,4.19
kabupaten,11,1171,13,2021,3.617,Basis,2.25,0.62
kabupaten,11,1171,14,2021,2.389,Basis,21.53,9.01
kabupaten,11,1171,15,2021,2.5229,Basis,6.89,2.73
kabupaten,11,1171,16,2021,1.2934,Basis,4.37,3.38
kabupaten,11,1171,17,2021,1.4093,Basis,2.04,1.45
kabupaten,11,1171,1,2022,0.0395,"Non Basis",1.09,27.67
kabupaten,11,1171,2,2022,0,"Non Basis",0,7.7
kabupaten,11,1171,3,2022,0.434,"Non Basis",1.99,4.59
kabupaten,11,1171,4,2022,2.74,Basis,0.43,0.16
kabupaten,11,1171,5,2022,2.7582,Basis,0.11,0.04
kabupaten,11,1171,6,2022,0.6556,"Non Basis",6.29,9.59
kabupaten,11,1171,7,2022,1.3312,Basis,20.14,15.13
kabupaten,11,1171,8,2022,1.7466,Basis,11.21,6.42
kabupaten,11,1171,9,2022,2.455,Basis,3.57,1.46
kabupaten,11,1171,10,2022,2.0625,Basis,9.08,4.4
kabupaten,11,1171,11,2022,1.6286,Basis,2.43,1.49
kabupaten,11,1171,12,2022,1.7421,Basis,7.28,4.18
kabupaten,11,1171,13,2022,3.4613,Basis,2.31,0.67
kabupaten,11,1171,14,2022,2.3786,Basis,20.56,8.64
kabupaten,11,1171,15,2022,2.4911,Basis,6.78,2.72
kabupaten,11,1171,16,2022,1.2777,Basis,4.55,3.56
kabupaten,11,1171,17,2022,1.3755,Basis,2.17,1.58
kabupaten,11,1171,1,2023,0.0502,"Non Basis",1.42,28.33
kabupaten,11,1171,2,2023,0,"Non Basis",0,7.03
kabupaten,11,1171,3,2023,0.4373,"Non Basis",1.9,4.34
kabupaten,11,1171,4,2023,2.6378,Basis,0.43,0.16
kabupaten,11,1171,5,2023,2.7311,Basis,0.11,0.04
kabupaten,11,1171,6,2023,0.6505,"Non Basis",6.21,9.54
kabupaten,11,1171,7,2023,1.3099,Basis,20.73,15.83
kabupaten,11,1171,8,2023,1.6808,Basis,11.12,6.62
kabupaten,11,1171,9,2023,2.684,Basis,4.06,1.51
kabupaten,11,1171,10,2023,2.114,Basis,9.37,4.43
kabupaten,11,1171,11,2023,1.6164,Basis,2.06,1.28
kabupaten,11,1171,12,2023,1.7201,Basis,7.15,4.16
kabupaten,11,1171,13,2023,3.4418,Basis,2.18,0.63
kabupaten,11,1171,14,2023,2.3763,Basis,20.07,8.44
kabupaten,11,1171,15,2023,2.485,Basis,6.61,2.66
kabupaten,11,1171,16,2023,1.2888,Basis,4.39,3.4
kabupaten,11,1171,17,2023,1.3824,Basis,2.21,1.6
kabupaten,11,1171,1,2024,0.0549,"Non Basis",1.5,27.39
kabupaten,11,1171,2,2024,0,"Non Basis",0,7.47
kabupaten,11,1171,3,2024,0.4521,"Non Basis",1.93,4.27
kabupaten,11,1171,4,2024,2.5556,Basis,0.42,0.16
kabupaten,11,1171,5,2024,2.7656,Basis,0.11,0.04
kabupaten,11,1171,6,2024,0.6584,"Non Basis",6.27,9.52
kabupaten,11,1171,7,2024,1.2929,Basis,20.05,15.51
kabupaten,11,1171,8,2024,1.6617,Basis,12.27,7.38
kabupaten,11,1171,9,2024,2.7234,Basis,4.04,1.48
kabupaten,11,1171,10,2024,2.1491,Basis,9.26,4.31
kabupaten,11,1171,11,2024,1.5296,Basis,2.28,1.49
kabupaten,11,1171,12,2024,1.7119,Basis,7.04,4.11
kabupaten,11,1171,13,2024,3.4434,Basis,2.17,0.63
kabupaten,11,1171,14,2024,2.2761,Basis,19.74,8.67
kabupaten,11,1171,15,2024,2.4634,Basis,6.53,2.65
kabupaten,11,1171,16,2024,1.2585,Basis,4.19,3.33
kabupaten,11,1171,17,2024,1.3851,Basis,2.2,1.59
kabupaten,11,1171,1,2025,0.0524,"Non Basis",1.44,27.56
kabupaten,11,1171,2,2025,0,"Non Basis",0,7.33
kabupaten,11,1171,3,2025,0.449,"Non Basis",1.95,4.33
kabupaten,11,1171,4,2025,2.4662,Basis,0.38,0.15
kabupaten,11,1171,5,2025,2.78,Basis,0.1,0.04
kabupaten,11,1171,6,2025,0.6827,"Non Basis",6.15,9.01
kabupaten,11,1171,7,2025,1.2594,Basis,19.82,15.74
kabupaten,11,1171,8,2025,1.6787,Basis,12.76,7.6
kabupaten,11,1171,9,2025,2.6704,Basis,4.03,1.51
kabupaten,11,1171,10,2025,2.144,Basis,9.14,4.27
kabupaten,11,1171,11,2025,1.519,Basis,2.28,1.5
kabupaten,11,1171,12,2025,1.693,Basis,7.06,4.17
kabupaten,11,1171,13,2025,3.4154,Basis,2.08,0.61
kabupaten,11,1171,14,2025,2.3016,Basis,19.88,8.64
kabupaten,11,1171,15,2025,2.487,Basis,6.63,2.67
kabupaten,11,1171,16,2025,1.2578,Basis,4.15,3.3
kabupaten,11,1171,17,2025,1.3512,Basis,2.13,1.58
kabupaten,11,1174,1,2021,0.3044,"Non Basis",8.5,27.92
kabupaten,11,1174,2,2021,0.0548,"Non Basis",0.42,7.69
kabupaten,11,1174,3,2021,1.7554,Basis,8.06,4.59
kabupaten,11,1174,4,2021,0.7255,"Non Basis",0.12,0.16
kabupaten,11,1174,5,2021,1.2756,Basis,0.05,0.04
kabupaten,11,1174,6,2021,0.9964,"Non Basis",10.19,10.23
kabupaten,11,1174,7,2021,1.9203,Basis,28.46,14.82
kabupaten,11,1174,8,2021,1.2606,Basis,7.86,6.23
kabupaten,11,1174,9,2021,2.3828,Basis,2.73,1.15
kabupaten,11,1174,10,2021,1.6957,Basis,7,4.13
kabupaten,11,1174,11,2021,1.6277,Basis,2.69,1.65
kabupaten,11,1174,12,2021,1.0421,Basis,4.37,4.19
kabupaten,11,1174,13,2021,1.4619,Basis,0.91,0.62
kabupaten,11,1174,14,2021,0.8668,"Non Basis",7.81,9.01
kabupaten,11,1174,15,2021,0.7602,"Non Basis",2.08,2.73
kabupaten,11,1174,16,2021,1.8126,Basis,6.13,3.38
kabupaten,11,1174,17,2021,1.8162,Basis,2.63,1.45
kabupaten,11,1174,1,2022,0.2971,"Non Basis",8.22,27.67
kabupaten,11,1174,2,2022,0.052,"Non Basis",0.4,7.7
kabupaten,11,1174,3,2022,1.7262,Basis,7.93,4.59
kabupaten,11,1174,4,2022,0.7442,"Non Basis",0.12,0.16
kabupaten,11,1174,5,2022,1.2681,Basis,0.05,0.04
kabupaten,11,1174,6,2022,1.0219,Basis,9.8,9.59
kabupaten,11,1174,7,2022,1.8749,Basis,28.36,15.13
kabupaten,11,1174,8,2022,1.2378,Basis,7.94,6.42
kabupaten,11,1174,9,2022,2.35,Basis,3.42,1.46
kabupaten,11,1174,10,2022,1.6595,Basis,7.31,4.4
kabupaten,11,1174,11,2022,1.6207,Basis,2.42,1.49
kabupaten,11,1174,12,2022,1.0415,Basis,4.35,4.18
kabupaten,11,1174,13,2022,1.4141,Basis,0.94,0.67
kabupaten,11,1174,14,2022,0.8624,"Non Basis",7.45,8.64
kabupaten,11,1174,15,2022,0.7471,"Non Basis",2.03,2.72
kabupaten,11,1174,16,2022,1.7987,Basis,6.41,3.56
kabupaten,11,1174,17,2022,1.7977,Basis,2.84,1.58
kabupaten,11,1174,1,2023,0.2961,"Non Basis",8.39,28.33
kabupaten,11,1174,2,2023,0.0543,"Non Basis",0.38,7.03
kabupaten,11,1174,3,2023,1.7602,Basis,7.63,4.34
kabupaten,11,1174,4,2023,0.7276,"Non Basis",0.12,0.16
kabupaten,11,1174,5,2023,1.2727,Basis,0.05,0.04
kabupaten,11,1174,6,2023,1.0076,Basis,9.61,9.54
kabupaten,11,1174,7,2023,1.861,Basis,29.46,15.83
kabupaten,11,1174,8,2023,1.2232,Basis,8.09,6.62
kabupaten,11,1174,9,2023,2.3426,Basis,3.54,1.51
kabupaten,11,1174,10,2023,1.6429,Basis,7.28,4.43
kabupaten,11,1174,11,2023,1.6576,Basis,2.11,1.28
kabupaten,11,1174,12,2023,1.0328,Basis,4.29,4.16
kabupaten,11,1174,13,2023,1.411,Basis,0.89,0.63
kabupaten,11,1174,14,2023,0.8581,"Non Basis",7.25,8.44
kabupaten,11,1174,15,2023,0.7416,"Non Basis",1.97,2.66
kabupaten,11,1174,16,2023,1.7799,Basis,6.06,3.4
kabupaten,11,1174,17,2023,1.7925,Basis,2.87,1.6
kabupaten,11,1174,1,2024,0.2907,"Non Basis",7.96,27.39
kabupaten,11,1174,2,2024,0.0458,"Non Basis",0.34,7.47
kabupaten,11,1174,3,2024,1.7361,Basis,7.4,4.27
kabupaten,11,1174,4,2024,0.7166,"Non Basis",0.12,0.16
kabupaten,11,1174,5,2024,1.3089,Basis,0.05,0.04
kabupaten,11,1174,6,2024,0.9699,"Non Basis",9.23,9.52
kabupaten,11,1174,7,2024,1.9374,Basis,30.05,15.51
kabupaten,11,1174,8,2024,1.15,Basis,8.49,7.38
kabupaten,11,1174,9,2024,2.3662,Basis,3.51,1.48
kabupaten,11,1174,10,2024,1.6673,Basis,7.19,4.31
kabupaten,11,1174,11,2024,1.6352,Basis,2.43,1.49
kabupaten,11,1174,12,2024,1.0371,Basis,4.26,4.11
kabupaten,11,1174,13,2024,1.4217,Basis,0.9,0.63
kabupaten,11,1174,14,2024,0.8404,"Non Basis",7.29,8.67
kabupaten,11,1174,15,2024,0.745,"Non Basis",1.98,2.65
kabupaten,11,1174,16,2024,1.7725,Basis,5.89,3.33
kabupaten,11,1174,17,2024,1.8238,Basis,2.9,1.59
kabupaten,11,1174,1,2025,0.2828,"Non Basis",7.79,27.56
kabupaten,11,1174,2,2025,0.0435,"Non Basis",0.32,7.33
kabupaten,11,1174,3,2025,1.7493,Basis,7.58,4.33
kabupaten,11,1174,4,2025,0.7304,"Non Basis",0.11,0.15
kabupaten,11,1174,5,2025,1.238,Basis,0.05,0.04
kabupaten,11,1174,6,2025,0.9382,"Non Basis",8.46,9.01
kabupaten,11,1174,7,2025,1.9315,Basis,30.4,15.74
kabupaten,11,1174,8,2025,1.1052,Basis,8.4,7.6
kabupaten,11,1174,9,2025,2.4514,Basis,3.7,1.51
kabupaten,11,1174,10,2025,1.676,Basis,7.15,4.27
kabupaten,11,1174,11,2025,1.607,Basis,2.41,1.5
kabupaten,11,1174,12,2025,1.0643,Basis,4.44,4.17
kabupaten,11,1174,13,2025,1.4888,Basis,0.91,0.61
kabupaten,11,1174,14,2025,0.8537,"Non Basis",7.37,8.64
kabupaten,11,1174,15,2025,0.767,"Non Basis",2.04,2.67
kabupaten,11,1174,16,2025,1.7939,Basis,5.92,3.3
kabupaten,11,1174,17,2025,1.8664,Basis,2.94,1.58
kabupaten,11,1173,1,2021,0.3026,"Non Basis",8.45,27.92
kabupaten,11,1173,2,2021,0.0541,"Non Basis",0.42,7.69
kabupaten,11,1173,3,2021,3.9975,Basis,18.36,4.59
kabupaten,11,1173,4,2021,1.2468,Basis,0.2,0.16
kabupaten,11,1173,5,2021,0.3267,"Non Basis",0.01,0.04
kabupaten,11,1173,6,2021,1.3847,Basis,14.16,10.23
kabupaten,11,1173,7,2021,1.4766,Basis,21.89,14.82
kabupaten,11,1173,8,2021,1.8749,Basis,11.69,6.23
kabupaten,11,1173,9,2021,1.2694,Basis,1.45,1.15
kabupaten,11,1173,10,2021,1.0739,Basis,4.43,4.13
kabupaten,11,1173,11,2021,1.4204,Basis,2.35,1.65
kabupaten,11,1173,12,2021,1.1267,Basis,4.72,4.19
kabupaten,11,1173,13,2021,1.6085,Basis,1,0.62
kabupaten,11,1173,14,2021,0.4706,"Non Basis",4.24,9.01
kabupaten,11,1173,15,2021,0.5106,"Non Basis",1.4,2.73
kabupaten,11,1173,16,2021,1.1451,Basis,3.87,3.38
kabupaten,11,1173,17,2021,0.9406,"Non Basis",1.36,1.45
kabupaten,11,1173,1,2022,0.2888,"Non Basis",7.99,27.67
kabupaten,11,1173,2,2022,0.0522,"Non Basis",0.4,7.7
kabupaten,11,1173,3,2022,3.9526,Basis,18.15,4.59
kabupaten,11,1173,4,2022,1.2447,Basis,0.2,0.16
kabupaten,11,1173,5,2022,0.3339,"Non Basis",0.01,0.04
kabupaten,11,1173,6,2022,1.4298,Basis,13.72,9.59
kabupaten,11,1173,7,2022,1.4732,Basis,22.29,15.13
kabupaten,11,1173,8,2022,1.8351,Basis,11.77,6.42
kabupaten,11,1173,9,2022,1.2465,Basis,1.81,1.46
kabupaten,11,1173,10,2022,1.0641,Basis,4.69,4.4
kabupaten,11,1173,11,2022,1.4497,Basis,2.16,1.49
kabupaten,11,1173,12,2022,1.1262,Basis,4.71,4.18
kabupaten,11,1173,13,2022,1.5956,Basis,1.06,0.67
kabupaten,11,1173,14,2022,0.4709,"Non Basis",4.07,8.64
kabupaten,11,1173,15,2022,0.5073,"Non Basis",1.38,2.72
kabupaten,11,1173,16,2022,1.1531,Basis,4.11,3.56
kabupaten,11,1173,17,2022,0.9356,"Non Basis",1.48,1.58
kabupaten,11,1173,1,2023,0.2733,"Non Basis",7.74,28.33
kabupaten,11,1173,2,2023,0.0568,"Non Basis",0.4,7.03
kabupaten,11,1173,3,2023,4.0705,Basis,17.65,4.34
kabupaten,11,1173,4,2023,1.2384,Basis,0.2,0.16
kabupaten,11,1173,5,2023,0.3519,"Non Basis",0.01,0.04
kabupaten,11,1173,6,2023,1.379,Basis,13.16,9.54
kabupaten,11,1173,7,2023,1.4787,Basis,23.41,15.83
kabupaten,11,1173,8,2023,1.8288,Basis,12.1,6.62
kabupaten,11,1173,9,2023,1.2663,Basis,1.91,1.51
kabupaten,11,1173,10,2023,1.0958,Basis,4.85,4.43
kabupaten,11,1173,11,2023,1.4552,Basis,1.86,1.28
kabupaten,11,1173,12,2023,1.1406,Basis,4.74,4.16
kabupaten,11,1173,13,2023,1.6088,Basis,1.02,0.63
kabupaten,11,1173,14,2023,0.4831,"Non Basis",4.08,8.44
kabupaten,11,1173,15,2023,0.5218,"Non Basis",1.39,2.66
kabupaten,11,1173,16,2023,1.162,Basis,3.96,3.4
kabupaten,11,1173,17,2023,0.9509,"Non Basis",1.52,1.6
kabupaten,11,1173,1,2024,0.2871,"Non Basis",7.86,27.39
kabupaten,11,1173,2,2024,0.0525,"Non Basis",0.39,7.47
kabupaten,11,1173,3,2024,3.9841,Basis,16.99,4.27
kabupaten,11,1173,4,2024,1.2426,Basis,0.2,0.16
kabupaten,11,1173,5,2024,0.346,"Non Basis",0.01,0.04
kabupaten,11,1173,6,2024,1.3635,Basis,12.97,9.52
kabupaten,11,1173,7,2024,1.4878,Basis,23.08,15.51
kabupaten,11,1173,8,2024,1.7871,Basis,13.19,7.38
kabupaten,11,1173,9,2024,1.2537,Basis,1.86,1.48
kabupaten,11,1173,10,2024,1.0952,Basis,4.72,4.31
kabupaten,11,1173,11,2024,1.4386,Basis,2.14,1.49
kabupaten,11,1173,12,2024,1.1284,Basis,4.64,4.11
kabupaten,11,1173,13,2024,1.6338,Basis,1.03,0.63
kabupaten,11,1173,14,2024,0.4759,"Non Basis",4.13,8.67
kabupaten,11,1173,15,2024,0.5224,"Non Basis",1.39,2.65
kabupaten,11,1173,16,2024,1.1648,Basis,3.87,3.33
kabupaten,11,1173,17,2024,0.9499,"Non Basis",1.51,1.59
kabupaten,11,1173,1,2025,0.2704,"Non Basis",7.45,27.56
kabupaten,11,1173,2,2025,0.0511,"Non Basis",0.37,7.33
kabupaten,11,1173,3,2025,3.857,Basis,16.72,4.33
kabupaten,11,1173,4,2025,1.2861,Basis,0.2,0.15
kabupaten,11,1173,5,2025,0.3465,"Non Basis",0.01,0.04
kabupaten,11,1173,6,2025,1.3846,Basis,12.48,9.01
kabupaten,11,1173,7,2025,1.4905,Basis,23.46,15.74
kabupaten,11,1173,8,2025,1.8197,Basis,13.83,7.6
kabupaten,11,1173,9,2025,1.2747,Basis,1.93,1.51
kabupaten,11,1173,10,2025,1.1166,Basis,4.76,4.27
kabupaten,11,1173,11,2025,1.4378,Basis,2.16,1.5
kabupaten,11,1173,12,2025,1.1309,Basis,4.72,4.17
kabupaten,11,1173,13,2025,1.6337,Basis,1,0.61
kabupaten,11,1173,14,2025,0.4808,"Non Basis",4.15,8.64
kabupaten,11,1173,15,2025,0.5294,"Non Basis",1.41,2.67
kabupaten,11,1173,16,2025,1.1696,Basis,3.86,3.3
kabupaten,11,1173,17,2025,0.9471,"Non Basis",1.49,1.58
kabupaten,11,1172,1,2021,0.2408,"Non Basis",6.72,27.92
kabupaten,11,1172,2,2021,0.1021,"Non Basis",0.79,7.69
kabupaten,11,1172,3,2021,0.4979,"Non Basis",2.29,4.59
kabupaten,11,1172,4,2021,1.2496,Basis,0.2,0.16
kabupaten,11,1172,5,2021,4.1335,Basis,0.16,0.04
kabupaten,11,1172,6,2021,3.0525,Basis,31.22,10.23
kabupaten,11,1172,7,2021,0.9972,"Non Basis",14.78,14.82
kabupaten,11,1172,8,2021,0.5256,"Non Basis",3.28,6.23
kabupaten,11,1172,9,2021,2.3526,Basis,2.7,1.15
kabupaten,11,1172,10,2021,0.5791,"Non Basis",2.39,4.13
kabupaten,11,1172,11,2021,1.3595,Basis,2.25,1.65
kabupaten,11,1172,12,2021,0.8939,"Non Basis",3.74,4.19
kabupaten,11,1172,13,2021,0.3939,"Non Basis",0.25,0.62
kabupaten,11,1172,14,2021,1.7563,Basis,15.83,9.01
kabupaten,11,1172,15,2021,1.6395,Basis,4.48,2.73
kabupaten,11,1172,16,2021,2.118,Basis,7.16,3.38
kabupaten,11,1172,17,2021,1.2254,Basis,1.77,1.45
kabupaten,11,1172,1,2022,0.2428,"Non Basis",6.72,27.67
kabupaten,11,1172,2,2022,0.0996,"Non Basis",0.77,7.7
kabupaten,11,1172,3,2022,0.506,"Non Basis",2.32,4.59
kabupaten,11,1172,4,2022,1.2985,Basis,0.2,0.16
kabupaten,11,1172,5,2022,4.1756,Basis,0.17,0.04
kabupaten,11,1172,6,2022,3.156,Basis,30.28,9.59
kabupaten,11,1172,7,2022,1.0025,Basis,15.17,15.13
kabupaten,11,1172,8,2022,0.5345,"Non Basis",3.43,6.42
kabupaten,11,1172,9,2022,2.4618,Basis,3.58,1.46
kabupaten,11,1172,10,2022,0.5913,"Non Basis",2.6,4.4
kabupaten,11,1172,11,2022,1.3669,Basis,2.04,1.49
kabupaten,11,1172,12,2022,0.8858,"Non Basis",3.7,4.18
kabupaten,11,1172,13,2022,0.3904,"Non Basis",0.26,0.67
kabupaten,11,1172,14,2022,1.7077,Basis,14.76,8.64
kabupaten,11,1172,15,2022,1.6189,Basis,4.41,2.72
kabupaten,11,1172,16,2022,2.1525,Basis,7.67,3.56
kabupaten,11,1172,17,2022,1.2173,Basis,1.92,1.58
kabupaten,11,1172,1,2023,0.2503,"Non Basis",7.09,28.33
kabupaten,11,1172,2,2023,0.1119,"Non Basis",0.79,7.03
kabupaten,11,1172,3,2023,0.5358,"Non Basis",2.32,4.34
kabupaten,11,1172,4,2023,1.3158,Basis,0.21,0.16
kabupaten,11,1172,5,2023,4.3373,Basis,0.17,0.04
kabupaten,11,1172,6,2023,3.0716,Basis,29.31,9.54
kabupaten,11,1172,7,2023,1.0116,Basis,16.01,15.83
kabupaten,11,1172,8,2023,0.502,"Non Basis",3.32,6.62
kabupaten,11,1172,9,2023,2.4702,Basis,3.73,1.51
kabupaten,11,1172,10,2023,0.6027,"Non Basis",2.67,4.43
kabupaten,11,1172,11,2023,1.5641,Basis,2,1.28
kabupaten,11,1172,12,2023,0.9105,"Non Basis",3.78,4.16
kabupaten,11,1172,13,2023,0.3981,"Non Basis",0.25,0.63
kabupaten,11,1172,14,2023,1.6962,Basis,14.32,8.44
kabupaten,11,1172,15,2023,1.709,Basis,4.55,2.66
kabupaten,11,1172,16,2023,2.1973,Basis,7.48,3.4
kabupaten,11,1172,17,2023,1.2423,Basis,1.99,1.6
kabupaten,11,1172,1,2024,0.256,"Non Basis",7.01,27.39
kabupaten,11,1172,2,2024,0.1016,"Non Basis",0.76,7.47
kabupaten,11,1172,3,2024,0.542,"Non Basis",2.31,4.27
kabupaten,11,1172,4,2024,1.3056,Basis,0.21,0.16
kabupaten,11,1172,5,2024,4.2768,Basis,0.17,0.04
kabupaten,11,1172,6,2024,3.0369,Basis,28.9,9.52
kabupaten,11,1172,7,2024,1.055,Basis,16.36,15.51
kabupaten,11,1172,8,2024,0.4645,"Non Basis",3.43,7.38
kabupaten,11,1172,9,2024,2.4628,Basis,3.66,1.48
kabupaten,11,1172,10,2024,0.603,"Non Basis",2.6,4.31
kabupaten,11,1172,11,2024,1.4394,Basis,2.14,1.49
kabupaten,11,1172,12,2024,0.9068,"Non Basis",3.73,4.11
kabupaten,11,1172,13,2024,0.3922,"Non Basis",0.25,0.63
kabupaten,11,1172,14,2024,1.6794,Basis,14.56,8.67
kabupaten,11,1172,15,2024,1.6892,Basis,4.48,2.65
kabupaten,11,1172,16,2024,2.2287,Basis,7.41,3.33
kabupaten,11,1172,17,2024,1.2707,Basis,2.02,1.59
kabupaten,11,1172,1,2025,0.2508,"Non Basis",6.91,27.56
kabupaten,11,1172,2,2025,0.0997,"Non Basis",0.73,7.33
kabupaten,11,1172,3,2025,0.5327,"Non Basis",2.31,4.33
kabupaten,11,1172,4,2025,1.3216,Basis,0.2,0.15
kabupaten,11,1172,5,2025,4.3923,Basis,0.16,0.04
kabupaten,11,1172,6,2025,3.1242,Basis,28.16,9.01
kabupaten,11,1172,7,2025,1.084,Basis,17.06,15.74
kabupaten,11,1172,8,2025,0.4475,"Non Basis",3.4,7.6
kabupaten,11,1172,9,2025,2.4538,Basis,3.71,1.51
kabupaten,11,1172,10,2025,0.6144,"Non Basis",2.62,4.27
kabupaten,11,1172,11,2025,1.4271,Basis,2.14,1.5
kabupaten,11,1172,12,2025,0.9091,"Non Basis",3.79,4.17
kabupaten,11,1172,13,2025,0.4002,"Non Basis",0.24,0.61
kabupaten,11,1172,14,2025,1.6825,Basis,14.53,8.64
kabupaten,11,1172,15,2025,1.7132,Basis,4.57,2.67
kabupaten,11,1172,16,2025,2.2391,Basis,7.39,3.3
kabupaten,11,1172,17,2025,1.3099,Basis,2.06,1.58
kabupaten,11,1175,1,2021,0.8127,"Non Basis",22.69,27.92
kabupaten,11,1175,2,2021,0.2925,"Non Basis",2.25,7.69
kabupaten,11,1175,3,2021,3.0244,Basis,13.89,4.59
kabupaten,11,1175,4,2021,0.6631,"Non Basis",0.11,0.16
kabupaten,11,1175,5,2021,0.4574,"Non Basis",0.02,0.04
kabupaten,11,1175,6,2021,1.5477,Basis,15.83,10.23
kabupaten,11,1175,7,2021,1.2262,Basis,18.17,14.82
kabupaten,11,1175,8,2021,0.8595,"Non Basis",5.36,6.23
kabupaten,11,1175,9,2021,0.6877,"Non Basis",0.79,1.15
kabupaten,11,1175,10,2021,0.8263,"Non Basis",3.41,4.13
kabupaten,11,1175,11,2021,1.1181,Basis,1.85,1.65
kabupaten,11,1175,12,2021,0.7863,"Non Basis",3.29,4.19
kabupaten,11,1175,13,2021,0.5208,"Non Basis",0.32,0.62
kabupaten,11,1175,14,2021,0.775,"Non Basis",6.98,9.01
kabupaten,11,1175,15,2021,0.869,"Non Basis",2.37,2.73
kabupaten,11,1175,16,2021,0.6018,"Non Basis",2.04,3.38
kabupaten,11,1175,17,2021,0.4323,"Non Basis",0.63,1.45
kabupaten,11,1175,1,2022,0.8086,"Non Basis",22.37,27.67
kabupaten,11,1175,2,2022,0.2595,"Non Basis",2,7.7
kabupaten,11,1175,3,2022,3.1064,Basis,14.26,4.59
kabupaten,11,1175,4,2022,0.6691,"Non Basis",0.11,0.16
kabupaten,11,1175,5,2022,0.4203,"Non Basis",0.02,0.04
kabupaten,11,1175,6,2022,1.6321,Basis,15.66,9.59
kabupaten,11,1175,7,2022,1.2244,Basis,18.52,15.13
kabupaten,11,1175,8,2022,0.8375,"Non Basis",5.37,6.42
kabupaten,11,1175,9,2022,0.6478,"Non Basis",0.94,1.46
kabupaten,11,1175,10,2022,0.804,"Non Basis",3.54,4.4
kabupaten,11,1175,11,2022,1.1324,Basis,1.69,1.49
kabupaten,11,1175,12,2022,0.7791,"Non Basis",3.26,4.18
kabupaten,11,1175,13,2022,0.5142,"Non Basis",0.34,0.67
kabupaten,11,1175,14,2022,0.7817,"Non Basis",6.76,8.64
kabupaten,11,1175,15,2022,0.8632,"Non Basis",2.35,2.72
kabupaten,11,1175,16,2022,0.601,"Non Basis",2.14,3.56
kabupaten,11,1175,17,2022,0.4241,"Non Basis",0.67,1.58
kabupaten,11,1175,1,2023,0.8136,"Non Basis",23.05,28.33
kabupaten,11,1175,2,2023,0.2706,"Non Basis",1.9,7.03
kabupaten,11,1175,3,2023,3.336,Basis,14.47,4.34
kabupaten,11,1175,4,2023,0.6521,"Non Basis",0.11,0.16
kabupaten,11,1175,5,2023,0.4032,"Non Basis",0.02,0.04
kabupaten,11,1175,6,2023,1.6132,Basis,15.39,9.54
kabupaten,11,1175,7,2023,1.1928,Basis,18.88,15.83
kabupaten,11,1175,8,2023,0.8017,"Non Basis",5.3,6.62
kabupaten,11,1175,9,2023,0.633,"Non Basis",0.96,1.51
kabupaten,11,1175,10,2023,0.7862,"Non Basis",3.48,4.43
kabupaten,11,1175,11,2023,1.1345,Basis,1.45,1.28
kabupaten,11,1175,12,2023,0.7714,"Non Basis",3.21,4.16
kabupaten,11,1175,13,2023,0.5134,"Non Basis",0.33,0.63
kabupaten,11,1175,14,2023,0.7661,"Non Basis",6.47,8.44
kabupaten,11,1175,15,2023,0.8614,"Non Basis",2.29,2.66
kabupaten,11,1175,16,2023,0.5976,"Non Basis",2.03,3.4
kabupaten,11,1175,17,2023,0.4185,"Non Basis",0.67,1.6
kabupaten,11,1175,1,2024,0.8356,"Non Basis",22.89,27.39
kabupaten,11,1175,2,2024,0.2376,"Non Basis",1.77,7.47
kabupaten,11,1175,3,2024,3.399,Basis,14.5,4.27
kabupaten,11,1175,4,2024,0.6474,"Non Basis",0.11,0.16
kabupaten,11,1175,5,2024,0.4137,"Non Basis",0.02,0.04
kabupaten,11,1175,6,2024,1.6102,Basis,15.32,9.52
kabupaten,11,1175,7,2024,1.2007,Basis,18.62,15.51
kabupaten,11,1175,8,2024,0.7823,"Non Basis",5.78,7.38
kabupaten,11,1175,9,2024,0.6396,"Non Basis",0.95,1.48
kabupaten,11,1175,10,2024,0.7929,"Non Basis",3.42,4.31
kabupaten,11,1175,11,2024,1.1432,Basis,1.7,1.49
kabupaten,11,1175,12,2024,0.7689,"Non Basis",3.16,4.11
kabupaten,11,1175,13,2024,0.5133,"Non Basis",0.32,0.63
kabupaten,11,1175,14,2024,0.7493,"Non Basis",6.5,8.67
kabupaten,11,1175,15,2024,0.8639,"Non Basis",2.29,2.65
kabupaten,11,1175,16,2024,0.597,"Non Basis",1.99,3.33
kabupaten,11,1175,17,2024,0.4208,"Non Basis",0.67,1.59
kabupaten,11,1175,1,2025,0.8556,"Non Basis",23.58,27.56
kabupaten,11,1175,2,2025,0.2249,"Non Basis",1.65,7.33
kabupaten,11,1175,3,2025,3.3955,Basis,14.72,4.33
kabupaten,11,1175,4,2025,0.6707,"Non Basis",0.1,0.15
kabupaten,11,1175,5,2025,0.4124,"Non Basis",0.02,0.04
kabupaten,11,1175,6,2025,1.6153,Basis,14.56,9.01
kabupaten,11,1175,7,2025,1.1817,Basis,18.6,15.74
kabupaten,11,1175,8,2025,0.7798,"Non Basis",5.93,7.6
kabupaten,11,1175,9,2025,0.6294,"Non Basis",0.95,1.51
kabupaten,11,1175,10,2025,0.7931,"Non Basis",3.38,4.27
kabupaten,11,1175,11,2025,1.1373,Basis,1.71,1.5
kabupaten,11,1175,12,2025,0.7666,"Non Basis",3.2,4.17
kabupaten,11,1175,13,2025,0.5154,"Non Basis",0.31,0.61
kabupaten,11,1175,14,2025,0.7397,"Non Basis",6.39,8.64
kabupaten,11,1175,15,2025,0.8623,"Non Basis",2.3,2.67
kabupaten,11,1175,16,2025,0.5931,"Non Basis",1.96,3.3
kabupaten,11,1175,17,2025,0.4171,"Non Basis",0.66,1.58
kabupaten,13,1301,1,2021,1.6586,Basis,36.79,22.18
kabupaten,13,1301,2,2021,0.9001,"Non Basis",3.55,3.95
kabupaten,13,1301,3,2021,0.78,"Non Basis",7.41,9.5
kabupaten,13,1301,4,2021,0.314,"Non Basis",0.03,0.1
kabupaten,13,1301,5,2021,0.6706,"Non Basis",0.07,0.1
kabupaten,13,1301,6,2021,1.0858,Basis,10.05,9.26
kabupaten,13,1301,7,2021,0.8012,"Non Basis",13.26,16.55
kabupaten,13,1301,8,2021,0.3799,"Non Basis",3.91,10.28
kabupaten,13,1301,9,2021,1.0281,Basis,1.03,1.01
kabupaten,13,1301,10,2021,1.0249,Basis,8.7,8.49
kabupaten,13,1301,11,2021,0.7047,"Non Basis",2.11,3
kabupaten,13,1301,12,2021,0.7108,"Non Basis",1.41,1.98
kabupaten,13,1301,13,2021,0.1209,"Non Basis",0.05,0.43
kabupaten,13,1301,14,2021,1.0492,Basis,5.9,5.62
kabupaten,13,1301,15,2021,0.7576,"Non Basis",3.19,4.21
kabupaten,13,1301,16,2021,0.9203,"Non Basis",1.51,1.64
kabupaten,13,1301,17,2021,0.5996,"Non Basis",1.02,1.71
kabupaten,13,1301,1,2022,1.6688,Basis,36.72,22.01
kabupaten,13,1301,2,2022,0.9051,"Non Basis",3.49,3.85
kabupaten,13,1301,3,2022,0.7859,"Non Basis",7.28,9.26
kabupaten,13,1301,4,2022,0.3191,"Non Basis",0.03,0.1
kabupaten,13,1301,5,2022,0.6591,"Non Basis",0.07,0.1
kabupaten,13,1301,6,2022,1.0914,Basis,9.93,9.09
kabupaten,13,1301,7,2022,0.8055,"Non Basis",13.49,16.74
kabupaten,13,1301,8,2022,0.3763,"Non Basis",3.92,10.42
kabupaten,13,1301,9,2022,0.9897,"Non Basis",1.1,1.12
kabupaten,13,1301,10,2022,1.0301,Basis,8.97,8.71
kabupaten,13,1301,11,2022,0.7013,"Non Basis",2.11,3
kabupaten,13,1301,12,2022,0.6985,"Non Basis",1.4,2.01
kabupaten,13,1301,13,2022,0.118,"Non Basis",0.05,0.44
kabupaten,13,1301,14,2022,1.0317,Basis,5.61,5.44
kabupaten,13,1301,15,2022,0.7582,"Non Basis",3.22,4.24
kabupaten,13,1301,16,2022,0.924,"Non Basis",1.52,1.64
kabupaten,13,1301,17,2022,0.6029,"Non Basis",1.1,1.83
kabupaten,13,1301,1,2023,1.6693,Basis,36.35,21.78
kabupaten,13,1301,2,2023,0.9048,"Non Basis",3.49,3.86
kabupaten,13,1301,3,2023,0.7844,"Non Basis",7.16,9.13
kabupaten,13,1301,4,2023,0.321,"Non Basis",0.03,0.1
kabupaten,13,1301,5,2023,0.6773,"Non Basis",0.07,0.1
kabupaten,13,1301,6,2023,1.0968,Basis,10.09,9.2
kabupaten,13,1301,7,2023,0.8112,"Non Basis",13.58,16.74
kabupaten,13,1301,8,2023,0.3769,"Non Basis",3.97,10.53
kabupaten,13,1301,9,2023,0.9904,"Non Basis",1.14,1.15
kabupaten,13,1301,10,2023,1.031,Basis,9.24,8.96
kabupaten,13,1301,11,2023,0.7128,"Non Basis",2.1,2.95
kabupaten,13,1301,12,2023,0.6957,"Non Basis",1.42,2.04
kabupaten,13,1301,13,2023,0.1163,"Non Basis",0.05,0.45
kabupaten,13,1301,14,2023,1.0278,Basis,5.47,5.32
kabupaten,13,1301,15,2023,0.7605,"Non Basis",3.14,4.13
kabupaten,13,1301,16,2023,0.9254,"Non Basis",1.56,1.68
kabupaten,13,1301,17,2023,0.6057,"Non Basis",1.14,1.89
kabupaten,13,1301,1,2024,1.6709,Basis,35.58,21.3
kabupaten,13,1301,2,2024,0.916,"Non Basis",3.52,3.84
kabupaten,13,1301,3,2024,0.7942,"Non Basis",7.13,8.97
kabupaten,13,1301,4,2024,0.3247,"Non Basis",0.03,0.1
kabupaten,13,1301,5,2024,0.6691,"Non Basis",0.07,0.1
kabupaten,13,1301,6,2024,1.0969,Basis,10.11,9.22
kabupaten,13,1301,7,2024,0.8205,"Non Basis",13.74,16.75
kabupaten,13,1301,8,2024,0.3788,"Non Basis",4.04,10.66
kabupaten,13,1301,9,2024,1.005,Basis,1.17,1.16
kabupaten,13,1301,10,2024,1.0335,Basis,9.35,9.05
kabupaten,13,1301,11,2024,0.7207,"Non Basis",2.16,3
kabupaten,13,1301,12,2024,0.6975,"Non Basis",1.45,2.07
kabupaten,13,1301,13,2024,0.1165,"Non Basis",0.05,0.45
kabupaten,13,1301,14,2024,1.0231,Basis,5.75,5.62
kabupaten,13,1301,15,2024,0.7625,"Non Basis",3.11,4.08
kabupaten,13,1301,16,2024,0.9209,"Non Basis",1.57,1.7
kabupaten,13,1301,17,2024,0.608,"Non Basis",1.18,1.94
kabupaten,13,1301,1,2025,1.6648,Basis,35.72,21.46
kabupaten,13,1301,2,2025,0.9035,"Non Basis",3.39,3.75
kabupaten,13,1301,3,2025,0.815,"Non Basis",7.45,9.15
kabupaten,13,1301,4,2025,0.3285,"Non Basis",0.03,0.1
kabupaten,13,1301,5,2025,0.6641,"Non Basis",0.06,0.09
kabupaten,13,1301,6,2025,1.0943,Basis,9.62,8.79
kabupaten,13,1301,7,2025,0.8182,"Non Basis",13.75,16.8
kabupaten,13,1301,8,2025,0.3828,"Non Basis",3.95,10.31
kabupaten,13,1301,9,2025,1.0076,Basis,1.17,1.16
kabupaten,13,1301,10,2025,1.027,Basis,9.47,9.22
kabupaten,13,1301,11,2025,0.7199,"Non Basis",2.24,3.12
kabupaten,13,1301,12,2025,0.6894,"Non Basis",1.46,2.12
kabupaten,13,1301,13,2025,0.1156,"Non Basis",0.05,0.46
kabupaten,13,1301,14,2025,1.0274,Basis,5.69,5.54
kabupaten,13,1301,15,2025,0.7547,"Non Basis",3.11,4.12
kabupaten,13,1301,16,2025,0.9026,"Non Basis",1.61,1.78
kabupaten,13,1301,17,2025,0.6005,"Non Basis",1.22,2.04
kabupaten,13,1302,1,2021,1.6502,Basis,36.61,22.18
kabupaten,13,1302,2,2021,1.2439,Basis,4.91,3.95
kabupaten,13,1302,3,2021,0.5305,"Non Basis",5.04,9.5
kabupaten,13,1302,4,2021,0.2279,"Non Basis",0.02,0.1
kabupaten,13,1302,5,2021,0.5564,"Non Basis",0.06,0.1
kabupaten,13,1302,6,2021,0.9266,"Non Basis",8.58,9.26
kabupaten,13,1302,7,2021,0.6922,"Non Basis",11.45,16.55
kabupaten,13,1302,8,2021,0.9894,"Non Basis",10.18,10.28
kabupaten,13,1302,9,2021,0.7747,"Non Basis",0.78,1.01
kabupaten,13,1302,10,2021,0.9857,"Non Basis",8.37,8.49
kabupaten,13,1302,11,2021,0.5669,"Non Basis",1.7,3
kabupaten,13,1302,12,2021,0.4143,"Non Basis",0.82,1.98
kabupaten,13,1302,13,2021,0.1533,"Non Basis",0.07,0.43
kabupaten,13,1302,14,2021,0.9789,"Non Basis",5.5,5.62
kabupaten,13,1302,15,2021,0.8379,"Non Basis",3.53,4.21
kabupaten,13,1302,16,2021,0.9277,"Non Basis",1.52,1.64
kabupaten,13,1302,17,2021,0.5117,"Non Basis",0.87,1.71
kabupaten,13,1302,1,2022,1.6461,Basis,36.22,22.01
kabupaten,13,1302,2,2022,1.3338,Basis,5.14,3.85
kabupaten,13,1302,3,2022,0.5292,"Non Basis",4.9,9.26
kabupaten,13,1302,4,2022,0.2334,"Non Basis",0.02,0.1
kabupaten,13,1302,5,2022,0.5424,"Non Basis",0.05,0.1
kabupaten,13,1302,6,2022,0.9612,"Non Basis",8.74,9.09
kabupaten,13,1302,7,2022,0.6926,"Non Basis",11.6,16.74
kabupaten,13,1302,8,2022,0.9568,"Non Basis",9.97,10.42
kabupaten,13,1302,9,2022,0.7382,"Non Basis",0.82,1.12
kabupaten,13,1302,10,2022,0.9807,"Non Basis",8.54,8.71
kabupaten,13,1302,11,2022,0.5667,"Non Basis",1.7,3
kabupaten,13,1302,12,2022,0.4112,"Non Basis",0.83,2.01
kabupaten,13,1302,13,2022,0.152,"Non Basis",0.07,0.44
kabupaten,13,1302,14,2022,0.9924,"Non Basis",5.4,5.44
kabupaten,13,1302,15,2022,0.8357,"Non Basis",3.54,4.24
kabupaten,13,1302,16,2022,0.9367,"Non Basis",1.54,1.64
kabupaten,13,1302,17,2022,0.5005,"Non Basis",0.92,1.83
kabupaten,13,1302,1,2023,1.6411,Basis,35.74,21.78
kabupaten,13,1302,2,2023,1.3318,Basis,5.13,3.86
kabupaten,13,1302,3,2023,0.5351,"Non Basis",4.88,9.13
kabupaten,13,1302,4,2023,0.2338,"Non Basis",0.02,0.1
kabupaten,13,1302,5,2023,0.5422,"Non Basis",0.05,0.1
kabupaten,13,1302,6,2023,0.9551,"Non Basis",8.79,9.2
kabupaten,13,1302,7,2023,0.6989,"Non Basis",11.7,16.74
kabupaten,13,1302,8,2023,0.9612,"Non Basis",10.13,10.53
kabupaten,13,1302,9,2023,0.7427,"Non Basis",0.85,1.15
kabupaten,13,1302,10,2023,0.9854,"Non Basis",8.83,8.96
kabupaten,13,1302,11,2023,0.5738,"Non Basis",1.69,2.95
kabupaten,13,1302,12,2023,0.4123,"Non Basis",0.84,2.04
kabupaten,13,1302,13,2023,0.1517,"Non Basis",0.07,0.45
kabupaten,13,1302,14,2023,0.9919,"Non Basis",5.28,5.32
kabupaten,13,1302,15,2023,0.838,"Non Basis",3.46,4.13
kabupaten,13,1302,16,2023,0.9416,"Non Basis",1.58,1.68
kabupaten,13,1302,17,2023,0.5019,"Non Basis",0.95,1.89
kabupaten,13,1302,1,2024,1.637,Basis,34.86,21.3
kabupaten,13,1302,2,2024,1.3497,Basis,5.18,3.84
kabupaten,13,1302,3,2024,0.5484,"Non Basis",4.92,8.97
kabupaten,13,1302,4,2024,0.2303,"Non Basis",0.02,0.1
kabupaten,13,1302,5,2024,0.5316,"Non Basis",0.05,0.1
kabupaten,13,1302,6,2024,0.954,"Non Basis",8.8,9.22
kabupaten,13,1302,7,2024,0.7081,"Non Basis",11.86,16.75
kabupaten,13,1302,8,2024,0.9614,"Non Basis",10.24,10.66
kabupaten,13,1302,9,2024,0.7672,"Non Basis",0.89,1.16
kabupaten,13,1302,10,2024,0.9907,"Non Basis",8.97,9.05
kabupaten,13,1302,11,2024,0.5718,"Non Basis",1.71,3
kabupaten,13,1302,12,2024,0.4145,"Non Basis",0.86,2.07
kabupaten,13,1302,13,2024,0.1525,"Non Basis",0.07,0.45
kabupaten,13,1302,14,2024,0.9819,"Non Basis",5.52,5.62
kabupaten,13,1302,15,2024,0.841,"Non Basis",3.43,4.08
kabupaten,13,1302,16,2024,0.9467,"Non Basis",1.61,1.7
kabupaten,13,1302,17,2024,0.5167,"Non Basis",1,1.94
kabupaten,13,1302,1,2025,1.6265,Basis,34.9,21.46
kabupaten,13,1302,2,2025,1.3697,Basis,5.14,3.75
kabupaten,13,1302,3,2025,0.5679,"Non Basis",5.19,9.15
kabupaten,13,1302,4,2025,0.2379,"Non Basis",0.02,0.1
kabupaten,13,1302,5,2025,0.5216,"Non Basis",0.05,0.09
kabupaten,13,1302,6,2025,0.9629,"Non Basis",8.47,8.79
kabupaten,13,1302,7,2025,0.7157,"Non Basis",12.03,16.8
kabupaten,13,1302,8,2025,0.962,"Non Basis",9.92,10.31
kabupaten,13,1302,9,2025,0.7716,"Non Basis",0.89,1.16
kabupaten,13,1302,10,2025,0.9856,"Non Basis",9.09,9.22
kabupaten,13,1302,11,2025,0.5731,"Non Basis",1.79,3.12
kabupaten,13,1302,12,2025,0.4158,"Non Basis",0.88,2.12
kabupaten,13,1302,13,2025,0.1516,"Non Basis",0.07,0.46
kabupaten,13,1302,14,2025,0.9718,"Non Basis",5.38,5.54
kabupaten,13,1302,15,2025,0.84,"Non Basis",3.46,4.12
kabupaten,13,1302,16,2025,0.9404,"Non Basis",1.67,1.78
kabupaten,13,1302,17,2025,0.5153,"Non Basis",1.05,2.04
kabupaten,13,1303,1,2021,1.2466,Basis,27.65,22.18
kabupaten,13,1303,2,2021,3.4659,Basis,13.67,3.95
kabupaten,13,1303,3,2021,0.3267,"Non Basis",3.1,9.5
kabupaten,13,1303,4,2021,0.3634,"Non Basis",0.04,0.1
kabupaten,13,1303,5,2021,0.419,"Non Basis",0.04,0.1
kabupaten,13,1303,6,2021,1.4162,Basis,13.11,9.26
kabupaten,13,1303,7,2021,0.7781,"Non Basis",12.88,16.55
kabupaten,13,1303,8,2021,0.7151,"Non Basis",7.35,10.28
kabupaten,13,1303,9,2021,0.6765,"Non Basis",0.68,1.01
kabupaten,13,1303,10,2021,0.5567,"Non Basis",4.73,8.49
kabupaten,13,1303,11,2021,0.7527,"Non Basis",2.26,3
kabupaten,13,1303,12,2021,0.6216,"Non Basis",1.23,1.98
kabupaten,13,1303,13,2021,0.0443,"Non Basis",0.02,0.43
kabupaten,13,1303,14,2021,0.8394,"Non Basis",4.72,5.62
kabupaten,13,1303,15,2021,1.1046,Basis,4.65,4.21
kabupaten,13,1303,16,2021,1.2895,Basis,2.11,1.64
kabupaten,13,1303,17,2021,1.0266,Basis,1.75,1.71
kabupaten,13,1303,1,2022,1.239,Basis,27.26,22.01
kabupaten,13,1303,2,2022,3.5108,Basis,13.53,3.85
kabupaten,13,1303,3,2022,0.3319,"Non Basis",3.07,9.26
kabupaten,13,1303,4,2022,0.3634,"Non Basis",0.04,0.1
kabupaten,13,1303,5,2022,0.4214,"Non Basis",0.04,0.1
kabupaten,13,1303,6,2022,1.4648,Basis,13.32,9.09
kabupaten,13,1303,7,2022,0.7842,"Non Basis",13.13,16.74
kabupaten,13,1303,8,2022,0.7018,"Non Basis",7.31,10.42
kabupaten,13,1303,9,2022,0.6354,"Non Basis",0.71,1.12
kabupaten,13,1303,10,2022,0.5573,"Non Basis",4.85,8.71
kabupaten,13,1303,11,2022,0.7548,"Non Basis",2.27,3
kabupaten,13,1303,12,2022,0.6022,"Non Basis",1.21,2.01
kabupaten,13,1303,13,2022,0.0434,"Non Basis",0.02,0.44
kabupaten,13,1303,14,2022,0.8322,"Non Basis",4.52,5.44
kabupaten,13,1303,15,2022,1.1208,Basis,4.75,4.24
kabupaten,13,1303,16,2022,1.2958,Basis,2.12,1.64
kabupaten,13,1303,17,2022,1.0005,Basis,1.83,1.83
kabupaten,13,1303,1,2023,1.2555,Basis,27.34,21.78
kabupaten,13,1303,2,2023,3.3356,Basis,12.86,3.86
kabupaten,13,1303,3,2023,0.3338,"Non Basis",3.05,9.13
kabupaten,13,1303,4,2023,0.3637,"Non Basis",0.04,0.1
kabupaten,13,1303,5,2023,0.4355,"Non Basis",0.04,0.1
kabupaten,13,1303,6,2023,1.4767,Basis,13.59,9.2
kabupaten,13,1303,7,2023,0.7909,"Non Basis",13.24,16.74
kabupaten,13,1303,8,2023,0.7029,"Non Basis",7.4,10.53
kabupaten,13,1303,9,2023,0.6335,"Non Basis",0.73,1.15
kabupaten,13,1303,10,2023,0.5604,"Non Basis",5.02,8.96
kabupaten,13,1303,11,2023,0.7692,"Non Basis",2.27,2.95
kabupaten,13,1303,12,2023,0.599,"Non Basis",1.22,2.04
kabupaten,13,1303,13,2023,0.0431,"Non Basis",0.02,0.45
kabupaten,13,1303,14,2023,0.8352,"Non Basis",4.44,5.32
kabupaten,13,1303,15,2023,1.1259,Basis,4.65,4.13
kabupaten,13,1303,16,2023,1.3021,Basis,2.19,1.68
kabupaten,13,1303,17,2023,1.0056,Basis,1.9,1.89
kabupaten,13,1303,1,2024,1.2695,Basis,27.04,21.3
kabupaten,13,1303,2,2024,3.2737,Basis,12.57,3.84
kabupaten,13,1303,3,2024,0.3372,"Non Basis",3.03,8.97
kabupaten,13,1303,4,2024,0.3683,"Non Basis",0.04,0.1
kabupaten,13,1303,5,2024,0.4328,"Non Basis",0.04,0.1
kabupaten,13,1303,6,2024,1.4811,Basis,13.65,9.22
kabupaten,13,1303,7,2024,0.8007,"Non Basis",13.41,16.75
kabupaten,13,1303,8,2024,0.7003,"Non Basis",7.46,10.66
kabupaten,13,1303,9,2024,0.6435,"Non Basis",0.75,1.16
kabupaten,13,1303,10,2024,0.5601,"Non Basis",5.07,9.05
kabupaten,13,1303,11,2024,0.7762,"Non Basis",2.33,3
kabupaten,13,1303,12,2024,0.6003,"Non Basis",1.24,2.07
kabupaten,13,1303,13,2024,0.0431,"Non Basis",0.02,0.45
kabupaten,13,1303,14,2024,0.821,"Non Basis",4.61,5.62
kabupaten,13,1303,15,2024,1.125,Basis,4.59,4.08
kabupaten,13,1303,16,2024,1.2988,Basis,2.21,1.7
kabupaten,13,1303,17,2024,1.0009,Basis,1.94,1.94
kabupaten,13,1303,1,2025,1.2664,Basis,27.17,21.46
kabupaten,13,1303,2,2025,3.307,Basis,12.4,3.75
kabupaten,13,1303,3,2025,0.3471,"Non Basis",3.18,9.15
kabupaten,13,1303,4,2025,0.3779,"Non Basis",0.04,0.1
kabupaten,13,1303,5,2025,0.4428,"Non Basis",0.04,0.09
kabupaten,13,1303,6,2025,1.492,Basis,13.12,8.79
kabupaten,13,1303,7,2025,0.8049,"Non Basis",13.53,16.8
kabupaten,13,1303,8,2025,0.7225,"Non Basis",7.45,10.31
kabupaten,13,1303,9,2025,0.6453,"Non Basis",0.75,1.16
kabupaten,13,1303,10,2025,0.5528,"Non Basis",5.1,9.22
kabupaten,13,1303,11,2025,0.7756,"Non Basis",2.42,3.12
kabupaten,13,1303,12,2025,0.6012,"Non Basis",1.27,2.12
kabupaten,13,1303,13,2025,0.0431,"Non Basis",0.02,0.46
kabupaten,13,1303,14,2025,0.8347,"Non Basis",4.63,5.54
kabupaten,13,1303,15,2025,1.1157,Basis,4.6,4.12
kabupaten,13,1303,16,2025,1.2827,Basis,2.28,1.78
kabupaten,13,1303,17,2025,0.9901,"Non Basis",2.02,2.04
kabupaten,13,1304,1,2021,1.3454,Basis,29.85,22.18
kabupaten,13,1304,2,2021,0.7107,"Non Basis",2.8,3.95
kabupaten,13,1304,3,2021,1.1778,Basis,11.19,9.5
kabupaten,13,1304,4,2021,0.2028,"Non Basis",0.02,0.1
kabupaten,13,1304,5,2021,1.177,Basis,0.12,0.1
kabupaten,13,1304,6,2021,1.0376,Basis,9.61,9.26
kabupaten,13,1304,7,2021,0.8313,"Non Basis",13.76,16.55
kabupaten,13,1304,8,2021,0.8435,"Non Basis",8.68,10.28
kabupaten,13,1304,9,2021,0.6212,"Non Basis",0.62,1.01
kabupaten,13,1304,10,2021,0.7878,"Non Basis",6.69,8.49
kabupaten,13,1304,11,2021,0.8421,"Non Basis",2.52,3
kabupaten,13,1304,12,2021,0.7724,"Non Basis",1.53,1.98
kabupaten,13,1304,13,2021,0.0824,"Non Basis",0.04,0.43
kabupaten,13,1304,14,2021,1.1069,Basis,6.22,5.62
kabupaten,13,1304,15,2021,0.7612,"Non Basis",3.2,4.21
kabupaten,13,1304,16,2021,0.9282,"Non Basis",1.52,1.64
kabupaten,13,1304,17,2021,0.9553,"Non Basis",1.63,1.71
kabupaten,13,1304,1,2022,1.3428,Basis,29.55,22.01
kabupaten,13,1304,2,2022,0.7124,"Non Basis",2.75,3.85
kabupaten,13,1304,3,2022,1.1975,Basis,11.09,9.26
kabupaten,13,1304,4,2022,0.2027,"Non Basis",0.02,0.1
kabupaten,13,1304,5,2022,1.1693,Basis,0.12,0.1
kabupaten,13,1304,6,2022,1.0537,Basis,9.58,9.09
kabupaten,13,1304,7,2022,0.8376,"Non Basis",14.02,16.74
kabupaten,13,1304,8,2022,0.8327,"Non Basis",8.68,10.42
kabupaten,13,1304,9,2022,0.6132,"Non Basis",0.68,1.12
kabupaten,13,1304,10,2022,0.7903,"Non Basis",6.88,8.71
kabupaten,13,1304,11,2022,0.8468,"Non Basis",2.54,3
kabupaten,13,1304,12,2022,0.767,"Non Basis",1.54,2.01
kabupaten,13,1304,13,2022,0.0818,"Non Basis",0.04,0.44
kabupaten,13,1304,14,2022,1.0988,Basis,5.97,5.44
kabupaten,13,1304,15,2022,0.7665,"Non Basis",3.25,4.24
kabupaten,13,1304,16,2022,0.9329,"Non Basis",1.53,1.64
kabupaten,13,1304,17,2022,0.9577,"Non Basis",1.75,1.83
kabupaten,13,1304,1,2023,1.3403,Basis,29.19,21.78
kabupaten,13,1304,2,2023,0.7097,"Non Basis",2.74,3.86
kabupaten,13,1304,3,2023,1.1963,Basis,10.92,9.13
kabupaten,13,1304,4,2023,0.2016,"Non Basis",0.02,0.1
kabupaten,13,1304,5,2023,1.1869,Basis,0.12,0.1
kabupaten,13,1304,6,2023,1.0563,Basis,9.72,9.2
kabupaten,13,1304,7,2023,0.8426,"Non Basis",14.11,16.74
kabupaten,13,1304,8,2023,0.8383,"Non Basis",8.83,10.53
kabupaten,13,1304,9,2023,0.6159,"Non Basis",0.71,1.15
kabupaten,13,1304,10,2023,0.7941,"Non Basis",7.11,8.96
kabupaten,13,1304,11,2023,0.8576,"Non Basis",2.53,2.95
kabupaten,13,1304,12,2023,0.768,"Non Basis",1.57,2.04
kabupaten,13,1304,13,2023,0.0819,"Non Basis",0.04,0.45
kabupaten,13,1304,14,2023,1.1001,Basis,5.85,5.32
kabupaten,13,1304,15,2023,0.7671,"Non Basis",3.17,4.13
kabupaten,13,1304,16,2023,0.9363,"Non Basis",1.57,1.68
kabupaten,13,1304,17,2023,0.9594,"Non Basis",1.81,1.89
kabupaten,13,1304,1,2024,1.3247,Basis,28.21,21.3
kabupaten,13,1304,2,2024,0.7182,"Non Basis",2.76,3.84
kabupaten,13,1304,3,2024,1.1981,Basis,10.75,8.97
kabupaten,13,1304,4,2024,0.2031,"Non Basis",0.02,0.1
kabupaten,13,1304,5,2024,1.1811,Basis,0.12,0.1
kabupaten,13,1304,6,2024,1.0726,Basis,9.89,9.22
kabupaten,13,1304,7,2024,0.8548,"Non Basis",14.32,16.75
kabupaten,13,1304,8,2024,0.8447,"Non Basis",9,10.66
kabupaten,13,1304,9,2024,0.6243,"Non Basis",0.72,1.16
kabupaten,13,1304,10,2024,0.8007,"Non Basis",7.25,9.05
kabupaten,13,1304,11,2024,0.8615,"Non Basis",2.58,3
kabupaten,13,1304,12,2024,0.7716,"Non Basis",1.6,2.07
kabupaten,13,1304,13,2024,0.0822,"Non Basis",0.04,0.45
kabupaten,13,1304,14,2024,1.0907,Basis,6.13,5.62
kabupaten,13,1304,15,2024,0.7705,"Non Basis",3.15,4.08
kabupaten,13,1304,16,2024,0.9346,"Non Basis",1.59,1.7
kabupaten,13,1304,17,2024,0.974,"Non Basis",1.89,1.94
kabupaten,13,1304,1,2025,1.3011,Basis,27.92,21.46
kabupaten,13,1304,2,2025,0.7296,"Non Basis",2.74,3.75
kabupaten,13,1304,3,2025,1.2057,Basis,11.03,9.15
kabupaten,13,1304,4,2025,0.2092,"Non Basis",0.02,0.1
kabupaten,13,1304,5,2025,1.2022,Basis,0.11,0.09
kabupaten,13,1304,6,2025,1.0892,Basis,9.58,8.79
kabupaten,13,1304,7,2025,0.8549,"Non Basis",14.37,16.8
kabupaten,13,1304,8,2025,0.8616,"Non Basis",8.88,10.31
kabupaten,13,1304,9,2025,0.6256,"Non Basis",0.72,1.16
kabupaten,13,1304,10,2025,0.8041,"Non Basis",7.41,9.22
kabupaten,13,1304,11,2025,0.87,"Non Basis",2.71,3.12
kabupaten,13,1304,12,2025,0.7815,"Non Basis",1.66,2.12
kabupaten,13,1304,13,2025,0.0826,"Non Basis",0.04,0.46
kabupaten,13,1304,14,2025,1.0805,Basis,5.99,5.54
kabupaten,13,1304,15,2025,0.7698,"Non Basis",3.17,4.12
kabupaten,13,1304,16,2025,0.9271,"Non Basis",1.65,1.78
kabupaten,13,1304,17,2025,0.9844,"Non Basis",2.01,2.04
kabupaten,13,1305,1,2021,1.0553,Basis,23.41,22.18
kabupaten,13,1305,2,2021,1.6945,Basis,6.69,3.95
kabupaten,13,1305,3,2021,1.4451,Basis,13.73,9.5
kabupaten,13,1305,4,2021,0.3257,"Non Basis",0.03,0.1
kabupaten,13,1305,5,2021,0.6174,"Non Basis",0.06,0.1
kabupaten,13,1305,6,2021,1.0434,Basis,9.66,9.26
kabupaten,13,1305,7,2021,0.7062,"Non Basis",11.69,16.55
kabupaten,13,1305,8,2021,1.0834,Basis,11.14,10.28
kabupaten,13,1305,9,2021,0.9549,"Non Basis",0.96,1.01
kabupaten,13,1305,10,2021,0.6465,"Non Basis",5.49,8.49
kabupaten,13,1305,11,2021,0.5996,"Non Basis",1.8,3
kabupaten,13,1305,12,2021,0.5838,"Non Basis",1.16,1.98
kabupaten,13,1305,13,2021,0.219,"Non Basis",0.09,0.43
kabupaten,13,1305,14,2021,1.023,Basis,5.75,5.62
kabupaten,13,1305,15,2021,1.4374,Basis,6.05,4.21
kabupaten,13,1305,16,2021,0.5096,"Non Basis",0.83,1.64
kabupaten,13,1305,17,2021,0.8531,"Non Basis",1.45,1.71
kabupaten,13,1305,1,2022,1.0573,Basis,23.27,22.01
kabupaten,13,1305,2,2022,1.6594,Basis,6.4,3.85
kabupaten,13,1305,3,2022,1.4246,Basis,13.2,9.26
kabupaten,13,1305,4,2022,0.319,"Non Basis",0.03,0.1
kabupaten,13,1305,5,2022,0.5971,"Non Basis",0.06,0.1
kabupaten,13,1305,6,2022,1.0143,Basis,9.22,9.09
kabupaten,13,1305,7,2022,0.6893,"Non Basis",11.54,16.74
kabupaten,13,1305,8,2022,1.2437,Basis,12.96,10.42
kabupaten,13,1305,9,2022,1.0586,Basis,1.18,1.12
kabupaten,13,1305,10,2022,0.6289,"Non Basis",5.48,8.71
kabupaten,13,1305,11,2022,0.5948,"Non Basis",1.79,3
kabupaten,13,1305,12,2022,0.5701,"Non Basis",1.15,2.01
kabupaten,13,1305,13,2022,0.2137,"Non Basis",0.09,0.44
kabupaten,13,1305,14,2022,0.9825,"Non Basis",5.34,5.44
kabupaten,13,1305,15,2022,1.4059,Basis,5.96,4.24
kabupaten,13,1305,16,2022,0.4978,"Non Basis",0.82,1.64
kabupaten,13,1305,17,2022,0.8321,"Non Basis",1.52,1.83
kabupaten,13,1305,1,2023,1.0523,Basis,22.92,21.78
kabupaten,13,1305,2,2023,1.6384,Basis,6.32,3.86
kabupaten,13,1305,3,2023,1.4249,Basis,13.01,9.13
kabupaten,13,1305,4,2023,0.3142,"Non Basis",0.03,0.1
kabupaten,13,1305,5,2023,0.5959,"Non Basis",0.06,0.1
kabupaten,13,1305,6,2023,1.0243,Basis,9.43,9.2
kabupaten,13,1305,7,2023,0.6826,"Non Basis",11.43,16.74
kabupaten,13,1305,8,2023,1.3056,Basis,13.75,10.53
kabupaten,13,1305,9,2023,1.0628,Basis,1.22,1.15
kabupaten,13,1305,10,2023,0.618,"Non Basis",5.54,8.96
kabupaten,13,1305,11,2023,0.5993,"Non Basis",1.77,2.95
kabupaten,13,1305,12,2023,0.5612,"Non Basis",1.15,2.04
kabupaten,13,1305,13,2023,0.2102,"Non Basis",0.09,0.45
kabupaten,13,1305,14,2023,0.9695,"Non Basis",5.16,5.32
kabupaten,13,1305,15,2023,1.3943,Basis,5.76,4.13
kabupaten,13,1305,16,2023,0.4946,"Non Basis",0.83,1.68
kabupaten,13,1305,17,2023,0.8235,"Non Basis",1.55,1.89
kabupaten,13,1305,1,2024,1.0487,Basis,22.33,21.3
kabupaten,13,1305,2,2024,1.6734,Basis,6.43,3.84
kabupaten,13,1305,3,2024,1.429,Basis,12.82,8.97
kabupaten,13,1305,4,2024,0.3103,"Non Basis",0.03,0.1
kabupaten,13,1305,5,2024,0.5935,"Non Basis",0.06,0.1
kabupaten,13,1305,6,2024,1.0684,Basis,9.85,9.22
kabupaten,13,1305,7,2024,0.6847,"Non Basis",11.47,16.75
kabupaten,13,1305,8,2024,1.2927,Basis,13.77,10.66
kabupaten,13,1305,9,2024,1.0435,Basis,1.21,1.16
kabupaten,13,1305,10,2024,0.6142,"Non Basis",5.56,9.05
kabupaten,13,1305,11,2024,0.6026,"Non Basis",1.81,3
kabupaten,13,1305,12,2024,0.5593,"Non Basis",1.16,2.07
kabupaten,13,1305,13,2024,0.2087,"Non Basis",0.09,0.45
kabupaten,13,1305,14,2024,0.9496,"Non Basis",5.33,5.62
kabupaten,13,1305,15,2024,1.3841,Basis,5.65,4.08
kabupaten,13,1305,16,2024,0.4891,"Non Basis",0.83,1.7
kabupaten,13,1305,17,2024,0.821,"Non Basis",1.59,1.94
kabupaten,13,1305,1,2025,1.0452,Basis,22.43,21.46
kabupaten,13,1305,2,2025,1.6435,Basis,6.16,3.75
kabupaten,13,1305,3,2025,1.4514,Basis,13.28,9.15
kabupaten,13,1305,4,2025,0.321,"Non Basis",0.03,0.1
kabupaten,13,1305,5,2025,0.5897,"Non Basis",0.06,0.09
kabupaten,13,1305,6,2025,1.0523,Basis,9.25,8.79
kabupaten,13,1305,7,2025,0.6956,"Non Basis",11.69,16.8
kabupaten,13,1305,8,2025,1.2902,Basis,13.3,10.31
kabupaten,13,1305,9,2025,1.0444,Basis,1.21,1.16
kabupaten,13,1305,10,2025,0.6192,"Non Basis",5.71,9.22
kabupaten,13,1305,11,2025,0.6182,"Non Basis",1.93,3.12
kabupaten,13,1305,12,2025,0.5709,"Non Basis",1.21,2.12
kabupaten,13,1305,13,2025,0.2103,"Non Basis",0.1,0.46
kabupaten,13,1305,14,2025,0.9552,"Non Basis",5.29,5.54
kabupaten,13,1305,15,2025,1.4068,Basis,5.8,4.12
kabupaten,13,1305,16,2025,0.4903,"Non Basis",0.87,1.78
kabupaten,13,1305,17,2025,0.8304,"Non Basis",1.69,2.04
kabupaten,13,1306,1,2021,1.3562,Basis,30.09,22.18
kabupaten,13,1306,2,2021,0.8802,"Non Basis",3.47,3.95
kabupaten,13,1306,3,2021,1.1557,Basis,10.98,9.5
kabupaten,13,1306,4,2021,0.2671,"Non Basis",0.03,0.1
kabupaten,13,1306,5,2021,0.5276,"Non Basis",0.05,0.1
kabupaten,13,1306,6,2021,0.7988,"Non Basis",7.39,9.26
kabupaten,13,1306,7,2021,1.1736,Basis,19.42,16.55
kabupaten,13,1306,8,2021,0.6389,"Non Basis",6.57,10.28
kabupaten,13,1306,9,2021,0.6255,"Non Basis",0.63,1.01
kabupaten,13,1306,10,2021,0.9031,"Non Basis",7.67,8.49
kabupaten,13,1306,11,2021,0.4198,"Non Basis",1.26,3
kabupaten,13,1306,12,2021,0.9313,"Non Basis",1.85,1.98
kabupaten,13,1306,13,2021,0.0943,"Non Basis",0.04,0.43
kabupaten,13,1306,14,2021,0.6652,"Non Basis",3.74,5.62
kabupaten,13,1306,15,2021,1.1458,Basis,4.82,4.21
kabupaten,13,1306,16,2021,0.7686,"Non Basis",1.26,1.64
kabupaten,13,1306,17,2021,0.4277,"Non Basis",0.73,1.71
kabupaten,13,1306,1,2022,1.3412,Basis,29.51,22.01
kabupaten,13,1306,2,2022,0.8915,"Non Basis",3.44,3.85
kabupaten,13,1306,3,2022,1.1985,Basis,11.1,9.26
kabupaten,13,1306,4,2022,0.2592,"Non Basis",0.03,0.1
kabupaten,13,1306,5,2022,0.5085,"Non Basis",0.05,0.1
kabupaten,13,1306,6,2022,0.8114,"Non Basis",7.38,9.09
kabupaten,13,1306,7,2022,1.1725,Basis,19.63,16.74
kabupaten,13,1306,8,2022,0.6292,"Non Basis",6.56,10.42
kabupaten,13,1306,9,2022,0.6331,"Non Basis",0.71,1.12
kabupaten,13,1306,10,2022,0.9093,"Non Basis",7.92,8.71
kabupaten,13,1306,11,2022,0.4171,"Non Basis",1.25,3
kabupaten,13,1306,12,2022,0.9328,"Non Basis",1.88,2.01
kabupaten,13,1306,13,2022,0.088,"Non Basis",0.04,0.44
kabupaten,13,1306,14,2022,0.6544,"Non Basis",3.56,5.44
kabupaten,13,1306,15,2022,1.1567,Basis,4.91,4.24
kabupaten,13,1306,16,2022,0.7755,"Non Basis",1.27,1.64
kabupaten,13,1306,17,2022,0.425,"Non Basis",0.78,1.83
kabupaten,13,1306,1,2023,1.3367,Basis,29.11,21.78
kabupaten,13,1306,2,2023,0.8846,"Non Basis",3.41,3.86
kabupaten,13,1306,3,2023,1.2406,Basis,11.32,9.13
kabupaten,13,1306,4,2023,0.2491,"Non Basis",0.02,0.1
kabupaten,13,1306,5,2023,0.4981,"Non Basis",0.05,0.1
kabupaten,13,1306,6,2023,0.8134,"Non Basis",7.48,9.2
kabupaten,13,1306,7,2023,1.1704,Basis,19.59,16.74
kabupaten,13,1306,8,2023,0.6293,"Non Basis",6.63,10.53
kabupaten,13,1306,9,2023,0.6366,"Non Basis",0.73,1.15
kabupaten,13,1306,10,2023,0.9053,"Non Basis",8.11,8.96
kabupaten,13,1306,11,2023,0.4166,"Non Basis",1.23,2.95
kabupaten,13,1306,12,2023,0.9355,"Non Basis",1.91,2.04
kabupaten,13,1306,13,2023,0.0824,"Non Basis",0.04,0.45
kabupaten,13,1306,14,2023,0.6539,"Non Basis",3.48,5.32
kabupaten,13,1306,15,2023,1.1593,Basis,4.79,4.13
kabupaten,13,1306,16,2023,0.7638,"Non Basis",1.28,1.68
kabupaten,13,1306,17,2023,0.4263,"Non Basis",0.8,1.89
kabupaten,13,1306,1,2024,1.3364,Basis,28.46,21.3
kabupaten,13,1306,2,2024,0.8912,"Non Basis",3.42,3.84
kabupaten,13,1306,3,2024,1.2541,Basis,11.25,8.97
kabupaten,13,1306,4,2024,0.2391,"Non Basis",0.02,0.1
kabupaten,13,1306,5,2024,0.5437,"Non Basis",0.05,0.1
kabupaten,13,1306,6,2024,0.8039,"Non Basis",7.41,9.22
kabupaten,13,1306,7,2024,1.1803,Basis,19.77,16.75
kabupaten,13,1306,8,2024,0.643,"Non Basis",6.85,10.66
kabupaten,13,1306,9,2024,0.6361,"Non Basis",0.74,1.16
kabupaten,13,1306,10,2024,0.9126,"Non Basis",8.26,9.05
kabupaten,13,1306,11,2024,0.4174,"Non Basis",1.25,3
kabupaten,13,1306,12,2024,0.934,"Non Basis",1.94,2.07
kabupaten,13,1306,13,2024,0.0789,"Non Basis",0.04,0.45
kabupaten,13,1306,14,2024,0.6471,"Non Basis",3.63,5.62
kabupaten,13,1306,15,2024,1.1603,Basis,4.74,4.08
kabupaten,13,1306,16,2024,0.7666,"Non Basis",1.3,1.7
kabupaten,13,1306,17,2024,0.4439,"Non Basis",0.86,1.94
kabupaten,13,1306,1,2025,1.3179,Basis,28.28,21.46
kabupaten,13,1306,2,2025,0.8968,"Non Basis",3.36,3.75
kabupaten,13,1306,3,2025,1.2515,Basis,11.45,9.15
kabupaten,13,1306,4,2025,0.238,"Non Basis",0.02,0.1
kabupaten,13,1306,5,2025,0.5436,"Non Basis",0.05,0.09
kabupaten,13,1306,6,2025,0.8079,"Non Basis",7.1,8.79
kabupaten,13,1306,7,2025,1.1818,Basis,19.86,16.8
kabupaten,13,1306,8,2025,0.6554,"Non Basis",6.76,10.31
kabupaten,13,1306,9,2025,0.6334,"Non Basis",0.73,1.16
kabupaten,13,1306,10,2025,0.9111,"Non Basis",8.4,9.22
kabupaten,13,1306,11,2025,0.4226,"Non Basis",1.32,3.12
kabupaten,13,1306,12,2025,0.9404,"Non Basis",1.99,2.12
kabupaten,13,1306,13,2025,0.0878,"Non Basis",0.04,0.46
kabupaten,13,1306,14,2025,0.6504,"Non Basis",3.6,5.54
kabupaten,13,1306,15,2025,1.1591,Basis,4.78,4.12
kabupaten,13,1306,16,2025,0.7602,"Non Basis",1.35,1.78
kabupaten,13,1306,17,2025,0.4416,"Non Basis",0.9,2.04
kabupaten,13,1307,1,2021,1.4635,Basis,32.47,22.18
kabupaten,13,1307,2,2021,1.9111,Basis,7.54,3.95
kabupaten,13,1307,3,2021,0.7541,"Non Basis",7.17,9.5
kabupaten,13,1307,4,2021,0.1554,"Non Basis",0.02,0.1
kabupaten,13,1307,5,2021,0.3259,"Non Basis",0.03,0.1
kabupaten,13,1307,6,2021,0.5346,"Non Basis",4.95,9.26
kabupaten,13,1307,7,2021,0.9525,"Non Basis",15.76,16.55
kabupaten,13,1307,8,2021,0.9729,"Non Basis",10.01,10.28
kabupaten,13,1307,9,2021,0.5971,"Non Basis",0.6,1.01
kabupaten,13,1307,10,2021,0.8257,"Non Basis",7.01,8.49
kabupaten,13,1307,11,2021,0.5568,"Non Basis",1.67,3
kabupaten,13,1307,12,2021,0.5808,"Non Basis",1.15,1.98
kabupaten,13,1307,13,2021,0.067,"Non Basis",0.03,0.43
kabupaten,13,1307,14,2021,1.0003,Basis,5.62,5.62
kabupaten,13,1307,15,2021,0.7314,"Non Basis",3.08,4.21
kabupaten,13,1307,16,2021,1.029,Basis,1.68,1.64
kabupaten,13,1307,17,2021,0.7134,"Non Basis",1.22,1.71
kabupaten,13,1307,1,2022,1.4606,Basis,32.14,22.01
kabupaten,13,1307,2,2022,1.9965,Basis,7.69,3.85
kabupaten,13,1307,3,2022,0.7602,"Non Basis",7.04,9.26
kabupaten,13,1307,4,2022,0.1578,"Non Basis",0.02,0.1
kabupaten,13,1307,5,2022,0.3355,"Non Basis",0.03,0.1
kabupaten,13,1307,6,2022,0.5363,"Non Basis",4.88,9.09
kabupaten,13,1307,7,2022,0.9564,"Non Basis",16.01,16.74
kabupaten,13,1307,8,2022,0.9578,"Non Basis",9.98,10.42
kabupaten,13,1307,9,2022,0.585,"Non Basis",0.65,1.12
kabupaten,13,1307,10,2022,0.824,"Non Basis",7.18,8.71
kabupaten,13,1307,11,2022,0.5591,"Non Basis",1.68,3
kabupaten,13,1307,12,2022,0.5816,"Non Basis",1.17,2.01
kabupaten,13,1307,13,2022,0.0672,"Non Basis",0.03,0.44
kabupaten,13,1307,14,2022,0.9847,"Non Basis",5.35,5.44
kabupaten,13,1307,15,2022,0.7384,"Non Basis",3.13,4.24
kabupaten,13,1307,16,2022,1.0322,Basis,1.69,1.64
kabupaten,13,1307,17,2022,0.7225,"Non Basis",1.32,1.83
kabupaten,13,1307,1,2023,1.4603,Basis,31.8,21.78
kabupaten,13,1307,2,2023,1.975,Basis,7.61,3.86
kabupaten,13,1307,3,2023,0.7716,"Non Basis",7.04,9.13
kabupaten,13,1307,4,2023,0.1574,"Non Basis",0.02,0.1
kabupaten,13,1307,5,2023,0.3424,"Non Basis",0.03,0.1
kabupaten,13,1307,6,2023,0.5392,"Non Basis",4.96,9.2
kabupaten,13,1307,7,2023,0.9652,"Non Basis",16.16,16.74
kabupaten,13,1307,8,2023,0.9593,"Non Basis",10.11,10.53
kabupaten,13,1307,9,2023,0.5873,"Non Basis",0.67,1.15
kabupaten,13,1307,10,2023,0.825,"Non Basis",7.39,8.96
kabupaten,13,1307,11,2023,0.558,"Non Basis",1.65,2.95
kabupaten,13,1307,12,2023,0.5828,"Non Basis",1.19,2.04
kabupaten,13,1307,13,2023,0.0671,"Non Basis",0.03,0.45
kabupaten,13,1307,14,2023,0.9755,"Non Basis",5.19,5.32
kabupaten,13,1307,15,2023,0.7392,"Non Basis",3.05,4.13
kabupaten,13,1307,16,2023,1.0303,Basis,1.73,1.68
kabupaten,13,1307,17,2023,0.7207,"Non Basis",1.36,1.89
kabupaten,13,1307,1,2024,1.463,Basis,31.16,21.3
kabupaten,13,1307,2,2024,2.0001,Basis,7.68,3.84
kabupaten,13,1307,3,2024,0.7894,"Non Basis",7.08,8.97
kabupaten,13,1307,4,2024,0.1575,"Non Basis",0.02,0.1
kabupaten,13,1307,5,2024,0.3317,"Non Basis",0.03,0.1
kabupaten,13,1307,6,2024,0.5368,"Non Basis",4.95,9.22
kabupaten,13,1307,7,2024,0.9768,"Non Basis",16.36,16.75
kabupaten,13,1307,8,2024,0.9539,"Non Basis",10.16,10.66
kabupaten,13,1307,9,2024,0.5959,"Non Basis",0.69,1.16
kabupaten,13,1307,10,2024,0.819,"Non Basis",7.41,9.05
kabupaten,13,1307,11,2024,0.548,"Non Basis",1.64,3
kabupaten,13,1307,12,2024,0.584,"Non Basis",1.21,2.07
kabupaten,13,1307,13,2024,0.0674,"Non Basis",0.03,0.45
kabupaten,13,1307,14,2024,0.9629,"Non Basis",5.41,5.62
kabupaten,13,1307,15,2024,0.7378,"Non Basis",3.01,4.08
kabupaten,13,1307,16,2024,1.0332,Basis,1.76,1.7
kabupaten,13,1307,17,2024,0.7174,"Non Basis",1.39,1.94
kabupaten,13,1307,1,2025,1.4527,Basis,31.17,21.46
kabupaten,13,1307,2,2025,2.0252,Basis,7.6,3.75
kabupaten,13,1307,3,2025,0.8013,"Non Basis",7.33,9.15
kabupaten,13,1307,4,2025,0.1615,"Non Basis",0.02,0.1
kabupaten,13,1307,5,2025,0.3335,"Non Basis",0.03,0.09
kabupaten,13,1307,6,2025,0.5401,"Non Basis",4.75,8.79
kabupaten,13,1307,7,2025,0.98,"Non Basis",16.47,16.8
kabupaten,13,1307,8,2025,0.9604,"Non Basis",9.9,10.31
kabupaten,13,1307,9,2025,0.6033,"Non Basis",0.7,1.16
kabupaten,13,1307,10,2025,0.8138,"Non Basis",7.5,9.22
kabupaten,13,1307,11,2025,0.5442,"Non Basis",1.7,3.12
kabupaten,13,1307,12,2025,0.5846,"Non Basis",1.24,2.12
kabupaten,13,1307,13,2025,0.0673,"Non Basis",0.03,0.46
kabupaten,13,1307,14,2025,0.9536,"Non Basis",5.28,5.54
kabupaten,13,1307,15,2025,0.7304,"Non Basis",3.01,4.12
kabupaten,13,1307,16,2025,1.0245,Basis,1.82,1.78
kabupaten,13,1307,17,2025,0.7151,"Non Basis",1.46,2.04
kabupaten,13,1308,1,2021,2.1849,Basis,48.47,22.18
kabupaten,13,1308,2,2021,0.4728,"Non Basis",1.87,3.95
kabupaten,13,1308,3,2021,0.4393,"Non Basis",4.17,9.5
kabupaten,13,1308,4,2021,0.1482,"Non Basis",0.01,0.1
kabupaten,13,1308,5,2021,1.0202,Basis,0.1,0.1
kabupaten,13,1308,6,2021,0.5023,"Non Basis",4.65,9.26
kabupaten,13,1308,7,2021,0.8534,"Non Basis",14.12,16.55
kabupaten,13,1308,8,2021,0.4311,"Non Basis",4.43,10.28
kabupaten,13,1308,9,2021,0.7568,"Non Basis",0.76,1.01
kabupaten,13,1308,10,2021,0.7458,"Non Basis",6.33,8.49
kabupaten,13,1308,11,2021,0.7573,"Non Basis",2.27,3
kabupaten,13,1308,12,2021,0.6761,"Non Basis",1.34,1.98
kabupaten,13,1308,13,2021,0.1184,"Non Basis",0.05,0.43
kabupaten,13,1308,14,2021,1.2236,Basis,6.88,5.62
kabupaten,13,1308,15,2021,0.5971,"Non Basis",2.51,4.21
kabupaten,13,1308,16,2021,0.697,"Non Basis",1.14,1.64
kabupaten,13,1308,17,2021,0.5153,"Non Basis",0.88,1.71
kabupaten,13,1308,1,2022,2.2,Basis,48.41,22.01
kabupaten,13,1308,2,2022,0.4762,"Non Basis",1.84,3.85
kabupaten,13,1308,3,2022,0.4442,"Non Basis",4.12,9.26
kabupaten,13,1308,4,2022,0.1517,"Non Basis",0.02,0.1
kabupaten,13,1308,5,2022,0.9828,"Non Basis",0.1,0.1
kabupaten,13,1308,6,2022,0.5107,"Non Basis",4.64,9.09
kabupaten,13,1308,7,2022,0.8595,"Non Basis",14.39,16.74
kabupaten,13,1308,8,2022,0.4245,"Non Basis",4.42,10.42
kabupaten,13,1308,9,2022,0.71,"Non Basis",0.79,1.12
kabupaten,13,1308,10,2022,0.7468,"Non Basis",6.5,8.71
kabupaten,13,1308,11,2022,0.7476,"Non Basis",2.24,3
kabupaten,13,1308,12,2022,0.6685,"Non Basis",1.34,2.01
kabupaten,13,1308,13,2022,0.1176,"Non Basis",0.05,0.44
kabupaten,13,1308,14,2022,1.2019,Basis,6.53,5.44
kabupaten,13,1308,15,2022,0.5973,"Non Basis",2.53,4.24
kabupaten,13,1308,16,2022,0.6973,"Non Basis",1.14,1.64
kabupaten,13,1308,17,2022,0.5022,"Non Basis",0.92,1.83
kabupaten,13,1308,1,2023,2.2042,Basis,48.01,21.78
kabupaten,13,1308,2,2023,0.4758,"Non Basis",1.83,3.86
kabupaten,13,1308,3,2023,0.446,"Non Basis",4.07,9.13
kabupaten,13,1308,4,2023,0.1533,"Non Basis",0.02,0.1
kabupaten,13,1308,5,2023,1.002,Basis,0.1,0.1
kabupaten,13,1308,6,2023,0.5141,"Non Basis",4.73,9.2
kabupaten,13,1308,7,2023,0.8674,"Non Basis",14.52,16.74
kabupaten,13,1308,8,2023,0.4259,"Non Basis",4.49,10.53
kabupaten,13,1308,9,2023,0.7057,"Non Basis",0.81,1.15
kabupaten,13,1308,10,2023,0.7495,"Non Basis",6.71,8.96
kabupaten,13,1308,11,2023,0.7471,"Non Basis",2.2,2.95
kabupaten,13,1308,12,2023,0.6661,"Non Basis",1.36,2.04
kabupaten,13,1308,13,2023,0.117,"Non Basis",0.05,0.45
kabupaten,13,1308,14,2023,1.2211,Basis,6.49,5.32
kabupaten,13,1308,15,2023,0.5995,"Non Basis",2.48,4.13
kabupaten,13,1308,16,2023,0.6993,"Non Basis",1.18,1.68
kabupaten,13,1308,17,2023,0.5027,"Non Basis",0.95,1.89
kabupaten,13,1308,1,2024,2.2145,Basis,47.16,21.3
kabupaten,13,1308,2,2024,0.4814,"Non Basis",1.85,3.84
kabupaten,13,1308,3,2024,0.4475,"Non Basis",4.02,8.97
kabupaten,13,1308,4,2024,0.1545,"Non Basis",0.02,0.1
kabupaten,13,1308,5,2024,1.0111,Basis,0.1,0.1
kabupaten,13,1308,6,2024,0.5163,"Non Basis",4.76,9.22
kabupaten,13,1308,7,2024,0.8817,"Non Basis",14.77,16.75
kabupaten,13,1308,8,2024,0.4278,"Non Basis",4.56,10.66
kabupaten,13,1308,9,2024,0.7159,"Non Basis",0.83,1.16
kabupaten,13,1308,10,2024,0.7512,"Non Basis",6.8,9.05
kabupaten,13,1308,11,2024,0.7614,"Non Basis",2.28,3
kabupaten,13,1308,12,2024,0.6686,"Non Basis",1.39,2.07
kabupaten,13,1308,13,2024,0.1175,"Non Basis",0.05,0.45
kabupaten,13,1308,14,2024,1.2104,Basis,6.8,5.62
kabupaten,13,1308,15,2024,0.6021,"Non Basis",2.46,4.08
kabupaten,13,1308,16,2024,0.7021,"Non Basis",1.19,1.7
kabupaten,13,1308,17,2024,0.5024,"Non Basis",0.97,1.94
kabupaten,13,1308,1,2025,2.2071,Basis,47.35,21.46
kabupaten,13,1308,2,2025,0.482,"Non Basis",1.81,3.75
kabupaten,13,1308,3,2025,0.4445,"Non Basis",4.07,9.15
kabupaten,13,1308,4,2025,0.1585,"Non Basis",0.02,0.1
kabupaten,13,1308,5,2025,1.0269,Basis,0.1,0.09
kabupaten,13,1308,6,2025,0.5175,"Non Basis",4.55,8.79
kabupaten,13,1308,7,2025,0.8812,"Non Basis",14.81,16.8
kabupaten,13,1308,8,2025,0.4386,"Non Basis",4.52,10.31
kabupaten,13,1308,9,2025,0.7141,"Non Basis",0.83,1.16
kabupaten,13,1308,10,2025,0.7451,"Non Basis",6.87,9.22
kabupaten,13,1308,11,2025,0.7483,"Non Basis",2.33,3.12
kabupaten,13,1308,12,2025,0.6639,"Non Basis",1.41,2.12
kabupaten,13,1308,13,2025,0.1162,"Non Basis",0.05,0.46
kabupaten,13,1308,14,2025,1.189,Basis,6.59,5.54
kabupaten,13,1308,15,2025,0.5978,"Non Basis",2.46,4.12
kabupaten,13,1308,16,2025,0.6905,"Non Basis",1.23,1.78
kabupaten,13,1308,17,2025,0.4956,"Non Basis",1.01,2.04
kabupaten,13,1309,1,2021,2.1707,Basis,48.15,22.18
kabupaten,13,1309,2,2021,0.4044,"Non Basis",1.6,3.95
kabupaten,13,1309,3,2021,0.3236,"Non Basis",3.07,9.5
kabupaten,13,1309,4,2021,0.2494,"Non Basis",0.02,0.1
kabupaten,13,1309,5,2021,0.0454,"Non Basis",0,0.1
kabupaten,13,1309,6,2021,1.4618,Basis,13.53,9.26
kabupaten,13,1309,7,2021,0.8507,"Non Basis",14.08,16.55
kabupaten,13,1309,8,2021,0.645,"Non Basis",6.63,10.28
kabupaten,13,1309,9,2021,0.6756,"Non Basis",0.68,1.01
kabupaten,13,1309,10,2021,0.1625,"Non Basis",1.38,8.49
kabupaten,13,1309,11,2021,0.0407,"Non Basis",0.12,3
kabupaten,13,1309,12,2021,0.4827,"Non Basis",0.96,1.98
kabupaten,13,1309,13,2021,0.1128,"Non Basis",0.05,0.43
kabupaten,13,1309,14,2021,1.239,Basis,6.97,5.62
kabupaten,13,1309,15,2021,0.2829,"Non Basis",1.19,4.21
kabupaten,13,1309,16,2021,0.4502,"Non Basis",0.74,1.64
kabupaten,13,1309,17,2021,0.4825,"Non Basis",0.82,1.71
kabupaten,13,1309,1,2022,2.1616,Basis,47.57,22.01
kabupaten,13,1309,2,2022,0.4137,"Non Basis",1.59,3.85
kabupaten,13,1309,3,2022,0.3192,"Non Basis",2.96,9.26
kabupaten,13,1309,4,2022,0.2529,"Non Basis",0.03,0.1
kabupaten,13,1309,5,2022,0.0434,"Non Basis",0,0.1
kabupaten,13,1309,6,2022,1.5147,Basis,13.77,9.09
kabupaten,13,1309,7,2022,0.8456,"Non Basis",14.16,16.74
kabupaten,13,1309,8,2022,0.69,"Non Basis",7.19,10.42
kabupaten,13,1309,9,2022,0.6549,"Non Basis",0.73,1.12
kabupaten,13,1309,10,2022,0.1621,"Non Basis",1.41,8.71
kabupaten,13,1309,11,2022,0.0399,"Non Basis",0.12,3
kabupaten,13,1309,12,2022,0.4792,"Non Basis",0.96,2.01
kabupaten,13,1309,13,2022,0.1081,"Non Basis",0.05,0.44
kabupaten,13,1309,14,2022,1.2273,Basis,6.67,5.44
kabupaten,13,1309,15,2022,0.2802,"Non Basis",1.19,4.24
kabupaten,13,1309,16,2022,0.4482,"Non Basis",0.73,1.64
kabupaten,13,1309,17,2022,0.472,"Non Basis",0.86,1.83
kabupaten,13,1309,1,2023,2.2055,Basis,48.03,21.78
kabupaten,13,1309,2,2023,0.4103,"Non Basis",1.58,3.86
kabupaten,13,1309,3,2023,0.3196,"Non Basis",2.92,9.13
kabupaten,13,1309,4,2023,0.2595,"Non Basis",0.03,0.1
kabupaten,13,1309,5,2023,0.0458,"Non Basis",0,0.1
kabupaten,13,1309,6,2023,1.5159,Basis,13.95,9.2
kabupaten,13,1309,7,2023,0.8503,"Non Basis",14.23,16.74
kabupaten,13,1309,8,2023,0.6217,"Non Basis",6.55,10.53
kabupaten,13,1309,9,2023,0.6692,"Non Basis",0.77,1.15
kabupaten,13,1309,10,2023,0.1622,"Non Basis",1.45,8.96
kabupaten,13,1309,11,2023,0.0404,"Non Basis",0.12,2.95
kabupaten,13,1309,12,2023,0.4821,"Non Basis",0.98,2.04
kabupaten,13,1309,13,2023,0.1077,"Non Basis",0.05,0.45
kabupaten,13,1309,14,2023,1.2255,Basis,6.52,5.32
kabupaten,13,1309,15,2023,0.2801,"Non Basis",1.16,4.13
kabupaten,13,1309,16,2023,0.4498,"Non Basis",0.76,1.68
kabupaten,13,1309,17,2023,0.4763,"Non Basis",0.9,1.89
kabupaten,13,1309,1,2024,2.2269,Basis,47.42,21.3
kabupaten,13,1309,2,2024,0.4126,"Non Basis",1.58,3.84
kabupaten,13,1309,3,2024,0.3225,"Non Basis",2.89,8.97
kabupaten,13,1309,4,2024,0.2642,"Non Basis",0.03,0.1
kabupaten,13,1309,5,2024,0.0445,"Non Basis",0,0.1
kabupaten,13,1309,6,2024,1.5124,Basis,13.94,9.22
kabupaten,13,1309,7,2024,0.8609,"Non Basis",14.42,16.75
kabupaten,13,1309,8,2024,0.6269,"Non Basis",6.68,10.66
kabupaten,13,1309,9,2024,0.6795,"Non Basis",0.79,1.16
kabupaten,13,1309,10,2024,0.1617,"Non Basis",1.46,9.05
kabupaten,13,1309,11,2024,0.0405,"Non Basis",0.12,3
kabupaten,13,1309,12,2024,0.4795,"Non Basis",0.99,2.07
kabupaten,13,1309,13,2024,0.1084,"Non Basis",0.05,0.45
kabupaten,13,1309,14,2024,1.2028,Basis,6.76,5.62
kabupaten,13,1309,15,2024,0.2808,"Non Basis",1.15,4.08
kabupaten,13,1309,16,2024,0.4492,"Non Basis",0.76,1.7
kabupaten,13,1309,17,2024,0.4872,"Non Basis",0.95,1.94
kabupaten,13,1309,1,2025,2.2065,Basis,47.34,21.46
kabupaten,13,1309,2,2025,0.418,"Non Basis",1.57,3.75
kabupaten,13,1309,3,2025,0.3267,"Non Basis",2.99,9.15
kabupaten,13,1309,4,2025,0.2689,"Non Basis",0.03,0.1
kabupaten,13,1309,5,2025,0.0445,"Non Basis",0,0.09
kabupaten,13,1309,6,2025,1.5441,Basis,13.58,8.79
kabupaten,13,1309,7,2025,0.8678,"Non Basis",14.58,16.8
kabupaten,13,1309,8,2025,0.6479,"Non Basis",6.68,10.31
kabupaten,13,1309,9,2025,0.684,"Non Basis",0.79,1.16
kabupaten,13,1309,10,2025,0.1624,"Non Basis",1.5,9.22
kabupaten,13,1309,11,2025,0.0407,"Non Basis",0.13,3.12
kabupaten,13,1309,12,2025,0.48,"Non Basis",1.02,2.12
kabupaten,13,1309,13,2025,0.1078,"Non Basis",0.05,0.46
kabupaten,13,1309,14,2025,1.2308,Basis,6.82,5.54
kabupaten,13,1309,15,2025,0.2794,"Non Basis",1.15,4.12
kabupaten,13,1309,16,2025,0.4402,"Non Basis",0.78,1.78
kabupaten,13,1309,17,2025,0.4892,"Non Basis",1,2.04
kabupaten,13,1310,1,2021,1.3178,Basis,29.23,22.18
kabupaten,13,1310,2,2021,1.5275,Basis,6.03,3.95
kabupaten,13,1310,3,2021,0.5959,"Non Basis",5.66,9.5
kabupaten,13,1310,4,2021,0.1605,"Non Basis",0.02,0.1
kabupaten,13,1310,5,2021,0.1227,"Non Basis",0.01,0.1
kabupaten,13,1310,6,2021,1.4308,Basis,13.25,9.26
kabupaten,13,1310,7,2021,0.865,"Non Basis",14.31,16.55
kabupaten,13,1310,8,2021,0.5917,"Non Basis",6.09,10.28
kabupaten,13,1310,9,2021,0.762,"Non Basis",0.77,1.01
kabupaten,13,1310,10,2021,1.0621,Basis,9.02,8.49
kabupaten,13,1310,11,2021,0.7065,"Non Basis",2.12,3
kabupaten,13,1310,12,2021,1.0649,Basis,2.11,1.98
kabupaten,13,1310,13,2021,0.043,"Non Basis",0.02,0.43
kabupaten,13,1310,14,2021,1.0697,Basis,6.02,5.62
kabupaten,13,1310,15,2021,0.65,"Non Basis",2.74,4.21
kabupaten,13,1310,16,2021,1.1485,Basis,1.88,1.64
kabupaten,13,1310,17,2021,0.4351,"Non Basis",0.74,1.71
kabupaten,13,1310,1,2022,1.2989,Basis,28.58,22.01
kabupaten,13,1310,2,2022,1.5222,Basis,5.87,3.85
kabupaten,13,1310,3,2022,0.5957,"Non Basis",5.52,9.26
kabupaten,13,1310,4,2022,0.1607,"Non Basis",0.02,0.1
kabupaten,13,1310,5,2022,0.1157,"Non Basis",0.01,0.1
kabupaten,13,1310,6,2022,1.4254,Basis,12.96,9.09
kabupaten,13,1310,7,2022,0.8678,"Non Basis",14.53,16.74
kabupaten,13,1310,8,2022,0.5846,"Non Basis",6.09,10.42
kabupaten,13,1310,9,2022,0.7608,"Non Basis",0.85,1.12
kabupaten,13,1310,10,2022,1.0557,Basis,9.19,8.71
kabupaten,13,1310,11,2022,0.715,"Non Basis",2.15,3
kabupaten,13,1310,12,2022,1.0482,Basis,2.11,2.01
kabupaten,13,1310,13,2022,0.0426,"Non Basis",0.02,0.44
kabupaten,13,1310,14,2022,1.23,Basis,6.69,5.44
kabupaten,13,1310,15,2022,0.647,"Non Basis",2.74,4.24
kabupaten,13,1310,16,2022,1.1478,Basis,1.88,1.64
kabupaten,13,1310,17,2022,0.4339,"Non Basis",0.79,1.83
kabupaten,13,1310,1,2023,1.2959,Basis,28.22,21.78
kabupaten,13,1310,2,2023,1.4924,Basis,5.75,3.86
kabupaten,13,1310,3,2023,0.5896,"Non Basis",5.38,9.13
kabupaten,13,1310,4,2023,0.1619,"Non Basis",0.02,0.1
kabupaten,13,1310,5,2023,0.1124,"Non Basis",0.01,0.1
kabupaten,13,1310,6,2023,1.4325,Basis,13.18,9.2
kabupaten,13,1310,7,2023,0.8759,"Non Basis",14.66,16.74
kabupaten,13,1310,8,2023,0.5845,"Non Basis",6.16,10.53
kabupaten,13,1310,9,2023,0.7549,"Non Basis",0.87,1.15
kabupaten,13,1310,10,2023,1.0609,Basis,9.5,8.96
kabupaten,13,1310,11,2023,0.7247,"Non Basis",2.14,2.95
kabupaten,13,1310,12,2023,1.0498,Basis,2.14,2.04
kabupaten,13,1310,13,2023,0.0426,"Non Basis",0.02,0.45
kabupaten,13,1310,14,2023,1.2254,Basis,6.52,5.32
kabupaten,13,1310,15,2023,0.65,"Non Basis",2.68,4.13
kabupaten,13,1310,16,2023,1.1455,Basis,1.93,1.68
kabupaten,13,1310,17,2023,0.4304,"Non Basis",0.81,1.89
kabupaten,13,1310,1,2024,1.3034,Basis,27.76,21.3
kabupaten,13,1310,2,2024,1.3851,Basis,5.32,3.84
kabupaten,13,1310,3,2024,0.5861,"Non Basis",5.26,8.97
kabupaten,13,1310,4,2024,0.1628,"Non Basis",0.02,0.1
kabupaten,13,1310,5,2024,0.1093,"Non Basis",0.01,0.1
kabupaten,13,1310,6,2024,1.4409,Basis,13.28,9.22
kabupaten,13,1310,7,2024,0.8899,"Non Basis",14.9,16.75
kabupaten,13,1310,8,2024,0.5855,"Non Basis",6.24,10.66
kabupaten,13,1310,9,2024,0.7638,"Non Basis",0.89,1.16
kabupaten,13,1310,10,2024,1.0678,Basis,9.67,9.05
kabupaten,13,1310,11,2024,0.7344,"Non Basis",2.2,3
kabupaten,13,1310,12,2024,1.0496,Basis,2.17,2.07
kabupaten,13,1310,13,2024,0.0427,"Non Basis",0.02,0.45
kabupaten,13,1310,14,2024,1.2123,Basis,6.81,5.62
kabupaten,13,1310,15,2024,0.6523,"Non Basis",2.66,4.08
kabupaten,13,1310,16,2024,1.1483,Basis,1.95,1.7
kabupaten,13,1310,17,2024,0.4319,"Non Basis",0.84,1.94
kabupaten,13,1310,1,2025,1.3221,Basis,28.37,21.46
kabupaten,13,1310,2,2025,1.3194,Basis,4.95,3.75
kabupaten,13,1310,3,2025,0.5934,"Non Basis",5.43,9.15
kabupaten,13,1310,4,2025,0.1608,"Non Basis",0.02,0.1
kabupaten,13,1310,5,2025,0.1084,"Non Basis",0.01,0.09
kabupaten,13,1310,6,2025,1.4599,Basis,12.84,8.79
kabupaten,13,1310,7,2025,0.8947,"Non Basis",15.03,16.8
kabupaten,13,1310,8,2025,0.5894,"Non Basis",6.08,10.31
kabupaten,13,1310,9,2025,0.7596,"Non Basis",0.88,1.16
kabupaten,13,1310,10,2025,1.069,Basis,9.85,9.22
kabupaten,13,1310,11,2025,0.7333,"Non Basis",2.29,3.12
kabupaten,13,1310,12,2025,1.0359,Basis,2.2,2.12
kabupaten,13,1310,13,2025,0.0421,"Non Basis",0.02,0.46
kabupaten,13,1310,14,2025,1.1848,Basis,6.57,5.54
kabupaten,13,1310,15,2025,0.6426,"Non Basis",2.65,4.12
kabupaten,13,1310,16,2025,1.108,Basis,1.97,1.78
kabupaten,13,1310,17,2025,0.4238,"Non Basis",0.86,2.04
kabupaten,13,1311,1,2021,1.3468,Basis,29.88,22.18
kabupaten,13,1311,2,2021,1.989,Basis,7.85,3.95
kabupaten,13,1311,3,2021,0.5116,"Non Basis",4.86,9.5
kabupaten,13,1311,4,2021,0.2458,"Non Basis",0.02,0.1
kabupaten,13,1311,5,2021,0.5098,"Non Basis",0.05,0.1
kabupaten,13,1311,6,2021,1.2503,Basis,11.57,9.26
kabupaten,13,1311,7,2021,1.2343,Basis,20.42,16.55
kabupaten,13,1311,8,2021,0.6222,"Non Basis",6.4,10.28
kabupaten,13,1311,9,2021,0.7253,"Non Basis",0.73,1.01
kabupaten,13,1311,10,2021,0.8162,"Non Basis",6.93,8.49
kabupaten,13,1311,11,2021,0.2592,"Non Basis",0.78,3
kabupaten,13,1311,12,2021,0.4126,"Non Basis",0.82,1.98
kabupaten,13,1311,13,2021,0.0347,"Non Basis",0.01,0.43
kabupaten,13,1311,14,2021,0.8401,"Non Basis",4.72,5.62
kabupaten,13,1311,15,2021,0.583,"Non Basis",2.45,4.21
kabupaten,13,1311,16,2021,0.8371,"Non Basis",1.37,1.64
kabupaten,13,1311,17,2021,0.6578,"Non Basis",1.12,1.71
kabupaten,13,1311,1,2022,1.3317,Basis,29.3,22.01
kabupaten,13,1311,2,2022,2.0065,Basis,7.73,3.85
kabupaten,13,1311,3,2022,0.5105,"Non Basis",4.73,9.26
kabupaten,13,1311,4,2022,0.2556,"Non Basis",0.03,0.1
kabupaten,13,1311,5,2022,0.4922,"Non Basis",0.05,0.1
kabupaten,13,1311,6,2022,1.2804,Basis,11.64,9.09
kabupaten,13,1311,7,2022,1.2527,Basis,20.97,16.74
kabupaten,13,1311,8,2022,0.6148,"Non Basis",6.41,10.42
kabupaten,13,1311,9,2022,0.6943,"Non Basis",0.77,1.12
kabupaten,13,1311,10,2022,0.8203,"Non Basis",7.14,8.71
kabupaten,13,1311,11,2022,0.2612,"Non Basis",0.78,3
kabupaten,13,1311,12,2022,0.4133,"Non Basis",0.83,2.01
kabupaten,13,1311,13,2022,0.0346,"Non Basis",0.02,0.44
kabupaten,13,1311,14,2022,0.8285,"Non Basis",4.5,5.44
kabupaten,13,1311,15,2022,0.5945,"Non Basis",2.52,4.24
kabupaten,13,1311,16,2022,0.8438,"Non Basis",1.38,1.64
kabupaten,13,1311,17,2022,0.6445,"Non Basis",1.18,1.83
kabupaten,13,1311,1,2023,1.324,Basis,28.84,21.78
kabupaten,13,1311,2,2023,2.0003,Basis,7.71,3.86
kabupaten,13,1311,3,2023,0.5093,"Non Basis",4.65,9.13
kabupaten,13,1311,4,2023,0.3582,"Non Basis",0.04,0.1
kabupaten,13,1311,5,2023,0.5165,"Non Basis",0.05,0.1
kabupaten,13,1311,6,2023,1.291,Basis,11.88,9.2
kabupaten,13,1311,7,2023,1.2549,Basis,21.01,16.74
kabupaten,13,1311,8,2023,0.6169,"Non Basis",6.5,10.53
kabupaten,13,1311,9,2023,0.7,"Non Basis",0.8,1.15
kabupaten,13,1311,10,2023,0.8234,"Non Basis",7.38,8.96
kabupaten,13,1311,11,2023,0.2631,"Non Basis",0.78,2.95
kabupaten,13,1311,12,2023,0.4133,"Non Basis",0.84,2.04
kabupaten,13,1311,13,2023,0.0344,"Non Basis",0.02,0.45
kabupaten,13,1311,14,2023,0.825,"Non Basis",4.39,5.32
kabupaten,13,1311,15,2023,0.5967,"Non Basis",2.46,4.13
kabupaten,13,1311,16,2023,0.8454,"Non Basis",1.42,1.68
kabupaten,13,1311,17,2023,0.6576,"Non Basis",1.24,1.89
kabupaten,13,1311,1,2024,1.3279,Basis,28.28,21.3
kabupaten,13,1311,2,2024,2.0065,Basis,7.71,3.84
kabupaten,13,1311,3,2024,0.5037,"Non Basis",4.52,8.97
kabupaten,13,1311,4,2024,0.3638,"Non Basis",0.04,0.1
kabupaten,13,1311,5,2024,0.5169,"Non Basis",0.05,0.1
kabupaten,13,1311,6,2024,1.2956,Basis,11.94,9.22
kabupaten,13,1311,7,2024,1.2664,Basis,21.21,16.75
kabupaten,13,1311,8,2024,0.6189,"Non Basis",6.59,10.66
kabupaten,13,1311,9,2024,0.7127,"Non Basis",0.83,1.16
kabupaten,13,1311,10,2024,0.8229,"Non Basis",7.45,9.05
kabupaten,13,1311,11,2024,0.2602,"Non Basis",0.78,3
kabupaten,13,1311,12,2024,0.4134,"Non Basis",0.86,2.07
kabupaten,13,1311,13,2024,0.0344,"Non Basis",0.02,0.45
kabupaten,13,1311,14,2024,0.8103,"Non Basis",4.55,5.62
kabupaten,13,1311,15,2024,0.6006,"Non Basis",2.45,4.08
kabupaten,13,1311,16,2024,0.8484,"Non Basis",1.44,1.7
kabupaten,13,1311,17,2024,0.6629,"Non Basis",1.29,1.94
kabupaten,13,1311,1,2025,1.3348,Basis,28.64,21.46
kabupaten,13,1311,2,2025,2.0817,Basis,7.81,3.75
kabupaten,13,1311,3,2025,0.505,"Non Basis",4.62,9.15
kabupaten,13,1311,4,2025,0.3677,"Non Basis",0.04,0.1
kabupaten,13,1311,5,2025,0.5322,"Non Basis",0.05,0.09
kabupaten,13,1311,6,2025,1.3078,Basis,11.5,8.79
kabupaten,13,1311,7,2025,1.2671,Basis,21.29,16.8
kabupaten,13,1311,8,2025,0.6325,"Non Basis",6.52,10.31
kabupaten,13,1311,9,2025,0.7098,"Non Basis",0.82,1.16
kabupaten,13,1311,10,2025,0.816,"Non Basis",7.52,9.22
kabupaten,13,1311,11,2025,0.2619,"Non Basis",0.82,3.12
kabupaten,13,1311,12,2025,0.4109,"Non Basis",0.87,2.12
kabupaten,13,1311,13,2025,0.0339,"Non Basis",0.02,0.46
kabupaten,13,1311,14,2025,0.7641,"Non Basis",4.23,5.54
kabupaten,13,1311,15,2025,0.5954,"Non Basis",2.45,4.12
kabupaten,13,1311,16,2025,0.8212,"Non Basis",1.46,1.78
kabupaten,13,1311,17,2025,0.6586,"Non Basis",1.34,2.04
kabupaten,13,1312,1,2021,1.9347,Basis,42.92,22.18
kabupaten,13,1312,2,2021,0.3781,"Non Basis",1.49,3.95
kabupaten,13,1312,3,2021,1.5041,Basis,14.29,9.5
kabupaten,13,1312,4,2021,0.1872,"Non Basis",0.02,0.1
kabupaten,13,1312,5,2021,0.1207,"Non Basis",0.01,0.1
kabupaten,13,1312,6,2021,0.6675,"Non Basis",6.18,9.26
kabupaten,13,1312,7,2021,0.7096,"Non Basis",11.74,16.55
kabupaten,13,1312,8,2021,0.4596,"Non Basis",4.73,10.28
kabupaten,13,1312,9,2021,0.4892,"Non Basis",0.49,1.01
kabupaten,13,1312,10,2021,0.8523,"Non Basis",7.24,8.49
kabupaten,13,1312,11,2021,0.5914,"Non Basis",1.77,3
kabupaten,13,1312,12,2021,0.6995,"Non Basis",1.39,1.98
kabupaten,13,1312,13,2021,0.1225,"Non Basis",0.05,0.43
kabupaten,13,1312,14,2021,0.6107,"Non Basis",3.43,5.62
kabupaten,13,1312,15,2021,0.5667,"Non Basis",2.39,4.21
kabupaten,13,1312,16,2021,0.7906,"Non Basis",1.29,1.64
kabupaten,13,1312,17,2021,0.3306,"Non Basis",0.56,1.71
kabupaten,13,1312,1,2022,1.9238,Basis,42.33,22.01
kabupaten,13,1312,2,2022,0.3874,"Non Basis",1.49,3.85
kabupaten,13,1312,3,2022,1.5138,Basis,14.02,9.26
kabupaten,13,1312,4,2022,0.1909,"Non Basis",0.02,0.1
kabupaten,13,1312,5,2022,0.1156,"Non Basis",0.01,0.1
kabupaten,13,1312,6,2022,0.6942,"Non Basis",6.31,9.09
kabupaten,13,1312,7,2022,0.7222,"Non Basis",12.09,16.74
kabupaten,13,1312,8,2022,0.4553,"Non Basis",4.74,10.42
kabupaten,13,1312,9,2022,0.4851,"Non Basis",0.54,1.12
kabupaten,13,1312,10,2022,0.8666,"Non Basis",7.55,8.71
kabupaten,13,1312,11,2022,0.5996,"Non Basis",1.8,3
kabupaten,13,1312,12,2022,0.7068,"Non Basis",1.42,2.01
kabupaten,13,1312,13,2022,0.1236,"Non Basis",0.05,0.44
kabupaten,13,1312,14,2022,0.5972,"Non Basis",3.25,5.44
kabupaten,13,1312,15,2022,0.5757,"Non Basis",2.44,4.24
kabupaten,13,1312,16,2022,0.7993,"Non Basis",1.31,1.64
kabupaten,13,1312,17,2022,0.332,"Non Basis",0.61,1.83
kabupaten,13,1312,1,2023,1.9344,Basis,42.13,21.78
kabupaten,13,1312,2,2023,0.3878,"Non Basis",1.5,3.86
kabupaten,13,1312,3,2023,1.4998,Basis,13.69,9.13
kabupaten,13,1312,4,2023,0.1902,"Non Basis",0.02,0.1
kabupaten,13,1312,5,2023,0.1174,"Non Basis",0.01,0.1
kabupaten,13,1312,6,2023,0.6958,"Non Basis",6.4,9.2
kabupaten,13,1312,7,2023,0.7286,"Non Basis",12.2,16.74
kabupaten,13,1312,8,2023,0.4584,"Non Basis",4.83,10.53
kabupaten,13,1312,9,2023,0.4881,"Non Basis",0.56,1.15
kabupaten,13,1312,10,2023,0.871,"Non Basis",7.8,8.96
kabupaten,13,1312,11,2023,0.6068,"Non Basis",1.79,2.95
kabupaten,13,1312,12,2023,0.7101,"Non Basis",1.45,2.04
kabupaten,13,1312,13,2023,0.1241,"Non Basis",0.06,0.45
kabupaten,13,1312,14,2023,0.602,"Non Basis",3.2,5.32
kabupaten,13,1312,15,2023,0.579,"Non Basis",2.39,4.13
kabupaten,13,1312,16,2023,0.7997,"Non Basis",1.34,1.68
kabupaten,13,1312,17,2023,0.3335,"Non Basis",0.63,1.89
kabupaten,13,1312,1,2024,1.9661,Basis,41.87,21.3
kabupaten,13,1312,2,2024,0.3924,"Non Basis",1.51,3.84
kabupaten,13,1312,3,2024,1.5033,Basis,13.49,8.97
kabupaten,13,1312,4,2024,0.1911,"Non Basis",0.02,0.1
kabupaten,13,1312,5,2024,0.1155,"Non Basis",0.01,0.1
kabupaten,13,1312,6,2024,0.698,"Non Basis",6.43,9.22
kabupaten,13,1312,7,2024,0.7338,"Non Basis",12.29,16.75
kabupaten,13,1312,8,2024,0.4591,"Non Basis",4.89,10.66
kabupaten,13,1312,9,2024,0.4976,"Non Basis",0.58,1.16
kabupaten,13,1312,10,2024,0.8683,"Non Basis",7.86,9.05
kabupaten,13,1312,11,2024,0.6061,"Non Basis",1.82,3
kabupaten,13,1312,12,2024,0.7113,"Non Basis",1.47,2.07
kabupaten,13,1312,13,2024,0.1245,"Non Basis",0.06,0.45
kabupaten,13,1312,14,2024,0.593,"Non Basis",3.33,5.62
kabupaten,13,1312,15,2024,0.577,"Non Basis",2.36,4.08
kabupaten,13,1312,16,2024,0.8035,"Non Basis",1.37,1.7
kabupaten,13,1312,17,2024,0.3348,"Non Basis",0.65,1.94
kabupaten,13,1312,1,2025,1.9689,Basis,42.24,21.46
kabupaten,13,1312,2,2025,0.3839,"Non Basis",1.44,3.75
kabupaten,13,1312,3,2025,1.4943,Basis,13.67,9.15
kabupaten,13,1312,4,2025,0.1923,"Non Basis",0.02,0.1
kabupaten,13,1312,5,2025,0.1122,"Non Basis",0.01,0.09
kabupaten,13,1312,6,2025,0.692,"Non Basis",6.09,8.79
kabupaten,13,1312,7,2025,0.7283,"Non Basis",12.24,16.8
kabupaten,13,1312,8,2025,0.4627,"Non Basis",4.77,10.31
kabupaten,13,1312,9,2025,0.4942,"Non Basis",0.57,1.16
kabupaten,13,1312,10,2025,0.8581,"Non Basis",7.91,9.22
kabupaten,13,1312,11,2025,0.5997,"Non Basis",1.87,3.12
kabupaten,13,1312,12,2025,0.6961,"Non Basis",1.48,2.12
kabupaten,13,1312,13,2025,0.1226,"Non Basis",0.06,0.46
kabupaten,13,1312,14,2025,0.5842,"Non Basis",3.24,5.54
kabupaten,13,1312,15,2025,0.5668,"Non Basis",2.34,4.12
kabupaten,13,1312,16,2025,0.7864,"Non Basis",1.4,1.78
kabupaten,13,1312,17,2025,0.328,"Non Basis",0.67,2.04
kabupaten,13,1371,1,2021,0.2137,"Non Basis",4.74,22.18
kabupaten,13,1371,2,2021,0.7405,"Non Basis",2.92,3.95
kabupaten,13,1371,3,2021,1.3234,Basis,12.57,9.5
kabupaten,13,1371,4,2021,0.9461,"Non Basis",0.09,0.1
kabupaten,13,1371,5,2021,1.6549,Basis,0.17,0.1
kabupaten,13,1371,6,2021,1.0344,Basis,9.58,9.26
kabupaten,13,1371,7,2021,1.0544,Basis,17.45,16.55
kabupaten,13,1371,8,2021,1.5674,Basis,16.12,10.28
kabupaten,13,1371,9,2021,0.9206,"Non Basis",0.93,1.01
kabupaten,13,1371,10,2021,1.3004,Basis,11.04,8.49
kabupaten,13,1371,11,2021,1.6512,Basis,4.95,3
kabupaten,13,1371,12,2021,1.5084,Basis,2.99,1.98
kabupaten,13,1371,13,2021,3.2875,Basis,1.4,0.43
kabupaten,13,1371,14,2021,1.0232,Basis,5.75,5.62
kabupaten,13,1371,15,2021,1.2238,Basis,5.15,4.21
kabupaten,13,1371,16,2021,1.1491,Basis,1.88,1.64
kabupaten,13,1371,17,2021,1.3275,Basis,2.26,1.71
kabupaten,13,1371,1,2022,0.2113,"Non Basis",4.65,22.01
kabupaten,13,1371,2,2022,0.7507,"Non Basis",2.89,3.85
kabupaten,13,1371,3,2022,1.3067,Basis,12.11,9.26
kabupaten,13,1371,4,2022,0.9491,"Non Basis",0.09,0.1
kabupaten,13,1371,5,2022,1.6215,Basis,0.16,0.1
kabupaten,13,1371,6,2022,1.0583,Basis,9.62,9.09
kabupaten,13,1371,7,2022,1.0695,Basis,17.91,16.74
kabupaten,13,1371,8,2022,1.5334,Basis,15.98,10.42
kabupaten,13,1371,9,2022,0.9198,"Non Basis",1.03,1.12
kabupaten,13,1371,10,2022,1.3023,Basis,11.34,8.71
kabupaten,13,1371,11,2022,1.6338,Basis,4.91,3
kabupaten,13,1371,12,2022,1.5084,Basis,3.03,2.01
kabupaten,13,1371,13,2022,3.2603,Basis,1.43,0.44
kabupaten,13,1371,14,2022,1.0054,Basis,5.47,5.44
kabupaten,13,1371,15,2022,1.1958,Basis,5.07,4.24
kabupaten,13,1371,16,2022,1.1492,Basis,1.88,1.64
kabupaten,13,1371,17,2022,1.3305,Basis,2.43,1.83
kabupaten,13,1371,1,2023,0.2123,"Non Basis",4.62,21.78
kabupaten,13,1371,2,2023,0.7497,"Non Basis",2.89,3.86
kabupaten,13,1371,3,2023,1.278,Basis,11.67,9.13
kabupaten,13,1371,4,2023,0.954,"Non Basis",0.09,0.1
kabupaten,13,1371,5,2023,1.6365,Basis,0.16,0.1
kabupaten,13,1371,6,2023,1.0675,Basis,9.82,9.2
kabupaten,13,1371,7,2023,1.0741,Basis,17.98,16.74
kabupaten,13,1371,8,2023,1.522,Basis,16.03,10.53
kabupaten,13,1371,9,2023,0.9277,"Non Basis",1.07,1.15
kabupaten,13,1371,10,2023,1.3022,Basis,11.67,8.96
kabupaten,13,1371,11,2023,1.5995,Basis,4.72,2.95
kabupaten,13,1371,12,2023,1.5123,Basis,3.09,2.04
kabupaten,13,1371,13,2023,3.2504,Basis,1.45,0.45
kabupaten,13,1371,14,2023,1.009,Basis,5.37,5.32
kabupaten,13,1371,15,2023,1.1954,Basis,4.94,4.13
kabupaten,13,1371,16,2023,1.1487,Basis,1.93,1.68
kabupaten,13,1371,17,2023,1.3254,Basis,2.5,1.89
kabupaten,13,1371,1,2024,0.213,"Non Basis",4.54,21.3
kabupaten,13,1371,2,2024,0.7501,"Non Basis",2.88,3.84
kabupaten,13,1371,3,2024,1.2643,Basis,11.34,8.97
kabupaten,13,1371,4,2024,0.9537,"Non Basis",0.09,0.1
kabupaten,13,1371,5,2024,1.6257,Basis,0.16,0.1
kabupaten,13,1371,6,2024,1.0628,Basis,9.8,9.22
kabupaten,13,1371,7,2024,1.0714,Basis,17.94,16.75
kabupaten,13,1371,8,2024,1.5175,Basis,16.17,10.66
kabupaten,13,1371,9,2024,0.9139,"Non Basis",1.06,1.16
kabupaten,13,1371,10,2024,1.2972,Basis,11.74,9.05
kabupaten,13,1371,11,2024,1.5882,Basis,4.76,3
kabupaten,13,1371,12,2024,1.5113,Basis,3.13,2.07
kabupaten,13,1371,13,2024,3.2577,Basis,1.46,0.45
kabupaten,13,1371,14,2024,0.9853,"Non Basis",5.53,5.62
kabupaten,13,1371,15,2024,1.1922,Basis,4.87,4.08
kabupaten,13,1371,16,2024,1.142,Basis,1.94,1.7
kabupaten,13,1371,17,2024,1.3254,Basis,2.57,1.94
kabupaten,13,1371,1,2025,0.2102,"Non Basis",4.51,21.46
kabupaten,13,1371,2,2025,0.7571,"Non Basis",2.84,3.75
kabupaten,13,1371,3,2025,1.2562,Basis,11.49,9.15
kabupaten,13,1371,4,2025,0.9532,"Non Basis",0.09,0.1
kabupaten,13,1371,5,2025,1.6097,Basis,0.15,0.09
kabupaten,13,1371,6,2025,1.0581,Basis,9.3,8.79
kabupaten,13,1371,7,2025,1.0724,Basis,18.02,16.8
kabupaten,13,1371,8,2025,1.5272,Basis,15.74,10.31
kabupaten,13,1371,9,2025,0.9034,"Non Basis",1.05,1.16
kabupaten,13,1371,10,2025,1.3014,Basis,12,9.22
kabupaten,13,1371,11,2025,1.5861,Basis,4.95,3.12
kabupaten,13,1371,12,2025,1.5191,Basis,3.22,2.12
kabupaten,13,1371,13,2025,3.2738,Basis,1.5,0.46
kabupaten,13,1371,14,2025,0.9933,"Non Basis",5.5,5.54
kabupaten,13,1371,15,2025,1.1927,Basis,4.92,4.12
kabupaten,13,1371,16,2025,1.1214,Basis,1.99,1.78
kabupaten,13,1371,17,2025,1.3398,Basis,2.73,2.04
kabupaten,13,1372,1,2021,0.2313,"Non Basis",5.13,22.18
kabupaten,13,1372,2,2021,0.1443,"Non Basis",0.57,3.95
kabupaten,13,1372,3,2021,0.5086,"Non Basis",4.83,9.5
kabupaten,13,1372,4,2021,0.5029,"Non Basis",0.05,0.1
kabupaten,13,1372,5,2021,1.8627,Basis,0.19,0.1
kabupaten,13,1372,6,2021,1.3145,Basis,12.17,9.26
kabupaten,13,1372,7,2021,1.5414,Basis,25.5,16.55
kabupaten,13,1372,8,2021,1.5251,Basis,15.68,10.28
kabupaten,13,1372,9,2021,1.9445,Basis,1.96,1.01
kabupaten,13,1372,10,2021,1.0838,Basis,9.2,8.49
kabupaten,13,1372,11,2021,1.4304,Basis,4.29,3
kabupaten,13,1372,12,2021,1.2736,Basis,2.53,1.98
kabupaten,13,1372,13,2021,0.0368,"Non Basis",0.02,0.43
kabupaten,13,1372,14,2021,1.4357,Basis,8.07,5.62
kabupaten,13,1372,15,2021,1.2904,Basis,5.43,4.21
kabupaten,13,1372,16,2021,1.0165,Basis,1.66,1.64
kabupaten,13,1372,17,2021,1.59,Basis,2.71,1.71
kabupaten,13,1372,1,2022,0.2307,"Non Basis",5.08,22.01
kabupaten,13,1372,2,2022,0.1477,"Non Basis",0.57,3.85
kabupaten,13,1372,3,2022,0.5089,"Non Basis",4.71,9.26
kabupaten,13,1372,4,2022,0.5026,"Non Basis",0.05,0.1
kabupaten,13,1372,5,2022,1.8882,Basis,0.19,0.1
kabupaten,13,1372,6,2022,1.3228,Basis,12.03,9.09
kabupaten,13,1372,7,2022,1.5394,Basis,25.77,16.74
kabupaten,13,1372,8,2022,1.4906,Basis,15.53,10.42
kabupaten,13,1372,9,2022,1.9107,Basis,2.13,1.12
kabupaten,13,1372,10,2022,1.0712,Basis,9.33,8.71
kabupaten,13,1372,11,2022,1.4386,Basis,4.32,3
kabupaten,13,1372,12,2022,1.2659,Basis,2.54,2.01
kabupaten,13,1372,13,2022,0.0364,"Non Basis",0.02,0.44
kabupaten,13,1372,14,2022,1.4063,Basis,7.64,5.44
kabupaten,13,1372,15,2022,1.3094,Basis,5.55,4.24
kabupaten,13,1372,16,2022,1.0137,Basis,1.66,1.64
kabupaten,13,1372,17,2022,1.5664,Basis,2.86,1.83
kabupaten,13,1372,1,2023,0.2265,"Non Basis",4.93,21.78
kabupaten,13,1372,2,2023,0.1462,"Non Basis",0.56,3.86
kabupaten,13,1372,3,2023,0.5089,"Non Basis",4.65,9.13
kabupaten,13,1372,4,2023,0.5005,"Non Basis",0.05,0.1
kabupaten,13,1372,5,2023,1.8855,Basis,0.19,0.1
kabupaten,13,1372,6,2023,1.323,Basis,12.17,9.2
kabupaten,13,1372,7,2023,1.5379,Basis,25.75,16.74
kabupaten,13,1372,8,2023,1.4848,Basis,15.64,10.53
kabupaten,13,1372,9,2023,1.9139,Basis,2.2,1.15
kabupaten,13,1372,10,2023,1.0686,Basis,9.57,8.96
kabupaten,13,1372,11,2023,1.4574,Basis,4.3,2.95
kabupaten,13,1372,12,2023,1.2602,Basis,2.57,2.04
kabupaten,13,1372,13,2023,0.0361,"Non Basis",0.02,0.45
kabupaten,13,1372,14,2023,1.3848,Basis,7.37,5.32
kabupaten,13,1372,15,2023,1.3057,Basis,5.39,4.13
kabupaten,13,1372,16,2023,1.0115,Basis,1.7,1.68
kabupaten,13,1372,17,2023,1.5593,Basis,2.94,1.89
kabupaten,13,1372,1,2024,0.2245,"Non Basis",4.78,21.3
kabupaten,13,1372,2,2024,0.1456,"Non Basis",0.56,3.84
kabupaten,13,1372,3,2024,0.5091,"Non Basis",4.57,8.97
kabupaten,13,1372,4,2024,0.4997,"Non Basis",0.05,0.1
kabupaten,13,1372,5,2024,1.8645,Basis,0.18,0.1
kabupaten,13,1372,6,2024,1.3134,Basis,12.11,9.22
kabupaten,13,1372,7,2024,1.5356,Basis,25.72,16.75
kabupaten,13,1372,8,2024,1.4637,Basis,15.6,10.66
kabupaten,13,1372,9,2024,1.9291,Basis,2.24,1.16
kabupaten,13,1372,10,2024,1.0614,Basis,9.61,9.05
kabupaten,13,1372,11,2024,1.4704,Basis,4.41,3
kabupaten,13,1372,12,2024,1.2535,Basis,2.6,2.07
kabupaten,13,1372,13,2024,0.0364,"Non Basis",0.02,0.45
kabupaten,13,1372,14,2024,1.3434,Basis,7.55,5.62
kabupaten,13,1372,15,2024,1.2993,Basis,5.31,4.08
kabupaten,13,1372,16,2024,1.0016,Basis,1.7,1.7
kabupaten,13,1372,17,2024,1.5539,Basis,3.02,1.94
kabupaten,13,1372,1,2025,0.2195,"Non Basis",4.71,21.46
kabupaten,13,1372,2,2025,0.1465,"Non Basis",0.55,3.75
kabupaten,13,1372,3,2025,0.5127,"Non Basis",4.69,9.15
kabupaten,13,1372,4,2025,0.4943,"Non Basis",0.05,0.1
kabupaten,13,1372,5,2025,1.8471,Basis,0.18,0.09
kabupaten,13,1372,6,2025,1.3348,Basis,11.74,8.79
kabupaten,13,1372,7,2025,1.5385,Basis,25.85,16.8
kabupaten,13,1372,8,2025,1.4811,Basis,15.26,10.31
kabupaten,13,1372,9,2025,1.9657,Basis,2.28,1.16
kabupaten,13,1372,10,2025,1.0598,Basis,9.77,9.22
kabupaten,13,1372,11,2025,1.482,Basis,4.62,3.12
kabupaten,13,1372,12,2025,1.2456,Basis,2.64,2.12
kabupaten,13,1372,13,2025,0.0358,"Non Basis",0.02,0.46
kabupaten,13,1372,14,2025,1.3415,Basis,7.43,5.54
kabupaten,13,1372,15,2025,1.2875,Basis,5.31,4.12
kabupaten,13,1372,16,2025,0.9883,"Non Basis",1.76,1.78
kabupaten,13,1372,17,2025,1.546,Basis,3.15,2.04
kabupaten,13,1373,1,2021,0.3745,"Non Basis",8.31,22.18
kabupaten,13,1373,2,2021,1.3202,Basis,5.21,3.95
kabupaten,13,1373,3,2021,1.1857,Basis,11.27,9.5
kabupaten,13,1373,4,2021,20.1633,Basis,2.02,0.1
kabupaten,13,1373,5,2021,3.7795,Basis,0.38,0.1
kabupaten,13,1373,6,2021,1.1279,Basis,10.44,9.26
kabupaten,13,1373,7,2021,0.9792,"Non Basis",16.2,16.55
kabupaten,13,1373,8,2021,0.8381,"Non Basis",8.62,10.28
kabupaten,13,1373,9,2021,1.7577,Basis,1.77,1.01
kabupaten,13,1373,10,2021,1.1682,Basis,9.92,8.49
kabupaten,13,1373,11,2021,1.1194,Basis,3.35,3
kabupaten,13,1373,12,2021,0.8856,"Non Basis",1.76,1.98
kabupaten,13,1373,13,2021,0.3038,"Non Basis",0.13,0.43
kabupaten,13,1373,14,2021,2.0813,Basis,11.7,5.62
kabupaten,13,1373,15,2021,0.7415,"Non Basis",3.12,4.21
kabupaten,13,1373,16,2021,0.7666,"Non Basis",1.25,1.64
kabupaten,13,1373,17,2021,2.6633,Basis,4.54,1.71
kabupaten,13,1373,1,2022,0.381,"Non Basis",8.39,22.01
kabupaten,13,1373,2,2022,1.2606,Basis,4.86,3.85
kabupaten,13,1373,3,2022,1.1998,Basis,11.11,9.26
kabupaten,13,1373,4,2022,20.002,Basis,1.98,0.1
kabupaten,13,1373,5,2022,3.6241,Basis,0.37,0.1
kabupaten,13,1373,6,2022,1.1398,Basis,10.36,9.09
kabupaten,13,1373,7,2022,0.9781,"Non Basis",16.38,16.74
kabupaten,13,1373,8,2022,0.8238,"Non Basis",8.58,10.42
kabupaten,13,1373,9,2022,1.701,Basis,1.9,1.12
kabupaten,13,1373,10,2022,1.1591,Basis,10.09,8.71
kabupaten,13,1373,11,2022,1.1346,Basis,3.41,3
kabupaten,13,1373,12,2022,0.8903,"Non Basis",1.79,2.01
kabupaten,13,1373,13,2022,0.2982,"Non Basis",0.13,0.44
kabupaten,13,1373,14,2022,2.1136,Basis,11.49,5.44
kabupaten,13,1373,15,2022,0.7364,"Non Basis",3.12,4.24
kabupaten,13,1373,16,2022,0.7691,"Non Basis",1.26,1.64
kabupaten,13,1373,17,2022,2.6123,Basis,4.78,1.83
kabupaten,13,1373,1,2023,0.3777,"Non Basis",8.23,21.78
kabupaten,13,1373,2,2023,1.196,Basis,4.61,3.86
kabupaten,13,1373,3,2023,1.2248,Basis,11.18,9.13
kabupaten,13,1373,4,2023,19.99,Basis,1.97,0.1
kabupaten,13,1373,5,2023,3.6809,Basis,0.36,0.1
kabupaten,13,1373,6,2023,1.1413,Basis,10.5,9.2
kabupaten,13,1373,7,2023,0.9821,"Non Basis",16.44,16.74
kabupaten,13,1373,8,2023,0.8238,"Non Basis",8.68,10.53
kabupaten,13,1373,9,2023,1.6753,Basis,1.92,1.15
kabupaten,13,1373,10,2023,1.1615,Basis,10.41,8.96
kabupaten,13,1373,11,2023,1.1458,Basis,3.38,2.95
kabupaten,13,1373,12,2023,0.8913,"Non Basis",1.82,2.04
kabupaten,13,1373,13,2023,0.294,"Non Basis",0.13,0.45
kabupaten,13,1373,14,2023,2.0889,Basis,11.11,5.32
kabupaten,13,1373,15,2023,0.7383,"Non Basis",3.05,4.13
kabupaten,13,1373,16,2023,0.7693,"Non Basis",1.29,1.68
kabupaten,13,1373,17,2023,2.6023,Basis,4.91,1.89
kabupaten,13,1373,1,2024,0.377,"Non Basis",8.03,21.3
kabupaten,13,1373,2,2024,1.0834,Basis,4.16,3.84
kabupaten,13,1373,3,2024,1.2353,Basis,11.08,8.97
kabupaten,13,1373,4,2024,20.0147,Basis,1.98,0.1
kabupaten,13,1373,5,2024,3.6517,Basis,0.36,0.1
kabupaten,13,1373,6,2024,1.1344,Basis,10.46,9.22
kabupaten,13,1373,7,2024,0.9916,"Non Basis",16.61,16.75
kabupaten,13,1373,8,2024,0.8251,"Non Basis",8.79,10.66
kabupaten,13,1373,9,2024,1.6982,Basis,1.97,1.16
kabupaten,13,1373,10,2024,1.1563,Basis,10.47,9.05
kabupaten,13,1373,11,2024,1.1336,Basis,3.4,3
kabupaten,13,1373,12,2024,0.8866,"Non Basis",1.84,2.07
kabupaten,13,1373,13,2024,0.2963,"Non Basis",0.13,0.45
kabupaten,13,1373,14,2024,2.0068,Basis,11.27,5.62
kabupaten,13,1373,15,2024,0.7386,"Non Basis",3.02,4.08
kabupaten,13,1373,16,2024,0.7678,"Non Basis",1.31,1.7
kabupaten,13,1373,17,2024,2.6485,Basis,5.14,1.94
kabupaten,13,1373,1,2025,0.3696,"Non Basis",7.93,21.46
kabupaten,13,1373,2,2025,1.1069,Basis,4.15,3.75
kabupaten,13,1373,3,2025,1.2418,Basis,11.36,9.15
kabupaten,13,1373,4,2025,19.8553,Basis,1.91,0.1
kabupaten,13,1373,5,2025,3.674,Basis,0.35,0.09
kabupaten,13,1373,6,2025,1.1348,Basis,9.98,8.79
kabupaten,13,1373,7,2025,0.9982,"Non Basis",16.77,16.8
kabupaten,13,1373,8,2025,0.839,"Non Basis",8.65,10.31
kabupaten,13,1373,9,2025,1.7064,Basis,1.98,1.16
kabupaten,13,1373,10,2025,1.1526,Basis,10.63,9.22
kabupaten,13,1373,11,2025,1.1279,Basis,3.52,3.12
kabupaten,13,1373,12,2025,0.8816,"Non Basis",1.87,2.12
kabupaten,13,1373,13,2025,0.296,"Non Basis",0.14,0.46
kabupaten,13,1373,14,2025,2.0084,Basis,11.13,5.54
kabupaten,13,1373,15,2025,0.7376,"Non Basis",3.04,4.12
kabupaten,13,1373,16,2025,0.7065,"Non Basis",1.26,1.78
kabupaten,13,1373,17,2025,2.6259,Basis,5.35,2.04
kabupaten,13,1374,1,2021,0.2225,"Non Basis",4.94,22.18
kabupaten,13,1374,2,2021,0.0588,"Non Basis",0.23,3.95
kabupaten,13,1374,3,2021,0.9655,"Non Basis",9.17,9.5
kabupaten,13,1374,4,2021,0.5878,"Non Basis",0.06,0.1
kabupaten,13,1374,5,2021,2.5694,Basis,0.26,0.1
kabupaten,13,1374,6,2021,0.9791,"Non Basis",9.06,9.26
kabupaten,13,1374,7,2021,1.1083,Basis,18.34,16.55
kabupaten,13,1374,8,2021,1.2423,Basis,12.78,10.28
kabupaten,13,1374,9,2021,2.1337,Basis,2.15,1.01
kabupaten,13,1374,10,2021,1.4391,Basis,12.22,8.49
kabupaten,13,1374,11,2021,1.3481,Basis,4.04,3
kabupaten,13,1374,12,2021,1.7354,Basis,3.44,1.98
kabupaten,13,1374,13,2021,0.1776,"Non Basis",0.08,0.43
kabupaten,13,1374,14,2021,1.5553,Basis,8.75,5.62
kabupaten,13,1374,15,2021,2.1164,Basis,8.91,4.21
kabupaten,13,1374,16,2021,0.9306,"Non Basis",1.52,1.64
kabupaten,13,1374,17,2021,2.379,Basis,4.06,1.71
kabupaten,13,1374,1,2022,0.2265,"Non Basis",4.99,22.01
kabupaten,13,1374,2,2022,0.0589,"Non Basis",0.23,3.85
kabupaten,13,1374,3,2022,0.9714,"Non Basis",9,9.26
kabupaten,13,1374,4,2022,0.5877,"Non Basis",0.06,0.1
kabupaten,13,1374,5,2022,2.5763,Basis,0.26,0.1
kabupaten,13,1374,6,2022,0.9782,"Non Basis",8.9,9.09
kabupaten,13,1374,7,2022,1.1047,Basis,18.5,16.74
kabupaten,13,1374,8,2022,1.2121,Basis,12.63,10.42
kabupaten,13,1374,9,2022,2.0351,Basis,2.27,1.12
kabupaten,13,1374,10,2022,1.4321,Basis,12.47,8.71
kabupaten,13,1374,11,2022,1.3476,Basis,4.05,3
kabupaten,13,1374,12,2022,1.7291,Basis,3.48,2.01
kabupaten,13,1374,13,2022,0.1763,"Non Basis",0.08,0.44
kabupaten,13,1374,14,2022,1.5249,Basis,8.29,5.44
kabupaten,13,1374,15,2022,2.1174,Basis,8.98,4.24
kabupaten,13,1374,16,2022,0.9295,"Non Basis",1.52,1.64
kabupaten,13,1374,17,2022,2.3601,Basis,4.31,1.83
kabupaten,13,1374,1,2023,0.2224,"Non Basis",4.84,21.78
kabupaten,13,1374,2,2023,0.0586,"Non Basis",0.23,3.86
kabupaten,13,1374,3,2023,0.9854,"Non Basis",8.99,9.13
kabupaten,13,1374,4,2023,0.5842,"Non Basis",0.06,0.1
kabupaten,13,1374,5,2023,2.5722,Basis,0.25,0.1
kabupaten,13,1374,6,2023,0.9814,"Non Basis",9.03,9.2
kabupaten,13,1374,7,2023,1.099,Basis,18.4,16.74
kabupaten,13,1374,8,2023,1.2078,Basis,12.72,10.53
kabupaten,13,1374,9,2023,2.0086,Basis,2.31,1.15
kabupaten,13,1374,10,2023,1.4274,Basis,12.79,8.96
kabupaten,13,1374,11,2023,1.3551,Basis,4,2.95
kabupaten,13,1374,12,2023,1.7228,Basis,3.52,2.04
kabupaten,13,1374,13,2023,0.1754,"Non Basis",0.08,0.45
kabupaten,13,1374,14,2023,1.5149,Basis,8.06,5.32
kabupaten,13,1374,15,2023,2.1106,Basis,8.71,4.13
kabupaten,13,1374,16,2023,0.9287,"Non Basis",1.56,1.68
kabupaten,13,1374,17,2023,2.3566,Basis,4.45,1.89
kabupaten,13,1374,1,2024,0.2179,"Non Basis",4.64,21.3
kabupaten,13,1374,2,2024,0.0578,"Non Basis",0.22,3.84
kabupaten,13,1374,3,2024,0.9788,"Non Basis",8.78,8.97
kabupaten,13,1374,4,2024,0.579,"Non Basis",0.06,0.1
kabupaten,13,1374,5,2024,2.5883,Basis,0.25,0.1
kabupaten,13,1374,6,2024,0.9818,"Non Basis",9.05,9.22
kabupaten,13,1374,7,2024,1.0929,Basis,18.3,16.75
kabupaten,13,1374,8,2024,1.1834,Basis,12.61,10.66
kabupaten,13,1374,9,2024,2.0455,Basis,2.37,1.16
kabupaten,13,1374,10,2024,1.4277,Basis,12.92,9.05
kabupaten,13,1374,11,2024,1.3628,Basis,4.08,3
kabupaten,13,1374,12,2024,1.7193,Basis,3.56,2.07
kabupaten,13,1374,13,2024,0.1747,"Non Basis",0.08,0.45
kabupaten,13,1374,14,2024,1.4849,Basis,8.34,5.62
kabupaten,13,1374,15,2024,2.0965,Basis,8.56,4.08
kabupaten,13,1374,16,2024,0.9185,"Non Basis",1.56,1.7
kabupaten,13,1374,17,2024,2.3674,Basis,4.59,1.94
kabupaten,13,1374,1,2025,0.217,"Non Basis",4.66,21.46
kabupaten,13,1374,2,2025,0.0579,"Non Basis",0.22,3.75
kabupaten,13,1374,3,2025,0.9816,"Non Basis",8.98,9.15
kabupaten,13,1374,4,2025,0.5694,"Non Basis",0.05,0.1
kabupaten,13,1374,5,2025,2.5285,Basis,0.24,0.09
kabupaten,13,1374,6,2025,0.9871,"Non Basis",8.68,8.79
kabupaten,13,1374,7,2025,1.0962,Basis,18.42,16.8
kabupaten,13,1374,8,2025,1.1975,Basis,12.34,10.31
kabupaten,13,1374,9,2025,2.074,Basis,2.4,1.16
kabupaten,13,1374,10,2025,1.4215,Basis,13.11,9.22
kabupaten,13,1374,11,2025,1.3534,Basis,4.22,3.12
kabupaten,13,1374,12,2025,1.7133,Basis,3.63,2.12
kabupaten,13,1374,13,2025,0.1741,"Non Basis",0.08,0.46
kabupaten,13,1374,14,2025,1.4491,Basis,8.03,5.54
kabupaten,13,1374,15,2025,2.0698,Basis,8.53,4.12
kabupaten,13,1374,16,2025,0.8812,"Non Basis",1.57,1.78
kabupaten,13,1374,17,2025,2.3767,Basis,4.84,2.04
kabupaten,13,1375,1,2021,0.0519,"Non Basis",1.15,22.18
kabupaten,13,1375,2,2021,0.0005,"Non Basis",0,3.95
kabupaten,13,1375,3,2021,0.6121,"Non Basis",5.82,9.5
kabupaten,13,1375,4,2021,6.7046,Basis,0.67,0.1
kabupaten,13,1375,5,2021,1.41,Basis,0.14,0.1
kabupaten,13,1375,6,2021,0.6967,"Non Basis",6.45,9.26
kabupaten,13,1375,7,2021,2.0288,Basis,33.57,16.55
kabupaten,13,1375,8,2021,1.0669,Basis,10.97,10.28
kabupaten,13,1375,9,2021,3.6975,Basis,3.72,1.01
kabupaten,13,1375,10,2021,1.1206,Basis,9.52,8.49
kabupaten,13,1375,11,2021,1.8988,Basis,5.69,3
kabupaten,13,1375,12,2021,1.6342,Basis,3.24,1.98
kabupaten,13,1375,13,2021,1.4896,Basis,0.63,0.43
kabupaten,13,1375,14,2021,0.9591,"Non Basis",5.39,5.62
kabupaten,13,1375,15,2021,1.3368,Basis,5.63,4.21
kabupaten,13,1375,16,2021,2.3689,Basis,3.88,1.64
kabupaten,13,1375,17,2021,2.0664,Basis,3.52,1.71
kabupaten,13,1375,1,2022,0.0513,"Non Basis",1.13,22.01
kabupaten,13,1375,2,2022,0.0005,"Non Basis",0,3.85
kabupaten,13,1375,3,2022,0.6197,"Non Basis",5.74,9.26
kabupaten,13,1375,4,2022,6.7121,Basis,0.67,0.1
kabupaten,13,1375,5,2022,1.3513,Basis,0.14,0.1
kabupaten,13,1375,6,2022,0.6907,"Non Basis",6.28,9.09
kabupaten,13,1375,7,2022,2.0098,Basis,33.65,16.74
kabupaten,13,1375,8,2022,1.0363,Basis,10.8,10.42
kabupaten,13,1375,9,2022,3.6205,Basis,4.04,1.12
kabupaten,13,1375,10,2022,1.1107,Basis,9.67,8.71
kabupaten,13,1375,11,2022,1.885,Basis,5.66,3
kabupaten,13,1375,12,2022,1.6162,Basis,3.25,2.01
kabupaten,13,1375,13,2022,1.48,Basis,0.65,0.44
kabupaten,13,1375,14,2022,0.9419,"Non Basis",5.12,5.44
kabupaten,13,1375,15,2022,1.3108,Basis,5.56,4.24
kabupaten,13,1375,16,2022,2.3519,Basis,3.86,1.64
kabupaten,13,1375,17,2022,2.0732,Basis,3.79,1.83
kabupaten,13,1375,1,2023,0.0497,"Non Basis",1.08,21.78
kabupaten,13,1375,2,2023,0.0005,"Non Basis",0,3.86
kabupaten,13,1375,3,2023,0.6381,"Non Basis",5.82,9.13
kabupaten,13,1375,4,2023,6.6685,Basis,0.66,0.1
kabupaten,13,1375,5,2023,1.3527,Basis,0.13,0.1
kabupaten,13,1375,6,2023,0.6901,"Non Basis",6.35,9.2
kabupaten,13,1375,7,2023,2.0017,Basis,33.51,16.74
kabupaten,13,1375,8,2023,1.0343,Basis,10.9,10.53
kabupaten,13,1375,9,2023,3.5293,Basis,4.05,1.15
kabupaten,13,1375,10,2023,1.0993,Basis,9.85,8.96
kabupaten,13,1375,11,2023,1.8782,Basis,5.54,2.95
kabupaten,13,1375,12,2023,1.6051,Basis,3.28,2.04
kabupaten,13,1375,13,2023,1.4765,Basis,0.66,0.45
kabupaten,13,1375,14,2023,0.9318,"Non Basis",4.96,5.32
kabupaten,13,1375,15,2023,1.3046,Basis,5.39,4.13
kabupaten,13,1375,16,2023,2.3381,Basis,3.93,1.68
kabupaten,13,1375,17,2023,2.059,Basis,3.89,1.89
kabupaten,13,1375,1,2024,0.049,"Non Basis",1.04,21.3
kabupaten,13,1375,2,2024,0.0004,"Non Basis",0,3.84
kabupaten,13,1375,3,2024,0.6395,"Non Basis",5.74,8.97
kabupaten,13,1375,4,2024,6.6689,Basis,0.66,0.1
kabupaten,13,1375,5,2024,1.3673,Basis,0.13,0.1
kabupaten,13,1375,6,2024,0.683,"Non Basis",6.3,9.22
kabupaten,13,1375,7,2024,1.9981,Basis,33.47,16.75
kabupaten,13,1375,8,2024,1.0271,Basis,10.94,10.66
kabupaten,13,1375,9,2024,3.415,Basis,3.96,1.16
kabupaten,13,1375,10,2024,1.0846,Basis,9.82,9.05
kabupaten,13,1375,11,2024,1.8845,Basis,5.65,3
kabupaten,13,1375,12,2024,1.5995,Basis,3.31,2.07
kabupaten,13,1375,13,2024,1.4777,Basis,0.66,0.45
kabupaten,13,1375,14,2024,0.9112,"Non Basis",5.12,5.62
kabupaten,13,1375,15,2024,1.2986,Basis,5.3,4.08
kabupaten,13,1375,16,2024,2.3321,Basis,3.97,1.7
kabupaten,13,1375,17,2024,2.0239,Basis,3.93,1.94
kabupaten,13,1375,1,2025,0.0474,"Non Basis",1.02,21.46
kabupaten,13,1375,2,2025,0.0004,"Non Basis",0,3.75
kabupaten,13,1375,3,2025,0.6331,"Non Basis",5.79,9.15
kabupaten,13,1375,4,2025,6.6325,Basis,0.64,0.1
kabupaten,13,1375,5,2025,1.3313,Basis,0.13,0.09
kabupaten,13,1375,6,2025,0.6827,"Non Basis",6,8.79
kabupaten,13,1375,7,2025,1.9912,Basis,33.46,16.8
kabupaten,13,1375,8,2025,1.0391,Basis,10.71,10.31
kabupaten,13,1375,9,2025,3.3811,Basis,3.91,1.16
kabupaten,13,1375,10,2025,1.0808,Basis,9.96,9.22
kabupaten,13,1375,11,2025,1.8559,Basis,5.79,3.12
kabupaten,13,1375,12,2025,1.5737,Basis,3.34,2.12
kabupaten,13,1375,13,2025,1.4521,Basis,0.66,0.46
kabupaten,13,1375,14,2025,0.9115,"Non Basis",5.05,5.54
kabupaten,13,1375,15,2025,1.2982,Basis,5.35,4.12
kabupaten,13,1375,16,2025,2.3075,Basis,4.1,1.78
kabupaten,13,1375,17,2025,2.0032,Basis,4.08,2.04
kabupaten,13,1376,1,2021,0.2742,"Non Basis",6.08,22.18
kabupaten,13,1376,2,2021,0.1264,"Non Basis",0.5,3.95
kabupaten,13,1376,3,2021,0.5567,"Non Basis",5.29,9.5
kabupaten,13,1376,4,2021,0.5806,"Non Basis",0.06,0.1
kabupaten,13,1376,5,2021,3.0911,Basis,0.31,0.1
kabupaten,13,1376,6,2021,1.3409,Basis,12.41,9.26
kabupaten,13,1376,7,2021,1.4417,Basis,23.86,16.55
kabupaten,13,1376,8,2021,1.2374,Basis,12.73,10.28
kabupaten,13,1376,9,2021,2.5652,Basis,2.58,1.01
kabupaten,13,1376,10,2021,1.3067,Basis,11.1,8.49
kabupaten,13,1376,11,2021,1.9949,Basis,5.98,3
kabupaten,13,1376,12,2021,1.3808,Basis,2.74,1.98
kabupaten,13,1376,13,2021,0.5903,"Non Basis",0.25,0.43
kabupaten,13,1376,14,2021,1.1782,Basis,6.63,5.62
kabupaten,13,1376,15,2021,1.0664,Basis,4.49,4.21
kabupaten,13,1376,16,2021,1.0853,Basis,1.78,1.64
kabupaten,13,1376,17,2021,1.8921,Basis,3.23,1.71
kabupaten,13,1376,1,2022,0.2711,"Non Basis",5.97,22.01
kabupaten,13,1376,2,2022,0.1295,"Non Basis",0.5,3.85
kabupaten,13,1376,3,2022,0.558,"Non Basis",5.17,9.26
kabupaten,13,1376,4,2022,0.5785,"Non Basis",0.06,0.1
kabupaten,13,1376,5,2022,3.1546,Basis,0.32,0.1
kabupaten,13,1376,6,2022,1.3501,Basis,12.28,9.09
kabupaten,13,1376,7,2022,1.439,Basis,24.09,16.74
kabupaten,13,1376,8,2022,1.2063,Basis,12.57,10.42
kabupaten,13,1376,9,2022,2.5465,Basis,2.84,1.12
kabupaten,13,1376,10,2022,1.3022,Basis,11.34,8.71
kabupaten,13,1376,11,2022,1.982,Basis,5.95,3
kabupaten,13,1376,12,2022,1.3703,Basis,2.75,2.01
kabupaten,13,1376,13,2022,0.586,"Non Basis",0.26,0.44
kabupaten,13,1376,14,2022,1.1538,Basis,6.27,5.44
kabupaten,13,1376,15,2022,1.0666,Basis,4.52,4.24
kabupaten,13,1376,16,2022,1.0824,Basis,1.77,1.64
kabupaten,13,1376,17,2022,1.8252,Basis,3.34,1.83
kabupaten,13,1376,1,2023,0.264,"Non Basis",5.75,21.78
kabupaten,13,1376,2,2023,0.1272,"Non Basis",0.49,3.86
kabupaten,13,1376,3,2023,0.5556,"Non Basis",5.07,9.13
kabupaten,13,1376,4,2023,0.5753,"Non Basis",0.06,0.1
kabupaten,13,1376,5,2023,3.1802,Basis,0.31,0.1
kabupaten,13,1376,6,2023,1.349,Basis,12.41,9.2
kabupaten,13,1376,7,2023,1.4387,Basis,24.09,16.74
kabupaten,13,1376,8,2023,1.2033,Basis,12.68,10.53
kabupaten,13,1376,9,2023,2.5271,Basis,2.9,1.15
kabupaten,13,1376,10,2023,1.2945,Basis,11.6,8.96
kabupaten,13,1376,11,2023,1.989,Basis,5.87,2.95
kabupaten,13,1376,12,2023,1.3645,Basis,2.79,2.04
kabupaten,13,1376,13,2023,0.5836,"Non Basis",0.26,0.45
kabupaten,13,1376,14,2023,1.1476,Basis,6.1,5.32
kabupaten,13,1376,15,2023,1.064,Basis,4.39,4.13
kabupaten,13,1376,16,2023,1.0771,Basis,1.81,1.68
kabupaten,13,1376,17,2023,1.8116,Basis,3.42,1.89
kabupaten,13,1376,1,2024,0.2582,"Non Basis",5.5,21.3
kabupaten,13,1376,2,2024,0.1245,"Non Basis",0.48,3.84
kabupaten,13,1376,3,2024,0.5569,"Non Basis",5,8.97
kabupaten,13,1376,4,2024,0.5754,"Non Basis",0.06,0.1
kabupaten,13,1376,5,2024,3.1263,Basis,0.31,0.1
kabupaten,13,1376,6,2024,1.3355,Basis,12.31,9.22
kabupaten,13,1376,7,2024,1.4376,Basis,24.08,16.75
kabupaten,13,1376,8,2024,1.1849,Basis,12.63,10.66
kabupaten,13,1376,9,2024,2.556,Basis,2.96,1.16
kabupaten,13,1376,10,2024,1.2844,Basis,11.63,9.05
kabupaten,13,1376,11,2024,2.0046,Basis,6.01,3
kabupaten,13,1376,12,2024,1.359,Basis,2.82,2.07
kabupaten,13,1376,13,2024,0.5829,"Non Basis",0.26,0.45
kabupaten,13,1376,14,2024,1.1258,Basis,6.32,5.62
kabupaten,13,1376,15,2024,1.061,Basis,4.33,4.08
kabupaten,13,1376,16,2024,1.0733,Basis,1.83,1.7
kabupaten,13,1376,17,2024,1.799,Basis,3.49,1.94
kabupaten,13,1376,1,2025,0.2511,"Non Basis",5.39,21.46
kabupaten,13,1376,2,2025,0.1235,"Non Basis",0.46,3.75
kabupaten,13,1376,3,2025,0.569,"Non Basis",5.2,9.15
kabupaten,13,1376,4,2025,0.5696,"Non Basis",0.05,0.1
kabupaten,13,1376,5,2025,3.1324,Basis,0.3,0.09
kabupaten,13,1376,6,2025,1.3562,Basis,11.93,8.79
kabupaten,13,1376,7,2025,1.4388,Basis,24.18,16.8
kabupaten,13,1376,8,2025,1.1863,Basis,12.23,10.31
kabupaten,13,1376,9,2025,2.5829,Basis,2.99,1.16
kabupaten,13,1376,10,2025,1.2833,Basis,11.83,9.22
kabupaten,13,1376,11,2025,1.9991,Basis,6.23,3.12
kabupaten,13,1376,12,2025,1.3571,Basis,2.88,2.12
kabupaten,13,1376,13,2025,0.5776,"Non Basis",0.26,0.46
kabupaten,13,1376,14,2025,1.1164,Basis,6.19,5.54
kabupaten,13,1376,15,2025,1.0541,Basis,4.35,4.12
kabupaten,13,1376,16,2025,1.0621,Basis,1.89,1.78
kabupaten,13,1376,17,2025,1.7891,Basis,3.64,2.04
kabupaten,13,1377,1,2021,0.7643,"Non Basis",16.95,22.18
kabupaten,13,1377,2,2021,0.4431,"Non Basis",1.75,3.95
kabupaten,13,1377,3,2021,0.806,"Non Basis",7.66,9.5
kabupaten,13,1377,4,2021,0.5537,"Non Basis",0.06,0.1
kabupaten,13,1377,5,2021,0.3618,"Non Basis",0.04,0.1
kabupaten,13,1377,6,2021,1.5972,Basis,14.79,9.26
kabupaten,13,1377,7,2021,0.9709,"Non Basis",16.06,16.55
kabupaten,13,1377,8,2021,0.9861,"Non Basis",10.14,10.28
kabupaten,13,1377,9,2021,1.7178,Basis,1.73,1.01
kabupaten,13,1377,10,2021,1.2751,Basis,10.83,8.49
kabupaten,13,1377,11,2021,0.9668,"Non Basis",2.9,3
kabupaten,13,1377,12,2021,1.4369,Basis,2.85,1.98
kabupaten,13,1377,13,2021,0.3318,"Non Basis",0.14,0.43
kabupaten,13,1377,14,2021,0.9963,"Non Basis",5.6,5.62
kabupaten,13,1377,15,2021,0.9966,"Non Basis",4.2,4.21
kabupaten,13,1377,16,2021,0.8242,"Non Basis",1.35,1.64
kabupaten,13,1377,17,2021,1.7377,Basis,2.96,1.71
kabupaten,13,1377,1,2022,0.7512,"Non Basis",16.53,22.01
kabupaten,13,1377,2,2022,0.4486,"Non Basis",1.73,3.85
kabupaten,13,1377,3,2022,0.8149,"Non Basis",7.55,9.26
kabupaten,13,1377,4,2022,0.5557,"Non Basis",0.06,0.1
kabupaten,13,1377,5,2022,0.3688,"Non Basis",0.04,0.1
kabupaten,13,1377,6,2022,1.6002,Basis,14.55,9.09
kabupaten,13,1377,7,2022,0.9673,"Non Basis",16.2,16.74
kabupaten,13,1377,8,2022,0.9828,"Non Basis",10.24,10.42
kabupaten,13,1377,9,2022,1.6402,Basis,1.83,1.12
kabupaten,13,1377,10,2022,1.2714,Basis,11.07,8.71
kabupaten,13,1377,11,2022,0.9698,"Non Basis",2.91,3
kabupaten,13,1377,12,2022,1.441,Basis,2.9,2.01
kabupaten,13,1377,13,2022,0.3305,"Non Basis",0.14,0.44
kabupaten,13,1377,14,2022,0.9825,"Non Basis",5.34,5.44
kabupaten,13,1377,15,2022,1.0241,Basis,4.34,4.24
kabupaten,13,1377,16,2022,0.8355,"Non Basis",1.37,1.64
kabupaten,13,1377,17,2022,1.7513,Basis,3.2,1.83
kabupaten,13,1377,1,2023,0.7598,"Non Basis",16.55,21.78
kabupaten,13,1377,2,2023,0.4389,"Non Basis",1.69,3.86
kabupaten,13,1377,3,2023,0.8155,"Non Basis",7.44,9.13
kabupaten,13,1377,4,2023,0.5614,"Non Basis",0.06,0.1
kabupaten,13,1377,5,2023,0.383,"Non Basis",0.04,0.1
kabupaten,13,1377,6,2023,1.5484,Basis,14.25,9.2
kabupaten,13,1377,7,2023,0.9729,"Non Basis",16.29,16.74
kabupaten,13,1377,8,2023,0.9739,"Non Basis",10.26,10.53
kabupaten,13,1377,9,2023,1.7603,Basis,2.02,1.15
kabupaten,13,1377,10,2023,1.2619,Basis,11.3,8.96
kabupaten,13,1377,11,2023,0.966,"Non Basis",2.85,2.95
kabupaten,13,1377,12,2023,1.4425,Basis,2.95,2.04
kabupaten,13,1377,13,2023,0.3281,"Non Basis",0.15,0.45
kabupaten,13,1377,14,2023,0.9746,"Non Basis",5.18,5.32
kabupaten,13,1377,15,2023,1.029,Basis,4.25,4.13
kabupaten,13,1377,16,2023,0.8381,"Non Basis",1.41,1.68
kabupaten,13,1377,17,2023,1.7579,Basis,3.32,1.89
kabupaten,13,1377,1,2024,0.7686,"Non Basis",16.37,21.3
kabupaten,13,1377,2,2024,0.4356,"Non Basis",1.67,3.84
kabupaten,13,1377,3,2024,0.8128,"Non Basis",7.29,8.97
kabupaten,13,1377,4,2024,0.5526,"Non Basis",0.05,0.1
kabupaten,13,1377,5,2024,0.3672,"Non Basis",0.04,0.1
kabupaten,13,1377,6,2024,1.5477,Basis,14.27,9.22
kabupaten,13,1377,7,2024,0.9631,"Non Basis",16.13,16.75
kabupaten,13,1377,8,2024,0.9569,"Non Basis",10.2,10.66
kabupaten,13,1377,9,2024,1.7694,Basis,2.05,1.16
kabupaten,13,1377,10,2024,1.2793,Basis,11.58,9.05
kabupaten,13,1377,11,2024,0.9687,"Non Basis",2.9,3
kabupaten,13,1377,12,2024,1.4263,Basis,2.96,2.07
kabupaten,13,1377,13,2024,0.324,"Non Basis",0.15,0.45
kabupaten,13,1377,14,2024,0.9499,"Non Basis",5.34,5.62
kabupaten,13,1377,15,2024,1.0256,Basis,4.19,4.08
kabupaten,13,1377,16,2024,0.8257,"Non Basis",1.4,1.7
kabupaten,13,1377,17,2024,1.7612,Basis,3.42,1.94
kabupaten,13,1377,1,2025,0.7481,"Non Basis",16.05,21.46
kabupaten,13,1377,2,2025,0.443,"Non Basis",1.66,3.75
kabupaten,13,1377,3,2025,0.8185,"Non Basis",7.49,9.15
kabupaten,13,1377,4,2025,0.5425,"Non Basis",0.05,0.1
kabupaten,13,1377,5,2025,0.3542,"Non Basis",0.03,0.09
kabupaten,13,1377,6,2025,1.5747,Basis,13.85,8.79
kabupaten,13,1377,7,2025,0.9816,"Non Basis",16.5,16.8
kabupaten,13,1377,8,2025,0.9848,"Non Basis",10.15,10.31
kabupaten,13,1377,9,2025,1.8573,Basis,2.15,1.16
kabupaten,13,1377,10,2025,1.2953,Basis,11.94,9.22
kabupaten,13,1377,11,2025,0.9386,"Non Basis",2.93,3.12
kabupaten,13,1377,12,2025,1.3824,Basis,2.93,2.12
kabupaten,13,1377,13,2025,0.3153,"Non Basis",0.14,0.46
kabupaten,13,1377,14,2025,0.9272,"Non Basis",5.14,5.54
kabupaten,13,1377,15,2025,0.9902,"Non Basis",4.08,4.12
kabupaten,13,1377,16,2025,0.7904,"Non Basis",1.41,1.78
kabupaten,13,1377,17,2025,1.7191,Basis,3.5,2.04
kabupaten,14,1401,1,2021,1.229,Basis,34.15,27.78
kabupaten,14,1401,2,2021,1.295,Basis,19.86,15.34
kabupaten,14,1401,3,2021,0.9712,"Non Basis",31.15,32.07
kabupaten,14,1401,4,2021,0.7582,"Non Basis",0.06,0.08
kabupaten,14,1401,5,2021,0.4255,"Non Basis",0.01,0.01
kabupaten,14,1401,6,2021,0.7877,"Non Basis",6.63,8.42
kabupaten,14,1401,7,2021,0.3435,"Non Basis",3.18,9.25
kabupaten,14,1401,8,2021,0.4715,"Non Basis",0.31,0.66
kabupaten,14,1401,9,2021,0.1885,"Non Basis",0.08,0.43
kabupaten,14,1401,10,2021,0.4388,"Non Basis",0.49,1.13
kabupaten,14,1401,11,2021,0.4945,"Non Basis",0.49,0.99
kabupaten,14,1401,12,2021,1.0639,Basis,1.02,0.96
kabupaten,14,1401,13,2021,0.6682,"Non Basis",0,0
kabupaten,14,1401,14,2021,0.9166,"Non Basis",1.52,1.65
kabupaten,14,1401,15,2021,1.0324,Basis,0.54,0.53
kabupaten,14,1401,16,2021,0.8868,"Non Basis",0.23,0.26
kabupaten,14,1401,17,2021,0.6395,"Non Basis",0.28,0.44
kabupaten,14,1401,1,2022,1.2489,Basis,34.13,27.32
kabupaten,14,1401,2,2022,1.3118,Basis,19.51,14.87
kabupaten,14,1401,3,2022,0.9655,"Non Basis",31.02,32.13
kabupaten,14,1401,4,2022,0.7283,"Non Basis",0.06,0.08
kabupaten,14,1401,5,2022,0.4384,"Non Basis",0.01,0.01
kabupaten,14,1401,6,2022,0.8137,"Non Basis",6.86,8.43
kabupaten,14,1401,7,2022,0.3488,"Non Basis",3.45,9.9
kabupaten,14,1401,8,2022,0.4737,"Non Basis",0.36,0.75
kabupaten,14,1401,9,2022,0.1862,"Non Basis",0.08,0.45
kabupaten,14,1401,10,2022,0.4372,"Non Basis",0.5,1.15
kabupaten,14,1401,11,2022,0.4877,"Non Basis",0.49,1
kabupaten,14,1401,12,2022,1.0652,Basis,1.03,0.96
kabupaten,14,1401,13,2022,0.668,"Non Basis",0,0
kabupaten,14,1401,14,2022,0.8593,"Non Basis",1.44,1.68
kabupaten,14,1401,15,2022,1.0301,Basis,0.54,0.52
kabupaten,14,1401,16,2022,0.8841,"Non Basis",0.23,0.26
kabupaten,14,1401,17,2022,0.6364,"Non Basis",0.3,0.47
kabupaten,14,1401,1,2023,1.277,Basis,34.56,27.07
kabupaten,14,1401,2,2023,1.3121,Basis,19.2,14.63
kabupaten,14,1401,3,2023,0.9581,"Non Basis",30.61,31.95
kabupaten,14,1401,4,2023,0.755,"Non Basis",0.06,0.08
kabupaten,14,1401,5,2023,0.4412,"Non Basis",0.01,0.01
kabupaten,14,1401,6,2023,0.8078,"Non Basis",7.14,8.84
kabupaten,14,1401,7,2023,0.3465,"Non Basis",3.49,10.08
kabupaten,14,1401,8,2023,0.4625,"Non Basis",0.36,0.78
kabupaten,14,1401,9,2023,0.1874,"Non Basis",0.08,0.45
kabupaten,14,1401,10,2023,0.4351,"Non Basis",0.52,1.19
kabupaten,14,1401,11,2023,0.4874,"Non Basis",0.49,1
kabupaten,14,1401,12,2023,1.065,Basis,1.02,0.96
kabupaten,14,1401,13,2023,0.6817,"Non Basis",0,0
kabupaten,14,1401,14,2023,0.8133,"Non Basis",1.38,1.7
kabupaten,14,1401,15,2023,1.0298,Basis,0.54,0.52
kabupaten,14,1401,16,2023,0.8837,"Non Basis",0.23,0.26
kabupaten,14,1401,17,2023,0.6434,"Non Basis",0.31,0.48
kabupaten,14,1401,1,2024,1.2896,Basis,34.47,26.73
kabupaten,14,1401,2,2024,1.3318,Basis,18.89,14.18
kabupaten,14,1401,3,2024,0.9541,"Non Basis",30.54,32.01
kabupaten,14,1401,4,2024,0.754,"Non Basis",0.06,0.08
kabupaten,14,1401,5,2024,0.4478,"Non Basis",0.01,0.01
kabupaten,14,1401,6,2024,0.8093,"Non Basis",7.36,9.09
kabupaten,14,1401,7,2024,0.3461,"Non Basis",3.57,10.33
kabupaten,14,1401,8,2024,0.473,"Non Basis",0.38,0.8
kabupaten,14,1401,9,2024,0.187,"Non Basis",0.09,0.48
kabupaten,14,1401,10,2024,0.4377,"Non Basis",0.54,1.24
kabupaten,14,1401,11,2024,0.4912,"Non Basis",0.48,0.97
kabupaten,14,1401,12,2024,1.0672,Basis,1.03,0.96
kabupaten,14,1401,13,2024,0.6757,"Non Basis",0,0.01
kabupaten,14,1401,14,2024,0.8168,"Non Basis",1.46,1.79
kabupaten,14,1401,15,2024,1.0377,Basis,0.55,0.53
kabupaten,14,1401,16,2024,0.8911,"Non Basis",0.24,0.27
kabupaten,14,1401,17,2024,0.6396,"Non Basis",0.32,0.5
kabupaten,14,1401,1,2025,1.2966,Basis,34.7,26.76
kabupaten,14,1401,2,2025,1.3437,Basis,18.21,13.55
kabupaten,14,1401,3,2025,0.9523,"Non Basis",30.95,32.5
kabupaten,14,1401,4,2025,0.7345,"Non Basis",0.06,0.08
kabupaten,14,1401,5,2025,0.44,"Non Basis",0.01,0.01
kabupaten,14,1401,6,2025,0.8122,"Non Basis",7.4,9.11
kabupaten,14,1401,7,2025,0.3429,"Non Basis",3.56,10.37
kabupaten,14,1401,8,2025,0.481,"Non Basis",0.38,0.79
kabupaten,14,1401,9,2025,0.188,"Non Basis",0.09,0.48
kabupaten,14,1401,10,2025,0.4358,"Non Basis",0.54,1.25
kabupaten,14,1401,11,2025,0.4851,"Non Basis",0.47,0.97
kabupaten,14,1401,12,2025,1.062,Basis,1.02,0.96
kabupaten,14,1401,13,2025,0.6687,"Non Basis",0,0.01
kabupaten,14,1401,14,2025,0.8192,"Non Basis",1.47,1.79
kabupaten,14,1401,15,2025,1.0343,Basis,0.57,0.55
kabupaten,14,1401,16,2025,0.8863,"Non Basis",0.25,0.28
kabupaten,14,1401,17,2025,0.6271,"Non Basis",0.33,0.53
kabupaten,14,1402,1,2021,1.1039,Basis,30.67,27.78
kabupaten,14,1402,2,2021,0.5221,"Non Basis",8.01,15.34
kabupaten,14,1402,3,2021,0.9901,"Non Basis",31.75,32.07
kabupaten,14,1402,4,2021,0.7282,"Non Basis",0.06,0.08
kabupaten,14,1402,5,2021,3.6711,Basis,0.05,0.01
kabupaten,14,1402,6,2021,1.4638,Basis,12.32,8.42
kabupaten,14,1402,7,2021,1.0093,Basis,9.34,9.25
kabupaten,14,1402,8,2021,1.3184,Basis,0.87,0.66
kabupaten,14,1402,9,2021,1.663,Basis,0.71,0.43
kabupaten,14,1402,10,2021,0.7633,"Non Basis",0.86,1.13
kabupaten,14,1402,11,2021,0.8898,"Non Basis",0.88,0.99
kabupaten,14,1402,12,2021,1.2871,Basis,1.23,0.96
kabupaten,14,1402,13,2021,0.6034,"Non Basis",0,0
kabupaten,14,1402,14,2021,0.9975,"Non Basis",1.65,1.65
kabupaten,14,1402,15,2021,1.3782,Basis,0.73,0.53
kabupaten,14,1402,16,2021,0.8773,"Non Basis",0.23,0.26
kabupaten,14,1402,17,2021,1.4658,Basis,0.64,0.44
kabupaten,14,1402,1,2022,1.107,Basis,30.25,27.32
kabupaten,14,1402,2,2022,0.5425,"Non Basis",8.07,14.87
kabupaten,14,1402,3,2022,0.9811,"Non Basis",31.52,32.13
kabupaten,14,1402,4,2022,0.6692,"Non Basis",0.06,0.08
kabupaten,14,1402,5,2022,3.639,Basis,0.05,0.01
kabupaten,14,1402,6,2022,1.4514,Basis,12.24,8.43
kabupaten,14,1402,7,2022,0.9997,"Non Basis",9.9,9.9
kabupaten,14,1402,8,2022,1.287,Basis,0.96,0.75
kabupaten,14,1402,9,2022,1.6576,Basis,0.75,0.45
kabupaten,14,1402,10,2022,0.7585,"Non Basis",0.87,1.15
kabupaten,14,1402,11,2022,0.8886,"Non Basis",0.89,1
kabupaten,14,1402,12,2022,1.2859,Basis,1.24,0.96
kabupaten,14,1402,13,2022,0.5598,"Non Basis",0,0
kabupaten,14,1402,14,2022,0.9362,"Non Basis",1.57,1.68
kabupaten,14,1402,15,2022,1.3778,Basis,0.72,0.52
kabupaten,14,1402,16,2022,0.8763,"Non Basis",0.22,0.26
kabupaten,14,1402,17,2022,1.4592,Basis,0.69,0.47
kabupaten,14,1402,1,2023,1.113,Basis,30.12,27.07
kabupaten,14,1402,2,2023,0.5445,"Non Basis",7.97,14.63
kabupaten,14,1402,3,2023,0.9676,"Non Basis",30.91,31.95
kabupaten,14,1402,4,2023,0.7109,"Non Basis",0.06,0.08
kabupaten,14,1402,5,2023,3.6149,Basis,0.05,0.01
kabupaten,14,1402,6,2023,1.4552,Basis,12.86,8.84
kabupaten,14,1402,7,2023,1.0002,Basis,10.08,10.08
kabupaten,14,1402,8,2023,1.2634,Basis,0.98,0.78
kabupaten,14,1402,9,2023,1.6637,Basis,0.75,0.45
kabupaten,14,1402,10,2023,0.7528,"Non Basis",0.9,1.19
kabupaten,14,1402,11,2023,0.8749,"Non Basis",0.87,1
kabupaten,14,1402,12,2023,1.2854,Basis,1.24,0.96
kabupaten,14,1402,13,2023,0.536,"Non Basis",0,0
kabupaten,14,1402,14,2023,0.9119,"Non Basis",1.55,1.7
kabupaten,14,1402,15,2023,1.393,Basis,0.73,0.52
kabupaten,14,1402,16,2023,0.8647,"Non Basis",0.23,0.26
kabupaten,14,1402,17,2023,1.4631,Basis,0.71,0.48
kabupaten,14,1402,1,2024,1.1155,Basis,29.82,26.73
kabupaten,14,1402,2,2024,0.5548,"Non Basis",7.87,14.18
kabupaten,14,1402,3,2024,0.9523,"Non Basis",30.48,32.01
kabupaten,14,1402,4,2024,0.664,"Non Basis",0.06,0.08
kabupaten,14,1402,5,2024,3.4095,Basis,0.05,0.01
kabupaten,14,1402,6,2024,1.4578,Basis,13.25,9.09
kabupaten,14,1402,7,2024,1.0094,Basis,10.43,10.33
kabupaten,14,1402,8,2024,1.2683,Basis,1.02,0.8
kabupaten,14,1402,9,2024,1.5826,Basis,0.77,0.48
kabupaten,14,1402,10,2024,0.7464,"Non Basis",0.92,1.24
kabupaten,14,1402,11,2024,0.865,"Non Basis",0.84,0.97
kabupaten,14,1402,12,2024,1.2557,Basis,1.21,0.96
kabupaten,14,1402,13,2024,0.5424,"Non Basis",0,0.01
kabupaten,14,1402,14,2024,0.9134,"Non Basis",1.64,1.79
kabupaten,14,1402,15,2024,1.3651,Basis,0.72,0.53
kabupaten,14,1402,16,2024,0.8316,"Non Basis",0.22,0.27
kabupaten,14,1402,17,2024,1.3997,Basis,0.7,0.5
kabupaten,14,1402,1,2025,1.1351,Basis,30.37,26.76
kabupaten,14,1402,2,2025,0.5528,"Non Basis",7.49,13.55
kabupaten,14,1402,3,2025,0.94,"Non Basis",30.55,32.5
kabupaten,14,1402,4,2025,0.6328,"Non Basis",0.05,0.08
kabupaten,14,1402,5,2025,3.3061,Basis,0.05,0.01
kabupaten,14,1402,6,2025,1.3968,Basis,12.73,9.11
kabupaten,14,1402,7,2025,1.0286,Basis,10.67,10.37
kabupaten,14,1402,8,2025,1.2773,Basis,1.01,0.79
kabupaten,14,1402,9,2025,1.5484,Basis,0.74,0.48
kabupaten,14,1402,10,2025,0.7443,"Non Basis",0.93,1.25
kabupaten,14,1402,11,2025,0.8777,"Non Basis",0.85,0.97
kabupaten,14,1402,12,2025,1.2542,Basis,1.2,0.96
kabupaten,14,1402,13,2025,0.5102,"Non Basis",0,0.01
kabupaten,14,1402,14,2025,0.9209,"Non Basis",1.65,1.79
kabupaten,14,1402,15,2025,1.3515,Basis,0.74,0.55
kabupaten,14,1402,16,2025,0.8515,"Non Basis",0.24,0.28
kabupaten,14,1402,17,2025,1.3458,Basis,0.72,0.53
kabupaten,14,1403,1,2021,0.483,"Non Basis",13.42,27.78
kabupaten,14,1403,2,2021,3.4228,Basis,52.5,15.34
kabupaten,14,1403,3,2021,0.641,"Non Basis",20.56,32.07
kabupaten,14,1403,4,2021,0.3716,"Non Basis",0.03,0.08
kabupaten,14,1403,5,2021,1.2624,Basis,0.02,0.01
kabupaten,14,1403,6,2021,0.3937,"Non Basis",3.31,8.42
kabupaten,14,1403,7,2021,0.7007,"Non Basis",6.48,9.25
kabupaten,14,1403,8,2021,0.3831,"Non Basis",0.25,0.66
kabupaten,14,1403,9,2021,0.5996,"Non Basis",0.26,0.43
kabupaten,14,1403,10,2021,0.5478,"Non Basis",0.62,1.13
kabupaten,14,1403,11,2021,0.3515,"Non Basis",0.35,0.99
kabupaten,14,1403,12,2021,0.3876,"Non Basis",0.37,0.96
kabupaten,14,1403,13,2021,0.8923,"Non Basis",0,0
kabupaten,14,1403,14,2021,0.6738,"Non Basis",1.11,1.65
kabupaten,14,1403,15,2021,0.6409,"Non Basis",0.34,0.53
kabupaten,14,1403,16,2021,0.4552,"Non Basis",0.12,0.26
kabupaten,14,1403,17,2021,0.588,"Non Basis",0.26,0.44
kabupaten,14,1403,1,2022,0.4854,"Non Basis",13.26,27.32
kabupaten,14,1403,2,2022,3.4474,Basis,51.26,14.87
kabupaten,14,1403,3,2022,0.6518,"Non Basis",20.94,32.13
kabupaten,14,1403,4,2022,0.3641,"Non Basis",0.03,0.08
kabupaten,14,1403,5,2022,1.2357,Basis,0.02,0.01
kabupaten,14,1403,6,2022,0.4105,"Non Basis",3.46,8.43
kabupaten,14,1403,7,2022,0.7197,"Non Basis",7.13,9.9
kabupaten,14,1403,8,2022,0.3815,"Non Basis",0.29,0.75
kabupaten,14,1403,9,2022,0.6258,"Non Basis",0.28,0.45
kabupaten,14,1403,10,2022,0.5565,"Non Basis",0.64,1.15
kabupaten,14,1403,11,2022,0.3557,"Non Basis",0.35,1
kabupaten,14,1403,12,2022,0.3991,"Non Basis",0.38,0.96
kabupaten,14,1403,13,2022,0.8093,"Non Basis",0,0
kabupaten,14,1403,14,2022,0.7077,"Non Basis",1.19,1.68
kabupaten,14,1403,15,2022,0.6508,"Non Basis",0.34,0.52
kabupaten,14,1403,16,2022,0.4595,"Non Basis",0.12,0.26
kabupaten,14,1403,17,2022,0.6357,"Non Basis",0.3,0.47
kabupaten,14,1403,1,2023,0.4954,"Non Basis",13.41,27.07
kabupaten,14,1403,2,2023,3.4807,Basis,50.92,14.63
kabupaten,14,1403,3,2023,0.6455,"Non Basis",20.62,31.95
kabupaten,14,1403,4,2023,0.3798,"Non Basis",0.03,0.08
kabupaten,14,1403,5,2023,1.3702,Basis,0.02,0.01
kabupaten,14,1403,6,2023,0.4118,"Non Basis",3.64,8.84
kabupaten,14,1403,7,2023,0.7273,"Non Basis",7.33,10.08
kabupaten,14,1403,8,2023,0.3752,"Non Basis",0.29,0.78
kabupaten,14,1403,9,2023,0.6315,"Non Basis",0.29,0.45
kabupaten,14,1403,10,2023,0.5716,"Non Basis",0.68,1.19
kabupaten,14,1403,11,2023,0.3621,"Non Basis",0.36,1
kabupaten,14,1403,12,2023,0.4013,"Non Basis",0.39,0.96
kabupaten,14,1403,13,2023,0.7698,"Non Basis",0,0
kabupaten,14,1403,14,2023,0.7338,"Non Basis",1.24,1.7
kabupaten,14,1403,15,2023,0.6557,"Non Basis",0.34,0.52
kabupaten,14,1403,16,2023,0.4649,"Non Basis",0.12,0.26
kabupaten,14,1403,17,2023,0.6465,"Non Basis",0.31,0.48
kabupaten,14,1403,1,2024,0.5027,"Non Basis",13.44,26.73
kabupaten,14,1403,2,2024,3.5642,Basis,50.55,14.18
kabupaten,14,1403,3,2024,0.6386,"Non Basis",20.44,32.01
kabupaten,14,1403,4,2024,0.4096,"Non Basis",0.03,0.08
kabupaten,14,1403,5,2024,1.3552,Basis,0.02,0.01
kabupaten,14,1403,6,2024,0.4265,"Non Basis",3.88,9.09
kabupaten,14,1403,7,2024,0.713,"Non Basis",7.36,10.33
kabupaten,14,1403,8,2024,0.3818,"Non Basis",0.31,0.8
kabupaten,14,1403,9,2024,0.656,"Non Basis",0.32,0.48
kabupaten,14,1403,10,2024,0.5831,"Non Basis",0.72,1.24
kabupaten,14,1403,11,2024,0.3731,"Non Basis",0.36,0.97
kabupaten,14,1403,12,2024,0.4122,"Non Basis",0.4,0.96
kabupaten,14,1403,13,2024,0.9717,"Non Basis",0.01,0.01
kabupaten,14,1403,14,2024,0.7536,"Non Basis",1.35,1.79
kabupaten,14,1403,15,2024,0.6803,"Non Basis",0.36,0.53
kabupaten,14,1403,16,2024,0.4661,"Non Basis",0.13,0.27
kabupaten,14,1403,17,2024,0.6522,"Non Basis",0.33,0.5
kabupaten,14,1403,1,2025,0.5048,"Non Basis",13.51,26.76
kabupaten,14,1403,2,2025,3.605,Basis,48.85,13.55
kabupaten,14,1403,3,2025,0.6627,"Non Basis",21.54,32.5
kabupaten,14,1403,4,2025,0.3679,"Non Basis",0.03,0.08
kabupaten,14,1403,5,2025,1.29,Basis,0.02,0.01
kabupaten,14,1403,6,2025,0.4504,"Non Basis",4.1,9.11
kabupaten,14,1403,7,2025,0.7228,"Non Basis",7.5,10.37
kabupaten,14,1403,8,2025,0.4017,"Non Basis",0.32,0.79
kabupaten,14,1403,9,2025,0.6805,"Non Basis",0.33,0.48
kabupaten,14,1403,10,2025,0.6214,"Non Basis",0.78,1.25
kabupaten,14,1403,11,2025,0.3878,"Non Basis",0.38,0.97
kabupaten,14,1403,12,2025,0.4337,"Non Basis",0.41,0.96
kabupaten,14,1403,13,2025,0.9039,"Non Basis",0,0.01
kabupaten,14,1403,14,2025,0.7788,"Non Basis",1.4,1.79
kabupaten,14,1403,15,2025,0.7067,"Non Basis",0.39,0.55
kabupaten,14,1403,16,2025,0.4362,"Non Basis",0.12,0.28
kabupaten,14,1403,17,2025,0.6238,"Non Basis",0.33,0.53
kabupaten,14,1404,1,2021,1.6872,Basis,46.88,27.78
kabupaten,14,1404,2,2021,0.0754,"Non Basis",1.16,15.34
kabupaten,14,1404,3,2021,0.8644,"Non Basis",27.72,32.07
kabupaten,14,1404,4,2021,0.6304,"Non Basis",0.05,0.08
kabupaten,14,1404,5,2021,1.1055,Basis,0.02,0.01
kabupaten,14,1404,6,2021,0.5978,"Non Basis",5.03,8.42
kabupaten,14,1404,7,2021,1.422,Basis,13.16,9.25
kabupaten,14,1404,8,2021,1.258,Basis,0.83,0.66
kabupaten,14,1404,9,2021,0.961,"Non Basis",0.41,0.43
kabupaten,14,1404,10,2021,0.6536,"Non Basis",0.74,1.13
kabupaten,14,1404,11,2021,0.5653,"Non Basis",0.56,0.99
kabupaten,14,1404,12,2021,0.8483,"Non Basis",0.81,0.96
kabupaten,14,1404,13,2021,0.5126,"Non Basis",0,0
kabupaten,14,1404,14,2021,0.9703,"Non Basis",1.6,1.65
kabupaten,14,1404,15,2021,0.947,"Non Basis",0.5,0.53
kabupaten,14,1404,16,2021,0.6495,"Non Basis",0.17,0.26
kabupaten,14,1404,17,2021,0.8374,"Non Basis",0.37,0.44
kabupaten,14,1404,1,2022,1.7007,Basis,46.47,27.32
kabupaten,14,1404,2,2022,0.0947,"Non Basis",1.41,14.87
kabupaten,14,1404,3,2022,0.8583,"Non Basis",27.57,32.13
kabupaten,14,1404,4,2022,0.5989,"Non Basis",0.05,0.08
kabupaten,14,1404,5,2022,1.0815,Basis,0.01,0.01
kabupaten,14,1404,6,2022,0.5979,"Non Basis",5.04,8.43
kabupaten,14,1404,7,2022,1.3598,Basis,13.46,9.9
kabupaten,14,1404,8,2022,1.1494,Basis,0.86,0.75
kabupaten,14,1404,9,2022,0.9648,"Non Basis",0.44,0.45
kabupaten,14,1404,10,2022,0.6353,"Non Basis",0.73,1.15
kabupaten,14,1404,11,2022,0.5563,"Non Basis",0.55,1
kabupaten,14,1404,12,2022,0.8338,"Non Basis",0.8,0.96
kabupaten,14,1404,13,2022,0.5219,"Non Basis",0,0
kabupaten,14,1404,14,2022,0.9139,"Non Basis",1.53,1.68
kabupaten,14,1404,15,2022,0.9344,"Non Basis",0.49,0.52
kabupaten,14,1404,16,2022,0.6371,"Non Basis",0.16,0.26
kabupaten,14,1404,17,2022,0.8506,"Non Basis",0.4,0.47
kabupaten,14,1404,1,2023,1.7133,Basis,46.37,27.07
kabupaten,14,1404,2,2023,0.097,"Non Basis",1.42,14.63
kabupaten,14,1404,3,2023,0.8467,"Non Basis",27.05,31.95
kabupaten,14,1404,4,2023,0.6111,"Non Basis",0.05,0.08
kabupaten,14,1404,5,2023,0.95,"Non Basis",0.01,0.01
kabupaten,14,1404,6,2023,0.6377,"Non Basis",5.63,8.84
kabupaten,14,1404,7,2023,1.3275,Basis,13.38,10.08
kabupaten,14,1404,8,2023,1.1555,Basis,0.9,0.78
kabupaten,14,1404,9,2023,1.0476,Basis,0.47,0.45
kabupaten,14,1404,10,2023,0.6171,"Non Basis",0.73,1.19
kabupaten,14,1404,11,2023,0.5512,"Non Basis",0.55,1
kabupaten,14,1404,12,2023,0.8383,"Non Basis",0.81,0.96
kabupaten,14,1404,13,2023,0.5023,"Non Basis",0,0
kabupaten,14,1404,14,2023,0.892,"Non Basis",1.51,1.7
kabupaten,14,1404,15,2023,0.9384,"Non Basis",0.49,0.52
kabupaten,14,1404,16,2023,0.6806,"Non Basis",0.18,0.26
kabupaten,14,1404,17,2023,0.8908,"Non Basis",0.43,0.48
kabupaten,14,1404,1,2024,1.7003,Basis,45.45,26.73
kabupaten,14,1404,2,2024,0.0985,"Non Basis",1.4,14.18
kabupaten,14,1404,3,2024,0.8565,"Non Basis",27.42,32.01
kabupaten,14,1404,4,2024,0.6121,"Non Basis",0.05,0.08
kabupaten,14,1404,5,2024,0.9482,"Non Basis",0.01,0.01
kabupaten,14,1404,6,2024,0.6233,"Non Basis",5.67,9.09
kabupaten,14,1404,7,2024,1.3308,Basis,13.75,10.33
kabupaten,14,1404,8,2024,1.1661,Basis,0.94,0.8
kabupaten,14,1404,9,2024,0.9974,"Non Basis",0.48,0.48
kabupaten,14,1404,10,2024,0.6086,"Non Basis",0.75,1.24
kabupaten,14,1404,11,2024,0.5513,"Non Basis",0.54,0.97
kabupaten,14,1404,12,2024,0.8331,"Non Basis",0.8,0.96
kabupaten,14,1404,13,2024,0.4837,"Non Basis",0,0.01
kabupaten,14,1404,14,2024,0.8977,"Non Basis",1.61,1.79
kabupaten,14,1404,15,2024,0.9243,"Non Basis",0.49,0.53
kabupaten,14,1404,16,2024,0.7619,"Non Basis",0.21,0.27
kabupaten,14,1404,17,2024,0.884,"Non Basis",0.44,0.5
kabupaten,14,1404,1,2025,1.6916,Basis,45.26,26.76
kabupaten,14,1404,2,2025,0.0945,"Non Basis",1.28,13.55
kabupaten,14,1404,3,2025,0.8427,"Non Basis",27.39,32.5
kabupaten,14,1404,4,2025,0.5937,"Non Basis",0.05,0.08
kabupaten,14,1404,5,2025,0.9234,"Non Basis",0.01,0.01
kabupaten,14,1404,6,2025,0.6393,"Non Basis",5.83,9.11
kabupaten,14,1404,7,2025,1.3374,Basis,13.87,10.37
kabupaten,14,1404,8,2025,1.1772,Basis,0.93,0.79
kabupaten,14,1404,9,2025,0.9949,"Non Basis",0.48,0.48
kabupaten,14,1404,10,2025,0.6051,"Non Basis",0.75,1.25
kabupaten,14,1404,11,2025,0.5376,"Non Basis",0.52,0.97
kabupaten,14,1404,12,2025,0.8301,"Non Basis",0.79,0.96
kabupaten,14,1404,13,2025,0.4713,"Non Basis",0,0.01
kabupaten,14,1404,14,2025,0.9086,"Non Basis",1.63,1.79
kabupaten,14,1404,15,2025,0.9117,"Non Basis",0.5,0.55
kabupaten,14,1404,16,2025,0.7426,"Non Basis",0.21,0.28
kabupaten,14,1404,17,2025,0.9099,"Non Basis",0.48,0.53
kabupaten,14,1405,1,2021,1.3527,Basis,37.58,27.78
kabupaten,14,1405,2,2021,0.1061,"Non Basis",1.63,15.34
kabupaten,14,1405,3,2021,1.6317,Basis,52.33,32.07
kabupaten,14,1405,4,2021,0.4232,"Non Basis",0.03,0.08
kabupaten,14,1405,5,2021,0.4715,"Non Basis",0.01,0.01
kabupaten,14,1405,6,2021,0.2578,"Non Basis",2.17,8.42
kabupaten,14,1405,7,2021,0.2665,"Non Basis",2.47,9.25
kabupaten,14,1405,8,2021,0.2827,"Non Basis",0.19,0.66
kabupaten,14,1405,9,2021,0.332,"Non Basis",0.14,0.43
kabupaten,14,1405,10,2021,0.5634,"Non Basis",0.63,1.13
kabupaten,14,1405,11,2021,0.5273,"Non Basis",0.52,0.99
kabupaten,14,1405,12,2021,0.6282,"Non Basis",0.6,0.96
kabupaten,14,1405,13,2021,0.1934,"Non Basis",0,0
kabupaten,14,1405,14,2021,0.6096,"Non Basis",1.01,1.65
kabupaten,14,1405,15,2021,0.5551,"Non Basis",0.29,0.53
kabupaten,14,1405,16,2021,0.5979,"Non Basis",0.16,0.26
kabupaten,14,1405,17,2021,0.5466,"Non Basis",0.24,0.44
kabupaten,14,1405,1,2022,1.3589,Basis,37.13,27.32
kabupaten,14,1405,2,2022,0.1054,"Non Basis",1.57,14.87
kabupaten,14,1405,3,2022,1.634,Basis,52.49,32.13
kabupaten,14,1405,4,2022,0.4138,"Non Basis",0.03,0.08
kabupaten,14,1405,5,2022,0.4727,"Non Basis",0.01,0.01
kabupaten,14,1405,6,2022,0.2643,"Non Basis",2.23,8.43
kabupaten,14,1405,7,2022,0.2699,"Non Basis",2.67,9.9
kabupaten,14,1405,8,2022,0.2839,"Non Basis",0.21,0.75
kabupaten,14,1405,9,2022,0.3401,"Non Basis",0.15,0.45
kabupaten,14,1405,10,2022,0.5578,"Non Basis",0.64,1.15
kabupaten,14,1405,11,2022,0.5228,"Non Basis",0.52,1
kabupaten,14,1405,12,2022,0.6333,"Non Basis",0.61,0.96
kabupaten,14,1405,13,2022,0.1932,"Non Basis",0,0
kabupaten,14,1405,14,2022,0.6065,"Non Basis",1.02,1.68
kabupaten,14,1405,15,2022,0.5531,"Non Basis",0.29,0.52
kabupaten,14,1405,16,2022,0.5921,"Non Basis",0.15,0.26
kabupaten,14,1405,17,2022,0.5679,"Non Basis",0.27,0.47
kabupaten,14,1405,1,2023,1.3514,Basis,36.58,27.07
kabupaten,14,1405,2,2023,0.1047,"Non Basis",1.53,14.63
kabupaten,14,1405,3,2023,1.6572,Basis,52.94,31.95
kabupaten,14,1405,4,2023,0.4379,"Non Basis",0.04,0.08
kabupaten,14,1405,5,2023,0.4816,"Non Basis",0.01,0.01
kabupaten,14,1405,6,2023,0.2627,"Non Basis",2.32,8.84
kabupaten,14,1405,7,2023,0.2697,"Non Basis",2.72,10.08
kabupaten,14,1405,8,2023,0.2742,"Non Basis",0.21,0.78
kabupaten,14,1405,9,2023,0.3388,"Non Basis",0.15,0.45
kabupaten,14,1405,10,2023,0.5467,"Non Basis",0.65,1.19
kabupaten,14,1405,11,2023,0.5191,"Non Basis",0.52,1
kabupaten,14,1405,12,2023,0.629,"Non Basis",0.6,0.96
kabupaten,14,1405,13,2023,0.1904,"Non Basis",0,0
kabupaten,14,1405,14,2023,0.5967,"Non Basis",1.01,1.7
kabupaten,14,1405,15,2023,0.5496,"Non Basis",0.29,0.52
kabupaten,14,1405,16,2023,0.5882,"Non Basis",0.15,0.26
kabupaten,14,1405,17,2023,0.5675,"Non Basis",0.27,0.48
kabupaten,14,1405,1,2024,1.3463,Basis,35.99,26.73
kabupaten,14,1405,2,2024,0.1037,"Non Basis",1.47,14.18
kabupaten,14,1405,3,2024,1.6693,Basis,53.44,32.01
kabupaten,14,1405,4,2024,0.4349,"Non Basis",0.04,0.08
kabupaten,14,1405,5,2024,0.4829,"Non Basis",0.01,0.01
kabupaten,14,1405,6,2024,0.2591,"Non Basis",2.36,9.09
kabupaten,14,1405,7,2024,0.2686,"Non Basis",2.77,10.33
kabupaten,14,1405,8,2024,0.2731,"Non Basis",0.22,0.8
kabupaten,14,1405,9,2024,0.3336,"Non Basis",0.16,0.48
kabupaten,14,1405,10,2024,0.5357,"Non Basis",0.66,1.24
kabupaten,14,1405,11,2024,0.516,"Non Basis",0.5,0.97
kabupaten,14,1405,12,2024,0.6227,"Non Basis",0.6,0.96
kabupaten,14,1405,13,2024,0.1927,"Non Basis",0,0.01
kabupaten,14,1405,14,2024,0.5888,"Non Basis",1.06,1.79
kabupaten,14,1405,15,2024,0.545,"Non Basis",0.29,0.53
kabupaten,14,1405,16,2024,0.5802,"Non Basis",0.16,0.27
kabupaten,14,1405,17,2024,0.5656,"Non Basis",0.28,0.5
kabupaten,14,1405,1,2025,1.3236,Basis,35.42,26.76
kabupaten,14,1405,2,2025,0.1035,"Non Basis",1.4,13.55
kabupaten,14,1405,3,2025,1.6646,Basis,54.1,32.5
kabupaten,14,1405,4,2025,0.4197,"Non Basis",0.04,0.08
kabupaten,14,1405,5,2025,0.4794,"Non Basis",0.01,0.01
kabupaten,14,1405,6,2025,0.2569,"Non Basis",2.34,9.11
kabupaten,14,1405,7,2025,0.2696,"Non Basis",2.8,10.37
kabupaten,14,1405,8,2025,0.2739,"Non Basis",0.22,0.79
kabupaten,14,1405,9,2025,0.3281,"Non Basis",0.16,0.48
kabupaten,14,1405,10,2025,0.5271,"Non Basis",0.66,1.25
kabupaten,14,1405,11,2025,0.5072,"Non Basis",0.49,0.97
kabupaten,14,1405,12,2025,0.6213,"Non Basis",0.59,0.96
kabupaten,14,1405,13,2025,0.1883,"Non Basis",0,0.01
kabupaten,14,1405,14,2025,0.5757,"Non Basis",1.03,1.79
kabupaten,14,1405,15,2025,0.543,"Non Basis",0.3,0.55
kabupaten,14,1405,16,2025,0.5572,"Non Basis",0.16,0.28
kabupaten,14,1405,17,2025,0.5583,"Non Basis",0.3,0.53
kabupaten,14,1406,1,2021,1.9396,Basis,53.89,27.78
kabupaten,14,1406,2,2021,0.2297,"Non Basis",3.52,15.34
kabupaten,14,1406,3,2021,0.8703,"Non Basis",27.91,32.07
kabupaten,14,1406,4,2021,1.0111,Basis,0.08,0.08
kabupaten,14,1406,5,2021,0.477,"Non Basis",0.01,0.01
kabupaten,14,1406,6,2021,0.3449,"Non Basis",2.9,8.42
kabupaten,14,1406,7,2021,0.4898,"Non Basis",4.53,9.25
kabupaten,14,1406,8,2021,0.6977,"Non Basis",0.46,0.66
kabupaten,14,1406,9,2021,0.5394,"Non Basis",0.23,0.43
kabupaten,14,1406,10,2021,1.0902,Basis,1.23,1.13
kabupaten,14,1406,11,2021,0.8918,"Non Basis",0.89,0.99
kabupaten,14,1406,12,2021,0.6582,"Non Basis",0.63,0.96
kabupaten,14,1406,13,2021,0.8006,"Non Basis",0,0
kabupaten,14,1406,14,2021,1.6564,Basis,2.74,1.65
kabupaten,14,1406,15,2021,0.7142,"Non Basis",0.38,0.53
kabupaten,14,1406,16,2021,0.8169,"Non Basis",0.21,0.26
kabupaten,14,1406,17,2021,0.8937,"Non Basis",0.39,0.44
kabupaten,14,1406,1,2022,1.9725,Basis,53.9,27.32
kabupaten,14,1406,2,2022,0.2298,"Non Basis",3.42,14.87
kabupaten,14,1406,3,2022,0.8633,"Non Basis",27.73,32.13
kabupaten,14,1406,4,2022,0.9266,"Non Basis",0.08,0.08
kabupaten,14,1406,5,2022,0.4698,"Non Basis",0.01,0.01
kabupaten,14,1406,6,2022,0.3506,"Non Basis",2.96,8.43
kabupaten,14,1406,7,2022,0.4911,"Non Basis",4.86,9.9
kabupaten,14,1406,8,2022,0.6803,"Non Basis",0.51,0.75
kabupaten,14,1406,9,2022,0.5338,"Non Basis",0.24,0.45
kabupaten,14,1406,10,2022,1.0549,Basis,1.21,1.15
kabupaten,14,1406,11,2022,0.8735,"Non Basis",0.87,1
kabupaten,14,1406,12,2022,0.6495,"Non Basis",0.63,0.96
kabupaten,14,1406,13,2022,0.7942,"Non Basis",0,0
kabupaten,14,1406,14,2022,1.5456,Basis,2.59,1.68
kabupaten,14,1406,15,2022,0.711,"Non Basis",0.37,0.52
kabupaten,14,1406,16,2022,0.8183,"Non Basis",0.21,0.26
kabupaten,14,1406,17,2022,0.8707,"Non Basis",0.41,0.47
kabupaten,14,1406,1,2023,1.9846,Basis,53.72,27.07
kabupaten,14,1406,2,2023,0.2278,"Non Basis",3.33,14.63
kabupaten,14,1406,3,2023,0.8612,"Non Basis",27.51,31.95
kabupaten,14,1406,4,2023,0.9779,"Non Basis",0.08,0.08
kabupaten,14,1406,5,2023,0.4627,"Non Basis",0.01,0.01
kabupaten,14,1406,6,2023,0.3471,"Non Basis",3.07,8.84
kabupaten,14,1406,7,2023,0.5159,"Non Basis",5.2,10.08
kabupaten,14,1406,8,2023,0.6669,"Non Basis",0.52,0.78
kabupaten,14,1406,9,2023,0.5322,"Non Basis",0.24,0.45
kabupaten,14,1406,10,2023,1.0362,Basis,1.23,1.19
kabupaten,14,1406,11,2023,0.8712,"Non Basis",0.87,1
kabupaten,14,1406,12,2023,0.6451,"Non Basis",0.62,0.96
kabupaten,14,1406,13,2023,0.8208,"Non Basis",0,0
kabupaten,14,1406,14,2023,1.5284,Basis,2.59,1.7
kabupaten,14,1406,15,2023,0.7104,"Non Basis",0.37,0.52
kabupaten,14,1406,16,2023,0.8389,"Non Basis",0.22,0.26
kabupaten,14,1406,17,2023,0.871,"Non Basis",0.42,0.48
kabupaten,14,1406,1,2024,1.9893,Basis,53.18,26.73
kabupaten,14,1406,2,2024,0.2344,"Non Basis",3.33,14.18
kabupaten,14,1406,3,2024,0.8554,"Non Basis",27.38,32.01
kabupaten,14,1406,4,2024,0.9896,"Non Basis",0.08,0.08
kabupaten,14,1406,5,2024,0.4733,"Non Basis",0.01,0.01
kabupaten,14,1406,6,2024,0.3469,"Non Basis",3.15,9.09
kabupaten,14,1406,7,2024,0.5147,"Non Basis",5.32,10.33
kabupaten,14,1406,8,2024,0.6802,"Non Basis",0.55,0.8
kabupaten,14,1406,9,2024,0.5341,"Non Basis",0.26,0.48
kabupaten,14,1406,10,2024,1.0407,Basis,1.29,1.24
kabupaten,14,1406,11,2024,0.8965,"Non Basis",0.87,0.97
kabupaten,14,1406,12,2024,0.6506,"Non Basis",0.63,0.96
kabupaten,14,1406,13,2024,0.8273,"Non Basis",0,0.01
kabupaten,14,1406,14,2024,1.632,Basis,2.93,1.79
kabupaten,14,1406,15,2024,0.7141,"Non Basis",0.38,0.53
kabupaten,14,1406,16,2024,0.8362,"Non Basis",0.23,0.27
kabupaten,14,1406,17,2024,0.8669,"Non Basis",0.43,0.5
kabupaten,14,1406,1,2025,1.9904,Basis,53.26,26.76
kabupaten,14,1406,2,2025,0.2314,"Non Basis",3.14,13.55
kabupaten,14,1406,3,2025,0.8482,"Non Basis",27.57,32.5
kabupaten,14,1406,4,2025,0.9501,"Non Basis",0.08,0.08
kabupaten,14,1406,5,2025,0.4451,"Non Basis",0.01,0.01
kabupaten,14,1406,6,2025,0.3389,"Non Basis",3.09,9.11
kabupaten,14,1406,7,2025,0.5283,"Non Basis",5.48,10.37
kabupaten,14,1406,8,2025,0.6718,"Non Basis",0.53,0.79
kabupaten,14,1406,9,2025,0.5162,"Non Basis",0.25,0.48
kabupaten,14,1406,10,2025,0.9958,"Non Basis",1.24,1.25
kabupaten,14,1406,11,2025,0.8589,"Non Basis",0.83,0.97
kabupaten,14,1406,12,2025,0.6302,"Non Basis",0.6,0.96
kabupaten,14,1406,13,2025,0.776,"Non Basis",0,0.01
kabupaten,14,1406,14,2025,1.6077,Basis,2.88,1.79
kabupaten,14,1406,15,2025,0.6753,"Non Basis",0.37,0.55
kabupaten,14,1406,16,2025,0.805,"Non Basis",0.23,0.28
kabupaten,14,1406,17,2025,0.8301,"Non Basis",0.44,0.53
kabupaten,14,1407,1,2021,1.387,Basis,38.54,27.78
kabupaten,14,1407,2,2021,1.8464,Basis,28.32,15.34
kabupaten,14,1407,3,2021,0.7432,"Non Basis",23.84,32.07
kabupaten,14,1407,4,2021,0.3573,"Non Basis",0.03,0.08
kabupaten,14,1407,5,2021,0.56,"Non Basis",0.01,0.01
kabupaten,14,1407,6,2021,0.1563,"Non Basis",1.32,8.42
kabupaten,14,1407,7,2021,0.5549,"Non Basis",5.13,9.25
kabupaten,14,1407,8,2021,0.221,"Non Basis",0.15,0.66
kabupaten,14,1407,9,2021,0.4184,"Non Basis",0.18,0.43
kabupaten,14,1407,10,2021,0.3051,"Non Basis",0.34,1.13
kabupaten,14,1407,11,2021,0.3833,"Non Basis",0.38,0.99
kabupaten,14,1407,12,2021,0.4297,"Non Basis",0.41,0.96
kabupaten,14,1407,13,2021,0.0425,"Non Basis",0,0
kabupaten,14,1407,14,2021,0.4638,"Non Basis",0.77,1.65
kabupaten,14,1407,15,2021,0.593,"Non Basis",0.31,0.53
kabupaten,14,1407,16,2021,0.3466,"Non Basis",0.09,0.26
kabupaten,14,1407,17,2021,0.4389,"Non Basis",0.19,0.44
kabupaten,14,1407,1,2022,1.4049,Basis,38.39,27.32
kabupaten,14,1407,2,2022,1.8589,Basis,27.64,14.87
kabupaten,14,1407,3,2022,0.7519,"Non Basis",24.16,32.13
kabupaten,14,1407,4,2022,0.3424,"Non Basis",0.03,0.08
kabupaten,14,1407,5,2022,0.5654,"Non Basis",0.01,0.01
kabupaten,14,1407,6,2022,0.1581,"Non Basis",1.33,8.43
kabupaten,14,1407,7,2022,0.5585,"Non Basis",5.53,9.9
kabupaten,14,1407,8,2022,0.2105,"Non Basis",0.16,0.75
kabupaten,14,1407,9,2022,0.4209,"Non Basis",0.19,0.45
kabupaten,14,1407,10,2022,0.3029,"Non Basis",0.35,1.15
kabupaten,14,1407,11,2022,0.387,"Non Basis",0.39,1
kabupaten,14,1407,12,2022,0.431,"Non Basis",0.42,0.96
kabupaten,14,1407,13,2022,0.0427,"Non Basis",0,0
kabupaten,14,1407,14,2022,0.4806,"Non Basis",0.81,1.68
kabupaten,14,1407,15,2022,0.5935,"Non Basis",0.31,0.52
kabupaten,14,1407,16,2022,0.3518,"Non Basis",0.09,0.26
kabupaten,14,1407,17,2022,0.4442,"Non Basis",0.21,0.47
kabupaten,14,1407,1,2023,1.4175,Basis,38.37,27.07
kabupaten,14,1407,2,2023,1.8745,Basis,27.42,14.63
kabupaten,14,1407,3,2023,0.7534,"Non Basis",24.07,31.95
kabupaten,14,1407,4,2023,0.368,"Non Basis",0.03,0.08
kabupaten,14,1407,5,2023,0.5734,"Non Basis",0.01,0.01
kabupaten,14,1407,6,2023,0.1595,"Non Basis",1.41,8.84
kabupaten,14,1407,7,2023,0.5664,"Non Basis",5.71,10.08
kabupaten,14,1407,8,2023,0.2078,"Non Basis",0.16,0.78
kabupaten,14,1407,9,2023,0.4266,"Non Basis",0.19,0.45
kabupaten,14,1407,10,2023,0.3054,"Non Basis",0.36,1.19
kabupaten,14,1407,11,2023,0.3896,"Non Basis",0.39,1
kabupaten,14,1407,12,2023,0.4357,"Non Basis",0.42,0.96
kabupaten,14,1407,13,2023,0.0446,"Non Basis",0,0
kabupaten,14,1407,14,2023,0.4932,"Non Basis",0.84,1.7
kabupaten,14,1407,15,2023,0.5963,"Non Basis",0.31,0.52
kabupaten,14,1407,16,2023,0.3561,"Non Basis",0.09,0.26
kabupaten,14,1407,17,2023,0.4539,"Non Basis",0.22,0.48
kabupaten,14,1407,1,2024,1.4343,Basis,38.34,26.73
kabupaten,14,1407,2,2024,1.9035,Basis,27,14.18
kabupaten,14,1407,3,2024,0.7518,"Non Basis",24.07,32.01
kabupaten,14,1407,4,2024,0.3764,"Non Basis",0.03,0.08
kabupaten,14,1407,5,2024,0.5827,"Non Basis",0.01,0.01
kabupaten,14,1407,6,2024,0.162,"Non Basis",1.47,9.09
kabupaten,14,1407,7,2024,0.5765,"Non Basis",5.95,10.33
kabupaten,14,1407,8,2024,0.2114,"Non Basis",0.17,0.8
kabupaten,14,1407,9,2024,0.4362,"Non Basis",0.21,0.48
kabupaten,14,1407,10,2024,0.3094,"Non Basis",0.38,1.24
kabupaten,14,1407,11,2024,0.3965,"Non Basis",0.39,0.97
kabupaten,14,1407,12,2024,0.441,"Non Basis",0.43,0.96
kabupaten,14,1407,13,2024,0.0457,"Non Basis",0,0.01
kabupaten,14,1407,14,2024,0.5062,"Non Basis",0.91,1.79
kabupaten,14,1407,15,2024,0.6044,"Non Basis",0.32,0.53
kabupaten,14,1407,16,2024,0.3558,"Non Basis",0.1,0.27
kabupaten,14,1407,17,2024,0.4609,"Non Basis",0.23,0.5
kabupaten,14,1407,1,2025,1.437,Basis,38.45,26.76
kabupaten,14,1407,2,2025,1.9275,Basis,26.12,13.55
kabupaten,14,1407,3,2025,0.759,"Non Basis",24.67,32.5
kabupaten,14,1407,4,2025,0.381,"Non Basis",0.03,0.08
kabupaten,14,1407,5,2025,0.5771,"Non Basis",0.01,0.01
kabupaten,14,1407,6,2025,0.1653,"Non Basis",1.51,9.11
kabupaten,14,1407,7,2025,0.582,"Non Basis",6.04,10.37
kabupaten,14,1407,8,2025,0.2145,"Non Basis",0.17,0.79
kabupaten,14,1407,9,2025,0.4408,"Non Basis",0.21,0.48
kabupaten,14,1407,10,2025,0.3092,"Non Basis",0.39,1.25
kabupaten,14,1407,11,2025,0.3976,"Non Basis",0.39,0.97
kabupaten,14,1407,12,2025,0.4434,"Non Basis",0.42,0.96
kabupaten,14,1407,13,2025,0.0457,"Non Basis",0,0.01
kabupaten,14,1407,14,2025,0.5192,"Non Basis",0.93,1.79
kabupaten,14,1407,15,2025,0.5932,"Non Basis",0.32,0.55
kabupaten,14,1407,16,2025,0.3615,"Non Basis",0.1,0.28
kabupaten,14,1407,17,2025,0.4521,"Non Basis",0.24,0.53
kabupaten,14,1408,1,2021,0.9073,"Non Basis",25.21,27.78
kabupaten,14,1408,2,2021,1.1798,Basis,18.1,15.34
kabupaten,14,1408,3,2021,1.4472,Basis,46.42,32.07
kabupaten,14,1408,4,2021,0.1168,"Non Basis",0.01,0.08
kabupaten,14,1408,5,2021,0.337,"Non Basis",0,0.01
kabupaten,14,1408,6,2021,0.535,"Non Basis",4.5,8.42
kabupaten,14,1408,7,2021,0.2253,"Non Basis",2.08,9.25
kabupaten,14,1408,8,2021,0.1831,"Non Basis",0.12,0.66
kabupaten,14,1408,9,2021,0.0993,"Non Basis",0.04,0.43
kabupaten,14,1408,10,2021,0.3068,"Non Basis",0.35,1.13
kabupaten,14,1408,11,2021,0.4083,"Non Basis",0.41,0.99
kabupaten,14,1408,12,2021,0.4909,"Non Basis",0.47,0.96
kabupaten,14,1408,13,2021,1.02,Basis,0,0
kabupaten,14,1408,14,2021,0.5837,"Non Basis",0.97,1.65
kabupaten,14,1408,15,2021,1.0484,Basis,0.55,0.53
kabupaten,14,1408,16,2021,1.026,Basis,0.27,0.26
kabupaten,14,1408,17,2021,1.1519,Basis,0.5,0.44
kabupaten,14,1408,1,2022,0.9163,"Non Basis",25.04,27.32
kabupaten,14,1408,2,2022,1.1885,Basis,17.67,14.87
kabupaten,14,1408,3,2022,1.4514,Basis,46.63,32.13
kabupaten,14,1408,4,2022,0.1144,"Non Basis",0.01,0.08
kabupaten,14,1408,5,2022,0.3351,"Non Basis",0,0.01
kabupaten,14,1408,6,2022,0.5438,"Non Basis",4.59,8.43
kabupaten,14,1408,7,2022,0.2291,"Non Basis",2.27,9.9
kabupaten,14,1408,8,2022,0.1773,"Non Basis",0.13,0.75
kabupaten,14,1408,9,2022,0.1021,"Non Basis",0.05,0.45
kabupaten,14,1408,10,2022,0.3064,"Non Basis",0.35,1.15
kabupaten,14,1408,11,2022,0.4064,"Non Basis",0.4,1
kabupaten,14,1408,12,2022,0.4914,"Non Basis",0.47,0.96
kabupaten,14,1408,13,2022,1.0378,Basis,0.01,0
kabupaten,14,1408,14,2022,0.5906,"Non Basis",0.99,1.68
kabupaten,14,1408,15,2022,1.0579,Basis,0.55,0.52
kabupaten,14,1408,16,2022,1.0284,Basis,0.26,0.26
kabupaten,14,1408,17,2022,1.2035,Basis,0.57,0.47
kabupaten,14,1408,1,2023,0.9196,"Non Basis",24.89,27.07
kabupaten,14,1408,2,2023,1.1806,Basis,17.27,14.63
kabupaten,14,1408,3,2023,1.4667,Basis,46.85,31.95
kabupaten,14,1408,4,2023,0.1226,"Non Basis",0.01,0.08
kabupaten,14,1408,5,2023,0.334,"Non Basis",0,0.01
kabupaten,14,1408,6,2023,0.5451,"Non Basis",4.82,8.84
kabupaten,14,1408,7,2023,0.2305,"Non Basis",2.32,10.08
kabupaten,14,1408,8,2023,0.1738,"Non Basis",0.14,0.78
kabupaten,14,1408,9,2023,0.1033,"Non Basis",0.05,0.45
kabupaten,14,1408,10,2023,0.3029,"Non Basis",0.36,1.19
kabupaten,14,1408,11,2023,0.4048,"Non Basis",0.4,1
kabupaten,14,1408,12,2023,0.4913,"Non Basis",0.47,0.96
kabupaten,14,1408,13,2023,1.0365,Basis,0.01,0
kabupaten,14,1408,14,2023,0.5928,"Non Basis",1,1.7
kabupaten,14,1408,15,2023,1.056,Basis,0.55,0.52
kabupaten,14,1408,16,2023,1.0241,Basis,0.27,0.26
kabupaten,14,1408,17,2023,1.2043,Basis,0.58,0.48
kabupaten,14,1408,1,2024,0.9167,"Non Basis",24.5,26.73
kabupaten,14,1408,2,2024,1.1732,Basis,16.64,14.18
kabupaten,14,1408,3,2024,1.4865,Basis,47.58,32.01
kabupaten,14,1408,4,2024,0.1236,"Non Basis",0.01,0.08
kabupaten,14,1408,5,2024,0.3333,"Non Basis",0,0.01
kabupaten,14,1408,6,2024,0.5432,"Non Basis",4.94,9.09
kabupaten,14,1408,7,2024,0.2313,"Non Basis",2.39,10.33
kabupaten,14,1408,8,2024,0.1746,"Non Basis",0.14,0.8
kabupaten,14,1408,9,2024,0.102,"Non Basis",0.05,0.48
kabupaten,14,1408,10,2024,0.3008,"Non Basis",0.37,1.24
kabupaten,14,1408,11,2024,0.4019,"Non Basis",0.39,0.97
kabupaten,14,1408,12,2024,0.4882,"Non Basis",0.47,0.96
kabupaten,14,1408,13,2024,1.0326,Basis,0.01,0.01
kabupaten,14,1408,14,2024,0.5994,"Non Basis",1.07,1.79
kabupaten,14,1408,15,2024,1.0477,Basis,0.55,0.53
kabupaten,14,1408,16,2024,1.0172,Basis,0.27,0.27
kabupaten,14,1408,17,2024,1.1968,Basis,0.6,0.5
kabupaten,14,1408,1,2025,0.9184,"Non Basis",24.57,26.76
kabupaten,14,1408,2,2025,1.1857,Basis,16.07,13.55
kabupaten,14,1408,3,2025,1.4819,Basis,48.16,32.5
kabupaten,14,1408,4,2025,0.1189,"Non Basis",0.01,0.08
kabupaten,14,1408,5,2025,0.3202,"Non Basis",0,0.01
kabupaten,14,1408,6,2025,0.5382,"Non Basis",4.9,9.11
kabupaten,14,1408,7,2025,0.2304,"Non Basis",2.39,10.37
kabupaten,14,1408,8,2025,0.1758,"Non Basis",0.14,0.79
kabupaten,14,1408,9,2025,0.1021,"Non Basis",0.05,0.48
kabupaten,14,1408,10,2025,0.2954,"Non Basis",0.37,1.25
kabupaten,14,1408,11,2025,0.395,"Non Basis",0.38,0.97
kabupaten,14,1408,12,2025,0.4819,"Non Basis",0.46,0.96
kabupaten,14,1408,13,2025,1.0293,Basis,0.01,0.01
kabupaten,14,1408,14,2025,0.5765,"Non Basis",1.03,1.79
kabupaten,14,1408,15,2025,0.9981,"Non Basis",0.55,0.55
kabupaten,14,1408,16,2025,0.9985,"Non Basis",0.28,0.28
kabupaten,14,1408,17,2025,1.1705,Basis,0.62,0.53
kabupaten,14,1409,1,2021,1.7826,Basis,49.53,27.78
kabupaten,14,1409,2,2021,0.2345,"Non Basis",3.6,15.34
kabupaten,14,1409,3,2021,0.9718,"Non Basis",31.17,32.07
kabupaten,14,1409,4,2021,0.5526,"Non Basis",0.04,0.08
kabupaten,14,1409,5,2021,1.436,Basis,0.02,0.01
kabupaten,14,1409,6,2021,0.7913,"Non Basis",6.66,8.42
kabupaten,14,1409,7,2021,0.3648,"Non Basis",3.37,9.25
kabupaten,14,1409,8,2021,0.6329,"Non Basis",0.42,0.66
kabupaten,14,1409,9,2021,0.4386,"Non Basis",0.19,0.43
kabupaten,14,1409,10,2021,0.392,"Non Basis",0.44,1.13
kabupaten,14,1409,11,2021,0.5313,"Non Basis",0.53,0.99
kabupaten,14,1409,12,2021,0.7123,"Non Basis",0.68,0.96
kabupaten,14,1409,13,2021,0.1606,"Non Basis",0,0
kabupaten,14,1409,14,2021,1.3576,Basis,2.24,1.65
kabupaten,14,1409,15,2021,1.0325,Basis,0.54,0.53
kabupaten,14,1409,16,2021,0.7634,"Non Basis",0.2,0.26
kabupaten,14,1409,17,2021,0.8358,"Non Basis",0.37,0.44
kabupaten,14,1409,1,2022,1.7819,Basis,48.69,27.32
kabupaten,14,1409,2,2022,0.2803,"Non Basis",4.17,14.87
kabupaten,14,1409,3,2022,0.9659,"Non Basis",31.03,32.13
kabupaten,14,1409,4,2022,0.5778,"Non Basis",0.05,0.08
kabupaten,14,1409,5,2022,1.3744,Basis,0.02,0.01
kabupaten,14,1409,6,2022,0.8082,"Non Basis",6.82,8.43
kabupaten,14,1409,7,2022,0.3643,"Non Basis",3.61,9.9
kabupaten,14,1409,8,2022,0.6368,"Non Basis",0.48,0.75
kabupaten,14,1409,9,2022,0.4363,"Non Basis",0.2,0.45
kabupaten,14,1409,10,2022,0.391,"Non Basis",0.45,1.15
kabupaten,14,1409,11,2022,0.5303,"Non Basis",0.53,1
kabupaten,14,1409,12,2022,0.7077,"Non Basis",0.68,0.96
kabupaten,14,1409,13,2022,0.1579,"Non Basis",0,0
kabupaten,14,1409,14,2022,1.2875,Basis,2.16,1.68
kabupaten,14,1409,15,2022,1.0303,Basis,0.54,0.52
kabupaten,14,1409,16,2022,0.7612,"Non Basis",0.19,0.26
kabupaten,14,1409,17,2022,0.8327,"Non Basis",0.39,0.47
kabupaten,14,1409,1,2023,1.7981,Basis,48.67,27.07
kabupaten,14,1409,2,2023,0.2927,"Non Basis",4.28,14.63
kabupaten,14,1409,3,2023,0.9467,"Non Basis",30.24,31.95
kabupaten,14,1409,4,2023,0.6224,"Non Basis",0.05,0.08
kabupaten,14,1409,5,2023,1.3355,Basis,0.02,0.01
kabupaten,14,1409,6,2023,0.8152,"Non Basis",7.2,8.84
kabupaten,14,1409,7,2023,0.3701,"Non Basis",3.73,10.08
kabupaten,14,1409,8,2023,0.6374,"Non Basis",0.5,0.78
kabupaten,14,1409,9,2023,0.4872,"Non Basis",0.22,0.45
kabupaten,14,1409,10,2023,0.3955,"Non Basis",0.47,1.19
kabupaten,14,1409,11,2023,0.5371,"Non Basis",0.53,1
kabupaten,14,1409,12,2023,0.7205,"Non Basis",0.69,0.96
kabupaten,14,1409,13,2023,0.1576,"Non Basis",0,0
kabupaten,14,1409,14,2023,1.3019,Basis,2.21,1.7
kabupaten,14,1409,15,2023,1.0439,Basis,0.55,0.52
kabupaten,14,1409,16,2023,0.8443,"Non Basis",0.22,0.26
kabupaten,14,1409,17,2023,0.8554,"Non Basis",0.41,0.48
kabupaten,14,1409,1,2024,1.7974,Basis,48.05,26.73
kabupaten,14,1409,2,2024,0.3086,"Non Basis",4.38,14.18
kabupaten,14,1409,3,2024,0.9363,"Non Basis",29.97,32.01
kabupaten,14,1409,4,2024,0.6348,"Non Basis",0.05,0.08
kabupaten,14,1409,5,2024,1.3523,Basis,0.02,0.01
kabupaten,14,1409,6,2024,0.8328,"Non Basis",7.57,9.09
kabupaten,14,1409,7,2024,0.3807,"Non Basis",3.93,10.33
kabupaten,14,1409,8,2024,0.6509,"Non Basis",0.52,0.8
kabupaten,14,1409,9,2024,0.4782,"Non Basis",0.23,0.48
kabupaten,14,1409,10,2024,0.3976,"Non Basis",0.49,1.24
kabupaten,14,1409,11,2024,0.5409,"Non Basis",0.53,0.97
kabupaten,14,1409,12,2024,0.7234,"Non Basis",0.7,0.96
kabupaten,14,1409,13,2024,0.1669,"Non Basis",0,0.01
kabupaten,14,1409,14,2024,1.3045,Basis,2.34,1.79
kabupaten,14,1409,15,2024,1.0494,Basis,0.55,0.53
kabupaten,14,1409,16,2024,0.9181,"Non Basis",0.25,0.27
kabupaten,14,1409,17,2024,0.8374,"Non Basis",0.42,0.5
kabupaten,14,1409,1,2025,1.7952,Basis,48.04,26.76
kabupaten,14,1409,2,2025,0.2955,"Non Basis",4,13.55
kabupaten,14,1409,3,2025,0.933,"Non Basis",30.32,32.5
kabupaten,14,1409,4,2025,0.6129,"Non Basis",0.05,0.08
kabupaten,14,1409,5,2025,1.2581,Basis,0.02,0.01
kabupaten,14,1409,6,2025,0.8396,"Non Basis",7.65,9.11
kabupaten,14,1409,7,2025,0.3764,"Non Basis",3.9,10.37
kabupaten,14,1409,8,2025,0.6787,"Non Basis",0.54,0.79
kabupaten,14,1409,9,2025,0.4785,"Non Basis",0.23,0.48
kabupaten,14,1409,10,2025,0.3946,"Non Basis",0.49,1.25
kabupaten,14,1409,11,2025,0.5371,"Non Basis",0.52,0.97
kabupaten,14,1409,12,2025,0.72,"Non Basis",0.69,0.96
kabupaten,14,1409,13,2025,0.1644,"Non Basis",0,0.01
kabupaten,14,1409,14,2025,1.2463,Basis,2.23,1.79
kabupaten,14,1409,15,2025,1.0432,Basis,0.57,0.55
kabupaten,14,1409,16,2025,0.946,"Non Basis",0.27,0.28
kabupaten,14,1409,17,2025,0.8864,"Non Basis",0.47,0.53
kabupaten,14,1410,1,2021,1.4425,Basis,40.08,27.78
kabupaten,14,1410,2,2021,0.76,"Non Basis",11.66,15.34
kabupaten,14,1410,3,2021,0.9361,"Non Basis",30.02,32.07
kabupaten,14,1410,4,2021,0.5251,"Non Basis",0.04,0.08
kabupaten,14,1410,5,2021,0.3879,"Non Basis",0.01,0.01
kabupaten,14,1410,6,2021,0.5235,"Non Basis",4.41,8.42
kabupaten,14,1410,7,2021,0.8794,"Non Basis",8.14,9.25
kabupaten,14,1410,8,2021,2.1269,Basis,1.41,0.66
kabupaten,14,1410,9,2021,0.5276,"Non Basis",0.23,0.43
kabupaten,14,1410,10,2021,0.6879,"Non Basis",0.77,1.13
kabupaten,14,1410,11,2021,0.2966,"Non Basis",0.29,0.99
kabupaten,14,1410,12,2021,0.4882,"Non Basis",0.47,0.96
kabupaten,14,1410,13,2021,0.6789,"Non Basis",0,0
kabupaten,14,1410,14,2021,1.1664,Basis,1.93,1.65
kabupaten,14,1410,15,2021,0.3832,"Non Basis",0.2,0.53
kabupaten,14,1410,16,2021,0.2893,"Non Basis",0.08,0.26
kabupaten,14,1410,17,2021,0.6341,"Non Basis",0.28,0.44
kabupaten,14,1410,1,2022,1.4486,Basis,39.58,27.32
kabupaten,14,1410,2,2022,0.7953,"Non Basis",11.83,14.87
kabupaten,14,1410,3,2022,0.9169,"Non Basis",29.46,32.13
kabupaten,14,1410,4,2022,0.5191,"Non Basis",0.04,0.08
kabupaten,14,1410,5,2022,0.3762,"Non Basis",0.01,0.01
kabupaten,14,1410,6,2022,0.5408,"Non Basis",4.56,8.43
kabupaten,14,1410,7,2022,0.8559,"Non Basis",8.47,9.9
kabupaten,14,1410,8,2022,2.1834,Basis,1.64,0.75
kabupaten,14,1410,9,2022,0.5397,"Non Basis",0.24,0.45
kabupaten,14,1410,10,2022,0.6966,"Non Basis",0.8,1.15
kabupaten,14,1410,11,2022,0.3013,"Non Basis",0.3,1
kabupaten,14,1410,12,2022,0.4976,"Non Basis",0.48,0.96
kabupaten,14,1410,13,2022,0.7625,"Non Basis",0,0
kabupaten,14,1410,14,2022,1.1851,Basis,1.99,1.68
kabupaten,14,1410,15,2022,0.3864,"Non Basis",0.2,0.52
kabupaten,14,1410,16,2022,0.289,"Non Basis",0.07,0.26
kabupaten,14,1410,17,2022,0.6762,"Non Basis",0.32,0.47
kabupaten,14,1410,1,2023,1.4369,Basis,38.89,27.07
kabupaten,14,1410,2,2023,0.8321,"Non Basis",12.17,14.63
kabupaten,14,1410,3,2023,0.9052,"Non Basis",28.92,31.95
kabupaten,14,1410,4,2023,0.5438,"Non Basis",0.04,0.08
kabupaten,14,1410,5,2023,0.3544,"Non Basis",0,0.01
kabupaten,14,1410,6,2023,0.5791,"Non Basis",5.12,8.84
kabupaten,14,1410,7,2023,0.87,"Non Basis",8.77,10.08
kabupaten,14,1410,8,2023,2.1374,Basis,1.67,0.78
kabupaten,14,1410,9,2023,0.5526,"Non Basis",0.25,0.45
kabupaten,14,1410,10,2023,0.6971,"Non Basis",0.83,1.19
kabupaten,14,1410,11,2023,0.3028,"Non Basis",0.3,1
kabupaten,14,1410,12,2023,0.4959,"Non Basis",0.48,0.96
kabupaten,14,1410,13,2023,0.7111,"Non Basis",0,0
kabupaten,14,1410,14,2023,1.1422,Basis,1.94,1.7
kabupaten,14,1410,15,2023,0.388,"Non Basis",0.2,0.52
kabupaten,14,1410,16,2023,0.2903,"Non Basis",0.08,0.26
kabupaten,14,1410,17,2023,0.6976,"Non Basis",0.34,0.48
kabupaten,14,1410,1,2024,1.4764,Basis,39.47,26.73
kabupaten,14,1410,2,2024,0.7817,"Non Basis",11.09,14.18
kabupaten,14,1410,3,2024,0.8992,"Non Basis",28.78,32.01
kabupaten,14,1410,4,2024,0.5503,"Non Basis",0.05,0.08
kabupaten,14,1410,5,2024,0.3424,"Non Basis",0,0.01
kabupaten,14,1410,6,2024,0.6099,"Non Basis",5.55,9.09
kabupaten,14,1410,7,2024,0.8554,"Non Basis",8.84,10.33
kabupaten,14,1410,8,2024,2.1117,Basis,1.69,0.8
kabupaten,14,1410,9,2024,0.537,"Non Basis",0.26,0.48
kabupaten,14,1410,10,2024,0.6999,"Non Basis",0.86,1.24
kabupaten,14,1410,11,2024,0.308,"Non Basis",0.3,0.97
kabupaten,14,1410,12,2024,0.4948,"Non Basis",0.48,0.96
kabupaten,14,1410,13,2024,0.6576,"Non Basis",0,0.01
kabupaten,14,1410,14,2024,1.1196,Basis,2.01,1.79
kabupaten,14,1410,15,2024,0.3866,"Non Basis",0.2,0.53
kabupaten,14,1410,16,2024,0.2855,"Non Basis",0.08,0.27
kabupaten,14,1410,17,2024,0.6897,"Non Basis",0.35,0.5
kabupaten,14,1410,1,2025,1.464,Basis,39.17,26.76
kabupaten,14,1410,2,2025,0.7549,"Non Basis",10.23,13.55
kabupaten,14,1410,3,2025,0.9144,"Non Basis",29.72,32.5
kabupaten,14,1410,4,2025,0.5461,"Non Basis",0.05,0.08
kabupaten,14,1410,5,2025,0.3238,"Non Basis",0,0.01
kabupaten,14,1410,6,2025,0.6204,"Non Basis",5.65,9.11
kabupaten,14,1410,7,2025,0.8516,"Non Basis",8.83,10.37
kabupaten,14,1410,8,2025,2.1326,Basis,1.69,0.79
kabupaten,14,1410,9,2025,0.5414,"Non Basis",0.26,0.48
kabupaten,14,1410,10,2025,0.7019,"Non Basis",0.88,1.25
kabupaten,14,1410,11,2025,0.3111,"Non Basis",0.3,0.97
kabupaten,14,1410,12,2025,0.4964,"Non Basis",0.47,0.96
kabupaten,14,1410,13,2025,0.7292,"Non Basis",0,0.01
kabupaten,14,1410,14,2025,1.1606,Basis,2.08,1.79
kabupaten,14,1410,15,2025,0.3849,"Non Basis",0.21,0.55
kabupaten,14,1410,16,2025,0.2773,"Non Basis",0.08,0.28
kabupaten,14,1410,17,2025,0.686,"Non Basis",0.37,0.53
kabupaten,14,1471,1,2021,0.0554,"Non Basis",1.54,27.78
kabupaten,14,1471,2,2021,0.001,"Non Basis",0.01,15.34
kabupaten,14,1471,3,2021,0.6993,"Non Basis",22.43,32.07
kabupaten,14,1471,4,2021,3.2251,Basis,0.25,0.08
kabupaten,14,1471,5,2021,1.2716,Basis,0.02,0.01
kabupaten,14,1471,6,2021,3.3834,Basis,28.48,8.42
kabupaten,14,1471,7,2021,2.9615,Basis,27.4,9.25
kabupaten,14,1471,8,2021,2.756,Basis,1.82,0.66
kabupaten,14,1471,9,2021,3.3649,Basis,1.44,0.43
kabupaten,14,1471,10,2021,3.6645,Basis,4.13,1.13
kabupaten,14,1471,11,2021,3.7374,Basis,3.71,0.99
kabupaten,14,1471,12,2021,2.9555,Basis,2.82,0.96
kabupaten,14,1471,13,2021,3.4112,Basis,0.02,0
kabupaten,14,1471,14,2021,1.9295,Basis,3.19,1.65
kabupaten,14,1471,15,2021,1.9152,Basis,1.01,0.53
kabupaten,14,1471,16,2021,2.9426,Basis,0.77,0.26
kabupaten,14,1471,17,2021,2.2322,Basis,0.98,0.44
kabupaten,14,1471,1,2022,0.054,"Non Basis",1.47,27.32
kabupaten,14,1471,2,2022,0.0009,"Non Basis",0.01,14.87
kabupaten,14,1471,3,2022,0.6695,"Non Basis",21.51,32.13
kabupaten,14,1471,4,2022,2.8822,Basis,0.24,0.08
kabupaten,14,1471,5,2022,1.2036,Basis,0.02,0.01
kabupaten,14,1471,6,2022,3.306,Basis,27.88,8.43
kabupaten,14,1471,7,2022,2.9205,Basis,28.92,9.9
kabupaten,14,1471,8,2022,2.8366,Basis,2.13,0.75
kabupaten,14,1471,9,2022,3.3242,Basis,1.51,0.45
kabupaten,14,1471,10,2022,3.4981,Basis,4.03,1.15
kabupaten,14,1471,11,2022,3.6808,Basis,3.67,1
kabupaten,14,1471,12,2022,2.8859,Basis,2.78,0.96
kabupaten,14,1471,13,2022,3.3552,Basis,0.02,0
kabupaten,14,1471,14,2022,1.8685,Basis,3.13,1.68
kabupaten,14,1471,15,2022,1.8836,Basis,0.99,0.52
kabupaten,14,1471,16,2022,2.8614,Basis,0.73,0.26
kabupaten,14,1471,17,2022,2.0616,Basis,0.97,0.47
kabupaten,14,1471,1,2023,0.053,"Non Basis",1.44,27.07
kabupaten,14,1471,2,2023,0.0009,"Non Basis",0.01,14.63
kabupaten,14,1471,3,2023,0.6607,"Non Basis",21.11,31.95
kabupaten,14,1471,4,2023,2.7947,Basis,0.23,0.08
kabupaten,14,1471,5,2023,1.1962,Basis,0.02,0.01
kabupaten,14,1471,6,2023,3.2288,Basis,28.53,8.84
kabupaten,14,1471,7,2023,2.8613,Basis,28.85,10.08
kabupaten,14,1471,8,2023,2.7299,Basis,2.13,0.78
kabupaten,14,1471,9,2023,3.2827,Basis,1.49,0.45
kabupaten,14,1471,10,2023,3.4067,Basis,4.05,1.19
kabupaten,14,1471,11,2023,3.5903,Basis,3.57,1
kabupaten,14,1471,12,2023,2.8355,Basis,2.73,0.96
kabupaten,14,1471,13,2023,3.3065,Basis,0.02,0
kabupaten,14,1471,14,2023,1.8681,Basis,3.17,1.7
kabupaten,14,1471,15,2023,1.8486,Basis,0.97,0.52
kabupaten,14,1471,16,2023,2.7689,Basis,0.73,0.26
kabupaten,14,1471,17,2023,2.0431,Basis,0.98,0.48
kabupaten,14,1471,1,2024,0.0535,"Non Basis",1.43,26.73
kabupaten,14,1471,2,2024,0.001,"Non Basis",0.01,14.18
kabupaten,14,1471,3,2024,0.6541,"Non Basis",20.94,32.01
kabupaten,14,1471,4,2024,2.7211,Basis,0.23,0.08
kabupaten,14,1471,5,2024,1.1563,Basis,0.02,0.01
kabupaten,14,1471,6,2024,3.1296,Basis,28.45,9.09
kabupaten,14,1471,7,2024,2.8031,Basis,28.95,10.33
kabupaten,14,1471,8,2024,2.6853,Basis,2.15,0.8
kabupaten,14,1471,9,2024,3.2473,Basis,1.57,0.48
kabupaten,14,1471,10,2024,3.3215,Basis,4.1,1.24
kabupaten,14,1471,11,2024,3.5434,Basis,3.45,0.97
kabupaten,14,1471,12,2024,2.7956,Basis,2.7,0.96
kabupaten,14,1471,13,2024,3.2157,Basis,0.02,0.01
kabupaten,14,1471,14,2024,1.8329,Basis,3.29,1.79
kabupaten,14,1471,15,2024,1.8243,Basis,0.96,0.53
kabupaten,14,1471,16,2024,2.7057,Basis,0.73,0.27
kabupaten,14,1471,17,2024,1.9849,Basis,0.99,0.5
kabupaten,14,1471,1,2025,0.0535,"Non Basis",1.43,26.76
kabupaten,14,1471,2,2025,0.001,"Non Basis",0.01,13.55
kabupaten,14,1471,3,2025,0.6465,"Non Basis",21.01,32.5
kabupaten,14,1471,4,2025,2.693,Basis,0.23,0.08
kabupaten,14,1471,5,2025,1.112,Basis,0.02,0.01
kabupaten,14,1471,6,2025,3.1432,Basis,28.64,9.11
kabupaten,14,1471,7,2025,2.7735,Basis,28.77,10.37
kabupaten,14,1471,8,2025,2.641,Basis,2.09,0.79
kabupaten,14,1471,9,2025,3.2463,Basis,1.56,0.48
kabupaten,14,1471,10,2025,3.2975,Basis,4.11,1.25
kabupaten,14,1471,11,2025,3.5326,Basis,3.43,0.97
kabupaten,14,1471,12,2025,2.7772,Basis,2.66,0.96
kabupaten,14,1471,13,2025,3.1883,Basis,0.02,0.01
kabupaten,14,1471,14,2025,1.7925,Basis,3.21,1.79
kabupaten,14,1471,15,2025,1.8123,Basis,0.99,0.55
kabupaten,14,1471,16,2025,2.6776,Basis,0.75,0.28
kabupaten,14,1471,17,2025,1.9877,Basis,1.06,0.53
kabupaten,14,1472,1,2021,0.1866,"Non Basis",5.18,27.78
kabupaten,14,1472,2,2021,0.0195,"Non Basis",0.3,15.34
kabupaten,14,1472,3,2021,1.9144,Basis,61.4,32.07
kabupaten,14,1472,4,2021,2.9132,Basis,0.22,0.08
kabupaten,14,1472,5,2021,1.225,Basis,0.02,0.01
kabupaten,14,1472,6,2021,1.087,Basis,9.15,8.42
kabupaten,14,1472,7,2021,1.6863,Basis,15.6,9.25
kabupaten,14,1472,8,2021,2.7126,Basis,1.79,0.66
kabupaten,14,1472,9,2021,1.5579,Basis,0.67,0.43
kabupaten,14,1472,10,2021,1.194,Basis,1.34,1.13
kabupaten,14,1472,11,2021,1.1305,Basis,1.12,0.99
kabupaten,14,1472,12,2021,0.4547,"Non Basis",0.43,0.96
kabupaten,14,1472,13,2021,0.8978,"Non Basis",0,0
kabupaten,14,1472,14,2021,1.0258,Basis,1.7,1.65
kabupaten,14,1472,15,2021,0.8112,"Non Basis",0.43,0.53
kabupaten,14,1472,16,2021,0.7492,"Non Basis",0.2,0.26
kabupaten,14,1472,17,2021,1.0166,Basis,0.44,0.44
kabupaten,14,1472,1,2022,0.1786,"Non Basis",4.88,27.32
kabupaten,14,1472,2,2022,0.0193,"Non Basis",0.29,14.87
kabupaten,14,1472,3,2022,1.9356,Basis,62.18,32.13
kabupaten,14,1472,4,2022,3.5786,Basis,0.3,0.08
kabupaten,14,1472,5,2022,1.246,Basis,0.02,0.01
kabupaten,14,1472,6,2022,1.07,Basis,9.02,8.43
kabupaten,14,1472,7,2022,1.5308,Basis,15.16,9.9
kabupaten,14,1472,8,2022,2.4544,Basis,1.84,0.75
kabupaten,14,1472,9,2022,1.4442,Basis,0.65,0.45
kabupaten,14,1472,10,2022,1.1297,Basis,1.3,1.15
kabupaten,14,1472,11,2022,1.1122,Basis,1.11,1
kabupaten,14,1472,12,2022,0.4465,"Non Basis",0.43,0.96
kabupaten,14,1472,13,2022,0.7973,"Non Basis",0,0
kabupaten,14,1472,14,2022,1.0376,Basis,1.74,1.68
kabupaten,14,1472,15,2022,0.784,"Non Basis",0.41,0.52
kabupaten,14,1472,16,2022,0.7501,"Non Basis",0.19,0.26
kabupaten,14,1472,17,2022,1.001,Basis,0.47,0.47
kabupaten,14,1472,1,2023,0.1732,"Non Basis",4.69,27.07
kabupaten,14,1472,2,2023,0.0194,"Non Basis",0.28,14.63
kabupaten,14,1472,3,2023,1.9433,Basis,62.08,31.95
kabupaten,14,1472,4,2023,3.4829,Basis,0.28,0.08
kabupaten,14,1472,5,2023,1.33,Basis,0.02,0.01
kabupaten,14,1472,6,2023,1.0609,Basis,9.37,8.84
kabupaten,14,1472,7,2023,1.5088,Basis,15.21,10.08
kabupaten,14,1472,8,2023,2.3597,Basis,1.84,0.78
kabupaten,14,1472,9,2023,1.4357,Basis,0.65,0.45
kabupaten,14,1472,10,2023,1.0791,Basis,1.28,1.19
kabupaten,14,1472,11,2023,1.0842,Basis,1.08,1
kabupaten,14,1472,12,2023,0.4393,"Non Basis",0.42,0.96
kabupaten,14,1472,13,2023,0.7826,"Non Basis",0,0
kabupaten,14,1472,14,2023,1.0104,Basis,1.71,1.7
kabupaten,14,1472,15,2023,0.7791,"Non Basis",0.41,0.52
kabupaten,14,1472,16,2023,0.7384,"Non Basis",0.19,0.26
kabupaten,14,1472,17,2023,0.9717,"Non Basis",0.47,0.48
kabupaten,14,1472,1,2024,0.1704,"Non Basis",4.55,26.73
kabupaten,14,1472,2,2024,0.0199,"Non Basis",0.28,14.18
kabupaten,14,1472,3,2024,1.9198,Basis,61.45,32.01
kabupaten,14,1472,4,2024,3.3694,Basis,0.28,0.08
kabupaten,14,1472,5,2024,1.43,Basis,0.02,0.01
kabupaten,14,1472,6,2024,1.0605,Basis,9.64,9.09
kabupaten,14,1472,7,2024,1.5079,Basis,15.58,10.33
kabupaten,14,1472,8,2024,2.2529,Basis,1.81,0.8
kabupaten,14,1472,9,2024,1.4633,Basis,0.71,0.48
kabupaten,14,1472,10,2024,1.0732,Basis,1.33,1.24
kabupaten,14,1472,11,2024,1.0781,Basis,1.05,0.97
kabupaten,14,1472,12,2024,0.4381,"Non Basis",0.42,0.96
kabupaten,14,1472,13,2024,0.7677,"Non Basis",0,0.01
kabupaten,14,1472,14,2024,0.9991,"Non Basis",1.79,1.79
kabupaten,14,1472,15,2024,0.7717,"Non Basis",0.41,0.53
kabupaten,14,1472,16,2024,0.7309,"Non Basis",0.2,0.27
kabupaten,14,1472,17,2024,0.9534,"Non Basis",0.48,0.5
kabupaten,14,1472,1,2025,0.1634,"Non Basis",4.37,26.76
kabupaten,14,1472,2,2025,0.0207,"Non Basis",0.28,13.55
kabupaten,14,1472,3,2025,1.9096,Basis,62.06,32.5
kabupaten,14,1472,4,2025,3.6281,Basis,0.3,0.08
kabupaten,14,1472,5,2025,1.5882,Basis,0.02,0.01
kabupaten,14,1472,6,2025,1.0009,Basis,9.12,9.11
kabupaten,14,1472,7,2025,1.5038,Basis,15.6,10.37
kabupaten,14,1472,8,2025,2.2565,Basis,1.79,0.79
kabupaten,14,1472,9,2025,1.4843,Basis,0.71,0.48
kabupaten,14,1472,10,2025,1.0729,Basis,1.34,1.25
kabupaten,14,1472,11,2025,1.0651,Basis,1.03,0.97
kabupaten,14,1472,12,2025,0.4392,"Non Basis",0.42,0.96
kabupaten,14,1472,13,2025,0.7583,"Non Basis",0,0.01
kabupaten,14,1472,14,2025,1.0071,Basis,1.81,1.79
kabupaten,14,1472,15,2025,0.7739,"Non Basis",0.42,0.55
kabupaten,14,1472,16,2025,0.7444,"Non Basis",0.21,0.28
kabupaten,14,1472,17,2025,0.9406,"Non Basis",0.5,0.53
kabupaten,15,1501,1,2021,1.7731,Basis,47.49,26.79
kabupaten,15,1501,2,2021,0.0765,"Non Basis",1.78,23.22
kabupaten,15,1501,3,2021,0.2675,"Non Basis",2.73,10.22
kabupaten,15,1501,4,2021,0.7682,"Non Basis",0.04,0.06
kabupaten,15,1501,5,2021,2.3991,Basis,0.33,0.14
kabupaten,15,1501,6,2021,1.5804,Basis,12.35,7.82
kabupaten,15,1501,7,2021,0.9089,"Non Basis",8.89,9.78
kabupaten,15,1501,8,2021,0.8566,"Non Basis",2.47,2.88
kabupaten,15,1501,9,2021,0.7492,"Non Basis",0.81,1.08
kabupaten,15,1501,10,2021,1.8754,Basis,7.72,4.12
kabupaten,15,1501,11,2021,0.4375,"Non Basis",1.04,2.39
kabupaten,15,1501,12,2021,1.0995,Basis,1.63,1.48
kabupaten,15,1501,13,2021,0.0376,"Non Basis",0.04,1
kabupaten,15,1501,14,2021,1.5783,Basis,5.06,3.2
kabupaten,15,1501,15,2021,1.2574,Basis,4.26,3.39
kabupaten,15,1501,16,2021,1.2315,Basis,1.77,1.44
kabupaten,15,1501,17,2021,1.5919,Basis,1.57,0.99
kabupaten,15,1501,1,2022,1.7557,Basis,46.97,26.75
kabupaten,15,1501,2,2022,0.0758,"Non Basis",1.8,23.81
kabupaten,15,1501,3,2022,0.2707,"Non Basis",2.71,10.02
kabupaten,15,1501,4,2022,0.751,"Non Basis",0.05,0.06
kabupaten,15,1501,5,2022,2.3176,Basis,0.31,0.14
kabupaten,15,1501,6,2022,1.7496,Basis,12.89,7.37
kabupaten,15,1501,7,2022,0.9024,"Non Basis",8.85,9.81
kabupaten,15,1501,8,2022,0.7951,"Non Basis",2.55,3.21
kabupaten,15,1501,9,2022,0.7114,"Non Basis",0.81,1.14
kabupaten,15,1501,10,2022,1.9001,Basis,7.98,4.2
kabupaten,15,1501,11,2022,0.4558,"Non Basis",1.03,2.26
kabupaten,15,1501,12,2022,1.0751,Basis,1.58,1.47
kabupaten,15,1501,13,2022,0.0349,"Non Basis",0.04,1.1
kabupaten,15,1501,14,2022,1.6096,Basis,4.87,3.03
kabupaten,15,1501,15,2022,1.2647,Basis,4.16,3.29
kabupaten,15,1501,16,2022,1.3516,Basis,1.81,1.34
kabupaten,15,1501,17,2022,1.5505,Basis,1.57,1.01
kabupaten,15,1501,1,2023,1.7054,Basis,46.04,27
kabupaten,15,1501,2,2023,0.0753,"Non Basis",1.71,22.76
kabupaten,15,1501,3,2023,0.2716,"Non Basis",2.71,9.98
kabupaten,15,1501,4,2023,0.7413,"Non Basis",0.05,0.06
kabupaten,15,1501,5,2023,2.284,Basis,0.3,0.13
kabupaten,15,1501,6,2023,1.892,Basis,14.39,7.6
kabupaten,15,1501,7,2023,0.8566,"Non Basis",8.73,10.19
kabupaten,15,1501,8,2023,0.7608,"Non Basis",2.53,3.32
kabupaten,15,1501,9,2023,0.6844,"Non Basis",0.81,1.19
kabupaten,15,1501,10,2023,1.8997,Basis,8.2,4.32
kabupaten,15,1501,11,2023,0.4522,"Non Basis",0.99,2.18
kabupaten,15,1501,12,2023,1.0775,Basis,1.56,1.45
kabupaten,15,1501,13,2023,0.0337,"Non Basis",0.04,1.22
kabupaten,15,1501,14,2023,1.5831,Basis,4.72,2.98
kabupaten,15,1501,15,2023,1.2235,Basis,3.94,3.22
kabupaten,15,1501,16,2023,1.3083,Basis,1.75,1.34
kabupaten,15,1501,17,2023,1.4534,Basis,1.53,1.05
kabupaten,15,1501,1,2024,1.6807,Basis,45.27,26.94
kabupaten,15,1501,2,2024,0.0836,"Non Basis",1.8,21.58
kabupaten,15,1501,3,2024,0.2666,"Non Basis",2.67,10
kabupaten,15,1501,4,2024,0.7227,"Non Basis",0.05,0.07
kabupaten,15,1501,5,2024,2.2686,Basis,0.29,0.13
kabupaten,15,1501,6,2024,1.8091,Basis,14.46,7.99
kabupaten,15,1501,7,2024,0.8476,"Non Basis",8.78,10.35
kabupaten,15,1501,8,2024,0.7469,"Non Basis",2.57,3.44
kabupaten,15,1501,9,2024,0.6662,"Non Basis",0.83,1.24
kabupaten,15,1501,10,2024,1.8718,Basis,8.13,4.35
kabupaten,15,1501,11,2024,0.4587,"Non Basis",0.98,2.14
kabupaten,15,1501,12,2024,1.0636,Basis,1.56,1.46
kabupaten,15,1501,13,2024,0.0327,"Non Basis",0.04,1.28
kabupaten,15,1501,14,2024,1.6005,Basis,5.09,3.18
kabupaten,15,1501,15,2024,1.2101,Basis,4.05,3.35
kabupaten,15,1501,16,2024,1.3236,Basis,1.88,1.42
kabupaten,15,1501,17,2024,1.4352,Basis,1.56,1.09
kabupaten,15,1501,1,2025,1.741,Basis,47.15,27.08
kabupaten,15,1501,2,2025,0.0815,"Non Basis",1.78,21.79
kabupaten,15,1501,3,2025,0.2701,"Non Basis",2.71,10.02
kabupaten,15,1501,4,2025,0.6968,"Non Basis",0.05,0.07
kabupaten,15,1501,5,2025,2.2504,Basis,0.28,0.12
kabupaten,15,1501,6,2025,1.6862,Basis,12.31,7.3
kabupaten,15,1501,7,2025,0.8469,"Non Basis",9.01,10.63
kabupaten,15,1501,8,2025,0.7854,"Non Basis",2.8,3.57
kabupaten,15,1501,9,2025,0.6785,"Non Basis",0.83,1.22
kabupaten,15,1501,10,2025,1.8641,Basis,8.38,4.49
kabupaten,15,1501,11,2025,0.4498,"Non Basis",1,2.21
kabupaten,15,1501,12,2025,1.0733,Basis,1.56,1.45
kabupaten,15,1501,13,2025,0.033,"Non Basis",0.04,1.31
kabupaten,15,1501,14,2025,1.6036,Basis,4.73,2.95
kabupaten,15,1501,15,2025,1.2118,Basis,3.99,3.29
kabupaten,15,1501,16,2025,1.3194,Basis,1.86,1.41
kabupaten,15,1501,17,2025,1.4409,Basis,1.54,1.07
kabupaten,15,1502,1,2021,1.8239,Basis,48.85,26.79
kabupaten,15,1502,2,2021,0.1025,"Non Basis",2.38,23.22
kabupaten,15,1502,3,2021,0.7567,"Non Basis",7.74,10.22
kabupaten,15,1502,4,2021,1.0985,Basis,0.06,0.06
kabupaten,15,1502,5,2021,1.3279,Basis,0.18,0.14
kabupaten,15,1502,6,2021,0.9462,"Non Basis",7.4,7.82
kabupaten,15,1502,7,2021,1.1343,Basis,11.1,9.78
kabupaten,15,1502,8,2021,0.6713,"Non Basis",1.94,2.88
kabupaten,15,1502,9,2021,1.8272,Basis,1.97,1.08
kabupaten,15,1502,10,2021,1.1641,Basis,4.79,4.12
kabupaten,15,1502,11,2021,0.643,"Non Basis",1.54,2.39
kabupaten,15,1502,12,2021,1.4715,Basis,2.18,1.48
kabupaten,15,1502,13,2021,0.1285,"Non Basis",0.13,1
kabupaten,15,1502,14,2021,1.0043,Basis,3.22,3.2
kabupaten,15,1502,15,2021,1.0266,Basis,3.48,3.39
kabupaten,15,1502,16,2021,1.1222,Basis,1.61,1.44
kabupaten,15,1502,17,2021,1.4469,Basis,1.43,0.99
kabupaten,15,1502,1,2022,1.8419,Basis,49.28,26.75
kabupaten,15,1502,2,2022,0.1042,"Non Basis",2.48,23.81
kabupaten,15,1502,3,2022,0.762,"Non Basis",7.64,10.02
kabupaten,15,1502,4,2022,1.0542,Basis,0.06,0.06
kabupaten,15,1502,5,2022,1.3258,Basis,0.18,0.14
kabupaten,15,1502,6,2022,0.9417,"Non Basis",6.94,7.37
kabupaten,15,1502,7,2022,1.1508,Basis,11.29,9.81
kabupaten,15,1502,8,2022,0.6386,"Non Basis",2.05,3.21
kabupaten,15,1502,9,2022,1.7324,Basis,1.98,1.14
kabupaten,15,1502,10,2022,1.1556,Basis,4.85,4.2
kabupaten,15,1502,11,2022,0.6401,"Non Basis",1.44,2.26
kabupaten,15,1502,12,2022,1.4961,Basis,2.2,1.47
kabupaten,15,1502,13,2022,0.1237,"Non Basis",0.14,1.1
kabupaten,15,1502,14,2022,1.0029,Basis,3.04,3.03
kabupaten,15,1502,15,2022,1.0501,Basis,3.46,3.29
kabupaten,15,1502,16,2022,1.139,Basis,1.52,1.34
kabupaten,15,1502,17,2022,1.4377,Basis,1.46,1.01
kabupaten,15,1502,1,2023,1.8168,Basis,49.05,27
kabupaten,15,1502,2,2023,0.0907,"Non Basis",2.06,22.76
kabupaten,15,1502,3,2023,0.788,"Non Basis",7.86,9.98
kabupaten,15,1502,4,2023,1.0511,Basis,0.07,0.06
kabupaten,15,1502,5,2023,1.3191,Basis,0.17,0.13
kabupaten,15,1502,6,2023,0.9072,"Non Basis",6.9,7.6
kabupaten,15,1502,7,2023,1.1569,Basis,11.79,10.19
kabupaten,15,1502,8,2023,0.6241,"Non Basis",2.07,3.32
kabupaten,15,1502,9,2023,1.7187,Basis,2.04,1.19
kabupaten,15,1502,10,2023,1.144,Basis,4.94,4.32
kabupaten,15,1502,11,2023,0.6227,"Non Basis",1.36,2.18
kabupaten,15,1502,12,2023,1.4751,Basis,2.14,1.45
kabupaten,15,1502,13,2023,0.126,"Non Basis",0.15,1.22
kabupaten,15,1502,14,2023,1.0123,Basis,3.02,2.98
kabupaten,15,1502,15,2023,1.0539,Basis,3.4,3.22
kabupaten,15,1502,16,2023,1.1427,Basis,1.53,1.34
kabupaten,15,1502,17,2023,1.3762,Basis,1.45,1.05
kabupaten,15,1502,1,2024,1.801,Basis,48.51,26.94
kabupaten,15,1502,2,2024,0.0951,"Non Basis",2.05,21.58
kabupaten,15,1502,3,2024,0.7613,"Non Basis",7.62,10
kabupaten,15,1502,4,2024,1.0277,Basis,0.07,0.07
kabupaten,15,1502,5,2024,1.2912,Basis,0.16,0.13
kabupaten,15,1502,6,2024,0.8586,"Non Basis",6.86,7.99
kabupaten,15,1502,7,2024,1.1558,Basis,11.97,10.35
kabupaten,15,1502,8,2024,0.6113,"Non Basis",2.1,3.44
kabupaten,15,1502,9,2024,1.6849,Basis,2.1,1.24
kabupaten,15,1502,10,2024,1.1518,Basis,5.01,4.35
kabupaten,15,1502,11,2024,0.6119,"Non Basis",1.31,2.14
kabupaten,15,1502,12,2024,1.4323,Basis,2.09,1.46
kabupaten,15,1502,13,2024,0.1172,"Non Basis",0.15,1.28
kabupaten,15,1502,14,2024,0.9981,"Non Basis",3.17,3.18
kabupaten,15,1502,15,2024,1.0975,Basis,3.67,3.35
kabupaten,15,1502,16,2024,1.1726,Basis,1.66,1.42
kabupaten,15,1502,17,2024,1.3721,Basis,1.49,1.09
kabupaten,15,1502,1,2025,1.7985,Basis,48.71,27.08
kabupaten,15,1502,2,2025,0.0945,"Non Basis",2.06,21.79
kabupaten,15,1502,3,2025,0.7468,"Non Basis",7.48,10.02
kabupaten,15,1502,4,2025,0.9848,"Non Basis",0.07,0.07
kabupaten,15,1502,5,2025,1.3346,Basis,0.16,0.12
kabupaten,15,1502,6,2025,0.9234,"Non Basis",6.74,7.3
kabupaten,15,1502,7,2025,1.1391,Basis,12.11,10.63
kabupaten,15,1502,8,2025,0.6357,"Non Basis",2.27,3.57
kabupaten,15,1502,9,2025,1.6849,Basis,2.06,1.22
kabupaten,15,1502,10,2025,1.1173,Basis,5.02,4.49
kabupaten,15,1502,11,2025,0.594,"Non Basis",1.32,2.21
kabupaten,15,1502,12,2025,1.4066,Basis,2.04,1.45
kabupaten,15,1502,13,2025,0.1152,"Non Basis",0.15,1.31
kabupaten,15,1502,14,2025,1.0401,Basis,3.07,2.95
kabupaten,15,1502,15,2025,1.1214,Basis,3.69,3.29
kabupaten,15,1502,16,2025,1.1349,Basis,1.6,1.41
kabupaten,15,1502,17,2025,1.3572,Basis,1.45,1.07
kabupaten,15,1503,1,2021,0.9694,"Non Basis",25.96,26.79
kabupaten,15,1503,2,2021,1.3439,Basis,31.21,23.22
kabupaten,15,1503,3,2021,0.3607,"Non Basis",3.69,10.22
kabupaten,15,1503,4,2021,0.564,"Non Basis",0.03,0.06
kabupaten,15,1503,5,2021,0.9047,"Non Basis",0.13,0.14
kabupaten,15,1503,6,2021,1.6298,Basis,12.74,7.82
kabupaten,15,1503,7,2021,0.5665,"Non Basis",5.54,9.78
kabupaten,15,1503,8,2021,0.6481,"Non Basis",1.87,2.88
kabupaten,15,1503,9,2021,1.7059,Basis,1.84,1.08
kabupaten,15,1503,10,2021,0.8997,"Non Basis",3.7,4.12
kabupaten,15,1503,11,2021,1.0119,Basis,2.42,2.39
kabupaten,15,1503,12,2021,0.8464,"Non Basis",1.26,1.48
kabupaten,15,1503,13,2021,0.2131,"Non Basis",0.21,1
kabupaten,15,1503,14,2021,1.1122,Basis,3.56,3.2
kabupaten,15,1503,15,2021,0.8596,"Non Basis",2.91,3.39
kabupaten,15,1503,16,2021,1.0417,Basis,1.5,1.44
kabupaten,15,1503,17,2021,1.4393,Basis,1.42,0.99
kabupaten,15,1503,1,2022,0.9486,"Non Basis",25.38,26.75
kabupaten,15,1503,2,2022,1.4185,Basis,33.77,23.81
kabupaten,15,1503,3,2022,0.3493,"Non Basis",3.5,10.02
kabupaten,15,1503,4,2022,0.6208,"Non Basis",0.04,0.06
kabupaten,15,1503,5,2022,0.893,"Non Basis",0.12,0.14
kabupaten,15,1503,6,2022,1.5864,Basis,11.69,7.37
kabupaten,15,1503,7,2022,0.5504,"Non Basis",5.4,9.81
kabupaten,15,1503,8,2022,0.6067,"Non Basis",1.95,3.21
kabupaten,15,1503,9,2022,1.5912,Basis,1.82,1.14
kabupaten,15,1503,10,2022,0.8854,"Non Basis",3.72,4.2
kabupaten,15,1503,11,2022,0.9995,"Non Basis",2.25,2.26
kabupaten,15,1503,12,2022,0.8256,"Non Basis",1.21,1.47
kabupaten,15,1503,13,2022,0.2065,"Non Basis",0.23,1.1
kabupaten,15,1503,14,2022,1.1092,Basis,3.36,3.03
kabupaten,15,1503,15,2022,0.8483,"Non Basis",2.79,3.29
kabupaten,15,1503,16,2022,1.0471,Basis,1.4,1.34
kabupaten,15,1503,17,2022,1.3571,Basis,1.38,1.01
kabupaten,15,1503,1,2023,0.9524,"Non Basis",25.71,27
kabupaten,15,1503,2,2023,1.441,Basis,32.79,22.76
kabupaten,15,1503,3,2023,0.348,"Non Basis",3.47,9.98
kabupaten,15,1503,4,2023,0.6268,"Non Basis",0.04,0.06
kabupaten,15,1503,5,2023,0.9168,"Non Basis",0.12,0.13
kabupaten,15,1503,6,2023,1.554,Basis,11.82,7.6
kabupaten,15,1503,7,2023,0.561,"Non Basis",5.72,10.19
kabupaten,15,1503,8,2023,0.6113,"Non Basis",2.03,3.32
kabupaten,15,1503,9,2023,1.6205,Basis,1.92,1.19
kabupaten,15,1503,10,2023,0.887,"Non Basis",3.83,4.32
kabupaten,15,1503,11,2023,1.0142,Basis,2.21,2.18
kabupaten,15,1503,12,2023,0.8294,"Non Basis",1.2,1.45
kabupaten,15,1503,13,2023,0.2068,"Non Basis",0.25,1.22
kabupaten,15,1503,14,2023,1.1166,Basis,3.33,2.98
kabupaten,15,1503,15,2023,0.8491,"Non Basis",2.74,3.22
kabupaten,15,1503,16,2023,1.0468,Basis,1.4,1.34
kabupaten,15,1503,17,2023,1.3436,Basis,1.41,1.05
kabupaten,15,1503,1,2024,0.9622,"Non Basis",25.92,26.94
kabupaten,15,1503,2,2024,1.4591,Basis,31.48,21.58
kabupaten,15,1503,3,2024,0.3457,"Non Basis",3.46,10
kabupaten,15,1503,4,2024,0.6176,"Non Basis",0.04,0.07
kabupaten,15,1503,5,2024,0.9448,"Non Basis",0.12,0.13
kabupaten,15,1503,6,2024,1.5048,Basis,12.03,7.99
kabupaten,15,1503,7,2024,0.5667,"Non Basis",5.87,10.35
kabupaten,15,1503,8,2024,0.614,"Non Basis",2.11,3.44
kabupaten,15,1503,9,2024,1.6169,Basis,2.01,1.24
kabupaten,15,1503,10,2024,0.8922,"Non Basis",3.88,4.35
kabupaten,15,1503,11,2024,1.0286,Basis,2.2,2.14
kabupaten,15,1503,12,2024,0.8354,"Non Basis",1.22,1.46
kabupaten,15,1503,13,2024,0.2071,"Non Basis",0.27,1.28
kabupaten,15,1503,14,2024,1.0919,Basis,3.47,3.18
kabupaten,15,1503,15,2024,0.8655,"Non Basis",2.9,3.35
kabupaten,15,1503,16,2024,1.1037,Basis,1.57,1.42
kabupaten,15,1503,17,2024,1.3461,Basis,1.47,1.09
kabupaten,15,1503,1,2025,0.9597,"Non Basis",25.99,27.08
kabupaten,15,1503,2,2025,1.4688,Basis,32.01,21.79
kabupaten,15,1503,3,2025,0.3397,"Non Basis",3.4,10.02
kabupaten,15,1503,4,2025,0.5991,"Non Basis",0.04,0.07
kabupaten,15,1503,5,2025,0.9402,"Non Basis",0.12,0.12
kabupaten,15,1503,6,2025,1.5479,Basis,11.3,7.3
kabupaten,15,1503,7,2025,0.5602,"Non Basis",5.96,10.63
kabupaten,15,1503,8,2025,0.6148,"Non Basis",2.19,3.57
kabupaten,15,1503,9,2025,1.6205,Basis,1.98,1.22
kabupaten,15,1503,10,2025,0.8687,"Non Basis",3.9,4.49
kabupaten,15,1503,11,2025,0.9991,"Non Basis",2.21,2.21
kabupaten,15,1503,12,2025,0.8479,"Non Basis",1.23,1.45
kabupaten,15,1503,13,2025,0.206,"Non Basis",0.27,1.31
kabupaten,15,1503,14,2025,1.1971,Basis,3.53,2.95
kabupaten,15,1503,15,2025,0.8743,"Non Basis",2.88,3.29
kabupaten,15,1503,16,2025,1.1029,Basis,1.55,1.41
kabupaten,15,1503,17,2025,1.3336,Basis,1.43,1.07
kabupaten,15,1504,1,2021,1.445,Basis,38.7,26.79
kabupaten,15,1504,2,2021,0.7595,"Non Basis",17.64,23.22
kabupaten,15,1504,3,2021,1.049,Basis,10.72,10.22
kabupaten,15,1504,4,2021,0.934,"Non Basis",0.05,0.06
kabupaten,15,1504,5,2021,0.5928,"Non Basis",0.08,0.14
kabupaten,15,1504,6,2021,0.8546,"Non Basis",6.68,7.82
kabupaten,15,1504,7,2021,0.7135,"Non Basis",6.98,9.78
kabupaten,15,1504,8,2021,0.5166,"Non Basis",1.49,2.88
kabupaten,15,1504,9,2021,0.3493,"Non Basis",0.38,1.08
kabupaten,15,1504,10,2021,0.7776,"Non Basis",3.2,4.12
kabupaten,15,1504,11,2021,0.7478,"Non Basis",1.79,2.39
kabupaten,15,1504,12,2021,0.7778,"Non Basis",1.15,1.48
kabupaten,15,1504,13,2021,0.0684,"Non Basis",0.07,1
kabupaten,15,1504,14,2021,1.1582,Basis,3.71,3.2
kabupaten,15,1504,15,2021,1.3948,Basis,4.73,3.39
kabupaten,15,1504,16,2021,1.1282,Basis,1.62,1.44
kabupaten,15,1504,17,2021,1.0121,Basis,1,0.99
kabupaten,15,1504,1,2022,1.3323,Basis,35.64,26.75
kabupaten,15,1504,2,2022,1.0499,Basis,24.99,23.81
kabupaten,15,1504,3,2022,0.9464,"Non Basis",9.49,10.02
kabupaten,15,1504,4,2022,0.8634,"Non Basis",0.05,0.06
kabupaten,15,1504,5,2022,0.5489,"Non Basis",0.07,0.14
kabupaten,15,1504,6,2022,0.775,"Non Basis",5.71,7.37
kabupaten,15,1504,7,2022,0.6683,"Non Basis",6.55,9.81
kabupaten,15,1504,8,2022,0.4633,"Non Basis",1.49,3.21
kabupaten,15,1504,9,2022,0.3103,"Non Basis",0.35,1.14
kabupaten,15,1504,10,2022,0.7255,"Non Basis",3.05,4.2
kabupaten,15,1504,11,2022,0.678,"Non Basis",1.53,2.26
kabupaten,15,1504,12,2022,0.7174,"Non Basis",1.05,1.47
kabupaten,15,1504,13,2022,0.0631,"Non Basis",0.07,1.1
kabupaten,15,1504,14,2022,1.0888,Basis,3.3,3.03
kabupaten,15,1504,15,2022,1.2966,Basis,4.27,3.29
kabupaten,15,1504,16,2022,1.0796,Basis,1.44,1.34
kabupaten,15,1504,17,2022,0.9245,"Non Basis",0.94,1.01
kabupaten,15,1504,1,2023,1.3499,Basis,36.45,27
kabupaten,15,1504,2,2023,1.0381,Basis,23.62,22.76
kabupaten,15,1504,3,2023,0.9616,"Non Basis",9.6,9.98
kabupaten,15,1504,4,2023,0.874,"Non Basis",0.06,0.06
kabupaten,15,1504,5,2023,0.5529,"Non Basis",0.07,0.13
kabupaten,15,1504,6,2023,0.7554,"Non Basis",5.74,7.6
kabupaten,15,1504,7,2023,0.6748,"Non Basis",6.88,10.19
kabupaten,15,1504,8,2023,0.4643,"Non Basis",1.54,3.32
kabupaten,15,1504,9,2023,0.3111,"Non Basis",0.37,1.19
kabupaten,15,1504,10,2023,0.7399,"Non Basis",3.19,4.32
kabupaten,15,1504,11,2023,0.6755,"Non Basis",1.47,2.18
kabupaten,15,1504,12,2023,0.7152,"Non Basis",1.04,1.45
kabupaten,15,1504,13,2023,0.0624,"Non Basis",0.08,1.22
kabupaten,15,1504,14,2023,1.11,Basis,3.31,2.98
kabupaten,15,1504,15,2023,1.2967,Basis,4.18,3.22
kabupaten,15,1504,16,2023,1.0851,Basis,1.45,1.34
kabupaten,15,1504,17,2023,0.903,"Non Basis",0.95,1.05
kabupaten,15,1504,1,2024,1.3997,Basis,37.7,26.94
kabupaten,15,1504,2,2024,0.9463,"Non Basis",20.42,21.58
kabupaten,15,1504,3,2024,0.9974,"Non Basis",9.98,10
kabupaten,15,1504,4,2024,0.8868,"Non Basis",0.06,0.07
kabupaten,15,1504,5,2024,0.5682,"Non Basis",0.07,0.13
kabupaten,15,1504,6,2024,0.7443,"Non Basis",5.95,7.99
kabupaten,15,1504,7,2024,0.6892,"Non Basis",7.14,10.35
kabupaten,15,1504,8,2024,0.4745,"Non Basis",1.63,3.44
kabupaten,15,1504,9,2024,0.3151,"Non Basis",0.39,1.24
kabupaten,15,1504,10,2024,0.7428,"Non Basis",3.23,4.35
kabupaten,15,1504,11,2024,0.688,"Non Basis",1.47,2.14
kabupaten,15,1504,12,2024,0.7156,"Non Basis",1.05,1.46
kabupaten,15,1504,13,2024,0.0628,"Non Basis",0.08,1.28
kabupaten,15,1504,14,2024,1.1512,Basis,3.66,3.18
kabupaten,15,1504,15,2024,1.3761,Basis,4.6,3.35
kabupaten,15,1504,16,2024,1.1174,Basis,1.59,1.42
kabupaten,15,1504,17,2024,0.9077,"Non Basis",0.99,1.09
kabupaten,15,1504,1,2025,1.388,Basis,37.59,27.08
kabupaten,15,1504,2,2025,0.9641,"Non Basis",21.01,21.79
kabupaten,15,1504,3,2025,0.9896,"Non Basis",9.92,10.02
kabupaten,15,1504,4,2025,0.889,"Non Basis",0.06,0.07
kabupaten,15,1504,5,2025,0.5861,"Non Basis",0.07,0.12
kabupaten,15,1504,6,2025,0.7771,"Non Basis",5.67,7.3
kabupaten,15,1504,7,2025,0.6724,"Non Basis",7.15,10.63
kabupaten,15,1504,8,2025,0.483,"Non Basis",1.72,3.57
kabupaten,15,1504,9,2025,0.3264,"Non Basis",0.4,1.22
kabupaten,15,1504,10,2025,0.7131,"Non Basis",3.2,4.49
kabupaten,15,1504,11,2025,0.651,"Non Basis",1.44,2.21
kabupaten,15,1504,12,2025,0.7144,"Non Basis",1.04,1.45
kabupaten,15,1504,13,2025,0.0614,"Non Basis",0.08,1.31
kabupaten,15,1504,14,2025,1.2351,Basis,3.64,2.95
kabupaten,15,1504,15,2025,1.3646,Basis,4.49,3.29
kabupaten,15,1504,16,2025,1.0999,Basis,1.55,1.41
kabupaten,15,1504,17,2025,0.8955,"Non Basis",0.96,1.07
kabupaten,15,1505,1,2021,1.57,Basis,42.05,26.79
kabupaten,15,1505,2,2021,0.5568,"Non Basis",12.93,23.22
kabupaten,15,1505,3,2021,1.5811,Basis,16.16,10.22
kabupaten,15,1505,4,2021,0.7261,"Non Basis",0.04,0.06
kabupaten,15,1505,5,2021,0.7038,"Non Basis",0.1,0.14
kabupaten,15,1505,6,2021,0.7461,"Non Basis",5.83,7.82
kabupaten,15,1505,7,2021,0.5039,"Non Basis",4.93,9.78
kabupaten,15,1505,8,2021,1.1431,Basis,3.3,2.88
kabupaten,15,1505,9,2021,0.5598,"Non Basis",0.6,1.08
kabupaten,15,1505,10,2021,0.6672,"Non Basis",2.75,4.12
kabupaten,15,1505,11,2021,0.7594,"Non Basis",1.81,2.39
kabupaten,15,1505,12,2021,0.8243,"Non Basis",1.22,1.48
kabupaten,15,1505,13,2021,1.0517,Basis,1.05,1
kabupaten,15,1505,14,2021,0.8797,"Non Basis",2.82,3.2
kabupaten,15,1505,15,2021,0.5433,"Non Basis",1.84,3.39
kabupaten,15,1505,16,2021,0.8571,"Non Basis",1.23,1.44
kabupaten,15,1505,17,2021,1.338,Basis,1.32,0.99
kabupaten,15,1505,1,2022,1.538,Basis,41.15,26.75
kabupaten,15,1505,2,2022,0.6636,"Non Basis",15.8,23.81
kabupaten,15,1505,3,2022,1.5191,Basis,15.23,10.02
kabupaten,15,1505,4,2022,0.696,"Non Basis",0.04,0.06
kabupaten,15,1505,5,2022,0.6793,"Non Basis",0.09,0.14
kabupaten,15,1505,6,2022,0.715,"Non Basis",5.27,7.37
kabupaten,15,1505,7,2022,0.493,"Non Basis",4.84,9.81
kabupaten,15,1505,8,2022,1.1052,Basis,3.55,3.21
kabupaten,15,1505,9,2022,0.5257,"Non Basis",0.6,1.14
kabupaten,15,1505,10,2022,0.6452,"Non Basis",2.71,4.2
kabupaten,15,1505,11,2022,0.7388,"Non Basis",1.67,2.26
kabupaten,15,1505,12,2022,0.8025,"Non Basis",1.18,1.47
kabupaten,15,1505,13,2022,0.9931,"Non Basis",1.09,1.1
kabupaten,15,1505,14,2022,0.8566,"Non Basis",2.59,3.03
kabupaten,15,1505,15,2022,0.5282,"Non Basis",1.74,3.29
kabupaten,15,1505,16,2022,0.8348,"Non Basis",1.12,1.34
kabupaten,15,1505,17,2022,1.329,Basis,1.35,1.01
kabupaten,15,1505,1,2023,1.4985,Basis,40.46,27
kabupaten,15,1505,2,2023,0.6898,"Non Basis",15.7,22.76
kabupaten,15,1505,3,2023,1.4686,Basis,14.66,9.98
kabupaten,15,1505,4,2023,0.7021,"Non Basis",0.05,0.06
kabupaten,15,1505,5,2023,0.6786,"Non Basis",0.09,0.13
kabupaten,15,1505,6,2023,0.8709,"Non Basis",6.62,7.6
kabupaten,15,1505,7,2023,0.4899,"Non Basis",4.99,10.19
kabupaten,15,1505,8,2023,1.0643,Basis,3.53,3.32
kabupaten,15,1505,9,2023,0.5222,"Non Basis",0.62,1.19
kabupaten,15,1505,10,2023,0.6397,"Non Basis",2.76,4.32
kabupaten,15,1505,11,2023,0.7291,"Non Basis",1.59,2.18
kabupaten,15,1505,12,2023,0.7932,"Non Basis",1.15,1.45
kabupaten,15,1505,13,2023,0.9519,"Non Basis",1.17,1.22
kabupaten,15,1505,14,2023,0.8333,"Non Basis",2.48,2.98
kabupaten,15,1505,15,2023,0.5236,"Non Basis",1.69,3.22
kabupaten,15,1505,16,2023,0.8105,"Non Basis",1.08,1.34
kabupaten,15,1505,17,2023,1.293,Basis,1.36,1.05
kabupaten,15,1505,1,2024,1.4651,Basis,39.47,26.94
kabupaten,15,1505,2,2024,0.6728,"Non Basis",14.52,21.58
kabupaten,15,1505,3,2024,1.4352,Basis,14.36,10
kabupaten,15,1505,4,2024,0.7126,"Non Basis",0.05,0.07
kabupaten,15,1505,5,2024,0.6531,"Non Basis",0.08,0.13
kabupaten,15,1505,6,2024,1.1325,Basis,9.05,7.99
kabupaten,15,1505,7,2024,0.4782,"Non Basis",4.95,10.35
kabupaten,15,1505,8,2024,1.0099,Basis,3.47,3.44
kabupaten,15,1505,9,2024,0.5048,"Non Basis",0.63,1.24
kabupaten,15,1505,10,2024,0.6295,"Non Basis",2.74,4.35
kabupaten,15,1505,11,2024,0.7158,"Non Basis",1.53,2.14
kabupaten,15,1505,12,2024,0.782,"Non Basis",1.14,1.46
kabupaten,15,1505,13,2024,0.93,"Non Basis",1.19,1.28
kabupaten,15,1505,14,2024,0.7779,"Non Basis",2.47,3.18
kabupaten,15,1505,15,2024,0.5433,"Non Basis",1.82,3.35
kabupaten,15,1505,16,2024,0.8152,"Non Basis",1.16,1.42
kabupaten,15,1505,17,2024,1.2657,Basis,1.38,1.09
kabupaten,15,1505,1,2025,1.4877,Basis,40.29,27.08
kabupaten,15,1505,2,2025,0.6701,"Non Basis",14.6,21.79
kabupaten,15,1505,3,2025,1.4309,Basis,14.34,10.02
kabupaten,15,1505,4,2025,0.7157,"Non Basis",0.05,0.07
kabupaten,15,1505,5,2025,0.6533,"Non Basis",0.08,0.12
kabupaten,15,1505,6,2025,1.0818,Basis,7.9,7.3
kabupaten,15,1505,7,2025,0.4843,"Non Basis",5.15,10.63
kabupaten,15,1505,8,2025,1.0029,Basis,3.58,3.57
kabupaten,15,1505,9,2025,0.52,"Non Basis",0.64,1.22
kabupaten,15,1505,10,2025,0.6325,"Non Basis",2.84,4.49
kabupaten,15,1505,11,2025,0.7026,"Non Basis",1.56,2.21
kabupaten,15,1505,12,2025,0.789,"Non Basis",1.14,1.45
kabupaten,15,1505,13,2025,0.9235,"Non Basis",1.21,1.31
kabupaten,15,1505,14,2025,0.7921,"Non Basis",2.34,2.95
kabupaten,15,1505,15,2025,0.5435,"Non Basis",1.79,3.29
kabupaten,15,1505,16,2025,0.8066,"Non Basis",1.14,1.41
kabupaten,15,1505,17,2025,1.2749,Basis,1.36,1.07
kabupaten,15,1506,1,2021,0.8529,"Non Basis",22.85,26.79
kabupaten,15,1506,2,2021,1.7898,Basis,41.57,23.22
kabupaten,15,1506,3,2021,1.6901,Basis,17.28,10.22
kabupaten,15,1506,4,2021,0.2912,"Non Basis",0.02,0.06
kabupaten,15,1506,5,2021,0.3925,"Non Basis",0.05,0.14
kabupaten,15,1506,6,2021,0.6257,"Non Basis",4.89,7.82
kabupaten,15,1506,7,2021,0.3288,"Non Basis",3.22,9.78
kabupaten,15,1506,8,2021,0.2714,"Non Basis",0.78,2.88
kabupaten,15,1506,9,2021,0.3737,"Non Basis",0.4,1.08
kabupaten,15,1506,10,2021,0.4609,"Non Basis",1.9,4.12
kabupaten,15,1506,11,2021,0.439,"Non Basis",1.05,2.39
kabupaten,15,1506,12,2021,0.4494,"Non Basis",0.67,1.48
kabupaten,15,1506,13,2021,1.0397,Basis,1.04,1
kabupaten,15,1506,14,2021,0.4487,"Non Basis",1.44,3.2
kabupaten,15,1506,15,2021,0.524,"Non Basis",1.78,3.39
kabupaten,15,1506,16,2021,0.3906,"Non Basis",0.56,1.44
kabupaten,15,1506,17,2021,0.5256,"Non Basis",0.52,0.99
kabupaten,15,1506,1,2022,0.8757,"Non Basis",23.43,26.75
kabupaten,15,1506,2,2022,1.7008,Basis,40.49,23.81
kabupaten,15,1506,3,2022,1.7569,Basis,17.61,10.02
kabupaten,15,1506,4,2022,0.3227,"Non Basis",0.02,0.06
kabupaten,15,1506,5,2022,0.4011,"Non Basis",0.05,0.14
kabupaten,15,1506,6,2022,0.6422,"Non Basis",4.73,7.37
kabupaten,15,1506,7,2022,0.3358,"Non Basis",3.29,9.81
kabupaten,15,1506,8,2022,0.2695,"Non Basis",0.86,3.21
kabupaten,15,1506,9,2022,0.384,"Non Basis",0.44,1.14
kabupaten,15,1506,10,2022,0.4758,"Non Basis",2,4.2
kabupaten,15,1506,11,2022,0.4499,"Non Basis",1.01,2.26
kabupaten,15,1506,12,2022,0.4583,"Non Basis",0.67,1.47
kabupaten,15,1506,13,2022,1.0445,Basis,1.15,1.1
kabupaten,15,1506,14,2022,0.4589,"Non Basis",1.39,3.03
kabupaten,15,1506,15,2022,0.5393,"Non Basis",1.77,3.29
kabupaten,15,1506,16,2022,0.3973,"Non Basis",0.53,1.34
kabupaten,15,1506,17,2022,0.5327,"Non Basis",0.54,1.01
kabupaten,15,1506,1,2023,0.8935,"Non Basis",24.12,27
kabupaten,15,1506,2,2023,1.712,Basis,38.96,22.76
kabupaten,15,1506,3,2023,1.7923,Basis,17.89,9.98
kabupaten,15,1506,4,2023,0.3375,"Non Basis",0.02,0.06
kabupaten,15,1506,5,2023,0.4082,"Non Basis",0.05,0.13
kabupaten,15,1506,6,2023,0.6487,"Non Basis",4.93,7.6
kabupaten,15,1506,7,2023,0.3404,"Non Basis",3.47,10.19
kabupaten,15,1506,8,2023,0.2648,"Non Basis",0.88,3.32
kabupaten,15,1506,9,2023,0.386,"Non Basis",0.46,1.19
kabupaten,15,1506,10,2023,0.479,"Non Basis",2.07,4.32
kabupaten,15,1506,11,2023,0.4546,"Non Basis",0.99,2.18
kabupaten,15,1506,12,2023,0.4639,"Non Basis",0.67,1.45
kabupaten,15,1506,13,2023,1.0262,Basis,1.26,1.22
kabupaten,15,1506,14,2023,0.4626,"Non Basis",1.38,2.98
kabupaten,15,1506,15,2023,0.5441,"Non Basis",1.75,3.22
kabupaten,15,1506,16,2023,0.3993,"Non Basis",0.53,1.34
kabupaten,15,1506,17,2023,0.5339,"Non Basis",0.56,1.05
kabupaten,15,1506,1,2024,0.8883,"Non Basis",23.93,26.94
kabupaten,15,1506,2,2024,1.7818,Basis,38.45,21.58
kabupaten,15,1506,3,2024,1.8045,Basis,18.05,10
kabupaten,15,1506,4,2024,0.3483,"Non Basis",0.02,0.07
kabupaten,15,1506,5,2024,0.409,"Non Basis",0.05,0.13
kabupaten,15,1506,6,2024,0.6448,"Non Basis",5.15,7.99
kabupaten,15,1506,7,2024,0.3367,"Non Basis",3.49,10.35
kabupaten,15,1506,8,2024,0.2598,"Non Basis",0.89,3.44
kabupaten,15,1506,9,2024,0.386,"Non Basis",0.48,1.24
kabupaten,15,1506,10,2024,0.4765,"Non Basis",2.07,4.35
kabupaten,15,1506,11,2024,0.4553,"Non Basis",0.97,2.14
kabupaten,15,1506,12,2024,0.4663,"Non Basis",0.68,1.46
kabupaten,15,1506,13,2024,1.0233,Basis,1.31,1.28
kabupaten,15,1506,14,2024,0.4642,"Non Basis",1.48,3.18
kabupaten,15,1506,15,2024,0.5425,"Non Basis",1.82,3.35
kabupaten,15,1506,16,2024,0.4091,"Non Basis",0.58,1.42
kabupaten,15,1506,17,2024,0.5298,"Non Basis",0.58,1.09
kabupaten,15,1506,1,2025,0.8759,"Non Basis",23.72,27.08
kabupaten,15,1506,2,2025,1.7856,Basis,38.92,21.79
kabupaten,15,1506,3,2025,1.823,Basis,18.27,10.02
kabupaten,15,1506,4,2025,0.3495,"Non Basis",0.02,0.07
kabupaten,15,1506,5,2025,0.4028,"Non Basis",0.05,0.12
kabupaten,15,1506,6,2025,0.6455,"Non Basis",4.71,7.3
kabupaten,15,1506,7,2025,0.3416,"Non Basis",3.63,10.63
kabupaten,15,1506,8,2025,0.2642,"Non Basis",0.94,3.57
kabupaten,15,1506,9,2025,0.3832,"Non Basis",0.47,1.22
kabupaten,15,1506,10,2025,0.4514,"Non Basis",2.03,4.49
kabupaten,15,1506,11,2025,0.446,"Non Basis",0.99,2.21
kabupaten,15,1506,12,2025,0.4731,"Non Basis",0.69,1.45
kabupaten,15,1506,13,2025,1.0046,Basis,1.31,1.31
kabupaten,15,1506,14,2025,0.4627,"Non Basis",1.36,2.95
kabupaten,15,1506,15,2025,0.5358,"Non Basis",1.76,3.29
kabupaten,15,1506,16,2025,0.3986,"Non Basis",0.56,1.41
kabupaten,15,1506,17,2025,0.523,"Non Basis",0.56,1.07
kabupaten,15,1507,1,2021,0.6075,"Non Basis",16.27,26.79
kabupaten,15,1507,2,2021,2.3741,Basis,55.14,23.22
kabupaten,15,1507,3,2021,0.6942,"Non Basis",7.1,10.22
kabupaten,15,1507,4,2021,0.2497,"Non Basis",0.01,0.06
kabupaten,15,1507,5,2021,0.4767,"Non Basis",0.07,0.14
kabupaten,15,1507,6,2021,0.6303,"Non Basis",4.93,7.82
kabupaten,15,1507,7,2021,0.5831,"Non Basis",5.7,9.78
kabupaten,15,1507,8,2021,0.3896,"Non Basis",1.12,2.88
kabupaten,15,1507,9,2021,0.3022,"Non Basis",0.33,1.08
kabupaten,15,1507,10,2021,0.3791,"Non Basis",1.56,4.12
kabupaten,15,1507,11,2021,0.3135,"Non Basis",0.75,2.39
kabupaten,15,1507,12,2021,0.394,"Non Basis",0.58,1.48
kabupaten,15,1507,13,2021,1.0178,Basis,1.02,1
kabupaten,15,1507,14,2021,0.5365,"Non Basis",1.72,3.2
kabupaten,15,1507,15,2021,0.8544,"Non Basis",2.9,3.39
kabupaten,15,1507,16,2021,0.3611,"Non Basis",0.52,1.44
kabupaten,15,1507,17,2021,0.2904,"Non Basis",0.29,0.99
kabupaten,15,1507,1,2022,0.62,"Non Basis",16.59,26.75
kabupaten,15,1507,2,2022,2.2753,Basis,54.17,23.81
kabupaten,15,1507,3,2022,0.7171,"Non Basis",7.19,10.02
kabupaten,15,1507,4,2022,0.2576,"Non Basis",0.02,0.06
kabupaten,15,1507,5,2022,0.5046,"Non Basis",0.07,0.14
kabupaten,15,1507,6,2022,0.6637,"Non Basis",4.89,7.37
kabupaten,15,1507,7,2022,0.6065,"Non Basis",5.95,9.81
kabupaten,15,1507,8,2022,0.3808,"Non Basis",1.22,3.21
kabupaten,15,1507,9,2022,0.3039,"Non Basis",0.35,1.14
kabupaten,15,1507,10,2022,0.3948,"Non Basis",1.66,4.2
kabupaten,15,1507,11,2022,0.3287,"Non Basis",0.74,2.26
kabupaten,15,1507,12,2022,0.4007,"Non Basis",0.59,1.47
kabupaten,15,1507,13,2022,1.0187,Basis,1.12,1.1
kabupaten,15,1507,14,2022,0.5632,"Non Basis",1.71,3.03
kabupaten,15,1507,15,2022,0.8958,"Non Basis",2.95,3.29
kabupaten,15,1507,16,2022,0.3814,"Non Basis",0.51,1.34
kabupaten,15,1507,17,2022,0.294,"Non Basis",0.3,1.01
kabupaten,15,1507,1,2023,0.6292,"Non Basis",16.99,27
kabupaten,15,1507,2,2023,2.3217,Basis,52.83,22.76
kabupaten,15,1507,3,2023,0.7177,"Non Basis",7.16,9.98
kabupaten,15,1507,4,2023,0.2467,"Non Basis",0.02,0.06
kabupaten,15,1507,5,2023,0.4965,"Non Basis",0.06,0.13
kabupaten,15,1507,6,2023,0.6896,"Non Basis",5.24,7.6
kabupaten,15,1507,7,2023,0.6152,"Non Basis",6.27,10.19
kabupaten,15,1507,8,2023,0.3751,"Non Basis",1.25,3.32
kabupaten,15,1507,9,2023,0.3119,"Non Basis",0.37,1.19
kabupaten,15,1507,10,2023,0.4022,"Non Basis",1.74,4.32
kabupaten,15,1507,11,2023,0.3408,"Non Basis",0.74,2.18
kabupaten,15,1507,12,2023,0.4229,"Non Basis",0.61,1.45
kabupaten,15,1507,13,2023,1.0099,Basis,1.24,1.22
kabupaten,15,1507,14,2023,0.575,"Non Basis",1.71,2.98
kabupaten,15,1507,15,2023,0.9074,"Non Basis",2.93,3.22
kabupaten,15,1507,16,2023,0.3969,"Non Basis",0.53,1.34
kabupaten,15,1507,17,2023,0.2904,"Non Basis",0.31,1.05
kabupaten,15,1507,1,2024,0.6189,"Non Basis",16.67,26.94
kabupaten,15,1507,2,2024,2.4323,Basis,52.48,21.58
kabupaten,15,1507,3,2024,0.7042,"Non Basis",7.04,10
kabupaten,15,1507,4,2024,0.2513,"Non Basis",0.02,0.07
kabupaten,15,1507,5,2024,0.4987,"Non Basis",0.06,0.13
kabupaten,15,1507,6,2024,0.6805,"Non Basis",5.44,7.99
kabupaten,15,1507,7,2024,0.6203,"Non Basis",6.42,10.35
kabupaten,15,1507,8,2024,0.3708,"Non Basis",1.27,3.44
kabupaten,15,1507,9,2024,0.3057,"Non Basis",0.38,1.24
kabupaten,15,1507,10,2024,0.4002,"Non Basis",1.74,4.35
kabupaten,15,1507,11,2024,0.3426,"Non Basis",0.73,2.14
kabupaten,15,1507,12,2024,0.4248,"Non Basis",0.62,1.46
kabupaten,15,1507,13,2024,1.0068,Basis,1.29,1.28
kabupaten,15,1507,14,2024,0.5789,"Non Basis",1.84,3.18
kabupaten,15,1507,15,2024,0.9273,"Non Basis",3.1,3.35
kabupaten,15,1507,16,2024,0.4015,"Non Basis",0.57,1.42
kabupaten,15,1507,17,2024,0.2821,"Non Basis",0.31,1.09
kabupaten,15,1507,1,2025,0.626,"Non Basis",16.95,27.08
kabupaten,15,1507,2,2025,2.3912,Basis,52.11,21.79
kabupaten,15,1507,3,2025,0.7028,"Non Basis",7.04,10.02
kabupaten,15,1507,4,2025,0.2502,"Non Basis",0.02,0.07
kabupaten,15,1507,5,2025,0.5239,"Non Basis",0.06,0.12
kabupaten,15,1507,6,2025,0.7033,"Non Basis",5.13,7.3
kabupaten,15,1507,7,2025,0.6331,"Non Basis",6.73,10.63
kabupaten,15,1507,8,2025,0.3853,"Non Basis",1.37,3.57
kabupaten,15,1507,9,2025,0.3113,"Non Basis",0.38,1.22
kabupaten,15,1507,10,2025,0.4005,"Non Basis",1.8,4.49
kabupaten,15,1507,11,2025,0.3383,"Non Basis",0.75,2.21
kabupaten,15,1507,12,2025,0.4293,"Non Basis",0.62,1.45
kabupaten,15,1507,13,2025,1.0246,Basis,1.34,1.31
kabupaten,15,1507,14,2025,0.5827,"Non Basis",1.72,2.95
kabupaten,15,1507,15,2025,0.938,"Non Basis",3.09,3.29
kabupaten,15,1507,16,2025,0.4003,"Non Basis",0.56,1.41
kabupaten,15,1507,17,2025,0.2846,"Non Basis",0.3,1.07
kabupaten,15,1508,1,2021,0.7608,"Non Basis",20.38,26.79
kabupaten,15,1508,2,2021,0.9777,"Non Basis",22.7,23.22
kabupaten,15,1508,3,2021,0.6402,"Non Basis",6.54,10.22
kabupaten,15,1508,4,2021,0.7588,"Non Basis",0.04,0.06
kabupaten,15,1508,5,2021,1.567,Basis,0.22,0.14
kabupaten,15,1508,6,2021,1.5414,Basis,12.05,7.82
kabupaten,15,1508,7,2021,1.2103,Basis,11.84,9.78
kabupaten,15,1508,8,2021,0.8672,"Non Basis",2.5,2.88
kabupaten,15,1508,9,2021,2.2437,Basis,2.42,1.08
kabupaten,15,1508,10,2021,1.3345,Basis,5.49,4.12
kabupaten,15,1508,11,2021,1.6858,Basis,4.03,2.39
kabupaten,15,1508,12,2021,1.5637,Basis,2.32,1.48
kabupaten,15,1508,13,2021,0.183,"Non Basis",0.18,1
kabupaten,15,1508,14,2021,0.8769,"Non Basis",2.81,3.2
kabupaten,15,1508,15,2021,1.467,Basis,4.97,3.39
kabupaten,15,1508,16,2021,0.6136,"Non Basis",0.88,1.44
kabupaten,15,1508,17,2021,0.6185,"Non Basis",0.61,0.99
kabupaten,15,1508,1,2022,0.7603,"Non Basis",20.34,26.75
kabupaten,15,1508,2,2022,0.9862,"Non Basis",23.48,23.81
kabupaten,15,1508,3,2022,0.6288,"Non Basis",6.3,10.02
kabupaten,15,1508,4,2022,0.7344,"Non Basis",0.04,0.06
kabupaten,15,1508,5,2022,1.5609,Basis,0.21,0.14
kabupaten,15,1508,6,2022,1.581,Basis,11.65,7.37
kabupaten,15,1508,7,2022,1.2109,Basis,11.88,9.81
kabupaten,15,1508,8,2022,0.802,"Non Basis",2.57,3.21
kabupaten,15,1508,9,2022,2.184,Basis,2.49,1.14
kabupaten,15,1508,10,2022,1.3594,Basis,5.71,4.2
kabupaten,15,1508,11,2022,1.6861,Basis,3.8,2.26
kabupaten,15,1508,12,2022,1.5939,Basis,2.34,1.47
kabupaten,15,1508,13,2022,0.1819,"Non Basis",0.2,1.1
kabupaten,15,1508,14,2022,0.8879,"Non Basis",2.69,3.03
kabupaten,15,1508,15,2022,1.4677,Basis,4.83,3.29
kabupaten,15,1508,16,2022,0.6223,"Non Basis",0.83,1.34
kabupaten,15,1508,17,2022,0.6141,"Non Basis",0.62,1.01
kabupaten,15,1508,1,2023,0.7571,"Non Basis",20.44,27
kabupaten,15,1508,2,2023,1.0143,Basis,23.08,22.76
kabupaten,15,1508,3,2023,0.6257,"Non Basis",6.24,9.98
kabupaten,15,1508,4,2023,0.7157,"Non Basis",0.05,0.06
kabupaten,15,1508,5,2023,1.6267,Basis,0.21,0.13
kabupaten,15,1508,6,2023,1.5208,Basis,11.56,7.6
kabupaten,15,1508,7,2023,1.2187,Basis,12.42,10.19
kabupaten,15,1508,8,2023,0.7918,"Non Basis",2.63,3.32
kabupaten,15,1508,9,2023,2.1672,Basis,2.57,1.19
kabupaten,15,1508,10,2023,1.3518,Basis,5.83,4.32
kabupaten,15,1508,11,2023,1.6614,Basis,3.62,2.18
kabupaten,15,1508,12,2023,1.5903,Basis,2.31,1.45
kabupaten,15,1508,13,2023,0.1746,"Non Basis",0.21,1.22
kabupaten,15,1508,14,2023,0.8879,"Non Basis",2.65,2.98
kabupaten,15,1508,15,2023,1.4548,Basis,4.69,3.22
kabupaten,15,1508,16,2023,0.6271,"Non Basis",0.84,1.34
kabupaten,15,1508,17,2023,0.6025,"Non Basis",0.63,1.05
kabupaten,15,1508,1,2024,0.7794,"Non Basis",21,26.94
kabupaten,15,1508,2,2024,0.9623,"Non Basis",20.76,21.58
kabupaten,15,1508,3,2024,0.6345,"Non Basis",6.35,10
kabupaten,15,1508,4,2024,0.7177,"Non Basis",0.05,0.07
kabupaten,15,1508,5,2024,1.6008,Basis,0.2,0.13
kabupaten,15,1508,6,2024,1.4659,Basis,11.71,7.99
kabupaten,15,1508,7,2024,1.2183,Basis,12.61,10.35
kabupaten,15,1508,8,2024,0.8047,"Non Basis",2.77,3.44
kabupaten,15,1508,9,2024,2.26,Basis,2.81,1.24
kabupaten,15,1508,10,2024,1.3635,Basis,5.93,4.35
kabupaten,15,1508,11,2024,1.6834,Basis,3.6,2.14
kabupaten,15,1508,12,2024,1.603,Basis,2.34,1.46
kabupaten,15,1508,13,2024,0.1785,"Non Basis",0.23,1.28
kabupaten,15,1508,14,2024,0.9335,"Non Basis",2.97,3.18
kabupaten,15,1508,15,2024,1.5144,Basis,5.07,3.35
kabupaten,15,1508,16,2024,0.6578,"Non Basis",0.93,1.42
kabupaten,15,1508,17,2024,0.6174,"Non Basis",0.67,1.09
kabupaten,15,1508,1,2025,0.7715,"Non Basis",20.89,27.08
kabupaten,15,1508,2,2025,0.9355,"Non Basis",20.39,21.79
kabupaten,15,1508,3,2025,0.6698,"Non Basis",6.71,10.02
kabupaten,15,1508,4,2025,0.6925,"Non Basis",0.05,0.07
kabupaten,15,1508,5,2025,1.562,Basis,0.19,0.12
kabupaten,15,1508,6,2025,1.4879,Basis,10.86,7.3
kabupaten,15,1508,7,2025,1.2401,Basis,13.19,10.63
kabupaten,15,1508,8,2025,0.8376,"Non Basis",2.99,3.57
kabupaten,15,1508,9,2025,2.3282,Basis,2.85,1.22
kabupaten,15,1508,10,2025,1.3467,Basis,6.05,4.49
kabupaten,15,1508,11,2025,1.7072,Basis,3.78,2.21
kabupaten,15,1508,12,2025,1.6388,Basis,2.38,1.45
kabupaten,15,1508,13,2025,0.1777,"Non Basis",0.23,1.31
kabupaten,15,1508,14,2025,0.9545,"Non Basis",2.82,2.95
kabupaten,15,1508,15,2025,1.5208,Basis,5.01,3.29
kabupaten,15,1508,16,2025,0.675,"Non Basis",0.95,1.41
kabupaten,15,1508,17,2025,0.624,"Non Basis",0.67,1.07
kabupaten,15,1509,1,2021,1.9401,Basis,51.97,26.79
kabupaten,15,1509,2,2021,0.3805,"Non Basis",8.84,23.22
kabupaten,15,1509,3,2021,0.6114,"Non Basis",6.25,10.22
kabupaten,15,1509,4,2021,1.1683,Basis,0.07,0.06
kabupaten,15,1509,5,2021,0.3251,"Non Basis",0.05,0.14
kabupaten,15,1509,6,2021,0.902,"Non Basis",7.05,7.82
kabupaten,15,1509,7,2021,0.851,"Non Basis",8.32,9.78
kabupaten,15,1509,8,2021,0.5157,"Non Basis",1.49,2.88
kabupaten,15,1509,9,2021,0.3446,"Non Basis",0.37,1.08
kabupaten,15,1509,10,2021,1.0175,Basis,4.19,4.12
kabupaten,15,1509,11,2021,0.5434,"Non Basis",1.3,2.39
kabupaten,15,1509,12,2021,1.2342,Basis,1.83,1.48
kabupaten,15,1509,13,2021,0.0537,"Non Basis",0.05,1
kabupaten,15,1509,14,2021,0.9586,"Non Basis",3.07,3.2
kabupaten,15,1509,15,2021,0.6761,"Non Basis",2.29,3.39
kabupaten,15,1509,16,2021,0.7555,"Non Basis",1.09,1.44
kabupaten,15,1509,17,2021,1.7999,Basis,1.78,0.99
kabupaten,15,1509,1,2022,1.8745,Basis,50.15,26.75
kabupaten,15,1509,2,2022,0.4944,"Non Basis",11.77,23.81
kabupaten,15,1509,3,2022,0.5985,"Non Basis",6,10.02
kabupaten,15,1509,4,2022,1.1251,Basis,0.07,0.06
kabupaten,15,1509,5,2022,0.3169,"Non Basis",0.04,0.14
kabupaten,15,1509,6,2022,0.9002,"Non Basis",6.63,7.37
kabupaten,15,1509,7,2022,0.8406,"Non Basis",8.24,9.81
kabupaten,15,1509,8,2022,0.4732,"Non Basis",1.52,3.21
kabupaten,15,1509,9,2022,0.3298,"Non Basis",0.38,1.14
kabupaten,15,1509,10,2022,1.0109,Basis,4.25,4.2
kabupaten,15,1509,11,2022,0.5432,"Non Basis",1.23,2.26
kabupaten,15,1509,12,2022,1.2323,Basis,1.81,1.47
kabupaten,15,1509,13,2022,0.0501,"Non Basis",0.05,1.1
kabupaten,15,1509,14,2022,0.9598,"Non Basis",2.91,3.03
kabupaten,15,1509,15,2022,0.6631,"Non Basis",2.18,3.29
kabupaten,15,1509,16,2022,0.7608,"Non Basis",1.02,1.34
kabupaten,15,1509,17,2022,1.731,Basis,1.76,1.01
kabupaten,15,1509,1,2023,1.858,Basis,50.17,27
kabupaten,15,1509,2,2023,0.5044,"Non Basis",11.48,22.76
kabupaten,15,1509,3,2023,0.6081,"Non Basis",6.07,9.98
kabupaten,15,1509,4,2023,1.1257,Basis,0.07,0.06
kabupaten,15,1509,5,2023,0.3273,"Non Basis",0.04,0.13
kabupaten,15,1509,6,2023,0.8761,"Non Basis",6.66,7.6
kabupaten,15,1509,7,2023,0.8388,"Non Basis",8.55,10.19
kabupaten,15,1509,8,2023,0.4689,"Non Basis",1.56,3.32
kabupaten,15,1509,9,2023,0.3292,"Non Basis",0.39,1.19
kabupaten,15,1509,10,2023,1.0101,Basis,4.36,4.32
kabupaten,15,1509,11,2023,0.5399,"Non Basis",1.18,2.18
kabupaten,15,1509,12,2023,1.2294,Basis,1.78,1.45
kabupaten,15,1509,13,2023,0.0489,"Non Basis",0.06,1.22
kabupaten,15,1509,14,2023,0.9322,"Non Basis",2.78,2.98
kabupaten,15,1509,15,2023,0.6557,"Non Basis",2.11,3.22
kabupaten,15,1509,16,2023,0.7615,"Non Basis",1.02,1.34
kabupaten,15,1509,17,2023,1.6359,Basis,1.72,1.05
kabupaten,15,1509,1,2024,1.8711,Basis,50.4,26.94
kabupaten,15,1509,2,2024,0.464,"Non Basis",10.01,21.58
kabupaten,15,1509,3,2024,0.6298,"Non Basis",6.3,10
kabupaten,15,1509,4,2024,1.1575,Basis,0.08,0.07
kabupaten,15,1509,5,2024,0.3599,"Non Basis",0.05,0.13
kabupaten,15,1509,6,2024,0.838,"Non Basis",6.7,7.99
kabupaten,15,1509,7,2024,0.8723,"Non Basis",9.03,10.35
kabupaten,15,1509,8,2024,0.4736,"Non Basis",1.63,3.44
kabupaten,15,1509,9,2024,0.321,"Non Basis",0.4,1.24
kabupaten,15,1509,10,2024,1.0085,Basis,4.38,4.35
kabupaten,15,1509,11,2024,0.5401,"Non Basis",1.15,2.14
kabupaten,15,1509,12,2024,1.1944,Basis,1.75,1.46
kabupaten,15,1509,13,2024,0.0495,"Non Basis",0.06,1.28
kabupaten,15,1509,14,2024,0.9262,"Non Basis",2.94,3.18
kabupaten,15,1509,15,2024,0.6802,"Non Basis",2.28,3.35
kabupaten,15,1509,16,2024,0.7382,"Non Basis",1.05,1.42
kabupaten,15,1509,17,2024,1.6466,Basis,1.79,1.09
kabupaten,15,1509,1,2025,1.8623,Basis,50.44,27.08
kabupaten,15,1509,2,2025,0.4591,"Non Basis",10.01,21.79
kabupaten,15,1509,3,2025,0.6636,"Non Basis",6.65,10.02
kabupaten,15,1509,4,2025,1.1674,Basis,0.08,0.07
kabupaten,15,1509,5,2025,0.3828,"Non Basis",0.05,0.12
kabupaten,15,1509,6,2025,0.8491,"Non Basis",6.2,7.3
kabupaten,15,1509,7,2025,0.8726,"Non Basis",9.28,10.63
kabupaten,15,1509,8,2025,0.4886,"Non Basis",1.74,3.57
kabupaten,15,1509,9,2025,0.3198,"Non Basis",0.39,1.22
kabupaten,15,1509,10,2025,0.9725,"Non Basis",4.37,4.49
kabupaten,15,1509,11,2025,0.5129,"Non Basis",1.14,2.21
kabupaten,15,1509,12,2025,1.1732,Basis,1.7,1.45
kabupaten,15,1509,13,2025,0.0485,"Non Basis",0.06,1.31
kabupaten,15,1509,14,2025,0.9421,"Non Basis",2.78,2.95
kabupaten,15,1509,15,2025,0.693,"Non Basis",2.28,3.29
kabupaten,15,1509,16,2025,0.7375,"Non Basis",1.04,1.41
kabupaten,15,1509,17,2025,1.6804,Basis,1.8,1.07
kabupaten,15,1571,1,2021,0.0319,"Non Basis",0.85,26.79
kabupaten,15,1571,2,2021,0.1001,"Non Basis",2.32,23.22
kabupaten,15,1571,3,2021,1.1358,Basis,11.61,10.22
kabupaten,15,1571,4,2021,3.5641,Basis,0.2,0.06
kabupaten,15,1571,5,2021,1.7512,Basis,0.24,0.14
kabupaten,15,1571,6,2021,1.3247,Basis,10.35,7.82
kabupaten,15,1571,7,2021,2.8602,Basis,27.98,9.78
kabupaten,15,1571,8,2021,3.5493,Basis,10.24,2.88
kabupaten,15,1571,9,2021,2.1796,Basis,2.35,1.08
kabupaten,15,1571,10,2021,1.4649,Basis,6.03,4.12
kabupaten,15,1571,11,2021,2.7293,Basis,6.52,2.39
kabupaten,15,1571,12,2021,1.8146,Basis,2.69,1.48
kabupaten,15,1571,13,2021,2.6643,Basis,2.67,1
kabupaten,15,1571,14,2021,2.1181,Basis,6.79,3.2
kabupaten,15,1571,15,2021,1.4478,Basis,4.91,3.39
kabupaten,15,1571,16,2021,2.4086,Basis,3.46,1.44
kabupaten,15,1571,17,2021,0.7844,"Non Basis",0.78,0.99
kabupaten,15,1571,1,2022,0.0307,"Non Basis",0.82,26.75
kabupaten,15,1571,2,2022,0.0925,"Non Basis",2.2,23.81
kabupaten,15,1571,3,2022,1.1382,Basis,11.41,10.02
kabupaten,15,1571,4,2022,3.5595,Basis,0.21,0.06
kabupaten,15,1571,5,2022,1.7658,Basis,0.24,0.14
kabupaten,15,1571,6,2022,1.3209,Basis,9.73,7.37
kabupaten,15,1571,7,2022,2.8548,Basis,28,9.81
kabupaten,15,1571,8,2022,3.5394,Basis,11.36,3.21
kabupaten,15,1571,9,2022,2.4145,Basis,2.76,1.14
kabupaten,15,1571,10,2022,1.4859,Basis,6.24,4.2
kabupaten,15,1571,11,2022,2.7135,Basis,6.12,2.26
kabupaten,15,1571,12,2022,1.8131,Basis,2.67,1.47
kabupaten,15,1571,13,2022,2.7501,Basis,3.02,1.1
kabupaten,15,1571,14,2022,2.1146,Basis,6.4,3.03
kabupaten,15,1571,15,2022,1.4573,Basis,4.8,3.29
kabupaten,15,1571,16,2022,2.4046,Basis,3.21,1.34
kabupaten,15,1571,17,2022,0.7975,"Non Basis",0.81,1.01
kabupaten,15,1571,1,2023,0.0289,"Non Basis",0.78,27
kabupaten,15,1571,2,2023,0.091,"Non Basis",2.07,22.76
kabupaten,15,1571,3,2023,1.0943,Basis,10.92,9.98
kabupaten,15,1571,4,2023,3.4985,Basis,0.22,0.06
kabupaten,15,1571,5,2023,1.7379,Basis,0.23,0.13
kabupaten,15,1571,6,2023,1.2726,Basis,9.68,7.6
kabupaten,15,1571,7,2023,2.8149,Basis,28.69,10.19
kabupaten,15,1571,8,2023,3.5961,Basis,11.94,3.32
kabupaten,15,1571,9,2023,2.3878,Basis,2.83,1.19
kabupaten,15,1571,10,2023,1.4593,Basis,6.3,4.32
kabupaten,15,1571,11,2023,2.6657,Basis,5.82,2.18
kabupaten,15,1571,12,2023,1.7827,Basis,2.59,1.45
kabupaten,15,1571,13,2023,2.6277,Basis,3.22,1.22
kabupaten,15,1571,14,2023,2.0315,Basis,6.06,2.98
kabupaten,15,1571,15,2023,1.443,Basis,4.65,3.22
kabupaten,15,1571,16,2023,2.3751,Basis,3.17,1.34
kabupaten,15,1571,17,2023,0.7935,"Non Basis",0.83,1.05
kabupaten,15,1571,1,2024,0.0287,"Non Basis",0.77,26.94
kabupaten,15,1571,2,2024,0.0899,"Non Basis",1.94,21.58
kabupaten,15,1571,3,2024,1.0824,Basis,10.83,10
kabupaten,15,1571,4,2024,3.4555,Basis,0.23,0.07
kabupaten,15,1571,5,2024,1.7666,Basis,0.22,0.13
kabupaten,15,1571,6,2024,1.2004,Basis,9.59,7.99
kabupaten,15,1571,7,2024,2.7245,Basis,28.21,10.35
kabupaten,15,1571,8,2024,3.5182,Basis,12.1,3.44
kabupaten,15,1571,9,2024,2.3819,Basis,2.96,1.24
kabupaten,15,1571,10,2024,1.4313,Basis,6.22,4.35
kabupaten,15,1571,11,2024,2.6261,Basis,5.61,2.14
kabupaten,15,1571,12,2024,1.7651,Basis,2.58,1.46
kabupaten,15,1571,13,2024,2.5987,Basis,3.33,1.28
kabupaten,15,1571,14,2024,2.061,Basis,6.55,3.18
kabupaten,15,1571,15,2024,1.401,Basis,4.69,3.35
kabupaten,15,1571,16,2024,2.3205,Basis,3.29,1.42
kabupaten,15,1571,17,2024,0.7934,"Non Basis",0.86,1.09
kabupaten,15,1571,1,2025,0.0285,"Non Basis",0.77,27.08
kabupaten,15,1571,2,2025,0.086,"Non Basis",1.87,21.79
kabupaten,15,1571,3,2025,1.0605,Basis,10.63,10.02
kabupaten,15,1571,4,2025,3.383,Basis,0.23,0.07
kabupaten,15,1571,5,2025,1.7921,Basis,0.22,0.12
kabupaten,15,1571,6,2025,1.2397,Basis,9.05,7.3
kabupaten,15,1571,7,2025,2.7179,Basis,28.9,10.63
kabupaten,15,1571,8,2025,3.4701,Basis,12.38,3.57
kabupaten,15,1571,9,2025,2.3717,Basis,2.9,1.22
kabupaten,15,1571,10,2025,1.4341,Basis,6.44,4.49
kabupaten,15,1571,11,2025,2.6564,Basis,5.88,2.21
kabupaten,15,1571,12,2025,1.7419,Basis,2.53,1.45
kabupaten,15,1571,13,2025,2.5979,Basis,3.4,1.31
kabupaten,15,1571,14,2025,2.0496,Basis,6.05,2.95
kabupaten,15,1571,15,2025,1.4057,Basis,4.63,3.29
kabupaten,15,1571,16,2025,2.3177,Basis,3.26,1.41
kabupaten,15,1571,17,2025,0.7993,"Non Basis",0.86,1.07
kabupaten,15,1572,1,2021,0.187,"Non Basis",5.01,26.79
kabupaten,15,1572,2,2021,0.0348,"Non Basis",0.81,23.22
kabupaten,15,1572,3,2021,0.0649,"Non Basis",0.66,10.22
kabupaten,15,1572,4,2021,0.4381,"Non Basis",0.02,0.06
kabupaten,15,1572,5,2021,2.5027,Basis,0.35,0.14
kabupaten,15,1572,6,2021,1.6468,Basis,12.87,7.82
kabupaten,15,1572,7,2021,2.6132,Basis,25.56,9.78
kabupaten,15,1572,8,2021,1.3278,Basis,3.83,2.88
kabupaten,15,1572,9,2021,1.033,Basis,1.12,1.08
kabupaten,15,1572,10,2021,3.8901,Basis,16.02,4.12
kabupaten,15,1572,11,2021,2.2951,Basis,5.48,2.39
kabupaten,15,1572,12,2021,1.7576,Basis,2.61,1.48
kabupaten,15,1572,13,2021,5.8897,Basis,5.9,1
kabupaten,15,1572,14,2021,1.6364,Basis,5.24,3.2
kabupaten,15,1572,15,2021,2.7398,Basis,9.29,3.39
kabupaten,15,1572,16,2021,2.0073,Basis,2.89,1.44
kabupaten,15,1572,17,2021,2.3751,Basis,2.35,0.99
kabupaten,15,1572,1,2022,0.186,"Non Basis",4.98,26.75
kabupaten,15,1572,2,2022,0.0341,"Non Basis",0.81,23.81
kabupaten,15,1572,3,2022,0.0651,"Non Basis",0.65,10.02
kabupaten,15,1572,4,2022,0.4351,"Non Basis",0.03,0.06
kabupaten,15,1572,5,2022,2.4603,Basis,0.33,0.14
kabupaten,15,1572,6,2022,1.7317,Basis,12.76,7.37
kabupaten,15,1572,7,2022,2.6167,Basis,25.66,9.81
kabupaten,15,1572,8,2022,1.2855,Basis,4.13,3.21
kabupaten,15,1572,9,2022,1.0223,Basis,1.17,1.14
kabupaten,15,1572,10,2022,3.798,Basis,15.96,4.2
kabupaten,15,1572,11,2022,2.4082,Basis,5.43,2.26
kabupaten,15,1572,12,2022,1.7463,Basis,2.57,1.47
kabupaten,15,1572,13,2022,5.5081,Basis,6.04,1.1
kabupaten,15,1572,14,2022,1.6577,Basis,5.02,3.03
kabupaten,15,1572,15,2022,2.7986,Basis,9.21,3.29
kabupaten,15,1572,16,2022,2.1355,Basis,2.85,1.34
kabupaten,15,1572,17,2022,2.3715,Basis,2.4,1.01
kabupaten,15,1572,1,2023,0.1748,"Non Basis",4.72,27
kabupaten,15,1572,2,2023,0.0347,"Non Basis",0.79,22.76
kabupaten,15,1572,3,2023,0.066,"Non Basis",0.66,9.98
kabupaten,15,1572,4,2023,0.4138,"Non Basis",0.03,0.06
kabupaten,15,1572,5,2023,2.268,Basis,0.3,0.13
kabupaten,15,1572,6,2023,1.6704,Basis,12.7,7.6
kabupaten,15,1572,7,2023,2.5623,Basis,26.12,10.19
kabupaten,15,1572,8,2023,1.3242,Basis,4.4,3.32
kabupaten,15,1572,9,2023,1.008,Basis,1.2,1.19
kabupaten,15,1572,10,2023,3.695,Basis,15.94,4.32
kabupaten,15,1572,11,2023,2.389,Basis,5.21,2.18
kabupaten,15,1572,12,2023,1.7254,Basis,2.5,1.45
kabupaten,15,1572,13,2023,5.1546,Basis,6.31,1.22
kabupaten,15,1572,14,2023,1.6203,Basis,4.83,2.98
kabupaten,15,1572,15,2023,2.8152,Basis,9.08,3.22
kabupaten,15,1572,16,2023,2.1118,Basis,2.82,1.34
kabupaten,15,1572,17,2023,2.2812,Basis,2.4,1.05
kabupaten,15,1572,1,2024,0.1768,"Non Basis",4.76,26.94
kabupaten,15,1572,2,2024,0.039,"Non Basis",0.84,21.58
kabupaten,15,1572,3,2024,0.0657,"Non Basis",0.66,10
kabupaten,15,1572,4,2024,0.3984,"Non Basis",0.03,0.07
kabupaten,15,1572,5,2024,2.0909,Basis,0.27,0.13
kabupaten,15,1572,6,2024,1.5494,Basis,12.38,7.99
kabupaten,15,1572,7,2024,2.4909,Basis,25.79,10.35
kabupaten,15,1572,8,2024,1.4017,Basis,4.82,3.44
kabupaten,15,1572,9,2024,1.0457,Basis,1.3,1.24
kabupaten,15,1572,10,2024,3.6549,Basis,15.88,4.35
kabupaten,15,1572,11,2024,2.2984,Basis,4.91,2.14
kabupaten,15,1572,12,2024,1.6647,Basis,2.43,1.46
kabupaten,15,1572,13,2024,4.9216,Basis,6.31,1.28
kabupaten,15,1572,14,2024,1.5559,Basis,4.95,3.18
kabupaten,15,1572,15,2024,2.7331,Basis,9.15,3.35
kabupaten,15,1572,16,2024,2.1352,Basis,3.03,1.42
kabupaten,15,1572,17,2024,2.2842,Basis,2.49,1.09
kabupaten,15,1572,1,2025,0.1946,"Non Basis",5.27,27.08
kabupaten,15,1572,2,2025,0.0402,"Non Basis",0.88,21.79
kabupaten,15,1572,3,2025,0.0691,"Non Basis",0.69,10.02
kabupaten,15,1572,4,2025,0.3973,"Non Basis",0.03,0.07
kabupaten,15,1572,5,2025,2.1217,Basis,0.26,0.12
kabupaten,15,1572,6,2025,1.6134,Basis,11.78,7.3
kabupaten,15,1572,7,2025,2.3873,Basis,25.39,10.63
kabupaten,15,1572,8,2025,1.4545,Basis,5.19,3.57
kabupaten,15,1572,9,2025,1.0226,Basis,1.25,1.22
kabupaten,15,1572,10,2025,3.6443,Basis,16.38,4.49
kabupaten,15,1572,11,2025,2.382,Basis,5.27,2.21
kabupaten,15,1572,12,2025,1.6947,Basis,2.46,1.45
kabupaten,15,1572,13,2025,4.9368,Basis,6.46,1.31
kabupaten,15,1572,14,2025,1.5439,Basis,4.55,2.95
kabupaten,15,1572,15,2025,2.606,Basis,8.58,3.29
kabupaten,15,1572,16,2025,2.1975,Basis,3.09,1.41
kabupaten,15,1572,17,2025,2.3047,Basis,2.47,1.07
kabupaten,12,1201,1,2021,1.9071,Basis,49.31,25.86
kabupaten,12,1201,2,2021,0.2312,"Non Basis",0.3,1.29
kabupaten,12,1201,3,2021,0.6055,"Non Basis",10.83,17.88
kabupaten,12,1201,4,2021,3.8956,Basis,0.56,0.14
kabupaten,12,1201,5,2021,1.1121,Basis,0.11,0.1
kabupaten,12,1201,6,2021,0.8101,"Non Basis",10.1,12.47
kabupaten,12,1201,7,2021,0.6562,"Non Basis",11.81,18
kabupaten,12,1201,8,2021,0.5144,"Non Basis",2.04,3.96
kabupaten,12,1201,9,2021,0.6624,"Non Basis",1.44,2.17
kabupaten,12,1201,10,2021,0.2668,"Non Basis",0.85,3.17
kabupaten,12,1201,11,2021,0.3482,"Non Basis",1.02,2.92
kabupaten,12,1201,12,2021,0.4851,"Non Basis",2.1,4.33
kabupaten,12,1201,13,2021,0.3317,"Non Basis",0.29,0.86
kabupaten,12,1201,14,2021,2.3215,Basis,7.7,3.32
kabupaten,12,1201,15,2021,0.5341,"Non Basis",1.11,2.09
kabupaten,12,1201,16,2021,0.3631,"Non Basis",0.34,0.93
kabupaten,12,1201,17,2021,0.1854,"Non Basis",0.09,0.5
kabupaten,12,1201,1,2022,1.8996,Basis,49.26,25.93
kabupaten,12,1201,2,2022,0.238,"Non Basis",0.3,1.26
kabupaten,12,1201,3,2022,0.6081,"Non Basis",10.59,17.41
kabupaten,12,1201,4,2022,3.9142,Basis,0.56,0.14
kabupaten,12,1201,5,2022,1.1798,Basis,0.12,0.1
kabupaten,12,1201,6,2022,0.8141,"Non Basis",9.99,12.27
kabupaten,12,1201,7,2022,0.668,"Non Basis",12.23,18.31
kabupaten,12,1201,8,2022,0.5117,"Non Basis",2.18,4.27
kabupaten,12,1201,9,2022,0.6686,"Non Basis",1.49,2.22
kabupaten,12,1201,10,2022,0.2679,"Non Basis",0.87,3.26
kabupaten,12,1201,11,2022,0.3519,"Non Basis",1.02,2.9
kabupaten,12,1201,12,2022,0.4931,"Non Basis",2.13,4.32
kabupaten,12,1201,13,2022,0.3286,"Non Basis",0.29,0.89
kabupaten,12,1201,14,2022,2.3504,Basis,7.39,3.15
kabupaten,12,1201,15,2022,0.5373,"Non Basis",1.13,2.1
kabupaten,12,1201,16,2022,0.3689,"Non Basis",0.34,0.93
kabupaten,12,1201,17,2022,0.1822,"Non Basis",0.09,0.52
kabupaten,12,1201,1,2023,1.9169,Basis,48.78,25.45
kabupaten,12,1201,2,2023,0.2436,"Non Basis",0.3,1.25
kabupaten,12,1201,3,2023,0.616,"Non Basis",10.57,17.16
kabupaten,12,1201,4,2023,3.9326,Basis,0.55,0.14
kabupaten,12,1201,5,2023,1.1978,Basis,0.12,0.1
kabupaten,12,1201,6,2023,0.8111,"Non Basis",10.08,12.43
kabupaten,12,1201,7,2023,0.6716,"Non Basis",12.39,18.45
kabupaten,12,1201,8,2023,0.5138,"Non Basis",2.36,4.6
kabupaten,12,1201,9,2023,0.6592,"Non Basis",1.54,2.33
kabupaten,12,1201,10,2023,0.263,"Non Basis",0.88,3.35
kabupaten,12,1201,11,2023,0.351,"Non Basis",1.02,2.91
kabupaten,12,1201,12,2023,0.5077,"Non Basis",2.16,4.25
kabupaten,12,1201,13,2023,0.3352,"Non Basis",0.3,0.91
kabupaten,12,1201,14,2023,2.4041,Basis,7.34,3.05
kabupaten,12,1201,15,2023,0.5381,"Non Basis",1.15,2.14
kabupaten,12,1201,16,2023,0.3715,"Non Basis",0.35,0.94
kabupaten,12,1201,17,2023,0.181,"Non Basis",0.1,0.54
kabupaten,12,1201,1,2024,1.9125,Basis,48.06,25.13
kabupaten,12,1201,2,2024,0.2374,"Non Basis",0.29,1.24
kabupaten,12,1201,3,2024,0.6189,"Non Basis",10.58,17.09
kabupaten,12,1201,4,2024,4.0775,Basis,0.56,0.14
kabupaten,12,1201,5,2024,1.2302,Basis,0.12,0.09
kabupaten,12,1201,6,2024,0.8228,"Non Basis",10.37,12.61
kabupaten,12,1201,7,2024,0.6816,"Non Basis",12.51,18.35
kabupaten,12,1201,8,2024,0.5005,"Non Basis",2.33,4.66
kabupaten,12,1201,9,2024,0.6345,"Non Basis",1.58,2.49
kabupaten,12,1201,10,2024,0.2587,"Non Basis",0.89,3.42
kabupaten,12,1201,11,2024,0.3554,"Non Basis",1.02,2.88
kabupaten,12,1201,12,2024,0.5033,"Non Basis",2.15,4.26
kabupaten,12,1201,13,2024,0.3454,"Non Basis",0.31,0.91
kabupaten,12,1201,14,2024,2.4681,Basis,7.61,3.08
kabupaten,12,1201,15,2024,0.5406,"Non Basis",1.17,2.16
kabupaten,12,1201,16,2024,0.3778,"Non Basis",0.36,0.94
kabupaten,12,1201,17,2024,0.186,"Non Basis",0.1,0.55
kabupaten,12,1201,1,2025,1.902,Basis,48.69,25.6
kabupaten,12,1201,2,2025,0.2394,"Non Basis",0.29,1.22
kabupaten,12,1201,3,2025,0.6075,"Non Basis",10.44,17.18
kabupaten,12,1201,4,2025,3.9468,Basis,0.54,0.14
kabupaten,12,1201,5,2025,1.1542,Basis,0.11,0.1
kabupaten,12,1201,6,2025,0.8205,"Non Basis",10.05,12.24
kabupaten,12,1201,7,2025,0.6657,"Non Basis",12.59,18.92
kabupaten,12,1201,8,2025,0.6566,"Non Basis",2.28,3.47
kabupaten,12,1201,9,2025,0.6341,"Non Basis",1.6,2.52
kabupaten,12,1201,10,2025,0.251,"Non Basis",0.89,3.54
kabupaten,12,1201,11,2025,0.3489,"Non Basis",1.01,2.89
kabupaten,12,1201,12,2025,0.4937,"Non Basis",2.22,4.5
kabupaten,12,1201,13,2025,0.3291,"Non Basis",0.32,0.97
kabupaten,12,1201,14,2025,2.4667,Basis,7.34,2.98
kabupaten,12,1201,15,2025,0.5253,"Non Basis",1.15,2.18
kabupaten,12,1201,16,2025,0.377,"Non Basis",0.37,0.99
kabupaten,12,1201,17,2025,0.1829,"Non Basis",0.1,0.55
kabupaten,12,1202,1,2021,1.7765,Basis,45.93,25.86
kabupaten,12,1202,2,2021,0.0633,"Non Basis",0.08,1.29
kabupaten,12,1202,3,2021,0.119,"Non Basis",2.13,17.88
kabupaten,12,1202,4,2021,0.9144,"Non Basis",0.13,0.14
kabupaten,12,1202,5,2021,1.0421,Basis,0.11,0.1
kabupaten,12,1202,6,2021,1.0818,Basis,13.49,12.47
kabupaten,12,1202,7,2021,0.7855,"Non Basis",14.14,18
kabupaten,12,1202,8,2021,1.1762,Basis,4.66,3.96
kabupaten,12,1202,9,2021,1.0541,Basis,2.29,2.17
kabupaten,12,1202,10,2021,0.3124,"Non Basis",0.99,3.17
kabupaten,12,1202,11,2021,0.5284,"Non Basis",1.55,2.92
kabupaten,12,1202,12,2021,0.4704,"Non Basis",2.04,4.33
kabupaten,12,1202,13,2021,0.3295,"Non Basis",0.28,0.86
kabupaten,12,1202,14,2021,2.8946,Basis,9.61,3.32
kabupaten,12,1202,15,2021,0.8307,"Non Basis",1.73,2.09
kabupaten,12,1202,16,2021,0.7745,"Non Basis",0.72,0.93
kabupaten,12,1202,17,2021,0.257,"Non Basis",0.13,0.5
kabupaten,12,1202,1,2022,1.7807,Basis,46.18,25.93
kabupaten,12,1202,2,2022,0.0647,"Non Basis",0.08,1.26
kabupaten,12,1202,3,2022,0.1219,"Non Basis",2.12,17.41
kabupaten,12,1202,4,2022,0.8973,"Non Basis",0.13,0.14
kabupaten,12,1202,5,2022,1.0711,Basis,0.11,0.1
kabupaten,12,1202,6,2022,1.097,Basis,13.46,12.27
kabupaten,12,1202,7,2022,0.7738,"Non Basis",14.17,18.31
kabupaten,12,1202,8,2022,1.1247,Basis,4.8,4.27
kabupaten,12,1202,9,2022,1.0577,Basis,2.35,2.22
kabupaten,12,1202,10,2022,0.3058,"Non Basis",1,3.26
kabupaten,12,1202,11,2022,0.5275,"Non Basis",1.53,2.9
kabupaten,12,1202,12,2022,0.474,"Non Basis",2.05,4.32
kabupaten,12,1202,13,2022,0.3243,"Non Basis",0.29,0.89
kabupaten,12,1202,14,2022,2.9036,Basis,9.13,3.15
kabupaten,12,1202,15,2022,0.8296,"Non Basis",1.74,2.1
kabupaten,12,1202,16,2022,0.7836,"Non Basis",0.73,0.93
kabupaten,12,1202,17,2022,0.2548,"Non Basis",0.13,0.52
kabupaten,12,1202,1,2023,1.8014,Basis,45.84,25.45
kabupaten,12,1202,2,2023,0.0656,"Non Basis",0.08,1.25
kabupaten,12,1202,3,2023,0.1245,"Non Basis",2.14,17.16
kabupaten,12,1202,4,2023,0.9095,"Non Basis",0.13,0.14
kabupaten,12,1202,5,2023,1.095,Basis,0.11,0.1
kabupaten,12,1202,6,2023,1.0815,Basis,13.44,12.43
kabupaten,12,1202,7,2023,0.7808,"Non Basis",14.41,18.45
kabupaten,12,1202,8,2023,1.069,Basis,4.91,4.6
kabupaten,12,1202,9,2023,1.0296,Basis,2.4,2.33
kabupaten,12,1202,10,2023,0.2948,"Non Basis",0.99,3.35
kabupaten,12,1202,11,2023,0.521,"Non Basis",1.52,2.91
kabupaten,12,1202,12,2023,0.4776,"Non Basis",2.03,4.25
kabupaten,12,1202,13,2023,0.3182,"Non Basis",0.29,0.91
kabupaten,12,1202,14,2023,2.9855,Basis,9.12,3.05
kabupaten,12,1202,15,2023,0.8131,"Non Basis",1.74,2.14
kabupaten,12,1202,16,2023,0.7746,"Non Basis",0.73,0.94
kabupaten,12,1202,17,2023,0.2447,"Non Basis",0.13,0.54
kabupaten,12,1202,1,2024,1.7927,Basis,45.05,25.13
kabupaten,12,1202,2,2024,0.0662,"Non Basis",0.08,1.24
kabupaten,12,1202,3,2024,0.1246,"Non Basis",2.13,17.09
kabupaten,12,1202,4,2024,0.8954,"Non Basis",0.12,0.14
kabupaten,12,1202,5,2024,1.0841,Basis,0.1,0.09
kabupaten,12,1202,6,2024,1.057,Basis,13.33,12.61
kabupaten,12,1202,7,2024,0.8076,"Non Basis",14.82,18.35
kabupaten,12,1202,8,2024,1.0804,Basis,5.03,4.66
kabupaten,12,1202,9,2024,1.0106,Basis,2.51,2.49
kabupaten,12,1202,10,2024,0.2939,"Non Basis",1.01,3.42
kabupaten,12,1202,11,2024,0.5276,"Non Basis",1.52,2.88
kabupaten,12,1202,12,2024,0.4688,"Non Basis",2,4.26
kabupaten,12,1202,13,2024,0.3249,"Non Basis",0.3,0.91
kabupaten,12,1202,14,2024,3.0439,Basis,9.39,3.08
kabupaten,12,1202,15,2024,0.8118,"Non Basis",1.75,2.16
kabupaten,12,1202,16,2024,0.7764,"Non Basis",0.73,0.94
kabupaten,12,1202,17,2024,0.2465,"Non Basis",0.14,0.55
kabupaten,12,1202,1,2025,1.7472,Basis,44.73,25.6
kabupaten,12,1202,2,2025,0.0669,"Non Basis",0.08,1.22
kabupaten,12,1202,3,2025,0.1257,"Non Basis",2.16,17.18
kabupaten,12,1202,4,2025,0.9816,"Non Basis",0.14,0.14
kabupaten,12,1202,5,2025,1.0181,Basis,0.1,0.1
kabupaten,12,1202,6,2025,1.0407,Basis,12.74,12.24
kabupaten,12,1202,7,2025,0.8061,"Non Basis",15.25,18.92
kabupaten,12,1202,8,2025,1.5791,Basis,5.48,3.47
kabupaten,12,1202,9,2025,1.0341,Basis,2.61,2.52
kabupaten,12,1202,10,2025,0.2891,"Non Basis",1.02,3.54
kabupaten,12,1202,11,2025,0.5195,"Non Basis",1.5,2.89
kabupaten,12,1202,12,2025,0.4402,"Non Basis",1.98,4.5
kabupaten,12,1202,13,2025,0.3061,"Non Basis",0.3,0.97
kabupaten,12,1202,14,2025,3.0966,Basis,9.22,2.98
kabupaten,12,1202,15,2025,0.827,"Non Basis",1.8,2.18
kabupaten,12,1202,16,2025,0.7556,"Non Basis",0.75,0.99
kabupaten,12,1202,17,2025,0.2436,"Non Basis",0.13,0.55
kabupaten,12,1203,1,2021,1.776,Basis,45.92,25.86
kabupaten,12,1203,2,2021,9.0997,Basis,11.75,1.29
kabupaten,12,1203,3,2021,0.3319,"Non Basis",5.93,17.88
kabupaten,12,1203,4,2021,0.4897,"Non Basis",0.07,0.14
kabupaten,12,1203,5,2021,0.8413,"Non Basis",0.09,0.1
kabupaten,12,1203,6,2021,0.9027,"Non Basis",11.26,12.47
kabupaten,12,1203,7,2021,0.6258,"Non Basis",11.26,18
kabupaten,12,1203,8,2021,0.3628,"Non Basis",1.44,3.96
kabupaten,12,1203,9,2021,0.6215,"Non Basis",1.35,2.17
kabupaten,12,1203,10,2021,0.2378,"Non Basis",0.75,3.17
kabupaten,12,1203,11,2021,0.291,"Non Basis",0.85,2.92
kabupaten,12,1203,12,2021,0.4554,"Non Basis",1.97,4.33
kabupaten,12,1203,13,2021,0.0556,"Non Basis",0.05,0.86
kabupaten,12,1203,14,2021,1.7249,Basis,5.72,3.32
kabupaten,12,1203,15,2021,0.3701,"Non Basis",0.77,2.09
kabupaten,12,1203,16,2021,0.8415,"Non Basis",0.78,0.93
kabupaten,12,1203,17,2021,0.0636,"Non Basis",0.03,0.5
kabupaten,12,1203,1,2022,1.8067,Basis,46.85,25.93
kabupaten,12,1203,2,2022,8.869,Basis,11.22,1.26
kabupaten,12,1203,3,2022,0.3395,"Non Basis",5.91,17.41
kabupaten,12,1203,4,2022,0.496,"Non Basis",0.07,0.14
kabupaten,12,1203,5,2022,0.8769,"Non Basis",0.09,0.1
kabupaten,12,1203,6,2022,0.8815,"Non Basis",10.82,12.27
kabupaten,12,1203,7,2022,0.6221,"Non Basis",11.39,18.31
kabupaten,12,1203,8,2022,0.3494,"Non Basis",1.49,4.27
kabupaten,12,1203,9,2022,0.6222,"Non Basis",1.38,2.22
kabupaten,12,1203,10,2022,0.2384,"Non Basis",0.78,3.26
kabupaten,12,1203,11,2022,0.2943,"Non Basis",0.85,2.9
kabupaten,12,1203,12,2022,0.4488,"Non Basis",1.94,4.32
kabupaten,12,1203,13,2022,0.0526,"Non Basis",0.05,0.89
kabupaten,12,1203,14,2022,1.7764,Basis,5.59,3.15
kabupaten,12,1203,15,2022,0.3679,"Non Basis",0.77,2.1
kabupaten,12,1203,16,2022,0.8259,"Non Basis",0.77,0.93
kabupaten,12,1203,17,2022,0.0616,"Non Basis",0.03,0.52
kabupaten,12,1203,1,2023,1.8408,Basis,46.84,25.45
kabupaten,12,1203,2,2023,8.466,Basis,10.56,1.25
kabupaten,12,1203,3,2023,0.3473,"Non Basis",5.96,17.16
kabupaten,12,1203,4,2023,0.5153,"Non Basis",0.07,0.14
kabupaten,12,1203,5,2023,0.9093,"Non Basis",0.09,0.1
kabupaten,12,1203,6,2023,0.8859,"Non Basis",11.01,12.43
kabupaten,12,1203,7,2023,0.6308,"Non Basis",11.64,18.45
kabupaten,12,1203,8,2023,0.3489,"Non Basis",1.6,4.6
kabupaten,12,1203,9,2023,0.6145,"Non Basis",1.43,2.33
kabupaten,12,1203,10,2023,0.2386,"Non Basis",0.8,3.35
kabupaten,12,1203,11,2023,0.2943,"Non Basis",0.86,2.91
kabupaten,12,1203,12,2023,0.4551,"Non Basis",1.93,4.25
kabupaten,12,1203,13,2023,0.0525,"Non Basis",0.05,0.91
kabupaten,12,1203,14,2023,1.8197,Basis,5.56,3.05
kabupaten,12,1203,15,2023,0.3692,"Non Basis",0.79,2.14
kabupaten,12,1203,16,2023,0.8236,"Non Basis",0.78,0.94
kabupaten,12,1203,17,2023,0.0607,"Non Basis",0.03,0.54
kabupaten,12,1203,1,2024,1.8654,Basis,46.87,25.13
kabupaten,12,1203,2,2024,8.3401,Basis,10.3,1.24
kabupaten,12,1203,3,2024,0.3495,"Non Basis",5.97,17.09
kabupaten,12,1203,4,2024,0.5203,"Non Basis",0.07,0.14
kabupaten,12,1203,5,2024,0.9195,"Non Basis",0.09,0.09
kabupaten,12,1203,6,2024,0.8559,"Non Basis",10.79,12.61
kabupaten,12,1203,7,2024,0.6473,"Non Basis",11.88,18.35
kabupaten,12,1203,8,2024,0.3589,"Non Basis",1.67,4.66
kabupaten,12,1203,9,2024,0.6065,"Non Basis",1.51,2.49
kabupaten,12,1203,10,2024,0.2396,"Non Basis",0.82,3.42
kabupaten,12,1203,11,2024,0.2921,"Non Basis",0.84,2.88
kabupaten,12,1203,12,2024,0.4522,"Non Basis",1.93,4.26
kabupaten,12,1203,13,2024,0.0527,"Non Basis",0.05,0.91
kabupaten,12,1203,14,2024,1.8058,Basis,5.57,3.08
kabupaten,12,1203,15,2024,0.3729,"Non Basis",0.8,2.16
kabupaten,12,1203,16,2024,0.8479,"Non Basis",0.8,0.94
kabupaten,12,1203,17,2024,0.0609,"Non Basis",0.03,0.55
kabupaten,12,1203,1,2025,1.854,Basis,47.46,25.6
kabupaten,12,1203,2,2025,8.0798,Basis,9.86,1.22
kabupaten,12,1203,3,2025,0.3468,"Non Basis",5.96,17.18
kabupaten,12,1203,4,2025,0.5015,"Non Basis",0.07,0.14
kabupaten,12,1203,5,2025,0.8982,"Non Basis",0.09,0.1
kabupaten,12,1203,6,2025,0.8501,"Non Basis",10.41,12.24
kabupaten,12,1203,7,2025,0.6392,"Non Basis",12.09,18.92
kabupaten,12,1203,8,2025,0.5108,"Non Basis",1.77,3.47
kabupaten,12,1203,9,2025,0.6078,"Non Basis",1.53,2.52
kabupaten,12,1203,10,2025,0.2392,"Non Basis",0.85,3.54
kabupaten,12,1203,11,2025,0.2845,"Non Basis",0.82,2.89
kabupaten,12,1203,12,2025,0.4444,"Non Basis",2,4.5
kabupaten,12,1203,13,2025,0.0519,"Non Basis",0.05,0.97
kabupaten,12,1203,14,2025,1.8087,Basis,5.39,2.98
kabupaten,12,1203,15,2025,0.3641,"Non Basis",0.79,2.18
kabupaten,12,1203,16,2025,0.8299,"Non Basis",0.82,0.99
kabupaten,12,1203,17,2025,0.0605,"Non Basis",0.03,0.55
kabupaten,12,1204,1,2021,1.9584,Basis,50.64,25.86
kabupaten,12,1204,2,2021,7.0032,Basis,9.04,1.29
kabupaten,12,1204,3,2021,0.0105,"Non Basis",0.19,17.88
kabupaten,12,1204,4,2021,0.7811,"Non Basis",0.11,0.14
kabupaten,12,1204,5,2021,0,"Non Basis",0,0.1
kabupaten,12,1204,6,2021,0.8451,"Non Basis",10.54,12.47
kabupaten,12,1204,7,2021,0.4731,"Non Basis",8.51,18
kabupaten,12,1204,8,2021,0.3506,"Non Basis",1.39,3.96
kabupaten,12,1204,9,2021,0.8294,"Non Basis",1.8,2.17
kabupaten,12,1204,10,2021,0.0827,"Non Basis",0.26,3.17
kabupaten,12,1204,11,2021,0.4745,"Non Basis",1.39,2.92
kabupaten,12,1204,12,2021,0.4329,"Non Basis",1.88,4.33
kabupaten,12,1204,13,2021,0.0872,"Non Basis",0.08,0.86
kabupaten,12,1204,14,2021,3.5717,Basis,11.85,3.32
kabupaten,12,1204,15,2021,0.665,"Non Basis",1.39,2.09
kabupaten,12,1204,16,2021,0.8068,"Non Basis",0.75,0.93
kabupaten,12,1204,17,2021,0.3743,"Non Basis",0.19,0.5
kabupaten,12,1204,1,2022,1.9682,Basis,51.04,25.93
kabupaten,12,1204,2,2022,7.1902,Basis,9.09,1.26
kabupaten,12,1204,3,2022,0.0125,"Non Basis",0.22,17.41
kabupaten,12,1204,4,2022,0.7569,"Non Basis",0.11,0.14
kabupaten,12,1204,5,2022,0,"Non Basis",0,0.1
kabupaten,12,1204,6,2022,0.8361,"Non Basis",10.26,12.27
kabupaten,12,1204,7,2022,0.4707,"Non Basis",8.62,18.31
kabupaten,12,1204,8,2022,0.3238,"Non Basis",1.38,4.27
kabupaten,12,1204,9,2022,0.8017,"Non Basis",1.78,2.22
kabupaten,12,1204,10,2022,0.0892,"Non Basis",0.29,3.26
kabupaten,12,1204,11,2022,0.4768,"Non Basis",1.38,2.9
kabupaten,12,1204,12,2022,0.4206,"Non Basis",1.82,4.32
kabupaten,12,1204,13,2022,0.0814,"Non Basis",0.07,0.89
kabupaten,12,1204,14,2022,3.6774,Basis,11.57,3.15
kabupaten,12,1204,15,2022,0.6771,"Non Basis",1.42,2.1
kabupaten,12,1204,16,2022,0.8208,"Non Basis",0.76,0.93
kabupaten,12,1204,17,2022,0.3497,"Non Basis",0.18,0.52
kabupaten,12,1204,1,2023,2.0049,Basis,51.02,25.45
kabupaten,12,1204,2,2023,7.4229,Basis,9.26,1.25
kabupaten,12,1204,3,2023,0.0123,"Non Basis",0.21,17.16
kabupaten,12,1204,4,2023,0.7499,"Non Basis",0.11,0.14
kabupaten,12,1204,5,2023,0,"Non Basis",0,0.1
kabupaten,12,1204,6,2023,0.8179,"Non Basis",10.17,12.43
kabupaten,12,1204,7,2023,0.4732,"Non Basis",8.73,18.45
kabupaten,12,1204,8,2023,0.3052,"Non Basis",1.4,4.6
kabupaten,12,1204,9,2023,0.7663,"Non Basis",1.79,2.33
kabupaten,12,1204,10,2023,0.0838,"Non Basis",0.28,3.35
kabupaten,12,1204,11,2023,0.4815,"Non Basis",1.4,2.91
kabupaten,12,1204,12,2023,0.4208,"Non Basis",1.79,4.25
kabupaten,12,1204,13,2023,0.0773,"Non Basis",0.07,0.91
kabupaten,12,1204,14,2023,3.7552,Basis,11.47,3.05
kabupaten,12,1204,15,2023,0.6546,"Non Basis",1.4,2.14
kabupaten,12,1204,16,2023,0.7806,"Non Basis",0.74,0.94
kabupaten,12,1204,17,2023,0.3233,"Non Basis",0.18,0.54
kabupaten,12,1204,1,2024,2.0127,Basis,50.57,25.13
kabupaten,12,1204,2,2024,7.5667,Basis,9.35,1.24
kabupaten,12,1204,3,2024,0.0118,"Non Basis",0.2,17.09
kabupaten,12,1204,4,2024,0.7382,"Non Basis",0.1,0.14
kabupaten,12,1204,5,2024,0,"Non Basis",0,0.09
kabupaten,12,1204,6,2024,0.8108,"Non Basis",10.22,12.61
kabupaten,12,1204,7,2024,0.4707,"Non Basis",8.64,18.35
kabupaten,12,1204,8,2024,0.3043,"Non Basis",1.42,4.66
kabupaten,12,1204,9,2024,0.705,"Non Basis",1.75,2.49
kabupaten,12,1204,10,2024,0.0887,"Non Basis",0.3,3.42
kabupaten,12,1204,11,2024,0.4802,"Non Basis",1.38,2.88
kabupaten,12,1204,12,2024,0.4114,"Non Basis",1.75,4.26
kabupaten,12,1204,13,2024,0.0743,"Non Basis",0.07,0.91
kabupaten,12,1204,14,2024,3.8509,Basis,11.88,3.08
kabupaten,12,1204,15,2024,0.6574,"Non Basis",1.42,2.16
kabupaten,12,1204,16,2024,0.7861,"Non Basis",0.74,0.94
kabupaten,12,1204,17,2024,0.368,"Non Basis",0.2,0.55
kabupaten,12,1204,1,2025,1.9754,Basis,50.57,25.6
kabupaten,12,1204,2,2025,7.7564,Basis,9.46,1.22
kabupaten,12,1204,3,2025,0.0114,"Non Basis",0.2,17.18
kabupaten,12,1204,4,2025,0.7091,"Non Basis",0.1,0.14
kabupaten,12,1204,5,2025,0,"Non Basis",0,0.1
kabupaten,12,1204,6,2025,0.7888,"Non Basis",9.66,12.24
kabupaten,12,1204,7,2025,0.4624,"Non Basis",8.75,18.92
kabupaten,12,1204,8,2025,0.412,"Non Basis",1.43,3.47
kabupaten,12,1204,9,2025,0.7089,"Non Basis",1.79,2.52
kabupaten,12,1204,10,2025,0.0826,"Non Basis",0.29,3.54
kabupaten,12,1204,11,2025,0.4847,"Non Basis",1.4,2.89
kabupaten,12,1204,12,2025,0.4046,"Non Basis",1.82,4.5
kabupaten,12,1204,13,2025,0.0667,"Non Basis",0.07,0.97
kabupaten,12,1204,14,2025,4.0737,Basis,12.13,2.98
kabupaten,12,1204,15,2025,0.6412,"Non Basis",1.4,2.18
kabupaten,12,1204,16,2025,0.7527,"Non Basis",0.75,0.99
kabupaten,12,1204,17,2025,0.3533,"Non Basis",0.2,0.55
kabupaten,12,1205,1,2021,1.7082,Basis,44.17,25.86
kabupaten,12,1205,2,2021,7.6527,Basis,9.88,1.29
kabupaten,12,1205,3,2021,0.7677,"Non Basis",13.73,17.88
kabupaten,12,1205,4,2021,1.6818,Basis,0.24,0.14
kabupaten,12,1205,5,2021,0.4168,"Non Basis",0.04,0.1
kabupaten,12,1205,6,2021,0.5695,"Non Basis",7.1,12.47
kabupaten,12,1205,7,2021,0.5287,"Non Basis",9.51,18
kabupaten,12,1205,8,2021,0.4836,"Non Basis",1.91,3.96
kabupaten,12,1205,9,2021,0.9158,"Non Basis",1.99,2.17
kabupaten,12,1205,10,2021,0.5034,"Non Basis",1.6,3.17
kabupaten,12,1205,11,2021,0.6398,"Non Basis",1.87,2.92
kabupaten,12,1205,12,2021,0.6238,"Non Basis",2.7,4.33
kabupaten,12,1205,13,2021,0.5587,"Non Basis",0.48,0.86
kabupaten,12,1205,14,2021,0.8683,"Non Basis",2.88,3.32
kabupaten,12,1205,15,2021,0.5899,"Non Basis",1.23,2.09
kabupaten,12,1205,16,2021,0.5049,"Non Basis",0.47,0.93
kabupaten,12,1205,17,2021,0.3752,"Non Basis",0.19,0.5
kabupaten,12,1205,1,2022,1.7222,Basis,44.66,25.93
kabupaten,12,1205,2,2022,7.7975,Basis,9.86,1.26
kabupaten,12,1205,3,2022,0.7685,"Non Basis",13.38,17.41
kabupaten,12,1205,4,2022,1.6713,Basis,0.24,0.14
kabupaten,12,1205,5,2022,0.4196,"Non Basis",0.04,0.1
kabupaten,12,1205,6,2022,0.5914,"Non Basis",7.26,12.27
kabupaten,12,1205,7,2022,0.5137,"Non Basis",9.41,18.31
kabupaten,12,1205,8,2022,0.4644,"Non Basis",1.98,4.27
kabupaten,12,1205,9,2022,0.9073,"Non Basis",2.02,2.22
kabupaten,12,1205,10,2022,0.4716,"Non Basis",1.54,3.26
kabupaten,12,1205,11,2022,0.6384,"Non Basis",1.85,2.9
kabupaten,12,1205,12,2022,0.6166,"Non Basis",2.67,4.32
kabupaten,12,1205,13,2022,0.5515,"Non Basis",0.49,0.89
kabupaten,12,1205,14,2022,0.8666,"Non Basis",2.73,3.15
kabupaten,12,1205,15,2022,0.5792,"Non Basis",1.21,2.1
kabupaten,12,1205,16,2022,0.5047,"Non Basis",0.47,0.93
kabupaten,12,1205,17,2022,0.3674,"Non Basis",0.19,0.52
kabupaten,12,1205,1,2023,1.7505,Basis,44.54,25.45
kabupaten,12,1205,2,2023,7.9555,Basis,9.92,1.25
kabupaten,12,1205,3,2023,0.7654,"Non Basis",13.13,17.16
kabupaten,12,1205,4,2023,1.6885,Basis,0.24,0.14
kabupaten,12,1205,5,2023,0.4063,"Non Basis",0.04,0.1
kabupaten,12,1205,6,2023,0.6006,"Non Basis",7.47,12.43
kabupaten,12,1205,7,2023,0.5093,"Non Basis",9.4,18.45
kabupaten,12,1205,8,2023,0.4411,"Non Basis",2.03,4.6
kabupaten,12,1205,9,2023,0.8954,"Non Basis",2.09,2.33
kabupaten,12,1205,10,2023,0.4608,"Non Basis",1.54,3.35
kabupaten,12,1205,11,2023,0.6306,"Non Basis",1.84,2.91
kabupaten,12,1205,12,2023,0.6148,"Non Basis",2.61,4.25
kabupaten,12,1205,13,2023,0.5337,"Non Basis",0.48,0.91
kabupaten,12,1205,14,2023,0.9098,"Non Basis",2.78,3.05
kabupaten,12,1205,15,2023,0.5702,"Non Basis",1.22,2.14
kabupaten,12,1205,16,2023,0.5035,"Non Basis",0.47,0.94
kabupaten,12,1205,17,2023,0.3626,"Non Basis",0.2,0.54
kabupaten,12,1205,1,2024,1.774,Basis,44.58,25.13
kabupaten,12,1205,2,2024,7.9368,Basis,9.8,1.24
kabupaten,12,1205,3,2024,0.7646,"Non Basis",13.07,17.09
kabupaten,12,1205,4,2024,1.685,Basis,0.23,0.14
kabupaten,12,1205,5,2024,0.4018,"Non Basis",0.04,0.09
kabupaten,12,1205,6,2024,0.5764,"Non Basis",7.27,12.61
kabupaten,12,1205,7,2024,0.5162,"Non Basis",9.47,18.35
kabupaten,12,1205,8,2024,0.4451,"Non Basis",2.07,4.66
kabupaten,12,1205,9,2024,0.8748,"Non Basis",2.18,2.49
kabupaten,12,1205,10,2024,0.4625,"Non Basis",1.58,3.42
kabupaten,12,1205,11,2024,0.6589,"Non Basis",1.9,2.88
kabupaten,12,1205,12,2024,0.5954,"Non Basis",2.54,4.26
kabupaten,12,1205,13,2024,0.5298,"Non Basis",0.48,0.91
kabupaten,12,1205,14,2024,0.9282,"Non Basis",2.86,3.08
kabupaten,12,1205,15,2024,0.5747,"Non Basis",1.24,2.16
kabupaten,12,1205,16,2024,0.5184,"Non Basis",0.49,0.94
kabupaten,12,1205,17,2024,0.3679,"Non Basis",0.2,0.55
kabupaten,12,1205,1,2025,1.754,Basis,44.9,25.6
kabupaten,12,1205,2,2025,7.8186,Basis,9.54,1.22
kabupaten,12,1205,3,2025,0.765,"Non Basis",13.14,17.18
kabupaten,12,1205,4,2025,1.6967,Basis,0.23,0.14
kabupaten,12,1205,5,2025,0.3861,"Non Basis",0.04,0.1
kabupaten,12,1205,6,2025,0.5701,"Non Basis",6.98,12.24
kabupaten,12,1205,7,2025,0.5078,"Non Basis",9.61,18.92
kabupaten,12,1205,8,2025,0.6244,"Non Basis",2.17,3.47
kabupaten,12,1205,9,2025,0.8471,"Non Basis",2.14,2.52
kabupaten,12,1205,10,2025,0.4513,"Non Basis",1.6,3.54
kabupaten,12,1205,11,2025,0.6596,"Non Basis",1.9,2.89
kabupaten,12,1205,12,2025,0.5797,"Non Basis",2.61,4.5
kabupaten,12,1205,13,2025,0.4882,"Non Basis",0.48,0.97
kabupaten,12,1205,14,2025,0.9065,"Non Basis",2.7,2.98
kabupaten,12,1205,15,2025,0.5791,"Non Basis",1.26,2.18
kabupaten,12,1205,16,2025,0.513,"Non Basis",0.51,0.99
kabupaten,12,1205,17,2025,0.3554,"Non Basis",0.2,0.55
kabupaten,12,1206,1,2021,2.15,Basis,55.59,25.86
kabupaten,12,1206,2,2021,0.1768,"Non Basis",0.23,1.29
kabupaten,12,1206,3,2021,0.1844,"Non Basis",3.3,17.88
kabupaten,12,1206,4,2021,0.6841,"Non Basis",0.1,0.14
kabupaten,12,1206,5,2021,0.8287,"Non Basis",0.08,0.1
kabupaten,12,1206,6,2021,0.5282,"Non Basis",6.59,12.47
kabupaten,12,1206,7,2021,0.5791,"Non Basis",10.42,18
kabupaten,12,1206,8,2021,1.1345,Basis,4.49,3.96
kabupaten,12,1206,9,2021,1.1855,Basis,2.57,2.17
kabupaten,12,1206,10,2021,0.3429,"Non Basis",1.09,3.17
kabupaten,12,1206,11,2021,0.4579,"Non Basis",1.34,2.92
kabupaten,12,1206,12,2021,0.7429,"Non Basis",3.22,4.33
kabupaten,12,1206,13,2021,0.2181,"Non Basis",0.19,0.86
kabupaten,12,1206,14,2021,1.6861,Basis,5.6,3.32
kabupaten,12,1206,15,2021,1.2691,Basis,2.65,2.09
kabupaten,12,1206,16,2021,1.3238,Basis,1.23,0.93
kabupaten,12,1206,17,2021,2.6326,Basis,1.32,0.5
kabupaten,12,1206,1,2022,2.137,Basis,55.42,25.93
kabupaten,12,1206,2,2022,0.1816,"Non Basis",0.23,1.26
kabupaten,12,1206,3,2022,0.1916,"Non Basis",3.34,17.41
kabupaten,12,1206,4,2022,0.6828,"Non Basis",0.1,0.14
kabupaten,12,1206,5,2022,0.833,"Non Basis",0.08,0.1
kabupaten,12,1206,6,2022,0.53,"Non Basis",6.5,12.27
kabupaten,12,1206,7,2022,0.5765,"Non Basis",10.56,18.31
kabupaten,12,1206,8,2022,1.097,Basis,4.68,4.27
kabupaten,12,1206,9,2022,1.1746,Basis,2.61,2.22
kabupaten,12,1206,10,2022,0.3409,"Non Basis",1.11,3.26
kabupaten,12,1206,11,2022,0.4622,"Non Basis",1.34,2.9
kabupaten,12,1206,12,2022,0.746,"Non Basis",3.23,4.32
kabupaten,12,1206,13,2022,0.2104,"Non Basis",0.19,0.89
kabupaten,12,1206,14,2022,1.7125,Basis,5.39,3.15
kabupaten,12,1206,15,2022,1.271,Basis,2.66,2.1
kabupaten,12,1206,16,2022,1.3255,Basis,1.23,0.93
kabupaten,12,1206,17,2022,2.5633,Basis,1.33,0.52
kabupaten,12,1206,1,2023,2.158,Basis,54.91,25.45
kabupaten,12,1206,2,2023,0.1846,"Non Basis",0.23,1.25
kabupaten,12,1206,3,2023,0.1929,"Non Basis",3.31,17.16
kabupaten,12,1206,4,2023,0.693,"Non Basis",0.1,0.14
kabupaten,12,1206,5,2023,0.8318,"Non Basis",0.08,0.1
kabupaten,12,1206,6,2023,0.5295,"Non Basis",6.58,12.43
kabupaten,12,1206,7,2023,0.5857,"Non Basis",10.81,18.45
kabupaten,12,1206,8,2023,1.0816,Basis,4.97,4.6
kabupaten,12,1206,9,2023,1.1242,Basis,2.62,2.33
kabupaten,12,1206,10,2023,0.3401,"Non Basis",1.14,3.35
kabupaten,12,1206,11,2023,0.4636,"Non Basis",1.35,2.91
kabupaten,12,1206,12,2023,0.7595,"Non Basis",3.23,4.25
kabupaten,12,1206,13,2023,0.2076,"Non Basis",0.19,0.91
kabupaten,12,1206,14,2023,1.6852,Basis,5.15,3.05
kabupaten,12,1206,15,2023,1.2722,Basis,2.73,2.14
kabupaten,12,1206,16,2023,1.3442,Basis,1.27,0.94
kabupaten,12,1206,17,2023,2.4744,Basis,1.34,0.54
kabupaten,12,1206,1,2024,2.15,Basis,54.02,25.13
kabupaten,12,1206,2,2024,0.1898,"Non Basis",0.23,1.24
kabupaten,12,1206,3,2024,0.1915,"Non Basis",3.27,17.09
kabupaten,12,1206,4,2024,0.6981,"Non Basis",0.1,0.14
kabupaten,12,1206,5,2024,0.8415,"Non Basis",0.08,0.09
kabupaten,12,1206,6,2024,0.5371,"Non Basis",6.77,12.61
kabupaten,12,1206,7,2024,0.5939,"Non Basis",10.9,18.35
kabupaten,12,1206,8,2024,1.1155,Basis,5.19,4.66
kabupaten,12,1206,9,2024,1.1099,Basis,2.76,2.49
kabupaten,12,1206,10,2024,0.3459,"Non Basis",1.18,3.42
kabupaten,12,1206,11,2024,0.4757,"Non Basis",1.37,2.88
kabupaten,12,1206,12,2024,0.7639,"Non Basis",3.26,4.26
kabupaten,12,1206,13,2024,0.2116,"Non Basis",0.19,0.91
kabupaten,12,1206,14,2024,1.7067,Basis,5.26,3.08
kabupaten,12,1206,15,2024,1.3008,Basis,2.8,2.16
kabupaten,12,1206,16,2024,1.3141,Basis,1.24,0.94
kabupaten,12,1206,17,2024,2.4615,Basis,1.35,0.55
kabupaten,12,1206,1,2025,2.0875,Basis,53.44,25.6
kabupaten,12,1206,2,2025,0.1832,"Non Basis",0.22,1.22
kabupaten,12,1206,3,2025,0.1881,"Non Basis",3.23,17.18
kabupaten,12,1206,4,2025,0.6759,"Non Basis",0.09,0.14
kabupaten,12,1206,5,2025,0.8367,"Non Basis",0.08,0.1
kabupaten,12,1206,6,2025,0.5307,"Non Basis",6.5,12.24
kabupaten,12,1206,7,2025,0.6014,"Non Basis",11.38,18.92
kabupaten,12,1206,8,2025,1.6604,Basis,5.77,3.47
kabupaten,12,1206,9,2025,1.0952,Basis,2.76,2.52
kabupaten,12,1206,10,2025,0.3494,"Non Basis",1.24,3.54
kabupaten,12,1206,11,2025,0.4686,"Non Basis",1.35,2.89
kabupaten,12,1206,12,2025,0.7273,"Non Basis",3.27,4.5
kabupaten,12,1206,13,2025,0.2013,"Non Basis",0.2,0.97
kabupaten,12,1206,14,2025,1.674,Basis,4.98,2.98
kabupaten,12,1206,15,2025,1.3157,Basis,2.87,2.18
kabupaten,12,1206,16,2025,1.2846,Basis,1.28,0.99
kabupaten,12,1206,17,2025,2.4208,Basis,1.34,0.55
kabupaten,12,1207,1,2021,0.4738,"Non Basis",12.25,25.86
kabupaten,12,1207,2,2021,0.6393,"Non Basis",0.83,1.29
kabupaten,12,1207,3,2021,1.7275,Basis,30.89,17.88
kabupaten,12,1207,4,2021,1.1534,Basis,0.17,0.14
kabupaten,12,1207,5,2021,0.4747,"Non Basis",0.05,0.1
kabupaten,12,1207,6,2021,1.2468,Basis,15.55,12.47
kabupaten,12,1207,7,2021,0.9757,"Non Basis",17.56,18
kabupaten,12,1207,8,2021,1.7029,Basis,6.74,3.96
kabupaten,12,1207,9,2021,1.1971,Basis,2.6,2.17
kabupaten,12,1207,10,2021,0.5776,"Non Basis",1.83,3.17
kabupaten,12,1207,11,2021,0.915,"Non Basis",2.68,2.92
kabupaten,12,1207,12,2021,0.8234,"Non Basis",3.57,4.33
kabupaten,12,1207,13,2021,0.525,"Non Basis",0.45,0.86
kabupaten,12,1207,14,2021,0.5427,"Non Basis",1.8,3.32
kabupaten,12,1207,15,2021,0.8761,"Non Basis",1.83,2.09
kabupaten,12,1207,16,2021,1.0171,Basis,0.95,0.93
kabupaten,12,1207,17,2021,0.5337,"Non Basis",0.27,0.5
kabupaten,12,1207,1,2022,0.4742,"Non Basis",12.3,25.93
kabupaten,12,1207,2,2022,0.6529,"Non Basis",0.83,1.26
kabupaten,12,1207,3,2022,1.7114,Basis,29.8,17.41
kabupaten,12,1207,4,2022,1.1516,Basis,0.17,0.14
kabupaten,12,1207,5,2022,0.469,"Non Basis",0.05,0.1
kabupaten,12,1207,6,2022,1.242,Basis,15.24,12.27
kabupaten,12,1207,7,2022,0.9856,"Non Basis",18.05,18.31
kabupaten,12,1207,8,2022,1.7661,Basis,7.54,4.27
kabupaten,12,1207,9,2022,1.2189,Basis,2.71,2.22
kabupaten,12,1207,10,2022,0.5837,"Non Basis",1.9,3.26
kabupaten,12,1207,11,2022,0.9238,"Non Basis",2.68,2.9
kabupaten,12,1207,12,2022,0.8154,"Non Basis",3.53,4.32
kabupaten,12,1207,13,2022,0.5171,"Non Basis",0.46,0.89
kabupaten,12,1207,14,2022,0.5454,"Non Basis",1.72,3.15
kabupaten,12,1207,15,2022,0.8634,"Non Basis",1.81,2.1
kabupaten,12,1207,16,2022,1.0279,Basis,0.96,0.93
kabupaten,12,1207,17,2022,0.5242,"Non Basis",0.27,0.52
kabupaten,12,1207,1,2023,0.4693,"Non Basis",11.94,25.45
kabupaten,12,1207,2,2023,0.6502,"Non Basis",0.81,1.25
kabupaten,12,1207,3,2023,1.682,Basis,28.86,17.16
kabupaten,12,1207,4,2023,1.1486,Basis,0.16,0.14
kabupaten,12,1207,5,2023,0.4613,"Non Basis",0.04,0.1
kabupaten,12,1207,6,2023,1.2326,Basis,15.32,12.43
kabupaten,12,1207,7,2023,0.9732,"Non Basis",17.96,18.45
kabupaten,12,1207,8,2023,1.9332,Basis,8.88,4.6
kabupaten,12,1207,9,2023,1.2034,Basis,2.81,2.33
kabupaten,12,1207,10,2023,0.5759,"Non Basis",1.93,3.35
kabupaten,12,1207,11,2023,0.9146,"Non Basis",2.66,2.91
kabupaten,12,1207,12,2023,0.8078,"Non Basis",3.43,4.25
kabupaten,12,1207,13,2023,0.5109,"Non Basis",0.46,0.91
kabupaten,12,1207,14,2023,0.5414,"Non Basis",1.65,3.05
kabupaten,12,1207,15,2023,0.8531,"Non Basis",1.83,2.14
kabupaten,12,1207,16,2023,1.025,Basis,0.97,0.94
kabupaten,12,1207,17,2023,0.5104,"Non Basis",0.28,0.54
kabupaten,12,1207,1,2024,0.4699,"Non Basis",11.81,25.13
kabupaten,12,1207,2,2024,0.6542,"Non Basis",0.81,1.24
kabupaten,12,1207,3,2024,1.6627,Basis,28.42,17.09
kabupaten,12,1207,4,2024,1.134,Basis,0.16,0.14
kabupaten,12,1207,5,2024,0.4567,"Non Basis",0.04,0.09
kabupaten,12,1207,6,2024,1.2402,Basis,15.64,12.61
kabupaten,12,1207,7,2024,0.9866,"Non Basis",18.1,18.35
kabupaten,12,1207,8,2024,1.8733,Basis,8.72,4.66
kabupaten,12,1207,9,2024,1.2324,Basis,3.07,2.49
kabupaten,12,1207,10,2024,0.5767,"Non Basis",1.97,3.42
kabupaten,12,1207,11,2024,0.9083,"Non Basis",2.62,2.88
kabupaten,12,1207,12,2024,0.7802,"Non Basis",3.33,4.26
kabupaten,12,1207,13,2024,0.5123,"Non Basis",0.47,0.91
kabupaten,12,1207,14,2024,0.5695,"Non Basis",1.76,3.08
kabupaten,12,1207,15,2024,0.8492,"Non Basis",1.83,2.16
kabupaten,12,1207,16,2024,1.0459,Basis,0.99,0.94
kabupaten,12,1207,17,2024,0.5136,"Non Basis",0.28,0.55
kabupaten,12,1207,1,2025,0.4506,"Non Basis",11.54,25.6
kabupaten,12,1207,2,2025,0.6493,"Non Basis",0.79,1.22
kabupaten,12,1207,3,2025,1.6574,Basis,28.47,17.18
kabupaten,12,1207,4,2025,1.0928,Basis,0.15,0.14
kabupaten,12,1207,5,2025,0.4444,"Non Basis",0.04,0.1
kabupaten,12,1207,6,2025,1.2214,Basis,14.95,12.24
kabupaten,12,1207,7,2025,0.9842,"Non Basis",18.62,18.92
kabupaten,12,1207,8,2025,2.5873,Basis,8.99,3.47
kabupaten,12,1207,9,2025,1.2362,Basis,3.12,2.52
kabupaten,12,1207,10,2025,0.5682,"Non Basis",2.01,3.54
kabupaten,12,1207,11,2025,0.8942,"Non Basis",2.58,2.89
kabupaten,12,1207,12,2025,0.7714,"Non Basis",3.47,4.5
kabupaten,12,1207,13,2025,0.4991,"Non Basis",0.49,0.97
kabupaten,12,1207,14,2025,0.5534,"Non Basis",1.65,2.98
kabupaten,12,1207,15,2025,0.8508,"Non Basis",1.86,2.18
kabupaten,12,1207,16,2025,1.005,Basis,1,0.99
kabupaten,12,1207,17,2025,0.4959,"Non Basis",0.27,0.55
kabupaten,12,1208,1,2021,2.2496,Basis,58.16,25.86
kabupaten,12,1208,2,2021,0.1731,"Non Basis",0.22,1.29
kabupaten,12,1208,3,2021,0.5448,"Non Basis",9.74,17.88
kabupaten,12,1208,4,2021,0.5816,"Non Basis",0.08,0.14
kabupaten,12,1208,5,2021,0.792,"Non Basis",0.08,0.1
kabupaten,12,1208,6,2021,0.6743,"Non Basis",8.41,12.47
kabupaten,12,1208,7,2021,0.7367,"Non Basis",13.26,18
kabupaten,12,1208,8,2021,0.3845,"Non Basis",1.52,3.96
kabupaten,12,1208,9,2021,0.3618,"Non Basis",0.79,2.17
kabupaten,12,1208,10,2021,0.2276,"Non Basis",0.72,3.17
kabupaten,12,1208,11,2021,0.3127,"Non Basis",0.91,2.92
kabupaten,12,1208,12,2021,0.1958,"Non Basis",0.85,4.33
kabupaten,12,1208,13,2021,0.0893,"Non Basis",0.08,0.86
kabupaten,12,1208,14,2021,1.1192,Basis,3.71,3.32
kabupaten,12,1208,15,2021,0.48,"Non Basis",1,2.09
kabupaten,12,1208,16,2021,0.3829,"Non Basis",0.36,0.93
kabupaten,12,1208,17,2021,0.1951,"Non Basis",0.1,0.5
kabupaten,12,1208,1,2022,2.2655,Basis,58.75,25.93
kabupaten,12,1208,2,2022,0.1766,"Non Basis",0.22,1.26
kabupaten,12,1208,3,2022,0.5452,"Non Basis",9.49,17.41
kabupaten,12,1208,4,2022,0.5782,"Non Basis",0.08,0.14
kabupaten,12,1208,5,2022,0.8092,"Non Basis",0.08,0.1
kabupaten,12,1208,6,2022,0.6658,"Non Basis",8.17,12.27
kabupaten,12,1208,7,2022,0.7275,"Non Basis",13.32,18.31
kabupaten,12,1208,8,2022,0.3655,"Non Basis",1.56,4.27
kabupaten,12,1208,9,2022,0.3569,"Non Basis",0.79,2.22
kabupaten,12,1208,10,2022,0.2239,"Non Basis",0.73,3.26
kabupaten,12,1208,11,2022,0.3128,"Non Basis",0.91,2.9
kabupaten,12,1208,12,2022,0.1935,"Non Basis",0.84,4.32
kabupaten,12,1208,13,2022,0.0896,"Non Basis",0.08,0.89
kabupaten,12,1208,14,2022,1.1193,Basis,3.52,3.15
kabupaten,12,1208,15,2022,0.4774,"Non Basis",1,2.1
kabupaten,12,1208,16,2022,0.3762,"Non Basis",0.35,0.93
kabupaten,12,1208,17,2022,0.1923,"Non Basis",0.1,0.52
kabupaten,12,1208,1,2023,2.3084,Basis,58.74,25.45
kabupaten,12,1208,2,2023,0.1781,"Non Basis",0.22,1.25
kabupaten,12,1208,3,2023,0.5429,"Non Basis",9.31,17.16
kabupaten,12,1208,4,2023,0.5882,"Non Basis",0.08,0.14
kabupaten,12,1208,5,2023,0.786,"Non Basis",0.08,0.1
kabupaten,12,1208,6,2023,0.6583,"Non Basis",8.18,12.43
kabupaten,12,1208,7,2023,0.7344,"Non Basis",13.55,18.45
kabupaten,12,1208,8,2023,0.3564,"Non Basis",1.64,4.6
kabupaten,12,1208,9,2023,0.3563,"Non Basis",0.83,2.33
kabupaten,12,1208,10,2023,0.2237,"Non Basis",0.75,3.35
kabupaten,12,1208,11,2023,0.3116,"Non Basis",0.91,2.91
kabupaten,12,1208,12,2023,0.1919,"Non Basis",0.82,4.25
kabupaten,12,1208,13,2023,0.0874,"Non Basis",0.08,0.91
kabupaten,12,1208,14,2023,1.0986,Basis,3.35,3.05
kabupaten,12,1208,15,2023,0.4651,"Non Basis",1,2.14
kabupaten,12,1208,16,2023,0.3802,"Non Basis",0.36,0.94
kabupaten,12,1208,17,2023,0.1873,"Non Basis",0.1,0.54
kabupaten,12,1208,1,2024,2.345,Basis,58.92,25.13
kabupaten,12,1208,2,2024,0.1788,"Non Basis",0.22,1.24
kabupaten,12,1208,3,2024,0.5319,"Non Basis",9.09,17.09
kabupaten,12,1208,4,2024,0.5957,"Non Basis",0.08,0.14
kabupaten,12,1208,5,2024,0.7993,"Non Basis",0.08,0.09
kabupaten,12,1208,6,2024,0.6202,"Non Basis",7.82,12.61
kabupaten,12,1208,7,2024,0.7483,"Non Basis",13.73,18.35
kabupaten,12,1208,8,2024,0.3723,"Non Basis",1.73,4.66
kabupaten,12,1208,9,2024,0.3574,"Non Basis",0.89,2.49
kabupaten,12,1208,10,2024,0.2261,"Non Basis",0.77,3.42
kabupaten,12,1208,11,2024,0.3129,"Non Basis",0.9,2.88
kabupaten,12,1208,12,2024,0.1922,"Non Basis",0.82,4.26
kabupaten,12,1208,13,2024,0.0866,"Non Basis",0.08,0.91
kabupaten,12,1208,14,2024,1.0938,Basis,3.37,3.08
kabupaten,12,1208,15,2024,0.4674,"Non Basis",1.01,2.16
kabupaten,12,1208,16,2024,0.3941,"Non Basis",0.37,0.94
kabupaten,12,1208,17,2024,0.1925,"Non Basis",0.11,0.55
kabupaten,12,1208,1,2025,2.2878,Basis,58.57,25.6
kabupaten,12,1208,2,2025,0.1776,"Non Basis",0.22,1.22
kabupaten,12,1208,3,2025,0.5458,"Non Basis",9.38,17.18
kabupaten,12,1208,4,2025,0.5879,"Non Basis",0.08,0.14
kabupaten,12,1208,5,2025,0.7698,"Non Basis",0.08,0.1
kabupaten,12,1208,6,2025,0.6384,"Non Basis",7.82,12.24
kabupaten,12,1208,7,2025,0.7354,"Non Basis",13.91,18.92
kabupaten,12,1208,8,2025,0.5157,"Non Basis",1.79,3.47
kabupaten,12,1208,9,2025,0.3504,"Non Basis",0.88,2.52
kabupaten,12,1208,10,2025,0.2209,"Non Basis",0.78,3.54
kabupaten,12,1208,11,2025,0.3024,"Non Basis",0.87,2.89
kabupaten,12,1208,12,2025,0.1881,"Non Basis",0.85,4.5
kabupaten,12,1208,13,2025,0.08,"Non Basis",0.08,0.97
kabupaten,12,1208,14,2025,1.0788,Basis,3.21,2.98
kabupaten,12,1208,15,2025,0.4636,"Non Basis",1.01,2.18
kabupaten,12,1208,16,2025,0.3779,"Non Basis",0.38,0.99
kabupaten,12,1208,17,2025,0.1831,"Non Basis",0.1,0.55
kabupaten,12,1209,1,2022,1.7338,Basis,44.96,25.93
kabupaten,12,1209,2,2022,0.1549,"Non Basis",0.2,1.26
kabupaten,12,1209,3,2022,1.1298,Basis,19.67,17.41
kabupaten,12,1209,4,2022,0.6785,"Non Basis",0.1,0.14
kabupaten,12,1209,5,2022,0.5613,"Non Basis",0.06,0.1
kabupaten,12,1209,6,2022,0.47,"Non Basis",5.77,12.27
kabupaten,12,1209,7,2022,0.9257,"Non Basis",16.95,18.31
kabupaten,12,1209,8,2022,0.7772,"Non Basis",3.32,4.27
kabupaten,12,1209,9,2022,0.3486,"Non Basis",0.78,2.22
kabupaten,12,1209,10,2022,0.1782,"Non Basis",0.58,3.26
kabupaten,12,1209,11,2022,0.4598,"Non Basis",1.33,2.9
kabupaten,12,1209,12,2022,0.3627,"Non Basis",1.57,4.32
kabupaten,12,1209,13,2022,0.0422,"Non Basis",0.04,0.89
kabupaten,12,1209,14,2022,0.8738,"Non Basis",2.75,3.15
kabupaten,12,1209,15,2022,0.3957,"Non Basis",0.83,2.1
kabupaten,12,1209,16,2022,0.6144,"Non Basis",0.57,0.93
kabupaten,12,1209,17,2022,1.0243,Basis,0.53,0.52
kabupaten,12,1209,1,2023,1.7596,Basis,44.77,25.45
kabupaten,12,1209,2,2023,0.1549,"Non Basis",0.19,1.25
kabupaten,12,1209,3,2023,1.1322,Basis,19.42,17.16
kabupaten,12,1209,4,2023,0.6784,"Non Basis",0.1,0.14
kabupaten,12,1209,5,2023,0.5463,"Non Basis",0.05,0.1
kabupaten,12,1209,6,2023,0.471,"Non Basis",5.86,12.43
kabupaten,12,1209,7,2023,0.9286,"Non Basis",17.13,18.45
kabupaten,12,1209,8,2023,0.7656,"Non Basis",3.52,4.6
kabupaten,12,1209,9,2023,0.3437,"Non Basis",0.8,2.33
kabupaten,12,1209,10,2023,0.1753,"Non Basis",0.59,3.35
kabupaten,12,1209,11,2023,0.4595,"Non Basis",1.34,2.91
kabupaten,12,1209,12,2023,0.3646,"Non Basis",1.55,4.25
kabupaten,12,1209,13,2023,0.0416,"Non Basis",0.04,0.91
kabupaten,12,1209,14,2023,0.8737,"Non Basis",2.67,3.05
kabupaten,12,1209,15,2023,0.3935,"Non Basis",0.84,2.14
kabupaten,12,1209,16,2023,0.6095,"Non Basis",0.57,0.94
kabupaten,12,1209,17,2023,1.0167,Basis,0.55,0.54
kabupaten,12,1209,1,2024,1.7964,Basis,45.14,25.13
kabupaten,12,1209,2,2024,0.1522,"Non Basis",0.19,1.24
kabupaten,12,1209,3,2024,1.1226,Basis,19.19,17.09
kabupaten,12,1209,4,2024,0.6839,"Non Basis",0.09,0.14
kabupaten,12,1209,5,2024,0.5433,"Non Basis",0.05,0.09
kabupaten,12,1209,6,2024,0.4489,"Non Basis",5.66,12.61
kabupaten,12,1209,7,2024,0.9306,"Non Basis",17.08,18.35
kabupaten,12,1209,8,2024,0.7782,"Non Basis",3.62,4.66
kabupaten,12,1209,9,2024,0.3326,"Non Basis",0.83,2.49
kabupaten,12,1209,10,2024,0.1721,"Non Basis",0.59,3.42
kabupaten,12,1209,11,2024,0.4586,"Non Basis",1.32,2.88
kabupaten,12,1209,12,2024,0.3595,"Non Basis",1.53,4.26
kabupaten,12,1209,13,2024,0.0411,"Non Basis",0.04,0.91
kabupaten,12,1209,14,2024,0.8675,"Non Basis",2.68,3.08
kabupaten,12,1209,15,2024,0.3977,"Non Basis",0.86,2.16
kabupaten,12,1209,16,2024,0.6175,"Non Basis",0.58,0.94
kabupaten,12,1209,17,2024,1.0163,Basis,0.56,0.55
kabupaten,12,1209,1,2025,1.7635,Basis,45.15,25.6
kabupaten,12,1209,2,2025,0.1499,"Non Basis",0.18,1.22
kabupaten,12,1209,3,2025,1.1109,Basis,19.08,17.18
kabupaten,12,1209,4,2025,0.6555,"Non Basis",0.09,0.14
kabupaten,12,1209,5,2025,0.5043,"Non Basis",0.05,0.1
kabupaten,12,1209,6,2025,0.4424,"Non Basis",5.42,12.24
kabupaten,12,1209,7,2025,0.9142,"Non Basis",17.3,18.92
kabupaten,12,1209,8,2025,1.1033,Basis,3.83,3.47
kabupaten,12,1209,9,2025,0.3368,"Non Basis",0.85,2.52
kabupaten,12,1209,10,2025,0.1672,"Non Basis",0.59,3.54
kabupaten,12,1209,11,2025,0.453,"Non Basis",1.31,2.89
kabupaten,12,1209,12,2025,0.3353,"Non Basis",1.51,4.5
kabupaten,12,1209,13,2025,0.0387,"Non Basis",0.04,0.97
kabupaten,12,1209,14,2025,0.8787,"Non Basis",2.62,2.98
kabupaten,12,1209,15,2025,0.3982,"Non Basis",0.87,2.18
kabupaten,12,1209,16,2025,0.5723,"Non Basis",0.57,0.99
kabupaten,12,1209,17,2025,1.0064,Basis,0.56,0.55
kabupaten,12,1210,1,2021,1.1919,Basis,30.82,25.86
kabupaten,12,1210,2,2021,0.5736,"Non Basis",0.74,1.29
kabupaten,12,1210,3,2021,1.7779,Basis,31.79,17.88
kabupaten,12,1210,4,2021,0.5422,"Non Basis",0.08,0.14
kabupaten,12,1210,5,2021,0.3305,"Non Basis",0.03,0.1
kabupaten,12,1210,6,2021,0.6113,"Non Basis",7.62,12.47
kabupaten,12,1210,7,2021,0.9085,"Non Basis",16.35,18
kabupaten,12,1210,8,2021,0.4251,"Non Basis",1.68,3.96
kabupaten,12,1210,9,2021,0.6107,"Non Basis",1.33,2.17
kabupaten,12,1210,10,2021,0.2934,"Non Basis",0.93,3.17
kabupaten,12,1210,11,2021,0.3878,"Non Basis",1.13,2.92
kabupaten,12,1210,12,2021,0.5415,"Non Basis",2.35,4.33
kabupaten,12,1210,13,2021,0.174,"Non Basis",0.15,0.86
kabupaten,12,1210,14,2021,0.8041,"Non Basis",2.67,3.32
kabupaten,12,1210,15,2021,0.8769,"Non Basis",1.83,2.09
kabupaten,12,1210,16,2021,0.4339,"Non Basis",0.4,0.93
kabupaten,12,1210,17,2021,0.1866,"Non Basis",0.09,0.5
kabupaten,12,1210,1,2022,1.2169,Basis,31.55,25.93
kabupaten,12,1210,2,2022,0.5923,"Non Basis",0.75,1.26
kabupaten,12,1210,3,2022,1.7997,Basis,31.34,17.41
kabupaten,12,1210,4,2022,0.5471,"Non Basis",0.08,0.14
kabupaten,12,1210,5,2022,0.3416,"Non Basis",0.03,0.1
kabupaten,12,1210,6,2022,0.5965,"Non Basis",7.32,12.27
kabupaten,12,1210,7,2022,0.8951,"Non Basis",16.39,18.31
kabupaten,12,1210,8,2022,0.4086,"Non Basis",1.74,4.27
kabupaten,12,1210,9,2022,0.6122,"Non Basis",1.36,2.22
kabupaten,12,1210,10,2022,0.2912,"Non Basis",0.95,3.26
kabupaten,12,1210,11,2022,0.3869,"Non Basis",1.12,2.9
kabupaten,12,1210,12,2022,0.5447,"Non Basis",2.36,4.32
kabupaten,12,1210,13,2022,0.1678,"Non Basis",0.15,0.89
kabupaten,12,1210,14,2022,0.8088,"Non Basis",2.54,3.15
kabupaten,12,1210,15,2022,0.8661,"Non Basis",1.81,2.1
kabupaten,12,1210,16,2022,0.4248,"Non Basis",0.4,0.93
kabupaten,12,1210,17,2022,0.1835,"Non Basis",0.1,0.52
kabupaten,12,1210,1,2023,1.2361,Basis,31.45,25.45
kabupaten,12,1210,2,2023,0.5908,"Non Basis",0.74,1.25
kabupaten,12,1210,3,2023,1.818,Basis,31.19,17.16
kabupaten,12,1210,4,2023,0.5547,"Non Basis",0.08,0.14
kabupaten,12,1210,5,2023,0.3541,"Non Basis",0.03,0.1
kabupaten,12,1210,6,2023,0.5953,"Non Basis",7.4,12.43
kabupaten,12,1210,7,2023,0.9038,"Non Basis",16.68,18.45
kabupaten,12,1210,8,2023,0.3821,"Non Basis",1.76,4.6
kabupaten,12,1210,9,2023,0.5857,"Non Basis",1.37,2.33
kabupaten,12,1210,10,2023,0.2811,"Non Basis",0.94,3.35
kabupaten,12,1210,11,2023,0.381,"Non Basis",1.11,2.91
kabupaten,12,1210,12,2023,0.544,"Non Basis",2.31,4.25
kabupaten,12,1210,13,2023,0.1633,"Non Basis",0.15,0.91
kabupaten,12,1210,14,2023,0.8242,"Non Basis",2.52,3.05
kabupaten,12,1210,15,2023,0.834,"Non Basis",1.79,2.14
kabupaten,12,1210,16,2023,0.4184,"Non Basis",0.39,0.94
kabupaten,12,1210,17,2023,0.1766,"Non Basis",0.1,0.54
kabupaten,12,1210,1,2024,1.2423,Basis,31.22,25.13
kabupaten,12,1210,2,2024,0.5906,"Non Basis",0.73,1.24
kabupaten,12,1210,3,2024,1.789,Basis,30.57,17.09
kabupaten,12,1210,4,2024,0.5646,"Non Basis",0.08,0.14
kabupaten,12,1210,5,2024,0.3565,"Non Basis",0.03,0.09
kabupaten,12,1210,6,2024,0.5928,"Non Basis",7.47,12.61
kabupaten,12,1210,7,2024,0.9433,"Non Basis",17.31,18.35
kabupaten,12,1210,8,2024,0.3734,"Non Basis",1.74,4.66
kabupaten,12,1210,9,2024,0.5511,"Non Basis",1.37,2.49
kabupaten,12,1210,10,2024,0.2734,"Non Basis",0.94,3.42
kabupaten,12,1210,11,2024,0.3785,"Non Basis",1.09,2.88
kabupaten,12,1210,12,2024,0.5488,"Non Basis",2.34,4.26
kabupaten,12,1210,13,2024,0.161,"Non Basis",0.15,0.91
kabupaten,12,1210,14,2024,0.8499,"Non Basis",2.62,3.08
kabupaten,12,1210,15,2024,0.856,"Non Basis",1.85,2.16
kabupaten,12,1210,16,2024,0.4226,"Non Basis",0.4,0.94
kabupaten,12,1210,17,2024,0.1766,"Non Basis",0.1,0.55
kabupaten,12,1210,1,2025,1.1989,Basis,30.69,25.6
kabupaten,12,1210,2,2025,0.5961,"Non Basis",0.73,1.22
kabupaten,12,1210,3,2025,1.7937,Basis,30.81,17.18
kabupaten,12,1210,4,2025,0.5667,"Non Basis",0.08,0.14
kabupaten,12,1210,5,2025,0.0987,"Non Basis",0.01,0.1
kabupaten,12,1210,6,2025,0.5859,"Non Basis",7.17,12.24
kabupaten,12,1210,7,2025,0.9427,"Non Basis",17.83,18.92
kabupaten,12,1210,8,2025,0.5277,"Non Basis",1.83,3.47
kabupaten,12,1210,9,2025,0.564,"Non Basis",1.42,2.52
kabupaten,12,1210,10,2025,0.2732,"Non Basis",0.97,3.54
kabupaten,12,1210,11,2025,0.3821,"Non Basis",1.1,2.89
kabupaten,12,1210,12,2025,0.5543,"Non Basis",2.49,4.5
kabupaten,12,1210,13,2025,0.1527,"Non Basis",0.15,0.97
kabupaten,12,1210,14,2025,0.7866,"Non Basis",2.34,2.98
kabupaten,12,1210,15,2025,0.85,"Non Basis",1.85,2.18
kabupaten,12,1210,16,2025,0.4092,"Non Basis",0.41,0.99
kabupaten,12,1210,17,2025,0.179,"Non Basis",0.1,0.55
kabupaten,12,1211,1,2021,1.7467,Basis,45.16,25.86
kabupaten,12,1211,2,2021,0.0498,"Non Basis",0.06,1.29
kabupaten,12,1211,3,2021,0.0184,"Non Basis",0.33,17.88
kabupaten,12,1211,4,2021,0.6564,"Non Basis",0.09,0.14
kabupaten,12,1211,5,2021,0.8837,"Non Basis",0.09,0.1
kabupaten,12,1211,6,2021,1.0126,Basis,12.63,12.47
kabupaten,12,1211,7,2021,0.9595,"Non Basis",17.27,18
kabupaten,12,1211,8,2021,0.9303,"Non Basis",3.68,3.96
kabupaten,12,1211,9,2021,1.2946,Basis,2.81,2.17
kabupaten,12,1211,10,2021,0.4068,"Non Basis",1.29,3.17
kabupaten,12,1211,11,2021,0.7088,"Non Basis",2.07,2.92
kabupaten,12,1211,12,2021,0.6251,"Non Basis",2.71,4.33
kabupaten,12,1211,13,2021,0.0695,"Non Basis",0.06,0.86
kabupaten,12,1211,14,2021,2.7464,Basis,9.11,3.32
kabupaten,12,1211,15,2021,0.956,"Non Basis",2,2.09
kabupaten,12,1211,16,2021,0.6539,"Non Basis",0.61,0.93
kabupaten,12,1211,17,2021,0.0391,"Non Basis",0.02,0.5
kabupaten,12,1211,1,2022,1.7467,Basis,45.29,25.93
kabupaten,12,1211,2,2022,0.05,"Non Basis",0.06,1.26
kabupaten,12,1211,3,2022,0.0184,"Non Basis",0.32,17.41
kabupaten,12,1211,4,2022,0.6604,"Non Basis",0.1,0.14
kabupaten,12,1211,5,2022,0.8795,"Non Basis",0.09,0.1
kabupaten,12,1211,6,2022,0.9964,"Non Basis",12.23,12.27
kabupaten,12,1211,7,2022,0.965,"Non Basis",17.67,18.31
kabupaten,12,1211,8,2022,0.894,"Non Basis",3.82,4.27
kabupaten,12,1211,9,2022,1.2836,Basis,2.85,2.22
kabupaten,12,1211,10,2022,0.4088,"Non Basis",1.33,3.26
kabupaten,12,1211,11,2022,0.7053,"Non Basis",2.04,2.9
kabupaten,12,1211,12,2022,0.6214,"Non Basis",2.69,4.32
kabupaten,12,1211,13,2022,0.065,"Non Basis",0.06,0.89
kabupaten,12,1211,14,2022,2.7989,Basis,8.8,3.15
kabupaten,12,1211,15,2022,0.9607,"Non Basis",2.01,2.1
kabupaten,12,1211,16,2022,0.6538,"Non Basis",0.61,0.93
kabupaten,12,1211,17,2022,0.0364,"Non Basis",0.02,0.52
kabupaten,12,1211,1,2023,1.7741,Basis,45.14,25.45
kabupaten,12,1211,2,2023,0.0502,"Non Basis",0.06,1.25
kabupaten,12,1211,3,2023,0.0185,"Non Basis",0.32,17.16
kabupaten,12,1211,4,2023,0.6639,"Non Basis",0.09,0.14
kabupaten,12,1211,5,2023,0.8772,"Non Basis",0.09,0.1
kabupaten,12,1211,6,2023,0.9835,"Non Basis",12.23,12.43
kabupaten,12,1211,7,2023,0.9662,"Non Basis",17.83,18.45
kabupaten,12,1211,8,2023,0.8691,"Non Basis",3.99,4.6
kabupaten,12,1211,9,2023,1.259,Basis,2.94,2.33
kabupaten,12,1211,10,2023,0.4018,"Non Basis",1.35,3.35
kabupaten,12,1211,11,2023,0.6973,"Non Basis",2.03,2.91
kabupaten,12,1211,12,2023,0.6175,"Non Basis",2.62,4.25
kabupaten,12,1211,13,2023,0.0638,"Non Basis",0.06,0.91
kabupaten,12,1211,14,2023,2.8091,Basis,8.58,3.05
kabupaten,12,1211,15,2023,0.9523,"Non Basis",2.04,2.14
kabupaten,12,1211,16,2023,0.6536,"Non Basis",0.62,0.94
kabupaten,12,1211,17,2023,0.0353,"Non Basis",0.02,0.54
kabupaten,12,1211,1,2024,1.7849,Basis,44.85,25.13
kabupaten,12,1211,2,2024,0.0512,"Non Basis",0.06,1.24
kabupaten,12,1211,3,2024,0.0187,"Non Basis",0.32,17.09
kabupaten,12,1211,4,2024,0.6699,"Non Basis",0.09,0.14
kabupaten,12,1211,5,2024,0.8794,"Non Basis",0.08,0.09
kabupaten,12,1211,6,2024,0.9757,"Non Basis",12.3,12.61
kabupaten,12,1211,7,2024,0.9834,"Non Basis",18.05,18.35
kabupaten,12,1211,8,2024,0.8576,"Non Basis",3.99,4.66
kabupaten,12,1211,9,2024,1.1604,Basis,2.89,2.49
kabupaten,12,1211,10,2024,0.3872,"Non Basis",1.33,3.42
kabupaten,12,1211,11,2024,0.697,"Non Basis",2.01,2.88
kabupaten,12,1211,12,2024,0.6118,"Non Basis",2.61,4.26
kabupaten,12,1211,13,2024,0.0635,"Non Basis",0.06,0.91
kabupaten,12,1211,14,2024,2.8127,Basis,8.67,3.08
kabupaten,12,1211,15,2024,0.9555,"Non Basis",2.06,2.16
kabupaten,12,1211,16,2024,0.6449,"Non Basis",0.61,0.94
kabupaten,12,1211,17,2024,0.0345,"Non Basis",0.02,0.55
kabupaten,12,1211,1,2025,1.738,Basis,44.49,25.6
kabupaten,12,1211,2,2025,0.0514,"Non Basis",0.06,1.22
kabupaten,12,1211,3,2025,0.019,"Non Basis",0.33,17.18
kabupaten,12,1211,4,2025,0.6376,"Non Basis",0.09,0.14
kabupaten,12,1211,5,2025,0.8992,"Non Basis",0.09,0.1
kabupaten,12,1211,6,2025,0.9611,"Non Basis",11.77,12.24
kabupaten,12,1211,7,2025,1.0076,Basis,19.06,18.92
kabupaten,12,1211,8,2025,1.1981,Basis,4.16,3.47
kabupaten,12,1211,9,2025,1.1773,Basis,2.97,2.52
kabupaten,12,1211,10,2025,0.3679,"Non Basis",1.3,3.54
kabupaten,12,1211,11,2025,0.6864,"Non Basis",1.98,2.89
kabupaten,12,1211,12,2025,0.582,"Non Basis",2.62,4.5
kabupaten,12,1211,13,2025,0.0643,"Non Basis",0.06,0.97
kabupaten,12,1211,14,2025,2.7864,Basis,8.3,2.98
kabupaten,12,1211,15,2025,0.9482,"Non Basis",2.07,2.18
kabupaten,12,1211,16,2025,0.6306,"Non Basis",0.63,0.99
kabupaten,12,1211,17,2025,0.0454,"Non Basis",0.03,0.55
kabupaten,12,1212,1,2021,1.2552,Basis,32.46,25.86
kabupaten,12,1212,2,2021,0.233,"Non Basis",0.3,1.29
kabupaten,12,1212,3,2021,0.589,"Non Basis",10.53,17.88
kabupaten,12,1212,4,2021,0.6242,"Non Basis",0.09,0.14
kabupaten,12,1212,5,2021,0.4837,"Non Basis",0.05,0.1
kabupaten,12,1212,6,2021,1.0826,Basis,13.5,12.47
kabupaten,12,1212,7,2021,0.9383,"Non Basis",16.89,18
kabupaten,12,1212,8,2021,0.739,"Non Basis",2.93,3.96
kabupaten,12,1212,9,2021,1.3416,Basis,2.91,2.17
kabupaten,12,1212,10,2021,0.507,"Non Basis",1.61,3.17
kabupaten,12,1212,11,2021,0.6026,"Non Basis",1.76,2.92
kabupaten,12,1212,12,2021,0.6762,"Non Basis",2.93,4.33
kabupaten,12,1212,13,2021,0.9618,"Non Basis",0.83,0.86
kabupaten,12,1212,14,2021,2.7924,Basis,9.27,3.32
kabupaten,12,1212,15,2021,1.4207,Basis,2.97,2.09
kabupaten,12,1212,16,2021,0.8931,"Non Basis",0.83,0.93
kabupaten,12,1212,17,2021,0.306,"Non Basis",0.15,0.5
kabupaten,12,1212,1,2022,1.2394,Basis,32.14,25.93
kabupaten,12,1212,2,2022,0.2393,"Non Basis",0.3,1.26
kabupaten,12,1212,3,2022,0.613,"Non Basis",10.67,17.41
kabupaten,12,1212,4,2022,0.6302,"Non Basis",0.09,0.14
kabupaten,12,1212,5,2022,0.5014,"Non Basis",0.05,0.1
kabupaten,12,1212,6,2022,1.1191,Basis,13.73,12.27
kabupaten,12,1212,7,2022,0.9385,"Non Basis",17.19,18.31
kabupaten,12,1212,8,2022,0.6941,"Non Basis",2.96,4.27
kabupaten,12,1212,9,2022,1.3028,Basis,2.9,2.22
kabupaten,12,1212,10,2022,0.5032,"Non Basis",1.64,3.26
kabupaten,12,1212,11,2022,0.6035,"Non Basis",1.75,2.9
kabupaten,12,1212,12,2022,0.67,"Non Basis",2.9,4.32
kabupaten,12,1212,13,2022,0.926,"Non Basis",0.83,0.89
kabupaten,12,1212,14,2022,2.8396,Basis,8.93,3.15
kabupaten,12,1212,15,2022,1.4073,Basis,2.95,2.1
kabupaten,12,1212,16,2022,0.8731,"Non Basis",0.81,0.93
kabupaten,12,1212,17,2022,0.2955,"Non Basis",0.15,0.52
kabupaten,12,1212,1,2023,1.2294,Basis,31.28,25.45
kabupaten,12,1212,2,2023,0.2474,"Non Basis",0.31,1.25
kabupaten,12,1212,3,2023,0.623,"Non Basis",10.69,17.16
kabupaten,12,1212,4,2023,0.6692,"Non Basis",0.09,0.14
kabupaten,12,1212,5,2023,0.5294,"Non Basis",0.05,0.1
kabupaten,12,1212,6,2023,1.1458,Basis,14.24,12.43
kabupaten,12,1212,7,2023,0.9588,"Non Basis",17.69,18.45
kabupaten,12,1212,8,2023,0.6684,"Non Basis",3.07,4.6
kabupaten,12,1212,9,2023,1.2735,Basis,2.97,2.33
kabupaten,12,1212,10,2023,0.5053,"Non Basis",1.69,3.35
kabupaten,12,1212,11,2023,0.604,"Non Basis",1.76,2.91
kabupaten,12,1212,12,2023,0.6827,"Non Basis",2.9,4.25
kabupaten,12,1212,13,2023,0.9196,"Non Basis",0.83,0.91
kabupaten,12,1212,14,2023,2.8023,Basis,8.56,3.05
kabupaten,12,1212,15,2023,1.3532,Basis,2.9,2.14
kabupaten,12,1212,16,2023,0.846,"Non Basis",0.8,0.94
kabupaten,12,1212,17,2023,0.2868,"Non Basis",0.16,0.54
kabupaten,12,1212,1,2024,1.2189,Basis,30.63,25.13
kabupaten,12,1212,2,2024,0.2487,"Non Basis",0.31,1.24
kabupaten,12,1212,3,2024,0.6445,"Non Basis",11.01,17.09
kabupaten,12,1212,4,2024,0.698,"Non Basis",0.1,0.14
kabupaten,12,1212,5,2024,0.5482,"Non Basis",0.05,0.09
kabupaten,12,1212,6,2024,1.1381,Basis,14.35,12.61
kabupaten,12,1212,7,2024,0.9734,"Non Basis",17.86,18.35
kabupaten,12,1212,8,2024,0.6614,"Non Basis",3.08,4.66
kabupaten,12,1212,9,2024,1.1903,Basis,2.96,2.49
kabupaten,12,1212,10,2024,0.5041,"Non Basis",1.73,3.42
kabupaten,12,1212,11,2024,0.6069,"Non Basis",1.75,2.88
kabupaten,12,1212,12,2024,0.6763,"Non Basis",2.88,4.26
kabupaten,12,1212,13,2024,0.9108,"Non Basis",0.83,0.91
kabupaten,12,1212,14,2024,2.8024,Basis,8.64,3.08
kabupaten,12,1212,15,2024,1.3307,Basis,2.87,2.16
kabupaten,12,1212,16,2024,0.8486,"Non Basis",0.8,0.94
kabupaten,12,1212,17,2024,0.2778,"Non Basis",0.15,0.55
kabupaten,12,1212,1,2025,1.2,Basis,30.72,25.6
kabupaten,12,1212,2,2025,0.2522,"Non Basis",0.31,1.22
kabupaten,12,1212,3,2025,0.6032,"Non Basis",10.36,17.18
kabupaten,12,1212,4,2025,0.6898,"Non Basis",0.09,0.14
kabupaten,12,1212,5,2025,0.5335,"Non Basis",0.05,0.1
kabupaten,12,1212,6,2025,1.1257,Basis,13.78,12.24
kabupaten,12,1212,7,2025,1.0059,Basis,19.03,18.92
kabupaten,12,1212,8,2025,0.899,"Non Basis",3.12,3.47
kabupaten,12,1212,9,2025,1.2385,Basis,3.12,2.52
kabupaten,12,1212,10,2025,0.4989,"Non Basis",1.77,3.54
kabupaten,12,1212,11,2025,0.6128,"Non Basis",1.77,2.89
kabupaten,12,1212,12,2025,0.6494,"Non Basis",2.92,4.5
kabupaten,12,1212,13,2025,0.8467,"Non Basis",0.83,0.97
kabupaten,12,1212,14,2025,2.7877,Basis,8.3,2.98
kabupaten,12,1212,15,2025,1.3093,Basis,2.86,2.18
kabupaten,12,1212,16,2025,0.8174,"Non Basis",0.81,0.99
kabupaten,12,1212,17,2025,0.2766,"Non Basis",0.15,0.55
kabupaten,12,1213,1,2021,1.9207,Basis,49.66,25.86
kabupaten,12,1213,2,2021,0.5873,"Non Basis",0.76,1.29
kabupaten,12,1213,3,2021,0.5694,"Non Basis",10.18,17.88
kabupaten,12,1213,4,2021,0.6402,"Non Basis",0.09,0.14
kabupaten,12,1213,5,2021,0.1966,"Non Basis",0.02,0.1
kabupaten,12,1213,6,2021,0.9268,"Non Basis",11.56,12.47
kabupaten,12,1213,7,2021,0.6715,"Non Basis",12.08,18
kabupaten,12,1213,8,2021,0.4335,"Non Basis",1.72,3.96
kabupaten,12,1213,9,2021,0.3319,"Non Basis",0.72,2.17
kabupaten,12,1213,10,2021,0.2789,"Non Basis",0.89,3.17
kabupaten,12,1213,11,2021,0.5267,"Non Basis",1.54,2.92
kabupaten,12,1213,12,2021,0.485,"Non Basis",2.1,4.33
kabupaten,12,1213,13,2021,0.1139,"Non Basis",0.1,0.86
kabupaten,12,1213,14,2021,1.9419,Basis,6.44,3.32
kabupaten,12,1213,15,2021,0.6053,"Non Basis",1.26,2.09
kabupaten,12,1213,16,2021,0.906,"Non Basis",0.84,0.93
kabupaten,12,1213,17,2021,0.066,"Non Basis",0.03,0.5
kabupaten,12,1213,1,2022,1.94,Basis,50.31,25.93
kabupaten,12,1213,2,2022,0.5981,"Non Basis",0.76,1.26
kabupaten,12,1213,3,2022,0.5799,"Non Basis",10.1,17.41
kabupaten,12,1213,4,2022,0.6359,"Non Basis",0.09,0.14
kabupaten,12,1213,5,2022,0.2002,"Non Basis",0.02,0.1
kabupaten,12,1213,6,2022,0.9157,"Non Basis",11.24,12.27
kabupaten,12,1213,7,2022,0.6586,"Non Basis",12.06,18.31
kabupaten,12,1213,8,2022,0.4133,"Non Basis",1.76,4.27
kabupaten,12,1213,9,2022,0.3313,"Non Basis",0.74,2.22
kabupaten,12,1213,10,2022,0.277,"Non Basis",0.9,3.26
kabupaten,12,1213,11,2022,0.5349,"Non Basis",1.55,2.9
kabupaten,12,1213,12,2022,0.4827,"Non Basis",2.09,4.32
kabupaten,12,1213,13,2022,0.1107,"Non Basis",0.1,0.89
kabupaten,12,1213,14,2022,1.9617,Basis,6.17,3.15
kabupaten,12,1213,15,2022,0.6011,"Non Basis",1.26,2.1
kabupaten,12,1213,16,2022,0.8862,"Non Basis",0.82,0.93
kabupaten,12,1213,17,2022,0.065,"Non Basis",0.03,0.52
kabupaten,12,1213,1,2023,1.968,Basis,50.08,25.45
kabupaten,12,1213,2,2023,0.6194,"Non Basis",0.77,1.25
kabupaten,12,1213,3,2023,0.5895,"Non Basis",10.11,17.16
kabupaten,12,1213,4,2023,0.6372,"Non Basis",0.09,0.14
kabupaten,12,1213,5,2023,0.2045,"Non Basis",0.02,0.1
kabupaten,12,1213,6,2023,0.9104,"Non Basis",11.32,12.43
kabupaten,12,1213,7,2023,0.6596,"Non Basis",12.17,18.45
kabupaten,12,1213,8,2023,0.3925,"Non Basis",1.8,4.6
kabupaten,12,1213,9,2023,0.331,"Non Basis",0.77,2.33
kabupaten,12,1213,10,2023,0.2741,"Non Basis",0.92,3.35
kabupaten,12,1213,11,2023,0.516,"Non Basis",1.5,2.91
kabupaten,12,1213,12,2023,0.4838,"Non Basis",2.06,4.25
kabupaten,12,1213,13,2023,0.108,"Non Basis",0.1,0.91
kabupaten,12,1213,14,2023,2.0087,Basis,6.13,3.05
kabupaten,12,1213,15,2023,0.5988,"Non Basis",1.28,2.14
kabupaten,12,1213,16,2023,0.8855,"Non Basis",0.84,0.94
kabupaten,12,1213,17,2023,0.0634,"Non Basis",0.03,0.54
kabupaten,12,1213,1,2024,1.9754,Basis,49.64,25.13
kabupaten,12,1213,2,2024,0.6358,"Non Basis",0.79,1.24
kabupaten,12,1213,3,2024,0.593,"Non Basis",10.14,17.09
kabupaten,12,1213,4,2024,0.6583,"Non Basis",0.09,0.14
kabupaten,12,1213,5,2024,0.2065,"Non Basis",0.02,0.09
kabupaten,12,1213,6,2024,0.8971,"Non Basis",11.31,12.61
kabupaten,12,1213,7,2024,0.679,"Non Basis",12.46,18.35
kabupaten,12,1213,8,2024,0.3936,"Non Basis",1.83,4.66
kabupaten,12,1213,9,2024,0.3227,"Non Basis",0.8,2.49
kabupaten,12,1213,10,2024,0.2715,"Non Basis",0.93,3.42
kabupaten,12,1213,11,2024,0.48,"Non Basis",1.38,2.88
kabupaten,12,1213,12,2024,0.4833,"Non Basis",2.06,4.26
kabupaten,12,1213,13,2024,0.1088,"Non Basis",0.1,0.91
kabupaten,12,1213,14,2024,2.0411,Basis,6.29,3.08
kabupaten,12,1213,15,2024,0.5963,"Non Basis",1.29,2.16
kabupaten,12,1213,16,2024,0.8875,"Non Basis",0.84,0.94
kabupaten,12,1213,17,2024,0.0648,"Non Basis",0.04,0.55
kabupaten,12,1213,1,2025,1.9406,Basis,49.68,25.6
kabupaten,12,1213,2,2025,0.6488,"Non Basis",0.79,1.22
kabupaten,12,1213,3,2025,0.5884,"Non Basis",10.11,17.18
kabupaten,12,1213,4,2025,1.6639,Basis,0.23,0.14
kabupaten,12,1213,5,2025,0.191,"Non Basis",0.02,0.1
kabupaten,12,1213,6,2025,0.8841,"Non Basis",10.82,12.24
kabupaten,12,1213,7,2025,0.6687,"Non Basis",12.65,18.92
kabupaten,12,1213,8,2025,0.5633,"Non Basis",1.96,3.47
kabupaten,12,1213,9,2025,0.3292,"Non Basis",0.83,2.52
kabupaten,12,1213,10,2025,0.2705,"Non Basis",0.96,3.54
kabupaten,12,1213,11,2025,0.4478,"Non Basis",1.29,2.89
kabupaten,12,1213,12,2025,0.4732,"Non Basis",2.13,4.5
kabupaten,12,1213,13,2025,0.1013,"Non Basis",0.1,0.97
kabupaten,12,1213,14,2025,2.1145,Basis,6.3,2.98
kabupaten,12,1213,15,2025,0.5829,"Non Basis",1.27,2.18
kabupaten,12,1213,16,2025,0.8349,"Non Basis",0.83,0.99
kabupaten,12,1213,17,2025,0.0672,"Non Basis",0.04,0.55
kabupaten,12,1214,1,2021,1.8195,Basis,47.04,25.86
kabupaten,12,1214,2,2021,4.8162,Basis,6.22,1.29
kabupaten,12,1214,3,2021,0.009,"Non Basis",0.16,17.88
kabupaten,12,1214,4,2021,0.6024,"Non Basis",0.09,0.14
kabupaten,12,1214,5,2021,0.2596,"Non Basis",0.03,0.1
kabupaten,12,1214,6,2021,1.0214,Basis,12.74,12.47
kabupaten,12,1214,7,2021,0.4726,"Non Basis",8.51,18
kabupaten,12,1214,8,2021,0.8553,"Non Basis",3.39,3.96
kabupaten,12,1214,9,2021,0.9202,"Non Basis",2,2.17
kabupaten,12,1214,10,2021,0.3407,"Non Basis",1.08,3.17
kabupaten,12,1214,11,2021,0.497,"Non Basis",1.45,2.92
kabupaten,12,1214,12,2021,1.0591,Basis,4.59,4.33
kabupaten,12,1214,13,2021,0.0405,"Non Basis",0.03,0.86
kabupaten,12,1214,14,2021,2.693,Basis,8.94,3.32
kabupaten,12,1214,15,2021,1.3255,Basis,2.77,2.09
kabupaten,12,1214,16,2021,0.916,"Non Basis",0.85,0.93
kabupaten,12,1214,17,2021,0.2446,"Non Basis",0.12,0.5
kabupaten,12,1214,1,2022,1.8182,Basis,47.15,25.93
kabupaten,12,1214,2,2022,4.9252,Basis,6.23,1.26
kabupaten,12,1214,3,2022,0.0092,"Non Basis",0.16,17.41
kabupaten,12,1214,4,2022,0.6104,"Non Basis",0.09,0.14
kabupaten,12,1214,5,2022,0.2626,"Non Basis",0.03,0.1
kabupaten,12,1214,6,2022,1.0306,Basis,12.65,12.27
kabupaten,12,1214,7,2022,0.4734,"Non Basis",8.67,18.31
kabupaten,12,1214,8,2022,0.8094,"Non Basis",3.46,4.27
kabupaten,12,1214,9,2022,0.9316,"Non Basis",2.07,2.22
kabupaten,12,1214,10,2022,0.3438,"Non Basis",1.12,3.26
kabupaten,12,1214,11,2022,0.4915,"Non Basis",1.42,2.9
kabupaten,12,1214,12,2022,1.0367,Basis,4.48,4.32
kabupaten,12,1214,13,2022,0.0388,"Non Basis",0.03,0.89
kabupaten,12,1214,14,2022,2.7595,Basis,8.68,3.15
kabupaten,12,1214,15,2022,1.3275,Basis,2.78,2.1
kabupaten,12,1214,16,2022,0.9212,"Non Basis",0.86,0.93
kabupaten,12,1214,17,2022,0.2393,"Non Basis",0.12,0.52
kabupaten,12,1214,1,2023,1.8361,Basis,46.72,25.45
kabupaten,12,1214,2,2023,5.001,Basis,6.24,1.25
kabupaten,12,1214,3,2023,0.0093,"Non Basis",0.16,17.16
kabupaten,12,1214,4,2023,0.6299,"Non Basis",0.09,0.14
kabupaten,12,1214,5,2023,0.2653,"Non Basis",0.03,0.1
kabupaten,12,1214,6,2023,1.027,Basis,12.77,12.43
kabupaten,12,1214,7,2023,0.477,"Non Basis",8.8,18.45
kabupaten,12,1214,8,2023,0.7597,"Non Basis",3.49,4.6
kabupaten,12,1214,9,2023,0.9031,"Non Basis",2.11,2.33
kabupaten,12,1214,10,2023,0.3408,"Non Basis",1.14,3.35
kabupaten,12,1214,11,2023,0.4975,"Non Basis",1.45,2.91
kabupaten,12,1214,12,2023,1.0574,Basis,4.49,4.25
kabupaten,12,1214,13,2023,0.0388,"Non Basis",0.04,0.91
kabupaten,12,1214,14,2023,2.8519,Basis,8.71,3.05
kabupaten,12,1214,15,2023,1.2944,Basis,2.77,2.14
kabupaten,12,1214,16,2023,0.9282,"Non Basis",0.88,0.94
kabupaten,12,1214,17,2023,0.2342,"Non Basis",0.13,0.54
kabupaten,12,1214,1,2024,1.8442,Basis,46.34,25.13
kabupaten,12,1214,2,2024,5.0915,Basis,6.29,1.24
kabupaten,12,1214,3,2024,0.0093,"Non Basis",0.16,17.09
kabupaten,12,1214,4,2024,0.654,"Non Basis",0.09,0.14
kabupaten,12,1214,5,2024,0.2661,"Non Basis",0.03,0.09
kabupaten,12,1214,6,2024,1.0145,Basis,12.79,12.61
kabupaten,12,1214,7,2024,0.4844,"Non Basis",8.89,18.35
kabupaten,12,1214,8,2024,0.7518,"Non Basis",3.5,4.66
kabupaten,12,1214,9,2024,0.8534,"Non Basis",2.12,2.49
kabupaten,12,1214,10,2024,0.3405,"Non Basis",1.17,3.42
kabupaten,12,1214,11,2024,0.4997,"Non Basis",1.44,2.88
kabupaten,12,1214,12,2024,1.0574,Basis,4.51,4.26
kabupaten,12,1214,13,2024,0.038,"Non Basis",0.03,0.91
kabupaten,12,1214,14,2024,2.8753,Basis,8.87,3.08
kabupaten,12,1214,15,2024,1.2762,Basis,2.75,2.16
kabupaten,12,1214,16,2024,0.9521,"Non Basis",0.9,0.94
kabupaten,12,1214,17,2024,0.233,"Non Basis",0.13,0.55
kabupaten,12,1214,1,2025,1.8144,Basis,46.45,25.6
kabupaten,12,1214,2,2025,5.1755,Basis,6.31,1.22
kabupaten,12,1214,3,2025,0.0092,"Non Basis",0.16,17.18
kabupaten,12,1214,4,2025,0.656,"Non Basis",0.09,0.14
kabupaten,12,1214,5,2025,0.2587,"Non Basis",0.03,0.1
kabupaten,12,1214,6,2025,1.0117,Basis,12.39,12.24
kabupaten,12,1214,7,2025,0.485,"Non Basis",9.18,18.92
kabupaten,12,1214,8,2025,1.0513,Basis,3.65,3.47
kabupaten,12,1214,9,2025,0.8996,"Non Basis",2.27,2.52
kabupaten,12,1214,10,2025,0.3346,"Non Basis",1.19,3.54
kabupaten,12,1214,11,2025,0.4928,"Non Basis",1.42,2.89
kabupaten,12,1214,12,2025,1.007,Basis,4.53,4.5
kabupaten,12,1214,13,2025,0.0352,"Non Basis",0.03,0.97
kabupaten,12,1214,14,2025,2.8642,Basis,8.53,2.98
kabupaten,12,1214,15,2025,1.2552,Basis,2.74,2.18
kabupaten,12,1214,16,2025,0.9167,"Non Basis",0.91,0.99
kabupaten,12,1214,17,2025,0.2351,"Non Basis",0.13,0.55
kabupaten,12,1215,1,2021,2.3207,Basis,60,25.86
kabupaten,12,1215,2,2021,0.0337,"Non Basis",0.04,1.29
kabupaten,12,1215,3,2021,0.009,"Non Basis",0.16,17.88
kabupaten,12,1215,4,2021,1.8302,Basis,0.26,0.14
kabupaten,12,1215,5,2021,0.6332,"Non Basis",0.06,0.1
kabupaten,12,1215,6,2021,0.6981,"Non Basis",8.71,12.47
kabupaten,12,1215,7,2021,0.6249,"Non Basis",11.25,18
kabupaten,12,1215,8,2021,0.4958,"Non Basis",1.96,3.96
kabupaten,12,1215,9,2021,1.0344,Basis,2.25,2.17
kabupaten,12,1215,10,2021,0.2939,"Non Basis",0.93,3.17
kabupaten,12,1215,11,2021,0.2845,"Non Basis",0.83,2.92
kabupaten,12,1215,12,2021,0.309,"Non Basis",1.34,4.33
kabupaten,12,1215,13,2021,0.0187,"Non Basis",0.02,0.86
kabupaten,12,1215,14,2021,3.1519,Basis,10.46,3.32
kabupaten,12,1215,15,2021,0.6387,"Non Basis",1.33,2.09
kabupaten,12,1215,16,2021,0.3982,"Non Basis",0.37,0.93
kabupaten,12,1215,17,2021,0.0412,"Non Basis",0.02,0.5
kabupaten,12,1215,1,2022,2.3169,Basis,60.08,25.93
kabupaten,12,1215,2,2022,0.0339,"Non Basis",0.04,1.26
kabupaten,12,1215,3,2022,0.009,"Non Basis",0.16,17.41
kabupaten,12,1215,4,2022,1.8225,Basis,0.26,0.14
kabupaten,12,1215,5,2022,0.6448,"Non Basis",0.06,0.1
kabupaten,12,1215,6,2022,0.7094,"Non Basis",8.7,12.27
kabupaten,12,1215,7,2022,0.6286,"Non Basis",11.51,18.31
kabupaten,12,1215,8,2022,0.4774,"Non Basis",2.04,4.27
kabupaten,12,1215,9,2022,1.0389,Basis,2.31,2.22
kabupaten,12,1215,10,2022,0.2851,"Non Basis",0.93,3.26
kabupaten,12,1215,11,2022,0.2829,"Non Basis",0.82,2.9
kabupaten,12,1215,12,2022,0.3035,"Non Basis",1.31,4.32
kabupaten,12,1215,13,2022,0.0185,"Non Basis",0.02,0.89
kabupaten,12,1215,14,2022,3.1874,Basis,10.03,3.15
kabupaten,12,1215,15,2022,0.6396,"Non Basis",1.34,2.1
kabupaten,12,1215,16,2022,0.3922,"Non Basis",0.36,0.93
kabupaten,12,1215,17,2022,0.0402,"Non Basis",0.02,0.52
kabupaten,12,1215,1,2023,2.3445,Basis,59.66,25.45
kabupaten,12,1215,2,2023,0.0352,"Non Basis",0.04,1.25
kabupaten,12,1215,3,2023,0.009,"Non Basis",0.15,17.16
kabupaten,12,1215,4,2023,1.8792,Basis,0.26,0.14
kabupaten,12,1215,5,2023,0.7124,"Non Basis",0.07,0.1
kabupaten,12,1215,6,2023,0.7454,"Non Basis",9.27,12.43
kabupaten,12,1215,7,2023,0.6458,"Non Basis",11.92,18.45
kabupaten,12,1215,8,2023,0.4523,"Non Basis",2.08,4.6
kabupaten,12,1215,9,2023,1.0466,Basis,2.44,2.33
kabupaten,12,1215,10,2023,0.2805,"Non Basis",0.94,3.35
kabupaten,12,1215,11,2023,0.269,"Non Basis",0.78,2.91
kabupaten,12,1215,12,2023,0.3023,"Non Basis",1.28,4.25
kabupaten,12,1215,13,2023,0.0173,"Non Basis",0.02,0.91
kabupaten,12,1215,14,2023,3.0731,Basis,9.38,3.05
kabupaten,12,1215,15,2023,0.6122,"Non Basis",1.31,2.14
kabupaten,12,1215,16,2023,0.3903,"Non Basis",0.37,0.94
kabupaten,12,1215,17,2023,0.0386,"Non Basis",0.02,0.54
kabupaten,12,1215,1,2024,2.3468,Basis,58.97,25.13
kabupaten,12,1215,2,2024,0.0347,"Non Basis",0.04,1.24
kabupaten,12,1215,3,2024,0.0088,"Non Basis",0.15,17.09
kabupaten,12,1215,4,2024,1.8741,Basis,0.26,0.14
kabupaten,12,1215,5,2024,0.7264,"Non Basis",0.07,0.09
kabupaten,12,1215,6,2024,0.7383,"Non Basis",9.31,12.61
kabupaten,12,1215,7,2024,0.6673,"Non Basis",12.24,18.35
kabupaten,12,1215,8,2024,0.4454,"Non Basis",2.07,4.66
kabupaten,12,1215,9,2024,1.001,Basis,2.49,2.49
kabupaten,12,1215,10,2024,0.2757,"Non Basis",0.94,3.42
kabupaten,12,1215,11,2024,0.26,"Non Basis",0.75,2.88
kabupaten,12,1215,12,2024,0.2915,"Non Basis",1.24,4.26
kabupaten,12,1215,13,2024,0.0164,"Non Basis",0.01,0.91
kabupaten,12,1215,14,2024,3.1633,Basis,9.76,3.08
kabupaten,12,1215,15,2024,0.5984,"Non Basis",1.29,2.16
kabupaten,12,1215,16,2024,0.3966,"Non Basis",0.37,0.94
kabupaten,12,1215,17,2024,0.0398,"Non Basis",0.02,0.55
kabupaten,12,1215,1,2025,2.2852,Basis,58.5,25.6
kabupaten,12,1215,2,2025,0.0341,"Non Basis",0.04,1.22
kabupaten,12,1215,3,2025,0.0089,"Non Basis",0.15,17.18
kabupaten,12,1215,4,2025,1.8257,Basis,0.25,0.14
kabupaten,12,1215,5,2025,0.6969,"Non Basis",0.07,0.1
kabupaten,12,1215,6,2025,0.7664,"Non Basis",9.38,12.24
kabupaten,12,1215,7,2025,0.6717,"Non Basis",12.71,18.92
kabupaten,12,1215,8,2025,0.608,"Non Basis",2.11,3.47
kabupaten,12,1215,9,2025,0.9493,"Non Basis",2.39,2.52
kabupaten,12,1215,10,2025,0.2655,"Non Basis",0.94,3.54
kabupaten,12,1215,11,2025,0.2468,"Non Basis",0.71,2.89
kabupaten,12,1215,12,2025,0.2659,"Non Basis",1.2,4.5
kabupaten,12,1215,13,2025,0.0155,"Non Basis",0.02,0.97
kabupaten,12,1215,14,2025,3.3029,Basis,9.83,2.98
kabupaten,12,1215,15,2025,0.595,"Non Basis",1.3,2.18
kabupaten,12,1215,16,2025,0.3745,"Non Basis",0.37,0.99
kabupaten,12,1215,17,2025,0.0376,"Non Basis",0.02,0.55
kabupaten,12,1216,1,2021,1.7284,Basis,44.69,25.86
kabupaten,12,1216,2,2021,0.4941,"Non Basis",0.64,1.29
kabupaten,12,1216,3,2021,0.0864,"Non Basis",1.54,17.88
kabupaten,12,1216,4,2021,0.6828,"Non Basis",0.1,0.14
kabupaten,12,1216,5,2021,0.6593,"Non Basis",0.07,0.1
kabupaten,12,1216,6,2021,1.0783,Basis,13.45,12.47
kabupaten,12,1216,7,2021,0.9004,"Non Basis",16.21,18
kabupaten,12,1216,8,2021,0.6249,"Non Basis",2.47,3.96
kabupaten,12,1216,9,2021,1.549,Basis,3.36,2.17
kabupaten,12,1216,10,2021,0.3982,"Non Basis",1.26,3.17
kabupaten,12,1216,11,2021,0.3903,"Non Basis",1.14,2.92
kabupaten,12,1216,12,2021,0.6549,"Non Basis",2.84,4.33
kabupaten,12,1216,13,2021,0.1391,"Non Basis",0.12,0.86
kabupaten,12,1216,14,2021,3.1038,Basis,10.3,3.32
kabupaten,12,1216,15,2021,0.4868,"Non Basis",1.02,2.09
kabupaten,12,1216,16,2021,0.6775,"Non Basis",0.63,0.93
kabupaten,12,1216,17,2021,0.3255,"Non Basis",0.16,0.5
kabupaten,12,1216,1,2022,1.7105,Basis,44.35,25.93
kabupaten,12,1216,2,2022,0.5111,"Non Basis",0.65,1.26
kabupaten,12,1216,3,2022,0.088,"Non Basis",1.53,17.41
kabupaten,12,1216,4,2022,0.6847,"Non Basis",0.1,0.14
kabupaten,12,1216,5,2022,0.6647,"Non Basis",0.07,0.1
kabupaten,12,1216,6,2022,1.1038,Basis,13.54,12.27
kabupaten,12,1216,7,2022,0.9022,"Non Basis",16.52,18.31
kabupaten,12,1216,8,2022,0.6064,"Non Basis",2.59,4.27
kabupaten,12,1216,9,2022,1.5541,Basis,3.46,2.22
kabupaten,12,1216,10,2022,0.3949,"Non Basis",1.29,3.26
kabupaten,12,1216,11,2022,0.3947,"Non Basis",1.14,2.9
kabupaten,12,1216,12,2022,0.6599,"Non Basis",2.85,4.32
kabupaten,12,1216,13,2022,0.1352,"Non Basis",0.12,0.89
kabupaten,12,1216,14,2022,3.1649,Basis,9.96,3.15
kabupaten,12,1216,15,2022,0.4891,"Non Basis",1.02,2.1
kabupaten,12,1216,16,2022,0.6823,"Non Basis",0.64,0.93
kabupaten,12,1216,17,2022,0.3253,"Non Basis",0.17,0.52
kabupaten,12,1216,1,2023,1.72,Basis,43.77,25.45
kabupaten,12,1216,2,2023,0.5251,"Non Basis",0.65,1.25
kabupaten,12,1216,3,2023,0.0887,"Non Basis",1.52,17.16
kabupaten,12,1216,4,2023,0.7053,"Non Basis",0.1,0.14
kabupaten,12,1216,5,2023,0.6746,"Non Basis",0.07,0.1
kabupaten,12,1216,6,2023,1.0898,Basis,13.55,12.43
kabupaten,12,1216,7,2023,0.9106,"Non Basis",16.8,18.45
kabupaten,12,1216,8,2023,0.5886,"Non Basis",2.7,4.6
kabupaten,12,1216,9,2023,1.5355,Basis,3.58,2.33
kabupaten,12,1216,10,2023,0.3813,"Non Basis",1.28,3.35
kabupaten,12,1216,11,2023,0.3798,"Non Basis",1.11,2.91
kabupaten,12,1216,12,2023,0.6661,"Non Basis",2.83,4.25
kabupaten,12,1216,13,2023,0.1265,"Non Basis",0.11,0.91
kabupaten,12,1216,14,2023,3.3067,Basis,10.1,3.05
kabupaten,12,1216,15,2023,0.4812,"Non Basis",1.03,2.14
kabupaten,12,1216,16,2023,0.6591,"Non Basis",0.62,0.94
kabupaten,12,1216,17,2023,0.3227,"Non Basis",0.17,0.54
kabupaten,12,1216,1,2024,1.7264,Basis,43.38,25.13
kabupaten,12,1216,2,2024,0.5166,"Non Basis",0.64,1.24
kabupaten,12,1216,3,2024,0.0879,"Non Basis",1.5,17.09
kabupaten,12,1216,4,2024,0.7204,"Non Basis",0.1,0.14
kabupaten,12,1216,5,2024,0.6659,"Non Basis",0.06,0.09
kabupaten,12,1216,6,2024,1.0965,Basis,13.82,12.61
kabupaten,12,1216,7,2024,0.9408,"Non Basis",17.26,18.35
kabupaten,12,1216,8,2024,0.5853,"Non Basis",2.73,4.66
kabupaten,12,1216,9,2024,1.4271,Basis,3.55,2.49
kabupaten,12,1216,10,2024,0.3575,"Non Basis",1.22,3.42
kabupaten,12,1216,11,2024,0.3717,"Non Basis",1.07,2.88
kabupaten,12,1216,12,2024,0.6449,"Non Basis",2.75,4.26
kabupaten,12,1216,13,2024,0.1268,"Non Basis",0.12,0.91
kabupaten,12,1216,14,2024,3.2417,Basis,10,3.08
kabupaten,12,1216,15,2024,0.4739,"Non Basis",1.02,2.16
kabupaten,12,1216,16,2024,0.6307,"Non Basis",0.6,0.94
kabupaten,12,1216,17,2024,0.324,"Non Basis",0.18,0.55
kabupaten,12,1216,1,2025,1.6925,Basis,43.33,25.6
kabupaten,12,1216,2,2025,0.5136,"Non Basis",0.63,1.22
kabupaten,12,1216,3,2025,0.0865,"Non Basis",1.49,17.18
kabupaten,12,1216,4,2025,0.7061,"Non Basis",0.1,0.14
kabupaten,12,1216,5,2025,0.6344,"Non Basis",0.06,0.1
kabupaten,12,1216,6,2025,1.0926,Basis,13.38,12.24
kabupaten,12,1216,7,2025,0.944,"Non Basis",17.86,18.92
kabupaten,12,1216,8,2025,0.79,"Non Basis",2.74,3.47
kabupaten,12,1216,9,2025,1.4231,Basis,3.59,2.52
kabupaten,12,1216,10,2025,0.3526,"Non Basis",1.25,3.54
kabupaten,12,1216,11,2025,0.3671,"Non Basis",1.06,2.89
kabupaten,12,1216,12,2025,0.6081,"Non Basis",2.74,4.5
kabupaten,12,1216,13,2025,0.1173,"Non Basis",0.11,0.97
kabupaten,12,1216,14,2025,3.3138,Basis,9.87,2.98
kabupaten,12,1216,15,2025,0.473,"Non Basis",1.03,2.18
kabupaten,12,1216,16,2025,0.5957,"Non Basis",0.59,0.99
kabupaten,12,1216,17,2025,0.3225,"Non Basis",0.18,0.55
kabupaten,12,1217,1,2021,2.0084,Basis,51.93,25.86
kabupaten,12,1217,2,2021,0.5145,"Non Basis",0.66,1.29
kabupaten,12,1217,3,2021,0.0283,"Non Basis",0.51,17.88
kabupaten,12,1217,4,2021,0.4391,"Non Basis",0.06,0.14
kabupaten,12,1217,5,2021,0.6239,"Non Basis",0.06,0.1
kabupaten,12,1217,6,2021,0.885,"Non Basis",11.04,12.47
kabupaten,12,1217,7,2021,0.6309,"Non Basis",11.35,18
kabupaten,12,1217,8,2021,0.791,"Non Basis",3.13,3.96
kabupaten,12,1217,9,2021,2.3017,Basis,5,2.17
kabupaten,12,1217,10,2021,0.3885,"Non Basis",1.23,3.17
kabupaten,12,1217,11,2021,0.3352,"Non Basis",0.98,2.92
kabupaten,12,1217,12,2021,0.4672,"Non Basis",2.02,4.33
kabupaten,12,1217,13,2021,0.1471,"Non Basis",0.13,0.86
kabupaten,12,1217,14,2021,3.1162,Basis,10.34,3.32
kabupaten,12,1217,15,2021,0.4697,"Non Basis",0.98,2.09
kabupaten,12,1217,16,2021,0.5442,"Non Basis",0.51,0.93
kabupaten,12,1217,17,2021,0.1262,"Non Basis",0.06,0.5
kabupaten,12,1217,1,2022,2.0041,Basis,51.97,25.93
kabupaten,12,1217,2,2022,0.5265,"Non Basis",0.67,1.26
kabupaten,12,1217,3,2022,0.0278,"Non Basis",0.48,17.41
kabupaten,12,1217,4,2022,0.4199,"Non Basis",0.06,0.14
kabupaten,12,1217,5,2022,0.6121,"Non Basis",0.06,0.1
kabupaten,12,1217,6,2022,0.8979,"Non Basis",11.02,12.27
kabupaten,12,1217,7,2022,0.6346,"Non Basis",11.62,18.31
kabupaten,12,1217,8,2022,0.7585,"Non Basis",3.24,4.27
kabupaten,12,1217,9,2022,2.3005,Basis,5.12,2.22
kabupaten,12,1217,10,2022,0.3897,"Non Basis",1.27,3.26
kabupaten,12,1217,11,2022,0.334,"Non Basis",0.97,2.9
kabupaten,12,1217,12,2022,0.4619,"Non Basis",2,4.32
kabupaten,12,1217,13,2022,0.1355,"Non Basis",0.12,0.89
kabupaten,12,1217,14,2022,3.1463,Basis,9.9,3.15
kabupaten,12,1217,15,2022,0.4478,"Non Basis",0.94,2.1
kabupaten,12,1217,16,2022,0.5203,"Non Basis",0.48,0.93
kabupaten,12,1217,17,2022,0.1746,"Non Basis",0.09,0.52
kabupaten,12,1217,1,2023,2.0306,Basis,51.67,25.45
kabupaten,12,1217,2,2023,0.5312,"Non Basis",0.66,1.25
kabupaten,12,1217,3,2023,0.0285,"Non Basis",0.49,17.16
kabupaten,12,1217,4,2023,0.616,"Non Basis",0.09,0.14
kabupaten,12,1217,5,2023,0.5945,"Non Basis",0.06,0.1
kabupaten,12,1217,6,2023,0.8943,"Non Basis",11.12,12.43
kabupaten,12,1217,7,2023,0.6384,"Non Basis",11.78,18.45
kabupaten,12,1217,8,2023,0.7208,"Non Basis",3.31,4.6
kabupaten,12,1217,9,2023,2.2832,Basis,5.33,2.33
kabupaten,12,1217,10,2023,0.3785,"Non Basis",1.27,3.35
kabupaten,12,1217,11,2023,0.3164,"Non Basis",0.92,2.91
kabupaten,12,1217,12,2023,0.4541,"Non Basis",1.93,4.25
kabupaten,12,1217,13,2023,0.1269,"Non Basis",0.12,0.91
kabupaten,12,1217,14,2023,3.1979,Basis,9.76,3.05
kabupaten,12,1217,15,2023,0.4302,"Non Basis",0.92,2.14
kabupaten,12,1217,16,2023,0.5191,"Non Basis",0.49,0.94
kabupaten,12,1217,17,2023,0.1593,"Non Basis",0.09,0.54
kabupaten,12,1217,1,2024,2.0019,Basis,50.3,25.13
kabupaten,12,1217,2,2024,0.533,"Non Basis",0.66,1.24
kabupaten,12,1217,3,2024,0.0289,"Non Basis",0.49,17.09
kabupaten,12,1217,4,2024,0.6001,"Non Basis",0.08,0.14
kabupaten,12,1217,5,2024,0.5798,"Non Basis",0.05,0.09
kabupaten,12,1217,6,2024,0.8984,"Non Basis",11.33,12.61
kabupaten,12,1217,7,2024,0.6711,"Non Basis",12.31,18.35
kabupaten,12,1217,8,2024,0.7481,"Non Basis",3.48,4.66
kabupaten,12,1217,9,2024,2.3365,Basis,5.81,2.49
kabupaten,12,1217,10,2024,0.3684,"Non Basis",1.26,3.42
kabupaten,12,1217,11,2024,0.3047,"Non Basis",0.88,2.88
kabupaten,12,1217,12,2024,0.4373,"Non Basis",1.87,4.26
kabupaten,12,1217,13,2024,0.1207,"Non Basis",0.11,0.91
kabupaten,12,1217,14,2024,3.2017,Basis,9.87,3.08
kabupaten,12,1217,15,2024,0.4199,"Non Basis",0.91,2.16
kabupaten,12,1217,16,2024,0.5228,"Non Basis",0.49,0.94
kabupaten,12,1217,17,2024,0.1496,"Non Basis",0.08,0.55
kabupaten,12,1217,1,2025,1.929,Basis,49.38,25.6
kabupaten,12,1217,2,2025,0.5183,"Non Basis",0.63,1.22
kabupaten,12,1217,3,2025,0.0276,"Non Basis",0.47,17.18
kabupaten,12,1217,4,2025,0.5745,"Non Basis",0.08,0.14
kabupaten,12,1217,5,2025,0.5402,"Non Basis",0.05,0.1
kabupaten,12,1217,6,2025,0.8888,"Non Basis",10.88,12.24
kabupaten,12,1217,7,2025,0.7131,"Non Basis",13.49,18.92
kabupaten,12,1217,8,2025,1.0015,Basis,3.48,3.47
kabupaten,12,1217,9,2025,2.3499,Basis,5.93,2.52
kabupaten,12,1217,10,2025,0.3644,"Non Basis",1.29,3.54
kabupaten,12,1217,11,2025,0.2923,"Non Basis",0.84,2.89
kabupaten,12,1217,12,2025,0.4098,"Non Basis",1.84,4.5
kabupaten,12,1217,13,2025,0.1081,"Non Basis",0.11,0.97
kabupaten,12,1217,14,2025,3.3894,Basis,10.09,2.98
kabupaten,12,1217,15,2025,0.3987,"Non Basis",0.87,2.18
kabupaten,12,1217,16,2025,0.4773,"Non Basis",0.47,0.99
kabupaten,12,1217,17,2025,0.1431,"Non Basis",0.08,0.55
kabupaten,12,1218,1,2021,1.6828,Basis,43.51,25.86
kabupaten,12,1218,2,2021,0.7236,"Non Basis",0.93,1.29
kabupaten,12,1218,3,2021,0.985,"Non Basis",17.61,17.88
kabupaten,12,1218,4,2021,0.8346,"Non Basis",0.12,0.14
kabupaten,12,1218,5,2021,0.1237,"Non Basis",0.01,0.1
kabupaten,12,1218,6,2021,0.7444,"Non Basis",9.28,12.47
kabupaten,12,1218,7,2021,0.8397,"Non Basis",15.11,18
kabupaten,12,1218,8,2021,0.1887,"Non Basis",0.75,3.96
kabupaten,12,1218,9,2021,1.2904,Basis,2.8,2.17
kabupaten,12,1218,10,2021,0.2271,"Non Basis",0.72,3.17
kabupaten,12,1218,11,2021,0.1674,"Non Basis",0.49,2.92
kabupaten,12,1218,12,2021,0.5614,"Non Basis",2.43,4.33
kabupaten,12,1218,13,2021,0.5152,"Non Basis",0.44,0.86
kabupaten,12,1218,14,2021,0.8709,"Non Basis",2.89,3.32
kabupaten,12,1218,15,2021,0.7236,"Non Basis",1.51,2.09
kabupaten,12,1218,16,2021,0.9454,"Non Basis",0.88,0.93
kabupaten,12,1218,17,2021,0.9931,"Non Basis",0.5,0.5
kabupaten,12,1218,1,2022,1.7054,Basis,44.22,25.93
kabupaten,12,1218,2,2022,0.7502,"Non Basis",0.95,1.26
kabupaten,12,1218,3,2022,0.998,"Non Basis",17.38,17.41
kabupaten,12,1218,4,2022,0.8371,"Non Basis",0.12,0.14
kabupaten,12,1218,5,2022,0.1243,"Non Basis",0.01,0.1
kabupaten,12,1218,6,2022,0.7309,"Non Basis",8.97,12.27
kabupaten,12,1218,7,2022,0.8349,"Non Basis",15.29,18.31
kabupaten,12,1218,8,2022,0.1787,"Non Basis",0.76,4.27
kabupaten,12,1218,9,2022,1.2122,Basis,2.7,2.22
kabupaten,12,1218,10,2022,0.2267,"Non Basis",0.74,3.26
kabupaten,12,1218,11,2022,0.167,"Non Basis",0.48,2.9
kabupaten,12,1218,12,2022,0.5423,"Non Basis",2.35,4.32
kabupaten,12,1218,13,2022,0.4804,"Non Basis",0.43,0.89
kabupaten,12,1218,14,2022,0.8748,"Non Basis",2.75,3.15
kabupaten,12,1218,15,2022,0.7208,"Non Basis",1.51,2.1
kabupaten,12,1218,16,2022,0.9138,"Non Basis",0.85,0.93
kabupaten,12,1218,17,2022,0.9399,"Non Basis",0.49,0.52
kabupaten,12,1218,1,2023,1.7502,Basis,44.54,25.45
kabupaten,12,1218,2,2023,0.7684,"Non Basis",0.96,1.25
kabupaten,12,1218,3,2023,1.0001,Basis,17.16,17.16
kabupaten,12,1218,4,2023,0.8594,"Non Basis",0.12,0.14
kabupaten,12,1218,5,2023,0.1264,"Non Basis",0.01,0.1
kabupaten,12,1218,6,2023,0.7105,"Non Basis",8.83,12.43
kabupaten,12,1218,7,2023,0.8322,"Non Basis",15.36,18.45
kabupaten,12,1218,8,2023,0.1692,"Non Basis",0.78,4.6
kabupaten,12,1218,9,2023,1.1817,Basis,2.76,2.33
kabupaten,12,1218,10,2023,0.2316,"Non Basis",0.78,3.35
kabupaten,12,1218,11,2023,0.1734,"Non Basis",0.51,2.91
kabupaten,12,1218,12,2023,0.55,"Non Basis",2.34,4.25
kabupaten,12,1218,13,2023,0.4729,"Non Basis",0.43,0.91
kabupaten,12,1218,14,2023,0.8476,"Non Basis",2.59,3.05
kabupaten,12,1218,15,2023,0.7105,"Non Basis",1.52,2.14
kabupaten,12,1218,16,2023,0.9031,"Non Basis",0.85,0.94
kabupaten,12,1218,17,2023,0.8857,"Non Basis",0.48,0.54
kabupaten,12,1218,1,2024,1.7767,Basis,44.64,25.13
kabupaten,12,1218,2,2024,0.7958,"Non Basis",0.98,1.24
kabupaten,12,1218,3,2024,0.984,"Non Basis",16.82,17.09
kabupaten,12,1218,4,2024,0.886,"Non Basis",0.12,0.14
kabupaten,12,1218,5,2024,0.1275,"Non Basis",0.01,0.09
kabupaten,12,1218,6,2024,0.6965,"Non Basis",8.78,12.61
kabupaten,12,1218,7,2024,0.8422,"Non Basis",15.45,18.35
kabupaten,12,1218,8,2024,0.1664,"Non Basis",0.77,4.66
kabupaten,12,1218,9,2024,1.1573,Basis,2.88,2.49
kabupaten,12,1218,10,2024,0.2428,"Non Basis",0.83,3.42
kabupaten,12,1218,11,2024,0.1772,"Non Basis",0.51,2.88
kabupaten,12,1218,12,2024,0.5532,"Non Basis",2.36,4.26
kabupaten,12,1218,13,2024,0.4788,"Non Basis",0.44,0.91
kabupaten,12,1218,14,2024,0.8241,"Non Basis",2.54,3.08
kabupaten,12,1218,15,2024,0.7109,"Non Basis",1.53,2.16
kabupaten,12,1218,16,2024,0.89,"Non Basis",0.84,0.94
kabupaten,12,1218,17,2024,0.8772,"Non Basis",0.48,0.55
kabupaten,12,1218,1,2025,1.7649,Basis,45.18,25.6
kabupaten,12,1218,2,2025,0.8029,"Non Basis",0.98,1.22
kabupaten,12,1218,3,2025,0.9572,"Non Basis",16.44,17.18
kabupaten,12,1218,4,2025,0.8561,"Non Basis",0.12,0.14
kabupaten,12,1218,5,2025,0.1228,"Non Basis",0.01,0.1
kabupaten,12,1218,6,2025,0.6919,"Non Basis",8.47,12.24
kabupaten,12,1218,7,2025,0.8237,"Non Basis",15.58,18.92
kabupaten,12,1218,8,2025,0.2382,"Non Basis",0.83,3.47
kabupaten,12,1218,9,2025,1.1608,Basis,2.93,2.52
kabupaten,12,1218,10,2025,0.2399,"Non Basis",0.85,3.54
kabupaten,12,1218,11,2025,0.1762,"Non Basis",0.51,2.89
kabupaten,12,1218,12,2025,0.5295,"Non Basis",2.38,4.5
kabupaten,12,1218,13,2025,0.4543,"Non Basis",0.44,0.97
kabupaten,12,1218,14,2025,0.81,"Non Basis",2.41,2.98
kabupaten,12,1218,15,2025,0.7008,"Non Basis",1.53,2.18
kabupaten,12,1218,16,2025,0.8653,"Non Basis",0.86,0.99
kabupaten,12,1218,17,2025,0.8531,"Non Basis",0.47,0.55
kabupaten,12,1219,1,2021,0.8909,"Non Basis",23.04,25.86
kabupaten,12,1219,2,2021,0.109,"Non Basis",0.14,1.29
kabupaten,12,1219,3,2021,2.5111,Basis,44.9,17.88
kabupaten,12,1219,4,2021,0.4598,"Non Basis",0.07,0.14
kabupaten,12,1219,5,2021,0.2901,"Non Basis",0.03,0.1
kabupaten,12,1219,6,2021,0.4935,"Non Basis",6.16,12.47
kabupaten,12,1219,7,2021,0.9209,"Non Basis",16.57,18
kabupaten,12,1219,8,2021,0.8251,"Non Basis",3.27,3.96
kabupaten,12,1219,9,2021,0.5026,"Non Basis",1.09,2.17
kabupaten,12,1219,10,2021,0.2191,"Non Basis",0.7,3.17
kabupaten,12,1219,11,2021,0.1007,"Non Basis",0.29,2.92
kabupaten,12,1219,12,2021,0.2583,"Non Basis",1.12,4.33
kabupaten,12,1219,13,2021,0.1018,"Non Basis",0.09,0.86
kabupaten,12,1219,14,2021,0.5162,"Non Basis",1.71,3.32
kabupaten,12,1219,15,2021,0.2217,"Non Basis",0.46,2.09
kabupaten,12,1219,16,2021,0.304,"Non Basis",0.28,0.93
kabupaten,12,1219,17,2021,0.1742,"Non Basis",0.09,0.5
kabupaten,12,1219,1,2022,0.9069,"Non Basis",23.52,25.93
kabupaten,12,1219,2,2022,0.1119,"Non Basis",0.14,1.26
kabupaten,12,1219,3,2022,2.5438,Basis,44.3,17.41
kabupaten,12,1219,4,2022,0.457,"Non Basis",0.07,0.14
kabupaten,12,1219,5,2022,0.2869,"Non Basis",0.03,0.1
kabupaten,12,1219,6,2022,0.4864,"Non Basis",5.97,12.27
kabupaten,12,1219,7,2022,0.9263,"Non Basis",16.96,18.31
kabupaten,12,1219,8,2022,0.7641,"Non Basis",3.26,4.27
kabupaten,12,1219,9,2022,0.4922,"Non Basis",1.09,2.22
kabupaten,12,1219,10,2022,0.2143,"Non Basis",0.7,3.26
kabupaten,12,1219,11,2022,0.1015,"Non Basis",0.29,2.9
kabupaten,12,1219,12,2022,0.255,"Non Basis",1.1,4.32
kabupaten,12,1219,13,2022,0.0977,"Non Basis",0.09,0.89
kabupaten,12,1219,14,2022,0.5229,"Non Basis",1.64,3.15
kabupaten,12,1219,15,2022,0.2186,"Non Basis",0.46,2.1
kabupaten,12,1219,16,2022,0.308,"Non Basis",0.29,0.93
kabupaten,12,1219,17,2022,0.1732,"Non Basis",0.09,0.52
kabupaten,12,1219,1,2023,0.916,"Non Basis",23.31,25.45
kabupaten,12,1219,2,2023,0.113,"Non Basis",0.14,1.25
kabupaten,12,1219,3,2023,2.5845,Basis,44.34,17.16
kabupaten,12,1219,4,2023,0.4634,"Non Basis",0.07,0.14
kabupaten,12,1219,5,2023,0.2871,"Non Basis",0.03,0.1
kabupaten,12,1219,6,2023,0.4743,"Non Basis",5.9,12.43
kabupaten,12,1219,7,2023,0.9356,"Non Basis",17.26,18.45
kabupaten,12,1219,8,2023,0.694,"Non Basis",3.19,4.6
kabupaten,12,1219,9,2023,0.4842,"Non Basis",1.13,2.33
kabupaten,12,1219,10,2023,0.2127,"Non Basis",0.71,3.35
kabupaten,12,1219,11,2023,0.1032,"Non Basis",0.3,2.91
kabupaten,12,1219,12,2023,0.2566,"Non Basis",1.09,4.25
kabupaten,12,1219,13,2023,0.0969,"Non Basis",0.09,0.91
kabupaten,12,1219,14,2023,0.5248,"Non Basis",1.6,3.05
kabupaten,12,1219,15,2023,0.2124,"Non Basis",0.46,2.14
kabupaten,12,1219,16,2023,0.311,"Non Basis",0.29,0.94
kabupaten,12,1219,17,2023,0.1787,"Non Basis",0.1,0.54
kabupaten,12,1219,1,2024,0.9087,"Non Basis",22.83,25.13
kabupaten,12,1219,2,2024,0.1108,"Non Basis",0.14,1.24
kabupaten,12,1219,3,2024,2.6344,Basis,45.02,17.09
kabupaten,12,1219,4,2024,0.4764,"Non Basis",0.07,0.14
kabupaten,12,1219,5,2024,0.2886,"Non Basis",0.03,0.09
kabupaten,12,1219,6,2024,0.4472,"Non Basis",5.64,12.61
kabupaten,12,1219,7,2024,0.941,"Non Basis",17.27,18.35
kabupaten,12,1219,8,2024,0.6712,"Non Basis",3.13,4.66
kabupaten,12,1219,9,2024,0.461,"Non Basis",1.15,2.49
kabupaten,12,1219,10,2024,0.211,"Non Basis",0.72,3.42
kabupaten,12,1219,11,2024,0.1044,"Non Basis",0.3,2.88
kabupaten,12,1219,12,2024,0.2511,"Non Basis",1.07,4.26
kabupaten,12,1219,13,2024,0.095,"Non Basis",0.09,0.91
kabupaten,12,1219,14,2024,0.5518,"Non Basis",1.7,3.08
kabupaten,12,1219,15,2024,0.2097,"Non Basis",0.45,2.16
kabupaten,12,1219,16,2024,0.3192,"Non Basis",0.3,0.94
kabupaten,12,1219,17,2024,0.1826,"Non Basis",0.1,0.55
kabupaten,12,1219,1,2025,0.8818,"Non Basis",22.57,25.6
kabupaten,12,1219,2,2025,0.1081,"Non Basis",0.13,1.22
kabupaten,12,1219,3,2025,2.6009,Basis,44.68,17.18
kabupaten,12,1219,4,2025,0.4704,"Non Basis",0.06,0.14
kabupaten,12,1219,5,2025,0.2764,"Non Basis",0.03,0.1
kabupaten,12,1219,6,2025,0.4402,"Non Basis",5.39,12.24
kabupaten,12,1219,7,2025,0.942,"Non Basis",17.82,18.92
kabupaten,12,1219,8,2025,0.9794,"Non Basis",3.4,3.47
kabupaten,12,1219,9,2025,0.4648,"Non Basis",1.17,2.52
kabupaten,12,1219,10,2025,0.2082,"Non Basis",0.74,3.54
kabupaten,12,1219,11,2025,0.103,"Non Basis",0.3,2.89
kabupaten,12,1219,12,2025,0.2445,"Non Basis",1.1,4.5
kabupaten,12,1219,13,2025,0.0913,"Non Basis",0.09,0.97
kabupaten,12,1219,14,2025,0.5475,"Non Basis",1.63,2.98
kabupaten,12,1219,15,2025,0.2119,"Non Basis",0.46,2.18
kabupaten,12,1219,16,2025,0.3196,"Non Basis",0.32,0.99
kabupaten,12,1219,17,2025,0.1858,"Non Basis",0.1,0.55
kabupaten,12,1220,1,2021,1.766,Basis,45.66,25.86
kabupaten,12,1220,2,2021,0.2351,"Non Basis",0.3,1.29
kabupaten,12,1220,3,2021,0.9645,"Non Basis",17.25,17.88
kabupaten,12,1220,4,2021,1.7004,Basis,0.24,0.14
kabupaten,12,1220,5,2021,0.4339,"Non Basis",0.04,0.1
kabupaten,12,1220,6,2021,1.0898,Basis,13.59,12.47
kabupaten,12,1220,7,2021,0.563,"Non Basis",10.13,18
kabupaten,12,1220,8,2021,0.4774,"Non Basis",1.89,3.96
kabupaten,12,1220,9,2021,0.3892,"Non Basis",0.84,2.17
kabupaten,12,1220,10,2021,0.2213,"Non Basis",0.7,3.17
kabupaten,12,1220,11,2021,0.2489,"Non Basis",0.73,2.92
kabupaten,12,1220,12,2021,0.8792,"Non Basis",3.81,4.33
kabupaten,12,1220,13,2021,0.0551,"Non Basis",0.05,0.86
kabupaten,12,1220,14,2021,1.0547,Basis,3.5,3.32
kabupaten,12,1220,15,2021,0.3651,"Non Basis",0.76,2.09
kabupaten,12,1220,16,2021,0.4966,"Non Basis",0.46,0.93
kabupaten,12,1220,17,2021,0.0592,"Non Basis",0.03,0.5
kabupaten,12,1220,1,2022,1.7957,Basis,46.56,25.93
kabupaten,12,1220,2,2022,0.2396,"Non Basis",0.3,1.26
kabupaten,12,1220,3,2022,0.9788,"Non Basis",17.04,17.41
kabupaten,12,1220,4,2022,1.6953,Basis,0.24,0.14
kabupaten,12,1220,5,2022,0.4249,"Non Basis",0.04,0.1
kabupaten,12,1220,6,2022,1.0703,Basis,13.13,12.27
kabupaten,12,1220,7,2022,0.5551,"Non Basis",10.17,18.31
kabupaten,12,1220,8,2022,0.4296,"Non Basis",1.83,4.27
kabupaten,12,1220,9,2022,0.3762,"Non Basis",0.84,2.22
kabupaten,12,1220,10,2022,0.2161,"Non Basis",0.7,3.26
kabupaten,12,1220,11,2022,0.2436,"Non Basis",0.71,2.9
kabupaten,12,1220,12,2022,0.878,"Non Basis",3.8,4.32
kabupaten,12,1220,13,2022,0.0537,"Non Basis",0.05,0.89
kabupaten,12,1220,14,2022,1.0691,Basis,3.36,3.15
kabupaten,12,1220,15,2022,0.3516,"Non Basis",0.74,2.1
kabupaten,12,1220,16,2022,0.4818,"Non Basis",0.45,0.93
kabupaten,12,1220,17,2022,0.0556,"Non Basis",0.03,0.52
kabupaten,12,1220,1,2023,1.8266,Basis,46.48,25.45
kabupaten,12,1220,2,2023,0.2367,"Non Basis",0.3,1.25
kabupaten,12,1220,3,2023,0.9828,"Non Basis",16.86,17.16
kabupaten,12,1220,4,2023,1.7095,Basis,0.24,0.14
kabupaten,12,1220,5,2023,0.4265,"Non Basis",0.04,0.1
kabupaten,12,1220,6,2023,1.0764,Basis,13.38,12.43
kabupaten,12,1220,7,2023,0.5559,"Non Basis",10.26,18.45
kabupaten,12,1220,8,2023,0.4028,"Non Basis",1.85,4.6
kabupaten,12,1220,9,2023,0.3734,"Non Basis",0.87,2.33
kabupaten,12,1220,10,2023,0.2127,"Non Basis",0.71,3.35
kabupaten,12,1220,11,2023,0.2362,"Non Basis",0.69,2.91
kabupaten,12,1220,12,2023,0.8845,"Non Basis",3.76,4.25
kabupaten,12,1220,13,2023,0.0542,"Non Basis",0.05,0.91
kabupaten,12,1220,14,2023,1.0763,Basis,3.29,3.05
kabupaten,12,1220,15,2023,0.3475,"Non Basis",0.74,2.14
kabupaten,12,1220,16,2023,0.4803,"Non Basis",0.45,0.94
kabupaten,12,1220,17,2023,0.0544,"Non Basis",0.03,0.54
kabupaten,12,1220,1,2024,1.8407,Basis,46.25,25.13
kabupaten,12,1220,2,2024,0.2336,"Non Basis",0.29,1.24
kabupaten,12,1220,3,2024,0.9837,"Non Basis",16.81,17.09
kabupaten,12,1220,4,2024,1.7441,Basis,0.24,0.14
kabupaten,12,1220,5,2024,0.4236,"Non Basis",0.04,0.09
kabupaten,12,1220,6,2024,1.0614,Basis,13.38,12.61
kabupaten,12,1220,7,2024,0.5722,"Non Basis",10.5,18.35
kabupaten,12,1220,8,2024,0.3979,"Non Basis",1.85,4.66
kabupaten,12,1220,9,2024,0.3702,"Non Basis",0.92,2.49
kabupaten,12,1220,10,2024,0.2131,"Non Basis",0.73,3.42
kabupaten,12,1220,11,2024,0.2288,"Non Basis",0.66,2.88
kabupaten,12,1220,12,2024,0.8699,"Non Basis",3.71,4.26
kabupaten,12,1220,13,2024,0.0538,"Non Basis",0.05,0.91
kabupaten,12,1220,14,2024,1.0781,Basis,3.32,3.08
kabupaten,12,1220,15,2024,0.346,"Non Basis",0.75,2.16
kabupaten,12,1220,16,2024,0.4892,"Non Basis",0.46,0.94
kabupaten,12,1220,17,2024,0.0535,"Non Basis",0.03,0.55
kabupaten,12,1220,1,2025,1.8118,Basis,46.38,25.6
kabupaten,12,1220,2,2025,0.2264,"Non Basis",0.28,1.22
kabupaten,12,1220,3,2025,0.9768,"Non Basis",16.78,17.18
kabupaten,12,1220,4,2025,1.7384,Basis,0.24,0.14
kabupaten,12,1220,5,2025,0.4119,"Non Basis",0.04,0.1
kabupaten,12,1220,6,2025,1.0528,Basis,12.89,12.24
kabupaten,12,1220,7,2025,0.5757,"Non Basis",10.89,18.92
kabupaten,12,1220,8,2025,0.5497,"Non Basis",1.91,3.47
kabupaten,12,1220,9,2025,0.3772,"Non Basis",0.95,2.52
kabupaten,12,1220,10,2025,0.2076,"Non Basis",0.74,3.54
kabupaten,12,1220,11,2025,0.2262,"Non Basis",0.65,2.89
kabupaten,12,1220,12,2025,0.8258,"Non Basis",3.72,4.5
kabupaten,12,1220,13,2025,0.0503,"Non Basis",0.05,0.97
kabupaten,12,1220,14,2025,1.0865,Basis,3.24,2.98
kabupaten,12,1220,15,2025,0.3455,"Non Basis",0.75,2.18
kabupaten,12,1220,16,2025,0.4727,"Non Basis",0.47,0.99
kabupaten,12,1220,17,2025,0.0532,"Non Basis",0.03,0.55
kabupaten,12,1221,1,2021,2.0788,Basis,53.75,25.86
kabupaten,12,1221,2,2021,0.4085,"Non Basis",0.53,1.29
kabupaten,12,1221,3,2021,0.8001,"Non Basis",14.31,17.88
kabupaten,12,1221,4,2021,1.9923,Basis,0.29,0.14
kabupaten,12,1221,5,2021,0.0142,"Non Basis",0,0.1
kabupaten,12,1221,6,2021,1.1492,Basis,14.33,12.47
kabupaten,12,1221,7,2021,0.3601,"Non Basis",6.48,18
kabupaten,12,1221,8,2021,0.2778,"Non Basis",1.1,3.96
kabupaten,12,1221,9,2021,0.4661,"Non Basis",1.01,2.17
kabupaten,12,1221,10,2021,0.2554,"Non Basis",0.81,3.17
kabupaten,12,1221,11,2021,0.259,"Non Basis",0.76,2.92
kabupaten,12,1221,12,2021,0.6727,"Non Basis",2.91,4.33
kabupaten,12,1221,13,2021,0.0556,"Non Basis",0.05,0.86
kabupaten,12,1221,14,2021,0.8277,"Non Basis",2.75,3.32
kabupaten,12,1221,15,2021,0.19,"Non Basis",0.4,2.09
kabupaten,12,1221,16,2021,0.5352,"Non Basis",0.5,0.93
kabupaten,12,1221,17,2021,0.0621,"Non Basis",0.03,0.5
kabupaten,12,1221,1,2022,2.0828,Basis,54.01,25.93
kabupaten,12,1221,2,2022,0.4315,"Non Basis",0.55,1.26
kabupaten,12,1221,3,2022,0.8148,"Non Basis",14.19,17.41
kabupaten,12,1221,4,2022,1.9854,Basis,0.29,0.14
kabupaten,12,1221,5,2022,0.015,"Non Basis",0,0.1
kabupaten,12,1221,6,2022,1.1627,Basis,14.27,12.27
kabupaten,12,1221,7,2022,0.3529,"Non Basis",6.46,18.31
kabupaten,12,1221,8,2022,0.2586,"Non Basis",1.1,4.27
kabupaten,12,1221,9,2022,0.453,"Non Basis",1.01,2.22
kabupaten,12,1221,10,2022,0.2503,"Non Basis",0.82,3.26
kabupaten,12,1221,11,2022,0.2623,"Non Basis",0.76,2.9
kabupaten,12,1221,12,2022,0.6655,"Non Basis",2.88,4.32
kabupaten,12,1221,13,2022,0.0525,"Non Basis",0.05,0.89
kabupaten,12,1221,14,2022,0.8599,"Non Basis",2.7,3.15
kabupaten,12,1221,15,2022,0.1865,"Non Basis",0.39,2.1
kabupaten,12,1221,16,2022,0.5392,"Non Basis",0.5,0.93
kabupaten,12,1221,17,2022,0.0596,"Non Basis",0.03,0.52
kabupaten,12,1221,1,2023,2.1237,Basis,54.04,25.45
kabupaten,12,1221,2,2023,0.4323,"Non Basis",0.54,1.25
kabupaten,12,1221,3,2023,0.8129,"Non Basis",13.95,17.16
kabupaten,12,1221,4,2023,2.0499,Basis,0.29,0.14
kabupaten,12,1221,5,2023,0.0135,"Non Basis",0,0.1
kabupaten,12,1221,6,2023,1.1623,Basis,14.45,12.43
kabupaten,12,1221,7,2023,0.3518,"Non Basis",6.49,18.45
kabupaten,12,1221,8,2023,0.25,"Non Basis",1.15,4.6
kabupaten,12,1221,9,2023,0.4452,"Non Basis",1.04,2.33
kabupaten,12,1221,10,2023,0.2495,"Non Basis",0.84,3.35
kabupaten,12,1221,11,2023,0.2616,"Non Basis",0.76,2.91
kabupaten,12,1221,12,2023,0.6776,"Non Basis",2.88,4.25
kabupaten,12,1221,13,2023,0.0517,"Non Basis",0.05,0.91
kabupaten,12,1221,14,2023,0.851,"Non Basis",2.6,3.05
kabupaten,12,1221,15,2023,0.1845,"Non Basis",0.4,2.14
kabupaten,12,1221,16,2023,0.5374,"Non Basis",0.51,0.94
kabupaten,12,1221,17,2023,0.0579,"Non Basis",0.03,0.54
kabupaten,12,1221,1,2024,2.1501,Basis,54.03,25.13
kabupaten,12,1221,2,2024,0.4286,"Non Basis",0.53,1.24
kabupaten,12,1221,3,2024,0.8143,"Non Basis",13.92,17.09
kabupaten,12,1221,4,2024,2.1683,Basis,0.3,0.14
kabupaten,12,1221,5,2024,0.0142,"Non Basis",0,0.09
kabupaten,12,1221,6,2024,1.1388,Basis,14.36,12.61
kabupaten,12,1221,7,2024,0.3556,"Non Basis",6.52,18.35
kabupaten,12,1221,8,2024,0.2473,"Non Basis",1.15,4.66
kabupaten,12,1221,9,2024,0.4271,"Non Basis",1.06,2.49
kabupaten,12,1221,10,2024,0.2466,"Non Basis",0.84,3.42
kabupaten,12,1221,11,2024,0.2664,"Non Basis",0.77,2.88
kabupaten,12,1221,12,2024,0.6843,"Non Basis",2.92,4.26
kabupaten,12,1221,13,2024,0.0531,"Non Basis",0.05,0.91
kabupaten,12,1221,14,2024,0.8422,"Non Basis",2.6,3.08
kabupaten,12,1221,15,2024,0.1866,"Non Basis",0.4,2.16
kabupaten,12,1221,16,2024,0.5515,"Non Basis",0.52,0.94
kabupaten,12,1221,17,2024,0.0585,"Non Basis",0.03,0.55
kabupaten,12,1221,1,2025,2.1213,Basis,54.3,25.6
kabupaten,12,1221,2,2025,0.4359,"Non Basis",0.53,1.22
kabupaten,12,1221,3,2025,0.812,"Non Basis",13.95,17.18
kabupaten,12,1221,4,2025,2.156,Basis,0.3,0.14
kabupaten,12,1221,5,2025,0.0143,"Non Basis",0,0.1
kabupaten,12,1221,6,2025,1.1309,Basis,13.85,12.24
kabupaten,12,1221,7,2025,0.3515,"Non Basis",6.65,18.92
kabupaten,12,1221,8,2025,0.3462,"Non Basis",1.2,3.47
kabupaten,12,1221,9,2025,0.4332,"Non Basis",1.09,2.52
kabupaten,12,1221,10,2025,0.2421,"Non Basis",0.86,3.54
kabupaten,12,1221,11,2025,0.2704,"Non Basis",0.78,2.89
kabupaten,12,1221,12,2025,0.6615,"Non Basis",2.98,4.5
kabupaten,12,1221,13,2025,0.0505,"Non Basis",0.05,0.97
kabupaten,12,1221,14,2025,0.8344,"Non Basis",2.48,2.98
kabupaten,12,1221,15,2025,0.188,"Non Basis",0.41,2.18
kabupaten,12,1221,16,2025,0.5367,"Non Basis",0.53,0.99
kabupaten,12,1221,17,2025,0.0594,"Non Basis",0.03,0.55
kabupaten,12,1222,1,2021,1.3118,Basis,33.92,25.86
kabupaten,12,1222,2,2021,0.2479,"Non Basis",0.32,1.29
kabupaten,12,1222,3,2021,2.2135,Basis,39.58,17.88
kabupaten,12,1222,4,2021,0.4483,"Non Basis",0.06,0.14
kabupaten,12,1222,5,2021,0.188,"Non Basis",0.02,0.1
kabupaten,12,1222,6,2021,0.4938,"Non Basis",6.16,12.47
kabupaten,12,1222,7,2021,0.6717,"Non Basis",12.09,18
kabupaten,12,1222,8,2021,0.2408,"Non Basis",0.95,3.96
kabupaten,12,1222,9,2021,0.3773,"Non Basis",0.82,2.17
kabupaten,12,1222,10,2021,0.1781,"Non Basis",0.57,3.17
kabupaten,12,1222,11,2021,0.2935,"Non Basis",0.86,2.92
kabupaten,12,1222,12,2021,0.5265,"Non Basis",2.28,4.33
kabupaten,12,1222,13,2021,0.14,"Non Basis",0.12,0.86
kabupaten,12,1222,14,2021,0.4122,"Non Basis",1.37,3.32
kabupaten,12,1222,15,2021,0.23,"Non Basis",0.48,2.09
kabupaten,12,1222,16,2021,0.3538,"Non Basis",0.33,0.93
kabupaten,12,1222,17,2021,0.1507,"Non Basis",0.08,0.5
kabupaten,12,1222,1,2022,1.3318,Basis,34.53,25.93
kabupaten,12,1222,2,2022,0.2485,"Non Basis",0.31,1.26
kabupaten,12,1222,3,2022,2.242,Basis,39.04,17.41
kabupaten,12,1222,4,2022,0.4526,"Non Basis",0.07,0.14
kabupaten,12,1222,5,2022,0.185,"Non Basis",0.02,0.1
kabupaten,12,1222,6,2022,0.5005,"Non Basis",6.14,12.27
kabupaten,12,1222,7,2022,0.6576,"Non Basis",12.04,18.31
kabupaten,12,1222,8,2022,0.2295,"Non Basis",0.98,4.27
kabupaten,12,1222,9,2022,0.3734,"Non Basis",0.83,2.22
kabupaten,12,1222,10,2022,0.1767,"Non Basis",0.58,3.26
kabupaten,12,1222,11,2022,0.2935,"Non Basis",0.85,2.9
kabupaten,12,1222,12,2022,0.5327,"Non Basis",2.3,4.32
kabupaten,12,1222,13,2022,0.1344,"Non Basis",0.12,0.89
kabupaten,12,1222,14,2022,0.4151,"Non Basis",1.31,3.15
kabupaten,12,1222,15,2022,0.2264,"Non Basis",0.47,2.1
kabupaten,12,1222,16,2022,0.3484,"Non Basis",0.32,0.93
kabupaten,12,1222,17,2022,0.1489,"Non Basis",0.08,0.52
kabupaten,12,1222,1,2023,1.3544,Basis,34.46,25.45
kabupaten,12,1222,2,2023,0.2474,"Non Basis",0.31,1.25
kabupaten,12,1222,3,2023,2.2663,Basis,38.88,17.16
kabupaten,12,1222,4,2023,0.4595,"Non Basis",0.06,0.14
kabupaten,12,1222,5,2023,0.1866,"Non Basis",0.02,0.1
kabupaten,12,1222,6,2023,0.5028,"Non Basis",6.25,12.43
kabupaten,12,1222,7,2023,0.6583,"Non Basis",12.15,18.45
kabupaten,12,1222,8,2023,0.2181,"Non Basis",1,4.6
kabupaten,12,1222,9,2023,0.3634,"Non Basis",0.85,2.33
kabupaten,12,1222,10,2023,0.1774,"Non Basis",0.59,3.35
kabupaten,12,1222,11,2023,0.2905,"Non Basis",0.85,2.91
kabupaten,12,1222,12,2023,0.5398,"Non Basis",2.29,4.25
kabupaten,12,1222,13,2023,0.1312,"Non Basis",0.12,0.91
kabupaten,12,1222,14,2023,0.4156,"Non Basis",1.27,3.05
kabupaten,12,1222,15,2023,0.226,"Non Basis",0.48,2.14
kabupaten,12,1222,16,2023,0.3479,"Non Basis",0.33,0.94
kabupaten,12,1222,17,2023,0.1475,"Non Basis",0.08,0.54
kabupaten,12,1222,1,2024,1.3654,Basis,34.31,25.13
kabupaten,12,1222,2,2024,0.2506,"Non Basis",0.31,1.24
kabupaten,12,1222,3,2024,2.2613,Basis,38.65,17.09
kabupaten,12,1222,4,2024,0.4656,"Non Basis",0.06,0.14
kabupaten,12,1222,5,2024,0.1878,"Non Basis",0.02,0.09
kabupaten,12,1222,6,2024,0.5003,"Non Basis",6.31,12.61
kabupaten,12,1222,7,2024,0.672,"Non Basis",12.33,18.35
kabupaten,12,1222,8,2024,0.2245,"Non Basis",1.05,4.66
kabupaten,12,1222,9,2024,0.3528,"Non Basis",0.88,2.49
kabupaten,12,1222,10,2024,0.1774,"Non Basis",0.61,3.42
kabupaten,12,1222,11,2024,0.2935,"Non Basis",0.85,2.88
kabupaten,12,1222,12,2024,0.5455,"Non Basis",2.33,4.26
kabupaten,12,1222,13,2024,0.1317,"Non Basis",0.12,0.91
kabupaten,12,1222,14,2024,0.4182,"Non Basis",1.29,3.08
kabupaten,12,1222,15,2024,0.2284,"Non Basis",0.49,2.16
kabupaten,12,1222,16,2024,0.3484,"Non Basis",0.33,0.94
kabupaten,12,1222,17,2024,0.1472,"Non Basis",0.08,0.55
kabupaten,12,1223,1,2021,1.6047,Basis,41.49,25.86
kabupaten,12,1223,2,2021,0.5327,"Non Basis",0.69,1.29
kabupaten,12,1223,3,2021,1.4562,Basis,26.04,17.88
kabupaten,12,1223,4,2021,0.5953,"Non Basis",0.09,0.14
kabupaten,12,1223,5,2021,0.1598,"Non Basis",0.02,0.1
kabupaten,12,1223,6,2021,0.5135,"Non Basis",6.4,12.47
kabupaten,12,1223,7,2021,0.8629,"Non Basis",15.53,18
kabupaten,12,1223,8,2021,0.2613,"Non Basis",1.03,3.96
kabupaten,12,1223,9,2021,0.466,"Non Basis",1.01,2.17
kabupaten,12,1223,10,2021,0.1726,"Non Basis",0.55,3.17
kabupaten,12,1223,11,2021,0.2739,"Non Basis",0.8,2.92
kabupaten,12,1223,12,2021,0.6788,"Non Basis",2.94,4.33
kabupaten,12,1223,13,2021,0.1751,"Non Basis",0.15,0.86
kabupaten,12,1223,14,2021,0.6303,"Non Basis",2.09,3.32
kabupaten,12,1223,15,2021,0.317,"Non Basis",0.66,2.09
kabupaten,12,1223,16,2021,0.4247,"Non Basis",0.39,0.93
kabupaten,12,1223,17,2021,0.2255,"Non Basis",0.11,0.5
kabupaten,12,1223,1,2022,1.6307,Basis,42.29,25.93
kabupaten,12,1223,2,2022,0.5342,"Non Basis",0.68,1.26
kabupaten,12,1223,3,2022,1.4698,Basis,25.59,17.41
kabupaten,12,1223,4,2022,0.5852,"Non Basis",0.08,0.14
kabupaten,12,1223,5,2022,0.1597,"Non Basis",0.02,0.1
kabupaten,12,1223,6,2022,0.507,"Non Basis",6.22,12.27
kabupaten,12,1223,7,2022,0.8434,"Non Basis",15.45,18.31
kabupaten,12,1223,8,2022,0.2522,"Non Basis",1.08,4.27
kabupaten,12,1223,9,2022,0.4635,"Non Basis",1.03,2.22
kabupaten,12,1223,10,2022,0.1707,"Non Basis",0.56,3.26
kabupaten,12,1223,11,2022,0.2727,"Non Basis",0.79,2.9
kabupaten,12,1223,12,2022,0.6769,"Non Basis",2.93,4.32
kabupaten,12,1223,13,2022,0.1632,"Non Basis",0.15,0.89
kabupaten,12,1223,14,2022,0.6345,"Non Basis",2,3.15
kabupaten,12,1223,15,2022,0.3129,"Non Basis",0.66,2.1
kabupaten,12,1223,16,2022,0.4154,"Non Basis",0.39,0.93
kabupaten,12,1223,17,2022,0.2164,"Non Basis",0.11,0.52
kabupaten,12,1223,1,2023,1.6551,Basis,42.12,25.45
kabupaten,12,1223,2,2023,0.5355,"Non Basis",0.67,1.25
kabupaten,12,1223,3,2023,1.481,Basis,25.41,17.16
kabupaten,12,1223,4,2023,0.5886,"Non Basis",0.08,0.14
kabupaten,12,1223,5,2023,0.1624,"Non Basis",0.02,0.1
kabupaten,12,1223,6,2023,0.5096,"Non Basis",6.34,12.43
kabupaten,12,1223,7,2023,0.8472,"Non Basis",15.63,18.45
kabupaten,12,1223,8,2023,0.2489,"Non Basis",1.14,4.6
kabupaten,12,1223,9,2023,0.4647,"Non Basis",1.08,2.33
kabupaten,12,1223,10,2023,0.17,"Non Basis",0.57,3.35
kabupaten,12,1223,11,2023,0.2709,"Non Basis",0.79,2.91
kabupaten,12,1223,12,2023,0.677,"Non Basis",2.88,4.25
kabupaten,12,1223,13,2023,0.1598,"Non Basis",0.15,0.91
kabupaten,12,1223,14,2023,0.6432,"Non Basis",1.96,3.05
kabupaten,12,1223,15,2023,0.3099,"Non Basis",0.66,2.14
kabupaten,12,1223,16,2023,0.4129,"Non Basis",0.39,0.94
kabupaten,12,1223,17,2023,0.2143,"Non Basis",0.12,0.54
kabupaten,12,1223,1,2024,1.6829,Basis,42.29,25.13
kabupaten,12,1223,2,2024,0.5309,"Non Basis",0.66,1.24
kabupaten,12,1223,3,2024,1.4747,Basis,25.2,17.09
kabupaten,12,1223,4,2024,0.5969,"Non Basis",0.08,0.14
kabupaten,12,1223,5,2024,0.1653,"Non Basis",0.02,0.09
kabupaten,12,1223,6,2024,0.4784,"Non Basis",6.03,12.61
kabupaten,12,1223,7,2024,0.8702,"Non Basis",15.97,18.35
kabupaten,12,1223,8,2024,0.2534,"Non Basis",1.18,4.66
kabupaten,12,1223,9,2024,0.442,"Non Basis",1.1,2.49
kabupaten,12,1223,10,2024,0.1688,"Non Basis",0.58,3.42
kabupaten,12,1223,11,2024,0.2731,"Non Basis",0.79,2.88
kabupaten,12,1223,12,2024,0.6606,"Non Basis",2.82,4.26
kabupaten,12,1223,13,2024,0.1604,"Non Basis",0.15,0.91
kabupaten,12,1223,14,2024,0.6407,"Non Basis",1.98,3.08
kabupaten,12,1223,15,2024,0.311,"Non Basis",0.67,2.16
kabupaten,12,1223,16,2024,0.4096,"Non Basis",0.39,0.94
kabupaten,12,1223,17,2024,0.213,"Non Basis",0.12,0.55
kabupaten,12,1223,1,2025,1.6496,Basis,42.23,25.6
kabupaten,12,1223,2,2025,0.5293,"Non Basis",0.65,1.22
kabupaten,12,1223,3,2025,1.4715,Basis,25.28,17.18
kabupaten,12,1223,4,2025,0.582,"Non Basis",0.08,0.14
kabupaten,12,1223,5,2025,0.162,"Non Basis",0.02,0.1
kabupaten,12,1223,6,2025,0.4708,"Non Basis",5.77,12.24
kabupaten,12,1223,7,2025,0.8584,"Non Basis",16.24,18.92
kabupaten,12,1223,8,2025,0.3475,"Non Basis",1.21,3.47
kabupaten,12,1223,9,2025,0.4347,"Non Basis",1.1,2.52
kabupaten,12,1223,10,2025,0.1659,"Non Basis",0.59,3.54
kabupaten,12,1223,11,2025,0.2647,"Non Basis",0.76,2.89
kabupaten,12,1223,12,2025,0.6382,"Non Basis",2.87,4.5
kabupaten,12,1223,13,2025,0.1503,"Non Basis",0.15,0.97
kabupaten,12,1223,14,2025,0.6366,"Non Basis",1.9,2.98
kabupaten,12,1223,15,2025,0.3065,"Non Basis",0.67,2.18
kabupaten,12,1223,16,2025,0.3977,"Non Basis",0.4,0.99
kabupaten,12,1223,17,2025,0.2057,"Non Basis",0.11,0.55
kabupaten,12,1224,1,2021,2.1354,Basis,55.21,25.86
kabupaten,12,1224,2,2021,4.6902,Basis,6.05,1.29
kabupaten,12,1224,3,2021,0.0124,"Non Basis",0.22,17.88
kabupaten,12,1224,4,2021,1.0568,Basis,0.15,0.14
kabupaten,12,1224,5,2021,0.4775,"Non Basis",0.05,0.1
kabupaten,12,1224,6,2021,0.6759,"Non Basis",8.43,12.47
kabupaten,12,1224,7,2021,0.5693,"Non Basis",10.25,18
kabupaten,12,1224,8,2021,0.4225,"Non Basis",1.67,3.96
kabupaten,12,1224,9,2021,1.2236,Basis,2.66,2.17
kabupaten,12,1224,10,2021,0.1439,"Non Basis",0.46,3.17
kabupaten,12,1224,11,2021,0.6274,"Non Basis",1.84,2.92
kabupaten,12,1224,12,2021,0.7753,"Non Basis",3.36,4.33
kabupaten,12,1224,13,2021,0.076,"Non Basis",0.07,0.86
kabupaten,12,1224,14,2021,1.9014,Basis,6.31,3.32
kabupaten,12,1224,15,2021,1.0163,Basis,2.12,2.09
kabupaten,12,1224,16,2021,0.9544,"Non Basis",0.89,0.93
kabupaten,12,1224,17,2021,0.5384,"Non Basis",0.27,0.5
kabupaten,12,1224,1,2022,2.1431,Basis,55.57,25.93
kabupaten,12,1224,2,2022,4.7823,Basis,6.05,1.26
kabupaten,12,1224,3,2022,0.0127,"Non Basis",0.22,17.41
kabupaten,12,1224,4,2022,1.0639,Basis,0.15,0.14
kabupaten,12,1224,5,2022,0.475,"Non Basis",0.05,0.1
kabupaten,12,1224,6,2022,0.6689,"Non Basis",8.21,12.27
kabupaten,12,1224,7,2022,0.5686,"Non Basis",10.41,18.31
kabupaten,12,1224,8,2022,0.3906,"Non Basis",1.67,4.27
kabupaten,12,1224,9,2022,1.1712,Basis,2.6,2.22
kabupaten,12,1224,10,2022,0.144,"Non Basis",0.47,3.26
kabupaten,12,1224,11,2022,0.6358,"Non Basis",1.84,2.9
kabupaten,12,1224,12,2022,0.7609,"Non Basis",3.29,4.32
kabupaten,12,1224,13,2022,0.0724,"Non Basis",0.06,0.89
kabupaten,12,1224,14,2022,1.951,Basis,6.14,3.15
kabupaten,12,1224,15,2022,1.0172,Basis,2.13,2.1
kabupaten,12,1224,16,2022,0.928,"Non Basis",0.86,0.93
kabupaten,12,1224,17,2022,0.5103,"Non Basis",0.27,0.52
kabupaten,12,1224,1,2023,2.1724,Basis,55.28,25.45
kabupaten,12,1224,2,2023,4.9167,Basis,6.13,1.25
kabupaten,12,1224,3,2023,0.0127,"Non Basis",0.22,17.16
kabupaten,12,1224,4,2023,1.0702,Basis,0.15,0.14
kabupaten,12,1224,5,2023,0.4711,"Non Basis",0.05,0.1
kabupaten,12,1224,6,2023,0.6692,"Non Basis",8.32,12.43
kabupaten,12,1224,7,2023,0.5694,"Non Basis",10.51,18.45
kabupaten,12,1224,8,2023,0.3601,"Non Basis",1.65,4.6
kabupaten,12,1224,9,2023,1.1291,Basis,2.64,2.33
kabupaten,12,1224,10,2023,0.1426,"Non Basis",0.48,3.35
kabupaten,12,1224,11,2023,0.6383,"Non Basis",1.86,2.91
kabupaten,12,1224,12,2023,0.7661,"Non Basis",3.26,4.25
kabupaten,12,1224,13,2023,0.0707,"Non Basis",0.06,0.91
kabupaten,12,1224,14,2023,2.0072,Basis,6.13,3.05
kabupaten,12,1224,15,2023,0.9978,"Non Basis",2.14,2.14
kabupaten,12,1224,16,2023,0.9216,"Non Basis",0.87,0.94
kabupaten,12,1224,17,2023,0.4944,"Non Basis",0.27,0.54
kabupaten,12,1224,1,2024,2.183,Basis,54.85,25.13
kabupaten,12,1224,2,2024,5.0271,Basis,6.21,1.24
kabupaten,12,1224,3,2024,0.0128,"Non Basis",0.22,17.09
kabupaten,12,1224,4,2024,1.0726,Basis,0.15,0.14
kabupaten,12,1224,5,2024,0.4734,"Non Basis",0.04,0.09
kabupaten,12,1224,6,2024,0.672,"Non Basis",8.47,12.61
kabupaten,12,1224,7,2024,0.5826,"Non Basis",10.69,18.35
kabupaten,12,1224,8,2024,0.3552,"Non Basis",1.65,4.66
kabupaten,12,1224,9,2024,1.0425,Basis,2.59,2.49
kabupaten,12,1224,10,2024,0.1395,"Non Basis",0.48,3.42
kabupaten,12,1224,11,2024,0.6341,"Non Basis",1.83,2.88
kabupaten,12,1224,12,2024,0.7462,"Non Basis",3.18,4.26
kabupaten,12,1224,13,2024,0.069,"Non Basis",0.06,0.91
kabupaten,12,1224,14,2024,2.0397,Basis,6.29,3.08
kabupaten,12,1224,15,2024,0.9875,"Non Basis",2.13,2.16
kabupaten,12,1224,16,2024,0.9271,"Non Basis",0.88,0.94
kabupaten,12,1224,17,2024,0.494,"Non Basis",0.27,0.55
kabupaten,12,1224,1,2025,2.1381,Basis,54.73,25.6
kabupaten,12,1224,2,2025,4.946,Basis,6.03,1.22
kabupaten,12,1224,3,2025,0.0126,"Non Basis",0.22,17.18
kabupaten,12,1224,4,2025,1.0627,Basis,0.15,0.14
kabupaten,12,1224,5,2025,0.4625,"Non Basis",0.05,0.1
kabupaten,12,1224,6,2025,0.6802,"Non Basis",8.33,12.24
kabupaten,12,1224,7,2025,0.5837,"Non Basis",11.04,18.92
kabupaten,12,1224,8,2025,0.4773,"Non Basis",1.66,3.47
kabupaten,12,1224,9,2025,1.0723,Basis,2.71,2.52
kabupaten,12,1224,10,2025,0.1351,"Non Basis",0.48,3.54
kabupaten,12,1224,11,2025,0.6312,"Non Basis",1.82,2.89
kabupaten,12,1224,12,2025,0.6961,"Non Basis",3.13,4.5
kabupaten,12,1224,13,2025,0.0637,"Non Basis",0.06,0.97
kabupaten,12,1224,14,2025,2.1156,Basis,6.3,2.98
kabupaten,12,1224,15,2025,0.9856,"Non Basis",2.15,2.18
kabupaten,12,1224,16,2025,0.8767,"Non Basis",0.87,0.99
kabupaten,12,1224,17,2025,0.4968,"Non Basis",0.27,0.55
kabupaten,12,1225,1,2021,2.2358,Basis,57.81,25.86
kabupaten,12,1225,2,2021,2.5884,Basis,3.34,1.29
kabupaten,12,1225,3,2021,0.013,"Non Basis",0.23,17.88
kabupaten,12,1225,4,2021,1.0788,Basis,0.16,0.14
kabupaten,12,1225,5,2021,0,"Non Basis",0,0.1
kabupaten,12,1225,6,2021,0.6791,"Non Basis",8.47,12.47
kabupaten,12,1225,7,2021,0.6562,"Non Basis",11.81,18
kabupaten,12,1225,8,2021,0.373,"Non Basis",1.48,3.96
kabupaten,12,1225,9,2021,0.7516,"Non Basis",1.63,2.17
kabupaten,12,1225,10,2021,0.1713,"Non Basis",0.54,3.17
kabupaten,12,1225,11,2021,0.611,"Non Basis",1.79,2.92
kabupaten,12,1225,12,2021,0.5559,"Non Basis",2.41,4.33
kabupaten,12,1225,13,2021,0.0903,"Non Basis",0.08,0.86
kabupaten,12,1225,14,2021,2.2477,Basis,7.46,3.32
kabupaten,12,1225,15,2021,0.8935,"Non Basis",1.86,2.09
kabupaten,12,1225,16,2021,0.7521,"Non Basis",0.7,0.93
kabupaten,12,1225,17,2021,0.4652,"Non Basis",0.23,0.5
kabupaten,12,1225,1,2022,2.2311,Basis,57.85,25.93
kabupaten,12,1225,2,2022,2.6275,Basis,3.32,1.26
kabupaten,12,1225,3,2022,0.013,"Non Basis",0.23,17.41
kabupaten,12,1225,4,2022,1.0478,Basis,0.15,0.14
kabupaten,12,1225,5,2022,0,"Non Basis",0,0.1
kabupaten,12,1225,6,2022,0.6894,"Non Basis",8.46,12.27
kabupaten,12,1225,7,2022,0.6557,"Non Basis",12.01,18.31
kabupaten,12,1225,8,2022,0.3538,"Non Basis",1.51,4.27
kabupaten,12,1225,9,2022,0.7473,"Non Basis",1.66,2.22
kabupaten,12,1225,10,2022,0.1621,"Non Basis",0.53,3.26
kabupaten,12,1225,11,2022,0.5991,"Non Basis",1.74,2.9
kabupaten,12,1225,12,2022,0.5589,"Non Basis",2.42,4.32
kabupaten,12,1225,13,2022,0.0845,"Non Basis",0.08,0.89
kabupaten,12,1225,14,2022,2.305,Basis,7.25,3.15
kabupaten,12,1225,15,2022,0.9012,"Non Basis",1.89,2.1
kabupaten,12,1225,16,2022,0.7303,"Non Basis",0.68,0.93
kabupaten,12,1225,17,2022,0.4356,"Non Basis",0.23,0.52
kabupaten,12,1225,1,2023,2.2498,Basis,57.25,25.45
kabupaten,12,1225,2,2023,2.8034,Basis,3.5,1.25
kabupaten,12,1225,3,2023,0.0127,"Non Basis",0.22,17.16
kabupaten,12,1225,4,2023,1.0385,Basis,0.15,0.14
kabupaten,12,1225,5,2023,0,"Non Basis",0,0.1
kabupaten,12,1225,6,2023,0.6972,"Non Basis",8.67,12.43
kabupaten,12,1225,7,2023,0.6592,"Non Basis",12.16,18.45
kabupaten,12,1225,8,2023,0.3329,"Non Basis",1.53,4.6
kabupaten,12,1225,9,2023,0.7178,"Non Basis",1.68,2.33
kabupaten,12,1225,10,2023,0.1523,"Non Basis",0.51,3.35
kabupaten,12,1225,11,2023,0.6251,"Non Basis",1.82,2.91
kabupaten,12,1225,12,2023,0.5656,"Non Basis",2.4,4.25
kabupaten,12,1225,13,2023,0.0802,"Non Basis",0.07,0.91
kabupaten,12,1225,14,2023,2.3616,Basis,7.21,3.05
kabupaten,12,1225,15,2023,0.8838,"Non Basis",1.89,2.14
kabupaten,12,1225,16,2023,0.7721,"Non Basis",0.73,0.94
kabupaten,12,1225,17,2023,0.4029,"Non Basis",0.22,0.54
kabupaten,12,1225,1,2024,2.2649,Basis,56.91,25.13
kabupaten,12,1225,2,2024,2.8409,Basis,3.51,1.24
kabupaten,12,1225,3,2024,0.0123,"Non Basis",0.21,17.09
kabupaten,12,1225,4,2024,1.0236,Basis,0.14,0.14
kabupaten,12,1225,5,2024,0,"Non Basis",0,0.09
kabupaten,12,1225,6,2024,0.7013,"Non Basis",8.84,12.61
kabupaten,12,1225,7,2024,0.6693,"Non Basis",12.28,18.35
kabupaten,12,1225,8,2024,0.3165,"Non Basis",1.47,4.66
kabupaten,12,1225,9,2024,0.6768,"Non Basis",1.68,2.49
kabupaten,12,1225,10,2024,0.1639,"Non Basis",0.56,3.42
kabupaten,12,1225,11,2024,0.609,"Non Basis",1.75,2.88
kabupaten,12,1225,12,2024,0.5594,"Non Basis",2.39,4.26
kabupaten,12,1225,13,2024,0.0772,"Non Basis",0.07,0.91
kabupaten,12,1225,14,2024,2.3893,Basis,7.37,3.08
kabupaten,12,1225,15,2024,0.879,"Non Basis",1.89,2.16
kabupaten,12,1225,16,2024,0.7432,"Non Basis",0.7,0.94
kabupaten,12,1225,17,2024,0.3827,"Non Basis",0.21,0.55
kabupaten,12,1225,1,2025,2.233,Basis,57.16,25.6
kabupaten,12,1225,2,2025,2.865,Basis,3.5,1.22
kabupaten,12,1225,3,2025,0.012,"Non Basis",0.21,17.18
kabupaten,12,1225,4,2025,0.9963,"Non Basis",0.14,0.14
kabupaten,12,1225,5,2025,0,"Non Basis",0,0.1
kabupaten,12,1225,6,2025,0.7053,"Non Basis",8.64,12.24
kabupaten,12,1225,7,2025,0.6413,"Non Basis",12.13,18.92
kabupaten,12,1225,8,2025,0.4539,"Non Basis",1.58,3.47
kabupaten,12,1225,9,2025,0.6792,"Non Basis",1.71,2.52
kabupaten,12,1225,10,2025,0.1547,"Non Basis",0.55,3.54
kabupaten,12,1225,11,2025,0.6177,"Non Basis",1.78,2.89
kabupaten,12,1225,12,2025,0.5482,"Non Basis",2.47,4.5
kabupaten,12,1225,13,2025,0.0703,"Non Basis",0.07,0.97
kabupaten,12,1225,14,2025,2.4169,Basis,7.2,2.98
kabupaten,12,1225,15,2025,0.88,"Non Basis",1.92,2.18
kabupaten,12,1225,16,2025,0.6898,"Non Basis",0.69,0.99
kabupaten,12,1225,17,2025,0.4964,"Non Basis",0.27,0.55
kabupaten,12,1271,1,2021,0.0336,"Non Basis",0.87,25.86
kabupaten,12,1271,2,2021,0.0009,"Non Basis",0,1.29
kabupaten,12,1271,3,2021,0.7452,"Non Basis",13.33,17.88
kabupaten,12,1271,4,2021,0.8167,"Non Basis",0.12,0.14
kabupaten,12,1271,5,2021,1.9054,Basis,0.19,0.1
kabupaten,12,1271,6,2021,1.5784,Basis,19.68,12.47
kabupaten,12,1271,7,2021,1.4686,Basis,26.43,18
kabupaten,12,1271,8,2021,1.322,Basis,5.23,3.96
kabupaten,12,1271,9,2021,1.0545,Basis,2.29,2.17
kabupaten,12,1271,10,2021,2.4741,Basis,7.85,3.17
kabupaten,12,1271,11,2021,2.1184,Basis,6.2,2.92
kabupaten,12,1271,12,2021,1.8631,Basis,8.07,4.33
kabupaten,12,1271,13,2021,2.6765,Basis,2.3,0.86
kabupaten,12,1271,14,2021,0.5252,"Non Basis",1.74,3.32
kabupaten,12,1271,15,2021,1.4679,Basis,3.06,2.09
kabupaten,12,1271,16,2021,1.6476,Basis,1.53,0.93
kabupaten,12,1271,17,2021,2.1858,Basis,1.1,0.5
kabupaten,12,1271,1,2022,0.0323,"Non Basis",0.84,25.93
kabupaten,12,1271,2,2022,0.0009,"Non Basis",0,1.26
kabupaten,12,1271,3,2022,0.7468,"Non Basis",13,17.41
kabupaten,12,1271,4,2022,0.8053,"Non Basis",0.12,0.14
kabupaten,12,1271,5,2022,1.9255,Basis,0.19,0.1
kabupaten,12,1271,6,2022,1.5729,Basis,19.3,12.27
kabupaten,12,1271,7,2022,1.4441,Basis,26.45,18.31
kabupaten,12,1271,8,2022,1.3069,Basis,5.58,4.27
kabupaten,12,1271,9,2022,1.0898,Basis,2.42,2.22
kabupaten,12,1271,10,2022,2.5123,Basis,8.19,3.26
kabupaten,12,1271,11,2022,2.0938,Basis,6.07,2.9
kabupaten,12,1271,12,2022,1.8583,Basis,8.04,4.32
kabupaten,12,1271,13,2022,2.7283,Basis,2.44,0.89
kabupaten,12,1271,14,2022,0.525,"Non Basis",1.65,3.15
kabupaten,12,1271,15,2022,1.4462,Basis,3.03,2.1
kabupaten,12,1271,16,2022,1.6608,Basis,1.55,0.93
kabupaten,12,1271,17,2022,2.1781,Basis,1.13,0.52
kabupaten,12,1271,1,2023,0.0322,"Non Basis",0.82,25.45
kabupaten,12,1271,2,2023,0.0009,"Non Basis",0,1.25
kabupaten,12,1271,3,2023,0.7408,"Non Basis",12.71,17.16
kabupaten,12,1271,4,2023,0.8103,"Non Basis",0.11,0.14
kabupaten,12,1271,5,2023,1.9064,Basis,0.18,0.1
kabupaten,12,1271,6,2023,1.543,Basis,19.18,12.43
kabupaten,12,1271,7,2023,1.4366,Basis,26.51,18.45
kabupaten,12,1271,8,2023,1.285,Basis,5.9,4.6
kabupaten,12,1271,9,2023,1.1135,Basis,2.6,2.33
kabupaten,12,1271,10,2023,2.5214,Basis,8.44,3.35
kabupaten,12,1271,11,2023,2.0322,Basis,5.92,2.91
kabupaten,12,1271,12,2023,1.8476,Basis,7.85,4.25
kabupaten,12,1271,13,2023,2.7551,Basis,2.5,0.91
kabupaten,12,1271,14,2023,0.4935,"Non Basis",1.51,3.05
kabupaten,12,1271,15,2023,1.4307,Basis,3.07,2.14
kabupaten,12,1271,16,2023,1.5895,Basis,1.5,0.94
kabupaten,12,1271,17,2023,2.1955,Basis,1.19,0.54
kabupaten,12,1271,1,2024,0.0315,"Non Basis",0.79,25.13
kabupaten,12,1271,2,2024,0.0009,"Non Basis",0,1.24
kabupaten,12,1271,3,2024,0.7305,"Non Basis",12.48,17.09
kabupaten,12,1271,4,2024,0.8347,"Non Basis",0.11,0.14
kabupaten,12,1271,5,2024,1.8772,Basis,0.18,0.09
kabupaten,12,1271,6,2024,1.525,Basis,19.23,12.61
kabupaten,12,1271,7,2024,1.4157,Basis,25.98,18.35
kabupaten,12,1271,8,2024,1.3217,Basis,6.15,4.66
kabupaten,12,1271,9,2024,1.1378,Basis,2.83,2.49
kabupaten,12,1271,10,2024,2.5264,Basis,8.65,3.42
kabupaten,12,1271,11,2024,2.0217,Basis,5.82,2.88
kabupaten,12,1271,12,2024,1.8517,Basis,7.9,4.26
kabupaten,12,1271,13,2024,2.8599,Basis,2.6,0.91
kabupaten,12,1271,14,2024,0.4739,"Non Basis",1.46,3.08
kabupaten,12,1271,15,2024,1.4229,Basis,3.07,2.16
kabupaten,12,1271,16,2024,1.5974,Basis,1.51,0.94
kabupaten,12,1271,17,2024,2.2393,Basis,1.23,0.55
kabupaten,12,1271,1,2025,0.0308,"Non Basis",0.79,25.6
kabupaten,12,1271,2,2025,0.0009,"Non Basis",0,1.22
kabupaten,12,1271,3,2025,0.7115,"Non Basis",12.22,17.18
kabupaten,12,1271,4,2025,0.7948,"Non Basis",0.11,0.14
kabupaten,12,1271,5,2025,1.8762,Basis,0.18,0.1
kabupaten,12,1271,6,2025,1.491,Basis,18.26,12.24
kabupaten,12,1271,7,2025,1.4031,Basis,26.54,18.92
kabupaten,12,1271,8,2025,1.8754,Basis,6.51,3.47
kabupaten,12,1271,9,2025,1.102,Basis,2.78,2.52
kabupaten,12,1271,10,2025,2.4655,Basis,8.74,3.54
kabupaten,12,1271,11,2025,1.999,Basis,5.77,2.89
kabupaten,12,1271,12,2025,1.8083,Basis,8.14,4.5
kabupaten,12,1271,13,2025,2.8198,Basis,2.75,0.97
kabupaten,12,1271,14,2025,0.4755,"Non Basis",1.42,2.98
kabupaten,12,1271,15,2025,1.3773,Basis,3,2.18
kabupaten,12,1271,16,2025,1.57,Basis,1.56,0.99
kabupaten,12,1271,17,2025,2.23,Basis,1.23,0.55
kabupaten,12,1272,1,2021,0.0657,"Non Basis",1.7,25.86
kabupaten,12,1272,2,2021,0.0078,"Non Basis",0.01,1.29
kabupaten,12,1272,3,2021,1.1217,Basis,20.06,17.88
kabupaten,12,1272,4,2021,2.2255,Basis,0.32,0.14
kabupaten,12,1272,5,2021,3.0272,Basis,0.31,0.1
kabupaten,12,1272,6,2021,0.7115,"Non Basis",8.87,12.47
kabupaten,12,1272,7,2021,1.517,Basis,27.3,18
kabupaten,12,1272,8,2021,1.8723,Basis,7.41,3.96
kabupaten,12,1272,9,2021,2.5626,Basis,5.56,2.17
kabupaten,12,1272,10,2021,0.78,"Non Basis",2.48,3.17
kabupaten,12,1272,11,2021,1.3494,Basis,3.95,2.92
kabupaten,12,1272,12,2021,1.5735,Basis,6.82,4.33
kabupaten,12,1272,13,2021,1.0248,Basis,0.88,0.86
kabupaten,12,1272,14,2021,1.4419,Basis,4.79,3.32
kabupaten,12,1272,15,2021,3.7356,Basis,7.8,2.09
kabupaten,12,1272,16,2021,1.2807,Basis,1.19,0.93
kabupaten,12,1272,17,2021,1.1268,Basis,0.56,0.5
kabupaten,12,1272,1,2022,0.0641,"Non Basis",1.66,25.93
kabupaten,12,1272,2,2022,0.0077,"Non Basis",0.01,1.26
kabupaten,12,1272,3,2022,1.133,Basis,19.73,17.41
kabupaten,12,1272,4,2022,2.237,Basis,0.32,0.14
kabupaten,12,1272,5,2022,3.0533,Basis,0.3,0.1
kabupaten,12,1272,6,2022,0.7138,"Non Basis",8.76,12.27
kabupaten,12,1272,7,2022,1.5239,Basis,27.91,18.31
kabupaten,12,1272,8,2022,1.729,Basis,7.38,4.27
kabupaten,12,1272,9,2022,2.567,Basis,5.71,2.22
kabupaten,12,1272,10,2022,0.7533,"Non Basis",2.46,3.26
kabupaten,12,1272,11,2022,1.3625,Basis,3.95,2.9
kabupaten,12,1272,12,2022,1.5681,Basis,6.78,4.32
kabupaten,12,1272,13,2022,0.9934,"Non Basis",0.89,0.89
kabupaten,12,1272,14,2022,1.4697,Basis,4.62,3.15
kabupaten,12,1272,15,2022,3.697,Basis,7.75,2.1
kabupaten,12,1272,16,2022,1.2935,Basis,1.2,0.93
kabupaten,12,1272,17,2022,1.0918,Basis,0.57,0.52
kabupaten,12,1272,1,2023,0.0627,"Non Basis",1.59,25.45
kabupaten,12,1272,2,2023,0.0076,"Non Basis",0.01,1.25
kabupaten,12,1272,3,2023,1.0925,Basis,18.74,17.16
kabupaten,12,1272,4,2023,2.2456,Basis,0.31,0.14
kabupaten,12,1272,5,2023,3.037,Basis,0.29,0.1
kabupaten,12,1272,6,2023,0.7236,"Non Basis",9,12.43
kabupaten,12,1272,7,2023,1.5236,Basis,28.11,18.45
kabupaten,12,1272,8,2023,1.6461,Basis,7.56,4.6
kabupaten,12,1272,9,2023,2.5051,Basis,5.85,2.33
kabupaten,12,1272,10,2023,0.7414,"Non Basis",2.48,3.35
kabupaten,12,1272,11,2023,1.3433,Basis,3.91,2.91
kabupaten,12,1272,12,2023,1.5948,Basis,6.78,4.25
kabupaten,12,1272,13,2023,0.9785,"Non Basis",0.89,0.91
kabupaten,12,1272,14,2023,1.5956,Basis,4.87,3.05
kabupaten,12,1272,15,2023,3.641,Basis,7.8,2.14
kabupaten,12,1272,16,2023,1.285,Basis,1.21,0.94
kabupaten,12,1272,17,2023,1.0643,Basis,0.58,0.54
kabupaten,12,1272,1,2024,0.0618,"Non Basis",1.55,25.13
kabupaten,12,1272,2,2024,0.0075,"Non Basis",0.01,1.24
kabupaten,12,1272,3,2024,1.0354,Basis,17.7,17.09
kabupaten,12,1272,4,2024,2.2292,Basis,0.31,0.14
kabupaten,12,1272,5,2024,2.9842,Basis,0.28,0.09
kabupaten,12,1272,6,2024,0.7254,"Non Basis",9.15,12.61
kabupaten,12,1272,7,2024,1.5727,Basis,28.86,18.35
kabupaten,12,1272,8,2024,1.6163,Basis,7.53,4.66
kabupaten,12,1272,9,2024,2.3951,Basis,5.96,2.49
kabupaten,12,1272,10,2024,0.7334,"Non Basis",2.51,3.42
kabupaten,12,1272,11,2024,1.3679,Basis,3.94,2.88
kabupaten,12,1272,12,2024,1.6128,Basis,6.88,4.26
kabupaten,12,1272,13,2024,0.959,"Non Basis",0.87,0.91
kabupaten,12,1272,14,2024,1.603,Basis,4.94,3.08
kabupaten,12,1272,15,2024,3.584,Basis,7.73,2.16
kabupaten,12,1272,16,2024,1.2858,Basis,1.21,0.94
kabupaten,12,1272,17,2024,1.0536,Basis,0.58,0.55
kabupaten,12,1272,1,2025,0.0604,"Non Basis",1.55,25.6
kabupaten,12,1272,2,2025,0.0073,"Non Basis",0.01,1.22
kabupaten,12,1272,3,2025,0.9989,"Non Basis",17.16,17.18
kabupaten,12,1272,4,2025,2.157,Basis,0.3,0.14
kabupaten,12,1272,5,2025,2.8095,Basis,0.27,0.1
kabupaten,12,1272,6,2025,0.7415,"Non Basis",9.08,12.24
kabupaten,12,1272,7,2025,1.5782,Basis,29.86,18.92
kabupaten,12,1272,8,2025,2.1877,Basis,7.6,3.47
kabupaten,12,1272,9,2025,2.4095,Basis,6.08,2.52
kabupaten,12,1272,10,2025,0.694,"Non Basis",2.46,3.54
kabupaten,12,1272,11,2025,1.3471,Basis,3.89,2.89
kabupaten,12,1272,12,2025,1.5304,Basis,6.89,4.5
kabupaten,12,1272,13,2025,0.8736,"Non Basis",0.85,0.97
kabupaten,12,1272,14,2025,1.5751,Basis,4.69,2.98
kabupaten,12,1272,15,2025,3.4585,Basis,7.54,2.18
kabupaten,12,1272,16,2025,1.22,Basis,1.21,0.99
kabupaten,12,1272,17,2025,1.0299,Basis,0.57,0.55
kabupaten,12,1273,1,2021,0.7288,"Non Basis",18.84,25.86
kabupaten,12,1273,2,2021,0.0022,"Non Basis",0,1.29
kabupaten,12,1273,3,2021,0.2597,"Non Basis",4.64,17.88
kabupaten,12,1273,4,2021,0.9344,"Non Basis",0.13,0.14
kabupaten,12,1273,5,2021,3.155,Basis,0.32,0.1
kabupaten,12,1273,6,2021,0.9074,"Non Basis",11.32,12.47
kabupaten,12,1273,7,2021,1.5193,Basis,27.34,18
kabupaten,12,1273,8,2021,2.239,Basis,8.86,3.96
kabupaten,12,1273,9,2021,2.3079,Basis,5.01,2.17
kabupaten,12,1273,10,2021,0.5487,"Non Basis",1.74,3.17
kabupaten,12,1273,11,2021,0.8774,"Non Basis",2.57,2.92
kabupaten,12,1273,12,2021,1.0858,Basis,4.7,4.33
kabupaten,12,1273,13,2021,0.6275,"Non Basis",0.54,0.86
kabupaten,12,1273,14,2021,2.2086,Basis,7.33,3.32
kabupaten,12,1273,15,2021,2.403,Basis,5.02,2.09
kabupaten,12,1273,16,2021,1.3633,Basis,1.27,0.93
kabupaten,12,1273,17,2021,0.7155,"Non Basis",0.36,0.5
kabupaten,12,1273,1,2022,0.7115,"Non Basis",18.45,25.93
kabupaten,12,1273,2,2022,0.0021,"Non Basis",0,1.26
kabupaten,12,1273,3,2022,0.2665,"Non Basis",4.64,17.41
kabupaten,12,1273,4,2022,0.9316,"Non Basis",0.13,0.14
kabupaten,12,1273,5,2022,3.2345,Basis,0.32,0.1
kabupaten,12,1273,6,2022,0.9031,"Non Basis",11.08,12.27
kabupaten,12,1273,7,2022,1.5145,Basis,27.74,18.31
kabupaten,12,1273,8,2022,2.1376,Basis,9.13,4.27
kabupaten,12,1273,9,2022,2.3553,Basis,5.24,2.22
kabupaten,12,1273,10,2022,0.5398,"Non Basis",1.76,3.26
kabupaten,12,1273,11,2022,0.8901,"Non Basis",2.58,2.9
kabupaten,12,1273,12,2022,1.0768,Basis,4.66,4.32
kabupaten,12,1273,13,2022,0.6314,"Non Basis",0.56,0.89
kabupaten,12,1273,14,2022,2.2342,Basis,7.03,3.15
kabupaten,12,1273,15,2022,2.4028,Basis,5.03,2.1
kabupaten,12,1273,16,2022,1.3705,Basis,1.28,0.93
kabupaten,12,1273,17,2022,0.7156,"Non Basis",0.37,0.52
kabupaten,12,1273,1,2023,0.7115,"Non Basis",18.11,25.45
kabupaten,12,1273,2,2023,0.0021,"Non Basis",0,1.25
kabupaten,12,1273,3,2023,0.2696,"Non Basis",4.63,17.16
kabupaten,12,1273,4,2023,0.939,"Non Basis",0.13,0.14
kabupaten,12,1273,5,2023,3.2421,Basis,0.31,0.1
kabupaten,12,1273,6,2023,0.889,"Non Basis",11.05,12.43
kabupaten,12,1273,7,2023,1.5189,Basis,28.03,18.45
kabupaten,12,1273,8,2023,2.0341,Basis,9.35,4.6
kabupaten,12,1273,9,2023,2.2845,Basis,5.33,2.33
kabupaten,12,1273,10,2023,0.5194,"Non Basis",1.74,3.35
kabupaten,12,1273,11,2023,0.8899,"Non Basis",2.59,2.91
kabupaten,12,1273,12,2023,1.077,Basis,4.58,4.25
kabupaten,12,1273,13,2023,0.6202,"Non Basis",0.56,0.91
kabupaten,12,1273,14,2023,2.264,Basis,6.91,3.05
kabupaten,12,1273,15,2023,2.3418,Basis,5.02,2.14
kabupaten,12,1273,16,2023,1.3681,Basis,1.29,0.94
kabupaten,12,1273,17,2023,0.6852,"Non Basis",0.37,0.54
kabupaten,12,1273,1,2024,0.7117,"Non Basis",17.88,25.13
kabupaten,12,1273,2,2024,0.002,"Non Basis",0,1.24
kabupaten,12,1273,3,2024,0.2709,"Non Basis",4.63,17.09
kabupaten,12,1273,4,2024,0.9406,"Non Basis",0.13,0.14
kabupaten,12,1273,5,2024,3.2603,Basis,0.31,0.09
kabupaten,12,1273,6,2024,0.8681,"Non Basis",10.95,12.61
kabupaten,12,1273,7,2024,1.5395,Basis,28.25,18.35
kabupaten,12,1273,8,2024,2.032,Basis,9.46,4.66
kabupaten,12,1273,9,2024,2.1742,Basis,5.41,2.49
kabupaten,12,1273,10,2024,0.4933,"Non Basis",1.69,3.42
kabupaten,12,1273,11,2024,0.91,"Non Basis",2.62,2.88
kabupaten,12,1273,12,2024,1.0546,Basis,4.5,4.26
kabupaten,12,1273,13,2024,0.6226,"Non Basis",0.57,0.91
kabupaten,12,1273,14,2024,2.2427,Basis,6.92,3.08
kabupaten,12,1273,15,2024,2.3294,Basis,5.02,2.16
kabupaten,12,1273,16,2024,1.3739,Basis,1.3,0.94
kabupaten,12,1273,17,2024,0.6774,"Non Basis",0.37,0.55
kabupaten,12,1273,1,2025,0.6827,"Non Basis",17.48,25.6
kabupaten,12,1273,2,2025,0.002,"Non Basis",0,1.22
kabupaten,12,1273,3,2025,0.2688,"Non Basis",4.62,17.18
kabupaten,12,1273,4,2025,0.9011,"Non Basis",0.12,0.14
kabupaten,12,1273,5,2025,3.0591,Basis,0.3,0.1
kabupaten,12,1273,6,2025,0.8673,"Non Basis",10.62,12.24
kabupaten,12,1273,7,2025,1.5212,Basis,28.78,18.92
kabupaten,12,1273,8,2025,2.801,Basis,9.73,3.47
kabupaten,12,1273,9,2025,2.1696,Basis,5.47,2.52
kabupaten,12,1273,10,2025,0.4715,"Non Basis",1.67,3.54
kabupaten,12,1273,11,2025,0.8932,"Non Basis",2.58,2.89
kabupaten,12,1273,12,2025,0.9963,"Non Basis",4.48,4.5
kabupaten,12,1273,13,2025,0.5888,"Non Basis",0.57,0.97
kabupaten,12,1273,14,2025,2.2781,Basis,6.78,2.98
kabupaten,12,1273,15,2025,2.3216,Basis,5.06,2.18
kabupaten,12,1273,16,2025,1.3523,Basis,1.34,0.99
kabupaten,12,1273,17,2025,0.6999,"Non Basis",0.39,0.55
kabupaten,12,1274,1,2021,0.622,"Non Basis",16.08,25.86
kabupaten,12,1274,2,2021,1.6578,Basis,2.14,1.29
kabupaten,12,1274,3,2021,1.1118,Basis,19.88,17.88
kabupaten,12,1274,4,2021,5.0756,Basis,0.73,0.14
kabupaten,12,1274,5,2021,1.7292,Basis,0.18,0.1
kabupaten,12,1274,6,2021,1.1574,Basis,14.43,12.47
kabupaten,12,1274,7,2021,1.2467,Basis,22.44,18
kabupaten,12,1274,8,2021,1.5215,Basis,6.02,3.96
kabupaten,12,1274,9,2021,1.1023,Basis,2.39,2.17
kabupaten,12,1274,10,2021,0.4076,"Non Basis",1.29,3.17
kabupaten,12,1274,11,2021,0.611,"Non Basis",1.79,2.92
kabupaten,12,1274,12,2021,0.7423,"Non Basis",3.22,4.33
kabupaten,12,1274,13,2021,0.3614,"Non Basis",0.31,0.86
kabupaten,12,1274,14,2021,1.7,Basis,5.64,3.32
kabupaten,12,1274,15,2021,0.7919,"Non Basis",1.65,2.09
kabupaten,12,1274,16,2021,0.8223,"Non Basis",0.76,0.93
kabupaten,12,1274,17,2021,2.068,Basis,1.04,0.5
kabupaten,12,1274,1,2022,0.609,"Non Basis",15.79,25.93
kabupaten,12,1274,2,2022,1.6672,Basis,2.11,1.26
kabupaten,12,1274,3,2022,1.1294,Basis,19.67,17.41
kabupaten,12,1274,4,2022,5.195,Basis,0.75,0.14
kabupaten,12,1274,5,2022,1.7251,Basis,0.17,0.1
kabupaten,12,1274,6,2022,1.155,Basis,14.17,12.27
kabupaten,12,1274,7,2022,1.2706,Basis,23.27,18.31
kabupaten,12,1274,8,2022,1.4485,Basis,6.18,4.27
kabupaten,12,1274,9,2022,1.096,Basis,2.44,2.22
kabupaten,12,1274,10,2022,0.4015,"Non Basis",1.31,3.26
kabupaten,12,1274,11,2022,0.6153,"Non Basis",1.78,2.9
kabupaten,12,1274,12,2022,0.7371,"Non Basis",3.19,4.32
kabupaten,12,1274,13,2022,0.3589,"Non Basis",0.32,0.89
kabupaten,12,1274,14,2022,1.6944,Basis,5.33,3.15
kabupaten,12,1274,15,2022,0.8033,"Non Basis",1.68,2.1
kabupaten,12,1274,16,2022,0.831,"Non Basis",0.77,0.93
kabupaten,12,1274,17,2022,2.0395,Basis,1.06,0.52
kabupaten,12,1274,1,2023,0.609,"Non Basis",15.5,25.45
kabupaten,12,1274,2,2023,1.6671,Basis,2.08,1.25
kabupaten,12,1274,3,2023,1.1426,Basis,19.6,17.16
kabupaten,12,1274,4,2023,5.1478,Basis,0.72,0.14
kabupaten,12,1274,5,2023,1.7288,Basis,0.17,0.1
kabupaten,12,1274,6,2023,1.1354,Basis,14.12,12.43
kabupaten,12,1274,7,2023,1.2651,Basis,23.34,18.45
kabupaten,12,1274,8,2023,1.3586,Basis,6.24,4.6
kabupaten,12,1274,9,2023,1.0755,Basis,2.51,2.33
kabupaten,12,1274,10,2023,0.3932,"Non Basis",1.32,3.35
kabupaten,12,1274,11,2023,0.6141,"Non Basis",1.79,2.91
kabupaten,12,1274,12,2023,0.7413,"Non Basis",3.15,4.25
kabupaten,12,1274,13,2023,0.353,"Non Basis",0.32,0.91
kabupaten,12,1274,14,2023,1.8297,Basis,5.59,3.05
kabupaten,12,1274,15,2023,0.7944,"Non Basis",1.7,2.14
kabupaten,12,1274,16,2023,0.8052,"Non Basis",0.76,0.94
kabupaten,12,1274,17,2023,2.0165,Basis,1.09,0.54
kabupaten,12,1274,1,2024,0.5878,"Non Basis",14.77,25.13
kabupaten,12,1274,2,2024,1.6527,Basis,2.04,1.24
kabupaten,12,1274,3,2024,1.1846,Basis,20.24,17.09
kabupaten,12,1274,4,2024,5.2813,Basis,0.72,0.14
kabupaten,12,1274,5,2024,1.7535,Basis,0.17,0.09
kabupaten,12,1274,6,2024,1.1271,Basis,14.21,12.61
kabupaten,12,1274,7,2024,1.2835,Basis,23.55,18.35
kabupaten,12,1274,8,2024,1.3437,Basis,6.26,4.66
kabupaten,12,1274,9,2024,1.0105,Basis,2.51,2.49
kabupaten,12,1274,10,2024,0.3844,"Non Basis",1.32,3.42
kabupaten,12,1274,11,2024,0.6024,"Non Basis",1.74,2.88
kabupaten,12,1274,12,2024,0.7261,"Non Basis",3.1,4.26
kabupaten,12,1274,13,2024,0.3471,"Non Basis",0.32,0.91
kabupaten,12,1274,14,2024,1.781,Basis,5.49,3.08
kabupaten,12,1274,15,2024,0.7792,"Non Basis",1.68,2.16
kabupaten,12,1274,16,2024,0.8156,"Non Basis",0.77,0.94
kabupaten,12,1274,17,2024,2.0238,Basis,1.11,0.55
kabupaten,12,1274,1,2025,0.5579,"Non Basis",14.28,25.6
kabupaten,12,1274,2,2025,1.6401,Basis,2,1.22
kabupaten,12,1274,3,2025,1.1952,Basis,20.53,17.18
kabupaten,12,1274,4,2025,5.1989,Basis,0.72,0.14
kabupaten,12,1274,5,2025,1.6827,Basis,0.16,0.1
kabupaten,12,1274,6,2025,1.1187,Basis,13.7,12.24
kabupaten,12,1274,7,2025,1.2813,Basis,24.24,18.92
kabupaten,12,1274,8,2025,1.8635,Basis,6.47,3.47
kabupaten,12,1274,9,2025,1.0207,Basis,2.58,2.52
kabupaten,12,1274,10,2025,0.3682,"Non Basis",1.3,3.54
kabupaten,12,1274,11,2025,0.591,"Non Basis",1.71,2.89
kabupaten,12,1274,12,2025,0.7027,"Non Basis",3.16,4.5
kabupaten,12,1274,13,2025,0.3277,"Non Basis",0.32,0.97
kabupaten,12,1274,14,2025,1.762,Basis,5.25,2.98
kabupaten,12,1274,15,2025,0.7735,"Non Basis",1.69,2.18
kabupaten,12,1274,16,2025,0.7774,"Non Basis",0.77,0.99
kabupaten,12,1274,17,2025,2.0336,Basis,1.12,0.55
kabupaten,12,1275,1,2021,0.121,"Non Basis",3.13,25.86
kabupaten,12,1275,2,2021,2.3233,Basis,3,1.29
kabupaten,12,1275,3,2021,0.5954,"Non Basis",10.65,17.88
kabupaten,12,1275,4,2021,1.2331,Basis,0.18,0.14
kabupaten,12,1275,5,2021,1.1819,Basis,0.12,0.1
kabupaten,12,1275,6,2021,0.931,"Non Basis",11.61,12.47
kabupaten,12,1275,7,2021,1.712,Basis,30.81,18
kabupaten,12,1275,8,2021,1.9488,Basis,7.71,3.96
kabupaten,12,1275,9,2021,2.5784,Basis,5.6,2.17
kabupaten,12,1275,10,2021,1.137,Basis,3.61,3.17
kabupaten,12,1275,11,2021,1.1445,Basis,3.35,2.92
kabupaten,12,1275,12,2021,1.6545,Basis,7.17,4.33
kabupaten,12,1275,13,2021,0.8268,"Non Basis",0.71,0.86
kabupaten,12,1275,14,2021,1.8185,Basis,6.03,3.32
kabupaten,12,1275,15,2021,2.3223,Basis,4.85,2.09
kabupaten,12,1275,16,2021,1.0464,Basis,0.97,0.93
kabupaten,12,1275,17,2021,1.0079,Basis,0.5,0.5
kabupaten,12,1275,1,2022,0.119,"Non Basis",3.09,25.93
kabupaten,12,1275,2,2022,2.3288,Basis,2.95,1.26
kabupaten,12,1275,3,2022,0.6036,"Non Basis",10.51,17.41
kabupaten,12,1275,4,2022,1.2602,Basis,0.18,0.14
kabupaten,12,1275,5,2022,1.1701,Basis,0.12,0.1
kabupaten,12,1275,6,2022,0.9124,"Non Basis",11.19,12.27
kabupaten,12,1275,7,2022,1.7032,Basis,31.19,18.31
kabupaten,12,1275,8,2022,1.8347,Basis,7.83,4.27
kabupaten,12,1275,9,2022,2.6478,Basis,5.89,2.22
kabupaten,12,1275,10,2022,1.1395,Basis,3.72,3.26
kabupaten,12,1275,11,2022,1.1692,Basis,3.39,2.9
kabupaten,12,1275,12,2022,1.6698,Basis,7.22,4.32
kabupaten,12,1275,13,2022,0.8163,"Non Basis",0.73,0.89
kabupaten,12,1275,14,2022,1.8332,Basis,5.77,3.15
kabupaten,12,1275,15,2022,2.2705,Basis,4.76,2.1
kabupaten,12,1275,16,2022,1.046,Basis,0.97,0.93
kabupaten,12,1275,17,2022,0.957,"Non Basis",0.5,0.52
kabupaten,12,1275,1,2023,0.1191,"Non Basis",3.03,25.45
kabupaten,12,1275,2,2023,2.2921,Basis,2.86,1.25
kabupaten,12,1275,3,2023,0.6039,"Non Basis",10.36,17.16
kabupaten,12,1275,4,2023,1.2918,Basis,0.18,0.14
kabupaten,12,1275,5,2023,1.1702,Basis,0.11,0.1
kabupaten,12,1275,6,2023,0.8852,"Non Basis",11,12.43
kabupaten,12,1275,7,2023,1.7032,Basis,31.43,18.45
kabupaten,12,1275,8,2023,1.7609,Basis,8.09,4.6
kabupaten,12,1275,9,2023,2.636,Basis,6.15,2.33
kabupaten,12,1275,10,2023,1.1238,Basis,3.76,3.35
kabupaten,12,1275,11,2023,1.156,Basis,3.37,2.91
kabupaten,12,1275,12,2023,1.673,Basis,7.11,4.25
kabupaten,12,1275,13,2023,0.8147,"Non Basis",0.74,0.91
kabupaten,12,1275,14,2023,1.8271,Basis,5.58,3.05
kabupaten,12,1275,15,2023,2.2209,Basis,4.76,2.14
kabupaten,12,1275,16,2023,1.031,Basis,0.97,0.94
kabupaten,12,1275,17,2023,0.9076,"Non Basis",0.49,0.54
kabupaten,12,1275,1,2024,0.1198,"Non Basis",3.01,25.13
kabupaten,12,1275,2,2024,2.136,Basis,2.64,1.24
kabupaten,12,1275,3,2024,0.599,"Non Basis",10.24,17.09
kabupaten,12,1275,4,2024,1.2979,Basis,0.18,0.14
kabupaten,12,1275,5,2024,1.1507,Basis,0.11,0.09
kabupaten,12,1275,6,2024,0.8597,"Non Basis",10.84,12.61
kabupaten,12,1275,7,2024,1.7282,Basis,31.71,18.35
kabupaten,12,1275,8,2024,1.7945,Basis,8.36,4.66
kabupaten,12,1275,9,2024,2.596,Basis,6.46,2.49
kabupaten,12,1275,10,2024,1.1279,Basis,3.86,3.42
kabupaten,12,1275,11,2024,1.1427,Basis,3.29,2.88
kabupaten,12,1275,12,2024,1.6253,Basis,6.93,4.26
kabupaten,12,1275,13,2024,0.8099,"Non Basis",0.74,0.91
kabupaten,12,1275,14,2024,1.7684,Basis,5.45,3.08
kabupaten,12,1275,15,2024,2.1902,Basis,4.72,2.16
kabupaten,12,1275,16,2024,1.026,Basis,0.97,0.94
kabupaten,12,1275,17,2024,0.9004,"Non Basis",0.5,0.55
kabupaten,12,1275,1,2025,0.1211,"Non Basis",3.1,25.6
kabupaten,12,1275,2,2025,2.0158,Basis,2.46,1.22
kabupaten,12,1275,3,2025,0.5885,"Non Basis",10.11,17.18
kabupaten,12,1275,4,2025,1.2542,Basis,0.17,0.14
kabupaten,12,1275,5,2025,1.1216,Basis,0.11,0.1
kabupaten,12,1275,6,2025,0.8468,"Non Basis",10.37,12.24
kabupaten,12,1275,7,2025,1.6969,Basis,32.1,18.92
kabupaten,12,1275,8,2025,2.5506,Basis,8.86,3.47
kabupaten,12,1275,9,2025,2.5716,Basis,6.49,2.52
kabupaten,12,1275,10,2025,1.1006,Basis,3.9,3.54
kabupaten,12,1275,11,2025,1.1023,Basis,3.18,2.89
kabupaten,12,1275,12,2025,1.5799,Basis,7.11,4.5
kabupaten,12,1275,13,2025,0.7762,"Non Basis",0.76,0.97
kabupaten,12,1275,14,2025,1.7133,Basis,5.1,2.98
kabupaten,12,1275,15,2025,2.1532,Basis,4.7,2.18
kabupaten,12,1275,16,2025,0.9926,"Non Basis",0.99,0.99
kabupaten,12,1275,17,2025,0.9071,"Non Basis",0.5,0.55
kabupaten,12,1276,1,2021,0.4868,"Non Basis",12.59,25.86
kabupaten,12,1276,2,2021,0.1176,"Non Basis",0.15,1.29
kabupaten,12,1276,3,2021,0.6166,"Non Basis",11.03,17.88
kabupaten,12,1276,4,2021,1.251,Basis,0.18,0.14
kabupaten,12,1276,5,2021,2.0429,Basis,0.21,0.1
kabupaten,12,1276,6,2021,1.0345,Basis,12.9,12.47
kabupaten,12,1276,7,2021,1.185,Basis,21.33,18
kabupaten,12,1276,8,2021,1.7688,Basis,7,3.96
kabupaten,12,1276,9,2021,1.7865,Basis,3.88,2.17
kabupaten,12,1276,10,2021,0.8254,"Non Basis",2.62,3.17
kabupaten,12,1276,11,2021,1.496,Basis,4.38,2.92
kabupaten,12,1276,12,2021,1.647,Basis,7.14,4.33
kabupaten,12,1276,13,2021,0.4295,"Non Basis",0.37,0.86
kabupaten,12,1276,14,2021,2.646,Basis,8.78,3.32
kabupaten,12,1276,15,2021,2.6487,Basis,5.53,2.09
kabupaten,12,1276,16,2021,1.1231,Basis,1.04,0.93
kabupaten,12,1276,17,2021,1.7704,Basis,0.89,0.5
kabupaten,12,1276,1,2022,0.0547,"Non Basis",1.42,25.93
kabupaten,12,1276,2,2022,0.1348,"Non Basis",0.17,1.26
kabupaten,12,1276,3,2022,0.695,"Non Basis",12.1,17.41
kabupaten,12,1276,4,2022,1.4166,Basis,0.2,0.14
kabupaten,12,1276,5,2022,2.3478,Basis,0.23,0.1
kabupaten,12,1276,6,2022,1.1652,Basis,14.3,12.27
kabupaten,12,1276,7,2022,1.3143,Basis,24.07,18.31
kabupaten,12,1276,8,2022,1.9438,Basis,8.3,4.27
kabupaten,12,1276,9,2022,2.0429,Basis,4.54,2.22
kabupaten,12,1276,10,2022,0.9525,"Non Basis",3.11,3.26
kabupaten,12,1276,11,2022,1.7044,Basis,4.94,2.9
kabupaten,12,1276,12,2022,1.8729,Basis,8.1,4.32
kabupaten,12,1276,13,2022,0.4748,"Non Basis",0.42,0.89
kabupaten,12,1276,14,2022,3.0293,Basis,9.53,3.15
kabupaten,12,1276,15,2022,3.0012,Basis,6.29,2.1
kabupaten,12,1276,16,2022,1.3248,Basis,1.23,0.93
kabupaten,12,1276,17,2022,2.0064,Basis,1.04,0.52
kabupaten,12,1276,1,2023,0.0552,"Non Basis",1.41,25.45
kabupaten,12,1276,2,2023,0.1376,"Non Basis",0.17,1.25
kabupaten,12,1276,3,2023,0.6748,"Non Basis",11.58,17.16
kabupaten,12,1276,4,2023,1.4102,Basis,0.2,0.14
kabupaten,12,1276,5,2023,2.3519,Basis,0.23,0.1
kabupaten,12,1276,6,2023,1.1374,Basis,14.14,12.43
kabupaten,12,1276,7,2023,1.3073,Basis,24.12,18.45
kabupaten,12,1276,8,2023,1.8425,Basis,8.47,4.6
kabupaten,12,1276,9,2023,1.9738,Basis,4.61,2.33
kabupaten,12,1276,10,2023,0.9649,"Non Basis",3.23,3.35
kabupaten,12,1276,11,2023,1.7169,Basis,5,2.91
kabupaten,12,1276,12,2023,1.9026,Basis,8.09,4.25
kabupaten,12,1276,13,2023,0.4857,"Non Basis",0.44,0.91
kabupaten,12,1276,14,2023,3.0978,Basis,9.46,3.05
kabupaten,12,1276,15,2023,3.0362,Basis,6.51,2.14
kabupaten,12,1276,16,2023,1.341,Basis,1.26,0.94
kabupaten,12,1276,17,2023,2.023,Basis,1.1,0.54
kabupaten,12,1276,1,2024,0.0543,"Non Basis",1.37,25.13
kabupaten,12,1276,2,2024,0.1368,"Non Basis",0.17,1.24
kabupaten,12,1276,3,2024,0.6427,"Non Basis",10.98,17.09
kabupaten,12,1276,4,2024,1.4247,Basis,0.2,0.14
kabupaten,12,1276,5,2024,2.3818,Basis,0.23,0.09
kabupaten,12,1276,6,2024,1.0994,Basis,13.86,12.61
kabupaten,12,1276,7,2024,1.3521,Basis,24.81,18.35
kabupaten,12,1276,8,2024,1.801,Basis,8.39,4.66
kabupaten,12,1276,9,2024,1.9054,Basis,4.74,2.49
kabupaten,12,1276,10,2024,0.9616,"Non Basis",3.29,3.42
kabupaten,12,1276,11,2024,1.7486,Basis,5.04,2.88
kabupaten,12,1276,12,2024,1.8947,Basis,8.08,4.26
kabupaten,12,1276,13,2024,0.4867,"Non Basis",0.44,0.91
kabupaten,12,1276,14,2024,3.0732,Basis,9.48,3.08
kabupaten,12,1276,15,2024,3.026,Basis,6.52,2.16
kabupaten,12,1276,16,2024,1.3576,Basis,1.28,0.94
kabupaten,12,1276,17,2024,2.0488,Basis,1.13,0.55
kabupaten,12,1276,1,2025,0.0533,"Non Basis",1.36,25.6
kabupaten,12,1276,2,2025,0.1357,"Non Basis",0.17,1.22
kabupaten,12,1276,3,2025,0.6253,"Non Basis",10.74,17.18
kabupaten,12,1276,4,2025,1.376,Basis,0.19,0.14
kabupaten,12,1276,5,2025,2.2012,Basis,0.21,0.1
kabupaten,12,1276,6,2025,1.13,Basis,13.84,12.24
kabupaten,12,1276,7,2025,1.357,Basis,25.67,18.92
kabupaten,12,1276,8,2025,2.3932,Basis,8.31,3.47
kabupaten,12,1276,9,2025,1.9217,Basis,4.85,2.52
kabupaten,12,1276,10,2025,0.9177,"Non Basis",3.25,3.54
kabupaten,12,1276,11,2025,1.703,Basis,4.91,2.89
kabupaten,12,1276,12,2025,1.7735,Basis,7.98,4.5
kabupaten,12,1276,13,2025,0.4448,"Non Basis",0.43,0.97
kabupaten,12,1276,14,2025,3.0789,Basis,9.17,2.98
kabupaten,12,1276,15,2025,2.9691,Basis,6.48,2.18
kabupaten,12,1276,16,2025,1.2868,Basis,1.28,0.99
kabupaten,12,1276,17,2025,2.0892,Basis,1.15,0.55
kabupaten,12,1277,1,2021,0.4497,"Non Basis",11.63,25.86
kabupaten,12,1277,2,2021,0.3561,"Non Basis",0.46,1.29
kabupaten,12,1277,3,2021,0.2087,"Non Basis",3.73,17.88
kabupaten,12,1277,4,2021,1.6736,Basis,0.24,0.14
kabupaten,12,1277,5,2021,2.0629,Basis,0.21,0.1
kabupaten,12,1277,6,2021,0.9525,"Non Basis",11.88,12.47
kabupaten,12,1277,7,2021,1.2664,Basis,22.79,18
kabupaten,12,1277,8,2021,1.6506,Basis,6.53,3.96
kabupaten,12,1277,9,2021,2.8579,Basis,6.2,2.17
kabupaten,12,1277,10,2021,1.1256,Basis,3.57,3.17
kabupaten,12,1277,11,2021,1.8975,Basis,5.55,2.92
kabupaten,12,1277,12,2021,0.9623,"Non Basis",4.17,4.33
kabupaten,12,1277,13,2021,0.5557,"Non Basis",0.48,0.86
kabupaten,12,1277,14,2021,2.8396,Basis,9.42,3.32
kabupaten,12,1277,15,2021,5.4925,Basis,11.46,2.09
kabupaten,12,1277,16,2021,1.3151,Basis,1.22,0.93
kabupaten,12,1277,17,2021,0.8807,"Non Basis",0.44,0.5
kabupaten,12,1277,1,2022,0.4439,"Non Basis",11.51,25.93
kabupaten,12,1277,2,2022,0.3606,"Non Basis",0.46,1.26
kabupaten,12,1277,3,2022,0.2097,"Non Basis",3.65,17.41
kabupaten,12,1277,4,2022,1.6723,Basis,0.24,0.14
kabupaten,12,1277,5,2022,2.0538,Basis,0.2,0.1
kabupaten,12,1277,6,2022,0.9617,"Non Basis",11.8,12.27
kabupaten,12,1277,7,2022,1.2547,Basis,22.98,18.31
kabupaten,12,1277,8,2022,1.5724,Basis,6.71,4.27
kabupaten,12,1277,9,2022,2.942,Basis,6.54,2.22
kabupaten,12,1277,10,2022,1.1346,Basis,3.7,3.26
kabupaten,12,1277,11,2022,1.8837,Basis,5.46,2.9
kabupaten,12,1277,12,2022,0.958,"Non Basis",4.14,4.32
kabupaten,12,1277,13,2022,0.5289,"Non Basis",0.47,0.89
kabupaten,12,1277,14,2022,2.8422,Basis,8.94,3.15
kabupaten,12,1277,15,2022,5.4994,Basis,11.52,2.1
kabupaten,12,1277,16,2022,1.3035,Basis,1.21,0.93
kabupaten,12,1277,17,2022,0.8608,"Non Basis",0.45,0.52
kabupaten,12,1277,1,2023,0.4476,"Non Basis",11.39,25.45
kabupaten,12,1277,2,2023,0.3663,"Non Basis",0.46,1.25
kabupaten,12,1277,3,2023,0.2061,"Non Basis",3.54,17.16
kabupaten,12,1277,4,2023,1.6685,Basis,0.23,0.14
kabupaten,12,1277,5,2023,2.0205,Basis,0.2,0.1
kabupaten,12,1277,6,2023,0.9376,"Non Basis",11.66,12.43
kabupaten,12,1277,7,2023,1.2662,Basis,23.36,18.45
kabupaten,12,1277,8,2023,1.4647,Basis,6.73,4.6
kabupaten,12,1277,9,2023,2.8912,Basis,6.75,2.33
kabupaten,12,1277,10,2023,1.1446,Basis,3.83,3.35
kabupaten,12,1277,11,2023,1.8587,Basis,5.41,2.91
kabupaten,12,1277,12,2023,0.9472,"Non Basis",4.03,4.25
kabupaten,12,1277,13,2023,0.4995,"Non Basis",0.45,0.91
kabupaten,12,1277,14,2023,2.7828,Basis,8.5,3.05
kabupaten,12,1277,15,2023,5.5093,Basis,11.8,2.14
kabupaten,12,1277,16,2023,1.2826,Basis,1.21,0.94
kabupaten,12,1277,17,2023,0.8404,"Non Basis",0.46,0.54
kabupaten,12,1277,1,2024,0.4404,"Non Basis",11.07,25.13
kabupaten,12,1277,2,2024,0.3765,"Non Basis",0.47,1.24
kabupaten,12,1277,3,2024,0.2075,"Non Basis",3.55,17.09
kabupaten,12,1277,4,2024,1.669,Basis,0.23,0.14
kabupaten,12,1277,5,2024,2.0232,Basis,0.19,0.09
kabupaten,12,1277,6,2024,0.8538,"Non Basis",10.77,12.61
kabupaten,12,1277,7,2024,1.2913,Basis,23.69,18.35
kabupaten,12,1277,8,2024,1.4765,Basis,6.88,4.66
kabupaten,12,1277,9,2024,2.7926,Basis,6.95,2.49
kabupaten,12,1277,10,2024,1.1405,Basis,3.91,3.42
kabupaten,12,1277,11,2024,1.8968,Basis,5.46,2.88
kabupaten,12,1277,12,2024,0.9528,"Non Basis",4.06,4.26
kabupaten,12,1277,13,2024,0.5009,"Non Basis",0.46,0.91
kabupaten,12,1277,14,2024,2.8074,Basis,8.66,3.08
kabupaten,12,1277,15,2024,5.5668,Basis,12,2.16
kabupaten,12,1277,16,2024,1.2847,Basis,1.21,0.94
kabupaten,12,1277,17,2024,0.8353,"Non Basis",0.46,0.55
kabupaten,12,1277,1,2025,0.4288,"Non Basis",10.98,25.6
kabupaten,12,1277,2,2025,0.382,"Non Basis",0.47,1.22
kabupaten,12,1277,3,2025,0.205,"Non Basis",3.52,17.18
kabupaten,12,1277,4,2025,1.635,Basis,0.22,0.14
kabupaten,12,1277,5,2025,1.9224,Basis,0.19,0.1
kabupaten,12,1277,6,2025,0.834,"Non Basis",10.21,12.24
kabupaten,12,1277,7,2025,1.2723,Basis,24.07,18.92
kabupaten,12,1277,8,2025,2.0201,Basis,7.02,3.47
kabupaten,12,1277,9,2025,2.7599,Basis,6.96,2.52
kabupaten,12,1277,10,2025,1.1006,Basis,3.9,3.54
kabupaten,12,1277,11,2025,1.8882,Basis,5.45,2.89
kabupaten,12,1277,12,2025,0.8942,"Non Basis",4.02,4.5
kabupaten,12,1277,13,2025,0.4598,"Non Basis",0.45,0.97
kabupaten,12,1277,14,2025,2.8342,Basis,8.44,2.98
kabupaten,12,1277,15,2025,5.7037,Basis,12.44,2.18
kabupaten,12,1277,16,2025,1.22,Basis,1.21,0.99
kabupaten,12,1277,17,2025,0.8133,"Non Basis",0.45,0.55
kabupaten,12,1278,1,2021,0.5582,"Non Basis",14.43,25.86
kabupaten,12,1278,2,2021,2.0277,Basis,2.62,1.29
kabupaten,12,1278,3,2021,0.01,"Non Basis",0.18,17.88
kabupaten,12,1278,4,2021,0.8403,"Non Basis",0.12,0.14
kabupaten,12,1278,5,2021,1.0372,Basis,0.11,0.1
kabupaten,12,1278,6,2021,1.5749,Basis,19.64,12.47
kabupaten,12,1278,7,2021,1.6203,Basis,29.16,18
kabupaten,12,1278,8,2021,2.0568,Basis,8.14,3.96
kabupaten,12,1278,9,2021,1.6522,Basis,3.59,2.17
kabupaten,12,1278,10,2021,0.7572,"Non Basis",2.4,3.17
kabupaten,12,1278,11,2021,1.1108,Basis,3.25,2.92
kabupaten,12,1278,12,2021,1.0726,Basis,4.65,4.33
kabupaten,12,1278,13,2021,0.3247,"Non Basis",0.28,0.86
kabupaten,12,1278,14,2021,1.3979,Basis,4.64,3.32
kabupaten,12,1278,15,2021,2.7876,Basis,5.82,2.09
kabupaten,12,1278,16,2021,0.7148,"Non Basis",0.66,0.93
kabupaten,12,1278,17,2021,0.6267,"Non Basis",0.31,0.5
kabupaten,12,1278,1,2022,0.5519,"Non Basis",14.31,25.93
kabupaten,12,1278,2,2022,2.0534,Basis,2.6,1.26
kabupaten,12,1278,3,2022,0.0103,"Non Basis",0.18,17.41
kabupaten,12,1278,4,2022,0.8526,"Non Basis",0.12,0.14
kabupaten,12,1278,5,2022,1.0422,Basis,0.1,0.1
kabupaten,12,1278,6,2022,1.5667,Basis,19.22,12.27
kabupaten,12,1278,7,2022,1.5987,Basis,29.28,18.31
kabupaten,12,1278,8,2022,1.9839,Basis,8.47,4.27
kabupaten,12,1278,9,2022,1.6612,Basis,3.69,2.22
kabupaten,12,1278,10,2022,0.7636,"Non Basis",2.49,3.26
kabupaten,12,1278,11,2022,1.1293,Basis,3.27,2.9
kabupaten,12,1278,12,2022,1.0744,Basis,4.65,4.32
kabupaten,12,1278,13,2022,0.3165,"Non Basis",0.28,0.89
kabupaten,12,1278,14,2022,1.4301,Basis,4.5,3.15
kabupaten,12,1278,15,2022,2.7816,Basis,5.83,2.1
kabupaten,12,1278,16,2022,0.7269,"Non Basis",0.68,0.93
kabupaten,12,1278,17,2022,0.6183,"Non Basis",0.32,0.52
kabupaten,12,1278,1,2023,0.5533,"Non Basis",14.08,25.45
kabupaten,12,1278,2,2023,2.0645,Basis,2.57,1.25
kabupaten,12,1278,3,2023,0.0106,"Non Basis",0.18,17.16
kabupaten,12,1278,4,2023,0.8716,"Non Basis",0.12,0.14
kabupaten,12,1278,5,2023,1.0477,Basis,0.1,0.1
kabupaten,12,1278,6,2023,1.522,Basis,18.92,12.43
kabupaten,12,1278,7,2023,1.5943,Basis,29.42,18.45
kabupaten,12,1278,8,2023,1.9249,Basis,8.84,4.6
kabupaten,12,1278,9,2023,1.6257,Basis,3.79,2.33
kabupaten,12,1278,10,2023,0.752,"Non Basis",2.52,3.35
kabupaten,12,1278,11,2023,1.1401,Basis,3.32,2.91
kabupaten,12,1278,12,2023,1.0806,Basis,4.59,4.25
kabupaten,12,1278,13,2023,0.3121,"Non Basis",0.28,0.91
kabupaten,12,1278,14,2023,1.462,Basis,4.46,3.05
kabupaten,12,1278,15,2023,2.6986,Basis,5.78,2.14
kabupaten,12,1278,16,2023,0.7151,"Non Basis",0.67,0.94
kabupaten,12,1278,17,2023,0.6023,"Non Basis",0.33,0.54
kabupaten,12,1278,1,2024,0.5504,"Non Basis",13.83,25.13
kabupaten,12,1278,2,2024,2.0509,Basis,2.53,1.24
kabupaten,12,1278,3,2024,0.0107,"Non Basis",0.18,17.09
kabupaten,12,1278,4,2024,0.8886,"Non Basis",0.12,0.14
kabupaten,12,1278,5,2024,1.055,Basis,0.1,0.09
kabupaten,12,1278,6,2024,1.5017,Basis,18.93,12.61
kabupaten,12,1278,7,2024,1.6166,Basis,29.66,18.35
kabupaten,12,1278,8,2024,1.9146,Basis,8.92,4.66
kabupaten,12,1278,9,2024,1.5289,Basis,3.8,2.49
kabupaten,12,1278,10,2024,0.7381,"Non Basis",2.53,3.42
kabupaten,12,1278,11,2024,1.1508,Basis,3.32,2.88
kabupaten,12,1278,12,2024,1.0718,Basis,4.57,4.26
kabupaten,12,1278,13,2024,0.3116,"Non Basis",0.28,0.91
kabupaten,12,1278,14,2024,1.4593,Basis,4.5,3.08
kabupaten,12,1278,15,2024,2.6483,Basis,5.71,2.16
kabupaten,12,1278,16,2024,0.724,"Non Basis",0.68,0.94
kabupaten,12,1278,17,2024,0.5905,"Non Basis",0.32,0.55
kabupaten,12,1278,1,2025,0.5306,"Non Basis",13.58,25.6
kabupaten,12,1278,2,2025,2.0711,Basis,2.53,1.22
kabupaten,12,1278,3,2025,0.0108,"Non Basis",0.19,17.18
kabupaten,12,1278,4,2025,0.8669,"Non Basis",0.12,0.14
kabupaten,12,1278,5,2025,1.007,Basis,0.1,0.1
kabupaten,12,1278,6,2025,1.4928,Basis,18.28,12.24
kabupaten,12,1278,7,2025,1.6102,Basis,30.46,18.92
kabupaten,12,1278,8,2025,2.6058,Basis,9.05,3.47
kabupaten,12,1278,9,2025,1.559,Basis,3.93,2.52
kabupaten,12,1278,10,2025,0.6782,"Non Basis",2.4,3.54
kabupaten,12,1278,11,2025,1.1548,Basis,3.33,2.89
kabupaten,12,1278,12,2025,1.0283,Basis,4.63,4.5
kabupaten,12,1278,13,2025,0.2945,"Non Basis",0.29,0.97
kabupaten,12,1278,14,2025,1.4495,Basis,4.32,2.98
kabupaten,12,1278,15,2025,2.6468,Basis,5.77,2.18
kabupaten,12,1278,16,2025,0.6993,"Non Basis",0.69,0.99
kabupaten,12,1278,17,2025,0.5987,"Non Basis",0.33,0.55
